shadow_name,subset,target,best_iou,mean_iou,std_iou,min_iou,n_runs,best_run,n_robots,arm_gap_m,seconds,best_iou_vs_original,mean_iou_vs_original,fit_scale,fit_dx,fit_dy,uncastable_before,uncastable_after,best_shadow_png,q_rad_json,a_rot_deg,a_pitch_deg,a_elbow_deg,a_wristpitch_deg,a_wristroll_deg,a_grip_deg,b_rot_deg,b_pitch_deg,b_elbow_deg,b_wristpitch_deg,b_wristroll_deg,b_grip_deg,c_rot_deg,c_pitch_deg,c_elbow_deg,c_wristpitch_deg,c_wristroll_deg,c_grip_deg
abstract/device4_mpeg7-01,abstract,targets/abstract/device4_mpeg7-01.png,0.9071,0.8671,0.0285,0.7963,10,3,3,0.2,65.2,0.2953,0.2826,0.7346,-16.09,28.16,0.18887,0.28819,abstract/device4_mpeg7-01/device4_mpeg7-01_best.png,"[0.714476, -1.472558, 0.702583, 1.65806, -0.067949, 0.27336, -0.134342, -1.488114, 1.160952, 1.426779, 2.219497, 1.469389, 0.681667, -1.140347, 0.252747, 1.65806, -1.549962, 1.744752]",40.94,-84.37,40.26,95.0,-3.89,15.66,-7.7,-85.26,66.52,81.75,127.17,84.19,39.06,-65.34,14.48,95.0,-88.81,99.97
abstract/device4_mpeg7-03,abstract,targets/abstract/device4_mpeg7-03.png,0.8966,0.835,0.0358,0.7879,10,9,3,0.2,65.6,0.3595,0.34,0.8308,-16.09,24.14,0.18425,0.26322,abstract/device4_mpeg7-03/device4_mpeg7-03_best.png,"[0.553757, -1.22033, 0.370684, 1.65806, 2.644965, 1.046107, 0.888449, 0.065714, 1.101257, -1.448455, -2.376093, 0.492221, 1.138927, -1.734171, 0.248863, 0.921299, 0.353871, 1.74533]",31.73,-69.92,21.24,95.0,151.55,59.94,50.9,3.77,63.1,-82.99,-136.14,28.2,65.26,-99.36,14.26,52.79,20.28,100.0
abstract/hcircle_mpeg7-03,abstract,targets/abstract/hcircle_mpeg7-03.png,0.8959,0.8569,0.0319,0.8024,10,4,3,0.2,65.6,0.4065,0.3748,0.7346,0.0,28.16,0.07257,0.05348,abstract/hcircle_mpeg7-03/hcircle_mpeg7-03_best.png,"[-1.1743, -1.574128, -0.301939, 1.65806, 2.78076, 0.572075, 1.909622, 0.174248, -0.396157, 1.509037, 0.83341, 0.617949, 1.585729, -0.314886, -0.103013, 0.926141, 2.684338, 0.182322]",-67.28,-90.19,-17.3,95.0,159.33,32.78,109.41,9.98,-22.7,86.46,47.75,35.41,90.86,-18.04,-5.9,53.06,153.8,10.45
objects/apple_mpeg7-01,objects,targets/objects/apple_mpeg7-01.png,0.8959,0.851,0.0219,0.8188,10,7,3,0.2,64.9,0.2912,0.2742,0.7346,-20.11,28.16,0.13835,0.32238,objects/apple_mpeg7-01/apple_mpeg7-01_best.png,"[1.74247, -0.899737, -1.625933, -1.621088, 2.668993, -0.174533, -1.883362, -0.7946, 0.487733, 1.629139, -2.739258, 1.650231, -1.866936, -1.731755, -0.259733, 1.634353, 2.161691, 0.854649]",99.84,-51.55,-93.16,-92.88,152.92,-10.0,-107.91,-45.53,27.95,93.34,-156.95,94.55,-106.97,-99.22,-14.88,93.64,123.86,48.97
objects/apple_mpeg7-02,objects,targets/objects/apple_mpeg7-02.png,0.8944,0.8355,0.0389,0.7705,10,1,3,0.2,64.6,0.3202,0.2971,0.7346,-20.11,28.16,0.15801,0.29338,objects/apple_mpeg7-02/apple_mpeg7-02_best.png,"[1.698953, -1.11762, -1.067785, -1.65806, 0.225315, 0.364555, -1.858626, -0.489939, 0.054339, 1.551707, 2.357589, 0.021095, 0.942456, 1.54928, -1.61096, -1.475366, -2.352376, 0.095575]",97.34,-64.03,-61.18,-95.0,12.91,20.89,-106.49,-28.07,3.11,88.91,135.08,1.21,54.0,88.77,-92.3,-84.53,-134.78,5.48
abstract/device4_mpeg7-02,abstract,targets/abstract/device4_mpeg7-02.png,0.8941,0.8418,0.0345,0.7828,10,1,3,0.2,64.9,0.371,0.3559,0.9269,-16.09,20.11,0.20507,0.29307,abstract/device4_mpeg7-02/device4_mpeg7-02_best.png,"[0.501056, -1.291207, 0.608914, 1.65806, -1.729555, -0.099126, 0.93287, -0.611129, 1.34131, 0.204982, 0.148217, 1.190944, -1.732038, -1.474682, 0.667308, -1.550666, 0.013294, 1.741994]",28.71,-73.98,34.89,95.0,-99.1,-5.68,53.45,-35.02,76.85,11.74,8.49,68.24,-99.24,-84.49,38.23,-88.85,0.76,99.81
figures/face_mpeg7-04,figures,targets/figures/face_mpeg7-04.png,0.891,0.8476,0.0301,0.7936,10,1,3,0.2,65.5,0.3378,0.3268,0.7346,-8.05,28.16,0.01994,0.1772,figures/face_mpeg7-04/face_mpeg7-04_best.png,"[1.322971, -1.74533, -0.264557, 1.520732, -2.153331, 1.153929, 1.91986, -0.305859, -0.236547, 1.391283, 0.855909, 1.667984, 1.334894, 0.09952, 0.539226, -1.65806, 1.005905, -0.079193]",75.8,-100.0,-15.16,87.13,-123.38,66.12,110.0,-17.52,-13.55,79.71,49.04,95.57,76.48,5.7,30.9,-95.0,57.63,-4.54
objects/bell_mpeg7-05,objects,targets/objects/bell_mpeg7-05.png,0.8898,0.8542,0.0182,0.8335,10,1,3,0.2,64.9,0.3638,0.3368,0.8308,-16.09,24.14,0.15097,0.23152,objects/bell_mpeg7-05/bell_mpeg7-05_best.png,"[1.389057, -1.526123, -0.476236, 1.51542, 0.840048, -0.174533, 1.073912, 0.34976, 0.860014, -1.509615, 2.653631, -0.068696, 0.382509, -1.718506, 1.270926, -0.720675, 0.966749, 0.040698]",79.59,-87.44,-27.29,86.83,48.13,-10.0,61.53,20.04,49.28,-86.49,152.04,-3.94,21.92,-98.46,72.82,-41.29,55.39,2.33
abstract/device9_mpeg7-03,abstract,targets/abstract/device9_mpeg7-03.png,0.888,0.845,0.027,0.7991,10,8,3,0.2,65.2,0.3014,0.2861,0.7346,-20.11,28.16,0.14137,0.28902,abstract/device9_mpeg7-03/device9_mpeg7-03_best.png,"[0.879185, -0.809876, 0.079467, 1.571472, -1.544406, 0.278841, 0.989871, 0.086376, 0.825216, -1.479321, -1.095507, 0.581358, -0.898704, -1.74533, 0.012909, 1.42576, -1.878482, -0.10682]",50.37,-46.4,4.55,90.04,-88.49,15.98,56.72,4.95,47.28,-84.76,-62.77,33.31,-51.49,-100.0,0.74,81.69,-107.63,-6.12
abstract/hcircle_mpeg7-01,abstract,targets/abstract/hcircle_mpeg7-01.png,0.8869,0.8063,0.0463,0.7086,10,5,3,0.2,65.2,0.3627,0.3353,0.7346,4.02,28.16,0.09511,0.03141,abstract/hcircle_mpeg7-01/hcircle_mpeg7-01_best.png,"[1.199161, -1.74533, -0.500146, 1.60512, 1.485486, 0.107525, 1.281415, -1.74533, 0.076585, 1.306701, 2.84121, -0.174533, -1.91986, 0.050246, -0.465753, 1.049033, 2.763421, 1.624211]",68.71,-100.0,-28.66,91.97,85.11,6.16,73.42,-100.0,4.39,74.87,162.79,-10.0,-110.0,2.88,-26.69,60.11,158.33,93.06
abstract/hcircle_mpeg7-02,abstract,targets/abstract/hcircle_mpeg7-02.png,0.8867,0.852,0.0268,0.7983,10,4,3,0.2,65.1,0.3452,0.3242,0.7346,4.02,28.16,0.10778,0.08374,abstract/hcircle_mpeg7-02/hcircle_mpeg7-02_best.png,"[1.060373, -1.588462, -0.322704, 1.65806, 2.810539, 1.74533, -1.91986, -0.105445, 0.747212, -1.502614, -1.327355, 1.74533, 1.392692, -1.74533, 0.625066, 0.496266, 2.40942, 0.069118]",60.75,-91.01,-18.49,95.0,161.03,100.0,-110.0,-6.04,42.81,-86.09,-76.05,100.0,79.8,-100.0,35.81,28.43,138.05,3.96
figures/face_mpeg7-05,figures,targets/figures/face_mpeg7-05.png,0.8865,0.8263,0.0436,0.7387,10,3,3,0.2,65.3,0.3931,0.3192,0.7346,-8.05,28.16,0.02272,0.17972,figures/face_mpeg7-05/face_mpeg7-05_best.png,"[1.259517, -1.42553, -0.159329, 1.65806, 2.785661, 0.866885, -1.91986, -0.815398, 1.223049, -1.65806, -1.486386, 0.139389, 1.256785, -1.047826, 1.281591, -1.10524, 2.84121, 0.550248]",72.17,-81.68,-9.13,95.0,159.61,49.67,-110.0,-46.72,70.08,-95.0,-85.16,7.99,72.01,-60.04,73.43,-63.33,162.79,31.53
abstract/device3_mpeg7-01,abstract,targets/abstract/device3_mpeg7-01.png,0.8838,0.8279,0.043,0.7203,10,4,3,0.2,65.0,0.3022,0.286,0.7346,-24.14,28.16,0.22695,0.25118,abstract/device3_mpeg7-01/device3_mpeg7-01_best.png,"[-1.325492, 0.299201, -0.677968, 1.476104, -0.911383, 0.516146, -0.901604, -1.602023, 0.044863, 1.310211, -2.222199, 1.410423, -0.929269, -0.109688, -0.659206, 1.583509, 0.50211, 1.634423]",-75.95,17.14,-38.84,84.57,-52.22,29.57,-51.66,-91.79,2.57,75.07,-127.32,80.81,-53.24,-6.28,-37.77,90.73,28.77,93.65
objects/bell_mpeg7-02,objects,targets/objects/bell_mpeg7-02.png,0.8832,0.8504,0.03,0.7946,10,8,3,0.2,65.2,0.3382,0.3237,0.8308,-20.11,24.14,0.1505,0.25269,objects/bell_mpeg7-02/bell_mpeg7-02_best.png,"[0.906126, -1.16378, -0.065613, 1.607713, 0.573348, -0.170998, -0.974965, -0.20358, 0.771885, 1.456001, -1.197534, 0.001716, -0.86798, -0.981891, 0.343406, 1.391313, -2.492686, 0.244696]",51.92,-66.68,-3.76,92.12,32.85,-9.8,-55.86,-11.66,44.23,83.42,-68.61,0.1,-49.73,-56.26,19.68,79.72,-142.82,14.02
objects/jar_mpeg7-01,objects,targets/objects/jar_mpeg7-01.png,0.8829,0.8412,0.0222,0.8015,10,4,3,0.2,65.7,0.375,0.3537,0.7346,-4.02,28.16,0.03588,0.15381,objects/jar_mpeg7-01/jar_mpeg7-01_best.png,"[1.293177, -1.725536, -0.376636, 1.636878, 2.696631, 1.12185, 1.91986, -0.7355, -0.001239, 1.49963, 1.807955, 1.613149, 1.910322, 0.435626, -0.758135, 1.528994, -1.863969, -0.08386]",74.09,-98.87,-21.58,93.79,154.51,64.28,110.0,-42.14,-0.07,85.92,103.59,92.43,109.45,24.96,-43.44,87.6,-106.8,-4.8
objects/jar_mpeg7-05,objects,targets/objects/jar_mpeg7-05.png,0.8797,0.8667,0.0128,0.8378,10,7,3,0.2,65.4,0.4108,0.3867,0.7346,-4.02,28.16,0.05198,0.14461,objects/jar_mpeg7-05/jar_mpeg7-05_best.png,"[-1.692112, -0.65892, 0.043501, 1.491205, 2.716615, 1.566081, -1.038358, -1.74533, -0.438427, 1.488539, -0.22786, 1.659009, 1.744344, -1.085367, -0.115361, 1.448632, 2.323138, 1.732529]",-96.95,-37.75,2.49,85.44,155.65,89.73,-59.49,-100.0,-25.12,85.29,-13.06,95.05,99.94,-62.19,-6.61,83.0,133.11,99.27
objects/jar_mpeg7-04,objects,targets/objects/jar_mpeg7-04.png,0.8775,0.8577,0.017,0.8266,10,5,3,0.2,65.3,0.4126,0.3919,0.7346,-4.02,28.16,0.05109,0.14501,objects/jar_mpeg7-04/jar_mpeg7-04_best.png,"[1.180122, -1.565868, -0.505205, 1.65806, -0.292666, -0.093876, -1.169047, -1.74533, 1.323857, -1.501523, 0.147278, 0.457849, -1.138308, -1.285424, 1.342921, -1.486646, -0.49328, 1.492355]",67.62,-89.72,-28.95,95.0,-16.77,-5.38,-66.98,-100.0,75.85,-86.03,8.44,26.23,-65.22,-73.65,76.94,-85.18,-28.26,85.51
figures/face_mpeg7-02,figures,targets/figures/face_mpeg7-02.png,0.8755,0.8493,0.0221,0.8057,10,3,3,0.2,65.4,0.3495,0.3214,0.7346,-8.05,28.16,0.02016,0.17473,figures/face_mpeg7-02/face_mpeg7-02_best.png,"[1.391043, -1.74533, -0.41564, 1.65256, 2.528073, 0.563571, -1.91986, -0.880031, 1.150996, -1.283067, -2.546444, 0.254718, -1.750925, -1.349604, -0.817017, -0.80361, -0.170081, 1.394878]",79.7,-100.0,-23.81,94.68,144.85,32.29,-110.0,-50.42,65.95,-73.51,-145.9,14.59,-100.32,-77.33,-46.81,-46.04,-9.74,79.92
figures/face_mpeg7-01,figures,targets/figures/face_mpeg7-01.png,0.8754,0.8401,0.0234,0.7999,10,7,3,0.2,65.6,0.3247,0.3145,0.7346,-8.05,28.16,0.01642,0.17744,figures/face_mpeg7-01/face_mpeg7-01_best.png,"[1.486658, -1.204223, -0.991438, -1.533304, 2.45111, -0.000924, -1.907208, -0.918366, 0.077262, 1.60767, -1.0927, 1.491527, -1.048467, -1.74533, -0.280994, 1.509688, -2.74385, 0.344805]",85.18,-69.0,-56.81,-87.85,140.44,-0.05,-109.27,-52.62,4.43,92.11,-62.61,85.46,-60.07,-100.0,-16.1,86.5,-157.21,19.76
abstract/hcircle_mpeg7-05,abstract,targets/abstract/hcircle_mpeg7-05.png,0.8709,0.8027,0.0378,0.7511,10,9,3,0.2,65.8,0.3551,0.3342,0.6385,0.0,28.16,0.09994,0.07359,abstract/hcircle_mpeg7-05/hcircle_mpeg7-05_best.png,"[1.168329, -1.737974, -0.123384, 1.61309, -2.480193, 0.929716, 1.860095, 0.665027, -0.085893, -0.76473, -0.488246, 0.040126, 1.549737, 0.394174, -0.3542, 0.233925, -2.695866, 0.562914]",66.94,-99.58,-7.07,92.42,-142.1,53.27,106.58,38.1,-4.92,-43.82,-27.97,2.3,88.79,22.58,-20.29,13.4,-154.46,32.25
abstract/device9_mpeg7-01,abstract,targets/abstract/device9_mpeg7-01.png,0.8683,0.8165,0.0419,0.7387,10,1,3,0.2,64.9,0.3123,0.2931,0.7346,-20.11,28.16,0.15694,0.27984,abstract/device9_mpeg7-01/device9_mpeg7-01_best.png,"[1.782151, -0.913356, -1.412061, -1.627225, -0.11623, 0.344744, -1.91986, -0.724911, 0.131875, 1.596578, 2.071975, 0.075733, -0.517376, -1.555453, 1.239615, 0.110145, -2.025587, 1.692212]",102.11,-52.33,-80.91,-93.23,-6.66,19.75,-110.0,-41.53,7.56,91.48,118.72,4.34,-29.64,-89.12,71.02,6.31,-116.06,96.96
objects/bell_mpeg7-03,objects,targets/objects/bell_mpeg7-03.png,0.8654,0.8295,0.0276,0.767,10,1,3,0.2,64.7,0.3889,0.3613,0.8308,-12.07,24.14,0.12921,0.24113,objects/bell_mpeg7-03/bell_mpeg7-03_best.png,"[1.266793, -1.74533, 0.016156, 1.151606, -2.353696, 0.059186, 0.440855, -0.039166, 1.332993, -0.613376, 1.614935, 0.692983, 0.522706, -1.653317, 0.437663, 1.10343, -0.765889, 0.055182]",72.58,-100.0,0.93,65.98,-134.86,3.39,25.26,-2.24,76.37,-35.14,92.53,39.71,29.95,-94.73,25.08,63.22,-43.88,3.16
abstract/comma_mpeg7-04,abstract,targets/abstract/comma_mpeg7-04.png,0.8636,0.8205,0.0241,0.7879,10,2,3,0.2,67.0,0.3434,0.3195,0.7346,-8.05,28.16,0.08479,0.06608,abstract/comma_mpeg7-04/comma_mpeg7-04_best.png,"[1.255756, -1.74533, 0.355228, -1.414394, 1.021356, 0.788207, -1.27069, -1.499821, -1.69, 1.075997, -0.990564, 0.547241, 1.582529, -0.020802, -0.689164, 1.615097, -0.009822, 0.797148]",71.95,-100.0,20.35,-81.04,58.52,45.16,-72.81,-85.93,-96.83,61.65,-56.76,31.35,90.67,-1.19,-39.49,92.54,-0.56,45.67
objects/bottle_mpeg7-02,objects,targets/objects/bottle_mpeg7-02.png,0.8631,0.7952,0.0388,0.7188,10,0,3,0.2,66.0,0.6114,0.5836,0.9269,-4.02,16.09,0.00871,0.06039,objects/bottle_mpeg7-02/bottle_mpeg7-02_best.png,"[-1.372465, -1.74533, -0.97147, 1.22992, 0.96868, -0.154604, 1.794372, 0.214411, -1.220153, 0.573217, 2.616564, 0.1878, -1.425849, -1.74533, -0.139763, -0.71274, -0.111682, 0.100279]",-78.64,-100.0,-55.66,70.47,55.5,-8.86,102.81,12.28,-69.91,32.84,149.92,10.76,-81.7,-100.0,-8.01,-40.84,-6.4,5.75
abstract/device3_mpeg7-03,abstract,targets/abstract/device3_mpeg7-03.png,0.8624,0.82,0.0283,0.7538,10,4,3,0.2,64.7,0.3156,0.2818,0.7346,-24.14,28.16,0.21404,0.256,abstract/device3_mpeg7-03/device3_mpeg7-03_best.png,"[-1.023143, -0.830785, 1.220992, -1.631943, -1.671963, -0.138029, 0.839672, -1.337202, -0.106133, 1.609517, 1.102265, 0.564379, -0.944374, 0.029853, 0.10067, 0.973246, -0.237719, 1.286727]",-58.62,-47.6,69.96,-93.5,-95.8,-7.91,48.11,-76.62,-6.08,92.22,63.16,32.34,-54.11,1.71,5.77,55.76,-13.62,73.72
abstract/device4_mpeg7-04,abstract,targets/abstract/device4_mpeg7-04.png,0.8605,0.8265,0.0273,0.7694,10,3,3,0.2,65.0,0.3252,0.303,0.8308,-16.09,24.14,0.18955,0.28341,abstract/device4_mpeg7-04/device4_mpeg7-04_best.png,"[0.813036, -1.523613, 0.550073, 1.36429, -0.815689, 0.013238, -0.98803, 0.121144, 0.646081, 1.610619, -2.316496, 1.740271, -1.321679, -1.673441, 0.283499, 1.072963, -2.580398, 0.599672]",46.58,-87.3,31.52,78.17,-46.74,0.76,-56.61,6.94,37.02,92.28,-132.73,99.71,-75.73,-95.88,16.24,61.48,-147.85,34.36
objects/bell_mpeg7-04,objects,targets/objects/bell_mpeg7-04.png,0.8604,0.8274,0.021,0.8018,10,0,3,0.2,64.9,0.3908,0.3676,0.9269,-16.09,20.11,0.14097,0.22402,objects/bell_mpeg7-04/bell_mpeg7-04_best.png,"[-0.93464, -1.144682, 0.97747, -1.65806, 1.972126, 0.318619, -1.079573, -0.508764, 0.715248, 1.159794, 1.860445, 0.868385, 0.475511, -1.598863, 0.55063, -0.25937, 1.338217, 1.59296]",-53.55,-65.59,56.0,-95.0,112.99,18.26,-61.85,-29.15,40.98,66.45,106.6,49.75,27.24,-91.61,31.55,-14.86,76.67,91.27
objects/apple_mpeg7-05,objects,targets/objects/apple_mpeg7-05.png,0.8598,0.8314,0.0247,0.7942,10,1,3,0.2,65.5,0.3108,0.2884,0.7346,-20.11,28.16,0.15438,0.32579,objects/apple_mpeg7-05/apple_mpeg7-05_best.png,"[1.897983, -0.733996, 1.353749, -1.232033, 0.279414, 0.974613, -1.135853, -0.579391, -0.009306, 1.569461, 2.791957, -0.018208, -0.802445, -0.083013, 0.562483, 1.65806, 1.659714, 1.442368]",108.75,-42.05,77.56,-70.59,16.01,55.84,-65.08,-33.2,-0.53,89.92,159.97,-1.04,-45.98,-4.76,32.23,95.0,95.09,82.64
objects/apple_mpeg7-03,objects,targets/objects/apple_mpeg7-03.png,0.859,0.8161,0.0239,0.7717,10,8,3,0.2,65.1,0.2964,0.2835,0.7346,-20.11,28.16,0.14924,0.31596,objects/apple_mpeg7-03/apple_mpeg7-03_best.png,"[0.847634, -0.95412, 0.267867, 1.577531, -1.366333, -0.174533, 0.963199, -0.068949, 1.348228, -1.65806, -0.830005, -0.17026, 1.821191, 0.354327, -0.526856, 1.417981, 2.590373, 1.113942]",48.57,-54.67,15.35,90.39,-78.29,-10.0,55.19,-3.95,77.25,-95.0,-47.56,-9.76,104.35,20.3,-30.19,81.24,148.42,63.82
abstract/device1_mpeg7-02,abstract,targets/abstract/device1_mpeg7-02.png,0.8584,0.8008,0.0319,0.7539,10,5,3,0.2,65.0,0.2832,0.2573,0.8308,-20.11,28.16,0.08664,0.29024,abstract/device1_mpeg7-02/device1_mpeg7-02_best.png,"[0.864729, -0.841266, 0.151024, 1.610724, -2.512672, 1.695831, 0.534968, 0.551588, 1.287113, -1.524453, 1.364615, 0.717094, -1.858803, -0.717468, -0.002553, 1.65806, 2.239248, 1.088611]",49.55,-48.2,8.65,92.29,-143.97,97.16,30.65,31.6,73.75,-87.34,78.19,41.09,-106.5,-41.11,-0.15,95.0,128.3,62.37
letters_lower/l_dejavusans-bold,letters_lower,targets/letters_lower/l_dejavusans-bold.png,0.8556,0.8274,0.0203,0.7854,10,9,3,0.2,65.4,0.3975,0.3659,0.9269,-8.05,16.09,0.0,0.07592,letters_lower/l_dejavusans-bold/l_dejavusans-bold_best.png,"[-1.304331, -1.74533, 0.326829, 0.36127, 2.821423, 0.560098, -1.852909, 0.116833, -1.626675, -1.54667, -0.489975, -0.115642, 1.678451, -0.366398, -0.633462, 0.651766, 1.296495, 0.766254]",-74.73,-100.0,18.73,20.7,161.66,32.09,-106.16,6.69,-93.2,-88.62,-28.07,-6.63,96.17,-20.99,-36.29,37.34,74.28,43.9
abstract/device3_mpeg7-02,abstract,targets/abstract/device3_mpeg7-02.png,0.8534,0.8179,0.0406,0.7087,10,6,3,0.2,64.8,0.3265,0.3108,0.7346,-20.11,28.16,0.22072,0.24059,abstract/device3_mpeg7-02/device3_mpeg7-02_best.png,"[0.854375, -1.336701, 0.255658, 1.089109, -2.191356, 1.209465, -1.308007, 0.763207, -0.547541, -1.624795, -2.559697, 1.286722, 0.314105, -1.372371, -0.232164, 1.65806, 0.711838, 0.006733]",48.95,-76.59,14.65,62.4,-125.56,69.3,-74.94,43.73,-31.37,-93.09,-146.66,73.72,18.0,-78.63,-13.3,95.0,40.79,0.39
abstract/device3_mpeg7-04,abstract,targets/abstract/device3_mpeg7-04.png,0.8534,0.8155,0.0275,0.7682,10,8,3,0.2,64.9,0.3257,0.3106,0.7346,-16.09,28.16,0.19889,0.23274,abstract/device3_mpeg7-04/device3_mpeg7-04_best.png,"[0.730788, -1.417516, -0.056971, 1.594138, 0.613905, -0.002907, -0.683142, 0.055897, 1.093445, -0.1342, -0.871238, 1.683861, -0.91838, -0.33319, -0.090208, 1.640313, -1.881108, -0.091845]",41.87,-81.22,-3.26,91.34,35.17,-0.17,-39.14,3.2,62.65,-7.69,-49.92,96.48,-52.62,-19.09,-5.17,93.98,-107.78,-5.26
objects/apple_mpeg7-04,objects,targets/objects/apple_mpeg7-04.png,0.8533,0.829,0.0163,0.7994,10,8,3,0.2,64.9,0.2937,0.2639,0.7346,-20.11,28.16,0.1577,0.31986,objects/apple_mpeg7-04/apple_mpeg7-04_best.png,"[0.77269, -1.053607, 0.721794, 1.65806, -0.217166, 0.391013, 1.91986, -0.876531, 0.557836, 0.893018, 0.685795, 0.085981, 0.758999, -0.297341, 0.082203, 1.355989, -1.799285, 1.694781]",44.27,-60.37,41.36,95.0,-12.44,22.4,110.0,-50.22,31.96,51.17,39.29,4.93,43.49,-17.04,4.71,77.69,-103.09,97.1
figures/face_mpeg7-03,figures,targets/figures/face_mpeg7-03.png,0.8525,0.831,0.0199,0.7905,10,0,3,0.2,65.5,0.3414,0.3181,0.7346,-8.05,28.16,0.01743,0.16714,figures/face_mpeg7-03/face_mpeg7-03_best.png,"[1.444725, -1.74533, 0.53011, -1.65806, -2.324222, 0.183767, -1.262481, -1.713615, -0.964421, 1.499936, -0.114946, 1.4166, -1.739065, -1.382923, -0.098531, -1.619172, -0.597951, 0.489648]",82.78,-100.0,30.37,-95.0,-133.17,10.53,-72.33,-98.18,-55.26,85.94,-6.59,81.17,-99.64,-79.24,-5.65,-92.77,-34.26,28.05
letters_upper/J_dejavusans-bold,letters_upper,targets/letters_upper/J_dejavusans-bold.png,0.8507,0.8094,0.0244,0.7703,10,3,3,0.2,66.1,0.4941,0.4515,1.1192,-8.05,12.07,0.05837,0.09952,letters_upper/J_dejavusans-bold/J_dejavusans-bold_best.png,"[-1.91986, -1.612323, 1.342727, -0.703664, 0.064885, 1.407722, -1.20642, -1.206347, -0.119157, -0.597639, 1.51561, 0.112678, 1.611278, 1.024385, -0.201579, -1.236666, 2.203038, 1.337074]",-110.0,-92.38,76.93,-40.32,3.72,80.66,-69.12,-69.12,-6.83,-34.24,86.84,6.46,92.32,58.69,-11.55,-70.86,126.22,76.61
objects/hat_mpeg7-04,objects,targets/objects/hat_mpeg7-04.png,0.8505,0.7946,0.0355,0.7285,10,9,3,0.2,64.8,0.2797,0.2577,0.9269,-20.11,28.16,0.14514,0.22332,objects/hat_mpeg7-04/hat_mpeg7-04_best.png,"[-0.517437, -1.19241, -0.183266, 1.57826, 2.108231, 0.322714, 1.888122, -1.031434, -1.689089, -1.609353, 1.09441, 1.097049, -0.918377, -1.102547, 0.495527, 0.705129, -2.74385, 0.141234]",-29.65,-68.32,-10.5,90.43,120.79,18.49,108.18,-59.1,-96.78,-92.21,62.71,62.86,-52.62,-63.17,28.39,40.4,-157.21,8.09
letters_upper/I_dejavusans-bold,letters_upper,targets/letters_upper/I_dejavusans-bold.png,0.8503,0.8149,0.0272,0.7727,10,1,3,0.2,65.1,0.5737,0.5256,0.9269,-4.02,16.09,0.0,0.00443,letters_upper/I_dejavusans-bold/I_dejavusans-bold_best.png,"[-1.261447, -1.700451, 0.077183, 0.590706, -0.099008, 1.277938, -1.124488, -1.74533, 0.608344, -0.896809, 1.544833, -0.009022, 1.74221, 0.498454, -0.685907, 1.58324, 2.697538, 0.900532]",-72.28,-97.43,4.42,33.84,-5.67,73.22,-64.43,-100.0,34.86,-51.38,88.51,-0.52,99.82,28.56,-39.3,90.71,154.56,51.6
abstract/hcircle_mpeg7-04,abstract,targets/abstract/hcircle_mpeg7-04.png,0.8495,0.8089,0.027,0.7585,10,4,3,0.2,65.0,0.3548,0.3108,0.7346,4.02,28.16,0.09087,0.01611,abstract/hcircle_mpeg7-04/hcircle_mpeg7-04_best.png,"[-1.247886, -1.551839, -1.211575, 0.617077, 2.472423, 0.998371, -1.353202, -1.334438, -0.878418, -0.556771, 0.941898, 1.041455, 1.582169, -0.065264, -0.137988, -0.327662, -1.980965, -0.097455]",-71.5,-88.91,-69.42,35.36,141.66,57.2,-77.53,-76.46,-50.33,-31.9,53.97,59.67,90.65,-3.74,-7.91,-18.77,-113.5,-5.58
abstract/comma_mpeg7-01,abstract,targets/abstract/comma_mpeg7-01.png,0.8489,0.7876,0.043,0.6829,10,2,3,0.2,61.9,0.3479,0.3093,0.7346,-8.05,28.16,0.06138,0.05417,abstract/comma_mpeg7-01/comma_mpeg7-01_best.png,"[-1.198044, -1.594027, 0.182736, -1.634965, 0.138281, -0.174533, -1.290531, -1.701242, -1.218026, 1.456141, -0.058657, 1.690941, 1.589674, 0.386481, -0.478221, -0.487216, -2.74385, 0.210953]",-68.64,-91.33,10.47,-93.68,7.92,-10.0,-73.94,-97.47,-69.79,83.43,-3.36,96.88,91.08,22.14,-27.4,-27.92,-157.21,12.09
abstract/device2_mpeg7-01,abstract,targets/abstract/device2_mpeg7-01.png,0.8483,0.7994,0.0254,0.7696,10,0,3,0.2,65.1,0.3583,0.3249,0.8308,-12.07,28.16,0.10037,0.24889,abstract/device2_mpeg7-01/device2_mpeg7-01_best.png,"[-1.830126, -0.41755, -0.125599, 1.287883, -1.16064, 1.644765, -1.103097, -0.71358, 0.155274, 1.50117, -0.023817, 0.305367, 0.433291, -1.650047, 1.254816, 1.14413, -0.182984, 1.48051]",-104.86,-23.92,-7.2,73.79,-66.5,94.24,-63.2,-40.89,8.9,86.01,-1.36,17.5,24.83,-94.54,71.9,65.55,-10.48,84.83
objects/cup_mpeg7-04,objects,targets/objects/cup_mpeg7-04.png,0.8482,0.8202,0.0221,0.7761,10,7,3,0.2,65.2,0.2291,0.21,0.8308,-24.14,28.16,0.16987,0.23739,objects/cup_mpeg7-04/cup_mpeg7-04_best.png,"[1.305596, -0.743868, -1.644914, -1.370151, 2.802827, -0.174279, 1.142574, -0.397952, -0.239066, 1.639959, -0.731518, -0.174293, 0.767832, -1.71586, 1.080127, 1.140928, 2.63001, 1.266695]",74.81,-42.62,-94.25,-78.5,160.59,-9.99,65.46,-22.8,-13.7,93.96,-41.91,-9.99,43.99,-98.31,61.89,65.37,150.69,72.58
animals/octopus_mpeg7-03,animals,targets/animals/octopus_mpeg7-03.png,0.8475,0.7992,0.0255,0.75,10,1,3,0.2,65.9,0.2939,0.2744,0.7346,-20.11,28.16,0.15389,0.26942,animals/octopus_mpeg7-03/octopus_mpeg7-03_best.png,"[1.847396, -0.827998, -1.69, -1.621005, 0.22312, -0.020874, 1.91986, -0.358978, -0.101765, 1.544235, 1.458442, 1.281927, -0.867799, -1.681215, 0.323811, 0.929178, -1.669364, 0.672966]",105.85,-47.44,-96.83,-92.88,12.78,-1.2,110.0,-20.57,-5.83,88.48,83.56,73.45,-49.72,-96.33,18.55,53.24,-95.65,38.56
objects/bell_mpeg7-01,objects,targets/objects/bell_mpeg7-01.png,0.8454,0.7982,0.0375,0.7287,10,7,3,0.2,65.1,0.3196,0.296,0.7346,4.02,28.16,0.09751,0.14164,objects/bell_mpeg7-01/bell_mpeg7-01_best.png,"[1.35027, -0.863523, -1.565799, -1.339157, 2.545036, -0.097828, -1.497287, -0.751827, 0.008733, 1.223676, -2.301138, 0.047113, -1.049836, -1.74533, -1.363646, 0.489762, -2.051605, 0.657598]",77.36,-49.48,-89.71,-76.73,145.82,-5.61,-85.79,-43.08,0.5,70.11,-131.85,2.7,-60.15,-100.0,-78.13,28.06,-117.55,37.68
objects/hat_mpeg7-03,objects,targets/objects/hat_mpeg7-03.png,0.8449,0.8136,0.0259,0.7617,10,3,3,0.2,64.7,0.3176,0.3007,0.7346,-16.09,28.16,0.1633,0.24181,objects/hat_mpeg7-03/hat_mpeg7-03_best.png,"[0.965798, -1.037758, 0.648526, 1.654409, 0.161938, -0.09204, -0.661895, -1.176572, -0.200557, 1.65806, 2.237928, 1.677192, 1.081986, 0.221081, -0.139873, -1.655914, -0.691813, 0.784324]",55.34,-59.46,37.16,94.79,9.28,-5.27,-37.92,-67.41,-11.49,95.0,128.22,96.1,61.99,12.67,-8.01,-94.88,-39.64,44.94
abstract/comma_mpeg7-03,abstract,targets/abstract/comma_mpeg7-03.png,0.8432,0.7783,0.0476,0.7081,10,5,3,0.2,65.6,0.3214,0.2834,0.8308,-12.07,24.14,0.06358,0.06293,abstract/comma_mpeg7-03/comma_mpeg7-03_best.png,"[1.274714, -1.662315, -0.403298, 1.623511, -0.956063, 1.05957, -1.032996, -1.650868, 0.434151, -1.348796, -0.029463, 1.708466, -1.388364, -1.594297, 0.404109, -1.321035, -1.336883, 1.386867]",73.04,-95.24,-23.11,93.02,-54.78,60.71,-59.19,-94.59,24.88,-77.28,-1.69,97.89,-79.55,-91.35,23.15,-75.69,-76.6,79.46
abstract/device6_mpeg7-01,abstract,targets/abstract/device6_mpeg7-01.png,0.8416,0.7952,0.0247,0.7601,10,9,3,0.2,64.7,0.3437,0.3126,0.7346,-16.09,28.16,0.14833,0.27472,abstract/device6_mpeg7-01/device6_mpeg7-01_best.png,"[-1.067447, -1.278463, 0.214708, 1.582435, 2.728303, 0.787163, 0.596058, 0.54846, 1.332252, -1.500971, -1.683714, 0.968084, 1.91986, 0.1435, -0.274695, 1.625147, 2.668254, 1.522595]",-61.16,-73.25,12.3,90.67,156.32,45.1,34.15,31.42,76.33,-86.0,-96.47,55.47,110.0,8.22,-15.74,93.11,152.88,87.24
animals/butterfly_mpeg7-03,animals,targets/animals/butterfly_mpeg7-03.png,0.8405,0.8019,0.0207,0.7708,10,5,3,0.2,64.8,0.2459,0.2191,0.8308,-20.11,28.16,0.15114,0.21317,animals/butterfly_mpeg7-03/butterfly_mpeg7-03_best.png,"[-1.754424, -0.746302, 0.608577, 0.301953, -1.620741, 1.312613, -0.897447, 0.937438, -1.220249, 0.917843, -0.719026, 1.73553, 1.413074, -0.635279, -1.647861, -1.63867, 1.965384, -0.174081]",-100.52,-42.76,34.87,17.3,-92.86,75.21,-51.42,53.71,-69.92,52.59,-41.2,99.44,80.96,-36.4,-94.42,-93.89,112.61,-9.97
abstract/misk_mpeg7-02,abstract,targets/abstract/misk_mpeg7-02.png,0.8398,0.8049,0.0299,0.7548,10,7,3,0.2,65.6,0.3384,0.3185,0.7346,-8.05,28.16,0.10861,0.22871,abstract/misk_mpeg7-02/misk_mpeg7-02_best.png,"[-1.874043, -0.800465, 0.092051, 1.609828, 1.979041, 0.819619, 1.06245, -1.473792, 0.630092, 1.518653, 2.419969, 0.775186, -1.218614, -1.719822, -1.18608, 0.910874, -2.74385, -0.127077]",-107.37,-45.86,5.27,92.24,113.39,46.96,60.87,-84.44,36.1,87.01,138.65,44.41,-69.82,-98.54,-67.96,52.19,-157.21,-7.28
abstract/device1_mpeg7-03,abstract,targets/abstract/device1_mpeg7-03.png,0.8396,0.7986,0.0291,0.745,10,4,3,0.2,65.2,0.2453,0.2215,0.8308,-24.14,28.16,0.07653,0.31489,abstract/device1_mpeg7-03/device1_mpeg7-03_best.png,"[-1.213501, -0.850707, 0.455729, 1.486278, 0.319441, 0.57852, 0.6604, -0.625877, 1.236801, -1.271761, 1.846204, 1.026882, -0.527789, -1.075514, 0.087391, 1.247913, -2.270835, 0.812679]",-69.53,-48.74,26.11,85.16,18.3,33.15,37.84,-35.86,70.86,-72.87,105.78,58.84,-30.24,-61.62,5.01,71.5,-130.11,46.56
animals/frog_mpeg7-01,animals,targets/animals/frog_mpeg7-01.png,0.8389,0.8001,0.0297,0.7298,10,3,3,0.2,65.0,0.3035,0.2875,0.7346,-12.07,28.16,0.15118,0.25763,animals/frog_mpeg7-01/frog_mpeg7-01_best.png,"[-1.799829, 0.03426, -0.102663, 1.285274, -0.916896, 1.170081, -1.906901, -0.652484, -1.672837, -1.059834, 0.086275, 1.061129, 1.080503, -0.015142, 0.711731, 0.671656, 2.839488, 1.45896]",-103.12,1.96,-5.88,73.64,-52.53,67.04,-109.26,-37.38,-95.85,-60.72,4.94,60.8,61.91,-0.87,40.78,38.48,162.69,83.59
abstract/misk_mpeg7-03,abstract,targets/abstract/misk_mpeg7-03.png,0.8388,0.8139,0.0196,0.7813,10,3,3,0.2,65.3,0.2992,0.2844,0.7346,-16.09,28.16,0.09767,0.25595,abstract/misk_mpeg7-03/misk_mpeg7-03_best.png,"[-1.058619, -1.323227, 0.109869, 1.378259, -2.74385, 1.281226, -0.614505, -0.024099, 1.292702, -0.27143, 1.801054, 1.566513, -1.279369, -1.522984, -1.246419, 1.617649, -2.26182, 0.664723]",-60.65,-75.82,6.3,78.97,-157.21,73.41,-35.21,-1.38,74.07,-15.55,103.19,89.75,-73.3,-87.26,-71.41,92.68,-129.59,38.09
abstract/comma_mpeg7-02,abstract,targets/abstract/comma_mpeg7-02.png,0.8383,0.8023,0.0255,0.7527,10,5,3,0.2,64.9,0.3363,0.2923,0.7346,-12.07,28.16,0.06631,0.13318,abstract/comma_mpeg7-02/comma_mpeg7-02_best.png,"[-1.313732, -1.228493, -0.813953, -1.65806, 0.155262, 1.228369, -1.365529, -1.192882, -1.333834, -1.378993, -2.604482, 1.510055, -1.585141, -1.179814, -1.540314, -1.615828, 1.9136, 1.544077]",-75.27,-70.39,-46.64,-95.0,8.9,70.38,-78.24,-68.35,-76.42,-79.01,-149.23,86.52,-90.82,-67.6,-88.25,-92.58,109.64,88.47
objects/cup_mpeg7-03,objects,targets/objects/cup_mpeg7-03.png,0.8366,0.7989,0.0341,0.726,10,4,3,0.2,64.8,0.3672,0.3459,0.7346,-8.05,28.16,0.13181,0.26376,objects/cup_mpeg7-03/cup_mpeg7-03_best.png,"[-1.833657, -0.783122, 0.114955, 1.563177, 0.182739, 0.059495, 1.209224, 0.441398, -1.248216, 1.130836, -0.147606, 0.397137, 0.235954, 0.335532, 1.35559, -1.124832, 1.802027, 1.182957]",-105.06,-44.87,6.59,89.56,10.47,3.41,69.28,25.29,-71.52,64.79,-8.46,22.75,13.52,19.22,77.67,-64.45,103.25,67.78
abstract/misk_mpeg7-01,abstract,targets/abstract/misk_mpeg7-01.png,0.8344,0.8075,0.0215,0.7768,10,3,3,0.2,65.8,0.3454,0.3303,0.7346,-8.05,28.16,0.09786,0.19595,abstract/misk_mpeg7-01/misk_mpeg7-01_best.png,"[-1.749523, 0.260743, -0.866546, 1.056293, -0.3145, 0.485117, -1.498006, -0.43065, 0.28319, -0.221974, -1.495285, -0.174533, 0.74107, -1.741885, 1.054645, 1.344881, -0.779957, 1.159689]",-100.24,14.94,-49.65,60.52,-18.02,27.8,-85.83,-24.67,16.23,-12.72,-85.67,-10.0,42.46,-99.8,60.43,77.06,-44.69,66.45
objects/bottle_mpeg7-04,objects,targets/objects/bottle_mpeg7-04.png,0.834,0.7975,0.0468,0.6675,10,0,3,0.2,65.4,0.3692,0.3207,0.9269,-8.05,16.09,0.0,0.10452,objects/bottle_mpeg7-04/bottle_mpeg7-04_best.png,"[-1.339497, -1.719948, 0.038117, 1.65806, 2.622799, 0.763358, -1.528976, -1.703425, 0.098965, 1.283236, -0.192788, 0.89935, -1.717374, -1.458316, 0.478095, -1.135306, 0.413086, 1.452667]",-76.75,-98.55,2.18,95.0,150.28,43.74,-87.6,-97.6,5.67,73.52,-11.05,51.53,-98.4,-83.56,27.39,-65.05,23.67,83.23
objects/cup_mpeg7-02,objects,targets/objects/cup_mpeg7-02.png,0.8337,0.7924,0.0204,0.7628,10,7,3,0.2,65.6,0.3799,0.3598,0.7346,-8.05,28.16,0.13449,0.26669,objects/cup_mpeg7-02/cup_mpeg7-02_best.png,"[-1.378967, -0.508309, -0.069759, 1.65806, 0.188119, 0.709225, -1.4195, -0.909374, -1.388266, -1.262575, 1.78227, 1.112151, -0.949495, -1.212143, 1.303584, -1.076097, -0.297947, 0.090625]",-79.01,-29.12,-4.0,95.0,10.78,40.64,-81.33,-52.1,-79.54,-72.34,102.12,63.72,-54.4,-69.45,74.69,-61.66,-17.07,5.19
abstract/device8_mpeg7-01,abstract,targets/abstract/device8_mpeg7-01.png,0.8325,0.7823,0.0364,0.6947,10,2,3,0.2,65.5,0.2301,0.2151,0.8308,-8.05,28.16,0.12101,0.07502,abstract/device8_mpeg7-01/device8_mpeg7-01_best.png,"[-1.038701, -0.961244, -1.146003, -1.368105, -1.250215, 0.546098, -1.158853, -1.04052, 0.048557, 1.274195, -0.295316, 0.528404, 1.015086, -0.047147, -0.179664, 0.004718, 2.568296, 0.031]",-59.51,-55.08,-65.66,-78.39,-71.63,31.29,-66.4,-59.62,2.78,73.01,-16.92,30.28,58.16,-2.7,-10.29,0.27,147.15,1.78
objects/cup_mpeg7-05,objects,targets/objects/cup_mpeg7-05.png,0.832,0.8083,0.0216,0.7697,10,1,3,0.2,65.5,0.3913,0.3651,0.8308,-8.05,28.16,0.13736,0.25433,objects/cup_mpeg7-05/cup_mpeg7-05_best.png,"[1.733524, -0.762817, -1.601128, -1.626005, -0.718396, 0.509799, -1.10752, -1.531676, 0.108404, -1.65806, 0.76098, -0.08874, -0.373433, -0.950804, 1.198632, 1.29583, 2.004477, 1.313426]",99.32,-43.71,-91.74,-93.16,-41.16,29.21,-63.46,-87.76,6.21,-95.0,43.6,-5.08,-21.4,-54.48,68.68,74.25,114.85,75.25
objects/teddy_mpeg7-03,objects,targets/objects/teddy_mpeg7-03.png,0.8315,0.7865,0.0229,0.7445,10,8,3,0.2,64.7,0.2957,0.2708,0.8308,-24.14,24.14,0.15577,0.27533,objects/teddy_mpeg7-03/teddy_mpeg7-03_best.png,"[0.93207, -1.063984, 0.001761, 1.103206, -0.388679, 0.383241, -1.230925, -0.200767, 0.063066, 1.65806, -0.648342, -0.004784, -0.680129, -0.1592, 0.093377, 1.642168, -2.503409, 0.286671]",53.4,-60.96,0.1,63.21,-22.27,21.96,-70.53,-11.5,3.61,95.0,-37.15,-0.27,-38.97,-9.12,5.35,94.09,-143.43,16.43
objects/hat_mpeg7-02,objects,targets/objects/hat_mpeg7-02.png,0.8311,0.7606,0.036,0.6817,10,7,3,0.2,64.9,0.2276,0.2137,1.0231,-16.09,28.16,0.13838,0.2583,objects/hat_mpeg7-02/hat_mpeg7-02_best.png,"[1.276956, -0.849096, -1.69, -1.38337, 2.067289, 0.050315, -1.056715, -0.326716, 0.956131, -0.997628, 0.522794, 1.274374, -0.994782, -0.630143, 0.208497, 1.61707, -2.076997, 0.437191]",73.16,-48.65,-96.83,-79.26,118.45,2.88,-60.55,-18.72,54.78,-57.16,29.95,73.02,-57.0,-36.1,11.95,92.65,-119.0,25.05
figures/children_mpeg7-02,figures,targets/figures/children_mpeg7-02.png,0.8306,0.8068,0.0138,0.7768,10,1,3,0.2,65.0,0.4254,0.3991,1.0231,-8.05,12.07,0.0,0.04407,figures/children_mpeg7-02/children_mpeg7-02_best.png,"[1.404849, -1.700008, -0.240157, 0.803234, -2.730862, 0.240887, -1.689169, -0.433437, -0.550487, -1.626818, 1.615965, 0.367086, 1.80716, -0.607883, 0.463817, 0.547944, 2.831143, 0.037621]",80.49,-97.4,-13.76,46.02,-156.47,13.8,-96.78,-24.83,-31.54,-93.21,92.59,21.03,103.54,-34.83,26.57,31.39,162.21,2.16
objects/fountain_mpeg7-01,objects,targets/objects/fountain_mpeg7-01.png,0.8277,0.7827,0.034,0.7089,10,7,3,0.2,64.4,0.337,0.2277,0.9269,-12.07,28.16,0.22403,0.24369,objects/fountain_mpeg7-01/fountain_mpeg7-01_best.png,"[-1.79775, 0.307776, -0.387273, 0.818262, 2.819798, 1.633866, -1.306677, 0.351483, 0.173997, -0.705981, 0.547413, 1.698643, 1.489139, -0.228307, 0.451416, -1.23333, 2.601569, 1.073271]",-103.0,17.63,-22.19,46.88,161.56,93.61,-74.87,20.14,9.97,-40.45,31.36,97.33,85.32,-13.08,25.86,-70.66,149.06,61.49
objects/teddy_mpeg7-01,objects,targets/objects/teddy_mpeg7-01.png,0.8274,0.7828,0.025,0.7418,10,8,3,0.2,64.9,0.3187,0.3054,0.8308,-20.11,24.14,0.15861,0.25404,objects/teddy_mpeg7-01/teddy_mpeg7-01_best.png,"[0.934918, -1.052791, -0.209686, 1.466274, -0.539106, 0.338095, -1.229509, -0.022417, -0.103786, 1.65806, 0.188495, -0.077448, 0.413656, -1.70748, 0.698644, 0.589831, -2.703669, 0.094906]",53.57,-60.32,-12.01,84.01,-30.89,19.37,-70.45,-1.28,-5.95,95.0,10.8,-4.44,23.7,-97.83,40.03,33.79,-154.91,5.44
objects/bottle_mpeg7-01,objects,targets/objects/bottle_mpeg7-01.png,0.8273,0.7408,0.0518,0.6574,10,7,3,0.2,65.0,0.4597,0.3627,0.8308,-8.05,24.14,0.0,0.13,objects/bottle_mpeg7-01/bottle_mpeg7-01_best.png,"[1.664475, 0.86088, -1.039119, -1.159298, 2.84121, 0.203199, -1.480927, -1.541248, -1.338254, 1.50616, -2.74385, 1.343848, -1.507079, -1.24388, -1.516435, -1.548954, -2.000148, 1.311817]",95.37,49.32,-59.54,-66.42,162.79,11.64,-84.85,-88.31,-76.68,86.3,-157.21,77.0,-86.35,-71.27,-86.89,-88.75,-114.6,75.16
abstract/device9_mpeg7-04,abstract,targets/abstract/device9_mpeg7-04.png,0.827,0.7881,0.0234,0.7543,10,1,3,0.2,65.0,0.3099,0.2839,0.7346,-20.11,28.16,0.15758,0.26248,abstract/device9_mpeg7-04/device9_mpeg7-04_best.png,"[1.210374, -1.734696, -0.229102, 1.51028, 1.494151, -0.098684, -1.232891, -0.196694, -0.318797, 1.436765, 1.672337, 0.79874, 0.324559, -1.234807, 1.105517, 1.30796, 2.68297, 0.874809]",69.35,-99.39,-13.13,86.53,85.61,-5.65,-70.64,-11.27,-18.27,82.32,95.82,45.76,18.6,-70.75,63.34,74.94,153.72,50.12
digits/1_dejavusans-bold,digits,targets/digits/1_dejavusans-bold.png,0.8257,0.7497,0.0447,0.665,10,6,3,0.2,65.3,0.3019,0.2594,0.8308,-8.05,20.11,0.12336,0.0914,digits/1_dejavusans-bold/1_dejavusans-bold_best.png,"[1.814744, -1.309185, 1.485418, -1.079538, 2.549096, 0.059608, -1.015701, -0.878649, -0.738494, 1.65806, 1.776018, 1.156126, 1.186811, -1.74533, -1.322739, -0.804686, 2.431563, -0.159845]",103.98,-75.01,85.11,-61.85,146.05,3.42,-58.2,-50.34,-42.31,95.0,101.76,66.24,68.0,-100.0,-75.79,-46.11,139.32,-9.16
figures/children_mpeg7-03,figures,targets/figures/children_mpeg7-03.png,0.8257,0.7948,0.0192,0.7625,10,3,3,0.2,66.2,0.4144,0.3916,1.0231,-8.05,12.07,0.0,0.04825,figures/children_mpeg7-03/children_mpeg7-03_best.png,"[1.376904, -1.726568, -0.11073, 1.117859, 2.58193, -0.034479, -1.888429, -0.409795, -0.591663, -1.572117, 1.491534, 0.658648, 1.797137, -0.315495, 0.009943, 0.908515, 0.131507, 1.740809]",78.89,-98.93,-6.34,64.05,147.93,-1.98,-108.2,-23.48,-33.9,-90.08,85.46,37.74,102.97,-18.08,0.57,52.05,7.53,99.74
letters_upper/I_dejavuserif-bold,letters_upper,targets/letters_upper/I_dejavuserif-bold.png,0.8246,0.7906,0.0266,0.749,10,4,3,0.2,65.6,0.3101,0.2747,0.7346,-8.05,28.16,0.0339,0.10305,letters_upper/I_dejavuserif-bold/I_dejavuserif-bold_best.png,"[-1.343515, -1.418965, -0.084081, -1.473888, -2.176209, 0.044762, -1.50597, -1.613453, -0.216919, -1.05969, -2.016601, 0.470116, -1.549955, -1.451905, -0.697172, -0.98456, -2.374647, 1.38491]",-76.98,-81.3,-4.82,-84.45,-124.69,2.56,-86.29,-92.44,-12.43,-60.72,-115.54,26.94,-88.81,-83.19,-39.95,-56.41,-136.06,79.35
figures/children_mpeg7-01,figures,targets/figures/children_mpeg7-01.png,0.8245,0.808,0.0148,0.7756,10,6,3,0.2,65.2,0.4073,0.3868,1.0231,-8.05,12.07,0.0,0.04766,figures/children_mpeg7-01/children_mpeg7-01_best.png,"[1.231062, -1.74533, 0.469767, 0.08235, 2.790634, 0.12661, 1.91986, 0.149266, -1.56178, -1.268907, 1.844821, -0.174533, 1.705008, -0.896177, 0.004919, 0.623636, 0.786132, 1.152278]",70.53,-100.0,26.92,4.72,159.89,7.25,110.0,8.55,-89.48,-72.7,105.7,-10.0,97.69,-51.35,0.28,35.73,45.04,66.02
letters_lower/v_dejavusans-bold,letters_lower,targets/letters_lower/v_dejavusans-bold.png,0.8232,0.7518,0.0396,0.6636,10,3,3,0.2,64.8,0.4068,0.3185,0.8308,0.0,28.16,0.11325,0.11309,letters_lower/v_dejavusans-bold/v_dejavusans-bold_best.png,"[-1.017096, -1.655483, -0.584239, -0.107713, -2.558478, 0.108377, 1.165497, -1.580236, 1.020944, -0.217546, 1.181309, 0.733783, -1.736645, -1.390229, -1.584261, 0.040444, -0.038417, 0.82977]",-58.28,-94.85,-33.47,-6.17,-146.59,6.21,66.78,-90.54,58.5,-12.46,67.68,42.04,-99.5,-79.65,-90.77,2.32,-2.2,47.54
abstract/device9_mpeg7-05,abstract,targets/abstract/device9_mpeg7-05.png,0.8227,0.7714,0.0306,0.7222,10,2,3,0.2,64.9,0.2978,0.2741,0.7346,-20.11,28.16,0.16313,0.25383,abstract/device9_mpeg7-05/device9_mpeg7-05_best.png,"[0.761105, -0.962638, 0.01434, 1.609111, 0.012655, 0.082412, 0.877982, -0.142464, 1.165839, -1.65806, 1.967862, -0.067875, -1.109666, -1.687047, -0.39634, 1.65806, 2.564258, 1.73786]",43.61,-55.16,0.82,92.2,0.73,4.72,50.3,-8.16,66.8,-95.0,112.75,-3.89,-63.58,-96.66,-22.71,95.0,146.92,99.57
figures/children_mpeg7-04,figures,targets/figures/children_mpeg7-04.png,0.8208,0.7988,0.0187,0.7637,10,1,3,0.2,64.8,0.4237,0.3973,1.0231,-8.05,12.07,0.0,0.04771,figures/children_mpeg7-04/children_mpeg7-04_best.png,"[1.397843, -1.564901, -0.614185, 1.211312, -2.716034, 0.131013, 1.417882, -1.622408, 0.687198, -0.629411, -0.823964, -0.104714, -1.672412, -0.093496, -1.563777, 1.20356, -2.219052, 0.799998]",80.09,-89.66,-35.19,69.4,-155.62,7.51,81.24,-92.96,39.37,-36.06,-47.21,-6.0,-95.82,-5.36,-89.6,68.96,-127.14,45.84
abstract/device6_mpeg7-04,abstract,targets/abstract/device6_mpeg7-04.png,0.8204,0.7504,0.0355,0.7012,10,0,3,0.2,65.3,0.2895,0.2748,0.8308,-24.14,24.14,0.12228,0.26326,abstract/device6_mpeg7-04/device6_mpeg7-04_best.png,"[-0.937649, -0.887699, -0.12414, 1.65806, 2.4018, 0.646631, -1.199512, 0.311465, 0.277382, -1.65806, 0.269748, 0.623938, -1.259699, -1.531033, -0.667813, -1.65806, 1.317946, 0.296052]",-53.72,-50.86,-7.11,95.0,137.61,37.05,-68.73,17.85,15.89,-95.0,15.46,35.75,-72.18,-87.72,-38.26,-95.0,75.51,16.96
objects/teddy_mpeg7-04,objects,targets/objects/teddy_mpeg7-04.png,0.8203,0.7832,0.023,0.7503,10,1,3,0.2,64.4,0.3339,0.3056,0.8308,-20.11,24.14,0.16002,0.25822,objects/teddy_mpeg7-04/teddy_mpeg7-04_best.png,"[0.854797, -1.026202, -0.277701, 1.597901, 0.706186, -0.174533, -1.313772, 0.32678, -0.613251, 1.563957, 1.366697, 0.832315, -0.225949, -1.676829, 0.680172, 0.971392, -1.270135, 1.217104]",48.98,-58.8,-15.91,91.55,40.46,-10.0,-75.27,18.72,-35.14,89.61,78.31,47.69,-12.95,-96.08,38.97,55.66,-72.77,69.73
abstract/device6_mpeg7-05,abstract,targets/abstract/device6_mpeg7-05.png,0.8197,0.7908,0.0173,0.7628,10,0,3,0.2,64.8,0.3335,0.3082,0.7346,-16.09,28.16,0.13944,0.29287,abstract/device6_mpeg7-05/device6_mpeg7-05_best.png,"[-1.103558, -1.089245, 1.520629, -1.535056, -0.210123, 1.227987, -0.831136, -1.179074, 0.188644, 1.546639, 1.69243, 0.792804, 1.91986, -0.628873, 0.431622, 0.773111, 1.279095, 1.724637]",-63.23,-62.41,87.13,-87.95,-12.04,70.36,-47.62,-67.56,10.81,88.62,96.97,45.42,110.0,-36.03,24.73,44.3,73.29,98.81
abstract/heart_mpeg7-01,abstract,targets/abstract/heart_mpeg7-01.png,0.8192,0.7554,0.0347,0.7076,10,7,3,0.2,64.8,0.2978,0.2422,0.8308,-12.07,28.16,0.0897,0.2437,abstract/heart_mpeg7-01/heart_mpeg7-01_best.png,"[1.30255, -1.700763, -0.408179, -0.707615, 2.667276, -0.174533, 1.021272, -0.266372, -0.290263, 1.65806, -0.986515, -0.069681, 1.008719, 0.840318, -0.835875, -1.186294, -2.257312, 0.414722]",74.63,-97.45,-23.39,-40.54,152.82,-10.0,58.51,-15.26,-16.63,95.0,-56.52,-3.99,57.8,48.15,-47.89,-67.97,-129.33,23.76
objects/teddy_mpeg7-02,objects,targets/objects/teddy_mpeg7-02.png,0.8192,0.78,0.0243,0.7282,10,8,3,0.2,64.8,0.3712,0.34,0.8308,-16.09,24.14,0.1565,0.2472,objects/teddy_mpeg7-02/teddy_mpeg7-02_best.png,"[0.917409, -1.200503, -0.114132, 1.437607, -1.198226, -0.120017, -1.239286, -0.043917, -0.082957, 1.65806, 0.18336, -0.005984, 0.399604, -1.583084, 1.152008, -0.944376, -2.129989, 1.669555]",52.56,-68.78,-6.54,82.37,-68.65,-6.88,-71.01,-2.52,-4.75,95.0,10.51,-0.34,22.9,-90.7,66.01,-54.11,-122.04,95.66
objects/bottle_mpeg7-05,objects,targets/objects/bottle_mpeg7-05.png,0.8187,0.7623,0.04,0.713,10,1,3,0.2,65.6,0.4202,0.3773,0.9269,-8.05,16.09,0.0,0.10583,objects/bottle_mpeg7-05/bottle_mpeg7-05_best.png,"[1.311322, -1.745329, -1.272977, -0.170951, -2.044647, 0.789748, 1.715401, 0.784646, -1.637849, -1.585601, 0.204957, 0.855627, -1.617091, -1.74533, -0.764031, 0.933791, -2.467702, 1.44796]",75.13,-100.0,-72.94,-9.79,-117.15,45.25,98.29,44.96,-93.84,-90.85,11.74,49.02,-92.65,-100.0,-43.78,53.5,-141.39,82.96
objects/fountain_mpeg7-04,objects,targets/objects/fountain_mpeg7-04.png,0.8184,0.7856,0.0287,0.7339,10,7,3,0.2,64.6,0.2165,0.1933,0.9269,-12.07,28.16,0.22575,0.2564,objects/fountain_mpeg7-04/fountain_mpeg7-04_best.png,"[1.350788, -1.33079, -1.299248, -0.864175, 1.111014, 0.674309, -1.313581, 0.350726, 0.144061, -0.597038, 0.407416, 0.614384, 1.403784, -1.39829, 1.25378, -1.022325, 2.84121, 0.976956]",77.39,-76.25,-74.44,-49.51,63.66,38.64,-75.26,20.1,8.25,-34.21,23.34,35.2,80.43,-80.12,71.84,-58.57,162.79,55.98
abstract/comma_mpeg7-05,abstract,targets/abstract/comma_mpeg7-05.png,0.8178,0.7754,0.0334,0.7194,10,5,3,0.2,67.4,0.3413,0.319,0.7346,-8.05,28.16,0.06266,0.05257,abstract/comma_mpeg7-05/comma_mpeg7-05_best.png,"[-1.663597, 1.066016, -0.043263, -1.244789, -1.745895, -0.165804, 1.315262, -1.012651, -1.408521, -1.503238, 2.784474, 0.750951, -1.070801, -1.717615, 0.479501, -1.561664, -0.739165, 1.254222]",-95.32,61.08,-2.48,-71.32,-100.03,-9.5,75.36,-58.02,-80.7,-86.13,159.54,43.03,-61.35,-98.41,27.47,-89.48,-42.35,71.86
letters_upper/V_dejavusans-bold,letters_upper,targets/letters_upper/V_dejavusans-bold.png,0.8178,0.7465,0.037,0.6733,10,3,3,0.2,66.3,0.4255,0.401,0.8308,0.0,24.14,0.14533,0.09922,letters_upper/V_dejavusans-bold/V_dejavusans-bold_best.png,"[-0.973598, -1.74533, -0.397877, -0.10032, -2.74385, 0.155838, 1.035722, -1.573059, 0.986266, -0.37628, 1.037037, 0.788957, 1.374219, 0.748397, -0.90839, -1.197649, 0.049387, 0.886008]",-55.78,-100.0,-22.8,-5.75,-157.21,8.93,59.34,-90.13,56.51,-21.56,59.42,45.2,78.74,42.88,-52.05,-68.62,2.83,50.76
objects/fountain_mpeg7-05,objects,targets/objects/fountain_mpeg7-05.png,0.8161,0.7827,0.0211,0.7502,10,2,3,0.2,64.5,0.234,0.177,0.9269,-12.07,28.16,0.23065,0.25,objects/fountain_mpeg7-05/fountain_mpeg7-05_best.png,"[0.851203, -1.21188, 1.107495, 1.437008, -2.119542, 1.201591, 0.669452, -0.64833, 0.987699, 0.417783, -0.573939, 0.942406, -1.068208, -1.5912, -1.311648, -1.316598, 2.445675, 0.502634]",48.77,-69.44,63.45,82.33,-121.44,68.85,38.36,-37.15,56.59,23.94,-32.88,54.0,-61.2,-91.17,-75.15,-75.44,140.13,28.8
abstract/heart_mpeg7-02,abstract,targets/abstract/heart_mpeg7-02.png,0.8156,0.7765,0.0219,0.7352,10,4,3,0.2,65.3,0.2588,0.2273,0.9269,-16.09,28.16,0.07845,0.2579,abstract/heart_mpeg7-02/heart_mpeg7-02_best.png,"[1.323748, -1.563674, -1.022763, 0.288241, 1.742949, 1.695917, -1.2667, 0.748233, -1.505354, 1.312174, 2.481753, 1.582352, 0.512821, -0.069307, -0.612691, 1.590218, -1.264089, 0.300813]",75.85,-89.59,-58.6,16.51,99.86,97.17,-72.58,42.87,-86.25,75.18,142.19,90.66,29.38,-3.97,-35.1,91.11,-72.43,17.24
animals/frog_mpeg7-03,animals,targets/animals/frog_mpeg7-03.png,0.8144,0.7878,0.0198,0.7442,10,4,3,0.2,65.5,0.3577,0.3192,0.9269,-16.09,28.16,0.15383,0.26745,animals/frog_mpeg7-03/frog_mpeg7-03_best.png,"[-1.217265, -1.557326, -0.482641, 1.592105, 1.951047, 0.747047, -1.197801, 0.087995, 0.813931, -1.65806, 0.001879, 0.583269, -0.419711, -1.167152, 0.422207, 1.391171, -2.360695, -0.129468]",-69.74,-89.23,-27.65,91.22,111.79,42.8,-68.63,5.04,46.63,-95.0,0.11,33.42,-24.05,-66.87,24.19,79.71,-135.26,-7.42
hand_shadow/snail_hasper-01,hand_shadow,targets/hand_shadow/snail_hasper-01.png,0.8143,0.7846,0.0295,0.7162,10,3,3,0.2,65.3,0.1978,0.1756,0.8308,-24.14,28.16,0.12057,0.33257,hand_shadow/snail_hasper-01/snail_hasper-01_best.png,"[1.91986, -1.150885, 0.62672, 1.380828, 1.921982, 0.488879, -0.827749, -0.82513, 0.865856, 1.431678, 2.32634, 0.49093, 0.11603, -1.532821, 1.445774, -0.86428, 2.112181, 0.860775]",110.0,-65.94,35.91,79.12,110.12,28.01,-47.43,-47.28,49.61,82.03,133.29,28.13,6.65,-87.82,82.84,-49.52,121.02,49.32
animals/ray_mpeg7-02,animals,targets/animals/ray_mpeg7-02.png,0.8141,0.7718,0.031,0.7181,10,4,3,0.2,65.4,0.2822,0.2484,1.0231,-20.11,28.16,0.12608,0.22178,animals/ray_mpeg7-02/ray_mpeg7-02_best.png,"[1.155657, -1.543967, -0.981475, 1.595966, 2.25883, 1.54756, 1.158186, -0.816599, 0.018383, 1.299385, -1.560197, 1.304666, -0.493729, 0.272724, 1.344874, -1.65806, 2.186277, 1.570605]",66.21,-88.46,-56.23,91.44,129.42,88.67,66.36,-46.79,1.05,74.45,-89.39,74.75,-28.29,15.63,77.06,-95.0,125.26,89.99
objects/teddy_mpeg7-05,objects,targets/objects/teddy_mpeg7-05.png,0.8133,0.7791,0.019,0.7473,10,2,3,0.2,65.1,0.3357,0.3044,0.8308,-20.11,24.14,0.15645,0.25425,objects/teddy_mpeg7-05/teddy_mpeg7-05_best.png,"[0.81459, -1.124118, -0.159538, 1.419124, -1.258594, 0.224914, -1.015329, -0.041881, 0.606148, 1.596534, -1.309659, 1.743695, -0.500371, -0.916153, 0.352831, 1.49197, -0.96189, 1.586173]",46.67,-64.41,-9.14,81.31,-72.11,12.89,-58.17,-2.4,34.73,91.47,-75.04,99.91,-28.67,-52.49,20.22,85.48,-55.11,90.88
letters_upper/J_dejavusansmono-bold,letters_upper,targets/letters_upper/J_dejavusansmono-bold.png,0.8125,0.751,0.0375,0.6866,10,8,3,0.2,64.9,0.1157,0.0876,0.9269,-20.11,20.11,0.12231,0.09421,letters_upper/J_dejavusansmono-bold/J_dejavusansmono-bold_best.png,"[-1.446248, -1.691799, -0.666547, 1.09608, 2.768805, 1.431597, -0.948349, 1.249505, -0.656378, -1.279437, 0.683721, 1.109232, -1.911029, 0.013256, -1.421075, -1.568855, -1.456649, 1.057129]",-82.86,-96.93,-38.19,62.8,158.64,82.02,-54.34,71.59,-37.61,-73.31,39.17,63.55,-109.49,0.76,-81.42,-89.89,-83.46,60.57
objects/tree_mpeg7-03,objects,targets/objects/tree_mpeg7-03.png,0.8124,0.7908,0.012,0.7707,10,9,3,0.2,65.4,0.3211,0.3041,0.9269,-8.05,28.16,0.00031,0.11363,objects/tree_mpeg7-03/tree_mpeg7-03_best.png,"[1.214162, -1.557148, -0.132367, 1.323064, 0.933135, -0.067021, 1.854272, -0.440571, 0.864391, -0.768072, -0.454571, 1.326648, -1.860874, -1.140574, -1.627684, 0.272313, -0.334796, 0.374756]",69.57,-89.22,-7.58,75.81,53.46,-3.84,106.24,-25.24,49.53,-44.01,-26.04,76.01,-106.62,-65.35,-93.26,15.6,-19.18,21.47
objects/cup_mpeg7-01,objects,targets/objects/cup_mpeg7-01.png,0.8116,0.774,0.0342,0.7046,10,5,3,0.2,65.0,0.3702,0.3485,0.8308,-8.05,28.16,0.14059,0.25112,objects/cup_mpeg7-01/cup_mpeg7-01_best.png,"[-1.465869, -0.0142, 0.445181, -1.48227, -2.444547, 0.2938, 0.49479, -1.2531, -0.172171, 1.574884, -2.250576, -0.103251, 0.652828, -1.1047, 0.265224, 1.432133, 0.965371, -0.14321]",-83.99,-0.81,25.51,-84.93,-140.06,16.83,28.35,-71.8,-9.86,90.23,-128.95,-5.92,37.4,-63.29,15.2,82.06,55.31,-8.21
objects/hat_mpeg7-01,objects,targets/objects/hat_mpeg7-01.png,0.8116,0.7639,0.0258,0.7369,10,6,3,0.2,64.4,0.2853,0.2713,0.9269,-20.11,28.16,0.1784,0.20942,objects/hat_mpeg7-01/hat_mpeg7-01_best.png,"[-1.3947, 0.185167, -0.434315, 1.073692, -0.685477, 1.26015, -0.762594, -1.347215, 0.36424, 0.950328, 2.350731, 1.474668, 0.624437, -1.290693, -0.232447, 1.579309, -0.476575, 0.015903]",-79.91,10.61,-24.88,61.52,-39.27,72.2,-43.69,-77.19,20.87,54.45,134.69,84.49,35.78,-73.95,-13.32,90.49,-27.31,0.91
objects/fountain_mpeg7-03,objects,targets/objects/fountain_mpeg7-03.png,0.8112,0.758,0.0359,0.6895,10,7,3,0.2,64.8,0.2349,0.1989,0.9269,-12.07,28.16,0.25406,0.25023,objects/fountain_mpeg7-03/fountain_mpeg7-03_best.png,"[-1.879078, -0.012385, 0.167673, 0.395008, 2.289499, 1.213536, -1.153916, -0.033124, 0.506443, 0.420536, 2.812406, 1.628751, 1.504415, -0.574472, 0.371726, -0.306673, 2.791968, 1.017303]",-107.66,-0.71,9.61,22.63,131.18,69.53,-66.11,-1.9,29.02,24.09,161.14,93.32,86.2,-32.91,21.3,-17.57,159.97,58.29
animals/frog_mpeg7-02,animals,targets/animals/frog_mpeg7-02.png,0.8097,0.7825,0.0182,0.7467,10,6,3,0.2,65.3,0.1958,0.1549,0.9269,-24.14,28.16,0.08283,0.29055,animals/frog_mpeg7-02/frog_mpeg7-02_best.png,"[1.011093, -0.258861, -0.35054, 1.537528, -1.672751, 1.446693, 0.382177, 0.659484, -0.934028, 0.725596, -1.953187, 0.043983, -1.914036, -0.254514, 0.504751, 0.550978, -2.675111, 1.670499]",57.93,-14.83,-20.08,88.09,-95.84,82.89,21.9,37.79,-53.52,41.57,-111.91,2.52,-109.67,-14.58,28.92,31.57,-153.27,95.71
figures/children_mpeg7-05,figures,targets/figures/children_mpeg7-05.png,0.8091,0.7914,0.0225,0.7424,10,6,3,0.2,65.4,0.418,0.3915,1.0231,-8.05,12.07,0.0,0.04489,figures/children_mpeg7-05/children_mpeg7-05_best.png,"[1.350946, -1.628845, -0.131283, 0.789656, -2.480192, 0.167001, 1.655874, -0.025928, -0.80558, 0.130867, 2.72248, 0.282242, 1.381221, -1.09905, 0.482753, 0.873601, 0.154783, 1.586837]",77.4,-93.33,-7.52,45.24,-142.1,9.57,94.87,-1.49,-46.16,7.5,155.99,16.17,79.14,-62.97,27.66,50.05,8.87,90.92
animals/fish_mpeg7-01,animals,targets/animals/fish_mpeg7-01.png,0.8081,0.7738,0.0252,0.7326,10,8,3,0.2,64.8,0.1867,0.1532,1.1192,-4.02,28.16,0.25016,0.23345,animals/fish_mpeg7-01/fish_mpeg7-01_best.png,"[-0.742385, -0.828044, -1.443013, -1.159332, 0.182445, 1.663305, 0.968951, -0.174728, 0.790511, 0.341125, -1.257857, 1.686205, -1.03889, -1.412285, -1.667991, 0.871976, 0.131219, 0.287346]",-42.54,-47.44,-82.68,-66.42,10.45,95.3,55.52,-10.01,45.29,19.55,-72.07,96.61,-59.52,-80.92,-95.57,49.96,7.52,16.46
objects/fountain_mpeg7-02,objects,targets/objects/fountain_mpeg7-02.png,0.808,0.7664,0.021,0.7337,10,3,3,0.2,65.2,0.2328,0.1972,0.9269,-12.07,28.16,0.22151,0.24473,objects/fountain_mpeg7-02/fountain_mpeg7-02_best.png,"[-1.91986, -0.091595, 0.170979, 1.65806, -0.072856, -0.075455, -1.11517, 0.000712, 0.371242, 1.588748, -1.447843, 1.227186, 1.460677, -1.357272, 0.424807, 0.830025, -2.632006, 1.745312]",-110.0,-5.25,9.8,95.0,-4.17,-4.32,-63.89,0.04,21.27,91.03,-82.96,70.31,83.69,-77.77,24.34,47.56,-150.8,100.0
digits/1_dejavusansmono-bold,digits,targets/digits/1_dejavusansmono-bold.png,0.8067,0.7627,0.0278,0.7153,10,4,3,0.2,65.0,0.2439,0.2202,0.9269,-12.07,16.09,0.112,0.13253,digits/1_dejavusansmono-bold/1_dejavusansmono-bold_best.png,"[-1.218795, -0.810353, -0.797202, 1.536763, 0.474492, -0.174533, -0.236488, -1.641148, 1.561364, 1.196417, 2.110919, 1.027775, -1.607012, -1.457313, -1.299904, -0.958824, -1.194156, 0.082757]",-69.83,-46.43,-45.68,88.05,27.19,-10.0,-13.55,-94.03,89.46,68.55,120.95,58.89,-92.08,-83.5,-74.48,-54.94,-68.42,4.74
objects/hat_mpeg7-05,objects,targets/objects/hat_mpeg7-05.png,0.8062,0.7646,0.0273,0.7162,10,0,3,0.2,64.7,0.2611,0.2502,1.0231,-20.11,28.16,0.15582,0.23028,objects/hat_mpeg7-05/hat_mpeg7-05_best.png,"[-1.081642, -0.445301, -0.035334, 1.63703, 1.283775, 1.72633, 0.721059, -1.32877, -0.206099, 1.65806, 0.836802, 0.418351, -0.639987, -0.313734, 1.439198, -1.422014, 1.048124, -0.174533]",-61.97,-25.51,-2.02,93.79,73.55,98.91,41.31,-76.13,-11.81,95.0,47.95,23.97,-36.67,-17.98,82.46,-81.48,60.05,-10.0
letters_lower/r_dejavusans-bold,letters_lower,targets/letters_lower/r_dejavusans-bold.png,0.8047,0.7688,0.0197,0.7411,10,2,3,0.2,65.1,0.2714,0.2493,0.7346,4.02,24.14,0.21886,0.04611,letters_lower/r_dejavusans-bold/r_dejavusans-bold_best.png,"[-1.042035, -0.953867, -1.206908, -1.050552, -1.31272, -0.159305, -1.275023, -1.631628, 0.541785, -1.405519, -1.57123, 0.790989, -1.592099, -1.670582, -1.064679, 1.400668, 2.375333, 1.731213]",-59.7,-54.65,-69.15,-60.19,-75.21,-9.13,-73.05,-93.49,31.04,-80.53,-90.02,45.32,-91.22,-95.72,-61.0,80.25,136.1,99.19
animals/octopus_mpeg7-02,animals,targets/animals/octopus_mpeg7-02.png,0.8033,0.7723,0.0178,0.7464,10,8,3,0.2,66.5,0.3004,0.2742,0.7346,-20.11,28.16,0.15054,0.25983,animals/octopus_mpeg7-02/octopus_mpeg7-02_best.png,"[0.737278, -1.028781, 0.048258, 1.65806, -1.587601, -0.089453, -0.996386, -0.08117, 0.636058, 1.383178, 0.175977, -0.149551, -1.902426, -1.097054, 1.368064, -1.46173, 2.561628, -0.075476]",42.24,-58.94,2.76,95.0,-90.96,-5.13,-57.09,-4.65,36.44,79.25,10.08,-8.57,-109.0,-62.86,78.38,-83.75,146.77,-4.32
objects/guitar_mpeg7-04,objects,targets/objects/guitar_mpeg7-04.png,0.8022,0.7368,0.0393,0.6615,10,7,3,0.2,65.4,0.0489,0.0321,0.9269,20.11,28.16,0.24296,0.26981,objects/guitar_mpeg7-04/guitar_mpeg7-04_best.png,"[-0.178826, -0.940687, -1.643493, -0.282398, 0.65898, 1.109241, 1.91986, -0.696451, 0.939746, -0.622799, -1.787195, 0.113166, -1.107787, -1.546661, -1.69, 0.749055, -2.668411, 0.046676]",-10.25,-53.9,-94.17,-16.18,37.76,63.55,110.0,-39.9,53.84,-35.68,-102.4,6.48,-63.47,-88.62,-96.83,42.92,-152.89,2.67
objects/jar_mpeg7-02,objects,targets/objects/jar_mpeg7-02.png,0.802,0.7606,0.0486,0.6372,10,4,3,0.2,64.6,0.2558,0.2201,1.0231,-16.09,28.16,0.06075,0.29215,objects/jar_mpeg7-02/jar_mpeg7-02_best.png,"[-1.911162, -0.303733, 0.586723, -1.017941, -0.80169, 1.431711, 0.71152, -0.26609, 0.945527, -1.32564, 2.509401, 0.731068, 0.883814, -0.636925, 0.068892, 1.457643, -1.66363, 0.884846]",-109.5,-17.4,33.62,-58.32,-45.93,82.03,40.77,-15.25,54.17,-75.95,143.78,41.89,50.64,-36.49,3.95,83.52,-95.32,50.7
digits/1_dejavuserif-bold,digits,targets/digits/1_dejavuserif-bold.png,0.8009,0.7619,0.0318,0.6907,10,7,3,0.2,65.5,0.4211,0.3473,0.9269,-8.05,16.09,0.05091,0.06322,digits/1_dejavuserif-bold/1_dejavuserif-bold_best.png,"[-1.801892, 0.82394, -0.504896, 0.184982, 1.613404, 1.69351, -1.346507, -1.188839, -0.138098, -0.911299, -1.297268, 1.74533, -1.231325, -1.624574, 0.163866, -0.079851, 1.437959, 0.228993]",-103.24,47.21,-28.93,10.6,92.44,97.03,-77.15,-68.12,-7.91,-52.21,-74.33,100.0,-70.55,-93.08,9.39,-4.58,82.39,13.12
animals/flatfish_mpeg7-01,animals,targets/animals/flatfish_mpeg7-01.png,0.7999,0.7466,0.0289,0.7045,10,4,3,0.2,64.7,0.3049,0.2684,1.1192,-12.07,28.16,0.14899,0.25823,animals/flatfish_mpeg7-01/flatfish_mpeg7-01_best.png,"[1.441951, -1.731296, -0.32426, 1.610194, 1.820249, 1.74533, 1.91986, -1.650527, -0.616551, -1.65806, 2.468028, 1.676692, 0.888226, -1.148029, -1.005052, -1.602889, 1.354569, 1.265199]",82.62,-99.2,-18.58,92.26,104.29,100.0,110.0,-94.57,-35.33,-95.0,141.41,96.07,50.89,-65.78,-57.59,-91.84,77.61,72.49
abstract/misk_mpeg7-04,abstract,targets/abstract/misk_mpeg7-04.png,0.7976,0.7685,0.0257,0.7254,10,1,3,0.2,65.2,0.3533,0.3157,0.7346,-12.07,28.16,0.15083,0.21779,abstract/misk_mpeg7-04/misk_mpeg7-04_best.png,"[-1.769914, -0.310418, 0.353206, -0.734001, -1.499453, 1.15691, 0.375145, -1.737636, 1.483583, -1.363426, 2.276525, 0.450305, 0.913676, -0.902035, 1.101683, 0.344165, 1.443533, -0.119086]",-101.41,-17.79,20.24,-42.06,-85.91,66.29,21.49,-99.56,85.0,-78.12,130.44,25.8,52.35,-51.68,63.12,19.72,82.71,-6.82
abstract/device8_mpeg7-03,abstract,targets/abstract/device8_mpeg7-03.png,0.7964,0.7674,0.0205,0.7197,10,2,3,0.2,65.1,0.2744,0.2554,0.8308,-4.02,28.16,0.1283,0.05678,abstract/device8_mpeg7-03/device8_mpeg7-03_best.png,"[-1.333559, -1.7196, 0.542069, -1.409421, 1.344393, 0.686463, -0.974873, -1.160048, -1.291533, -0.477224, 0.528554, 0.629065, 0.824558, -0.505052, -0.390422, 1.379243, 2.84121, 0.286962]",-76.41,-98.53,31.06,-80.75,77.03,39.33,-55.86,-66.47,-74.0,-27.34,30.28,36.04,47.24,-28.94,-22.37,79.02,162.79,16.44
animals/butterfly_mpeg7-05,animals,targets/animals/butterfly_mpeg7-05.png,0.7957,0.7453,0.0297,0.6876,10,3,3,0.2,65.0,0.3811,0.3316,0.8308,0.0,24.14,0.10608,0.24207,animals/butterfly_mpeg7-05/butterfly_mpeg7-05_best.png,"[-1.075448, -1.39199, -1.308397, -0.966119, -0.778649, 1.192122, 1.732143, -1.69857, 0.112197, 1.056293, 1.019428, 0.238668, -1.13954, -0.676084, 0.105721, 1.620391, 1.168874, -0.141305]",-61.62,-79.76,-74.97,-55.35,-44.61,68.3,99.24,-97.32,6.43,60.52,58.41,13.67,-65.29,-38.74,6.06,92.84,66.97,-8.1
vehicles/chopper_mpeg7-04,vehicles,targets/vehicles/chopper_mpeg7-04.png,0.7954,0.7562,0.0239,0.7071,10,3,3,0.2,64.7,0.2429,0.217,1.0231,0.0,28.16,0.13159,0.31139,vehicles/chopper_mpeg7-04/chopper_mpeg7-04_best.png,"[-1.791988, -0.014646, 0.271154, -0.79422, 1.88916, 0.632891, -1.284454, 0.013782, 0.158455, 1.530116, -2.620992, 1.430451, -1.129138, -0.618238, 0.387261, 1.01365, 1.934145, -0.174533]",-102.67,-0.84,15.54,-45.51,108.24,36.26,-73.59,0.79,9.08,87.67,-150.17,81.96,-64.69,-35.42,22.19,58.08,110.82,-10.0
objects/crown_mpeg7-04,objects,targets/objects/crown_mpeg7-04.png,0.7951,0.7266,0.0317,0.6856,10,5,3,0.2,65.0,0.2105,0.1794,1.1192,-12.07,28.16,0.07035,0.30603,objects/crown_mpeg7-04/crown_mpeg7-04_best.png,"[-1.836856, -0.012467, 0.148302, -0.582043, -1.073579, 1.072623, -1.241213, 0.057855, 0.456413, -1.350275, 1.822741, 0.966505, 0.576535, -1.608452, 1.468902, -0.757061, -1.464116, -0.059912]",-105.24,-0.71,8.5,-33.35,-61.51,61.46,-71.12,3.31,26.15,-77.37,104.44,55.38,33.03,-92.16,84.16,-43.38,-83.89,-3.43
digits/0_dejavusans-bold,digits,targets/digits/0_dejavusans-bold.png,0.7949,0.7243,0.042,0.64,10,1,3,0.2,65.5,0.2094,0.1593,0.8308,-28.16,24.14,0.13743,0.18084,digits/0_dejavusans-bold/0_dejavusans-bold_best.png,"[-1.37068, 1.203893, -1.671422, -0.109797, 0.403978, 1.275496, 1.22998, -1.284664, -0.069387, 1.128907, 1.322458, 1.135428, 0.425176, -0.670508, -0.509885, 1.356548, 2.207907, 0.257563]",-78.53,68.98,-95.77,-6.29,23.15,73.08,70.47,-73.61,-3.98,64.68,75.77,65.06,24.36,-38.42,-29.21,77.72,126.5,14.76
objects/bottle_mpeg7-03,objects,targets/objects/bottle_mpeg7-03.png,0.7949,0.738,0.0378,0.6781,10,5,3,0.2,65.2,0.3371,0.293,0.9269,-8.05,16.09,0.0,0.0791,objects/bottle_mpeg7-03/bottle_mpeg7-03_best.png,"[1.297576, -1.709229, 0.298554, 1.072706, -0.152899, 0.996463, 1.406836, -1.525925, 0.500211, 0.09981, -2.74385, 1.275971, 1.620248, -0.822257, 0.515077, 0.564785, -0.214081, 0.344975]",74.35,-97.93,17.11,61.46,-8.76,57.09,80.61,-87.43,28.66,5.72,-157.21,73.11,92.83,-47.11,29.51,32.36,-12.27,19.77
objects/spoon_mpeg7-05,objects,targets/objects/spoon_mpeg7-05.png,0.7947,0.7365,0.0502,0.6078,10,8,3,0.2,65.4,0.0593,0.0327,1.0231,-24.14,12.07,0.10446,0.12705,objects/spoon_mpeg7-05/spoon_mpeg7-05_best.png,"[-0.126821, -0.818589, 0.079836, -0.18804, -1.451719, 0.754885, 1.49617, -1.057445, 0.90699, 1.0457, -2.683047, 1.520986, 1.91986, -0.041811, 0.636292, 0.884932, 2.662348, 0.460654]",-7.27,-46.9,4.57,-10.77,-83.18,43.25,85.72,-60.59,51.97,59.91,-153.73,87.15,110.0,-2.4,36.46,50.7,152.54,26.39
letters_lower/d_dejavusans-bold,letters_lower,targets/letters_lower/d_dejavusans-bold.png,0.7943,0.7583,0.0217,0.718,10,4,3,0.2,65.9,0.1986,0.1643,0.8308,-28.16,24.14,0.22647,0.2224,letters_lower/d_dejavusans-bold/d_dejavusans-bold_best.png,"[-0.747376, 0.783219, -0.348055, 1.60174, -2.146474, 1.703673, 1.384749, -1.74533, 0.534806, -1.280549, 2.84121, 0.118713, -0.779081, -0.449423, 0.14736, 1.18646, -1.225766, 1.156204]",-42.82,44.88,-19.94,91.77,-122.98,97.61,79.34,-100.0,30.64,-73.37,162.79,6.8,-44.64,-25.75,8.44,67.98,-70.23,66.25
animals/flatfish_mpeg7-03,animals,targets/animals/flatfish_mpeg7-03.png,0.7936,0.7511,0.0352,0.6848,10,1,3,0.2,65.2,0.1884,0.1706,1.0231,-12.07,28.16,0.01119,0.3214,animals/flatfish_mpeg7-03/flatfish_mpeg7-03_best.png,"[1.252056, -0.877772, -1.667843, -1.024179, -2.369952, -0.005707, -0.935752, -1.221448, 0.162993, 1.65806, 1.728412, -0.059667, 0.973039, 1.045776, -1.689932, 1.026565, 2.741682, 0.202403]",71.74,-50.29,-95.56,-58.68,-135.79,-0.33,-53.61,-69.98,9.34,95.0,99.03,-3.42,55.75,59.92,-96.83,58.82,157.09,11.6
abstract/heart_mpeg7-04,abstract,targets/abstract/heart_mpeg7-04.png,0.7935,0.7778,0.0142,0.7503,10,9,3,0.2,65.3,0.3012,0.2571,0.8308,-12.07,28.16,0.08647,0.23475,abstract/heart_mpeg7-04/heart_mpeg7-04_best.png,"[-1.91986, -0.714927, 0.291026, 0.472956, 2.772527, 0.054418, 1.896691, -1.15234, -0.945367, -1.65806, 1.316467, 1.589474, 1.887215, 1.048411, -1.131207, 0.352374, 2.448523, 1.327308]",-110.0,-40.96,16.67,27.1,158.85,3.12,108.67,-66.02,-54.17,-95.0,75.43,91.07,108.13,60.07,-64.81,20.19,140.29,76.05
animals/turtle_mpeg7-03,animals,targets/animals/turtle_mpeg7-03.png,0.7929,0.7723,0.0168,0.7404,10,5,3,0.2,64.8,0.1571,0.1404,1.0231,-20.11,16.09,0.0,0.19132,animals/turtle_mpeg7-03/turtle_mpeg7-03_best.png,"[1.723744, -1.605243, 0.311573, -1.249853, 1.633284, 0.082619, -1.877633, -1.315319, 1.010933, -1.443616, 0.130208, 1.157594, 1.268295, -0.184972, -0.769298, 0.616461, 1.83314, 0.934173]",98.76,-91.97,17.85,-71.61,93.58,4.73,-107.58,-75.36,57.92,-82.71,7.46,66.33,72.67,-10.6,-44.08,35.32,105.03,53.52
objects/jar_mpeg7-03,objects,targets/objects/jar_mpeg7-03.png,0.7926,0.7607,0.0308,0.6932,10,7,3,0.2,64.8,0.2324,0.2024,1.0231,-16.09,28.16,0.06199,0.2975,objects/jar_mpeg7-03/jar_mpeg7-03_best.png,"[1.237132, -0.86493, -1.69, -0.966363, 2.84121, -0.014365, -0.783489, -1.170507, 1.529935, -1.160824, 1.353686, 1.42707, -1.172963, -0.37652, -0.086882, 1.133902, -1.490249, 1.677013]",70.88,-49.56,-96.83,-55.37,162.79,-0.82,-44.89,-67.07,87.66,-66.51,77.56,81.77,-67.21,-21.57,-4.98,64.97,-85.38,96.09
abstract/device2_mpeg7-02,abstract,targets/abstract/device2_mpeg7-02.png,0.7913,0.7507,0.0255,0.7053,10,8,3,0.2,65.2,0.3168,0.2923,0.9269,-12.07,28.16,0.07811,0.25402,abstract/device2_mpeg7-02/device2_mpeg7-02_best.png,"[0.860738, -1.455452, -0.171016, 1.63016, -0.920047, 0.343695, -1.131192, -0.628731, 0.145976, 1.629451, 0.253068, -0.174533, -0.809829, -1.74533, 1.243232, 1.181384, -2.27757, 0.717853]",49.32,-83.39,-9.8,93.4,-52.71,19.69,-64.81,-36.02,8.36,93.36,14.5,-10.0,-46.4,-100.0,71.23,67.69,-130.5,41.13
abstract/device4_mpeg7-05,abstract,targets/abstract/device4_mpeg7-05.png,0.7913,0.7595,0.024,0.7235,10,0,3,0.2,65.1,0.2918,0.2705,0.9269,-16.09,24.14,0.21785,0.24814,abstract/device4_mpeg7-05/device4_mpeg7-05_best.png,"[-0.825727, -0.238363, 0.996076, -0.793044, 1.484159, 1.499357, 1.281538, -1.292583, -1.69, -0.71025, 0.629242, 0.531427, 0.866925, -1.065963, 0.205134, 1.65806, -0.755866, 0.058985]",-47.31,-13.66,57.07,-45.44,85.04,85.91,73.43,-74.06,-96.83,-40.69,36.05,30.45,49.67,-61.08,11.75,95.0,-43.31,3.38
letters_upper/T_dejavusans-bold,letters_upper,targets/letters_upper/T_dejavusans-bold.png,0.7911,0.7446,0.0264,0.6848,10,6,3,0.2,65.2,0.248,0.2301,0.7346,-8.05,28.16,0.1179,0.05918,letters_upper/T_dejavusans-bold/T_dejavusans-bold_best.png,"[-1.366713, -1.441775, -0.162357, 1.65806, -0.609117, 0.057986, -1.139863, -0.644672, -1.604527, -1.06729, -2.105535, 0.803227, 0.954813, -0.618923, -0.179164, 0.964967, -0.908738, 0.33055]",-78.31,-82.61,-9.3,95.0,-34.9,3.32,-65.31,-36.94,-91.93,-61.15,-120.64,46.02,54.71,-35.46,-10.27,55.29,-52.07,18.94
abstract/heart_mpeg7-03,abstract,targets/abstract/heart_mpeg7-03.png,0.7905,0.765,0.0172,0.739,10,9,3,0.2,65.5,0.2822,0.2555,0.8308,-12.07,28.16,0.08764,0.23764,abstract/heart_mpeg7-03/heart_mpeg7-03_best.png,"[-1.385015, -0.122144, -0.393267, 1.101433, -0.742594, 0.840956, 1.183528, -0.780948, -1.663852, -1.092858, 1.434674, 0.115842, -0.884116, -1.703224, -0.387201, -1.60751, -0.565903, 1.397612]",-79.36,-7.0,-22.53,63.11,-42.55,48.18,67.81,-44.75,-95.33,-62.62,82.2,6.64,-50.66,-97.59,-22.18,-92.1,-32.42,80.08
objects/tree_mpeg7-05,objects,targets/objects/tree_mpeg7-05.png,0.789,0.732,0.0517,0.6459,10,0,3,0.2,65.2,0.3655,0.318,0.8308,-4.02,28.16,0.03878,0.07213,objects/tree_mpeg7-05/tree_mpeg7-05_best.png,"[1.91986, -1.74533, 1.451225, -0.884302, -2.74385, -0.136298, 1.90356, 0.290022, 0.508959, 1.520115, 1.362489, 0.479891, 1.715682, 1.723297, -1.660414, -1.150214, 1.555228, 1.143623]",110.0,-100.0,83.15,-50.67,-157.21,-7.81,109.07,16.62,29.16,87.1,78.06,27.5,98.3,98.74,-95.13,-65.9,89.11,65.52
objects/guitar_mpeg7-02,objects,targets/objects/guitar_mpeg7-02.png,0.7883,0.7255,0.0461,0.6307,10,1,3,0.2,65.1,0.0872,0.0624,1.1192,16.09,28.16,0.23335,0.3532,objects/guitar_mpeg7-02/guitar_mpeg7-02_best.png,"[1.429772, -1.195183, -1.410708, -0.637439, -2.306546, 0.824729, 0.793711, 0.398642, 1.448864, -1.595208, 2.201097, 0.691319, 0.511647, -1.073125, -1.452191, -0.312972, -1.159313, 0.097914]",81.92,-68.48,-80.83,-36.52,-132.16,47.25,45.48,22.84,83.01,-91.4,126.11,39.61,29.32,-61.49,-83.2,-17.93,-66.42,5.61
letters_upper/Y_dejavusans-bold,letters_upper,targets/letters_upper/Y_dejavusans-bold.png,0.7873,0.7557,0.0369,0.6799,10,1,3,0.2,65.4,0.3329,0.2905,0.8308,-4.02,24.14,0.10756,0.03365,letters_upper/Y_dejavusans-bold/Y_dejavusans-bold_best.png,"[0.967868, -1.515034, 0.472373, 0.528013, -2.032772, -0.168841, -1.000433, -1.206617, -0.953976, -0.436438, -1.350885, 0.551815, -1.425146, -1.74533, -1.69, 0.884689, -0.772106, 1.55945]",55.45,-86.81,27.06,30.25,-116.47,-9.67,-57.32,-69.13,-54.66,-25.01,-77.4,31.62,-81.65,-100.0,-96.83,50.69,-44.24,89.35
abstract/device8_mpeg7-05,abstract,targets/abstract/device8_mpeg7-05.png,0.7867,0.7096,0.0421,0.6435,10,7,3,0.2,66.0,0.2376,0.2143,0.8308,-4.02,28.16,0.14028,0.05871,abstract/device8_mpeg7-05/device8_mpeg7-05_best.png,"[1.293587, -1.166068, -0.821079, -1.416054, 1.836531, -0.114274, 1.003349, -0.808524, 0.042757, 0.926396, 1.708277, -0.068567, -0.827098, -0.824588, -1.655224, -0.606581, -2.694683, 0.095343]",74.12,-66.81,-47.04,-81.13,105.23,-6.55,57.49,-46.33,2.45,53.08,97.88,-3.93,-47.39,-47.25,-94.84,-34.75,-154.39,5.46
hand_shadow/dog_hasper-01,hand_shadow,targets/hand_shadow/dog_hasper-01.png,0.7855,0.7546,0.0259,0.7036,10,5,3,0.2,65.2,0.1961,0.1698,0.8308,4.02,28.16,0.19658,0.2447,hand_shadow/dog_hasper-01/dog_hasper-01_best.png,"[-1.87759, -0.652185, 0.013687, 1.157125, -0.72331, 0.568299, -0.925431, -0.646048, 1.418585, 0.120218, -2.335838, 0.75993, 0.964751, -1.026992, -1.663134, -0.922721, 2.651168, 0.502204]",-107.58,-37.37,0.78,66.3,-41.44,32.56,-53.02,-37.02,81.28,6.89,-133.83,43.54,55.28,-58.84,-95.29,-52.87,151.9,28.77
abstract/heart_mpeg7-05,abstract,targets/abstract/heart_mpeg7-05.png,0.7846,0.7634,0.0204,0.7284,10,2,3,0.2,65.2,0.243,0.2054,1.0231,-16.09,28.16,0.08533,0.25362,abstract/heart_mpeg7-05/heart_mpeg7-05_best.png,"[1.91986, -0.103827, -0.184989, 1.393789, 1.584173, 1.418896, -1.235003, 0.645438, -1.555697, 1.605013, 2.84121, 0.091179, 0.791623, -1.600528, -0.87918, 1.604655, 1.453829, 1.624556]",110.0,-5.95,-10.6,79.86,90.77,81.3,-70.76,36.98,-89.13,91.96,162.79,5.22,45.36,-91.7,-50.37,91.94,83.3,93.08
animals/elephant_mpeg7-02,animals,targets/animals/elephant_mpeg7-02.png,0.7845,0.7219,0.0311,0.6807,10,2,3,0.2,65.3,0.2922,0.2495,0.8308,0.0,28.16,0.10015,0.24394,animals/elephant_mpeg7-02/elephant_mpeg7-02_best.png,"[-1.117037, -0.749675, -1.671994, -1.370784, -0.824298, 0.435293, 1.096774, -0.612036, 0.423508, 1.561145, -2.741144, 0.345288, 0.413703, -1.367891, 0.194401, 1.620545, 2.092761, 1.283613]",-64.0,-42.95,-95.8,-78.54,-47.23,24.94,62.84,-35.07,24.27,89.45,-157.06,19.78,23.7,-78.37,11.14,92.85,119.91,73.55
vehicles/truck_mpeg7-05,vehicles,targets/vehicles/truck_mpeg7-05.png,0.7845,0.7442,0.031,0.6844,10,0,3,0.2,36.2,0.1945,0.1688,1.0231,-16.09,28.16,0.1218,0.30839,vehicles/truck_mpeg7-05/truck_mpeg7-05_best.png,"[1.294083, -0.836886, -1.69, -1.220082, 2.059745, -0.015384, -1.092635, 0.633522, -0.366653, -0.376466, 1.20526, 1.731151, -0.770992, -0.180996, 0.200309, 1.64057, 2.104661, 0.943232]",74.15,-47.95,-96.83,-69.91,118.01,-0.88,-62.6,36.3,-21.01,-21.57,69.06,99.19,-44.17,-10.37,11.48,94.0,120.59,54.04
abstract/misk_mpeg7-05,abstract,targets/abstract/misk_mpeg7-05.png,0.7839,0.7679,0.0118,0.7454,10,3,3,0.2,64.9,0.3089,0.2903,0.7346,-8.05,28.16,0.10456,0.13285,abstract/misk_mpeg7-05/misk_mpeg7-05_best.png,"[-1.670519, -0.10061, -0.44668, 1.430925, 0.502818, -0.099068, 0.375037, -1.508015, -0.076695, 1.618209, 2.037978, 1.656795, -0.191182, -1.62345, 0.563277, 0.778767, 1.543935, 1.25539]",-95.71,-5.76,-25.59,81.99,28.81,-5.68,21.49,-86.4,-4.39,92.72,116.77,94.93,-10.95,-93.02,32.27,44.62,88.46,71.93
animals/octopus_mpeg7-01,animals,targets/animals/octopus_mpeg7-01.png,0.7837,0.7511,0.0242,0.703,10,2,3,0.2,66.1,0.2862,0.27,0.7346,-16.09,28.16,0.13289,0.24957,animals/octopus_mpeg7-01/octopus_mpeg7-01_best.png,"[0.845737, -1.237156, -0.0178, 1.608218, -2.033508, 1.03014, -0.876423, -0.725286, 1.128092, 0.865263, 2.176444, 1.108571, 1.91986, -1.588105, -0.475981, -1.599935, -2.71505, 1.300855]",48.46,-70.88,-1.02,92.14,-116.51,59.02,-50.22,-41.56,64.63,49.58,124.7,63.52,110.0,-90.99,-27.27,-91.67,-155.56,74.53
letters_lower/o_dejavusans-bold,letters_lower,targets/letters_lower/o_dejavusans-bold.png,0.7837,0.7298,0.0313,0.6844,10,7,3,0.2,65.7,0.1975,0.1675,0.8308,-28.16,28.16,0.12549,0.20036,letters_lower/o_dejavusans-bold/o_dejavusans-bold_best.png,"[1.4354, -1.33153, -0.719183, -1.597829, 2.770996, 0.075156, -1.247977, 1.192125, -1.662886, -0.240947, 0.259887, 1.683104, -0.935729, -0.627624, -0.067622, 1.127069, -1.875065, 1.214563]",82.24,-76.29,-41.21,-91.55,158.77,4.31,-71.5,68.3,-95.28,-13.81,14.89,96.43,-53.61,-35.96,-3.87,64.58,-107.43,69.59
animals/ray_mpeg7-01,animals,targets/animals/ray_mpeg7-01.png,0.7823,0.7458,0.0179,0.7123,10,3,3,0.2,64.9,0.3268,0.288,0.9269,-12.07,24.14,0.03189,0.18004,animals/ray_mpeg7-01/ray_mpeg7-01_best.png,"[1.450228, -1.705032, -0.278033, 1.278, 2.52568, 0.206808, 1.885847, -0.986964, -1.124066, -1.550579, 0.046511, 1.70299, -1.136119, -1.379559, -1.394102, 1.644467, -2.020271, 0.999562]",83.09,-97.69,-15.93,73.22,144.71,11.85,108.05,-56.55,-64.4,-88.84,2.66,97.57,-65.09,-79.04,-79.88,94.22,-115.75,57.27
hand_shadow/bird_hasper-01,hand_shadow,targets/hand_shadow/bird_hasper-01.png,0.7807,0.7451,0.0252,0.6893,10,2,3,0.2,65.1,0.2206,0.1917,0.9269,-24.14,28.16,0.28014,0.20903,hand_shadow/bird_hasper-01/bird_hasper-01_best.png,"[0.121026, -1.152589, 1.397746, 0.128006, 0.087387, 0.180582, -1.143157, -1.74533, 0.263264, -1.561286, -0.689118, 0.084135, -0.830019, -0.539879, 1.077341, -0.368602, 1.210523, 1.430022]",6.93,-66.04,80.08,7.33,5.01,10.35,-65.5,-100.0,15.08,-89.46,-39.48,4.82,-47.56,-30.93,61.73,-21.12,69.36,81.93
objects/crown_mpeg7-01,objects,targets/objects/crown_mpeg7-01.png,0.7782,0.7253,0.0248,0.6908,10,4,3,0.2,65.1,0.2994,0.2717,0.9269,-20.11,28.16,0.10893,0.24591,objects/crown_mpeg7-01/crown_mpeg7-01_best.png,"[-1.846314, -0.229761, 0.594885, -1.519539, -1.234133, 0.979615, -0.94552, -0.992298, 1.536582, -1.439174, 2.435489, 0.244828, -1.049145, -0.708378, 0.203543, 1.628841, -1.557469, 1.315568]",-105.79,-13.16,34.08,-87.06,-70.71,56.13,-54.17,-56.85,88.04,-82.46,139.54,14.03,-60.11,-40.59,11.66,93.33,-89.24,75.38
letters_lower/f_dejavusans-bold,letters_lower,targets/letters_lower/f_dejavusans-bold.png,0.778,0.7237,0.0383,0.6422,10,2,3,0.2,65.2,0.4785,0.4191,0.8308,-4.02,20.11,0.03178,0.02834,letters_lower/f_dejavusans-bold/f_dejavusans-bold_best.png,"[-1.157462, -0.903193, -0.863412, -1.307306, -1.687735, 1.03591, 1.347011, -1.681345, 0.533414, 0.922081, -1.479293, -0.043289, -1.262465, -1.236251, -1.060098, -0.855514, 0.350816, 0.78478]",-66.32,-51.75,-49.47,-74.9,-96.7,59.35,77.18,-96.33,30.56,52.83,-84.76,-2.48,-72.33,-70.83,-60.74,-49.02,20.1,44.96
abstract/device1_mpeg7-04,abstract,targets/abstract/device1_mpeg7-04.png,0.7779,0.7416,0.0217,0.7006,10,1,3,0.2,65.0,0.28,0.2531,0.9269,-24.14,24.14,0.06966,0.28669,abstract/device1_mpeg7-04/device1_mpeg7-04_best.png,"[-1.43721, 1.105286, -1.69, -1.483685, 1.290585, 1.136078, 1.35717, -1.625835, -0.607951, 1.562718, 0.473974, 1.108106, -0.940849, -0.146336, 0.515131, -0.937629, 1.294442, 1.016418]",-82.35,63.33,-96.83,-85.01,73.95,65.09,77.76,-93.15,-34.83,89.54,27.16,63.49,-53.91,-8.38,29.51,-53.72,74.17,58.24
objects/crown_mpeg7-02,objects,targets/objects/crown_mpeg7-02.png,0.7767,0.7439,0.0196,0.7104,10,0,3,0.2,65.0,0.1912,0.1603,1.2154,-12.07,28.16,0.05327,0.32242,objects/crown_mpeg7-02/crown_mpeg7-02_best.png,"[-1.899063, 0.04555, 0.553847, -1.637953, 1.149952, 1.217684, -1.301641, 0.577571, -0.359471, -1.281746, 1.203393, 1.572031, -1.68724, -0.597125, -1.69, -1.645521, -1.449065, 1.024575]",-108.81,2.61,31.73,-93.85,65.89,69.77,-74.58,33.09,-20.6,-73.44,68.95,90.07,-96.67,-34.21,-96.83,-94.28,-83.03,58.7
letters_lower/x_dejavusans-bold,letters_lower,targets/letters_lower/x_dejavusans-bold.png,0.7763,0.7234,0.0347,0.6524,10,2,3,0.2,64.9,0.2405,0.215,0.9269,-24.14,24.14,0.20191,0.17064,letters_lower/x_dejavusans-bold/x_dejavusans-bold_best.png,"[0.759099, -1.220986, 0.658642, -0.034642, -1.776154, 0.681822, -1.00128, 0.283953, 0.375444, 1.177436, -1.006142, 0.710122, -1.91986, -1.168204, 0.268586, 0.731182, 0.740263, 0.299396]",43.49,-69.96,37.74,-1.98,-101.77,39.07,-57.37,16.27,21.51,67.46,-57.65,40.69,-110.0,-66.93,15.39,41.89,42.41,17.15
letters_upper/O_dejavusans-bold,letters_upper,targets/letters_upper/O_dejavusans-bold.png,0.7753,0.719,0.0381,0.6468,10,1,3,0.2,65.3,0.161,0.1275,0.8308,-28.16,28.16,0.15498,0.17608,letters_upper/O_dejavusans-bold/O_dejavusans-bold_best.png,"[-1.284427, 1.11107, -1.372832, -1.016752, 0.338426, 1.141966, 0.616727, -0.943382, -0.09585, 1.373701, -1.794609, -0.066733, 1.732694, 0.161214, -0.529108, 1.216335, 1.845747, 0.347677]",-73.59,63.66,-78.66,-58.26,19.39,65.43,35.34,-54.05,-5.49,78.71,-102.82,-3.82,99.28,9.24,-30.32,69.69,105.75,19.92
animals/bird_mpeg7-03,animals,targets/animals/bird_mpeg7-03.png,0.7748,0.7143,0.0318,0.6685,10,9,3,0.2,65.1,0.3748,0.3473,0.9269,-8.05,24.14,0.14642,0.21333,animals/bird_mpeg7-03/bird_mpeg7-03_best.png,"[-1.83504, -1.280202, 0.53493, 0.612793, 1.574821, 0.353732, 1.298042, 0.046398, 0.139755, 0.646911, 2.462101, 1.633616, -1.061145, -1.131664, -1.543861, 0.843108, 0.078461, 0.365499]",-105.14,-73.35,30.65,35.11,90.23,20.27,74.37,2.66,8.01,37.07,141.07,93.6,-60.8,-64.84,-88.46,48.31,4.5,20.94
letters_upper/U_dejavusans-bold,letters_upper,targets/letters_upper/U_dejavusans-bold.png,0.7745,0.6813,0.0483,0.5891,10,1,3,0.2,65.1,0.1279,0.1002,0.8308,-28.16,28.16,0.19001,0.18738,letters_upper/U_dejavusans-bold/U_dejavusans-bold_best.png,"[-1.277063, 0.940574, -1.340071, -1.007383, 0.336249, 1.415447, -1.419664, -1.684525, 0.065981, -1.111783, 0.868897, 0.409714, -1.238327, -1.543973, 0.423298, -1.65806, 0.153073, 1.524749]",-73.17,53.89,-76.78,-57.72,19.27,81.1,-81.34,-96.52,3.78,-63.7,49.78,23.47,-70.95,-88.46,24.25,-95.0,8.77,87.36
animals/chicken_mpeg7-01,animals,targets/animals/chicken_mpeg7-01.png,0.7742,0.7512,0.0187,0.7145,10,1,3,0.2,65.1,0.2416,0.2057,0.8308,-16.09,28.16,0.1874,0.21849,animals/chicken_mpeg7-01/chicken_mpeg7-01_best.png,"[1.357026, -1.186222, -1.276071, -0.464227, -2.271332, -0.01304, 0.523416, -1.697981, 1.283986, -1.543611, 1.899517, 1.07154, 1.23893, 0.079501, 0.427218, -0.781184, 1.480708, -0.135315]",77.75,-67.97,-73.11,-26.6,-130.14,-0.75,29.99,-97.29,73.57,-88.44,108.83,61.39,70.99,4.56,24.48,-44.76,84.84,-7.75
animals/flatfish_mpeg7-02,animals,targets/animals/flatfish_mpeg7-02.png,0.774,0.7214,0.0332,0.6653,10,9,3,0.2,65.4,0.1156,0.1007,1.1192,-12.07,28.16,0.00971,0.33744,animals/flatfish_mpeg7-02/flatfish_mpeg7-02_best.png,"[-1.416143, -1.302691, 0.439806, 1.336456, 2.694595, -0.042045, 1.135294, -1.094441, -1.435228, -1.07982, 0.982974, 1.479358, -1.029144, -0.578229, 1.028119, -0.926094, 1.530412, 1.466272]",-81.14,-74.64,25.2,76.57,154.39,-2.41,65.05,-62.71,-82.23,-61.87,56.32,84.76,-58.97,-33.13,58.91,-53.06,87.69,84.01
letters_lower/u_dejavusansmono-bold,letters_lower,targets/letters_lower/u_dejavusansmono-bold.png,0.7735,0.6938,0.0382,0.6254,10,3,3,0.2,65.1,0.1469,0.1072,0.8308,-28.16,28.16,0.1925,0.19536,letters_lower/u_dejavusansmono-bold/u_dejavusansmono-bold_best.png,"[-1.088837, -1.08886, 1.471699, -0.262869, -2.024987, 1.048946, -1.158214, 1.200188, -1.69, -1.602688, -0.15817, 1.686572, 1.72424, -0.396626, -0.428877, 1.601285, 0.746906, 1.74533]",-62.39,-62.39,84.32,-15.06,-116.02,60.1,-66.36,68.77,-96.83,-91.83,-9.06,96.63,98.79,-22.72,-24.57,91.75,42.79,100.0
animals/chicken_mpeg7-02,animals,targets/animals/chicken_mpeg7-02.png,0.7727,0.7236,0.0212,0.6957,10,3,3,0.2,65.0,0.2453,0.2228,0.8308,0.0,28.16,0.10203,0.18812,animals/chicken_mpeg7-02/chicken_mpeg7-02_best.png,"[-0.952689, -0.894445, -1.395046, -1.266606, -0.91905, 1.405433, -1.220859, -1.183443, 1.27794, -1.273589, -1.069628, 0.396637, -0.960755, -1.429282, -1.476918, 0.46764, -2.425003, 1.693763]",-54.59,-51.25,-79.93,-72.57,-52.66,80.53,-69.95,-67.81,73.22,-72.97,-61.29,22.73,-55.05,-81.89,-84.62,26.79,-138.94,97.05
vehicles/chopper_mpeg7-02,vehicles,targets/vehicles/chopper_mpeg7-02.png,0.7726,0.7437,0.0283,0.6773,10,1,3,0.2,64.8,0.2726,0.2179,1.0231,-12.07,28.16,0.13955,0.29869,vehicles/chopper_mpeg7-02/chopper_mpeg7-02_best.png,"[1.799583, -1.312957, -0.960071, -1.63069, -1.586101, 1.319871, -1.042114, -0.581463, 0.618011, 1.65806, 1.747524, 0.45356, 0.593905, -1.539055, 0.350978, 1.60009, -0.240808, 0.271372]",103.11,-75.23,-55.01,-93.43,-90.88,75.62,-59.71,-33.32,35.41,95.0,100.13,25.99,34.03,-88.18,20.11,91.68,-13.8,15.55
letters_lower/j_dejavusans-bold,letters_lower,targets/letters_lower/j_dejavusans-bold.png,0.7723,0.7204,0.0369,0.6417,10,7,3,0.2,65.4,0.3837,0.3618,1.0231,-8.05,12.07,0.02597,0.09326,letters_lower/j_dejavusans-bold/j_dejavusans-bold_best.png,"[1.679961, 0.721383, -1.586628, -0.285292, 2.689364, 0.875606, 1.785643, -1.722551, 1.519631, -0.868456, 0.957198, 0.059212, 1.635667, -0.002746, -1.206115, -1.356469, -2.593566, -0.087242]",96.25,41.33,-90.91,-16.35,154.09,50.17,102.31,-98.69,87.07,-49.76,54.84,3.39,93.72,-0.16,-69.11,-77.72,-148.6,-5.0
animals/turtle_mpeg7-05,animals,targets/animals/turtle_mpeg7-05.png,0.772,0.7462,0.0181,0.7187,10,4,3,0.2,65.1,0.0952,0.0839,0.8308,-28.16,20.11,0.08816,0.1575,animals/turtle_mpeg7-05/turtle_mpeg7-05_best.png,"[-0.854627, -1.028302, -0.025055, 1.357155, -0.637553, 0.268533, -1.305909, -1.521104, -0.519739, -1.634736, 0.370383, 0.205354, 0.734155, 0.357138, -0.630503, -0.986035, 0.48053, -0.153709]",-48.97,-58.92,-1.44,77.76,-36.53,15.39,-74.82,-87.15,-29.78,-93.66,21.22,11.77,42.06,20.46,-36.13,-56.5,27.53,-8.81
letters_lower/c_dejavusansmono-bold,letters_lower,targets/letters_lower/c_dejavusansmono-bold.png,0.7717,0.7097,0.0465,0.6335,10,2,3,0.2,65.4,0.2036,0.1826,0.9269,8.05,20.11,0.17092,0.20582,letters_lower/c_dejavusansmono-bold/c_dejavusansmono-bold_best.png,"[-0.561872, -0.558928, -1.340961, -1.36288, -1.651997, 0.077348, 0.244402, -1.601757, 1.124718, -1.418369, -2.260491, -0.014163, -0.996607, -1.74533, -1.621814, -0.081765, 2.562724, 1.104455]",-32.19,-32.02,-76.83,-78.09,-94.65,4.43,14.0,-91.77,64.44,-81.27,-129.52,-0.81,-57.1,-100.0,-92.92,-4.68,146.83,63.28
letters_upper/V_dejavusansmono-bold,letters_upper,targets/letters_upper/V_dejavusansmono-bold.png,0.7717,0.7221,0.0357,0.6664,10,1,3,0.2,64.6,0.5911,0.5595,0.9269,0.0,16.09,0.08498,0.05723,letters_upper/V_dejavusansmono-bold/V_dejavusansmono-bold_best.png,"[0.68645, -1.739695, 0.8397, -0.402639, -1.755304, 0.020171, 0.71473, -1.506507, -0.341025, 0.042064, 0.716481, 1.466287, -1.814751, -0.89112, -1.654119, 0.121789, 0.326683, 1.390596]",39.33,-99.68,48.11,-23.07,-100.57,1.16,40.95,-86.32,-19.54,2.41,41.05,84.01,-103.98,-51.06,-94.77,6.98,18.72,79.68
animals/chicken_mpeg7-03,animals,targets/animals/chicken_mpeg7-03.png,0.77,0.7391,0.0243,0.6998,10,6,3,0.2,65.3,0.2395,0.2114,0.8308,-20.11,28.16,0.14786,0.29751,animals/chicken_mpeg7-03/chicken_mpeg7-03_best.png,"[1.090073, -0.292504, -0.161998, 1.65806, -1.360292, 0.507205, 1.116457, 1.258131, -1.484914, -0.378992, 1.341913, -0.163982, -1.783512, 0.369949, -0.391083, 0.808509, -2.239546, 1.311207]",62.46,-16.76,-9.28,95.0,-77.94,29.06,63.97,72.09,-85.08,-21.71,76.89,-9.4,-102.19,21.2,-22.41,46.32,-128.32,75.13
digits/4_dejavusans-bold,digits,targets/digits/4_dejavusans-bold.png,0.7698,0.7066,0.0369,0.6252,10,5,3,0.2,64.8,0.1695,0.1573,0.7346,-20.11,28.16,0.13534,0.22094,digits/4_dejavusans-bold/4_dejavusans-bold_best.png,"[-1.336697, -1.451447, 0.166623, 1.316644, -2.273005, 1.711274, 0.84551, -1.229742, 1.360266, -0.013861, -0.187224, 0.697973, -1.35489, -1.08022, -0.089841, 1.519689, 0.801921, 0.118136]",-76.59,-83.16,9.55,75.44,-130.23,98.05,48.44,-70.46,77.94,-0.79,-10.73,39.99,-77.63,-61.89,-5.15,87.07,45.95,6.77
animals/turtle_mpeg7-02,animals,targets/animals/turtle_mpeg7-02.png,0.769,0.7427,0.0186,0.708,10,2,3,0.2,65.2,0.0363,0.0264,0.9269,-20.11,28.16,0.04232,0.21335,animals/turtle_mpeg7-02/turtle_mpeg7-02_best.png,"[-1.217074, -0.830274, 0.176996, 0.795967, -1.337444, 0.885691, -0.521373, -1.070274, 0.189256, 1.167355, -1.92083, 0.153953, -0.561272, -1.453601, 1.351058, -0.698985, -2.578909, -0.049802]",-69.73,-47.57,10.14,45.61,-76.63,50.75,-29.87,-61.32,10.84,66.88,-110.06,8.82,-32.16,-83.29,77.41,-40.05,-147.76,-2.85
letters_upper/A_dejavusans-bold,letters_upper,targets/letters_upper/A_dejavusans-bold.png,0.7685,0.7359,0.0286,0.672,10,9,3,0.2,66.0,0.2339,0.214,0.8308,-28.16,24.14,0.19437,0.20236,letters_upper/A_dejavusans-bold/A_dejavusans-bold_best.png,"[-0.821451, -1.202113, 1.027968, 0.636519, 0.261728, -0.046489, 0.818393, -0.625995, -0.379879, 1.65806, -1.591926, 1.2382, -1.078154, 0.138929, -0.328158, 1.113916, -1.744685, 1.232937]",-47.07,-68.88,58.9,36.47,15.0,-2.66,46.89,-35.87,-21.77,95.0,-91.21,70.94,-61.77,7.96,-18.8,63.82,-99.96,70.64
objects/shoe_mpeg7-02,objects,targets/objects/shoe_mpeg7-02.png,0.7674,0.713,0.0357,0.6528,10,6,3,0.2,67.1,0.1265,0.1004,1.0231,-16.09,28.16,0.11055,0.31063,objects/shoe_mpeg7-02/shoe_mpeg7-02_best.png,"[1.130746, -0.904833, -1.69, -1.289586, 2.581807, 1.114077, -1.127091, -0.079746, 0.601348, -1.076691, -1.940173, -0.124075, -0.205949, -1.471412, 0.619946, 1.329827, -1.970351, 0.86185]",64.79,-51.84,-96.83,-73.89,147.93,63.83,-64.58,-4.57,34.45,-61.69,-111.16,-7.11,-11.8,-84.31,35.52,76.19,-112.89,49.38
letters_lower/l_dejavuserif-bold,letters_lower,targets/letters_lower/l_dejavuserif-bold.png,0.7664,0.6856,0.06,0.5949,10,4,3,0.2,65.1,0.2895,0.2612,0.7346,-8.05,24.14,0.01547,0.0364,letters_lower/l_dejavuserif-bold/l_dejavuserif-bold_best.png,"[-1.504205, -1.664855, -1.102169, 1.484712, -0.355501, 0.687764, -1.417091, -1.225404, -0.423371, -1.437219, 0.601585, 0.057629, 1.693689, 0.681893, 0.855302, -1.625302, 0.859951, -0.133911]",-86.18,-95.39,-63.15,85.07,-20.37,39.41,-81.19,-70.21,-24.26,-82.35,34.47,3.3,97.04,39.07,49.01,-93.12,49.27,-7.67
letters_upper/B_dejavusans-bold,letters_upper,targets/letters_upper/B_dejavusans-bold.png,0.766,0.7401,0.0196,0.7078,10,0,3,0.2,66.3,0.239,0.2208,0.7346,-24.14,28.16,0.16509,0.24018,letters_upper/B_dejavusans-bold/B_dejavusans-bold_best.png,"[-1.124256, -0.5714, 0.089489, 1.65806, 0.66177, 0.668341, 1.115674, -1.17511, -0.010437, 1.356975, 1.125473, 0.791072, -0.944261, -0.131093, 0.50691, 1.351974, 2.101444, 0.063587]",-64.42,-32.74,5.13,95.0,37.92,38.29,63.92,-67.33,-0.6,77.75,64.48,45.33,-54.1,-7.51,29.04,77.46,120.4,3.64
letters_upper/C_dejavusansmono-bold,letters_upper,targets/letters_upper/C_dejavusansmono-bold.png,0.766,0.7018,0.0407,0.6265,10,5,3,0.2,67.0,0.2945,0.2111,0.9269,4.02,20.11,0.12201,0.16558,letters_upper/C_dejavusansmono-bold/C_dejavusansmono-bold_best.png,"[1.573583, 0.150877, -0.785244, 1.648586, 1.10844, 0.218138, -1.089993, -1.74533, -1.648252, 0.222724, 0.030907, 0.852589, 0.739164, -0.302722, -1.62958, -1.131352, 2.07886, -0.001471]",90.16,8.64,-44.99,94.46,63.51,12.5,-62.45,-100.0,-94.44,12.76,1.77,48.85,42.35,-17.34,-93.37,-64.82,119.11,-0.08
letters_lower/v_dejavusansmono-bold,letters_lower,targets/letters_lower/v_dejavusansmono-bold.png,0.7659,0.7164,0.0355,0.6369,10,1,3,0.2,66.0,0.4562,0.4169,0.8308,0.0,24.14,0.10569,0.07629,letters_lower/v_dejavusansmono-bold/v_dejavusansmono-bold_best.png,"[-1.07322, -1.598815, -0.763132, 0.19222, -1.164326, 0.908135, -1.789718, -0.882982, -1.69, -0.067154, 1.595579, 0.23101, -1.300105, -1.433918, -1.541056, -1.65806, 2.069232, 0.494199]",-61.49,-91.61,-43.72,11.01,-66.71,52.03,-102.54,-50.59,-96.83,-3.85,91.42,13.24,-74.49,-82.16,-88.3,-95.0,118.56,28.32
letters_lower/c_dejavusans-bold,letters_lower,targets/letters_lower/c_dejavusans-bold.png,0.7648,0.7229,0.0303,0.6637,10,8,3,0.2,65.3,0.2258,0.1756,0.8308,8.05,24.14,0.20493,0.21007,letters_lower/c_dejavusans-bold/c_dejavusans-bold_best.png,"[-1.004836, -0.512123, -1.677077, -1.064946, 1.179937, 0.7622, 1.261693, -1.598931, -1.317353, -0.270782, 1.716077, 0.700617, 0.150041, -1.74533, 1.501288, -1.454502, -1.345052, 1.246674]",-57.57,-29.34,-96.09,-61.02,67.61,43.67,72.29,-91.61,-75.48,-15.51,98.32,40.14,8.6,-100.0,86.02,-83.34,-77.07,71.43
letters_lower/f_dejavuserif-bold,letters_lower,targets/letters_lower/f_dejavuserif-bold.png,0.7624,0.7288,0.0261,0.6834,10,9,3,0.2,66.6,0.5148,0.4893,0.9269,0.0,16.09,0.09495,0.05089,letters_lower/f_dejavuserif-bold/f_dejavuserif-bold_best.png,"[-0.967446, -0.871984, -0.626708, -1.411278, -1.231579, 0.585167, -1.248831, -1.546708, -0.084877, 1.443224, -1.91757, 0.086686, 1.869939, 0.08499, -0.977861, 1.340083, 1.826568, 1.365267]",-55.43,-49.96,-35.91,-80.86,-70.56,33.53,-71.55,-88.62,-4.86,82.69,-109.87,4.97,107.14,4.87,-56.03,76.78,104.65,78.22
letters_lower/j_dejavuserif-bold,letters_lower,targets/letters_lower/j_dejavuserif-bold.png,0.762,0.7196,0.0254,0.6783,10,6,3,0.2,65.3,0.2649,0.243,1.1192,-12.07,8.05,0.04631,0.07745,letters_lower/j_dejavuserif-bold/j_dejavuserif-bold_best.png,"[-1.425016, 1.084954, -0.384764, -0.950438, -0.326677, 1.491348, 1.266227, -1.075731, -0.76312, 0.844724, -2.74385, 0.316575, 1.322555, -1.733018, 0.338704, 0.155465, -0.300213, 0.225085]",-81.65,62.16,-22.05,-54.46,-18.72,85.45,72.55,-61.63,-43.72,48.4,-157.21,18.14,75.78,-99.29,19.41,8.91,-17.2,12.9
letters_lower/i_dejavuserif-bold,letters_lower,targets/letters_lower/i_dejavuserif-bold.png,0.7619,0.7301,0.024,0.6848,10,1,3,0.2,65.5,0.3829,0.3462,0.9269,-8.05,16.09,0.01705,0.08887,letters_lower/i_dejavuserif-bold/i_dejavuserif-bold_best.png,"[1.448607, -1.636672, -1.52242, 0.486822, -1.881033, -0.174533, -1.727146, 0.487615, -1.69, -1.641403, 0.025156, 0.541605, 1.264821, -1.723818, 0.857746, -1.23141, 1.884545, 0.476807]",83.0,-93.77,-87.23,27.89,-107.78,-10.0,-98.96,27.94,-96.83,-94.05,1.44,31.03,72.47,-98.77,49.15,-70.55,107.98,27.32
animals/cattle_mpeg7-05,animals,targets/animals/cattle_mpeg7-05.png,0.7609,0.7184,0.0243,0.6745,10,3,3,0.2,65.3,0.1614,0.138,1.1192,-8.05,28.16,0.01467,0.2835,animals/cattle_mpeg7-05/cattle_mpeg7-05_best.png,"[0.695256, -0.787943, -0.041399, 1.65806, -1.584549, 0.544128, 1.01277, -1.442199, 1.310492, -0.727971, -2.493751, 0.776572, -1.085702, -1.74533, -0.775794, -1.545157, 1.587735, 0.552052]",39.84,-45.15,-2.37,95.0,-90.79,31.18,58.03,-82.63,75.09,-41.71,-142.88,44.49,-62.21,-100.0,-44.45,-88.53,90.97,31.63
hand_shadow/chicken_hasper-01,hand_shadow,targets/hand_shadow/chicken_hasper-01.png,0.7604,0.7339,0.0273,0.6827,10,6,3,0.2,65.2,0.2148,0.1829,0.6385,8.05,28.16,0.14664,0.02854,hand_shadow/chicken_hasper-01/chicken_hasper-01_best.png,"[1.222976, -1.74533, 0.174041, 1.621272, 2.84121, -0.026885, 1.159904, -1.641106, -0.045491, -1.5742, 2.543313, 0.291965, -1.913055, -0.72329, 0.114705, 1.44993, -1.885634, 0.882163]",70.07,-100.0,9.97,92.89,162.79,-1.54,66.46,-94.03,-2.61,-90.2,145.72,16.73,-109.61,-41.44,6.57,83.07,-108.04,50.54
animals/bird_mpeg7-05,animals,targets/animals/bird_mpeg7-05.png,0.7603,0.72,0.0225,0.6909,10,6,3,0.2,65.6,0.1926,0.1736,0.8308,4.02,28.16,0.15812,0.17206,animals/bird_mpeg7-05/bird_mpeg7-05_best.png,"[1.027981, -1.468161, 0.495192, 1.559895, 2.84121, -0.030767, 1.119253, -1.74533, -0.413115, -0.367853, 1.535844, -0.118722, 1.717133, 0.361304, -0.893493, 0.839744, -0.911026, 1.546833]",58.9,-84.12,28.37,89.38,162.79,-1.76,64.13,-100.0,-23.67,-21.08,88.0,-6.8,98.38,20.7,-51.19,48.11,-52.2,88.63
digits/7_dejavusansmono-bold,digits,targets/digits/7_dejavusansmono-bold.png,0.7601,0.6801,0.0361,0.6398,10,0,3,0.2,65.8,0.3865,0.3494,0.9269,-8.05,20.11,0.07461,0.09265,digits/7_dejavusansmono-bold/7_dejavusansmono-bold_best.png,"[-1.130201, -0.816928, -1.662021, 1.65806, 1.83956, 1.236774, 0.216552, -0.765192, -1.024769, 1.639048, 1.82022, 0.250495, -1.059843, -1.134175, -0.791365, -0.874276, -0.347132, 0.34881]",-64.76,-46.81,-95.23,95.0,105.4,70.86,12.41,-43.84,-58.71,93.91,104.29,14.35,-60.72,-64.98,-45.34,-50.09,-19.89,19.99
letters_lower/a_dejavusans-bold,letters_lower,targets/letters_lower/a_dejavusans-bold.png,0.7595,0.7166,0.0348,0.654,10,3,3,0.2,65.0,0.2111,0.1905,0.8308,-24.14,28.16,0.16363,0.20387,letters_lower/a_dejavusans-bold/a_dejavusans-bold_best.png,"[0.806558, -1.142804, 0.033163, 1.24727, -1.341256, 0.745992, -0.419966, -0.745339, 0.712962, 1.030001, -2.440484, 1.251831, -0.807717, -0.067338, 0.422808, 1.65806, 1.848413, 0.306254]",46.21,-65.48,1.9,71.46,-76.85,42.74,-24.06,-42.7,40.85,59.01,-139.83,71.72,-46.28,-3.86,24.23,95.0,105.91,17.55
letters_lower/o_dejavusansmono-bold,letters_lower,targets/letters_lower/o_dejavusansmono-bold.png,0.7591,0.6914,0.0391,0.6409,10,1,3,0.2,65.0,0.1986,0.1628,0.7346,-28.16,28.16,0.14113,0.21584,letters_lower/o_dejavusansmono-bold/o_dejavusansmono-bold_best.png,"[-1.431588, 1.456329, -1.589813, -1.616279, 0.693752, 1.563562, 1.007697, 1.368754, -1.679422, -1.232853, -2.236303, 1.641518, -0.935327, -0.816734, -0.141982, 1.355024, -1.834258, 1.663504]",-82.02,83.44,-91.09,-92.61,39.75,89.59,57.74,78.42,-96.22,-70.64,-128.13,94.05,-53.59,-46.8,-8.13,77.64,-105.1,95.31
abstract/device3_mpeg7-05,abstract,targets/abstract/device3_mpeg7-05.png,0.7585,0.7307,0.0135,0.7137,10,1,3,0.2,65.3,0.265,0.2521,0.7346,-24.14,28.16,0.22581,0.24784,abstract/device3_mpeg7-05/device3_mpeg7-05_best.png,"[1.89867, -0.700999, -1.637528, -1.636866, -0.311208, 0.840263, -0.85758, -0.309413, 0.426773, 1.572613, 2.61587, -0.043827, 1.034677, -1.577065, -0.186676, 1.65398, 2.262376, 0.604184]",108.79,-40.16,-93.82,-93.79,-17.83,48.14,-49.14,-17.73,24.45,90.1,149.88,-2.51,59.28,-90.36,-10.7,94.77,129.62,34.62
abstract/device8_mpeg7-02,abstract,targets/abstract/device8_mpeg7-02.png,0.7583,0.7109,0.0327,0.6359,10,2,3,0.2,65.0,0.2403,0.2226,0.7346,-4.02,28.16,0.14406,0.03306,abstract/device8_mpeg7-02/device8_mpeg7-02_best.png,"[-1.069389, -0.876075, -1.570536, -0.807366, -0.472095, 0.573664, 1.025274, -0.943184, 0.155613, 0.984896, -0.865683, 0.487873, -1.4144, -1.011122, -1.175182, -1.586243, 1.594929, 0.208085]",-61.27,-50.2,-89.99,-46.26,-27.05,32.87,58.74,-54.04,8.92,56.43,-49.6,27.95,-81.04,-57.93,-67.33,-90.89,91.38,11.92
vehicles/truck_mpeg7-04,vehicles,targets/vehicles/truck_mpeg7-04.png,0.7583,0.7306,0.0239,0.6871,10,2,3,0.2,39.7,0.1893,0.1602,1.0231,-16.09,28.16,0.12151,0.31453,vehicles/truck_mpeg7-04/truck_mpeg7-04_best.png,"[1.226472, -1.693725, -0.244653, -1.585617, 2.215488, 1.039733, -1.273515, 0.432632, -0.701482, 1.139129, -1.14166, 1.434656, 1.91986, -1.309426, 0.255024, 1.292059, 1.208702, 0.956539]",70.27,-97.04,-14.02,-90.85,126.94,59.57,-72.97,24.79,-40.19,65.27,-65.41,82.2,110.0,-75.02,14.61,74.03,69.25,54.81
animals/elephant_mpeg7-05,animals,targets/animals/elephant_mpeg7-05.png,0.7576,0.7133,0.0276,0.6579,10,9,3,0.2,64.9,0.3312,0.2779,1.0231,-4.02,28.16,0.08745,0.24656,animals/elephant_mpeg7-05/elephant_mpeg7-05_best.png,"[0.763492, -1.163317, 0.001269, 1.644292, -0.653487, 1.201034, 1.096659, 0.026371, 0.795124, -1.557296, -1.519481, 1.265245, -0.860116, -1.047032, -1.212008, -1.65806, 0.431453, 0.516548]",43.74,-66.65,0.07,94.21,-37.44,68.81,62.83,1.51,45.56,-89.23,-87.06,72.49,-49.28,-59.99,-69.44,-95.0,24.72,29.6
vehicles/truck_mpeg7-01,vehicles,targets/vehicles/truck_mpeg7-01.png,0.7575,0.706,0.0321,0.6333,10,6,3,0.2,54.1,0.2453,0.1984,1.1192,-12.07,28.16,0.11626,0.30248,vehicles/truck_mpeg7-01/truck_mpeg7-01_best.png,"[-1.8518, -0.44822, -0.060338, 1.35151, -2.60858, 0.300636, -1.156105, 0.02632, 0.49373, -1.65806, 1.420823, 1.193722, 1.019026, -1.275924, -1.317614, -1.297713, 1.559104, 0.398543]",-106.1,-25.68,-3.46,77.44,-149.46,17.23,-66.24,1.51,28.29,-95.0,81.41,68.4,58.39,-73.11,-75.49,-74.35,89.33,22.83
vehicles/chopper_mpeg7-05,vehicles,targets/vehicles/chopper_mpeg7-05.png,0.7573,0.7332,0.0241,0.675,10,8,3,0.2,64.9,0.2941,0.2234,1.0231,-4.02,28.16,0.13187,0.30999,vehicles/chopper_mpeg7-05/chopper_mpeg7-05_best.png,"[1.91986, -1.150734, 0.492196, 1.537773, -0.447127, -0.138787, -1.087607, -0.363232, 0.162404, 1.595795, 0.326214, -0.174533, -1.144973, -1.737185, -1.59102, 1.228717, 0.275001, 0.391055]",110.0,-65.93,28.2,88.11,-25.62,-7.95,-62.32,-20.81,9.31,91.43,18.69,-10.0,-65.6,-99.53,-91.16,70.4,15.76,22.41
letters_upper/X_dejavusans-bold,letters_upper,targets/letters_upper/X_dejavusans-bold.png,0.7571,0.7005,0.0424,0.6248,10,6,3,0.2,64.9,0.2281,0.2108,0.9269,-24.14,20.11,0.22263,0.14885,letters_upper/X_dejavusans-bold/X_dejavusans-bold_best.png,"[0.806045, -1.508633, 0.744146, -1.465702, 0.887491, 0.982842, 0.991134, 0.028457, -0.537627, -0.197886, 1.425584, 1.030412, -0.954959, 0.264721, 0.382041, -0.041271, 0.654006, 1.43538]",46.18,-86.44,42.64,-83.98,50.85,56.31,56.79,1.63,-30.8,-11.34,81.68,59.04,-54.72,15.17,21.89,-2.36,37.47,82.24
letters_upper/L_dejavuserif-bold,letters_upper,targets/letters_upper/L_dejavuserif-bold.png,0.757,0.6812,0.0346,0.6269,10,5,3,0.2,65.2,0.3,0.2709,0.7346,4.02,24.14,0.22378,0.16789,letters_upper/L_dejavuserif-bold/L_dejavuserif-bold_best.png,"[-1.290881, -1.721213, 0.527122, -1.470951, 0.117264, 0.464493, -0.944845, -1.74533, -1.61993, -0.234808, -2.720332, 1.697349, -1.547566, -1.386882, -1.160096, 1.65806, 0.818955, 1.634787]",-73.96,-98.62,30.2,-84.28,6.72,26.61,-54.14,-100.0,-92.82,-13.45,-155.86,97.25,-88.67,-79.46,-66.47,95.0,46.92,93.67
animals/frog_mpeg7-04,animals,targets/animals/frog_mpeg7-04.png,0.7569,0.7287,0.0222,0.684,10,0,3,0.2,65.3,0.2418,0.2245,0.8308,-8.05,28.16,0.0753,0.22967,animals/frog_mpeg7-04/frog_mpeg7-04_best.png,"[1.240008, -1.116551, -1.379101, -1.60626, 2.255537, 0.744654, 1.640766, -1.364376, -0.593659, -1.101993, -1.316523, 0.142004, 1.096822, 0.051679, 0.441535, -1.65806, 2.795906, 1.612918]",71.05,-63.97,-79.02,-92.03,129.23,42.67,94.01,-78.17,-34.01,-63.14,-75.43,8.14,62.84,2.96,25.3,-95.0,160.19,92.41
letters_lower/t_dejavusans-bold,letters_lower,targets/letters_lower/t_dejavusans-bold.png,0.7563,0.694,0.0509,0.5999,10,6,3,0.2,65.3,0.3142,0.2775,0.7346,-4.02,28.16,0.03533,0.09896,letters_lower/t_dejavusans-bold/t_dejavusans-bold_best.png,"[-1.374526, -1.74533, 0.572129, -1.504209, 0.946869, 1.441627, 1.567039, 0.188091, -0.084473, -0.613498, 1.936356, 0.876548, 1.102199, -1.74533, -1.666586, -0.024863, 1.946907, -0.089401]",-78.75,-100.0,32.78,-86.18,54.25,82.6,89.78,10.78,-4.84,-35.15,110.95,50.22,63.15,-100.0,-95.49,-1.42,111.55,-5.12
letters_lower/y_dejavusans-bold,letters_lower,targets/letters_lower/y_dejavusans-bold.png,0.7552,0.7107,0.0365,0.6414,10,0,3,0.2,65.8,0.4571,0.4002,0.8308,-4.02,20.11,0.12322,0.09143,letters_lower/y_dejavusans-bold/y_dejavusans-bold_best.png,"[-1.059467, -1.74533, 0.48211, -1.542981, 2.593224, 1.100613, -1.068048, -1.29561, 0.56823, -0.175114, -0.169408, 1.74533, -0.980498, -1.524294, -0.491493, -0.016352, 0.817292, 0.390468]",-60.7,-100.0,27.62,-88.41,148.58,63.06,-61.19,-74.23,32.56,-10.03,-9.71,100.0,-56.18,-87.34,-28.16,-0.94,46.83,22.37
objects/guitar_mpeg7-01,objects,targets/objects/guitar_mpeg7-01.png,0.7552,0.7044,0.0351,0.6216,10,4,3,0.2,65.7,0.3274,0.2832,1.0231,-8.05,12.07,0.0,0.10125,objects/guitar_mpeg7-01/guitar_mpeg7-01_best.png,"[-1.8849, 0.261356, 0.628017, 0.073908, 2.815442, -0.062966, -1.71323, -1.570597, 1.571775, -1.600397, -2.360219, 0.265564, 1.062875, -0.88988, -0.211863, 0.240715, 2.84121, -0.094157]",-108.0,14.97,35.98,4.23,161.31,-3.61,-98.16,-89.99,90.06,-91.7,-135.23,15.22,60.9,-50.99,-12.14,13.79,162.79,-5.39
digits/8_dejavusans-bold,digits,targets/digits/8_dejavusans-bold.png,0.7548,0.6859,0.0346,0.6323,10,9,3,0.2,65.2,0.2172,0.2063,0.7346,-24.14,28.16,0.163,0.22484,digits/8_dejavusans-bold/8_dejavusans-bold_best.png,"[-1.296352, -1.477593, 0.193488, 1.103922, 1.699955, 0.352048, -0.652045, -0.5394, 0.851126, 1.65806, -0.627417, 0.279599, 1.016889, 0.275354, -0.170942, -1.22, -2.277617, 1.725714]",-74.28,-84.66,11.09,63.25,97.4,20.17,-37.36,-30.91,48.77,95.0,-35.95,16.02,58.26,15.78,-9.79,-69.9,-130.5,98.88
abstract/device9_mpeg7-02,abstract,targets/abstract/device9_mpeg7-02.png,0.7544,0.7303,0.0296,0.6485,10,4,3,0.2,65.0,0.3186,0.3013,0.7346,-16.09,28.16,0.16569,0.25908,abstract/device9_mpeg7-02/device9_mpeg7-02_best.png,"[0.812445, -1.474437, -0.043715, 1.41488, 2.311019, 1.032624, -1.430199, 0.002715, 0.582335, -0.536801, 0.112731, 1.21406, -1.117781, -0.275315, -0.012213, 1.217925, -0.019315, -0.105576]",46.55,-84.48,-2.5,81.07,132.41,59.16,-81.94,0.16,33.37,-30.76,6.46,69.56,-64.04,-15.77,-0.7,69.78,-1.11,-6.05
letters_lower/a_dejavusansmono-bold,letters_lower,targets/letters_lower/a_dejavusansmono-bold.png,0.7544,0.7204,0.0229,0.6635,10,3,3,0.2,65.0,0.2026,0.1894,0.7346,-28.16,28.16,0.1949,0.24488,letters_lower/a_dejavusansmono-bold/a_dejavusansmono-bold_best.png,"[-1.048178, -0.65052, 0.046346, 1.65806, -2.302519, 0.264756, -1.272907, -1.603995, 0.385518, 1.007135, -2.48484, 1.651172, -0.45062, -0.189117, 0.66906, 1.618212, 2.114966, 0.855094]",-60.06,-37.27,2.66,95.0,-131.92,15.17,-72.93,-91.9,22.09,57.7,-142.37,94.61,-25.82,-10.84,38.33,92.72,121.18,48.99
objects/tree_mpeg7-02,objects,targets/objects/tree_mpeg7-02.png,0.753,0.7091,0.0259,0.6621,10,7,3,0.2,65.3,0.413,0.3865,0.9269,-8.05,20.11,0.04158,0.13573,objects/tree_mpeg7-02/tree_mpeg7-02_best.png,"[1.320966, -0.944049, -1.170727, -1.646573, 2.834749, -0.174533, 1.50491, -1.418896, -0.52472, 1.65806, -0.400693, 0.673941, -1.158676, -1.104107, 0.298907, 1.618941, -2.733166, 0.401326]",75.69,-54.09,-67.08,-94.34,162.42,-10.0,86.22,-81.3,-30.06,95.0,-22.96,38.61,-66.39,-63.26,17.13,92.76,-156.6,22.99
objects/key_mpeg7-05,objects,targets/objects/key_mpeg7-05.png,0.7529,0.6903,0.0399,0.6188,10,5,3,0.2,64.7,0.0984,0.0842,1.1192,16.09,28.16,0.07479,0.38088,objects/key_mpeg7-05/key_mpeg7-05_best.png,"[-1.497479, -0.77669, 0.923445, -0.652985, -2.365623, 0.15235, -0.857269, -1.165348, -1.69, -0.431383, 1.542897, 1.092662, -0.669909, -1.323259, 0.311719, 1.65806, 0.443572, 0.423976]",-85.8,-44.5,52.91,-37.41,-135.54,8.73,-49.12,-66.77,-96.83,-24.72,88.4,62.6,-38.38,-75.82,17.86,95.0,25.41,24.29
animals/bat_mpeg7-04,animals,targets/animals/bat_mpeg7-04.png,0.7527,0.7193,0.0184,0.6918,10,1,3,0.2,64.9,0.2055,0.1676,1.0231,-20.11,28.16,0.16397,0.18852,animals/bat_mpeg7-04/bat_mpeg7-04_best.png,"[1.77172, 0.560141, -0.784485, -0.134782, -1.857309, -0.042736, 0.985564, 0.301621, 0.465911, -1.149207, 2.741075, 0.827535, -1.100869, -1.74533, -0.626404, 0.065987, 0.36553, 0.165185]",101.51,32.09,-44.95,-7.72,-106.42,-2.45,56.47,17.28,26.69,-65.84,157.05,47.41,-63.08,-100.0,-35.89,3.78,20.94,9.46
vehicles/chopper_mpeg7-01,vehicles,targets/vehicles/chopper_mpeg7-01.png,0.7523,0.6988,0.0272,0.6517,10,3,3,0.2,64.8,0.2097,0.1659,1.3115,4.02,28.16,0.14075,0.32296,vehicles/chopper_mpeg7-01/chopper_mpeg7-01_best.png,"[-1.68294, 0.407957, -0.396199, -0.661884, 1.685979, 1.74533, 1.91986, -1.506972, -0.921636, -1.247731, 2.015907, 0.414975, -0.772006, -0.263128, 0.193336, 1.582638, 1.892289, 0.686972]",-96.43,23.37,-22.7,-37.92,96.6,100.0,110.0,-86.34,-52.81,-71.49,115.5,23.78,-44.23,-15.08,11.08,90.68,108.42,39.36
letters_upper/L_dejavusansmono-bold,letters_upper,targets/letters_upper/L_dejavusansmono-bold.png,0.752,0.646,0.0614,0.5574,10,5,3,0.2,65.6,0.3219,0.2802,0.7346,4.02,24.14,0.18692,0.04939,letters_upper/L_dejavusansmono-bold/L_dejavusansmono-bold_best.png,"[-1.172072, -1.74533, -1.246821, -0.825627, -0.870647, 0.53378, -1.513212, -1.11453, -1.314921, -0.21387, -2.696356, -0.174533, 1.626652, -0.042482, 0.477105, -1.372596, -0.25145, 0.743512]",-67.15,-100.0,-71.44,-47.3,-49.88,30.58,-86.7,-63.86,-75.34,-12.25,-154.49,-10.0,93.2,-2.43,27.34,-78.64,-14.41,42.6
objects/spoon_mpeg7-04,objects,targets/objects/spoon_mpeg7-04.png,0.7519,0.6709,0.0642,0.5246,10,8,3,0.2,65.5,0.1461,0.1093,0.9269,12.07,16.09,0.37724,0.20011,objects/spoon_mpeg7-04/spoon_mpeg7-04_best.png,"[-1.779124, 0.265162, 0.386861, 0.751038, -2.741393, 1.544551, -0.347503, -0.955279, -1.345774, 0.293221, 1.996516, 1.112618, 1.486906, -1.161957, 1.271898, 0.589032, -2.28486, 0.063482]",-101.94,15.19,22.17,43.03,-157.07,88.5,-19.91,-54.73,-77.11,16.8,114.39,63.75,85.19,-66.58,72.87,33.75,-130.91,3.64
vehicles/car_mpeg7-05,vehicles,targets/vehicles/car_mpeg7-05.png,0.7516,0.7044,0.0251,0.6641,10,9,3,0.2,65.1,0.1698,0.1327,1.2154,-8.05,28.16,0.05772,0.36209,vehicles/car_mpeg7-05/car_mpeg7-05_best.png,"[-1.89141, -0.265236, -0.12601, 1.048511, 0.807104, 0.035424, 0.85126, 0.264518, 0.471846, -1.65806, -1.329386, 1.068525, -0.505233, -1.349806, -1.24565, -1.65806, 2.389579, 0.234302]",-108.37,-15.2,-7.22,60.08,46.24,2.03,48.77,15.16,27.03,-95.0,-76.17,61.22,-28.95,-77.34,-71.37,-95.0,136.91,13.42
objects/tree_mpeg7-01,objects,targets/objects/tree_mpeg7-01.png,0.7515,0.7157,0.0215,0.679,10,3,3,0.2,65.6,0.3261,0.2967,0.8308,-8.05,24.14,0.005,0.15183,objects/tree_mpeg7-01/tree_mpeg7-01_best.png,"[1.447456, -1.400347, -0.718828, -0.863269, 2.476303, 0.175792, 1.350347, -1.112911, 0.34492, 1.65806, 1.854432, 0.5318, -1.331873, -1.525603, -1.08777, -0.834764, 1.048296, 0.651114]",82.93,-80.23,-41.19,-49.46,141.88,10.07,77.37,-63.77,19.76,95.0,106.25,30.47,-76.31,-87.41,-62.32,-47.83,60.06,37.31
letters_upper/T_dejavusansmono-bold,letters_upper,targets/letters_upper/T_dejavusansmono-bold.png,0.7504,0.7239,0.0185,0.6952,10,2,3,0.2,64.9,0.4829,0.4639,1.1192,-8.05,4.02,0.07011,0.10443,letters_upper/T_dejavusansmono-bold/T_dejavusansmono-bold_best.png,"[-1.172206, -0.967112, -0.529057, 0.372171, -1.670069, 1.380679, 0.006342, -0.53526, -1.00412, -0.918775, -2.179622, -0.03657, -1.602901, -0.754992, -0.534365, -0.887201, 1.2262, 0.149062]",-67.16,-55.41,-30.31,21.32,-95.69,79.11,0.36,-30.67,-57.53,-52.64,-124.88,-2.1,-91.84,-43.26,-30.62,-50.83,70.26,8.54
objects/key_mpeg7-04,objects,targets/objects/key_mpeg7-04.png,0.7501,0.7172,0.0243,0.6737,10,8,3,0.2,65.5,0.1581,0.1237,1.3115,4.02,28.16,0.03049,0.37958,objects/key_mpeg7-04/key_mpeg7-04_best.png,"[1.91986, -0.857988, 0.278431, 1.59591, -0.643599, -0.073997, -1.167381, -0.355185, 0.067603, 0.846292, -1.717812, 0.871372, -0.457045, -1.273578, -1.6496, -0.279, 0.737375, -0.158245]",110.0,-49.16,15.95,91.44,-36.88,-4.24,-66.89,-20.35,3.87,48.49,-98.42,49.93,-26.19,-72.97,-94.52,-15.99,42.25,-9.07
vehicles/car_mpeg7-01,vehicles,targets/vehicles/car_mpeg7-01.png,0.7501,0.6913,0.0272,0.659,10,6,3,0.2,64.2,0.146,0.1127,1.1192,-8.05,28.16,0.04681,0.33108,vehicles/car_mpeg7-01/car_mpeg7-01_best.png,"[-1.91986, -0.273456, -0.126487, 1.225181, -1.684496, 0.858508, -1.170204, 0.303173, -0.046935, -0.836287, -1.76389, 1.632974, 0.511771, -1.148229, 0.654892, 1.283959, -0.305792, -0.012318]",-110.0,-15.67,-7.25,70.2,-96.51,49.19,-67.05,17.37,-2.69,-47.92,-101.06,93.56,29.32,-65.79,37.52,73.57,-17.52,-0.71
vehicles/chopper_mpeg7-03,vehicles,targets/vehicles/chopper_mpeg7-03.png,0.7501,0.7234,0.0182,0.6899,10,8,3,0.2,64.3,0.255,0.2198,1.1192,0.0,28.16,0.13932,0.31319,vehicles/chopper_mpeg7-03/chopper_mpeg7-03_best.png,"[1.91986, -0.68363, 0.251385, 1.28179, -0.375839, -0.06566, -0.981855, -0.581127, 0.34731, 1.616229, 2.55402, 0.129867, -0.975581, -1.725178, -1.69, 1.521071, 0.016393, 0.372793]",110.0,-39.17,14.4,73.44,-21.53,-3.76,-56.26,-33.3,19.9,92.6,146.33,7.44,-55.9,-98.85,-96.83,87.15,0.94,21.36
vehicles/truck_mpeg7-02,vehicles,targets/vehicles/truck_mpeg7-02.png,0.7497,0.7175,0.0287,0.6628,10,2,3,0.2,40.9,0.2258,0.1819,1.1192,-12.07,28.16,0.1037,0.34357,vehicles/truck_mpeg7-02/truck_mpeg7-02_best.png,"[1.099278, -1.54284, -0.531506, -1.65806, 2.565397, 1.320782, -1.297375, 0.284914, -0.507553, 1.289458, -0.866927, 1.62564, -1.91986, -0.789668, 0.242965, 1.614935, 1.690733, 0.512507]",62.98,-88.4,-30.45,-95.0,146.99,75.68,-74.33,16.32,-29.08,73.88,-49.67,93.14,-110.0,-45.24,13.92,92.53,96.87,29.36
animals/bat_mpeg7-01,animals,targets/animals/bat_mpeg7-01.png,0.7487,0.6646,0.0592,0.5817,10,7,3,0.2,65.3,0.2266,0.191,0.8308,4.02,28.16,0.19961,0.28246,animals/bat_mpeg7-01/bat_mpeg7-01_best.png,"[1.512413, -1.661348, 0.548058, -1.65806, -0.519855, 0.049087, -1.915848, 0.773172, -0.705744, 0.397817, -1.422143, 1.645151, 1.266932, -0.382915, 0.964313, 0.241898, 0.805943, 0.621612]",86.65,-95.19,31.4,-95.0,-29.79,2.81,-109.77,44.3,-40.44,22.79,-81.48,94.26,72.59,-21.94,55.25,13.86,46.18,35.62
animals/bird_mpeg7-01,animals,targets/animals/bird_mpeg7-01.png,0.748,0.7122,0.0246,0.6678,10,4,3,0.2,65.6,0.1478,0.1233,1.1192,-12.07,28.16,0.03042,0.26713,animals/bird_mpeg7-01/bird_mpeg7-01_best.png,"[1.486389, -1.733341, -0.182766, 1.652067, 1.786821, 1.690479, -1.065566, -0.551882, 0.788857, -1.021362, -0.255357, 1.481156, 1.91986, 0.671347, -1.075379, 0.437175, -1.259745, 0.790107]",85.16,-99.31,-10.47,94.66,102.38,96.86,-61.05,-31.62,45.2,-58.52,-14.63,84.86,110.0,38.47,-61.61,25.05,-72.18,45.27
letters_lower/t_dejavuserif-bold,letters_lower,targets/letters_lower/t_dejavuserif-bold.png,0.7472,0.7044,0.0317,0.6416,10,0,3,0.2,65.2,0.4274,0.4008,0.8308,0.0,24.14,0.03836,0.03419,letters_lower/t_dejavuserif-bold/t_dejavuserif-bold_best.png,"[-1.335745, -1.688849, -0.180898, 1.619836, 1.556085, 1.277577, 1.776662, -0.321687, -0.693516, 1.487539, 0.727443, 0.894297, 1.665112, 0.842761, -0.143967, -1.263795, 2.816592, 1.509566]",-76.53,-96.76,-10.36,92.81,89.16,73.2,101.8,-18.43,-39.74,85.23,41.68,51.24,95.4,48.29,-8.25,-72.41,161.38,86.49
objects/brick_mpeg7-02,objects,targets/objects/brick_mpeg7-02.png,0.7471,0.6788,0.0405,0.6035,10,3,3,0.2,64.6,0.1322,0.1095,1.2154,8.05,28.16,0.03328,0.42183,objects/brick_mpeg7-02/brick_mpeg7-02_best.png,"[-1.91986, 0.266677, -0.654079, 0.619385, 1.357125, 1.655686, 0.745399, -1.02069, 0.3503, 1.588818, 0.171077, 0.259413, 0.298775, -1.52913, -1.641225, 1.04539, -2.175016, 1.471442]",-110.0,15.28,-37.48,35.49,77.76,94.86,42.71,-58.48,20.07,91.03,9.8,14.86,17.12,-87.61,-94.04,59.9,-124.62,84.31
digits/7_dejavusans-bold,digits,targets/digits/7_dejavusans-bold.png,0.747,0.6898,0.0388,0.6359,10,3,3,0.2,64.6,0.3665,0.3284,0.8308,-8.05,24.14,0.11702,0.09802,digits/7_dejavusans-bold/7_dejavusans-bold_best.png,"[-1.546784, 1.284522, -0.469508, -1.297527, 0.914452, 1.162857, 0.623812, -0.915031, -0.692353, 1.65806, 0.054486, -0.142258, -1.041865, -1.066727, -1.123706, -0.562926, -0.009175, 0.034346]",-88.62,73.6,-26.9,-74.34,52.39,66.63,35.74,-52.43,-39.67,95.0,3.12,-8.15,-59.69,-61.12,-64.38,-32.25,-0.53,1.97
hand_shadow/moose_hasper-01,hand_shadow,targets/hand_shadow/moose_hasper-01.png,0.747,0.7256,0.0171,0.6991,10,8,3,0.2,65.4,0.3051,0.2633,0.9269,8.05,20.11,0.19424,0.30582,hand_shadow/moose_hasper-01/moose_hasper-01_best.png,"[-0.954411, -1.05415, -1.69, -0.68818, -0.566793, 0.241453, -1.140076, -0.741305, 0.757356, 1.65806, 2.051702, 0.328714, -0.977225, -0.852666, -1.466517, -1.435948, 2.416413, 0.131852]",-54.68,-60.4,-96.83,-39.43,-32.47,13.83,-65.32,-42.47,43.39,95.0,117.55,18.83,-55.99,-48.85,-84.03,-82.27,138.45,7.55
animals/flatfish_mpeg7-04,animals,targets/animals/flatfish_mpeg7-04.png,0.7469,0.7105,0.0232,0.6721,10,9,3,0.2,65.3,0.1373,0.1164,1.1192,-12.07,28.16,0.0132,0.30541,animals/flatfish_mpeg7-04/flatfish_mpeg7-04_best.png,"[-1.893016, -1.002428, 0.37953, 1.271626, 1.04199, 0.606155, -0.317601, 0.309068, -0.18327, -1.237928, -1.545053, 0.66504, -0.807108, -1.564341, -0.593649, -1.65806, -0.615181, -0.173742]",-108.46,-57.43,21.75,72.86,59.7,34.73,-18.2,17.71,-10.5,-70.93,-88.53,38.1,-46.24,-89.63,-34.01,-95.0,-35.25,-9.95
objects/brick_mpeg7-03,objects,targets/objects/brick_mpeg7-03.png,0.7462,0.6958,0.0371,0.6276,10,1,3,0.2,65.4,0.1443,0.1191,1.2154,8.05,28.16,0.04712,0.42065,objects/brick_mpeg7-03/brick_mpeg7-03_best.png,"[1.118707, -1.201845, -1.220006, -1.048207, -2.498687, 0.811718, -1.092216, -0.602787, 0.160143, 1.566514, 2.007181, 0.795068, 0.802925, -1.725173, -0.825226, -0.763916, 2.730925, 0.15068]",64.1,-68.86,-69.9,-60.06,-143.16,46.51,-62.58,-34.54,9.18,89.75,115.0,45.55,46.0,-98.85,-47.28,-43.77,156.47,8.63
letters_lower/b_dejavusans-bold,letters_lower,targets/letters_lower/b_dejavusans-bold.png,0.7459,0.6944,0.0316,0.6457,10,2,3,0.2,64.8,0.1861,0.1461,0.8308,-28.16,24.14,0.15932,0.20413,letters_lower/b_dejavusans-bold/b_dejavusans-bold_best.png,"[0.260079, 0.539497, 1.336052, -1.65472, 1.747097, 0.590752, 0.323884, -0.590441, 0.573348, -1.648399, -2.6567, 0.786295, -1.143978, -1.594316, 0.681773, 0.81006, 1.215696, 0.402953]",14.9,30.91,76.55,-94.81,100.1,33.85,18.56,-33.83,32.85,-94.45,-152.22,45.05,-65.55,-91.35,39.06,46.41,69.65,23.09
animals/flatfish_mpeg7-05,animals,targets/animals/flatfish_mpeg7-05.png,0.7457,0.7027,0.021,0.6739,10,3,3,0.2,65.0,0.1263,0.1095,1.1192,-12.07,28.16,0.01441,0.31474,animals/flatfish_mpeg7-05/flatfish_mpeg7-05_best.png,"[-1.832783, -0.586246, 0.193673, 0.981016, -1.09586, 1.74533, -0.592455, 0.36283, -0.230407, 0.685504, 0.968386, 0.117932, -0.849126, -1.567904, -0.87173, -1.474867, 0.903653, 1.399213]",-105.01,-33.59,11.1,56.21,-62.79,100.0,-33.95,20.79,-13.2,39.28,55.48,6.76,-48.65,-89.83,-49.95,-84.5,51.78,80.17
letters_upper/J_dejavuserif-bold,letters_upper,targets/letters_upper/J_dejavuserif-bold.png,0.7452,0.6951,0.0401,0.587,10,5,3,0.2,66.0,0.2492,0.2207,0.9269,-12.07,16.09,0.07342,0.08242,letters_upper/J_dejavuserif-bold/J_dejavuserif-bold_best.png,"[1.751203, 0.246047, -1.69, 1.177805, 1.836897, 0.15175, -1.476976, -1.670062, -0.676832, -0.523192, -2.721684, 0.796083, 1.266475, 1.605735, -1.104277, -0.870377, -0.964671, 1.412881]",100.34,14.1,-96.83,67.48,105.25,8.69,-84.62,-95.69,-38.78,-29.98,-155.94,45.61,72.56,92.0,-63.27,-49.87,-55.27,80.95
animals/bat_mpeg7-05,animals,targets/animals/bat_mpeg7-05.png,0.7448,0.6841,0.0297,0.6445,10,9,3,0.2,65.4,0.0693,0.0309,1.3115,-8.05,28.16,0.01426,0.23689,animals/bat_mpeg7-05/bat_mpeg7-05_best.png,"[-0.939479, -1.062134, 0.343163, 0.729079, 2.294663, 0.607593, 1.053584, -1.25405, -1.205969, -0.868252, 1.240422, 1.396445, 0.969251, 0.526889, -0.699566, -0.462361, -2.669035, 0.923888]",-53.83,-60.86,19.66,41.77,131.47,34.81,60.37,-71.85,-69.1,-49.75,71.07,80.01,55.53,30.19,-40.08,-26.49,-152.92,52.93
letters_upper/Y_dejavusansmono-bold,letters_upper,targets/letters_upper/Y_dejavusansmono-bold.png,0.7448,0.6744,0.0455,0.5834,10,5,3,0.2,64.7,0.3284,0.2837,0.8308,-8.05,20.11,0.07129,0.03289,letters_upper/Y_dejavusansmono-bold/Y_dejavusansmono-bold_best.png,"[-1.681286, 0.865066, 0.295033, -1.655777, -2.326863, 0.305098, 1.123038, -0.792597, 0.045395, 0.350138, -0.58373, -0.174533, -1.119747, -0.872849, -1.518564, -0.029553, -2.641982, 1.228948]",-96.33,49.56,16.9,-94.87,-133.32,17.48,64.35,-45.41,2.6,20.06,-33.45,-10.0,-64.16,-50.01,-87.01,-1.69,-151.37,70.41
letters_lower/y_dejavusansmono-bold,letters_lower,targets/letters_lower/y_dejavusansmono-bold.png,0.7446,0.7093,0.0229,0.678,10,0,3,0.2,65.2,0.4735,0.4314,0.9269,-4.02,16.09,0.12553,0.09593,letters_lower/y_dejavusansmono-bold/y_dejavusansmono-bold_best.png,"[-1.120057, -0.842517, -1.656382, 0.317948, 2.222004, 1.350393, -1.155839, 1.506059, -1.217815, -0.323847, -1.59889, 1.703705, 0.90177, -1.001483, 0.247571, -0.374526, 1.544972, -0.027314]",-64.17,-48.27,-94.9,18.22,127.31,77.37,-66.22,86.29,-69.78,-18.56,-91.61,97.62,51.67,-57.38,14.18,-21.46,88.52,-1.56
animals/bird_mpeg7-02,animals,targets/animals/bird_mpeg7-02.png,0.7443,0.69,0.0344,0.6221,10,5,3,0.2,64.9,0.2291,0.2075,0.8308,0.0,28.16,0.09666,0.26123,animals/bird_mpeg7-02/bird_mpeg7-02_best.png,"[1.306056, -1.007806, 0.666992, -0.260998, -2.029922, 1.73886, 1.199769, -1.220529, -1.374763, -1.156362, 1.871589, 0.869084, -1.143506, -1.304393, 1.184252, -0.24142, -0.300936, 1.062711]",74.83,-57.74,38.22,-14.95,-116.31,99.63,68.74,-69.93,-78.77,-66.25,107.23,49.79,-65.52,-74.74,67.85,-13.83,-17.24,60.89
letters_lower/d_dejavusansmono-bold,letters_lower,targets/letters_lower/d_dejavusansmono-bold.png,0.7443,0.6902,0.0384,0.6214,10,5,3,0.2,64.9,0.2211,0.1791,0.8308,-24.14,24.14,0.161,0.20174,letters_lower/d_dejavusansmono-bold/d_dejavusansmono-bold_best.png,"[1.905755, -1.530292, 1.324722, -1.346713, 2.265074, -0.121528, -0.561801, 0.676107, 1.347053, -1.657965, 1.988053, 1.636163, -0.879516, -0.688883, 0.277597, 1.163645, 0.798681, 1.505267]",109.19,-87.68,75.9,-77.16,129.78,-6.96,-32.19,38.74,77.18,-94.99,113.91,93.75,-50.39,-39.47,15.91,66.67,45.76,86.25
vehicles/car_mpeg7-03,vehicles,targets/vehicles/car_mpeg7-03.png,0.7443,0.683,0.0333,0.6253,10,3,3,0.2,65.4,0.141,0.1,1.2154,-4.02,28.16,0.04421,0.34588,vehicles/car_mpeg7-03/car_mpeg7-03_best.png,"[1.212314, -1.378088, -0.610865, -1.619484, 1.830304, 1.738757, -1.207475, 0.473991, -0.669061, 0.995237, -2.522261, 1.628992, -0.385766, -1.545632, -1.69, 1.538037, -2.049492, 1.515888]",69.46,-78.96,-35.0,-92.79,104.87,99.62,-69.18,27.16,-38.33,57.02,-144.51,93.33,-22.1,-88.56,-96.83,88.12,-117.43,86.85
vehicles/personal-car_mpeg7-02,vehicles,targets/vehicles/personal-car_mpeg7-02.png,0.7442,0.6754,0.0481,0.5884,10,9,3,0.2,64.9,0.1922,0.1448,1.2154,-8.05,28.16,0.04729,0.34248,vehicles/personal-car_mpeg7-02/personal-car_mpeg7-02_best.png,"[-1.903914, -0.431694, -0.004525, 1.050235, 1.83219, 0.589142, 0.872895, 0.232973, 0.410742, -1.656136, -1.155539, 1.065811, 0.228843, -0.896423, -1.617489, -1.65806, -0.848335, 0.480473]",-109.09,-24.73,-0.26,60.17,104.98,33.76,50.01,13.35,23.53,-94.89,-66.21,61.07,13.11,-51.36,-92.68,-95.0,-48.61,27.53
animals/elephant_mpeg7-01,animals,targets/animals/elephant_mpeg7-01.png,0.7441,0.719,0.0117,0.7029,10,2,3,0.2,65.2,0.2717,0.2529,0.8308,-20.11,28.16,0.12869,0.27499,animals/elephant_mpeg7-01/elephant_mpeg7-01_best.png,"[1.91986, -1.74533, -0.429583, 1.65806, -1.886759, 1.272432, -0.70572, -0.426896, 1.012086, -1.624936, -0.070595, 1.237882, 0.243634, -1.320461, 0.052516, 1.386598, 1.073631, 0.143074]",110.0,-100.0,-24.61,95.0,-108.1,72.9,-40.43,-24.46,57.99,-93.1,-4.04,70.93,13.96,-75.66,3.01,79.45,61.51,8.2
objects/guitar_mpeg7-05,objects,targets/objects/guitar_mpeg7-05.png,0.7437,0.6669,0.0453,0.5976,10,5,3,0.2,65.4,0.0304,0.0072,0.9269,20.11,28.16,0.27028,0.24438,objects/guitar_mpeg7-05/guitar_mpeg7-05_best.png,"[1.862386, 0.371511, -0.557729, 0.706182, 0.297969, 0.709214, 1.479196, 0.93317, -1.093093, 0.695772, -1.840718, 0.246994, -0.451268, -1.148299, -1.520275, -0.101949, -1.387819, 1.684221]",106.71,21.29,-31.96,40.46,17.07,40.63,84.75,53.47,-62.63,39.86,-105.47,14.15,-25.86,-65.79,-87.11,-5.84,-79.52,96.5
animals/lmfish_mpeg7-03,animals,targets/animals/lmfish_mpeg7-03.png,0.7433,0.7006,0.0345,0.6489,10,7,3,0.2,66.3,0.4865,0.4661,1.2154,-4.02,8.05,0.0,0.04059,animals/lmfish_mpeg7-03/lmfish_mpeg7-03_best.png,"[1.761644, 0.50026, -1.458166, -0.100883, 2.764988, 0.429933, -1.534359, -1.402111, -1.33703, 0.598904, 2.596527, 0.293456, -1.540682, -1.51575, -1.039349, 0.994217, -2.730728, 0.212559]",100.93,28.66,-83.55,-5.78,158.42,24.63,-87.91,-80.34,-76.61,34.31,148.77,16.81,-88.27,-86.85,-59.55,56.96,-156.46,12.18
animals/chicken_mpeg7-05,animals,targets/animals/chicken_mpeg7-05.png,0.7432,0.7116,0.0212,0.6757,10,0,3,0.2,65.0,0.2533,0.228,1.0231,-4.02,28.16,0.10501,0.30136,animals/chicken_mpeg7-05/chicken_mpeg7-05_best.png,"[-1.914471, -0.51734, 0.963976, -1.025901, 1.663102, 0.459949, 1.918082, -1.717816, 0.018299, 1.34725, 2.737975, 1.739929, 1.150774, 0.347959, -0.109196, 0.914197, -0.951471, 1.149263]",-109.69,-29.64,55.23,-58.78,95.29,26.35,109.9,-98.42,1.05,77.19,156.87,99.69,65.93,19.94,-6.26,52.38,-54.52,65.85
objects/brick_mpeg7-04,objects,targets/objects/brick_mpeg7-04.png,0.7432,0.6663,0.0425,0.5936,10,1,3,0.2,65.3,0.1196,0.0698,1.3115,4.02,28.16,0.03137,0.46261,objects/brick_mpeg7-04/brick_mpeg7-04_best.png,"[1.046637, -1.095608, -1.450251, -0.83208, -2.149659, 0.452241, -1.309275, 0.24983, -0.709024, 1.110513, 1.437201, 0.651574, -1.91986, 0.083161, 0.127156, -0.021352, 1.517629, 1.156933]",59.97,-62.77,-83.09,-47.67,-123.17,25.91,-75.02,14.31,-40.62,63.63,82.35,37.33,-110.0,4.76,7.29,-1.22,86.95,66.29
animals/ray_mpeg7-03,animals,targets/animals/ray_mpeg7-03.png,0.7428,0.7177,0.0146,0.6983,10,5,3,0.2,65.3,0.3169,0.287,0.9269,-12.07,20.11,0.00665,0.15908,animals/ray_mpeg7-03/ray_mpeg7-03_best.png,"[1.443882, -1.720247, 0.88971, -1.395068, 2.600174, -0.119007, -1.237132, -1.06062, -1.582665, -0.400793, -2.430455, 1.568281, -1.128111, -0.883699, 0.806778, -0.295496, 0.231477, 1.733856]",82.73,-98.56,50.98,-79.93,148.98,-6.82,-70.88,-60.77,-90.68,-22.96,-139.25,89.86,-64.64,-50.63,46.22,-16.93,13.26,99.34
digits/8_dejavusansmono-bold,digits,targets/digits/8_dejavusansmono-bold.png,0.7427,0.6936,0.0287,0.6396,10,5,3,0.2,64.8,0.2277,0.2031,0.9269,-28.16,20.11,0.11536,0.19728,digits/8_dejavusansmono-bold/8_dejavusansmono-bold_best.png,"[0.588801, -0.686779, -0.736455, 1.581102, 2.136319, -0.140688, 1.126056, 1.582093, -1.629698, -0.271915, 0.469759, 1.132631, -1.135813, -0.498314, 0.427321, 0.012838, -0.307807, 1.698109]",33.74,-39.35,-42.2,90.59,122.4,-8.06,64.52,90.65,-93.37,-15.58,26.92,64.89,-65.08,-28.55,24.48,0.74,-17.64,97.29
abstract/device6_mpeg7-03,abstract,targets/abstract/device6_mpeg7-03.png,0.7422,0.7148,0.0146,0.6947,10,1,3,0.2,65.0,0.32,0.2815,0.7346,-16.09,28.16,0.11937,0.32395,abstract/device6_mpeg7-03/device6_mpeg7-03_best.png,"[1.081002, -1.073968, 0.388943, 1.600304, -2.667211, 0.185958, 0.427943, -1.151406, 0.085097, 1.65806, 1.644717, 1.426573, -1.129741, -0.692074, 1.431972, -0.831238, -2.607731, 1.74533]",61.94,-61.53,22.28,91.69,-152.82,10.65,24.52,-65.97,4.88,95.0,94.24,81.74,-64.73,-39.65,82.05,-47.63,-149.41,100.0
vehicles/truck_mpeg7-03,vehicles,targets/vehicles/truck_mpeg7-03.png,0.7422,0.7124,0.0245,0.6588,10,4,3,0.2,39.1,0.1872,0.165,1.0231,-16.09,28.16,0.11678,0.31287,vehicles/truck_mpeg7-03/truck_mpeg7-03_best.png,"[1.185025, -1.695888, -0.465941, 1.65806, 2.274617, 1.190859, -1.110244, -0.59815, 1.061146, -0.677486, 0.393139, 0.79311, -0.853188, -0.581924, 0.572796, 0.246413, 2.491851, 1.628255]",67.9,-97.17,-26.7,95.0,130.33,68.23,-63.61,-34.27,60.8,-38.82,22.53,45.44,-48.88,-33.34,32.82,14.12,142.77,93.29
letters_lower/l_dejavusansmono-bold,letters_lower,targets/letters_lower/l_dejavusansmono-bold.png,0.7415,0.6941,0.0331,0.6421,10,1,3,0.2,65.0,0.404,0.3354,0.9269,-4.02,16.09,0.01618,0.03458,letters_lower/l_dejavusansmono-bold/l_dejavusansmono-bold_best.png,"[0.405378, 1.742994, -1.562275, -0.853516, -1.736754, -0.162332, 0.531542, -1.736155, 0.902607, -0.954745, 1.461008, 1.41283, 1.91986, -0.328242, -1.33069, -1.293218, -1.648656, 1.229589]",23.23,99.87,-89.51,-48.9,-99.51,-9.3,30.46,-99.47,51.72,-54.7,83.71,80.95,110.0,-18.81,-76.24,-74.1,-94.46,70.45
letters_lower/e_dejavusans-bold,letters_lower,targets/letters_lower/e_dejavusans-bold.png,0.7409,0.7202,0.017,0.6848,10,0,3,0.2,65.0,0.2258,0.1838,0.8308,-28.16,28.16,0.13484,0.28075,letters_lower/e_dejavusans-bold/e_dejavusans-bold_best.png,"[-1.056921, -0.193927, 0.369962, -1.65806, 0.818521, 1.526017, -1.029327, 1.117694, -1.536025, -1.437439, 1.063351, 1.318402, 1.198379, -1.621511, 0.27717, 1.13709, -1.822801, -0.052602]",-60.56,-11.11,21.2,-95.0,46.9,87.43,-58.98,64.04,-88.01,-82.36,60.93,75.54,68.66,-92.91,15.88,65.15,-104.44,-3.01
letters_lower/n_dejavusans-bold,letters_lower,targets/letters_lower/n_dejavusans-bold.png,0.7406,0.693,0.0278,0.6311,10,1,3,0.2,65.1,0.1495,0.1139,0.8308,-28.16,28.16,0.17318,0.13569,letters_lower/n_dejavusans-bold/n_dejavusans-bold_best.png,"[-0.895934, -1.020831, 0.236562, 1.044307, 0.078871, -0.119943, -0.567961, -0.595544, 0.433981, 1.65413, 2.004416, -0.012813, -1.130393, -1.74533, 0.362936, 1.078349, -2.289753, 0.683406]",-51.33,-58.49,13.55,59.83,4.52,-6.87,-32.54,-34.12,24.87,94.77,114.84,-0.73,-64.77,-100.0,20.79,61.78,-131.19,39.16
animals/octopus_mpeg7-05,animals,targets/animals/octopus_mpeg7-05.png,0.7404,0.7106,0.0211,0.6769,10,1,3,0.2,66.4,0.2726,0.2551,0.8308,-20.11,24.14,0.11318,0.2536,animals/octopus_mpeg7-05/octopus_mpeg7-05_best.png,"[1.231114, -0.98361, -0.248163, 1.608933, 1.799648, 0.151358, -1.316141, 0.396487, -0.618893, 1.276248, 1.046646, 0.578341, 0.654388, -1.315903, 0.503201, 1.230945, -0.992757, 0.441653]",70.54,-56.36,-14.22,92.19,103.11,8.67,-75.41,22.72,-35.46,73.12,59.97,33.14,37.49,-75.4,28.83,70.53,-56.88,25.3
letters_upper/I_dejavusansmono-bold,letters_upper,targets/letters_upper/I_dejavusansmono-bold.png,0.74,0.7079,0.0237,0.6683,10,4,3,0.2,64.6,0.3669,0.3134,0.9269,-8.05,16.09,0.11626,0.10208,letters_upper/I_dejavusansmono-bold/I_dejavusansmono-bold_best.png,"[-1.163814, -1.090569, -0.395822, 1.246345, 0.104893, -0.174533, -0.291773, -1.731064, 0.847071, -0.781203, 1.293254, 0.701484, -0.668059, -0.540657, -1.039894, -1.232744, -1.772804, 1.426181]",-66.68,-62.49,-22.68,71.41,6.01,-10.0,-16.72,-99.18,48.53,-44.76,74.1,40.19,-38.28,-30.98,-59.58,-70.63,-101.57,81.71
objects/cellular-phone_mpeg7-01,objects,targets/objects/cellular-phone_mpeg7-01.png,0.7395,0.6994,0.0272,0.6419,10,3,3,0.2,64.4,0.1167,0.0878,1.2154,-20.11,28.16,0.06304,0.31467,objects/cellular-phone_mpeg7-01/cellular-phone_mpeg7-01_best.png,"[-0.898913, -0.954682, -1.655456, -1.65806, 0.927394, 1.578523, -1.043331, 0.06471, 0.330615, -1.616739, 0.69235, 1.698069, -1.047495, -0.77115, 0.389321, 0.677872, -0.5944, 0.690692]",-51.5,-54.7,-94.85,-95.0,53.14,90.44,-59.78,3.71,18.94,-92.63,39.67,97.29,-60.02,-44.18,22.31,38.84,-34.06,39.57
letters_lower/z_dejavusans-bold,letters_lower,targets/letters_lower/z_dejavusans-bold.png,0.739,0.7007,0.022,0.6654,10,1,3,0.2,65.2,0.2759,0.2419,0.7346,-8.05,28.16,0.23828,0.17332,letters_lower/z_dejavusans-bold/z_dejavusans-bold_best.png,"[1.001713, -1.304254, -0.170446, 1.616915, -2.715777, -0.174533, -0.206596, -1.726421, 0.707777, -1.554176, 1.888717, 1.677538, -0.568425, -0.654783, 1.413755, 0.609214, 2.050028, 1.696772]",57.39,-74.73,-9.77,92.64,-155.6,-10.0,-11.84,-98.92,40.55,-89.05,108.22,96.12,-32.57,-37.52,81.0,34.91,117.46,97.22
objects/key_mpeg7-01,objects,targets/objects/key_mpeg7-01.png,0.7386,0.6888,0.0296,0.6466,10,0,3,0.2,65.4,0.0911,0.083,1.0231,16.09,28.16,0.11099,0.40809,objects/key_mpeg7-01/key_mpeg7-01_best.png,"[1.817856, -1.438097, 0.377819, 1.52182, 1.114894, 1.595389, 1.138443, -0.77568, 1.386464, -1.433867, -2.625147, 0.954405, -0.527651, -1.226341, -1.668482, -0.516649, -1.189908, 0.778878]",104.16,-82.4,21.65,87.19,63.88,91.41,65.23,-44.44,79.44,-82.15,-150.41,54.68,-30.23,-70.26,-95.6,-29.6,-68.18,44.63
digits/9_dejavusans-bold,digits,targets/digits/9_dejavusans-bold.png,0.7383,0.6903,0.0329,0.6226,10,8,3,0.2,65.2,0.193,0.1742,0.7346,-24.14,28.16,0.0811,0.27919,digits/9_dejavusans-bold/9_dejavusans-bold_best.png,"[1.030989, 1.398623, -0.905386, -0.60088, 1.45526, 1.672849, -1.14354, -0.620503, 0.848458, -1.041746, 0.038774, 0.110822, -1.234674, -1.287681, 0.18143, 0.983749, -2.067359, 0.29412]",59.07,80.14,-51.87,-34.43,83.38,95.85,-65.52,-35.55,48.61,-59.69,2.22,6.35,-70.74,-73.78,10.4,56.36,-118.45,16.85
animals/ray_mpeg7-05,animals,targets/animals/ray_mpeg7-05.png,0.7381,0.6907,0.0278,0.6418,10,3,3,0.2,64.9,0.2424,0.2191,1.0231,-20.11,28.16,0.07808,0.17851,animals/ray_mpeg7-05/ray_mpeg7-05_best.png,"[-1.634457, 0.039014, -0.074216, -0.81136, -1.169985, 1.716856, -1.004274, -0.691625, 0.96637, -1.498499, -2.025455, -0.098126, -0.446402, -1.241422, -0.312867, 1.433932, -2.584267, 0.100373]",-93.65,2.24,-4.25,-46.49,-67.04,98.37,-57.54,-39.63,55.37,-85.86,-116.05,-5.62,-25.58,-71.13,-17.93,82.16,-148.07,5.75
letters_upper/B_dejavusansmono-bold,letters_upper,targets/letters_upper/B_dejavusansmono-bold.png,0.7381,0.7087,0.0212,0.6813,10,6,3,0.2,66.3,0.2166,0.1797,0.9269,-28.16,16.09,0.15406,0.1661,letters_upper/B_dejavusansmono-bold/B_dejavusansmono-bold_best.png,"[0.487202, -0.78086, -0.678999, 1.423058, -2.471386, -0.1515, -1.203702, 1.114276, -1.283884, -1.654562, 1.782626, -0.068714, -0.999564, -0.834887, 0.553781, 0.06923, -2.743352, 1.242876]",27.91,-44.74,-38.9,81.54,-141.6,-8.68,-68.97,63.84,-73.56,-94.8,102.14,-3.94,-57.27,-47.84,31.73,3.97,-157.18,71.21
letters_upper/V_dejavuserif-bold,letters_upper,targets/letters_upper/V_dejavuserif-bold.png,0.738,0.6765,0.032,0.6255,10,6,3,0.2,64.9,0.3456,0.3195,0.9269,-4.02,20.11,0.1153,0.1129,letters_upper/V_dejavuserif-bold/V_dejavuserif-bold_best.png,"[1.087201, -1.055936, 0.303229, 0.148818, -1.371951, 1.065691, 1.315047, -0.384458, 0.062602, -0.321186, -0.053137, 0.053865, -0.117682, -1.380298, -0.586626, 0.319607, -0.021705, 1.185506]",62.29,-60.5,17.37,8.53,-78.61,61.06,75.35,-22.03,3.59,-18.4,-3.04,3.09,-6.74,-79.09,-33.61,18.31,-1.24,67.92
objects/brick_mpeg7-01,objects,targets/objects/brick_mpeg7-01.png,0.738,0.6677,0.0317,0.6235,10,1,3,0.2,65.8,0.113,0.0805,1.3115,-4.02,28.16,0.02969,0.42863,objects/brick_mpeg7-01/brick_mpeg7-01_best.png,"[1.018032, -0.889573, -1.69, -1.374177, -2.083165, 0.172138, -1.184994, 0.295099, -0.806743, 1.417239, 1.643147, 1.105662, 0.480544, -1.359894, 0.689453, 1.441965, -0.760127, 0.093401]",58.33,-50.97,-96.83,-78.73,-119.36,9.86,-67.9,16.91,-46.22,81.2,94.15,63.35,27.53,-77.92,39.5,82.62,-43.55,5.35
digits/4_dejavusansmono-bold,digits,targets/digits/4_dejavusansmono-bold.png,0.7378,0.712,0.0133,0.6953,10,4,3,0.2,65.1,0.2275,0.1942,0.8308,-20.11,24.14,0.08686,0.18954,digits/4_dejavusansmono-bold/4_dejavusansmono-bold_best.png,"[-1.344812, -1.049788, 0.068641, 1.65567, -1.209568, 0.134481, 0.943779, -1.091228, 1.415929, -0.479387, 1.580601, 1.74533, -1.820307, -1.452401, 0.939006, -0.759622, -2.40449, 0.730073]",-77.05,-60.15,3.93,94.86,-69.3,7.71,54.07,-62.52,81.13,-27.47,90.56,100.0,-104.3,-83.22,53.8,-43.52,-137.77,41.83
letters_upper/H_dejavusansmono-bold,letters_upper,targets/letters_upper/H_dejavusansmono-bold.png,0.7376,0.6865,0.0297,0.6364,10,1,3,0.2,64.8,0.1962,0.1526,0.9269,-28.16,16.09,0.19232,0.13299,letters_upper/H_dejavusansmono-bold/H_dejavusansmono-bold_best.png,"[-1.278879, -1.35743, 0.359727, -1.426517, 0.094614, 1.206854, -0.882435, -0.391416, 0.08594, 1.65806, 1.240501, 0.378714, 0.391945, -0.220427, 0.092847, -1.517469, -1.299093, -0.012271]",-73.27,-77.78,20.61,-81.73,5.42,69.15,-50.56,-22.43,4.92,95.0,71.08,21.7,22.46,-12.63,5.32,-86.94,-74.43,-0.7
objects/cellular-phone_mpeg7-04,objects,targets/objects/cellular-phone_mpeg7-04.png,0.7374,0.6764,0.0318,0.6245,10,4,3,0.2,65.4,0.0979,0.0774,1.3115,-16.09,28.16,0.06554,0.36704,objects/cellular-phone_mpeg7-04/cellular-phone_mpeg7-04_best.png,"[1.210048, -1.235961, -1.587179, 0.108818, 2.102051, 1.74533, -0.888993, -0.195818, 0.692874, -1.622572, -0.491433, -0.144341, 0.706453, -0.640751, 0.364874, 1.340357, -1.914693, 0.667981]",69.33,-70.82,-90.94,6.23,120.44,100.0,-50.94,-11.22,39.7,-92.97,-28.16,-8.27,40.48,-36.71,20.91,76.8,-109.7,38.27
digits/3_dejavusansmono-bold,digits,targets/digits/3_dejavusansmono-bold.png,0.737,0.6759,0.0415,0.5782,10,2,3,0.2,64.4,0.1439,0.1274,1.0231,-28.16,12.07,0.09651,0.10571,digits/3_dejavusansmono-bold/3_dejavusansmono-bold_best.png,"[-1.030708, -0.665313, -0.948636, 1.427942, 1.603489, -0.078593, 1.016682, -0.919055, 0.365681, 0.6833, 0.154678, -0.124178, -0.810369, -0.674048, 1.483967, -0.597917, 0.472018, 0.506253]",-59.06,-38.12,-54.35,81.82,91.87,-4.5,58.25,-52.66,20.95,39.15,8.86,-7.11,-46.43,-38.62,85.03,-34.26,27.04,29.01
animals/turtle_mpeg7-01,animals,targets/animals/turtle_mpeg7-01.png,0.7369,0.7083,0.0215,0.6768,10,0,3,0.2,66.2,0.1173,0.1027,1.0231,-20.11,28.16,0.04151,0.19553,animals/turtle_mpeg7-01/turtle_mpeg7-01_best.png,"[-0.478121, -1.590684, 0.050315, 1.652941, 0.454758, 0.168247, -0.434025, -0.886042, 0.936796, -1.311439, 0.301712, 1.691339, 0.704573, -0.549684, 0.246685, 1.44882, 2.769434, 0.098983]",-27.39,-91.14,2.88,94.71,26.06,9.64,-24.87,-50.77,53.67,-75.14,17.29,96.91,40.37,-31.49,14.13,83.01,158.68,5.67
letters_lower/g_dejavusansmono-bold,letters_lower,targets/letters_lower/g_dejavusansmono-bold.png,0.7362,0.6738,0.0356,0.6295,10,2,3,0.2,64.8,0.1956,0.1665,0.8308,-24.14,24.14,0.0792,0.23134,letters_lower/g_dejavusansmono-bold/g_dejavusansmono-bold_best.png,"[-1.055645, -0.972721, -0.462934, 1.657639, 1.795068, 0.705271, 0.679097, -0.712163, 1.051033, -1.602519, 2.323341, -0.156286, -0.872389, -0.586725, 1.351593, 0.10366, 0.692323, 1.103802]",-60.48,-55.73,-26.52,94.98,102.85,40.41,38.91,-40.8,60.22,-91.82,133.12,-8.95,-49.98,-33.62,77.44,5.94,39.67,63.24
digits/2_dejavusans-bold,digits,targets/digits/2_dejavusans-bold.png,0.7361,0.6797,0.0438,0.6054,10,2,3,0.2,64.6,0.2843,0.2612,0.8308,-16.09,20.11,0.16801,0.1878,digits/2_dejavusans-bold/2_dejavusans-bold_best.png,"[1.871484, -0.654925, 0.459798, -0.414374, -1.713991, 0.307129, 0.706205, -1.680199, 1.284158, 1.19071, 1.274473, 0.167402, 0.064488, -0.612268, -0.984274, 1.65806, -0.230482, -0.174533]",107.23,-37.52,26.34,-23.74,-98.2,17.6,40.46,-96.27,73.58,68.22,73.02,9.59,3.69,-35.08,-56.39,95.0,-13.21,-10.0
objects/glas_mpeg7-02,objects,targets/objects/glas_mpeg7-02.png,0.7358,0.719,0.0219,0.6642,10,1,3,0.2,65.6,0.2131,0.1926,0.7346,-8.05,24.14,0.12375,0.06557,objects/glas_mpeg7-02/glas_mpeg7-02_best.png,"[1.312292, -1.734172, 0.288471, 0.766336, -1.637416, 1.189904, 0.910511, -1.74533, 0.773363, -1.497995, 1.810447, 1.624934, 1.089734, -0.50739, 0.150989, -0.143245, -1.37134, 0.157251]",75.19,-99.36,16.53,43.91,-93.82,68.18,52.17,-100.0,44.31,-85.83,103.73,93.1,62.44,-29.07,8.65,-8.21,-78.57,9.01
animals/dog_mpeg7-01,animals,targets/animals/dog_mpeg7-01.png,0.7351,0.6975,0.033,0.6322,10,4,3,0.2,65.8,0.1455,0.1152,1.2154,8.05,28.16,0.03486,0.27093,animals/dog_mpeg7-01/dog_mpeg7-01_best.png,"[1.068531, -1.002833, -1.653199, -0.431564, 2.734517, 1.427838, 1.095642, -0.096447, -0.227453, 0.790602, 1.754887, -0.128183, 0.676653, -0.78209, -1.674412, -1.615645, 1.932983, 1.006404]",61.22,-57.46,-94.72,-24.73,156.68,81.81,62.78,-5.53,-13.03,45.3,100.55,-7.34,38.77,-44.81,-95.94,-92.57,110.75,57.66
animals/ray_mpeg7-04,animals,targets/animals/ray_mpeg7-04.png,0.7346,0.7011,0.036,0.647,10,4,3,0.2,65.3,0.3646,0.3191,0.9269,-8.05,20.11,0.01208,0.11838,animals/ray_mpeg7-04/ray_mpeg7-04_best.png,"[1.287453, -0.545921, -1.659117, -1.501765, 1.951082, 0.464813, -1.289865, -1.275594, -1.597963, 0.174083, 0.887723, 0.409871, 1.110572, -0.034005, -0.446784, 1.061676, -2.313319, 0.685751]",73.77,-31.28,-95.06,-86.04,111.79,26.63,-73.9,-73.09,-91.56,9.97,50.86,23.48,63.63,-1.95,-25.6,60.83,-132.54,39.29
letters_upper/N_dejavusans-bold,letters_upper,targets/letters_upper/N_dejavusans-bold.png,0.7338,0.6999,0.0282,0.6509,10,5,3,0.2,65.9,0.1709,0.1405,0.8308,-28.16,24.14,0.20062,0.23049,letters_upper/N_dejavusans-bold/N_dejavusans-bold_best.png,"[-0.997799, -0.966315, 0.711788, -0.485531, -0.882044, 1.74533, -0.811922, -0.245843, 0.140308, 1.604226, -0.129947, 1.409424, -1.372445, -1.274569, -1.008635, 1.65806, 2.087405, 0.615778]",-57.17,-55.37,40.78,-27.82,-50.54,100.0,-46.52,-14.09,8.04,91.92,-7.45,80.75,-78.64,-73.03,-57.79,95.0,119.6,35.28
animals/lmfish_mpeg7-02,animals,targets/animals/lmfish_mpeg7-02.png,0.7337,0.7025,0.0233,0.647,10,3,3,0.2,66.7,0.1617,0.1311,0.8308,0.0,28.16,0.27227,0.20799,animals/lmfish_mpeg7-02/lmfish_mpeg7-02_best.png,"[-1.20409, -0.96345, -1.498703, -1.279494, -2.659049, 0.113529, -0.985472, -0.502297, 1.366312, 0.079803, 0.316462, 1.108497, -0.884369, -1.410776, -1.122802, 0.181369, 0.420569, 0.194257]",-68.99,-55.2,-85.87,-73.31,-152.35,6.5,-56.46,-28.78,78.28,4.57,18.13,63.51,-50.67,-80.83,-64.33,10.39,24.1,11.13
abstract/device5_mpeg7-02,abstract,targets/abstract/device5_mpeg7-02.png,0.7335,0.6952,0.0229,0.6513,10,8,3,0.2,64.9,0.4077,0.3936,0.9269,0.0,16.09,0.05285,0.10625,abstract/device5_mpeg7-02/device5_mpeg7-02_best.png,"[1.156497, -1.068864, -1.178677, -1.328078, -1.844074, 0.111986, -1.185371, -1.114246, 0.360516, 0.868607, -1.709743, 1.648606, -1.181503, -1.018613, -0.986418, -0.453068, 0.574772, -0.16307]",66.26,-61.24,-67.53,-76.09,-105.66,6.42,-67.92,-63.84,20.66,49.77,-97.96,94.46,-67.7,-58.36,-56.52,-25.96,32.93,-9.34
objects/crown_mpeg7-05,objects,targets/objects/crown_mpeg7-05.png,0.7328,0.7091,0.0219,0.6603,10,4,3,0.2,65.2,0.2084,0.1793,1.3115,-8.05,28.16,0.07443,0.34812,objects/crown_mpeg7-05/crown_mpeg7-05_best.png,"[1.180692, -1.704474, -0.831241, 0.071181, 2.339745, 1.685318, -1.236516, 0.334986, -0.618348, 1.527534, 2.110922, -0.013004, 1.344999, -0.992644, -1.545048, -1.436979, 2.371087, 0.375422]",67.65,-97.66,-47.63,4.08,134.06,96.56,-70.85,19.19,-35.43,87.52,120.95,-0.75,77.06,-56.87,-88.52,-82.33,135.85,21.51
animals/elephant_mpeg7-03,animals,targets/animals/elephant_mpeg7-03.png,0.7326,0.7016,0.0266,0.6419,10,9,3,0.2,64.8,0.209,0.1922,0.9269,-24.14,28.16,0.07781,0.23852,animals/elephant_mpeg7-03/elephant_mpeg7-03_best.png,"[-0.85716, -1.334731, 0.055397, 1.458417, 0.918152, 0.482562, 0.362663, 0.289149, 1.365292, -1.566535, -2.005406, 0.824582, -0.935663, 0.072768, -0.791015, 1.594879, -2.671239, 0.784764]",-49.11,-76.47,3.17,83.56,52.61,27.65,20.78,16.57,78.23,-89.76,-114.9,47.25,-53.61,4.17,-45.32,91.38,-153.05,44.96
animals/lmfish_mpeg7-01,animals,targets/animals/lmfish_mpeg7-01.png,0.7322,0.6606,0.0359,0.6092,10,7,3,0.2,66.2,0.051,0.039,1.1192,-12.07,28.16,0.07044,0.28689,animals/lmfish_mpeg7-01/lmfish_mpeg7-01_best.png,"[-1.72045, 0.12443, -0.355303, 0.589111, 2.087063, 1.313032, -1.251253, 0.28956, -0.541006, -0.257459, 2.127776, 1.418138, -1.300241, -0.385376, -0.079859, 0.737002, -1.445109, 0.691533]",-98.57,7.13,-20.36,33.75,119.58,75.23,-71.69,16.59,-31.0,-14.75,121.91,81.25,-74.5,-22.08,-4.58,42.23,-82.8,39.62
letters_lower/x_dejavuserif-bold,letters_lower,targets/letters_lower/x_dejavuserif-bold.png,0.7322,0.6588,0.0299,0.6223,10,3,3,0.2,64.6,0.2399,0.2038,0.9269,-16.09,24.14,0.19016,0.1417,letters_lower/x_dejavuserif-bold/x_dejavuserif-bold_best.png,"[0.982292, -1.109248, 0.408171, 0.28483, -1.290072, 1.200602, -0.225899, -1.704634, 0.868611, -1.393572, -1.687073, 0.455391, -0.864822, -0.251757, 0.984089, 0.058769, -0.910619, 0.73997]",56.28,-63.56,23.39,16.32,-73.92,68.79,-12.94,-97.67,49.77,-79.85,-96.66,26.09,-49.55,-14.42,56.38,3.37,-52.17,42.4
vehicles/car_mpeg7-04,vehicles,targets/vehicles/car_mpeg7-04.png,0.7317,0.6941,0.0256,0.6422,10,2,3,0.2,65.1,0.149,0.1121,1.2154,-8.05,28.16,0.05587,0.34745,vehicles/car_mpeg7-04/car_mpeg7-04_best.png,"[1.91986, -0.370068, -0.059821, 1.601472, 1.069293, 1.434699, -1.21949, 0.674029, -1.097049, 1.050985, -1.276744, 1.275976, 0.981929, -1.310053, -1.069667, -1.493209, -1.809165, 0.836119]",110.0,-21.2,-3.43,91.76,61.27,82.2,-69.87,38.62,-62.86,60.22,-73.15,73.11,56.26,-75.06,-61.29,-85.55,-103.66,47.91
letters_upper/L_dejavusans-bold,letters_upper,targets/letters_upper/L_dejavusans-bold.png,0.7308,0.6347,0.0644,0.5088,10,9,3,0.2,65.1,0.267,0.2298,0.6385,4.02,28.16,0.21884,0.04723,letters_upper/L_dejavusans-bold/L_dejavusans-bold_best.png,"[1.637586, 1.131052, -1.523093, -0.682156, -1.829091, 1.033878, -1.166407, -1.68899, -1.666202, 0.156785, 0.766729, 0.155459, -1.491511, -1.103197, -1.057849, -1.384007, -0.843531, 0.443464]",93.83,64.8,-87.27,-39.08,-104.8,59.24,-66.83,-96.77,-95.47,8.98,43.93,8.91,-85.46,-63.21,-60.61,-79.3,-48.33,25.41
objects/brick_mpeg7-05,objects,targets/objects/brick_mpeg7-05.png,0.7308,0.6761,0.0474,0.5674,10,0,3,0.2,65.1,0.1457,0.1224,1.2154,8.05,28.16,0.03683,0.40884,objects/brick_mpeg7-05/brick_mpeg7-05_best.png,"[-1.91986, 0.607278, -1.152963, 0.732609, 2.791129, 1.612992, -1.355941, -0.404038, 0.723067, -1.069885, -2.741174, 1.698604, 1.180511, -1.74533, 0.153307, -1.486564, 1.549265, 1.629267]",-110.0,34.79,-66.06,41.98,159.92,92.42,-77.69,-23.15,41.43,-61.3,-157.06,97.32,67.64,-100.0,8.78,-85.17,88.77,93.35
animals/octopus_mpeg7-04,animals,targets/animals/octopus_mpeg7-04.png,0.7305,0.7026,0.0153,0.682,10,8,3,0.2,66.3,0.2744,0.2517,0.8308,-20.11,24.14,0.10486,0.24984,animals/octopus_mpeg7-04/octopus_mpeg7-04_best.png,"[1.268182, -1.29414, 0.119039, 0.895657, -0.659513, -0.04126, -0.633833, -1.032861, 0.390072, 1.591769, 0.994003, 0.439488, 0.831939, 0.276967, 0.752842, 0.935766, 2.377927, 1.395433]",72.66,-74.15,6.82,51.32,-37.79,-2.36,-36.32,-59.18,22.35,91.2,56.95,25.18,47.67,15.87,43.13,53.62,136.25,79.95
letters_lower/d_dejavuserif-bold,letters_lower,targets/letters_lower/d_dejavuserif-bold.png,0.7304,0.6823,0.0369,0.6047,10,4,3,0.2,64.9,0.1999,0.1476,0.7346,-24.14,28.16,0.2274,0.22658,letters_lower/d_dejavuserif-bold/d_dejavuserif-bold_best.png,"[-0.070319, 0.634448, -0.444576, -0.913823, 1.917045, 0.074503, 1.897047, -1.742045, 1.417161, -1.200367, 2.423084, 0.386252, 0.638529, -0.430365, 0.434761, 1.47303, -0.875077, -0.154432]",-4.03,36.35,-25.47,-52.36,109.84,4.27,108.69,-99.81,81.2,-68.78,138.83,22.13,36.59,-24.66,24.91,84.4,-50.14,-8.85
animals/horse_mpeg7-02,animals,targets/animals/horse_mpeg7-02.png,0.7295,0.6921,0.0233,0.6586,10,3,3,0.2,64.9,0.0821,0.0702,1.0231,-24.14,20.11,0.03195,0.20343,animals/horse_mpeg7-02/horse_mpeg7-02_best.png,"[1.006454, -0.830999, 0.193092, 1.19902, -0.649069, 0.211914, 0.643818, -1.069404, 0.718667, -1.25555, -1.998453, 0.22254, 1.024912, -0.482143, 0.000266, -0.936417, -1.999455, 1.69817]",57.67,-47.61,11.06,68.7,-37.19,12.14,36.89,-61.27,41.18,-71.94,-114.5,12.75,58.72,-27.62,0.02,-53.65,-114.56,97.3
digits/0_dejavusansmono-bold,digits,targets/digits/0_dejavusansmono-bold.png,0.7294,0.6767,0.0283,0.6298,10,3,3,0.2,64.9,0.2176,0.2115,0.8308,-24.14,24.14,0.08721,0.22593,digits/0_dejavusansmono-bold/0_dejavusansmono-bold_best.png,"[0.978654, -0.638059, -0.279469, 1.606834, -0.951766, 0.658671, 1.096216, -0.881673, -0.353242, 1.600627, 0.565691, 0.71839, -0.95395, -0.121638, 0.289503, 1.65806, 1.086701, 0.517869]",56.07,-36.56,-16.01,92.06,-54.53,37.74,62.81,-50.52,-20.24,91.71,32.41,41.16,-54.66,-6.97,16.59,95.0,62.26,29.67
letters_upper/F_dejavusans-bold,letters_upper,targets/letters_upper/F_dejavusans-bold.png,0.7293,0.6816,0.0301,0.6339,10,5,3,0.2,65.4,0.2553,0.2234,0.7346,8.05,24.14,0.1908,0.05527,letters_upper/F_dejavusans-bold/F_dejavusans-bold_best.png,"[-0.988712, -0.885162, -1.069446, -1.502336, -0.556082, 1.389275, 1.91986, 0.369617, -0.449132, 0.097577, -2.299223, 0.768789, 1.569984, 0.06086, -0.978485, 1.599501, -2.263113, 0.785587]",-56.65,-50.72,-61.27,-86.08,-31.86,79.6,110.0,21.18,-25.73,5.59,-131.74,44.05,89.95,3.49,-56.06,91.64,-129.67,45.01
animals/fly_mpeg7-05,animals,targets/animals/fly_mpeg7-05.png,0.7291,0.6913,0.0181,0.6617,10,7,3,0.2,65.2,0.2307,0.2073,0.8308,-28.16,24.14,0.18299,0.29753,animals/fly_mpeg7-05/fly_mpeg7-05_best.png,"[1.844256, -0.57865, -0.010216, 0.571859, 2.758933, 0.838049, -1.054052, -0.831092, 0.87584, 0.001033, 0.735213, 0.809054, -1.130024, 0.000848, -0.425303, 1.417138, -1.142197, 0.578166]",105.67,-33.15,-0.59,32.77,158.08,48.02,-60.39,-47.62,50.18,0.06,42.12,46.36,-64.75,0.05,-24.37,81.2,-65.44,33.13
objects/cellular-phone_mpeg7-02,objects,targets/objects/cellular-phone_mpeg7-02.png,0.7279,0.6786,0.0322,0.632,10,0,3,0.2,64.6,0.1015,0.0898,1.3115,-12.07,28.16,0.06334,0.38072,objects/cellular-phone_mpeg7-02/cellular-phone_mpeg7-02_best.png,"[-1.454198, 0.464049, -0.53049, -0.421511, 1.429914, 1.241567, 1.118958, -1.172167, -1.319319, -1.162001, -2.203895, 0.348621, -0.446292, -1.343076, -0.975017, -1.610276, -1.096976, 0.116179]",-83.32,26.59,-30.39,-24.15,81.93,71.14,64.11,-67.16,-75.59,-66.58,-126.27,19.97,-25.57,-76.95,-55.86,-92.26,-62.85,6.66
letters_lower/x_dejavusansmono-bold,letters_lower,targets/letters_lower/x_dejavusansmono-bold.png,0.7276,0.6982,0.0156,0.6708,10,6,3,0.2,64.8,0.2369,0.2026,0.9269,-24.14,20.11,0.19647,0.14704,letters_lower/x_dejavusansmono-bold/x_dejavusansmono-bold_best.png,"[0.939837, -1.517588, 0.710479, -1.363993, -1.998082, -0.040876, 0.937053, -0.035261, 0.554103, 0.44182, 1.286733, 0.975414, 0.849401, 0.512526, -1.69, 0.805706, -0.501478, -0.055495]",53.85,-86.95,40.71,-78.15,-114.48,-2.34,53.69,-2.02,31.75,25.31,73.72,55.89,48.67,29.37,-96.83,46.16,-28.73,-3.18
objects/pocket_mpeg7-03,objects,targets/objects/pocket_mpeg7-03.png,0.7276,0.6886,0.0237,0.6541,10,9,3,0.2,67.0,0.2937,0.2582,0.9269,-24.14,20.11,0.10886,0.2431,objects/pocket_mpeg7-03/pocket_mpeg7-03_best.png,"[-1.022373, -0.926019, 0.091641, 1.501598, -2.475239, 1.007622, 0.780774, -0.262273, 0.758013, 1.607652, 0.758241, 0.82434, -0.891819, -1.295205, 0.07496, 0.659502, -2.415907, 0.466265]",-58.58,-53.06,5.25,86.04,-141.82,57.73,44.74,-15.03,43.43,92.11,43.44,47.23,-51.1,-74.21,4.29,37.79,-138.42,26.72
hand_shadow/rabbit_hasper-01,hand_shadow,targets/hand_shadow/rabbit_hasper-01.png,0.7273,0.707,0.0196,0.6707,10,7,3,0.2,65.5,0.0672,0.0541,0.9269,-28.16,16.09,0.16697,0.21704,hand_shadow/rabbit_hasper-01/rabbit_hasper-01_best.png,"[-0.709103, -1.280484, 0.856819, -0.211993, 0.613576, 1.113114, -0.244284, -1.055642, 1.084184, -1.36057, -2.725985, 1.609911, -0.629197, -1.064477, 0.937866, -0.931274, -0.228426, 0.511654]",-40.63,-73.37,49.09,-12.15,35.16,63.78,-14.0,-60.48,62.12,-77.95,-156.19,92.24,-36.05,-60.99,53.74,-53.36,-13.09,29.32
letters_lower/u_dejavusans-bold,letters_lower,targets/letters_lower/u_dejavusans-bold.png,0.7273,0.6811,0.0354,0.6142,10,5,3,0.2,65.9,0.1523,0.1057,0.8308,-28.16,28.16,0.17269,0.20877,letters_lower/u_dejavusans-bold/u_dejavusans-bold_best.png,"[0.422672, -0.942928, 1.378038, -1.582277, 1.888994, 0.406769, 1.863576, -1.478572, 1.416032, -1.034036, 2.352165, 0.400895, 1.587698, 0.307829, -0.906534, 0.644034, 2.215535, 0.48753]",24.22,-54.03,78.96,-90.66,108.23,23.31,106.78,-84.72,81.13,-59.25,134.77,22.97,90.97,17.64,-51.94,36.9,126.94,27.93
letters_lower/o_dejavuserif-bold,letters_lower,targets/letters_lower/o_dejavuserif-bold.png,0.7268,0.6986,0.0244,0.6562,10,0,3,0.2,64.8,0.1708,0.1378,0.8308,-28.16,28.16,0.13604,0.18845,letters_lower/o_dejavuserif-bold/o_dejavuserif-bold_best.png,"[-1.162298, 0.84107, -1.69, 0.848528, -2.110181, 0.878901, 0.915961, -1.073158, 0.05912, 1.159102, 1.677627, 0.422407, -0.57002, 1.459797, 1.69, 1.175567, 1.682829, 0.502379]",-66.59,48.19,-96.83,48.62,-120.9,50.36,52.48,-61.49,3.39,66.41,96.12,24.2,-32.66,83.64,96.83,67.36,96.42,28.78
objects/shoe_mpeg7-05,objects,targets/objects/shoe_mpeg7-05.png,0.7267,0.6888,0.0304,0.621,10,6,3,0.2,65.2,0.1015,0.0819,0.8308,-24.14,28.16,0.11619,0.31773,objects/shoe_mpeg7-05/shoe_mpeg7-05_best.png,"[-1.34001, -1.001776, -1.578738, -1.405991, -2.081161, 1.687252, -0.695876, 0.102777, 0.075286, -0.930555, -2.704394, 1.683705, -0.731968, 1.01758, -1.363369, -0.496325, -0.54454, 1.44637]",-76.78,-57.4,-90.46,-80.56,-119.24,96.67,-39.87,5.89,4.31,-53.32,-154.95,96.47,-41.94,58.3,-78.12,-28.44,-31.2,82.87
vehicles/personal-car_mpeg7-01,vehicles,targets/vehicles/personal-car_mpeg7-01.png,0.7266,0.6859,0.0196,0.656,10,9,3,0.2,65.1,0.0803,0.0613,1.2154,-8.05,28.16,0.01385,0.37578,vehicles/personal-car_mpeg7-01/personal-car_mpeg7-01_best.png,"[-1.91986, -0.380467, 0.054759, 0.671759, -0.454854, 0.368481, 0.942316, 0.119077, 0.481713, -1.329719, -1.310017, 1.039863, -0.524576, -1.127321, -1.514853, -1.575829, 2.010056, 1.12034]",-110.0,-21.8,3.14,38.49,-26.06,21.11,53.99,6.82,27.6,-76.19,-75.06,59.58,-30.06,-64.59,-86.79,-90.29,115.17,64.19
digits/6_dejavusans-bold,digits,targets/digits/6_dejavusans-bold.png,0.7264,0.6903,0.0274,0.6421,10,0,3,0.2,64.5,0.2602,0.2124,0.8308,-28.16,24.14,0.14458,0.25643,digits/6_dejavusans-bold/6_dejavusans-bold_best.png,"[-0.856046, -0.632541, 0.456406, 1.656876, 2.806077, 1.709277, 0.262608, -0.836584, -0.51312, 1.605563, 1.564826, 0.247801, 0.593346, -0.695567, 0.560691, -0.194819, -0.632797, 1.74533]",-49.05,-36.24,26.15,94.93,160.78,97.93,15.05,-47.93,-29.4,91.99,89.66,14.2,34.0,-39.85,32.13,-11.16,-36.26,100.0
objects/crown_mpeg7-03,objects,targets/objects/crown_mpeg7-03.png,0.7263,0.6786,0.0272,0.6271,10,5,3,0.2,65.2,0.2713,0.2088,1.1192,-12.07,28.16,0.10144,0.28079,objects/crown_mpeg7-03/crown_mpeg7-03_best.png,"[0.910161, -1.581097, 0.298121, 1.075376, -1.470267, 1.530475, -1.129958, -0.226541, 0.958228, -1.65806, 2.445292, 1.721238, 1.191872, -1.74533, -1.267615, 0.849572, -2.212655, 0.338903]",52.15,-90.59,17.08,61.61,-84.24,87.69,-64.74,-12.98,54.9,-95.0,140.1,98.62,68.29,-100.0,-72.63,48.68,-126.78,19.42
objects/glas_mpeg7-05,objects,targets/objects/glas_mpeg7-05.png,0.7259,0.6992,0.0216,0.6693,10,1,3,0.2,65.1,0.2049,0.1651,0.8308,-12.07,24.14,0.10699,0.04944,objects/glas_mpeg7-05/glas_mpeg7-05_best.png,"[1.288463, -0.641498, -1.551825, -1.240589, 0.211398, 0.004276, 1.057815, -0.310438, -0.011669, -0.378336, -1.402371, 0.334379, 0.933189, -0.247882, -0.894665, 1.537866, 0.890359, 0.146338]",73.82,-36.76,-88.91,-71.08,12.11,0.24,60.61,-17.79,-0.67,-21.68,-80.35,19.16,53.47,-14.2,-51.26,88.11,51.01,8.38
objects/shoe_mpeg7-04,objects,targets/objects/shoe_mpeg7-04.png,0.7258,0.6796,0.037,0.5999,10,0,3,0.2,65.2,0.1236,0.1057,1.3115,0.0,28.16,0.06954,0.45344,objects/shoe_mpeg7-04/shoe_mpeg7-04_best.png,"[-1.91986, -0.065006, -0.274127, 0.85953, 1.543002, 0.75693, 0.934943, 0.305131, -0.437597, 1.402949, 0.89707, 1.344136, 0.561594, -1.15098, -1.264377, -1.17601, -2.00592, 1.185285]",-110.0,-3.72,-15.71,49.25,88.41,43.37,53.57,17.48,-25.07,80.38,51.4,77.01,32.18,-65.95,-72.44,-67.38,-114.93,67.91
objects/key_mpeg7-02,objects,targets/objects/key_mpeg7-02.png,0.7256,0.7076,0.0165,0.6768,10,5,3,0.2,64.9,0.1859,0.1579,1.2154,8.05,28.16,0.08027,0.38702,objects/key_mpeg7-02/key_mpeg7-02_best.png,"[1.91986, -1.64907, 0.294445, 1.296276, -2.303385, 1.272886, 0.804833, -1.09746, -1.66379, -0.710055, 2.510541, 0.472555, -1.151852, 0.080037, 0.297549, -1.049703, 0.811323, 1.296645]",110.0,-94.48,16.87,74.27,-131.97,72.93,46.11,-62.88,-95.33,-40.68,143.84,27.08,-66.0,4.59,17.05,-60.14,46.49,74.29
letters_lower/r_dejavusansmono-bold,letters_lower,targets/letters_lower/r_dejavusansmono-bold.png,0.7254,0.6638,0.0376,0.5887,10,4,3,0.2,65.5,0.2298,0.1862,0.7346,4.02,28.16,0.21866,0.00576,letters_lower/r_dejavusansmono-bold/r_dejavusansmono-bold_best.png,"[-1.570667, -1.616909, 1.491386, 1.000764, 2.578882, 1.331256, -0.990972, -0.800414, -1.666742, -0.66146, -1.399776, 0.983358, -1.44707, -0.763378, -1.613967, -1.164785, -0.677598, 1.125076]",-89.99,-92.64,85.45,57.34,147.76,76.28,-56.78,-45.86,-95.5,-37.9,-80.2,56.34,-82.91,-43.74,-92.47,-66.74,-38.82,64.46
objects/glas_mpeg7-01,objects,targets/objects/glas_mpeg7-01.png,0.7254,0.6741,0.0252,0.6368,10,4,3,0.2,65.2,0.1977,0.1541,0.7346,-12.07,24.14,0.11997,0.06869,objects/glas_mpeg7-01/glas_mpeg7-01_best.png,"[-1.015632, -1.637632, 1.56559, 0.56186, 0.850579, 1.53572, 0.999448, -0.69109, -0.200432, 1.330268, 0.292134, 1.001426, 1.227165, -0.852434, -1.124592, -1.546071, 1.70188, 0.242449]",-58.19,-93.83,89.7,32.19,48.73,87.99,57.26,-39.6,-11.48,76.22,16.74,57.38,70.31,-48.84,-64.43,-88.58,97.51,13.89
letters_lower/i_dejavusans-bold,letters_lower,targets/letters_lower/i_dejavusans-bold.png,0.7252,0.6705,0.0448,0.5826,10,7,3,0.2,65.4,0.3144,0.274,0.7346,-8.05,28.16,0.0,0.06302,letters_lower/i_dejavusans-bold/i_dejavusans-bold_best.png,"[-1.730284, 1.49906, -1.68755, 0.471613, 0.71344, 1.667764, -1.632668, -1.380163, 1.279161, 1.205414, -1.980372, 0.424194, 1.662329, -0.069496, -0.640791, 1.617242, 2.604543, 0.865402]",-99.14,85.89,-96.69,27.02,40.88,95.56,-93.54,-79.08,73.29,69.07,-113.47,24.3,95.24,-3.98,-36.71,92.66,149.23,49.58
letters_lower/b_dejavusansmono-bold,letters_lower,targets/letters_lower/b_dejavusansmono-bold.png,0.7249,0.6881,0.0247,0.6447,10,1,3,0.2,64.9,0.201,0.1663,0.8308,-24.14,24.14,0.13266,0.2028,letters_lower/b_dejavusansmono-bold/b_dejavusansmono-bold_best.png,"[0.950714, -0.762132, 1.477012, -1.65806, 0.126807, -0.007725, 1.136015, 0.875148, -1.650196, -0.146092, -2.42196, 0.808256, 1.165919, -1.34752, 0.345779, 1.335907, -1.821511, 0.125414]",54.47,-43.67,84.63,-95.0,7.27,-0.44,65.09,50.14,-94.55,-8.37,-138.77,46.31,66.8,-77.21,19.81,76.54,-104.36,7.19
letters_lower/i_dejavusansmono-bold,letters_lower,targets/letters_lower/i_dejavusansmono-bold.png,0.7247,0.6703,0.0369,0.6074,10,0,3,0.2,65.1,0.24,0.2112,0.9269,-12.07,16.09,0.10611,0.15241,letters_lower/i_dejavusansmono-bold/i_dejavusansmono-bold_best.png,"[-0.680191, -1.509675, 1.513585, 1.11687, 1.426704, 1.691456, -1.520119, -0.998237, -0.654492, 1.420251, -2.721754, 1.489521, 1.571506, -0.197226, 1.083816, -0.120024, 2.429165, 1.714921]",-38.97,-86.5,86.72,63.99,81.74,96.91,-87.1,-57.19,-37.5,81.37,-155.95,85.34,90.04,-11.3,62.1,-6.88,139.18,98.26
vehicles/personal-car_mpeg7-04,vehicles,targets/vehicles/personal-car_mpeg7-04.png,0.7246,0.6673,0.0365,0.5882,10,9,3,0.2,59.7,0.0604,0.043,1.1192,-8.05,28.16,0.01999,0.37714,vehicles/personal-car_mpeg7-04/personal-car_mpeg7-04_best.png,"[-1.892897, -0.625155, 0.32161, 0.627713, 1.871716, 0.149113, 1.91986, -0.956803, -1.66254, -1.118926, 1.425382, 1.11995, -0.646615, -1.396567, -1.061582, -1.581453, -0.743372, -0.174533]",-108.46,-35.82,18.43,35.97,107.24,8.54,110.0,-54.82,-95.26,-64.11,81.67,64.17,-37.05,-80.02,-60.82,-90.61,-42.59,-10.0
digits/5_dejavusans-bold,digits,targets/digits/5_dejavusans-bold.png,0.7244,0.6878,0.0299,0.6406,10,2,3,0.2,65.0,0.2288,0.1684,0.8308,-24.14,24.14,0.11418,0.1857,digits/5_dejavusans-bold/5_dejavusans-bold_best.png,"[-0.934089, -0.923887, -0.422706, 1.631672, 2.005964, -0.068878, 0.244849, 1.489335, -1.57199, -0.516268, 2.64281, 0.33725, -0.951983, -1.089032, 0.777241, 0.197061, 1.048647, 0.147682]",-53.52,-52.93,-24.22,93.49,114.93,-3.95,14.03,85.33,-90.07,-29.58,151.42,19.32,-54.54,-62.4,44.53,11.29,60.08,8.46
objects/shoe_mpeg7-01,objects,targets/objects/shoe_mpeg7-01.png,0.7235,0.6779,0.0408,0.5938,10,3,3,0.2,67.2,0.0803,0.0606,0.8308,-24.14,28.16,0.08519,0.36577,objects/shoe_mpeg7-01/shoe_mpeg7-01_best.png,"[1.91986, -0.904541, 0.533376, 0.864423, 1.46165, 0.664547, 0.829286, -0.022418, 0.627611, -0.86696, 1.059444, 0.309031, 0.587597, -1.171278, 1.432231, -0.793618, 2.012813, 0.602608]",110.0,-51.83,30.56,49.53,83.75,38.08,47.51,-1.28,35.96,-49.67,60.7,17.71,33.67,-67.11,82.06,-45.47,115.33,34.53
letters_lower/n_dejavusansmono-bold,letters_lower,targets/letters_lower/n_dejavusansmono-bold.png,0.7233,0.671,0.0349,0.5985,10,1,3,0.2,64.9,0.1931,0.1444,0.8308,-28.16,24.14,0.18894,0.12421,letters_lower/n_dejavusansmono-bold/n_dejavusansmono-bold_best.png,"[1.311384, -1.294906, -0.301327, 1.570813, 1.272306, -0.174533, 0.301947, -0.603516, 0.467134, 1.65806, 2.777251, 0.42282, -0.488443, -0.665496, -0.34072, 1.485081, -0.811363, -0.171175]",75.14,-74.19,-17.26,90.0,72.9,-10.0,17.3,-34.58,26.76,95.0,159.12,24.23,-27.99,-38.13,-19.52,85.09,-46.49,-9.81
letters_lower/s_dejavusansmono-bold,letters_lower,targets/letters_lower/s_dejavusansmono-bold.png,0.7222,0.6492,0.0331,0.5949,10,9,3,0.2,64.7,0.2204,0.1841,1.0231,-28.16,16.09,0.11219,0.141,letters_lower/s_dejavusansmono-bold/s_dejavusansmono-bold_best.png,"[-0.998, -1.02266, 0.534436, 0.020378, 2.746342, -0.057987, -0.265969, -0.669424, -0.968941, 1.443222, 2.154648, 0.441691, -1.067905, 1.387798, -1.69, 1.202973, -1.954993, 1.160029]",-57.18,-58.59,30.62,1.17,157.35,-3.32,-15.24,-38.36,-55.52,82.69,123.45,25.31,-61.19,79.51,-96.83,68.93,-112.01,66.46
animals/camel_mpeg7-01,animals,targets/animals/camel_mpeg7-01.png,0.722,0.6842,0.0252,0.6411,10,5,3,0.2,65.2,0.3978,0.3301,0.8308,-16.09,24.14,0.19823,0.22814,animals/camel_mpeg7-01/camel_mpeg7-01_best.png,"[-1.849044, -0.473911, -0.112314, 0.713564, -2.714539, 0.642751, -0.684272, 0.533605, 1.311816, -1.510395, 1.838577, 1.67655, -1.268995, -0.893251, 0.845845, -0.355286, 0.332242, 1.640347]",-105.94,-27.15,-6.44,40.88,-155.53,36.83,-39.21,30.57,75.16,-86.54,105.34,96.06,-72.71,-51.18,48.46,-20.36,19.04,93.98
hand_shadow/deer_hasper-01,hand_shadow,targets/hand_shadow/deer_hasper-01.png,0.722,0.6916,0.0166,0.6649,10,0,3,0.2,65.0,0.1244,0.1046,1.0231,-20.11,24.14,0.12244,0.19713,hand_shadow/deer_hasper-01/deer_hasper-01_best.png,"[-0.630819, -1.267963, 0.520784, 0.398905, 1.771343, 0.297454, 1.700427, 0.545541, -0.734829, -0.362728, -1.823784, -0.174533, 1.112786, 0.858206, -0.221583, -0.528341, -1.460821, 1.545882]",-36.14,-72.65,29.84,22.86,101.49,17.04,97.43,31.26,-42.1,-20.78,-104.5,-10.0,63.76,49.17,-12.7,-30.27,-83.7,88.57
animals/rat_mpeg7-02,animals,targets/animals/rat_mpeg7-02.png,0.7214,0.6753,0.023,0.6403,10,8,3,0.2,65.2,0.3432,0.3201,0.8308,0.0,24.14,0.05681,0.08943,animals/rat_mpeg7-02/rat_mpeg7-02_best.png,"[-1.133145, -0.663813, -1.69, -0.91241, 2.595415, 0.375064, -1.711807, -0.907518, 0.868247, 1.642164, 1.382789, 1.082184, 1.598769, -0.371183, -1.661258, -1.613431, 0.312498, 1.090841]",-64.92,-38.03,-96.83,-52.28,148.71,21.49,-98.08,-52.0,49.75,94.09,79.23,62.0,91.6,-21.27,-95.18,-92.44,17.9,62.5
abstract/device7_mpeg7-05,abstract,targets/abstract/device7_mpeg7-05.png,0.7212,0.6943,0.024,0.6397,10,7,3,0.2,65.3,0.3256,0.2871,0.8308,0.0,28.16,0.07747,0.17884,abstract/device7_mpeg7-05/device7_mpeg7-05_best.png,"[1.26082, -1.089241, -1.297241, -1.188765, 2.84121, 0.201368, 0.813813, -1.597751, 0.621581, 1.65806, -0.057836, 0.331185, 1.884743, -1.741736, 0.326304, 1.008613, -2.621019, 1.73378]",72.24,-62.41,-74.33,-68.11,162.79,11.54,46.63,-91.54,35.61,95.0,-3.31,18.98,107.99,-99.79,18.7,57.79,-150.17,99.34
letters_upper/A_dejavuserif-bold,letters_upper,targets/letters_upper/A_dejavuserif-bold.png,0.7203,0.6848,0.0259,0.6489,10,2,3,0.2,65.9,0.1179,0.1009,0.9269,-24.14,20.11,0.16395,0.14577,letters_upper/A_dejavuserif-bold/A_dejavuserif-bold_best.png,"[0.756161, -1.733854, 0.658732, 0.250303, 0.558065, 0.494081, -0.150178, -0.62976, 0.887274, 1.029415, -0.578337, 1.741372, -1.106032, -0.332732, -0.681298, 1.641488, 0.540207, 0.094331]",43.32,-99.34,37.74,14.34,31.97,28.31,-8.6,-36.08,50.84,58.98,-33.14,99.77,-63.37,-19.06,-39.04,94.05,30.95,5.4
letters_lower/a_dejavuserif-bold,letters_lower,targets/letters_lower/a_dejavuserif-bold.png,0.72,0.6862,0.0212,0.655,10,0,3,0.2,65.4,0.1856,0.1505,0.8308,-24.14,28.16,0.19026,0.17905,letters_lower/a_dejavuserif-bold/a_dejavuserif-bold_best.png,"[-0.81917, -1.596649, 1.534373, 0.479831, 0.813891, 0.531192, 0.941008, -1.10582, -0.01465, 1.199454, 1.64279, 1.070481, -0.690547, -0.175509, 0.436262, 1.546714, 2.37925, 0.580009]",-46.93,-91.48,87.91,27.49,46.63,30.44,53.92,-63.36,-0.84,68.72,94.12,61.33,-39.57,-10.06,25.0,88.62,136.32,33.23
abstract/device0_mpeg7-05,abstract,targets/abstract/device0_mpeg7-05.png,0.7199,0.684,0.0238,0.6367,10,9,3,0.2,65.9,0.2518,0.2246,0.7346,-12.07,28.16,0.07847,0.2121,abstract/device0_mpeg7-05/device0_mpeg7-05_best.png,"[1.884959, -0.513084, -0.023017, 1.617189, -0.529548, -0.071041, 1.11817, -0.076605, 0.846928, -1.048209, -2.168604, 0.32555, 1.144586, 0.666163, -1.555239, 1.353263, -1.641187, 1.74382]",108.0,-29.4,-1.32,92.66,-30.34,-4.07,64.07,-4.39,48.53,-60.06,-124.25,18.65,65.58,38.17,-89.11,77.54,-94.03,99.91
letters_lower/h_dejavuserif-bold,letters_lower,targets/letters_lower/h_dejavuserif-bold.png,0.7186,0.6554,0.0351,0.5791,10,7,3,0.2,64.7,0.1725,0.141,0.9269,-28.16,16.09,0.19872,0.12353,letters_lower/h_dejavuserif-bold/h_dejavuserif-bold_best.png,"[-1.292682, 1.17954, -1.69, -1.207177, -2.156563, 1.445431, 1.256271, -1.502468, 0.192077, 1.259516, -1.185984, -0.165589, -0.600722, -0.776321, 0.128467, 0.609559, -1.1769, 1.066553]",-74.07,67.58,-96.83,-69.17,-123.56,82.82,71.98,-86.09,11.01,72.16,-67.95,-9.49,-34.42,-44.48,7.36,34.93,-67.43,61.11
objects/cellular-phone_mpeg7-05,objects,targets/objects/cellular-phone_mpeg7-05.png,0.7185,0.6707,0.0293,0.6302,10,4,3,0.2,64.9,0.1077,0.0563,1.3115,-16.09,28.16,0.05399,0.36276,objects/cellular-phone_mpeg7-05/cellular-phone_mpeg7-05_best.png,"[1.238044, -1.642496, -0.926734, 0.029865, 2.058089, 1.716904, -1.056338, -0.741163, 0.433243, 1.155835, 2.511988, 1.689856, -0.881661, 0.330665, -0.669409, 1.622138, -0.307876, 1.00046]",70.93,-94.11,-53.1,1.71,117.92,98.37,-60.52,-42.47,24.82,66.22,143.93,96.82,-50.52,18.95,-38.35,92.94,-17.64,57.32
letters_upper/R_dejavusans-bold,letters_upper,targets/letters_upper/R_dejavusans-bold.png,0.718,0.6759,0.0283,0.6333,10,7,3,0.2,66.4,0.2282,0.1932,0.7346,-24.14,28.16,0.19494,0.20428,letters_upper/R_dejavusans-bold/R_dejavusans-bold_best.png,"[1.195593, -1.259212, 0.142858, 1.199953, 1.298772, 1.042495, 0.671236, -0.678309, 1.011962, -1.65806, 1.267913, 0.807597, 0.258786, -0.404709, 0.830001, 1.287265, -0.754153, 1.196]",68.5,-72.15,8.19,68.75,74.41,59.73,38.46,-38.86,57.98,-95.0,72.65,46.27,14.83,-23.19,47.56,73.75,-43.21,68.53
letters_upper/N_dejavusansmono-bold,letters_upper,targets/letters_upper/N_dejavusansmono-bold.png,0.7177,0.6611,0.0292,0.6283,10,6,3,0.2,64.8,0.208,0.1736,0.8308,-24.14,20.11,0.19645,0.1734,letters_upper/N_dejavusansmono-bold/N_dejavusansmono-bold_best.png,"[0.92649, -0.842071, 0.505646, -0.774165, -2.525981, 0.245657, 1.708122, 0.415973, -1.194549, 0.301341, 2.834134, 0.340787, 0.300994, -0.509788, 0.497531, 1.65806, -0.705342, 0.546331]",53.08,-48.25,28.97,-44.36,-144.73,14.08,97.87,23.83,-68.44,17.27,162.38,19.53,17.25,-29.21,28.51,95.0,-40.41,31.3
letters_upper/P_dejavuserif-bold,letters_upper,targets/letters_upper/P_dejavuserif-bold.png,0.7171,0.6759,0.0276,0.6202,10,1,3,0.2,65.5,0.2497,0.2191,0.7346,4.02,28.16,0.21818,0.11413,letters_upper/P_dejavuserif-bold/P_dejavuserif-bold_best.png,"[1.200214, -1.558483, 0.338656, -1.65806, -1.369754, 0.716629, -0.945732, -1.241317, -1.69, 0.773585, -1.997786, 0.905899, -1.4271, -1.110888, -0.218465, 1.550283, -0.738229, 0.39254]",68.77,-89.29,19.4,-95.0,-78.48,41.06,-54.19,-71.12,-96.83,44.32,-114.46,51.9,-81.77,-63.65,-12.52,88.82,-42.3,22.49
objects/tree_mpeg7-04,objects,targets/objects/tree_mpeg7-04.png,0.7168,0.692,0.014,0.6648,10,2,3,0.2,65.7,0.3262,0.3138,0.8308,-8.05,24.14,0.0682,0.17753,objects/tree_mpeg7-04/tree_mpeg7-04_best.png,"[1.777689, -0.655458, -0.082632, 1.629708, 0.79388, 1.38748, -1.610432, -1.167195, -1.263799, -1.152483, 1.606031, 1.300896, 1.91986, -1.17235, 1.515263, -0.711969, -2.341748, 1.67826]",101.85,-37.55,-4.73,93.38,45.49,79.5,-92.27,-66.88,-72.41,-66.03,92.02,74.54,110.0,-67.17,86.82,-40.79,-134.17,96.16
vehicles/personal-car_mpeg7-05,vehicles,targets/vehicles/personal-car_mpeg7-05.png,0.7167,0.6749,0.0311,0.6264,10,3,3,0.2,61.9,0.1318,0.0863,1.3115,-4.02,28.16,0.03383,0.36354,vehicles/personal-car_mpeg7-05/personal-car_mpeg7-05_best.png,"[-1.778585, 0.567634, -0.956832, 0.204422, 1.95528, 1.725643, -1.077903, 0.0073, 0.077814, 0.667636, -2.150465, 1.54744, -0.312869, -1.540504, -1.69, 0.902574, -2.434674, 1.668326]",-101.91,32.52,-54.82,11.71,112.03,98.87,-61.76,0.42,4.46,38.25,-123.21,88.66,-17.93,-88.26,-96.83,51.71,-139.5,95.59
letters_lower/k_dejavusans-bold,letters_lower,targets/letters_lower/k_dejavusans-bold.png,0.7161,0.668,0.0354,0.6141,10,1,3,0.2,65.7,0.3076,0.2501,0.7346,8.05,28.16,0.19364,0.10699,letters_lower/k_dejavusans-bold/k_dejavusans-bold_best.png,"[1.447135, -1.52266, -1.325976, 0.146884, -2.14452, 0.770474, -1.084296, -1.56375, -1.69, -0.76553, -1.464195, 1.084206, -1.645272, -1.21889, 0.276888, 1.203672, -0.205454, -0.162818]",82.91,-87.24,-75.97,8.42,-122.87,44.14,-62.13,-89.6,-96.83,-43.86,-83.89,62.12,-94.27,-69.84,15.86,68.97,-11.77,-9.33
animals/butterfly_mpeg7-04,animals,targets/animals/butterfly_mpeg7-04.png,0.716,0.6785,0.0211,0.6476,10,7,3,0.2,64.9,0.2183,0.1972,1.0231,4.02,28.16,0.10836,0.24132,animals/butterfly_mpeg7-04/butterfly_mpeg7-04_best.png,"[1.066256, -0.858066, -1.682727, -1.64075, 2.800992, -0.174533, 1.222269, 0.410474, -1.145801, 1.042004, -0.418057, 0.262156, 0.82515, -1.516727, -1.100818, 0.592232, 1.811111, 0.929373]",61.09,-49.16,-96.41,-94.01,160.49,-10.0,70.03,23.52,-65.65,59.7,-23.95,15.02,47.28,-86.9,-63.07,33.93,103.77,53.25
vehicles/classic_mpeg7-03,vehicles,targets/vehicles/classic_mpeg7-03.png,0.7151,0.6613,0.0311,0.6121,10,3,3,0.2,64.9,0.1075,0.0745,1.3115,4.02,28.16,0.01853,0.42159,vehicles/classic_mpeg7-03/classic_mpeg7-03_best.png,"[-1.91986, 0.306765, -0.569374, 0.441891, 1.545356, 1.540472, -1.194382, -0.411125, 0.812541, -0.787888, -1.942304, 0.269812, 0.700459, -1.023815, 0.377182, 1.171407, -2.111967, 1.730488]",-110.0,17.58,-32.62,25.32,88.54,88.26,-68.43,-23.56,46.56,-45.14,-111.29,15.46,40.13,-58.66,21.61,67.12,-121.01,99.15
letters_lower/z_dejavusansmono-bold,letters_lower,targets/letters_lower/z_dejavusansmono-bold.png,0.7149,0.6518,0.0273,0.6114,10,3,3,0.2,65.6,0.2769,0.2563,0.8308,-4.02,24.14,0.20671,0.17163,letters_lower/z_dejavusansmono-bold/z_dejavusansmono-bold_best.png,"[1.271391, -1.742224, -0.087795, -0.718355, 1.605074, 1.151892, -1.899321, -0.271355, 0.938178, -0.747768, -1.075062, -0.015887, -0.861101, -0.692519, 1.426337, 0.455908, 1.820446, 1.7281]",72.85,-99.82,-5.03,-41.16,91.96,66.0,-108.82,-15.55,53.75,-42.84,-61.6,-0.91,-49.34,-39.68,81.72,26.12,104.3,99.01
letters_lower/v_dejavuserif-bold,letters_lower,targets/letters_lower/v_dejavuserif-bold.png,0.7148,0.6901,0.0269,0.6239,10,8,3,0.2,65.2,0.3572,0.2921,0.9269,0.0,24.14,0.10767,0.0978,letters_lower/v_dejavuserif-bold/v_dejavuserif-bold_best.png,"[1.094009, -1.006, -0.168178, 1.328364, 0.206099, -0.108052, -0.399729, -1.74533, -0.085631, 0.054498, 0.594592, 1.435373, -1.909707, -0.693847, -1.69, -1.568084, 0.604007, 0.353361]",62.68,-57.64,-9.64,76.11,11.81,-6.19,-22.9,-100.0,-4.91,3.12,34.07,82.24,-109.42,-39.75,-96.83,-89.84,34.61,20.25
abstract/bone_mpeg7-02,abstract,targets/abstract/bone_mpeg7-02.png,0.7145,0.6321,0.063,0.4852,10,6,3,0.2,45.5,0.1501,0.1038,1.2154,16.09,4.02,0.38349,0.4992,abstract/bone_mpeg7-02/bone_mpeg7-02_best.png,"[0.07151, -0.770319, -1.353719, -0.184626, -2.317085, 1.250069, 0.350751, -0.86804, -1.310266, 0.185651, -2.353403, 0.013253, 1.10496, -1.265382, 1.430027, 1.089298, 0.04861, 1.730471]",4.1,-44.14,-77.56,-10.58,-132.76,71.62,20.1,-49.74,-75.07,10.64,-134.84,0.76,63.31,-72.5,81.93,62.41,2.79,99.15
digits/3_dejavusans-bold,digits,targets/digits/3_dejavusans-bold.png,0.7134,0.6677,0.0217,0.6438,10,8,3,0.2,64.8,0.1903,0.1494,0.9269,-24.14,16.09,0.10723,0.13492,digits/3_dejavusans-bold/3_dejavusans-bold_best.png,"[0.778262, -0.79583, -0.763409, 1.417517, -0.408476, -0.143523, -0.773989, 1.194463, -0.594679, -1.278118, 0.841504, 0.796861, 0.886853, -0.852927, 0.827728, -0.50591, 0.801752, 1.491127]",44.59,-45.6,-43.74,81.22,-23.4,-8.22,-44.35,68.44,-34.07,-73.23,48.21,45.66,50.81,-48.87,47.43,-28.99,45.94,85.44
animals/camel_mpeg7-05,animals,targets/animals/camel_mpeg7-05.png,0.7133,0.6796,0.0311,0.6277,10,9,3,0.2,65.4,0.2457,0.2014,0.7346,4.02,28.16,0.17144,0.1123,animals/camel_mpeg7-05/camel_mpeg7-05_best.png,"[-1.236183, -1.408755, -1.366151, 0.360166, 1.988881, 0.906382, 1.902092, -0.051857, 0.309754, -0.90219, -0.497834, 1.329169, -1.693493, -1.495899, -1.381652, -0.904625, 0.167168, 0.915398]",-70.83,-80.72,-78.27,20.64,113.95,51.93,108.98,-2.97,17.75,-51.69,-28.52,76.16,-97.03,-85.71,-79.16,-51.83,9.58,52.45
letters_upper/R_dejavuserif-bold,letters_upper,targets/letters_upper/R_dejavuserif-bold.png,0.7123,0.6613,0.0399,0.5593,10,0,3,0.2,64.7,0.175,0.1545,0.9269,-28.16,24.14,0.18401,0.19525,letters_upper/R_dejavuserif-bold/R_dejavuserif-bold_best.png,"[-1.082446, -0.517794, 0.424081, -0.692217, 0.905217, 1.74533, 1.302968, -1.358715, -0.309844, 1.375793, 1.458487, 1.006231, -0.882005, 0.153179, 0.109942, 1.603, 2.298011, 0.493166]",-62.02,-29.67,24.3,-39.66,51.87,100.0,74.65,-77.85,-17.75,78.83,83.57,57.65,-50.54,8.78,6.3,91.85,131.67,28.26
hand_shadow/crab_hasper-01,hand_shadow,targets/hand_shadow/crab_hasper-01.png,0.7121,0.6891,0.0153,0.6569,10,6,3,0.2,64.9,0.1813,0.1456,1.1192,-4.02,28.16,0.06411,0.29073,hand_shadow/crab_hasper-01/crab_hasper-01_best.png,"[1.478803, -1.580541, -0.42737, -1.371055, -0.958998, 0.662731, 1.06649, -1.488669, -0.685358, -1.29617, -2.674578, 1.441777, 1.101244, 0.263201, -0.799221, 1.65806, 0.054492, 0.371208]",84.73,-90.56,-24.49,-78.56,-54.95,37.97,61.11,-85.29,-39.27,-74.27,-153.24,82.61,63.1,15.08,-45.79,95.0,3.12,21.27
digits/9_dejavusansmono-bold,digits,targets/digits/9_dejavusansmono-bold.png,0.7115,0.6666,0.0269,0.6213,10,8,3,0.2,65.4,0.1979,0.1801,0.8308,-24.14,24.14,0.05097,0.2626,digits/9_dejavusansmono-bold/9_dejavusansmono-bold_best.png,"[-1.199878, -0.108049, 0.935861, -0.71733, -0.605904, -0.087765, 1.122803, -0.925256, -0.235485, 1.186433, -2.295234, 1.717867, 0.975391, 0.702245, -0.867263, -1.621318, 2.74698, -0.174533]",-68.75,-6.19,53.62,-41.1,-34.72,-5.03,64.33,-53.01,-13.49,67.98,-131.51,98.43,55.89,40.24,-49.69,-92.89,157.39,-10.0
letters_lower/s_dejavusans-bold,letters_lower,targets/letters_lower/s_dejavusans-bold.png,0.711,0.6843,0.0198,0.6488,10,2,3,0.2,65.4,0.2441,0.2043,0.8308,-24.14,24.14,0.14301,0.2312,letters_lower/s_dejavusans-bold/s_dejavusans-bold_best.png,"[-0.619196, -0.997004, -0.37228, 1.65806, 2.080778, 0.050517, 0.598364, 1.399322, -1.522778, -0.694343, -2.477328, 0.798123, -0.696867, -1.469593, 1.054709, 0.233905, 1.280903, 0.603657]",-35.48,-57.12,-21.33,95.0,119.22,2.89,34.28,80.18,-87.25,-39.78,-141.94,45.73,-39.93,-84.2,60.43,13.4,73.39,34.59
animals/fly_mpeg7-04,animals,targets/animals/fly_mpeg7-04.png,0.7109,0.675,0.0233,0.6408,10,4,3,0.2,65.1,0.2769,0.2257,0.8308,8.05,28.16,0.16221,0.19423,animals/fly_mpeg7-04/fly_mpeg7-04_best.png,"[-0.775815, -1.74533, 0.124575, 1.314279, 2.078858, 1.367703, 1.180931, -1.579528, 0.643199, 0.518037, -1.634231, 1.696454, 0.986075, -1.180468, -1.69, -0.776396, 1.8286, 1.684636]",-44.45,-100.0,7.14,75.3,119.11,78.36,67.66,-90.5,36.85,29.68,-93.63,97.2,56.5,-67.64,-96.83,-44.48,104.77,96.52
vehicles/car_mpeg7-02,vehicles,targets/vehicles/car_mpeg7-02.png,0.7109,0.6799,0.0131,0.66,10,1,3,0.2,65.1,0.1406,0.1082,1.2154,-8.05,28.16,0.02462,0.36774,vehicles/car_mpeg7-02/car_mpeg7-02_best.png,"[1.061776, -0.905143, -1.633419, -1.1795, -2.164344, 0.33517, -1.160338, 0.596189, -0.931191, 1.500443, 1.46719, 0.866727, -1.511669, -0.132607, 0.27887, -0.595905, 1.252315, 1.231703]",60.84,-51.86,-93.59,-67.58,-124.01,19.2,-66.48,34.16,-53.35,85.97,84.06,49.66,-86.61,-7.6,15.98,-34.14,71.75,70.57
vehicles/classic_mpeg7-01,vehicles,targets/vehicles/classic_mpeg7-01.png,0.7101,0.6465,0.05,0.552,10,9,3,0.2,66.3,0.1529,0.1089,1.2154,8.05,28.16,0.03198,0.41417,vehicles/classic_mpeg7-01/classic_mpeg7-01_best.png,"[-1.91986, 0.169472, -0.566813, 0.824797, 1.441312, 0.516214, 1.835014, -0.853996, -1.69, -1.555155, 0.025233, 0.830473, 0.608051, -1.336963, -1.210144, -1.621112, -0.053533, 1.013727]",-110.0,9.71,-32.48,47.26,82.58,29.58,105.14,-48.93,-96.83,-89.1,1.45,47.58,34.84,-76.6,-69.34,-92.88,-3.07,58.08
letters_lower/p_dejavuserif-bold,letters_lower,targets/letters_lower/p_dejavuserif-bold.png,0.7099,0.6778,0.0293,0.6261,10,2,3,0.2,65.1,0.22,0.1817,0.7346,8.05,28.16,0.18702,0.10862,letters_lower/p_dejavuserif-bold/p_dejavuserif-bold_best.png,"[-1.388279, -1.74533, 0.133815, -1.216435, -0.477819, 1.164622, -0.841694, -1.583981, -1.200546, 1.418808, -0.23385, 1.004706, 1.532691, 0.33195, -1.262322, 1.117532, -1.455409, 0.121202]",-79.54,-100.0,7.67,-69.7,-27.38,66.73,-48.23,-90.76,-68.79,81.29,-13.4,57.57,87.82,19.02,-72.33,64.03,-83.39,6.94
animals/sea-snake_mpeg7-03,animals,targets/animals/sea-snake_mpeg7-03.png,0.7097,0.6403,0.0445,0.5744,10,8,3,0.2,65.0,0.4266,0.3773,1.0231,-8.05,16.09,0.27644,0.21204,animals/sea-snake_mpeg7-03/sea-snake_mpeg7-03_best.png,"[-0.945588, -0.978928, -1.255958, -0.646457, 2.721622, 1.015637, -1.154856, 1.315217, -1.551493, -1.281625, 0.801875, 0.742782, 0.76504, -0.873888, -1.56918, 0.428602, 1.260359, 1.431088]",-54.18,-56.09,-71.96,-37.04,155.94,58.19,-66.17,75.36,-88.89,-73.43,45.94,42.56,43.83,-50.07,-89.91,24.56,72.21,82.0
letters_upper/A_dejavusansmono-bold,letters_upper,targets/letters_upper/A_dejavusansmono-bold.png,0.7093,0.6873,0.0171,0.6526,10,9,3,0.2,65.7,0.1963,0.1784,0.8308,-28.16,20.11,0.18244,0.21271,letters_upper/A_dejavusansmono-bold/A_dejavusansmono-bold_best.png,"[1.285597, -0.701422, 0.106761, 0.174115, -2.678434, 1.401, -0.677268, -0.56087, 0.697075, 1.275417, -2.14288, 0.314539, 1.049956, 1.118986, -1.409486, -1.507465, -2.047959, 0.611033]",73.66,-40.19,6.12,9.98,-153.46,80.27,-38.8,-32.14,39.94,73.08,-122.78,18.02,60.16,64.11,-80.76,-86.37,-117.34,35.01
letters_upper/T_dejavuserif-bold,letters_upper,targets/letters_upper/T_dejavuserif-bold.png,0.7093,0.659,0.0322,0.6231,10,7,3,0.2,65.4,0.2647,0.2459,0.7346,-8.05,28.16,0.13446,0.08448,letters_upper/T_dejavuserif-bold/T_dejavuserif-bold_best.png,"[-1.478425, -1.618121, -0.706916, 1.286223, 1.791242, 1.346528, -1.518999, -1.688802, -0.118314, 1.049813, -1.772515, 1.284035, 1.91986, -0.124809, 1.515219, -0.466874, -0.021857, 1.073136]",-84.71,-92.71,-40.5,73.7,102.63,77.15,-87.03,-96.76,-6.78,60.15,-101.56,73.57,110.0,-7.15,86.82,-26.75,-1.25,61.49
animals/frog_mpeg7-05,animals,targets/animals/frog_mpeg7-05.png,0.7086,0.6958,0.0098,0.6805,10,7,3,0.2,65.5,0.3948,0.3629,0.9269,-12.07,24.14,0.14905,0.25612,animals/frog_mpeg7-05/frog_mpeg7-05_best.png,"[1.375657, -1.589114, -0.379427, -0.803649, 2.275702, 0.124833, 0.581208, 0.561853, 0.689098, -1.089615, -2.412206, 0.733517, -1.338105, -0.344628, 0.032865, 0.72149, -1.643253, 0.533549]",78.82,-91.05,-21.74,-46.05,130.39,7.15,33.3,32.19,39.48,-62.43,-138.21,42.03,-76.67,-19.75,1.88,41.34,-94.15,30.57
animals/cattle_mpeg7-01,animals,targets/animals/cattle_mpeg7-01.png,0.7082,0.6519,0.0264,0.6096,10,9,3,0.2,65.0,0.2332,0.2053,0.8308,-12.07,20.11,0.0119,0.13658,animals/cattle_mpeg7-01/cattle_mpeg7-01_best.png,"[-1.284567, -1.172501, 0.397614, 0.564203, 2.756195, -0.174533, 0.956662, -0.948682, 0.848392, -1.454283, -2.616655, 1.075055, 1.91986, 0.158951, -0.062265, 0.488148, 2.690013, 1.347834]",-73.6,-67.18,22.78,32.33,157.92,-10.0,54.81,-54.36,48.61,-83.32,-149.92,61.6,110.0,9.11,-3.57,27.97,154.13,77.23
letters_upper/R_dejavusansmono-bold,letters_upper,targets/letters_upper/R_dejavusansmono-bold.png,0.7079,0.6705,0.0171,0.6498,10,4,3,0.2,64.8,0.2291,0.1895,0.8308,-24.14,24.14,0.17645,0.20522,letters_upper/R_dejavusansmono-bold/R_dejavusansmono-bold_best.png,"[-0.984059, -1.084772, -0.207977, 1.359954, 0.369822, -0.042187, -0.689114, -0.611904, 0.630286, 1.610487, 1.321908, -0.047575, 0.885006, 0.04892, 0.03047, -1.348963, 0.822622, 1.126614]",-56.38,-62.15,-11.92,77.92,21.19,-2.42,-39.48,-35.06,36.11,92.27,75.74,-2.73,50.71,2.8,1.75,-77.29,47.13,64.55
objects/spoon_mpeg7-02,objects,targets/objects/spoon_mpeg7-02.png,0.7076,0.6376,0.0512,0.571,10,9,3,0.2,64.9,0.0494,0.0053,1.0231,20.11,16.09,0.42129,0.28186,objects/spoon_mpeg7-02/spoon_mpeg7-02_best.png,"[1.65301, 0.892192, -0.947791, 0.154131, -1.604783, 1.289489, 0.021398, -1.253103, -1.019428, 0.129982, -1.401642, 0.687609, -1.332925, -1.565588, -1.330503, -0.486808, -0.050444, 0.529898]",94.71,51.12,-54.3,8.83,-91.95,73.88,1.23,-71.8,-58.41,7.45,-80.31,39.4,-76.37,-89.7,-76.23,-27.89,-2.89,30.36
letters_lower/e_dejavusansmono-bold,letters_lower,targets/letters_lower/e_dejavusansmono-bold.png,0.7075,0.6654,0.026,0.6314,10,0,3,0.2,64.9,0.2547,0.2179,0.7346,-24.14,28.16,0.16363,0.29131,letters_lower/e_dejavusansmono-bold/e_dejavusansmono-bold_best.png,"[-1.114397, -0.852837, 1.189131, -1.01712, 1.218782, 1.638224, 1.299266, -1.705055, -0.092565, 1.496956, 0.820283, 0.137592, 0.130161, -0.739137, -0.087477, 1.641201, 2.249126, 0.019408]",-63.85,-48.86,68.13,-58.28,69.83,93.86,74.44,-97.69,-5.3,85.77,47.0,7.88,7.46,-42.35,-5.01,94.03,128.87,1.11
letters_lower/b_dejavuserif-bold,letters_lower,targets/letters_lower/b_dejavuserif-bold.png,0.7074,0.6744,0.0185,0.6443,10,7,3,0.2,65.5,0.1809,0.1407,0.8308,-28.16,24.14,0.16126,0.17268,letters_lower/b_dejavuserif-bold/b_dejavuserif-bold_best.png,"[-0.804376, -0.755269, 0.280827, 1.65806, -0.241426, 0.901312, 0.602905, 1.609552, -1.686601, 0.023669, -1.473822, -0.135414, -0.701734, -0.833259, 0.341514, 0.020654, -1.730875, 1.713222]",-46.09,-43.27,16.09,95.0,-13.83,51.64,34.54,92.22,-96.64,1.36,-84.44,-7.76,-40.21,-47.74,19.57,1.18,-99.17,98.16
digits/2_dejavusansmono-bold,digits,targets/digits/2_dejavusansmono-bold.png,0.7072,0.6285,0.0453,0.5539,10,4,3,0.2,65.5,0.3527,0.3204,0.9269,-4.02,16.09,0.14178,0.15452,digits/2_dejavusansmono-bold/2_dejavusansmono-bold_best.png,"[-0.615695, -0.848523, -1.233211, 1.62719, 0.438788, 0.076081, -1.126126, -0.848865, 1.353367, 0.961027, 1.639018, 0.247473, 1.16941, -1.74533, -1.274334, -1.061349, 2.826105, 0.591987]",-35.28,-48.62,-70.66,93.23,25.14,4.36,-64.52,-48.64,77.54,55.06,93.91,14.18,67.0,-100.0,-73.01,-60.81,161.92,33.92
animals/fish_mpeg7-02,animals,targets/animals/fish_mpeg7-02.png,0.7071,0.6559,0.0282,0.611,10,4,3,0.2,65.8,0.0271,0.015,1.3115,4.02,28.16,0.01831,0.43473,animals/fish_mpeg7-02/fish_mpeg7-02_best.png,"[-1.91986, -0.943137, 0.56206, 0.751749, 1.768475, 1.644608, 0.687921, -0.029699, 0.548993, -1.110109, 2.364829, 0.510223, 0.656334, -1.015214, -1.627731, -1.01131, 1.248831, 0.361347]",-110.0,-54.04,32.2,43.07,101.33,94.23,39.41,-1.7,31.45,-63.6,135.49,29.23,37.61,-58.17,-93.26,-57.94,71.55,20.7
letters_lower/u_dejavuserif-bold,letters_lower,targets/letters_lower/u_dejavuserif-bold.png,0.7068,0.6374,0.0334,0.5954,10,2,3,0.2,64.7,0.1474,0.0796,0.9269,-24.14,28.16,0.14329,0.15842,letters_lower/u_dejavuserif-bold/u_dejavuserif-bold_best.png,"[0.399914, -1.094494, 1.455687, -1.65806, 1.795351, -0.12471, -1.375872, -1.625751, -0.933834, 0.734533, -1.806726, 1.331023, 1.697317, 0.34996, -1.174249, 0.998814, 2.423357, 0.335866]",22.91,-62.71,83.4,-95.0,102.87,-7.15,-78.83,-93.15,-53.5,42.09,-103.52,76.26,97.25,20.05,-67.28,57.23,138.85,19.24
letters_upper/B_dejavuserif-bold,letters_upper,targets/letters_upper/B_dejavuserif-bold.png,0.7068,0.6556,0.0401,0.6008,10,1,3,0.2,65.9,0.1886,0.1516,0.9269,-28.16,24.14,0.17718,0.17381,letters_upper/B_dejavuserif-bold/B_dejavuserif-bold_best.png,"[-1.293199, 1.011981, -1.661209, -0.620974, 1.582802, 1.611033, -1.053471, -1.579687, 0.658323, -1.65806, 0.968469, -0.161648, 0.896141, -1.74533, 0.463165, 0.268017, 1.694294, 0.087054]",-74.09,57.98,-95.18,-35.58,90.69,92.31,-60.36,-90.51,37.72,-95.0,55.49,-9.26,51.35,-100.0,26.54,15.36,97.08,4.99
animals/chicken_mpeg7-04,animals,targets/animals/chicken_mpeg7-04.png,0.7062,0.6726,0.0197,0.6385,10,1,3,0.2,65.3,0.2346,0.1999,0.7346,4.02,28.16,0.11515,0.13933,animals/chicken_mpeg7-04/chicken_mpeg7-04_best.png,"[1.419402, -1.414248, -1.141228, -0.444457, -2.214583, 0.721687, -0.937867, -0.893578, -1.519304, -0.846899, -1.233528, 0.639677, 1.178717, -0.638271, 0.148129, 1.581328, 0.005721, 0.19187]",81.33,-81.03,-65.39,-25.47,-126.89,41.35,-53.74,-51.2,-87.05,-48.52,-70.68,36.65,67.54,-36.57,8.49,90.6,0.33,10.99
animals/rat_mpeg7-05,animals,targets/animals/rat_mpeg7-05.png,0.706,0.6608,0.0429,0.5663,10,1,3,0.2,65.3,0.301,0.2856,0.7346,0.0,28.16,0.07127,0.08346,animals/rat_mpeg7-05/rat_mpeg7-05_best.png,"[1.142817, -1.583839, -1.603657, -0.607846, -1.990091, 0.794507, 1.608172, -0.942971, 0.552575, -0.094838, -1.516683, 1.326288, 1.91986, 0.143587, -0.697833, 0.859498, 2.263637, 0.924529]",65.48,-90.75,-91.88,-34.83,-114.02,45.52,92.14,-54.03,31.66,-5.43,-86.9,75.99,110.0,8.23,-39.98,49.25,129.7,52.97
abstract/device0_mpeg7-02,abstract,targets/abstract/device0_mpeg7-02.png,0.7055,0.6777,0.0182,0.6451,10,0,3,0.2,67.6,0.2565,0.2263,0.9269,-20.11,24.14,0.12015,0.30009,abstract/device0_mpeg7-02/device0_mpeg7-02_best.png,"[-1.033419, -1.271089, 0.344114, 1.164834, 0.786705, 1.625021, -0.774012, -0.009272, 1.086357, 0.92667, 0.897056, 1.408485, -1.142193, -1.419032, -0.895653, -1.283761, -1.115045, 0.952286]",-59.21,-72.83,19.72,66.74,45.07,93.11,-44.35,-0.53,62.24,53.09,51.4,80.7,-65.44,-81.3,-51.32,-73.55,-63.89,54.56
animals/fish_mpeg7-04,animals,targets/animals/fish_mpeg7-04.png,0.7052,0.6615,0.0185,0.6273,10,3,3,0.2,65.3,0.0493,0.0192,1.2154,-4.02,28.16,0.01443,0.39328,animals/fish_mpeg7-04/fish_mpeg7-04_best.png,"[1.188355, -1.635301, -0.541138, -0.855983, 2.619146, -0.174533, -1.009806, -0.359039, 0.502431, -0.089017, -2.068487, 0.247731, 0.89403, -0.463864, 1.193079, -1.111741, 2.588599, 0.155425]",68.09,-93.7,-31.0,-49.04,150.07,-10.0,-57.86,-20.57,28.79,-5.1,-118.52,14.19,51.22,-26.58,68.36,-63.7,148.32,8.91
letters_lower/r_dejavuserif-bold,letters_lower,targets/letters_lower/r_dejavuserif-bold.png,0.7049,0.6702,0.0248,0.6154,10,1,3,0.2,65.4,0.2341,0.2049,0.6385,4.02,28.16,0.24879,0.04117,letters_lower/r_dejavuserif-bold/r_dejavuserif-bold_best.png,"[1.460495, -1.401024, -1.69, 0.185034, -2.55078, 0.069977, -1.460014, -1.630167, -0.307781, 1.65806, 1.765816, 0.491583, -0.741065, -1.099395, -0.906055, -1.464215, 2.239079, 0.016551]",83.68,-80.27,-96.83,10.6,-146.15,4.01,-83.65,-93.4,-17.63,95.0,101.17,28.17,-42.46,-62.99,-51.91,-83.89,128.29,0.95
animals/camel_mpeg7-03,animals,targets/animals/camel_mpeg7-03.png,0.7047,0.6434,0.0364,0.592,10,7,3,0.2,65.9,0.2824,0.2652,0.8308,-8.05,24.14,0.07351,0.15068,animals/camel_mpeg7-03/camel_mpeg7-03_best.png,"[1.268031, -0.791114, -1.541819, -1.650832, 0.776783, 1.037546, 1.095442, 0.487532, -1.571128, 1.363218, 0.067902, 0.080339, -0.917296, -0.168547, -1.679573, -1.604783, 0.224564, 0.161111]",72.65,-45.33,-88.34,-94.59,44.51,59.45,62.76,27.93,-90.02,78.11,3.89,4.6,-52.56,-9.66,-96.23,-91.95,12.87,9.23
letters_upper/P_dejavusans-bold,letters_upper,targets/letters_upper/P_dejavusans-bold.png,0.7045,0.6587,0.0354,0.5905,10,5,3,0.2,64.9,0.1916,0.1654,0.6385,8.05,28.16,0.19959,0.05065,letters_upper/P_dejavusans-bold/P_dejavusans-bold_best.png,"[-0.876229, -0.800614, -1.667994, -1.460118, -0.432741, 1.74533, 1.868664, 0.263219, -0.882352, 0.824032, -1.953439, 0.445781, 1.572789, 0.609223, -1.531848, 1.590027, -2.656158, 0.311497]",-50.2,-45.87,-95.57,-83.66,-24.79,100.0,107.07,15.08,-50.56,47.21,-111.92,25.54,90.11,34.91,-87.77,91.1,-152.19,17.85
vehicles/personal-car_mpeg7-03,vehicles,targets/vehicles/personal-car_mpeg7-03.png,0.703,0.6571,0.0269,0.6085,10,1,3,0.2,60.3,0.1277,0.0866,1.3115,-4.02,28.16,0.01782,0.39043,vehicles/personal-car_mpeg7-03/personal-car_mpeg7-03_best.png,"[0.969461, -0.978507, -1.490369, -1.310283, -2.510562, 0.96286, -1.288576, 0.735218, -1.311143, 1.045022, 1.784937, 0.736484, -1.892766, 0.174381, 0.159101, -0.565035, 0.339678, 1.233079]",55.55,-56.06,-85.39,-75.07,-143.84,55.17,-73.83,42.12,-75.12,59.88,102.27,42.2,-108.45,9.99,9.12,-32.37,19.46,70.65
abstract/device0_mpeg7-03,abstract,targets/abstract/device0_mpeg7-03.png,0.7028,0.6609,0.0256,0.6283,10,4,3,0.2,66.1,0.2633,0.2262,0.8308,-12.07,28.16,0.06595,0.17686,abstract/device0_mpeg7-03/device0_mpeg7-03_best.png,"[-1.870122, -0.73984, 0.112575, 1.46295, 1.273785, 0.63007, 1.115138, -0.822219, 0.609475, -0.324188, -2.032278, 0.530902, 0.667107, -1.056374, 1.155443, 0.37829, 1.015052, -0.14451]",-107.15,-42.39,6.45,83.82,72.98,36.1,63.89,-47.11,34.92,-18.57,-116.44,30.42,38.22,-60.53,66.2,21.67,58.16,-8.28
animals/rat_mpeg7-04,animals,targets/animals/rat_mpeg7-04.png,0.7028,0.6618,0.0444,0.5642,10,8,3,0.2,65.8,0.2837,0.2752,0.7346,0.0,28.16,0.07984,0.09069,animals/rat_mpeg7-04/rat_mpeg7-04_best.png,"[1.87789, -0.008461, -0.682161, 1.11706, -0.762922, -0.174533, -1.439994, -1.718238, -0.041521, 1.297107, -2.658607, 0.069564, 1.692265, 0.877005, 0.028812, -0.948004, 0.394599, 1.716003]",107.6,-0.48,-39.08,64.0,-43.71,-10.0,-82.51,-98.45,-2.38,74.32,-152.33,3.99,96.96,50.25,1.65,-54.32,22.61,98.32
letters_upper/K_dejavusans-bold,letters_upper,targets/letters_upper/K_dejavusans-bold.png,0.7027,0.652,0.0365,0.588,10,1,3,0.2,65.1,0.204,0.1775,0.7346,12.07,28.16,0.21639,0.12287,letters_upper/K_dejavusans-bold/K_dejavusans-bold_best.png,"[1.387051, -1.637339, -0.783794, -0.414376, -2.26414, 0.986887, -1.474771, -1.021915, -1.308041, -0.695016, 1.107183, 0.169485, 1.079249, -1.680083, -1.143293, -0.739433, -1.06655, 1.0163]",79.47,-93.81,-44.91,-23.74,-129.73,56.54,-84.5,-58.55,-74.95,-39.82,63.44,9.71,61.84,-96.26,-65.51,-42.37,-61.11,58.23
animals/turtle_mpeg7-04,animals,targets/animals/turtle_mpeg7-04.png,0.7026,0.6394,0.038,0.5546,10,7,3,0.2,65.1,0.2111,0.1911,1.2154,-8.05,28.16,0.08845,0.33906,animals/turtle_mpeg7-04/turtle_mpeg7-04_best.png,"[0.922743, -0.763272, -1.657018, -1.616498, 2.84121, 0.008089, -0.736145, -1.013565, 1.282531, -1.063872, 1.456527, 1.571922, -1.91986, -1.686594, -0.300054, 1.613701, 1.319935, 0.523369]",52.87,-43.73,-94.94,-92.62,162.79,0.46,-42.18,-58.07,73.48,-60.96,83.45,90.06,-110.0,-96.63,-17.19,92.46,75.63,29.99
animals/beetle_mpeg7-04,animals,targets/animals/beetle_mpeg7-04.png,0.7022,0.6818,0.0108,0.662,10,2,3,0.2,65.1,0.2969,0.2504,1.0231,-12.07,28.16,0.04312,0.21819,animals/beetle_mpeg7-04/beetle_mpeg7-04_best.png,"[-1.092429, -1.729537, 0.80302, -1.496626, 0.919112, -0.113822, 1.200535, -0.480539, 0.601552, 1.322642, -2.711511, 0.549501, 0.403818, -1.177354, 0.753712, -1.621469, -2.728002, 1.14678]",-62.59,-99.1,46.01,-85.75,52.66,-6.52,68.79,-27.53,34.47,75.78,-155.36,31.48,23.14,-67.46,43.18,-92.9,-156.3,65.71
letters_lower/q_dejavusans-bold,letters_lower,targets/letters_lower/q_dejavusans-bold.png,0.702,0.6549,0.0273,0.6115,10,2,3,0.2,65.1,0.1543,0.1303,0.7346,-24.14,28.16,0.11287,0.20507,letters_lower/q_dejavusans-bold/q_dejavusans-bold_best.png,"[0.805511, -0.949118, 0.000901, 1.347161, -0.518999, 0.076923, 0.782802, -1.119267, 1.333605, -0.627115, 1.942424, -0.174533, -1.318387, -1.215642, -0.429357, 1.65806, 0.164227, 0.060332]",46.15,-54.38,0.05,77.19,-29.74,4.41,44.85,-64.13,76.41,-35.93,111.29,-10.0,-75.54,-69.65,-24.6,95.0,9.41,3.46
objects/key_mpeg7-03,objects,targets/objects/key_mpeg7-03.png,0.7017,0.6513,0.0354,0.5996,10,9,3,0.2,65.3,0.0571,0.0291,0.9269,20.11,28.16,0.08397,0.34687,objects/key_mpeg7-03/key_mpeg7-03_best.png,"[1.670886, 0.432502, -0.556908, -0.131341, -2.026465, 1.294638, -1.715706, -1.463981, -1.267409, -0.053442, -1.721799, -0.032209, -0.620205, -1.215296, -1.69, -0.527596, 1.817138, 0.678837]",95.73,24.78,-31.91,-7.53,-116.11,74.18,-98.3,-83.88,-72.62,-3.06,-98.65,-1.85,-35.54,-69.63,-96.83,-30.23,104.11,38.89
animals/elephant_mpeg7-04,animals,targets/animals/elephant_mpeg7-04.png,0.7005,0.659,0.0174,0.6398,10,1,3,0.2,65.4,0.2958,0.2446,1.2154,-4.02,28.16,0.02526,0.23391,animals/elephant_mpeg7-04/elephant_mpeg7-04_best.png,"[1.352648, -1.365007, -0.591865, 1.65806, 1.365963, 0.424827, -1.169361, -0.172375, -0.466436, 1.583468, 2.633634, 0.422102, -0.702494, -1.103259, -1.173272, -1.618821, 0.537975, 1.108636]",77.5,-78.21,-33.91,95.0,78.26,24.34,-67.0,-9.88,-26.72,90.73,150.9,24.18,-40.25,-63.21,-67.22,-92.75,30.82,63.52
letters_lower/q_dejavuserif-bold,letters_lower,targets/letters_lower/q_dejavuserif-bold.png,0.7002,0.6709,0.0187,0.6379,10,1,3,0.2,65.0,0.1234,0.1058,0.7346,-24.14,28.16,0.12925,0.20301,letters_lower/q_dejavuserif-bold/q_dejavuserif-bold_best.png,"[1.292501, -1.255375, -0.256213, 1.653753, 1.156506, -0.161492, 0.582784, -0.705237, 1.1816, -1.589418, 2.773645, 1.657103, 0.794744, -0.813101, 0.021564, 0.844414, 2.087612, 1.429546]",74.05,-71.93,-14.68,94.75,66.26,-9.25,33.39,-40.41,67.7,-91.07,158.92,94.95,45.54,-46.59,1.24,48.38,119.61,81.91
letters_lower/p_dejavusansmono-bold,letters_lower,targets/letters_lower/p_dejavusansmono-bold.png,0.6999,0.6613,0.0205,0.6379,10,9,3,0.2,65.0,0.242,0.2126,0.8308,8.05,24.14,0.1489,0.0474,letters_lower/p_dejavusansmono-bold/p_dejavusansmono-bold_best.png,"[1.771891, 0.514923, -1.121299, 0.011568, -1.441668, 0.92374, -0.914133, -1.413522, -1.53009, 1.241943, 0.30612, -0.14602, -1.572212, -1.280982, -0.823251, 1.625898, -2.74385, 0.658446]",101.52,29.5,-64.25,0.66,-82.6,52.93,-52.38,-80.99,-87.67,71.16,17.54,-8.37,-90.08,-73.39,-47.17,93.16,-157.21,37.73
animals/beetle_mpeg7-02,animals,targets/animals/beetle_mpeg7-02.png,0.6995,0.6821,0.0138,0.6523,10,3,3,0.2,65.6,0.3639,0.3339,0.9269,-8.05,24.14,0.10631,0.21368,animals/beetle_mpeg7-02/beetle_mpeg7-02_best.png,"[-1.655998, 0.116807, -0.089559, -0.692193, 0.936589, 1.176325, 1.199362, -1.348338, 0.765608, 1.65806, 2.139773, 1.073127, -0.246606, -1.55018, 0.527372, 1.564392, -1.54294, 1.596461]",-94.88,6.69,-5.13,-39.66,53.66,67.4,68.72,-77.25,43.87,95.0,122.6,61.49,-14.13,-88.82,30.22,89.63,-88.4,91.47
letters_upper/G_dejavusans-bold,letters_upper,targets/letters_upper/G_dejavusans-bold.png,0.6995,0.637,0.0351,0.5674,10,8,3,0.2,65.4,0.2052,0.1548,0.8308,-28.16,24.14,0.18646,0.20841,letters_upper/G_dejavusans-bold/G_dejavusans-bold_best.png,"[0.460472, -0.862811, -0.257425, 1.619711, -0.239402, -0.174533, -1.131864, 1.101506, -1.666452, -0.017614, 1.560932, 0.431634, -1.253324, -1.70184, 0.317906, 0.77441, -1.766374, 0.70563]",26.38,-49.44,-14.75,92.8,-13.72,-10.0,-64.85,63.11,-95.48,-1.01,89.43,24.73,-71.81,-97.51,18.21,44.37,-101.21,40.43
abstract/device2_mpeg7-03,abstract,targets/abstract/device2_mpeg7-03.png,0.6994,0.6394,0.0336,0.5879,10,1,3,0.2,65.4,0.3019,0.2786,0.8308,-12.07,28.16,0.13885,0.23116,abstract/device2_mpeg7-03/device2_mpeg7-03_best.png,"[1.091951, -1.74533, -0.31174, 1.48318, 1.386578, 0.099997, -1.357666, 0.070327, -0.624687, 1.647789, 2.329334, -0.120488, -1.110541, -1.028109, 1.045784, 1.061371, 2.43841, 1.632425]",62.56,-100.0,-17.86,84.98,79.45,5.73,-77.79,4.03,-35.79,94.41,133.46,-6.9,-63.63,-58.91,59.92,60.81,139.71,93.53
animals/cattle_mpeg7-04,animals,targets/animals/cattle_mpeg7-04.png,0.6994,0.6787,0.0175,0.6521,10,5,3,0.2,65.1,0.1941,0.166,0.9269,-16.09,28.16,0.10845,0.28059,animals/cattle_mpeg7-04/cattle_mpeg7-04_best.png,"[-0.991528, -1.107393, 0.469273, 0.902458, 0.552008, -0.054948, 1.285846, -1.008945, -1.493561, -0.826335, 1.454706, 0.844282, 0.701574, 0.147312, 0.750992, -1.510138, 2.421525, 0.893271]",-56.81,-63.45,26.89,51.71,31.63,-3.15,73.67,-57.81,-85.57,-47.35,83.35,48.37,40.2,8.44,43.03,-86.52,138.74,51.18
letters_upper/X_dejavusansmono-bold,letters_upper,targets/letters_upper/X_dejavusansmono-bold.png,0.6989,0.6689,0.0203,0.6339,10,3,3,0.2,64.5,0.1942,0.1756,1.0231,-24.14,12.07,0.19129,0.13343,letters_upper/X_dejavusansmono-bold/X_dejavusansmono-bold_best.png,"[0.970334, -1.232431, 0.668748, -1.480605, 2.355085, 1.74533, -0.904534, 0.275327, 0.503658, 0.936049, -2.61247, 1.460386, 0.442004, -0.267109, -0.591634, -0.172829, 1.812841, 0.666633]",55.6,-70.61,38.32,-84.83,134.94,100.0,-51.83,15.78,28.86,53.63,-149.68,83.67,25.32,-15.3,-33.9,-9.9,103.87,38.2
letters_lower/t_dejavusansmono-bold,letters_lower,targets/letters_lower/t_dejavusansmono-bold.png,0.6981,0.642,0.0388,0.5921,10,0,3,0.2,64.9,0.2793,0.2445,0.7346,-4.02,28.16,0.02413,0.04016,letters_lower/t_dejavusansmono-bold/t_dejavusansmono-bold_best.png,"[-1.426852, -1.641042, 0.11151, 1.567483, 1.606579, 1.74533, 1.675006, -0.355363, -0.330773, 1.548271, 0.87461, 0.715042, 1.685131, 1.272288, -0.270582, -1.376149, 2.019216, 1.524876]",-81.75,-94.02,6.39,89.81,92.05,100.0,95.97,-20.36,-18.95,88.71,50.11,40.97,96.55,72.9,-15.5,-78.85,115.69,87.37
letters_upper/D_dejavusansmono-bold,letters_upper,targets/letters_upper/D_dejavusansmono-bold.png,0.6981,0.6704,0.0151,0.6491,10,4,3,0.2,66.1,0.2241,0.1849,0.8308,-24.14,24.14,0.14325,0.16526,letters_upper/D_dejavusansmono-bold/D_dejavusansmono-bold_best.png,"[-0.793099, -0.866447, -0.286324, 1.505892, 0.267963, 0.742834, -0.738817, -0.641993, 0.574938, 1.650189, 1.531505, -0.11526, -1.419007, -1.569823, -0.61709, -0.789143, -2.74385, 1.10318]",-45.44,-49.64,-16.41,86.28,15.35,42.56,-42.33,-36.78,32.94,94.55,87.75,-6.6,-81.3,-89.94,-35.36,-45.21,-157.21,63.21
abstract/device0_mpeg7-01,abstract,targets/abstract/device0_mpeg7-01.png,0.698,0.6567,0.0258,0.6135,10,8,3,0.2,67.2,0.2729,0.2389,0.8308,-12.07,28.16,0.06544,0.17651,abstract/device0_mpeg7-01/device0_mpeg7-01_best.png,"[1.881621, -0.170831, -0.462639, 1.613001, -2.338957, 0.406702, 1.119735, -0.223718, 0.507067, 0.377751, -0.839941, 1.737848, 0.846732, -0.883427, 0.743638, -0.80754, -1.953879, 1.739829]",107.81,-9.79,-26.51,92.42,-134.01,23.3,64.16,-12.82,29.05,21.64,-48.13,99.57,48.51,-50.62,42.61,-46.27,-111.95,99.68
letters_upper/E_dejavusans-bold,letters_upper,targets/letters_upper/E_dejavusans-bold.png,0.6972,0.6549,0.0285,0.6094,10,8,3,0.2,65.2,0.2978,0.2656,0.7346,8.05,24.14,0.1898,0.09941,letters_upper/E_dejavusans-bold/E_dejavusans-bold_best.png,"[1.267448, -0.955166, -1.145533, -1.54943, -1.582855, -0.01768, -1.12536, -1.74533, -1.560636, 0.084406, -1.975089, 0.082885, 0.888688, -0.768888, -1.246609, -1.420236, 0.907342, 1.445199]",72.62,-54.73,-65.63,-88.78,-90.69,-1.01,-64.48,-100.0,-89.42,4.84,-113.16,4.75,50.92,-44.05,-71.43,-81.37,51.99,82.8
letters_lower/w_dejavusans-bold,letters_lower,targets/letters_lower/w_dejavusans-bold.png,0.6963,0.6313,0.0375,0.5896,10,5,3,0.2,64.8,0.1716,0.1422,0.9269,-24.14,28.16,0.12681,0.23539,letters_lower/w_dejavusans-bold/w_dejavusans-bold_best.png,"[0.256938, -0.937423, 1.284679, -1.622868, 1.648014, 0.276773, 1.219274, -0.605553, 0.193605, 1.460352, -1.499782, 0.408878, 1.884015, 0.506497, -1.125197, 1.65806, 0.199546, 1.094839]",14.72,-53.71,73.61,-92.98,94.42,15.86,69.86,-34.7,11.09,83.67,-85.93,23.43,107.95,29.02,-64.47,95.0,11.43,62.73
abstract/device8_mpeg7-04,abstract,targets/abstract/device8_mpeg7-04.png,0.6961,0.6637,0.0256,0.614,10,0,3,0.2,64.7,0.1944,0.1768,0.9269,-4.02,24.14,0.14097,0.01804,abstract/device8_mpeg7-04/device8_mpeg7-04_best.png,"[-0.924222, -0.719555, -1.659757, -0.857508, 2.372886, 1.066517, -1.245105, -0.755851, -1.480844, -1.062649, -2.340351, 0.028521, -0.625503, -0.71976, -0.460581, 1.397027, 1.152545, 0.187156]",-52.95,-41.23,-95.1,-49.13,135.96,61.11,-71.34,-43.31,-84.85,-60.89,-134.09,1.63,-35.84,-41.24,-26.39,80.04,66.04,10.72
animals/dog_mpeg7-05,animals,targets/animals/dog_mpeg7-05.png,0.6959,0.6472,0.0235,0.6112,10,0,3,0.2,65.4,0.1907,0.1688,1.0231,16.09,28.16,0.1061,0.29849,animals/dog_mpeg7-05/dog_mpeg7-05_best.png,"[-1.91986, 0.357725, -0.691388, 0.611123, 2.282009, 0.253963, -1.380636, -1.510287, 0.053107, 1.271646, -1.198264, 0.077945, 1.6711, -0.085322, -0.34367, 0.863336, 1.516983, 1.625147]",-110.0,20.5,-39.61,35.01,130.75,14.55,-79.1,-86.53,3.04,72.86,-68.66,4.47,95.75,-4.89,-19.69,49.47,86.92,93.11
letters_lower/w_dejavusansmono-bold,letters_lower,targets/letters_lower/w_dejavusansmono-bold.png,0.6957,0.6592,0.0309,0.6074,10,2,3,0.2,64.8,0.1994,0.1752,0.8308,-24.14,24.14,0.24249,0.21639,letters_lower/w_dejavusansmono-bold/w_dejavusansmono-bold_best.png,"[-0.927174, -1.030427, 0.53175, 1.630792, 2.022936, 0.21111, -0.549272, -0.516455, 0.686325, -1.62842, 2.390758, 1.395775, -1.228048, -1.74533, -0.450259, 0.25327, 2.354518, 0.909664]",-53.12,-59.04,30.47,93.44,115.91,12.1,-31.47,-29.59,39.32,-93.3,136.98,79.97,-70.36,-100.0,-25.8,14.51,134.9,52.12
animals/fish_mpeg7-03,animals,targets/animals/fish_mpeg7-03.png,0.6953,0.6526,0.0269,0.6165,10,4,3,0.2,65.5,0.0384,0.0183,1.3115,0.0,28.16,0.03176,0.45418,animals/fish_mpeg7-03/fish_mpeg7-03_best.png,"[1.14968, -1.120047, -1.69, -0.032693, 1.790274, 1.622563, -0.657209, -0.550777, 0.678452, 0.020769, 2.053394, 1.246282, -0.606563, -0.004758, -0.025192, 1.07076, 0.304964, 1.435938]",65.87,-64.17,-96.83,-1.87,102.58,92.97,-37.66,-31.56,38.87,1.19,117.65,71.41,-34.75,-0.27,-1.44,61.35,17.47,82.27
digits/3_dejavuserif-bold,digits,targets/digits/3_dejavuserif-bold.png,0.6947,0.6455,0.0329,0.5904,10,4,3,0.2,65.7,0.1133,0.0936,0.9269,-24.14,16.09,0.12882,0.06623,digits/3_dejavuserif-bold/3_dejavuserif-bold_best.png,"[-0.927839, 0.995993, -0.955665, -0.723715, -2.000332, 0.1702, 1.020208, -0.74079, -1.143329, 1.567621, 1.506664, 1.325579, -0.824473, -1.669917, 0.469886, 1.139498, 0.34715, 1.733084]",-53.16,57.07,-54.76,-41.47,-114.61,9.75,58.45,-42.44,-65.51,89.82,86.33,75.95,-47.24,-95.68,26.92,65.29,19.89,99.3
letters_upper/K_dejavusansmono-bold,letters_upper,targets/letters_upper/K_dejavusansmono-bold.png,0.6947,0.6525,0.0378,0.5813,10,8,3,0.2,65.0,0.2689,0.2236,0.7346,8.05,28.16,0.20961,0.08894,letters_upper/K_dejavusansmono-bold/K_dejavusansmono-bold_best.png,"[1.364001, -1.095334, -1.457331, -1.098671, -1.267546, 0.376334, -1.158275, -1.440369, -1.218123, 0.316289, -2.737893, -0.174533, -1.56723, -1.035628, -0.877118, -1.65806, 0.34454, 0.474376]",78.15,-62.76,-83.5,-62.95,-72.63,21.56,-66.36,-82.53,-69.79,18.12,-156.87,-10.0,-89.8,-59.34,-50.26,-95.0,19.74,27.18
letters_lower/k_dejavusansmono-bold,letters_lower,targets/letters_lower/k_dejavusansmono-bold.png,0.6944,0.6446,0.0337,0.5972,10,9,3,0.2,65.3,0.3193,0.2537,0.7346,4.02,28.16,0.16223,0.05826,letters_lower/k_dejavusansmono-bold/k_dejavusansmono-bold_best.png,"[1.787097, 0.772967, -0.706456, -0.634789, -0.983975, 1.417007, -1.189421, -1.594929, -1.69, -0.078136, 0.131843, 0.358803, 1.589841, -0.605427, -0.162587, 1.130566, 1.298808, 1.08331]",102.39,44.29,-40.48,-36.37,-56.38,81.19,-68.15,-91.38,-96.83,-4.48,7.55,20.56,91.09,-34.69,-9.32,64.78,74.42,62.07
objects/shoe_mpeg7-03,objects,targets/objects/shoe_mpeg7-03.png,0.6943,0.6578,0.025,0.5995,10,5,3,0.2,64.9,0.133,0.0858,0.8308,-24.14,28.16,0.09065,0.34125,objects/shoe_mpeg7-03/shoe_mpeg7-03_best.png,"[-1.303366, -1.633135, -0.155732, -1.488884, 0.504606, 1.283023, -1.079628, -0.221902, 0.570928, -0.6546, 1.796851, 0.547851, -0.743368, -1.268107, 0.668865, 1.273747, -0.702126, 0.942396]",-74.68,-93.57,-8.92,-85.31,28.91,73.51,-61.86,-12.71,32.71,-37.51,102.95,31.39,-42.59,-72.66,38.32,72.98,-40.23,54.0
vehicles/classic_mpeg7-05,vehicles,targets/vehicles/classic_mpeg7-05.png,0.6942,0.6414,0.0292,0.5862,10,1,3,0.2,65.2,0.167,0.1345,1.2154,8.05,28.16,0.03805,0.40061,vehicles/classic_mpeg7-05/classic_mpeg7-05_best.png,"[1.039015, -0.993704, -1.446936, -1.265674, -1.647129, 0.137696, -0.996446, -1.03439, 0.29814, 1.242389, 2.84121, 0.022766, 1.005692, 0.707495, -0.153665, -1.263683, 2.120713, 0.489159]",59.53,-56.94,-82.9,-72.52,-94.37,7.89,-57.09,-59.27,17.08,71.18,162.79,1.3,57.62,40.54,-8.8,-72.4,121.51,28.03
letters_upper/O_dejavusansmono-bold,letters_upper,targets/letters_upper/O_dejavusansmono-bold.png,0.6941,0.6587,0.0206,0.6192,10,1,3,0.2,65.0,0.2052,0.1698,0.8308,-24.14,24.14,0.10624,0.17635,letters_upper/O_dejavusansmono-bold/O_dejavusansmono-bold_best.png,"[0.682353, -0.948203, -0.420653, 1.65806, 1.323426, -0.167051, 0.442541, 0.669269, 1.304051, -1.540353, 1.308297, 0.285491, 0.962203, 1.002268, -1.263625, -1.637789, -1.034833, 0.76203]",39.1,-54.33,-24.1,95.0,75.83,-9.57,25.36,38.35,74.72,-88.26,74.96,16.36,55.13,57.43,-72.4,-93.84,-59.29,43.66
letters_upper/F_dejavusansmono-bold,letters_upper,targets/letters_upper/F_dejavusansmono-bold.png,0.694,0.6168,0.0355,0.5567,10,1,3,0.2,65.0,0.2747,0.2374,0.8308,8.05,24.14,0.19213,0.04513,letters_upper/F_dejavusansmono-bold/F_dejavusansmono-bold_best.png,"[1.306057, -1.298105, -1.207649, 1.624514, -1.389965, 1.4057, -1.100946, -1.188247, -1.679962, -0.224131, -1.8446, -0.040693, 1.859131, -0.119468, -1.046385, 1.592823, 0.731511, -0.171587]",74.83,-74.38,-69.19,93.08,-79.64,80.54,-63.08,-68.08,-96.25,-12.84,-105.69,-2.33,106.52,-6.85,-59.95,91.26,41.91,-9.83
letters_lower/g_dejavusans-bold,letters_lower,targets/letters_lower/g_dejavusans-bold.png,0.6934,0.6646,0.0191,0.6381,10,9,3,0.2,65.1,0.2222,0.1855,0.7346,-24.14,28.16,0.12034,0.24539,letters_lower/g_dejavusans-bold/g_dejavusans-bold_best.png,"[-1.196534, -0.59349, 0.695756, 1.408358, 2.841206, -0.170492, 0.524293, -0.778278, -0.085702, 1.509629, 2.660247, 0.782318, 1.661767, -0.073567, -0.607834, 1.224576, 1.842607, 0.801198]",-68.56,-34.0,39.86,80.69,162.79,-9.77,30.04,-44.59,-4.91,86.5,152.42,44.82,95.21,-4.22,-34.83,70.16,105.57,45.91
letters_lower/f_dejavusansmono-bold,letters_lower,targets/letters_lower/f_dejavusansmono-bold.png,0.6932,0.6569,0.0201,0.618,10,5,3,0.2,65.0,0.3424,0.3093,0.8308,-8.05,20.11,0.04437,0.02961,letters_lower/f_dejavusansmono-bold/f_dejavusansmono-bold_best.png,"[1.352976, -1.646248, 0.424506, 1.030056, -1.456519, 1.74533, 1.746755, -0.019034, -0.814198, 0.454954, -2.057079, 0.57933, 1.595973, 0.441538, -0.917052, -0.310866, 1.90558, 0.192274]",77.52,-94.32,24.32,59.02,-83.45,100.0,100.08,-1.09,-46.65,26.07,-117.86,33.19,91.44,25.3,-52.54,-17.81,109.18,11.02
letters_lower/h_dejavusans-bold,letters_lower,targets/letters_lower/h_dejavusans-bold.png,0.6929,0.6622,0.0177,0.6277,10,4,3,0.2,65.5,0.155,0.1279,0.8308,-28.16,20.11,0.19312,0.14716,letters_lower/h_dejavusans-bold/h_dejavusans-bold_best.png,"[-0.897831, -0.78993, 0.334936, 1.65806, 0.454577, -0.109914, 1.114971, -1.494597, 0.357592, 1.163979, -1.588252, 1.693834, 0.438822, -0.183917, 0.234479, -1.65806, 0.314254, 0.528648]",-51.44,-45.26,19.19,95.0,26.05,-6.3,63.88,-85.63,20.49,66.69,-91.0,97.05,25.14,-10.54,13.43,-95.0,18.01,30.29
animals/rat_mpeg7-03,animals,targets/animals/rat_mpeg7-03.png,0.6926,0.6661,0.0126,0.6426,10,0,3,0.2,65.3,0.3057,0.2746,0.7346,0.0,28.16,0.06169,0.0822,animals/rat_mpeg7-03/rat_mpeg7-03_best.png,"[-1.404013, -1.665411, 0.502432, -1.587327, 1.013871, 1.01252, -1.238275, -0.872145, -1.69, -0.595491, -0.609444, 0.840608, 1.347336, -1.631861, 0.814493, 0.652095, 0.002773, 1.742706]",-80.44,-95.42,28.79,-90.95,58.09,58.01,-70.95,-49.97,-96.83,-34.12,-34.92,48.16,77.2,-93.5,46.67,37.36,0.16,99.85
animals/rat_mpeg7-01,animals,targets/animals/rat_mpeg7-01.png,0.6921,0.6594,0.0234,0.6162,10,7,3,0.2,65.5,0.3564,0.3266,0.8308,0.0,20.11,0.07297,0.11173,animals/rat_mpeg7-01/rat_mpeg7-01_best.png,"[-1.880491, -0.729952, 0.102208, 0.49383, -1.409382, 0.796523, -1.704249, -1.114627, 1.05567, 1.285299, -2.08939, 1.416819, 1.871267, -0.026729, -1.69, -1.65806, -2.331231, 0.734119]",-107.74,-41.82,5.86,28.29,-80.75,45.64,-97.65,-63.86,60.49,73.64,-119.71,81.18,107.22,-1.53,-96.83,-95.0,-133.57,42.06
letters_lower/q_dejavusansmono-bold,letters_lower,targets/letters_lower/q_dejavusansmono-bold.png,0.6917,0.6624,0.0181,0.6316,10,1,3,0.2,64.9,0.1265,0.1174,0.7346,-24.14,28.16,0.05526,0.21952,letters_lower/q_dejavusansmono-bold/q_dejavusansmono-bold_best.png,"[1.457438, -1.300714, -0.175745, 1.635391, -1.507105, -0.17425, -1.647881, -1.265006, -0.617958, -1.381104, 1.432404, 0.606463, 1.084894, 1.252855, -1.604822, -0.739953, -0.288081, 1.092522]",83.51,-74.53,-10.07,93.7,-86.35,-9.98,-94.42,-72.48,-35.41,-79.13,82.07,34.75,62.16,71.78,-91.95,-42.4,-16.51,62.6
animals/fly_mpeg7-02,animals,targets/animals/fly_mpeg7-02.png,0.6915,0.6378,0.0241,0.6079,10,8,3,0.2,65.9,0.3611,0.338,0.8308,0.0,24.14,0.08841,0.12355,animals/fly_mpeg7-02/fly_mpeg7-02_best.png,"[1.91986, -0.231316, 0.563353, -0.507062, -1.866551, 0.18792, -1.401088, -1.74533, -0.364642, 1.305927, -2.591207, -0.100023, 1.636791, 0.426797, -0.617524, 1.457905, 2.840307, -0.111086]",110.0,-13.25,32.28,-29.05,-106.95,10.77,-80.28,-100.0,-20.89,74.82,-148.47,-5.73,93.78,24.45,-35.38,83.53,162.74,-6.36
abstract/device5_mpeg7-05,abstract,targets/abstract/device5_mpeg7-05.png,0.6907,0.6531,0.021,0.6226,10,6,3,0.2,64.6,0.4145,0.3987,1.1192,0.0,12.07,0.01105,0.10405,abstract/device5_mpeg7-05/device5_mpeg7-05_best.png,"[-1.054736, -1.221244, 0.156986, 1.121651, -2.199708, 1.341276, -0.931255, -0.791374, -1.425571, 1.01755, 1.709333, 1.584479, -0.849216, -1.583298, -0.540201, -1.644848, 1.715698, 1.249078]",-60.43,-69.97,8.99,64.27,-126.03,76.85,-53.36,-45.34,-81.68,58.3,97.94,90.78,-48.66,-90.72,-30.95,-94.24,98.3,71.57
animals/cattle_mpeg7-03,animals,targets/animals/cattle_mpeg7-03.png,0.6906,0.6475,0.0247,0.606,10,9,3,0.2,65.1,0.2169,0.1786,0.9269,-16.09,16.09,0.01838,0.15224,animals/cattle_mpeg7-03/cattle_mpeg7-03_best.png,"[-1.250588, -0.886644, 0.167852, 0.464386, 2.697494, 0.625807, 0.267421, -1.06472, 0.772024, -1.058702, -2.041066, 0.892167, 1.900791, 0.448902, -0.380478, 0.472848, 2.559374, 1.427339]",-71.65,-50.8,9.62,26.61,154.56,35.86,15.32,-61.0,44.23,-60.66,-116.94,51.12,108.91,25.72,-21.8,27.09,146.64,81.78
letters_upper/U_dejavusansmono-bold,letters_upper,targets/letters_upper/U_dejavusansmono-bold.png,0.6901,0.6334,0.0385,0.5674,10,1,3,0.2,64.7,0.1595,0.1261,0.7346,-24.14,28.16,0.16627,0.20506,letters_upper/U_dejavusansmono-bold/U_dejavusansmono-bold_best.png,"[-1.224669, -0.706612, 1.131172, -1.649458, -0.594854, 1.00216, 0.311075, 0.5495, 1.404811, -1.646697, 2.057466, 0.905619, -1.742672, -1.289889, 1.019288, -0.81979, 0.195862, 1.701718]",-70.17,-40.49,64.81,-94.51,-34.08,57.42,17.82,31.48,80.49,-94.35,117.88,51.89,-99.85,-73.91,58.4,-46.97,11.22,97.5
abstract/device5_mpeg7-04,abstract,targets/abstract/device5_mpeg7-04.png,0.6885,0.6451,0.0214,0.6094,10,5,3,0.2,65.7,0.4387,0.3843,0.9269,0.0,16.09,0.04379,0.10898,abstract/device5_mpeg7-04/device5_mpeg7-04_best.png,"[1.35607, -1.576298, -0.697535, -0.045007, 0.48445, -0.131805, 0.929005, -0.824957, 0.208329, 1.067416, -1.939971, 1.441915, 0.996298, -1.107142, -1.518272, -0.74527, 2.473032, 0.258815]",77.7,-90.32,-39.97,-2.58,27.76,-7.55,53.23,-47.27,11.94,61.16,-111.15,82.62,57.08,-63.43,-86.99,-42.7,141.69,14.83
letters_lower/n_dejavuserif-bold,letters_lower,targets/letters_lower/n_dejavuserif-bold.png,0.6884,0.6431,0.0279,0.5858,10,8,3,0.2,64.9,0.1535,0.1296,0.8308,-28.16,28.16,0.16262,0.16643,letters_lower/n_dejavuserif-bold/n_dejavuserif-bold_best.png,"[0.804563, -0.613077, 0.086156, 1.59545, -0.082178, -0.174533, 0.605268, 1.325477, -1.245367, -0.647177, 2.019201, -0.039712, 1.058453, -1.612988, 0.484496, 0.860198, -0.531031, -0.174533]",46.1,-35.13,4.94,91.41,-4.71,-10.0,34.68,75.94,-71.35,-37.08,115.69,-2.28,60.64,-92.42,27.76,49.29,-30.43,-10.0
vehicles/classic_mpeg7-02,vehicles,targets/vehicles/classic_mpeg7-02.png,0.6878,0.6498,0.0312,0.587,10,2,3,0.2,65.4,0.0937,0.0509,1.1192,-12.07,28.16,0.01812,0.32644,vehicles/classic_mpeg7-02/classic_mpeg7-02_best.png,"[1.13586, -1.568408, -0.324199, -1.624366, 1.917785, 0.900926, -1.332005, -0.436166, 0.30117, 0.528805, 2.791363, -0.138761, -0.815983, -0.245249, 0.278236, 0.642735, 1.888669, 0.063828]",65.08,-89.86,-18.58,-93.07,109.88,51.62,-76.32,-24.99,17.26,30.3,159.93,-7.95,-46.75,-14.05,15.94,36.83,108.21,3.66
letters_lower/z_dejavuserif-bold,letters_lower,targets/letters_lower/z_dejavuserif-bold.png,0.6877,0.6341,0.031,0.58,10,9,3,0.2,66.5,0.2621,0.2101,0.7346,-4.02,28.16,0.25221,0.18757,letters_lower/z_dejavuserif-bold/z_dejavuserif-bold_best.png,"[1.843311, 0.64143, -1.215114, 0.224941, -1.735731, 0.477747, -1.143702, -1.725333, -1.681734, 0.318175, 0.013952, -0.100598, 1.044432, -0.726485, 1.5256, -0.240191, -1.175916, 1.410638]",105.61,36.75,-69.62,12.89,-99.45,27.37,-65.53,-98.85,-96.36,18.23,0.8,-5.76,59.84,-41.62,87.41,-13.76,-67.38,80.82
objects/glas_mpeg7-03,objects,targets/objects/glas_mpeg7-03.png,0.6871,0.6603,0.0166,0.632,10,2,3,0.2,65.4,0.1696,0.148,0.7346,-12.07,24.14,0.1205,0.06992,objects/glas_mpeg7-03/glas_mpeg7-03_best.png,"[1.263652, -1.586384, 0.5594, 0.396845, -1.384839, 1.631245, -1.430677, -1.551346, 0.026131, -1.591851, 1.782104, 1.300902, 1.021549, -0.376142, 0.037311, -0.178722, 1.544036, -0.174533]",72.4,-90.89,32.05,22.74,-79.35,93.46,-81.97,-88.89,1.5,-91.21,102.11,74.54,58.53,-21.55,2.14,-10.24,88.47,-10.0
letters_lower/s_dejavuserif-bold,letters_lower,targets/letters_lower/s_dejavuserif-bold.png,0.6865,0.6451,0.0217,0.6136,10,5,3,0.2,64.8,0.2143,0.1575,0.8308,-24.14,24.14,0.16182,0.22672,letters_lower/s_dejavuserif-bold/s_dejavuserif-bold_best.png,"[0.871644, -0.976794, 0.584457, 0.222495, 0.610508, -0.070952, -0.014119, -0.467278, 0.703639, 1.612087, -0.264007, 1.307807, -0.335348, -0.9161, -0.654448, 1.511273, 1.433656, 1.58805]",49.94,-55.97,33.49,12.75,34.98,-4.07,-0.81,-26.77,40.32,92.37,-15.13,74.93,-19.21,-52.49,-37.5,86.59,82.14,90.99
digits/6_dejavusansmono-bold,digits,targets/digits/6_dejavusansmono-bold.png,0.686,0.6472,0.0346,0.5702,10,7,3,0.2,65.2,0.2376,0.1988,0.9269,-28.16,20.11,0.10405,0.20831,digits/6_dejavusansmono-bold/6_dejavusansmono-bold_best.png,"[-1.135163, -0.755606, 0.329472, 0.382871, 0.808168, 1.527726, -0.78913, -0.42821, 0.485806, 1.633282, 2.218992, 0.986649, 0.553783, -0.554823, -0.982193, 1.520158, -2.288042, 0.133926]",-65.04,-43.29,18.88,21.94,46.3,87.53,-45.21,-24.53,27.83,93.58,127.14,56.53,31.73,-31.79,-56.28,87.1,-131.1,7.67
animals/butterfly_mpeg7-02,animals,targets/animals/butterfly_mpeg7-02.png,0.6855,0.6298,0.0225,0.6029,10,8,3,0.2,65.4,0.1708,0.1573,1.1192,-24.14,12.07,0.07211,0.18623,animals/butterfly_mpeg7-02/butterfly_mpeg7-02_best.png,"[1.64898, -0.989017, -0.904637, -0.981081, 0.759611, 1.487295, -0.683097, -0.734486, 1.15151, -1.65806, -0.319747, -0.009932, 0.755897, -1.74533, 1.207794, 0.184963, -0.935553, 1.516359]",94.48,-56.67,-51.83,-56.21,43.52,85.22,-39.14,-42.08,65.98,-95.0,-18.32,-0.57,43.31,-100.0,69.2,10.6,-53.6,86.88
letters_lower/p_dejavusans-bold,letters_lower,targets/letters_lower/p_dejavusans-bold.png,0.685,0.6312,0.0279,0.5794,10,2,3,0.2,65.6,0.1772,0.1578,0.6385,8.05,28.16,0.18073,0.02536,letters_lower/p_dejavusans-bold/p_dejavusans-bold_best.png,"[-1.021191, -0.781589, -1.69, -1.223887, -0.351806, 1.077132, -1.42782, -1.457424, -0.219277, -1.65806, -0.114353, 0.871179, -0.866145, -1.461142, -1.659587, 1.632136, -1.136522, 1.730032]",-58.51,-44.78,-96.83,-70.12,-20.16,61.72,-81.81,-83.5,-12.56,-95.0,-6.55,49.91,-49.63,-83.72,-95.09,93.51,-65.12,99.12
letters_upper/S_dejavusans-bold,letters_upper,targets/letters_upper/S_dejavusans-bold.png,0.685,0.6412,0.0293,0.5928,10,5,3,0.2,64.7,0.2369,0.1987,0.9269,-24.14,16.09,0.1234,0.13654,letters_upper/S_dejavusans-bold/S_dejavusans-bold_best.png,"[0.877843, -0.925066, -0.568683, 1.269545, 1.657872, 1.74533, -0.618981, -0.851981, 0.546888, -0.626604, -2.247802, 1.462372, 0.989871, 1.723332, -1.636154, -0.372077, 0.237311, 1.228716]",50.3,-53.0,-32.58,72.74,94.99,100.0,-35.46,-48.81,31.33,-35.9,-128.79,83.79,56.72,98.74,-93.74,-21.32,13.6,70.4
letters_upper/D_dejavusans-bold,letters_upper,targets/letters_upper/D_dejavusans-bold.png,0.6835,0.6527,0.0211,0.6036,10,2,3,0.2,66.0,0.1811,0.1541,0.7346,-28.16,28.16,0.15434,0.19807,letters_upper/D_dejavusans-bold/D_dejavusans-bold_best.png,"[-0.896413, -0.558318, -0.023708, 1.625299, 2.796763, 0.439554, 1.07338, 1.505616, -1.507737, -0.935346, -2.603632, 0.02322, -1.0537, -1.15665, 0.145136, 1.3507, 0.046847, 0.694775]",-51.36,-31.99,-1.36,93.12,160.24,25.18,61.5,86.27,-86.39,-53.59,-149.18,1.33,-60.37,-66.27,8.32,77.39,2.68,39.81
animals/fly_mpeg7-03,animals,targets/animals/fly_mpeg7-03.png,0.6833,0.635,0.0301,0.5889,10,1,3,0.2,65.7,0.1862,0.1601,0.9269,-16.09,20.11,0.01376,0.20517,animals/fly_mpeg7-03/fly_mpeg7-03_best.png,"[1.45541, -1.582171, -1.219184, 1.605399, -2.57469, 1.133633, -1.506462, -0.791559, -0.856612, -1.401171, -0.007718, 1.045228, 0.89025, -0.906339, 0.878532, 0.354027, 1.003913, -0.093017]",83.39,-90.65,-69.85,91.98,-147.52,64.95,-86.31,-45.35,-49.08,-80.28,-0.44,59.89,51.01,-51.93,50.34,20.28,57.52,-5.33
abstract/device7_mpeg7-03,abstract,targets/abstract/device7_mpeg7-03.png,0.683,0.6616,0.0123,0.6426,10,8,3,0.2,66.2,0.3339,0.3075,1.0231,-16.09,24.14,0.07906,0.24994,abstract/device7_mpeg7-03/device7_mpeg7-03_best.png,"[1.429587, -0.67709, -1.66305, -1.617497, -0.633728, 0.871386, 1.890203, -1.452531, -1.270448, 1.608375, 1.047775, 1.110793, 0.532641, -1.478491, -0.144117, 1.65806, -2.467455, 0.45283]",81.91,-38.79,-95.29,-92.68,-36.31,49.93,108.3,-83.22,-72.79,92.15,60.03,63.64,30.52,-84.71,-8.26,95.0,-141.37,25.95
letters_upper/Q_dejavusansmono-bold,letters_upper,targets/letters_upper/Q_dejavusansmono-bold.png,0.6828,0.6478,0.0251,0.6123,10,9,3,0.2,64.4,0.176,0.1462,0.9269,-24.14,24.14,0.03742,0.2014,letters_upper/Q_dejavusansmono-bold/Q_dejavusansmono-bold_best.png,"[-1.155926, -0.765006, 1.094107, -1.527458, 2.452269, -0.17351, -1.462283, -1.211421, -0.821384, -1.65806, 0.702217, 0.320274, 0.612917, 0.485075, -1.69, -1.635374, -1.55873, 1.294781]",-66.23,-43.83,62.69,-87.52,140.5,-9.94,-83.78,-69.41,-47.06,-95.0,40.23,18.35,35.12,27.79,-96.83,-93.7,-89.31,74.19
abstract/device7_mpeg7-02,abstract,targets/abstract/device7_mpeg7-02.png,0.6825,0.6583,0.0159,0.6242,10,6,3,0.2,65.4,0.3467,0.3136,1.0231,-16.09,24.14,0.08089,0.24833,abstract/device7_mpeg7-02/device7_mpeg7-02_best.png,"[-1.913434, -0.601492, 0.955958, -1.434321, -0.162176, 0.747161, -1.064384, -0.750027, 0.369384, 1.646379, -0.310791, 0.694398, 0.926942, -0.46857, -0.425715, 1.548112, -0.960659, 0.136501]",-109.63,-34.46,54.77,-82.18,-9.29,42.81,-60.98,-42.97,21.16,94.33,-17.81,39.79,53.11,-26.85,-24.39,88.7,-55.04,7.82
letters_upper/C_dejavusans-bold,letters_upper,targets/letters_upper/C_dejavusans-bold.png,0.6821,0.6294,0.0352,0.5811,10,6,3,0.2,66.9,0.1391,0.1183,0.7346,8.05,28.16,0.23442,0.1853,letters_upper/C_dejavusans-bold/C_dejavusans-bold_best.png,"[1.391911, -1.74533, 0.886355, 0.861952, 2.752235, 0.108645, -1.91986, -0.437705, -0.164161, 0.658599, 1.819001, 1.462062, 0.964205, -1.74533, -1.440135, -0.58386, 1.921998, 0.081024]",79.75,-100.0,50.78,49.39,157.69,6.22,-110.0,-25.08,-9.41,37.73,104.22,83.77,55.24,-100.0,-82.51,-33.45,110.12,4.64
letters_upper/Z_dejavusans-bold,letters_upper,targets/letters_upper/Z_dejavusans-bold.png,0.682,0.6428,0.0239,0.6086,10,6,3,0.2,65.3,0.2843,0.2522,0.7346,-4.02,24.14,0.25108,0.17811,letters_upper/Z_dejavusans-bold/Z_dejavusans-bold_best.png,"[-0.80519, -1.247961, -0.451228, 1.65806, -1.344549, 1.74533, -1.227751, -0.790584, 1.250116, 0.694203, -0.293852, 1.429311, 1.13698, -1.693864, -1.405673, -0.417325, 2.200381, 0.116537]",-46.13,-71.5,-25.85,95.0,-77.04,100.0,-70.34,-45.3,71.63,39.77,-16.84,81.89,65.14,-97.05,-80.54,-23.91,126.07,6.68
letters_lower/h_dejavusansmono-bold,letters_lower,targets/letters_lower/h_dejavusansmono-bold.png,0.6796,0.6423,0.0214,0.6066,10,6,3,0.2,64.6,0.1743,0.1534,0.8308,-24.14,20.11,0.14421,0.11348,letters_lower/h_dejavusansmono-bold/h_dejavusansmono-bold_best.png,"[0.985089, -0.731092, 0.915802, -1.53785, -2.042497, 0.006606, 0.518555, -0.67742, 1.209833, 1.045358, 1.018748, 0.423385, -1.410287, -1.444449, 0.248909, 1.32323, -1.513917, 1.472247]",56.44,-41.89,52.47,-88.11,-117.03,0.38,29.71,-38.81,69.32,59.89,58.37,24.26,-80.8,-82.76,14.26,75.82,-86.74,84.35
vehicles/classic_mpeg7-04,vehicles,targets/vehicles/classic_mpeg7-04.png,0.6792,0.6435,0.027,0.6007,10,7,3,0.2,65.9,0.1457,0.127,1.1192,-12.07,28.16,0.1093,0.30301,vehicles/classic_mpeg7-04/classic_mpeg7-04_best.png,"[1.097339, -1.431734, -0.501355, -1.612878, 2.676267, -0.058036, -1.240097, -0.072832, 0.168555, 0.21049, 1.450404, 1.658989, -0.582074, -1.074782, 0.472752, 1.259429, 2.659583, 0.473762]",62.87,-82.03,-28.73,-92.41,153.34,-3.33,-71.05,-4.17,9.66,12.06,83.1,95.05,-33.35,-61.58,27.09,72.16,152.38,27.14
abstract/device5_mpeg7-01,abstract,targets/abstract/device5_mpeg7-01.png,0.6791,0.6201,0.0278,0.5734,10,8,3,0.2,65.9,0.2158,0.18,0.8308,-8.05,24.14,0.0129,0.23801,abstract/device5_mpeg7-01/device5_mpeg7-01_best.png,"[1.91986, 0.089324, -0.240579, 0.578817, 1.372524, 0.033136, 1.614339, -1.316791, 0.799966, -0.120635, -0.412324, 1.725739, 1.100637, 0.20247, 0.248904, -1.095987, -2.312487, 0.430482]",110.0,5.12,-13.78,33.16,78.64,1.9,92.49,-75.45,45.83,-6.91,-23.62,98.88,63.06,11.6,14.26,-62.8,-132.5,24.66
animals/camel_mpeg7-02,animals,targets/animals/camel_mpeg7-02.png,0.6789,0.6379,0.0179,0.6193,10,1,3,0.2,65.9,0.2741,0.2372,0.8308,-12.07,28.16,0.15057,0.22664,animals/camel_mpeg7-02/camel_mpeg7-02_best.png,"[0.929001, -1.245709, 0.342713, 1.65806, -1.789708, -0.101306, 0.56177, -0.889816, 0.332013, 1.65806, 0.825962, -0.123734, -1.093872, -1.74533, -0.572777, 0.122736, 0.603978, 0.319394]",53.23,-71.37,19.64,95.0,-102.54,-5.8,32.19,-50.98,19.02,95.0,47.32,-7.09,-62.67,-100.0,-32.82,7.03,34.61,18.3
digits/8_dejavuserif-bold,digits,targets/digits/8_dejavuserif-bold.png,0.6786,0.6565,0.0215,0.6068,10,3,3,0.2,64.7,0.2037,0.185,0.7346,-24.14,28.16,0.18695,0.17309,digits/8_dejavuserif-bold/8_dejavuserif-bold_best.png,"[1.069596, -0.909061, 0.558485, 0.211245, -0.776805, 0.732646, -0.684102, -0.639109, 0.822244, 1.501213, -2.509507, 1.438951, 1.248359, -1.433436, 0.135331, 1.107423, -1.908395, 1.019151]",61.28,-52.09,32.0,12.1,-44.51,41.98,-39.2,-36.62,47.11,86.01,-143.78,82.45,71.53,-82.13,7.75,63.45,-109.34,58.39
letters_upper/H_dejavusans-bold,letters_upper,targets/letters_upper/H_dejavusans-bold.png,0.6762,0.6474,0.019,0.6136,10,7,3,0.2,64.8,0.135,0.1139,0.7346,-28.16,28.16,0.22631,0.25049,letters_upper/H_dejavusans-bold/H_dejavusans-bold_best.png,"[1.65508, 0.265278, -0.690946, 0.209653, 2.835581, 0.060174, -0.646896, -0.6164, 0.682854, 1.225185, 1.802044, 0.017621, 0.877987, 0.889706, -1.034504, -1.532505, 1.783349, 0.006726]",94.83,15.2,-39.59,12.01,162.47,3.45,-37.06,-35.32,39.12,70.2,103.25,1.01,50.3,50.98,-59.27,-87.81,102.18,0.39
abstract/bone_mpeg7-04,abstract,targets/abstract/bone_mpeg7-04.png,0.6753,0.6007,0.0722,0.4328,10,9,3,0.2,54.3,0.0812,0.0466,1.1192,20.11,8.05,0.40779,0.4415,abstract/bone_mpeg7-04/bone_mpeg7-04_best.png,"[-0.072891, -1.00513, -0.972437, -0.344708, -2.033298, 0.944957, 1.697287, -1.256309, 1.502426, -0.122902, 2.428522, 1.154428, 1.79278, 1.343711, -1.64536, -0.082306, 2.491434, 1.24269]",-4.18,-57.59,-55.72,-19.75,-116.5,54.14,97.25,-71.98,86.08,-7.04,139.14,66.14,102.72,76.99,-94.27,-4.72,142.75,71.2
letters_upper/W_dejavusans-bold,letters_upper,targets/letters_upper/W_dejavusans-bold.png,0.6752,0.6126,0.0352,0.5556,10,4,3,0.2,65.0,0.1772,0.1539,0.9269,-24.14,28.16,0.16613,0.19629,letters_upper/W_dejavusans-bold/W_dejavusans-bold_best.png,"[-0.813359, -0.851437, 1.144149, -1.067439, -0.24634, 1.262123, -1.232868, -1.74533, -0.642392, 0.171146, -0.367011, -0.152205, 1.201918, -0.052674, -0.454567, 1.65806, -1.79304, 0.678942]",-46.6,-48.78,65.55,-61.16,-14.11,72.31,-70.64,-100.0,-36.81,9.81,-21.03,-8.72,68.86,-3.02,-26.04,95.0,-102.73,38.9
digits/9_dejavuserif-bold,digits,targets/digits/9_dejavuserif-bold.png,0.6741,0.6154,0.0269,0.5735,10,1,3,0.2,64.9,0.1561,0.1348,0.7346,-24.14,28.16,0.08364,0.22664,digits/9_dejavuserif-bold/9_dejavuserif-bold_best.png,"[-0.855566, 1.094342, -1.200784, -1.230314, 0.638874, 1.320592, -0.931163, -1.01468, -0.005232, 1.2289, 0.852108, -0.126526, 0.634972, -0.791277, 1.243963, -1.132111, 1.854597, -0.086672]",-49.02,62.7,-68.8,-70.49,36.6,75.66,-53.35,-58.14,-0.3,70.41,48.82,-7.25,36.38,-45.34,71.27,-64.87,106.26,-4.97
letters_lower/c_dejavuserif-bold,letters_lower,targets/letters_lower/c_dejavuserif-bold.png,0.6734,0.6411,0.0319,0.5622,10,6,3,0.2,65.6,0.1414,0.1184,0.8308,12.07,28.16,0.22771,0.2217,letters_lower/c_dejavuserif-bold/c_dejavuserif-bold_best.png,"[1.448525, -0.995636, -1.388899, -1.65806, 2.84121, 0.330525, -0.215778, -0.542164, -1.673319, -1.401366, -1.858594, 1.569024, 1.218712, -1.730667, -1.662187, 0.477279, 2.049948, 0.5902]",82.99,-57.05,-79.58,-95.0,162.79,18.94,-12.36,-31.06,-95.87,-80.29,-106.49,89.9,69.83,-99.16,-95.24,27.35,117.45,33.82
hand_shadow/elephant_hasper-02,hand_shadow,targets/hand_shadow/elephant_hasper-02.png,0.6732,0.6206,0.0398,0.5334,10,0,3,0.2,65.0,0.0524,0.0301,0.8308,24.14,28.16,0.07675,0.22345,hand_shadow/elephant_hasper-02/elephant_hasper-02_best.png,"[-1.872755, 0.498902, -1.046672, 0.609632, 1.803332, 1.087374, -0.51235, -0.937077, -1.521612, -1.591779, -1.268506, 1.540856, 1.595026, -0.52335, 0.47285, 0.774588, 0.198417, 0.414084]",-107.3,28.58,-59.97,34.93,103.32,62.3,-29.36,-53.69,-87.18,-91.2,-72.68,88.28,91.39,-29.99,27.09,44.38,11.37,23.73
objects/watch_mpeg7-03,objects,targets/objects/watch_mpeg7-03.png,0.6731,0.5947,0.0333,0.5566,10,3,3,0.2,65.4,0.0087,0.0032,1.2154,4.02,28.16,0.02666,0.47226,objects/watch_mpeg7-03/watch_mpeg7-03_best.png,"[-1.726173, -0.286095, 0.461048, -0.6021, 1.565526, 1.743402, 0.887927, -0.516838, 0.702281, -0.071041, 1.117411, -0.174533, -0.391916, -1.328399, -1.69, -0.091904, -2.253449, 1.292409]",-98.9,-16.39,26.42,-34.5,89.7,99.89,50.87,-29.61,40.24,-4.07,64.02,-10.0,-22.46,-76.11,-96.83,-5.27,-129.11,74.05
letters_upper/W_dejavusansmono-bold,letters_upper,targets/letters_upper/W_dejavusansmono-bold.png,0.6724,0.6278,0.0278,0.5776,10,2,3,0.2,64.7,0.2398,0.2203,0.9269,-24.14,16.09,0.21191,0.15409,letters_upper/W_dejavusansmono-bold/W_dejavusansmono-bold_best.png,"[-1.419003, 0.149247, -0.741335, 1.469491, 2.750781, -0.11931, -1.28995, -1.203238, -1.368544, 0.855553, -0.515719, 0.362724, 0.648485, 0.561765, -1.369555, -0.52882, 2.036726, 0.095826]",-81.3,8.55,-42.48,84.2,157.61,-6.84,-73.91,-68.94,-78.41,49.02,-29.55,20.78,37.16,32.19,-78.47,-30.3,116.7,5.49
abstract/device7_mpeg7-04,abstract,targets/abstract/device7_mpeg7-04.png,0.6722,0.6516,0.0174,0.6194,10,8,3,0.2,64.8,0.2678,0.2353,0.9269,-16.09,28.16,0.07837,0.2903,abstract/device7_mpeg7-04/device7_mpeg7-04_best.png,"[1.89438, -1.068455, 1.197383, -1.374491, -2.725826, 1.029522, 1.148049, 0.300263, 0.07652, 0.151937, -0.79161, 1.166052, 0.425862, -1.302093, 0.480935, 1.334559, 1.051978, -0.021349]",108.54,-61.22,68.6,-78.75,-156.18,58.99,65.78,17.2,4.38,8.71,-45.36,66.81,24.4,-74.6,27.56,76.46,60.27,-1.22
letters_upper/Q_dejavusans-bold,letters_upper,targets/letters_upper/Q_dejavusans-bold.png,0.6714,0.6321,0.0234,0.5948,10,5,3,0.2,65.0,0.162,0.1243,0.7346,-24.14,28.16,0.11084,0.21514,letters_upper/Q_dejavusans-bold/Q_dejavusans-bold_best.png,"[-1.896216, -1.207328, 1.031231, -1.65806, -1.189559, 1.546738, 0.665077, -0.759087, -0.131274, 1.469923, -1.417111, 0.455204, 0.964188, 1.405763, -1.560176, -1.608824, 1.777181, -0.13456]",-108.65,-69.17,59.09,-95.0,-68.16,88.62,38.11,-43.49,-7.52,84.22,-81.19,26.08,55.24,80.54,-89.39,-92.18,101.82,-7.71
letters_upper/D_dejavuserif-bold,letters_upper,targets/letters_upper/D_dejavuserif-bold.png,0.6704,0.6164,0.0362,0.5518,10,1,3,0.2,64.9,0.1638,0.1199,0.8308,-28.16,28.16,0.17031,0.15613,letters_upper/D_dejavuserif-bold/D_dejavuserif-bold_best.png,"[-1.354677, 1.182986, -1.541253, -0.603151, 0.476044, 1.184616, -1.233593, -1.670079, 0.092453, -1.65806, 0.693116, 0.293803, 0.706891, -1.136005, 0.116048, 0.905336, -1.662074, 0.39923]",-77.62,67.78,-88.31,-34.56,27.28,67.87,-70.68,-95.69,5.3,-95.0,39.71,16.83,40.5,-65.09,6.65,51.87,-95.23,22.87
letters_lower/m_dejavusansmono-bold,letters_lower,targets/letters_lower/m_dejavusansmono-bold.png,0.6698,0.6058,0.0377,0.5534,10,3,3,0.2,65.4,0.2805,0.2473,0.8308,-8.05,24.14,0.20327,0.12358,letters_lower/m_dejavusansmono-bold/m_dejavusansmono-bold_best.png,"[-1.898617, 0.167904, -0.887852, 1.65806, -0.492648, 0.45097, -0.854101, -0.796755, 0.675621, 1.65806, -2.082157, 0.688678, -0.985324, -0.649588, -0.402935, 1.617856, 1.732215, 0.385436]",-108.78,9.62,-50.87,95.0,-28.23,25.84,-48.94,-45.65,38.71,95.0,-119.3,39.46,-56.45,-37.22,-23.09,92.7,99.25,22.08
animals/bird_mpeg7-04,animals,targets/animals/bird_mpeg7-04.png,0.6694,0.6228,0.0377,0.5614,10,1,3,0.2,64.8,0.1824,0.1602,1.3115,-4.02,28.16,0.10784,0.23599,animals/bird_mpeg7-04/bird_mpeg7-04_best.png,"[-1.876442, 0.243754, -0.881718, 0.952488, 1.006217, 1.333267, -0.843018, -0.929543, -0.048489, 1.585646, 2.081893, 1.474585, 0.247987, 0.075914, -0.019354, 0.202606, -0.009375, 0.161509]",-107.51,13.97,-50.52,54.57,57.65,76.39,-48.3,-53.26,-2.78,90.85,119.28,84.49,14.21,4.35,-1.11,11.61,-0.54,9.25
digits/0_dejavuserif-bold,digits,targets/digits/0_dejavuserif-bold.png,0.6693,0.6278,0.024,0.5807,10,4,3,0.2,65.1,0.1928,0.152,0.7346,-24.14,28.16,0.15098,0.17527,digits/0_dejavuserif-bold/0_dejavuserif-bold_best.png,"[-0.755394, 0.574032, -0.749146, 1.274524, -2.144518, 0.623147, 1.194096, -1.248137, -0.139024, 1.483788, 1.821158, 0.520847, 0.468906, -0.639004, -0.102923, 1.623328, -1.749609, 0.092859]",-43.28,32.89,-42.92,73.02,-122.87,35.7,68.42,-71.51,-7.97,85.01,104.34,29.84,26.87,-36.61,-5.9,93.01,-100.25,5.32
digits/4_dejavuserif-bold,digits,targets/digits/4_dejavuserif-bold.png,0.6677,0.643,0.0225,0.5871,10,0,3,0.2,66.2,0.1603,0.1336,0.7346,-16.09,24.14,0.09381,0.14774,digits/4_dejavuserif-bold/4_dejavuserif-bold_best.png,"[-1.208773, -1.459409, 0.611751, 1.096233, 0.492362, 1.730953, -1.356233, -1.708359, 1.234179, -0.576531, -2.694112, 1.680646, 1.650827, 0.609738, -0.893016, -1.634522, 2.615607, 1.215692]",-69.26,-83.62,35.05,62.81,28.21,99.18,-77.71,-97.88,70.71,-33.03,-154.36,96.29,94.59,34.94,-51.17,-93.65,149.86,69.65
letters_upper/Y_dejavuserif-bold,letters_upper,targets/letters_upper/Y_dejavuserif-bold.png,0.6662,0.6349,0.0271,0.5769,10,1,3,0.2,64.9,0.294,0.2652,0.7346,-8.05,24.14,0.1219,0.09508,letters_upper/Y_dejavuserif-bold/Y_dejavuserif-bold_best.png,"[1.000624, -1.71213, 0.66938, 0.362174, -2.002486, 0.314339, -1.088333, -1.121141, -0.967168, -0.895821, -0.942688, 0.999408, 1.878185, 0.239308, -0.862071, 0.832669, 2.476381, 0.220529]",57.33,-98.1,38.35,20.75,-114.73,18.01,-62.36,-64.24,-55.41,-51.33,-54.01,57.26,107.61,13.71,-49.39,47.71,141.89,12.64
letters_lower/k_dejavuserif-bold,letters_lower,targets/letters_lower/k_dejavuserif-bold.png,0.6653,0.6163,0.0271,0.5749,10,3,3,0.2,65.5,0.2824,0.2361,0.7346,8.05,24.14,0.20477,0.10524,letters_lower/k_dejavuserif-bold/k_dejavuserif-bold_best.png,"[-1.270914, -1.141147, -1.635139, -0.911586, 0.499023, 0.936071, 1.147561, -1.735117, -1.541348, 0.447475, 2.801592, 1.395729, 1.669795, -0.231421, -0.617578, 1.65806, 0.863365, 1.43679]",-72.82,-65.38,-93.69,-52.23,28.59,53.63,65.75,-99.41,-88.31,25.64,160.52,79.97,95.67,-13.26,-35.38,95.0,49.47,82.32
objects/glas_mpeg7-04,objects,targets/objects/glas_mpeg7-04.png,0.6646,0.6453,0.0162,0.614,10,2,3,0.2,64.8,0.2035,0.1486,0.7346,-12.07,24.14,0.12801,0.07433,objects/glas_mpeg7-04/glas_mpeg7-04_best.png,"[0.705066, -1.74533, 0.766647, 0.230551, -1.16219, 1.648561, -1.186189, -0.821989, -1.290546, -1.377456, 2.76976, -0.167618, -1.568751, -1.74533, -1.110428, 1.631269, 2.78431, 1.646369]",40.4,-100.0,43.93,13.21,-66.59,94.46,-67.96,-47.1,-73.94,-78.92,158.7,-9.6,-89.88,-100.0,-63.62,93.46,159.53,94.33
abstract/bone_mpeg7-03,abstract,targets/abstract/bone_mpeg7-03.png,0.6635,0.5861,0.0479,0.468,10,7,3,0.2,51.2,0.1005,0.0425,1.1192,20.11,8.05,0.3784,0.4441,abstract/bone_mpeg7-03/bone_mpeg7-03_best.png,"[0.020457, -0.867849, -1.236499, -0.263112, -2.296049, 1.467925, -0.09163, -1.046055, -0.969134, -0.300095, -1.756818, 0.042808, -1.733447, -1.74533, -1.360209, -1.448697, -2.511682, 1.30508]",1.17,-49.72,-70.85,-15.08,-131.55,84.11,-5.25,-59.93,-55.53,-17.19,-100.66,2.45,-99.32,-100.0,-77.93,-83.0,-143.91,74.78
animals/beetle_mpeg7-03,animals,targets/animals/beetle_mpeg7-03.png,0.6634,0.6491,0.0193,0.5944,10,8,3,0.2,64.9,0.2731,0.2551,0.8308,-8.05,28.16,0.08671,0.20878,animals/beetle_mpeg7-03/beetle_mpeg7-03_best.png,"[1.878919, -0.611209, -0.13624, 1.268987, -0.158636, -0.038889, -0.981238, -1.046279, 0.300691, 1.642615, -0.43061, 0.044182, 0.272204, -1.264295, -0.197583, 1.589565, -1.254686, 0.835034]",107.65,-35.02,-7.81,72.71,-9.09,-2.23,-56.22,-59.95,17.23,94.11,-24.67,2.53,15.6,-72.44,-11.32,91.08,-71.89,47.84
hand_shadow/elephant_hasper-01,hand_shadow,targets/hand_shadow/elephant_hasper-01.png,0.662,0.6119,0.0389,0.5336,10,7,3,0.2,64.8,0.0721,0.0251,0.8308,24.14,28.16,0.08218,0.21878,hand_shadow/elephant_hasper-01/elephant_hasper-01_best.png,"[-0.575678, -0.790074, -1.684978, -1.520383, -1.789754, -0.172625, -0.988132, -1.124547, -1.626886, -0.337036, -0.693382, 0.94371, -1.560621, -1.742005, 0.726789, 1.65806, 2.579913, -0.076897]",-32.98,-45.27,-96.54,-87.11,-102.55,-9.89,-56.62,-64.43,-93.21,-19.31,-39.73,54.07,-89.42,-99.81,41.64,95.0,147.82,-4.41
letters_upper/X_dejavuserif-bold,letters_upper,targets/letters_upper/X_dejavuserif-bold.png,0.6616,0.6266,0.0246,0.5816,10,3,3,0.2,64.8,0.1523,0.1147,0.9269,-20.11,16.09,0.20234,0.10271,letters_upper/X_dejavuserif-bold/X_dejavuserif-bold_best.png,"[0.832951, -0.980782, 0.324128, -0.15762, -1.502989, 0.947751, 0.028443, -1.49302, 0.80043, -1.286101, -2.598999, 1.238182, -0.50265, -0.06681, 0.892251, 0.762041, 1.958075, 0.988257]",47.72,-56.19,18.57,-9.03,-86.11,54.3,1.63,-85.54,45.86,-73.69,-148.91,70.94,-28.8,-3.83,51.12,43.66,112.19,56.62
letters_upper/H_dejavuserif-bold,letters_upper,targets/letters_upper/H_dejavuserif-bold.png,0.6591,0.6077,0.038,0.525,10,9,3,0.2,64.8,0.1189,0.0924,0.8308,-28.16,28.16,0.20132,0.18764,letters_upper/H_dejavuserif-bold/H_dejavuserif-bold_best.png,"[0.650814, -0.615525, 0.582673, 1.588137, -0.912483, 1.74533, -1.321056, -1.452801, -0.048564, -1.592727, 0.781179, -0.113147, -0.261147, -0.523459, 0.660483, -1.554477, -0.544333, 1.689374]",37.29,-35.27,33.38,90.99,-52.28,100.0,-75.69,-83.24,-2.78,-91.26,44.76,-6.48,-14.96,-29.99,37.84,-89.06,-31.19,96.79
objects/cellular-phone_mpeg7-03,objects,targets/objects/cellular-phone_mpeg7-03.png,0.658,0.6226,0.0208,0.5806,10,6,3,0.2,65.1,0.0265,0.0137,1.3115,-12.07,28.16,0.03843,0.4198,objects/cellular-phone_mpeg7-03/cellular-phone_mpeg7-03_best.png,"[1.049459, -1.378056, -0.743879, -1.526687, 2.193524, 0.820643, -1.113162, -0.839749, 0.403934, 0.844973, -0.705842, 1.127705, -0.780921, -0.441178, 0.943344, -1.12913, 0.746818, 1.211808]",60.13,-78.96,-42.62,-87.47,125.68,47.02,-63.78,-48.11,23.14,48.41,-40.44,64.61,-44.74,-25.28,54.05,-64.69,42.79,69.43
animals/camel_mpeg7-04,animals,targets/animals/camel_mpeg7-04.png,0.6577,0.6317,0.0153,0.5984,10,7,3,0.2,65.1,0.1878,0.1673,0.8308,-16.09,28.16,0.11931,0.19886,animals/camel_mpeg7-04/camel_mpeg7-04_best.png,"[-1.91986, -0.716736, 0.053522, 1.376371, 2.762914, 0.895517, 0.595756, -1.03648, 0.876305, -0.754541, 2.067058, 0.126509, -1.91986, -1.446228, -0.414249, 1.593236, -1.349102, 1.461024]",-110.0,-41.07,3.07,78.86,158.3,51.31,34.13,-59.39,50.21,-43.23,118.43,7.25,-110.0,-82.86,-23.73,91.29,-77.3,83.71
letters_upper/S_dejavusansmono-bold,letters_upper,targets/letters_upper/S_dejavusansmono-bold.png,0.6573,0.6322,0.0184,0.6037,10,5,3,0.2,64.6,0.2007,0.1616,0.9269,-24.14,16.09,0.10083,0.13338,letters_upper/S_dejavusansmono-bold/S_dejavusansmono-bold_best.png,"[0.701823, -0.6616, -0.969735, 1.638973, 1.767068, 1.438916, 0.90575, -0.488274, 0.28027, -0.504316, -2.625128, 0.427708, -0.665476, 1.676464, -1.577573, -0.762456, 1.861313, 0.262059]",40.21,-37.91,-55.56,93.91,101.25,82.44,51.9,-27.98,16.06,-28.9,-150.41,24.51,-38.13,96.05,-90.39,-43.69,106.65,15.01
animals/butterfly_mpeg7-01,animals,targets/animals/butterfly_mpeg7-01.png,0.6559,0.6126,0.0324,0.5489,10,0,3,0.2,65.1,0.2285,0.2065,0.8308,0.0,28.16,0.13923,0.24936,animals/butterfly_mpeg7-01/butterfly_mpeg7-01_best.png,"[1.023392, -1.128848, 0.411881, 1.655976, -0.088683, 0.250925, 1.180215, 0.145918, -0.951123, 1.362502, -0.043357, 1.230358, -1.020107, -1.719534, -0.982571, -1.395434, 1.433881, 1.705313]",58.64,-64.68,23.6,94.88,-5.08,14.38,67.62,8.36,-54.5,78.07,-2.48,70.49,-58.45,-98.52,-56.3,-79.95,82.16,97.71
digits/5_dejavusansmono-bold,digits,targets/digits/5_dejavusansmono-bold.png,0.6541,0.6324,0.0199,0.5911,10,4,3,0.2,64.6,0.1734,0.1535,0.9269,-24.14,16.09,0.09295,0.10164,digits/5_dejavusansmono-bold/5_dejavusansmono-bold_best.png,"[1.048053, -0.82712, 0.127487, -1.65806, 1.702648, 1.655318, 0.652709, 1.427928, -1.197335, -0.628496, 2.316161, 0.936818, 0.306996, -0.531765, 0.33465, -1.525018, -2.510314, 0.931289]",60.05,-47.39,7.3,-95.0,97.55,94.84,37.4,81.81,-68.6,-36.01,132.71,53.68,17.59,-30.47,19.17,-87.38,-143.83,53.36
letters_lower/e_dejavuserif-bold,letters_lower,targets/letters_lower/e_dejavuserif-bold.png,0.6521,0.6086,0.0239,0.5683,10,8,3,0.2,65.2,0.2535,0.206,0.8308,12.07,28.16,0.14492,0.23167,letters_lower/e_dejavuserif-bold/e_dejavuserif-bold_best.png,"[0.456743, -1.74533, -0.619662, 1.627226, 0.92043, 0.29543, -1.887778, -0.75552, 0.144513, 1.584945, 0.720085, 0.864068, -1.397439, -1.74533, -1.564614, -0.597634, -2.033493, 0.907163]",26.17,-100.0,-35.5,93.23,52.74,16.93,-108.16,-43.29,8.28,90.81,41.26,49.51,-80.07,-100.0,-89.65,-34.24,-116.51,51.98
letters_upper/M_dejavusansmono-bold,letters_upper,targets/letters_upper/M_dejavusansmono-bold.png,0.652,0.6016,0.0313,0.5411,10,7,3,0.2,64.5,0.1749,0.1354,0.7346,-28.16,24.14,0.20118,0.1997,letters_upper/M_dejavusansmono-bold/M_dejavusansmono-bold_best.png,"[-1.240878, -0.804382, 0.71668, -0.573395, -0.423983, 1.74533, 1.58259, -0.017287, -0.806768, 1.169752, 0.608224, 1.457633, 0.466076, -0.411605, 0.538945, 1.243825, -0.571128, 1.330105]",-71.1,-46.09,41.06,-32.85,-24.29,100.0,90.68,-0.99,-46.22,67.02,34.85,83.52,26.7,-23.58,30.88,71.27,-32.72,76.21
animals/horse_mpeg7-01,animals,targets/animals/horse_mpeg7-01.png,0.65,0.6146,0.0247,0.573,10,9,3,0.2,65.0,0.161,0.1285,0.9269,0.0,28.16,0.10807,0.26259,animals/horse_mpeg7-01/horse_mpeg7-01_best.png,"[-1.86463, -0.623559, 0.386, 0.478114, 1.955951, 0.59166, 1.159486, -0.339546, -0.311977, 0.685528, -1.182686, 0.528098, -0.693684, -1.290225, -1.31065, -1.495049, -0.821487, 0.513736]",-106.84,-35.73,22.12,27.39,112.07,33.9,66.43,-19.45,-17.87,39.28,-67.76,30.26,-39.75,-73.92,-75.09,-85.66,-47.07,29.43
animals/horse_mpeg7-05,animals,targets/animals/horse_mpeg7-05.png,0.6499,0.6141,0.0193,0.575,10,3,3,0.2,65.0,0.0946,0.0822,0.8308,-20.11,28.16,0.09225,0.23618,animals/horse_mpeg7-05/horse_mpeg7-05_best.png,"[0.788569, -0.770851, 0.202327, 0.590039, 2.320961, 0.642649, -1.028056, -1.442324, 0.895529, 0.501191, -2.382273, 0.838659, 1.91986, 0.31287, -0.281281, 0.908672, -0.134968, 1.599645]",45.18,-44.17,11.59,33.81,132.98,36.82,-58.9,-82.64,51.31,28.72,-136.49,48.05,110.0,17.93,-16.12,52.06,-7.73,91.65
letters_lower/g_dejavuserif-bold,letters_lower,targets/letters_lower/g_dejavuserif-bold.png,0.6499,0.6185,0.0214,0.5776,10,2,3,0.2,64.8,0.1814,0.1453,0.7346,-24.14,28.16,0.12217,0.21886,letters_lower/g_dejavuserif-bold/g_dejavuserif-bold_best.png,"[-1.302767, -1.213923, -0.228834, 1.607403, 1.623283, 0.597397, 0.562238, -0.771606, 1.180576, -1.65806, 2.01119, -0.174533, -1.358878, -1.223207, -0.19253, 1.460188, 1.575432, 0.044382]",-74.64,-69.55,-13.11,92.1,93.01,34.23,32.21,-44.21,67.64,-95.0,115.23,-10.0,-77.86,-70.08,-11.03,83.66,90.27,2.54
animals/dog_mpeg7-02,animals,targets/animals/dog_mpeg7-02.png,0.6497,0.5992,0.022,0.5682,10,7,3,0.2,64.9,0.1342,0.1257,1.0231,8.05,28.16,0.11729,0.31196,animals/dog_mpeg7-02/dog_mpeg7-02_best.png,"[1.021896, -0.953527, -1.604413, -1.116958, 2.84121, -0.174533, 1.075418, -1.117873, 0.341, 0.819626, -0.020294, 0.584023, 1.773405, 0.183508, 0.241006, -1.312041, -1.715995, 1.365254]",58.55,-54.63,-91.93,-64.0,162.79,-10.0,61.62,-64.05,19.54,46.96,-1.16,33.46,101.61,10.51,13.81,-75.17,-98.32,78.22
animals/fish_mpeg7-05,animals,targets/animals/fish_mpeg7-05.png,0.6481,0.6064,0.0357,0.5276,10,0,3,0.2,65.7,0.0872,0.0251,1.1192,-8.05,28.16,0.01199,0.38212,animals/fish_mpeg7-05/fish_mpeg7-05_best.png,"[-1.83879, -0.260809, 0.083058, 0.396592, 1.439424, 0.746083, -0.205391, 0.250561, -0.096388, 1.165374, 0.732209, 1.406578, -1.157159, -1.387734, -0.999428, -1.256452, -0.892558, 0.70152]",-105.35,-14.94,4.76,22.72,82.47,42.75,-11.77,14.36,-5.52,66.77,41.95,80.59,-66.3,-79.51,-57.26,-71.99,-51.14,40.19
letters_upper/M_dejavusans-bold,letters_upper,targets/letters_upper/M_dejavusans-bold.png,0.6474,0.6313,0.0127,0.6116,10,7,3,0.2,65.1,0.1702,0.1522,0.9269,20.11,28.16,0.17082,0.35388,letters_upper/M_dejavusans-bold/M_dejavusans-bold_best.png,"[0.921867, -0.923652, -1.69, -1.24502, 2.803138, 0.037489, -1.413257, -0.80069, -1.451541, -1.4738, 1.364418, 0.990419, -0.073271, -1.503006, -1.406304, 1.29873, 1.291639, 0.66125]",52.82,-52.92,-96.83,-71.33,160.61,2.15,-80.97,-45.88,-83.17,-84.44,78.18,56.75,-4.2,-86.12,-80.58,74.41,74.01,37.89
animals/dog_mpeg7-04,animals,targets/animals/dog_mpeg7-04.png,0.6472,0.6239,0.0184,0.5861,10,3,3,0.2,65.0,0.1865,0.1603,0.9269,12.07,28.16,0.12648,0.31277,animals/dog_mpeg7-04/dog_mpeg7-04_best.png,"[-1.872832, -0.010288, -0.156217, 0.325258, 1.305655, 1.431406, -0.638651, -1.1543, -1.69, -1.65806, -1.882315, 0.254102, 1.08933, -0.953973, 0.087847, 1.275351, -1.691856, 1.704705]",-107.31,-0.59,-8.95,18.64,74.81,82.01,-36.59,-66.14,-96.83,-95.0,-107.85,14.56,62.41,-54.66,5.03,73.07,-96.94,97.67
animals/bat_mpeg7-02,animals,targets/animals/bat_mpeg7-02.png,0.6445,0.6012,0.0365,0.5159,10,7,3,0.2,64.9,0.0912,0.0382,1.2154,8.05,28.16,0.01362,0.29423,animals/bat_mpeg7-02/bat_mpeg7-02_best.png,"[0.739096, -1.150295, -1.575917, -0.569725, 1.802892, 0.019596, -1.272053, -1.354736, 0.808513, 0.29679, 2.092749, 1.519306, -1.056627, -1.139368, 0.665509, 0.342881, 2.322047, 0.087565]",42.35,-65.91,-90.29,-32.64,103.3,1.12,-72.88,-77.62,46.32,17.0,119.91,87.05,-60.54,-65.28,38.13,19.65,133.04,5.02
animals/bat_mpeg7-03,animals,targets/animals/bat_mpeg7-03.png,0.6444,0.6037,0.0299,0.5527,10,8,3,0.2,65.4,0.2455,0.2117,1.0231,4.02,24.14,0.06133,0.22135,animals/bat_mpeg7-03/bat_mpeg7-03_best.png,"[1.208542, -1.06393, 0.004319, 0.795015, -0.222892, 0.006779, -1.023327, -1.544575, -1.649383, -0.397518, 0.891051, 1.277487, 1.392182, -0.629609, 0.014351, 1.621344, 2.056979, 0.493404]",69.24,-60.96,0.25,45.55,-12.77,0.39,-58.63,-88.5,-94.5,-22.78,51.05,73.19,79.77,-36.07,0.82,92.9,117.86,28.27
digits/6_dejavuserif-bold,digits,targets/digits/6_dejavuserif-bold.png,0.643,0.6074,0.0199,0.5686,10,1,3,0.2,66.1,0.2175,0.1717,0.7346,-24.14,28.16,0.17179,0.23311,digits/6_dejavuserif-bold/6_dejavuserif-bold_best.png,"[1.035116, -0.872381, 0.461131, 0.549253, -0.487876, 1.136267, -1.511842, -1.522055, -0.087035, -1.234838, 0.785423, 0.38027, -0.783114, -0.266863, 0.525911, 1.65806, -1.898499, -0.11055]",59.31,-49.98,26.42,31.47,-27.95,65.1,-86.62,-87.21,-4.99,-70.75,45.0,21.79,-44.87,-15.29,30.13,95.0,-108.78,-6.33
abstract/bone_mpeg7-05,abstract,targets/abstract/bone_mpeg7-05.png,0.6429,0.5706,0.0453,0.4796,10,2,3,0.2,58.6,0.0935,0.0507,1.1192,20.11,8.05,0.39816,0.43615,abstract/bone_mpeg7-05/bone_mpeg7-05_best.png,"[0.048194, -0.81198, -1.373352, 0.030066, -2.253012, 1.427474, -1.540154, -1.402368, 1.382865, 1.036056, 1.273033, 1.580733, -1.195936, -1.67011, -0.93582, 0.372366, 2.043571, 1.057724]",2.76,-46.52,-78.69,1.72,-129.09,81.79,-88.24,-80.35,79.23,59.36,72.94,90.57,-68.52,-95.69,-53.62,21.34,117.09,60.6
abstract/device0_mpeg7-04,abstract,targets/abstract/device0_mpeg7-04.png,0.6418,0.6105,0.0201,0.5756,10,6,3,0.2,66.1,0.2713,0.2195,0.8308,-12.07,24.14,0.07407,0.16354,abstract/device0_mpeg7-04/device0_mpeg7-04_best.png,"[-1.460704, -1.497634, 1.066158, -0.300429, 0.9081, 1.521552, -1.211286, -0.999927, 1.013687, -0.04734, 0.920549, 0.41151, -1.196598, -1.43957, -1.249512, -0.83152, 2.146427, 1.13796]",-83.69,-85.81,61.09,-17.21,52.03,87.18,-69.4,-57.29,58.08,-2.71,52.74,23.58,-68.56,-82.48,-71.59,-47.64,122.98,65.2
letters_lower/y_dejavuserif-bold,letters_lower,targets/letters_lower/y_dejavuserif-bold.png,0.6416,0.5912,0.0249,0.5587,10,5,3,0.2,64.9,0.3347,0.3158,0.9269,-8.05,16.09,0.13558,0.07995,letters_lower/y_dejavuserif-bold/y_dejavuserif-bold_best.png,"[1.91986, -1.437304, 0.813752, -1.604554, 2.336143, 0.846115, 0.929123, -0.379398, -0.937149, 1.139603, -2.145414, -0.174197, -0.841317, -0.756884, -1.480291, 0.080855, -1.670916, 0.680901]",110.0,-82.35,46.62,-91.93,133.85,48.48,53.23,-21.74,-53.69,65.29,-122.92,-9.98,-48.2,-43.37,-84.81,4.63,-95.74,39.01
letters_upper/N_dejavuserif-bold,letters_upper,targets/letters_upper/N_dejavuserif-bold.png,0.6414,0.6034,0.0196,0.5677,10,3,3,0.2,64.6,0.1159,0.1,1.0231,-20.11,20.11,0.16528,0.11633,letters_upper/N_dejavuserif-bold/N_dejavuserif-bold_best.png,"[-0.845338, -1.250321, 0.576048, 0.151599, -2.742387, 1.121934, -0.040298, -1.531007, -0.012665, 0.166325, -0.291975, 0.948048, -0.145911, -0.340856, 0.294194, 1.65806, 1.39646, 0.456352]",-48.43,-71.64,33.01,8.69,-157.13,64.28,-2.31,-87.72,-0.73,9.53,-16.73,54.32,-8.36,-19.53,16.86,95.0,80.01,26.15
letters_upper/Z_dejavusansmono-bold,letters_upper,targets/letters_upper/Z_dejavusansmono-bold.png,0.6389,0.6115,0.0288,0.5518,10,8,3,0.2,65.1,0.3115,0.2668,0.7346,-4.02,24.14,0.21351,0.14686,letters_upper/Z_dejavusansmono-bold/Z_dejavusansmono-bold_best.png,"[-1.397412, -1.171484, -1.507502, -0.167822, 2.504412, 1.630356, -1.234509, -1.699274, -1.689129, 0.290479, -2.689042, -0.096889, -0.878207, -0.600011, -1.418559, -1.539577, -0.91391, 0.011675]",-80.07,-67.12,-86.37,-9.62,143.49,93.41,-70.73,-97.36,-96.78,16.64,-154.07,-5.55,-50.32,-34.38,-81.28,-88.21,-52.36,0.67
abstract/bone_mpeg7-01,abstract,targets/abstract/bone_mpeg7-01.png,0.6369,0.5976,0.0339,0.5354,10,2,3,0.2,41.2,0.0974,0.0516,1.1192,20.11,8.05,0.39522,0.45921,abstract/bone_mpeg7-01/bone_mpeg7-01_best.png,"[0.030504, -0.857171, -1.292388, -0.069026, -2.546895, 0.301379, -0.094114, -0.95207, -1.224997, 0.172248, -1.995022, 1.051029, -1.417137, -1.42635, 1.352753, 1.077227, -0.145664, 1.506978]",1.75,-49.11,-74.05,-3.95,-145.93,17.27,-5.39,-54.55,-70.19,9.87,-114.31,60.22,-81.2,-81.72,77.51,61.72,-8.35,86.34
letters_lower/m_dejavusans-bold,letters_lower,targets/letters_lower/m_dejavusans-bold.png,0.6355,0.59,0.0369,0.5198,10,2,3,0.2,64.8,0.2209,0.1903,1.3115,-4.02,28.16,0.10953,0.26338,letters_lower/m_dejavusans-bold/m_dejavusans-bold_best.png,"[-0.740327, -1.150686, 0.082598, 1.359836, 2.073192, -0.009801, 0.475729, -0.691614, -1.665818, -1.65806, -0.497075, 0.120524, -0.64728, -0.23361, 0.410506, 1.555202, -1.512051, 1.249503]",-42.42,-65.93,4.73,77.91,118.79,-0.56,27.26,-39.63,-95.44,-95.0,-28.48,6.91,-37.09,-13.38,23.52,89.11,-86.63,71.59
letters_upper/S_dejavuserif-bold,letters_upper,targets/letters_upper/S_dejavuserif-bold.png,0.6352,0.5895,0.0305,0.5262,10,0,3,0.2,65.9,0.1763,0.1037,0.9269,-28.16,16.09,0.14395,0.14766,letters_upper/S_dejavuserif-bold/S_dejavuserif-bold_best.png,"[-0.931158, -0.903704, 0.418243, 0.296252, 0.676804, 1.177286, -0.030062, 1.416702, -1.583443, 0.92936, -1.607424, 1.478767, -1.882257, -0.118979, -1.118053, -1.628186, 1.370612, 0.579174]",-53.35,-51.78,23.96,16.97,38.78,67.45,-1.72,81.17,-90.72,53.25,-92.1,84.73,-107.85,-6.82,-64.06,-93.29,78.53,33.18
letters_upper/P_dejavusansmono-bold,letters_upper,targets/letters_upper/P_dejavusansmono-bold.png,0.6339,0.5878,0.0355,0.5118,10,8,3,0.2,65.7,0.2017,0.1764,0.6385,4.02,28.16,0.16625,0.0056,letters_upper/P_dejavusansmono-bold/P_dejavusansmono-bold_best.png,"[-1.382338, -1.4222, -1.313393, 0.331324, 1.959287, 0.377194, 1.91986, 0.814381, -0.906244, -0.606467, -1.729287, -0.174533, -1.529089, -1.115824, -1.001018, -1.624415, 0.104607, 0.845061]",-79.2,-81.49,-75.25,18.98,112.26,21.61,110.0,46.66,-51.92,-34.75,-99.08,-10.0,-87.61,-63.93,-57.35,-93.07,5.99,48.42
letters_upper/F_dejavuserif-bold,letters_upper,targets/letters_upper/F_dejavuserif-bold.png,0.633,0.6019,0.0205,0.564,10,9,3,0.2,65.3,0.2812,0.2489,0.7346,4.02,24.14,0.22029,0.07764,letters_upper/F_dejavuserif-bold/F_dejavuserif-bold_best.png,"[-1.38678, -1.74533, 0.253666, 0.781839, 1.609725, 1.358608, -1.49233, -1.359971, -1.634452, 1.38074, 0.004846, -0.119964, -1.349142, -1.103111, -1.654213, -0.776258, 1.872693, 1.133984]",-79.46,-100.0,14.53,44.8,92.23,77.84,-85.5,-77.92,-93.65,79.11,0.28,-6.87,-77.3,-63.2,-94.78,-44.48,107.3,64.97
letters_upper/K_dejavuserif-bold,letters_upper,targets/letters_upper/K_dejavuserif-bold.png,0.6321,0.6071,0.0125,0.5853,10,3,3,0.2,65.3,0.2086,0.1806,0.8308,12.07,28.16,0.21177,0.17462,letters_upper/K_dejavuserif-bold/K_dejavuserif-bold_best.png,"[-1.740888, 1.054163, -0.397344, -0.317022, 0.398125, 1.161038, 1.361361, -1.222238, -0.746826, -1.57216, 2.129216, -0.152407, -1.91986, 0.674514, -0.82649, 0.668815, 2.145949, 1.299539]",-99.75,60.4,-22.77,-18.16,22.81,66.52,78.0,-70.03,-42.79,-90.08,122.0,-8.73,-110.0,38.65,-47.35,38.32,122.95,74.46
animals/beetle_mpeg7-05,animals,targets/animals/beetle_mpeg7-05.png,0.6316,0.6135,0.0115,0.5847,10,6,3,0.2,65.8,0.3178,0.2885,1.0231,-12.07,20.11,0.10115,0.19215,animals/beetle_mpeg7-05/beetle_mpeg7-05_best.png,"[0.873449, -1.743963, 0.293212, 0.841239, 2.30602, 0.335999, -1.291438, -0.811188, 0.453446, 1.65806, 1.592219, -0.073387, 0.442756, -1.295796, 0.439739, 1.608804, -0.650055, 0.336858]",50.04,-99.92,16.8,48.2,132.13,19.25,-73.99,-46.48,25.98,95.0,91.23,-4.2,25.37,-74.24,25.2,92.18,-37.25,19.3
digits/2_dejavuserif-bold,digits,targets/digits/2_dejavuserif-bold.png,0.6312,0.596,0.0198,0.5752,10,9,3,0.2,65.4,0.218,0.1976,0.7346,-20.11,24.14,0.18267,0.18907,digits/2_dejavuserif-bold/2_dejavuserif-bold_best.png,"[1.728141, -0.59898, 0.392994, 0.025229, 0.270111, 1.39542, -1.166069, -1.564373, 1.315059, 0.473909, -2.276101, 0.124076, 0.384613, -0.568076, -0.689739, 1.630631, -1.194674, 1.176532]",99.02,-34.32,22.52,1.45,15.48,79.95,-66.81,-89.63,75.35,27.15,-130.41,7.11,22.04,-32.55,-39.52,93.43,-68.45,67.41
vehicles/carriage_mpeg7-03,vehicles,targets/vehicles/carriage_mpeg7-03.png,0.6306,0.5939,0.0269,0.5466,10,8,3,0.2,65.2,0.0682,0.0268,1.1192,-12.07,28.16,0.06319,0.43821,vehicles/carriage_mpeg7-03/carriage_mpeg7-03_best.png,"[1.91986, 0.246635, -0.101433, 0.067035, -2.053077, 0.896831, 0.431168, 0.341071, -0.720591, -1.061279, -2.657122, 0.805833, -0.589008, -1.150382, -1.688835, -1.605065, 2.354796, 1.499793]",110.0,14.13,-5.81,3.84,-117.63,51.38,24.7,19.54,-41.29,-60.81,-152.24,46.17,-33.75,-65.91,-96.76,-91.96,134.92,85.93
abstract/device1_mpeg7-01,abstract,targets/abstract/device1_mpeg7-01.png,0.6281,0.5875,0.0224,0.5567,10,6,3,0.2,66.5,0.2025,0.1705,0.9269,-20.11,28.16,0.06241,0.32156,abstract/device1_mpeg7-01/device1_mpeg7-01_best.png,"[-1.607822, 1.273787, -1.654298, -0.528529, -0.576163, 1.105727, 0.428598, 0.509809, -0.593681, 0.688991, -1.960593, 0.204215, 0.723931, -0.921021, 1.336073, 0.714561, 1.837098, 0.799044]",-92.12,72.98,-94.78,-30.28,-33.01,63.35,24.56,29.21,-34.02,39.48,-112.33,11.7,41.48,-52.77,76.55,40.94,105.26,45.78
letters_upper/G_dejavusansmono-bold,letters_upper,targets/letters_upper/G_dejavusansmono-bold.png,0.6275,0.6112,0.0173,0.5723,10,9,3,0.2,65.2,0.2268,0.1947,0.8308,-28.16,24.14,0.1149,0.24073,letters_upper/G_dejavusansmono-bold/G_dejavusansmono-bold_best.png,"[1.841994, -0.652869, -1.611705, -1.65806, -1.273478, -0.155647, -0.858682, -0.505046, 0.794963, 1.513819, -2.035469, 0.030109, -1.819247, -1.400939, -0.53907, 1.401507, -1.757942, 0.261562]",105.54,-37.41,-92.34,-95.0,-72.96,-8.92,-49.2,-28.94,45.55,86.74,-116.62,1.73,-104.24,-80.27,-30.89,80.3,-100.72,14.99
letters_lower/m_dejavuserif-bold,letters_lower,targets/letters_lower/m_dejavuserif-bold.png,0.6273,0.5928,0.0373,0.4992,10,5,3,0.2,64.8,0.2189,0.1775,1.2154,-8.05,28.16,0.1332,0.25605,letters_lower/m_dejavuserif-bold/m_dejavuserif-bold_best.png,"[-0.659929, -0.845863, 1.066214, -1.65806, 1.396952, 1.292136, 0.865461, -1.74533, -1.123139, 1.569554, -1.311823, -0.174533, 1.701306, -0.116094, 0.605497, -1.657457, -1.249146, 0.754457]",-37.81,-48.46,61.09,-95.0,80.04,74.03,49.59,-100.0,-64.35,89.93,-75.16,-10.0,97.48,-6.65,34.69,-94.97,-71.57,43.23
letters_upper/G_dejavuserif-bold,letters_upper,targets/letters_upper/G_dejavuserif-bold.png,0.6236,0.5622,0.043,0.452,10,7,3,0.2,65.2,0.1464,0.102,0.9269,16.09,24.14,0.2386,0.39887,letters_upper/G_dejavuserif-bold/G_dejavuserif-bold_best.png,"[0.140247, -0.376976, -1.69, -1.425892, -1.701714, 1.256535, 1.468655, -1.07535, 0.183219, 1.249988, 2.812031, 1.649363, 0.831916, -1.74533, -1.665561, 1.280456, 1.734197, 0.495089]",8.04,-21.6,-96.83,-81.7,-97.5,71.99,84.15,-61.61,10.5,71.62,161.12,94.5,47.67,-100.0,-95.43,73.36,99.36,28.37
animals/lizzard_mpeg7-05,animals,targets/animals/lizzard_mpeg7-05.png,0.6227,0.6053,0.016,0.5771,10,2,3,0.2,66.7,0.0374,0.033,0.7346,-28.16,28.16,0.06357,0.27801,animals/lizzard_mpeg7-05/lizzard_mpeg7-05_best.png,"[-0.742759, -0.618647, 0.025699, 1.061341, 1.629587, 0.23495, -0.663967, -0.651408, 0.197917, 0.544771, -0.12795, 1.539483, 0.956498, -0.516728, 0.991728, -1.431243, -2.684347, 0.247455]",-42.56,-35.45,1.47,60.81,93.37,13.46,-38.04,-37.32,11.34,31.21,-7.33,88.21,54.8,-29.61,56.82,-82.0,-153.8,14.18
digits/5_dejavuserif-bold,digits,targets/digits/5_dejavuserif-bold.png,0.6227,0.5811,0.0233,0.5412,10,6,3,0.2,65.0,0.1075,0.0963,0.8308,-24.14,24.14,0.11837,0.10499,digits/5_dejavuserif-bold/5_dejavuserif-bold_best.png,"[0.630295, -0.864327, -0.386133, 1.426883, -1.232649, 0.057942, 1.629155, -0.354457, -0.11092, 0.09132, 2.698423, 0.926347, 0.769123, -0.690134, 0.450424, 0.36987, 0.00185, 1.146107]",36.11,-49.52,-22.12,81.75,-70.63,3.32,93.34,-20.31,-6.36,5.23,154.61,53.08,44.07,-39.54,25.81,21.19,0.11,65.67
objects/pencil_mpeg7-03,objects,targets/objects/pencil_mpeg7-03.png,0.6226,0.5636,0.0477,0.467,10,0,3,0.2,68.0,0.0135,0.0018,1.2154,-8.05,28.16,0.00977,0.44653,objects/pencil_mpeg7-03/pencil_mpeg7-03_best.png,"[0.256141, -0.566968, 0.706276, 0.417504, 1.375378, 0.410485, 0.219234, -0.401787, 0.462134, -0.548796, -1.355263, 0.159563, -0.914228, -1.134018, -1.679927, -0.917241, -0.915686, 1.288855]",14.68,-32.48,40.47,23.92,78.8,23.52,12.56,-23.02,26.48,-31.44,-77.65,9.14,-52.38,-64.97,-96.25,-52.55,-52.46,73.85
letters_upper/C_dejavuserif-bold,letters_upper,targets/letters_upper/C_dejavuserif-bold.png,0.6222,0.5797,0.0256,0.5444,10,5,3,0.2,66.9,0.1278,0.1095,0.8308,12.07,24.14,0.29167,0.24706,letters_upper/C_dejavuserif-bold/C_dejavuserif-bold_best.png,"[0.144821, -1.74533, 1.117308, -1.325009, 1.46943, 1.494239, -1.517457, -1.689453, 1.018393, -0.166435, -0.05498, 1.555956, 0.082468, -0.415253, -1.609369, -1.306893, -1.035118, 0.056511]",8.3,-100.0,64.02,-75.92,84.19,85.61,-86.94,-96.8,58.35,-9.54,-3.15,89.15,4.73,-23.79,-92.21,-74.88,-59.31,3.24
letters_lower/w_dejavuserif-bold,letters_lower,targets/letters_lower/w_dejavuserif-bold.png,0.6213,0.5905,0.0216,0.5572,10,0,3,0.2,64.7,0.1743,0.1136,1.0231,-20.11,28.16,0.10823,0.20187,letters_lower/w_dejavuserif-bold/w_dejavuserif-bold_best.png,"[-1.182021, 0.661773, -1.442364, 0.697947, -2.250201, 1.445564, 1.464131, -0.635998, 1.108357, -1.643073, 2.302, -0.057552, -0.977427, -1.74533, -0.523589, -0.196426, -0.672521, 0.849084]",-67.72,37.92,-82.64,39.99,-128.93,82.82,83.89,-36.44,63.5,-94.14,131.89,-3.3,-56.0,-100.0,-30.0,-11.25,-38.53,48.65
animals/cattle_mpeg7-02,animals,targets/animals/cattle_mpeg7-02.png,0.6212,0.586,0.0233,0.5503,10,1,3,0.2,65.1,0.1531,0.1291,1.2154,4.02,28.16,0.10314,0.38606,animals/cattle_mpeg7-02/cattle_mpeg7-02_best.png,"[0.973498, -0.934264, -1.667173, -0.973995, -2.74385, 1.446554, -1.423998, -0.138271, -0.519082, 1.273601, 2.537454, -0.043418, 0.168079, -1.212743, 1.179264, -0.826182, 2.576937, -0.174533]",55.78,-53.53,-95.52,-55.81,-157.21,82.88,-81.59,-7.92,-29.74,72.97,145.39,-2.49,9.63,-69.49,67.57,-47.34,147.65,-10.0
abstract/spring_mpeg7-04,abstract,targets/abstract/spring_mpeg7-04.png,0.6208,0.5752,0.029,0.5337,10,8,3,0.2,64.8,0.3734,0.3444,1.1192,4.02,12.07,0.3068,0.26618,abstract/spring_mpeg7-04/spring_mpeg7-04_best.png,"[-0.024457, -0.46998, -1.42194, -1.497579, 2.257091, 1.70059, -0.647429, -0.614935, -1.126319, -0.780126, 1.310854, 1.443817, -0.881759, -0.398868, 1.095802, 0.379739, 0.748667, 0.433661]",-1.4,-26.93,-81.47,-85.8,129.32,97.44,-37.09,-35.23,-64.53,-44.7,75.11,82.72,-50.52,-22.85,62.78,21.76,42.9,24.85
letters_lower/j_dejavusansmono-bold,letters_lower,targets/letters_lower/j_dejavusansmono-bold.png,0.6193,0.5973,0.015,0.5653,10,3,3,0.2,65.0,0.1964,0.1702,1.0231,-12.07,12.07,0.04762,0.11617,letters_lower/j_dejavusansmono-bold/j_dejavusansmono-bold_best.png,"[1.445742, -0.994741, -0.256751, 1.58843, 0.451327, 0.076588, 1.65831, 0.122783, -1.607906, 0.90599, -0.217695, -0.174533, 1.423264, 0.988263, -0.487027, -0.021757, 2.168001, 1.743951]",82.83,-56.99,-14.71,91.01,25.86,4.39,95.01,7.03,-92.13,51.91,-12.47,-10.0,81.55,56.62,-27.9,-1.25,124.22,99.92
animals/lmfish_mpeg7-04,animals,targets/animals/lmfish_mpeg7-04.png,0.6189,0.5694,0.0301,0.5136,10,0,3,0.2,65.9,0.0222,0.0024,1.3115,-4.02,28.16,0.04972,0.33487,animals/lmfish_mpeg7-04/lmfish_mpeg7-04_best.png,"[-1.581355, 0.434968, -0.406825, -0.426525, 1.325444, 1.024318, 0.38534, 0.904473, -1.097009, -0.127809, 0.421441, 1.468636, -0.576316, -1.179441, -1.625444, -0.227583, -0.968876, 0.114517]",-90.6,24.92,-23.31,-24.44,75.94,58.69,22.08,51.82,-62.85,-7.32,24.15,84.15,-33.02,-67.58,-93.13,-13.04,-55.51,6.56
objects/watch_mpeg7-05,objects,targets/objects/watch_mpeg7-05.png,0.6186,0.5419,0.0342,0.4834,10,7,3,0.2,65.2,0.0244,0.0024,0.9269,-16.09,28.16,0.03279,0.39943,objects/watch_mpeg7-05/watch_mpeg7-05_best.png,"[0.130175, -0.54544, 0.57514, 0.159736, -0.156603, 1.152498, 1.91986, 0.470953, -0.470653, 0.219374, 1.758583, -0.006626, 1.737491, -0.315622, 0.494183, 0.458733, -1.126953, 1.421918]",7.46,-31.25,32.95,9.15,-8.97,66.03,110.0,26.98,-26.97,12.57,100.76,-0.38,99.55,-18.08,28.31,26.28,-64.57,81.47
letters_upper/Z_dejavuserif-bold,letters_upper,targets/letters_upper/Z_dejavuserif-bold.png,0.6172,0.5697,0.0287,0.5242,10,7,3,0.2,65.2,0.2956,0.2294,0.7346,0.0,24.14,0.28001,0.19243,letters_upper/Z_dejavuserif-bold/Z_dejavuserif-bold_best.png,"[-1.91986, -0.828975, 0.782019, -0.666451, 1.005501, 1.264533, 1.021552, -1.682298, -1.402304, -0.386302, 2.110884, 0.018604, 0.791141, -1.084265, -0.743237, 1.638619, 1.78022, 1.193146]",-110.0,-47.5,44.81,-38.18,57.61,72.45,58.53,-96.39,-80.35,-22.13,120.94,1.07,45.33,-62.12,-42.58,93.89,102.0,68.36
vehicles/carriage_mpeg7-02,vehicles,targets/vehicles/carriage_mpeg7-02.png,0.6167,0.567,0.0302,0.5257,10,9,3,0.2,65.8,0.0802,0.0543,1.2154,-8.05,28.16,0.07285,0.47259,vehicles/carriage_mpeg7-02/carriage_mpeg7-02_best.png,"[-1.91986, -0.414382, 0.210661, 0.426316, 2.407894, 0.429379, 0.212179, 0.289634, -0.797507, 0.983217, -2.127073, 0.287709, -0.57461, -1.059389, -1.656076, -1.255604, 1.75054, 0.356714]",-110.0,-23.74,12.07,24.43,137.96,24.6,12.16,16.59,-45.69,56.33,-121.87,16.48,-32.92,-60.7,-94.89,-71.94,100.3,20.44
letters_upper/Q_dejavuserif-bold,letters_upper,targets/letters_upper/Q_dejavuserif-bold.png,0.6138,0.5643,0.0208,0.54,10,4,3,0.2,64.9,0.1213,0.0739,0.7346,-28.16,28.16,0.11486,0.2458,letters_upper/Q_dejavuserif-bold/Q_dejavuserif-bold_best.png,"[1.799326, -1.296659, 1.041001, -0.204469, 0.48618, 1.484075, 1.032007, 1.159019, -1.467017, -0.970112, -1.77605, 0.634717, 0.926766, 1.268292, -1.354304, -1.144099, 0.008041, 0.755617]",103.09,-74.29,59.64,-11.72,27.86,85.03,59.13,66.41,-84.05,-55.58,-101.76,36.37,53.1,72.67,-77.6,-65.55,0.46,43.29
objects/watch_mpeg7-04,objects,targets/objects/watch_mpeg7-04.png,0.6115,0.5634,0.0377,0.4983,10,9,3,0.2,65.1,0.0019,0.0003,1.2154,0.0,28.16,0.03219,0.50241,objects/watch_mpeg7-04/watch_mpeg7-04_best.png,"[-1.719102, -0.768902, 0.520827, 0.460018, 1.876067, 0.162983, -0.600576, -0.233793, 0.390606, -0.214477, -1.823122, 1.614875, -0.571992, -1.276118, -1.629405, -0.508086, 2.252951, 0.622059]",-98.5,-44.05,29.84,26.36,107.49,9.34,-34.41,-13.4,22.38,-12.29,-104.46,92.53,-32.77,-73.12,-93.36,-29.11,129.08,35.64
objects/pocket_mpeg7-01,objects,targets/objects/pocket_mpeg7-01.png,0.6097,0.5915,0.0094,0.5724,10,7,3,0.2,66.7,0.2432,0.2227,0.8308,-24.14,24.14,0.12339,0.26285,objects/pocket_mpeg7-01/pocket_mpeg7-01_best.png,"[-1.404146, -0.431921, -0.326974, 1.587824, -0.543003, 0.262084, -0.553776, -0.615646, 0.763899, 1.65806, 2.089837, 1.077318, 1.113178, -1.244417, 0.483881, 0.531531, -2.693079, 1.207223]",-80.45,-24.75,-18.73,90.98,-31.11,15.02,-31.73,-35.27,43.77,95.0,119.74,61.73,63.78,-71.3,27.72,30.45,-154.3,69.17
abstract/device1_mpeg7-05,abstract,targets/abstract/device1_mpeg7-05.png,0.6092,0.5876,0.0109,0.5707,10,7,3,0.2,65.0,0.2834,0.243,1.0231,-20.11,20.11,0.06832,0.24038,abstract/device1_mpeg7-05/device1_mpeg7-05_best.png,"[1.330672, -1.642778, 0.104562, -1.534974, 2.672315, 0.654258, 0.226895, 0.012834, 1.350548, -0.831158, 0.374809, 0.944349, -1.210355, 0.112784, -0.626087, 1.072426, -1.669002, 0.551198]",76.24,-94.12,5.99,-87.95,153.11,37.49,13.0,0.74,77.38,-47.62,21.47,54.11,-69.35,6.46,-35.87,61.45,-95.63,31.58
letters_upper/O_dejavuserif-bold,letters_upper,targets/letters_upper/O_dejavuserif-bold.png,0.6083,0.5516,0.0352,0.5078,10,6,3,0.2,65.3,0.1582,0.12,0.7346,-28.16,28.16,0.17997,0.19636,letters_upper/O_dejavuserif-bold/O_dejavuserif-bold_best.png,"[-1.415045, -1.474126, -1.036938, -0.485864, -2.192501, 1.582111, 0.988657, 1.360869, -1.478602, -1.57469, 1.054322, 0.348929, 0.78324, -0.746921, -0.36592, 1.50837, -1.156475, 0.0025]",-81.08,-84.46,-59.41,-27.84,-125.62,90.65,56.65,77.97,-84.72,-90.22,60.41,19.99,44.88,-42.8,-20.97,86.42,-66.26,0.14
abstract/stef_mpeg7-01,abstract,targets/abstract/stef_mpeg7-01.png,0.6078,0.5853,0.0157,0.5545,10,3,3,0.2,64.9,0.2012,0.1755,0.9269,-4.02,24.14,0.08639,0.12042,abstract/stef_mpeg7-01/stef_mpeg7-01_best.png,"[0.525127, -1.492148, 0.041436, 1.134793, 1.537746, 0.586285, 1.701646, -0.996998, 0.541265, -0.036676, 1.273034, 1.535852, 0.40554, -1.213644, 0.308244, 0.288071, 1.088957, 0.931139]",30.09,-85.49,2.37,65.02,88.11,33.59,97.5,-57.12,31.01,-2.1,72.94,88.0,23.24,-69.54,17.66,16.51,62.39,53.35
objects/horseshoe_mpeg7-04,objects,targets/objects/horseshoe_mpeg7-04.png,0.6027,0.5432,0.0428,0.4421,10,9,3,0.2,64.7,0.1378,0.1042,0.6385,-28.16,28.16,0.24365,0.15163,objects/horseshoe_mpeg7-04/horseshoe_mpeg7-04_best.png,"[-0.115886, 0.699125, -1.40579, -0.203169, -0.850746, 0.480475, -0.219265, -0.707976, 0.088869, 1.644711, 2.331731, 0.937637, -1.281246, -1.278313, 0.15693, 1.246157, -1.862101, 0.285377]",-6.64,40.06,-80.55,-11.64,-48.74,27.53,-12.56,-40.56,5.09,94.23,133.6,53.72,-73.41,-73.24,8.99,71.4,-106.69,16.35
animals/lmfish_mpeg7-05,animals,targets/animals/lmfish_mpeg7-05.png,0.6023,0.5529,0.0377,0.4884,10,9,3,0.2,66.5,0.0224,0.0036,1.2154,-8.05,28.16,0.05367,0.32765,animals/lmfish_mpeg7-05/lmfish_mpeg7-05_best.png,"[-0.50226, -0.617579, 0.783964, -0.049181, 2.814448, 0.706302, -0.822087, -1.131884, -1.69, -0.249354, 0.788771, 0.102658, 1.811897, 0.202557, -0.234005, 0.426151, 2.649859, 1.743457]",-28.78,-35.38,44.92,-2.82,161.26,40.47,-47.1,-64.85,-96.83,-14.29,45.19,5.88,103.81,11.61,-13.41,24.42,151.83,99.89
abstract/device2_mpeg7-05,abstract,targets/abstract/device2_mpeg7-05.png,0.6022,0.5895,0.0127,0.5584,10,9,3,0.2,65.1,0.3909,0.3184,0.9269,-8.05,24.14,0.11191,0.2209,abstract/device2_mpeg7-05/device2_mpeg7-05_best.png,"[0.483412, -1.716696, 0.175298, 1.231716, -0.476013, 1.350671, 1.187806, -0.160446, 0.103331, 1.435922, 2.687758, 0.853816, -1.031683, -1.32896, -0.863298, -0.509116, 0.17736, -0.105705]",27.7,-98.36,10.04,70.57,-27.27,77.39,68.06,-9.19,5.92,82.27,154.0,48.92,-59.11,-76.14,-49.46,-29.17,10.16,-6.06
vehicles/carriage_mpeg7-01,vehicles,targets/vehicles/carriage_mpeg7-01.png,0.6003,0.5737,0.0151,0.5558,10,7,3,0.2,65.0,0.0629,0.0369,1.1192,-12.07,28.16,0.07419,0.43594,vehicles/carriage_mpeg7-01/carriage_mpeg7-01_best.png,"[1.165377, -1.21499, -1.221829, -1.148554, 2.534295, -0.114188, -0.935935, -1.23188, 1.14156, -0.382197, 1.57116, 1.17048, 1.851936, 0.359971, 0.138371, -0.81264, -0.660327, 1.351541]",66.77,-69.61,-70.01,-65.81,145.2,-6.54,-53.63,-70.58,65.41,-21.9,90.02,67.06,106.11,20.62,7.93,-46.56,-37.83,77.44
letters_upper/E_dejavusansmono-bold,letters_upper,targets/letters_upper/E_dejavusansmono-bold.png,0.5999,0.571,0.0218,0.5362,10,3,3,0.2,65.1,0.2686,0.2293,0.6385,4.02,28.16,0.17837,0.00959,letters_upper/E_dejavusansmono-bold/E_dejavusansmono-bold_best.png,"[1.232088, -1.626566, 0.248343, -1.536522, 1.801901, 0.308522, -1.91986, -0.55381, 1.236868, -0.702854, -1.855477, 0.009681, -1.352742, -1.414323, -1.455044, -0.224516, 1.131619, 1.403828]",70.59,-93.2,14.23,-88.04,103.24,17.68,-110.0,-31.73,70.87,-40.27,-106.31,0.55,-77.51,-81.03,-83.37,-12.86,64.84,80.43
animals/horse_mpeg7-04,animals,targets/animals/horse_mpeg7-04.png,0.5998,0.569,0.0192,0.5295,10,9,3,0.2,64.9,0.0383,0.0248,1.0231,-16.09,28.16,0.00881,0.18441,animals/horse_mpeg7-04/horse_mpeg7-04_best.png,"[-1.074076, -1.5297, 0.606351, 0.678531, -1.727625, 0.856692, -1.751262, -1.295569, -1.648401, 0.460344, -0.17318, 0.262292, -1.140064, -1.289319, -1.575265, -0.587409, 1.73528, 0.745932]",-61.54,-87.65,34.74,38.88,-98.99,49.08,-100.34,-74.23,-94.45,26.38,-9.92,15.03,-65.32,-73.87,-90.26,-33.66,99.42,42.74
vehicles/carriage_mpeg7-05,vehicles,targets/vehicles/carriage_mpeg7-05.png,0.5989,0.5739,0.0213,0.5313,10,9,3,0.2,65.6,0.0836,0.0366,1.1192,-12.07,28.16,0.06441,0.39554,vehicles/carriage_mpeg7-05/carriage_mpeg7-05_best.png,"[-1.907163, -0.815251, 0.871239, -0.201582, 1.772396, 0.611356, -0.63328, -0.623828, 0.615198, 0.81082, -1.84065, 0.361213, -0.801336, -1.313789, -1.24385, -1.487547, 0.029122, 0.459145]",-109.27,-46.71,49.92,-11.55,101.55,35.03,-36.28,-35.74,35.25,46.46,-105.46,20.7,-45.91,-75.27,-71.27,-85.23,1.67,26.31
letters_upper/U_dejavuserif-bold,letters_upper,targets/letters_upper/U_dejavuserif-bold.png,0.5975,0.5735,0.0201,0.5275,10,9,3,0.2,65.2,0.1914,0.1597,0.9269,12.07,24.14,0.23077,0.25701,letters_upper/U_dejavuserif-bold/U_dejavuserif-bold_best.png,"[1.62018, 0.566379, -1.348555, 0.283165, -1.347042, 1.688735, -0.879258, -1.74533, -1.671639, 1.196884, 0.675105, -0.059577, -1.86078, -1.191636, -0.076301, -1.580597, 1.269661, 0.310247]",92.83,32.45,-77.27,16.22,-77.18,96.76,-50.38,-100.0,-95.78,68.58,38.68,-3.41,-106.61,-68.28,-4.37,-90.56,72.75,17.78
objects/pocket_mpeg7-04,objects,targets/objects/pocket_mpeg7-04.png,0.5963,0.5603,0.0185,0.5349,10,8,3,0.2,67.0,0.2172,0.1961,0.9269,-28.16,20.11,0.13475,0.2369,objects/pocket_mpeg7-04/pocket_mpeg7-04_best.png,"[1.91986, -1.731403, -0.662581, 1.367293, -0.977478, -0.06218, 1.16278, 1.362375, -1.645836, -0.244555, -2.295283, 0.806321, 0.943049, -1.054819, 0.179458, 0.136089, -2.695026, 0.527826]",110.0,-99.2,-37.96,78.34,-56.01,-3.56,66.62,78.06,-94.3,-14.01,-131.51,46.2,54.03,-60.44,10.28,7.8,-154.41,30.24
abstract/device7_mpeg7-01,abstract,targets/abstract/device7_mpeg7-01.png,0.5949,0.5731,0.0127,0.547,10,8,3,0.2,65.1,0.3017,0.246,0.9269,-4.02,28.16,0.06503,0.21026,abstract/device7_mpeg7-01/device7_mpeg7-01_best.png,"[1.183958, -1.719035, 0.381521, 1.103253, -0.958469, 0.254845, 1.902067, 1.148733, -1.313366, -1.652599, -2.30263, 0.947227, 1.13068, -0.007118, 0.882831, -1.288759, -2.104989, 0.024024]",67.84,-98.49,21.86,63.21,-54.92,14.6,108.98,65.82,-75.25,-94.69,-131.93,54.27,64.78,-0.41,50.58,-73.84,-120.61,1.38
animals/sea-snake_mpeg7-02,animals,targets/animals/sea-snake_mpeg7-02.png,0.5943,0.521,0.0447,0.4585,10,2,3,0.2,65.2,0.3504,0.2938,1.1192,-8.05,8.05,0.27926,0.2418,animals/sea-snake_mpeg7-02/sea-snake_mpeg7-02_best.png,"[0.15175, 0.845446, -0.189219, -1.202227, 1.724163, 1.694577, -0.47349, -0.887918, -1.322721, 0.049696, 2.642133, -0.0923, -0.025003, -0.816876, -0.293321, 1.620826, 1.649928, 1.744891]",8.69,48.44,-10.84,-68.88,98.79,97.09,-27.13,-50.87,-75.79,2.85,151.38,-5.29,-1.43,-46.8,-16.81,92.87,94.53,99.97
letters_upper/E_dejavuserif-bold,letters_upper,targets/letters_upper/E_dejavuserif-bold.png,0.5904,0.5688,0.0167,0.5411,10,1,3,0.2,65.3,0.2345,0.2086,0.7346,4.02,28.16,0.25029,0.16279,letters_upper/E_dejavuserif-bold/E_dejavuserif-bold_best.png,"[1.41324, -1.70014, -1.687548, -0.301017, -2.742353, 0.138105, 1.363917, -1.440383, 0.390037, 0.719859, -1.383529, 1.610874, -1.91986, 0.239503, -0.144176, -0.359236, 0.501335, 1.411856]",80.97,-97.41,-96.69,-17.25,-157.13,7.91,78.15,-82.53,22.35,41.24,-79.27,92.3,-110.0,13.72,-8.26,-20.58,28.72,80.89
animals/fly_mpeg7-01,animals,targets/animals/fly_mpeg7-01.png,0.5893,0.5617,0.0168,0.5328,10,3,3,0.2,64.6,0.1671,0.1262,1.1192,-16.09,28.16,0.11007,0.19769,animals/fly_mpeg7-01/fly_mpeg7-01_best.png,"[-1.794545, 0.081358, -0.42672, 1.231068, -1.382246, 0.764086, 1.181986, 0.345921, -0.203582, 1.245346, -0.452851, 0.336157, 1.16081, -0.643691, 0.370764, -0.61734, -2.274304, 1.452591]",-102.82,4.66,-24.45,70.54,-79.2,43.78,67.72,19.82,-11.66,71.35,-25.95,19.26,66.51,-36.88,21.24,-35.37,-130.31,83.23
animals/horse_mpeg7-03,animals,targets/animals/horse_mpeg7-03.png,0.5889,0.5588,0.0222,0.517,10,2,3,0.2,65.1,0.1137,0.0803,1.3115,-8.05,28.16,0.10467,0.29754,animals/horse_mpeg7-03/horse_mpeg7-03_best.png,"[0.719505, -1.701422, 0.208375, -1.403927, 1.528012, 1.174355, -1.24971, -0.649856, 0.621156, 0.318256, -1.067241, 1.432661, -0.90383, -1.319397, -1.326627, -1.562822, 2.262561, 0.166245]",41.22,-97.48,11.94,-80.44,87.55,67.29,-71.6,-37.23,35.59,18.23,-61.15,82.09,-51.79,-75.6,-76.01,-89.54,129.64,9.53
animals/lizzard_mpeg7-01,animals,targets/animals/lizzard_mpeg7-01.png,0.5885,0.5223,0.0341,0.453,10,9,3,0.2,65.0,0.2629,0.2078,1.1192,4.02,20.11,0.1387,0.19828,animals/lizzard_mpeg7-01/lizzard_mpeg7-01_best.png,"[-0.335506, -0.493569, -1.490681, -1.599719, 0.639581, 0.043191, 0.733437, -0.591241, 0.067036, 1.65806, 2.791406, 0.240713, 0.647274, -0.242141, -1.298551, -1.601826, 1.18355, 0.30759]",-19.22,-28.28,-85.41,-91.66,36.65,2.47,42.02,-33.88,3.84,95.0,159.94,13.79,37.09,-13.87,-74.4,-91.78,67.81,17.62
animals/deer_mpeg7-03,animals,targets/animals/deer_mpeg7-03.png,0.5882,0.5656,0.0139,0.5374,10,8,3,0.2,65.3,0.1413,0.1266,0.8308,-8.05,28.16,0.08119,0.17441,animals/deer_mpeg7-03/deer_mpeg7-03_best.png,"[1.006891, -1.064893, 0.053669, 0.943427, -0.97886, 0.608414, 1.545755, -1.74533, 1.193268, -1.26837, 1.5801, 0.899219, 0.058301, -1.74533, 0.909202, 1.527272, 1.566196, 0.040455]",57.69,-61.01,3.08,54.05,-56.08,34.86,88.57,-100.0,68.37,-72.67,90.53,51.52,3.34,-100.0,52.09,87.51,89.74,2.32
abstract/device2_mpeg7-04,abstract,targets/abstract/device2_mpeg7-04.png,0.5858,0.5682,0.0165,0.5348,10,7,3,0.2,64.9,0.2541,0.2139,0.9269,-12.07,24.14,0.18636,0.19072,abstract/device2_mpeg7-04/device2_mpeg7-04_best.png,"[-1.751846, 0.010636, -0.519614, 1.178412, 2.559739, 0.966488, -0.863061, 0.130338, 0.893321, -0.235517, -2.036642, 0.228125, -0.638081, -0.193751, -0.542989, 0.373959, -1.267594, 0.610644]",-100.37,0.61,-29.77,67.52,146.66,55.38,-49.45,7.47,51.18,-13.49,-116.69,13.07,-36.56,-11.1,-31.11,21.43,-72.63,34.99
letters_upper/W_dejavuserif-bold,letters_upper,targets/letters_upper/W_dejavuserif-bold.png,0.5854,0.5494,0.0237,0.5035,10,9,3,0.2,66.0,0.1692,0.1059,1.0231,-20.11,28.16,0.1267,0.1683,letters_upper/W_dejavuserif-bold/W_dejavuserif-bold_best.png,"[-0.858639, -1.082403, 1.369884, -1.287086, -0.760413, 0.335259, -0.763503, -0.552391, 0.818038, -1.350377, 2.8053, 0.144621, 1.380641, -0.515685, -0.081081, 1.167329, -0.623256, 1.680407]",-49.2,-62.02,78.49,-73.74,-43.57,19.21,-43.75,-31.65,46.87,-77.37,160.73,8.29,79.1,-29.55,-4.65,66.88,-35.71,96.28
animals/lizzard_mpeg7-02,animals,targets/animals/lizzard_mpeg7-02.png,0.5851,0.5448,0.0235,0.5168,10,4,3,0.2,65.6,0.0948,0.0867,0.7346,-28.16,28.16,0.11825,0.14509,animals/lizzard_mpeg7-02/lizzard_mpeg7-02_best.png,"[-1.75669, -1.62231, 1.523248, 1.014059, -0.853484, 0.129464, 1.010134, -1.076597, 0.268068, 0.637389, -0.54351, 0.336087, -1.107575, -1.549477, 0.375647, 1.65806, -2.656694, 1.567239]",-100.65,-92.95,87.28,58.1,-48.9,7.42,57.88,-61.68,15.36,36.52,-31.14,19.26,-63.46,-88.78,21.52,95.0,-152.22,89.8
abstract/device5_mpeg7-03,abstract,targets/abstract/device5_mpeg7-03.png,0.5839,0.5462,0.0215,0.4948,10,1,3,0.2,64.8,0.2962,0.2661,0.9269,0.0,16.09,0.03081,0.08792,abstract/device5_mpeg7-03/device5_mpeg7-03_best.png,"[1.814432, 0.212255, -0.717803, -0.423356, -2.607367, 0.15842, -0.879086, -1.139618, -1.681301, -0.29616, -1.210997, 0.236907, 0.95932, -0.472658, 0.037236, 0.962217, -0.857209, 0.280754]",103.96,12.16,-41.13,-24.26,-149.39,9.08,-50.37,-65.3,-96.33,-16.97,-69.39,13.57,54.96,-27.08,2.13,55.13,-49.11,16.09
animals/beetle_mpeg7-01,animals,targets/animals/beetle_mpeg7-01.png,0.5825,0.5504,0.0194,0.5156,10,8,3,0.2,65.3,0.2018,0.1685,1.1192,8.05,20.11,0.2458,0.23186,animals/beetle_mpeg7-01/beetle_mpeg7-01_best.png,"[1.91986, -0.586818, 0.760893, -0.752764, -1.822703, 0.802174, -1.215341, -1.725708, -0.822044, 1.403959, -2.362744, -0.061379, 1.418014, 0.237095, 0.605537, 0.667032, 2.446057, 1.742859]",110.0,-33.62,43.6,-43.13,-104.43,45.96,-69.63,-98.88,-47.1,80.44,-135.38,-3.52,81.25,13.58,34.69,38.22,140.15,99.86
animals/deer_mpeg7-02,animals,targets/animals/deer_mpeg7-02.png,0.5804,0.5418,0.0265,0.4951,10,1,3,0.2,65.4,0.2398,0.1825,0.8308,-16.09,24.14,0.18114,0.3084,animals/deer_mpeg7-02/deer_mpeg7-02_best.png,"[-1.279487, -1.011061, -1.69, -0.159107, -1.419362, 0.637224, 0.287883, -0.724816, 0.67514, 1.573692, 2.731119, 0.208122, 1.207159, 0.399208, 0.165634, -1.087568, 1.425665, -0.110919]",-73.31,-57.93,-96.83,-9.12,-81.32,36.51,16.49,-41.53,38.68,90.17,156.48,11.92,69.17,22.87,9.49,-62.31,81.68,-6.36
abstract/spring_mpeg7-01,abstract,targets/abstract/spring_mpeg7-01.png,0.5802,0.5311,0.022,0.4991,10,6,3,0.2,65.1,0.0357,0.0168,0.8308,24.14,28.16,0.34906,0.3867,abstract/spring_mpeg7-01/spring_mpeg7-01_best.png,"[-0.807314, -1.07861, -1.69, -0.036766, -0.345483, -0.064968, 0.269893, -1.27483, -1.606104, 0.554101, -1.145268, 0.583509, -1.651132, -1.707761, 1.33386, 1.353555, 2.21482, 0.469032]",-46.26,-61.8,-96.83,-2.11,-19.79,-3.72,15.46,-73.04,-92.02,31.75,-65.62,33.43,-94.6,-97.85,76.42,77.55,126.9,26.87
abstract/spring_mpeg7-05,abstract,targets/abstract/spring_mpeg7-05.png,0.5802,0.5311,0.022,0.4991,10,6,3,0.2,65.1,0.0357,0.0168,0.8308,24.14,28.16,0.34906,0.3867,abstract/spring_mpeg7-05/spring_mpeg7-05_best.png,"[-0.807314, -1.07861, -1.69, -0.036766, -0.345483, -0.064968, 0.269893, -1.27483, -1.606104, 0.554101, -1.145268, 0.583509, -1.651132, -1.707761, 1.33386, 1.353555, 2.21482, 0.469032]",-46.26,-61.8,-96.83,-2.11,-19.79,-3.72,15.46,-73.04,-92.02,31.75,-65.62,33.43,-94.6,-97.85,76.42,77.55,126.9,26.87
animals/sea-snake_mpeg7-04,animals,targets/animals/sea-snake_mpeg7-04.png,0.5775,0.5465,0.0252,0.5102,10,0,3,0.2,64.8,0.1578,0.1253,1.3115,0.0,20.11,0.21307,0.21396,animals/sea-snake_mpeg7-04/sea-snake_mpeg7-04_best.png,"[-1.877756, 0.131857, -0.775402, 0.684813, 1.382194, 0.984892, -1.039664, 1.101748, -1.508901, -1.428844, 1.123234, 1.287903, 0.81602, -0.639814, -0.046955, 1.141123, 1.157044, 0.895106]",-107.59,7.55,-44.43,39.24,79.19,56.43,-59.57,63.13,-86.45,-81.87,64.36,73.79,46.75,-36.66,-2.69,65.38,66.29,51.29
objects/pencil_mpeg7-01,objects,targets/objects/pencil_mpeg7-01.png,0.5773,0.5452,0.0183,0.5139,10,6,3,0.2,64.9,0.0185,0.0021,1.2154,8.05,28.16,0.02208,0.5115,objects/pencil_mpeg7-01/pencil_mpeg7-01_best.png,"[0.863859, -1.026386, -1.670904, -0.651668, 2.603927, 0.861633, 1.083289, 0.031015, -0.043352, 0.532912, -2.614889, 0.184134, 1.017497, -0.687375, 1.219516, -0.970503, -2.12085, 0.895054]",49.5,-58.81,-95.74,-37.34,149.19,49.37,62.07,1.78,-2.48,30.53,-149.82,10.55,58.3,-39.38,69.87,-55.61,-121.52,51.28
animals/lizzard_mpeg7-03,animals,targets/animals/lizzard_mpeg7-03.png,0.5739,0.5383,0.0265,0.483,10,9,3,0.2,65.2,0.1805,0.1311,1.1192,0.0,28.16,0.0961,0.19728,animals/lizzard_mpeg7-03/lizzard_mpeg7-03_best.png,"[-0.885142, -1.181613, 0.004097, 1.597768, 1.877467, -0.1207, -0.300711, -1.006762, -1.69, 1.580122, 2.592703, 1.339704, -0.815462, -1.317138, -0.557384, -1.655857, -0.093749, 0.760714]",-50.71,-67.7,0.23,91.55,107.57,-6.92,-17.23,-57.68,-96.83,90.53,148.55,76.76,-46.72,-75.47,-31.94,-94.87,-5.37,43.59
objects/spoon_mpeg7-03,objects,targets/objects/spoon_mpeg7-03.png,0.5729,0.546,0.023,0.4978,10,2,3,0.2,65.4,0.0,0.0,0.9269,-24.14,16.09,0.18259,0.16692,objects/spoon_mpeg7-03/spoon_mpeg7-03_best.png,"[0.813252, -1.726014, -1.525788, 0.389519, -1.301599, 0.882906, 0.866537, -1.486106, 1.015737, 0.029173, 1.285902, 0.093681, -0.085851, 0.099791, -0.97491, 0.036616, 1.770369, -0.149833]",46.6,-98.89,-87.42,22.32,-74.58,50.59,49.65,-85.15,58.2,1.67,73.68,5.37,-4.92,5.72,-55.86,2.1,101.43,-8.58
objects/fork_mpeg7-01,objects,targets/objects/fork_mpeg7-01.png,0.5725,0.5387,0.0148,0.52,10,1,3,0.2,65.1,0.3317,0.3106,1.3115,-4.02,4.02,0.0,0.04438,objects/fork_mpeg7-01/fork_mpeg7-01_best.png,"[-0.129804, -0.531331, -1.195322, 0.142822, 1.854568, -0.064492, 1.91986, -0.217299, -1.252746, -1.179803, 2.748072, 1.698728, 1.17422, -0.514063, -1.441052, -0.593127, 2.271036, 0.285673]",-7.44,-30.44,-68.49,8.18,106.26,-3.7,110.0,-12.45,-71.78,-67.6,157.45,97.33,67.28,-29.45,-82.57,-33.98,130.12,16.37
letters_upper/M_dejavuserif-bold,letters_upper,targets/letters_upper/M_dejavuserif-bold.png,0.5718,0.5395,0.0195,0.5054,10,5,3,0.2,64.6,0.1123,0.1049,0.8308,-28.16,28.16,0.14208,0.26391,letters_upper/M_dejavuserif-bold/M_dejavuserif-bold_best.png,"[0.392072, -0.624716, 1.025917, 0.250268, 0.448434, 0.545897, 0.832992, 0.669741, -1.500376, 1.65806, -2.733842, 0.428331, -1.393199, -1.74533, -0.378036, 1.65806, 1.593917, 0.921436]",22.46,-35.79,58.78,14.34,25.69,31.28,47.73,38.37,-85.97,95.0,-156.64,24.54,-79.82,-100.0,-21.66,95.0,91.32,52.79
animals/deer_mpeg7-04,animals,targets/animals/deer_mpeg7-04.png,0.5715,0.5448,0.0163,0.5072,10,6,3,0.2,65.7,0.1103,0.0703,1.1192,-4.02,28.16,0.04659,0.21933,animals/deer_mpeg7-04/deer_mpeg7-04_best.png,"[1.18947, -1.603998, 0.301411, 1.373926, -0.389615, -0.079949, 1.193029, -1.224382, -1.655192, 0.030306, -1.265153, 0.073889, 0.665081, -0.730065, -0.05867, 1.586406, -0.48636, 0.105133]",68.15,-91.9,17.27,78.72,-22.32,-4.58,68.36,-70.15,-94.84,1.74,-72.49,4.23,38.11,-41.83,-3.36,90.89,-27.87,6.02
vehicles/carriage_mpeg7-04,vehicles,targets/vehicles/carriage_mpeg7-04.png,0.5706,0.5459,0.0163,0.5166,10,3,3,0.2,65.1,0.0638,0.0239,1.1192,-12.07,28.16,0.04776,0.39686,vehicles/carriage_mpeg7-04/carriage_mpeg7-04_best.png,"[1.268717, -1.215687, -1.208904, -0.952865, -0.89339, 0.546964, -0.249521, -0.192218, 0.545918, 0.358735, -2.703999, 1.119491, -0.196107, -1.118554, 1.097092, -0.36146, 1.886095, 1.713416]",72.69,-69.65,-69.27,-54.6,-51.19,31.34,-14.3,-11.01,31.28,20.55,-154.93,64.14,-11.24,-64.09,62.86,-20.71,108.07,98.17
objects/pencil_mpeg7-05,objects,targets/objects/pencil_mpeg7-05.png,0.5678,0.5222,0.0309,0.4605,10,3,3,0.2,67.0,0.0221,0.0022,1.2154,4.02,28.16,0.02774,0.54424,objects/pencil_mpeg7-05/pencil_mpeg7-05_best.png,"[-1.91986, -0.210465, 0.193897, -0.060227, 1.657086, 1.374536, -0.661578, 0.40605, -0.29443, 1.654253, -1.980821, 0.299417, 0.597919, -0.102196, 0.244628, 0.663367, 1.956644, 0.1671]",-110.0,-12.06,11.11,-3.45,94.94,78.76,-37.91,23.26,-16.87,94.78,-113.49,17.16,34.26,-5.86,14.02,38.01,112.11,9.57
animals/lizzard_mpeg7-04,animals,targets/animals/lizzard_mpeg7-04.png,0.5638,0.5491,0.0126,0.5248,10,7,3,0.2,65.7,0.1767,0.1506,1.0231,-16.09,20.11,0.06081,0.11975,animals/lizzard_mpeg7-04/lizzard_mpeg7-04_best.png,"[1.919825, -0.756562, -1.443989, -1.307482, 2.61487, 0.088702, -1.682344, -0.279314, 0.077426, -0.181222, 1.829785, 1.315512, -0.309812, -1.685714, -0.652, 1.65806, -2.729548, 0.227817]",110.0,-43.35,-82.73,-74.91,149.82,5.08,-96.39,-16.0,4.44,-10.38,104.84,75.37,-17.75,-96.58,-37.36,95.0,-156.39,13.05
objects/pocket_mpeg7-02,objects,targets/objects/pocket_mpeg7-02.png,0.5606,0.5282,0.0139,0.5088,10,8,3,0.2,67.1,0.1914,0.1713,0.9269,-28.16,16.09,0.13995,0.24756,objects/pocket_mpeg7-02/pocket_mpeg7-02_best.png,"[1.91986, -1.684106, -0.708278, 1.477546, -0.509186, 0.528181, -0.156705, -0.718845, 0.701862, 0.436761, -1.511765, -0.078822, -0.89366, -1.111149, 0.330598, -0.127658, -0.157808, -0.174533]",110.0,-96.49,-40.58,84.66,-29.17,30.26,-8.98,-41.19,40.21,25.02,-86.62,-4.52,-51.2,-63.66,18.94,-7.31,-9.04,-10.0
objects/hammer_mpeg7-04,objects,targets/objects/hammer_mpeg7-04.png,0.5604,0.528,0.0196,0.4932,10,3,3,0.2,65.8,0.1702,0.1424,0.8308,-8.05,24.14,0.0,0.01577,objects/hammer_mpeg7-04/hammer_mpeg7-04_best.png,"[-1.574506, -1.049311, -0.326616, 1.65806, -0.396307, 0.589754, -1.668359, -1.308099, -0.113266, 1.261249, 1.800793, 0.649268, -1.701263, -1.74533, -0.570881, -0.473597, 0.246682, 1.198628]",-90.21,-60.12,-18.71,95.0,-22.71,33.79,-95.59,-74.95,-6.49,72.26,103.18,37.2,-97.48,-100.0,-32.71,-27.14,14.13,68.68
objects/watch_mpeg7-01,objects,targets/objects/watch_mpeg7-01.png,0.5599,0.519,0.0301,0.4643,10,4,3,0.2,65.8,0.0024,0.0002,0.9269,-16.09,28.16,0.03203,0.43054,objects/watch_mpeg7-01/watch_mpeg7-01_best.png,"[0.20193, -0.630189, 0.635782, 0.505059, 1.036583, 0.980935, -0.012251, -0.51515, 0.694729, -0.865747, 2.838513, 0.751348, 1.91986, 0.868953, -1.035708, 0.216834, -2.104784, 0.373266]",11.57,-36.11,36.43,28.94,59.39,56.2,-0.7,-29.52,39.81,-49.6,162.63,43.05,110.0,49.79,-59.34,12.42,-120.6,21.39
objects/spoon_mpeg7-01,objects,targets/objects/spoon_mpeg7-01.png,0.5554,0.5016,0.0415,0.427,10,7,3,0.2,65.0,0.0,0.0,0.8308,-24.14,28.16,0.20419,0.10577,objects/spoon_mpeg7-01/spoon_mpeg7-01_best.png,"[-1.91986, 0.846945, -0.127333, -0.644056, 1.850169, 1.71801, -0.060746, -0.319637, -0.3438, 0.929343, 0.143743, -0.063289, 1.486312, 0.752689, 0.800205, -1.593448, -2.257902, -0.046171]",-110.0,48.53,-7.3,-36.9,106.01,98.43,-3.48,-18.31,-19.7,53.25,8.24,-3.63,85.16,43.13,45.85,-91.3,-129.37,-2.65
digits/7_dejavuserif-bold,digits,targets/digits/7_dejavuserif-bold.png,0.55,0.5092,0.0243,0.4768,10,6,3,0.2,65.4,0.2047,0.1829,0.8308,-8.05,24.14,0.09469,0.03107,digits/7_dejavuserif-bold/7_dejavuserif-bold_best.png,"[-0.792664, -1.071881, -0.585525, 1.65806, -1.943404, 1.11511, -1.134424, -1.587204, -0.282186, 1.194575, -0.526737, 1.719626, -1.112122, -1.506994, -0.68221, -0.069107, 2.386895, 0.547189]",-45.42,-61.41,-33.55,95.0,-111.35,63.89,-65.0,-90.94,-16.17,68.44,-30.18,98.53,-63.72,-86.34,-39.09,-3.96,136.76,31.35
animals/sea-snake_mpeg7-01,animals,targets/animals/sea-snake_mpeg7-01.png,0.5488,0.4541,0.0508,0.3903,10,1,3,0.2,64.4,0.2165,0.16,1.1192,-8.05,16.09,0.25833,0.20925,animals/sea-snake_mpeg7-01/sea-snake_mpeg7-01_best.png,"[-1.247283, 1.092183, -1.306219, -1.280087, 0.725601, 1.227436, -0.296964, -0.953434, -0.388568, -1.506044, -1.20624, 0.341236, -1.188194, -1.453698, -1.213529, -0.285378, -0.076169, 0.897829]",-71.46,62.58,-74.84,-73.34,41.57,70.33,-17.01,-54.63,-22.26,-86.29,-69.11,19.55,-68.08,-83.29,-69.53,-16.35,-4.36,51.44
objects/pencil_mpeg7-02,objects,targets/objects/pencil_mpeg7-02.png,0.5448,0.4772,0.0694,0.3791,10,8,3,0.2,67.1,0.0,0.0,1.3115,-4.02,28.16,0.05372,0.45592,objects/pencil_mpeg7-02/pencil_mpeg7-02_best.png,"[-0.088265, -0.538187, 0.729077, 0.023219, 1.699146, 0.705608, 0.010049, -0.598891, 0.914472, -0.618993, -0.880951, 0.212397, -0.441918, -1.197878, -1.69, -0.251786, 0.703498, -0.047491]",-5.06,-30.84,41.77,1.33,97.35,40.43,0.58,-34.31,52.4,-35.47,-50.47,12.17,-25.32,-68.63,-96.83,-14.43,40.31,-2.72
abstract/stef_mpeg7-04,abstract,targets/abstract/stef_mpeg7-04.png,0.544,0.4897,0.0283,0.4397,10,5,3,0.2,65.3,0.115,0.0773,1.0231,-4.02,20.11,0.08341,0.18759,abstract/stef_mpeg7-04/stef_mpeg7-04_best.png,"[0.527042, -1.315832, 0.37635, 0.244416, -1.666536, 1.47585, -0.350638, -1.37655, -1.594322, -0.631167, 1.477845, 0.513052, -0.129449, 0.18806, 1.170596, -0.660146, 0.31211, 0.192283]",30.2,-75.39,21.56,14.0,-95.49,84.56,-20.09,-78.87,-91.35,-36.16,84.67,29.4,-7.42,10.78,67.07,-37.82,17.88,11.02
animals/deer_mpeg7-01,animals,targets/animals/deer_mpeg7-01.png,0.5398,0.5186,0.0132,0.4982,10,6,3,0.2,64.9,0.2014,0.1445,0.7346,-16.09,28.16,0.20077,0.27778,animals/deer_mpeg7-01/deer_mpeg7-01_best.png,"[1.857904, -0.389757, 0.610025, -0.777789, -2.077905, -0.174533, -0.931706, 0.565029, 0.7166, -1.368122, -0.756218, 1.708854, 1.065242, 0.727494, -0.770857, 1.324733, -0.422112, 0.352334]",106.45,-22.33,34.95,-44.56,-119.06,-10.0,-53.38,32.37,41.06,-78.39,-43.33,97.91,61.03,41.68,-44.17,75.9,-24.19,20.19
objects/watch_mpeg7-02,objects,targets/objects/watch_mpeg7-02.png,0.5382,0.49,0.0463,0.3867,10,3,3,0.2,65.3,0.0011,0.0001,1.2154,0.0,28.16,0.0221,0.53479,objects/watch_mpeg7-02/watch_mpeg7-02_best.png,"[-1.906047, -0.467522, 0.51369, -0.224527, 1.70328, 1.086986, -0.349964, -0.127358, 0.232756, 1.151074, -0.05779, 1.289451, -0.151096, -0.484791, 0.792879, -0.510472, 2.512384, 0.227991]",-109.21,-26.79,29.43,-12.86,97.59,62.28,-20.05,-7.3,13.34,65.95,-3.31,73.88,-8.66,-27.78,45.43,-29.25,143.95,13.06
abstract/stef_mpeg7-02,abstract,targets/abstract/stef_mpeg7-02.png,0.5352,0.5061,0.0177,0.4781,10,2,3,0.2,65.7,0.179,0.1402,0.8308,4.02,28.16,0.19744,0.20495,abstract/stef_mpeg7-02/stef_mpeg7-02_best.png,"[1.076521, -1.54791, 0.27731, 0.969904, -1.93861, 0.799497, 1.829409, -0.519458, 0.849426, -0.399044, -2.683478, 1.678128, 1.045752, -1.709334, -1.124197, -0.966478, -2.705489, -0.174533]",61.68,-88.69,15.89,55.57,-111.07,45.81,104.82,-29.76,48.67,-22.86,-153.75,96.15,59.92,-97.94,-64.41,-55.38,-155.01,-10.0
animals/deer_mpeg7-05,animals,targets/animals/deer_mpeg7-05.png,0.5299,0.5091,0.0188,0.4771,10,8,3,0.2,65.1,0.2223,0.1338,0.7346,-16.09,28.16,0.20557,0.28155,animals/deer_mpeg7-05/deer_mpeg7-05_best.png,"[-1.253017, -1.623545, 1.192855, 0.120976, 1.517754, 1.319224, 1.651452, -0.602017, 1.517548, 0.212425, -1.56065, 0.729122, -1.295843, -1.213155, -1.675329, 0.261246, 1.913039, 1.737312]",-71.79,-93.02,68.35,6.93,86.96,75.59,94.62,-34.49,86.95,12.17,-89.42,41.78,-74.25,-69.51,-95.99,14.97,109.61,99.54
objects/pencil_mpeg7-04,objects,targets/objects/pencil_mpeg7-04.png,0.5242,0.4395,0.0375,0.3861,10,8,3,0.2,66.5,0.0,0.0,1.1192,16.09,28.16,0.01689,0.49323,objects/pencil_mpeg7-04/pencil_mpeg7-04_best.png,"[1.905087, -0.224082, 0.688061, -0.887233, -1.696957, 0.769532, 1.235265, -0.238262, 0.327596, 0.327713, -0.919015, 1.691059, -0.563404, -1.38474, -1.412878, -0.494438, -1.350572, 1.672053]",109.15,-12.84,39.42,-50.83,-97.23,44.09,70.78,-13.65,18.77,18.78,-52.66,96.89,-32.28,-79.34,-80.95,-28.33,-77.38,95.8
abstract/stef_mpeg7-05,abstract,targets/abstract/stef_mpeg7-05.png,0.5222,0.4594,0.035,0.3861,10,6,3,0.2,65.2,0.2529,0.1775,0.8308,4.02,24.14,0.13345,0.1097,abstract/stef_mpeg7-05/stef_mpeg7-05_best.png,"[-1.40563, -1.514785, -0.330354, 1.65806, -1.005876, 0.654419, 1.768465, 0.083256, 0.561539, -1.620585, 0.839936, 0.490091, 1.801355, 0.664437, 0.092874, -1.032631, 2.026879, 1.476856]",-80.54,-86.79,-18.93,95.0,-57.63,37.5,101.33,4.77,32.17,-92.85,48.12,28.08,103.21,38.07,5.32,-59.17,116.13,84.62
objects/horseshoe_mpeg7-01,objects,targets/objects/horseshoe_mpeg7-01.png,0.5208,0.4729,0.0393,0.3908,10,4,3,0.2,65.5,0.0783,0.0659,0.6385,-28.16,28.16,0.26627,0.12809,objects/horseshoe_mpeg7-01/horseshoe_mpeg7-01_best.png,"[-0.093219, 0.767776, -1.626392, -1.078164, -1.390403, 0.732443, -1.085463, -0.959452, 0.230741, 0.881148, -1.88352, 1.553755, -0.018466, -0.678321, 0.315397, 1.270937, -1.764459, 1.140188]",-5.34,43.99,-93.19,-61.77,-79.66,41.97,-62.19,-54.97,13.22,50.49,-107.92,89.02,-1.06,-38.86,18.07,72.82,-101.1,65.33
objects/horseshoe_mpeg7-02,objects,targets/objects/horseshoe_mpeg7-02.png,0.5176,0.4812,0.0285,0.4142,10,0,3,0.2,65.9,0.136,0.0824,0.6385,-28.16,28.16,0.24514,0.13293,objects/horseshoe_mpeg7-02/horseshoe_mpeg7-02_best.png,"[1.72722, -1.580638, 1.383824, -0.866478, -2.74385, 1.044895, -0.286487, -0.809996, -0.065823, 1.639951, 1.529111, 1.164545, 0.149373, -0.205964, 0.434609, 1.635068, 2.055509, -0.019995]",98.96,-90.56,79.29,-49.65,-157.21,59.87,-16.41,-46.41,-3.77,93.96,87.61,66.72,8.56,-11.8,24.9,93.68,117.77,-1.15
abstract/stef_mpeg7-03,abstract,targets/abstract/stef_mpeg7-03.png,0.5005,0.4726,0.0224,0.4208,10,0,3,0.2,65.3,0.1025,0.0676,0.9269,-4.02,28.16,0.14162,0.21786,abstract/stef_mpeg7-03/stef_mpeg7-03_best.png,"[-0.218239, -0.763063, -0.019872, 0.732285, -1.442113, 1.404916, -0.004241, -1.151654, 1.039004, 1.588363, 1.641752, 0.673465, 1.277348, -1.456545, 0.958591, 0.622113, -0.005966, 1.742456]",-12.5,-43.72,-1.14,41.96,-82.63,80.5,-0.24,-65.98,59.53,91.01,94.07,38.59,73.19,-83.45,54.92,35.64,-0.34,99.84
animals/sea-snake_mpeg7-05,animals,targets/animals/sea-snake_mpeg7-05.png,0.4906,0.3954,0.0413,0.3533,10,2,3,0.2,63.2,0.1466,0.1095,0.8308,-28.16,24.14,0.19866,0.18594,animals/sea-snake_mpeg7-05/sea-snake_mpeg7-05_best.png,"[-1.514816, 1.459641, -1.10723, -1.096124, 1.035808, -0.174129, 0.950832, 1.563583, -1.69, -1.647401, -2.147153, 0.050036, 0.269621, -0.802315, -0.634852, 1.65806, -1.100305, 1.602344]",-86.79,83.63,-63.44,-62.8,59.35,-9.98,54.48,89.59,-96.83,-94.39,-123.02,2.87,15.45,-45.97,-36.37,95.0,-63.04,91.81
objects/fork_mpeg7-03,objects,targets/objects/fork_mpeg7-03.png,0.4849,0.4638,0.0127,0.438,10,8,3,0.2,65.2,0.31,0.2792,1.3115,8.05,0.0,0.08753,0.16773,objects/fork_mpeg7-03/fork_mpeg7-03_best.png,"[0.196858, -0.572242, -1.310489, -0.224329, -1.466529, 0.208397, -1.309359, -0.849175, -0.991923, 0.207888, -2.470611, 0.495863, -1.428618, -1.16135, -0.407731, -0.308442, -0.899276, 0.784277]",11.28,-32.79,-75.09,-12.85,-84.03,11.94,-75.02,-48.65,-56.83,11.91,-141.56,28.41,-81.85,-66.54,-23.36,-17.67,-51.52,44.94
objects/hammer_mpeg7-05,objects,targets/objects/hammer_mpeg7-05.png,0.4793,0.3947,0.0379,0.3396,10,7,3,0.2,63.7,0.0003,0.0,0.6385,-28.16,28.16,0.14102,0.45852,objects/hammer_mpeg7-05/hammer_mpeg7-05_best.png,"[1.602004, -1.667564, -1.493577, -1.39206, 2.684987, 0.337111, 0.119816, -0.591483, 0.695769, -0.342448, 0.613779, 0.526791, 0.01847, -0.647824, 0.837746, -0.324653, -0.389261, 0.214165]",91.79,-95.54,-85.58,-79.76,153.84,19.32,6.86,-33.89,39.86,-19.62,35.17,30.18,1.06,-37.12,48.0,-18.6,-22.3,12.27
objects/horseshoe_mpeg7-05,objects,targets/objects/horseshoe_mpeg7-05.png,0.4742,0.4159,0.0285,0.3691,10,1,3,0.2,64.2,0.1279,0.0828,0.8308,-28.16,24.14,0.28201,0.10488,objects/horseshoe_mpeg7-05/horseshoe_mpeg7-05_best.png,"[-1.24679, 1.301851, -1.597165, -1.633165, -0.156374, 0.263879, -0.524637, -0.92017, 0.159539, 1.050088, 2.02028, 0.383319, -0.201065, -1.141688, -0.31071, 1.305387, -2.69215, 0.916183]",-71.44,74.59,-91.51,-93.57,-8.96,15.12,-30.06,-52.72,9.14,60.17,115.75,21.96,-11.52,-65.41,-17.8,74.79,-154.25,52.49
objects/pocket_mpeg7-05,objects,targets/objects/pocket_mpeg7-05.png,0.4587,0.4456,0.0123,0.418,10,8,3,0.2,66.9,0.1576,0.148,0.8308,-28.16,24.14,0.13611,0.23335,objects/pocket_mpeg7-05/pocket_mpeg7-05_best.png,"[1.184693, -0.68009, 0.007364, 1.65806, -0.688168, 0.169805, 1.090344, 1.533547, -1.582365, -0.424463, 0.30718, -0.064863, -1.035964, -0.65646, 0.622988, -0.025083, 0.980402, 0.269432]",67.88,-38.97,0.42,95.0,-39.43,9.73,62.47,87.87,-90.66,-24.32,17.6,-3.72,-59.36,-37.61,35.69,-1.44,56.17,15.44
objects/fork_mpeg7-04,objects,targets/objects/fork_mpeg7-04.png,0.4581,0.4311,0.023,0.379,10,3,3,0.2,64.6,0.0338,0.0146,1.0231,16.09,28.16,0.02941,0.47939,objects/fork_mpeg7-04/fork_mpeg7-04_best.png,"[-1.615538, 0.775517, -1.008093, -0.172267, 1.747227, 1.376713, -1.546985, -1.135776, 1.540087, -1.598224, -1.44934, 0.56344, -0.203921, -1.378822, -1.69, -0.296345, 2.639133, 1.276594]",-92.56,44.43,-57.76,-9.87,100.11,78.88,-88.64,-65.08,88.24,-91.57,-83.04,32.28,-11.68,-79.0,-96.83,-16.98,151.21,73.14
objects/horseshoe_mpeg7-03,objects,targets/objects/horseshoe_mpeg7-03.png,0.4397,0.4032,0.0221,0.3573,10,9,3,0.2,63.5,0.0811,0.062,0.6385,-28.16,28.16,0.22902,0.13796,objects/horseshoe_mpeg7-03/horseshoe_mpeg7-03_best.png,"[-1.318601, -0.938154, 0.221118, 0.885246, -1.606854, 1.097156, -0.478657, -0.542708, 0.174619, 1.597641, -2.73222, 0.655967, -1.539451, -1.691364, 0.805756, 0.752401, -2.502479, 0.815495]",-75.55,-53.75,12.67,50.72,-92.07,62.86,-27.43,-31.09,10.0,91.54,-156.54,37.58,-88.2,-96.91,46.17,43.11,-143.38,46.72
objects/fork_mpeg7-02,objects,targets/objects/fork_mpeg7-02.png,0.4316,0.4149,0.0075,0.4041,10,6,3,0.2,63.8,0.3283,0.2948,1.0231,-4.02,12.07,0.0,0.00247,objects/fork_mpeg7-02/fork_mpeg7-02_best.png,"[-1.389363, -0.979033, -0.809711, -1.148835, -2.702609, 1.238295, 1.651598, -0.511955, -0.138473, -1.65806, -1.616681, 0.02892, -0.958657, -0.363491, -1.69, -0.306073, 2.417782, 1.74533]",-79.6,-56.09,-46.39,-65.82,-154.85,70.95,94.63,-29.33,-7.93,-95.0,-92.63,1.66,-54.93,-20.83,-96.83,-17.54,138.53,100.0
abstract/device6_mpeg7-02,abstract,targets/abstract/device6_mpeg7-02.png,0.3912,0.3672,0.0211,0.3304,10,4,3,0.2,62.7,0.2101,0.1581,0.9269,-12.07,16.09,0.19056,0.15639,abstract/device6_mpeg7-02/device6_mpeg7-02_best.png,"[-1.352206, -0.235017, 0.799189, -1.52253, -1.216168, 0.083472, 1.619391, -0.421572, -1.073989, 1.354715, 2.011618, 1.189586, -0.038759, -1.724213, -0.342798, 1.176671, -1.544512, 0.73318]",-77.48,-13.47,45.79,-87.23,-69.68,4.78,92.78,-24.15,-61.54,77.62,115.26,68.16,-2.22,-98.79,-19.64,67.42,-88.49,42.01
animals/dog_mpeg7-03,animals,targets/animals/dog_mpeg7-03.png,0.3866,0.3681,0.0115,0.3493,10,1,3,0.2,63.3,0.1044,0.0845,1.0231,20.11,24.14,0.18855,0.26992,animals/dog_mpeg7-03/dog_mpeg7-03_best.png,"[1.163721, -1.492194, 0.042758, 1.170472, -1.518861, -0.09787, -0.649907, -1.215811, -1.69, -0.009334, -1.511669, -0.050045, -0.344567, -1.304455, -1.501941, -1.532075, 1.119074, 0.028249]",66.68,-85.5,2.45,67.06,-87.02,-5.61,-37.24,-69.66,-96.83,-0.53,-86.61,-2.87,-19.74,-74.74,-86.05,-87.78,64.12,1.62
abstract/spring_mpeg7-02,abstract,targets/abstract/spring_mpeg7-02.png,0.3773,0.3532,0.015,0.3284,10,2,3,0.2,63.2,0.0471,0.0312,0.8308,20.11,28.16,0.30525,0.47671,abstract/spring_mpeg7-02/spring_mpeg7-02_best.png,"[1.674002, 0.48871, -0.442055, 0.608252, 1.657918, 1.452632, 0.698665, -1.345572, -1.546861, 0.347032, -0.480528, 0.7007, -0.578089, -1.569622, -1.46902, 0.960435, 2.77775, 1.353448]",95.91,28.0,-25.33,34.85,94.99,83.23,40.03,-77.1,-88.63,19.88,-27.53,40.15,-33.12,-89.93,-84.17,55.03,159.15,77.55
objects/hammer_mpeg7-03,objects,targets/objects/hammer_mpeg7-03.png,0.3646,0.3076,0.0315,0.2625,10,0,3,0.2,63.6,0.0,0.0,0.8308,24.14,28.16,0.03561,0.28711,objects/hammer_mpeg7-03/hammer_mpeg7-03_best.png,"[-0.604078, 1.474149, -1.160671, -1.592594, -1.261195, 0.006093, 1.633022, 0.481178, -0.458075, -0.02411, -2.726125, 0.072436, 0.405187, -1.196411, -1.678977, -0.446064, -2.691587, 1.261592]",-34.61,84.46,-66.5,-91.25,-72.26,0.35,93.57,27.57,-26.25,-1.38,-156.2,4.15,23.22,-68.55,-96.2,-25.56,-154.22,72.28
objects/guitar_mpeg7-03,objects,targets/objects/guitar_mpeg7-03.png,0.3574,0.3227,0.0179,0.2955,10,8,3,0.2,63.2,0.1839,0.1512,1.0231,-8.05,12.07,0.01503,0.03868,objects/guitar_mpeg7-03/guitar_mpeg7-03_best.png,"[-1.496493, -1.228405, -1.648195, 0.191346, 1.959969, 1.35372, -1.243515, -1.74533, -1.536826, 0.616149, -2.709864, 0.98366, -0.124326, -1.046673, 0.261586, -0.517347, -0.707285, -0.156622]",-85.74,-70.38,-94.43,10.96,112.3,77.56,-71.25,-100.0,-88.05,35.3,-155.26,56.36,-7.12,-59.97,14.99,-29.64,-40.52,-8.97
objects/hammer_mpeg7-02,objects,targets/objects/hammer_mpeg7-02.png,0.3502,0.3185,0.0206,0.287,10,7,3,0.2,62.5,0.1279,0.0939,1.2154,-8.05,12.07,0.10435,0.22489,objects/hammer_mpeg7-02/hammer_mpeg7-02_best.png,"[0.988073, -0.787051, -1.69, -0.991023, 2.495826, -0.065025, 0.942309, -0.918494, 0.784578, -0.258149, 1.948034, 0.877025, -1.495169, -0.341913, 0.013541, 0.64589, -1.657224, -0.11872]",56.61,-45.09,-96.83,-56.78,143.0,-3.73,53.99,-52.63,44.95,-14.79,111.61,50.25,-85.67,-19.59,0.78,37.01,-94.95,-6.8
abstract/spring_mpeg7-03,abstract,targets/abstract/spring_mpeg7-03.png,0.3381,0.2918,0.0295,0.2413,10,1,3,0.2,63.5,0.0156,0.003,0.8308,24.14,28.16,0.27913,0.39644,abstract/spring_mpeg7-03/spring_mpeg7-03_best.png,"[0.178282, -0.908237, -1.641899, -0.931478, -2.249901, 0.920806, -0.394501, -1.101024, -1.504875, -1.021041, -1.285414, -0.048407, 1.625153, 0.564743, 0.673042, -1.433772, 0.011409, 0.519536]",10.21,-52.04,-94.07,-53.37,-128.91,52.76,-22.6,-63.08,-86.22,-58.5,-73.65,-2.77,93.11,32.36,38.56,-82.15,0.65,29.77
objects/hammer_mpeg7-01,objects,targets/objects/hammer_mpeg7-01.png,0.3364,0.3145,0.0152,0.2882,10,6,3,0.2,63.6,0.0175,0.0022,0.8308,24.14,28.16,0.05218,0.31658,objects/hammer_mpeg7-01/hammer_mpeg7-01_best.png,"[0.960383, -1.744441, -1.469443, 0.176229, 1.83194, 0.514983, -1.58923, -1.171244, -1.685951, -0.155694, 2.348553, 1.019668, -0.637279, -1.370471, -1.665134, -0.354237, -2.153455, 0.90405]",55.03,-99.95,-84.19,10.1,104.96,29.51,-91.06,-67.11,-96.6,-8.92,134.56,58.42,-36.51,-78.52,-95.41,-20.3,-123.38,51.8
objects/fork_mpeg7-05,objects,targets/objects/fork_mpeg7-05.png,0.3186,0.3064,0.0085,0.2913,10,4,3,0.2,63.2,0.2196,0.1955,1.2154,-4.02,8.05,0.01693,0.03486,objects/fork_mpeg7-05/fork_mpeg7-05_best.png,"[1.075687, -0.493228, -1.366925, 1.562247, 0.273506, 0.395523, 1.113221, -0.273537, -1.637974, -0.783541, -0.992534, 0.583358, -0.615326, -0.37506, -1.628079, -0.483471, 2.273608, 1.148573]",61.63,-28.26,-78.32,89.51,15.67,22.66,63.78,-15.67,-93.85,-44.89,-56.87,33.42,-35.26,-21.49,-93.28,-27.7,130.27,65.81
