shadow_name,subset,target,best_iou,mean_iou,std_iou,min_iou,n_runs,best_run,n_robots,arm_gap_m,seconds,best_shadow_png,q_rad_json,a_rot_deg,a_pitch_deg,a_elbow_deg,a_wristpitch_deg,a_wristroll_deg,a_grip_deg,b_rot_deg,b_pitch_deg,b_elbow_deg,b_wristpitch_deg,b_wristroll_deg,b_grip_deg,c_rot_deg,c_pitch_deg,c_elbow_deg,c_wristpitch_deg,c_wristroll_deg,c_grip_deg
abstract/hcircle_mpeg7-03,abstract,targets/abstract/hcircle_mpeg7-03.png,0.8512,0.825,0.0169,0.7868,10,9,3,0.2,115.8,abstract/hcircle_mpeg7-03/hcircle_mpeg7-03_best.png,"[-1.91986, 0.4467, -1.32536, -1.65806, -0.310605, 1.108499, -1.558245, 0.236014, -1.195435, -1.34083, -1.255635, -0.151021, -1.019707, -1.394559, -1.301191, 1.14028, 0.693386, 0.081127]",-110.0,25.59,-75.94,-95.0,-17.8,63.51,-89.28,13.52,-68.49,-76.82,-71.94,-8.65,-58.42,-79.9,-74.55,65.33,39.73,4.65
abstract/hcircle_mpeg7-05,abstract,targets/abstract/hcircle_mpeg7-05.png,0.8342,0.802,0.0219,0.7551,10,1,3,0.2,114.1,abstract/hcircle_mpeg7-05/hcircle_mpeg7-05_best.png,"[1.216498, -1.213068, -1.100841, 1.499084, 2.394454, 0.488133, -1.454905, 0.412642, -1.686909, -0.900838, 0.955597, 1.612431, 0.930772, -1.720681, -0.757984, 1.305969, 1.54489, 0.728599]",69.7,-69.5,-63.07,85.89,137.19,27.97,-83.36,23.64,-96.65,-51.61,54.75,92.39,53.33,-98.59,-43.43,74.83,88.52,41.75
abstract/hcircle_mpeg7-01,abstract,targets/abstract/hcircle_mpeg7-01.png,0.8292,0.81,0.0203,0.7655,10,3,3,0.2,114.3,abstract/hcircle_mpeg7-01/hcircle_mpeg7-01_best.png,"[-1.691348, 0.583153, -0.923871, -0.625675, -0.559533, -0.140239, 1.91986, -0.836961, -0.932198, 0.645779, -1.878258, 1.678025, -0.588807, -1.368728, -0.819079, 0.931973, 1.39631, -0.138882]",-96.91,33.41,-52.93,-35.85,-32.06,-8.04,110.0,-47.95,-53.41,37.0,-107.62,96.14,-33.74,-78.42,-46.93,53.4,80.0,-7.96
abstract/hcircle_mpeg7-04,abstract,targets/abstract/hcircle_mpeg7-04.png,0.829,0.8118,0.0109,0.7844,10,0,3,0.2,116.1,abstract/hcircle_mpeg7-04/hcircle_mpeg7-04_best.png,"[-1.820446, 0.232252, -1.241769, -1.36028, 1.701701, 1.625268, -1.913734, -0.963714, -0.960954, 1.216886, -0.821692, 0.596846, 0.933415, -1.138463, -1.090123, 0.364146, -2.74385, 1.12112]",-104.3,13.31,-71.15,-77.94,97.5,93.12,-109.65,-55.22,-55.06,69.72,-47.08,34.2,53.48,-65.23,-62.46,20.86,-157.21,64.24
abstract/hcircle_mpeg7-02,abstract,targets/abstract/hcircle_mpeg7-02.png,0.8211,0.7852,0.0291,0.7332,10,3,3,0.2,114.1,abstract/hcircle_mpeg7-02/hcircle_mpeg7-02_best.png,"[-1.877595, -0.0916, -0.696785, -1.65806, 1.236992, 1.240419, 1.91986, -1.24138, -0.458916, 0.650959, 0.719591, 0.726401, 0.95553, -1.215363, -1.463553, 1.138387, -0.096234, -0.174533]",-107.58,-5.25,-39.92,-95.0,70.87,71.07,110.0,-71.13,-26.29,37.3,41.23,41.62,54.75,-69.64,-83.86,65.22,-5.51,-10.0
figures/face_mpeg7-02,figures,targets/figures/face_mpeg7-02.png,0.8184,0.7925,0.0161,0.7708,10,3,3,0.2,182.3,figures/face_mpeg7-02/face_mpeg7-02_best.png,"[-1.91986, 0.51825, -1.213254, -1.525929, 1.45413, 0.457414, 1.829662, -0.416128, -1.69, 1.324704, -1.290228, 0.460916, 1.141192, -0.508667, -1.69, -0.148308, -1.775206, -0.162708]",-110.0,29.69,-69.51,-87.43,83.32,26.21,104.83,-23.84,-96.83,75.9,-73.92,26.41,65.39,-29.14,-96.83,-8.5,-101.71,-9.32
figures/face_mpeg7-03,figures,targets/figures/face_mpeg7-03.png,0.8129,0.782,0.0137,0.7628,10,1,3,0.2,182.2,figures/face_mpeg7-03/face_mpeg7-03_best.png,"[-1.91986, 0.534364, -1.235052, -1.425738, -0.625401, 1.743507, -1.142852, -0.862473, 0.06539, -1.24501, 1.982532, 0.446143, 1.916515, 0.069809, -1.589407, 0.228911, -1.959983, -0.148481]",-110.0,30.62,-70.76,-81.69,-35.83,99.9,-65.48,-49.42,3.75,-71.33,113.59,25.56,109.81,4.0,-91.07,13.12,-112.3,-8.51
figures/face_mpeg7-01,figures,targets/figures/face_mpeg7-01.png,0.8124,0.788,0.0157,0.7629,10,5,3,0.2,185.7,figures/face_mpeg7-01/face_mpeg7-01_best.png,"[1.334187, -1.609786, -0.369309, -0.181687, 2.84121, -0.030974, 1.015221, -0.912075, 0.096346, -1.223458, 2.810445, -0.174533, 0.634034, -1.312008, -0.79723, 0.682379, -1.625744, 0.066395]",76.44,-92.23,-21.16,-10.41,162.79,-1.77,58.17,-52.26,5.52,-70.1,161.03,-10.0,36.33,-75.17,-45.68,39.1,-93.15,3.8
figures/face_mpeg7-05,figures,targets/figures/face_mpeg7-05.png,0.8104,0.7742,0.0154,0.7549,10,2,3,0.2,178.8,figures/face_mpeg7-05/face_mpeg7-05_best.png,"[1.231989, -1.375972, -0.707235, 0.937554, -0.298822, -0.148519, -1.91986, 0.735349, -1.347284, -0.938732, 1.040764, -0.0516, 1.91986, -0.610749, -1.67583, 1.193033, -1.030598, -0.064942]",70.59,-78.84,-40.52,53.72,-17.12,-8.51,-110.0,42.13,-77.19,-53.79,59.63,-2.96,110.0,-34.99,-96.02,68.36,-59.05,-3.72
figures/face_mpeg7-04,figures,targets/figures/face_mpeg7-04.png,0.8037,0.7808,0.0121,0.7652,10,5,3,0.2,185.3,figures/face_mpeg7-04/face_mpeg7-04_best.png,"[1.264067, -1.465797, -0.943511, 0.394006, 2.820858, -0.144526, 0.911095, -0.570974, -0.517547, -1.363614, -1.424874, 0.520829, -0.549072, -0.609427, -0.877646, -1.063057, -2.715008, 0.827738]",72.43,-83.98,-54.06,22.57,161.62,-8.28,52.2,-32.71,-29.65,-78.13,-81.64,29.84,-31.46,-34.92,-50.29,-60.91,-155.56,47.43
letters_lower/r_dejavusans-bold,letters_lower,targets/letters_lower/r_dejavusans-bold.png,0.7987,0.7718,0.0156,0.7507,10,7,3,0.2,180.1,letters_lower/r_dejavusans-bold/r_dejavusans-bold_best.png,"[-0.462176, -0.519203, -1.30006, -0.807607, -2.127199, -0.085249, 1.913342, -0.995146, -0.6949, 0.677852, 1.973095, 0.368296, 1.890709, -0.080378, -1.234483, 0.142834, -2.2618, 1.574748]",-26.48,-29.75,-74.49,-46.27,-121.88,-4.88,109.63,-57.02,-39.81,38.84,113.05,21.1,108.33,-4.61,-70.73,8.18,-129.59,90.23
abstract/comma_mpeg7-02,abstract,targets/abstract/comma_mpeg7-02.png,0.7924,0.7718,0.0105,0.757,10,8,3,0.2,115.5,abstract/comma_mpeg7-02/comma_mpeg7-02_best.png,"[-0.875983, -0.870535, -1.441998, 0.447177, 2.332629, 1.257481, -0.943526, -1.174314, -1.686847, 1.39442, -2.372544, 0.683538, -0.904226, -0.848348, -0.920704, -0.317843, -1.318199, 0.397617]",-50.19,-49.88,-82.62,25.62,133.65,72.05,-54.06,-67.28,-96.65,79.89,-135.94,39.16,-51.81,-48.61,-52.75,-18.21,-75.53,22.78
abstract/comma_mpeg7-05,abstract,targets/abstract/comma_mpeg7-05.png,0.7879,0.7574,0.0163,0.7335,10,2,3,0.2,115.1,abstract/comma_mpeg7-05/comma_mpeg7-05_best.png,"[1.194562, -1.163846, -1.269306, 0.219598, -2.743224, 1.353236, -1.041462, -1.478734, -1.220599, 0.634455, 1.179638, -0.17288, 0.64828, -0.684223, -0.930135, -0.942753, 1.678763, 0.182323]",68.44,-66.68,-72.73,12.58,-157.18,77.53,-59.67,-84.73,-69.94,36.35,67.59,-9.91,37.14,-39.2,-53.29,-54.02,96.19,10.45
hand_shadow/chicken_hasper-01,hand_shadow,targets/hand_shadow/chicken_hasper-01.png,0.7859,0.7452,0.0179,0.719,10,1,3,0.2,180.0,hand_shadow/chicken_hasper-01/chicken_hasper-01_best.png,"[-1.813348, -0.404252, -0.786923, 1.0497, -1.782965, 1.722041, -1.225598, 0.384075, -1.523802, -1.142989, 1.784506, 0.64078, -1.91986, -0.136282, -0.317965, -0.390501, 1.459023, 1.304094]",-103.9,-23.16,-45.09,60.14,-102.16,98.67,-70.22,22.01,-87.31,-65.49,102.24,36.71,-110.0,-7.81,-18.22,-22.37,83.6,74.72
abstract/comma_mpeg7-04,abstract,targets/abstract/comma_mpeg7-04.png,0.781,0.757,0.0141,0.7279,10,9,3,0.2,113.6,abstract/comma_mpeg7-04/comma_mpeg7-04_best.png,"[1.250259, -1.254438, -0.735581, -0.004935, -1.625757, 0.90892, -1.919796, 0.653599, -1.02894, -0.755544, -0.093885, -0.113802, -0.616309, -0.862689, -1.118043, 0.330887, 1.387243, 0.084158]",71.63,-71.87,-42.15,-0.28,-93.15,52.08,-110.0,37.45,-58.95,-43.29,-5.38,-6.52,-35.31,-49.43,-64.06,18.96,79.48,4.82
abstract/comma_mpeg7-01,abstract,targets/abstract/comma_mpeg7-01.png,0.7805,0.7651,0.0128,0.7373,10,7,3,0.2,113.1,abstract/comma_mpeg7-01/comma_mpeg7-01_best.png,"[1.21879, -1.057588, -1.667997, 0.85045, 2.820007, 1.163381, -0.226407, -0.735433, -0.756875, -0.909847, 1.464752, 1.192383, -0.898411, -1.229531, -1.69, 1.208151, -2.587601, -0.121539]",69.83,-60.6,-95.57,48.73,161.57,66.66,-12.97,-42.14,-43.37,-52.13,83.92,68.32,-51.48,-70.45,-96.83,69.22,-148.26,-6.96
letters_lower/l_dejavusans-bold,letters_lower,targets/letters_lower/l_dejavusans-bold.png,0.7675,0.7504,0.0108,0.7287,10,1,3,0.2,181.2,letters_lower/l_dejavusans-bold/l_dejavusans-bold_best.png,"[-1.118052, -1.412207, -0.389403, 0.711888, -0.017668, 0.972906, -1.025393, -1.123755, -0.372149, -0.452885, -1.340681, 0.308962, -1.266354, -1.713137, -0.099197, -0.385854, -2.698901, 0.450709]",-64.06,-80.91,-22.31,40.79,-1.01,55.74,-58.75,-64.39,-21.32,-25.95,-76.82,17.7,-72.56,-98.16,-5.68,-22.11,-154.64,25.82
letters_lower/r_dejavusansmono-bold,letters_lower,targets/letters_lower/r_dejavusansmono-bold.png,0.7631,0.7386,0.0156,0.7154,10,7,3,0.2,182.3,letters_lower/r_dejavusansmono-bold/r_dejavusansmono-bold_best.png,"[-0.106518, -0.352985, -1.329515, -1.199133, -1.939055, 0.236806, -1.282759, -0.349191, -1.69, 1.398758, 1.930563, 0.53994, 1.17329, 0.253348, -1.686392, -0.953104, -2.168771, 0.055695]",-6.1,-20.22,-76.18,-68.71,-111.1,13.57,-73.5,-20.01,-96.83,80.14,110.61,30.94,67.22,14.52,-96.62,-54.61,-124.26,3.19
animals/butterfly_mpeg7-05,animals,targets/animals/butterfly_mpeg7-05.png,0.7623,0.7077,0.0364,0.6514,10,5,3,0.2,172.0,animals/butterfly_mpeg7-05/butterfly_mpeg7-05_best.png,"[1.47557, -1.052606, -1.356621, 1.52096, 0.611417, 0.146346, 0.954428, -1.15542, -1.06215, -1.352671, 0.82807, 1.547458, -1.114326, 0.153322, -0.469447, -1.65806, 2.237656, 0.411866]",84.54,-60.31,-77.73,87.14,35.03,8.39,54.68,-66.2,-60.86,-77.5,47.44,88.66,-63.85,8.78,-26.9,-95.0,128.21,23.6
abstract/device4_mpeg7-02,abstract,targets/abstract/device4_mpeg7-02.png,0.7577,0.7263,0.0286,0.6596,10,3,3,0.2,112.2,abstract/device4_mpeg7-02/device4_mpeg7-02_best.png,"[-1.746909, 0.212059, -0.297638, -1.102189, 0.35987, 1.74533, 1.755266, -1.692356, -0.641668, 1.628133, 2.454898, 1.566497, -1.91986, 0.632578, -0.453535, -0.573185, -0.327802, 1.504665]",-100.09,12.15,-17.05,-63.15,20.62,100.0,100.57,-96.96,-36.76,93.29,140.66,89.75,-110.0,36.24,-25.99,-32.84,-18.78,86.21
digits/0_dejavusans-bold,digits,targets/digits/0_dejavusans-bold.png,0.7575,0.7159,0.0231,0.6795,10,2,3,0.2,177.5,digits/0_dejavusans-bold/0_dejavusans-bold_best.png,"[-0.771664, -0.190928, -1.438506, -1.026092, 1.216323, 1.159387, -1.91986, 0.827969, -1.155016, -0.775468, -0.116574, 0.801336, -0.692708, 0.286978, -1.69, -0.733588, 1.994313, 1.404836]",-44.21,-10.94,-82.42,-58.79,69.69,66.43,-110.0,47.44,-66.18,-44.43,-6.68,45.91,-39.69,16.44,-96.83,-42.03,114.27,80.49
letters_lower/f_dejavusans-bold,letters_lower,targets/letters_lower/f_dejavusans-bold.png,0.7527,0.7323,0.0137,0.704,10,4,3,0.2,184.1,letters_lower/f_dejavusans-bold/f_dejavusans-bold_best.png,"[0.801978, -0.866647, -0.653525, -0.923338, 1.501703, 1.741944, 1.015585, -0.8495, -0.840052, 1.59858, -0.621285, 0.991741, -0.91299, -1.016945, -0.925937, -0.705137, -1.946192, 1.728687]",45.95,-49.66,-37.44,-52.9,86.04,99.81,58.19,-48.67,-48.13,91.59,-35.6,56.82,-52.31,-58.27,-53.05,-40.4,-111.51,99.05
digits/1_dejavuserif-bold,digits,targets/digits/1_dejavuserif-bold.png,0.7496,0.7184,0.0139,0.699,10,9,3,0.2,180.4,digits/1_dejavuserif-bold/1_dejavuserif-bold_best.png,"[0.083547, -0.831099, -0.957831, 0.608442, -2.74385, 1.725043, -0.87251, -1.051215, -0.496865, -0.407783, 1.518113, -0.169527, -0.221015, -1.46552, -0.057188, 0.406007, -0.862683, 0.542696]",4.79,-47.62,-54.88,34.86,-157.21,98.84,-49.99,-60.23,-28.47,-23.36,86.98,-9.71,-12.66,-83.97,-3.28,23.26,-49.43,31.09
letters_lower/l_dejavuserif-bold,letters_lower,targets/letters_lower/l_dejavuserif-bold.png,0.7485,0.7332,0.0123,0.7114,10,6,3,0.2,178.1,letters_lower/l_dejavuserif-bold/l_dejavuserif-bold_best.png,"[-0.624496, -1.004673, -0.442852, -0.248525, -1.646489, 1.392554, 1.91986, 0.549402, -1.684688, -0.930937, 2.138021, 0.80668, -1.366714, -1.74533, -1.013881, -0.494391, 2.73902, 0.439172]",-35.78,-57.56,-25.37,-14.24,-94.34,79.79,110.0,31.48,-96.53,-53.34,122.5,46.22,-78.31,-100.0,-58.09,-28.33,156.93,25.16
abstract/device4_mpeg7-03,abstract,targets/abstract/device4_mpeg7-03.png,0.7458,0.6908,0.0323,0.6223,10,8,3,0.2,113.8,abstract/device4_mpeg7-03/device4_mpeg7-03_best.png,"[1.31875, -0.933162, -1.257761, -0.539058, -0.457865, 1.712416, 1.064259, -1.078665, -1.359118, -1.65806, -2.209207, 0.816785, -1.285856, 0.959198, -1.653135, -1.630901, -1.350736, -0.174533]",75.56,-53.47,-72.06,-30.89,-26.23,98.11,60.98,-61.8,-77.87,-95.0,-126.58,46.8,-73.67,54.96,-94.72,-93.44,-77.39,-10.0
abstract/device8_mpeg7-01,abstract,targets/abstract/device8_mpeg7-01.png,0.7449,0.6872,0.0236,0.6521,10,3,3,0.2,113.5,abstract/device8_mpeg7-01/device8_mpeg7-01_best.png,"[-1.91986, 0.44867, -1.497443, -1.380778, 1.928223, 1.737226, -0.640961, -0.709408, -0.706534, 0.94784, -0.243091, -0.174533, 0.229976, -1.030033, -0.818687, -0.480926, 0.716577, 0.108571]",-110.0,25.71,-85.8,-79.11,110.48,99.54,-36.72,-40.65,-40.48,54.31,-13.93,-10.0,13.18,-59.02,-46.91,-27.56,41.06,6.22
abstract/comma_mpeg7-03,abstract,targets/abstract/comma_mpeg7-03.png,0.7421,0.725,0.0112,0.7007,10,9,3,0.2,113.6,abstract/comma_mpeg7-03/comma_mpeg7-03_best.png,"[1.10026, -1.333981, -0.992531, 1.161648, -0.021011, 1.250146, -1.91986, 0.78056, -1.682944, -0.072292, 1.675815, -0.168079, 0.665087, -1.168089, -0.381564, 0.296547, 0.308399, 1.555214]",63.04,-76.43,-56.87,66.56,-1.2,71.63,-110.0,44.72,-96.43,-4.14,96.02,-9.63,38.11,-66.93,-21.86,16.99,17.67,89.11
abstract/device5_mpeg7-02,abstract,targets/abstract/device5_mpeg7-02.png,0.7409,0.6828,0.0332,0.6207,10,8,3,0.2,112.7,abstract/device5_mpeg7-02/device5_mpeg7-02_best.png,"[0.947014, -0.71673, -1.446443, -1.457863, -1.790375, -0.174533, -0.94063, -0.864303, -0.264216, 1.27794, -2.526884, 0.024369, -1.915841, 0.175498, -1.299532, 0.254691, -0.098084, 1.74533]",54.26,-41.07,-82.88,-83.53,-102.58,-10.0,-53.89,-49.52,-15.14,73.22,-144.78,1.4,-109.77,10.06,-74.46,14.59,-5.62,100.0
letters_lower/b_dejavusans-bold,letters_lower,targets/letters_lower/b_dejavusans-bold.png,0.7399,0.6962,0.0221,0.6609,10,0,3,0.2,181.1,letters_lower/b_dejavusans-bold/b_dejavusans-bold_best.png,"[-1.91986, -1.278906, -0.588913, 0.67382, -2.105498, -0.171957, 0.871367, -1.211675, -1.69, 1.564541, -1.586108, -0.13274, -0.530325, -0.143161, -1.69, -1.349272, -0.705211, 0.387183]",-110.0,-73.28,-33.74,38.61,-120.64,-9.85,49.93,-69.42,-96.83,89.64,-90.88,-7.61,-30.39,-8.2,-96.83,-77.31,-40.41,22.18
abstract/misk_mpeg7-02,abstract,targets/abstract/misk_mpeg7-02.png,0.7361,0.7071,0.0224,0.6702,10,3,3,0.2,114.7,abstract/misk_mpeg7-02/misk_mpeg7-02_best.png,"[-1.882346, 0.405314, -1.306703, -1.398658, 1.538285, 1.707784, 1.66698, -1.144026, -1.6046, 1.65806, -0.532384, 0.706666, -0.246235, -1.461699, -0.481005, 0.188296, 1.103606, -0.071389]",-107.85,23.22,-74.87,-80.14,88.14,97.85,95.51,-65.55,-91.94,95.0,-30.5,40.49,-14.11,-83.75,-27.56,10.79,63.23,-4.09
animals/frog_mpeg7-03,animals,targets/animals/frog_mpeg7-03.png,0.7354,0.6773,0.0269,0.6419,10,8,3,0.2,164.6,animals/frog_mpeg7-03/frog_mpeg7-03_best.png,"[1.050651, -0.452603, -1.629642, -0.942118, -0.131539, 1.126322, 1.141098, -0.87015, -1.293369, -1.599202, -2.30823, 1.154804, -1.238892, 0.911515, -1.66696, -1.65806, -1.310839, -0.149224]",60.2,-25.93,-93.37,-53.98,-7.54,64.53,65.38,-49.86,-74.1,-91.63,-132.25,66.17,-70.98,52.23,-95.51,-95.0,-75.11,-8.55
abstract/device4_mpeg7-01,abstract,targets/abstract/device4_mpeg7-01.png,0.7347,0.7095,0.0193,0.6789,10,2,3,0.2,116.1,abstract/device4_mpeg7-01/device4_mpeg7-01_best.png,"[1.375647, -1.629097, -0.496846, 0.099283, -0.564316, -0.174533, -1.91986, 0.744735, -0.855428, -1.074953, 0.028605, 0.832072, -1.242611, -0.127228, -0.393546, 1.627395, -1.701077, 0.435627]",78.82,-93.34,-28.47,5.69,-32.33,-10.0,-110.0,42.67,-49.01,-61.59,1.64,47.67,-71.2,-7.29,-22.55,93.24,-97.46,24.96
abstract/device1_mpeg7-02,abstract,targets/abstract/device1_mpeg7-02.png,0.7343,0.6958,0.024,0.6571,10,5,3,0.2,114.6,abstract/device1_mpeg7-02/device1_mpeg7-02_best.png,"[-1.785213, 0.140358, -0.41611, -0.459486, -1.800505, -0.174533, 1.842264, -0.989466, -1.151605, 1.277829, -1.623145, 0.885017, 1.017226, -1.417293, -1.407743, 0.773289, -1.657391, 0.095174]",-102.29,8.04,-23.84,-26.33,-103.16,-10.0,105.55,-56.69,-65.98,73.21,-93.0,50.71,58.28,-81.2,-80.66,44.31,-94.96,5.45
abstract/device8_mpeg7-03,abstract,targets/abstract/device8_mpeg7-03.png,0.7342,0.7016,0.0181,0.6646,10,3,3,0.2,112.4,abstract/device8_mpeg7-03/device8_mpeg7-03_best.png,"[1.03034, -1.093479, -0.90008, -0.600413, 2.026523, 1.74533, 0.095047, -0.382664, -1.361062, 1.258764, -0.774023, -0.16322, 1.221547, -1.257184, -0.353641, 0.25792, 1.411593, 0.812621]",59.03,-62.65,-51.57,-34.4,116.11,100.0,5.45,-21.93,-77.98,72.12,-44.35,-9.35,69.99,-72.03,-20.26,14.78,80.88,46.56
letters_lower/t_dejavuserif-bold,letters_lower,targets/letters_lower/t_dejavuserif-bold.png,0.7332,0.7,0.013,0.6847,10,9,3,0.2,177.6,letters_lower/t_dejavuserif-bold/t_dejavuserif-bold_best.png,"[1.340106, -1.674456, -0.087736, 0.354287, -0.767959, 0.159455, -1.919319, -0.148278, -0.941917, -1.292987, -0.454958, 0.043213, -1.105582, -1.744232, -1.482067, 0.123244, 2.644044, 0.99969]",76.78,-95.94,-5.03,20.3,-44.0,9.14,-109.97,-8.5,-53.97,-74.08,-26.07,2.48,-63.35,-99.94,-84.92,7.06,151.49,57.28
letters_lower/d_dejavusansmono-bold,letters_lower,targets/letters_lower/d_dejavusansmono-bold.png,0.7329,0.6852,0.0243,0.643,10,1,3,0.2,174.6,letters_lower/d_dejavusansmono-bold/d_dejavusansmono-bold_best.png,"[0.549209, -1.573788, -0.15635, 0.221891, -2.308611, 0.503111, -0.838235, -0.049625, -1.69, -1.605657, 0.822668, 0.31715, 0.876013, -1.332231, 1.432369, -1.428228, 1.655404, 0.060673]",31.47,-90.17,-8.96,12.71,-132.27,28.83,-48.03,-2.84,-96.83,-92.0,47.14,18.17,50.19,-76.33,82.07,-81.83,94.85,3.48
abstract/device2_mpeg7-01,abstract,targets/abstract/device2_mpeg7-01.png,0.7307,0.6964,0.0153,0.6718,10,8,3,0.2,113.4,abstract/device2_mpeg7-01/device2_mpeg7-01_best.png,"[1.320911, -1.302423, -0.725805, -0.217806, -0.678928, 1.740424, 1.052665, -1.253465, -1.403213, 0.816675, 1.402553, -0.117141, -1.226356, 0.630206, -1.605211, -1.273079, -1.335796, 0.098339]",75.68,-74.62,-41.59,-12.48,-38.9,99.72,60.31,-71.82,-80.4,46.79,80.36,-6.71,-70.27,36.11,-91.97,-72.94,-76.54,5.63
abstract/device4_mpeg7-04,abstract,targets/abstract/device4_mpeg7-04.png,0.7304,0.6978,0.0206,0.6504,10,8,3,0.2,112.1,abstract/device4_mpeg7-04/device4_mpeg7-04_best.png,"[1.097887, -0.672779, -1.617379, -1.646876, -1.206474, 0.447252, -0.770508, -0.139954, -1.69, -1.139965, 0.43316, 0.507245, -0.303573, -1.217865, 0.498967, 1.65806, -2.54704, -0.167869]",62.9,-38.55,-92.67,-94.36,-69.13,25.63,-44.15,-8.02,-96.83,-65.32,24.82,29.06,-17.39,-69.78,28.59,95.0,-145.93,-9.62
abstract/device8_mpeg7-02,abstract,targets/abstract/device8_mpeg7-02.png,0.73,0.7007,0.0162,0.6792,10,7,3,0.2,112.9,abstract/device8_mpeg7-02/device8_mpeg7-02_best.png,"[0.927251, -0.838895, -1.083187, -0.951632, 2.187404, -0.095219, 0.059878, -0.576658, -1.026526, 1.110725, -0.68654, -0.174533, 1.371618, -0.400386, -1.386987, -0.621429, -1.700806, 1.443268]",53.13,-48.07,-62.06,-54.52,125.33,-5.46,3.43,-33.04,-58.82,63.64,-39.34,-10.0,78.59,-22.94,-79.47,-35.61,-97.45,82.69
letters_lower/b_dejavusansmono-bold,letters_lower,targets/letters_lower/b_dejavusansmono-bold.png,0.7299,0.7058,0.0169,0.6639,10,8,3,0.2,175.4,letters_lower/b_dejavusansmono-bold/b_dejavusansmono-bold_best.png,"[0.690779, -0.204793, -1.69, -1.619974, -0.738314, 0.716656, -0.977108, -1.361525, -1.69, 1.350044, -1.748898, 0.051243, -1.321741, 0.309024, -1.401275, -0.841535, -0.817478, 0.240612]",39.58,-11.73,-96.83,-92.82,-42.3,41.06,-55.98,-78.01,-96.83,77.35,-100.2,2.94,-75.73,17.71,-80.29,-48.22,-46.84,13.79
letters_lower/o_dejavusansmono-bold,letters_lower,targets/letters_lower/o_dejavusansmono-bold.png,0.7297,0.6989,0.026,0.6508,10,1,3,0.2,175.8,letters_lower/o_dejavusansmono-bold/o_dejavusansmono-bold_best.png,"[0.170465, -0.38978, -1.019506, -1.360309, -2.283067, 1.74533, 0.815118, -1.085411, -1.682071, 1.301113, 0.217125, -0.135345, 0.513822, 0.336549, -1.69, -0.908507, -2.242059, 1.559009]",9.77,-22.33,-58.41,-77.94,-130.81,100.0,46.7,-62.19,-96.38,74.55,12.44,-7.75,29.44,19.28,-96.83,-52.05,-128.46,89.32
letters_lower/o_dejavusans-bold,letters_lower,targets/letters_lower/o_dejavusans-bold.png,0.7294,0.6883,0.0258,0.6423,10,6,3,0.2,177.9,letters_lower/o_dejavusans-bold/o_dejavusans-bold_best.png,"[0.697034, -0.936582, -1.69, 1.486094, -1.375611, -0.174533, 0.428986, -0.287308, -1.068599, -1.399466, 2.050578, -0.098171, 0.623458, 0.369521, -1.551651, -1.295513, 0.242497, -0.174533]",39.94,-53.66,-96.83,85.15,-78.82,-10.0,24.58,-16.46,-61.23,-80.18,117.49,-5.62,35.72,21.17,-88.9,-74.23,13.89,-10.0
animals/frog_mpeg7-01,animals,targets/animals/frog_mpeg7-01.png,0.7278,0.7026,0.0146,0.6816,10,8,3,0.2,165.8,animals/frog_mpeg7-01/frog_mpeg7-01_best.png,"[0.971823, -0.75838, -1.444652, -1.615901, 0.067818, 0.723311, 1.893472, -0.885754, -0.447175, -0.93989, -2.722305, 1.544525, -0.273085, -1.406686, -0.195044, 0.495565, -0.697906, 0.19901]",55.68,-43.45,-82.77,-92.58,3.89,41.44,108.49,-50.75,-25.62,-53.85,-155.98,88.49,-15.65,-80.6,-11.18,28.39,-39.99,11.4
letters_lower/d_dejavusans-bold,letters_lower,targets/letters_lower/d_dejavusans-bold.png,0.7274,0.6828,0.0188,0.6552,10,6,3,0.2,177.3,letters_lower/d_dejavusans-bold/d_dejavusans-bold_best.png,"[0.887099, -1.50221, -0.679661, 0.749234, -1.913602, 0.177193, 0.726935, 0.049074, -1.69, -1.65806, 1.762895, -0.084485, 0.446201, -1.235536, 1.543959, -1.633073, -0.005124, 0.84042]",50.83,-86.07,-38.94,42.93,-109.64,10.15,41.65,2.81,-96.83,-95.0,101.01,-4.84,25.57,-70.79,88.46,-93.57,-0.29,48.15
figures/children_mpeg7-03,figures,targets/figures/children_mpeg7-03.png,0.7263,0.7074,0.0113,0.6883,10,4,3,0.2,176.8,figures/children_mpeg7-03/children_mpeg7-03_best.png,"[0.271199, -0.94747, -0.663906, 0.396737, 1.361037, 0.112353, -1.055478, -1.313274, -0.730967, 1.30756, 0.43938, 0.854313, 0.723544, -1.343393, 0.281965, -0.507802, -2.499934, 0.079029]",15.54,-54.29,-38.04,22.73,77.98,6.44,-60.47,-75.25,-41.88,74.92,25.17,48.95,41.46,-76.97,16.16,-29.09,-143.24,4.53
abstract/device8_mpeg7-05,abstract,targets/abstract/device8_mpeg7-05.png,0.7243,0.704,0.0174,0.668,10,4,3,0.2,111.7,abstract/device8_mpeg7-05/device8_mpeg7-05_best.png,"[0.06963, -0.576811, -1.32417, 1.535312, -0.703864, -0.174533, 0.433506, -0.419294, -1.420772, -0.979814, -1.126038, 0.574106, 0.259332, -0.903511, -0.893285, -0.924317, -2.348492, 0.449916]",3.99,-33.05,-75.87,87.97,-40.33,-10.0,24.84,-24.02,-81.4,-56.14,-64.52,32.89,14.86,-51.77,-51.18,-52.96,-134.56,25.78
abstract/misk_mpeg7-03,abstract,targets/abstract/misk_mpeg7-03.png,0.7234,0.706,0.0176,0.6785,10,5,3,0.2,114.0,abstract/misk_mpeg7-03/misk_mpeg7-03_best.png,"[-1.867905, 0.213818, -0.796221, -1.646855, -1.621076, 0.096565, 1.72985, -0.926197, -1.133226, 1.080377, -1.340657, 1.158467, 0.660751, -1.401046, -0.900202, 0.657438, -1.348047, -0.133862]",-107.02,12.25,-45.62,-94.36,-92.88,5.53,99.11,-53.07,-64.93,61.9,-76.81,66.38,37.86,-80.27,-51.58,37.67,-77.24,-7.67
figures/children_mpeg7-02,figures,targets/figures/children_mpeg7-02.png,0.7223,0.7011,0.0128,0.6814,10,1,3,0.2,182.7,figures/children_mpeg7-02/children_mpeg7-02_best.png,"[-0.757001, -1.009012, -0.372861, -0.337438, -0.411791, 1.637394, 1.91986, 0.630159, -1.685147, -1.40007, 1.664911, 0.091314, 1.91986, 0.740616, -1.438871, -1.455717, 0.336949, 1.519759]",-43.37,-57.81,-21.36,-19.33,-23.59,93.82,110.0,36.11,-96.55,-80.22,95.39,5.23,110.0,42.43,-82.44,-83.41,19.31,87.08
figures/children_mpeg7-01,figures,targets/figures/children_mpeg7-01.png,0.7222,0.7025,0.0139,0.6725,10,9,3,0.2,178.5,figures/children_mpeg7-01/children_mpeg7-01_best.png,"[1.243651, -1.366414, -0.61779, 1.009069, 0.338957, 1.660247, -1.91986, 0.398617, -1.69, -0.961362, -1.137328, -0.172436, 1.812935, 0.557231, -0.696879, -0.459887, 1.529986, 1.644609]",71.26,-78.29,-35.4,57.82,19.42,95.13,-110.0,22.84,-96.83,-55.08,-65.16,-9.88,103.87,31.93,-39.93,-26.35,87.66,94.23
letters_lower/h_dejavusans-bold,letters_lower,targets/letters_lower/h_dejavusans-bold.png,0.7221,0.6648,0.0357,0.5996,10,8,3,0.2,171.1,letters_lower/h_dejavusans-bold/h_dejavusans-bold_best.png,"[-1.91986, -1.259863, -0.694974, 0.872666, -0.206943, 1.045248, 0.947216, -1.74533, -0.805904, 1.114875, 1.396009, -0.089622, 0.38484, -0.16757, -1.69, -1.417992, -0.538898, 0.733477]",-110.0,-72.18,-39.82,50.0,-11.86,59.89,54.27,-100.0,-46.17,63.88,79.99,-5.13,22.05,-9.6,-96.83,-81.24,-30.88,42.03
figures/children_mpeg7-04,figures,targets/figures/children_mpeg7-04.png,0.722,0.7109,0.0091,0.6921,10,3,3,0.2,177.2,figures/children_mpeg7-04/children_mpeg7-04_best.png,"[-0.812249, -1.054953, -0.284776, -0.373374, -0.888653, 1.17096, -1.250777, -1.558148, -0.802147, 0.3992, 2.819545, 1.564318, 1.91986, 0.492105, -1.53839, -0.620919, -0.876048, 0.186294]",-46.54,-60.44,-16.32,-21.39,-50.92,67.09,-71.66,-89.28,-45.96,22.87,161.55,89.63,110.0,28.2,-88.14,-35.58,-50.19,10.67
digits/0_dejavuserif-bold,digits,targets/digits/0_dejavuserif-bold.png,0.7207,0.6841,0.0234,0.6414,10,6,3,0.2,177.7,digits/0_dejavuserif-bold/0_dejavuserif-bold_best.png,"[0.870849, -1.319551, -1.085997, 1.140894, -1.671321, -0.129623, 0.916926, 0.319055, -1.69, -1.048727, 2.84121, -0.172981, 1.319884, 0.767609, -1.69, -1.198567, 0.694235, -0.048055]",49.9,-75.6,-62.22,65.37,-95.76,-7.43,52.54,18.28,-96.83,-60.09,162.79,-9.91,75.62,43.98,-96.83,-68.67,39.78,-2.75
abstract/device1_mpeg7-03,abstract,targets/abstract/device1_mpeg7-03.png,0.72,0.6891,0.0188,0.6593,10,2,3,0.2,111.7,abstract/device1_mpeg7-03/device1_mpeg7-03_best.png,"[1.339526, -0.977122, -1.25513, -0.458748, 0.981016, -0.107734, -1.91986, 0.574305, -0.951406, -0.709521, 2.84121, 1.469076, 0.824802, 0.204473, -1.682512, -0.785558, -1.370903, 1.445367]",76.75,-55.98,-71.91,-26.28,56.21,-6.17,-110.0,32.91,-54.51,-40.65,162.79,84.17,47.26,11.72,-96.4,-45.01,-78.55,82.81
abstract/misk_mpeg7-01,abstract,targets/abstract/misk_mpeg7-01.png,0.7171,0.6969,0.0165,0.6597,10,3,3,0.2,114.6,abstract/misk_mpeg7-01/misk_mpeg7-01_best.png,"[-1.802921, 0.164898, -0.892517, -1.467289, 1.508814, 1.733431, 0.766332, -1.204609, -1.04599, 0.621702, 2.534222, 1.599267, 0.83908, 0.089412, -1.687881, 0.634936, -1.022813, 1.132278]",-103.3,9.45,-51.14,-84.07,86.45,99.32,43.91,-69.02,-59.93,35.62,145.2,91.63,48.08,5.12,-96.71,36.38,-58.6,64.87
letters_lower/t_dejavusans-bold,letters_lower,targets/letters_lower/t_dejavusans-bold.png,0.7171,0.7007,0.0083,0.6856,10,3,3,0.2,179.6,letters_lower/t_dejavusans-bold/t_dejavusans-bold_best.png,"[-1.824291, 0.192691, -1.519767, -1.339978, -0.412818, 1.431474, -0.246963, -0.959397, -0.270309, -1.583984, -2.097211, -0.133687, -0.236246, -1.46399, 0.602229, -0.318147, -0.977266, 0.491097]",-104.52,11.04,-87.08,-76.78,-23.65,82.02,-14.15,-54.97,-15.49,-90.76,-120.16,-7.66,-13.54,-83.88,34.51,-18.23,-55.99,28.14
digits/7_dejavusansmono-bold,digits,targets/digits/7_dejavusansmono-bold.png,0.717,0.6755,0.0326,0.5997,10,7,3,0.2,177.0,digits/7_dejavusansmono-bold/7_dejavusansmono-bold_best.png,"[0.218231, -0.650575, -1.410748, 0.949156, 2.398235, 1.196206, -0.642402, -0.824026, -1.225941, 0.145962, -1.615232, -0.117234, -0.172126, -0.631721, -1.270825, -0.066877, -1.512336, 1.645789]",12.5,-37.28,-80.83,54.38,137.41,68.54,-36.81,-47.21,-70.24,8.36,-92.55,-6.72,-9.86,-36.19,-72.81,-3.83,-86.65,94.3
hand_shadow/snail_hasper-01,hand_shadow,targets/hand_shadow/snail_hasper-01.png,0.7167,0.6941,0.0173,0.6654,10,9,3,0.2,181.5,hand_shadow/snail_hasper-01/snail_hasper-01_best.png,"[-1.91986, -0.040245, 0.072707, -0.89784, 2.84121, 1.469154, 1.845521, -1.277159, 0.366968, -1.640192, 1.780803, 1.28103, 0.394733, -0.811664, -1.029645, -1.539485, -0.730758, -0.114455]",-110.0,-2.31,4.17,-51.44,162.79,84.18,105.74,-73.18,21.03,-93.98,102.03,73.4,22.62,-46.5,-58.99,-88.21,-41.87,-6.56
letters_lower/c_dejavusansmono-bold,letters_lower,targets/letters_lower/c_dejavusansmono-bold.png,0.7159,0.686,0.0176,0.6464,10,4,3,0.2,178.0,letters_lower/c_dejavusansmono-bold/c_dejavusansmono-bold_best.png,"[0.374568, -0.553762, -0.816167, -1.456561, 2.163605, -0.174533, -1.043501, -1.357558, -1.69, -0.055792, -0.241278, 0.61331, 0.467671, 0.187004, -1.662983, -0.870025, 1.814952, -0.139736]",21.46,-31.73,-46.76,-83.45,123.97,-10.0,-59.79,-77.78,-96.83,-3.2,-13.82,35.14,26.8,10.71,-95.28,-49.85,103.99,-8.01
digits/0_dejavusansmono-bold,digits,targets/digits/0_dejavusansmono-bold.png,0.7148,0.6891,0.017,0.6534,10,7,3,0.2,184.9,digits/0_dejavusansmono-bold/0_dejavusansmono-bold_best.png,"[0.941993, -0.167324, -1.439017, -1.184035, 1.647718, -0.072092, -1.892846, 0.867808, -1.268051, -0.925172, -2.049102, 1.74533, 0.137743, -1.170393, -0.836869, 0.63546, -2.342841, -0.14919]",53.97,-9.59,-82.45,-67.84,94.41,-4.13,-108.45,49.72,-72.65,-53.01,-117.4,100.0,7.89,-67.06,-47.95,36.41,-134.23,-8.55
figures/children_mpeg7-05,figures,targets/figures/children_mpeg7-05.png,0.7132,0.7021,0.0093,0.6827,10,8,3,0.2,183.9,figures/children_mpeg7-05/children_mpeg7-05_best.png,"[-0.678134, -1.104815, -0.209335, -0.385479, -0.458243, 1.202724, -1.093442, -1.555785, -0.398377, 0.822381, -2.695251, -0.065846, 0.176156, -1.002225, -0.076611, -0.877742, -1.444936, 0.983339]",-38.85,-63.3,-11.99,-22.09,-26.26,68.91,-62.65,-89.14,-22.83,47.12,-154.43,-3.77,10.09,-57.42,-4.39,-50.29,-82.79,56.34
letters_lower/h_dejavuserif-bold,letters_lower,targets/letters_lower/h_dejavuserif-bold.png,0.7131,0.6661,0.0292,0.6104,10,5,3,0.2,181.5,letters_lower/h_dejavuserif-bold/h_dejavuserif-bold_best.png,"[1.91986, -0.974946, -0.58943, 0.534754, 1.612977, 1.296781, 0.30144, -0.195883, -1.69, -1.614291, 0.949177, 0.231258, 0.942357, -1.506534, -1.564939, 1.65806, -1.625596, 0.172898]",110.0,-55.86,-33.77,30.64,92.42,74.3,17.27,-11.22,-96.83,-92.49,54.38,13.25,53.99,-86.32,-89.66,95.0,-93.14,9.91
letters_lower/c_dejavusans-bold,letters_lower,targets/letters_lower/c_dejavusans-bold.png,0.7126,0.6796,0.0254,0.6391,10,0,3,0.2,175.2,letters_lower/c_dejavusans-bold/c_dejavusans-bold_best.png,"[-0.695114, -0.306929, -1.37405, -0.996205, 1.192069, 0.79534, 0.598475, 0.190931, -1.569058, -1.219083, 0.453157, -0.153482, -0.944187, -1.356887, -1.66047, -0.696003, -1.753931, -0.164729]",-39.83,-17.59,-78.73,-57.08,68.3,45.57,34.29,10.94,-89.9,-69.85,25.96,-8.79,-54.1,-77.74,-95.14,-39.88,-100.49,-9.44
letters_lower/b_dejavuserif-bold,letters_lower,targets/letters_lower/b_dejavuserif-bold.png,0.7125,0.6783,0.0196,0.6457,10,3,3,0.2,181.0,letters_lower/b_dejavuserif-bold/b_dejavuserif-bold_best.png,"[-1.91986, -0.937244, -0.737722, -0.151576, -1.161778, 0.795664, -1.91986, 0.882172, -1.098965, -0.934112, -2.261894, 0.00914, 0.403999, -0.186065, -1.69, -1.453001, -1.861416, 0.265381]",-110.0,-53.7,-42.27,-8.68,-66.56,45.59,-110.0,50.54,-62.97,-53.52,-129.6,0.52,23.15,-10.66,-96.83,-83.25,-106.65,15.21
letters_lower/i_dejavusans-bold,letters_lower,targets/letters_lower/i_dejavusans-bold.png,0.7104,0.6778,0.0282,0.6103,10,7,3,0.2,168.2,letters_lower/i_dejavusans-bold/i_dejavusans-bold_best.png,"[1.552671, -1.710921, -1.603373, -0.141401, 2.035934, 0.399808, 0.890974, -1.175416, -0.506579, 0.473767, 0.206544, 1.369416, -1.26936, -1.734571, 0.3207, -0.395936, 2.238148, -0.076096]",88.96,-98.03,-91.87,-8.1,116.65,22.91,51.05,-67.35,-29.02,27.14,11.83,78.46,-72.73,-99.38,18.37,-22.69,128.24,-4.36
animals/chicken_mpeg7-04,animals,targets/animals/chicken_mpeg7-04.png,0.7097,0.6502,0.0293,0.6106,10,5,3,0.2,170.5,animals/chicken_mpeg7-04/chicken_mpeg7-04_best.png,"[-1.891037, -0.482877, 0.114352, -0.331606, -1.548076, -0.174533, 1.746515, -1.191417, -0.837009, -0.480494, 2.701361, 1.323296, -0.953596, -0.000452, -0.656999, -1.006409, -2.601304, 0.018493]",-108.35,-27.67,6.55,-19.0,-88.7,-10.0,100.07,-68.26,-47.96,-27.53,154.78,75.82,-54.64,-0.03,-37.64,-57.66,-149.04,1.06
animals/camel_mpeg7-05,animals,targets/animals/camel_mpeg7-05.png,0.7076,0.6746,0.0211,0.6524,10,1,3,0.2,180.5,animals/camel_mpeg7-05/camel_mpeg7-05_best.png,"[1.445227, -1.74533, 0.860583, -1.48089, 1.039341, 0.243732, 0.811598, -0.85176, -1.363129, 0.319717, -1.506003, 1.74533, 1.91986, -1.595925, -0.465871, 1.362104, 1.721376, 0.388309]",82.81,-100.0,49.31,-84.85,59.55,13.96,46.5,-48.8,-78.1,18.32,-86.29,100.0,110.0,-91.44,-26.69,78.04,98.63,22.25
animals/bird_mpeg7-02,animals,targets/animals/bird_mpeg7-02.png,0.7071,0.6636,0.0231,0.6193,10,1,3,0.2,177.8,animals/bird_mpeg7-02/bird_mpeg7-02_best.png,"[1.078088, -0.541322, -1.69, -1.65806, -1.622983, 0.521164, -0.978058, -0.217634, -1.498286, 1.52352, 2.813801, 1.54767, 0.778364, -0.053613, -0.646457, -0.907192, -1.397569, -0.123256]",61.77,-31.02,-96.83,-95.0,-92.99,29.86,-56.04,-12.47,-85.85,87.29,161.22,88.67,44.6,-3.07,-37.04,-51.98,-80.07,-7.06
digits/6_dejavusansmono-bold,digits,targets/digits/6_dejavusansmono-bold.png,0.706,0.6577,0.0294,0.6242,10,0,3,0.2,170.2,digits/6_dejavusansmono-bold/6_dejavusansmono-bold_best.png,"[0.858136, -0.374594, -1.036886, -1.354875, -1.691174, 1.26879, 0.695238, -0.3629, -1.69, -1.65806, -0.664229, 0.877488, -1.022256, -1.593809, -1.507833, 0.89029, -2.462466, 0.292759]",49.17,-21.46,-59.41,-77.63,-96.9,72.7,39.83,-20.79,-96.83,-95.0,-38.06,50.28,-58.57,-91.32,-86.39,51.01,-141.09,16.77
abstract/device9_mpeg7-03,abstract,targets/abstract/device9_mpeg7-03.png,0.7039,0.6751,0.0145,0.6546,10,1,3,0.2,113.2,abstract/device9_mpeg7-03/device9_mpeg7-03_best.png,"[1.105274, -1.309603, -1.32931, 0.868284, -1.765935, -0.174533, -1.714917, 0.40958, -1.090278, -1.374822, 1.234187, -0.136538, -1.345932, 0.769684, -1.69, 0.060377, 0.491456, 1.092804]",63.33,-75.03,-76.16,49.75,-101.18,-10.0,-98.26,23.47,-62.47,-78.77,70.71,-7.82,-77.12,44.1,-96.83,3.46,28.16,62.61
letters_lower/h_dejavusansmono-bold,letters_lower,targets/letters_lower/h_dejavusansmono-bold.png,0.7038,0.6683,0.0197,0.6374,10,5,3,0.2,172.2,letters_lower/h_dejavusansmono-bold/h_dejavusansmono-bold_best.png,"[1.663135, -0.842181, -1.006, 1.336113, 0.397444, 1.742233, 0.657586, -0.244026, -1.596248, -1.602693, 2.530931, -0.151376, 1.047931, -1.441459, -1.69, 1.556877, -0.178891, -0.15901]",95.29,-48.25,-57.64,76.55,22.77,99.82,37.68,-13.98,-91.46,-91.83,145.01,-8.67,60.04,-82.59,-96.83,89.2,-10.25,-9.11
abstract/device1_mpeg7-04,abstract,targets/abstract/device1_mpeg7-04.png,0.7033,0.6776,0.0219,0.6304,10,9,3,0.2,114.1,abstract/device1_mpeg7-04/device1_mpeg7-04_best.png,"[0.82615, -0.405282, -1.69, -1.597501, 0.123443, 1.018842, -1.02114, -0.531819, -0.11237, -1.648862, 1.522032, 1.359081, -0.359906, -1.102303, -0.462687, -0.598606, -0.514778, -0.15173]",47.33,-23.22,-96.83,-91.53,7.07,58.38,-58.51,-30.47,-6.44,-94.47,87.21,77.87,-20.62,-63.16,-26.51,-34.3,-29.49,-8.69
letters_lower/k_dejavusans-bold,letters_lower,targets/letters_lower/k_dejavusans-bold.png,0.7032,0.6548,0.0319,0.5946,10,6,3,0.2,178.0,letters_lower/k_dejavusans-bold/k_dejavusans-bold_best.png,"[1.699331, -1.708064, 0.067219, 0.044506, 2.531408, 0.417703, -1.917639, -0.341033, 0.301642, 0.490493, 2.155129, 1.744164, -0.874329, -0.664392, -1.689904, -0.175277, 1.682959, 1.166408]",97.36,-97.86,3.85,2.55,145.04,23.93,-109.87,-19.54,17.28,28.1,123.48,99.93,-50.1,-38.07,-96.82,-10.04,96.43,66.83
animals/bird_mpeg7-05,animals,targets/animals/bird_mpeg7-05.png,0.7024,0.6756,0.0198,0.6308,10,8,3,0.2,175.8,animals/bird_mpeg7-05/bird_mpeg7-05_best.png,"[0.715737, -0.622358, -1.073814, -1.230177, 0.75291, -0.137714, -1.205419, -0.315477, -0.696081, 1.65806, -1.83381, 0.035173, 1.005663, -0.798106, -1.654311, -0.069351, 1.737516, 1.725535]",41.01,-35.66,-61.53,-70.48,43.14,-7.89,-69.07,-18.08,-39.88,95.0,-105.07,2.02,57.62,-45.73,-94.79,-3.97,99.55,98.87
letters_lower/p_dejavusansmono-bold,letters_lower,targets/letters_lower/p_dejavusansmono-bold.png,0.7024,0.6731,0.017,0.6393,10,9,3,0.2,173.6,letters_lower/p_dejavusansmono-bold/p_dejavusansmono-bold_best.png,"[1.707815, -0.959452, -0.691825, 0.802365, -1.471988, 1.446995, 0.630854, -0.804052, -1.69, 1.034344, 1.440356, 0.810318, 1.918381, -1.530639, 0.464603, 1.351465, -1.804334, 1.685812]",97.85,-54.97,-39.64,45.97,-84.34,82.91,36.15,-46.07,-96.83,59.26,82.53,46.43,109.92,-87.7,26.62,77.43,-103.38,96.59
digits/7_dejavusans-bold,digits,targets/digits/7_dejavusans-bold.png,0.7006,0.6815,0.021,0.6258,10,4,3,0.2,180.1,digits/7_dejavusans-bold/7_dejavusans-bold_best.png,"[0.930499, -0.746517, -1.530505, 0.337692, 2.297042, 1.74533, 0.416606, -0.631747, -1.386642, 1.06251, 1.886904, 0.968694, -1.707016, -1.548869, -1.625413, -0.707816, -2.539528, 0.911213]",53.31,-42.77,-87.69,19.35,131.61,100.0,23.87,-36.2,-79.45,60.88,108.11,55.5,-97.8,-88.74,-93.13,-40.55,-145.5,52.21
letters_lower/l_dejavusansmono-bold,letters_lower,targets/letters_lower/l_dejavusansmono-bold.png,0.7006,0.6632,0.0264,0.6265,10,3,3,0.2,178.5,letters_lower/l_dejavusansmono-bold/l_dejavusansmono-bold_best.png,"[-0.665311, -0.929698, -0.501308, 0.091088, -1.729904, 1.466056, -1.155775, -1.539181, -1.628247, -0.045843, -1.890193, 0.759947, 1.303438, -0.856266, -0.874348, 0.150341, 1.874957, 1.432181]",-38.12,-53.27,-28.72,5.22,-99.12,84.0,-66.22,-88.19,-93.29,-2.63,-108.3,43.54,74.68,-49.06,-50.1,8.61,107.43,82.06
digits/1_dejavusansmono-bold,digits,targets/digits/1_dejavusansmono-bold.png,0.7004,0.6729,0.0196,0.6452,10,4,3,0.2,163.0,digits/1_dejavusansmono-bold/1_dejavusansmono-bold_best.png,"[0.662405, -1.074997, -0.513642, 0.240725, 2.57185, 1.74533, -1.326954, -1.181411, 1.223873, 1.222455, 2.295991, 1.141261, -1.025177, -1.74533, -1.34636, -0.113613, 0.151933, 0.274577]",37.95,-61.59,-29.43,13.79,147.36,100.0,-76.03,-67.69,70.12,70.04,131.55,65.39,-58.74,-100.0,-77.14,-6.51,8.71,15.73
animals/butterfly_mpeg7-03,animals,targets/animals/butterfly_mpeg7-03.png,0.6994,0.6673,0.0204,0.6274,10,3,3,0.2,173.5,animals/butterfly_mpeg7-03/butterfly_mpeg7-03_best.png,"[-1.91986, -0.177659, -0.090035, -0.719728, 0.345404, 1.421796, 0.501457, -1.027542, -1.592565, 1.591842, 2.633389, 0.187082, 1.022498, -0.34519, 0.139145, 1.003148, -2.174995, 1.74533]",-110.0,-10.18,-5.16,-41.24,19.79,81.46,28.73,-58.87,-91.25,91.21,150.88,10.72,58.58,-19.78,7.97,57.48,-124.62,100.0
abstract/misk_mpeg7-05,abstract,targets/abstract/misk_mpeg7-05.png,0.6992,0.6663,0.0219,0.6311,10,7,3,0.2,115.1,abstract/misk_mpeg7-05/misk_mpeg7-05_best.png,"[0.899694, -0.914919, -1.39675, 1.359678, 1.79081, 0.929333, 1.91986, -0.622749, -0.260225, -1.403277, 1.016168, 1.072363, -0.031179, -1.450603, -0.665373, 0.614478, 1.050252, 0.004343]",51.55,-52.42,-80.03,77.9,102.61,53.25,110.0,-35.68,-14.91,-80.4,58.22,61.44,-1.79,-83.11,-38.12,35.21,60.18,0.25
letters_lower/f_dejavuserif-bold,letters_lower,targets/letters_lower/f_dejavuserif-bold.png,0.6976,0.6752,0.0121,0.656,10,9,3,0.2,178.2,letters_lower/f_dejavuserif-bold/f_dejavuserif-bold_best.png,"[1.854634, 0.168883, -1.636338, -1.65494, -2.276722, 1.710356, 1.164175, -1.179213, -0.02369, -0.856129, -2.115682, 0.118563, 1.792221, -0.421818, 0.006228, -0.661346, -1.576225, 1.730126]",106.26,9.68,-93.76,-94.82,-130.45,98.0,66.7,-67.56,-1.36,-49.05,-121.22,6.79,102.69,-24.17,0.36,-37.89,-90.31,99.13
digits/1_dejavusans-bold,digits,targets/digits/1_dejavusans-bold.png,0.6975,0.6598,0.0187,0.6304,10,1,3,0.2,175.9,digits/1_dejavusans-bold/1_dejavusans-bold_best.png,"[-0.688883, -0.987627, -0.784186, 0.495205, -2.16251, 1.306714, -1.039448, -1.348221, -1.69, -0.586361, -1.236709, 1.47485, -0.518552, -0.626324, -1.172196, 0.826009, -2.103831, 0.690098]",-39.47,-56.59,-44.93,28.37,-123.9,74.87,-59.56,-77.25,-96.83,-33.6,-70.86,84.5,-29.71,-35.89,-67.16,47.33,-120.54,39.54
animals/chicken_mpeg7-02,animals,targets/animals/chicken_mpeg7-02.png,0.6971,0.6564,0.0198,0.6262,10,3,3,0.2,167.9,animals/chicken_mpeg7-02/chicken_mpeg7-02_best.png,"[-1.91986, -0.281521, -0.081138, -0.184463, 1.725145, 0.163791, 1.823828, -0.824891, -1.69, 0.304206, -1.132211, -0.159514, 0.641906, -0.260269, -1.69, -0.663465, -1.193327, 0.669602]",-110.0,-16.13,-4.65,-10.57,98.84,9.38,104.5,-47.26,-96.83,17.43,-64.87,-9.14,36.78,-14.91,-96.83,-38.01,-68.37,38.37
digits/6_dejavusans-bold,digits,targets/digits/6_dejavusans-bold.png,0.697,0.6695,0.02,0.6332,10,7,3,0.2,179.4,digits/6_dejavusans-bold/6_dejavusans-bold_best.png,"[0.442201, -0.21258, -1.268193, -1.335891, 1.992941, -0.115991, 0.815014, -1.409698, -1.12602, 1.653755, 0.175286, -0.174533, 1.688905, -1.439968, -0.809563, 1.54968, -1.374436, 1.524954]",25.34,-12.18,-72.66,-76.54,114.19,-6.65,46.7,-80.77,-64.52,94.75,10.04,-10.0,96.77,-82.5,-46.38,88.79,-78.75,87.37
animals/elephant_mpeg7-02,animals,targets/animals/elephant_mpeg7-02.png,0.6962,0.6358,0.033,0.58,10,9,3,0.2,177.4,animals/elephant_mpeg7-02/elephant_mpeg7-02_best.png,"[-0.483908, -0.309651, -1.231561, -1.532925, 0.84382, -0.02518, 0.74869, -0.360276, -1.637802, -1.549173, 0.844866, 1.74533, 0.756148, 0.602612, -1.680567, -1.396249, -1.362989, 1.136988]",-27.73,-17.74,-70.56,-87.83,48.35,-1.44,42.9,-20.64,-93.84,-88.76,48.41,100.0,43.32,34.53,-96.29,-80.0,-78.09,65.14
animals/ray_mpeg7-04,animals,targets/animals/ray_mpeg7-04.png,0.696,0.6777,0.0133,0.6589,10,8,3,0.2,174.9,animals/ray_mpeg7-04/ray_mpeg7-04_best.png,"[1.006418, -0.638922, -1.151669, -1.65806, 0.507295, 1.721639, 0.328433, -0.599097, -0.404149, -1.65806, -2.269132, 0.708863, 1.097498, -0.890396, -1.69, -0.255167, 1.311066, 0.868171]",57.66,-36.61,-65.99,-95.0,29.07,98.64,18.82,-34.33,-23.16,-95.0,-130.01,40.61,62.88,-51.02,-96.83,-14.62,75.12,49.74
letters_lower/r_dejavuserif-bold,letters_lower,targets/letters_lower/r_dejavuserif-bold.png,0.6949,0.66,0.0225,0.6152,10,9,3,0.2,180.8,letters_lower/r_dejavuserif-bold/r_dejavuserif-bold_best.png,"[1.426128, -1.345148, -0.46476, -0.550089, -1.932581, 1.287213, 1.119251, 0.052186, -1.449429, -0.808337, 1.717706, 1.584606, -0.65218, -1.529149, 1.16569, 1.072522, 1.143621, 0.489963]",81.71,-77.07,-26.63,-31.52,-110.73,73.75,64.13,2.99,-83.05,-46.31,98.42,90.79,-37.37,-87.61,66.79,61.45,65.52,28.07
abstract/device8_mpeg7-04,abstract,targets/abstract/device8_mpeg7-04.png,0.693,0.6396,0.026,0.6009,10,4,3,0.2,113.6,abstract/device8_mpeg7-04/device8_mpeg7-04_best.png,"[-0.03488, -0.584279, -1.368899, 1.582801, -0.752003, -0.119796, 0.072411, -0.494057, -1.69, -0.313808, -0.85089, -0.141911, -0.709767, -0.555286, -1.331467, -0.510723, -2.141191, 1.74533]",-2.0,-33.48,-78.43,90.69,-43.09,-6.86,4.15,-28.31,-96.83,-17.98,-48.75,-8.13,-40.67,-31.82,-76.29,-29.26,-122.68,100.0
letters_lower/f_dejavusansmono-bold,letters_lower,targets/letters_lower/f_dejavusansmono-bold.png,0.6929,0.6687,0.0136,0.6426,10,9,3,0.2,181.7,letters_lower/f_dejavusansmono-bold/f_dejavusansmono-bold_best.png,"[1.899314, 0.3299, -1.69, 0.310828, -1.17776, 1.589756, -1.059617, -1.125034, -0.591904, 1.505427, -1.153784, 0.238775, -0.038754, -0.635046, -0.92307, -1.639905, 1.778953, 0.770681]",108.82,18.9,-96.83,17.81,-67.48,91.09,-60.71,-64.46,-33.91,86.25,-66.11,13.68,-2.22,-36.39,-52.89,-93.96,101.93,44.16
abstract/device9_mpeg7-04,abstract,targets/abstract/device9_mpeg7-04.png,0.691,0.6662,0.0187,0.6397,10,5,3,0.2,113.8,abstract/device9_mpeg7-04/device9_mpeg7-04_best.png,"[-1.735422, 0.754918, -1.448015, -0.188146, -1.990681, 1.74533, 0.831614, -1.368544, -1.227944, 0.976068, -1.485581, -0.125656, -0.926503, 0.518078, -1.649449, -1.089846, 1.604557, 0.878928]",-99.43,43.25,-82.97,-10.78,-114.06,100.0,47.65,-78.41,-70.36,55.92,-85.12,-7.2,-53.08,29.68,-94.51,-62.44,91.93,50.36
abstract/heart_mpeg7-01,abstract,targets/abstract/heart_mpeg7-01.png,0.6901,0.6501,0.0255,0.6199,10,1,3,0.2,116.6,abstract/heart_mpeg7-01/heart_mpeg7-01_best.png,"[1.020304, -0.617135, -1.453342, -0.990019, 0.474388, 1.734844, -1.182038, -0.21, -0.376219, -1.505586, 1.196529, 1.707593, 0.753457, -1.138789, -1.516378, 0.608037, -1.16418, -0.153407]",58.46,-35.36,-83.27,-56.72,27.18,99.4,-67.73,-12.03,-21.56,-86.26,68.56,97.84,43.17,-65.25,-86.88,34.84,-66.7,-8.79
letters_lower/i_dejavuserif-bold,letters_lower,targets/letters_lower/i_dejavuserif-bold.png,0.6899,0.6695,0.0225,0.6109,10,7,3,0.2,179.2,letters_lower/i_dejavuserif-bold/i_dejavuserif-bold_best.png,"[1.908473, 0.517692, -1.674699, -1.396614, 2.839355, 0.045001, -0.625531, -1.276325, 0.014247, -0.349735, -0.563528, 0.645427, 1.910065, 0.355506, -1.57488, -0.282711, -2.139754, 0.046118]",109.35,29.66,-95.95,-80.02,162.68,2.58,-35.84,-73.13,0.82,-20.04,-32.29,36.98,109.44,20.37,-90.23,-16.2,-122.6,2.64
abstract/device2_mpeg7-02,abstract,targets/abstract/device2_mpeg7-02.png,0.6886,0.674,0.0106,0.6533,10,5,3,0.2,112.6,abstract/device2_mpeg7-02/device2_mpeg7-02_best.png,"[1.269772, -1.472547, -0.510653, -0.531203, 2.754869, 0.881475, 1.845008, -1.36273, -0.283289, 0.784235, 1.294928, 0.973339, 0.98116, -1.197923, -1.686547, 1.039487, -1.703985, -0.14961]",72.75,-84.37,-29.26,-30.44,157.84,50.5,105.71,-78.08,-16.23,44.93,74.19,55.77,56.22,-68.64,-96.63,59.56,-97.63,-8.57
abstract/device9_mpeg7-05,abstract,targets/abstract/device9_mpeg7-05.png,0.6883,0.6458,0.0258,0.6034,10,3,3,0.2,114.3,abstract/device9_mpeg7-05/device9_mpeg7-05_best.png,"[-1.91986, 0.628789, -1.008929, -1.363707, 1.392286, -0.174533, 1.91986, -1.008294, -1.656395, 1.349019, -1.156686, 0.126853, 1.487988, -0.765445, -0.358662, -1.016868, 2.61343, -0.001427]",-110.0,36.03,-57.81,-78.13,79.77,-10.0,110.0,-57.77,-94.9,77.29,-66.27,7.27,85.26,-43.86,-20.55,-58.26,149.74,-0.08
letters_lower/j_dejavusans-bold,letters_lower,targets/letters_lower/j_dejavusans-bold.png,0.6881,0.6504,0.0403,0.5708,10,6,3,0.2,178.3,letters_lower/j_dejavusans-bold/j_dejavusans-bold_best.png,"[1.831322, 0.691637, -1.69, -0.97654, -2.74385, -0.106048, 1.897499, 0.519285, -1.69, -0.164351, 2.490398, 0.173211, -1.622058, -1.74533, -1.565867, 0.364743, 1.811174, 0.598759]",104.93,39.63,-96.83,-55.95,-157.21,-6.08,108.72,29.75,-96.83,-9.42,142.69,9.92,-92.94,-100.0,-89.72,20.9,103.77,34.31
abstract/device9_mpeg7-01,abstract,targets/abstract/device9_mpeg7-01.png,0.6879,0.655,0.0193,0.6157,10,1,3,0.2,113.9,abstract/device9_mpeg7-01/device9_mpeg7-01_best.png,"[-1.894445, 0.501845, -0.653696, -1.011111, -1.593839, 1.606775, -1.232047, 0.481271, -1.478526, -1.332707, 1.788674, 0.616912, 0.995087, -1.169174, -0.416654, -0.538048, -1.499141, 0.367274]",-108.54,28.75,-37.45,-57.93,-91.32,92.06,-70.59,27.57,-84.71,-76.36,102.48,35.35,57.01,-66.99,-23.87,-30.83,-85.89,21.04
abstract/device6_mpeg7-01,abstract,targets/abstract/device6_mpeg7-01.png,0.6871,0.6477,0.0218,0.6113,10,2,3,0.2,113.0,abstract/device6_mpeg7-01/device6_mpeg7-01_best.png,"[1.306031, -1.30433, -0.70164, -0.230492, -1.017842, 1.646629, -1.91986, 0.862569, -1.160469, -0.747737, -0.302968, 0.672172, 0.567877, 0.382302, -1.69, -1.348265, -0.907323, 1.667607]",74.83,-74.73,-40.2,-13.21,-58.32,94.34,-110.0,49.42,-66.49,-42.84,-17.36,38.51,32.54,21.9,-96.83,-77.25,-51.99,95.55
abstract/misk_mpeg7-04,abstract,targets/abstract/misk_mpeg7-04.png,0.6867,0.6608,0.016,0.6318,10,1,3,0.2,115.1,abstract/misk_mpeg7-04/misk_mpeg7-04_best.png,"[1.061581, -0.974526, -1.246494, -0.374794, 0.111033, 1.741192, -1.376348, 0.32565, -1.348427, -1.057343, 1.634495, 1.242559, 0.805418, -0.485478, -1.291012, -0.667456, 0.428558, 0.035825]",60.82,-55.84,-71.42,-21.47,6.36,99.76,-78.86,18.66,-77.26,-60.58,93.65,71.19,46.15,-27.82,-73.97,-38.24,24.55,2.05
letters_lower/o_dejavuserif-bold,letters_lower,targets/letters_lower/o_dejavuserif-bold.png,0.6863,0.6503,0.0213,0.6253,10,2,3,0.2,180.3,letters_lower/o_dejavuserif-bold/o_dejavuserif-bold_best.png,"[-0.478703, -0.345019, -1.166866, -1.470869, 0.974126, 0.567759, -1.91986, 0.718347, -1.018446, -0.479279, -0.197713, 0.635813, 0.431228, 0.347519, -1.69, -1.112006, 1.792916, -0.013079]",-27.43,-19.77,-66.86,-84.27,55.81,32.53,-110.0,41.16,-58.35,-27.46,-11.33,36.43,24.71,19.91,-96.83,-63.71,102.73,-0.75
abstract/device6_mpeg7-04,abstract,targets/abstract/device6_mpeg7-04.png,0.6853,0.6535,0.0141,0.639,10,3,3,0.2,114.6,abstract/device6_mpeg7-04/device6_mpeg7-04_best.png,"[-1.877617, 0.483645, -0.57879, -1.216511, 1.272176, 1.293895, 1.918281, -1.062838, -1.462201, 1.493345, -1.405851, 0.351672, 1.20747, -0.612139, -1.577474, 0.711123, 1.820962, 1.737104]",-107.58,27.71,-33.16,-69.7,72.89,74.13,109.91,-60.9,-83.78,85.56,-80.55,20.15,69.18,-35.07,-90.38,40.74,104.33,99.53
animals/flatfish_mpeg7-01,animals,targets/animals/flatfish_mpeg7-01.png,0.685,0.6585,0.0228,0.6141,10,9,3,0.2,177.3,animals/flatfish_mpeg7-01/flatfish_mpeg7-01_best.png,"[1.078588, -0.471512, -1.476578, -1.65806, -1.887207, 1.432855, -1.178921, -0.556851, -0.29604, 1.590992, 1.240116, 0.080045, -0.673982, -0.823544, -1.69, -0.011264, 0.77027, 0.877337]",61.8,-27.02,-84.6,-95.0,-108.13,82.1,-67.55,-31.91,-16.96,91.16,71.05,4.59,-38.62,-47.19,-96.83,-0.65,44.13,50.27
animals/frog_mpeg7-02,animals,targets/animals/frog_mpeg7-02.png,0.6835,0.6638,0.0145,0.6398,10,8,3,0.2,184.8,animals/frog_mpeg7-02/frog_mpeg7-02_best.png,"[1.236862, -1.311335, -1.041305, 1.500231, -0.216686, -0.110192, 0.74621, -1.229294, -1.558699, 1.65806, 1.608065, 0.107983, -1.240567, -0.362106, -0.041717, -1.487069, -1.07561, 0.124871]",70.87,-75.13,-59.66,85.96,-12.42,-6.31,42.75,-70.43,-89.31,95.0,92.14,6.19,-71.08,-20.75,-2.39,-85.2,-61.63,7.15
letters_lower/n_dejavusansmono-bold,letters_lower,targets/letters_lower/n_dejavusansmono-bold.png,0.6833,0.6561,0.0264,0.6033,10,2,3,0.2,177.7,letters_lower/n_dejavusansmono-bold/n_dejavusansmono-bold_best.png,"[-1.462605, 0.539166, -1.671744, -1.276549, 1.658263, 1.421979, -1.91986, 0.773417, -0.944808, -0.978915, -0.128619, 0.882302, 0.217882, -1.212887, -0.943109, 0.695175, -2.325195, 0.582253]",-83.8,30.89,-95.78,-73.14,95.01,81.47,-110.0,44.31,-54.13,-56.09,-7.37,50.55,12.48,-69.49,-54.04,39.83,-133.22,33.36
letters_lower/t_dejavusansmono-bold,letters_lower,targets/letters_lower/t_dejavusansmono-bold.png,0.6832,0.6531,0.0179,0.6233,10,6,3,0.2,175.9,letters_lower/t_dejavusansmono-bold/t_dejavusansmono-bold_best.png,"[-1.195588, -1.226426, -0.391054, 0.761148, -2.673447, 1.453089, -0.367867, -0.75822, -0.557796, -1.65806, -1.048913, 0.269932, -1.098464, -1.734106, -1.530381, 0.321781, -1.683239, 0.038014]",-68.5,-70.27,-22.41,43.61,-153.18,83.26,-21.08,-43.44,-31.96,-95.0,-60.1,15.47,-62.94,-99.36,-87.68,18.44,-96.44,2.18
letters_lower/d_dejavuserif-bold,letters_lower,targets/letters_lower/d_dejavuserif-bold.png,0.6829,0.6352,0.0287,0.5939,10,1,3,0.2,178.0,letters_lower/d_dejavuserif-bold/d_dejavuserif-bold_best.png,"[0.724934, -1.369348, -0.628468, 0.540117, -2.541808, 0.688956, -1.402663, 0.798485, -1.69, -1.65806, 1.610116, 0.761385, -1.91986, 1.182556, -1.419071, -0.024148, -0.56516, 1.266164]",41.54,-78.46,-36.01,30.95,-145.63,39.47,-80.37,45.75,-96.83,-95.0,92.25,43.62,-110.0,67.76,-81.31,-1.38,-32.38,72.55
animals/bird_mpeg7-03,animals,targets/animals/bird_mpeg7-03.png,0.6828,0.6512,0.0201,0.6208,10,8,3,0.2,174.0,animals/bird_mpeg7-03/bird_mpeg7-03_best.png,"[1.158429, -0.68365, -1.214076, -1.492919, -2.529028, 1.74533, -0.784977, -0.758808, -1.69, 0.685851, -2.73381, -0.127598, 1.686464, -0.945881, -1.298802, -1.470941, 0.708856, 1.436906]",66.37,-39.17,-69.56,-85.54,-144.9,100.0,-44.98,-43.48,-96.83,39.3,-156.64,-7.31,96.63,-54.19,-74.42,-84.28,40.61,82.33
letters_lower/p_dejavusans-bold,letters_lower,targets/letters_lower/p_dejavusans-bold.png,0.6824,0.6477,0.027,0.5865,10,4,3,0.2,178.8,letters_lower/p_dejavusans-bold/p_dejavusans-bold_best.png,"[1.91986, -0.863333, -0.990219, 1.048775, -1.678543, 1.064335, -0.223681, -0.85118, -1.69, 1.135358, 2.750879, 0.737028, 0.303965, -0.762305, -1.614491, 0.818452, 1.865961, 0.250813]",110.0,-49.47,-56.74,60.09,-96.17,60.98,-12.82,-48.77,-96.83,65.05,157.61,42.23,17.42,-43.68,-92.5,46.89,106.91,14.37
animals/ray_mpeg7-01,animals,targets/animals/ray_mpeg7-01.png,0.6811,0.6587,0.0155,0.6284,10,2,3,0.2,184.6,animals/ray_mpeg7-01/ray_mpeg7-01_best.png,"[1.29141, -1.120861, -1.010038, -0.061573, -0.735719, 1.74533, -1.206185, -0.472581, -0.269318, -1.530011, -1.076543, 1.74533, 0.984886, -1.141482, -1.27591, 0.159201, 2.84121, 1.575641]",73.99,-64.22,-57.87,-3.53,-42.15,100.0,-69.11,-27.08,-15.43,-87.66,-61.68,100.0,56.43,-65.4,-73.1,9.12,162.79,90.28
animals/turtle_mpeg7-03,animals,targets/animals/turtle_mpeg7-03.png,0.6807,0.6652,0.0102,0.6516,10,4,3,0.2,175.2,animals/turtle_mpeg7-03/turtle_mpeg7-03_best.png,"[-0.774269, -0.832711, -1.292409, 1.585237, -0.206877, -0.171914, -0.41179, -1.157224, -0.798501, 1.140356, -2.250836, 1.74533, -1.440228, -1.732801, -0.191443, -0.314254, -2.685335, 1.74533]",-44.36,-47.71,-74.05,90.83,-11.85,-9.85,-23.59,-66.3,-45.75,65.34,-128.96,100.0,-82.52,-99.28,-10.97,-18.01,-153.86,100.0
letters_lower/p_dejavuserif-bold,letters_lower,targets/letters_lower/p_dejavuserif-bold.png,0.6797,0.655,0.0213,0.6081,10,2,3,0.2,175.5,letters_lower/p_dejavuserif-bold/p_dejavuserif-bold_best.png,"[-1.49826, 0.548794, -1.69, -1.11382, 1.572444, 1.183592, -0.423209, -1.234141, -0.704361, 0.295175, -1.702534, 0.064328, -0.211634, -1.260899, -1.067428, 0.743816, -1.932245, 0.529046]",-85.84,31.44,-96.83,-63.82,90.09,67.81,-24.25,-70.71,-40.36,16.91,-97.55,3.69,-12.13,-72.24,-61.16,42.62,-110.71,30.31
letters_lower/g_dejavusans-bold,letters_lower,targets/letters_lower/g_dejavusans-bold.png,0.6788,0.6444,0.0214,0.6044,10,3,3,0.2,177.9,letters_lower/g_dejavusans-bold/g_dejavusans-bold_best.png,"[-1.91986, 0.7611, -1.348856, -0.817918, 0.149263, 0.822891, 1.91986, -1.005018, -1.094597, 0.914944, -1.271663, 1.239566, -1.91986, -0.623596, 0.317154, 0.43211, -2.212083, -0.072486]",-110.0,43.61,-77.28,-46.86,8.55,47.15,110.0,-57.58,-62.72,52.42,-72.86,71.02,-110.0,-35.73,18.17,24.76,-126.74,-4.15
letters_lower/g_dejavusansmono-bold,letters_lower,targets/letters_lower/g_dejavusansmono-bold.png,0.6782,0.6544,0.013,0.6352,10,3,3,0.2,178.6,letters_lower/g_dejavusansmono-bold/g_dejavusansmono-bold_best.png,"[0.757436, -1.312993, -0.779947, 0.858536, 1.622601, 0.849527, 1.91986, -0.706512, -1.422296, 1.239094, 0.250189, -0.174533, -1.91986, -0.516566, 0.27783, 0.239598, -2.719395, 0.618745]",43.4,-75.23,-44.69,49.19,92.97,48.67,110.0,-40.48,-81.49,70.99,14.33,-10.0,-110.0,-29.6,15.92,13.73,-155.81,35.45
animals/octopus_mpeg7-01,animals,targets/animals/octopus_mpeg7-01.png,0.6781,0.6484,0.0209,0.6162,10,2,3,0.2,183.9,animals/octopus_mpeg7-01/octopus_mpeg7-01_best.png,"[-1.780376, 0.234065, -1.184484, -1.473703, 1.735075, 1.39472, -1.919835, 0.870247, -1.501851, -0.559772, 1.279269, -0.147634, -1.267491, 0.542802, -1.396583, -1.268371, 1.355987, 0.9438]",-102.01,13.41,-67.87,-84.44,99.41,79.91,-110.0,49.86,-86.05,-32.07,73.3,-8.46,-72.62,31.1,-80.02,-72.67,77.69,54.08
hand_shadow/moose_hasper-01,hand_shadow,targets/hand_shadow/moose_hasper-01.png,0.6775,0.6393,0.0261,0.5827,10,8,3,0.2,181.6,hand_shadow/moose_hasper-01/moose_hasper-01_best.png,"[0.903622, -0.47967, -1.635545, -1.644106, -1.423473, 1.631599, -1.314801, 0.658226, -1.59497, 1.654911, 0.321654, 0.470272, -0.769235, -0.681831, -1.593754, 1.102688, -1.409126, 0.837674]",51.77,-27.48,-93.71,-94.2,-81.56,93.48,-75.33,37.71,-91.39,94.82,18.43,26.94,-44.07,-39.07,-91.32,63.18,-80.74,48.0
animals/ray_mpeg7-03,animals,targets/animals/ray_mpeg7-03.png,0.6768,0.6463,0.0172,0.6183,10,9,3,0.2,182.4,animals/ray_mpeg7-03/ray_mpeg7-03_best.png,"[1.064921, -0.935154, -0.380654, -1.406791, -0.725852, 1.165154, 1.012178, -0.730128, -1.390982, -1.21963, 0.670511, 1.636321, 1.014852, -0.810007, 0.264929, -0.074004, -0.341599, 1.530242]",61.02,-53.58,-21.81,-80.6,-41.59,66.76,57.99,-41.83,-79.7,-69.88,38.42,93.75,58.15,-46.41,15.18,-4.24,-19.57,87.68
animals/rat_mpeg7-04,animals,targets/animals/rat_mpeg7-04.png,0.6762,0.6662,0.0071,0.655,10,9,3,0.2,183.1,animals/rat_mpeg7-04/rat_mpeg7-04_best.png,"[-0.81904, -0.714789, -0.811938, -1.240079, 0.56031, -0.174533, -1.445278, 0.044513, -1.135727, -1.292178, -1.249993, 0.038341, -0.12889, -0.965962, -0.347674, -1.127697, -0.475517, 0.00308]",-46.93,-40.95,-46.52,-71.05,32.1,-10.0,-82.81,2.55,-65.07,-74.04,-71.62,2.2,-7.38,-55.35,-19.92,-64.61,-27.25,0.18
abstract/heart_mpeg7-04,abstract,targets/abstract/heart_mpeg7-04.png,0.6756,0.6423,0.0232,0.5838,10,5,3,0.2,115.3,abstract/heart_mpeg7-04/heart_mpeg7-04_best.png,"[-1.903761, -0.251063, -0.10253, -0.433679, -1.312008, 1.342271, -1.07292, -0.381747, -0.977081, 1.349062, -2.74385, 0.92423, 0.799271, -1.075581, -1.683401, 0.71321, -1.458204, -0.044193]",-109.08,-14.38,-5.87,-24.85,-75.17,76.91,-61.47,-21.87,-55.98,77.3,-157.21,52.95,45.79,-61.63,-96.45,40.86,-83.55,-2.53
animals/rat_mpeg7-05,animals,targets/animals/rat_mpeg7-05.png,0.674,0.6584,0.0082,0.6432,10,2,3,0.2,182.2,animals/rat_mpeg7-05/rat_mpeg7-05_best.png,"[-1.673212, 0.018985, -0.794807, -1.65806, 1.609186, 1.1633, 1.128433, -0.695286, -1.390753, -0.478491, 2.470118, 1.738141, 1.08306, -0.95732, -0.346713, 1.298989, 2.74195, 1.623241]",-95.87,1.09,-45.54,-95.0,92.2,66.65,64.65,-39.84,-79.68,-27.42,141.53,99.59,62.05,-54.85,-19.87,74.43,157.1,93.0
animals/camel_mpeg7-01,animals,targets/animals/camel_mpeg7-01.png,0.6737,0.6387,0.0252,0.581,10,2,3,0.2,174.7,animals/camel_mpeg7-01/camel_mpeg7-01_best.png,"[1.120234, -1.023067, -1.399745, 0.058957, -2.741256, 1.439863, 1.825699, -1.726109, -0.352746, 1.030876, 2.089101, -0.163302, 0.916334, -1.387043, 0.358697, -0.934956, 1.434625, 0.174958]",64.18,-58.62,-80.2,3.38,-157.06,82.5,104.6,-98.9,-20.21,59.06,119.7,-9.36,52.5,-79.47,20.55,-53.57,82.2,10.02
letters_lower/k_dejavuserif-bold,letters_lower,targets/letters_lower/k_dejavuserif-bold.png,0.6736,0.6204,0.0236,0.5908,10,6,3,0.2,176.2,letters_lower/k_dejavuserif-bold/k_dejavuserif-bold_best.png,"[-1.91986, -0.913273, -0.80926, 0.031177, -1.078447, 1.238463, -1.907208, -0.163055, 0.013843, 0.785982, 1.99599, 1.40348, -0.964448, -0.899231, -1.407758, -0.184822, 1.493589, 1.15472]",-110.0,-52.33,-46.37,1.79,-61.79,70.96,-109.27,-9.34,0.79,45.03,114.36,80.41,-55.26,-51.52,-80.66,-10.59,85.58,66.16
animals/butterfly_mpeg7-04,animals,targets/animals/butterfly_mpeg7-04.png,0.6734,0.6268,0.0301,0.5803,10,0,3,0.2,174.5,animals/butterfly_mpeg7-04/butterfly_mpeg7-04_best.png,"[1.185728, -0.8382, -1.00539, -1.650549, -2.722941, 1.228627, 0.891238, -1.02661, -1.540275, 0.454406, -2.728464, -0.106478, -1.303716, 0.093831, -0.745371, 0.017595, 1.865339, 1.387133]",67.94,-48.03,-57.6,-94.57,-156.01,70.4,51.06,-58.82,-88.25,26.04,-156.33,-6.1,-74.7,5.38,-42.71,1.01,106.88,79.48
digits/9_dejavusans-bold,digits,targets/digits/9_dejavusans-bold.png,0.6733,0.6525,0.0177,0.62,10,3,3,0.2,180.6,digits/9_dejavusans-bold/9_dejavusans-bold_best.png,"[-1.91986, 0.58331, -1.008132, -1.270552, 0.760871, 0.937828, -1.154696, -0.079552, -0.937102, -1.325834, 1.867515, 1.359049, -1.91986, -1.179612, 0.244587, 1.256229, -1.767375, 0.589476]",-110.0,33.42,-57.76,-72.8,43.59,53.73,-66.16,-4.56,-53.69,-75.96,107.0,77.87,-110.0,-67.59,14.01,71.98,-101.26,33.77
animals/ray_mpeg7-02,animals,targets/animals/ray_mpeg7-02.png,0.6731,0.6508,0.0125,0.6272,10,5,3,0.2,174.3,animals/ray_mpeg7-02/ray_mpeg7-02_best.png,"[0.67502, -0.522066, -1.277777, -1.65806, 2.751749, -0.174533, 0.978708, -0.832063, -1.68809, -0.920195, 1.136268, 1.74207, -0.765452, -0.575232, -1.652072, 0.310117, -2.282238, 1.74533]",38.68,-29.91,-73.21,-95.0,157.66,-10.0,56.08,-47.67,-96.72,-52.72,65.1,99.81,-43.86,-32.96,-94.66,17.77,-130.76,100.0
animals/octopus_mpeg7-02,animals,targets/animals/octopus_mpeg7-02.png,0.673,0.635,0.0169,0.6061,10,3,3,0.2,178.8,animals/octopus_mpeg7-02/octopus_mpeg7-02_best.png,"[-1.760663, 0.273994, -1.010589, -0.129004, 2.158744, 1.74533, -1.310135, 0.458137, -1.250979, -1.42788, -1.258806, -0.174533, 0.910618, -1.410728, -1.042334, 0.386866, 2.84121, 0.451898]",-100.88,15.7,-57.9,-7.39,123.69,100.0,-75.07,26.25,-71.68,-81.81,-72.12,-10.0,52.17,-80.83,-59.72,22.17,162.79,25.89
animals/chicken_mpeg7-03,animals,targets/animals/chicken_mpeg7-03.png,0.6723,0.6355,0.0353,0.5524,10,8,3,0.2,176.0,animals/chicken_mpeg7-03/chicken_mpeg7-03_best.png,"[1.048345, -0.835612, -1.546373, -1.328729, -1.786145, 1.306642, 1.91986, -1.366091, -0.745472, 0.993797, -0.907578, 0.482806, -1.521342, 0.158174, -0.923037, -1.248469, -0.947315, 0.212778]",60.07,-47.88,-88.6,-76.13,-102.34,74.87,110.0,-78.27,-42.71,56.94,-52.0,27.66,-87.17,9.06,-52.89,-71.53,-54.28,12.19
abstract/device5_mpeg7-05,abstract,targets/abstract/device5_mpeg7-05.png,0.6711,0.6298,0.0237,0.5876,10,6,3,0.2,115.5,abstract/device5_mpeg7-05/device5_mpeg7-05_best.png,"[-0.968258, -0.968761, -0.423816, 1.65806, -1.285982, -0.174533, -0.782183, -0.726332, -1.69, -1.128698, -1.208638, 1.74533, -0.829266, -0.736237, -1.272333, 0.396004, 1.685526, 0.532385]",-55.48,-55.51,-24.28,95.0,-73.68,-10.0,-44.82,-41.62,-96.83,-64.67,-69.25,100.0,-47.51,-42.18,-72.9,22.69,96.57,30.5
animals/elephant_mpeg7-05,animals,targets/animals/elephant_mpeg7-05.png,0.6703,0.6195,0.0269,0.5676,10,9,3,0.2,181.0,animals/elephant_mpeg7-05/elephant_mpeg7-05_best.png,"[0.919174, -0.3965, -1.437796, -1.617089, 0.122888, 1.123584, -0.890402, 0.136601, -1.52197, -1.46971, -0.773046, -0.077779, -0.222299, -0.627789, -1.385691, -1.589298, -2.022756, -0.0035]",52.66,-22.72,-82.38,-92.65,7.04,64.38,-51.02,7.83,-87.2,-84.21,-44.29,-4.46,-12.74,-35.97,-79.39,-91.06,-115.9,-0.2
digits/4_dejavusans-bold,digits,targets/digits/4_dejavusans-bold.png,0.6702,0.6359,0.0211,0.6005,10,6,3,0.2,167.0,digits/4_dejavusans-bold/4_dejavusans-bold_best.png,"[0.977526, -1.650469, -0.507485, 0.945907, 0.149276, 0.761668, 0.474332, -0.105089, -1.69, -0.741911, 2.115692, -0.174533, 0.691134, -0.759665, 0.200594, 1.636316, 1.777, -0.174533]",56.01,-94.56,-29.08,54.2,8.55,43.64,27.18,-6.02,-96.83,-42.51,121.22,-10.0,39.6,-43.53,11.49,93.75,101.81,-10.0
abstract/device6_mpeg7-05,abstract,targets/abstract/device6_mpeg7-05.png,0.6697,0.6544,0.012,0.6278,10,3,3,0.2,114.7,abstract/device6_mpeg7-05/device6_mpeg7-05_best.png,"[-1.91986, 0.631332, -1.295384, -1.472351, 1.305061, 1.745268, -1.323342, -0.69481, 0.187606, -1.654826, -1.097794, -0.115566, 0.658877, 0.512836, -1.687883, -1.336961, -0.77297, 0.363594]",-110.0,36.17,-74.22,-84.36,74.77,100.0,-75.82,-39.81,10.75,-94.81,-62.9,-6.62,37.75,29.38,-96.71,-76.6,-44.29,20.83
abstract/device3_mpeg7-02,abstract,targets/abstract/device3_mpeg7-02.png,0.6693,0.6192,0.0255,0.5869,10,3,3,0.2,114.1,abstract/device3_mpeg7-02/device3_mpeg7-02_best.png,"[-1.912069, 0.636691, -0.991862, -0.752024, 1.328424, 0.100055, -1.298262, 0.737895, -1.663329, -1.056821, -1.114175, -0.095373, 1.210266, -0.627898, -1.614054, 0.935534, 1.254345, 0.840833]",-109.55,36.48,-56.83,-43.09,76.11,5.73,-74.38,42.28,-95.3,-60.55,-63.84,-5.46,69.34,-35.98,-92.48,53.6,71.87,48.18
letters_lower/n_dejavusans-bold,letters_lower,targets/letters_lower/n_dejavusans-bold.png,0.6692,0.6382,0.0211,0.6021,10,7,3,0.2,177.5,letters_lower/n_dejavusans-bold/n_dejavusans-bold_best.png,"[0.696001, -0.109898, -1.69, -1.265583, 2.205577, -0.08073, 0.806343, -1.709271, -0.588977, 0.892112, 0.088625, 0.21983, 0.55055, 0.272231, -1.69, -0.450658, -0.756349, 1.013095]",39.88,-6.3,-96.83,-72.51,126.37,-4.63,46.2,-97.93,-33.75,51.11,5.08,12.6,31.54,15.6,-96.83,-25.82,-43.34,58.05
animals/rat_mpeg7-03,animals,targets/animals/rat_mpeg7-03.png,0.6691,0.6492,0.0103,0.6344,10,3,3,0.2,185.3,animals/rat_mpeg7-03/rat_mpeg7-03_best.png,"[-1.819197, 0.164325, -1.683267, -1.119798, 2.234625, -0.131416, -0.713359, -0.74624, -0.991788, -0.707223, 1.072396, -0.174533, -0.722793, -1.007279, 0.403747, -1.350646, 0.026877, 0.33911]",-104.23,9.42,-96.44,-64.16,128.03,-7.53,-40.87,-42.76,-56.83,-40.52,61.44,-10.0,-41.41,-57.71,23.13,-77.39,1.54,19.43
animals/rat_mpeg7-01,animals,targets/animals/rat_mpeg7-01.png,0.6683,0.649,0.0097,0.6346,10,5,3,0.2,178.0,animals/rat_mpeg7-01/rat_mpeg7-01_best.png,"[-0.739572, -0.672025, -0.89751, -1.128062, -2.302792, -0.174533, 1.24704, -0.51798, -1.176173, 0.820142, -1.86543, 0.379127, 0.203739, -0.025255, -1.69, -1.304152, -2.149401, 0.00236]",-42.37,-38.5,-51.42,-64.63,-131.94,-10.0,71.45,-29.68,-67.39,46.99,-106.88,21.72,11.67,-1.45,-96.83,-74.72,-123.15,0.14
abstract/device5_mpeg7-04,abstract,targets/abstract/device5_mpeg7-04.png,0.6675,0.6452,0.0153,0.62,10,9,3,0.2,113.7,abstract/device5_mpeg7-04/device5_mpeg7-04_best.png,"[-1.162814, -0.994474, -1.10526, 0.057225, 1.705645, -0.113008, -1.037814, -0.760951, -0.391584, 1.327173, -2.489022, 0.437655, 0.827506, -0.744087, -1.69, -0.909588, 1.007567, 0.425734]",-66.62,-56.98,-63.33,3.28,97.73,-6.47,-59.46,-43.6,-22.44,76.04,-142.61,25.08,47.41,-42.63,-96.83,-52.12,57.73,24.39
abstract/heart_mpeg7-03,abstract,targets/abstract/heart_mpeg7-03.png,0.6674,0.6424,0.0179,0.617,10,7,3,0.2,114.8,abstract/heart_mpeg7-03/heart_mpeg7-03_best.png,"[0.596777, -0.623687, -1.002217, -1.587303, 2.596438, -0.152815, -0.965393, -0.361072, -0.301741, -1.304182, 0.878392, 1.533091, 0.811242, -0.994809, -1.017283, -1.65806, -2.372974, 1.546977]",34.19,-35.73,-57.42,-90.95,148.76,-8.76,-55.31,-20.69,-17.29,-74.72,50.33,87.84,46.48,-57.0,-58.29,-95.0,-135.96,88.64
animals/octopus_mpeg7-05,animals,targets/animals/octopus_mpeg7-05.png,0.6669,0.6389,0.0168,0.6068,10,2,3,0.2,179.1,animals/octopus_mpeg7-05/octopus_mpeg7-05_best.png,"[-1.747399, -0.240249, -0.25523, -0.220068, 1.23236, -0.166024, -1.91986, 0.780307, -1.000275, -1.467118, -0.174301, -0.111511, 1.91986, -1.369964, -1.072286, 1.65806, -0.820891, 0.431215]",-100.12,-13.77,-14.62,-12.61,70.61,-9.51,-110.0,44.71,-57.31,-84.06,-9.99,-6.39,110.0,-78.49,-61.44,95.0,-47.03,24.71
letters_lower/k_dejavusansmono-bold,letters_lower,targets/letters_lower/k_dejavusansmono-bold.png,0.6652,0.6339,0.0201,0.5937,10,9,3,0.2,176.7,letters_lower/k_dejavusansmono-bold/k_dejavusansmono-bold_best.png,"[1.429128, -0.349692, -0.495544, -0.13458, -2.72159, 0.597717, 1.115419, -0.827566, -1.369594, -0.733369, 1.190239, 1.363714, -1.028846, -1.132473, -1.678615, -1.507069, 1.498541, 0.887249]",81.88,-20.04,-28.39,-7.71,-155.94,34.25,63.91,-47.42,-78.47,-42.02,68.2,78.14,-58.95,-64.89,-96.18,-86.35,85.86,50.84
animals/flatfish_mpeg7-03,animals,targets/animals/flatfish_mpeg7-03.png,0.6649,0.6311,0.0203,0.6011,10,7,3,0.2,179.3,animals/flatfish_mpeg7-03/flatfish_mpeg7-03_best.png,"[0.67087, -0.453658, -1.459087, -1.65806, 2.709044, -0.167684, -0.881031, -0.688036, -1.69, -1.605083, -0.528814, 1.738079, -1.073862, -0.305574, -0.66166, 1.385712, -1.698047, -0.15135]",38.44,-25.99,-83.6,-95.0,155.22,-9.61,-50.48,-39.42,-96.83,-91.96,-30.3,99.58,-61.53,-17.51,-37.91,79.4,-97.29,-8.67
abstract/device4_mpeg7-05,abstract,targets/abstract/device4_mpeg7-05.png,0.6626,0.633,0.0239,0.5945,10,8,3,0.2,114.9,abstract/device4_mpeg7-05/device4_mpeg7-05_best.png,"[1.109506, -0.614624, -1.69, -1.596262, -1.270898, 0.455421, 1.144028, -0.258419, 0.791312, -0.717807, -0.503735, 1.344517, 0.51406, -1.10965, 0.124444, -1.116886, -1.758278, 1.290805]",63.57,-35.22,-96.83,-91.46,-72.82,26.09,65.55,-14.81,45.34,-41.13,-28.86,77.04,29.45,-63.58,7.13,-63.99,-100.74,73.96
animals/rat_mpeg7-02,animals,targets/animals/rat_mpeg7-02.png,0.6622,0.6474,0.007,0.6374,10,7,3,0.2,177.2,animals/rat_mpeg7-02/rat_mpeg7-02_best.png,"[1.096712, -0.567238, -1.369956, -0.989467, 2.275214, -0.15458, 1.180606, -0.198988, -1.240831, -0.772303, -0.881553, 1.630074, 1.131373, -1.110285, -0.436819, -1.081109, -2.042969, 0.76359]",62.84,-32.5,-78.49,-56.69,130.36,-8.86,67.64,-11.4,-71.09,-44.25,-50.51,93.4,64.82,-63.61,-25.03,-61.94,-117.05,43.75
animals/elephant_mpeg7-01,animals,targets/animals/elephant_mpeg7-01.png,0.6618,0.6344,0.0225,0.596,10,0,3,0.2,179.0,animals/elephant_mpeg7-01/elephant_mpeg7-01_best.png,"[-1.91986, 0.173068, -1.289986, 0.906596, 2.84121, 1.428486, -1.12946, 0.512382, -1.568468, -1.632535, 0.68721, 1.630516, -0.872446, -0.151777, -1.189279, -1.204119, -0.442714, 1.730396]",-110.0,9.92,-73.91,51.94,162.79,81.85,-64.71,29.36,-89.87,-93.54,39.37,93.42,-49.99,-8.7,-68.14,-68.99,-25.37,99.14
animals/octopus_mpeg7-04,animals,targets/animals/octopus_mpeg7-04.png,0.6609,0.625,0.0199,0.585,10,5,3,0.2,176.8,animals/octopus_mpeg7-04/octopus_mpeg7-04_best.png,"[-1.802293, -0.606274, -0.182831, 0.254056, -1.91554, -0.045717, -1.91986, 0.781773, -1.079028, -1.455381, -1.980014, -0.13443, -1.308904, -0.110966, -0.590568, 1.409837, 0.501485, 0.780052]",-103.26,-34.74,-10.48,14.56,-109.75,-2.62,-110.0,44.79,-61.82,-83.39,-113.45,-7.7,-74.99,-6.36,-33.84,80.78,28.73,44.69
animals/bat_mpeg7-01,animals,targets/animals/bat_mpeg7-01.png,0.6592,0.6143,0.0363,0.5595,10,5,3,0.2,150.3,animals/bat_mpeg7-01/bat_mpeg7-01_best.png,"[1.623646, -1.245841, -0.130895, -1.228744, 2.410804, 0.317871, 1.137768, -0.979168, -1.69, -0.907109, 1.653334, -0.174533, -0.994164, -1.121129, 0.660049, 0.645529, 0.466957, 1.656757]",93.03,-71.38,-7.5,-70.4,138.13,18.21,65.19,-56.1,-96.83,-51.97,94.73,-10.0,-56.96,-64.24,37.82,36.99,26.75,94.93
animals/octopus_mpeg7-03,animals,targets/animals/octopus_mpeg7-03.png,0.6589,0.6377,0.0181,0.6018,10,0,3,0.2,178.1,animals/octopus_mpeg7-03/octopus_mpeg7-03_best.png,"[-1.74581, 0.647795, -1.656217, 0.163999, 2.114271, 1.735091, -1.293616, 0.595365, -1.468955, -1.272812, -0.964532, 1.720573, -0.346853, -1.363756, -1.220623, 1.526128, -2.064629, 0.951541]",-100.03,37.12,-94.89,9.4,121.14,99.41,-74.12,34.11,-84.16,-72.93,-55.26,98.58,-19.87,-78.14,-69.94,87.44,-118.29,54.52
abstract/device3_mpeg7-01,abstract,targets/abstract/device3_mpeg7-01.png,0.6587,0.608,0.0245,0.5727,10,0,3,0.2,112.6,abstract/device3_mpeg7-01/device3_mpeg7-01_best.png,"[-1.91986, 0.827317, -1.356107, -0.625478, 1.16877, -0.097217, -1.279243, 0.746935, -1.607239, -1.020898, -2.676683, 0.163875, -1.886889, 0.333051, -1.426847, -0.792827, -1.307068, 1.290071]",-110.0,47.4,-77.7,-35.84,66.97,-5.57,-73.3,42.8,-92.09,-58.49,-153.36,9.39,-108.11,19.08,-81.75,-45.43,-74.89,73.92
digits/9_dejavusansmono-bold,digits,targets/digits/9_dejavusansmono-bold.png,0.6586,0.642,0.0124,0.619,10,6,3,0.2,177.8,digits/9_dejavusansmono-bold/9_dejavusansmono-bold_best.png,"[1.034024, -1.142661, -1.44328, 1.287226, 0.210775, -0.165178, 0.802802, -0.515709, -0.522595, -1.18263, -1.559233, 0.97322, 1.91986, -1.283811, 0.270351, 1.282639, -1.140148, 0.471131]",59.25,-65.47,-82.69,73.75,12.08,-9.46,46.0,-29.55,-29.94,-67.76,-89.34,55.76,110.0,-73.56,15.49,73.49,-65.33,26.99
letters_lower/c_dejavuserif-bold,letters_lower,targets/letters_lower/c_dejavuserif-bold.png,0.658,0.6297,0.0277,0.5758,10,4,3,0.2,170.5,letters_lower/c_dejavuserif-bold/c_dejavuserif-bold_best.png,"[1.824911, -0.588381, -1.654312, 1.605554, -1.20309, 1.448906, 1.140006, 0.500667, -0.992391, -1.606157, -1.263378, 1.562107, -0.957477, -1.507185, -1.689444, 0.375325, 2.439914, 1.744332]",104.56,-33.71,-94.79,91.99,-68.93,83.02,65.32,28.69,-56.86,-92.03,-72.39,89.5,-54.86,-86.36,-96.8,21.5,139.8,99.94
digits/6_dejavuserif-bold,digits,targets/digits/6_dejavuserif-bold.png,0.6562,0.6418,0.0126,0.6116,10,6,3,0.2,177.6,digits/6_dejavuserif-bold/6_dejavuserif-bold_best.png,"[-0.772804, -1.494468, -0.944798, 1.579952, -0.249295, -0.174533, 0.744524, 0.144055, -1.66158, -0.979512, 1.454993, -0.174533, -1.855563, -1.244407, -1.026403, 1.237549, -2.68796, 1.665698]",-44.28,-85.63,-54.13,90.52,-14.28,-10.0,42.66,8.25,-95.2,-56.12,83.36,-10.0,-106.32,-71.3,-58.81,70.91,-154.01,95.44
digits/8_dejavuserif-bold,digits,targets/digits/8_dejavuserif-bold.png,0.6544,0.6155,0.0232,0.5754,10,6,3,0.2,179.2,digits/8_dejavuserif-bold/8_dejavuserif-bold_best.png,"[0.938171, -1.50651, -0.776723, 0.899906, -1.684362, -0.102016, -1.132017, 0.226661, -1.69, -0.5637, 1.147353, 1.048746, 1.91986, -1.558251, 0.079621, 1.03128, 0.830165, 0.510995]",53.75,-86.32,-44.5,51.56,-96.51,-5.85,-64.86,12.99,-96.83,-32.3,65.74,60.09,110.0,-89.28,4.56,59.09,47.56,29.28
abstract/device5_mpeg7-01,abstract,targets/abstract/device5_mpeg7-01.png,0.6535,0.6282,0.0127,0.6096,10,6,3,0.2,113.4,abstract/device5_mpeg7-01/device5_mpeg7-01_best.png,"[0.691811, -1.089192, -0.232923, 1.651415, 1.299267, -0.174533, -0.568557, -0.778789, -1.451852, -1.246526, -2.709236, 1.719082, 0.904029, -1.104777, -0.553242, 0.200812, 1.494335, 0.551675]",39.64,-62.41,-13.35,94.62,74.44,-10.0,-32.58,-44.62,-83.18,-71.42,-155.23,98.5,51.8,-63.3,-31.7,11.51,85.62,31.61
digits/8_dejavusans-bold,digits,targets/digits/8_dejavusans-bold.png,0.6535,0.6279,0.0138,0.6107,10,3,3,0.2,176.5,digits/8_dejavusans-bold/8_dejavusans-bold_best.png,"[-1.91986, 0.679694, -1.072727, -1.597152, -0.419809, 1.591524, 1.91902, -0.551653, -1.611564, 1.11236, 0.573617, -0.174533, 1.891325, -1.74533, -0.605366, 1.622625, 0.734522, 0.07631]",-110.0,38.94,-61.46,-91.51,-24.05,91.19,109.95,-31.61,-92.34,63.73,32.87,-10.0,108.36,-100.0,-34.68,92.97,42.09,4.37
animals/sea-snake_mpeg7-03,animals,targets/animals/sea-snake_mpeg7-03.png,0.6534,0.6189,0.0285,0.5818,10,5,3,0.2,180.0,animals/sea-snake_mpeg7-03/sea-snake_mpeg7-03_best.png,"[-0.619192, -0.791387, -1.424086, -0.079947, -0.508598, 0.074296, 0.619431, -0.838341, 1.319374, -1.655835, -2.63191, -0.138431, 0.10784, -0.661147, -1.403799, -0.290722, -1.889394, 1.392942]",-35.48,-45.34,-81.59,-4.58,-29.14,4.26,35.49,-48.03,75.59,-94.87,-150.8,-7.93,6.18,-37.88,-80.43,-16.66,-108.25,79.81
animals/fish_mpeg7-01,animals,targets/animals/fish_mpeg7-01.png,0.6533,0.6221,0.0218,0.5868,10,7,3,0.2,177.2,animals/fish_mpeg7-01/fish_mpeg7-01_best.png,"[1.085569, -0.691009, -1.69, -0.421999, 2.84121, -0.174533, -0.280833, -0.553784, 0.660786, -0.234648, 2.299445, 0.462342, -1.207282, -0.851763, -0.06609, 1.62325, -1.794826, 0.437669]",62.2,-39.59,-96.83,-24.18,162.79,-10.0,-16.09,-31.73,37.86,-13.44,131.75,26.49,-69.17,-48.8,-3.79,93.01,-102.84,25.08
abstract/device7_mpeg7-05,abstract,targets/abstract/device7_mpeg7-05.png,0.6532,0.6318,0.0199,0.5866,10,2,3,0.2,112.4,abstract/device7_mpeg7-05/device7_mpeg7-05_best.png,"[-1.764316, 0.632897, -1.261642, -1.497276, 1.448144, 0.494828, -0.703703, -1.030147, -1.622637, 1.334571, -0.250099, 0.90699, -1.110474, -0.537822, -0.314261, 1.638158, -0.22781, 1.31158]",-101.09,36.26,-72.29,-85.79,82.97,28.35,-40.32,-59.02,-92.97,76.47,-14.33,51.97,-63.63,-30.81,-18.01,93.86,-13.05,75.15
abstract/device6_mpeg7-03,abstract,targets/abstract/device6_mpeg7-03.png,0.6529,0.6338,0.0128,0.6162,10,1,3,0.2,114.0,abstract/device6_mpeg7-03/device6_mpeg7-03_best.png,"[0.886122, -0.56794, -1.481225, -1.65806, 0.073669, 1.220949, -1.413702, 0.433009, -1.226916, -1.582664, 2.147417, 0.758686, 0.538787, -1.368717, -0.276467, 0.077571, 1.806748, 0.73251]",50.77,-32.54,-84.87,-95.0,4.22,69.96,-81.0,24.81,-70.3,-90.68,123.04,43.47,30.87,-78.42,-15.84,4.44,103.52,41.97
animals/chicken_mpeg7-01,animals,targets/animals/chicken_mpeg7-01.png,0.6528,0.62,0.0231,0.5733,10,8,3,0.2,173.8,animals/chicken_mpeg7-01/chicken_mpeg7-01_best.png,"[0.961732, -0.951029, -1.074263, -0.587616, -1.20776, 1.029278, 0.981746, -1.512516, -1.201065, 1.649287, 1.54809, 1.42066, 0.556837, -1.171383, 0.300346, -1.421583, -1.224086, 1.429144]",55.1,-54.49,-61.55,-33.67,-69.2,58.97,56.25,-86.66,-68.82,94.5,88.7,81.4,31.9,-67.12,17.21,-81.45,-70.13,81.88
abstract/device3_mpeg7-03,abstract,targets/abstract/device3_mpeg7-03.png,0.6527,0.6119,0.0225,0.581,10,1,3,0.2,117.2,abstract/device3_mpeg7-03/device3_mpeg7-03_best.png,"[-1.888281, 0.226542, -1.097316, 0.348943, -1.296167, 1.683613, -1.274459, 0.707715, -1.69, -1.045611, 1.639358, 0.813377, -1.91986, 1.152401, -1.518172, -0.659299, 1.341541, 0.826355]",-108.19,12.98,-62.87,19.99,-74.26,96.46,-73.02,40.55,-96.83,-59.91,93.93,46.6,-110.0,66.03,-86.98,-37.78,76.86,47.35
abstract/heart_mpeg7-02,abstract,targets/abstract/heart_mpeg7-02.png,0.6527,0.6293,0.013,0.6029,10,3,3,0.2,113.7,abstract/heart_mpeg7-02/heart_mpeg7-02_best.png,"[-1.000655, -0.643694, -0.857776, 1.585625, -2.708511, 1.74533, 0.962333, -1.030268, -1.69, 0.576739, 2.827331, 1.670358, -1.91986, 0.389455, -1.237834, 0.281066, -1.741189, -0.135593]",-57.33,-36.88,-49.15,90.85,-155.19,100.0,55.14,-59.03,-96.83,33.04,161.99,95.7,-110.0,22.31,-70.92,16.1,-99.76,-7.77
hand_shadow/bird_hasper-01,hand_shadow,targets/hand_shadow/bird_hasper-01.png,0.6521,0.5871,0.0357,0.5417,10,9,3,0.2,177.3,hand_shadow/bird_hasper-01/bird_hasper-01_best.png,"[1.09754, -0.686757, -1.69, -0.705918, -2.326084, 1.74533, 0.848287, -0.799275, -1.671388, -1.431401, 1.368888, 1.743919, -0.934504, -0.995515, 0.540572, 1.003605, -2.071161, 0.198367]",62.88,-39.35,-96.83,-40.45,-133.27,100.0,48.6,-45.8,-95.76,-82.01,78.43,99.92,-53.54,-57.04,30.97,57.5,-118.67,11.37
abstract/device3_mpeg7-04,abstract,targets/abstract/device3_mpeg7-04.png,0.65,0.6211,0.0155,0.5978,10,3,3,0.2,117.1,abstract/device3_mpeg7-04/device3_mpeg7-04_best.png,"[-1.878568, 0.572246, -0.889069, -0.69885, 1.289615, 0.13499, 1.348294, -0.592727, -1.676393, -0.021684, 2.074294, 1.590064, 0.706088, 0.541593, -1.69, -1.331617, -0.042887, 1.74533]",-107.63,32.79,-50.94,-40.04,73.89,7.73,77.25,-33.96,-96.05,-1.24,118.85,91.1,40.46,31.03,-96.83,-76.3,-2.46,100.0
letters_lower/a_dejavusansmono-bold,letters_lower,targets/letters_lower/a_dejavusansmono-bold.png,0.6499,0.5875,0.0314,0.5487,10,0,3,0.2,178.1,letters_lower/a_dejavusansmono-bold/a_dejavusansmono-bold_best.png,"[-1.91986, 0.625299, -0.86374, -1.265697, 2.819747, -0.174533, -0.86724, 0.194793, -1.69, -0.863443, 1.487712, 1.169168, -0.902582, -0.137833, -1.69, -1.65806, 0.959821, 1.299423]",-110.0,35.83,-49.49,-72.52,161.56,-10.0,-49.69,11.16,-96.83,-49.47,85.24,66.99,-51.71,-7.9,-96.83,-95.0,54.99,74.45
animals/chicken_mpeg7-05,animals,targets/animals/chicken_mpeg7-05.png,0.6491,0.6196,0.0238,0.5595,10,1,3,0.2,177.4,animals/chicken_mpeg7-05/chicken_mpeg7-05_best.png,"[1.595712, -0.561088, -1.648132, -1.65806, -1.30177, 1.150644, -0.606716, -0.771715, -1.429685, -1.602971, -0.939648, 1.74533, -0.511226, 0.12134, -1.69, -1.032409, -0.556157, 1.427324]",91.43,-32.15,-94.43,-95.0,-74.59,65.93,-34.76,-44.22,-81.91,-91.84,-53.84,100.0,-29.29,6.95,-96.83,-59.15,-31.87,81.78
hand_shadow/dog_hasper-01,hand_shadow,targets/hand_shadow/dog_hasper-01.png,0.6477,0.6138,0.0193,0.575,10,6,3,0.2,181.9,hand_shadow/dog_hasper-01/dog_hasper-01_best.png,"[1.881537, -1.198028, -0.006962, 0.387311, -1.894686, 1.741106, -0.4002, -0.421383, -1.689986, -1.44815, -0.908817, 1.729185, 1.060352, 0.969677, -1.473619, 1.535892, 0.032291, 1.583745]",107.8,-68.64,-0.4,22.19,-108.56,99.76,-22.93,-24.14,-96.83,-82.97,-52.07,99.08,60.75,55.56,-84.43,88.0,1.85,90.74
animals/fly_mpeg7-02,animals,targets/animals/fly_mpeg7-02.png,0.6465,0.6231,0.0161,0.6006,10,9,3,0.2,178.9,animals/fly_mpeg7-02/fly_mpeg7-02_best.png,"[1.46579, -1.719653, 0.122054, -0.866603, -2.742937, 1.73125, 1.148903, -0.731353, -1.676306, -1.11459, 1.164061, 1.7453, -1.916564, 0.079148, -1.44419, -0.912321, -0.050744, 0.134768]",83.98,-98.53,6.99,-49.65,-157.16,99.19,65.83,-41.9,-96.05,-63.86,66.7,100.0,-109.81,4.53,-82.75,-52.27,-2.91,7.72
digits/2_dejavusansmono-bold,digits,targets/digits/2_dejavusansmono-bold.png,0.646,0.6063,0.0321,0.5438,10,1,3,0.2,181.1,digits/2_dejavusansmono-bold/2_dejavusansmono-bold_best.png,"[-0.47458, -0.566343, -1.687369, 0.916486, -2.529267, 1.218507, -1.162292, -1.55342, -1.366594, -0.718572, -1.484536, 0.590792, 1.298405, 0.464656, -0.213871, 1.175827, 0.536647, 1.430938]",-27.19,-32.45,-96.68,52.51,-144.92,69.82,-66.59,-89.0,-78.3,-41.17,-85.06,33.85,74.39,26.62,-12.25,67.37,30.75,81.99
abstract/device0_mpeg7-05,abstract,targets/abstract/device0_mpeg7-05.png,0.6451,0.6232,0.021,0.5799,10,5,3,0.2,115.2,abstract/device0_mpeg7-05/device0_mpeg7-05_best.png,"[-1.851721, -0.361191, -0.232678, 0.070958, -2.035057, 0.031818, 0.92556, -1.220944, -0.724045, -1.412851, 1.093342, -0.153389, -1.356649, 0.388454, -1.213222, -1.4537, -2.07616, 1.653809]",-106.1,-20.69,-13.33,4.07,-116.6,1.82,53.03,-69.95,-41.48,-80.95,62.64,-8.79,-77.73,22.26,-69.51,-83.29,-118.96,94.76
animals/ray_mpeg7-05,animals,targets/animals/ray_mpeg7-05.png,0.6449,0.6214,0.0148,0.604,10,8,3,0.2,182.5,animals/ray_mpeg7-05/ray_mpeg7-05_best.png,"[0.868689, -0.349858, -1.601186, -1.001071, -0.165364, 1.364355, 1.867207, -1.102585, -0.343651, -0.657967, -2.164885, 1.689429, 0.775066, -0.532646, -1.664131, -1.65806, 0.985221, 1.74533]",49.77,-20.05,-91.74,-57.36,-9.47,78.17,106.98,-63.17,-19.69,-37.7,-124.04,96.8,44.41,-30.52,-95.35,-95.0,56.45,100.0
animals/lmfish_mpeg7-02,animals,targets/animals/lmfish_mpeg7-02.png,0.6445,0.613,0.0249,0.5613,10,8,3,0.2,180.8,animals/lmfish_mpeg7-02/lmfish_mpeg7-02_best.png,"[0.839466, -0.473739, -1.584732, -0.916856, -2.598958, 0.109075, -1.156192, -0.732657, 0.099494, 1.563561, 1.089837, 0.132648, 0.866422, -0.745401, -1.69, -0.063195, 0.658568, 1.699164]",48.1,-27.14,-90.8,-52.53,-148.91,6.25,-66.24,-41.98,5.7,89.59,62.44,7.6,49.64,-42.71,-96.83,-3.62,37.73,97.35
letters_lower/i_dejavusansmono-bold,letters_lower,targets/letters_lower/i_dejavusansmono-bold.png,0.6441,0.6057,0.0195,0.5808,10,0,3,0.2,174.3,letters_lower/i_dejavusansmono-bold/i_dejavusansmono-bold_best.png,"[-0.314687, -1.03402, -0.474975, -0.032624, 1.976356, 1.614256, 0.868321, -1.087981, -0.618721, 1.61701, 1.667859, -0.174533, 1.91986, -1.427725, 1.485863, 0.471044, -0.96755, 1.386448]",-18.03,-59.24,-27.21,-1.87,113.24,92.49,49.75,-62.34,-35.45,92.65,95.56,-10.0,110.0,-81.8,85.13,26.99,-55.44,79.44
digits/4_dejavusansmono-bold,digits,targets/digits/4_dejavusansmono-bold.png,0.6431,0.6221,0.0174,0.5841,10,5,3,0.2,176.5,digits/4_dejavusansmono-bold/4_dejavusansmono-bold_best.png,"[-0.297493, -1.565566, -0.135531, 0.525389, -0.527246, 0.050956, 0.532081, -1.094245, 0.538324, -1.65806, -2.213974, 1.010303, 0.630754, -1.177015, -0.674213, 0.157026, 1.614715, 0.146]",-17.05,-89.7,-7.77,30.1,-30.21,2.92,30.49,-62.7,30.84,-95.0,-126.85,57.89,36.14,-67.44,-38.63,9.0,92.52,8.37
abstract/device9_mpeg7-02,abstract,targets/abstract/device9_mpeg7-02.png,0.6429,0.6108,0.0179,0.5796,10,1,3,0.2,113.7,abstract/device9_mpeg7-02/device9_mpeg7-02_best.png,"[1.051651, -1.221433, -1.480691, 1.122883, -0.144069, -0.129637, -1.806405, 0.326499, -1.370731, -0.980839, 2.02973, 1.730667, -1.233274, 0.797727, -1.442597, -1.37487, -1.29701, -0.132803]",60.26,-69.98,-84.84,64.34,-8.25,-7.43,-103.5,18.71,-78.54,-56.2,116.29,99.16,-70.66,45.71,-82.65,-78.77,-74.31,-7.61
digits/8_dejavusansmono-bold,digits,targets/digits/8_dejavusansmono-bold.png,0.6402,0.6219,0.0137,0.5998,10,7,3,0.2,180.4,digits/8_dejavusansmono-bold/8_dejavusansmono-bold_best.png,"[0.935123, -0.306063, -1.190313, -1.305833, 1.803374, -0.169814, 0.993791, -1.295043, -1.252534, 1.23529, 0.358352, 0.748387, 0.416986, -1.49279, -0.356404, 1.509962, 2.075131, 0.64805]",53.58,-17.54,-68.2,-74.82,103.33,-9.73,56.94,-74.2,-71.76,70.78,20.53,42.88,23.89,-85.53,-20.42,86.51,118.9,37.13
animals/dog_mpeg7-01,animals,targets/animals/dog_mpeg7-01.png,0.6398,0.5989,0.0238,0.5478,10,0,3,0.2,180.3,animals/dog_mpeg7-01/dog_mpeg7-01_best.png,"[-0.294664, -0.486844, -1.368447, -1.65806, 1.374618, 1.484165, -1.190065, -0.618622, -0.296914, 0.903726, 0.217653, -0.173071, -0.599636, -0.485748, -1.69, -1.241753, -1.046502, 0.305731]",-16.88,-27.89,-78.41,-95.0,78.76,85.04,-68.19,-35.44,-17.01,51.78,12.47,-9.92,-34.36,-27.83,-96.83,-71.15,-59.96,17.52
animals/fly_mpeg7-04,animals,targets/animals/fly_mpeg7-04.png,0.6394,0.6168,0.0177,0.5792,10,7,3,0.2,176.7,animals/fly_mpeg7-04/fly_mpeg7-04_best.png,"[0.922065, -0.483521, -1.69, -1.606317, 1.324111, -0.174533, -0.567724, 0.050447, -1.676953, -1.486887, -1.289851, 1.281662, -0.994919, -0.249663, -1.007964, 0.788687, 1.434708, -0.125223]",52.83,-27.7,-96.83,-92.04,75.87,-10.0,-32.53,2.89,-96.08,-85.19,-73.9,73.43,-57.0,-14.3,-57.75,45.19,82.2,-7.17
animals/frog_mpeg7-05,animals,targets/animals/frog_mpeg7-05.png,0.6393,0.609,0.0256,0.5516,10,8,3,0.2,169.0,animals/frog_mpeg7-05/frog_mpeg7-05_best.png,"[0.93247, -0.860244, -0.618966, -1.594072, -0.289883, 0.848501, -1.302445, -0.135845, -0.688002, 1.633747, -2.74385, 1.089363, 0.83394, -1.361193, -0.521849, -0.087302, 0.039175, 0.365458]",53.43,-49.29,-35.46,-91.33,-16.61,48.62,-74.62,-7.78,-39.42,93.61,-157.21,62.42,47.78,-77.99,-29.9,-5.0,2.24,20.94
digits/4_dejavuserif-bold,digits,targets/digits/4_dejavuserif-bold.png,0.6387,0.6056,0.0149,0.5851,10,2,3,0.2,166.6,digits/4_dejavuserif-bold/4_dejavuserif-bold_best.png,"[0.709766, -1.590218, -0.173373, 0.51491, -1.22481, -0.109934, -0.386925, -0.916909, -1.106572, 0.629619, -1.909517, 1.29623, 0.049362, -0.986672, 0.668358, -1.65806, -1.870896, 1.610887]",40.67,-91.11,-9.93,29.5,-70.18,-6.3,-22.17,-52.54,-63.4,36.07,-109.41,74.27,2.83,-56.53,38.29,-95.0,-107.19,92.3
animals/elephant_mpeg7-03,animals,targets/animals/elephant_mpeg7-03.png,0.6386,0.6118,0.0208,0.5757,10,9,3,0.2,179.7,animals/elephant_mpeg7-03/elephant_mpeg7-03_best.png,"[0.804737, -0.537411, -1.187143, -1.507028, -0.665466, 0.83099, -1.148073, 0.228138, -1.410957, -1.387697, -1.817814, -0.174533, -0.631986, -0.61332, -1.69, -1.65806, -0.14427, 0.867825]",46.11,-30.79,-68.02,-86.35,-38.13,47.61,-65.78,13.07,-80.84,-79.51,-104.15,-10.0,-36.21,-35.14,-96.83,-95.0,-8.27,49.72
abstract/heart_mpeg7-05,abstract,targets/abstract/heart_mpeg7-05.png,0.6384,0.5936,0.0294,0.5462,10,0,3,0.2,115.1,abstract/heart_mpeg7-05/heart_mpeg7-05_best.png,"[-1.875572, 0.220634, -0.557734, -0.254283, 1.639197, 0.879454, -0.925849, -0.435324, -0.015566, -1.595193, 1.415844, 1.558182, -1.518037, 0.275218, -0.813174, -1.65806, 0.572687, 0.548096]",-107.46,12.64,-31.96,-14.57,93.92,50.39,-53.05,-24.94,-0.89,-91.4,81.12,89.28,-86.98,15.77,-46.59,-95.0,32.81,31.4
letters_lower/g_dejavuserif-bold,letters_lower,targets/letters_lower/g_dejavuserif-bold.png,0.6382,0.6227,0.0158,0.5885,10,5,3,0.2,170.0,letters_lower/g_dejavuserif-bold/g_dejavuserif-bold_best.png,"[1.919806, -0.821122, -1.201825, 1.268506, 2.015042, -0.063558, 0.770828, -1.600114, -0.531746, 0.774828, -0.369424, 0.00768, 0.141785, -1.313813, -0.371538, -0.257306, 2.284146, 0.593817]",110.0,-47.05,-68.86,72.68,115.45,-3.64,44.17,-91.68,-30.47,44.39,-21.17,0.44,8.12,-75.28,-21.29,-14.74,130.87,34.02
animals/flatfish_mpeg7-05,animals,targets/animals/flatfish_mpeg7-05.png,0.6346,0.5847,0.0294,0.5425,10,0,3,0.2,177.7,animals/flatfish_mpeg7-05/flatfish_mpeg7-05_best.png,"[-1.873968, 0.171472, -1.133349, 1.374144, 1.227745, 0.539716, -1.49133, -0.777384, -0.291169, 1.656303, -1.264778, 1.136488, -0.788445, -0.978392, -1.685858, -0.448373, -1.107929, 0.570356]",-107.37,9.82,-64.94,78.73,70.34,30.92,-85.45,-44.54,-16.68,94.9,-72.47,65.12,-45.17,-56.06,-96.59,-25.69,-63.48,32.68
animals/frog_mpeg7-04,animals,targets/animals/frog_mpeg7-04.png,0.6343,0.618,0.0116,0.601,10,8,3,0.2,181.9,animals/frog_mpeg7-04/frog_mpeg7-04_best.png,"[1.099939, -0.724096, -1.348941, -1.65806, -0.06264, 1.417527, 0.865491, -0.508325, -0.470654, -1.63526, -1.221224, 1.523569, -0.422137, -1.246747, -1.69, 1.604981, -0.344792, -0.10347]",63.02,-41.49,-77.29,-95.0,-3.59,81.22,49.59,-29.12,-26.97,-93.69,-69.97,87.29,-24.19,-71.43,-96.83,91.96,-19.76,-5.93
digits/9_dejavuserif-bold,digits,targets/digits/9_dejavuserif-bold.png,0.6343,0.5956,0.0209,0.5488,10,5,3,0.2,176.6,digits/9_dejavuserif-bold/9_dejavuserif-bold_best.png,"[1.91986, -0.799401, -1.103416, 1.138626, 2.14794, 1.047865, 0.733961, -1.405553, -0.911693, 1.040565, -1.251787, 0.242409, -0.088661, -1.354913, -0.326711, -0.087311, 2.138943, 0.392685]",110.0,-45.8,-63.22,65.24,123.07,60.04,42.05,-80.53,-52.24,59.62,-71.72,13.89,-5.08,-77.63,-18.72,-5.0,122.55,22.5
abstract/device0_mpeg7-02,abstract,targets/abstract/device0_mpeg7-02.png,0.6337,0.6005,0.0214,0.5692,10,2,3,0.2,114.4,abstract/device0_mpeg7-02/device0_mpeg7-02_best.png,"[1.887207, -0.676185, 0.248289, -0.724943, 0.190332, 0.277175, -1.876072, 0.267834, -0.150826, -1.061451, 1.180638, 0.921594, -1.221496, -0.10235, -0.85549, 1.264911, -0.324232, 0.2812]",108.13,-38.74,14.23,-41.54,10.91,15.88,-107.49,15.35,-8.64,-60.82,67.65,52.8,-69.99,-5.86,-49.02,72.47,-18.58,16.11
letters_lower/q_dejavuserif-bold,letters_lower,targets/letters_lower/q_dejavuserif-bold.png,0.631,0.5937,0.0248,0.5505,10,4,3,0.2,178.5,letters_lower/q_dejavuserif-bold/q_dejavuserif-bold_best.png,"[0.88626, -1.716692, -0.350802, 0.557724, 1.388254, 0.194876, 0.344779, -0.3012, -0.697478, -1.250944, -1.405063, 1.14361, 0.317054, -0.388869, -0.849289, -0.795743, 1.568601, 0.631005]",50.78,-98.36,-20.1,31.96,79.54,11.17,19.75,-17.26,-39.96,-71.67,-80.5,65.52,18.17,-22.28,-48.66,-45.59,89.87,36.15
letters_lower/j_dejavuserif-bold,letters_lower,targets/letters_lower/j_dejavuserif-bold.png,0.6275,0.5878,0.0375,0.5094,10,7,3,0.2,172.6,letters_lower/j_dejavuserif-bold/j_dejavuserif-bold_best.png,"[1.880736, 0.792186, -1.685529, -1.132976, 2.3573, 0.138196, -0.974533, -1.24668, -0.537731, 0.292023, 2.364493, 0.614325, 1.727016, -1.402526, 1.551473, 0.774052, 0.585033, 1.163004]",107.76,45.39,-96.57,-64.91,135.06,7.92,-55.84,-71.43,-30.81,16.73,135.48,35.2,98.95,-80.36,88.89,44.35,33.52,66.64
abstract/device0_mpeg7-03,abstract,targets/abstract/device0_mpeg7-03.png,0.6265,0.604,0.0137,0.5758,10,5,3,0.2,114.2,abstract/device0_mpeg7-03/device0_mpeg7-03_best.png,"[-1.872002, 0.481982, -1.69, 0.882565, -2.732859, 0.031479, 1.05469, -0.667049, -0.501512, 0.409571, -1.960176, 0.3879, 0.646253, -1.011278, -0.902512, -1.583129, -2.026704, -0.11947]",-107.26,27.62,-96.83,50.57,-156.58,1.8,60.43,-38.22,-28.73,23.47,-112.31,22.23,37.03,-57.94,-51.71,-90.71,-116.12,-6.85
abstract/device7_mpeg7-02,abstract,targets/abstract/device7_mpeg7-02.png,0.6262,0.5955,0.0176,0.5636,10,2,3,0.2,115.4,abstract/device7_mpeg7-02/device7_mpeg7-02_best.png,"[1.351136, -1.736517, -0.189628, -0.313443, -0.990818, 1.486109, -1.918772, 0.861704, -1.51318, -0.869178, 1.091831, 1.212733, 1.871639, -0.784302, -1.665083, 1.428644, 1.30017, 1.259794]",77.41,-99.5,-10.86,-17.96,-56.77,85.15,-109.94,49.37,-86.7,-49.8,62.56,69.48,107.24,-44.94,-95.4,81.86,74.49,72.18
animals/beetle_mpeg7-02,animals,targets/animals/beetle_mpeg7-02.png,0.6262,0.6095,0.0118,0.5847,10,8,3,0.2,149.1,animals/beetle_mpeg7-02/beetle_mpeg7-02_best.png,"[1.203911, -0.592672, -1.63122, -1.638888, -1.102141, 0.577642, -0.237622, -0.915943, -1.142492, 1.506848, 2.758284, 0.477047, -0.859441, -0.409333, -0.95721, -1.538659, 1.3916, 1.17042]",68.98,-33.96,-93.46,-93.9,-63.15,33.1,-13.61,-52.48,-65.46,86.34,158.04,27.33,-49.24,-23.45,-54.84,-88.16,79.73,67.06
animals/elephant_mpeg7-04,animals,targets/animals/elephant_mpeg7-04.png,0.6256,0.587,0.0214,0.5481,10,9,3,0.2,178.9,animals/elephant_mpeg7-04/elephant_mpeg7-04_best.png,"[0.823083, -0.487247, -1.269735, -1.657388, -0.956516, 0.393721, -0.836275, -0.448388, -0.328489, -1.65806, -1.303988, -0.147607, 1.024063, -0.711656, -1.683194, 1.594033, 2.84121, 1.734826]",47.16,-27.92,-72.75,-94.96,-54.8,22.56,-47.92,-25.69,-18.82,-95.0,-74.71,-8.46,58.67,-40.77,-96.44,91.33,162.79,99.4
letters_lower/q_dejavusansmono-bold,letters_lower,targets/letters_lower/q_dejavusansmono-bold.png,0.625,0.6014,0.0171,0.5711,10,4,3,0.2,181.3,letters_lower/q_dejavusansmono-bold/q_dejavusansmono-bold_best.png,"[-0.196609, -1.530848, -0.138387, 0.193802, 2.375585, 0.899383, 1.9198, -0.585028, -1.689796, 1.284117, 2.026242, -0.161001, 0.998139, -0.834916, -1.688755, -1.657788, 2.826784, 0.165199]",-11.26,-87.71,-7.93,11.1,136.11,51.53,110.0,-33.52,-96.82,73.57,116.1,-9.22,57.19,-47.84,-96.76,-94.98,161.96,9.47
animals/flatfish_mpeg7-04,animals,targets/animals/flatfish_mpeg7-04.png,0.6244,0.5882,0.0255,0.5589,10,8,3,0.2,180.8,animals/flatfish_mpeg7-04/flatfish_mpeg7-04_best.png,"[0.996421, -0.664331, -1.317587, -1.607268, -1.997121, 0.431595, -1.456401, -1.178461, 0.403547, 0.485532, -1.880962, 1.064836, 0.993758, -0.973644, -1.69, -0.071371, 2.369307, 1.66199]",57.09,-38.06,-75.49,-92.09,-114.43,24.73,-83.45,-67.52,23.12,27.82,-107.77,61.01,56.94,-55.79,-96.83,-4.09,135.75,95.23
letters_lower/a_dejavusans-bold,letters_lower,targets/letters_lower/a_dejavusans-bold.png,0.6238,0.5796,0.0218,0.544,10,0,3,0.2,177.9,letters_lower/a_dejavusans-bold/a_dejavusans-bold_best.png,"[-1.91986, 0.482487, -0.661818, -1.492904, 2.807068, -0.153804, -1.067108, 0.3316, -1.69, -1.07923, 1.529259, 1.11921, -1.372876, -0.268188, -1.69, -1.648638, -1.458253, 1.725054]",-110.0,27.64,-37.92,-85.54,160.83,-8.81,-61.14,19.0,-96.83,-61.84,87.62,64.13,-78.66,-15.37,-96.83,-94.46,-83.55,98.84
letters_lower/e_dejavusans-bold,letters_lower,targets/letters_lower/e_dejavusans-bold.png,0.6232,0.5992,0.0163,0.5707,10,9,3,0.2,179.6,letters_lower/e_dejavusans-bold/e_dejavusans-bold_best.png,"[0.598691, -0.474433, -0.804574, -1.65806, -1.254042, 0.306139, 0.834499, -1.131985, -1.69, 1.337136, -1.46923, -0.133019, 0.67407, 0.46484, -1.688401, -1.20128, -2.518538, 0.939593]",34.3,-27.18,-46.1,-95.0,-71.85,17.54,47.81,-64.86,-96.83,76.61,-84.18,-7.62,38.62,26.63,-96.74,-68.83,-144.3,53.83
letters_lower/q_dejavusans-bold,letters_lower,targets/letters_lower/q_dejavusans-bold.png,0.6224,0.595,0.0144,0.575,10,8,3,0.2,180.2,letters_lower/q_dejavusans-bold/q_dejavusans-bold_best.png,"[0.675551, -0.553698, -0.475869, -1.204816, -0.804972, 1.124855, 1.004649, -1.74533, -0.820758, 0.846466, 0.977848, 0.340415, 0.633376, -0.762919, -1.609651, 0.522069, 1.753839, 0.169919]",38.71,-31.72,-27.27,-69.03,-46.12,64.45,57.56,-100.0,-47.03,48.5,56.03,19.5,36.29,-43.71,-92.23,29.91,100.49,9.74
digits/2_dejavusans-bold,digits,targets/digits/2_dejavusans-bold.png,0.6194,0.5907,0.024,0.5421,10,4,3,0.2,177.2,digits/2_dejavusans-bold/2_dejavusans-bold_best.png,"[0.303425, -0.794339, -1.295795, 1.005921, 2.30183, 1.192319, 0.953666, -1.182829, 0.932097, 1.65806, -0.113912, 1.319379, 0.74522, -0.600355, -1.68473, -0.208352, -2.704436, 1.366553]",17.38,-45.51,-74.24,57.64,131.89,68.31,54.64,-67.77,53.41,95.0,-6.53,75.59,42.7,-34.4,-96.53,-11.94,-154.95,78.3
letters_lower/n_dejavuserif-bold,letters_lower,targets/letters_lower/n_dejavuserif-bold.png,0.6192,0.6016,0.011,0.5842,10,9,3,0.2,178.3,letters_lower/n_dejavuserif-bold/n_dejavuserif-bold_best.png,"[-1.477929, 0.425184, -1.396107, -1.65806, 1.628118, 1.122299, 0.754291, -1.268441, -1.145079, 1.202527, 0.585544, 1.109187, -0.797085, -1.567748, -0.743702, -1.554346, -1.204289, -0.105047]",-84.68,24.36,-79.99,-95.0,93.28,64.3,43.22,-72.68,-65.61,68.9,33.55,63.55,-45.67,-89.83,-42.61,-89.06,-69.0,-6.02
abstract/device7_mpeg7-04,abstract,targets/abstract/device7_mpeg7-04.png,0.6179,0.5859,0.0208,0.5573,10,4,3,0.2,114.5,abstract/device7_mpeg7-04/device7_mpeg7-04_best.png,"[1.35145, -1.14683, -1.337934, 0.255948, 2.84121, 1.487134, 1.587142, -1.564619, -0.353825, -0.02778, 2.28789, 1.463956, 0.796435, -1.285172, -1.097424, 0.940653, -0.263595, 0.680206]",77.43,-65.71,-76.66,14.66,162.79,85.21,90.94,-89.65,-20.27,-1.59,131.09,83.88,45.63,-73.63,-62.88,53.9,-15.1,38.97
abstract/device7_mpeg7-03,abstract,targets/abstract/device7_mpeg7-03.png,0.6172,0.5963,0.0116,0.577,10,1,3,0.2,112.9,abstract/device7_mpeg7-03/device7_mpeg7-03_best.png,"[-1.723037, 0.416109, -0.769603, -0.394297, -1.941569, 1.445259, -0.663446, -0.255744, -1.126504, -1.53464, 0.955855, -0.170106, 0.556145, -1.227695, -1.189038, 1.14294, 2.808804, 0.745264]",-98.72,23.84,-44.1,-22.59,-111.24,82.81,-38.01,-14.65,-64.54,-87.93,54.77,-9.75,31.86,-70.34,-68.13,65.49,160.93,42.7
animals/camel_mpeg7-03,animals,targets/animals/camel_mpeg7-03.png,0.6169,0.5902,0.0122,0.5658,10,0,3,0.2,175.4,animals/camel_mpeg7-03/camel_mpeg7-03_best.png,"[-1.759709, 0.409349, -1.182424, 0.042535, 2.534652, 1.74246, -1.325264, -0.401515, -0.155746, -0.445552, 0.312299, 1.725676, -0.663432, -1.185908, -0.797483, -1.644283, 0.596101, 1.302714]",-100.82,23.45,-67.75,2.44,145.22,99.84,-75.93,-23.01,-8.92,-25.53,17.89,98.87,-38.01,-67.95,-45.69,-94.21,34.15,74.64
animals/cattle_mpeg7-01,animals,targets/animals/cattle_mpeg7-01.png,0.6162,0.604,0.0156,0.5699,10,2,3,0.2,181.0,animals/cattle_mpeg7-01/cattle_mpeg7-01_best.png,"[0.935966, -1.385559, -0.353934, 1.136059, 0.715212, 0.677463, 0.350364, -0.937233, -0.043793, -0.263046, -1.731363, 1.74533, 0.354231, -1.451567, -0.844833, 1.633083, 1.826275, 1.609509]",53.63,-79.39,-20.28,65.09,40.98,38.82,20.07,-53.7,-2.51,-15.07,-99.2,100.0,20.3,-83.17,-48.41,93.57,104.64,92.22
digits/3_dejavusans-bold,digits,targets/digits/3_dejavusans-bold.png,0.6161,0.5799,0.0269,0.5285,10,5,3,0.2,180.4,digits/3_dejavusans-bold/3_dejavusans-bold_best.png,"[-1.91986, 0.589085, -1.579703, -0.861564, -1.470582, 1.560785, 0.934029, -1.419907, -1.165742, 1.515051, -0.038278, 0.842939, 1.016808, -1.369468, 1.463855, 0.046001, -2.337711, 1.543652]",-110.0,33.75,-90.51,-49.36,-84.26,89.43,53.52,-81.35,-66.79,86.81,-2.19,48.3,58.26,-78.46,83.87,2.64,-133.94,88.44
animals/flatfish_mpeg7-02,animals,targets/animals/flatfish_mpeg7-02.png,0.6139,0.5707,0.0243,0.5268,10,8,3,0.2,179.9,animals/flatfish_mpeg7-02/flatfish_mpeg7-02_best.png,"[1.051865, -0.667291, -1.249174, -1.65806, -1.974328, 0.516385, -1.286583, -0.901605, -0.060193, 1.139603, -1.656335, 0.996387, 1.020928, -0.966806, -1.628635, -0.263648, 1.489711, 1.684094]",60.27,-38.23,-71.57,-95.0,-113.12,29.59,-73.72,-51.66,-3.45,65.29,-94.9,57.09,58.49,-55.39,-93.31,-15.11,85.35,96.49
digits/5_dejavusansmono-bold,digits,targets/digits/5_dejavusansmono-bold.png,0.6131,0.5749,0.0272,0.5151,10,2,3,0.2,177.3,digits/5_dejavusansmono-bold/5_dejavusansmono-bold_best.png,"[1.509963, -0.952746, -0.752521, -0.691933, -1.396195, 1.332161, 0.610983, -1.319914, -0.762603, 1.65806, -0.981352, -0.145623, -0.880559, -1.717299, -0.991217, 1.342174, 0.020626, -0.072041]",86.51,-54.59,-43.12,-39.64,-80.0,76.33,35.01,-75.63,-43.69,95.0,-56.23,-8.34,-50.45,-98.39,-56.79,76.9,1.18,-4.13
digits/2_dejavuserif-bold,digits,targets/digits/2_dejavuserif-bold.png,0.6124,0.5831,0.0205,0.5466,10,6,3,0.2,171.5,digits/2_dejavuserif-bold/2_dejavuserif-bold_best.png,"[-0.799509, -0.710075, -1.622927, 0.55586, -2.495802, 1.26669, 1.195601, -0.603123, 0.894663, 0.22595, 0.135019, 0.831794, 1.160906, -1.562953, -1.444539, 0.309064, 0.469497, 0.387201]",-45.81,-40.68,-92.99,31.85,-143.0,72.58,68.5,-34.56,51.26,12.95,7.74,47.66,66.52,-89.55,-82.77,17.71,26.9,22.18
abstract/device0_mpeg7-01,abstract,targets/abstract/device0_mpeg7-01.png,0.6121,0.5982,0.0157,0.5608,10,9,3,0.2,114.6,abstract/device0_mpeg7-01/device0_mpeg7-01_best.png,"[-0.528245, -0.844552, -0.926353, 1.620884, 2.8321, 1.514322, -0.410005, -0.570177, -1.002147, -1.046829, -0.701925, -0.134867, -0.339934, -1.217165, -0.548005, -1.65806, -0.590252, -0.121371]",-30.27,-48.39,-53.08,92.87,162.27,86.76,-23.49,-32.67,-57.42,-59.98,-40.22,-7.73,-19.48,-69.74,-31.4,-95.0,-33.82,-6.95
animals/turtle_mpeg7-02,animals,targets/animals/turtle_mpeg7-02.png,0.6106,0.5854,0.0194,0.5461,10,1,3,0.2,179.4,animals/turtle_mpeg7-02/turtle_mpeg7-02_best.png,"[-0.617907, -1.067559, -0.841391, 1.399748, -1.769363, 0.347317, 0.148167, -1.105545, -0.13554, 0.758586, -0.946512, 1.579725, -0.682747, -1.659324, -0.246765, -1.65806, 1.873618, 0.856921]",-35.4,-61.17,-48.21,80.2,-101.38,19.9,8.49,-63.34,-7.77,43.46,-54.23,90.51,-39.12,-95.07,-14.14,-95.0,107.35,49.1
letters_lower/a_dejavuserif-bold,letters_lower,targets/letters_lower/a_dejavuserif-bold.png,0.6086,0.5697,0.0249,0.5344,10,0,3,0.2,179.4,letters_lower/a_dejavuserif-bold/a_dejavuserif-bold_best.png,"[-1.91986, 0.599558, -0.948439, -1.550752, 2.80494, -0.174533, 0.724245, 0.273189, -1.69, -0.761059, -0.963661, 1.02588, -1.91986, -1.483886, -0.608627, 1.581636, -1.650378, 1.109016]",-110.0,34.35,-54.34,-88.85,160.71,-10.0,41.5,15.65,-96.83,-43.61,-55.21,58.78,-110.0,-85.02,-34.87,90.62,-94.56,63.54
animals/bird_mpeg7-01,animals,targets/animals/bird_mpeg7-01.png,0.6078,0.5888,0.0157,0.5603,10,8,3,0.2,178.9,animals/bird_mpeg7-01/bird_mpeg7-01_best.png,"[1.183543, -0.496085, -1.542229, -1.597267, -2.357273, 1.025134, 1.006242, -0.648168, 0.044102, -0.477244, -1.937032, 1.742443, -0.594323, -0.943636, -1.142497, -0.654913, 1.366143, 1.340661]",67.81,-28.42,-88.36,-91.52,-135.06,58.74,57.65,-37.14,2.53,-27.34,-110.98,99.83,-34.05,-54.07,-65.46,-37.52,78.27,76.81
animals/cattle_mpeg7-05,animals,targets/animals/cattle_mpeg7-05.png,0.6077,0.5846,0.0158,0.5458,10,7,3,0.2,171.3,animals/cattle_mpeg7-05/cattle_mpeg7-05_best.png,"[1.11043, -0.580242, -1.69, -1.457054, 1.609141, 0.35773, 0.832298, -0.500407, -0.260812, -1.65806, -1.197012, 1.74533, 0.804661, -0.730081, -0.475785, 1.65806, 1.04732, 1.012487]",63.62,-33.25,-96.83,-83.48,92.2,20.5,47.69,-28.67,-14.94,-95.0,-68.58,100.0,46.1,-41.83,-27.26,95.0,60.01,58.01
animals/turtle_mpeg7-01,animals,targets/animals/turtle_mpeg7-01.png,0.6076,0.5792,0.0177,0.5492,10,9,3,0.2,175.3,animals/turtle_mpeg7-01/turtle_mpeg7-01_best.png,"[0.672369, -0.460627, -1.485846, -1.65806, -1.997935, -0.174533, 0.48682, -0.289597, -1.12043, -1.65806, 1.937458, -0.005892, 0.818594, -0.688062, -1.69, -1.54134, -1.752904, 1.090107]",38.52,-26.39,-85.13,-95.0,-114.47,-10.0,27.89,-16.59,-64.2,-95.0,111.01,-0.34,46.9,-39.42,-96.83,-88.31,-100.43,62.46
abstract/device5_mpeg7-03,abstract,targets/abstract/device5_mpeg7-03.png,0.6062,0.5728,0.0255,0.5305,10,9,3,0.2,113.8,abstract/device5_mpeg7-03/device5_mpeg7-03_best.png,"[1.892126, 0.295324, -1.37493, 0.178559, 0.178411, 0.483629, 0.130368, -0.826442, -0.443032, 1.559319, -1.098371, 1.058213, -0.605709, -0.846846, -1.69, -0.8222, 2.494005, 1.587419]",108.41,16.92,-78.78,10.23,10.22,27.71,7.47,-47.35,-25.38,89.34,-62.93,60.63,-34.7,-48.52,-96.83,-47.11,142.9,90.95
letters_lower/m_dejavusansmono-bold,letters_lower,targets/letters_lower/m_dejavusansmono-bold.png,0.606,0.5716,0.0327,0.5016,10,1,3,0.2,176.2,letters_lower/m_dejavusansmono-bold/m_dejavusansmono-bold_best.png,"[1.02688, -0.794833, -1.137135, -0.856275, 2.063802, -0.174533, -1.187131, 0.543816, -1.662908, -1.026522, 1.396489, 0.773635, 0.629792, -1.299391, -1.574506, 1.445709, 2.22898, -0.038189]",58.84,-45.54,-65.15,-49.06,118.25,-10.0,-68.02,31.16,-95.28,-58.82,80.01,44.33,36.08,-74.45,-90.21,82.83,127.71,-2.19
animals/butterfly_mpeg7-01,animals,targets/animals/butterfly_mpeg7-01.png,0.6034,0.5777,0.0193,0.5344,10,6,3,0.2,177.2,animals/butterfly_mpeg7-01/butterfly_mpeg7-01_best.png,"[0.641043, -0.682673, -0.825256, 1.226621, -0.43532, 0.111821, 0.926395, -0.740381, -1.69, -1.282904, 1.53938, 0.681225, -1.047435, -0.020698, -0.147455, -1.413109, 2.14793, 0.373662]",36.73,-39.11,-47.28,70.28,-24.94,6.41,53.08,-42.42,-96.83,-73.5,88.2,39.03,-60.01,-1.19,-8.45,-80.97,123.07,21.41
letters_lower/e_dejavusansmono-bold,letters_lower,targets/letters_lower/e_dejavusansmono-bold.png,0.6031,0.5847,0.0136,0.5519,10,6,3,0.2,177.1,letters_lower/e_dejavusansmono-bold/e_dejavusansmono-bold_best.png,"[1.797678, -0.747288, -1.69, 1.607872, -1.087001, 1.372847, 0.906777, -1.001819, -1.024293, -1.14294, 2.79092, 1.639556, -0.949351, -1.587845, -1.69, 0.773508, -1.406108, 1.74533]",103.0,-42.82,-96.83,92.12,-62.28,78.66,51.95,-57.4,-58.69,-65.49,159.91,93.94,-54.39,-90.98,-96.83,44.32,-80.56,100.0
digits/5_dejavusans-bold,digits,targets/digits/5_dejavusans-bold.png,0.6027,0.5794,0.0195,0.5383,10,8,3,0.2,170.8,digits/5_dejavusans-bold/5_dejavusans-bold_best.png,"[-0.909494, -0.292561, -1.198667, -1.125956, -1.711037, 1.690547, -0.428361, -1.239636, -0.78817, 1.65806, -1.80471, 0.570764, -0.878556, -1.450616, -1.69, 1.101516, 0.020496, -0.065776]",-52.11,-16.76,-68.68,-64.51,-98.04,96.86,-24.54,-71.03,-45.16,95.0,-103.4,32.7,-50.34,-83.11,-96.83,63.11,1.17,-3.77
abstract/device0_mpeg7-04,abstract,targets/abstract/device0_mpeg7-04.png,0.6014,0.5824,0.013,0.5576,10,8,3,0.2,113.3,abstract/device0_mpeg7-04/device0_mpeg7-04_best.png,"[0.567099, -0.973368, -0.843486, 1.638752, 0.956741, 0.414145, -0.508703, -1.21606, 0.142243, 1.643538, 0.963033, 0.746709, 0.40694, -1.071829, -0.320903, -0.825411, -1.208879, 0.058202]",32.49,-55.77,-48.33,93.89,54.82,23.73,-29.15,-69.68,8.15,94.17,55.18,42.78,23.32,-61.41,-18.39,-47.29,-69.26,3.33
animals/beetle_mpeg7-04,animals,targets/animals/beetle_mpeg7-04.png,0.6014,0.5759,0.0109,0.56,10,2,3,0.2,175.1,animals/beetle_mpeg7-04/beetle_mpeg7-04_best.png,"[1.36185, -1.360674, -0.879085, -0.000335, -2.404979, 1.734467, -1.650923, -0.805934, 0.285801, -1.284165, -0.698778, 0.570793, -0.938166, -1.11737, -1.688193, 1.588897, 2.780046, 1.664865]",78.03,-77.96,-50.37,-0.02,-137.8,99.38,-94.59,-46.18,16.38,-73.58,-40.04,32.7,-53.75,-64.02,-96.73,91.04,159.28,95.39
animals/lmfish_mpeg7-03,animals,targets/animals/lmfish_mpeg7-03.png,0.6005,0.5592,0.0305,0.4775,10,8,3,0.2,184.3,animals/lmfish_mpeg7-03/lmfish_mpeg7-03_best.png,"[-1.450785, -1.737205, -0.78409, 0.828592, 2.777121, 0.886605, 1.910343, 0.283413, -1.457779, 0.157533, -0.078733, -0.086905, -1.409279, -1.474841, -0.507042, -0.302176, -0.491836, 1.567116]",-83.12,-99.53,-44.93,47.47,159.12,50.8,109.45,16.24,-83.52,9.03,-4.51,-4.98,-80.75,-84.5,-29.05,-17.31,-28.18,89.79
letters_lower/s_dejavusans-bold,letters_lower,targets/letters_lower/s_dejavusans-bold.png,0.5989,0.571,0.0185,0.5397,10,3,3,0.2,177.7,letters_lower/s_dejavusans-bold/s_dejavusans-bold_best.png,"[-1.919758, 0.428065, -0.492133, -1.366514, -0.812657, 1.409211, 1.919633, -0.905724, -1.147638, 0.991645, -1.354811, 1.286929, 1.919102, -1.332978, -0.247774, 1.65047, -1.950481, 1.742116]",-109.99,24.53,-28.2,-78.3,-46.56,80.74,109.99,-51.89,-65.75,56.82,-77.62,73.74,109.96,-76.37,-14.2,94.56,-111.75,99.82
letters_lower/s_dejavusansmono-bold,letters_lower,targets/letters_lower/s_dejavusansmono-bold.png,0.5973,0.5676,0.0167,0.5326,10,2,3,0.2,176.3,letters_lower/s_dejavusansmono-bold/s_dejavusansmono-bold_best.png,"[-1.069535, -0.302199, -1.066738, -1.287414, 1.540921, 1.361665, 0.644037, -1.563356, -0.504317, 1.622558, 0.457909, -0.073289, 1.013165, -1.216501, 1.535482, -0.681625, -2.459658, 1.490905]",-61.28,-17.31,-61.12,-73.76,88.29,78.02,36.9,-89.57,-28.9,92.97,26.24,-4.2,58.05,-69.7,87.98,-39.05,-140.93,85.42
abstract/device2_mpeg7-03,abstract,targets/abstract/device2_mpeg7-03.png,0.5966,0.5741,0.0127,0.5568,10,1,3,0.2,115.5,abstract/device2_mpeg7-03/device2_mpeg7-03_best.png,"[0.922252, -0.832818, -1.142385, -1.657991, 0.227538, 0.831658, -1.328058, 0.60075, -1.69, -1.27793, 1.044918, 1.166763, 0.813741, -0.587711, -0.822466, -0.949811, -2.727819, 0.096697]",52.84,-47.72,-65.45,-95.0,13.04,47.65,-76.09,34.42,-96.83,-73.22,59.87,66.85,46.62,-33.67,-47.12,-54.42,-156.29,5.54
animals/turtle_mpeg7-04,animals,targets/animals/turtle_mpeg7-04.png,0.5956,0.5605,0.0262,0.5131,10,7,3,0.2,175.9,animals/turtle_mpeg7-04/turtle_mpeg7-04_best.png,"[0.638236, -0.410429, -1.643498, -1.65806, -2.013287, 0.392927, 0.405283, -0.198946, -1.625974, -1.463619, 0.43011, 1.731386, -0.884733, -0.200898, -0.518447, 1.06824, -1.663212, 1.591973]",36.57,-23.52,-94.17,-95.0,-115.35,22.51,23.22,-11.4,-93.16,-83.86,24.64,99.2,-50.69,-11.51,-29.7,61.21,-95.3,91.21
animals/beetle_mpeg7-03,animals,targets/animals/beetle_mpeg7-03.png,0.5947,0.581,0.0107,0.5633,10,3,3,0.2,150.0,animals/beetle_mpeg7-03/beetle_mpeg7-03_best.png,"[-1.91986, -0.380173, 0.225709, -0.906831, 1.254755, 0.168273, 1.897149, -1.136456, -1.058275, 1.203581, 0.536495, 0.730152, 1.061433, -0.274679, -1.450934, -0.596739, -0.478457, -0.085192]",-110.0,-21.78,12.93,-51.96,71.89,9.64,108.7,-65.11,-60.63,68.96,30.74,41.83,60.82,-15.74,-83.13,-34.19,-27.41,-4.88
animals/camel_mpeg7-02,animals,targets/animals/camel_mpeg7-02.png,0.5936,0.5546,0.0165,0.5337,10,7,3,0.2,175.6,animals/camel_mpeg7-02/camel_mpeg7-02_best.png,"[-1.779058, 0.685749, -1.647026, -1.648184, -0.35183, 1.74533, 1.91986, -1.053509, -1.321625, 1.46208, -1.250227, 1.010952, 0.802737, -0.875494, -1.69, 0.45393, -2.568236, 0.548586]",-101.93,39.29,-94.37,-94.43,-20.16,100.0,110.0,-60.36,-75.72,83.77,-71.63,57.92,45.99,-50.16,-96.83,26.01,-147.15,31.43
hand_shadow/rabbit_hasper-01,hand_shadow,targets/hand_shadow/rabbit_hasper-01.png,0.5919,0.5663,0.0238,0.5029,10,9,3,0.2,175.3,hand_shadow/rabbit_hasper-01/rabbit_hasper-01_best.png,"[1.167771, -0.790259, -1.69, -1.265053, 0.433926, -0.161433, 1.912237, -0.22189, -1.298465, -1.511375, 0.366098, 1.196754, -0.481204, -1.027766, -1.69, -1.65806, 2.84121, -0.143122]",66.91,-45.28,-96.83,-72.48,24.86,-9.25,109.56,-12.71,-74.4,-86.6,20.98,68.57,-27.57,-58.89,-96.83,-95.0,162.79,-8.2
letters_lower/e_dejavuserif-bold,letters_lower,targets/letters_lower/e_dejavuserif-bold.png,0.5913,0.5705,0.0173,0.5393,10,2,3,0.2,178.8,letters_lower/e_dejavuserif-bold/e_dejavuserif-bold_best.png,"[-0.925045, -0.609722, -0.242268, -1.65806, 1.625992, 1.062041, 0.378543, -1.37898, -0.925941, 1.180584, 2.245089, 0.068605, 0.882675, 0.629578, -1.69, -1.65806, -0.836569, 1.499235]",-53.0,-34.93,-13.88,-95.0,93.16,60.85,21.69,-79.01,-53.05,67.64,128.63,3.93,50.57,36.07,-96.83,-95.0,-47.93,85.9
hand_shadow/crab_hasper-01,hand_shadow,targets/hand_shadow/crab_hasper-01.png,0.5908,0.5667,0.0251,0.5049,10,6,3,0.2,176.8,hand_shadow/crab_hasper-01/crab_hasper-01_best.png,"[1.055494, -0.757487, -1.438895, -1.267017, 0.783215, 1.414144, 1.91986, -0.307671, -1.659655, -1.65806, 2.457983, 0.287337, -0.310314, -0.798338, -1.218541, -1.038509, 2.209283, 1.121828]",60.48,-43.4,-82.44,-72.59,44.87,81.02,110.0,-17.63,-95.09,-95.0,140.83,16.46,-17.78,-45.74,-69.82,-59.5,126.58,64.28
abstract/device1_mpeg7-05,abstract,targets/abstract/device1_mpeg7-05.png,0.5889,0.5593,0.0173,0.5261,10,3,3,0.2,113.2,abstract/device1_mpeg7-05/device1_mpeg7-05_best.png,"[-1.785065, -0.507154, 0.130364, -0.241188, -1.249472, 0.740756, 1.144048, -1.095447, -1.69, 0.521459, 2.613517, 0.883058, 0.997936, -0.444966, -0.284049, 1.032071, -1.678587, -0.114073]",-102.28,-29.06,7.47,-13.82,-71.59,42.44,65.55,-62.76,-96.83,29.88,149.74,50.6,57.18,-25.49,-16.27,59.13,-96.18,-6.54
letters_lower/j_dejavusansmono-bold,letters_lower,targets/letters_lower/j_dejavusansmono-bold.png,0.5886,0.5365,0.0291,0.4868,10,2,3,0.2,181.4,letters_lower/j_dejavusansmono-bold/j_dejavusansmono-bold_best.png,"[-1.606381, 1.391022, -0.611117, -1.399646, -0.299837, -0.032377, 0.414001, -0.997064, -0.644998, 0.327236, 2.84121, 1.085057, 0.660617, -1.102605, -0.663664, 1.037065, 2.662952, 0.490636]",-92.04,79.7,-35.01,-80.19,-17.18,-1.86,23.72,-57.13,-36.96,18.75,162.79,62.17,37.85,-63.17,-38.03,59.42,152.58,28.11
digits/3_dejavusansmono-bold,digits,targets/digits/3_dejavusansmono-bold.png,0.5868,0.5529,0.0231,0.503,10,1,3,0.2,180.8,digits/3_dejavusansmono-bold/3_dejavusansmono-bold_best.png,"[-1.877302, 0.626643, -1.662755, -0.110532, -1.675231, 1.723743, -1.91986, 0.973452, -1.486552, -1.65806, 0.886312, 0.264198, 1.160522, -1.553837, 1.385791, 0.584162, -2.449117, 0.740606]",-107.56,35.9,-95.27,-6.33,-95.98,98.76,-110.0,55.77,-85.17,-95.0,50.78,15.14,66.49,-89.03,79.4,33.47,-140.32,42.43
animals/cattle_mpeg7-04,animals,targets/animals/cattle_mpeg7-04.png,0.5861,0.5565,0.0195,0.5244,10,8,3,0.2,173.6,animals/cattle_mpeg7-04/cattle_mpeg7-04_best.png,"[1.076332, -0.371319, -1.67039, -1.558142, -2.341196, 1.287515, -1.151174, -0.083434, -1.117224, 1.596247, -2.74385, 1.254457, -0.444765, -1.357762, -0.664782, -0.310739, -1.312684, 0.312316]",61.67,-21.28,-95.71,-89.27,-134.14,73.77,-65.96,-4.78,-64.01,91.46,-157.21,71.88,-25.48,-77.79,-38.09,-17.8,-75.21,17.89
animals/fly_mpeg7-05,animals,targets/animals/fly_mpeg7-05.png,0.5834,0.5558,0.0202,0.5192,10,1,3,0.2,163.6,animals/fly_mpeg7-05/fly_mpeg7-05_best.png,"[1.019784, -1.513042, -0.640399, 0.28389, -1.684141, 0.432537, -1.757508, 0.656058, -1.609542, -1.586399, 0.916401, -0.002274, 0.819247, -0.704421, -0.008187, 1.638194, -2.179884, 1.651317]",58.43,-86.69,-36.69,16.27,-96.49,24.78,-100.7,37.59,-92.22,-90.89,52.51,-0.13,46.94,-40.36,-0.47,93.86,-124.9,94.61
animals/horse_mpeg7-01,animals,targets/animals/horse_mpeg7-01.png,0.5829,0.5439,0.032,0.4733,10,6,3,0.2,185.7,animals/horse_mpeg7-01/horse_mpeg7-01_best.png,"[0.854877, -0.503852, -1.689329, -1.517454, 1.295616, -0.174523, 1.891504, -0.437127, -1.53421, -0.761196, 2.179764, -0.17235, 0.312881, -0.435302, -1.689258, -1.152898, -1.146099, 0.439721]",48.98,-28.87,-96.79,-86.94,74.23,-10.0,108.38,-25.05,-87.9,-43.61,124.89,-9.87,17.93,-24.94,-96.79,-66.06,-65.67,25.19
animals/horse_mpeg7-02,animals,targets/animals/horse_mpeg7-02.png,0.58,0.5256,0.0259,0.488,10,5,3,0.2,182.9,animals/horse_mpeg7-02/horse_mpeg7-02_best.png,"[0.700113, -1.536621, -0.110956, 1.10416, 0.047087, 1.331822, 0.124726, -1.374063, -0.076313, 0.233293, 1.355617, 0.79645, -0.466313, -1.74533, -0.519897, 1.488079, 2.25166, 1.727491]",40.11,-88.04,-6.36,63.26,2.7,76.31,7.15,-78.73,-4.37,13.37,77.67,45.63,-26.72,-100.0,-29.79,85.26,129.01,98.98
animals/bat_mpeg7-04,animals,targets/animals/bat_mpeg7-04.png,0.5796,0.5482,0.02,0.5223,10,1,3,0.2,135.6,animals/bat_mpeg7-04/bat_mpeg7-04_best.png,"[-0.741801, -0.600281, -1.69, -0.444762, -0.619479, 1.101365, -0.785154, -0.919052, -1.677877, 0.503503, -1.248862, 0.925901, 0.807092, -0.891961, 0.405763, 0.934947, -1.484001, 0.804627]",-42.5,-34.39,-96.83,-25.48,-35.49,63.1,-44.99,-52.66,-96.14,28.85,-71.55,53.05,46.24,-51.11,23.25,53.57,-85.03,46.1
animals/dog_mpeg7-04,animals,targets/animals/dog_mpeg7-04.png,0.5794,0.5398,0.0296,0.4889,10,6,3,0.2,177.1,animals/dog_mpeg7-04/dog_mpeg7-04_best.png,"[1.026156, -0.633748, -1.69, -1.032876, 0.052618, 0.527742, 1.011532, 0.078973, -1.547751, 1.076677, 2.679487, 0.451727, 0.770925, -0.134239, -1.69, 1.482057, 0.42511, 0.115604]",58.79,-36.31,-96.83,-59.18,3.01,30.24,57.96,4.52,-88.68,61.69,153.52,25.88,44.17,-7.69,-96.83,84.92,24.36,6.62
hand_shadow/elephant_hasper-02,hand_shadow,targets/hand_shadow/elephant_hasper-02.png,0.5788,0.5286,0.0368,0.4599,10,1,3,0.2,180.9,hand_shadow/elephant_hasper-02/elephant_hasper-02_best.png,"[0.226711, -0.194924, -1.69, -1.65806, -0.625717, 0.023868, 0.162547, 0.032135, -1.69, -1.319365, 0.84698, -0.132944, -0.511772, 0.426862, -1.69, -1.65806, -0.970727, 1.704237]",12.99,-11.17,-96.83,-95.0,-35.85,1.37,9.31,1.84,-96.83,-75.59,48.53,-7.62,-29.32,24.46,-96.83,-95.0,-55.62,97.65
animals/cattle_mpeg7-03,animals,targets/animals/cattle_mpeg7-03.png,0.5781,0.5546,0.016,0.5194,10,6,3,0.2,174.5,animals/cattle_mpeg7-03/cattle_mpeg7-03_best.png,"[-0.506552, -1.168954, -0.371544, 0.971068, -0.409355, -0.088327, 0.313598, -1.732191, 0.234553, 1.061345, 0.735022, -0.025722, -0.870489, -1.743916, -0.802949, -0.156055, 1.344097, -0.169381]",-29.02,-66.98,-21.29,55.64,-23.45,-5.06,17.97,-99.25,13.44,60.81,42.11,-1.47,-49.88,-99.92,-46.01,-8.94,77.01,-9.7
animals/turtle_mpeg7-05,animals,targets/animals/turtle_mpeg7-05.png,0.5773,0.5539,0.017,0.5292,10,3,3,0.2,177.9,animals/turtle_mpeg7-05/turtle_mpeg7-05_best.png,"[0.678597, -1.448305, -0.806463, 1.26504, 1.893021, 0.505024, 0.280915, -1.126907, -0.238798, 0.7319, 2.662796, 1.419497, -0.408153, -1.649295, -0.045081, 1.134733, 0.918074, 0.625782]",38.88,-82.98,-46.21,72.48,108.46,28.94,16.1,-64.57,-13.68,41.93,152.57,81.33,-23.39,-94.5,-2.58,65.02,52.6,35.85
animals/butterfly_mpeg7-02,animals,targets/animals/butterfly_mpeg7-02.png,0.574,0.5469,0.0178,0.5136,10,5,3,0.2,170.8,animals/butterfly_mpeg7-02/butterfly_mpeg7-02_best.png,"[-1.822322, -0.313144, 0.210836, -1.27024, -2.242205, -0.165124, 0.790603, -0.91876, 0.165791, -1.489268, -2.044716, 0.872939, -0.939244, -1.204084, -1.620906, -1.604201, -0.73566, 1.720721]",-104.41,-17.94,12.08,-72.78,-128.47,-9.46,45.3,-52.64,9.5,-85.33,-117.15,50.02,-53.81,-68.99,-92.87,-91.91,-42.15,98.59
animals/camel_mpeg7-04,animals,targets/animals/camel_mpeg7-04.png,0.5737,0.557,0.0142,0.5336,10,3,3,0.2,174.2,animals/camel_mpeg7-04/camel_mpeg7-04_best.png,"[-1.718107, 0.196181, -0.627395, -0.306863, 0.862464, 1.672538, 0.553622, -1.001, -1.332758, 0.9652, 2.188835, 0.768559, -0.704578, -0.832385, -0.021647, 0.015105, -0.143834, 0.404817]",-98.44,11.24,-35.95,-17.58,49.42,95.83,31.72,-57.35,-76.36,55.3,125.41,44.04,-40.37,-47.69,-1.24,0.87,-8.24,23.19
animals/lmfish_mpeg7-01,animals,targets/animals/lmfish_mpeg7-01.png,0.5728,0.5516,0.0187,0.5056,10,5,3,0.2,177.4,animals/lmfish_mpeg7-01/lmfish_mpeg7-01_best.png,"[1.284283, -1.24427, -1.024596, 1.64459, 1.287508, 1.102345, 0.762609, -0.677968, -1.629402, -1.573899, 1.6028, -0.02603, 0.65118, -0.59114, -0.240297, 0.12962, 1.304723, 1.74533]",73.58,-71.29,-58.71,94.23,73.77,63.16,43.69,-38.84,-93.36,-90.18,91.83,-1.49,37.31,-33.87,-13.77,7.43,74.76,100.0
animals/beetle_mpeg7-05,animals,targets/animals/beetle_mpeg7-05.png,0.5726,0.5518,0.0169,0.5156,10,9,3,0.2,174.0,animals/beetle_mpeg7-05/beetle_mpeg7-05_best.png,"[0.968695, -0.464092, -1.677002, -1.65806, -0.286099, 0.768684, -1.91986, 0.23889, -1.183998, -1.652006, -0.415976, 0.478033, -1.91986, -1.52311, 0.046815, -1.65806, -0.484203, 0.739221]",55.5,-26.59,-96.09,-95.0,-16.39,44.04,-110.0,13.69,-67.84,-94.65,-23.83,27.39,-110.0,-87.27,2.68,-95.0,-27.74,42.35
hand_shadow/elephant_hasper-01,hand_shadow,targets/hand_shadow/elephant_hasper-01.png,0.5722,0.5285,0.04,0.4504,10,8,3,0.2,181.6,hand_shadow/elephant_hasper-01/elephant_hasper-01_best.png,"[0.18154, -0.142624, -1.69, -1.628307, -2.349336, -0.132774, 0.285619, 0.32423, -1.69, 1.294141, -2.506041, 1.247558, 0.096386, 0.202086, -1.69, -1.460492, -0.610225, 1.413975]",10.4,-8.17,-96.83,-93.3,-134.61,-7.61,16.36,18.58,-96.83,74.15,-143.59,71.48,5.52,11.58,-96.83,-83.68,-34.96,81.01
hand_shadow/deer_hasper-01,hand_shadow,targets/hand_shadow/deer_hasper-01.png,0.5694,0.5479,0.0109,0.5326,10,8,3,0.2,182.4,hand_shadow/deer_hasper-01/deer_hasper-01_best.png,"[1.087286, -0.688491, -1.649011, -1.614203, -1.319081, 0.950415, 0.368932, -0.932821, -0.393274, 0.875182, 1.613472, 0.044761, -0.744815, -0.718538, -1.029635, -1.231005, -0.471773, 0.206974]",62.3,-39.45,-94.48,-92.49,-75.58,54.45,21.14,-53.45,-22.53,50.14,92.45,2.56,-42.67,-41.17,-58.99,-70.53,-27.03,11.86
animals/bird_mpeg7-04,animals,targets/animals/bird_mpeg7-04.png,0.568,0.5309,0.0302,0.4642,10,9,3,0.2,177.0,animals/bird_mpeg7-04/bird_mpeg7-04_best.png,"[0.878625, -0.319628, -1.458298, -1.65806, -0.249636, -0.02547, 0.592333, -0.503525, -1.671511, -0.735023, 1.202378, 1.545414, -0.667029, -0.600945, -0.800537, 1.65806, 1.278433, 0.228086]",50.34,-18.31,-83.55,-95.0,-14.3,-1.46,33.94,-28.85,-95.77,-42.11,68.89,88.55,-38.22,-34.43,-45.87,95.0,73.25,13.07
abstract/stef_mpeg7-01,abstract,targets/abstract/stef_mpeg7-01.png,0.5653,0.5276,0.0249,0.4836,10,5,3,0.2,115.6,abstract/stef_mpeg7-01/stef_mpeg7-01_best.png,"[0.576406, -0.561564, -1.27543, 1.335291, 1.829055, 0.0696, -0.457246, -0.659408, -1.69, 1.48098, -0.5785, -0.174418, -1.134485, -0.944624, -1.669898, -1.243255, 1.155703, 1.57125]",33.03,-32.18,-73.08,76.51,104.8,3.99,-26.2,-37.78,-96.83,84.85,-33.15,-9.99,-65.0,-54.12,-95.68,-71.23,66.22,90.03
abstract/device3_mpeg7-05,abstract,targets/abstract/device3_mpeg7-05.png,0.5649,0.5439,0.0174,0.506,10,4,3,0.2,115.4,abstract/device3_mpeg7-05/device3_mpeg7-05_best.png,"[1.092796, -1.238891, -1.15595, 0.16913, 1.80427, 1.74533, -1.275829, 0.770624, -1.664854, -1.023365, -2.494114, 0.319914, -1.588354, 0.129406, -1.219785, 0.104698, 1.335343, 1.508852]",62.61,-70.98,-66.23,9.69,103.38,100.0,-73.1,44.15,-95.39,-58.63,-142.9,18.33,-91.01,7.41,-69.89,6.0,76.51,86.45
abstract/bone_mpeg7-04,abstract,targets/abstract/bone_mpeg7-04.png,0.5642,0.4927,0.0497,0.3747,10,5,3,0.2,115.2,abstract/bone_mpeg7-04/bone_mpeg7-04_best.png,"[0.57881, -1.745194, -1.34868, -0.714867, -0.717571, -0.173746, 0.099231, -0.426055, -1.67801, -0.139217, -2.371254, 0.789981, 1.070141, -0.239692, 1.289613, -1.537789, -1.800907, 0.050916]",33.16,-99.99,-77.27,-40.96,-41.11,-9.95,5.69,-24.41,-96.14,-7.98,-135.86,45.26,61.31,-13.73,73.89,-88.11,-103.18,2.92
abstract/device2_mpeg7-05,abstract,targets/abstract/device2_mpeg7-05.png,0.5635,0.5353,0.0128,0.5212,10,8,3,0.2,114.5,abstract/device2_mpeg7-05/device2_mpeg7-05_best.png,"[1.048055, -0.812286, -1.273329, -1.65806, -2.74385, 0.819954, -1.436948, -0.503012, -0.556126, 1.65806, -1.17457, 0.829746, -0.996389, -1.077768, -0.456157, -0.163609, -0.839697, 0.501872]",60.05,-46.54,-72.96,-95.0,-157.21,46.98,-82.33,-28.82,-31.86,95.0,-67.3,47.54,-57.09,-61.75,-26.14,-9.37,-48.11,28.76
animals/dog_mpeg7-05,animals,targets/animals/dog_mpeg7-05.png,0.563,0.5346,0.0223,0.4961,10,9,3,0.2,177.2,animals/dog_mpeg7-05/dog_mpeg7-05_best.png,"[1.146242, -0.580065, -0.515367, 0.759343, 2.205944, 0.558578, -0.634243, -0.605443, -1.69, -1.650549, 0.227611, 0.960835, -0.790673, -0.330261, -1.69, -1.624224, 2.23032, 0.887324]",65.67,-33.24,-29.53,43.51,126.39,32.0,-36.34,-34.69,-96.83,-94.57,13.04,55.05,-45.3,-18.92,-96.83,-93.06,127.79,50.84
animals/fish_mpeg7-03,animals,targets/animals/fish_mpeg7-03.png,0.5621,0.526,0.0301,0.4669,10,3,3,0.2,181.9,animals/fish_mpeg7-03/fish_mpeg7-03_best.png,"[-1.724323, -0.570032, 0.094163, 0.349326, 1.984165, 1.122648, 0.983406, -0.215878, -0.554372, 1.05081, 2.81651, -0.043736, 0.441111, -0.441996, -1.69, -1.239356, 0.983443, -0.147127]",-98.8,-32.66,5.4,20.01,113.68,64.32,56.35,-12.37,-31.76,60.21,161.37,-2.51,25.27,-25.32,-96.83,-71.01,56.35,-8.43
animals/fly_mpeg7-03,animals,targets/animals/fly_mpeg7-03.png,0.5601,0.5476,0.0124,0.5212,10,8,3,0.2,168.9,animals/fly_mpeg7-03/fly_mpeg7-03_best.png,"[0.722764, -1.488995, -0.214779, 0.468971, -2.743643, -0.173646, -0.311868, -1.718248, 0.478264, 1.01044, 1.572713, 0.883945, -0.708062, -1.739107, 0.36478, -0.189223, 1.054129, 1.70553]",41.41,-85.31,-12.31,26.87,-157.2,-9.95,-17.87,-98.45,27.4,57.89,90.11,50.65,-40.57,-99.64,20.9,-10.84,60.4,97.72
abstract/device1_mpeg7-01,abstract,targets/abstract/device1_mpeg7-01.png,0.5582,0.5041,0.0287,0.4685,10,0,3,0.2,112.6,abstract/device1_mpeg7-01/device1_mpeg7-01_best.png,"[-1.91986, -0.380346, 0.227695, -0.634211, 2.675827, 1.021632, -1.91986, -0.87967, -0.116146, -1.440013, 0.611252, 1.47807, -1.91986, -1.130628, -1.056381, -0.85543, -1.209345, 0.848483]",-110.0,-21.79,13.05,-36.34,153.31,58.54,-110.0,-50.4,-6.65,-82.51,35.02,84.69,-110.0,-64.78,-60.53,-49.01,-69.29,48.61
abstract/bone_mpeg7-02,abstract,targets/abstract/bone_mpeg7-02.png,0.5577,0.5261,0.0213,0.4893,10,0,3,0.2,114.6,abstract/bone_mpeg7-02/bone_mpeg7-02_best.png,"[-0.008647, -0.429695, -1.69, 0.096944, 1.54104, 1.74533, 1.297769, 0.427296, -0.269839, 0.274412, -0.22844, 0.153658, 0.106217, -0.506028, -1.531915, -0.246196, -2.629285, 1.378163]",-0.5,-24.62,-96.83,5.55,88.3,100.0,74.36,24.48,-15.46,15.72,-13.09,8.8,6.09,-28.99,-87.77,-14.11,-150.65,78.96
animals/cattle_mpeg7-02,animals,targets/animals/cattle_mpeg7-02.png,0.5546,0.5235,0.0218,0.4716,10,6,3,0.2,178.0,animals/cattle_mpeg7-02/cattle_mpeg7-02_best.png,"[0.843962, -0.622122, -0.78799, 1.621818, -2.190097, -0.174533, 0.761303, -0.711944, -1.686311, -1.16945, 2.829567, 1.453067, 0.405953, -0.555168, -1.429157, -1.141438, -0.99612, 0.189109]",48.36,-35.64,-45.15,92.92,-125.48,-10.0,43.62,-40.79,-96.62,-67.0,162.12,83.25,23.26,-31.81,-81.88,-65.4,-57.07,10.84
digits/3_dejavuserif-bold,digits,targets/digits/3_dejavuserif-bold.png,0.5543,0.5329,0.0126,0.513,10,3,3,0.2,165.3,digits/3_dejavuserif-bold/3_dejavuserif-bold_best.png,"[0.990909, -1.474188, -0.891142, 1.124739, 2.84121, -0.174533, 0.061091, -1.047972, -1.033099, 0.76669, 2.477857, 0.636303, 0.26909, 0.743912, -0.539076, 0.950567, 2.652963, 0.914369]",56.77,-84.46,-51.06,64.44,162.79,-10.0,3.5,-60.04,-59.19,43.93,141.97,36.46,15.42,42.62,-30.89,54.46,152.0,52.39
letters_lower/m_dejavusans-bold,letters_lower,targets/letters_lower/m_dejavusans-bold.png,0.551,0.5129,0.025,0.4795,10,5,3,0.2,176.8,letters_lower/m_dejavusans-bold/m_dejavusans-bold_best.png,"[0.187587, -0.876675, -0.612664, 1.65806, 2.792416, 1.396461, 0.469024, -1.039313, -1.660941, 1.487592, -1.117082, -0.174533, -0.7023, -1.463249, 0.118675, -0.681768, -2.64406, 1.74533]",10.75,-50.23,-35.1,95.0,159.99,80.01,26.87,-59.55,-95.16,85.23,-64.0,-10.0,-40.24,-83.84,6.8,-39.06,-151.49,100.0
digits/7_dejavuserif-bold,digits,targets/digits/7_dejavuserif-bold.png,0.5508,0.5312,0.014,0.5016,10,6,3,0.2,177.4,digits/7_dejavuserif-bold/7_dejavuserif-bold_best.png,"[0.010842, -0.609197, -1.622204, 0.829808, -2.74385, 1.74533, -0.059127, -0.377324, -0.725412, -0.950251, -2.450586, 1.695516, 0.457652, -0.821223, -1.342595, 0.243224, 1.911585, 1.559575]",0.62,-34.9,-92.95,47.54,-157.21,100.0,-3.39,-21.62,-41.56,-54.45,-140.41,97.15,26.22,-47.05,-76.93,13.94,109.53,89.36
animals/sea-snake_mpeg7-05,animals,targets/animals/sea-snake_mpeg7-05.png,0.5497,0.4991,0.064,0.3681,10,0,3,0.2,180.2,animals/sea-snake_mpeg7-05/sea-snake_mpeg7-05_best.png,"[-0.077451, -0.049126, -1.69, -0.958744, 1.25028, 0.012397, -0.856263, -1.521034, -1.000927, 0.621998, 2.383464, 0.453954, 1.01521, -1.553244, 1.555822, 0.013228, 0.114838, 1.559221]",-4.44,-2.81,-96.83,-54.93,71.64,0.71,-49.06,-87.15,-57.35,35.64,136.56,26.01,58.17,-88.99,89.14,0.76,6.58,89.34
animals/dog_mpeg7-02,animals,targets/animals/dog_mpeg7-02.png,0.5495,0.5272,0.0245,0.4593,10,8,3,0.2,185.1,animals/dog_mpeg7-02/dog_mpeg7-02_best.png,"[0.632682, -0.453353, -1.644017, -1.65806, -2.088291, -0.174533, -0.957556, -0.54547, -0.718916, 1.153308, -2.74385, -0.124271, -0.957062, -0.47788, -1.128676, 1.65806, 0.508101, -0.016388]",36.25,-25.98,-94.2,-95.0,-119.65,-10.0,-54.86,-31.25,-41.19,66.08,-157.21,-7.12,-54.84,-27.38,-64.67,95.0,29.11,-0.94
abstract/device7_mpeg7-01,abstract,targets/abstract/device7_mpeg7-01.png,0.5494,0.5259,0.0143,0.5037,10,6,3,0.2,115.6,abstract/device7_mpeg7-01/device7_mpeg7-01_best.png,"[0.955558, -0.454129, -1.69, -1.610787, 2.450088, 0.8147, -0.252406, -0.145156, -1.61194, -1.298591, -2.65371, 1.170979, -0.323382, -1.368421, 0.000196, 0.669877, -0.095868, 1.012747]",54.75,-26.02,-96.83,-92.29,140.38,46.68,-14.46,-8.32,-92.36,-74.4,-152.05,67.09,-18.53,-78.4,0.01,38.38,-5.49,58.03
animals/sea-snake_mpeg7-02,animals,targets/animals/sea-snake_mpeg7-02.png,0.5477,0.4608,0.0563,0.3644,10,5,3,0.2,176.8,animals/sea-snake_mpeg7-02/sea-snake_mpeg7-02_best.png,"[-1.905478, 1.407637, -1.040369, -0.460253, 1.92874, 0.624069, -0.199488, -0.94691, -1.152075, 0.03704, 1.558602, -0.037742, 0.972049, 1.220861, -1.69, -1.65806, -2.253892, 1.069524]",-109.18,80.65,-59.61,-26.37,110.51,35.76,-11.43,-54.25,-66.01,2.12,89.3,-2.16,55.69,69.95,-96.83,-95.0,-129.14,61.28
animals/bat_mpeg7-03,animals,targets/animals/bat_mpeg7-03.png,0.5442,0.5108,0.0191,0.4823,10,9,3,0.2,137.5,animals/bat_mpeg7-03/bat_mpeg7-03_best.png,"[-1.370905, -1.014374, -0.055901, 0.461799, 2.78309, 0.732875, -1.089691, -1.099535, -1.646419, -0.913265, 0.984749, 1.108681, -1.093027, -1.331276, 0.171536, 1.374094, 1.794151, 1.506786]",-78.55,-58.12,-3.2,26.46,159.46,41.99,-62.43,-63.0,-94.33,-52.33,56.42,63.52,-62.63,-76.28,9.83,78.73,102.8,86.33
animals/horse_mpeg7-05,animals,targets/animals/horse_mpeg7-05.png,0.5407,0.5057,0.0185,0.4835,10,9,3,0.2,177.8,animals/horse_mpeg7-05/horse_mpeg7-05_best.png,"[-1.471332, -0.011303, -0.719262, 0.325559, 2.113175, 1.521119, 0.761605, -0.573116, -1.69, -1.608498, 0.312812, 1.623586, 0.357173, -0.356379, -1.69, -1.278762, -1.110153, 0.146915]",-84.3,-0.65,-41.21,18.65,121.08,87.15,43.64,-32.84,-96.83,-92.16,17.92,93.02,20.46,-20.42,-96.83,-73.27,-63.61,8.42
abstract/bone_mpeg7-01,abstract,targets/abstract/bone_mpeg7-01.png,0.5382,0.4956,0.0225,0.4708,10,0,3,0.2,115.7,abstract/bone_mpeg7-01/bone_mpeg7-01_best.png,"[-0.025841, -0.425815, -1.689294, 0.099029, 1.232268, 1.743535, 1.287766, 0.842019, -0.946322, 0.686034, 0.29321, 0.703279, -0.019385, -0.500781, -1.49357, -0.343484, -2.519705, 1.263716]",-1.48,-24.4,-96.79,5.67,70.6,99.9,73.78,48.24,-54.22,39.31,16.8,40.29,-1.11,-28.69,-85.58,-19.68,-144.37,72.41
animals/lizzard_mpeg7-03,animals,targets/animals/lizzard_mpeg7-03.png,0.537,0.5083,0.0233,0.4454,10,6,3,0.2,180.8,animals/lizzard_mpeg7-03/lizzard_mpeg7-03_best.png,"[0.54425, -0.370131, -1.474859, -1.254148, -1.849843, 1.713022, 0.616157, -0.427429, -1.69, -1.174263, -0.571893, 0.886418, -0.408199, 0.291041, -1.428558, -1.65806, 1.156845, 0.165838]",31.18,-21.21,-84.5,-71.86,-105.99,98.15,35.3,-24.49,-96.83,-67.28,-32.77,50.79,-23.39,16.68,-81.85,-95.0,66.28,9.5
abstract/spring_mpeg7-04,abstract,targets/abstract/spring_mpeg7-04.png,0.5367,0.514,0.0162,0.4849,10,4,3,0.2,116.1,abstract/spring_mpeg7-04/spring_mpeg7-04_best.png,"[0.724916, -0.404648, -1.538324, -1.140277, 2.320796, 0.154887, 1.129559, -0.162123, 0.308293, 1.65806, -0.331733, 0.192229, 0.573597, -0.289197, -1.518236, -0.492017, -2.283459, 0.718534]",41.53,-23.18,-88.14,-65.33,132.97,8.87,64.72,-9.29,17.66,95.0,-19.01,11.01,32.86,-16.57,-86.99,-28.19,-130.83,41.17
letters_lower/m_dejavuserif-bold,letters_lower,targets/letters_lower/m_dejavuserif-bold.png,0.5347,0.5007,0.025,0.4538,10,8,3,0.2,172.2,letters_lower/m_dejavuserif-bold/m_dejavuserif-bold_best.png,"[-0.661332, -0.801677, -0.993396, -1.317311, 1.257593, -0.174533, 0.685346, 0.208686, -1.689081, -1.597801, -1.378315, 0.623626, -0.389729, -1.133915, -1.69, 1.393199, -0.159309, 0.073132]",-37.89,-45.93,-56.92,-75.48,72.05,-10.0,39.27,11.96,-96.78,-91.55,-78.97,35.73,-22.33,-64.97,-96.83,79.82,-9.13,4.19
animals/fish_mpeg7-04,animals,targets/animals/fish_mpeg7-04.png,0.5323,0.5019,0.0141,0.4779,10,2,3,0.2,181.0,animals/fish_mpeg7-04/fish_mpeg7-04_best.png,"[-1.91986, -0.384988, -0.281211, 0.88082, 1.363804, 0.484882, 0.976576, -0.473238, 0.020439, 0.520219, -0.287151, 0.379007, 1.408872, 0.291372, -1.168847, 1.649862, -2.715992, 0.699117]",-110.0,-22.06,-16.11,50.47,78.14,27.78,55.95,-27.11,1.17,29.81,-16.45,21.72,80.72,16.69,-66.97,94.53,-155.61,40.06
animals/bat_mpeg7-05,animals,targets/animals/bat_mpeg7-05.png,0.5316,0.5173,0.0153,0.4781,10,8,3,0.2,144.9,animals/bat_mpeg7-05/bat_mpeg7-05_best.png,"[-0.921934, -0.656774, -1.549943, -1.120875, 1.747272, 0.977867, 0.982723, -0.824882, -0.246652, 0.69249, 1.765417, 0.260859, -0.994767, -0.845014, -1.69, -0.592675, 1.899645, 1.703591]",-52.82,-37.63,-88.81,-64.22,100.11,56.03,56.31,-47.26,-14.13,39.68,101.15,14.95,-57.0,-48.42,-96.83,-33.96,108.84,97.61
animals/lizzard_mpeg7-01,animals,targets/animals/lizzard_mpeg7-01.png,0.5312,0.4898,0.0254,0.439,10,4,3,0.2,180.7,animals/lizzard_mpeg7-01/lizzard_mpeg7-01_best.png,"[0.00757, -0.514575, -1.00233, -1.65806, 2.314346, -0.174533, 0.939704, 0.736997, -1.69, -1.65806, -1.470305, 1.088816, 0.094505, -0.409285, -0.796458, -1.280189, -2.084974, 1.74533]",0.43,-29.48,-57.43,-95.0,132.6,-10.0,53.84,42.23,-96.83,-95.0,-84.24,62.38,5.41,-23.45,-45.63,-73.35,-119.46,100.0
abstract/device2_mpeg7-04,abstract,targets/abstract/device2_mpeg7-04.png,0.5277,0.4947,0.0223,0.4424,10,7,3,0.2,112.3,abstract/device2_mpeg7-04/device2_mpeg7-04_best.png,"[1.014878, -0.624206, -1.550245, -1.65806, 2.84121, 0.948037, 0.93481, -0.620023, -0.602377, 0.656963, 1.006474, 1.4129, 1.009273, -0.034065, 0.558108, -0.078185, -0.896722, 1.72618]",58.15,-35.76,-88.82,-95.0,162.79,54.32,53.56,-35.52,-34.51,37.64,57.67,80.95,57.83,-1.95,31.98,-4.48,-51.38,98.9
animals/deer_mpeg7-05,animals,targets/animals/deer_mpeg7-05.png,0.5269,0.4986,0.0173,0.4685,10,2,3,0.2,176.4,animals/deer_mpeg7-05/deer_mpeg7-05_best.png,"[-1.91986, -0.883435, 0.045068, 1.119138, 1.074004, 1.172996, 1.041827, -0.278106, -0.331911, 1.65806, -1.333038, 0.192193, 0.397315, -1.334288, -0.51074, -0.371857, 2.559625, 1.712776]",-110.0,-50.62,2.58,64.12,61.54,67.21,59.69,-15.93,-19.02,95.0,-76.38,11.01,22.76,-76.45,-29.26,-21.31,146.66,98.13
animals/deer_mpeg7-03,animals,targets/animals/deer_mpeg7-03.png,0.5254,0.4963,0.012,0.4843,10,8,3,0.2,174.7,animals/deer_mpeg7-03/deer_mpeg7-03_best.png,"[-0.674928, -1.024736, -0.574966, 0.893087, 1.538729, 1.456157, 0.755415, -1.18728, 0.095714, -0.858552, 2.573205, 1.048301, -1.088915, -1.74533, -1.294908, 0.483636, 1.095914, 0.924446]",-38.67,-58.71,-32.94,51.17,88.16,83.43,43.28,-68.03,5.48,-49.19,147.43,60.06,-62.39,-100.0,-74.19,27.71,62.79,52.97
animals/fish_mpeg7-02,animals,targets/animals/fish_mpeg7-02.png,0.5253,0.5016,0.0183,0.4709,10,9,3,0.2,179.9,animals/fish_mpeg7-02/fish_mpeg7-02_best.png,"[1.483481, -1.713752, 0.370609, -1.388516, -1.487998, 1.745126, -0.399891, -0.494375, -1.69, -1.317841, 1.941551, 0.234961, 0.95163, -0.455876, 0.131183, 0.198275, -1.85975, 0.335118]",85.0,-98.19,21.23,-79.56,-85.26,99.99,-22.91,-28.33,-96.83,-75.51,111.24,13.46,54.52,-26.12,7.52,11.36,-106.56,19.2
animals/deer_mpeg7-01,animals,targets/animals/deer_mpeg7-01.png,0.5237,0.4982,0.0172,0.4612,10,9,3,0.2,177.6,animals/deer_mpeg7-01/deer_mpeg7-01_best.png,"[-0.481977, -1.239249, -0.196191, 1.65806, 2.204367, 0.540887, 0.692551, -1.598809, -0.141647, -0.421201, 0.538618, 0.28318, 0.324065, -1.264854, 0.446746, 1.340344, -0.668858, 1.744815]",-27.62,-71.0,-11.24,95.0,126.3,30.99,39.68,-91.61,-8.12,-24.13,30.86,16.23,18.57,-72.47,25.6,76.8,-38.32,99.97
animals/lizzard_mpeg7-02,animals,targets/animals/lizzard_mpeg7-02.png,0.5232,0.483,0.0388,0.4191,10,5,3,0.2,177.6,animals/lizzard_mpeg7-02/lizzard_mpeg7-02_best.png,"[0.498399, -1.487939, -0.663683, 1.019321, -2.413014, -0.059226, 0.008132, -1.024783, -0.942776, 0.960208, -2.08643, 0.196626, -1.525716, -1.74533, 0.606715, 1.291065, -0.503727, 1.205076]",28.56,-85.25,-38.03,58.4,-138.26,-3.39,0.47,-58.72,-54.02,55.02,-119.54,11.27,-87.42,-100.0,34.76,73.97,-28.86,69.05
abstract/stef_mpeg7-05,abstract,targets/abstract/stef_mpeg7-05.png,0.5222,0.4977,0.0117,0.4834,10,3,3,0.2,142.6,abstract/stef_mpeg7-05/stef_mpeg7-05_best.png,"[-0.650281, -1.01104, -0.465591, 0.934705, -1.520422, -0.032919, -1.514576, -0.20751, -1.689236, -1.554858, -0.601277, 1.494269, -0.695575, -1.176493, -1.435293, -0.337794, 0.849017, 0.429743]",-37.26,-57.93,-26.68,53.55,-87.11,-1.89,-86.78,-11.89,-96.79,-89.09,-34.45,85.62,-39.85,-67.41,-82.24,-19.35,48.65,24.62
abstract/bone_mpeg7-03,abstract,targets/abstract/bone_mpeg7-03.png,0.5209,0.4811,0.0181,0.4522,15,14,3,0.2,169.9,abstract/bone_mpeg7-03/bone_mpeg7-03_best.png,"[-1.099794, 0.055869, 1.518114, -0.737861, 0.937214, 0.709213, 0.03687, -0.419541, -1.69, -0.082352, 2.786973, 0.905032, -0.271654, -0.352354, 1.434475, 0.588678, -1.275412, 1.142751]",-63.01,3.2,86.98,-42.28,53.7,40.63,2.11,-24.04,-96.83,-4.72,159.68,51.85,-15.56,-20.19,82.19,33.73,-73.08,65.47
animals/sea-snake_mpeg7-04,animals,targets/animals/sea-snake_mpeg7-04.png,0.5208,0.4745,0.0214,0.444,15,14,3,0.2,265.2,animals/sea-snake_mpeg7-04/sea-snake_mpeg7-04_best.png,"[-0.473118, -0.476463, -1.333287, -1.407631, 1.857929, 1.118265, 0.681362, -0.589586, -0.717492, 1.65806, -1.015217, 0.69801, 0.695246, -0.601093, 0.821097, -1.149753, 0.974925, -0.174533]",-27.11,-27.3,-76.39,-80.65,106.45,64.07,39.04,-33.78,-41.11,95.0,-58.17,39.99,39.83,-34.44,47.05,-65.88,55.86,-10.0
animals/deer_mpeg7-02,animals,targets/animals/deer_mpeg7-02.png,0.5193,0.4959,0.0156,0.4717,10,2,3,0.2,174.6,animals/deer_mpeg7-02/deer_mpeg7-02_best.png,"[-1.892681, -0.620846, -0.150301, 1.332607, 2.619783, 0.508713, 0.997039, -0.297279, -0.317802, 1.65806, -1.423434, 0.217157, 0.599563, -1.375372, -0.562574, -0.276645, -2.741909, 0.806586]",-108.44,-35.57,-8.61,76.35,150.1,29.15,57.13,-17.03,-18.21,95.0,-81.56,12.44,34.35,-78.8,-32.23,-15.85,-157.1,46.21
abstract/bone_mpeg7-05,abstract,targets/abstract/bone_mpeg7-05.png,0.5185,0.4828,0.0274,0.4261,10,2,3,0.2,114.9,abstract/bone_mpeg7-05/bone_mpeg7-05_best.png,"[-0.072132, -0.420844, -1.69, -0.108552, -2.007499, 1.699858, 1.418089, -1.74533, 1.559025, 0.124391, 2.442173, -0.111627, 1.248174, 0.946452, -1.038952, 0.531028, -2.389164, 0.696556]",-4.13,-24.11,-96.83,-6.22,-115.02,97.39,81.25,-100.0,89.33,7.13,139.93,-6.4,71.52,54.23,-59.53,30.43,-136.89,39.91
digits/5_dejavuserif-bold,digits,targets/digits/5_dejavuserif-bold.png,0.5176,0.4797,0.0297,0.4196,10,3,3,0.2,180.7,digits/5_dejavuserif-bold/5_dejavuserif-bold_best.png,"[-1.91986, 0.798067, -1.31953, -1.65806, 0.914088, 1.74533, -0.046693, -0.220213, -1.493285, -0.766439, 2.385776, -0.174533, 0.028756, -0.168079, -1.1621, -0.515445, 0.624698, 1.006656]",-110.0,45.73,-75.6,-95.0,52.37,100.0,-2.68,-12.62,-85.56,-43.91,136.69,-10.0,1.65,-9.63,-66.58,-29.53,35.79,57.68
animals/fish_mpeg7-05,animals,targets/animals/fish_mpeg7-05.png,0.5171,0.4894,0.0186,0.4512,10,6,3,0.2,177.1,animals/fish_mpeg7-05/fish_mpeg7-05_best.png,"[1.176015, -0.730549, -1.618021, -0.909429, 1.763416, 1.374844, -0.214637, -0.643425, -1.289122, -1.65806, -1.295547, 0.596015, 0.711804, -0.72607, -0.05804, 1.018247, -1.595312, -0.089768]",67.38,-41.86,-92.71,-52.11,101.04,78.77,-12.3,-36.87,-73.86,-95.0,-74.23,34.15,40.78,-41.6,-3.33,58.34,-91.4,-5.14
animals/lizzard_mpeg7-05,animals,targets/animals/lizzard_mpeg7-05.png,0.513,0.4888,0.0157,0.4594,10,8,3,0.2,177.2,animals/lizzard_mpeg7-05/lizzard_mpeg7-05_best.png,"[0.882926, -0.59247, -1.522127, -1.538539, -2.13923, 0.715356, 1.366716, -0.771635, -1.04691, 1.018106, -1.997298, 1.74533, -0.05336, -0.015816, -0.913343, -1.127618, -0.986421, 0.382236]",50.59,-33.95,-87.21,-88.15,-122.57,40.99,78.31,-44.21,-59.98,58.33,-114.44,100.0,-3.06,-0.91,-52.33,-64.61,-56.52,21.9
animals/lizzard_mpeg7-04,animals,targets/animals/lizzard_mpeg7-04.png,0.5123,0.4829,0.0238,0.4321,10,5,3,0.2,181.4,animals/lizzard_mpeg7-04/lizzard_mpeg7-04_best.png,"[-1.91986, -0.129259, -0.51493, 0.448709, -1.375496, 1.465431, 1.890775, -0.321309, -1.668076, -0.927873, 0.404308, 1.67194, -0.023963, -1.083786, -1.69, 1.059858, -1.324617, -0.002742]",-110.0,-7.41,-29.5,25.71,-78.81,83.96,108.33,-18.41,-95.57,-53.16,23.17,95.8,-1.37,-62.1,-96.83,60.73,-75.89,-0.16
animals/horse_mpeg7-04,animals,targets/animals/horse_mpeg7-04.png,0.5047,0.4754,0.0147,0.4553,15,12,3,0.2,275.5,animals/horse_mpeg7-04/horse_mpeg7-04_best.png,"[0.304823, -1.170915, -0.583734, 1.532456, 1.074404, 0.820035, -0.418622, -1.382158, -0.099199, -1.656794, -1.848123, 0.469076, -0.004764, -1.744708, 0.117162, 1.099127, -2.287537, -0.161006]",17.47,-67.09,-33.45,87.8,61.56,46.98,-23.99,-79.19,-5.68,-94.93,-105.89,26.88,-0.27,-99.96,6.71,62.98,-131.07,-9.22
abstract/stef_mpeg7-02,abstract,targets/abstract/stef_mpeg7-02.png,0.4954,0.4775,0.018,0.4289,15,12,3,0.2,199.0,abstract/stef_mpeg7-02/stef_mpeg7-02_best.png,"[0.647986, -0.336437, -1.512482, 1.482237, -2.12844, 1.647005, 1.91986, -0.669335, -0.063638, 1.313723, -2.067485, 1.25053, -1.896769, -1.517549, -0.840023, -0.481602, 2.686522, 0.627999]",37.13,-19.28,-86.66,84.93,-121.95,94.37,110.0,-38.35,-3.65,75.27,-118.46,71.65,-108.68,-86.95,-48.13,-27.59,153.93,35.98
animals/fly_mpeg7-01,animals,targets/animals/fly_mpeg7-01.png,0.4883,0.4605,0.0181,0.4271,15,10,3,0.2,258.8,animals/fly_mpeg7-01/fly_mpeg7-01_best.png,"[1.086071, -0.790814, -1.361961, -1.65806, 1.865172, 1.736947, -1.511489, -0.884093, -1.160847, -0.064964, 0.139106, 0.66066, -0.31024, -0.136921, -1.664537, -1.472447, 2.477801, -0.025543]",62.23,-45.31,-78.03,-95.0,106.87,99.52,-86.6,-50.65,-66.51,-3.72,7.97,37.85,-17.78,-7.84,-95.37,-84.36,141.97,-1.46
animals/horse_mpeg7-03,animals,targets/animals/horse_mpeg7-03.png,0.484,0.4366,0.0219,0.3941,15,6,3,0.2,267.3,animals/horse_mpeg7-03/horse_mpeg7-03_best.png,"[0.049317, -1.483645, -0.202742, 1.65806, -2.137723, 0.492465, -0.04891, -0.395669, -1.69, -1.047018, -1.040894, 1.637605, -0.01033, -0.449851, -1.69, -1.628779, -1.51939, 0.038043]",2.83,-85.01,-11.62,95.0,-122.48,28.22,-2.8,-22.67,-96.83,-59.99,-59.64,93.83,-0.59,-25.77,-96.83,-93.32,-87.05,2.18
animals/beetle_mpeg7-01,animals,targets/animals/beetle_mpeg7-01.png,0.4801,0.4558,0.0151,0.4248,15,10,3,0.2,218.5,animals/beetle_mpeg7-01/beetle_mpeg7-01_best.png,"[-1.539772, -1.734011, 0.652903, -1.439715, -0.889865, 1.128163, -1.332939, -0.795139, -1.687069, 1.136552, -0.221357, 0.249102, 1.288882, 0.544759, -0.312008, -0.865437, 2.715349, 1.190379]",-88.22,-99.35,37.41,-82.49,-50.99,64.64,-76.37,-45.56,-96.66,65.12,-12.68,14.27,73.85,31.21,-17.88,-49.59,155.58,68.2
animals/deer_mpeg7-04,animals,targets/animals/deer_mpeg7-04.png,0.4643,0.4469,0.0134,0.4235,15,12,3,0.2,273.8,animals/deer_mpeg7-04/deer_mpeg7-04_best.png,"[1.319096, -1.185746, -0.408065, -1.654372, 2.347726, 1.298149, 0.766946, -0.569108, -0.934998, 1.646302, 2.05575, 1.689576, 0.877741, -0.715561, -1.680296, -0.781899, 1.183584, 1.640322]",75.58,-67.94,-23.38,-94.79,134.51,74.38,43.94,-32.61,-53.57,94.33,117.79,96.81,50.29,-41.0,-96.27,-44.8,67.81,93.98
animals/bat_mpeg7-02,animals,targets/animals/bat_mpeg7-02.png,0.4634,0.4419,0.0165,0.4046,15,1,3,0.2,216.7,animals/bat_mpeg7-02/bat_mpeg7-02_best.png,"[1.323034, -1.640889, -0.009544, 1.208513, 1.065438, 0.146612, -0.782618, -0.7336, -1.679661, -0.845, -1.536392, 0.987448, -0.949294, -0.891367, -0.025946, 0.640132, -0.862909, -0.174533]",75.8,-94.02,-0.55,69.24,61.05,8.4,-44.84,-42.03,-96.24,-48.41,-88.03,56.58,-54.39,-51.07,-1.49,36.68,-49.44,-10.0
abstract/stef_mpeg7-04,abstract,targets/abstract/stef_mpeg7-04.png,0.4624,0.4205,0.0228,0.3808,15,0,3,0.2,212.1,abstract/stef_mpeg7-04/stef_mpeg7-04_best.png,"[-0.55849, -0.936747, -0.338837, 0.657544, -1.217822, 1.124666, -0.858214, -1.031185, -1.593629, -0.743322, -1.174811, 1.74533, -0.927898, -1.2235, -0.076115, 1.598415, 1.501805, 0.454321]",-32.0,-53.67,-19.41,37.67,-69.78,64.44,-49.17,-59.08,-91.31,-42.59,-67.31,100.0,-53.16,-70.1,-4.36,91.58,86.05,26.03
animals/lmfish_mpeg7-04,animals,targets/animals/lmfish_mpeg7-04.png,0.447,0.4069,0.0207,0.3654,15,13,3,0.2,266.6,animals/lmfish_mpeg7-04/lmfish_mpeg7-04_best.png,"[-1.640758, -1.542129, 0.602154, 0.562255, 1.516387, 1.440904, 1.102617, -0.344033, -0.009669, 0.552197, -1.615782, 0.524668, -0.176269, -0.485804, -1.69, -1.025694, 0.961151, -0.174533]",-94.01,-88.36,34.5,32.21,86.88,82.56,63.18,-19.71,-0.55,31.64,-92.58,30.06,-10.1,-27.83,-96.83,-58.77,55.07,-10.0
animals/sea-snake_mpeg7-01,animals,targets/animals/sea-snake_mpeg7-01.png,0.4453,0.3894,0.0276,0.3403,15,7,3,0.2,271.2,animals/sea-snake_mpeg7-01/sea-snake_mpeg7-01_best.png,"[0.063248, -1.576176, 1.167625, -0.430397, -0.208907, 1.608827, 0.052166, -0.809793, -1.411082, 0.511424, -0.238673, 0.686795, -0.041711, -0.690385, -0.380732, -1.65806, 1.917087, 0.173286]",3.62,-90.31,66.9,-24.66,-11.97,92.18,2.99,-46.4,-80.85,29.3,-13.67,39.35,-2.39,-39.56,-21.81,-95.0,109.84,9.93
animals/lmfish_mpeg7-05,animals,targets/animals/lmfish_mpeg7-05.png,0.4419,0.4055,0.024,0.3612,15,4,3,0.2,278.5,animals/lmfish_mpeg7-05/lmfish_mpeg7-05_best.png,"[0.036978, -1.340699, -0.151701, 1.65806, 1.739422, 0.939199, 0.032636, -1.696948, 0.378205, -1.19063, 1.582055, 1.261156, 0.045164, -1.070686, -0.462524, -1.641011, 1.150672, 0.000226]",2.12,-76.82,-8.69,95.0,99.66,53.81,1.87,-97.23,21.67,-68.22,90.65,72.26,2.59,-61.35,-26.5,-94.02,65.93,0.01
abstract/spring_mpeg7-01,abstract,targets/abstract/spring_mpeg7-01.png,0.4357,0.4169,0.0146,0.3843,15,13,3,0.2,175.4,abstract/spring_mpeg7-01/spring_mpeg7-01_best.png,"[0.678885, -0.476315, -1.69, -0.950494, -2.683517, 1.669693, -1.163821, -0.556312, 0.117542, 1.041676, 2.558682, 1.717588, 0.978298, -0.863447, -1.69, -0.531174, 1.34255, -0.059599]",38.9,-27.29,-96.83,-54.46,-153.75,95.67,-66.68,-31.87,6.73,59.68,146.6,98.41,56.05,-49.47,-96.83,-30.43,76.92,-3.41
abstract/spring_mpeg7-05,abstract,targets/abstract/spring_mpeg7-05.png,0.4357,0.4169,0.0146,0.3843,15,13,3,0.2,173.5,abstract/spring_mpeg7-05/spring_mpeg7-05_best.png,"[0.678885, -0.476315, -1.69, -0.950494, -2.683517, 1.669693, -1.163821, -0.556312, 0.117542, 1.041676, 2.558682, 1.717588, 0.978298, -0.863447, -1.69, -0.531174, 1.34255, -0.059599]",38.9,-27.29,-96.83,-54.46,-153.75,95.67,-66.68,-31.87,6.73,59.68,146.6,98.41,56.05,-49.47,-96.83,-30.43,76.92,-3.41
abstract/stef_mpeg7-03,abstract,targets/abstract/stef_mpeg7-03.png,0.429,0.3909,0.0218,0.3516,15,12,3,0.2,196.8,abstract/stef_mpeg7-03/stef_mpeg7-03_best.png,"[-0.964472, -1.115149, -0.205888, 0.872119, -1.054955, 0.243103, 0.851383, -0.980711, 0.15266, 1.652161, 2.568001, 0.999692, -0.854502, -1.071654, -1.660905, -0.720529, 1.658125, 0.551628]",-55.26,-63.89,-11.8,49.97,-60.44,13.93,48.78,-56.19,8.75,94.66,147.14,57.28,-48.96,-61.4,-95.16,-41.28,95.0,31.61
abstract/device6_mpeg7-02,abstract,targets/abstract/device6_mpeg7-02.png,0.3885,0.3681,0.0128,0.3389,15,8,3,0.2,174.5,abstract/device6_mpeg7-02/device6_mpeg7-02_best.png,"[-0.225113, 0.033208, -1.520663, -1.372533, -1.305768, 1.397299, -0.15767, -1.134806, -0.147635, 1.116329, 1.674867, 0.994029, -0.247604, -1.677891, -0.737111, 0.998581, -2.424376, 1.71707]",-12.9,1.9,-87.13,-78.64,-74.81,80.06,-9.03,-65.02,-8.46,63.96,95.96,56.95,-14.19,-96.14,-42.23,57.21,-138.91,98.38
abstract/spring_mpeg7-02,abstract,targets/abstract/spring_mpeg7-02.png,0.3309,0.3065,0.0151,0.2766,15,5,3,0.2,172.0,abstract/spring_mpeg7-02/spring_mpeg7-02_best.png,"[0.874368, -0.706025, 0.033558, 1.65806, -2.175547, 1.74533, -0.132064, -0.832147, -1.62793, 1.088518, 1.211629, 1.697892, -0.079961, -0.996547, -1.69, 0.832715, -1.110394, 0.863705]",50.1,-40.45,1.92,95.0,-124.65,100.0,-7.57,-47.68,-93.27,62.37,69.42,97.28,-4.58,-57.1,-96.83,47.71,-63.62,49.49
abstract/spring_mpeg7-03,abstract,targets/abstract/spring_mpeg7-03.png,0.3257,0.2934,0.0244,0.2263,15,13,3,0.2,172.1,abstract/spring_mpeg7-03/spring_mpeg7-03_best.png,"[-0.025016, -0.377407, -1.608857, -1.469179, -0.945248, -0.174533, -0.056242, -0.383938, -1.532323, -1.158871, 1.762904, 0.319929, 0.978571, 0.452396, -1.110657, 1.338902, -2.20895, 0.465719]",-1.43,-21.62,-92.18,-84.18,-54.16,-10.0,-3.22,-22.0,-87.8,-66.4,101.01,18.33,56.07,25.92,-63.64,76.71,-126.56,26.68
animals/dog_mpeg7-03,animals,targets/animals/dog_mpeg7-03.png,0.3107,0.2903,0.0141,0.2549,15,14,3,0.2,267.3,animals/dog_mpeg7-03/dog_mpeg7-03_best.png,"[-1.91986, -0.90991, -1.15455, -0.350427, -1.61096, 1.565397, 0.025526, -0.30934, -1.69, -1.482056, 1.11076, -0.051149, 0.232826, -0.132611, -1.69, -1.65806, -0.031126, 0.918644]",-110.0,-52.13,-66.15,-20.08,-92.3,89.69,1.46,-17.72,-96.83,-84.92,63.64,-2.93,13.34,-7.6,-96.83,-95.0,-1.78,52.63
