[shard 0/1] 10 targets × 5 runs
[scene] so101 ×5: light_y=1.00 wall_y=-2.80 throw=3.80m table_len=0.80m | magnification 2.1x–3.8x
[shard 0] n_dof=30 arm_gap=0.2
[shard 0] variant=staged
[shard 0] wrote /home/souju/dev/umbra-bench-grounded/optimized/aimed-start-probe10/full-tiny-n5/BUDGET.md
[staged] Popsize: per-robot phases=32  final=16  (theory optimum for 6 DOF = 10)

[staged] Hungarian pre-assignment  (5×5 cost matrix, 8 samples/entry = 200 renders)...
[staged]   robot_a → zone 3  robot_b → zone 1  robot_c → zone 4  robot_d → zone 2  robot_e → zone 0

[staged] Phase 1 — forward greedy  (4 iters × 5 robot(s), sigma=0.40×1.00, popsize=32)
[staged]   Ph1 robot a  zone 3  (uncovered: 13% of target)
    voronoi warm-start: IoU 0.176 ≤ 0.208, kept current
    [parallel] 10 worker threads, one renderer clone each
    init sampling: best coverage score 469.0px of uncovered area  (16 samples)
[staged]   → robot a: IoU 0.208 → 0.469  ✓
    ↑ new global best IoU 0.469  [phase Ph1 robot a]
[staged]   Ph1 robot b  zone 1  (uncovered: 11% of target)
    voronoi warm-start: IoU 0.469 → 0.483 ✓
    [parallel] 10 worker threads, one renderer clone each
    init sampling: best coverage score 186.0px of uncovered area  (8 samples)
[staged]   → robot b: IoU 0.469 → 0.554  ✓
    ↑ new global best IoU 0.554  [phase Ph1 robot b]
[staged]   Ph1 robot c  zone 4  (uncovered: 3% of target)
    voronoi warm-start: IoU 0.519 ≤ 0.554, kept current
    [parallel] 10 worker threads, one renderer clone each
    init sampling: best coverage score 62.0px of uncovered area  (16 samples)
[staged]   → robot c: IoU 0.554 → 0.606  ✓
    ↑ new global best IoU 0.606  [phase Ph1 robot c]
[staged]   Ph1 robot d  zone 2  (uncovered: 7% of target)
    voronoi warm-start: IoU 0.606 → 0.614 ✓
    [parallel] 10 worker threads, one renderer clone each
    init sampling: best coverage score 28.0px of uncovered area  (8 samples)
[staged]   → robot d: IoU 0.606 → 0.646  ✓
    ↑ new global best IoU 0.646  [phase Ph1 robot d]
[staged]   Ph1 robot e  zone 0  (uncovered: 1% of target)
    voronoi warm-start: IoU 0.620 ≤ 0.646, kept current
    [parallel] 10 worker threads, one renderer clone each
    init sampling: best coverage score 28.0px of uncovered area  (16 samples)
[staged]   → robot e: IoU 0.646 → 0.647  ✓
    ↑ new global best IoU 0.647  [phase Ph1 robot e]
[staged] Phase 1 done — composite IoU: 0.647

[staged] Phase 2 — backward pass  (4 iters × 5 robots, sigma=0.300)
[staged]   contributions before Phase 2:
[staged]     robot a: +0.141 IoU
[staged]     robot b: +0.060 IoU
[staged]     robot c: +0.058 IoU
[staged]     robot d: +0.052 IoU
[staged]     robot e: +0.001 IoU  ← low
[staged]   Ph2 robot e  zone 0  (uncovered: 16% of target)
    [parallel] 10 worker threads, one renderer clone each
    init sampling: best coverage score 66.0px of uncovered area  (16 samples)
[staged]   → robot e: IoU 0.647 → 0.663  ✓
    ↑ new global best IoU 0.663  [phase Ph2 robot e]
[staged]   Ph2 robot d  zone 2  (uncovered: 22% of target)
    [parallel] 10 worker threads, one renderer clone each
    init sampling: best coverage score 109.0px of uncovered area  (16 samples)
[staged]   → robot d: IoU 0.663 → 0.677  ✓
    ↑ new global best IoU 0.677  [phase Ph2 robot d]
[staged]   Ph2 robot c  zone 4  (uncovered: 19% of target)
    [parallel] 10 worker threads, one renderer clone each
    init sampling: best coverage score 286.0px of uncovered area  (16 samples)
[staged]   → robot c: candidate 0.672 < current 0.677  ✗ rejected
[staged]   Ph2 robot b  zone 1  (uncovered: 24% of target)
    [parallel] 10 worker threads, one renderer clone each
    init sampling: best coverage score 383.0px of uncovered area  (16 samples)
[staged]   → robot b: candidate 0.664 < current 0.677  ✗ rejected
[staged]   Ph2 robot a  zone 3  (uncovered: 29% of target)
    [parallel] 10 worker threads, one renderer clone each
    init sampling: best coverage score 659.0px of uncovered area  (16 samples)
[staged]   → robot a: IoU 0.677 → 0.682  ✓
    ↑ new global best IoU 0.682  [phase Ph2 robot a]
[staged] Phase 2 done — composite IoU: 0.682

[staged] Best snapshot: Phase 2  IoU=0.682
[staged] Manifold final pass — computing Jacobian  (ε=0.020, 60 renders)
[staged] Manifold basis: k=9D / 30D  (variance≥85%, top eigenvalues: ['372963.53', '321231.31', '277569.94', '243566.16', '204360.20'])
    ↑ new global best IoU 0.692  [manifold final pass]
[staged] Manifold done — IoU: 0.692  (Δ=+0.011)  ✓
[staged] FD refinement — 5 Adam steps  (300 renders, lr=0.01, ε=0.02)
    ↑ new global best IoU 0.706  [FD refinement]
[staged] FD done — IoU: 0.706  (Δ=+0.013)  ✓
[staged] Done — final IoU: 0.706  loss: 0.2953
[staged] Popsize: per-robot phases=32  final=16  (theory optimum for 6 DOF = 10)

[staged] Hungarian pre-assignment  (5×5 cost matrix, 8 samples/entry = 200 renders)...
[staged]   robot_a → zone 0  robot_b → zone 1  robot_c → zone 3  robot_d → zone 4  robot_e → zone 2

[staged] Phase 1 — forward greedy  (4 iters × 5 robot(s), sigma=0.40×1.00, popsize=32)
[staged]   Ph1 robot a  zone 0  (uncovered: 14% of target)
    voronoi warm-start: IoU 0.176 ≤ 0.208, kept current
    [parallel] 10 worker threads, one renderer clone each
    init sampling: best coverage score 335.0px of uncovered area  (16 samples)
[staged]   → robot a: IoU 0.208 → 0.443  ✓
    ↑ new global best IoU 0.443  [phase Ph1 robot a]
[staged]   Ph1 robot b  zone 1  (uncovered: 9% of target)
    voronoi warm-start: IoU 0.416 ≤ 0.443, kept current
    [parallel] 10 worker threads, one renderer clone each
    init sampling: best coverage score 207.0px of uncovered area  (16 samples)
[staged]   → robot b: IoU 0.443 → 0.511  ✓
    ↑ new global best IoU 0.511  [phase Ph1 robot b]
[staged]   Ph1 robot c  zone 3  (uncovered: 4% of target)
    voronoi warm-start: IoU 0.485 ≤ 0.511, kept current
    [parallel] 10 worker threads, one renderer clone each
    init sampling: best coverage score 116.0px of uncovered area  (16 samples)
[staged]   → robot c: IoU 0.511 → 0.581  ✓
    ↑ new global best IoU 0.581  [phase Ph1 robot c]
[staged]   Ph1 robot d  zone 4  (uncovered: 6% of target)
    voronoi warm-start: IoU 0.581 → 0.589 ✓
    [parallel] 10 worker threads, one renderer clone each
    init sampling: best coverage score 119.0px of uncovered area  (8 samples)
[staged]   → robot d: IoU 0.581 → 0.629  ✓
    ↑ new global best IoU 0.629  [phase Ph1 robot d]
[staged]   Ph1 robot e  zone 2  (uncovered: 5% of target)
    voronoi warm-start: IoU 0.612 ≤ 0.629, kept current
    [parallel] 10 worker threads, one renderer clone each
    init sampling: best coverage score 200.0px of uncovered area  (16 samples)
[staged]   → robot e: IoU 0.629 → 0.676  ✓
    ↑ new global best IoU 0.676  [phase Ph1 robot e]
[staged] Phase 1 done — composite IoU: 0.676

[staged] Phase 2 — backward pass  (4 iters × 5 robots, sigma=0.300)
[staged]   contributions before Phase 2:
[staged]     robot a: +0.056 IoU
[staged]     robot b: +0.079 IoU
[staged]     robot c: +0.085 IoU
[staged]     robot d: +0.063 IoU
[staged]     robot e: +0.047 IoU  ← low
[staged]   Ph2 robot e  zone 2  (uncovered: 21% of target)
    [parallel] 10 worker threads, one renderer clone each
    init sampling: best coverage score 306.0px of uncovered area  (16 samples)
[staged]   → robot e: IoU 0.676 → 0.686  ✓
    ↑ new global best IoU 0.686  [phase Ph2 robot e]
[staged]   Ph2 robot d  zone 4  (uncovered: 21% of target)
    [parallel] 10 worker threads, one renderer clone each
    init sampling: best coverage score 208.0px of uncovered area  (16 samples)
[staged]   → robot d: candidate 0.671 < current 0.686  ✗ rejected
[staged]   Ph2 robot c  zone 3  (uncovered: 24% of target)
    [parallel] 10 worker threads, one renderer clone each
    init sampling: best coverage score 178.0px of uncovered area  (16 samples)
[staged]   → robot c: candidate 0.671 < current 0.686  ✗ rejected
[staged]   Ph2 robot b  zone 1  (uncovered: 24% of target)
    [parallel] 10 worker threads, one renderer clone each
    init sampling: best coverage score 457.0px of uncovered area  (16 samples)
[staged]   → robot b: candidate 0.665 < current 0.686  ✗ rejected
[staged]   Ph2 robot a  zone 0  (uncovered: 20% of target)
    [parallel] 10 worker threads, one renderer clone each
    init sampling: best coverage score 331.0px of uncovered area  (16 samples)
[staged]   → robot a: IoU 0.686 → 0.716  ✓
    ↑ new global best IoU 0.716  [phase Ph2 robot a]
[staged] Phase 2 done — composite IoU: 0.716

[staged] Best snapshot: Phase 2  IoU=0.716
[staged] Manifold final pass — computing Jacobian  (ε=0.020, 60 renders)
[staged] Manifold basis: k=11D / 30D  (variance≥85%, top eigenvalues: ['390655.31', '228112.98', '194558.56', '143075.95', '108371.31'])
[staged] Manifold did not improve (0.691 vs 0.716), keeping best snapshot
[staged] FD refinement — 5 Adam steps  (300 renders, lr=0.01, ε=0.02)
    ↑ new global best IoU 0.737  [FD refinement]
[staged] FD done — IoU: 0.737  (Δ=+0.020)  ✓
[staged] Done — final IoU: 0.737  loss: 0.2644
[staged] Popsize: per-robot phases=32  final=16  (theory optimum for 6 DOF = 10)

[staged] Hungarian pre-assignment  (5×5 cost matrix, 8 samples/entry = 200 renders)...
[staged]   robot_a → zone 1  robot_b → zone 2  robot_c → zone 0  robot_d → zone 4  robot_e → zone 3

[staged] Phase 1 — forward greedy  (4 iters × 5 robot(s), sigma=0.40×1.00, popsize=32)
[staged]   Ph1 robot a  zone 1  (uncovered: 17% of target)
    voronoi warm-start: IoU 0.208 → 0.397 ✓
    [parallel] 10 worker threads, one renderer clone each
    init sampling: best coverage score 103.0px of uncovered area  (8 samples)
[staged]   → robot a: IoU 0.208 → 0.460  ✓
    ↑ new global best IoU 0.460  [phase Ph1 robot a]
[staged]   Ph1 robot b  zone 2  (uncovered: 12% of target)
    voronoi warm-start: IoU 0.424 ≤ 0.460, kept current
    [parallel] 10 worker threads, one renderer clone each
    init sampling: best coverage score 215.0px of uncovered area  (16 samples)
[staged]   → robot b: IoU 0.460 → 0.527  ✓
    ↑ new global best IoU 0.527  [phase Ph1 robot b]
[staged]   Ph1 robot c  zone 0  (uncovered: 7% of target)
    voronoi warm-start: IoU 0.519 ≤ 0.527, kept current
    [parallel] 10 worker threads, one renderer clone each
    init sampling: best coverage score 276.0px of uncovered area  (16 samples)
[staged]   → robot c: IoU 0.527 → 0.558  ✓
    ↑ new global best IoU 0.558  [phase Ph1 robot c]
[staged]   Ph1 robot d  zone 4  (uncovered: 8% of target)
    voronoi warm-start: IoU 0.547 ≤ 0.558, kept current
    [parallel] 10 worker threads, one renderer clone each
    init sampling: best coverage score 210.0px of uncovered area  (16 samples)
[staged]   → robot d: IoU 0.558 → 0.589  ✓
    ↑ new global best IoU 0.589  [phase Ph1 robot d]
[staged]   Ph1 robot e  zone 3  (uncovered: 4% of target)
    voronoi warm-start: IoU 0.589 → 0.608 ✓
    [parallel] 10 worker threads, one renderer clone each
    init sampling: best coverage score 7.0px of uncovered area  (8 samples)
[staged]   → robot e: IoU 0.589 → 0.617  ✓
    ↑ new global best IoU 0.617  [phase Ph1 robot e]
[staged] Phase 1 done — composite IoU: 0.617

[staged] Phase 2 — backward pass  (4 iters × 5 robots, sigma=0.300)
[staged]   contributions before Phase 2:
[staged]     robot a: +0.096 IoU
[staged]     robot b: +0.095 IoU
[staged]     robot c: +0.035 IoU  ← low
[staged]     robot d: +0.046 IoU  ← low
[staged]     robot e: +0.027 IoU  ← low
[staged]   Ph2 robot e  zone 3  (uncovered: 22% of target)
    [parallel] 10 worker threads, one renderer clone each
    init sampling: best coverage score 154.0px of uncovered area  (16 samples)
[staged]   → robot e: IoU 0.617 → 0.632  ✓
    ↑ new global best IoU 0.632  [phase Ph2 robot e]
[staged]   Ph2 robot d  zone 4  (uncovered: 22% of target)
    [parallel] 10 worker threads, one renderer clone each
    init sampling: best coverage score 200.0px of uncovered area  (16 samples)
[staged]   → robot d: IoU 0.632 → 0.633  ✓
    ↑ new global best IoU 0.633  [phase Ph2 robot d]
[staged]   Ph2 robot c  zone 0  (uncovered: 23% of target)
    [parallel] 10 worker threads, one renderer clone each
    init sampling: best coverage score 251.0px of uncovered area  (16 samples)
[staged]   → robot c: IoU 0.633 → 0.649  ✓
    ↑ new global best IoU 0.649  [phase Ph2 robot c]
[staged]   Ph2 robot b  zone 2  (uncovered: 30% of target)
    [parallel] 10 worker threads, one renderer clone each
    init sampling: best coverage score 235.0px of uncovered area  (16 samples)
[staged]   → robot b: IoU 0.649 → 0.658  ✓
    ↑ new global best IoU 0.658  [phase Ph2 robot b]
[staged]   Ph2 robot a  zone 1  (uncovered: 40% of target)
    [parallel] 10 worker threads, one renderer clone each
    init sampling: best coverage score 1079.0px of uncovered area  (16 samples)
[staged]   → robot a: IoU 0.658 → 0.661  ✓
    ↑ new global best IoU 0.661  [phase Ph2 robot a]
[staged] Phase 2 done — composite IoU: 0.661

[staged] Best snapshot: Phase 2  IoU=0.661
[staged] Manifold final pass — computing Jacobian  (ε=0.020, 60 renders)
[staged] Manifold basis: k=9D / 30D  (variance≥85%, top eigenvalues: ['430679.78', '220332.53', '207047.56', '89346.09', '79093.90'])
[staged] Manifold did not improve (0.654 vs 0.661), keeping best snapshot
[staged] FD refinement — 5 Adam steps  (300 renders, lr=0.01, ε=0.02)
    ↑ new global best IoU 0.711  [FD refinement]
[staged] FD done — IoU: 0.711  (Δ=+0.050)  ✓
[staged] Done — final IoU: 0.711  loss: 0.2898
[staged] Popsize: per-robot phases=32  final=16  (theory optimum for 6 DOF = 10)

[staged] Hungarian pre-assignment  (5×5 cost matrix, 8 samples/entry = 200 renders)...
[staged]   robot_a → zone 2  robot_b → zone 3  robot_c → zone 4  robot_d → zone 1  robot_e → zone 0

[staged] Phase 1 — forward greedy  (4 iters × 5 robot(s), sigma=0.40×1.00, popsize=32)
[staged]   Ph1 robot a  zone 2  (uncovered: 20% of target)
    voronoi warm-start: IoU 0.208 → 0.393 ✓
    [parallel] 10 worker threads, one renderer clone each
    init sampling: best coverage score 601.0px of uncovered area  (8 samples)
[staged]   → robot a: IoU 0.208 → 0.419  ✓
    ↑ new global best IoU 0.419  [phase Ph1 robot a]
[staged]   Ph1 robot b  zone 3  (uncovered: 9% of target)
    voronoi warm-start: IoU 0.387 ≤ 0.419, kept current
    [parallel] 10 worker threads, one renderer clone each
    init sampling: best coverage score 179.0px of uncovered area  (16 samples)
[staged]   → robot b: IoU 0.419 → 0.492  ✓
    ↑ new global best IoU 0.492  [phase Ph1 robot b]
[staged]   Ph1 robot c  zone 4  (uncovered: 2% of target)
    voronoi warm-start: IoU 0.487 ≤ 0.492, kept current
    [parallel] 10 worker threads, one renderer clone each
    init sampling: best coverage score 42.0px of uncovered area  (16 samples)
[staged]   → robot c: IoU 0.492 → 0.530  ✓
    ↑ new global best IoU 0.530  [phase Ph1 robot c]
[staged]   Ph1 robot d  zone 1  (uncovered: 7% of target)
    voronoi warm-start: IoU 0.528 ≤ 0.530, kept current
    [parallel] 10 worker threads, one renderer clone each
    init sampling: best coverage score 201.0px of uncovered area  (16 samples)
[staged]   → robot d: IoU 0.530 → 0.566  ✓
    ↑ new global best IoU 0.566  [phase Ph1 robot d]
[staged]   Ph1 robot e  zone 0  (uncovered: 2% of target)
    voronoi warm-start: IoU 0.553 ≤ 0.566, kept current
    [parallel] 10 worker threads, one renderer clone each
    init sampling: best coverage score 48.0px of uncovered area  (16 samples)
[staged]   → robot e: IoU 0.566 → 0.590  ✓
    ↑ new global best IoU 0.590  [phase Ph1 robot e]
[staged] Phase 1 done — composite IoU: 0.590

[staged] Phase 2 — backward pass  (4 iters × 5 robots, sigma=0.300)
[staged]   contributions before Phase 2:
[staged]     robot a: +0.172 IoU
[staged]     robot b: +0.069 IoU
[staged]     robot c: +0.057 IoU
[staged]     robot d: +0.033 IoU  ← low
[staged]     robot e: +0.025 IoU  ← low
[staged]   Ph2 robot e  zone 0  (uncovered: 23% of target)
    [parallel] 10 worker threads, one renderer clone each
    init sampling: best coverage score 90.0px of uncovered area  (16 samples)
[staged]   → robot e: candidate 0.586 < current 0.590  ✗ rejected
[staged]   Ph2 robot d  zone 1  (uncovered: 24% of target)
    [parallel] 10 worker threads, one renderer clone each
    init sampling: best coverage score 189.0px of uncovered area  (16 samples)
[staged]   → robot d: candidate 0.580 < current 0.590  ✗ rejected
[staged]   Ph2 robot c  zone 4  (uncovered: 29% of target)
    [parallel] 10 worker threads, one renderer clone each
    init sampling: best coverage score 241.0px of uncovered area  (16 samples)
[staged]   → robot c: candidate 0.564 < current 0.590  ✗ rejected
[staged]   Ph2 robot b  zone 3  (uncovered: 33% of target)
    [parallel] 10 worker threads, one renderer clone each
    init sampling: best coverage score 486.0px of uncovered area  (16 samples)
[staged]   → robot b: IoU 0.590 → 0.594  ✓
    ↑ new global best IoU 0.594  [phase Ph2 robot b]
[staged]   Ph2 robot a  zone 2  (uncovered: 45% of target)
    [parallel] 10 worker threads, one renderer clone each
    init sampling: best coverage score 1125.0px of uncovered area  (16 samples)
[staged]   → robot a: IoU 0.594 → 0.641  ✓
    ↑ new global best IoU 0.641  [phase Ph2 robot a]
[staged] Phase 2 done — composite IoU: 0.641

[staged] Best snapshot: Phase 2  IoU=0.641
[staged] Manifold final pass — computing Jacobian  (ε=0.020, 60 renders)
[staged] Manifold basis: k=7D / 30D  (variance≥85%, top eigenvalues: ['408453.22', '205317.75', '176224.58', '80437.98', '62312.45'])
    ↑ new global best IoU 0.666  [manifold final pass]
[staged] Manifold done — IoU: 0.666  (Δ=+0.025)  ✓
[staged] FD refinement — 5 Adam steps  (300 renders, lr=0.01, ε=0.02)
    ↑ new global best IoU 0.689  [FD refinement]
[staged] FD done — IoU: 0.689  (Δ=+0.023)  ✓
[staged] Done — final IoU: 0.689  loss: 0.3119
[staged] Popsize: per-robot phases=32  final=16  (theory optimum for 6 DOF = 10)

[staged] Hungarian pre-assignment  (5×5 cost matrix, 8 samples/entry = 200 renders)...
[staged]   robot_a → zone 3  robot_b → zone 4  robot_c → zone 1  robot_d → zone 2  robot_e → zone 0

[staged] Phase 1 — forward greedy  (4 iters × 5 robot(s), sigma=0.40×1.00, popsize=32)
[staged]   Ph1 robot a  zone 3  (uncovered: 26% of target)
    voronoi warm-start: IoU 0.208 → 0.386 ✓
    [parallel] 10 worker threads, one renderer clone each
    init sampling: best coverage score 674.0px of uncovered area  (8 samples)
[staged]   → robot a: IoU 0.208 → 0.417  ✓
    ↑ new global best IoU 0.417  [phase Ph1 robot a]
[staged]   Ph1 robot b  zone 4  (uncovered: 13% of target)
    voronoi warm-start: IoU 0.385 ≤ 0.417, kept current
    [parallel] 10 worker threads, one renderer clone each
    init sampling: best coverage score 297.0px of uncovered area  (16 samples)
[staged]   → robot b: candidate 0.401 < current 0.417  ✗ rejected
[staged]   Ph1 robot c  zone 1  (uncovered: 4% of target)
    voronoi warm-start: IoU 0.400 ≤ 0.417, kept current
    [parallel] 10 worker threads, one renderer clone each
    init sampling: best coverage score 166.0px of uncovered area  (16 samples)
[staged]   → robot c: IoU 0.417 → 0.492  ✓
    ↑ new global best IoU 0.492  [phase Ph1 robot c]
[staged]   Ph1 robot d  zone 2  (uncovered: 8% of target)
    voronoi warm-start: IoU 0.492 → 0.500 ✓
    [parallel] 10 worker threads, one renderer clone each
    init sampling: best coverage score 94.0px of uncovered area  (8 samples)
[staged]   → robot d: IoU 0.492 → 0.533  ✓
    ↑ new global best IoU 0.533  [phase Ph1 robot d]
[staged]   Ph1 robot e  zone 0  (uncovered: 7% of target)
    voronoi warm-start: IoU 0.533 → 0.542 ✓
    [parallel] 10 worker threads, one renderer clone each
    init sampling: best coverage score 78.0px of uncovered area  (8 samples)
[staged]   → robot e: IoU 0.533 → 0.564  ✓
    ↑ new global best IoU 0.564  [phase Ph1 robot e]
[staged] Phase 1 done — composite IoU: 0.564

[staged] Phase 2 — backward pass  (4 iters × 5 robots, sigma=0.300)
[staged]   contributions before Phase 2:
[staged]     robot a: +0.079 IoU
[staged]     robot b: +0.000 IoU  ← low
[staged]     robot c: +0.050 IoU  ← low
[staged]     robot d: +0.038 IoU  ← low
[staged]     robot e: +0.031 IoU  ← low
[staged]   Ph2 robot e  zone 0  (uncovered: 30% of target)
    [parallel] 10 worker threads, one renderer clone each
    init sampling: best coverage score 386.0px of uncovered area  (16 samples)
[staged]   → robot e: IoU 0.564 → 0.592  ✓
    ↑ new global best IoU 0.592  [phase Ph2 robot e]
[staged]   Ph2 robot d  zone 2  (uncovered: 29% of target)
    [parallel] 10 worker threads, one renderer clone each
    init sampling: best coverage score 259.0px of uncovered area  (16 samples)
[staged]   → robot d: candidate 0.590 < current 0.592  ✗ rejected
[staged]   Ph2 robot c  zone 1  (uncovered: 33% of target)
    [parallel] 10 worker threads, one renderer clone each
    init sampling: best coverage score 346.0px of uncovered area  (16 samples)
[staged]   → robot c: IoU 0.592 → 0.594  ✓
    ↑ new global best IoU 0.594  [phase Ph2 robot c]
[staged]   Ph2 robot b  zone 4  (uncovered: 24% of target)
    [parallel] 10 worker threads, one renderer clone each
    init sampling: best coverage score 240.0px of uncovered area  (16 samples)
[staged]   → robot b: IoU 0.594 → 0.648  ✓
    ↑ new global best IoU 0.648  [phase Ph2 robot b]
[staged]   Ph2 robot a  zone 3  (uncovered: 35% of target)
    [parallel] 10 worker threads, one renderer clone each
    init sampling: best coverage score 895.0px of uncovered area  (16 samples)
[staged]   → robot a: IoU 0.648 → 0.677  ✓
    ↑ new global best IoU 0.677  [phase Ph2 robot a]
[staged] Phase 2 done — composite IoU: 0.677

[staged] Best snapshot: Phase 2  IoU=0.677
[staged] Manifold final pass — computing Jacobian  (ε=0.020, 60 renders)
[staged] Manifold basis: k=10D / 30D  (variance≥85%, top eigenvalues: ['364740.25', '209358.69', '138965.56', '102009.33', '88575.81'])
[staged] Manifold did not improve (0.674 vs 0.677), keeping best snapshot
[staged] FD refinement — 5 Adam steps  (300 renders, lr=0.01, ε=0.02)
    ↑ new global best IoU 0.719  [FD refinement]
[staged] FD done — IoU: 0.719  (Δ=+0.042)  ✓
[staged] Done — final IoU: 0.719  loss: 0.2817
[shard 0] 1/10 letters_upper/E_dejavusans-bold  best=0.737 mean=0.712±0.016  120s  eta 0.3h
[staged] Popsize: per-robot phases=32  final=16  (theory optimum for 6 DOF = 10)

[staged] Hungarian pre-assignment  (5×5 cost matrix, 8 samples/entry = 200 renders)...
[staged]   robot_a → zone 3  robot_b → zone 4  robot_c → zone 1  robot_d → zone 0  robot_e → zone 2

[staged] Phase 1 — forward greedy  (4 iters × 5 robot(s), sigma=0.40×1.00, popsize=32)
[staged]   Ph1 robot a  zone 3  (uncovered: 17% of target)
    voronoi warm-start: IoU 0.195 → 0.200 ✓
    [parallel] 10 worker threads, one renderer clone each
    init sampling: best coverage score 252.0px of uncovered area  (8 samples)
[staged]   → robot a: IoU 0.195 → 0.419  ✓
    ↑ new global best IoU 0.419  [phase Ph1 robot a]
[staged]   Ph1 robot b  zone 4  (uncovered: 15% of target)
    voronoi warm-start: IoU 0.370 ≤ 0.419, kept current
    [parallel] 10 worker threads, one renderer clone each
    init sampling: best coverage score 460.0px of uncovered area  (16 samples)
[staged]   → robot b: IoU 0.419 → 0.487  ✓
    ↑ new global best IoU 0.487  [phase Ph1 robot b]
[staged]   Ph1 robot c  zone 1  (uncovered: 6% of target)
    voronoi warm-start: IoU 0.479 ≤ 0.487, kept current
    [parallel] 10 worker threads, one renderer clone each
    init sampling: best coverage score 136.0px of uncovered area  (16 samples)
[staged]   → robot c: IoU 0.487 → 0.525  ✓
    ↑ new global best IoU 0.525  [phase Ph1 robot c]
[staged]   Ph1 robot d  zone 0  (uncovered: 3% of target)
    voronoi warm-start: IoU 0.515 ≤ 0.525, kept current
    [parallel] 10 worker threads, one renderer clone each
    init sampling: best coverage score 84.0px of uncovered area  (16 samples)
[staged]   → robot d: IoU 0.525 → 0.559  ✓
    ↑ new global best IoU 0.559  [phase Ph1 robot d]
[staged]   Ph1 robot e  zone 2  (uncovered: 8% of target)
    voronoi warm-start: IoU 0.556 ≤ 0.559, kept current
    [parallel] 10 worker threads, one renderer clone each
    init sampling: best coverage score 74.0px of uncovered area  (16 samples)
[staged]   → robot e: IoU 0.559 → 0.595  ✓
    ↑ new global best IoU 0.595  [phase Ph1 robot e]
[staged] Phase 1 done — composite IoU: 0.595

[staged] Phase 2 — backward pass  (4 iters × 5 robots, sigma=0.300)
[staged]   contributions before Phase 2:
[staged]     robot a: +0.146 IoU
[staged]     robot b: +0.071 IoU
[staged]     robot c: +0.047 IoU  ← low
[staged]     robot d: +0.037 IoU  ← low
[staged]     robot e: +0.036 IoU  ← low
[staged]   Ph2 robot e  zone 2  (uncovered: 19% of target)
    [parallel] 10 worker threads, one renderer clone each
    init sampling: best coverage score 91.0px of uncovered area  (16 samples)
[staged]   → robot e: candidate 0.582 < current 0.595  ✗ rejected
[staged]   Ph2 robot d  zone 0  (uncovered: 22% of target)
    [parallel] 10 worker threads, one renderer clone each
    init sampling: best coverage score 92.0px of uncovered area  (16 samples)
[staged]   → robot d: candidate 0.586 < current 0.595  ✗ rejected
[staged]   Ph2 robot c  zone 1  (uncovered: 21% of target)
    [parallel] 10 worker threads, one renderer clone each
    init sampling: best coverage score 289.0px of uncovered area  (16 samples)
[staged]   → robot c: IoU 0.595 → 0.607  ✓
    ↑ new global best IoU 0.607  [phase Ph2 robot c]
[staged]   Ph2 robot b  zone 4  (uncovered: 30% of target)
    [parallel] 10 worker threads, one renderer clone each
    init sampling: best coverage score 384.0px of uncovered area  (16 samples)
[staged]   → robot b: candidate 0.585 < current 0.607  ✗ rejected
[staged]   Ph2 robot a  zone 3  (uncovered: 37% of target)
    [parallel] 10 worker threads, one renderer clone each
    init sampling: best coverage score 373.0px of uncovered area  (16 samples)
[staged]   → robot a: candidate 0.526 < current 0.607  ✗ rejected
[staged] Phase 2 done — composite IoU: 0.607

[staged] Best snapshot: Phase 2  IoU=0.607
[staged] Manifold final pass — computing Jacobian  (ε=0.020, 60 renders)
[staged] Manifold basis: k=9D / 30D  (variance≥85%, top eigenvalues: ['479547.03', '299214.38', '254420.59', '89209.78', '88735.77'])
    ↑ new global best IoU 0.615  [manifold final pass]
[staged] Manifold done — IoU: 0.615  (Δ=+0.009)  ✓
[staged] FD refinement — 5 Adam steps  (300 renders, lr=0.01, ε=0.02)
    ↑ new global best IoU 0.649  [FD refinement]
[staged] FD done — IoU: 0.649  (Δ=+0.034)  ✓
[staged] Done — final IoU: 0.649  loss: 0.3533
[staged] Popsize: per-robot phases=32  final=16  (theory optimum for 6 DOF = 10)

[staged] Hungarian pre-assignment  (5×5 cost matrix, 8 samples/entry = 200 renders)...
[staged]   robot_a → zone 0  robot_b → zone 4  robot_c → zone 1  robot_d → zone 2  robot_e → zone 3

[staged] Phase 1 — forward greedy  (4 iters × 5 robot(s), sigma=0.40×1.00, popsize=32)
[staged]   Ph1 robot a  zone 0  (uncovered: 23% of target)
    voronoi warm-start: IoU 0.195 → 0.197 ✓
    [parallel] 10 worker threads, one renderer clone each
    init sampling: best coverage score 0.0px of uncovered area  (8 samples)
[staged]   → robot a: IoU 0.195 → 0.329  ✓
    ↑ new global best IoU 0.329  [phase Ph1 robot a]
[staged]   Ph1 robot b  zone 4  (uncovered: 3% of target)
    voronoi warm-start: IoU 0.314 ≤ 0.329, kept current
    [parallel] 10 worker threads, one renderer clone each
    init sampling: best coverage score 105.0px of uncovered area  (16 samples)
[staged]   → robot b: IoU 0.329 → 0.472  ✓
    ↑ new global best IoU 0.472  [phase Ph1 robot b]
[staged]   Ph1 robot c  zone 1  (uncovered: 0% of target)
    voronoi warm-start: IoU 0.445 ≤ 0.472, kept current
    [parallel] 10 worker threads, one renderer clone each
    init sampling: best coverage score 9.0px of uncovered area  (16 samples)
[staged]   → robot c: IoU 0.472 → 0.524  ✓
    ↑ new global best IoU 0.524  [phase Ph1 robot c]
[staged]   Ph1 robot d  zone 2  (uncovered: 18% of target)
    voronoi warm-start: IoU 0.517 ≤ 0.524, kept current
    [parallel] 10 worker threads, one renderer clone each
    init sampling: best coverage score 89.0px of uncovered area  (16 samples)
[staged]   → robot d: IoU 0.524 → 0.540  ✓
    ↑ new global best IoU 0.540  [phase Ph1 robot d]
[staged]   Ph1 robot e  zone 3  (uncovered: 4% of target)
    voronoi warm-start: IoU 0.537 ≤ 0.540, kept current
    [parallel] 10 worker threads, one renderer clone each
    init sampling: best coverage score 32.0px of uncovered area  (16 samples)
[staged]   → robot e: IoU 0.540 → 0.563  ✓
    ↑ new global best IoU 0.563  [phase Ph1 robot e]
[staged] Phase 1 done — composite IoU: 0.563

[staged] Phase 2 — backward pass  (4 iters × 5 robots, sigma=0.300)
[staged]   contributions before Phase 2:
[staged]     robot a: +0.096 IoU
[staged]     robot b: +0.084 IoU
[staged]     robot c: +0.027 IoU  ← low
[staged]     robot d: +0.027 IoU  ← low
[staged]     robot e: +0.023 IoU  ← low
[staged]   Ph2 robot e  zone 3  (uncovered: 16% of target)
    [parallel] 10 worker threads, one renderer clone each
    init sampling: best coverage score 52.0px of uncovered area  (16 samples)
[staged]   → robot e: candidate 0.563 < current 0.563  ✗ rejected
[staged]   Ph2 robot d  zone 2  (uncovered: 16% of target)
    [parallel] 10 worker threads, one renderer clone each
    init sampling: best coverage score 75.0px of uncovered area  (16 samples)
[staged]   → robot d: candidate 0.559 < current 0.563  ✗ rejected
[staged]   Ph2 robot c  zone 1  (uncovered: 20% of target)
    [parallel] 10 worker threads, one renderer clone each
    init sampling: best coverage score 153.0px of uncovered area  (16 samples)
[staged]   → robot c: IoU 0.563 → 0.576  ✓
    ↑ new global best IoU 0.576  [phase Ph2 robot c]
[staged]   Ph2 robot b  zone 4  (uncovered: 27% of target)
    [parallel] 10 worker threads, one renderer clone each
    init sampling: best coverage score 391.0px of uncovered area  (16 samples)
[staged]   → robot b: candidate 0.512 < current 0.576  ✗ rejected
[staged]   Ph2 robot a  zone 0  (uncovered: 29% of target)
    [parallel] 10 worker threads, one renderer clone each
    init sampling: best coverage score 421.0px of uncovered area  (16 samples)
[staged]   → robot a: candidate 0.509 < current 0.576  ✗ rejected
[staged] Phase 2 done — composite IoU: 0.576

[staged] Best snapshot: Phase 2  IoU=0.576
[staged] Manifold final pass — computing Jacobian  (ε=0.020, 60 renders)
[staged] Manifold basis: k=10D / 30D  (variance≥85%, top eigenvalues: ['402586.19', '342492.06', '252008.84', '170059.12', '116468.04'])
[staged] Manifold did not improve (0.545 vs 0.576), keeping best snapshot
[staged] FD refinement — 5 Adam steps  (300 renders, lr=0.01, ε=0.02)
    ↑ new global best IoU 0.579  [FD refinement]
[staged] FD done — IoU: 0.579  (Δ=+0.003)  ✓
[staged] Done — final IoU: 0.579  loss: 0.4248
[staged] Popsize: per-robot phases=32  final=16  (theory optimum for 6 DOF = 10)

[staged] Hungarian pre-assignment  (5×5 cost matrix, 8 samples/entry = 200 renders)...
[staged]   robot_a → zone 2  robot_b → zone 4  robot_c → zone 0  robot_d → zone 1  robot_e → zone 3

[staged] Phase 1 — forward greedy  (4 iters × 5 robot(s), sigma=0.40×1.00, popsize=32)
[staged]   Ph1 robot a  zone 2  (uncovered: 23% of target)
    voronoi warm-start: IoU 0.195 → 0.197 ✓
    [parallel] 10 worker threads, one renderer clone each
    init sampling: best coverage score 0.0px of uncovered area  (8 samples)
[staged]   → robot a: IoU 0.195 → 0.372  ✓
    ↑ new global best IoU 0.372  [phase Ph1 robot a]
[staged]   Ph1 robot b  zone 4  (uncovered: 7% of target)
    voronoi warm-start: IoU 0.372 → 0.382 ✓
    [parallel] 10 worker threads, one renderer clone each
    init sampling: best coverage score 316.0px of uncovered area  (8 samples)
[staged]   → robot b: IoU 0.372 → 0.455  ✓
    ↑ new global best IoU 0.455  [phase Ph1 robot b]
[staged]   Ph1 robot c  zone 0  (uncovered: 9% of target)
    voronoi warm-start: IoU 0.429 ≤ 0.455, kept current
    [parallel] 10 worker threads, one renderer clone each
    init sampling: best coverage score 233.0px of uncovered area  (16 samples)
[staged]   → robot c: IoU 0.455 → 0.506  ✓
    ↑ new global best IoU 0.506  [phase Ph1 robot c]
[staged]   Ph1 robot d  zone 1  (uncovered: 3% of target)
    voronoi warm-start: IoU 0.506 → 0.528 ✓
    [parallel] 10 worker threads, one renderer clone each
    init sampling: best coverage score 48.0px of uncovered area  (8 samples)
[staged]   → robot d: IoU 0.506 → 0.529  ✓
    ↑ new global best IoU 0.529  [phase Ph1 robot d]
[staged]   Ph1 robot e  zone 3  (uncovered: 2% of target)
    voronoi warm-start: IoU 0.517 ≤ 0.529, kept current
    [parallel] 10 worker threads, one renderer clone each
    init sampling: best coverage score 18.0px of uncovered area  (16 samples)
[staged]   → robot e: IoU 0.529 → 0.554  ✓
    ↑ new global best IoU 0.554  [phase Ph1 robot e]
[staged] Phase 1 done — composite IoU: 0.554

[staged] Phase 2 — backward pass  (4 iters × 5 robots, sigma=0.300)
[staged]   contributions before Phase 2:
[staged]     robot a: +0.083 IoU
[staged]     robot b: +0.088 IoU
[staged]     robot c: +0.065 IoU
[staged]     robot d: +0.037 IoU  ← low
[staged]     robot e: +0.025 IoU  ← low
[staged]   Ph2 robot e  zone 3  (uncovered: 18% of target)
    [parallel] 10 worker threads, one renderer clone each
    init sampling: best coverage score 275.0px of uncovered area  (16 samples)
[staged]   → robot e: IoU 0.554 → 0.572  ✓
    ↑ new global best IoU 0.572  [phase Ph2 robot e]
[staged]   Ph2 robot d  zone 1  (uncovered: 18% of target)
    [parallel] 10 worker threads, one renderer clone each
    init sampling: best coverage score 288.0px of uncovered area  (16 samples)
[staged]   → robot d: IoU 0.572 → 0.574  ✓
    ↑ new global best IoU 0.574  [phase Ph2 robot d]
[staged]   Ph2 robot c  zone 0  (uncovered: 22% of target)
    [parallel] 10 worker threads, one renderer clone each
    init sampling: best coverage score 226.0px of uncovered area  (16 samples)
[staged]   → robot c: candidate 0.554 < current 0.574  ✗ rejected
[staged]   Ph2 robot b  zone 4  (uncovered: 29% of target)
    [parallel] 10 worker threads, one renderer clone each
    init sampling: best coverage score 473.0px of uncovered area  (16 samples)
[staged]   → robot b: candidate 0.568 < current 0.574  ✗ rejected
[staged]   Ph2 robot a  zone 2  (uncovered: 34% of target)
    [parallel] 10 worker threads, one renderer clone each
    init sampling: best coverage score 392.0px of uncovered area  (16 samples)
[staged]   → robot a: candidate 0.517 < current 0.574  ✗ rejected
[staged] Phase 2 done — composite IoU: 0.574

[staged] Best snapshot: Phase 2  IoU=0.574
[staged] Manifold final pass — computing Jacobian  (ε=0.020, 60 renders)
[staged] Manifold basis: k=9D / 30D  (variance≥85%, top eigenvalues: ['465156.88', '393245.56', '338016.38', '64601.74', '60705.60'])
[staged] Manifold did not improve (0.563 vs 0.574), keeping best snapshot
[staged] FD refinement — 5 Adam steps  (300 renders, lr=0.01, ε=0.02)
    ↑ new global best IoU 0.586  [FD refinement]
[staged] FD done — IoU: 0.586  (Δ=+0.012)  ✓
[staged] Done — final IoU: 0.586  loss: 0.4187
[staged] Popsize: per-robot phases=32  final=16  (theory optimum for 6 DOF = 10)

[staged] Hungarian pre-assignment  (5×5 cost matrix, 8 samples/entry = 200 renders)...
[staged]   robot_a → zone 4  robot_b → zone 1  robot_c → zone 0  robot_d → zone 3  robot_e → zone 2

[staged] Phase 1 — forward greedy  (4 iters × 5 robot(s), sigma=0.40×1.00, popsize=32)
[staged]   Ph1 robot a  zone 4  (uncovered: 24% of target)
    voronoi warm-start: IoU 0.195 → 0.220 ✓
    [parallel] 10 worker threads, one renderer clone each
    init sampling: best coverage score 490.0px of uncovered area  (8 samples)
[staged]   → robot a: IoU 0.195 → 0.409  ✓
    ↑ new global best IoU 0.409  [phase Ph1 robot a]
[staged]   Ph1 robot b  zone 1  (uncovered: 7% of target)
    voronoi warm-start: IoU 0.409 → 0.416 ✓
    [parallel] 10 worker threads, one renderer clone each
    init sampling: best coverage score 194.0px of uncovered area  (8 samples)
[staged]   → robot b: IoU 0.409 → 0.493  ✓
    ↑ new global best IoU 0.493  [phase Ph1 robot b]
[staged]   Ph1 robot c  zone 0  (uncovered: 8% of target)
    voronoi warm-start: IoU 0.480 ≤ 0.493, kept current
    [parallel] 10 worker threads, one renderer clone each
    init sampling: best coverage score 293.0px of uncovered area  (16 samples)
[staged]   → robot c: IoU 0.493 → 0.540  ✓
    ↑ new global best IoU 0.540  [phase Ph1 robot c]
[staged]   Ph1 robot d  zone 3  (uncovered: 5% of target)
    voronoi warm-start: IoU 0.520 ≤ 0.540, kept current
    [parallel] 10 worker threads, one renderer clone each
    init sampling: best coverage score 12.0px of uncovered area  (16 samples)
[staged]   → robot d: IoU 0.540 → 0.571  ✓
    ↑ new global best IoU 0.571  [phase Ph1 robot d]
[staged]   Ph1 robot e  zone 2  (uncovered: 3% of target)
    voronoi warm-start: IoU 0.571 → 0.585 ✓
    [parallel] 10 worker threads, one renderer clone each
    init sampling: best coverage score 87.0px of uncovered area  (8 samples)
[staged]   → robot e: IoU 0.571 → 0.573  ✓
    ↑ new global best IoU 0.573  [phase Ph1 robot e]
[staged] Phase 1 done — composite IoU: 0.573

[staged] Phase 2 — backward pass  (4 iters × 5 robots, sigma=0.300)
[staged]   contributions before Phase 2:
[staged]     robot a: +0.181 IoU
[staged]     robot b: +0.070 IoU
[staged]     robot c: +0.052 IoU
[staged]     robot d: +0.039 IoU  ← low
[staged]     robot e: +0.002 IoU  ← low
[staged]   Ph2 robot e  zone 2  (uncovered: 20% of target)
    [parallel] 10 worker threads, one renderer clone each
    init sampling: best coverage score 212.0px of uncovered area  (16 samples)
[staged]   → robot e: IoU 0.573 → 0.582  ✓
    ↑ new global best IoU 0.582  [phase Ph2 robot e]
[staged]   Ph2 robot d  zone 3  (uncovered: 23% of target)
    [parallel] 10 worker threads, one renderer clone each
    init sampling: best coverage score 243.0px of uncovered area  (16 samples)
[staged]   → robot d: candidate 0.565 < current 0.582  ✗ rejected
[staged]   Ph2 robot c  zone 0  (uncovered: 27% of target)
    [parallel] 10 worker threads, one renderer clone each
    init sampling: best coverage score 379.0px of uncovered area  (16 samples)
[staged]   → robot c: IoU 0.582 → 0.584  ✓
    ↑ new global best IoU 0.584  [phase Ph2 robot c]
[staged]   Ph2 robot b  zone 1  (uncovered: 21% of target)
    [parallel] 10 worker threads, one renderer clone each
    init sampling: best coverage score 243.0px of uncovered area  (16 samples)
[staged]   → robot b: IoU 0.584 → 0.618  ✓
    ↑ new global best IoU 0.618  [phase Ph2 robot b]
[staged]   Ph2 robot a  zone 4  (uncovered: 46% of target)
    [parallel] 10 worker threads, one renderer clone each
    init sampling: best coverage score 558.0px of uncovered area  (16 samples)
[staged]   → robot a: candidate 0.594 < current 0.618  ✗ rejected
[staged] Phase 2 done — composite IoU: 0.618

[staged] Best snapshot: Phase 2  IoU=0.618
[staged] Manifold final pass — computing Jacobian  (ε=0.020, 60 renders)
[staged] Manifold basis: k=8D / 30D  (variance≥85%, top eigenvalues: ['698097.38', '238589.77', '148934.39', '118254.45', '117575.59'])
[staged] Manifold did not improve (0.601 vs 0.618), keeping best snapshot
[staged] FD refinement — 5 Adam steps  (300 renders, lr=0.01, ε=0.02)
    ↑ new global best IoU 0.629  [FD refinement]
[staged] FD done — IoU: 0.629  (Δ=+0.010)  ✓
[staged] Done — final IoU: 0.629  loss: 0.3743
[staged] Popsize: per-robot phases=32  final=16  (theory optimum for 6 DOF = 10)

[staged] Hungarian pre-assignment  (5×5 cost matrix, 8 samples/entry = 200 renders)...
[staged]   robot_a → zone 3  robot_b → zone 0  robot_c → zone 4  robot_d → zone 2  robot_e → zone 1

[staged] Phase 1 — forward greedy  (4 iters × 5 robot(s), sigma=0.40×1.00, popsize=32)
[staged]   Ph1 robot a  zone 3  (uncovered: 19% of target)
    voronoi warm-start: IoU 0.195 → 0.235 ✓
    [parallel] 10 worker threads, one renderer clone each
    init sampling: best coverage score 394.0px of uncovered area  (8 samples)
[staged]   → robot a: IoU 0.195 → 0.392  ✓
    ↑ new global best IoU 0.392  [phase Ph1 robot a]
[staged]   Ph1 robot b  zone 0  (uncovered: 7% of target)
    voronoi warm-start: IoU 0.392 → 0.401 ✓
    [parallel] 10 worker threads, one renderer clone each
    init sampling: best coverage score 336.0px of uncovered area  (8 samples)
[staged]   → robot b: IoU 0.392 → 0.444  ✓
    ↑ new global best IoU 0.444  [phase Ph1 robot b]
[staged]   Ph1 robot c  zone 4  (uncovered: 5% of target)
    voronoi warm-start: IoU 0.418 ≤ 0.444, kept current
    [parallel] 10 worker threads, one renderer clone each
    init sampling: best coverage score 28.0px of uncovered area  (16 samples)
[staged]   → robot c: IoU 0.444 → 0.502  ✓
    ↑ new global best IoU 0.502  [phase Ph1 robot c]
[staged]   Ph1 robot d  zone 2  (uncovered: 16% of target)
    voronoi warm-start: IoU 0.482 ≤ 0.502, kept current
    [parallel] 10 worker threads, one renderer clone each
    init sampling: best coverage score 195.0px of uncovered area  (16 samples)
[staged]   → robot d: IoU 0.502 → 0.538  ✓
    ↑ new global best IoU 0.538  [phase Ph1 robot d]
[staged]   Ph1 robot e  zone 1  (uncovered: 1% of target)
    voronoi warm-start: IoU 0.532 ≤ 0.538, kept current
    [parallel] 10 worker threads, one renderer clone each
    init sampling: best coverage score 34.0px of uncovered area  (16 samples)
[staged]   → robot e: IoU 0.538 → 0.560  ✓
    ↑ new global best IoU 0.560  [phase Ph1 robot e]
[staged] Phase 1 done — composite IoU: 0.560

[staged] Phase 2 — backward pass  (4 iters × 5 robots, sigma=0.300)
[staged]   contributions before Phase 2:
[staged]     robot a: +0.127 IoU
[staged]     robot b: +0.057 IoU
[staged]     robot c: +0.070 IoU
[staged]     robot d: +0.017 IoU  ← low
[staged]     robot e: +0.022 IoU  ← low
[staged]   Ph2 robot e  zone 1  (uncovered: 20% of target)
    [parallel] 10 worker threads, one renderer clone each
    init sampling: best coverage score 121.0px of uncovered area  (16 samples)
[staged]   → robot e: candidate 0.557 < current 0.560  ✗ rejected
[staged]   Ph2 robot d  zone 2  (uncovered: 23% of target)
    [parallel] 10 worker threads, one renderer clone each
    init sampling: best coverage score 207.0px of uncovered area  (16 samples)
[staged]   → robot d: IoU 0.560 → 0.563  ✓
    ↑ new global best IoU 0.563  [phase Ph2 robot d]
[staged]   Ph2 robot c  zone 4  (uncovered: 31% of target)
    [parallel] 10 worker threads, one renderer clone each
    init sampling: best coverage score 356.0px of uncovered area  (16 samples)
[staged]   → robot c: IoU 0.563 → 0.585  ✓
    ↑ new global best IoU 0.585  [phase Ph2 robot c]
[staged]   Ph2 robot b  zone 0  (uncovered: 26% of target)
    [parallel] 10 worker threads, one renderer clone each
    init sampling: best coverage score 279.0px of uncovered area  (16 samples)
[staged]   → robot b: candidate 0.567 < current 0.585  ✗ rejected
[staged]   Ph2 robot a  zone 3  (uncovered: 44% of target)
    [parallel] 10 worker threads, one renderer clone each
    init sampling: best coverage score 502.0px of uncovered area  (16 samples)
[staged]   → robot a: candidate 0.548 < current 0.585  ✗ rejected
[staged] Phase 2 done — composite IoU: 0.585

[staged] Best snapshot: Phase 2  IoU=0.585
[staged] Manifold final pass — computing Jacobian  (ε=0.020, 60 renders)
[staged] Manifold basis: k=10D / 30D  (variance≥85%, top eigenvalues: ['363925.03', '221315.00', '121472.62', '111816.70', '97023.83'])
    ↑ new global best IoU 0.595  [manifold final pass]
[staged] Manifold done — IoU: 0.595  (Δ=+0.009)  ✓
[staged] FD refinement — 5 Adam steps  (300 renders, lr=0.01, ε=0.02)
    ↑ new global best IoU 0.608  [FD refinement]
[staged] FD done — IoU: 0.608  (Δ=+0.013)  ✓
[staged] Done — final IoU: 0.608  loss: 0.3948
[shard 0] 2/10 letters_upper/H_dejavusans-bold  best=0.649 mean=0.610±0.026  119s  eta 0.3h
[staged] Popsize: per-robot phases=32  final=16  (theory optimum for 6 DOF = 10)

[staged] Hungarian pre-assignment  (5×5 cost matrix, 8 samples/entry = 200 renders)...
[staged]   robot_a → zone 4  robot_b → zone 2  robot_c → zone 0  robot_d → zone 3  robot_e → zone 1

[staged] Phase 1 — forward greedy  (4 iters × 5 robot(s), sigma=0.40×1.00, popsize=32)
[staged]   Ph1 robot a  zone 4  (uncovered: 17% of target)
    voronoi warm-start: IoU 0.198 → 0.319 ✓
    [parallel] 10 worker threads, one renderer clone each
    init sampling: best coverage score 137.0px of uncovered area  (8 samples)
[staged]   → robot a: IoU 0.198 → 0.445  ✓
    ↑ new global best IoU 0.445  [phase Ph1 robot a]
[staged]   Ph1 robot b  zone 2  (uncovered: 8% of target)
    voronoi warm-start: IoU 0.413 ≤ 0.445, kept current
    [parallel] 10 worker threads, one renderer clone each
    init sampling: best coverage score 162.0px of uncovered area  (16 samples)
[staged]   → robot b: IoU 0.445 → 0.480  ✓
    ↑ new global best IoU 0.480  [phase Ph1 robot b]
[staged]   Ph1 robot c  zone 0  (uncovered: 12% of target)
    voronoi warm-start: IoU 0.480 → 0.486 ✓
    [parallel] 10 worker threads, one renderer clone each
    init sampling: best coverage score 0.0px of uncovered area  (8 samples)
[staged]   → robot c: IoU 0.480 → 0.527  ✓
    ↑ new global best IoU 0.527  [phase Ph1 robot c]
[staged]   Ph1 robot d  zone 3  (uncovered: 9% of target)
    voronoi warm-start: IoU 0.522 ≤ 0.527, kept current
    [parallel] 10 worker threads, one renderer clone each
    init sampling: best coverage score 392.0px of uncovered area  (16 samples)
[staged]   → robot d: IoU 0.527 → 0.582  ✓
    ↑ new global best IoU 0.582  [phase Ph1 robot d]
[staged]   Ph1 robot e  zone 1  (uncovered: 0% of target)
    voronoi warm-start: IoU 0.569 ≤ 0.582, kept current
    [parallel] 10 worker threads, one renderer clone each
    init sampling: best coverage score 17.0px of uncovered area  (16 samples)
[staged]   → robot e: IoU 0.582 → 0.607  ✓
    ↑ new global best IoU 0.607  [phase Ph1 robot e]
[staged] Phase 1 done — composite IoU: 0.607

[staged] Phase 2 — backward pass  (4 iters × 5 robots, sigma=0.300)
[staged]   contributions before Phase 2:
[staged]     robot a: +0.089 IoU
[staged]     robot b: +0.061 IoU
[staged]     robot c: +0.055 IoU
[staged]     robot d: +0.065 IoU
[staged]     robot e: +0.025 IoU  ← low
[staged]   Ph2 robot e  zone 1  (uncovered: 23% of target)
    [parallel] 10 worker threads, one renderer clone each
    init sampling: best coverage score 94.0px of uncovered area  (16 samples)
[staged]   → robot e: candidate 0.600 < current 0.607  ✗ rejected
[staged]   Ph2 robot d  zone 3  (uncovered: 28% of target)
    [parallel] 10 worker threads, one renderer clone each
    init sampling: best coverage score 272.0px of uncovered area  (16 samples)
[staged]   → robot d: candidate 0.606 < current 0.607  ✗ rejected
[staged]   Ph2 robot c  zone 0  (uncovered: 28% of target)
    [parallel] 10 worker threads, one renderer clone each
    init sampling: best coverage score 359.0px of uncovered area  (16 samples)
[staged]   → robot c: IoU 0.607 → 0.632  ✓
    ↑ new global best IoU 0.632  [phase Ph2 robot c]
[staged]   Ph2 robot b  zone 2  (uncovered: 25% of target)
    [parallel] 10 worker threads, one renderer clone each
    init sampling: best coverage score 174.0px of uncovered area  (16 samples)
[staged]   → robot b: candidate 0.584 < current 0.632  ✗ rejected
[staged]   Ph2 robot a  zone 4  (uncovered: 25% of target)
    [parallel] 10 worker threads, one renderer clone each
    init sampling: best coverage score 256.0px of uncovered area  (16 samples)
[staged]   → robot a: candidate 0.623 < current 0.632  ✗ rejected
[staged] Phase 2 done — composite IoU: 0.632

[staged] Best snapshot: Phase 2  IoU=0.632
[staged] Manifold final pass — computing Jacobian  (ε=0.020, 60 renders)
[staged] Manifold basis: k=10D / 30D  (variance≥85%, top eigenvalues: ['514110.69', '182317.19', '175257.44', '76597.34', '56619.64'])
[staged] Manifold did not improve (0.607 vs 0.632), keeping best snapshot
[staged] FD refinement — 5 Adam steps  (300 renders, lr=0.01, ε=0.02)
    ↑ new global best IoU 0.645  [FD refinement]
[staged] FD done — IoU: 0.645  (Δ=+0.012)  ✓
[staged] Done — final IoU: 0.645  loss: 0.3571
[staged] Popsize: per-robot phases=32  final=16  (theory optimum for 6 DOF = 10)

[staged] Hungarian pre-assignment  (5×5 cost matrix, 8 samples/entry = 200 renders)...
[staged]   robot_a → zone 4  robot_b → zone 3  robot_c → zone 1  robot_d → zone 2  robot_e → zone 0

[staged] Phase 1 — forward greedy  (4 iters × 5 robot(s), sigma=0.40×1.00, popsize=32)
[staged]   Ph1 robot a  zone 4  (uncovered: 17% of target)
    voronoi warm-start: IoU 0.198 → 0.319 ✓
    [parallel] 10 worker threads, one renderer clone each
    init sampling: best coverage score 0.0px of uncovered area  (8 samples)
[staged]   → robot a: IoU 0.198 → 0.382  ✓
    ↑ new global best IoU 0.382  [phase Ph1 robot a]
[staged]   Ph1 robot b  zone 3  (uncovered: 8% of target)
    voronoi warm-start: IoU 0.351 ≤ 0.382, kept current
    [parallel] 10 worker threads, one renderer clone each
    init sampling: best coverage score 176.0px of uncovered area  (16 samples)
[staged]   → robot b: IoU 0.382 → 0.410  ✓
    ↑ new global best IoU 0.410  [phase Ph1 robot b]
[staged]   Ph1 robot c  zone 1  (uncovered: 14% of target)
    voronoi warm-start: IoU 0.384 ≤ 0.410, kept current
    [parallel] 10 worker threads, one renderer clone each
    init sampling: best coverage score 71.0px of uncovered area  (16 samples)
[staged]   → robot c: IoU 0.410 → 0.503  ✓
    ↑ new global best IoU 0.503  [phase Ph1 robot c]
[staged]   Ph1 robot d  zone 2  (uncovered: 3% of target)
    voronoi warm-start: IoU 0.493 ≤ 0.503, kept current
    [parallel] 10 worker threads, one renderer clone each
    init sampling: best coverage score 62.0px of uncovered area  (16 samples)
[staged]   → robot d: IoU 0.503 → 0.537  ✓
    ↑ new global best IoU 0.537  [phase Ph1 robot d]
[staged]   Ph1 robot e  zone 0  (uncovered: 3% of target)
    voronoi warm-start: IoU 0.508 ≤ 0.537, kept current
    [parallel] 10 worker threads, one renderer clone each
    init sampling: best coverage score 101.0px of uncovered area  (16 samples)
[staged]   → robot e: candidate 0.536 < current 0.537  ✗ rejected
[staged] Phase 1 done — composite IoU: 0.537

[staged] Phase 2 — backward pass  (4 iters × 5 robots, sigma=0.300)
[staged]   contributions before Phase 2:
[staged]     robot a: +0.023 IoU  ← low
[staged]     robot b: +0.025 IoU  ← low
[staged]     robot c: +0.093 IoU
[staged]     robot d: +0.034 IoU  ← low
[staged]     robot e: +0.000 IoU  ← low
[staged]   Ph2 robot e  zone 0  (uncovered: 27% of target)
    [parallel] 10 worker threads, one renderer clone each
    init sampling: best coverage score 137.0px of uncovered area  (16 samples)
[staged]   → robot e: IoU 0.537 → 0.549  ✓
    ↑ new global best IoU 0.549  [phase Ph2 robot e]
[staged]   Ph2 robot d  zone 2  (uncovered: 30% of target)
    [parallel] 10 worker threads, one renderer clone each
    init sampling: best coverage score 211.0px of uncovered area  (16 samples)
[staged]   → robot d: candidate 0.545 < current 0.549  ✗ rejected
[staged]   Ph2 robot c  zone 1  (uncovered: 39% of target)
    [parallel] 10 worker threads, one renderer clone each
    init sampling: best coverage score 554.0px of uncovered area  (16 samples)
[staged]   → robot c: IoU 0.549 → 0.551  ✓
    ↑ new global best IoU 0.551  [phase Ph2 robot c]
[staged]   Ph2 robot b  zone 3  (uncovered: 24% of target)
    [parallel] 10 worker threads, one renderer clone each
    init sampling: best coverage score 171.0px of uncovered area  (16 samples)
[staged]   → robot b: IoU 0.551 → 0.606  ✓
    ↑ new global best IoU 0.606  [phase Ph2 robot b]
[staged]   Ph2 robot a  zone 4  (uncovered: 29% of target)
    [parallel] 10 worker threads, one renderer clone each
    init sampling: best coverage score 552.0px of uncovered area  (16 samples)
[staged]   → robot a: IoU 0.606 → 0.633  ✓
    ↑ new global best IoU 0.633  [phase Ph2 robot a]
[staged] Phase 2 done — composite IoU: 0.633

[staged] Best snapshot: Phase 2  IoU=0.633
[staged] Manifold final pass — computing Jacobian  (ε=0.020, 60 renders)
[staged] Manifold basis: k=11D / 30D  (variance≥85%, top eigenvalues: ['432837.47', '181973.67', '96735.19', '91842.91', '73326.35'])
    ↑ new global best IoU 0.635  [manifold final pass]
[staged] Manifold done — IoU: 0.635  (Δ=+0.002)  ✓
[staged] FD refinement — 5 Adam steps  (300 renders, lr=0.01, ε=0.02)
    ↑ new global best IoU 0.662  [FD refinement]
[staged] FD done — IoU: 0.662  (Δ=+0.027)  ✓
[staged] Done — final IoU: 0.662  loss: 0.3389
[staged] Popsize: per-robot phases=32  final=16  (theory optimum for 6 DOF = 10)

[staged] Hungarian pre-assignment  (5×5 cost matrix, 8 samples/entry = 200 renders)...
[staged]   robot_a → zone 2  robot_b → zone 4  robot_c → zone 0  robot_d → zone 1  robot_e → zone 3

[staged] Phase 1 — forward greedy  (4 iters × 5 robot(s), sigma=0.40×1.00, popsize=32)
[staged]   Ph1 robot a  zone 2  (uncovered: 18% of target)
    voronoi warm-start: IoU 0.198 → 0.204 ✓
    [parallel] 10 worker threads, one renderer clone each
    init sampling: best coverage score 0.0px of uncovered area  (8 samples)
[staged]   → robot a: IoU 0.198 → 0.440  ✓
    ↑ new global best IoU 0.440  [phase Ph1 robot a]
[staged]   Ph1 robot b  zone 4  (uncovered: 6% of target)
    voronoi warm-start: IoU 0.440 ≤ 0.440, kept current
    [parallel] 10 worker threads, one renderer clone each
    init sampling: best coverage score 304.0px of uncovered area  (16 samples)
[staged]   → robot b: IoU 0.440 → 0.492  ✓
    ↑ new global best IoU 0.492  [phase Ph1 robot b]
[staged]   Ph1 robot c  zone 0  (uncovered: 1% of target)
    voronoi warm-start: IoU 0.478 ≤ 0.492, kept current
    [parallel] 10 worker threads, one renderer clone each
    init sampling: best coverage score 30.0px of uncovered area  (16 samples)
[staged]   → robot c: IoU 0.492 → 0.540  ✓
    ↑ new global best IoU 0.540  [phase Ph1 robot c]
[staged]   Ph1 robot d  zone 1  (uncovered: 4% of target)
    voronoi warm-start: IoU 0.531 ≤ 0.540, kept current
    [parallel] 10 worker threads, one renderer clone each
    init sampling: best coverage score 45.0px of uncovered area  (16 samples)
[staged]   → robot d: IoU 0.540 → 0.606  ✓
    ↑ new global best IoU 0.606  [phase Ph1 robot d]
[staged]   Ph1 robot e  zone 3  (uncovered: 5% of target)
    voronoi warm-start: IoU 0.606 → 0.612 ✓
    [parallel] 10 worker threads, one renderer clone each
    init sampling: best coverage score 124.0px of uncovered area  (8 samples)
[staged]   → robot e: IoU 0.606 → 0.638  ✓
    ↑ new global best IoU 0.638  [phase Ph1 robot e]
[staged] Phase 1 done — composite IoU: 0.638

[staged] Phase 2 — backward pass  (4 iters × 5 robots, sigma=0.300)
[staged]   contributions before Phase 2:
[staged]     robot a: +0.123 IoU
[staged]     robot b: +0.052 IoU
[staged]     robot c: +0.064 IoU
[staged]     robot d: +0.079 IoU
[staged]     robot e: +0.032 IoU  ← low
[staged]   Ph2 robot e  zone 3  (uncovered: 21% of target)
    [parallel] 10 worker threads, one renderer clone each
    init sampling: best coverage score 212.0px of uncovered area  (16 samples)
[staged]   → robot e: IoU 0.638 → 0.651  ✓
    ↑ new global best IoU 0.651  [phase Ph2 robot e]
[staged]   Ph2 robot d  zone 1  (uncovered: 27% of target)
    [parallel] 10 worker threads, one renderer clone each
    init sampling: best coverage score 362.0px of uncovered area  (16 samples)
[staged]   → robot d: candidate 0.641 < current 0.651  ✗ rejected
[staged]   Ph2 robot c  zone 0  (uncovered: 24% of target)
    [parallel] 10 worker threads, one renderer clone each
    init sampling: best coverage score 189.0px of uncovered area  (16 samples)
[staged]   → robot c: candidate 0.609 < current 0.651  ✗ rejected
[staged]   Ph2 robot b  zone 4  (uncovered: 19% of target)
    [parallel] 10 worker threads, one renderer clone each
    init sampling: best coverage score 205.0px of uncovered area  (16 samples)
[staged]   → robot b: candidate 0.611 < current 0.651  ✗ rejected
[staged]   Ph2 robot a  zone 2  (uncovered: 35% of target)
    [parallel] 10 worker threads, one renderer clone each
    init sampling: best coverage score 626.0px of uncovered area  (16 samples)
[staged]   → robot a: candidate 0.597 < current 0.651  ✗ rejected
[staged] Phase 2 done — composite IoU: 0.651

[staged] Best snapshot: Phase 2  IoU=0.651
[staged] Manifold final pass — computing Jacobian  (ε=0.020, 60 renders)
[staged] Manifold basis: k=9D / 30D  (variance≥85%, top eigenvalues: ['286703.56', '261289.80', '206015.97', '136177.17', '62680.59'])
[staged] Manifold did not improve (0.642 vs 0.651), keeping best snapshot
[staged] FD refinement — 5 Adam steps  (300 renders, lr=0.01, ε=0.02)
    ↑ new global best IoU 0.686  [FD refinement]
[staged] FD done — IoU: 0.686  (Δ=+0.035)  ✓
[staged] Done — final IoU: 0.686  loss: 0.3150
[staged] Popsize: per-robot phases=32  final=16  (theory optimum for 6 DOF = 10)

[staged] Hungarian pre-assignment  (5×5 cost matrix, 8 samples/entry = 200 renders)...
[staged]   robot_a → zone 3  robot_b → zone 2  robot_c → zone 0  robot_d → zone 1  robot_e → zone 4

[staged] Phase 1 — forward greedy  (4 iters × 5 robot(s), sigma=0.40×1.00, popsize=32)
[staged]   Ph1 robot a  zone 3  (uncovered: 18% of target)
    voronoi warm-start: IoU 0.198 → 0.204 ✓
    [parallel] 10 worker threads, one renderer clone each
    init sampling: best coverage score 390.0px of uncovered area  (8 samples)
[staged]   → robot a: IoU 0.198 → 0.380  ✓
    ↑ new global best IoU 0.380  [phase Ph1 robot a]
[staged]   Ph1 robot b  zone 2  (uncovered: 9% of target)
    voronoi warm-start: IoU 0.366 ≤ 0.380, kept current
    [parallel] 10 worker threads, one renderer clone each
    init sampling: best coverage score 287.0px of uncovered area  (16 samples)
[staged]   → robot b: IoU 0.380 → 0.443  ✓
    ↑ new global best IoU 0.443  [phase Ph1 robot b]
[staged]   Ph1 robot c  zone 0  (uncovered: 1% of target)
    voronoi warm-start: IoU 0.417 ≤ 0.443, kept current
    [parallel] 10 worker threads, one renderer clone each
    init sampling: best coverage score 23.0px of uncovered area  (16 samples)
[staged]   → robot c: IoU 0.443 → 0.469  ✓
    ↑ new global best IoU 0.469  [phase Ph1 robot c]
[staged]   Ph1 robot d  zone 1  (uncovered: 8% of target)
    voronoi warm-start: IoU 0.467 ≤ 0.469, kept current
    [parallel] 10 worker threads, one renderer clone each
    init sampling: best coverage score 136.0px of uncovered area  (16 samples)
[staged]   → robot d: IoU 0.469 → 0.514  ✓
    ↑ new global best IoU 0.514  [phase Ph1 robot d]
[staged]   Ph1 robot e  zone 4  (uncovered: 6% of target)
    voronoi warm-start: IoU 0.514 → 0.527 ✓
    [parallel] 10 worker threads, one renderer clone each
    init sampling: best coverage score 2.0px of uncovered area  (8 samples)
[staged]   → robot e: IoU 0.514 → 0.548  ✓
    ↑ new global best IoU 0.548  [phase Ph1 robot e]
[staged] Phase 1 done — composite IoU: 0.548

[staged] Phase 2 — backward pass  (4 iters × 5 robots, sigma=0.300)
[staged]   contributions before Phase 2:
[staged]     robot a: -0.001 IoU  ← low
[staged]     robot b: +0.017 IoU  ← low
[staged]     robot c: +0.037 IoU  ← low
[staged]     robot d: +0.041 IoU  ← low
[staged]     robot e: +0.034 IoU  ← low
[staged]   Ph2 robot e  zone 4  (uncovered: 30% of target)
    [parallel] 10 worker threads, one renderer clone each
    init sampling: best coverage score 216.0px of uncovered area  (16 samples)
[staged]   → robot e: candidate 0.546 < current 0.548  ✗ rejected
[staged]   Ph2 robot d  zone 1  (uncovered: 32% of target)
    [parallel] 10 worker threads, one renderer clone each
    init sampling: best coverage score 336.0px of uncovered area  (16 samples)
[staged]   → robot d: IoU 0.548 → 0.573  ✓
    ↑ new global best IoU 0.573  [phase Ph2 robot d]
[staged]   Ph2 robot c  zone 0  (uncovered: 27% of target)
    [parallel] 10 worker threads, one renderer clone each
    init sampling: best coverage score 184.0px of uncovered area  (16 samples)
[staged]   → robot c: candidate 0.564 < current 0.573  ✗ rejected
[staged]   Ph2 robot b  zone 2  (uncovered: 32% of target)
    [parallel] 10 worker threads, one renderer clone each
    init sampling: best coverage score 387.0px of uncovered area  (16 samples)
[staged]   → robot b: IoU 0.573 → 0.618  ✓
    ↑ new global best IoU 0.618  [phase Ph2 robot b]
[staged]   Ph2 robot a  zone 3  (uncovered: 26% of target)
    [parallel] 10 worker threads, one renderer clone each
    init sampling: best coverage score 390.0px of uncovered area  (16 samples)
[staged]   → robot a: IoU 0.618 → 0.652  ✓
    ↑ new global best IoU 0.652  [phase Ph2 robot a]
[staged] Phase 2 done — composite IoU: 0.652

[staged] Best snapshot: Phase 2  IoU=0.652
[staged] Manifold final pass — computing Jacobian  (ε=0.020, 60 renders)
[staged] Manifold basis: k=9D / 30D  (variance≥85%, top eigenvalues: ['379939.97', '127707.55', '124646.29', '70836.49', '30367.88'])
[staged] Manifold did not improve (0.645 vs 0.652), keeping best snapshot
[staged] FD refinement — 5 Adam steps  (300 renders, lr=0.01, ε=0.02)
    ↑ new global best IoU 0.671  [FD refinement]
[staged] FD done — IoU: 0.671  (Δ=+0.019)  ✓
[staged] Done — final IoU: 0.671  loss: 0.3297
[staged] Popsize: per-robot phases=32  final=16  (theory optimum for 6 DOF = 10)

[staged] Hungarian pre-assignment  (5×5 cost matrix, 8 samples/entry = 200 renders)...
[staged]   robot_a → zone 3  robot_b → zone 4  robot_c → zone 0  robot_d → zone 2  robot_e → zone 1

[staged] Phase 1 — forward greedy  (4 iters × 5 robot(s), sigma=0.40×1.00, popsize=32)
[staged]   Ph1 robot a  zone 3  (uncovered: 20% of target)
    voronoi warm-start: IoU 0.198 → 0.327 ✓
    [parallel] 10 worker threads, one renderer clone each
    init sampling: best coverage score 438.0px of uncovered area  (8 samples)
[staged]   → robot a: IoU 0.198 → 0.426  ✓
    ↑ new global best IoU 0.426  [phase Ph1 robot a]
[staged]   Ph1 robot b  zone 4  (uncovered: 6% of target)
    voronoi warm-start: IoU 0.426 → 0.426 ✓
    [parallel] 10 worker threads, one renderer clone each
    init sampling: best coverage score 303.0px of uncovered area  (8 samples)
[staged]   → robot b: IoU 0.426 → 0.473  ✓
    ↑ new global best IoU 0.473  [phase Ph1 robot b]
[staged]   Ph1 robot c  zone 0  (uncovered: 4% of target)
    voronoi warm-start: IoU 0.473 → 0.492 ✓
    [parallel] 10 worker threads, one renderer clone each
    init sampling: best coverage score 151.0px of uncovered area  (8 samples)
[staged]   → robot c: IoU 0.473 → 0.539  ✓
    ↑ new global best IoU 0.539  [phase Ph1 robot c]
[staged]   Ph1 robot d  zone 2  (uncovered: 2% of target)
    voronoi warm-start: IoU 0.539 → 0.555 ✓
    [parallel] 10 worker threads, one renderer clone each
    init sampling: best coverage score 0.0px of uncovered area  (8 samples)
[staged]   → robot d: candidate 0.539 < current 0.539  ✗ rejected
[staged]   Ph1 robot e  zone 1  (uncovered: 12% of target)
    voronoi warm-start: IoU 0.522 ≤ 0.539, kept current
    [parallel] 10 worker threads, one renderer clone each
    init sampling: best coverage score 90.0px of uncovered area  (16 samples)
[staged]   → robot e: IoU 0.539 → 0.572  ✓
    ↑ new global best IoU 0.572  [phase Ph1 robot e]
[staged] Phase 1 done — composite IoU: 0.572

[staged] Phase 2 — backward pass  (4 iters × 5 robots, sigma=0.300)
[staged]   contributions before Phase 2:
[staged]     robot a: +0.097 IoU
[staged]     robot b: +0.054 IoU
[staged]     robot c: +0.065 IoU
[staged]     robot d: +0.000 IoU  ← low
[staged]     robot e: +0.033 IoU  ← low
[staged]   Ph2 robot e  zone 1  (uncovered: 24% of target)
    [parallel] 10 worker threads, one renderer clone each
    init sampling: best coverage score 410.0px of uncovered area  (16 samples)
[staged]   → robot e: IoU 0.572 → 0.602  ✓
    ↑ new global best IoU 0.602  [phase Ph2 robot e]
[staged]   Ph2 robot d  zone 2  (uncovered: 15% of target)
    [parallel] 10 worker threads, one renderer clone each
    init sampling: best coverage score 202.0px of uncovered area  (16 samples)
[staged]   → robot d: IoU 0.602 → 0.648  ✓
    ↑ new global best IoU 0.648  [phase Ph2 robot d]
[staged]   Ph2 robot c  zone 0  (uncovered: 22% of target)
    [parallel] 10 worker threads, one renderer clone each
    init sampling: best coverage score 226.0px of uncovered area  (16 samples)
[staged]   → robot c: IoU 0.648 → 0.663  ✓
    ↑ new global best IoU 0.663  [phase Ph2 robot c]
[staged]   Ph2 robot b  zone 4  (uncovered: 19% of target)
    [parallel] 10 worker threads, one renderer clone each
    init sampling: best coverage score 281.0px of uncovered area  (16 samples)
[staged]   → robot b: candidate 0.621 < current 0.663  ✗ rejected
[staged]   Ph2 robot a  zone 3  (uncovered: 28% of target)
    [parallel] 10 worker threads, one renderer clone each
    init sampling: best coverage score 587.0px of uncovered area  (16 samples)
[staged]   → robot a: IoU 0.663 → 0.679  ✓
    ↑ new global best IoU 0.679  [phase Ph2 robot a]
[staged] Phase 2 done — composite IoU: 0.679

[staged] Best snapshot: Phase 2  IoU=0.679
[staged] Manifold final pass — computing Jacobian  (ε=0.020, 60 renders)
[staged] Manifold basis: k=9D / 30D  (variance≥85%, top eigenvalues: ['427058.50', '179104.78', '136333.91', '134355.06', '81052.02'])
[staged] Manifold did not improve (0.677 vs 0.679), keeping best snapshot
[staged] FD refinement — 5 Adam steps  (300 renders, lr=0.01, ε=0.02)
    ↑ new global best IoU 0.709  [FD refinement]
[staged] FD done — IoU: 0.709  (Δ=+0.030)  ✓
[staged] Done — final IoU: 0.709  loss: 0.2918
[shard 0] 3/10 letters_upper/K_dejavusans-bold  best=0.709 mean=0.675±0.022  119s  eta 0.2h
[staged] Popsize: per-robot phases=32  final=16  (theory optimum for 6 DOF = 10)

[staged] Hungarian pre-assignment  (5×5 cost matrix, 8 samples/entry = 200 renders)...
[staged]   robot_a → zone 0  robot_b → zone 2  robot_c → zone 3  robot_d → zone 1  robot_e → zone 4

[staged] Phase 1 — forward greedy  (4 iters × 5 robot(s), sigma=0.40×1.00, popsize=32)
[staged]   Ph1 robot a  zone 0  (uncovered: 12% of target)
    voronoi warm-start: IoU 0.176 ≤ 0.217, kept current
    [parallel] 10 worker threads, one renderer clone each
    init sampling: best coverage score 539.0px of uncovered area  (16 samples)
[staged]   → robot a: IoU 0.217 → 0.354  ✓
    ↑ new global best IoU 0.354  [phase Ph1 robot a]
[staged]   Ph1 robot b  zone 2  (uncovered: 22% of target)
    voronoi warm-start: IoU 0.354 → 0.371 ✓
    [parallel] 10 worker threads, one renderer clone each
    init sampling: best coverage score 710.0px of uncovered area  (8 samples)
[staged]   → robot b: IoU 0.354 → 0.471  ✓
    ↑ new global best IoU 0.471  [phase Ph1 robot b]
[staged]   Ph1 robot c  zone 3  (uncovered: 3% of target)
    voronoi warm-start: IoU 0.459 ≤ 0.471, kept current
    [parallel] 10 worker threads, one renderer clone each
    init sampling: best coverage score 120.0px of uncovered area  (16 samples)
[staged]   → robot c: IoU 0.471 → 0.528  ✓
    ↑ new global best IoU 0.528  [phase Ph1 robot c]
[staged]   Ph1 robot d  zone 1  (uncovered: 0% of target)
    voronoi warm-start: IoU 0.507 ≤ 0.528, kept current
    [parallel] 10 worker threads, one renderer clone each
    init sampling: best coverage score 0.0px of uncovered area  (16 samples)
[staged]   → robot d: IoU 0.528 → 0.540  ✓
    ↑ new global best IoU 0.540  [phase Ph1 robot d]
[staged]   Ph1 robot e  zone 4  (uncovered: 14% of target)
    voronoi warm-start: IoU 0.527 ≤ 0.540, kept current
    [parallel] 10 worker threads, one renderer clone each
    init sampling: best coverage score 145.0px of uncovered area  (16 samples)
[staged]   → robot e: IoU 0.540 → 0.594  ✓
    ↑ new global best IoU 0.594  [phase Ph1 robot e]
[staged] Phase 1 done — composite IoU: 0.594

[staged] Phase 2 — backward pass  (4 iters × 5 robots, sigma=0.300)
[staged]   contributions before Phase 2:
[staged]     robot a: +0.035 IoU  ← low
[staged]     robot b: +0.117 IoU
[staged]     robot c: +0.059 IoU
[staged]     robot d: +0.023 IoU  ← low
[staged]     robot e: +0.054 IoU
[staged]   Ph2 robot e  zone 4  (uncovered: 21% of target)
    [parallel] 10 worker threads, one renderer clone each
    init sampling: best coverage score 101.0px of uncovered area  (16 samples)
[staged]   → robot e: candidate 0.594 < current 0.594  ✗ rejected
[staged]   Ph2 robot d  zone 1  (uncovered: 17% of target)
    [parallel] 10 worker threads, one renderer clone each
    init sampling: best coverage score 84.0px of uncovered area  (16 samples)
[staged]   → robot d: IoU 0.594 → 0.612  ✓
    ↑ new global best IoU 0.612  [phase Ph2 robot d]
[staged]   Ph2 robot c  zone 3  (uncovered: 20% of target)
    [parallel] 10 worker threads, one renderer clone each
    init sampling: best coverage score 210.0px of uncovered area  (16 samples)
[staged]   → robot c: IoU 0.612 → 0.621  ✓
    ↑ new global best IoU 0.621  [phase Ph2 robot c]
[staged]   Ph2 robot b  zone 2  (uncovered: 23% of target)
    [parallel] 10 worker threads, one renderer clone each
    init sampling: best coverage score 323.0px of uncovered area  (16 samples)
[staged]   → robot b: candidate 0.575 < current 0.621  ✗ rejected
[staged]   Ph2 robot a  zone 0  (uncovered: 31% of target)
    [parallel] 10 worker threads, one renderer clone each
    init sampling: best coverage score 95.0px of uncovered area  (16 samples)
[staged]   → robot a: IoU 0.621 → 0.650  ✓
    ↑ new global best IoU 0.650  [phase Ph2 robot a]
[staged] Phase 2 done — composite IoU: 0.650

[staged] Best snapshot: Phase 2  IoU=0.650
[staged] Manifold final pass — computing Jacobian  (ε=0.020, 60 renders)
[staged] Manifold basis: k=11D / 30D  (variance≥85%, top eigenvalues: ['473236.91', '219641.45', '187411.64', '103185.33', '76624.20'])
    ↑ new global best IoU 0.692  [manifold final pass]
[staged] Manifold done — IoU: 0.692  (Δ=+0.042)  ✓
[staged] FD refinement — 5 Adam steps  (300 renders, lr=0.01, ε=0.02)
    ↑ new global best IoU 0.715  [FD refinement]
[staged] FD done — IoU: 0.715  (Δ=+0.023)  ✓
[staged] Done — final IoU: 0.715  loss: 0.2866
[staged] Popsize: per-robot phases=32  final=16  (theory optimum for 6 DOF = 10)

[staged] Hungarian pre-assignment  (5×5 cost matrix, 8 samples/entry = 200 renders)...
[staged]   robot_a → zone 1  robot_b → zone 3  robot_c → zone 0  robot_d → zone 2  robot_e → zone 4

[staged] Phase 1 — forward greedy  (4 iters × 5 robot(s), sigma=0.40×1.00, popsize=32)
[staged]   Ph1 robot a  zone 1  (uncovered: 20% of target)
    voronoi warm-start: IoU 0.217 → 0.218 ✓
    [parallel] 10 worker threads, one renderer clone each
    init sampling: best coverage score 0.0px of uncovered area  (8 samples)
[staged]   → robot a: IoU 0.217 → 0.403  ✓
    ↑ new global best IoU 0.403  [phase Ph1 robot a]
[staged]   Ph1 robot b  zone 3  (uncovered: 21% of target)
    voronoi warm-start: IoU 0.403 → 0.409 ✓
    [parallel] 10 worker threads, one renderer clone each
    init sampling: best coverage score 306.0px of uncovered area  (8 samples)
[staged]   → robot b: IoU 0.403 → 0.501  ✓
    ↑ new global best IoU 0.501  [phase Ph1 robot b]
[staged]   Ph1 robot c  zone 0  (uncovered: 2% of target)
    voronoi warm-start: IoU 0.482 ≤ 0.501, kept current
    [parallel] 10 worker threads, one renderer clone each
    init sampling: best coverage score 4.0px of uncovered area  (16 samples)
[staged]   → robot c: IoU 0.501 → 0.529  ✓
    ↑ new global best IoU 0.529  [phase Ph1 robot c]
[staged]   Ph1 robot d  zone 2  (uncovered: 2% of target)
    voronoi warm-start: IoU 0.500 ≤ 0.529, kept current
    [parallel] 10 worker threads, one renderer clone each
    init sampling: best coverage score 53.0px of uncovered area  (16 samples)
[staged]   → robot d: candidate 0.522 < current 0.529  ✗ rejected
[staged]   Ph1 robot e  zone 4  (uncovered: 11% of target)
    voronoi warm-start: IoU 0.496 ≤ 0.529, kept current
    [parallel] 10 worker threads, one renderer clone each
    init sampling: best coverage score 80.0px of uncovered area  (16 samples)
[staged]   → robot e: IoU 0.529 → 0.554  ✓
    ↑ new global best IoU 0.554  [phase Ph1 robot e]
[staged] Phase 1 done — composite IoU: 0.554

[staged] Phase 2 — backward pass  (4 iters × 5 robots, sigma=0.300)
[staged]   contributions before Phase 2:
[staged]     robot a: +0.147 IoU
[staged]     robot b: +0.113 IoU
[staged]     robot c: +0.027 IoU  ← low
[staged]     robot d: +0.000 IoU  ← low
[staged]     robot e: +0.025 IoU  ← low
[staged]   Ph2 robot e  zone 4  (uncovered: 23% of target)
    [parallel] 10 worker threads, one renderer clone each
    init sampling: best coverage score 152.0px of uncovered area  (16 samples)
[staged]   → robot e: IoU 0.554 → 0.569  ✓
    ↑ new global best IoU 0.569  [phase Ph2 robot e]
[staged]   Ph2 robot d  zone 2  (uncovered: 17% of target)
    [parallel] 10 worker threads, one renderer clone each
    init sampling: best coverage score 111.0px of uncovered area  (16 samples)
[staged]   → robot d: IoU 0.569 → 0.584  ✓
    ↑ new global best IoU 0.584  [phase Ph2 robot d]
[staged]   Ph2 robot c  zone 0  (uncovered: 20% of target)
    [parallel] 10 worker threads, one renderer clone each
    init sampling: best coverage score 235.0px of uncovered area  (16 samples)
[staged]   → robot c: IoU 0.584 → 0.590  ✓
    ↑ new global best IoU 0.590  [phase Ph2 robot c]
[staged]   Ph2 robot b  zone 3  (uncovered: 19% of target)
    [parallel] 10 worker threads, one renderer clone each
    init sampling: best coverage score 138.0px of uncovered area  (16 samples)
[staged]   → robot b: candidate 0.580 < current 0.590  ✗ rejected
[staged]   Ph2 robot a  zone 1  (uncovered: 38% of target)
    [parallel] 10 worker threads, one renderer clone each
    init sampling: best coverage score 499.0px of uncovered area  (16 samples)
[staged]   → robot a: IoU 0.590 → 0.638  ✓
    ↑ new global best IoU 0.638  [phase Ph2 robot a]
[staged] Phase 2 done — composite IoU: 0.638

[staged] Best snapshot: Phase 2  IoU=0.638
[staged] Manifold final pass — computing Jacobian  (ε=0.020, 60 renders)
[staged] Manifold basis: k=9D / 30D  (variance≥85%, top eigenvalues: ['620440.62', '402672.41', '180050.11', '172018.70', '152589.98'])
[staged] Manifold did not improve (0.558 vs 0.638), keeping best snapshot
[staged] FD refinement — 5 Adam steps  (300 renders, lr=0.01, ε=0.02)
    ↑ new global best IoU 0.679  [FD refinement]
[staged] FD done — IoU: 0.679  (Δ=+0.041)  ✓
[staged] Done — final IoU: 0.679  loss: 0.3228
[staged] Popsize: per-robot phases=32  final=16  (theory optimum for 6 DOF = 10)

[staged] Hungarian pre-assignment  (5×5 cost matrix, 8 samples/entry = 200 renders)...
[staged]   robot_a → zone 4  robot_b → zone 0  robot_c → zone 2  robot_d → zone 1  robot_e → zone 3

[staged] Phase 1 — forward greedy  (4 iters × 5 robot(s), sigma=0.40×1.00, popsize=32)
[staged]   Ph1 robot a  zone 4  (uncovered: 21% of target)
    voronoi warm-start: IoU 0.217 → 0.218 ✓
    [parallel] 10 worker threads, one renderer clone each
    init sampling: best coverage score 0.0px of uncovered area  (8 samples)
[staged]   → robot a: IoU 0.217 → 0.453  ✓
    ↑ new global best IoU 0.453  [phase Ph1 robot a]
[staged]   Ph1 robot b  zone 0  (uncovered: 5% of target)
    voronoi warm-start: IoU 0.420 ≤ 0.453, kept current
    [parallel] 10 worker threads, one renderer clone each
    init sampling: best coverage score 156.0px of uncovered area  (16 samples)
[staged]   → robot b: IoU 0.453 → 0.513  ✓
    ↑ new global best IoU 0.513  [phase Ph1 robot b]
[staged]   Ph1 robot c  zone 2  (uncovered: 3% of target)
    voronoi warm-start: IoU 0.491 ≤ 0.513, kept current
    [parallel] 10 worker threads, one renderer clone each
    init sampling: best coverage score 18.0px of uncovered area  (16 samples)
[staged]   → robot c: IoU 0.513 → 0.584  ✓
    ↑ new global best IoU 0.584  [phase Ph1 robot c]
[staged]   Ph1 robot d  zone 1  (uncovered: 12% of target)
    voronoi warm-start: IoU 0.569 ≤ 0.584, kept current
    [parallel] 10 worker threads, one renderer clone each
    init sampling: best coverage score 224.0px of uncovered area  (16 samples)
[staged]   → robot d: IoU 0.584 → 0.649  ✓
    ↑ new global best IoU 0.649  [phase Ph1 robot d]
[staged]   Ph1 robot e  zone 3  (uncovered: 2% of target)
    voronoi warm-start: IoU 0.617 ≤ 0.649, kept current
    [parallel] 10 worker threads, one renderer clone each
    init sampling: best coverage score 5.0px of uncovered area  (16 samples)
[staged]   → robot e: IoU 0.649 → 0.682  ✓
    ↑ new global best IoU 0.682  [phase Ph1 robot e]
[staged] Phase 1 done — composite IoU: 0.682

[staged] Phase 2 — backward pass  (4 iters × 5 robots, sigma=0.300)
[staged]   contributions before Phase 2:
[staged]     robot a: +0.092 IoU
[staged]     robot b: +0.027 IoU  ← low
[staged]     robot c: +0.089 IoU
[staged]     robot d: +0.079 IoU
[staged]     robot e: +0.033 IoU  ← low
[staged]   Ph2 robot e  zone 3  (uncovered: 21% of target)
    [parallel] 10 worker threads, one renderer clone each
    init sampling: best coverage score 180.0px of uncovered area  (16 samples)
[staged]   → robot e: candidate 0.681 < current 0.682  ✗ rejected
[staged]   Ph2 robot d  zone 1  (uncovered: 26% of target)
    [parallel] 10 worker threads, one renderer clone each
    init sampling: best coverage score 281.0px of uncovered area  (16 samples)
[staged]   → robot d: candidate 0.652 < current 0.682  ✗ rejected
[staged]   Ph2 robot c  zone 2  (uncovered: 27% of target)
    [parallel] 10 worker threads, one renderer clone each
    init sampling: best coverage score 253.0px of uncovered area  (16 samples)
[staged]   → robot c: candidate 0.636 < current 0.682  ✗ rejected
[staged]   Ph2 robot b  zone 0  (uncovered: 20% of target)
    [parallel] 10 worker threads, one renderer clone each
    init sampling: best coverage score 404.0px of uncovered area  (16 samples)
[staged]   → robot b: IoU 0.682 → 0.751  ✓
    ↑ new global best IoU 0.751  [phase Ph2 robot b]
[staged]   Ph2 robot a  zone 4  (uncovered: 21% of target)
    [parallel] 10 worker threads, one renderer clone each
    init sampling: best coverage score 318.0px of uncovered area  (16 samples)
[staged]   → robot a: candidate 0.649 < current 0.751  ✗ rejected
[staged] Phase 2 done — composite IoU: 0.751

[staged] Best snapshot: Phase 2  IoU=0.751
[staged] Manifold final pass — computing Jacobian  (ε=0.020, 60 renders)
[staged] Manifold basis: k=10D / 30D  (variance≥85%, top eigenvalues: ['334112.88', '266207.59', '170053.91', '110136.26', '97525.16'])
[staged] Manifold did not improve (0.743 vs 0.751), keeping best snapshot
[staged] FD refinement — 5 Adam steps  (300 renders, lr=0.01, ε=0.02)
    ↑ new global best IoU 0.779  [FD refinement]
[staged] FD done — IoU: 0.779  (Δ=+0.028)  ✓
[staged] Done — final IoU: 0.779  loss: 0.2211
[staged] Popsize: per-robot phases=32  final=16  (theory optimum for 6 DOF = 10)

[staged] Hungarian pre-assignment  (5×5 cost matrix, 8 samples/entry = 200 renders)...
[staged]   robot_a → zone 1  robot_b → zone 3  robot_c → zone 4  robot_d → zone 0  robot_e → zone 2

[staged] Phase 1 — forward greedy  (4 iters × 5 robot(s), sigma=0.40×1.00, popsize=32)
[staged]   Ph1 robot a  zone 1  (uncovered: 20% of target)
    voronoi warm-start: IoU 0.217 → 0.218 ✓
    [parallel] 10 worker threads, one renderer clone each
    init sampling: best coverage score 150.0px of uncovered area  (8 samples)
[staged]   → robot a: IoU 0.217 → 0.486  ✓
    ↑ new global best IoU 0.486  [phase Ph1 robot a]
[staged]   Ph1 robot b  zone 3  (uncovered: 5% of target)
    voronoi warm-start: IoU 0.451 ≤ 0.486, kept current
    [parallel] 10 worker threads, one renderer clone each
    init sampling: best coverage score 188.0px of uncovered area  (16 samples)
[staged]   → robot b: IoU 0.486 → 0.632  ✓
    ↑ new global best IoU 0.632  [phase Ph1 robot b]
[staged]   Ph1 robot c  zone 4  (uncovered: 6% of target)
    voronoi warm-start: IoU 0.565 ≤ 0.632, kept current
    [parallel] 10 worker threads, one renderer clone each
    init sampling: best coverage score 182.0px of uncovered area  (16 samples)
[staged]   → robot c: IoU 0.632 → 0.663  ✓
    ↑ new global best IoU 0.663  [phase Ph1 robot c]
[staged]   Ph1 robot d  zone 0  (uncovered: 0% of target)
    voronoi warm-start: IoU 0.651 ≤ 0.663, kept current
    [parallel] 10 worker threads, one renderer clone each
    init sampling: best coverage score 7.0px of uncovered area  (16 samples)
[staged]   → robot d: IoU 0.663 → 0.676  ✓
    ↑ new global best IoU 0.676  [phase Ph1 robot d]
[staged]   Ph1 robot e  zone 2  (uncovered: 2% of target)
    voronoi warm-start: IoU 0.626 ≤ 0.676, kept current
    [parallel] 10 worker threads, one renderer clone each
    init sampling: best coverage score 23.0px of uncovered area  (16 samples)
[staged]   → robot e: IoU 0.676 → 0.699  ✓
    ↑ new global best IoU 0.699  [phase Ph1 robot e]
[staged] Phase 1 done — composite IoU: 0.699

[staged] Phase 2 — backward pass  (4 iters × 5 robots, sigma=0.300)
[staged]   contributions before Phase 2:
[staged]     robot a: +0.231 IoU
[staged]     robot b: +0.080 IoU
[staged]     robot c: +0.040 IoU  ← low
[staged]     robot d: +0.027 IoU  ← low
[staged]     robot e: +0.023 IoU  ← low
[staged]   Ph2 robot e  zone 2  (uncovered: 12% of target)
    [parallel] 10 worker threads, one renderer clone each
    init sampling: best coverage score 141.0px of uncovered area  (16 samples)
[staged]   → robot e: IoU 0.699 → 0.729  ✓
    ↑ new global best IoU 0.729  [phase Ph2 robot e]
[staged]   Ph2 robot d  zone 0  (uncovered: 10% of target)
    [parallel] 10 worker threads, one renderer clone each
    init sampling: best coverage score 115.0px of uncovered area  (16 samples)
[staged]   → robot d: candidate 0.723 < current 0.729  ✗ rejected
[staged]   Ph2 robot c  zone 4  (uncovered: 10% of target)
    [parallel] 10 worker threads, one renderer clone each
    init sampling: best coverage score 153.0px of uncovered area  (16 samples)
[staged]   → robot c: candidate 0.710 < current 0.729  ✗ rejected
[staged]   Ph2 robot b  zone 3  (uncovered: 14% of target)
    [parallel] 10 worker threads, one renderer clone each
    init sampling: best coverage score 210.0px of uncovered area  (16 samples)
[staged]   → robot b: IoU 0.729 → 0.733  ✓
    ↑ new global best IoU 0.733  [phase Ph2 robot b]
[staged]   Ph2 robot a  zone 1  (uncovered: 38% of target)
    [parallel] 10 worker threads, one renderer clone each
    init sampling: best coverage score 716.0px of uncovered area  (16 samples)
[staged]   → robot a: candidate 0.657 < current 0.733  ✗ rejected
[staged] Phase 2 done — composite IoU: 0.733

[staged] Best snapshot: Phase 2  IoU=0.733
[staged] Manifold final pass — computing Jacobian  (ε=0.020, 60 renders)
[staged] Manifold basis: k=9D / 30D  (variance≥85%, top eigenvalues: ['699534.75', '216737.36', '160750.94', '117333.67', '88885.95'])
[staged] Manifold did not improve (0.709 vs 0.733), keeping best snapshot
[staged] FD refinement — 5 Adam steps  (300 renders, lr=0.01, ε=0.02)
    ↑ new global best IoU 0.754  [FD refinement]
[staged] FD done — IoU: 0.754  (Δ=+0.021)  ✓
[staged] Done — final IoU: 0.754  loss: 0.2473
[staged] Popsize: per-robot phases=32  final=16  (theory optimum for 6 DOF = 10)

[staged] Hungarian pre-assignment  (5×5 cost matrix, 8 samples/entry = 200 renders)...
[staged]   robot_a → zone 0  robot_b → zone 1  robot_c → zone 4  robot_d → zone 2  robot_e → zone 3

[staged] Phase 1 — forward greedy  (4 iters × 5 robot(s), sigma=0.40×1.00, popsize=32)
[staged]   Ph1 robot a  zone 0  (uncovered: 22% of target)
    voronoi warm-start: IoU 0.217 → 0.300 ✓
    [parallel] 10 worker threads, one renderer clone each
    init sampling: best coverage score 482.0px of uncovered area  (8 samples)
[staged]   → robot a: IoU 0.217 → 0.483  ✓
    ↑ new global best IoU 0.483  [phase Ph1 robot a]
[staged]   Ph1 robot b  zone 1  (uncovered: 5% of target)
    voronoi warm-start: IoU 0.418 ≤ 0.483, kept current
    [parallel] 10 worker threads, one renderer clone each
    init sampling: best coverage score 197.0px of uncovered area  (16 samples)
[staged]   → robot b: IoU 0.483 → 0.517  ✓
    ↑ new global best IoU 0.517  [phase Ph1 robot b]
[staged]   Ph1 robot c  zone 4  (uncovered: 1% of target)
    voronoi warm-start: IoU 0.488 ≤ 0.517, kept current
    [parallel] 10 worker threads, one renderer clone each
    init sampling: best coverage score 50.0px of uncovered area  (16 samples)
[staged]   → robot c: IoU 0.517 → 0.558  ✓
    ↑ new global best IoU 0.558  [phase Ph1 robot c]
[staged]   Ph1 robot d  zone 2  (uncovered: 5% of target)
    voronoi warm-start: IoU 0.544 ≤ 0.558, kept current
    [parallel] 10 worker threads, one renderer clone each
    init sampling: best coverage score 28.0px of uncovered area  (16 samples)
[staged]   → robot d: IoU 0.558 → 0.656  ✓
    ↑ new global best IoU 0.656  [phase Ph1 robot d]
[staged]   Ph1 robot e  zone 3  (uncovered: 1% of target)
    voronoi warm-start: IoU 0.639 ≤ 0.656, kept current
    [parallel] 10 worker threads, one renderer clone each
    init sampling: best coverage score 0.0px of uncovered area  (16 samples)
[staged]   → robot e: IoU 0.656 → 0.689  ✓
    ↑ new global best IoU 0.689  [phase Ph1 robot e]
[staged] Phase 1 done — composite IoU: 0.689

[staged] Phase 2 — backward pass  (4 iters × 5 robots, sigma=0.300)
[staged]   contributions before Phase 2:
[staged]     robot a: +0.144 IoU
[staged]     robot b: +0.016 IoU  ← low
[staged]     robot c: +0.053 IoU
[staged]     robot d: +0.056 IoU
[staged]     robot e: +0.033 IoU  ← low
[staged]   Ph2 robot e  zone 3  (uncovered: 15% of target)
    [parallel] 10 worker threads, one renderer clone each
    init sampling: best coverage score 78.0px of uncovered area  (16 samples)
[staged]   → robot e: IoU 0.689 → 0.691  ✓
    ↑ new global best IoU 0.691  [phase Ph2 robot e]
[staged]   Ph2 robot d  zone 2  (uncovered: 19% of target)
    [parallel] 10 worker threads, one renderer clone each
    init sampling: best coverage score 187.0px of uncovered area  (16 samples)
[staged]   → robot d: candidate 0.682 < current 0.691  ✗ rejected
[staged]   Ph2 robot c  zone 4  (uncovered: 19% of target)
    [parallel] 10 worker threads, one renderer clone each
    init sampling: best coverage score 119.0px of uncovered area  (16 samples)
[staged]   → robot c: candidate 0.670 < current 0.691  ✗ rejected
[staged]   Ph2 robot b  zone 1  (uncovered: 16% of target)
    [parallel] 10 worker threads, one renderer clone each
    init sampling: best coverage score 240.0px of uncovered area  (16 samples)
[staged]   → robot b: candidate 0.659 < current 0.691  ✗ rejected
[staged]   Ph2 robot a  zone 0  (uncovered: 28% of target)
    [parallel] 10 worker threads, one renderer clone each
    init sampling: best coverage score 301.0px of uncovered area  (16 samples)
[staged]   → robot a: candidate 0.685 < current 0.691  ✗ rejected
[staged] Phase 2 done — composite IoU: 0.691

[staged] Best snapshot: Phase 2  IoU=0.691
[staged] Manifold final pass — computing Jacobian  (ε=0.020, 60 renders)
[staged] Manifold basis: k=11D / 30D  (variance≥85%, top eigenvalues: ['380523.03', '262261.38', '207367.94', '100532.14', '82196.79'])
    ↑ new global best IoU 0.717  [manifold final pass]
[staged] Manifold done — IoU: 0.717  (Δ=+0.026)  ✓
[staged] FD refinement — 5 Adam steps  (300 renders, lr=0.01, ε=0.02)
    ↑ new global best IoU 0.743  [FD refinement]
[staged] FD done — IoU: 0.743  (Δ=+0.026)  ✓
[staged] Done — final IoU: 0.743  loss: 0.2582
[shard 0] 4/10 letters_upper/U_dejavusans-bold  best=0.779 mean=0.734±0.035  119s  eta 0.2h
[staged] Popsize: per-robot phases=32  final=16  (theory optimum for 6 DOF = 10)

[staged] Hungarian pre-assignment  (5×5 cost matrix, 8 samples/entry = 200 renders)...
[staged]   robot_a → zone 3  robot_b → zone 4  robot_c → zone 1  robot_d → zone 0  robot_e → zone 2

[staged] Phase 1 — forward greedy  (4 iters × 5 robot(s), sigma=0.40×1.00, popsize=32)
[staged]   Ph1 robot a  zone 3  (uncovered: 16% of target)
    voronoi warm-start: IoU 0.190 ≤ 0.213, kept current
    [parallel] 10 worker threads, one renderer clone each
    init sampling: best coverage score 50.0px of uncovered area  (16 samples)
[staged]   → robot a: IoU 0.213 → 0.435  ✓
    ↑ new global best IoU 0.435  [phase Ph1 robot a]
[staged]   Ph1 robot b  zone 4  (uncovered: 9% of target)
    voronoi warm-start: IoU 0.409 ≤ 0.435, kept current
    [parallel] 10 worker threads, one renderer clone each
    init sampling: best coverage score 108.0px of uncovered area  (16 samples)
[staged]   → robot b: IoU 0.435 → 0.505  ✓
    ↑ new global best IoU 0.505  [phase Ph1 robot b]
[staged]   Ph1 robot c  zone 1  (uncovered: 4% of target)
    voronoi warm-start: IoU 0.481 ≤ 0.505, kept current
    [parallel] 10 worker threads, one renderer clone each
    init sampling: best coverage score 19.0px of uncovered area  (16 samples)
[staged]   → robot c: IoU 0.505 → 0.525  ✓
    ↑ new global best IoU 0.525  [phase Ph1 robot c]
[staged]   Ph1 robot d  zone 0  (uncovered: 4% of target)
    voronoi warm-start: IoU 0.495 ≤ 0.525, kept current
    [parallel] 10 worker threads, one renderer clone each
    init sampling: best coverage score 126.0px of uncovered area  (16 samples)
[staged]   → robot d: IoU 0.525 → 0.544  ✓
    ↑ new global best IoU 0.544  [phase Ph1 robot d]
[staged]   Ph1 robot e  zone 2  (uncovered: 2% of target)
    voronoi warm-start: IoU 0.511 ≤ 0.544, kept current
    [parallel] 10 worker threads, one renderer clone each
    init sampling: best coverage score 57.0px of uncovered area  (16 samples)
[staged]   → robot e: IoU 0.544 → 0.562  ✓
    ↑ new global best IoU 0.562  [phase Ph1 robot e]
[staged] Phase 1 done — composite IoU: 0.562

[staged] Phase 2 — backward pass  (4 iters × 5 robots, sigma=0.300)
[staged]   contributions before Phase 2:
[staged]     robot a: +0.153 IoU
[staged]     robot b: +0.027 IoU  ← low
[staged]     robot c: +0.004 IoU  ← low
[staged]     robot d: +0.021 IoU  ← low
[staged]     robot e: +0.018 IoU  ← low
[staged]   Ph2 robot e  zone 2  (uncovered: 13% of target)
    [parallel] 10 worker threads, one renderer clone each
    init sampling: best coverage score 64.0px of uncovered area  (16 samples)
[staged]   → robot e: IoU 0.562 → 0.562  ✓
    ↑ new global best IoU 0.562  [phase Ph2 robot e]
[staged]   Ph2 robot d  zone 0  (uncovered: 12% of target)
    [parallel] 10 worker threads, one renderer clone each
    init sampling: best coverage score 126.0px of uncovered area  (16 samples)
[staged]   → robot d: IoU 0.562 → 0.569  ✓
    ↑ new global best IoU 0.569  [phase Ph2 robot d]
[staged]   Ph2 robot c  zone 1  (uncovered: 13% of target)
    [parallel] 10 worker threads, one renderer clone each
    init sampling: best coverage score 68.0px of uncovered area  (16 samples)
[staged]   → robot c: IoU 0.569 → 0.574  ✓
    ↑ new global best IoU 0.574  [phase Ph2 robot c]
[staged]   Ph2 robot b  zone 4  (uncovered: 21% of target)
    [parallel] 10 worker threads, one renderer clone each
    init sampling: best coverage score 107.0px of uncovered area  (16 samples)
[staged]   → robot b: candidate 0.561 < current 0.574  ✗ rejected
[staged]   Ph2 robot a  zone 3  (uncovered: 35% of target)
    [parallel] 10 worker threads, one renderer clone each
    init sampling: best coverage score 230.0px of uncovered area  (16 samples)
[staged]   → robot a: candidate 0.522 < current 0.574  ✗ rejected
[staged] Phase 2 done — composite IoU: 0.574

[staged] Best snapshot: Phase 2  IoU=0.574
[staged] Manifold final pass — computing Jacobian  (ε=0.020, 60 renders)
[staged] Manifold basis: k=9D / 30D  (variance≥85%, top eigenvalues: ['379149.69', '274760.09', '163728.12', '142577.11', '82503.96'])
    ↑ new global best IoU 0.592  [manifold final pass]
[staged] Manifold done — IoU: 0.592  (Δ=+0.018)  ✓
[staged] FD refinement — 5 Adam steps  (300 renders, lr=0.01, ε=0.02)
    ↑ new global best IoU 0.608  [FD refinement]
[staged] FD done — IoU: 0.608  (Δ=+0.016)  ✓
[staged] Done — final IoU: 0.608  loss: 0.3941
[staged] Popsize: per-robot phases=32  final=16  (theory optimum for 6 DOF = 10)

[staged] Hungarian pre-assignment  (5×5 cost matrix, 8 samples/entry = 200 renders)...
[staged]   robot_a → zone 1  robot_b → zone 4  robot_c → zone 0  robot_d → zone 2  robot_e → zone 3

[staged] Phase 1 — forward greedy  (4 iters × 5 robot(s), sigma=0.40×1.00, popsize=32)
[staged]   Ph1 robot a  zone 1  (uncovered: 24% of target)
    voronoi warm-start: IoU 0.210 ≤ 0.213, kept current
    [parallel] 10 worker threads, one renderer clone each
    init sampling: best coverage score 285.0px of uncovered area  (16 samples)
[staged]   → robot a: IoU 0.213 → 0.387  ✓
    ↑ new global best IoU 0.387  [phase Ph1 robot a]
[staged]   Ph1 robot b  zone 4  (uncovered: 9% of target)
    voronoi warm-start: IoU 0.323 ≤ 0.387, kept current
    [parallel] 10 worker threads, one renderer clone each
    init sampling: best coverage score 247.0px of uncovered area  (16 samples)
[staged]   → robot b: IoU 0.387 → 0.512  ✓
    ↑ new global best IoU 0.512  [phase Ph1 robot b]
[staged]   Ph1 robot c  zone 0  (uncovered: 1% of target)
    voronoi warm-start: IoU 0.421 ≤ 0.512, kept current
    [parallel] 10 worker threads, one renderer clone each
    init sampling: best coverage score 33.0px of uncovered area  (16 samples)
[staged]   → robot c: IoU 0.512 → 0.554  ✓
    ↑ new global best IoU 0.554  [phase Ph1 robot c]
[staged]   Ph1 robot d  zone 2  (uncovered: 10% of target)
    voronoi warm-start: IoU 0.552 ≤ 0.554, kept current
    [parallel] 10 worker threads, one renderer clone each
    init sampling: best coverage score 301.0px of uncovered area  (16 samples)
[staged]   → robot d: IoU 0.554 → 0.603  ✓
    ↑ new global best IoU 0.603  [phase Ph1 robot d]
[staged]   Ph1 robot e  zone 3  (uncovered: 6% of target)
    voronoi warm-start: IoU 0.559 ≤ 0.603, kept current
    [parallel] 10 worker threads, one renderer clone each
    init sampling: best coverage score 106.0px of uncovered area  (16 samples)
[staged]   → robot e: IoU 0.603 → 0.639  ✓
    ↑ new global best IoU 0.639  [phase Ph1 robot e]
[staged] Phase 1 done — composite IoU: 0.639

[staged] Phase 2 — backward pass  (4 iters × 5 robots, sigma=0.300)
[staged]   contributions before Phase 2:
[staged]     robot a: +0.094 IoU
[staged]     robot b: +0.112 IoU
[staged]     robot c: +0.062 IoU
[staged]     robot d: +0.059 IoU
[staged]     robot e: +0.036 IoU  ← low
[staged]   Ph2 robot e  zone 3  (uncovered: 15% of target)
    [parallel] 10 worker threads, one renderer clone each
    init sampling: best coverage score 86.0px of uncovered area  (16 samples)
[staged]   → robot e: candidate 0.630 < current 0.639  ✗ rejected
[staged]   Ph2 robot d  zone 2  (uncovered: 19% of target)
    [parallel] 10 worker threads, one renderer clone each
    init sampling: best coverage score 373.0px of uncovered area  (16 samples)
[staged]   → robot d: candidate 0.635 < current 0.639  ✗ rejected
[staged]   Ph2 robot c  zone 0  (uncovered: 18% of target)
    [parallel] 10 worker threads, one renderer clone each
    init sampling: best coverage score 240.0px of uncovered area  (16 samples)
[staged]   → robot c: candidate 0.585 < current 0.639  ✗ rejected
[staged]   Ph2 robot b  zone 4  (uncovered: 27% of target)
    [parallel] 10 worker threads, one renderer clone each
    init sampling: best coverage score 642.0px of uncovered area  (16 samples)
[staged]   → robot b: IoU 0.639 → 0.644  ✓
    ↑ new global best IoU 0.644  [phase Ph2 robot b]
[staged]   Ph2 robot a  zone 1  (uncovered: 26% of target)
    [parallel] 10 worker threads, one renderer clone each
    init sampling: best coverage score 138.0px of uncovered area  (16 samples)
[staged]   → robot a: IoU 0.644 → 0.657  ✓
    ↑ new global best IoU 0.657  [phase Ph2 robot a]
[staged] Phase 2 done — composite IoU: 0.657

[staged] Best snapshot: Phase 2  IoU=0.657
[staged] Manifold final pass — computing Jacobian  (ε=0.020, 60 renders)
[staged] Manifold basis: k=10D / 30D  (variance≥85%, top eigenvalues: ['429622.44', '292132.66', '241122.95', '111433.34', '109131.79'])
[staged] Manifold did not improve (0.593 vs 0.657), keeping best snapshot
[staged] FD refinement — 5 Adam steps  (300 renders, lr=0.01, ε=0.02)
    ↑ new global best IoU 0.679  [FD refinement]
[staged] FD done — IoU: 0.679  (Δ=+0.023)  ✓
[staged] Done — final IoU: 0.679  loss: 0.3218
[staged] Popsize: per-robot phases=32  final=16  (theory optimum for 6 DOF = 10)

[staged] Hungarian pre-assignment  (5×5 cost matrix, 8 samples/entry = 200 renders)...
[staged]   robot_a → zone 2  robot_b → zone 4  robot_c → zone 0  robot_d → zone 1  robot_e → zone 3

[staged] Phase 1 — forward greedy  (4 iters × 5 robot(s), sigma=0.40×1.00, popsize=32)
[staged]   Ph1 robot a  zone 2  (uncovered: 21% of target)
    voronoi warm-start: IoU 0.198 ≤ 0.213, kept current
    [parallel] 10 worker threads, one renderer clone each
    init sampling: best coverage score 550.0px of uncovered area  (16 samples)
[staged]   → robot a: IoU 0.213 → 0.362  ✓
    ↑ new global best IoU 0.362  [phase Ph1 robot a]
[staged]   Ph1 robot b  zone 4  (uncovered: 2% of target)
    voronoi warm-start: IoU 0.344 ≤ 0.362, kept current
    [parallel] 10 worker threads, one renderer clone each
    init sampling: best coverage score 3.0px of uncovered area  (16 samples)
[staged]   → robot b: IoU 0.362 → 0.437  ✓
    ↑ new global best IoU 0.437  [phase Ph1 robot b]
[staged]   Ph1 robot c  zone 0  (uncovered: 9% of target)
    voronoi warm-start: IoU 0.437 → 0.454 ✓
    [parallel] 10 worker threads, one renderer clone each
    init sampling: best coverage score 144.0px of uncovered area  (8 samples)
[staged]   → robot c: IoU 0.437 → 0.442  ✓
    ↑ new global best IoU 0.442  [phase Ph1 robot c]
[staged]   Ph1 robot d  zone 1  (uncovered: 8% of target)
    voronoi warm-start: IoU 0.435 ≤ 0.442, kept current
    [parallel] 10 worker threads, one renderer clone each
    init sampling: best coverage score 93.0px of uncovered area  (16 samples)
[staged]   → robot d: IoU 0.442 → 0.467  ✓
    ↑ new global best IoU 0.467  [phase Ph1 robot d]
[staged]   Ph1 robot e  zone 3  (uncovered: 10% of target)
    voronoi warm-start: IoU 0.430 ≤ 0.467, kept current
    [parallel] 10 worker threads, one renderer clone each
    init sampling: best coverage score 12.0px of uncovered area  (16 samples)
[staged]   → robot e: IoU 0.467 → 0.506  ✓
    ↑ new global best IoU 0.506  [phase Ph1 robot e]
[staged] Phase 1 done — composite IoU: 0.506

[staged] Phase 2 — backward pass  (4 iters × 5 robots, sigma=0.300)
[staged]   contributions before Phase 2:
[staged]     robot a: +0.068 IoU
[staged]     robot b: +0.062 IoU
[staged]     robot c: +0.002 IoU  ← low
[staged]     robot d: +0.026 IoU  ← low
[staged]     robot e: +0.038 IoU  ← low
[staged]   Ph2 robot e  zone 3  (uncovered: 24% of target)
    [parallel] 10 worker threads, one renderer clone each
    init sampling: best coverage score 238.0px of uncovered area  (16 samples)
[staged]   → robot e: IoU 0.506 → 0.520  ✓
    ↑ new global best IoU 0.520  [phase Ph2 robot e]
[staged]   Ph2 robot d  zone 1  (uncovered: 23% of target)
    [parallel] 10 worker threads, one renderer clone each
    init sampling: best coverage score 172.0px of uncovered area  (16 samples)
[staged]   → robot d: candidate 0.511 < current 0.520  ✗ rejected
[staged]   Ph2 robot c  zone 0  (uncovered: 18% of target)
    [parallel] 10 worker threads, one renderer clone each
    init sampling: best coverage score 202.0px of uncovered area  (16 samples)
[staged]   → robot c: IoU 0.520 → 0.557  ✓
    ↑ new global best IoU 0.557  [phase Ph2 robot c]
[staged]   Ph2 robot b  zone 4  (uncovered: 28% of target)
    [parallel] 10 worker threads, one renderer clone each
    init sampling: best coverage score 528.0px of uncovered area  (16 samples)
[staged]   → robot b: IoU 0.557 → 0.559  ✓
    ↑ new global best IoU 0.559  [phase Ph2 robot b]
[staged]   Ph2 robot a  zone 2  (uncovered: 32% of target)
    [parallel] 10 worker threads, one renderer clone each
    init sampling: best coverage score 525.0px of uncovered area  (16 samples)
[staged]   → robot a: candidate 0.553 < current 0.559  ✗ rejected
[staged] Phase 2 done — composite IoU: 0.559

[staged] Best snapshot: Phase 2  IoU=0.559
[staged] Manifold final pass — computing Jacobian  (ε=0.020, 60 renders)
[staged] Manifold basis: k=8D / 30D  (variance≥85%, top eigenvalues: ['390750.50', '338798.88', '140436.80', '104186.18', '95016.78'])
[staged] Manifold did not improve (0.552 vs 0.559), keeping best snapshot
[staged] FD refinement — 5 Adam steps  (300 renders, lr=0.01, ε=0.02)
    ↑ new global best IoU 0.576  [FD refinement]
[staged] FD done — IoU: 0.576  (Δ=+0.017)  ✓
[staged] Done — final IoU: 0.576  loss: 0.4263
[staged] Popsize: per-robot phases=32  final=16  (theory optimum for 6 DOF = 10)

[staged] Hungarian pre-assignment  (5×5 cost matrix, 8 samples/entry = 200 renders)...
[staged]   robot_a → zone 3  robot_b → zone 1  robot_c → zone 0  robot_d → zone 2  robot_e → zone 4

[staged] Phase 1 — forward greedy  (4 iters × 5 robot(s), sigma=0.40×1.00, popsize=32)
[staged]   Ph1 robot a  zone 3  (uncovered: 16% of target)
    voronoi warm-start: IoU 0.190 ≤ 0.213, kept current
    [parallel] 10 worker threads, one renderer clone each
    init sampling: best coverage score 252.0px of uncovered area  (16 samples)
[staged]   → robot a: IoU 0.213 → 0.366  ✓
    ↑ new global best IoU 0.366  [phase Ph1 robot a]
[staged]   Ph1 robot b  zone 1  (uncovered: 9% of target)
    voronoi warm-start: IoU 0.325 ≤ 0.366, kept current
    [parallel] 10 worker threads, one renderer clone each
    init sampling: best coverage score 107.0px of uncovered area  (16 samples)
[staged]   → robot b: IoU 0.366 → 0.443  ✓
    ↑ new global best IoU 0.443  [phase Ph1 robot b]
[staged]   Ph1 robot c  zone 0  (uncovered: 18% of target)
    voronoi warm-start: IoU 0.416 ≤ 0.443, kept current
    [parallel] 10 worker threads, one renderer clone each
    init sampling: best coverage score 85.0px of uncovered area  (16 samples)
[staged]   → robot c: IoU 0.443 → 0.548  ✓
    ↑ new global best IoU 0.548  [phase Ph1 robot c]
[staged]   Ph1 robot d  zone 2  (uncovered: 2% of target)
    voronoi warm-start: IoU 0.512 ≤ 0.548, kept current
    [parallel] 10 worker threads, one renderer clone each
    init sampling: best coverage score 46.0px of uncovered area  (16 samples)
[staged]   → robot d: IoU 0.548 → 0.565  ✓
    ↑ new global best IoU 0.565  [phase Ph1 robot d]
[staged]   Ph1 robot e  zone 4  (uncovered: 2% of target)
    voronoi warm-start: IoU 0.534 ≤ 0.565, kept current
    [parallel] 10 worker threads, one renderer clone each
    init sampling: best coverage score 44.0px of uncovered area  (16 samples)
[staged]   → robot e: IoU 0.565 → 0.590  ✓
    ↑ new global best IoU 0.590  [phase Ph1 robot e]
[staged] Phase 1 done — composite IoU: 0.590

[staged] Phase 2 — backward pass  (4 iters × 5 robots, sigma=0.300)
[staged]   contributions before Phase 2:
[staged]     robot a: +0.046 IoU  ← low
[staged]     robot b: +0.100 IoU
[staged]     robot c: +0.122 IoU
[staged]     robot d: +0.034 IoU  ← low
[staged]     robot e: +0.024 IoU  ← low
[staged]   Ph2 robot e  zone 4  (uncovered: 13% of target)
    [parallel] 10 worker threads, one renderer clone each
    init sampling: best coverage score 55.0px of uncovered area  (16 samples)
[staged]   → robot e: IoU 0.590 → 0.620  ✓
    ↑ new global best IoU 0.620  [phase Ph2 robot e]
[staged]   Ph2 robot d  zone 2  (uncovered: 9% of target)
    [parallel] 10 worker threads, one renderer clone each
    init sampling: best coverage score 65.0px of uncovered area  (16 samples)
[staged]   → robot d: candidate 0.615 < current 0.620  ✗ rejected
[staged]   Ph2 robot c  zone 0  (uncovered: 12% of target)
    [parallel] 10 worker threads, one renderer clone each
    init sampling: best coverage score 50.0px of uncovered area  (16 samples)
[staged]   → robot c: candidate 0.594 < current 0.620  ✗ rejected
[staged]   Ph2 robot b  zone 1  (uncovered: 22% of target)
    [parallel] 10 worker threads, one renderer clone each
    init sampling: best coverage score 243.0px of uncovered area  (16 samples)
[staged]   → robot b: candidate 0.566 < current 0.620  ✗ rejected
[staged]   Ph2 robot a  zone 3  (uncovered: 28% of target)
    [parallel] 10 worker threads, one renderer clone each
    init sampling: best coverage score 677.0px of uncovered area  (16 samples)
[staged]   → robot a: candidate 0.608 < current 0.620  ✗ rejected
[staged] Phase 2 done — composite IoU: 0.620

[staged] Best snapshot: Phase 2  IoU=0.620
[staged] Manifold final pass — computing Jacobian  (ε=0.020, 60 renders)
[staged] Manifold basis: k=8D / 30D  (variance≥85%, top eigenvalues: ['647380.81', '533549.44', '135256.19', '102453.60', '93841.96'])
[staged] Manifold did not improve (0.599 vs 0.620), keeping best snapshot
[staged] FD refinement — 5 Adam steps  (300 renders, lr=0.01, ε=0.02)
    ↑ new global best IoU 0.646  [FD refinement]
[staged] FD done — IoU: 0.646  (Δ=+0.026)  ✓
[staged] Done — final IoU: 0.646  loss: 0.3553
[staged] Popsize: per-robot phases=32  final=16  (theory optimum for 6 DOF = 10)

[staged] Hungarian pre-assignment  (5×5 cost matrix, 8 samples/entry = 200 renders)...
[staged]   robot_a → zone 3  robot_b → zone 4  robot_c → zone 0  robot_d → zone 2  robot_e → zone 1

[staged] Phase 1 — forward greedy  (4 iters × 5 robot(s), sigma=0.40×1.00, popsize=32)
[staged]   Ph1 robot a  zone 3  (uncovered: 8% of target)
    voronoi warm-start: IoU 0.181 ≤ 0.213, kept current
    [parallel] 10 worker threads, one renderer clone each
    init sampling: best coverage score 107.0px of uncovered area  (16 samples)
[staged]   → robot a: IoU 0.213 → 0.366  ✓
    ↑ new global best IoU 0.366  [phase Ph1 robot a]
[staged]   Ph1 robot b  zone 4  (uncovered: 19% of target)
    voronoi warm-start: IoU 0.354 ≤ 0.366, kept current
    [parallel] 10 worker threads, one renderer clone each
    init sampling: best coverage score 182.0px of uncovered area  (16 samples)
[staged]   → robot b: IoU 0.366 → 0.519  ✓
    ↑ new global best IoU 0.519  [phase Ph1 robot b]
[staged]   Ph1 robot c  zone 0  (uncovered: 2% of target)
    voronoi warm-start: IoU 0.437 ≤ 0.519, kept current
    [parallel] 10 worker threads, one renderer clone each
    init sampling: best coverage score 53.0px of uncovered area  (16 samples)
[staged]   → robot c: IoU 0.519 → 0.551  ✓
    ↑ new global best IoU 0.551  [phase Ph1 robot c]
[staged]   Ph1 robot d  zone 2  (uncovered: 2% of target)
    voronoi warm-start: IoU 0.498 ≤ 0.551, kept current
    [parallel] 10 worker threads, one renderer clone each
    init sampling: best coverage score 49.0px of uncovered area  (16 samples)
[staged]   → robot d: IoU 0.551 → 0.558  ✓
    ↑ new global best IoU 0.558  [phase Ph1 robot d]
[staged]   Ph1 robot e  zone 1  (uncovered: 0% of target)
    voronoi warm-start: IoU 0.542 ≤ 0.558, kept current
    [parallel] 10 worker threads, one renderer clone each
    init sampling: best coverage score 0.0px of uncovered area  (16 samples)
[staged]   → robot e: IoU 0.558 → 0.568  ✓
    ↑ new global best IoU 0.568  [phase Ph1 robot e]
[staged] Phase 1 done — composite IoU: 0.568

[staged] Phase 2 — backward pass  (4 iters × 5 robots, sigma=0.300)
[staged]   contributions before Phase 2:
[staged]     robot a: +0.063 IoU
[staged]     robot b: +0.115 IoU
[staged]     robot c: +0.054 IoU
[staged]     robot d: +0.022 IoU  ← low
[staged]     robot e: +0.010 IoU  ← low
[staged]   Ph2 robot e  zone 1  (uncovered: 12% of target)
    [parallel] 10 worker threads, one renderer clone each
    init sampling: best coverage score 185.0px of uncovered area  (16 samples)
[staged]   → robot e: IoU 0.568 → 0.609  ✓
    ↑ new global best IoU 0.609  [phase Ph2 robot e]
[staged]   Ph2 robot d  zone 2  (uncovered: 8% of target)
    [parallel] 10 worker threads, one renderer clone each
    init sampling: best coverage score 52.0px of uncovered area  (16 samples)
[staged]   → robot d: IoU 0.609 → 0.615  ✓
    ↑ new global best IoU 0.615  [phase Ph2 robot d]
[staged]   Ph2 robot c  zone 0  (uncovered: 21% of target)
    [parallel] 10 worker threads, one renderer clone each
    init sampling: best coverage score 354.0px of uncovered area  (16 samples)
[staged]   → robot c: IoU 0.615 → 0.618  ✓
    ↑ new global best IoU 0.618  [phase Ph2 robot c]
[staged]   Ph2 robot b  zone 4  (uncovered: 35% of target)
    [parallel] 10 worker threads, one renderer clone each
    init sampling: best coverage score 214.0px of uncovered area  (16 samples)
[staged]   → robot b: candidate 0.597 < current 0.618  ✗ rejected
[staged]   Ph2 robot a  zone 3  (uncovered: 22% of target)
    [parallel] 10 worker threads, one renderer clone each
    init sampling: best coverage score 398.0px of uncovered area  (16 samples)
[staged]   → robot a: candidate 0.594 < current 0.618  ✗ rejected
[staged] Phase 2 done — composite IoU: 0.618

[staged] Best snapshot: Phase 2  IoU=0.618
[staged] Manifold final pass — computing Jacobian  (ε=0.020, 60 renders)
[staged] Manifold basis: k=8D / 30D  (variance≥85%, top eigenvalues: ['454286.56', '231938.62', '118410.83', '109790.91', '98891.79'])
[staged] Manifold did not improve (0.606 vs 0.618), keeping best snapshot
[staged] FD refinement — 5 Adam steps  (300 renders, lr=0.01, ε=0.02)
    ↑ new global best IoU 0.635  [FD refinement]
[staged] FD done — IoU: 0.635  (Δ=+0.017)  ✓
[staged] Done — final IoU: 0.635  loss: 0.3658
[shard 0] 5/10 letters_upper/W_dejavusans-bold  best=0.679 mean=0.629±0.035  119s  eta 0.2h
[staged] Popsize: per-robot phases=32  final=16  (theory optimum for 6 DOF = 10)

[staged] Hungarian pre-assignment  (5×5 cost matrix, 8 samples/entry = 200 renders)...
[staged]   robot_a → zone 0  robot_b → zone 3  robot_c → zone 1  robot_d → zone 4  robot_e → zone 2

[staged] Phase 1 — forward greedy  (4 iters × 5 robot(s), sigma=0.40×1.00, popsize=32)
[staged]   Ph1 robot a  zone 0  (uncovered: 14% of target)
    voronoi warm-start: IoU 0.141 ≤ 0.157, kept current
    [parallel] 10 worker threads, one renderer clone each
    init sampling: best coverage score 440.0px of uncovered area  (16 samples)
[staged]   → robot a: IoU 0.157 → 0.398  ✓
    ↑ new global best IoU 0.398  [phase Ph1 robot a]
[staged]   Ph1 robot b  zone 3  (uncovered: 5% of target)
    voronoi warm-start: IoU 0.385 ≤ 0.398, kept current
    [parallel] 10 worker threads, one renderer clone each
    init sampling: best coverage score 147.0px of uncovered area  (16 samples)
[staged]   → robot b: IoU 0.398 → 0.426  ✓
    ↑ new global best IoU 0.426  [phase Ph1 robot b]
[staged]   Ph1 robot c  zone 1  (uncovered: 3% of target)
    voronoi warm-start: IoU 0.389 ≤ 0.426, kept current
    [parallel] 10 worker threads, one renderer clone each
    init sampling: best coverage score 19.0px of uncovered area  (16 samples)
[staged]   → robot c: IoU 0.426 → 0.481  ✓
    ↑ new global best IoU 0.481  [phase Ph1 robot c]
[staged]   Ph1 robot d  zone 4  (uncovered: 7% of target)
    voronoi warm-start: IoU 0.478 ≤ 0.481, kept current
    [parallel] 10 worker threads, one renderer clone each
    init sampling: best coverage score 83.0px of uncovered area  (16 samples)
[staged]   → robot d: IoU 0.481 → 0.539  ✓
    ↑ new global best IoU 0.539  [phase Ph1 robot d]
[staged]   Ph1 robot e  zone 2  (uncovered: 1% of target)
    voronoi warm-start: IoU 0.539 → 0.554 ✓
    [parallel] 10 worker threads, one renderer clone each
    init sampling: best coverage score 1.0px of uncovered area  (8 samples)
[staged]   → robot e: IoU 0.539 → 0.570  ✓
    ↑ new global best IoU 0.570  [phase Ph1 robot e]
[staged] Phase 1 done — composite IoU: 0.570

[staged] Phase 2 — backward pass  (4 iters × 5 robots, sigma=0.300)
[staged]   contributions before Phase 2:
[staged]     robot a: +0.007 IoU  ← low
[staged]     robot b: +0.024 IoU  ← low
[staged]     robot c: +0.067 IoU
[staged]     robot d: +0.074 IoU
[staged]     robot e: +0.032 IoU  ← low
[staged]   Ph2 robot e  zone 2  (uncovered: 13% of target)
    [parallel] 10 worker threads, one renderer clone each
    init sampling: best coverage score 209.0px of uncovered area  (16 samples)
[staged]   → robot e: IoU 0.570 → 0.583  ✓
    ↑ new global best IoU 0.583  [phase Ph2 robot e]
[staged]   Ph2 robot d  zone 4  (uncovered: 17% of target)
    [parallel] 10 worker threads, one renderer clone each
    init sampling: best coverage score 111.0px of uncovered area  (16 samples)
[staged]   → robot d: candidate 0.552 < current 0.583  ✗ rejected
[staged]   Ph2 robot c  zone 1  (uncovered: 18% of target)
    [parallel] 10 worker threads, one renderer clone each
    init sampling: best coverage score 120.0px of uncovered area  (16 samples)
[staged]   → robot c: candidate 0.564 < current 0.583  ✗ rejected
[staged]   Ph2 robot b  zone 3  (uncovered: 20% of target)
    [parallel] 10 worker threads, one renderer clone each
    init sampling: best coverage score 289.0px of uncovered area  (16 samples)
[staged]   → robot b: candidate 0.553 < current 0.583  ✗ rejected
[staged]   Ph2 robot a  zone 0  (uncovered: 23% of target)
    [parallel] 10 worker threads, one renderer clone each
    init sampling: best coverage score 292.0px of uncovered area  (16 samples)
[staged]   → robot a: candidate 0.571 < current 0.583  ✗ rejected
[staged] Phase 2 done — composite IoU: 0.583

[staged] Best snapshot: Phase 2  IoU=0.583
[staged] Manifold final pass — computing Jacobian  (ε=0.020, 60 renders)
[staged] Manifold basis: k=9D / 30D  (variance≥85%, top eigenvalues: ['506104.66', '351761.38', '173430.83', '169298.08', '139337.62'])
[staged] Manifold did not improve (0.578 vs 0.583), keeping best snapshot
[staged] FD refinement — 5 Adam steps  (300 renders, lr=0.01, ε=0.02)
    ↑ new global best IoU 0.606  [FD refinement]
[staged] FD done — IoU: 0.606  (Δ=+0.023)  ✓
[staged] Done — final IoU: 0.606  loss: 0.3978
[staged] Popsize: per-robot phases=32  final=16  (theory optimum for 6 DOF = 10)

[staged] Hungarian pre-assignment  (5×5 cost matrix, 8 samples/entry = 200 renders)...
[staged]   robot_a → zone 4  robot_b → zone 3  robot_c → zone 0  robot_d → zone 2  robot_e → zone 1

[staged] Phase 1 — forward greedy  (4 iters × 5 robot(s), sigma=0.40×1.00, popsize=32)
[staged]   Ph1 robot a  zone 4  (uncovered: 24% of target)
    voronoi warm-start: IoU 0.157 → 0.256 ✓
    [parallel] 10 worker threads, one renderer clone each
    init sampling: best coverage score 0.0px of uncovered area  (8 samples)
[staged]   → robot a: IoU 0.157 → 0.438  ✓
    ↑ new global best IoU 0.438  [phase Ph1 robot a]
[staged]   Ph1 robot b  zone 3  (uncovered: 17% of target)
    voronoi warm-start: IoU 0.424 ≤ 0.438, kept current
    [parallel] 10 worker threads, one renderer clone each
    init sampling: best coverage score 289.0px of uncovered area  (16 samples)
[staged]   → robot b: IoU 0.438 → 0.496  ✓
    ↑ new global best IoU 0.496  [phase Ph1 robot b]
[staged]   Ph1 robot c  zone 0  (uncovered: 11% of target)
    voronoi warm-start: IoU 0.488 ≤ 0.496, kept current
    [parallel] 10 worker threads, one renderer clone each
    init sampling: best coverage score 79.0px of uncovered area  (16 samples)
[staged]   → robot c: IoU 0.496 → 0.529  ✓
    ↑ new global best IoU 0.529  [phase Ph1 robot c]
[staged]   Ph1 robot d  zone 2  (uncovered: 0% of target)
    voronoi warm-start: IoU 0.505 ≤ 0.529, kept current
    [parallel] 10 worker threads, one renderer clone each
    init sampling: best coverage score 0.0px of uncovered area  (16 samples)
[staged]   → robot d: IoU 0.529 → 0.541  ✓
    ↑ new global best IoU 0.541  [phase Ph1 robot d]
[staged]   Ph1 robot e  zone 1  (uncovered: 5% of target)
    voronoi warm-start: IoU 0.512 ≤ 0.541, kept current
    [parallel] 10 worker threads, one renderer clone each
    init sampling: best coverage score 218.0px of uncovered area  (16 samples)
[staged]   → robot e: IoU 0.541 → 0.589  ✓
    ↑ new global best IoU 0.589  [phase Ph1 robot e]
[staged] Phase 1 done — composite IoU: 0.589

[staged] Phase 2 — backward pass  (4 iters × 5 robots, sigma=0.300)
[staged]   contributions before Phase 2:
[staged]     robot a: +0.097 IoU
[staged]     robot b: +0.062 IoU
[staged]     robot c: +0.052 IoU
[staged]     robot d: +0.029 IoU  ← low
[staged]     robot e: +0.048 IoU  ← low
[staged]   Ph2 robot e  zone 1  (uncovered: 17% of target)
    [parallel] 10 worker threads, one renderer clone each
    init sampling: best coverage score 165.0px of uncovered area  (16 samples)
[staged]   → robot e: candidate 0.576 < current 0.589  ✗ rejected
[staged]   Ph2 robot d  zone 2  (uncovered: 14% of target)
    [parallel] 10 worker threads, one renderer clone each
    init sampling: best coverage score 39.0px of uncovered area  (16 samples)
[staged]   → robot d: candidate 0.589 < current 0.589  ✗ rejected
[staged]   Ph2 robot c  zone 0  (uncovered: 17% of target)
    [parallel] 10 worker threads, one renderer clone each
    init sampling: best coverage score 105.0px of uncovered area  (16 samples)
[staged]   → robot c: candidate 0.572 < current 0.589  ✗ rejected
[staged]   Ph2 robot b  zone 3  (uncovered: 22% of target)
    [parallel] 10 worker threads, one renderer clone each
    init sampling: best coverage score 315.0px of uncovered area  (16 samples)
[staged]   → robot b: candidate 0.570 < current 0.589  ✗ rejected
[staged]   Ph2 robot a  zone 4  (uncovered: 32% of target)
    [parallel] 10 worker threads, one renderer clone each
    init sampling: best coverage score 328.0px of uncovered area  (16 samples)
[staged]   → robot a: IoU 0.589 → 0.593  ✓
    ↑ new global best IoU 0.593  [phase Ph2 robot a]
[staged] Phase 2 done — composite IoU: 0.593

[staged] Best snapshot: Phase 2  IoU=0.593
[staged] Manifold final pass — computing Jacobian  (ε=0.020, 60 renders)
[staged] Manifold basis: k=8D / 30D  (variance≥85%, top eigenvalues: ['867948.19', '227733.16', '170216.00', '127041.03', '121640.70'])
[staged] Manifold did not improve (0.563 vs 0.593), keeping best snapshot
[staged] FD refinement — 5 Adam steps  (300 renders, lr=0.01, ε=0.02)
    ↑ new global best IoU 0.619  [FD refinement]
[staged] FD done — IoU: 0.619  (Δ=+0.026)  ✓
[staged] Done — final IoU: 0.619  loss: 0.3831
[staged] Popsize: per-robot phases=32  final=16  (theory optimum for 6 DOF = 10)

[staged] Hungarian pre-assignment  (5×5 cost matrix, 8 samples/entry = 200 renders)...
[staged]   robot_a → zone 1  robot_b → zone 4  robot_c → zone 2  robot_d → zone 3  robot_e → zone 0

[staged] Phase 1 — forward greedy  (4 iters × 5 robot(s), sigma=0.40×1.00, popsize=32)
[staged]   Ph1 robot a  zone 1  (uncovered: 18% of target)
    voronoi warm-start: IoU 0.157 → 0.259 ✓
    [parallel] 10 worker threads, one renderer clone each
    init sampling: best coverage score 77.0px of uncovered area  (8 samples)
[staged]   → robot a: IoU 0.157 → 0.400  ✓
    ↑ new global best IoU 0.400  [phase Ph1 robot a]
[staged]   Ph1 robot b  zone 4  (uncovered: 8% of target)
    voronoi warm-start: IoU 0.386 ≤ 0.400, kept current
    [parallel] 10 worker threads, one renderer clone each
    init sampling: best coverage score 6.0px of uncovered area  (16 samples)
[staged]   → robot b: IoU 0.400 → 0.452  ✓
    ↑ new global best IoU 0.452  [phase Ph1 robot b]
[staged]   Ph1 robot c  zone 2  (uncovered: 7% of target)
    voronoi warm-start: IoU 0.432 ≤ 0.452, kept current
    [parallel] 10 worker threads, one renderer clone each
    init sampling: best coverage score 244.0px of uncovered area  (16 samples)
[staged]   → robot c: IoU 0.452 → 0.480  ✓
    ↑ new global best IoU 0.480  [phase Ph1 robot c]
[staged]   Ph1 robot d  zone 3  (uncovered: 5% of target)
    voronoi warm-start: IoU 0.450 ≤ 0.480, kept current
    [parallel] 10 worker threads, one renderer clone each
    init sampling: best coverage score 63.0px of uncovered area  (16 samples)
[staged]   → robot d: IoU 0.480 → 0.497  ✓
    ↑ new global best IoU 0.497  [phase Ph1 robot d]
[staged]   Ph1 robot e  zone 0  (uncovered: 5% of target)
    voronoi warm-start: IoU 0.494 ≤ 0.497, kept current
    [parallel] 10 worker threads, one renderer clone each
    init sampling: best coverage score 31.0px of uncovered area  (16 samples)
[staged]   → robot e: IoU 0.497 → 0.541  ✓
    ↑ new global best IoU 0.541  [phase Ph1 robot e]
[staged] Phase 1 done — composite IoU: 0.541

[staged] Phase 2 — backward pass  (4 iters × 5 robots, sigma=0.300)
[staged]   contributions before Phase 2:
[staged]     robot a: +0.042 IoU  ← low
[staged]     robot b: +0.012 IoU  ← low
[staged]     robot c: +0.033 IoU  ← low
[staged]     robot d: +0.026 IoU  ← low
[staged]     robot e: +0.045 IoU  ← low
[staged]   Ph2 robot e  zone 0  (uncovered: 22% of target)
    [parallel] 10 worker threads, one renderer clone each
    init sampling: best coverage score 247.0px of uncovered area  (16 samples)
[staged]   → robot e: candidate 0.538 < current 0.541  ✗ rejected
[staged]   Ph2 robot d  zone 3  (uncovered: 22% of target)
    [parallel] 10 worker threads, one renderer clone each
    init sampling: best coverage score 264.0px of uncovered area  (16 samples)
[staged]   → robot d: IoU 0.541 → 0.544  ✓
    ↑ new global best IoU 0.544  [phase Ph2 robot d]
[staged]   Ph2 robot c  zone 2  (uncovered: 26% of target)
    [parallel] 10 worker threads, one renderer clone each
    init sampling: best coverage score 339.0px of uncovered area  (16 samples)
[staged]   → robot c: IoU 0.544 → 0.552  ✓
    ↑ new global best IoU 0.552  [phase Ph2 robot c]
[staged]   Ph2 robot b  zone 4  (uncovered: 21% of target)
    [parallel] 10 worker threads, one renderer clone each
    init sampling: best coverage score 216.0px of uncovered area  (16 samples)
[staged]   → robot b: IoU 0.552 → 0.567  ✓
    ↑ new global best IoU 0.567  [phase Ph2 robot b]
[staged]   Ph2 robot a  zone 1  (uncovered: 25% of target)
    [parallel] 10 worker threads, one renderer clone each
    init sampling: best coverage score 432.0px of uncovered area  (16 samples)
[staged]   → robot a: IoU 0.567 → 0.598  ✓
    ↑ new global best IoU 0.598  [phase Ph2 robot a]
[staged] Phase 2 done — composite IoU: 0.598

[staged] Best snapshot: Phase 2  IoU=0.598
[staged] Manifold final pass — computing Jacobian  (ε=0.020, 60 renders)
[staged] Manifold basis: k=10D / 30D  (variance≥85%, top eigenvalues: ['327680.81', '170376.22', '164633.70', '99488.85', '55853.71'])
[staged] Manifold did not improve (0.576 vs 0.598), keeping best snapshot
[staged] FD refinement — 5 Adam steps  (300 renders, lr=0.01, ε=0.02)
    ↑ new global best IoU 0.615  [FD refinement]
[staged] FD done — IoU: 0.615  (Δ=+0.016)  ✓
[staged] Done — final IoU: 0.615  loss: 0.3879
[staged] Popsize: per-robot phases=32  final=16  (theory optimum for 6 DOF = 10)

[staged] Hungarian pre-assignment  (5×5 cost matrix, 8 samples/entry = 200 renders)...
[staged]   robot_a → zone 0  robot_b → zone 2  robot_c → zone 1  robot_d → zone 3  robot_e → zone 4

[staged] Phase 1 — forward greedy  (4 iters × 5 robot(s), sigma=0.40×1.00, popsize=32)
[staged]   Ph1 robot a  zone 0  (uncovered: 18% of target)
    voronoi warm-start: IoU 0.157 → 0.259 ✓
    [parallel] 10 worker threads, one renderer clone each
    init sampling: best coverage score 602.0px of uncovered area  (8 samples)
[staged]   → robot a: IoU 0.157 → 0.438  ✓
    ↑ new global best IoU 0.438  [phase Ph1 robot a]
[staged]   Ph1 robot b  zone 2  (uncovered: 15% of target)
    voronoi warm-start: IoU 0.430 ≤ 0.438, kept current
    [parallel] 10 worker threads, one renderer clone each
    init sampling: best coverage score 384.0px of uncovered area  (16 samples)
[staged]   → robot b: IoU 0.438 → 0.473  ✓
    ↑ new global best IoU 0.473  [phase Ph1 robot b]
[staged]   Ph1 robot c  zone 1  (uncovered: 8% of target)
    voronoi warm-start: IoU 0.463 ≤ 0.473, kept current
    [parallel] 10 worker threads, one renderer clone each
    init sampling: best coverage score 133.0px of uncovered area  (16 samples)
[staged]   → robot c: IoU 0.473 → 0.525  ✓
    ↑ new global best IoU 0.525  [phase Ph1 robot c]
[staged]   Ph1 robot d  zone 3  (uncovered: 4% of target)
    voronoi warm-start: IoU 0.485 ≤ 0.525, kept current
    [parallel] 10 worker threads, one renderer clone each
    init sampling: best coverage score 92.0px of uncovered area  (16 samples)
[staged]   → robot d: IoU 0.525 → 0.554  ✓
    ↑ new global best IoU 0.554  [phase Ph1 robot d]
[staged]   Ph1 robot e  zone 4  (uncovered: 3% of target)
    voronoi warm-start: IoU 0.549 ≤ 0.554, kept current
    [parallel] 10 worker threads, one renderer clone each
    init sampling: best coverage score 47.0px of uncovered area  (16 samples)
[staged]   → robot e: IoU 0.554 → 0.575  ✓
    ↑ new global best IoU 0.575  [phase Ph1 robot e]
[staged] Phase 1 done — composite IoU: 0.575

[staged] Phase 2 — backward pass  (4 iters × 5 robots, sigma=0.300)
[staged]   contributions before Phase 2:
[staged]     robot a: +0.122 IoU
[staged]     robot b: +0.038 IoU  ← low
[staged]     robot c: +0.062 IoU
[staged]     robot d: +0.043 IoU  ← low
[staged]     robot e: +0.021 IoU  ← low
[staged]   Ph2 robot e  zone 4  (uncovered: 14% of target)
    [parallel] 10 worker threads, one renderer clone each
    init sampling: best coverage score 143.0px of uncovered area  (16 samples)
[staged]   → robot e: candidate 0.573 < current 0.575  ✗ rejected
[staged]   Ph2 robot d  zone 3  (uncovered: 17% of target)
    [parallel] 10 worker threads, one renderer clone each
    init sampling: best coverage score 136.0px of uncovered area  (16 samples)
[staged]   → robot d: candidate 0.543 < current 0.575  ✗ rejected
[staged]   Ph2 robot c  zone 1  (uncovered: 28% of target)
    [parallel] 10 worker threads, one renderer clone each
    init sampling: best coverage score 399.0px of uncovered area  (16 samples)
[staged]   → robot c: candidate 0.573 < current 0.575  ✗ rejected
[staged]   Ph2 robot b  zone 2  (uncovered: 16% of target)
    [parallel] 10 worker threads, one renderer clone each
    init sampling: best coverage score 162.0px of uncovered area  (16 samples)
[staged]   → robot b: IoU 0.575 → 0.580  ✓
    ↑ new global best IoU 0.580  [phase Ph2 robot b]
[staged]   Ph2 robot a  zone 0  (uncovered: 37% of target)
    [parallel] 10 worker threads, one renderer clone each
    init sampling: best coverage score 985.0px of uncovered area  (16 samples)
[staged]   → robot a: candidate 0.580 < current 0.580  ✗ rejected
[staged] Phase 2 done — composite IoU: 0.580

[staged] Best snapshot: Phase 2  IoU=0.580
[staged] Manifold final pass — computing Jacobian  (ε=0.020, 60 renders)
[staged] Manifold basis: k=7D / 30D  (variance≥85%, top eigenvalues: ['887110.62', '249456.72', '247619.81', '106021.48', '79431.40'])
    ↑ new global best IoU 0.588  [manifold final pass]
[staged] Manifold done — IoU: 0.588  (Δ=+0.008)  ✓
[staged] FD refinement — 5 Adam steps  (300 renders, lr=0.01, ε=0.02)
    ↑ new global best IoU 0.608  [FD refinement]
[staged] FD done — IoU: 0.608  (Δ=+0.020)  ✓
[staged] Done — final IoU: 0.608  loss: 0.3954
[staged] Popsize: per-robot phases=32  final=16  (theory optimum for 6 DOF = 10)

[staged] Hungarian pre-assignment  (5×5 cost matrix, 8 samples/entry = 200 renders)...
[staged]   robot_a → zone 3  robot_b → zone 4  robot_c → zone 1  robot_d → zone 2  robot_e → zone 0

[staged] Phase 1 — forward greedy  (4 iters × 5 robot(s), sigma=0.40×1.00, popsize=32)
[staged]   Ph1 robot a  zone 3  (uncovered: 17% of target)
    voronoi warm-start: IoU 0.157 → 0.253 ✓
    [parallel] 10 worker threads, one renderer clone each
    init sampling: best coverage score 317.0px of uncovered area  (8 samples)
[staged]   → robot a: IoU 0.157 → 0.467  ✓
    ↑ new global best IoU 0.467  [phase Ph1 robot a]
[staged]   Ph1 robot b  zone 4  (uncovered: 10% of target)
    voronoi warm-start: IoU 0.450 ≤ 0.467, kept current
    [parallel] 10 worker threads, one renderer clone each
    init sampling: best coverage score 147.0px of uncovered area  (16 samples)
[staged]   → robot b: candidate 0.454 < current 0.467  ✗ rejected
[staged]   Ph1 robot c  zone 1  (uncovered: 8% of target)
    voronoi warm-start: IoU 0.430 ≤ 0.467, kept current
    [parallel] 10 worker threads, one renderer clone each
    init sampling: best coverage score 226.0px of uncovered area  (16 samples)
[staged]   → robot c: IoU 0.467 → 0.524  ✓
    ↑ new global best IoU 0.524  [phase Ph1 robot c]
[staged]   Ph1 robot d  zone 2  (uncovered: 8% of target)
    voronoi warm-start: IoU 0.505 ≤ 0.524, kept current
    [parallel] 10 worker threads, one renderer clone each
    init sampling: best coverage score 53.0px of uncovered area  (16 samples)
[staged]   → robot d: IoU 0.524 → 0.547  ✓
    ↑ new global best IoU 0.547  [phase Ph1 robot d]
[staged]   Ph1 robot e  zone 0  (uncovered: 3% of target)
    voronoi warm-start: IoU 0.533 ≤ 0.547, kept current
    [parallel] 10 worker threads, one renderer clone each
    init sampling: best coverage score 79.0px of uncovered area  (16 samples)
[staged]   → robot e: IoU 0.547 → 0.605  ✓
    ↑ new global best IoU 0.605  [phase Ph1 robot e]
[staged] Phase 1 done — composite IoU: 0.605

[staged] Phase 2 — backward pass  (4 iters × 5 robots, sigma=0.300)
[staged]   contributions before Phase 2:
[staged]     robot a: +0.135 IoU
[staged]     robot b: +0.000 IoU  ← low
[staged]     robot c: +0.057 IoU
[staged]     robot d: +0.038 IoU  ← low
[staged]     robot e: +0.058 IoU
[staged]   Ph2 robot e  zone 0  (uncovered: 24% of target)
    [parallel] 10 worker threads, one renderer clone each
    init sampling: best coverage score 302.0px of uncovered area  (16 samples)
[staged]   → robot e: IoU 0.605 → 0.626  ✓
    ↑ new global best IoU 0.626  [phase Ph2 robot e]
[staged]   Ph2 robot d  zone 2  (uncovered: 21% of target)
    [parallel] 10 worker threads, one renderer clone each
    init sampling: best coverage score 145.0px of uncovered area  (16 samples)
[staged]   → robot d: IoU 0.626 → 0.630  ✓
    ↑ new global best IoU 0.630  [phase Ph2 robot d]
[staged]   Ph2 robot c  zone 1  (uncovered: 22% of target)
    [parallel] 10 worker threads, one renderer clone each
    init sampling: best coverage score 138.0px of uncovered area  (16 samples)
[staged]   → robot c: candidate 0.614 < current 0.630  ✗ rejected
[staged]   Ph2 robot b  zone 4  (uncovered: 16% of target)
    [parallel] 10 worker threads, one renderer clone each
    init sampling: best coverage score 160.0px of uncovered area  (16 samples)
[staged]   → robot b: IoU 0.630 → 0.690  ✓
    ↑ new global best IoU 0.690  [phase Ph2 robot b]
[staged]   Ph2 robot a  zone 3  (uncovered: 33% of target)
    [parallel] 10 worker threads, one renderer clone each
    init sampling: best coverage score 498.0px of uncovered area  (16 samples)
[staged]   → robot a: candidate 0.670 < current 0.690  ✗ rejected
[staged] Phase 2 done — composite IoU: 0.690

[staged] Best snapshot: Phase 2  IoU=0.690
[staged] Manifold final pass — computing Jacobian  (ε=0.020, 60 renders)
[staged] Manifold basis: k=8D / 30D  (variance≥85%, top eigenvalues: ['580302.31', '209533.27', '137065.38', '121751.47', '114534.89'])
[staged] Manifold did not improve (0.669 vs 0.690), keeping best snapshot
[staged] FD refinement — 5 Adam steps  (300 renders, lr=0.01, ε=0.02)
    ↑ new global best IoU 0.709  [FD refinement]
[staged] FD done — IoU: 0.709  (Δ=+0.019)  ✓
[staged] Done — final IoU: 0.709  loss: 0.2925
[shard 0] 6/10 digits/2_dejavusans-bold  best=0.709 mean=0.631±0.039  119s  eta 0.1h
[staged] Popsize: per-robot phases=32  final=16  (theory optimum for 6 DOF = 10)

[staged] Hungarian pre-assignment  (5×5 cost matrix, 8 samples/entry = 200 renders)...
[staged]   robot_a → zone 1  robot_b → zone 0  robot_c → zone 4  robot_d → zone 3  robot_e → zone 2

[staged] Phase 1 — forward greedy  (4 iters × 5 robot(s), sigma=0.40×1.00, popsize=32)
[staged]   Ph1 robot a  zone 1  (uncovered: 15% of target)
    voronoi warm-start: IoU 0.113 → 0.186 ✓
    [parallel] 10 worker threads, one renderer clone each
    init sampling: best coverage score 442.0px of uncovered area  (8 samples)
[staged]   → robot a: IoU 0.113 → 0.402  ✓
    ↑ new global best IoU 0.402  [phase Ph1 robot a]
[staged]   Ph1 robot b  zone 0  (uncovered: 8% of target)
    voronoi warm-start: IoU 0.388 ≤ 0.402, kept current
    [parallel] 10 worker threads, one renderer clone each
    init sampling: best coverage score 18.0px of uncovered area  (16 samples)
[staged]   → robot b: IoU 0.402 → 0.495  ✓
    ↑ new global best IoU 0.495  [phase Ph1 robot b]
[staged]   Ph1 robot c  zone 4  (uncovered: 2% of target)
    voronoi warm-start: IoU 0.495 → 0.518 ✓
    [parallel] 10 worker threads, one renderer clone each
    init sampling: best coverage score 0.0px of uncovered area  (8 samples)
[staged]   → robot c: IoU 0.495 → 0.539  ✓
    ↑ new global best IoU 0.539  [phase Ph1 robot c]
[staged]   Ph1 robot d  zone 3  (uncovered: 6% of target)
    voronoi warm-start: IoU 0.490 ≤ 0.539, kept current
    [parallel] 10 worker threads, one renderer clone each
    init sampling: best coverage score 237.0px of uncovered area  (16 samples)
[staged]   → robot d: IoU 0.539 → 0.556  ✓
    ↑ new global best IoU 0.556  [phase Ph1 robot d]
[staged]   Ph1 robot e  zone 2  (uncovered: 4% of target)
    voronoi warm-start: IoU 0.548 ≤ 0.556, kept current
    [parallel] 10 worker threads, one renderer clone each
    init sampling: best coverage score 105.0px of uncovered area  (16 samples)
[staged]   → robot e: IoU 0.556 → 0.587  ✓
    ↑ new global best IoU 0.587  [phase Ph1 robot e]
[staged] Phase 1 done — composite IoU: 0.587

[staged] Phase 2 — backward pass  (4 iters × 5 robots, sigma=0.300)
[staged]   contributions before Phase 2:
[staged]     robot a: +0.171 IoU
[staged]     robot b: +0.078 IoU
[staged]     robot c: +0.054 IoU
[staged]     robot d: +0.031 IoU  ← low
[staged]     robot e: +0.031 IoU  ← low
[staged]   Ph2 robot e  zone 2  (uncovered: 15% of target)
    [parallel] 10 worker threads, one renderer clone each
    init sampling: best coverage score 149.0px of uncovered area  (16 samples)
[staged]   → robot e: IoU 0.587 → 0.600  ✓
    ↑ new global best IoU 0.600  [phase Ph2 robot e]
[staged]   Ph2 robot d  zone 3  (uncovered: 17% of target)
    [parallel] 10 worker threads, one renderer clone each
    init sampling: best coverage score 205.0px of uncovered area  (16 samples)
[staged]   → robot d: IoU 0.600 → 0.617  ✓
    ↑ new global best IoU 0.617  [phase Ph2 robot d]
[staged]   Ph2 robot c  zone 4  (uncovered: 19% of target)
    [parallel] 10 worker threads, one renderer clone each
    init sampling: best coverage score 143.0px of uncovered area  (16 samples)
[staged]   → robot c: candidate 0.607 < current 0.617  ✗ rejected
[staged]   Ph2 robot b  zone 0  (uncovered: 30% of target)
    [parallel] 10 worker threads, one renderer clone each
    init sampling: best coverage score 400.0px of uncovered area  (16 samples)
[staged]   → robot b: IoU 0.617 → 0.624  ✓
    ↑ new global best IoU 0.624  [phase Ph2 robot b]
[staged]   Ph2 robot a  zone 1  (uncovered: 36% of target)
    [parallel] 10 worker threads, one renderer clone each
    init sampling: best coverage score 178.0px of uncovered area  (16 samples)
[staged]   → robot a: candidate 0.526 < current 0.624  ✗ rejected
[staged] Phase 2 done — composite IoU: 0.624

[staged] Best snapshot: Phase 2  IoU=0.624
[staged] Manifold final pass — computing Jacobian  (ε=0.020, 60 renders)
[staged] Manifold basis: k=10D / 30D  (variance≥85%, top eigenvalues: ['590283.06', '231426.36', '225138.84', '104146.20', '95453.33'])
[staged] Manifold did not improve (0.607 vs 0.624), keeping best snapshot
[staged] FD refinement — 5 Adam steps  (300 renders, lr=0.01, ε=0.02)
    ↑ new global best IoU 0.634  [FD refinement]
[staged] FD done — IoU: 0.634  (Δ=+0.010)  ✓
[staged] Done — final IoU: 0.634  loss: 0.3684
[staged] Popsize: per-robot phases=32  final=16  (theory optimum for 6 DOF = 10)

[staged] Hungarian pre-assignment  (5×5 cost matrix, 8 samples/entry = 200 renders)...
[staged]   robot_a → zone 3  robot_b → zone 4  robot_c → zone 2  robot_d → zone 1  robot_e → zone 0

[staged] Phase 1 — forward greedy  (4 iters × 5 robot(s), sigma=0.40×1.00, popsize=32)
[staged]   Ph1 robot a  zone 3  (uncovered: 22% of target)
    voronoi warm-start: IoU 0.113 → 0.191 ✓
    [parallel] 10 worker threads, one renderer clone each
    init sampling: best coverage score 0.0px of uncovered area  (8 samples)
[staged]   → robot a: IoU 0.113 → 0.375  ✓
    ↑ new global best IoU 0.375  [phase Ph1 robot a]
[staged]   Ph1 robot b  zone 4  (uncovered: 10% of target)
    voronoi warm-start: IoU 0.375 → 0.400 ✓
    [parallel] 10 worker threads, one renderer clone each
    init sampling: best coverage score 4.0px of uncovered area  (8 samples)
[staged]   → robot b: IoU 0.375 → 0.462  ✓
    ↑ new global best IoU 0.462  [phase Ph1 robot b]
[staged]   Ph1 robot c  zone 2  (uncovered: 3% of target)
    voronoi warm-start: IoU 0.437 ≤ 0.462, kept current
    [parallel] 10 worker threads, one renderer clone each
    init sampling: best coverage score 20.0px of uncovered area  (16 samples)
[staged]   → robot c: IoU 0.462 → 0.520  ✓
    ↑ new global best IoU 0.520  [phase Ph1 robot c]
[staged]   Ph1 robot d  zone 1  (uncovered: 3% of target)
    voronoi warm-start: IoU 0.482 ≤ 0.520, kept current
    [parallel] 10 worker threads, one renderer clone each
    init sampling: best coverage score 90.0px of uncovered area  (16 samples)
[staged]   → robot d: IoU 0.520 → 0.553  ✓
    ↑ new global best IoU 0.553  [phase Ph1 robot d]
[staged]   Ph1 robot e  zone 0  (uncovered: 6% of target)
    voronoi warm-start: IoU 0.511 ≤ 0.553, kept current
    [parallel] 10 worker threads, one renderer clone each
    init sampling: best coverage score 218.0px of uncovered area  (16 samples)
[staged]   → robot e: IoU 0.553 → 0.592  ✓
    ↑ new global best IoU 0.592  [phase Ph1 robot e]
[staged] Phase 1 done — composite IoU: 0.592

[staged] Phase 2 — backward pass  (4 iters × 5 robots, sigma=0.300)
[staged]   contributions before Phase 2:
[staged]     robot a: +0.100 IoU
[staged]     robot b: +0.098 IoU
[staged]     robot c: +0.075 IoU
[staged]     robot d: +0.055 IoU
[staged]     robot e: +0.039 IoU  ← low
[staged]   Ph2 robot e  zone 0  (uncovered: 16% of target)
    [parallel] 10 worker threads, one renderer clone each
    init sampling: best coverage score 188.0px of uncovered area  (16 samples)
[staged]   → robot e: candidate 0.583 < current 0.592  ✗ rejected
[staged]   Ph2 robot d  zone 1  (uncovered: 18% of target)
    [parallel] 10 worker threads, one renderer clone each
    init sampling: best coverage score 171.0px of uncovered area  (16 samples)
[staged]   → robot d: IoU 0.592 → 0.602  ✓
    ↑ new global best IoU 0.602  [phase Ph2 robot d]
[staged]   Ph2 robot c  zone 2  (uncovered: 19% of target)
    [parallel] 10 worker threads, one renderer clone each
    init sampling: best coverage score 325.0px of uncovered area  (16 samples)
[staged]   → robot c: IoU 0.602 → 0.607  ✓
    ↑ new global best IoU 0.607  [phase Ph2 robot c]
[staged]   Ph2 robot b  zone 4  (uncovered: 21% of target)
    [parallel] 10 worker threads, one renderer clone each
    init sampling: best coverage score 240.0px of uncovered area  (16 samples)
[staged]   → robot b: candidate 0.576 < current 0.607  ✗ rejected
[staged]   Ph2 robot a  zone 3  (uncovered: 23% of target)
    [parallel] 10 worker threads, one renderer clone each
    init sampling: best coverage score 89.0px of uncovered area  (16 samples)
[staged]   → robot a: candidate 0.559 < current 0.607  ✗ rejected
[staged] Phase 2 done — composite IoU: 0.607

[staged] Best snapshot: Phase 2  IoU=0.607
[staged] Manifold final pass — computing Jacobian  (ε=0.020, 60 renders)
[staged] Manifold basis: k=10D / 30D  (variance≥85%, top eigenvalues: ['426493.94', '278612.75', '153809.91', '138859.20', '71045.56'])
[staged] Manifold did not improve (0.585 vs 0.607), keeping best snapshot
[staged] FD refinement — 5 Adam steps  (300 renders, lr=0.01, ε=0.02)
    ↑ new global best IoU 0.630  [FD refinement]
[staged] FD done — IoU: 0.630  (Δ=+0.023)  ✓
[staged] Done — final IoU: 0.630  loss: 0.3727
[staged] Popsize: per-robot phases=32  final=16  (theory optimum for 6 DOF = 10)

[staged] Hungarian pre-assignment  (5×5 cost matrix, 8 samples/entry = 200 renders)...
[staged]   robot_a → zone 4  robot_b → zone 0  robot_c → zone 2  robot_d → zone 3  robot_e → zone 1

[staged] Phase 1 — forward greedy  (4 iters × 5 robot(s), sigma=0.40×1.00, popsize=32)
[staged]   Ph1 robot a  zone 4  (uncovered: 12% of target)
    voronoi warm-start: IoU 0.104 ≤ 0.113, kept current
    [parallel] 10 worker threads, one renderer clone each
    init sampling: best coverage score 254.0px of uncovered area  (16 samples)
[staged]   → robot a: IoU 0.113 → 0.381  ✓
    ↑ new global best IoU 0.381  [phase Ph1 robot a]
[staged]   Ph1 robot b  zone 0  (uncovered: 10% of target)
    voronoi warm-start: IoU 0.370 ≤ 0.381, kept current
    [parallel] 10 worker threads, one renderer clone each
    init sampling: best coverage score 200.0px of uncovered area  (16 samples)
[staged]   → robot b: IoU 0.381 → 0.453  ✓
    ↑ new global best IoU 0.453  [phase Ph1 robot b]
[staged]   Ph1 robot c  zone 2  (uncovered: 5% of target)
    voronoi warm-start: IoU 0.429 ≤ 0.453, kept current
    [parallel] 10 worker threads, one renderer clone each
    init sampling: best coverage score 199.0px of uncovered area  (16 samples)
[staged]   → robot c: IoU 0.453 → 0.479  ✓
    ↑ new global best IoU 0.479  [phase Ph1 robot c]
[staged]   Ph1 robot d  zone 3  (uncovered: 3% of target)
    voronoi warm-start: IoU 0.444 ≤ 0.479, kept current
    [parallel] 10 worker threads, one renderer clone each
    init sampling: best coverage score 9.0px of uncovered area  (16 samples)
[staged]   → robot d: IoU 0.479 → 0.527  ✓
    ↑ new global best IoU 0.527  [phase Ph1 robot d]
[staged]   Ph1 robot e  zone 1  (uncovered: 4% of target)
    voronoi warm-start: IoU 0.527 → 0.545 ✓
    [parallel] 10 worker threads, one renderer clone each
    init sampling: best coverage score 39.0px of uncovered area  (8 samples)
[staged]   → robot e: IoU 0.527 → 0.555  ✓
    ↑ new global best IoU 0.555  [phase Ph1 robot e]
[staged] Phase 1 done — composite IoU: 0.555

[staged] Phase 2 — backward pass  (4 iters × 5 robots, sigma=0.300)
[staged]   contributions before Phase 2:
[staged]     robot a: +0.131 IoU
[staged]     robot b: +0.071 IoU
[staged]     robot c: +0.042 IoU  ← low
[staged]     robot d: +0.060 IoU
[staged]     robot e: +0.028 IoU  ← low
[staged]   Ph2 robot e  zone 1  (uncovered: 17% of target)
    [parallel] 10 worker threads, one renderer clone each
    init sampling: best coverage score 208.0px of uncovered area  (16 samples)
[staged]   → robot e: candidate 0.552 < current 0.555  ✗ rejected
[staged]   Ph2 robot d  zone 3  (uncovered: 22% of target)
    [parallel] 10 worker threads, one renderer clone each
    init sampling: best coverage score 203.0px of uncovered area  (16 samples)
[staged]   → robot d: candidate 0.521 < current 0.555  ✗ rejected
[staged]   Ph2 robot c  zone 2  (uncovered: 19% of target)
    [parallel] 10 worker threads, one renderer clone each
    init sampling: best coverage score 210.0px of uncovered area  (16 samples)
[staged]   → robot c: IoU 0.555 → 0.563  ✓
    ↑ new global best IoU 0.563  [phase Ph2 robot c]
[staged]   Ph2 robot b  zone 0  (uncovered: 28% of target)
    [parallel] 10 worker threads, one renderer clone each
    init sampling: best coverage score 446.0px of uncovered area  (16 samples)
[staged]   → robot b: candidate 0.548 < current 0.563  ✗ rejected
[staged]   Ph2 robot a  zone 4  (uncovered: 45% of target)
    [parallel] 10 worker threads, one renderer clone each
    init sampling: best coverage score 929.0px of uncovered area  (16 samples)
[staged]   → robot a: IoU 0.563 → 0.580  ✓
    ↑ new global best IoU 0.580  [phase Ph2 robot a]
[staged] Phase 2 done — composite IoU: 0.580

[staged] Best snapshot: Phase 2  IoU=0.580
[staged] Manifold final pass — computing Jacobian  (ε=0.020, 60 renders)
[staged] Manifold basis: k=7D / 30D  (variance≥85%, top eigenvalues: ['574230.25', '208592.94', '105942.20', '103092.65', '90755.09'])
[staged] Manifold did not improve (0.575 vs 0.580), keeping best snapshot
[staged] FD refinement — 5 Adam steps  (300 renders, lr=0.01, ε=0.02)
    ↑ new global best IoU 0.611  [FD refinement]
[staged] FD done — IoU: 0.611  (Δ=+0.031)  ✓
[staged] Done — final IoU: 0.611  loss: 0.3911
[staged] Popsize: per-robot phases=32  final=16  (theory optimum for 6 DOF = 10)

[staged] Hungarian pre-assignment  (5×5 cost matrix, 8 samples/entry = 200 renders)...
[staged]   robot_a → zone 0  robot_b → zone 4  robot_c → zone 3  robot_d → zone 1  robot_e → zone 2

[staged] Phase 1 — forward greedy  (4 iters × 5 robot(s), sigma=0.40×1.00, popsize=32)
[staged]   Ph1 robot a  zone 0  (uncovered: 18% of target)
    voronoi warm-start: IoU 0.113 → 0.113 ✓
    [parallel] 10 worker threads, one renderer clone each
    init sampling: best coverage score 292.0px of uncovered area  (8 samples)
[staged]   → robot a: IoU 0.113 → 0.423  ✓
    ↑ new global best IoU 0.423  [phase Ph1 robot a]
[staged]   Ph1 robot b  zone 4  (uncovered: 11% of target)
    voronoi warm-start: IoU 0.423 → 0.436 ✓
    [parallel] 10 worker threads, one renderer clone each
    init sampling: best coverage score 91.0px of uncovered area  (8 samples)
[staged]   → robot b: IoU 0.423 → 0.482  ✓
    ↑ new global best IoU 0.482  [phase Ph1 robot b]
[staged]   Ph1 robot c  zone 3  (uncovered: 2% of target)
    voronoi warm-start: IoU 0.482 → 0.492 ✓
    [parallel] 10 worker threads, one renderer clone each
    init sampling: best coverage score 34.0px of uncovered area  (8 samples)
[staged]   → robot c: IoU 0.482 → 0.556  ✓
    ↑ new global best IoU 0.556  [phase Ph1 robot c]
[staged]   Ph1 robot d  zone 1  (uncovered: 6% of target)
    voronoi warm-start: IoU 0.503 ≤ 0.556, kept current
    [parallel] 10 worker threads, one renderer clone each
    init sampling: best coverage score 133.0px of uncovered area  (16 samples)
[staged]   → robot d: IoU 0.556 → 0.592  ✓
    ↑ new global best IoU 0.592  [phase Ph1 robot d]
[staged]   Ph1 robot e  zone 2  (uncovered: 11% of target)
    voronoi warm-start: IoU 0.592 → 0.606 ✓
    [parallel] 10 worker threads, one renderer clone each
    init sampling: best coverage score 172.0px of uncovered area  (8 samples)
[staged]   → robot e: IoU 0.592 → 0.642  ✓
    ↑ new global best IoU 0.642  [phase Ph1 robot e]
[staged] Phase 1 done — composite IoU: 0.642

[staged] Phase 2 — backward pass  (4 iters × 5 robots, sigma=0.300)
[staged]   contributions before Phase 2:
[staged]     robot a: +0.194 IoU
[staged]     robot b: +0.086 IoU
[staged]     robot c: +0.111 IoU
[staged]     robot d: +0.063 IoU
[staged]     robot e: +0.049 IoU  ← low
[staged]   Ph2 robot e  zone 2  (uncovered: 17% of target)
    [parallel] 10 worker threads, one renderer clone each
    init sampling: best coverage score 197.0px of uncovered area  (16 samples)
[staged]   → robot e: IoU 0.642 → 0.649  ✓
    ↑ new global best IoU 0.649  [phase Ph2 robot e]
[staged]   Ph2 robot d  zone 1  (uncovered: 16% of target)
    [parallel] 10 worker threads, one renderer clone each
    init sampling: best coverage score 203.0px of uncovered area  (16 samples)
[staged]   → robot d: candidate 0.627 < current 0.649  ✗ rejected
[staged]   Ph2 robot c  zone 3  (uncovered: 21% of target)
    [parallel] 10 worker threads, one renderer clone each
    init sampling: best coverage score 95.0px of uncovered area  (16 samples)
[staged]   → robot c: candidate 0.631 < current 0.649  ✗ rejected
[staged]   Ph2 robot b  zone 4  (uncovered: 22% of target)
    [parallel] 10 worker threads, one renderer clone each
    init sampling: best coverage score 328.0px of uncovered area  (16 samples)
[staged]   → robot b: candidate 0.617 < current 0.649  ✗ rejected
[staged]   Ph2 robot a  zone 0  (uncovered: 39% of target)
    [parallel] 10 worker threads, one renderer clone each
    init sampling: best coverage score 1064.0px of uncovered area  (16 samples)
[staged]   → robot a: candidate 0.608 < current 0.649  ✗ rejected
[staged] Phase 2 done — composite IoU: 0.649

[staged] Best snapshot: Phase 2  IoU=0.649
[staged] Manifold final pass — computing Jacobian  (ε=0.020, 60 renders)
[staged] Manifold basis: k=8D / 30D  (variance≥85%, top eigenvalues: ['573013.62', '520766.06', '126848.54', '120062.49', '76417.64'])
[staged] Manifold did not improve (0.619 vs 0.649), keeping best snapshot
[staged] FD refinement — 5 Adam steps  (300 renders, lr=0.01, ε=0.02)
    ↑ new global best IoU 0.686  [FD refinement]
[staged] FD done — IoU: 0.686  (Δ=+0.037)  ✓
[staged] Done — final IoU: 0.686  loss: 0.3159
[staged] Popsize: per-robot phases=32  final=16  (theory optimum for 6 DOF = 10)

[staged] Hungarian pre-assignment  (5×5 cost matrix, 8 samples/entry = 200 renders)...
[staged]   robot_a → zone 4  robot_b → zone 0  robot_c → zone 2  robot_d → zone 3  robot_e → zone 1

[staged] Phase 1 — forward greedy  (4 iters × 5 robot(s), sigma=0.40×1.00, popsize=32)
[staged]   Ph1 robot a  zone 4  (uncovered: 4% of target)
    voronoi warm-start: IoU 0.104 ≤ 0.113, kept current
    [parallel] 10 worker threads, one renderer clone each
    init sampling: best coverage score 165.0px of uncovered area  (16 samples)
[staged]   → robot a: IoU 0.113 → 0.343  ✓
    ↑ new global best IoU 0.343  [phase Ph1 robot a]
[staged]   Ph1 robot b  zone 0  (uncovered: 7% of target)
    voronoi warm-start: IoU 0.335 ≤ 0.343, kept current
    [parallel] 10 worker threads, one renderer clone each
    init sampling: best coverage score 82.0px of uncovered area  (16 samples)
[staged]   → robot b: IoU 0.343 → 0.471  ✓
    ↑ new global best IoU 0.471  [phase Ph1 robot b]
[staged]   Ph1 robot c  zone 2  (uncovered: 5% of target)
    voronoi warm-start: IoU 0.421 ≤ 0.471, kept current
    [parallel] 10 worker threads, one renderer clone each
    init sampling: best coverage score 103.0px of uncovered area  (16 samples)
[staged]   → robot c: IoU 0.471 → 0.515  ✓
    ↑ new global best IoU 0.515  [phase Ph1 robot c]
[staged]   Ph1 robot d  zone 3  (uncovered: 6% of target)
    voronoi warm-start: IoU 0.515 → 0.547 ✓
    [parallel] 10 worker threads, one renderer clone each
    init sampling: best coverage score 10.0px of uncovered area  (8 samples)
[staged]   → robot d: IoU 0.515 → 0.543  ✓
    ↑ new global best IoU 0.543  [phase Ph1 robot d]
[staged]   Ph1 robot e  zone 1  (uncovered: 2% of target)
    voronoi warm-start: IoU 0.522 ≤ 0.543, kept current
    [parallel] 10 worker threads, one renderer clone each
    init sampling: best coverage score 81.0px of uncovered area  (16 samples)
[staged]   → robot e: IoU 0.543 → 0.580  ✓
    ↑ new global best IoU 0.580  [phase Ph1 robot e]
[staged] Phase 1 done — composite IoU: 0.580

[staged] Phase 2 — backward pass  (4 iters × 5 robots, sigma=0.300)
[staged]   contributions before Phase 2:
[staged]     robot a: +0.088 IoU
[staged]     robot b: +0.088 IoU
[staged]     robot c: +0.065 IoU
[staged]     robot d: +0.029 IoU  ← low
[staged]     robot e: +0.037 IoU  ← low
[staged]   Ph2 robot e  zone 1  (uncovered: 21% of target)
    [parallel] 10 worker threads, one renderer clone each
    init sampling: best coverage score 143.0px of uncovered area  (16 samples)
[staged]   → robot e: candidate 0.538 < current 0.580  ✗ rejected
[staged]   Ph2 robot d  zone 3  (uncovered: 23% of target)
    [parallel] 10 worker threads, one renderer clone each
    init sampling: best coverage score 160.0px of uncovered area  (16 samples)
[staged]   → robot d: candidate 0.576 < current 0.580  ✗ rejected
[staged]   Ph2 robot c  zone 2  (uncovered: 25% of target)
    [parallel] 10 worker threads, one renderer clone each
    init sampling: best coverage score 270.0px of uncovered area  (16 samples)
[staged]   → robot c: IoU 0.580 → 0.592  ✓
    ↑ new global best IoU 0.592  [phase Ph2 robot c]
[staged]   Ph2 robot b  zone 0  (uncovered: 24% of target)
    [parallel] 10 worker threads, one renderer clone each
    init sampling: best coverage score 222.0px of uncovered area  (16 samples)
[staged]   → robot b: candidate 0.587 < current 0.592  ✗ rejected
[staged]   Ph2 robot a  zone 4  (uncovered: 34% of target)
    [parallel] 10 worker threads, one renderer clone each
    init sampling: best coverage score 710.0px of uncovered area  (16 samples)
[staged]   → robot a: IoU 0.592 → 0.605  ✓
    ↑ new global best IoU 0.605  [phase Ph2 robot a]
[staged] Phase 2 done — composite IoU: 0.605

[staged] Best snapshot: Phase 2  IoU=0.605
[staged] Manifold final pass — computing Jacobian  (ε=0.020, 60 renders)
[staged] Manifold basis: k=11D / 30D  (variance≥85%, top eigenvalues: ['237704.19', '218769.06', '166915.08', '147889.77', '63535.14'])
    ↑ new global best IoU 0.615  [manifold final pass]
[staged] Manifold done — IoU: 0.615  (Δ=+0.010)  ✓
[staged] FD refinement — 5 Adam steps  (300 renders, lr=0.01, ε=0.02)
    ↑ new global best IoU 0.633  [FD refinement]
[staged] FD done — IoU: 0.633  (Δ=+0.018)  ✓
[staged] Done — final IoU: 0.633  loss: 0.3690
[shard 0] 7/10 digits/3_dejavusans-bold  best=0.686 mean=0.639±0.025  119s  eta 0.1h
[staged] Popsize: per-robot phases=32  final=16  (theory optimum for 6 DOF = 10)

[staged] Hungarian pre-assignment  (5×5 cost matrix, 8 samples/entry = 200 renders)...
[staged]   robot_a → zone 4  robot_b → zone 0  robot_c → zone 2  robot_d → zone 3  robot_e → zone 1

[staged] Phase 1 — forward greedy  (4 iters × 5 robot(s), sigma=0.40×1.00, popsize=32)
[staged]   Ph1 robot a  zone 4  (uncovered: 12% of target)
    voronoi warm-start: IoU 0.128 → 0.210 ✓
    [parallel] 10 worker threads, one renderer clone each
    init sampling: best coverage score 422.0px of uncovered area  (8 samples)
[staged]   → robot a: IoU 0.128 → 0.401  ✓
    ↑ new global best IoU 0.401  [phase Ph1 robot a]
[staged]   Ph1 robot b  zone 0  (uncovered: 13% of target)
    voronoi warm-start: IoU 0.382 ≤ 0.401, kept current
    [parallel] 10 worker threads, one renderer clone each
    init sampling: best coverage score 26.0px of uncovered area  (16 samples)
[staged]   → robot b: IoU 0.401 → 0.496  ✓
    ↑ new global best IoU 0.496  [phase Ph1 robot b]
[staged]   Ph1 robot c  zone 2  (uncovered: 8% of target)
    voronoi warm-start: IoU 0.438 ≤ 0.496, kept current
    [parallel] 10 worker threads, one renderer clone each
    init sampling: best coverage score 47.0px of uncovered area  (16 samples)
[staged]   → robot c: IoU 0.496 → 0.533  ✓
    ↑ new global best IoU 0.533  [phase Ph1 robot c]
[staged]   Ph1 robot d  zone 3  (uncovered: 10% of target)
    voronoi warm-start: IoU 0.533 → 0.556 ✓
    [parallel] 10 worker threads, one renderer clone each
    init sampling: best coverage score 368.0px of uncovered area  (8 samples)
[staged]   → robot d: IoU 0.533 → 0.581  ✓
    ↑ new global best IoU 0.581  [phase Ph1 robot d]
[staged]   Ph1 robot e  zone 1  (uncovered: 1% of target)
    voronoi warm-start: IoU 0.561 ≤ 0.581, kept current
    [parallel] 10 worker threads, one renderer clone each
    init sampling: best coverage score 19.0px of uncovered area  (16 samples)
[staged]   → robot e: IoU 0.581 → 0.608  ✓
    ↑ new global best IoU 0.608  [phase Ph1 robot e]
[staged] Phase 1 done — composite IoU: 0.608

[staged] Phase 2 — backward pass  (4 iters × 5 robots, sigma=0.300)
[staged]   contributions before Phase 2:
[staged]     robot a: +0.107 IoU
[staged]     robot b: +0.070 IoU
[staged]     robot c: +0.060 IoU
[staged]     robot d: +0.057 IoU
[staged]     robot e: +0.027 IoU  ← low
[staged]   Ph2 robot e  zone 1  (uncovered: 22% of target)
    [parallel] 10 worker threads, one renderer clone each
    init sampling: best coverage score 204.0px of uncovered area  (16 samples)
[staged]   → robot e: IoU 0.608 → 0.612  ✓
    ↑ new global best IoU 0.612  [phase Ph2 robot e]
[staged]   Ph2 robot d  zone 3  (uncovered: 21% of target)
    [parallel] 10 worker threads, one renderer clone each
    init sampling: best coverage score 132.0px of uncovered area  (16 samples)
[staged]   → robot d: IoU 0.612 → 0.615  ✓
    ↑ new global best IoU 0.615  [phase Ph2 robot d]
[staged]   Ph2 robot c  zone 2  (uncovered: 25% of target)
    [parallel] 10 worker threads, one renderer clone each
    init sampling: best coverage score 164.0px of uncovered area  (16 samples)
[staged]   → robot c: candidate 0.596 < current 0.615  ✗ rejected
[staged]   Ph2 robot b  zone 0  (uncovered: 32% of target)
    [parallel] 10 worker threads, one renderer clone each
    init sampling: best coverage score 453.0px of uncovered area  (16 samples)
[staged]   → robot b: candidate 0.593 < current 0.615  ✗ rejected
[staged]   Ph2 robot a  zone 4  (uncovered: 45% of target)
    [parallel] 10 worker threads, one renderer clone each
    init sampling: best coverage score 359.0px of uncovered area  (16 samples)
[staged]   → robot a: candidate 0.554 < current 0.615  ✗ rejected
[staged] Phase 2 done — composite IoU: 0.615

[staged] Best snapshot: Phase 2  IoU=0.615
[staged] Manifold final pass — computing Jacobian  (ε=0.020, 60 renders)
[staged] Manifold basis: k=10D / 30D  (variance≥85%, top eigenvalues: ['491007.03', '360489.84', '117886.70', '113075.31', '76255.90'])
[staged] Manifold did not improve (0.602 vs 0.615), keeping best snapshot
[staged] FD refinement — 5 Adam steps  (300 renders, lr=0.01, ε=0.02)
    ↑ new global best IoU 0.647  [FD refinement]
[staged] FD done — IoU: 0.647  (Δ=+0.031)  ✓
[staged] Done — final IoU: 0.647  loss: 0.3552
[staged] Popsize: per-robot phases=32  final=16  (theory optimum for 6 DOF = 10)

[staged] Hungarian pre-assignment  (5×5 cost matrix, 8 samples/entry = 200 renders)...
[staged]   robot_a → zone 2  robot_b → zone 3  robot_c → zone 0  robot_d → zone 1  robot_e → zone 4

[staged] Phase 1 — forward greedy  (4 iters × 5 robot(s), sigma=0.40×1.00, popsize=32)
[staged]   Ph1 robot a  zone 2  (uncovered: 19% of target)
    voronoi warm-start: IoU 0.128 → 0.209 ✓
    [parallel] 10 worker threads, one renderer clone each
    init sampling: best coverage score 1.0px of uncovered area  (8 samples)
[staged]   → robot a: IoU 0.128 → 0.422  ✓
    ↑ new global best IoU 0.422  [phase Ph1 robot a]
[staged]   Ph1 robot b  zone 3  (uncovered: 11% of target)
    voronoi warm-start: IoU 0.422 → 0.428 ✓
    [parallel] 10 worker threads, one renderer clone each
    init sampling: best coverage score 429.0px of uncovered area  (8 samples)
[staged]   → robot b: IoU 0.422 → 0.515  ✓
    ↑ new global best IoU 0.515  [phase Ph1 robot b]
[staged]   Ph1 robot c  zone 0  (uncovered: 4% of target)
    voronoi warm-start: IoU 0.515 → 0.523 ✓
    [parallel] 10 worker threads, one renderer clone each
    init sampling: best coverage score 56.0px of uncovered area  (8 samples)
[staged]   → robot c: IoU 0.515 → 0.547  ✓
    ↑ new global best IoU 0.547  [phase Ph1 robot c]
[staged]   Ph1 robot d  zone 1  (uncovered: 11% of target)
    voronoi warm-start: IoU 0.547 → 0.570 ✓
    [parallel] 10 worker threads, one renderer clone each
    init sampling: best coverage score 184.0px of uncovered area  (8 samples)
[staged]   → robot d: IoU 0.547 → 0.551  ✓
    ↑ new global best IoU 0.551  [phase Ph1 robot d]
[staged]   Ph1 robot e  zone 4  (uncovered: 5% of target)
    voronoi warm-start: IoU 0.545 ≤ 0.551, kept current
    [parallel] 10 worker threads, one renderer clone each
    init sampling: best coverage score 26.0px of uncovered area  (16 samples)
[staged]   → robot e: IoU 0.551 → 0.592  ✓
    ↑ new global best IoU 0.592  [phase Ph1 robot e]
[staged] Phase 1 done — composite IoU: 0.592

[staged] Phase 2 — backward pass  (4 iters × 5 robots, sigma=0.300)
[staged]   contributions before Phase 2:
[staged]     robot a: +0.103 IoU
[staged]     robot b: -0.006 IoU  ← low
[staged]     robot c: +0.049 IoU  ← low
[staged]     robot d: +0.011 IoU  ← low
[staged]     robot e: +0.041 IoU  ← low
[staged]   Ph2 robot e  zone 4  (uncovered: 22% of target)
    [parallel] 10 worker threads, one renderer clone each
    init sampling: best coverage score 243.0px of uncovered area  (16 samples)
[staged]   → robot e: IoU 0.592 → 0.617  ✓
    ↑ new global best IoU 0.617  [phase Ph2 robot e]
[staged]   Ph2 robot d  zone 1  (uncovered: 15% of target)
    [parallel] 10 worker threads, one renderer clone each
    init sampling: best coverage score 156.0px of uncovered area  (16 samples)
[staged]   → robot d: IoU 0.617 → 0.621  ✓
    ↑ new global best IoU 0.621  [phase Ph2 robot d]
[staged]   Ph2 robot c  zone 0  (uncovered: 20% of target)
    [parallel] 10 worker threads, one renderer clone each
    init sampling: best coverage score 99.0px of uncovered area  (16 samples)
[staged]   → robot c: candidate 0.601 < current 0.621  ✗ rejected
[staged]   Ph2 robot b  zone 3  (uncovered: 16% of target)
    [parallel] 10 worker threads, one renderer clone each
    init sampling: best coverage score 197.0px of uncovered area  (16 samples)
[staged]   → robot b: IoU 0.621 → 0.650  ✓
    ↑ new global best IoU 0.650  [phase Ph2 robot b]
[staged]   Ph2 robot a  zone 2  (uncovered: 33% of target)
    [parallel] 10 worker threads, one renderer clone each
    init sampling: best coverage score 357.0px of uncovered area  (16 samples)
[staged]   → robot a: candidate 0.598 < current 0.650  ✗ rejected
[staged] Phase 2 done — composite IoU: 0.650

[staged] Best snapshot: Phase 2  IoU=0.650
[staged] Manifold final pass — computing Jacobian  (ε=0.020, 60 renders)
[staged] Manifold basis: k=10D / 30D  (variance≥85%, top eigenvalues: ['294437.66', '221929.14', '175081.02', '133760.11', '48760.57'])
[staged] Manifold did not improve (0.638 vs 0.650), keeping best snapshot
[staged] FD refinement — 5 Adam steps  (300 renders, lr=0.01, ε=0.02)
    ↑ new global best IoU 0.675  [FD refinement]
[staged] FD done — IoU: 0.675  (Δ=+0.025)  ✓
[staged] Done — final IoU: 0.675  loss: 0.3275
[staged] Popsize: per-robot phases=32  final=16  (theory optimum for 6 DOF = 10)

[staged] Hungarian pre-assignment  (5×5 cost matrix, 8 samples/entry = 200 renders)...
[staged]   robot_a → zone 2  robot_b → zone 1  robot_c → zone 4  robot_d → zone 0  robot_e → zone 3

[staged] Phase 1 — forward greedy  (4 iters × 5 robot(s), sigma=0.40×1.00, popsize=32)
[staged]   Ph1 robot a  zone 2  (uncovered: 26% of target)
    voronoi warm-start: IoU 0.128 → 0.129 ✓
    [parallel] 10 worker threads, one renderer clone each
    init sampling: best coverage score 52.0px of uncovered area  (8 samples)
[staged]   → robot a: IoU 0.128 → 0.446  ✓
    ↑ new global best IoU 0.446  [phase Ph1 robot a]
[staged]   Ph1 robot b  zone 1  (uncovered: 3% of target)
    voronoi warm-start: IoU 0.446 → 0.446 ✓
    [parallel] 10 worker threads, one renderer clone each
    init sampling: best coverage score 10.0px of uncovered area  (8 samples)
[staged]   → robot b: IoU 0.446 → 0.530  ✓
    ↑ new global best IoU 0.530  [phase Ph1 robot b]
[staged]   Ph1 robot c  zone 4  (uncovered: 8% of target)
    voronoi warm-start: IoU 0.530 → 0.532 ✓
    [parallel] 10 worker threads, one renderer clone each
    init sampling: best coverage score 152.0px of uncovered area  (8 samples)
[staged]   → robot c: IoU 0.530 → 0.579  ✓
    ↑ new global best IoU 0.579  [phase Ph1 robot c]
[staged]   Ph1 robot d  zone 0  (uncovered: 2% of target)
    voronoi warm-start: IoU 0.535 ≤ 0.579, kept current
    [parallel] 10 worker threads, one renderer clone each
    init sampling: best coverage score 68.0px of uncovered area  (16 samples)
[staged]   → robot d: IoU 0.579 → 0.590  ✓
    ↑ new global best IoU 0.590  [phase Ph1 robot d]
[staged]   Ph1 robot e  zone 3  (uncovered: 2% of target)
    voronoi warm-start: IoU 0.572 ≤ 0.590, kept current
    [parallel] 10 worker threads, one renderer clone each
    init sampling: best coverage score 24.0px of uncovered area  (16 samples)
[staged]   → robot e: IoU 0.590 → 0.625  ✓
    ↑ new global best IoU 0.625  [phase Ph1 robot e]
[staged] Phase 1 done — composite IoU: 0.625

[staged] Phase 2 — backward pass  (4 iters × 5 robots, sigma=0.300)
[staged]   contributions before Phase 2:
[staged]     robot a: +0.223 IoU
[staged]     robot b: +0.064 IoU
[staged]     robot c: +0.039 IoU  ← low
[staged]     robot d: +0.019 IoU  ← low
[staged]     robot e: +0.034 IoU  ← low
[staged]   Ph2 robot e  zone 3  (uncovered: 17% of target)
    [parallel] 10 worker threads, one renderer clone each
    init sampling: best coverage score 48.0px of uncovered area  (16 samples)
[staged]   → robot e: IoU 0.625 → 0.647  ✓
    ↑ new global best IoU 0.647  [phase Ph2 robot e]
[staged]   Ph2 robot d  zone 0  (uncovered: 11% of target)
    [parallel] 10 worker threads, one renderer clone each
    init sampling: best coverage score 73.0px of uncovered area  (16 samples)
[staged]   → robot d: IoU 0.647 → 0.648  ✓
    ↑ new global best IoU 0.648  [phase Ph2 robot d]
[staged]   Ph2 robot c  zone 4  (uncovered: 14% of target)
    [parallel] 10 worker threads, one renderer clone each
    init sampling: best coverage score 155.0px of uncovered area  (16 samples)
[staged]   → robot c: candidate 0.629 < current 0.648  ✗ rejected
[staged]   Ph2 robot b  zone 1  (uncovered: 20% of target)
    [parallel] 10 worker threads, one renderer clone each
    init sampling: best coverage score 543.0px of uncovered area  (16 samples)
[staged]   → robot b: candidate 0.630 < current 0.648  ✗ rejected
[staged]   Ph2 robot a  zone 2  (uncovered: 46% of target)
    [parallel] 10 worker threads, one renderer clone each
    init sampling: best coverage score 1194.0px of uncovered area  (16 samples)
[staged]   → robot a: candidate 0.618 < current 0.648  ✗ rejected
[staged] Phase 2 done — composite IoU: 0.648

[staged] Best snapshot: Phase 2  IoU=0.648
[staged] Manifold final pass — computing Jacobian  (ε=0.020, 60 renders)
[staged] Manifold basis: k=9D / 30D  (variance≥85%, top eigenvalues: ['742129.62', '292586.66', '162117.67', '109324.79', '103955.13'])
    ↑ new global best IoU 0.649  [manifold final pass]
[staged] Manifold done — IoU: 0.649  (Δ=+0.001)  ✓
[staged] FD refinement — 5 Adam steps  (300 renders, lr=0.01, ε=0.02)
    ↑ new global best IoU 0.679  [FD refinement]
[staged] FD done — IoU: 0.679  (Δ=+0.030)  ✓
[staged] Done — final IoU: 0.679  loss: 0.3230
[staged] Popsize: per-robot phases=32  final=16  (theory optimum for 6 DOF = 10)

[staged] Hungarian pre-assignment  (5×5 cost matrix, 8 samples/entry = 200 renders)...
[staged]   robot_a → zone 0  robot_b → zone 1  robot_c → zone 4  robot_d → zone 3  robot_e → zone 2

[staged] Phase 1 — forward greedy  (4 iters × 5 robot(s), sigma=0.40×1.00, popsize=32)
[staged]   Ph1 robot a  zone 0  (uncovered: 19% of target)
    voronoi warm-start: IoU 0.128 → 0.209 ✓
    [parallel] 10 worker threads, one renderer clone each
    init sampling: best coverage score 673.0px of uncovered area  (8 samples)
[staged]   → robot a: IoU 0.128 → 0.445  ✓
    ↑ new global best IoU 0.445  [phase Ph1 robot a]
[staged]   Ph1 robot b  zone 1  (uncovered: 8% of target)
    voronoi warm-start: IoU 0.445 ≤ 0.445, kept current
    [parallel] 10 worker threads, one renderer clone each
    init sampling: best coverage score 170.0px of uncovered area  (16 samples)
[staged]   → robot b: IoU 0.445 → 0.520  ✓
    ↑ new global best IoU 0.520  [phase Ph1 robot b]
[staged]   Ph1 robot c  zone 4  (uncovered: 4% of target)
    voronoi warm-start: IoU 0.477 ≤ 0.520, kept current
    [parallel] 10 worker threads, one renderer clone each
    init sampling: best coverage score 112.0px of uncovered area  (16 samples)
[staged]   → robot c: IoU 0.520 → 0.543  ✓
    ↑ new global best IoU 0.543  [phase Ph1 robot c]
[staged]   Ph1 robot d  zone 3  (uncovered: 8% of target)
    voronoi warm-start: IoU 0.543 → 0.547 ✓
    [parallel] 10 worker threads, one renderer clone each
    init sampling: best coverage score 19.0px of uncovered area  (8 samples)
[staged]   → robot d: IoU 0.543 → 0.576  ✓
    ↑ new global best IoU 0.576  [phase Ph1 robot d]
[staged]   Ph1 robot e  zone 2  (uncovered: 6% of target)
    voronoi warm-start: IoU 0.576 → 0.584 ✓
    [parallel] 10 worker threads, one renderer clone each
    init sampling: best coverage score 115.0px of uncovered area  (8 samples)
[staged]   → robot e: IoU 0.576 → 0.613  ✓
    ↑ new global best IoU 0.613  [phase Ph1 robot e]
[staged] Phase 1 done — composite IoU: 0.613

[staged] Phase 2 — backward pass  (4 iters × 5 robots, sigma=0.300)
[staged]   contributions before Phase 2:
[staged]     robot a: +0.227 IoU
[staged]     robot b: +0.055 IoU
[staged]     robot c: +0.022 IoU  ← low
[staged]     robot d: +0.044 IoU  ← low
[staged]     robot e: +0.036 IoU  ← low
[staged]   Ph2 robot e  zone 2  (uncovered: 18% of target)
    [parallel] 10 worker threads, one renderer clone each
    init sampling: best coverage score 166.0px of uncovered area  (16 samples)
[staged]   → robot e: IoU 0.613 → 0.615  ✓
    ↑ new global best IoU 0.615  [phase Ph2 robot e]
[staged]   Ph2 robot d  zone 3  (uncovered: 20% of target)
    [parallel] 10 worker threads, one renderer clone each
    init sampling: best coverage score 214.0px of uncovered area  (16 samples)
[staged]   → robot d: IoU 0.615 → 0.618  ✓
    ↑ new global best IoU 0.618  [phase Ph2 robot d]
[staged]   Ph2 robot c  zone 4  (uncovered: 21% of target)
    [parallel] 10 worker threads, one renderer clone each
    init sampling: best coverage score 191.0px of uncovered area  (16 samples)
[staged]   → robot c: IoU 0.618 → 0.627  ✓
    ↑ new global best IoU 0.627  [phase Ph2 robot c]
[staged]   Ph2 robot b  zone 1  (uncovered: 25% of target)
    [parallel] 10 worker threads, one renderer clone each
    init sampling: best coverage score 491.0px of uncovered area  (16 samples)
[staged]   → robot b: candidate 0.622 < current 0.627  ✗ rejected
[staged]   Ph2 robot a  zone 0  (uncovered: 46% of target)
    [parallel] 10 worker threads, one renderer clone each
    init sampling: best coverage score 970.0px of uncovered area  (16 samples)
[staged]   → robot a: candidate 0.600 < current 0.627  ✗ rejected
[staged] Phase 2 done — composite IoU: 0.627

[staged] Best snapshot: Phase 2  IoU=0.627
[staged] Manifold final pass — computing Jacobian  (ε=0.020, 60 renders)
[staged] Manifold basis: k=10D / 30D  (variance≥85%, top eigenvalues: ['425677.12', '226876.06', '202558.94', '101816.65', '72985.80'])
[staged] Manifold did not improve (0.614 vs 0.627), keeping best snapshot
[staged] FD refinement — 5 Adam steps  (300 renders, lr=0.01, ε=0.02)
    ↑ new global best IoU 0.644  [FD refinement]
[staged] FD done — IoU: 0.644  (Δ=+0.017)  ✓
[staged] Done — final IoU: 0.644  loss: 0.3586
[staged] Popsize: per-robot phases=32  final=16  (theory optimum for 6 DOF = 10)

[staged] Hungarian pre-assignment  (5×5 cost matrix, 8 samples/entry = 200 renders)...
[staged]   robot_a → zone 4  robot_b → zone 0  robot_c → zone 3  robot_d → zone 2  robot_e → zone 1

[staged] Phase 1 — forward greedy  (4 iters × 5 robot(s), sigma=0.40×1.00, popsize=32)
[staged]   Ph1 robot a  zone 4  (uncovered: 24% of target)
    voronoi warm-start: IoU 0.128 → 0.130 ✓
    [parallel] 10 worker threads, one renderer clone each
    init sampling: best coverage score 876.0px of uncovered area  (8 samples)
[staged]   → robot a: IoU 0.128 → 0.504  ✓
    ↑ new global best IoU 0.504  [phase Ph1 robot a]
[staged]   Ph1 robot b  zone 0  (uncovered: 9% of target)
    voronoi warm-start: IoU 0.477 ≤ 0.504, kept current
    [parallel] 10 worker threads, one renderer clone each
    init sampling: best coverage score 363.0px of uncovered area  (16 samples)
[staged]   → robot b: IoU 0.504 → 0.571  ✓
    ↑ new global best IoU 0.571  [phase Ph1 robot b]
[staged]   Ph1 robot c  zone 3  (uncovered: 6% of target)
    voronoi warm-start: IoU 0.531 ≤ 0.571, kept current
    [parallel] 10 worker threads, one renderer clone each
    init sampling: best coverage score 217.0px of uncovered area  (16 samples)
[staged]   → robot c: IoU 0.571 → 0.607  ✓
    ↑ new global best IoU 0.607  [phase Ph1 robot c]
[staged]   Ph1 robot d  zone 2  (uncovered: 3% of target)
    voronoi warm-start: IoU 0.573 ≤ 0.607, kept current
    [parallel] 10 worker threads, one renderer clone each
    init sampling: best coverage score 86.0px of uncovered area  (16 samples)
[staged]   → robot d: IoU 0.607 → 0.635  ✓
    ↑ new global best IoU 0.635  [phase Ph1 robot d]
[staged]   Ph1 robot e  zone 1  (uncovered: 1% of target)
    voronoi warm-start: IoU 0.620 ≤ 0.635, kept current
    [parallel] 10 worker threads, one renderer clone each
    init sampling: best coverage score 16.0px of uncovered area  (16 samples)
[staged]   → robot e: IoU 0.635 → 0.662  ✓
    ↑ new global best IoU 0.662  [phase Ph1 robot e]
[staged] Phase 1 done — composite IoU: 0.662

[staged] Phase 2 — backward pass  (4 iters × 5 robots, sigma=0.300)
[staged]   contributions before Phase 2:
[staged]     robot a: +0.220 IoU
[staged]     robot b: +0.049 IoU  ← low
[staged]     robot c: +0.045 IoU  ← low
[staged]     robot d: +0.041 IoU  ← low
[staged]     robot e: +0.028 IoU  ← low
[staged]   Ph2 robot e  zone 1  (uncovered: 13% of target)
    [parallel] 10 worker threads, one renderer clone each
    init sampling: best coverage score 124.0px of uncovered area  (16 samples)
[staged]   → robot e: IoU 0.662 → 0.668  ✓
    ↑ new global best IoU 0.668  [phase Ph2 robot e]
[staged]   Ph2 robot d  zone 2  (uncovered: 15% of target)
    [parallel] 10 worker threads, one renderer clone each
    init sampling: best coverage score 81.0px of uncovered area  (16 samples)
[staged]   → robot d: candidate 0.653 < current 0.668  ✗ rejected
[staged]   Ph2 robot c  zone 3  (uncovered: 17% of target)
    [parallel] 10 worker threads, one renderer clone each
    init sampling: best coverage score 171.0px of uncovered area  (16 samples)
[staged]   → robot c: candidate 0.655 < current 0.668  ✗ rejected
[staged]   Ph2 robot b  zone 0  (uncovered: 16% of target)
    [parallel] 10 worker threads, one renderer clone each
    init sampling: best coverage score 182.0px of uncovered area  (16 samples)
[staged]   → robot b: candidate 0.657 < current 0.668  ✗ rejected
[staged]   Ph2 robot a  zone 4  (uncovered: 34% of target)
    [parallel] 10 worker threads, one renderer clone each
    init sampling: best coverage score 972.0px of uncovered area  (16 samples)
[staged]   → robot a: candidate 0.650 < current 0.668  ✗ rejected
[staged] Phase 2 done — composite IoU: 0.668

[staged] Best snapshot: Phase 2  IoU=0.668
[staged] Manifold final pass — computing Jacobian  (ε=0.020, 60 renders)
[staged] Manifold basis: k=10D / 30D  (variance≥85%, top eigenvalues: ['443034.94', '209807.95', '142344.97', '122292.95', '89854.94'])
[staged] Manifold did not improve (0.627 vs 0.668), keeping best snapshot
[staged] FD refinement — 5 Adam steps  (300 renders, lr=0.01, ε=0.02)
    ↑ new global best IoU 0.696  [FD refinement]
[staged] FD done — IoU: 0.696  (Δ=+0.028)  ✓
[staged] Done — final IoU: 0.696  loss: 0.3056
[shard 0] 8/10 digits/4_dejavusans-bold  best=0.696 mean=0.668±0.020  119s  eta 0.1h
[staged] Popsize: per-robot phases=32  final=16  (theory optimum for 6 DOF = 10)

[staged] Hungarian pre-assignment  (5×5 cost matrix, 8 samples/entry = 200 renders)...
[staged]   robot_a → zone 2  robot_b → zone 1  robot_c → zone 4  robot_d → zone 0  robot_e → zone 3

[staged] Phase 1 — forward greedy  (4 iters × 5 robot(s), sigma=0.40×1.00, popsize=32)
[staged]   Ph1 robot a  zone 2  (uncovered: 22% of target)
    voronoi warm-start: IoU 0.067 → 0.219 ✓
    [parallel] 10 worker threads, one renderer clone each
    init sampling: best coverage score 0.0px of uncovered area  (8 samples)
[staged]   → robot a: IoU 0.067 → 0.446  ✓
    ↑ new global best IoU 0.446  [phase Ph1 robot a]
[staged]   Ph1 robot b  zone 1  (uncovered: 14% of target)
    voronoi warm-start: IoU 0.446 → 0.468 ✓
    [parallel] 10 worker threads, one renderer clone each
    init sampling: best coverage score 363.0px of uncovered area  (8 samples)
[staged]   → robot b: IoU 0.446 → 0.499  ✓
    ↑ new global best IoU 0.499  [phase Ph1 robot b]
[staged]   Ph1 robot c  zone 4  (uncovered: 0% of target)
    voronoi warm-start: IoU 0.499 → 0.527 ✓
    [parallel] 10 worker threads, one renderer clone each
    init sampling: best coverage score 0.0px of uncovered area  (8 samples)
[staged]   → robot c: IoU 0.499 → 0.542  ✓
    ↑ new global best IoU 0.542  [phase Ph1 robot c]
[staged]   Ph1 robot d  zone 0  (uncovered: 0% of target)
    voronoi warm-start: IoU 0.502 ≤ 0.542, kept current
    [parallel] 10 worker threads, one renderer clone each
    init sampling: best coverage score 5.0px of uncovered area  (16 samples)
[staged]   → robot d: IoU 0.542 → 0.565  ✓
    ↑ new global best IoU 0.565  [phase Ph1 robot d]
[staged]   Ph1 robot e  zone 3  (uncovered: 0% of target)
    voronoi warm-start: IoU 0.520 ≤ 0.565, kept current
    [parallel] 10 worker threads, one renderer clone each
    init sampling: best loss 21.6389 (16 samples)
[staged]   → robot e: IoU 0.565 → 0.598  ✓
    ↑ new global best IoU 0.598  [phase Ph1 robot e]
[staged] Phase 1 done — composite IoU: 0.598

[staged] Phase 2 — backward pass  (4 iters × 5 robots, sigma=0.300)
[staged]   contributions before Phase 2:
[staged]     robot a: +0.216 IoU
[staged]     robot b: +0.063 IoU
[staged]     robot c: +0.071 IoU
[staged]     robot d: +0.046 IoU  ← low
[staged]     robot e: +0.033 IoU  ← low
[staged]   Ph2 robot e  zone 3  (uncovered: 9% of target)
    [parallel] 10 worker threads, one renderer clone each
    init sampling: best coverage score 5.0px of uncovered area  (16 samples)
[staged]   → robot e: IoU 0.598 → 0.599  ✓
    ↑ new global best IoU 0.599  [phase Ph2 robot e]
[staged]   Ph2 robot d  zone 0  (uncovered: 10% of target)
    [parallel] 10 worker threads, one renderer clone each
    init sampling: best coverage score 230.0px of uncovered area  (16 samples)
[staged]   → robot d: candidate 0.590 < current 0.599  ✗ rejected
[staged]   Ph2 robot c  zone 4  (uncovered: 13% of target)
    [parallel] 10 worker threads, one renderer clone each
    init sampling: best coverage score 85.0px of uncovered area  (16 samples)
[staged]   → robot c: candidate 0.582 < current 0.599  ✗ rejected
[staged]   Ph2 robot b  zone 1  (uncovered: 12% of target)
    [parallel] 10 worker threads, one renderer clone each
    init sampling: best coverage score 253.0px of uncovered area  (16 samples)
[staged]   → robot b: candidate 0.585 < current 0.599  ✗ rejected
[staged]   Ph2 robot a  zone 2  (uncovered: 34% of target)
    [parallel] 10 worker threads, one renderer clone each
    init sampling: best coverage score 354.0px of uncovered area  (16 samples)
[staged]   → robot a: IoU 0.599 → 0.605  ✓
    ↑ new global best IoU 0.605  [phase Ph2 robot a]
[staged] Phase 2 done — composite IoU: 0.605

[staged] Best snapshot: Phase 2  IoU=0.605
[staged] Manifold final pass — computing Jacobian  (ε=0.020, 60 renders)
[staged] Manifold basis: k=9D / 30D  (variance≥85%, top eigenvalues: ['434289.50', '101176.74', '80041.54', '71968.77', '68833.46'])
    ↑ new global best IoU 0.634  [manifold final pass]
[staged] Manifold done — IoU: 0.634  (Δ=+0.029)  ✓
[staged] FD refinement — 5 Adam steps  (300 renders, lr=0.01, ε=0.02)
    ↑ new global best IoU 0.647  [FD refinement]
[staged] FD done — IoU: 0.647  (Δ=+0.013)  ✓
[staged] Done — final IoU: 0.647  loss: 0.3542
[staged] Popsize: per-robot phases=32  final=16  (theory optimum for 6 DOF = 10)

[staged] Hungarian pre-assignment  (5×5 cost matrix, 8 samples/entry = 200 renders)...
[staged]   robot_a → zone 1  robot_b → zone 3  robot_c → zone 4  robot_d → zone 2  robot_e → zone 0

[staged] Phase 1 — forward greedy  (4 iters × 5 robot(s), sigma=0.40×1.00, popsize=32)
[staged]   Ph1 robot a  zone 1  (uncovered: 19% of target)
    voronoi warm-start: IoU 0.067 → 0.222 ✓
    [parallel] 10 worker threads, one renderer clone each
    init sampling: best coverage score 0.0px of uncovered area  (8 samples)
[staged]   → robot a: IoU 0.067 → 0.299  ✓
    ↑ new global best IoU 0.299  [phase Ph1 robot a]
[staged]   Ph1 robot b  zone 3  (uncovered: 21% of target)
    voronoi warm-start: IoU 0.299 → 0.332 ✓
    [parallel] 10 worker threads, one renderer clone each
    init sampling: best coverage score 22.0px of uncovered area  (8 samples)
[staged]   → robot b: IoU 0.299 → 0.415  ✓
    ↑ new global best IoU 0.415  [phase Ph1 robot b]
[staged]   Ph1 robot c  zone 4  (uncovered: 10% of target)
    voronoi warm-start: IoU 0.415 → 0.449 ✓
    [parallel] 10 worker threads, one renderer clone each
    init sampling: best coverage score 74.0px of uncovered area  (8 samples)
[staged]   → robot c: IoU 0.415 → 0.491  ✓
    ↑ new global best IoU 0.491  [phase Ph1 robot c]
[staged]   Ph1 robot d  zone 2  (uncovered: 0% of target)
    voronoi warm-start: IoU 0.455 ≤ 0.491, kept current
    [parallel] 10 worker threads, one renderer clone each
    init sampling: best coverage score 14.0px of uncovered area  (16 samples)
[staged]   → robot d: IoU 0.491 → 0.543  ✓
    ↑ new global best IoU 0.543  [phase Ph1 robot d]
[staged]   Ph1 robot e  zone 0  (uncovered: 0% of target)
    voronoi warm-start: IoU 0.504 ≤ 0.543, kept current
    [parallel] 10 worker threads, one renderer clone each
    init sampling: best coverage score 12.0px of uncovered area  (16 samples)
[staged]   → robot e: IoU 0.543 → 0.587  ✓
    ↑ new global best IoU 0.587  [phase Ph1 robot e]
[staged] Phase 1 done — composite IoU: 0.587

[staged] Phase 2 — backward pass  (4 iters × 5 robots, sigma=0.300)
[staged]   contributions before Phase 2:
[staged]     robot a: +0.015 IoU  ← low
[staged]     robot b: +0.080 IoU
[staged]     robot c: +0.111 IoU
[staged]     robot d: +0.083 IoU
[staged]     robot e: +0.043 IoU  ← low
[staged]   Ph2 robot e  zone 0  (uncovered: 13% of target)
    [parallel] 10 worker threads, one renderer clone each
    init sampling: best coverage score 63.0px of uncovered area  (16 samples)
[staged]   → robot e: candidate 0.581 < current 0.587  ✗ rejected
[staged]   Ph2 robot d  zone 2  (uncovered: 18% of target)
    [parallel] 10 worker threads, one renderer clone each
    init sampling: best coverage score 70.0px of uncovered area  (16 samples)
[staged]   → robot d: candidate 0.540 < current 0.587  ✗ rejected
[staged]   Ph2 robot c  zone 4  (uncovered: 23% of target)
    [parallel] 10 worker threads, one renderer clone each
    init sampling: best coverage score 380.0px of uncovered area  (16 samples)
[staged]   → robot c: candidate 0.583 < current 0.587  ✗ rejected
[staged]   Ph2 robot b  zone 3  (uncovered: 19% of target)
    [parallel] 10 worker threads, one renderer clone each
    init sampling: best coverage score 216.0px of uncovered area  (16 samples)
[staged]   → robot b: candidate 0.577 < current 0.587  ✗ rejected
[staged]   Ph2 robot a  zone 1  (uncovered: 14% of target)
    [parallel] 10 worker threads, one renderer clone each
    init sampling: best coverage score 234.0px of uncovered area  (16 samples)
[staged]   → robot a: IoU 0.587 → 0.655  ✓
    ↑ new global best IoU 0.655  [phase Ph2 robot a]
[staged] Phase 2 done — composite IoU: 0.655

[staged] Best snapshot: Phase 2  IoU=0.655
[staged] Manifold final pass — computing Jacobian  (ε=0.020, 60 renders)
[staged] Manifold basis: k=8D / 30D  (variance≥85%, top eigenvalues: ['388859.31', '309868.84', '252361.88', '173944.78', '63884.09'])
[staged] Manifold did not improve (0.630 vs 0.655), keeping best snapshot
[staged] FD refinement — 5 Adam steps  (300 renders, lr=0.01, ε=0.02)
    ↑ new global best IoU 0.677  [FD refinement]
[staged] FD done — IoU: 0.677  (Δ=+0.022)  ✓
[staged] Done — final IoU: 0.677  loss: 0.3249
[staged] Popsize: per-robot phases=32  final=16  (theory optimum for 6 DOF = 10)

[staged] Hungarian pre-assignment  (5×5 cost matrix, 8 samples/entry = 200 renders)...
[staged]   robot_a → zone 2  robot_b → zone 3  robot_c → zone 4  robot_d → zone 1  robot_e → zone 0

[staged] Phase 1 — forward greedy  (4 iters × 5 robot(s), sigma=0.40×1.00, popsize=32)
[staged]   Ph1 robot a  zone 2  (uncovered: 7% of target)
    voronoi warm-start: IoU 0.061 ≤ 0.067, kept current
    [parallel] 10 worker threads, one renderer clone each
    init sampling: best coverage score 232.0px of uncovered area  (16 samples)
[staged]   → robot a: IoU 0.067 → 0.443  ✓
    ↑ new global best IoU 0.443  [phase Ph1 robot a]
[staged]   Ph1 robot b  zone 3  (uncovered: 8% of target)
    voronoi warm-start: IoU 0.443 → 0.481 ✓
    [parallel] 10 worker threads, one renderer clone each
    init sampling: best coverage score 276.0px of uncovered area  (8 samples)
[staged]   → robot b: IoU 0.443 → 0.520  ✓
    ↑ new global best IoU 0.520  [phase Ph1 robot b]
[staged]   Ph1 robot c  zone 4  (uncovered: 3% of target)
    voronoi warm-start: IoU 0.459 ≤ 0.520, kept current
    [parallel] 10 worker threads, one renderer clone each
    init sampling: best coverage score 81.0px of uncovered area  (16 samples)
[staged]   → robot c: IoU 0.520 → 0.562  ✓
    ↑ new global best IoU 0.562  [phase Ph1 robot c]
[staged]   Ph1 robot d  zone 1  (uncovered: 12% of target)
    voronoi warm-start: IoU 0.498 ≤ 0.562, kept current
    [parallel] 10 worker threads, one renderer clone each
    init sampling: best coverage score 108.0px of uncovered area  (16 samples)
[staged]   → robot d: IoU 0.562 → 0.587  ✓
    ↑ new global best IoU 0.587  [phase Ph1 robot d]
[staged]   Ph1 robot e  zone 0  (uncovered: 0% of target)
    voronoi warm-start: IoU 0.587 → 0.620 ✓
    [parallel] 10 worker threads, one renderer clone each
    init sampling: best coverage score 2.0px of uncovered area  (8 samples)
[staged]   → robot e: IoU 0.587 → 0.658  ✓
    ↑ new global best IoU 0.658  [phase Ph1 robot e]
[staged] Phase 1 done — composite IoU: 0.658

[staged] Phase 2 — backward pass  (4 iters × 5 robots, sigma=0.300)
[staged]   contributions before Phase 2:
[staged]     robot a: +0.155 IoU
[staged]     robot b: +0.104 IoU
[staged]     robot c: +0.084 IoU
[staged]     robot d: +0.070 IoU
[staged]     robot e: +0.071 IoU
[staged]   Ph2 robot e  zone 0  (uncovered: 17% of target)
    [parallel] 10 worker threads, one renderer clone each
    init sampling: best coverage score 57.0px of uncovered area  (16 samples)
[staged]   → robot e: candidate 0.658 < current 0.658  ✗ rejected
[staged]   Ph2 robot d  zone 1  (uncovered: 17% of target)
    [parallel] 10 worker threads, one renderer clone each
    init sampling: best coverage score 160.0px of uncovered area  (16 samples)
[staged]   → robot d: IoU 0.658 → 0.668  ✓
    ↑ new global best IoU 0.668  [phase Ph2 robot d]
[staged]   Ph2 robot c  zone 4  (uncovered: 17% of target)
    [parallel] 10 worker threads, one renderer clone each
    init sampling: best coverage score 273.0px of uncovered area  (16 samples)
[staged]   → robot c: IoU 0.668 → 0.670  ✓
    ↑ new global best IoU 0.670  [phase Ph2 robot c]
[staged]   Ph2 robot b  zone 3  (uncovered: 20% of target)
    [parallel] 10 worker threads, one renderer clone each
    init sampling: best coverage score 301.0px of uncovered area  (16 samples)
[staged]   → robot b: candidate 0.633 < current 0.670  ✗ rejected
[staged]   Ph2 robot a  zone 2  (uncovered: 35% of target)
    [parallel] 10 worker threads, one renderer clone each
    init sampling: best coverage score 715.0px of uncovered area  (16 samples)
[staged]   → robot a: candidate 0.620 < current 0.670  ✗ rejected
[staged] Phase 2 done — composite IoU: 0.670

[staged] Best snapshot: Phase 2  IoU=0.670
[staged] Manifold final pass — computing Jacobian  (ε=0.020, 60 renders)
[staged] Manifold basis: k=7D / 30D  (variance≥85%, top eigenvalues: ['474220.03', '436182.56', '133242.38', '58747.90', '57311.50'])
[staged] Manifold did not improve (0.660 vs 0.670), keeping best snapshot
[staged] FD refinement — 5 Adam steps  (300 renders, lr=0.01, ε=0.02)
    ↑ new global best IoU 0.693  [FD refinement]
[staged] FD done — IoU: 0.693  (Δ=+0.024)  ✓
[staged] Done — final IoU: 0.693  loss: 0.3080
[staged] Popsize: per-robot phases=32  final=16  (theory optimum for 6 DOF = 10)

[staged] Hungarian pre-assignment  (5×5 cost matrix, 8 samples/entry = 200 renders)...
[staged]   robot_a → zone 1  robot_b → zone 2  robot_c → zone 4  robot_d → zone 3  robot_e → zone 0

[staged] Phase 1 — forward greedy  (4 iters × 5 robot(s), sigma=0.40×1.00, popsize=32)
[staged]   Ph1 robot a  zone 1  (uncovered: 19% of target)
    voronoi warm-start: IoU 0.067 → 0.086 ✓
    [parallel] 10 worker threads, one renderer clone each
    init sampling: best coverage score 587.0px of uncovered area  (8 samples)
[staged]   → robot a: IoU 0.067 → 0.441  ✓
    ↑ new global best IoU 0.441  [phase Ph1 robot a]
[staged]   Ph1 robot b  zone 2  (uncovered: 21% of target)
    voronoi warm-start: IoU 0.441 → 0.464 ✓
    [parallel] 10 worker threads, one renderer clone each
    init sampling: best coverage score 137.0px of uncovered area  (8 samples)
[staged]   → robot b: IoU 0.441 → 0.550  ✓
    ↑ new global best IoU 0.550  [phase Ph1 robot b]
[staged]   Ph1 robot c  zone 4  (uncovered: 3% of target)
    voronoi warm-start: IoU 0.536 ≤ 0.550, kept current
    [parallel] 10 worker threads, one renderer clone each
    init sampling: best coverage score 3.0px of uncovered area  (16 samples)
[staged]   → robot c: IoU 0.550 → 0.588  ✓
    ↑ new global best IoU 0.588  [phase Ph1 robot c]
[staged]   Ph1 robot d  zone 3  (uncovered: 0% of target)
    voronoi warm-start: IoU 0.519 ≤ 0.588, kept current
    [parallel] 10 worker threads, one renderer clone each
    init sampling: best coverage score 5.0px of uncovered area  (16 samples)
[staged]   → robot d: IoU 0.588 → 0.605  ✓
    ↑ new global best IoU 0.605  [phase Ph1 robot d]
[staged]   Ph1 robot e  zone 0  (uncovered: 8% of target)
    voronoi warm-start: IoU 0.570 ≤ 0.605, kept current
    [parallel] 10 worker threads, one renderer clone each
    init sampling: best coverage score 92.0px of uncovered area  (16 samples)
[staged]   → robot e: IoU 0.605 → 0.643  ✓
    ↑ new global best IoU 0.643  [phase Ph1 robot e]
[staged] Phase 1 done — composite IoU: 0.643

[staged] Phase 2 — backward pass  (4 iters × 5 robots, sigma=0.300)
[staged]   contributions before Phase 2:
[staged]     robot a: +0.142 IoU
[staged]     robot b: +0.112 IoU
[staged]     robot c: +0.076 IoU
[staged]     robot d: +0.046 IoU  ← low
[staged]     robot e: +0.038 IoU  ← low
[staged]   Ph2 robot e  zone 0  (uncovered: 8% of target)
    [parallel] 10 worker threads, one renderer clone each
    init sampling: best coverage score 63.0px of uncovered area  (16 samples)
[staged]   → robot e: IoU 0.643 → 0.652  ✓
    ↑ new global best IoU 0.652  [phase Ph2 robot e]
[staged]   Ph2 robot d  zone 3  (uncovered: 8% of target)
    [parallel] 10 worker threads, one renderer clone each
    init sampling: best coverage score 33.0px of uncovered area  (16 samples)
[staged]   → robot d: IoU 0.652 → 0.668  ✓
    ↑ new global best IoU 0.668  [phase Ph2 robot d]
[staged]   Ph2 robot c  zone 4  (uncovered: 10% of target)
    [parallel] 10 worker threads, one renderer clone each
    init sampling: best coverage score 91.0px of uncovered area  (16 samples)
[staged]   → robot c: candidate 0.663 < current 0.668  ✗ rejected
[staged]   Ph2 robot b  zone 2  (uncovered: 17% of target)
    [parallel] 10 worker threads, one renderer clone each
    init sampling: best coverage score 392.0px of uncovered area  (16 samples)
[staged]   → robot b: candidate 0.630 < current 0.668  ✗ rejected
[staged]   Ph2 robot a  zone 1  (uncovered: 24% of target)
    [parallel] 10 worker threads, one renderer clone each
    init sampling: best coverage score 375.0px of uncovered area  (16 samples)
[staged]   → robot a: candidate 0.654 < current 0.668  ✗ rejected
[staged] Phase 2 done — composite IoU: 0.668

[staged] Best snapshot: Phase 2  IoU=0.668
[staged] Manifold final pass — computing Jacobian  (ε=0.020, 60 renders)
[staged] Manifold basis: k=6D / 30D  (variance≥85%, top eigenvalues: ['789307.62', '332743.44', '102950.91', '80787.09', '71358.80'])
[staged] Manifold did not improve (0.666 vs 0.668), keeping best snapshot
[staged] FD refinement — 5 Adam steps  (300 renders, lr=0.01, ε=0.02)
    ↑ new global best IoU 0.689  [FD refinement]
[staged] FD done — IoU: 0.689  (Δ=+0.022)  ✓
[staged] Done — final IoU: 0.689  loss: 0.3125
[staged] Popsize: per-robot phases=32  final=16  (theory optimum for 6 DOF = 10)

[staged] Hungarian pre-assignment  (5×5 cost matrix, 8 samples/entry = 200 renders)...
[staged]   robot_a → zone 4  robot_b → zone 3  robot_c → zone 2  robot_d → zone 1  robot_e → zone 0

[staged] Phase 1 — forward greedy  (4 iters × 5 robot(s), sigma=0.40×1.00, popsize=32)
[staged]   Ph1 robot a  zone 4  (uncovered: 14% of target)
    voronoi warm-start: IoU 0.060 ≤ 0.067, kept current
    [parallel] 10 worker threads, one renderer clone each
    init sampling: best coverage score 452.0px of uncovered area  (16 samples)
[staged]   → robot a: IoU 0.067 → 0.460  ✓
    ↑ new global best IoU 0.460  [phase Ph1 robot a]
[staged]   Ph1 robot b  zone 3  (uncovered: 12% of target)
    voronoi warm-start: IoU 0.460 → 0.479 ✓
    [parallel] 10 worker threads, one renderer clone each
    init sampling: best coverage score 81.0px of uncovered area  (8 samples)
[staged]   → robot b: IoU 0.460 → 0.505  ✓
    ↑ new global best IoU 0.505  [phase Ph1 robot b]
[staged]   Ph1 robot c  zone 2  (uncovered: 1% of target)
    voronoi warm-start: IoU 0.505 → 0.521 ✓
    [parallel] 10 worker threads, one renderer clone each
    init sampling: best coverage score 11.0px of uncovered area  (8 samples)
[staged]   → robot c: IoU 0.505 → 0.522  ✓
    ↑ new global best IoU 0.522  [phase Ph1 robot c]
[staged]   Ph1 robot d  zone 1  (uncovered: 12% of target)
    voronoi warm-start: IoU 0.522 → 0.531 ✓
    [parallel] 10 worker threads, one renderer clone each
    init sampling: best coverage score 13.0px of uncovered area  (8 samples)
[staged]   → robot d: IoU 0.522 → 0.539  ✓
    ↑ new global best IoU 0.539  [phase Ph1 robot d]
[staged]   Ph1 robot e  zone 0  (uncovered: 1% of target)
    voronoi warm-start: IoU 0.503 ≤ 0.539, kept current
    [parallel] 10 worker threads, one renderer clone each
    init sampling: best coverage score 16.0px of uncovered area  (16 samples)
[staged]   → robot e: IoU 0.539 → 0.578  ✓
    ↑ new global best IoU 0.578  [phase Ph1 robot e]
[staged] Phase 1 done — composite IoU: 0.578

[staged] Phase 2 — backward pass  (4 iters × 5 robots, sigma=0.300)
[staged]   contributions before Phase 2:
[staged]     robot a: +0.165 IoU
[staged]     robot b: +0.059 IoU
[staged]     robot c: +0.046 IoU  ← low
[staged]     robot d: +0.047 IoU  ← low
[staged]     robot e: +0.039 IoU  ← low
[staged]   Ph2 robot e  zone 0  (uncovered: 25% of target)
    [parallel] 10 worker threads, one renderer clone each
    init sampling: best coverage score 43.0px of uncovered area  (16 samples)
[staged]   → robot e: IoU 0.578 → 0.606  ✓
    ↑ new global best IoU 0.606  [phase Ph2 robot e]
[staged]   Ph2 robot d  zone 1  (uncovered: 22% of target)
    [parallel] 10 worker threads, one renderer clone each
    init sampling: best coverage score 104.0px of uncovered area  (16 samples)
[staged]   → robot d: IoU 0.606 → 0.608  ✓
    ↑ new global best IoU 0.608  [phase Ph2 robot d]
[staged]   Ph2 robot c  zone 2  (uncovered: 14% of target)
    [parallel] 10 worker threads, one renderer clone each
    init sampling: best coverage score 87.0px of uncovered area  (16 samples)
[staged]   → robot c: IoU 0.608 → 0.610  ✓
    ↑ new global best IoU 0.610  [phase Ph2 robot c]
[staged]   Ph2 robot b  zone 3  (uncovered: 14% of target)
    [parallel] 10 worker threads, one renderer clone each
    init sampling: best coverage score 183.0px of uncovered area  (16 samples)
[staged]   → robot b: IoU 0.610 → 0.654  ✓
    ↑ new global best IoU 0.654  [phase Ph2 robot b]
[staged]   Ph2 robot a  zone 4  (uncovered: 17% of target)
    [parallel] 10 worker threads, one renderer clone each
    init sampling: best coverage score 235.0px of uncovered area  (16 samples)
[staged]   → robot a: candidate 0.631 < current 0.654  ✗ rejected
[staged] Phase 2 done — composite IoU: 0.654

[staged] Best snapshot: Phase 2  IoU=0.654
[staged] Manifold final pass — computing Jacobian  (ε=0.020, 60 renders)
[staged] Manifold basis: k=8D / 30D  (variance≥85%, top eigenvalues: ['425995.53', '343387.12', '286411.06', '76398.73', '59978.56'])
[staged] Manifold did not improve (0.643 vs 0.654), keeping best snapshot
[staged] FD refinement — 5 Adam steps  (300 renders, lr=0.01, ε=0.02)
    ↑ new global best IoU 0.670  [FD refinement]
[staged] FD done — IoU: 0.670  (Δ=+0.016)  ✓
[staged] Done — final IoU: 0.670  loss: 0.3331
[shard 0] 9/10 digits/7_dejavusans-bold  best=0.693 mean=0.675±0.016  119s  eta 0.0h
[staged] Popsize: per-robot phases=32  final=16  (theory optimum for 6 DOF = 10)

[staged] Hungarian pre-assignment  (5×5 cost matrix, 8 samples/entry = 200 renders)...
[staged]   robot_a → zone 3  robot_b → zone 1  robot_c → zone 4  robot_d → zone 0  robot_e → zone 2

[staged] Phase 1 — forward greedy  (4 iters × 5 robot(s), sigma=0.40×1.00, popsize=32)
[staged]   Ph1 robot a  zone 3  (uncovered: 6% of target)
    voronoi warm-start: IoU 0.106 ≤ 0.119, kept current
    [parallel] 10 worker threads, one renderer clone each
    init sampling: best coverage score 275.0px of uncovered area  (16 samples)
[staged]   → robot a: IoU 0.119 → 0.341  ✓
    ↑ new global best IoU 0.341  [phase Ph1 robot a]
[staged]   Ph1 robot b  zone 1  (uncovered: 6% of target)
    voronoi warm-start: IoU 0.341 → 0.343 ✓
    [parallel] 10 worker threads, one renderer clone each
    init sampling: best coverage score 140.0px of uncovered area  (8 samples)
[staged]   → robot b: IoU 0.341 → 0.519  ✓
    ↑ new global best IoU 0.519  [phase Ph1 robot b]
[staged]   Ph1 robot c  zone 4  (uncovered: 1% of target)
    voronoi warm-start: IoU 0.507 ≤ 0.519, kept current
    [parallel] 10 worker threads, one renderer clone each
    init sampling: best coverage score 7.0px of uncovered area  (16 samples)
[staged]   → robot c: IoU 0.519 → 0.602  ✓
    ↑ new global best IoU 0.602  [phase Ph1 robot c]
[staged]   Ph1 robot d  zone 0  (uncovered: 6% of target)
    voronoi warm-start: IoU 0.596 ≤ 0.602, kept current
    [parallel] 10 worker threads, one renderer clone each
    init sampling: best coverage score 169.0px of uncovered area  (16 samples)
[staged]   → robot d: IoU 0.602 → 0.633  ✓
    ↑ new global best IoU 0.633  [phase Ph1 robot d]
[staged]   Ph1 robot e  zone 2  (uncovered: 2% of target)
    voronoi warm-start: IoU 0.628 ≤ 0.633, kept current
    [parallel] 10 worker threads, one renderer clone each
    init sampling: best coverage score 7.0px of uncovered area  (16 samples)
[staged]   → robot e: IoU 0.633 → 0.655  ✓
    ↑ new global best IoU 0.655  [phase Ph1 robot e]
[staged] Phase 1 done — composite IoU: 0.655

[staged] Phase 2 — backward pass  (4 iters × 5 robots, sigma=0.300)
[staged]   contributions before Phase 2:
[staged]     robot a: +0.119 IoU
[staged]     robot b: +0.115 IoU
[staged]     robot c: +0.033 IoU  ← low
[staged]     robot d: +0.041 IoU  ← low
[staged]     robot e: +0.021 IoU  ← low
[staged]   Ph2 robot e  zone 2  (uncovered: 9% of target)
    [parallel] 10 worker threads, one renderer clone each
    init sampling: best coverage score 94.0px of uncovered area  (16 samples)
[staged]   → robot e: IoU 0.655 → 0.661  ✓
    ↑ new global best IoU 0.661  [phase Ph2 robot e]
[staged]   Ph2 robot d  zone 0  (uncovered: 12% of target)
    [parallel] 10 worker threads, one renderer clone each
    init sampling: best coverage score 64.0px of uncovered area  (16 samples)
[staged]   → robot d: candidate 0.641 < current 0.661  ✗ rejected
[staged]   Ph2 robot c  zone 4  (uncovered: 11% of target)
    [parallel] 10 worker threads, one renderer clone each
    init sampling: best coverage score 123.0px of uncovered area  (16 samples)
[staged]   → robot c: candidate 0.647 < current 0.661  ✗ rejected
[staged]   Ph2 robot b  zone 1  (uncovered: 22% of target)
    [parallel] 10 worker threads, one renderer clone each
    init sampling: best coverage score 61.0px of uncovered area  (16 samples)
[staged]   → robot b: candidate 0.566 < current 0.661  ✗ rejected
[staged]   Ph2 robot a  zone 3  (uncovered: 32% of target)
    [parallel] 10 worker threads, one renderer clone each
    init sampling: best coverage score 821.0px of uncovered area  (16 samples)
[staged]   → robot a: candidate 0.651 < current 0.661  ✗ rejected
[staged] Phase 2 done — composite IoU: 0.661

[staged] Best snapshot: Phase 2  IoU=0.661
[staged] Manifold final pass — computing Jacobian  (ε=0.020, 60 renders)
[staged] Manifold basis: k=10D / 30D  (variance≥85%, top eigenvalues: ['369839.22', '243162.22', '166012.50', '110089.25', '100132.20'])
[staged] Manifold did not improve (0.653 vs 0.661), keeping best snapshot
[staged] FD refinement — 5 Adam steps  (300 renders, lr=0.01, ε=0.02)
    ↑ new global best IoU 0.683  [FD refinement]
[staged] FD done — IoU: 0.683  (Δ=+0.022)  ✓
[staged] Done — final IoU: 0.683  loss: 0.3198
[staged] Popsize: per-robot phases=32  final=16  (theory optimum for 6 DOF = 10)

[staged] Hungarian pre-assignment  (5×5 cost matrix, 8 samples/entry = 200 renders)...
[staged]   robot_a → zone 2  robot_b → zone 1  robot_c → zone 3  robot_d → zone 4  robot_e → zone 0

[staged] Phase 1 — forward greedy  (4 iters × 5 robot(s), sigma=0.40×1.00, popsize=32)
[staged]   Ph1 robot a  zone 2  (uncovered: 26% of target)
    voronoi warm-start: IoU 0.119 → 0.125 ✓
    [parallel] 10 worker threads, one renderer clone each
    init sampling: best coverage score 0.0px of uncovered area  (8 samples)
[staged]   → robot a: IoU 0.119 → 0.326  ✓
    ↑ new global best IoU 0.326  [phase Ph1 robot a]
[staged]   Ph1 robot b  zone 1  (uncovered: 5% of target)
    voronoi warm-start: IoU 0.326 → 0.332 ✓
    [parallel] 10 worker threads, one renderer clone each
    init sampling: best coverage score 150.0px of uncovered area  (8 samples)
[staged]   → robot b: IoU 0.326 → 0.419  ✓
    ↑ new global best IoU 0.419  [phase Ph1 robot b]
[staged]   Ph1 robot c  zone 3  (uncovered: 1% of target)
    voronoi warm-start: IoU 0.398 ≤ 0.419, kept current
    [parallel] 10 worker threads, one renderer clone each
    init sampling: best coverage score 28.0px of uncovered area  (16 samples)
[staged]   → robot c: IoU 0.419 → 0.569  ✓
    ↑ new global best IoU 0.569  [phase Ph1 robot c]
[staged]   Ph1 robot d  zone 4  (uncovered: 16% of target)
    voronoi warm-start: IoU 0.540 ≤ 0.569, kept current
    [parallel] 10 worker threads, one renderer clone each
    init sampling: best coverage score 314.0px of uncovered area  (16 samples)
[staged]   → robot d: IoU 0.569 → 0.634  ✓
    ↑ new global best IoU 0.634  [phase Ph1 robot d]
[staged]   Ph1 robot e  zone 0  (uncovered: 1% of target)
    voronoi warm-start: IoU 0.606 ≤ 0.634, kept current
    [parallel] 10 worker threads, one renderer clone each
    init sampling: best coverage score 22.0px of uncovered area  (16 samples)
[staged]   → robot e: IoU 0.634 → 0.656  ✓
    ↑ new global best IoU 0.656  [phase Ph1 robot e]
[staged] Phase 1 done — composite IoU: 0.656

[staged] Phase 2 — backward pass  (4 iters × 5 robots, sigma=0.300)
[staged]   contributions before Phase 2:
[staged]     robot a: +0.099 IoU
[staged]     robot b: +0.066 IoU
[staged]     robot c: +0.147 IoU
[staged]     robot d: +0.082 IoU
[staged]     robot e: +0.023 IoU  ← low
[staged]   Ph2 robot e  zone 0  (uncovered: 14% of target)
    [parallel] 10 worker threads, one renderer clone each
    init sampling: best coverage score 141.0px of uncovered area  (16 samples)
[staged]   → robot e: IoU 0.656 → 0.668  ✓
    ↑ new global best IoU 0.668  [phase Ph2 robot e]
[staged]   Ph2 robot d  zone 4  (uncovered: 16% of target)
    [parallel] 10 worker threads, one renderer clone each
    init sampling: best coverage score 227.0px of uncovered area  (16 samples)
[staged]   → robot d: IoU 0.668 → 0.669  ✓
    ↑ new global best IoU 0.669  [phase Ph2 robot d]
[staged]   Ph2 robot c  zone 3  (uncovered: 28% of target)
    [parallel] 10 worker threads, one renderer clone each
    init sampling: best coverage score 144.0px of uncovered area  (16 samples)
[staged]   → robot c: candidate 0.599 < current 0.669  ✗ rejected
[staged]   Ph2 robot b  zone 1  (uncovered: 15% of target)
    [parallel] 10 worker threads, one renderer clone each
    init sampling: best coverage score 316.0px of uncovered area  (16 samples)
[staged]   → robot b: candidate 0.660 < current 0.669  ✗ rejected
[staged]   Ph2 robot a  zone 2  (uncovered: 38% of target)
    [parallel] 10 worker threads, one renderer clone each
    init sampling: best coverage score 979.0px of uncovered area  (16 samples)
[staged]   → robot a: candidate 0.634 < current 0.669  ✗ rejected
[staged] Phase 2 done — composite IoU: 0.669

[staged] Best snapshot: Phase 2  IoU=0.669
[staged] Manifold final pass — computing Jacobian  (ε=0.020, 60 renders)
[staged] Manifold basis: k=9D / 30D  (variance≥85%, top eigenvalues: ['433441.50', '297505.78', '226469.41', '92826.14', '89124.38'])
[staged] Manifold did not improve (0.652 vs 0.669), keeping best snapshot
[staged] FD refinement — 5 Adam steps  (300 renders, lr=0.01, ε=0.02)
    ↑ new global best IoU 0.680  [FD refinement]
[staged] FD done — IoU: 0.680  (Δ=+0.011)  ✓
[staged] Done — final IoU: 0.680  loss: 0.3217
[staged] Popsize: per-robot phases=32  final=16  (theory optimum for 6 DOF = 10)

[staged] Hungarian pre-assignment  (5×5 cost matrix, 8 samples/entry = 200 renders)...
[staged]   robot_a → zone 2  robot_b → zone 1  robot_c → zone 4  robot_d → zone 3  robot_e → zone 0

[staged] Phase 1 — forward greedy  (4 iters × 5 robot(s), sigma=0.40×1.00, popsize=32)
[staged]   Ph1 robot a  zone 2  (uncovered: 25% of target)
    voronoi warm-start: IoU 0.119 → 0.124 ✓
    [parallel] 10 worker threads, one renderer clone each
    init sampling: best coverage score 5.0px of uncovered area  (8 samples)
[staged]   → robot a: IoU 0.119 → 0.373  ✓
    ↑ new global best IoU 0.373  [phase Ph1 robot a]
[staged]   Ph1 robot b  zone 1  (uncovered: 7% of target)
    voronoi warm-start: IoU 0.373 → 0.416 ✓
    [parallel] 10 worker threads, one renderer clone each
    init sampling: best coverage score 27.0px of uncovered area  (8 samples)
[staged]   → robot b: IoU 0.373 → 0.502  ✓
    ↑ new global best IoU 0.502  [phase Ph1 robot b]
[staged]   Ph1 robot c  zone 4  (uncovered: 3% of target)
    voronoi warm-start: IoU 0.471 ≤ 0.502, kept current
    [parallel] 10 worker threads, one renderer clone each
    init sampling: best coverage score 130.0px of uncovered area  (16 samples)
[staged]   → robot c: IoU 0.502 → 0.520  ✓
    ↑ new global best IoU 0.520  [phase Ph1 robot c]
[staged]   Ph1 robot d  zone 3  (uncovered: 5% of target)
    voronoi warm-start: IoU 0.520 → 0.534 ✓
    [parallel] 10 worker threads, one renderer clone each
    init sampling: best coverage score 13.0px of uncovered area  (8 samples)
[staged]   → robot d: IoU 0.520 → 0.546  ✓
    ↑ new global best IoU 0.546  [phase Ph1 robot d]
[staged]   Ph1 robot e  zone 0  (uncovered: 2% of target)
    voronoi warm-start: IoU 0.527 ≤ 0.546, kept current
    [parallel] 10 worker threads, one renderer clone each
    init sampling: best coverage score 42.0px of uncovered area  (16 samples)
[staged]   → robot e: IoU 0.546 → 0.585  ✓
    ↑ new global best IoU 0.585  [phase Ph1 robot e]
[staged] Phase 1 done — composite IoU: 0.585

[staged] Phase 2 — backward pass  (4 iters × 5 robots, sigma=0.300)
[staged]   contributions before Phase 2:
[staged]     robot a: +0.165 IoU
[staged]     robot b: +0.077 IoU
[staged]     robot c: +0.032 IoU  ← low
[staged]     robot d: +0.038 IoU  ← low
[staged]     robot e: +0.039 IoU  ← low
[staged]   Ph2 robot e  zone 0  (uncovered: 19% of target)
    [parallel] 10 worker threads, one renderer clone each
    init sampling: best coverage score 159.0px of uncovered area  (16 samples)
[staged]   → robot e: candidate 0.581 < current 0.585  ✗ rejected
[staged]   Ph2 robot d  zone 3  (uncovered: 19% of target)
    [parallel] 10 worker threads, one renderer clone each
    init sampling: best coverage score 150.0px of uncovered area  (16 samples)
[staged]   → robot d: candidate 0.582 < current 0.585  ✗ rejected
[staged]   Ph2 robot c  zone 4  (uncovered: 18% of target)
    [parallel] 10 worker threads, one renderer clone each
    init sampling: best coverage score 129.0px of uncovered area  (16 samples)
[staged]   → robot c: IoU 0.585 → 0.587  ✓
    ↑ new global best IoU 0.587  [phase Ph2 robot c]
[staged]   Ph2 robot b  zone 1  (uncovered: 28% of target)
    [parallel] 10 worker threads, one renderer clone each
    init sampling: best coverage score 293.0px of uncovered area  (16 samples)
[staged]   → robot b: IoU 0.587 → 0.593  ✓
    ↑ new global best IoU 0.593  [phase Ph2 robot b]
[staged]   Ph2 robot a  zone 2  (uncovered: 45% of target)
    [parallel] 10 worker threads, one renderer clone each
    init sampling: best coverage score 740.0px of uncovered area  (16 samples)
[staged]   → robot a: IoU 0.593 → 0.612  ✓
    ↑ new global best IoU 0.612  [phase Ph2 robot a]
[staged] Phase 2 done — composite IoU: 0.612

[staged] Best snapshot: Phase 2  IoU=0.612
[staged] Manifold final pass — computing Jacobian  (ε=0.020, 60 renders)
[staged] Manifold basis: k=8D / 30D  (variance≥85%, top eigenvalues: ['670829.44', '241129.59', '176426.84', '95124.55', '58163.43'])
    ↑ new global best IoU 0.649  [manifold final pass]
[staged] Manifold done — IoU: 0.649  (Δ=+0.038)  ✓
[staged] FD refinement — 5 Adam steps  (300 renders, lr=0.01, ε=0.02)
    ↑ new global best IoU 0.677  [FD refinement]
[staged] FD done — IoU: 0.677  (Δ=+0.027)  ✓
[staged] Done — final IoU: 0.677  loss: 0.3246
[staged] Popsize: per-robot phases=32  final=16  (theory optimum for 6 DOF = 10)

[staged] Hungarian pre-assignment  (5×5 cost matrix, 8 samples/entry = 200 renders)...
[staged]   robot_a → zone 1  robot_b → zone 2  robot_c → zone 4  robot_d → zone 3  robot_e → zone 0

[staged] Phase 1 — forward greedy  (4 iters × 5 robot(s), sigma=0.40×1.00, popsize=32)
[staged]   Ph1 robot a  zone 1  (uncovered: 26% of target)
    voronoi warm-start: IoU 0.119 → 0.125 ✓
    [parallel] 10 worker threads, one renderer clone each
    init sampling: best coverage score 621.0px of uncovered area  (8 samples)
[staged]   → robot a: IoU 0.119 → 0.383  ✓
    ↑ new global best IoU 0.383  [phase Ph1 robot a]
[staged]   Ph1 robot b  zone 2  (uncovered: 6% of target)
    voronoi warm-start: IoU 0.383 → 0.478 ✓
    [parallel] 10 worker threads, one renderer clone each
    init sampling: best coverage score 122.0px of uncovered area  (8 samples)
[staged]   → robot b: IoU 0.383 → 0.538  ✓
    ↑ new global best IoU 0.538  [phase Ph1 robot b]
[staged]   Ph1 robot c  zone 4  (uncovered: 5% of target)
    voronoi warm-start: IoU 0.538 → 0.553 ✓
    [parallel] 10 worker threads, one renderer clone each
    init sampling: best coverage score 16.0px of uncovered area  (8 samples)
[staged]   → robot c: IoU 0.538 → 0.582  ✓
    ↑ new global best IoU 0.582  [phase Ph1 robot c]
[staged]   Ph1 robot d  zone 3  (uncovered: 3% of target)
    voronoi warm-start: IoU 0.556 ≤ 0.582, kept current
    [parallel] 10 worker threads, one renderer clone each
    init sampling: best coverage score 139.0px of uncovered area  (16 samples)
[staged]   → robot d: IoU 0.582 → 0.631  ✓
    ↑ new global best IoU 0.631  [phase Ph1 robot d]
[staged]   Ph1 robot e  zone 0  (uncovered: 1% of target)
    voronoi warm-start: IoU 0.614 ≤ 0.631, kept current
    [parallel] 10 worker threads, one renderer clone each
    init sampling: best coverage score 28.0px of uncovered area  (16 samples)
[staged]   → robot e: IoU 0.631 → 0.655  ✓
    ↑ new global best IoU 0.655  [phase Ph1 robot e]
[staged] Phase 1 done — composite IoU: 0.655

[staged] Phase 2 — backward pass  (4 iters × 5 robots, sigma=0.300)
[staged]   contributions before Phase 2:
[staged]     robot a: +0.237 IoU
[staged]     robot b: +0.098 IoU
[staged]     robot c: +0.054 IoU
[staged]     robot d: +0.062 IoU
[staged]     robot e: +0.024 IoU  ← low
[staged]   Ph2 robot e  zone 0  (uncovered: 15% of target)
    [parallel] 10 worker threads, one renderer clone each
    init sampling: best coverage score 114.0px of uncovered area  (16 samples)
[staged]   → robot e: candidate 0.649 < current 0.655  ✗ rejected
[staged]   Ph2 robot d  zone 3  (uncovered: 21% of target)
    [parallel] 10 worker threads, one renderer clone each
    init sampling: best coverage score 386.0px of uncovered area  (16 samples)
[staged]   → robot d: IoU 0.655 → 0.655  ✓
    ↑ new global best IoU 0.655  [phase Ph2 robot d]
[staged]   Ph2 robot c  zone 4  (uncovered: 18% of target)
    [parallel] 10 worker threads, one renderer clone each
    init sampling: best coverage score 401.0px of uncovered area  (16 samples)
[staged]   → robot c: IoU 0.655 → 0.662  ✓
    ↑ new global best IoU 0.662  [phase Ph2 robot c]
[staged]   Ph2 robot b  zone 2  (uncovered: 17% of target)
    [parallel] 10 worker threads, one renderer clone each
    init sampling: best coverage score 255.0px of uncovered area  (16 samples)
[staged]   → robot b: candidate 0.654 < current 0.662  ✗ rejected
[staged]   Ph2 robot a  zone 1  (uncovered: 39% of target)
    [parallel] 10 worker threads, one renderer clone each
    init sampling: best coverage score 720.0px of uncovered area  (16 samples)
[staged]   → robot a: IoU 0.662 → 0.675  ✓
    ↑ new global best IoU 0.675  [phase Ph2 robot a]
[staged] Phase 2 done — composite IoU: 0.675

[staged] Best snapshot: Phase 2  IoU=0.675
[staged] Manifold final pass — computing Jacobian  (ε=0.020, 60 renders)
[staged] Manifold basis: k=8D / 30D  (variance≥85%, top eigenvalues: ['430521.69', '224637.77', '183700.86', '143301.41', '81294.01'])
[staged] Manifold did not improve (0.669 vs 0.675), keeping best snapshot
[staged] FD refinement — 5 Adam steps  (300 renders, lr=0.01, ε=0.02)
    ↑ new global best IoU 0.709  [FD refinement]
[staged] FD done — IoU: 0.709  (Δ=+0.034)  ✓
[staged] Done — final IoU: 0.709  loss: 0.2924
[staged] Popsize: per-robot phases=32  final=16  (theory optimum for 6 DOF = 10)

[staged] Hungarian pre-assignment  (5×5 cost matrix, 8 samples/entry = 200 renders)...
[staged]   robot_a → zone 0  robot_b → zone 4  robot_c → zone 2  robot_d → zone 3  robot_e → zone 1

[staged] Phase 1 — forward greedy  (4 iters × 5 robot(s), sigma=0.40×1.00, popsize=32)
[staged]   Ph1 robot a  zone 0  (uncovered: 15% of target)
    voronoi warm-start: IoU 0.119 → 0.267 ✓
    [parallel] 10 worker threads, one renderer clone each
    init sampling: best coverage score 336.0px of uncovered area  (8 samples)
[staged]   → robot a: IoU 0.119 → 0.405  ✓
    ↑ new global best IoU 0.405  [phase Ph1 robot a]
[staged]   Ph1 robot b  zone 4  (uncovered: 3% of target)
    voronoi warm-start: IoU 0.377 ≤ 0.405, kept current
    [parallel] 10 worker threads, one renderer clone each
    init sampling: best coverage score 143.0px of uncovered area  (16 samples)
[staged]   → robot b: IoU 0.405 → 0.536  ✓
    ↑ new global best IoU 0.536  [phase Ph1 robot b]
[staged]   Ph1 robot c  zone 2  (uncovered: 5% of target)
    voronoi warm-start: IoU 0.528 ≤ 0.536, kept current
    [parallel] 10 worker threads, one renderer clone each
    init sampling: best coverage score 101.0px of uncovered area  (16 samples)
[staged]   → robot c: IoU 0.536 → 0.586  ✓
    ↑ new global best IoU 0.586  [phase Ph1 robot c]
[staged]   Ph1 robot d  zone 3  (uncovered: 4% of target)
    voronoi warm-start: IoU 0.586 → 0.587 ✓
    [parallel] 10 worker threads, one renderer clone each
    init sampling: best coverage score 21.0px of uncovered area  (8 samples)
[staged]   → robot d: IoU 0.586 → 0.620  ✓
    ↑ new global best IoU 0.620  [phase Ph1 robot d]
[staged]   Ph1 robot e  zone 1  (uncovered: 8% of target)
    voronoi warm-start: IoU 0.602 ≤ 0.620, kept current
    [parallel] 10 worker threads, one renderer clone each
    init sampling: best coverage score 37.0px of uncovered area  (16 samples)
[staged]   → robot e: IoU 0.620 → 0.662  ✓
    ↑ new global best IoU 0.662  [phase Ph1 robot e]
[staged] Phase 1 done — composite IoU: 0.662

[staged] Phase 2 — backward pass  (4 iters × 5 robots, sigma=0.300)
[staged]   contributions before Phase 2:
[staged]     robot a: +0.160 IoU
[staged]     robot b: +0.092 IoU
[staged]     robot c: +0.065 IoU
[staged]     robot d: +0.048 IoU  ← low
[staged]     robot e: +0.042 IoU  ← low
[staged]   Ph2 robot e  zone 1  (uncovered: 14% of target)
    [parallel] 10 worker threads, one renderer clone each
    init sampling: best coverage score 98.0px of uncovered area  (16 samples)
[staged]   → robot e: candidate 0.637 < current 0.662  ✗ rejected
[staged]   Ph2 robot d  zone 3  (uncovered: 15% of target)
    [parallel] 10 worker threads, one renderer clone each
    init sampling: best coverage score 175.0px of uncovered area  (16 samples)
[staged]   → robot d: candidate 0.659 < current 0.662  ✗ rejected
[staged]   Ph2 robot c  zone 2  (uncovered: 19% of target)
    [parallel] 10 worker threads, one renderer clone each
    init sampling: best coverage score 220.0px of uncovered area  (16 samples)
[staged]   → robot c: candidate 0.660 < current 0.662  ✗ rejected
[staged]   Ph2 robot b  zone 4  (uncovered: 23% of target)
    [parallel] 10 worker threads, one renderer clone each
    init sampling: best coverage score 181.0px of uncovered area  (16 samples)
[staged]   → robot b: IoU 0.662 → 0.666  ✓
    ↑ new global best IoU 0.666  [phase Ph2 robot b]
[staged]   Ph2 robot a  zone 0  (uncovered: 33% of target)
    [parallel] 10 worker threads, one renderer clone each
    init sampling: best coverage score 836.0px of uncovered area  (16 samples)
[staged]   → robot a: IoU 0.666 → 0.678  ✓
    ↑ new global best IoU 0.678  [phase Ph2 robot a]
[staged] Phase 2 done — composite IoU: 0.678

[staged] Best snapshot: Phase 2  IoU=0.678
[staged] Manifold final pass — computing Jacobian  (ε=0.020, 60 renders)
[staged] Manifold basis: k=9D / 30D  (variance≥85%, top eigenvalues: ['468278.84', '195127.86', '142656.62', '134924.48', '83092.41'])
    ↑ new global best IoU 0.680  [manifold final pass]
[staged] Manifold done — IoU: 0.680  (Δ=+0.001)  ✓
[staged] FD refinement — 5 Adam steps  (300 renders, lr=0.01, ε=0.02)
    ↑ new global best IoU 0.702  [FD refinement]
[staged] FD done — IoU: 0.702  (Δ=+0.023)  ✓
[staged] Done — final IoU: 0.702  loss: 0.2993
[shard 0] 10/10 digits/9_dejavusans-bold  best=0.709 mean=0.690±0.013  119s  eta 0.0h
[shard 0] DONE 10 targets in 0.33h
