[shard 0/1] 10 targets × 5 runs
[scene] so101 ×3: light_y=1.00 wall_y=-2.40 throw=3.40m table_len=0.40m | magnification 2.4x–3.4x
[shard 0] n_dof=18 arm_gap=0.2
[shard 0] variant=staged
[shard 0] wrote /home/souju/dev/umbra-bench-grounded/optimized/aimed-start-probe10/full-small-n3/BUDGET.md
[staged] Popsize: per-robot phases=32  final=32  (theory optimum for 6 DOF = 10)

[staged] Hungarian pre-assignment  (3×3 cost matrix, 8 samples/entry = 72 renders)...
[staged]   robot_a → zone 2  robot_b → zone 0  robot_c → zone 1

[staged] Phase 1 — forward greedy  (8 iters × 3 robot(s), sigma=0.40×1.00, popsize=32)
[staged]   Ph1 robot a  zone 2  (uncovered: 23% of target)
    voronoi warm-start: IoU 0.148 → 0.212 ✓
    [parallel] 10 worker threads, one renderer clone each
    init sampling: best coverage score 368.0px of uncovered area  (8 samples)
[staged]   → robot a: IoU 0.148 → 0.427  ✓
    ↑ new global best IoU 0.427  [phase Ph1 robot a]
[staged]   Ph1 robot b  zone 0  (uncovered: 6% of target)
    voronoi warm-start: IoU 0.416 ≤ 0.427, kept current
    [parallel] 10 worker threads, one renderer clone each
    init sampling: best coverage score 201.0px of uncovered area  (16 samples)
[staged]   → robot b: IoU 0.427 → 0.531  ✓
    ↑ new global best IoU 0.531  [phase Ph1 robot b]
[staged]   Ph1 robot c  zone 1  (uncovered: 19% of target)
    voronoi warm-start: IoU 0.531 → 0.531 ✓
    [parallel] 10 worker threads, one renderer clone each
    init sampling: best coverage score 36.0px of uncovered area  (8 samples)
[staged]   → robot c: IoU 0.531 → 0.576  ✓
    ↑ new global best IoU 0.576  [phase Ph1 robot c]
[staged] Phase 1 done — composite IoU: 0.576

[staged] Phase 2 — backward pass  (8 iters × 3 robots, sigma=0.300)
[staged]   contributions before Phase 2:
[staged]     robot a: +0.153 IoU
[staged]     robot b: +0.094 IoU
[staged]     robot c: +0.045 IoU  ← low
[staged]   Ph2 robot c  zone 1  (uncovered: 41% of target)
    [parallel] 10 worker threads, one renderer clone each
    init sampling: best coverage score 348.0px of uncovered area  (16 samples)
[staged]   → robot c: IoU 0.576 → 0.636  ✓
    ↑ new global best IoU 0.636  [phase Ph2 robot c]
[staged]   Ph2 robot b  zone 0  (uncovered: 39% of target)
    [parallel] 10 worker threads, one renderer clone each
    init sampling: best coverage score 455.0px of uncovered area  (16 samples)
[staged]   → robot b: candidate 0.609 < current 0.636  ✗ rejected
[staged]   Ph2 robot a  zone 2  (uncovered: 56% of target)
    [parallel] 10 worker threads, one renderer clone each
    init sampling: best coverage score 979.0px of uncovered area  (16 samples)
[staged]   → robot a: candidate 0.619 < current 0.636  ✗ rejected
[staged] Phase 2 done — composite IoU: 0.636

[staged] Best snapshot: Phase 2  IoU=0.636
[staged] Final refinement — all joints  (10 iters, popsize=32, sigma=0.160)
    [parallel] 10 worker threads, one renderer clone each
    ↑ new global best IoU 0.636  [final refinement]
[staged] Final done — IoU: 0.636  ✓
[staged] FD refinement — 5 Adam steps  (180 renders, lr=0.01, ε=0.02)
    ↑ new global best IoU 0.662  [FD refinement]
[staged] FD done — IoU: 0.662  (Δ=+0.026)  ✓
[staged] Done — final IoU: 0.662  loss: 0.3378
[staged] Popsize: per-robot phases=32  final=32  (theory optimum for 6 DOF = 10)

[staged] Hungarian pre-assignment  (3×3 cost matrix, 8 samples/entry = 72 renders)...
[staged]   robot_a → zone 1  robot_b → zone 2  robot_c → zone 0

[staged] Phase 1 — forward greedy  (8 iters × 3 robot(s), sigma=0.40×1.00, popsize=32)
[staged]   Ph1 robot a  zone 1  (uncovered: 26% of target)
    voronoi warm-start: IoU 0.148 → 0.359 ✓
    [parallel] 10 worker threads, one renderer clone each
    init sampling: best coverage score 45.0px of uncovered area  (8 samples)
[staged]   → robot a: IoU 0.148 → 0.469  ✓
    ↑ new global best IoU 0.469  [phase Ph1 robot a]
[staged]   Ph1 robot b  zone 2  (uncovered: 21% of target)
    voronoi warm-start: IoU 0.456 ≤ 0.469, kept current
    [parallel] 10 worker threads, one renderer clone each
    init sampling: best coverage score 548.0px of uncovered area  (16 samples)
[staged]   → robot b: IoU 0.469 → 0.554  ✓
    ↑ new global best IoU 0.554  [phase Ph1 robot b]
[staged]   Ph1 robot c  zone 0  (uncovered: 9% of target)
    voronoi warm-start: IoU 0.530 ≤ 0.554, kept current
    [parallel] 10 worker threads, one renderer clone each
    init sampling: best coverage score 188.0px of uncovered area  (16 samples)
[staged]   → robot c: IoU 0.554 → 0.637  ✓
    ↑ new global best IoU 0.637  [phase Ph1 robot c]
[staged] Phase 1 done — composite IoU: 0.637

[staged] Phase 2 — backward pass  (8 iters × 3 robots, sigma=0.300)
[staged]   contributions before Phase 2:
[staged]     robot a: +0.294 IoU
[staged]     robot b: +0.068 IoU
[staged]     robot c: +0.083 IoU
[staged]   Ph2 robot c  zone 0  (uncovered: 40% of target)
    [parallel] 10 worker threads, one renderer clone each
    init sampling: best coverage score 457.0px of uncovered area  (16 samples)
[staged]   → robot c: IoU 0.637 → 0.642  ✓
    ↑ new global best IoU 0.642  [phase Ph2 robot c]
[staged]   Ph2 robot b  zone 2  (uncovered: 38% of target)
    [parallel] 10 worker threads, one renderer clone each
    init sampling: best coverage score 375.0px of uncovered area  (16 samples)
[staged]   → robot b: IoU 0.642 → 0.696  ✓
    ↑ new global best IoU 0.696  [phase Ph2 robot b]
[staged]   Ph2 robot a  zone 1  (uncovered: 57% of target)
    [parallel] 10 worker threads, one renderer clone each
    init sampling: best coverage score 1171.0px of uncovered area  (16 samples)
[staged]   → robot a: candidate 0.587 < current 0.696  ✗ rejected
[staged] Phase 2 done — composite IoU: 0.696

[staged] Best snapshot: Phase 2  IoU=0.696
[staged] Final refinement — all joints  (10 iters, popsize=32, sigma=0.160)
    [parallel] 10 worker threads, one renderer clone each
[staged] Final done — IoU: 0.696  ✓
[staged] FD refinement — 5 Adam steps  (180 renders, lr=0.01, ε=0.02)
    ↑ new global best IoU 0.720  [FD refinement]
[staged] FD done — IoU: 0.720  (Δ=+0.024)  ✓
[staged] Done — final IoU: 0.720  loss: 0.2802
[staged] Popsize: per-robot phases=32  final=32  (theory optimum for 6 DOF = 10)

[staged] Hungarian pre-assignment  (3×3 cost matrix, 8 samples/entry = 72 renders)...
[staged]   robot_a → zone 0  robot_b → zone 1  robot_c → zone 2

[staged] Phase 1 — forward greedy  (8 iters × 3 robot(s), sigma=0.40×1.00, popsize=32)
[staged]   Ph1 robot a  zone 0  (uncovered: 23% of target)
    voronoi warm-start: IoU 0.148 → 0.212 ✓
    [parallel] 10 worker threads, one renderer clone each
    init sampling: best coverage score 12.0px of uncovered area  (8 samples)
[staged]   → robot a: IoU 0.148 → 0.420  ✓
    ↑ new global best IoU 0.420  [phase Ph1 robot a]
[staged]   Ph1 robot b  zone 1  (uncovered: 25% of target)
    voronoi warm-start: IoU 0.420 → 0.462 ✓
    [parallel] 10 worker threads, one renderer clone each
    init sampling: best coverage score 607.0px of uncovered area  (8 samples)
[staged]   → robot b: IoU 0.420 → 0.545  ✓
    ↑ new global best IoU 0.545  [phase Ph1 robot b]
[staged]   Ph1 robot c  zone 2  (uncovered: 5% of target)
    voronoi warm-start: IoU 0.520 ≤ 0.545, kept current
    [parallel] 10 worker threads, one renderer clone each
    init sampling: best coverage score 123.0px of uncovered area  (16 samples)
[staged]   → robot c: IoU 0.545 → 0.612  ✓
    ↑ new global best IoU 0.612  [phase Ph1 robot c]
[staged] Phase 1 done — composite IoU: 0.612

[staged] Phase 2 — backward pass  (8 iters × 3 robots, sigma=0.300)
[staged]   contributions before Phase 2:
[staged]     robot a: +0.168 IoU
[staged]     robot b: +0.115 IoU
[staged]     robot c: +0.067 IoU
[staged]   Ph2 robot c  zone 2  (uncovered: 34% of target)
    [parallel] 10 worker threads, one renderer clone each
    init sampling: best coverage score 398.0px of uncovered area  (16 samples)
[staged]   → robot c: IoU 0.612 → 0.622  ✓
    ↑ new global best IoU 0.622  [phase Ph2 robot c]
[staged]   Ph2 robot b  zone 1  (uncovered: 42% of target)
    [parallel] 10 worker threads, one renderer clone each
    init sampling: best coverage score 363.0px of uncovered area  (16 samples)
[staged]   → robot b: candidate 0.596 < current 0.622  ✗ rejected
[staged]   Ph2 robot a  zone 0  (uncovered: 52% of target)
    [parallel] 10 worker threads, one renderer clone each
    init sampling: best coverage score 1546.0px of uncovered area  (16 samples)
[staged]   → robot a: IoU 0.622 → 0.643  ✓
    ↑ new global best IoU 0.643  [phase Ph2 robot a]
[staged] Phase 2 done — composite IoU: 0.643

[staged] Best snapshot: Phase 2  IoU=0.643
[staged] Final refinement — all joints  (10 iters, popsize=32, sigma=0.160)
    [parallel] 10 worker threads, one renderer clone each
    ↑ new global best IoU 0.645  [final refinement]
[staged] Final done — IoU: 0.645  ✓
[staged] FD refinement — 5 Adam steps  (180 renders, lr=0.01, ε=0.02)
    ↑ new global best IoU 0.658  [FD refinement]
[staged] FD done — IoU: 0.658  (Δ=+0.013)  ✓
[staged] Done — final IoU: 0.658  loss: 0.3428
[staged] Popsize: per-robot phases=32  final=32  (theory optimum for 6 DOF = 10)

[staged] Hungarian pre-assignment  (3×3 cost matrix, 8 samples/entry = 72 renders)...
[staged]   robot_a → zone 2  robot_b → zone 1  robot_c → zone 0

[staged] Phase 1 — forward greedy  (8 iters × 3 robot(s), sigma=0.40×1.00, popsize=32)
[staged]   Ph1 robot a  zone 2  (uncovered: 44% of target)
    voronoi warm-start: IoU 0.148 → 0.356 ✓
    [parallel] 10 worker threads, one renderer clone each
    init sampling: best coverage score 981.0px of uncovered area  (8 samples)
[staged]   → robot a: IoU 0.148 → 0.417  ✓
    ↑ new global best IoU 0.417  [phase Ph1 robot a]
[staged]   Ph1 robot b  zone 1  (uncovered: 22% of target)
    voronoi warm-start: IoU 0.417 → 0.421 ✓
    [parallel] 10 worker threads, one renderer clone each
    init sampling: best coverage score 528.0px of uncovered area  (8 samples)
[staged]   → robot b: IoU 0.417 → 0.544  ✓
    ↑ new global best IoU 0.544  [phase Ph1 robot b]
[staged]   Ph1 robot c  zone 0  (uncovered: 7% of target)
    voronoi warm-start: IoU 0.517 ≤ 0.544, kept current
    [parallel] 10 worker threads, one renderer clone each
    init sampling: best coverage score 193.0px of uncovered area  (16 samples)
[staged]   → robot c: IoU 0.544 → 0.579  ✓
    ↑ new global best IoU 0.579  [phase Ph1 robot c]
[staged] Phase 1 done — composite IoU: 0.579

[staged] Phase 2 — backward pass  (8 iters × 3 robots, sigma=0.300)
[staged]   contributions before Phase 2:
[staged]     robot a: +0.226 IoU
[staged]     robot b: +0.128 IoU
[staged]     robot c: +0.035 IoU  ← low
[staged]   Ph2 robot c  zone 0  (uncovered: 37% of target)
    [parallel] 10 worker threads, one renderer clone each
    init sampling: best coverage score 330.0px of uncovered area  (16 samples)
[staged]   → robot c: IoU 0.579 → 0.595  ✓
    ↑ new global best IoU 0.595  [phase Ph2 robot c]
[staged]   Ph2 robot b  zone 1  (uncovered: 43% of target)
    [parallel] 10 worker threads, one renderer clone each
    init sampling: best coverage score 521.0px of uncovered area  (16 samples)
[staged]   → robot b: IoU 0.595 → 0.601  ✓
    ↑ new global best IoU 0.601  [phase Ph2 robot b]
[staged]   Ph2 robot a  zone 2  (uncovered: 55% of target)
    [parallel] 10 worker threads, one renderer clone each
    init sampling: best coverage score 1205.0px of uncovered area  (16 samples)
[staged]   → robot a: IoU 0.601 → 0.642  ✓
    ↑ new global best IoU 0.642  [phase Ph2 robot a]
[staged] Phase 2 done — composite IoU: 0.642

[staged] Best snapshot: Phase 2  IoU=0.642
[staged] Final refinement — all joints  (10 iters, popsize=32, sigma=0.160)
    [parallel] 10 worker threads, one renderer clone each
    ↑ new global best IoU 0.657  [final refinement]
[staged] Final done — IoU: 0.657  ✓
[staged] FD refinement — 5 Adam steps  (180 renders, lr=0.01, ε=0.02)
    ↑ new global best IoU 0.663  [FD refinement]
[staged] FD done — IoU: 0.663  (Δ=+0.006)  ✓
[staged] Done — final IoU: 0.663  loss: 0.3375
[staged] Popsize: per-robot phases=32  final=32  (theory optimum for 6 DOF = 10)

[staged] Hungarian pre-assignment  (3×3 cost matrix, 8 samples/entry = 72 renders)...
[staged]   robot_a → zone 0  robot_b → zone 2  robot_c → zone 1

[staged] Phase 1 — forward greedy  (8 iters × 3 robot(s), sigma=0.40×1.00, popsize=32)
[staged]   Ph1 robot a  zone 0  (uncovered: 26% of target)
    voronoi warm-start: IoU 0.148 → 0.359 ✓
    [parallel] 10 worker threads, one renderer clone each
    init sampling: best coverage score 479.0px of uncovered area  (8 samples)
[staged]   → robot a: IoU 0.148 → 0.424  ✓
    ↑ new global best IoU 0.424  [phase Ph1 robot a]
[staged]   Ph1 robot b  zone 2  (uncovered: 8% of target)
    voronoi warm-start: IoU 0.424 → 0.459 ✓
    [parallel] 10 worker threads, one renderer clone each
    init sampling: best coverage score 149.0px of uncovered area  (8 samples)
[staged]   → robot b: IoU 0.424 → 0.546  ✓
    ↑ new global best IoU 0.546  [phase Ph1 robot b]
[staged]   Ph1 robot c  zone 1  (uncovered: 15% of target)
    voronoi warm-start: IoU 0.522 ≤ 0.546, kept current
    [parallel] 10 worker threads, one renderer clone each
    init sampling: best coverage score 108.0px of uncovered area  (16 samples)
[staged]   → robot c: IoU 0.546 → 0.600  ✓
    ↑ new global best IoU 0.600  [phase Ph1 robot c]
[staged] Phase 1 done — composite IoU: 0.600

[staged] Phase 2 — backward pass  (8 iters × 3 robots, sigma=0.300)
[staged]   contributions before Phase 2:
[staged]     robot a: +0.277 IoU
[staged]     robot b: +0.104 IoU
[staged]     robot c: +0.054 IoU
[staged]   Ph2 robot c  zone 1  (uncovered: 38% of target)
    [parallel] 10 worker threads, one renderer clone each
    init sampling: best coverage score 377.0px of uncovered area  (16 samples)
[staged]   → robot c: IoU 0.600 → 0.629  ✓
    ↑ new global best IoU 0.629  [phase Ph2 robot c]
[staged]   Ph2 robot b  zone 2  (uncovered: 46% of target)
    [parallel] 10 worker threads, one renderer clone each
    init sampling: best coverage score 689.0px of uncovered area  (16 samples)
[staged]   → robot b: candidate 0.600 < current 0.629  ✗ rejected
[staged]   Ph2 robot a  zone 0  (uncovered: 51% of target)
    [parallel] 10 worker threads, one renderer clone each
    init sampling: best coverage score 1095.0px of uncovered area  (16 samples)
[staged]   → robot a: IoU 0.629 → 0.629  ✓
    ↑ new global best IoU 0.629  [phase Ph2 robot a]
[staged] Phase 2 done — composite IoU: 0.629

[staged] Best snapshot: Phase 2  IoU=0.629
[staged] Final refinement — all joints  (10 iters, popsize=32, sigma=0.160)
    [parallel] 10 worker threads, one renderer clone each
[staged] Final done — IoU: 0.629  ✓
[staged] FD refinement — 5 Adam steps  (180 renders, lr=0.01, ε=0.02)
    ↑ new global best IoU 0.643  [FD refinement]
[staged] FD done — IoU: 0.643  (Δ=+0.013)  ✓
[staged] Done — final IoU: 0.643  loss: 0.3581
[shard 0] 1/10 letters_upper/E_dejavusans-bold  best=0.720 mean=0.669±0.026  88s  eta 0.2h
[staged] Popsize: per-robot phases=32  final=32  (theory optimum for 6 DOF = 10)

[staged] Hungarian pre-assignment  (3×3 cost matrix, 8 samples/entry = 72 renders)...
[staged]   robot_a → zone 1  robot_b → zone 0  robot_c → zone 2

[staged] Phase 1 — forward greedy  (8 iters × 3 robot(s), sigma=0.40×1.00, popsize=32)
[staged]   Ph1 robot a  zone 1  (uncovered: 24% of target)
    voronoi warm-start: IoU 0.170 → 0.215 ✓
    [parallel] 10 worker threads, one renderer clone each
    init sampling: best coverage score 799.0px of uncovered area  (8 samples)
[staged]   → robot a: IoU 0.170 → 0.341  ✓
    ↑ new global best IoU 0.341  [phase Ph1 robot a]
[staged]   Ph1 robot b  zone 0  (uncovered: 5% of target)
    voronoi warm-start: IoU 0.341 → 0.348 ✓
    [parallel] 10 worker threads, one renderer clone each
    init sampling: best coverage score 152.0px of uncovered area  (8 samples)
[staged]   → robot b: IoU 0.341 → 0.374  ✓
    ↑ new global best IoU 0.374  [phase Ph1 robot b]
[staged]   Ph1 robot c  zone 2  (uncovered: 45% of target)
    voronoi warm-start: IoU 0.369 ≤ 0.374, kept current
    [parallel] 10 worker threads, one renderer clone each
    init sampling: best coverage score 202.0px of uncovered area  (16 samples)
[staged]   → robot c: IoU 0.374 → 0.473  ✓
    ↑ new global best IoU 0.473  [phase Ph1 robot c]
[staged] Phase 1 done — composite IoU: 0.473

[staged] Phase 2 — backward pass  (8 iters × 3 robots, sigma=0.300)
[staged]   contributions before Phase 2:
[staged]     robot a: +0.165 IoU
[staged]     robot b: +0.038 IoU  ← low
[staged]     robot c: +0.098 IoU
[staged]   Ph2 robot c  zone 2  (uncovered: 54% of target)
    [parallel] 10 worker threads, one renderer clone each
    init sampling: best coverage score 190.0px of uncovered area  (16 samples)
[staged]   → robot c: IoU 0.473 → 0.477  ✓
    ↑ new global best IoU 0.477  [phase Ph2 robot c]
[staged]   Ph2 robot b  zone 0  (uncovered: 45% of target)
    [parallel] 10 worker threads, one renderer clone each
    init sampling: best coverage score 288.0px of uncovered area  (16 samples)
[staged]   → robot b: IoU 0.477 → 0.496  ✓
    ↑ new global best IoU 0.496  [phase Ph2 robot b]
[staged]   Ph2 robot a  zone 1  (uncovered: 50% of target)
    [parallel] 10 worker threads, one renderer clone each
    init sampling: best coverage score 387.0px of uncovered area  (16 samples)
[staged]   → robot a: candidate 0.469 < current 0.496  ✗ rejected
[staged] Phase 2 done — composite IoU: 0.496

[staged] Best snapshot: Phase 2  IoU=0.496
[staged] Final refinement — all joints  (10 iters, popsize=32, sigma=0.160)
    [parallel] 10 worker threads, one renderer clone each
    ↑ new global best IoU 0.503  [final refinement]
[staged] Final done — IoU: 0.503  ✓
[staged] FD refinement — 5 Adam steps  (180 renders, lr=0.01, ε=0.02)
    ↑ new global best IoU 0.522  [FD refinement]
[staged] FD done — IoU: 0.522  (Δ=+0.018)  ✓
[staged] Done — final IoU: 0.522  loss: 0.4799
[staged] Popsize: per-robot phases=32  final=32  (theory optimum for 6 DOF = 10)

[staged] Hungarian pre-assignment  (3×3 cost matrix, 8 samples/entry = 72 renders)...
[staged]   robot_a → zone 0  robot_b → zone 1  robot_c → zone 2

[staged] Phase 1 — forward greedy  (8 iters × 3 robot(s), sigma=0.40×1.00, popsize=32)
[staged]   Ph1 robot a  zone 0  (uncovered: 23% of target)
    voronoi warm-start: IoU 0.170 → 0.199 ✓
    [parallel] 10 worker threads, one renderer clone each
    init sampling: best coverage score 0.0px of uncovered area  (8 samples)
[staged]   → robot a: IoU 0.170 → 0.348  ✓
    ↑ new global best IoU 0.348  [phase Ph1 robot a]
[staged]   Ph1 robot b  zone 1  (uncovered: 11% of target)
    voronoi warm-start: IoU 0.337 ≤ 0.348, kept current
    [parallel] 10 worker threads, one renderer clone each
    init sampling: best coverage score 211.0px of uncovered area  (16 samples)
[staged]   → robot b: IoU 0.348 → 0.435  ✓
    ↑ new global best IoU 0.435  [phase Ph1 robot b]
[staged]   Ph1 robot c  zone 2  (uncovered: 19% of target)
    voronoi warm-start: IoU 0.435 → 0.442 ✓
    [parallel] 10 worker threads, one renderer clone each
    init sampling: best coverage score 259.0px of uncovered area  (8 samples)
[staged]   → robot c: IoU 0.435 → 0.503  ✓
    ↑ new global best IoU 0.503  [phase Ph1 robot c]
[staged] Phase 1 done — composite IoU: 0.503

[staged] Phase 2 — backward pass  (8 iters × 3 robots, sigma=0.300)
[staged]   contributions before Phase 2:
[staged]     robot a: +0.173 IoU
[staged]     robot b: +0.093 IoU
[staged]     robot c: +0.068 IoU
[staged]   Ph2 robot c  zone 2  (uncovered: 38% of target)
    [parallel] 10 worker threads, one renderer clone each
    init sampling: best coverage score 388.0px of uncovered area  (16 samples)
[staged]   → robot c: IoU 0.503 → 0.507  ✓
    ↑ new global best IoU 0.507  [phase Ph2 robot c]
[staged]   Ph2 robot b  zone 1  (uncovered: 46% of target)
    [parallel] 10 worker threads, one renderer clone each
    init sampling: best coverage score 434.0px of uncovered area  (16 samples)
[staged]   → robot b: IoU 0.507 → 0.556  ✓
    ↑ new global best IoU 0.556  [phase Ph2 robot b]
[staged]   Ph2 robot a  zone 0  (uncovered: 55% of target)
    [parallel] 10 worker threads, one renderer clone each
    init sampling: best coverage score 625.0px of uncovered area  (16 samples)
[staged]   → robot a: candidate 0.545 < current 0.556  ✗ rejected
[staged] Phase 2 done — composite IoU: 0.556

[staged] Best snapshot: Phase 2  IoU=0.556
[staged] Final refinement — all joints  (10 iters, popsize=32, sigma=0.160)
    [parallel] 10 worker threads, one renderer clone each
    ↑ new global best IoU 0.626  [final refinement]
[staged] Final done — IoU: 0.626  ✓
[staged] FD refinement — 5 Adam steps  (180 renders, lr=0.01, ε=0.02)
    ↑ new global best IoU 0.658  [FD refinement]
[staged] FD done — IoU: 0.658  (Δ=+0.032)  ✓
[staged] Done — final IoU: 0.658  loss: 0.3429
[staged] Popsize: per-robot phases=32  final=32  (theory optimum for 6 DOF = 10)

[staged] Hungarian pre-assignment  (3×3 cost matrix, 8 samples/entry = 72 renders)...
[staged]   robot_a → zone 0  robot_b → zone 2  robot_c → zone 1

[staged] Phase 1 — forward greedy  (8 iters × 3 robot(s), sigma=0.40×1.00, popsize=32)
[staged]   Ph1 robot a  zone 0  (uncovered: 23% of target)
    voronoi warm-start: IoU 0.170 → 0.199 ✓
    [parallel] 10 worker threads, one renderer clone each
    init sampling: best coverage score 0.0px of uncovered area  (8 samples)
[staged]   → robot a: IoU 0.170 → 0.328  ✓
    ↑ new global best IoU 0.328  [phase Ph1 robot a]
[staged]   Ph1 robot b  zone 2  (uncovered: 26% of target)
    voronoi warm-start: IoU 0.316 ≤ 0.328, kept current
    [parallel] 10 worker threads, one renderer clone each
    init sampling: best coverage score 301.0px of uncovered area  (16 samples)
[staged]   → robot b: IoU 0.328 → 0.468  ✓
    ↑ new global best IoU 0.468  [phase Ph1 robot b]
[staged]   Ph1 robot c  zone 1  (uncovered: 14% of target)
    voronoi warm-start: IoU 0.454 ≤ 0.468, kept current
    [parallel] 10 worker threads, one renderer clone each
    init sampling: best coverage score 249.0px of uncovered area  (16 samples)
[staged]   → robot c: IoU 0.468 → 0.527  ✓
    ↑ new global best IoU 0.527  [phase Ph1 robot c]
[staged] Phase 1 done — composite IoU: 0.527

[staged] Phase 2 — backward pass  (8 iters × 3 robots, sigma=0.300)
[staged]   contributions before Phase 2:
[staged]     robot a: +0.179 IoU
[staged]     robot b: +0.110 IoU
[staged]     robot c: +0.059 IoU
[staged]   Ph2 robot c  zone 1  (uncovered: 43% of target)
    [parallel] 10 worker threads, one renderer clone each
    init sampling: best coverage score 305.0px of uncovered area  (16 samples)
[staged]   → robot c: candidate 0.519 < current 0.527  ✗ rejected
[staged]   Ph2 robot b  zone 2  (uncovered: 48% of target)
    [parallel] 10 worker threads, one renderer clone each
    init sampling: best coverage score 263.0px of uncovered area  (16 samples)
[staged]   → robot b: IoU 0.527 → 0.562  ✓
    ↑ new global best IoU 0.562  [phase Ph2 robot b]
[staged]   Ph2 robot a  zone 0  (uncovered: 51% of target)
    [parallel] 10 worker threads, one renderer clone each
    init sampling: best coverage score 879.0px of uncovered area  (16 samples)
[staged]   → robot a: candidate 0.559 < current 0.562  ✗ rejected
[staged] Phase 2 done — composite IoU: 0.562

[staged] Best snapshot: Phase 2  IoU=0.562
[staged] Final refinement — all joints  (10 iters, popsize=32, sigma=0.160)
    [parallel] 10 worker threads, one renderer clone each
    ↑ new global best IoU 0.573  [final refinement]
[staged] Final done — IoU: 0.573  ✓
[staged] FD refinement — 5 Adam steps  (180 renders, lr=0.01, ε=0.02)
    ↑ new global best IoU 0.590  [FD refinement]
[staged] FD done — IoU: 0.590  (Δ=+0.016)  ✓
[staged] Done — final IoU: 0.590  loss: 0.4123
[staged] Popsize: per-robot phases=32  final=32  (theory optimum for 6 DOF = 10)

[staged] Hungarian pre-assignment  (3×3 cost matrix, 8 samples/entry = 72 renders)...
[staged]   robot_a → zone 2  robot_b → zone 0  robot_c → zone 1

[staged] Phase 1 — forward greedy  (8 iters × 3 robot(s), sigma=0.40×1.00, popsize=32)
[staged]   Ph1 robot a  zone 2  (uncovered: 26% of target)
    voronoi warm-start: IoU 0.170 → 0.193 ✓
    [parallel] 10 worker threads, one renderer clone each
    init sampling: best coverage score 460.0px of uncovered area  (8 samples)
[staged]   → robot a: IoU 0.170 → 0.370  ✓
    ↑ new global best IoU 0.370  [phase Ph1 robot a]
[staged]   Ph1 robot b  zone 0  (uncovered: 37% of target)
    voronoi warm-start: IoU 0.370 → 0.393 ✓
    [parallel] 10 worker threads, one renderer clone each
    init sampling: best coverage score 596.0px of uncovered area  (8 samples)
[staged]   → robot b: IoU 0.370 → 0.484  ✓
    ↑ new global best IoU 0.484  [phase Ph1 robot b]
[staged]   Ph1 robot c  zone 1  (uncovered: 9% of target)
    voronoi warm-start: IoU 0.484 → 0.486 ✓
    [parallel] 10 worker threads, one renderer clone each
    init sampling: best coverage score 77.0px of uncovered area  (8 samples)
[staged]   → robot c: IoU 0.484 → 0.539  ✓
    ↑ new global best IoU 0.539  [phase Ph1 robot c]
[staged] Phase 1 done — composite IoU: 0.539

[staged] Phase 2 — backward pass  (8 iters × 3 robots, sigma=0.300)
[staged]   contributions before Phase 2:
[staged]     robot a: +0.125 IoU
[staged]     robot b: +0.135 IoU
[staged]     robot c: +0.055 IoU
[staged]   Ph2 robot c  zone 1  (uncovered: 39% of target)
    [parallel] 10 worker threads, one renderer clone each
    init sampling: best coverage score 422.0px of uncovered area  (16 samples)
[staged]   → robot c: IoU 0.539 → 0.543  ✓
    ↑ new global best IoU 0.543  [phase Ph2 robot c]
[staged]   Ph2 robot b  zone 0  (uncovered: 52% of target)
    [parallel] 10 worker threads, one renderer clone each
    init sampling: best coverage score 546.0px of uncovered area  (16 samples)
[staged]   → robot b: IoU 0.543 → 0.548  ✓
    ↑ new global best IoU 0.548  [phase Ph2 robot b]
[staged]   Ph2 robot a  zone 2  (uncovered: 62% of target)
    [parallel] 10 worker threads, one renderer clone each
    init sampling: best coverage score 954.0px of uncovered area  (16 samples)
[staged]   → robot a: candidate 0.542 < current 0.548  ✗ rejected
[staged] Phase 2 done — composite IoU: 0.548

[staged] Best snapshot: Phase 2  IoU=0.548
[staged] Final refinement — all joints  (10 iters, popsize=32, sigma=0.160)
    [parallel] 10 worker threads, one renderer clone each
    ↑ new global best IoU 0.557  [final refinement]
[staged] Final done — IoU: 0.557  ✓
[staged] FD refinement — 5 Adam steps  (180 renders, lr=0.01, ε=0.02)
    ↑ new global best IoU 0.569  [FD refinement]
[staged] FD done — IoU: 0.569  (Δ=+0.013)  ✓
[staged] Done — final IoU: 0.569  loss: 0.4322
[staged] Popsize: per-robot phases=32  final=32  (theory optimum for 6 DOF = 10)

[staged] Hungarian pre-assignment  (3×3 cost matrix, 8 samples/entry = 72 renders)...
[staged]   robot_a → zone 0  robot_b → zone 2  robot_c → zone 1

[staged] Phase 1 — forward greedy  (8 iters × 3 robot(s), sigma=0.40×1.00, popsize=32)
[staged]   Ph1 robot a  zone 0  (uncovered: 26% of target)
    voronoi warm-start: IoU 0.170 → 0.193 ✓
    [parallel] 10 worker threads, one renderer clone each
    init sampling: best coverage score 867.0px of uncovered area  (8 samples)
[staged]   → robot a: IoU 0.170 → 0.449  ✓
    ↑ new global best IoU 0.449  [phase Ph1 robot a]
[staged]   Ph1 robot b  zone 2  (uncovered: 34% of target)
    voronoi warm-start: IoU 0.449 → 0.450 ✓
    [parallel] 10 worker threads, one renderer clone each
    init sampling: best coverage score 471.0px of uncovered area  (8 samples)
[staged]   → robot b: IoU 0.449 → 0.515  ✓
    ↑ new global best IoU 0.515  [phase Ph1 robot b]
[staged]   Ph1 robot c  zone 1  (uncovered: 4% of target)
    voronoi warm-start: IoU 0.515 → 0.541 ✓
    [parallel] 10 worker threads, one renderer clone each
    init sampling: best coverage score 0.0px of uncovered area  (8 samples)
[staged]   → robot c: IoU 0.515 → 0.594  ✓
    ↑ new global best IoU 0.594  [phase Ph1 robot c]
[staged] Phase 1 done — composite IoU: 0.594

[staged] Phase 2 — backward pass  (8 iters × 3 robots, sigma=0.300)
[staged]   contributions before Phase 2:
[staged]     robot a: +0.280 IoU
[staged]     robot b: +0.100 IoU
[staged]     robot c: +0.079 IoU
[staged]   Ph2 robot c  zone 1  (uncovered: 35% of target)
    [parallel] 10 worker threads, one renderer clone each
    init sampling: best coverage score 452.0px of uncovered area  (16 samples)
[staged]   → robot c: IoU 0.594 → 0.621  ✓
    ↑ new global best IoU 0.621  [phase Ph2 robot c]
[staged]   Ph2 robot b  zone 2  (uncovered: 38% of target)
    [parallel] 10 worker threads, one renderer clone each
    init sampling: best coverage score 373.0px of uncovered area  (16 samples)
[staged]   → robot b: IoU 0.621 → 0.639  ✓
    ↑ new global best IoU 0.639  [phase Ph2 robot b]
[staged]   Ph2 robot a  zone 0  (uncovered: 59% of target)
    [parallel] 10 worker threads, one renderer clone each
    init sampling: best coverage score 660.0px of uncovered area  (16 samples)
[staged]   → robot a: candidate 0.534 < current 0.639  ✗ rejected
[staged] Phase 2 done — composite IoU: 0.639

[staged] Best snapshot: Phase 2  IoU=0.639
[staged] Final refinement — all joints  (10 iters, popsize=32, sigma=0.160)
    [parallel] 10 worker threads, one renderer clone each
[staged] Final done — IoU: 0.639  ✓
[staged] FD refinement — 5 Adam steps  (180 renders, lr=0.01, ε=0.02)
    ↑ new global best IoU 0.644  [FD refinement]
[staged] FD done — IoU: 0.644  (Δ=+0.005)  ✓
[staged] Done — final IoU: 0.644  loss: 0.3571
[shard 0] 2/10 letters_upper/H_dejavusans-bold  best=0.658 mean=0.597±0.050  88s  eta 0.2h
[staged] Popsize: per-robot phases=32  final=32  (theory optimum for 6 DOF = 10)

[staged] Hungarian pre-assignment  (3×3 cost matrix, 8 samples/entry = 72 renders)...
[staged]   robot_a → zone 0  robot_b → zone 2  robot_c → zone 1

[staged] Phase 1 — forward greedy  (8 iters × 3 robot(s), sigma=0.40×1.00, popsize=32)
[staged]   Ph1 robot a  zone 0  (uncovered: 21% of target)
    voronoi warm-start: IoU 0.174 → 0.226 ✓
    [parallel] 10 worker threads, one renderer clone each
    init sampling: best coverage score 285.0px of uncovered area  (8 samples)
[staged]   → robot a: IoU 0.174 → 0.406  ✓
    ↑ new global best IoU 0.406  [phase Ph1 robot a]
[staged]   Ph1 robot b  zone 2  (uncovered: 13% of target)
    voronoi warm-start: IoU 0.406 → 0.415 ✓
    [parallel] 10 worker threads, one renderer clone each
    init sampling: best coverage score 311.0px of uncovered area  (8 samples)
[staged]   → robot b: IoU 0.406 → 0.454  ✓
    ↑ new global best IoU 0.454  [phase Ph1 robot b]
[staged]   Ph1 robot c  zone 1  (uncovered: 24% of target)
    voronoi warm-start: IoU 0.454 ≤ 0.454, kept current
    [parallel] 10 worker threads, one renderer clone each
    init sampling: best coverage score 571.0px of uncovered area  (16 samples)
[staged]   → robot c: IoU 0.454 → 0.580  ✓
    ↑ new global best IoU 0.580  [phase Ph1 robot c]
[staged] Phase 1 done — composite IoU: 0.580

[staged] Phase 2 — backward pass  (8 iters × 3 robots, sigma=0.300)
[staged]   contributions before Phase 2:
[staged]     robot a: +0.164 IoU
[staged]     robot b: +0.078 IoU
[staged]     robot c: +0.127 IoU
[staged]   Ph2 robot c  zone 1  (uncovered: 44% of target)
    [parallel] 10 worker threads, one renderer clone each
    init sampling: best coverage score 555.0px of uncovered area  (16 samples)
[staged]   → robot c: IoU 0.580 → 0.592  ✓
    ↑ new global best IoU 0.592  [phase Ph2 robot c]
[staged]   Ph2 robot b  zone 2  (uncovered: 37% of target)
    [parallel] 10 worker threads, one renderer clone each
    init sampling: best coverage score 468.0px of uncovered area  (16 samples)
[staged]   → robot b: IoU 0.592 → 0.596  ✓
    ↑ new global best IoU 0.596  [phase Ph2 robot b]
[staged]   Ph2 robot a  zone 0  (uncovered: 53% of target)
    [parallel] 10 worker threads, one renderer clone each
    init sampling: best coverage score 737.0px of uncovered area  (16 samples)
[staged]   → robot a: candidate 0.587 < current 0.596  ✗ rejected
[staged] Phase 2 done — composite IoU: 0.596

[staged] Best snapshot: Phase 2  IoU=0.596
[staged] Final refinement — all joints  (10 iters, popsize=32, sigma=0.160)
    [parallel] 10 worker threads, one renderer clone each
[staged] Final done — IoU: 0.596  ✓
[staged] FD refinement — 5 Adam steps  (180 renders, lr=0.01, ε=0.02)
    ↑ new global best IoU 0.605  [FD refinement]
[staged] FD done — IoU: 0.605  (Δ=+0.009)  ✓
[staged] Done — final IoU: 0.605  loss: 0.3955
[staged] Popsize: per-robot phases=32  final=32  (theory optimum for 6 DOF = 10)

[staged] Hungarian pre-assignment  (3×3 cost matrix, 8 samples/entry = 72 renders)...
[staged]   robot_a → zone 2  robot_b → zone 1  robot_c → zone 0

[staged] Phase 1 — forward greedy  (8 iters × 3 robot(s), sigma=0.40×1.00, popsize=32)
[staged]   Ph1 robot a  zone 2  (uncovered: 31% of target)
    voronoi warm-start: IoU 0.174 → 0.222 ✓
    [parallel] 10 worker threads, one renderer clone each
    init sampling: best coverage score 292.0px of uncovered area  (8 samples)
[staged]   → robot a: IoU 0.174 → 0.396  ✓
    ↑ new global best IoU 0.396  [phase Ph1 robot a]
[staged]   Ph1 robot b  zone 1  (uncovered: 13% of target)
    voronoi warm-start: IoU 0.396 → 0.413 ✓
    [parallel] 10 worker threads, one renderer clone each
    init sampling: best coverage score 0.0px of uncovered area  (8 samples)
[staged]   → robot b: IoU 0.396 → 0.440  ✓
    ↑ new global best IoU 0.440  [phase Ph1 robot b]
[staged]   Ph1 robot c  zone 0  (uncovered: 9% of target)
    voronoi warm-start: IoU 0.440 → 0.440 ✓
    [parallel] 10 worker threads, one renderer clone each
    init sampling: best coverage score 158.0px of uncovered area  (8 samples)
[staged]   → robot c: IoU 0.440 → 0.518  ✓
    ↑ new global best IoU 0.518  [phase Ph1 robot c]
[staged] Phase 1 done — composite IoU: 0.518

[staged] Phase 2 — backward pass  (8 iters × 3 robots, sigma=0.300)
[staged]   contributions before Phase 2:
[staged]     robot a: +0.163 IoU
[staged]     robot b: +0.049 IoU  ← low
[staged]     robot c: +0.077 IoU
[staged]   Ph2 robot c  zone 0  (uncovered: 44% of target)
    [parallel] 10 worker threads, one renderer clone each
    init sampling: best coverage score 377.0px of uncovered area  (16 samples)
[staged]   → robot c: IoU 0.518 → 0.529  ✓
    ↑ new global best IoU 0.529  [phase Ph2 robot c]
[staged]   Ph2 robot b  zone 1  (uncovered: 40% of target)
    [parallel] 10 worker threads, one renderer clone each
    init sampling: best coverage score 363.0px of uncovered area  (16 samples)
[staged]   → robot b: IoU 0.529 → 0.559  ✓
    ↑ new global best IoU 0.559  [phase Ph2 robot b]
[staged]   Ph2 robot a  zone 2  (uncovered: 53% of target)
    [parallel] 10 worker threads, one renderer clone each
    init sampling: best coverage score 826.0px of uncovered area  (16 samples)
[staged]   → robot a: candidate 0.553 < current 0.559  ✗ rejected
[staged] Phase 2 done — composite IoU: 0.559

[staged] Best snapshot: Phase 2  IoU=0.559
[staged] Final refinement — all joints  (10 iters, popsize=32, sigma=0.160)
    [parallel] 10 worker threads, one renderer clone each
    ↑ new global best IoU 0.582  [final refinement]
[staged] Final done — IoU: 0.582  ✓
[staged] FD refinement — 5 Adam steps  (180 renders, lr=0.01, ε=0.02)
    ↑ new global best IoU 0.587  [FD refinement]
[staged] FD done — IoU: 0.587  (Δ=+0.006)  ✓
[staged] Done — final IoU: 0.587  loss: 0.4140
[staged] Popsize: per-robot phases=32  final=32  (theory optimum for 6 DOF = 10)

[staged] Hungarian pre-assignment  (3×3 cost matrix, 8 samples/entry = 72 renders)...
[staged]   robot_a → zone 2  robot_b → zone 0  robot_c → zone 1

[staged] Phase 1 — forward greedy  (8 iters × 3 robot(s), sigma=0.40×1.00, popsize=32)
[staged]   Ph1 robot a  zone 2  (uncovered: 21% of target)
    voronoi warm-start: IoU 0.174 → 0.226 ✓
    [parallel] 10 worker threads, one renderer clone each
    init sampling: best coverage score 5.0px of uncovered area  (8 samples)
[staged]   → robot a: IoU 0.174 → 0.265  ✓
    ↑ new global best IoU 0.265  [phase Ph1 robot a]
[staged]   Ph1 robot b  zone 0  (uncovered: 15% of target)
    voronoi warm-start: IoU 0.265 → 0.275 ✓
    [parallel] 10 worker threads, one renderer clone each
    init sampling: best coverage score 301.0px of uncovered area  (8 samples)
[staged]   → robot b: IoU 0.265 → 0.405  ✓
    ↑ new global best IoU 0.405  [phase Ph1 robot b]
[staged]   Ph1 robot c  zone 1  (uncovered: 15% of target)
    voronoi warm-start: IoU 0.405 → 0.433 ✓
    [parallel] 10 worker threads, one renderer clone each
    init sampling: best coverage score 174.0px of uncovered area  (8 samples)
[staged]   → robot c: IoU 0.405 → 0.480  ✓
    ↑ new global best IoU 0.480  [phase Ph1 robot c]
[staged] Phase 1 done — composite IoU: 0.480

[staged] Phase 2 — backward pass  (8 iters × 3 robots, sigma=0.300)
[staged]   contributions before Phase 2:
[staged]     robot a: +0.071 IoU
[staged]     robot b: +0.127 IoU
[staged]     robot c: +0.075 IoU
[staged]   Ph2 robot c  zone 1  (uncovered: 44% of target)
    [parallel] 10 worker threads, one renderer clone each
    init sampling: best coverage score 429.0px of uncovered area  (16 samples)
[staged]   → robot c: IoU 0.480 → 0.484  ✓
    ↑ new global best IoU 0.484  [phase Ph2 robot c]
[staged]   Ph2 robot b  zone 0  (uncovered: 56% of target)
    [parallel] 10 worker threads, one renderer clone each
    init sampling: best coverage score 965.0px of uncovered area  (16 samples)
[staged]   → robot b: IoU 0.484 → 0.500  ✓
    ↑ new global best IoU 0.500  [phase Ph2 robot b]
[staged]   Ph2 robot a  zone 2  (uncovered: 52% of target)
    [parallel] 10 worker threads, one renderer clone each
    init sampling: best coverage score 825.0px of uncovered area  (16 samples)
[staged]   → robot a: IoU 0.500 → 0.591  ✓
    ↑ new global best IoU 0.591  [phase Ph2 robot a]
[staged] Phase 2 done — composite IoU: 0.591

[staged] Best snapshot: Phase 2  IoU=0.591
[staged] Final refinement — all joints  (10 iters, popsize=32, sigma=0.160)
    [parallel] 10 worker threads, one renderer clone each
[staged] Final done — IoU: 0.591  ✓
[staged] FD refinement — 5 Adam steps  (180 renders, lr=0.01, ε=0.02)
    ↑ new global best IoU 0.603  [FD refinement]
[staged] FD done — IoU: 0.603  (Δ=+0.012)  ✓
[staged] Done — final IoU: 0.603  loss: 0.3980
[staged] Popsize: per-robot phases=32  final=32  (theory optimum for 6 DOF = 10)

[staged] Hungarian pre-assignment  (3×3 cost matrix, 8 samples/entry = 72 renders)...
[staged]   robot_a → zone 2  robot_b → zone 0  robot_c → zone 1

[staged] Phase 1 — forward greedy  (8 iters × 3 robot(s), sigma=0.40×1.00, popsize=32)
[staged]   Ph1 robot a  zone 2  (uncovered: 42% of target)
    voronoi warm-start: IoU 0.174 → 0.301 ✓
    [parallel] 10 worker threads, one renderer clone each
    init sampling: best coverage score 672.0px of uncovered area  (8 samples)
[staged]   → robot a: IoU 0.174 → 0.412  ✓
    ↑ new global best IoU 0.412  [phase Ph1 robot a]
[staged]   Ph1 robot b  zone 0  (uncovered: 17% of target)
    voronoi warm-start: IoU 0.412 → 0.421 ✓
    [parallel] 10 worker threads, one renderer clone each
    init sampling: best coverage score 366.0px of uncovered area  (8 samples)
[staged]   → robot b: IoU 0.412 → 0.527  ✓
    ↑ new global best IoU 0.527  [phase Ph1 robot b]
[staged]   Ph1 robot c  zone 1  (uncovered: 13% of target)
    voronoi warm-start: IoU 0.527 → 0.553 ✓
    [parallel] 10 worker threads, one renderer clone each
    init sampling: best coverage score 58.0px of uncovered area  (8 samples)
[staged]   → robot c: IoU 0.527 → 0.576  ✓
    ↑ new global best IoU 0.576  [phase Ph1 robot c]
[staged] Phase 1 done — composite IoU: 0.576

[staged] Phase 2 — backward pass  (8 iters × 3 robots, sigma=0.300)
[staged]   contributions before Phase 2:
[staged]     robot a: +0.205 IoU
[staged]     robot b: +0.161 IoU
[staged]     robot c: +0.049 IoU  ← low
[staged]   Ph2 robot c  zone 1  (uncovered: 34% of target)
    [parallel] 10 worker threads, one renderer clone each
    init sampling: best coverage score 484.0px of uncovered area  (16 samples)
[staged]   → robot c: IoU 0.576 → 0.606  ✓
    ↑ new global best IoU 0.606  [phase Ph2 robot c]
[staged]   Ph2 robot b  zone 0  (uncovered: 44% of target)
    [parallel] 10 worker threads, one renderer clone each
    init sampling: best coverage score 492.0px of uncovered area  (16 samples)
[staged]   → robot b: IoU 0.606 → 0.616  ✓
    ↑ new global best IoU 0.616  [phase Ph2 robot b]
[staged]   Ph2 robot a  zone 2  (uncovered: 59% of target)
    [parallel] 10 worker threads, one renderer clone each
    init sampling: best coverage score 1419.0px of uncovered area  (16 samples)
[staged]   → robot a: candidate 0.577 < current 0.616  ✗ rejected
[staged] Phase 2 done — composite IoU: 0.616

[staged] Best snapshot: Phase 2  IoU=0.616
[staged] Final refinement — all joints  (10 iters, popsize=32, sigma=0.160)
    [parallel] 10 worker threads, one renderer clone each
    ↑ new global best IoU 0.633  [final refinement]
[staged] Final done — IoU: 0.633  ✓
[staged] FD refinement — 5 Adam steps  (180 renders, lr=0.01, ε=0.02)
    ↑ new global best IoU 0.653  [FD refinement]
[staged] FD done — IoU: 0.653  (Δ=+0.020)  ✓
[staged] Done — final IoU: 0.653  loss: 0.3479
[staged] Popsize: per-robot phases=32  final=32  (theory optimum for 6 DOF = 10)

[staged] Hungarian pre-assignment  (3×3 cost matrix, 8 samples/entry = 72 renders)...
[staged]   robot_a → zone 0  robot_b → zone 2  robot_c → zone 1

[staged] Phase 1 — forward greedy  (8 iters × 3 robot(s), sigma=0.40×1.00, popsize=32)
[staged]   Ph1 robot a  zone 0  (uncovered: 19% of target)
    voronoi warm-start: IoU 0.174 → 0.302 ✓
    [parallel] 10 worker threads, one renderer clone each
    init sampling: best coverage score 342.0px of uncovered area  (8 samples)
[staged]   → robot a: IoU 0.174 → 0.403  ✓
    ↑ new global best IoU 0.403  [phase Ph1 robot a]
[staged]   Ph1 robot b  zone 2  (uncovered: 15% of target)
    voronoi warm-start: IoU 0.403 → 0.408 ✓
    [parallel] 10 worker threads, one renderer clone each
    init sampling: best coverage score 271.0px of uncovered area  (8 samples)
[staged]   → robot b: IoU 0.403 → 0.473  ✓
    ↑ new global best IoU 0.473  [phase Ph1 robot b]
[staged]   Ph1 robot c  zone 1  (uncovered: 18% of target)
    voronoi warm-start: IoU 0.473 → 0.485 ✓
    [parallel] 10 worker threads, one renderer clone each
    init sampling: best coverage score 112.0px of uncovered area  (8 samples)
[staged]   → robot c: IoU 0.473 → 0.547  ✓
    ↑ new global best IoU 0.547  [phase Ph1 robot c]
[staged] Phase 1 done — composite IoU: 0.547

[staged] Phase 2 — backward pass  (8 iters × 3 robots, sigma=0.300)
[staged]   contributions before Phase 2:
[staged]     robot a: +0.075 IoU
[staged]     robot b: +0.080 IoU
[staged]     robot c: +0.074 IoU
[staged]   Ph2 robot c  zone 1  (uncovered: 41% of target)
    [parallel] 10 worker threads, one renderer clone each
    init sampling: best coverage score 335.0px of uncovered area  (16 samples)
[staged]   → robot c: candidate 0.545 < current 0.547  ✗ rejected
[staged]   Ph2 robot b  zone 2  (uncovered: 40% of target)
    [parallel] 10 worker threads, one renderer clone each
    init sampling: best coverage score 347.0px of uncovered area  (16 samples)
[staged]   → robot b: candidate 0.529 < current 0.547  ✗ rejected
[staged]   Ph2 robot a  zone 0  (uncovered: 42% of target)
    [parallel] 10 worker threads, one renderer clone each
    init sampling: best coverage score 605.0px of uncovered area  (16 samples)
[staged]   → robot a: IoU 0.547 → 0.568  ✓
    ↑ new global best IoU 0.568  [phase Ph2 robot a]
[staged] Phase 2 done — composite IoU: 0.568

[staged] Best snapshot: Phase 2  IoU=0.568
[staged] Final refinement — all joints  (10 iters, popsize=32, sigma=0.160)
    [parallel] 10 worker threads, one renderer clone each
    ↑ new global best IoU 0.574  [final refinement]
[staged] Final done — IoU: 0.574  ✓
[staged] FD refinement — 5 Adam steps  (180 renders, lr=0.01, ε=0.02)
    ↑ new global best IoU 0.590  [FD refinement]
[staged] FD done — IoU: 0.590  (Δ=+0.016)  ✓
[staged] Done — final IoU: 0.590  loss: 0.4115
[shard 0] 3/10 letters_upper/K_dejavusans-bold  best=0.653 mean=0.608±0.024  88s  eta 0.2h
[staged] Popsize: per-robot phases=32  final=32  (theory optimum for 6 DOF = 10)

[staged] Hungarian pre-assignment  (3×3 cost matrix, 8 samples/entry = 72 renders)...
[staged]   robot_a → zone 2  robot_b → zone 0  robot_c → zone 1

[staged] Phase 1 — forward greedy  (8 iters × 3 robot(s), sigma=0.40×1.00, popsize=32)
[staged]   Ph1 robot a  zone 2  (uncovered: 26% of target)
    voronoi warm-start: IoU 0.141 ≤ 0.162, kept current
    [parallel] 10 worker threads, one renderer clone each
    init sampling: best coverage score 837.0px of uncovered area  (16 samples)
[staged]   → robot a: IoU 0.162 → 0.335  ✓
    ↑ new global best IoU 0.335  [phase Ph1 robot a]
[staged]   Ph1 robot b  zone 0  (uncovered: 21% of target)
    voronoi warm-start: IoU 0.335 → 0.336 ✓
    [parallel] 10 worker threads, one renderer clone each
    init sampling: best coverage score 0.0px of uncovered area  (8 samples)
[staged]   → robot b: IoU 0.335 → 0.460  ✓
    ↑ new global best IoU 0.460  [phase Ph1 robot b]
[staged]   Ph1 robot c  zone 1  (uncovered: 9% of target)
    voronoi warm-start: IoU 0.440 ≤ 0.460, kept current
    [parallel] 10 worker threads, one renderer clone each
    init sampling: best coverage score 118.0px of uncovered area  (16 samples)
[staged]   → robot c: IoU 0.460 → 0.490  ✓
    ↑ new global best IoU 0.490  [phase Ph1 robot c]
[staged] Phase 1 done — composite IoU: 0.490

[staged] Phase 2 — backward pass  (8 iters × 3 robots, sigma=0.300)
[staged]   contributions before Phase 2:
[staged]     robot a: +0.133 IoU
[staged]     robot b: +0.055 IoU
[staged]     robot c: +0.031 IoU  ← low
[staged]   Ph2 robot c  zone 1  (uncovered: 38% of target)
    [parallel] 10 worker threads, one renderer clone each
    init sampling: best coverage score 214.0px of uncovered area  (16 samples)
[staged]   → robot c: IoU 0.490 → 0.545  ✓
    ↑ new global best IoU 0.545  [phase Ph2 robot c]
[staged]   Ph2 robot b  zone 0  (uncovered: 47% of target)
    [parallel] 10 worker threads, one renderer clone each
    init sampling: best coverage score 501.0px of uncovered area  (16 samples)
[staged]   → robot b: candidate 0.538 < current 0.545  ✗ rejected
[staged]   Ph2 robot a  zone 2  (uncovered: 41% of target)
    [parallel] 10 worker threads, one renderer clone each
    init sampling: best coverage score 309.0px of uncovered area  (16 samples)
[staged]   → robot a: IoU 0.545 → 0.625  ✓
    ↑ new global best IoU 0.625  [phase Ph2 robot a]
[staged] Phase 2 done — composite IoU: 0.625

[staged] Best snapshot: Phase 2  IoU=0.625
[staged] Final refinement — all joints  (10 iters, popsize=32, sigma=0.160)
    [parallel] 10 worker threads, one renderer clone each
    ↑ new global best IoU 0.652  [final refinement]
[staged] Final done — IoU: 0.652  ✓
[staged] FD refinement — 5 Adam steps  (180 renders, lr=0.01, ε=0.02)
    ↑ new global best IoU 0.660  [FD refinement]
[staged] FD done — IoU: 0.660  (Δ=+0.008)  ✓
[staged] Done — final IoU: 0.660  loss: 0.3418
[staged] Popsize: per-robot phases=32  final=32  (theory optimum for 6 DOF = 10)

[staged] Hungarian pre-assignment  (3×3 cost matrix, 8 samples/entry = 72 renders)...
[staged]   robot_a → zone 2  robot_b → zone 1  robot_c → zone 0

[staged] Phase 1 — forward greedy  (8 iters × 3 robot(s), sigma=0.40×1.00, popsize=32)
[staged]   Ph1 robot a  zone 2  (uncovered: 26% of target)
    voronoi warm-start: IoU 0.141 ≤ 0.162, kept current
    [parallel] 10 worker threads, one renderer clone each
    init sampling: best coverage score 498.0px of uncovered area  (16 samples)
[staged]   → robot a: IoU 0.162 → 0.356  ✓
    ↑ new global best IoU 0.356  [phase Ph1 robot a]
[staged]   Ph1 robot b  zone 1  (uncovered: 32% of target)
    voronoi warm-start: IoU 0.319 ≤ 0.356, kept current
    [parallel] 10 worker threads, one renderer clone each
    init sampling: best coverage score 271.0px of uncovered area  (16 samples)
[staged]   → robot b: IoU 0.356 → 0.605  ✓
    ↑ new global best IoU 0.605  [phase Ph1 robot b]
[staged]   Ph1 robot c  zone 0  (uncovered: 10% of target)
    voronoi warm-start: IoU 0.573 ≤ 0.605, kept current
    [parallel] 10 worker threads, one renderer clone each
    init sampling: best coverage score 210.0px of uncovered area  (16 samples)
[staged]   → robot c: IoU 0.605 → 0.676  ✓
    ↑ new global best IoU 0.676  [phase Ph1 robot c]
[staged] Phase 1 done — composite IoU: 0.676

[staged] Phase 2 — backward pass  (8 iters × 3 robots, sigma=0.300)
[staged]   contributions before Phase 2:
[staged]     robot a: +0.046 IoU  ← low
[staged]     robot b: +0.262 IoU
[staged]     robot c: +0.071 IoU
[staged]   Ph2 robot c  zone 0  (uncovered: 32% of target)
    [parallel] 10 worker threads, one renderer clone each
    init sampling: best coverage score 181.0px of uncovered area  (16 samples)
[staged]   → robot c: candidate 0.667 < current 0.676  ✗ rejected
[staged]   Ph2 robot b  zone 1  (uncovered: 52% of target)
    [parallel] 10 worker threads, one renderer clone each
    init sampling: best coverage score 421.0px of uncovered area  (16 samples)
[staged]   → robot b: candidate 0.548 < current 0.676  ✗ rejected
[staged]   Ph2 robot a  zone 2  (uncovered: 28% of target)
    [parallel] 10 worker threads, one renderer clone each
    init sampling: best coverage score 257.0px of uncovered area  (16 samples)
[staged]   → robot a: IoU 0.676 → 0.723  ✓
    ↑ new global best IoU 0.723  [phase Ph2 robot a]
[staged] Phase 2 done — composite IoU: 0.723

[staged] Best snapshot: Phase 2  IoU=0.723
[staged] Final refinement — all joints  (10 iters, popsize=32, sigma=0.160)
    [parallel] 10 worker threads, one renderer clone each
    ↑ new global best IoU 0.734  [final refinement]
[staged] Final done — IoU: 0.734  ✓
[staged] FD refinement — 5 Adam steps  (180 renders, lr=0.01, ε=0.02)
    ↑ new global best IoU 0.747  [FD refinement]
[staged] FD done — IoU: 0.747  (Δ=+0.013)  ✓
[staged] Done — final IoU: 0.747  loss: 0.2528
[staged] Popsize: per-robot phases=32  final=32  (theory optimum for 6 DOF = 10)

[staged] Hungarian pre-assignment  (3×3 cost matrix, 8 samples/entry = 72 renders)...
[staged]   robot_a → zone 0  robot_b → zone 1  robot_c → zone 2

[staged] Phase 1 — forward greedy  (8 iters × 3 robot(s), sigma=0.40×1.00, popsize=32)
[staged]   Ph1 robot a  zone 0  (uncovered: 26% of target)
    voronoi warm-start: IoU 0.141 ≤ 0.162, kept current
    [parallel] 10 worker threads, one renderer clone each
    init sampling: best coverage score 376.0px of uncovered area  (16 samples)
[staged]   → robot a: IoU 0.162 → 0.450  ✓
    ↑ new global best IoU 0.450  [phase Ph1 robot a]
[staged]   Ph1 robot b  zone 1  (uncovered: 26% of target)
    voronoi warm-start: IoU 0.450 → 0.463 ✓
    [parallel] 10 worker threads, one renderer clone each
    init sampling: best coverage score 360.0px of uncovered area  (8 samples)
[staged]   → robot b: IoU 0.450 → 0.640  ✓
    ↑ new global best IoU 0.640  [phase Ph1 robot b]
[staged]   Ph1 robot c  zone 2  (uncovered: 9% of target)
    voronoi warm-start: IoU 0.551 ≤ 0.640, kept current
    [parallel] 10 worker threads, one renderer clone each
    init sampling: best coverage score 181.0px of uncovered area  (16 samples)
[staged]   → robot c: IoU 0.640 → 0.708  ✓
    ↑ new global best IoU 0.708  [phase Ph1 robot c]
[staged] Phase 1 done — composite IoU: 0.708

[staged] Phase 2 — backward pass  (8 iters × 3 robots, sigma=0.300)
[staged]   contributions before Phase 2:
[staged]     robot a: +0.143 IoU
[staged]     robot b: +0.177 IoU
[staged]     robot c: +0.068 IoU
[staged]   Ph2 robot c  zone 2  (uncovered: 29% of target)
    [parallel] 10 worker threads, one renderer clone each
    init sampling: best coverage score 177.0px of uncovered area  (16 samples)
[staged]   → robot c: candidate 0.668 < current 0.708  ✗ rejected
[staged]   Ph2 robot b  zone 1  (uncovered: 42% of target)
    [parallel] 10 worker threads, one renderer clone each
    init sampling: best coverage score 440.0px of uncovered area  (16 samples)
[staged]   → robot b: IoU 0.708 → 0.773  ✓
    ↑ new global best IoU 0.773  [phase Ph2 robot b]
[staged]   Ph2 robot a  zone 0  (uncovered: 33% of target)
    [parallel] 10 worker threads, one renderer clone each
    init sampling: best coverage score 386.0px of uncovered area  (16 samples)
[staged]   → robot a: candidate 0.724 < current 0.773  ✗ rejected
[staged] Phase 2 done — composite IoU: 0.773

[staged] Best snapshot: Phase 2  IoU=0.773
[staged] Final refinement — all joints  (10 iters, popsize=32, sigma=0.160)
    [parallel] 10 worker threads, one renderer clone each
    ↑ new global best IoU 0.787  [final refinement]
[staged] Final done — IoU: 0.787  ✓
[staged] FD refinement — 5 Adam steps  (180 renders, lr=0.01, ε=0.02)
    ↑ new global best IoU 0.792  [FD refinement]
[staged] FD done — IoU: 0.792  (Δ=+0.004)  ✓
[staged] Done — final IoU: 0.792  loss: 0.2086
[staged] Popsize: per-robot phases=32  final=32  (theory optimum for 6 DOF = 10)

[staged] Hungarian pre-assignment  (3×3 cost matrix, 8 samples/entry = 72 renders)...
[staged]   robot_a → zone 2  robot_b → zone 1  robot_c → zone 0

[staged] Phase 1 — forward greedy  (8 iters × 3 robot(s), sigma=0.40×1.00, popsize=32)
[staged]   Ph1 robot a  zone 2  (uncovered: 32% of target)
    voronoi warm-start: IoU 0.162 → 0.240 ✓
    [parallel] 10 worker threads, one renderer clone each
    init sampling: best coverage score 384.0px of uncovered area  (8 samples)
[staged]   → robot a: IoU 0.162 → 0.418  ✓
    ↑ new global best IoU 0.418  [phase Ph1 robot a]
[staged]   Ph1 robot b  zone 1  (uncovered: 26% of target)
    voronoi warm-start: IoU 0.418 → 0.436 ✓
    [parallel] 10 worker threads, one renderer clone each
    init sampling: best coverage score 396.0px of uncovered area  (8 samples)
[staged]   → robot b: IoU 0.418 → 0.568  ✓
    ↑ new global best IoU 0.568  [phase Ph1 robot b]
[staged]   Ph1 robot c  zone 0  (uncovered: 11% of target)
    voronoi warm-start: IoU 0.564 ≤ 0.568, kept current
    [parallel] 10 worker threads, one renderer clone each
    init sampling: best coverage score 240.0px of uncovered area  (16 samples)
[staged]   → robot c: IoU 0.568 → 0.598  ✓
    ↑ new global best IoU 0.598  [phase Ph1 robot c]
[staged] Phase 1 done — composite IoU: 0.598

[staged] Phase 2 — backward pass  (8 iters × 3 robots, sigma=0.300)
[staged]   contributions before Phase 2:
[staged]     robot a: +0.253 IoU
[staged]     robot b: +0.067 IoU
[staged]     robot c: +0.031 IoU  ← low
[staged]   Ph2 robot c  zone 0  (uncovered: 28% of target)
    [parallel] 10 worker threads, one renderer clone each
    init sampling: best coverage score 255.0px of uncovered area  (16 samples)
[staged]   → robot c: IoU 0.598 → 0.610  ✓
    ↑ new global best IoU 0.610  [phase Ph2 robot c]
[staged]   Ph2 robot b  zone 1  (uncovered: 47% of target)
    [parallel] 10 worker threads, one renderer clone each
    init sampling: best coverage score 644.0px of uncovered area  (16 samples)
[staged]   → robot b: IoU 0.610 → 0.679  ✓
    ↑ new global best IoU 0.679  [phase Ph2 robot b]
[staged]   Ph2 robot a  zone 2  (uncovered: 51% of target)
    [parallel] 10 worker threads, one renderer clone each
    init sampling: best coverage score 610.0px of uncovered area  (16 samples)
[staged]   → robot a: candidate 0.649 < current 0.679  ✗ rejected
[staged] Phase 2 done — composite IoU: 0.679

[staged] Best snapshot: Phase 2  IoU=0.679
[staged] Final refinement — all joints  (10 iters, popsize=32, sigma=0.160)
    [parallel] 10 worker threads, one renderer clone each
    ↑ new global best IoU 0.699  [final refinement]
[staged] Final done — IoU: 0.699  ✓
[staged] FD refinement — 5 Adam steps  (180 renders, lr=0.01, ε=0.02)
    ↑ new global best IoU 0.712  [FD refinement]
[staged] FD done — IoU: 0.712  (Δ=+0.013)  ✓
[staged] Done — final IoU: 0.712  loss: 0.2888
[staged] Popsize: per-robot phases=32  final=32  (theory optimum for 6 DOF = 10)

[staged] Hungarian pre-assignment  (3×3 cost matrix, 8 samples/entry = 72 renders)...
[staged]   robot_a → zone 0  robot_b → zone 2  robot_c → zone 1

[staged] Phase 1 — forward greedy  (8 iters × 3 robot(s), sigma=0.40×1.00, popsize=32)
[staged]   Ph1 robot a  zone 0  (uncovered: 32% of target)
    voronoi warm-start: IoU 0.162 → 0.240 ✓
    [parallel] 10 worker threads, one renderer clone each
    init sampling: best coverage score 1037.0px of uncovered area  (8 samples)
[staged]   → robot a: IoU 0.162 → 0.476  ✓
    ↑ new global best IoU 0.476  [phase Ph1 robot a]
[staged]   Ph1 robot b  zone 2  (uncovered: 26% of target)
    voronoi warm-start: IoU 0.476 → 0.485 ✓
    [parallel] 10 worker threads, one renderer clone each
    init sampling: best coverage score 397.0px of uncovered area  (8 samples)
[staged]   → robot b: IoU 0.476 → 0.630  ✓
    ↑ new global best IoU 0.630  [phase Ph1 robot b]
[staged]   Ph1 robot c  zone 1  (uncovered: 10% of target)
    voronoi warm-start: IoU 0.630 → 0.630 ✓
    [parallel] 10 worker threads, one renderer clone each
    init sampling: best coverage score 138.0px of uncovered area  (8 samples)
[staged]   → robot c: IoU 0.630 → 0.683  ✓
    ↑ new global best IoU 0.683  [phase Ph1 robot c]
[staged] Phase 1 done — composite IoU: 0.683

[staged] Phase 2 — backward pass  (8 iters × 3 robots, sigma=0.300)
[staged]   contributions before Phase 2:
[staged]     robot a: +0.344 IoU
[staged]     robot b: +0.142 IoU
[staged]     robot c: +0.053 IoU
[staged]   Ph2 robot c  zone 1  (uncovered: 26% of target)
    [parallel] 10 worker threads, one renderer clone each
    init sampling: best coverage score 212.0px of uncovered area  (16 samples)
[staged]   → robot c: candidate 0.666 < current 0.683  ✗ rejected
[staged]   Ph2 robot b  zone 2  (uncovered: 37% of target)
    [parallel] 10 worker threads, one renderer clone each
    init sampling: best coverage score 403.0px of uncovered area  (16 samples)
[staged]   → robot b: IoU 0.683 → 0.684  ✓
    ↑ new global best IoU 0.684  [phase Ph2 robot b]
[staged]   Ph2 robot a  zone 0  (uncovered: 60% of target)
    [parallel] 10 worker threads, one renderer clone each
    init sampling: best coverage score 860.0px of uncovered area  (16 samples)
[staged]   → robot a: candidate 0.668 < current 0.684  ✗ rejected
[staged] Phase 2 done — composite IoU: 0.684

[staged] Best snapshot: Phase 2  IoU=0.684
[staged] Final refinement — all joints  (10 iters, popsize=32, sigma=0.160)
    [parallel] 10 worker threads, one renderer clone each
    ↑ new global best IoU 0.687  [final refinement]
[staged] Final done — IoU: 0.687  ✓
[staged] FD refinement — 5 Adam steps  (180 renders, lr=0.01, ε=0.02)
    ↑ new global best IoU 0.715  [FD refinement]
[staged] FD done — IoU: 0.715  (Δ=+0.028)  ✓
[staged] Done — final IoU: 0.715  loss: 0.2859
[shard 0] 4/10 letters_upper/U_dejavusans-bold  best=0.792 mean=0.725±0.044  88s  eta 0.1h
[staged] Popsize: per-robot phases=32  final=32  (theory optimum for 6 DOF = 10)

[staged] Hungarian pre-assignment  (3×3 cost matrix, 8 samples/entry = 72 renders)...
[staged]   robot_a → zone 1  robot_b → zone 2  robot_c → zone 0

[staged] Phase 1 — forward greedy  (8 iters × 3 robot(s), sigma=0.40×1.00, popsize=32)
[staged]   Ph1 robot a  zone 1  (uncovered: 45% of target)
    voronoi warm-start: IoU 0.161 ≤ 0.176, kept current
    [parallel] 10 worker threads, one renderer clone each
    init sampling: best coverage score 455.0px of uncovered area  (16 samples)
[staged]   → robot a: IoU 0.176 → 0.408  ✓
    ↑ new global best IoU 0.408  [phase Ph1 robot a]
[staged]   Ph1 robot b  zone 2  (uncovered: 13% of target)
    voronoi warm-start: IoU 0.321 ≤ 0.408, kept current
    [parallel] 10 worker threads, one renderer clone each
    init sampling: best coverage score 119.0px of uncovered area  (16 samples)
[staged]   → robot b: IoU 0.408 → 0.482  ✓
    ↑ new global best IoU 0.482  [phase Ph1 robot b]
[staged]   Ph1 robot c  zone 0  (uncovered: 3% of target)
    voronoi warm-start: IoU 0.451 ≤ 0.482, kept current
    [parallel] 10 worker threads, one renderer clone each
    init sampling: best coverage score 84.0px of uncovered area  (16 samples)
[staged]   → robot c: IoU 0.482 → 0.503  ✓
    ↑ new global best IoU 0.503  [phase Ph1 robot c]
[staged] Phase 1 done — composite IoU: 0.503

[staged] Phase 2 — backward pass  (8 iters × 3 robots, sigma=0.300)
[staged]   contributions before Phase 2:
[staged]     robot a: +0.111 IoU
[staged]     robot b: +0.078 IoU
[staged]     robot c: +0.022 IoU  ← low
[staged]   Ph2 robot c  zone 0  (uncovered: 29% of target)
    [parallel] 10 worker threads, one renderer clone each
    init sampling: best coverage score 235.0px of uncovered area  (16 samples)
[staged]   → robot c: IoU 0.503 → 0.566  ✓
    ↑ new global best IoU 0.566  [phase Ph2 robot c]
[staged]   Ph2 robot b  zone 2  (uncovered: 34% of target)
    [parallel] 10 worker threads, one renderer clone each
    init sampling: best coverage score 335.0px of uncovered area  (16 samples)
[staged]   → robot b: IoU 0.566 → 0.570  ✓
    ↑ new global best IoU 0.570  [phase Ph2 robot b]
[staged]   Ph2 robot a  zone 1  (uncovered: 46% of target)
    [parallel] 10 worker threads, one renderer clone each
    init sampling: best coverage score 368.0px of uncovered area  (16 samples)
[staged]   → robot a: candidate 0.488 < current 0.570  ✗ rejected
[staged] Phase 2 done — composite IoU: 0.570

[staged] Best snapshot: Phase 2  IoU=0.570
[staged] Final refinement — all joints  (10 iters, popsize=32, sigma=0.160)
    [parallel] 10 worker threads, one renderer clone each
    ↑ new global best IoU 0.579  [final refinement]
[staged] Final done — IoU: 0.579  ✓
[staged] FD refinement — 5 Adam steps  (180 renders, lr=0.01, ε=0.02)
    ↑ new global best IoU 0.596  [FD refinement]
[staged] FD done — IoU: 0.596  (Δ=+0.018)  ✓
[staged] Done — final IoU: 0.596  loss: 0.4050
[staged] Popsize: per-robot phases=32  final=32  (theory optimum for 6 DOF = 10)

[staged] Hungarian pre-assignment  (3×3 cost matrix, 8 samples/entry = 72 renders)...
[staged]   robot_a → zone 2  robot_b → zone 0  robot_c → zone 1

[staged] Phase 1 — forward greedy  (8 iters × 3 robot(s), sigma=0.40×1.00, popsize=32)
[staged]   Ph1 robot a  zone 2  (uncovered: 26% of target)
    voronoi warm-start: IoU 0.176 → 0.223 ✓
    [parallel] 10 worker threads, one renderer clone each
    init sampling: best coverage score 0.0px of uncovered area  (8 samples)
[staged]   → robot a: IoU 0.176 → 0.343  ✓
    ↑ new global best IoU 0.343  [phase Ph1 robot a]
[staged]   Ph1 robot b  zone 0  (uncovered: 14% of target)
    voronoi warm-start: IoU 0.296 ≤ 0.343, kept current
    [parallel] 10 worker threads, one renderer clone each
    init sampling: best coverage score 151.0px of uncovered area  (16 samples)
[staged]   → robot b: IoU 0.343 → 0.392  ✓
    ↑ new global best IoU 0.392  [phase Ph1 robot b]
[staged]   Ph1 robot c  zone 1  (uncovered: 10% of target)
    voronoi warm-start: IoU 0.375 ≤ 0.392, kept current
    [parallel] 10 worker threads, one renderer clone each
    init sampling: best coverage score 228.0px of uncovered area  (16 samples)
[staged]   → robot c: IoU 0.392 → 0.432  ✓
    ↑ new global best IoU 0.432  [phase Ph1 robot c]
[staged] Phase 1 done — composite IoU: 0.432

[staged] Phase 2 — backward pass  (8 iters × 3 robots, sigma=0.300)
[staged]   contributions before Phase 2:
[staged]     robot a: +0.115 IoU
[staged]     robot b: +0.033 IoU  ← low
[staged]     robot c: +0.040 IoU  ← low
[staged]   Ph2 robot c  zone 1  (uncovered: 36% of target)
    [parallel] 10 worker threads, one renderer clone each
    init sampling: best coverage score 230.0px of uncovered area  (16 samples)
[staged]   → robot c: IoU 0.432 → 0.434  ✓
    ↑ new global best IoU 0.434  [phase Ph2 robot c]
[staged]   Ph2 robot b  zone 0  (uncovered: 42% of target)
    [parallel] 10 worker threads, one renderer clone each
    init sampling: best coverage score 326.0px of uncovered area  (16 samples)
[staged]   → robot b: IoU 0.434 → 0.453  ✓
    ↑ new global best IoU 0.453  [phase Ph2 robot b]
[staged]   Ph2 robot a  zone 2  (uncovered: 58% of target)
    [parallel] 10 worker threads, one renderer clone each
    init sampling: best coverage score 714.0px of uncovered area  (16 samples)
[staged]   → robot a: IoU 0.453 → 0.505  ✓
    ↑ new global best IoU 0.505  [phase Ph2 robot a]
[staged] Phase 2 done — composite IoU: 0.505

[staged] Best snapshot: Phase 2  IoU=0.505
[staged] Final refinement — all joints  (10 iters, popsize=32, sigma=0.160)
    [parallel] 10 worker threads, one renderer clone each
    ↑ new global best IoU 0.532  [final refinement]
[staged] Final done — IoU: 0.532  ✓
[staged] FD refinement — 5 Adam steps  (180 renders, lr=0.01, ε=0.02)
    ↑ new global best IoU 0.547  [FD refinement]
[staged] FD done — IoU: 0.547  (Δ=+0.015)  ✓
[staged] Done — final IoU: 0.547  loss: 0.4539
[staged] Popsize: per-robot phases=32  final=32  (theory optimum for 6 DOF = 10)

[staged] Hungarian pre-assignment  (3×3 cost matrix, 8 samples/entry = 72 renders)...
[staged]   robot_a → zone 2  robot_b → zone 0  robot_c → zone 1

[staged] Phase 1 — forward greedy  (8 iters × 3 robot(s), sigma=0.40×1.00, popsize=32)
[staged]   Ph1 robot a  zone 2  (uncovered: 24% of target)
    voronoi warm-start: IoU 0.176 → 0.196 ✓
    [parallel] 10 worker threads, one renderer clone each
    init sampling: best coverage score 306.0px of uncovered area  (8 samples)
[staged]   → robot a: IoU 0.176 → 0.435  ✓
    ↑ new global best IoU 0.435  [phase Ph1 robot a]
[staged]   Ph1 robot b  zone 0  (uncovered: 13% of target)
    voronoi warm-start: IoU 0.376 ≤ 0.435, kept current
    [parallel] 10 worker threads, one renderer clone each
    init sampling: best coverage score 145.0px of uncovered area  (16 samples)
[staged]   → robot b: IoU 0.435 → 0.450  ✓
    ↑ new global best IoU 0.450  [phase Ph1 robot b]
[staged]   Ph1 robot c  zone 1  (uncovered: 12% of target)
    voronoi warm-start: IoU 0.450 → 0.475 ✓
    [parallel] 10 worker threads, one renderer clone each
    init sampling: best coverage score 277.0px of uncovered area  (8 samples)
[staged]   → robot c: IoU 0.450 → 0.511  ✓
    ↑ new global best IoU 0.511  [phase Ph1 robot c]
[staged] Phase 1 done — composite IoU: 0.511

[staged] Phase 2 — backward pass  (8 iters × 3 robots, sigma=0.300)
[staged]   contributions before Phase 2:
[staged]     robot a: +0.153 IoU
[staged]     robot b: +0.029 IoU  ← low
[staged]     robot c: +0.060 IoU
[staged]   Ph2 robot c  zone 1  (uncovered: 35% of target)
    [parallel] 10 worker threads, one renderer clone each
    init sampling: best coverage score 358.0px of uncovered area  (16 samples)
[staged]   → robot c: IoU 0.511 → 0.527  ✓
    ↑ new global best IoU 0.527  [phase Ph2 robot c]
[staged]   Ph2 robot b  zone 0  (uncovered: 27% of target)
    [parallel] 10 worker threads, one renderer clone each
    init sampling: best coverage score 157.0px of uncovered area  (16 samples)
[staged]   → robot b: candidate 0.517 < current 0.527  ✗ rejected
[staged]   Ph2 robot a  zone 2  (uncovered: 47% of target)
    [parallel] 10 worker threads, one renderer clone each
    init sampling: best coverage score 524.0px of uncovered area  (16 samples)
[staged]   → robot a: candidate 0.493 < current 0.527  ✗ rejected
[staged] Phase 2 done — composite IoU: 0.527

[staged] Best snapshot: Phase 2  IoU=0.527
[staged] Final refinement — all joints  (10 iters, popsize=32, sigma=0.160)
    [parallel] 10 worker threads, one renderer clone each
    ↑ new global best IoU 0.573  [final refinement]
[staged] Final done — IoU: 0.573  ✓
[staged] FD refinement — 5 Adam steps  (180 renders, lr=0.01, ε=0.02)
    ↑ new global best IoU 0.585  [FD refinement]
[staged] FD done — IoU: 0.585  (Δ=+0.013)  ✓
[staged] Done — final IoU: 0.585  loss: 0.4163
[staged] Popsize: per-robot phases=32  final=32  (theory optimum for 6 DOF = 10)

[staged] Hungarian pre-assignment  (3×3 cost matrix, 8 samples/entry = 72 renders)...
[staged]   robot_a → zone 2  robot_b → zone 1  robot_c → zone 0

[staged] Phase 1 — forward greedy  (8 iters × 3 robot(s), sigma=0.40×1.00, popsize=32)
[staged]   Ph1 robot a  zone 2  (uncovered: 24% of target)
    voronoi warm-start: IoU 0.176 → 0.196 ✓
    [parallel] 10 worker threads, one renderer clone each
    init sampling: best coverage score 371.0px of uncovered area  (8 samples)
[staged]   → robot a: IoU 0.176 → 0.335  ✓
    ↑ new global best IoU 0.335  [phase Ph1 robot a]
[staged]   Ph1 robot b  zone 1  (uncovered: 14% of target)
    voronoi warm-start: IoU 0.327 ≤ 0.335, kept current
    [parallel] 10 worker threads, one renderer clone each
    init sampling: best coverage score 173.0px of uncovered area  (16 samples)
[staged]   → robot b: IoU 0.335 → 0.463  ✓
    ↑ new global best IoU 0.463  [phase Ph1 robot b]
[staged]   Ph1 robot c  zone 0  (uncovered: 6% of target)
    voronoi warm-start: IoU 0.448 ≤ 0.463, kept current
    [parallel] 10 worker threads, one renderer clone each
    init sampling: best coverage score 181.0px of uncovered area  (16 samples)
[staged]   → robot c: IoU 0.463 → 0.539  ✓
    ↑ new global best IoU 0.539  [phase Ph1 robot c]
[staged] Phase 1 done — composite IoU: 0.539

[staged] Phase 2 — backward pass  (8 iters × 3 robots, sigma=0.300)
[staged]   contributions before Phase 2:
[staged]     robot a: +0.191 IoU
[staged]     robot b: +0.104 IoU
[staged]     robot c: +0.075 IoU
[staged]   Ph2 robot c  zone 0  (uncovered: 36% of target)
    [parallel] 10 worker threads, one renderer clone each
    init sampling: best coverage score 594.0px of uncovered area  (16 samples)
[staged]   → robot c: IoU 0.539 → 0.577  ✓
    ↑ new global best IoU 0.577  [phase Ph2 robot c]
[staged]   Ph2 robot b  zone 1  (uncovered: 36% of target)
    [parallel] 10 worker threads, one renderer clone each
    init sampling: best coverage score 359.0px of uncovered area  (16 samples)
[staged]   → robot b: candidate 0.541 < current 0.577  ✗ rejected
[staged]   Ph2 robot a  zone 2  (uncovered: 48% of target)
    [parallel] 10 worker threads, one renderer clone each
    init sampling: best coverage score 269.0px of uncovered area  (16 samples)
[staged]   → robot a: IoU 0.577 → 0.591  ✓
    ↑ new global best IoU 0.591  [phase Ph2 robot a]
[staged] Phase 2 done — composite IoU: 0.591

[staged] Best snapshot: Phase 2  IoU=0.591
[staged] Final refinement — all joints  (10 iters, popsize=32, sigma=0.160)
    [parallel] 10 worker threads, one renderer clone each
    ↑ new global best IoU 0.602  [final refinement]
[staged] Final done — IoU: 0.602  ✓
[staged] FD refinement — 5 Adam steps  (180 renders, lr=0.01, ε=0.02)
    ↑ new global best IoU 0.613  [FD refinement]
[staged] FD done — IoU: 0.613  (Δ=+0.011)  ✓
[staged] Done — final IoU: 0.613  loss: 0.3881
[staged] Popsize: per-robot phases=32  final=32  (theory optimum for 6 DOF = 10)

[staged] Hungarian pre-assignment  (3×3 cost matrix, 8 samples/entry = 72 renders)...
[staged]   robot_a → zone 1  robot_b → zone 2  robot_c → zone 0

[staged] Phase 1 — forward greedy  (8 iters × 3 robot(s), sigma=0.40×1.00, popsize=32)
[staged]   Ph1 robot a  zone 1  (uncovered: 26% of target)
    voronoi warm-start: IoU 0.176 → 0.223 ✓
    [parallel] 10 worker threads, one renderer clone each
    init sampling: best coverage score 557.0px of uncovered area  (8 samples)
[staged]   → robot a: IoU 0.176 → 0.424  ✓
    ↑ new global best IoU 0.424  [phase Ph1 robot a]
[staged]   Ph1 robot b  zone 2  (uncovered: 30% of target)
    voronoi warm-start: IoU 0.416 ≤ 0.424, kept current
    [parallel] 10 worker threads, one renderer clone each
    init sampling: best coverage score 565.0px of uncovered area  (16 samples)
[staged]   → robot b: IoU 0.424 → 0.553  ✓
    ↑ new global best IoU 0.553  [phase Ph1 robot b]
[staged]   Ph1 robot c  zone 0  (uncovered: 14% of target)
    voronoi warm-start: IoU 0.491 ≤ 0.553, kept current
    [parallel] 10 worker threads, one renderer clone each
    init sampling: best coverage score 252.0px of uncovered area  (16 samples)
[staged]   → robot c: IoU 0.553 → 0.576  ✓
    ↑ new global best IoU 0.576  [phase Ph1 robot c]
[staged] Phase 1 done — composite IoU: 0.576

[staged] Phase 2 — backward pass  (8 iters × 3 robots, sigma=0.300)
[staged]   contributions before Phase 2:
[staged]     robot a: +0.189 IoU
[staged]     robot b: +0.123 IoU
[staged]     robot c: +0.023 IoU  ← low
[staged]   Ph2 robot c  zone 0  (uncovered: 28% of target)
    [parallel] 10 worker threads, one renderer clone each
    init sampling: best coverage score 350.0px of uncovered area  (16 samples)
[staged]   → robot c: IoU 0.576 → 0.594  ✓
    ↑ new global best IoU 0.594  [phase Ph2 robot c]
[staged]   Ph2 robot b  zone 2  (uncovered: 30% of target)
    [parallel] 10 worker threads, one renderer clone each
    init sampling: best coverage score 348.0px of uncovered area  (16 samples)
[staged]   → robot b: IoU 0.594 → 0.628  ✓
    ↑ new global best IoU 0.628  [phase Ph2 robot b]
[staged]   Ph2 robot a  zone 1  (uncovered: 45% of target)
    [parallel] 10 worker threads, one renderer clone each
    init sampling: best coverage score 355.0px of uncovered area  (16 samples)
[staged]   → robot a: candidate 0.543 < current 0.628  ✗ rejected
[staged] Phase 2 done — composite IoU: 0.628

[staged] Best snapshot: Phase 2  IoU=0.628
[staged] Final refinement — all joints  (10 iters, popsize=32, sigma=0.160)
    [parallel] 10 worker threads, one renderer clone each
[staged] Final done — IoU: 0.628  ✓
[staged] FD refinement — 5 Adam steps  (180 renders, lr=0.01, ε=0.02)
    ↑ new global best IoU 0.651  [FD refinement]
[staged] FD done — IoU: 0.651  (Δ=+0.023)  ✓
[staged] Done — final IoU: 0.651  loss: 0.3503
[shard 0] 5/10 letters_upper/W_dejavusans-bold  best=0.651 mean=0.598±0.034  88s  eta 0.1h
[staged] Popsize: per-robot phases=32  final=32  (theory optimum for 6 DOF = 10)

[staged] Hungarian pre-assignment  (3×3 cost matrix, 8 samples/entry = 72 renders)...
[staged]   robot_a → zone 2  robot_b → zone 1  robot_c → zone 0

[staged] Phase 1 — forward greedy  (8 iters × 3 robot(s), sigma=0.40×1.00, popsize=32)
[staged]   Ph1 robot a  zone 2  (uncovered: 15% of target)
    voronoi warm-start: IoU 0.100 → 0.107 ✓
    [parallel] 10 worker threads, one renderer clone each
    init sampling: best coverage score 426.0px of uncovered area  (8 samples)
[staged]   → robot a: IoU 0.100 → 0.324  ✓
    ↑ new global best IoU 0.324  [phase Ph1 robot a]
[staged]   Ph1 robot b  zone 1  (uncovered: 32% of target)
    voronoi warm-start: IoU 0.324 → 0.351 ✓
    [parallel] 10 worker threads, one renderer clone each
    init sampling: best coverage score 455.0px of uncovered area  (8 samples)
[staged]   → robot b: IoU 0.324 → 0.404  ✓
    ↑ new global best IoU 0.404  [phase Ph1 robot b]
[staged]   Ph1 robot c  zone 0  (uncovered: 11% of target)
    voronoi warm-start: IoU 0.404 → 0.405 ✓
    [parallel] 10 worker threads, one renderer clone each
    init sampling: best coverage score 0.0px of uncovered area  (8 samples)
[staged]   → robot c: IoU 0.404 → 0.543  ✓
    ↑ new global best IoU 0.543  [phase Ph1 robot c]
[staged] Phase 1 done — composite IoU: 0.543

[staged] Phase 2 — backward pass  (8 iters × 3 robots, sigma=0.300)
[staged]   contributions before Phase 2:
[staged]     robot a: +0.116 IoU
[staged]     robot b: +0.096 IoU
[staged]     robot c: +0.139 IoU
[staged]   Ph2 robot c  zone 0  (uncovered: 51% of target)
    [parallel] 10 worker threads, one renderer clone each
    init sampling: best coverage score 295.0px of uncovered area  (16 samples)
[staged]   → robot c: candidate 0.491 < current 0.543  ✗ rejected
[staged]   Ph2 robot b  zone 1  (uncovered: 45% of target)
    [parallel] 10 worker threads, one renderer clone each
    init sampling: best coverage score 378.0px of uncovered area  (16 samples)
[staged]   → robot b: candidate 0.509 < current 0.543  ✗ rejected
[staged]   Ph2 robot a  zone 2  (uncovered: 51% of target)
    [parallel] 10 worker threads, one renderer clone each
    init sampling: best coverage score 676.0px of uncovered area  (16 samples)
[staged]   → robot a: IoU 0.543 → 0.562  ✓
    ↑ new global best IoU 0.562  [phase Ph2 robot a]
[staged] Phase 2 done — composite IoU: 0.562

[staged] Best snapshot: Phase 2  IoU=0.562
[staged] Final refinement — all joints  (10 iters, popsize=32, sigma=0.160)
    [parallel] 10 worker threads, one renderer clone each
    ↑ new global best IoU 0.636  [final refinement]
[staged] Final done — IoU: 0.636  ✓
[staged] FD refinement — 5 Adam steps  (180 renders, lr=0.01, ε=0.02)
    ↑ new global best IoU 0.647  [FD refinement]
[staged] FD done — IoU: 0.647  (Δ=+0.011)  ✓
[staged] Done — final IoU: 0.647  loss: 0.3547
[staged] Popsize: per-robot phases=32  final=32  (theory optimum for 6 DOF = 10)

[staged] Hungarian pre-assignment  (3×3 cost matrix, 8 samples/entry = 72 renders)...
[staged]   robot_a → zone 1  robot_b → zone 0  robot_c → zone 2

[staged] Phase 1 — forward greedy  (8 iters × 3 robot(s), sigma=0.40×1.00, popsize=32)
[staged]   Ph1 robot a  zone 1  (uncovered: 20% of target)
    voronoi warm-start: IoU 0.100 → 0.237 ✓
    [parallel] 10 worker threads, one renderer clone each
    init sampling: best coverage score 572.0px of uncovered area  (8 samples)
[staged]   → robot a: IoU 0.100 → 0.363  ✓
    ↑ new global best IoU 0.363  [phase Ph1 robot a]
[staged]   Ph1 robot b  zone 0  (uncovered: 24% of target)
    voronoi warm-start: IoU 0.363 → 0.374 ✓
    [parallel] 10 worker threads, one renderer clone each
    init sampling: best coverage score 1.0px of uncovered area  (8 samples)
[staged]   → robot b: IoU 0.363 → 0.492  ✓
    ↑ new global best IoU 0.492  [phase Ph1 robot b]
[staged]   Ph1 robot c  zone 2  (uncovered: 8% of target)
    voronoi warm-start: IoU 0.478 ≤ 0.492, kept current
    [parallel] 10 worker threads, one renderer clone each
    init sampling: best coverage score 298.0px of uncovered area  (16 samples)
[staged]   → robot c: IoU 0.492 → 0.565  ✓
    ↑ new global best IoU 0.565  [phase Ph1 robot c]
[staged] Phase 1 done — composite IoU: 0.565

[staged] Phase 2 — backward pass  (8 iters × 3 robots, sigma=0.300)
[staged]   contributions before Phase 2:
[staged]     robot a: +0.109 IoU
[staged]     robot b: +0.163 IoU
[staged]     robot c: +0.073 IoU
[staged]   Ph2 robot c  zone 2  (uncovered: 37% of target)
    [parallel] 10 worker threads, one renderer clone each
    init sampling: best coverage score 350.0px of uncovered area  (16 samples)
[staged]   → robot c: IoU 0.565 → 0.575  ✓
    ↑ new global best IoU 0.575  [phase Ph2 robot c]
[staged]   Ph2 robot b  zone 0  (uncovered: 42% of target)
    [parallel] 10 worker threads, one renderer clone each
    init sampling: best coverage score 416.0px of uncovered area  (16 samples)
[staged]   → robot b: IoU 0.575 → 0.584  ✓
    ↑ new global best IoU 0.584  [phase Ph2 robot b]
[staged]   Ph2 robot a  zone 1  (uncovered: 39% of target)
    [parallel] 10 worker threads, one renderer clone each
    init sampling: best coverage score 467.0px of uncovered area  (16 samples)
[staged]   → robot a: candidate 0.570 < current 0.584  ✗ rejected
[staged] Phase 2 done — composite IoU: 0.584

[staged] Best snapshot: Phase 2  IoU=0.584
[staged] Final refinement — all joints  (10 iters, popsize=32, sigma=0.160)
    [parallel] 10 worker threads, one renderer clone each
    ↑ new global best IoU 0.595  [final refinement]
[staged] Final done — IoU: 0.595  ✓
[staged] FD refinement — 5 Adam steps  (180 renders, lr=0.01, ε=0.02)
    ↑ new global best IoU 0.610  [FD refinement]
[staged] FD done — IoU: 0.610  (Δ=+0.015)  ✓
[staged] Done — final IoU: 0.610  loss: 0.3904
[staged] Popsize: per-robot phases=32  final=32  (theory optimum for 6 DOF = 10)

[staged] Hungarian pre-assignment  (3×3 cost matrix, 8 samples/entry = 72 renders)...
[staged]   robot_a → zone 1  robot_b → zone 0  robot_c → zone 2

[staged] Phase 1 — forward greedy  (8 iters × 3 robot(s), sigma=0.40×1.00, popsize=32)
[staged]   Ph1 robot a  zone 1  (uncovered: 20% of target)
    voronoi warm-start: IoU 0.100 → 0.237 ✓
    [parallel] 10 worker threads, one renderer clone each
    init sampling: best coverage score 90.0px of uncovered area  (8 samples)
[staged]   → robot a: IoU 0.100 → 0.395  ✓
    ↑ new global best IoU 0.395  [phase Ph1 robot a]
[staged]   Ph1 robot b  zone 0  (uncovered: 4% of target)
    voronoi warm-start: IoU 0.361 ≤ 0.395, kept current
    [parallel] 10 worker threads, one renderer clone each
    init sampling: best coverage score 33.0px of uncovered area  (16 samples)
[staged]   → robot b: IoU 0.395 → 0.471  ✓
    ↑ new global best IoU 0.471  [phase Ph1 robot b]
[staged]   Ph1 robot c  zone 2  (uncovered: 13% of target)
    voronoi warm-start: IoU 0.464 ≤ 0.471, kept current
    [parallel] 10 worker threads, one renderer clone each
    init sampling: best coverage score 344.0px of uncovered area  (16 samples)
[staged]   → robot c: IoU 0.471 → 0.549  ✓
    ↑ new global best IoU 0.549  [phase Ph1 robot c]
[staged] Phase 1 done — composite IoU: 0.549

[staged] Phase 2 — backward pass  (8 iters × 3 robots, sigma=0.300)
[staged]   contributions before Phase 2:
[staged]     robot a: +0.230 IoU
[staged]     robot b: +0.097 IoU
[staged]     robot c: +0.078 IoU
[staged]   Ph2 robot c  zone 2  (uncovered: 37% of target)
    [parallel] 10 worker threads, one renderer clone each
    init sampling: best coverage score 516.0px of uncovered area  (16 samples)
[staged]   → robot c: IoU 0.549 → 0.563  ✓
    ↑ new global best IoU 0.563  [phase Ph2 robot c]
[staged]   Ph2 robot b  zone 0  (uncovered: 35% of target)
    [parallel] 10 worker threads, one renderer clone each
    init sampling: best coverage score 244.0px of uncovered area  (16 samples)
[staged]   → robot b: candidate 0.553 < current 0.563  ✗ rejected
[staged]   Ph2 robot a  zone 1  (uncovered: 49% of target)
    [parallel] 10 worker threads, one renderer clone each
    init sampling: best coverage score 739.0px of uncovered area  (16 samples)
[staged]   → robot a: candidate 0.538 < current 0.563  ✗ rejected
[staged] Phase 2 done — composite IoU: 0.563

[staged] Best snapshot: Phase 2  IoU=0.563
[staged] Final refinement — all joints  (10 iters, popsize=32, sigma=0.160)
    [parallel] 10 worker threads, one renderer clone each
[staged] Final done — IoU: 0.563  ✓
[staged] FD refinement — 5 Adam steps  (180 renders, lr=0.01, ε=0.02)
    ↑ new global best IoU 0.573  [FD refinement]
[staged] FD done — IoU: 0.573  (Δ=+0.011)  ✓
[staged] Done — final IoU: 0.573  loss: 0.4280
[staged] Popsize: per-robot phases=32  final=32  (theory optimum for 6 DOF = 10)

[staged] Hungarian pre-assignment  (3×3 cost matrix, 8 samples/entry = 72 renders)...
[staged]   robot_a → zone 2  robot_b → zone 1  robot_c → zone 0

[staged] Phase 1 — forward greedy  (8 iters × 3 robot(s), sigma=0.40×1.00, popsize=32)
[staged]   Ph1 robot a  zone 2  (uncovered: 44% of target)
    voronoi warm-start: IoU 0.100 → 0.239 ✓
    [parallel] 10 worker threads, one renderer clone each
    init sampling: best coverage score 806.0px of uncovered area  (8 samples)
[staged]   → robot a: IoU 0.100 → 0.380  ✓
    ↑ new global best IoU 0.380  [phase Ph1 robot a]
[staged]   Ph1 robot b  zone 1  (uncovered: 15% of target)
    voronoi warm-start: IoU 0.371 ≤ 0.380, kept current
    [parallel] 10 worker threads, one renderer clone each
    init sampling: best coverage score 169.0px of uncovered area  (16 samples)
[staged]   → robot b: IoU 0.380 → 0.475  ✓
    ↑ new global best IoU 0.475  [phase Ph1 robot b]
[staged]   Ph1 robot c  zone 0  (uncovered: 6% of target)
    voronoi warm-start: IoU 0.453 ≤ 0.475, kept current
    [parallel] 10 worker threads, one renderer clone each
    init sampling: best coverage score 249.0px of uncovered area  (16 samples)
[staged]   → robot c: IoU 0.475 → 0.553  ✓
    ↑ new global best IoU 0.553  [phase Ph1 robot c]
[staged] Phase 1 done — composite IoU: 0.553

[staged] Phase 2 — backward pass  (8 iters × 3 robots, sigma=0.300)
[staged]   contributions before Phase 2:
[staged]     robot a: +0.256 IoU
[staged]     robot b: +0.064 IoU
[staged]     robot c: +0.078 IoU
[staged]   Ph2 robot c  zone 0  (uncovered: 37% of target)
    [parallel] 10 worker threads, one renderer clone each
    init sampling: best coverage score 251.0px of uncovered area  (16 samples)
[staged]   → robot c: candidate 0.541 < current 0.553  ✗ rejected
[staged]   Ph2 robot b  zone 1  (uncovered: 42% of target)
    [parallel] 10 worker threads, one renderer clone each
    init sampling: best coverage score 416.0px of uncovered area  (16 samples)
[staged]   → robot b: candidate 0.546 < current 0.553  ✗ rejected
[staged]   Ph2 robot a  zone 2  (uncovered: 61% of target)
    [parallel] 10 worker threads, one renderer clone each
    init sampling: best coverage score 1294.0px of uncovered area  (16 samples)
[staged]   → robot a: IoU 0.553 → 0.559  ✓
    ↑ new global best IoU 0.559  [phase Ph2 robot a]
[staged] Phase 2 done — composite IoU: 0.559

[staged] Best snapshot: Phase 2  IoU=0.559
[staged] Final refinement — all joints  (10 iters, popsize=32, sigma=0.160)
    [parallel] 10 worker threads, one renderer clone each
    ↑ new global best IoU 0.564  [final refinement]
[staged] Final done — IoU: 0.564  ✓
[staged] FD refinement — 5 Adam steps  (180 renders, lr=0.01, ε=0.02)
    ↑ new global best IoU 0.571  [FD refinement]
[staged] FD done — IoU: 0.571  (Δ=+0.007)  ✓
[staged] Done — final IoU: 0.571  loss: 0.4324
[staged] Popsize: per-robot phases=32  final=32  (theory optimum for 6 DOF = 10)

[staged] Hungarian pre-assignment  (3×3 cost matrix, 8 samples/entry = 72 renders)...
[staged]   robot_a → zone 2  robot_b → zone 0  robot_c → zone 1

[staged] Phase 1 — forward greedy  (8 iters × 3 robot(s), sigma=0.40×1.00, popsize=32)
[staged]   Ph1 robot a  zone 2  (uncovered: 31% of target)
    voronoi warm-start: IoU 0.100 → 0.241 ✓
    [parallel] 10 worker threads, one renderer clone each
    init sampling: best coverage score 723.0px of uncovered area  (8 samples)
[staged]   → robot a: IoU 0.100 → 0.506  ✓
    ↑ new global best IoU 0.506  [phase Ph1 robot a]
[staged]   Ph1 robot b  zone 0  (uncovered: 12% of target)
    voronoi warm-start: IoU 0.488 ≤ 0.506, kept current
    [parallel] 10 worker threads, one renderer clone each
    init sampling: best coverage score 259.0px of uncovered area  (16 samples)
[staged]   → robot b: IoU 0.506 → 0.565  ✓
    ↑ new global best IoU 0.565  [phase Ph1 robot b]
[staged]   Ph1 robot c  zone 1  (uncovered: 15% of target)
    voronoi warm-start: IoU 0.542 ≤ 0.565, kept current
    [parallel] 10 worker threads, one renderer clone each
    init sampling: best coverage score 238.0px of uncovered area  (16 samples)
[staged]   → robot c: IoU 0.565 → 0.656  ✓
    ↑ new global best IoU 0.656  [phase Ph1 robot c]
[staged] Phase 1 done — composite IoU: 0.656

[staged] Phase 2 — backward pass  (8 iters × 3 robots, sigma=0.300)
[staged]   contributions before Phase 2:
[staged]     robot a: +0.333 IoU
[staged]     robot b: +0.098 IoU
[staged]     robot c: +0.091 IoU
[staged]   Ph2 robot c  zone 1  (uncovered: 29% of target)
    [parallel] 10 worker threads, one renderer clone each
    init sampling: best coverage score 220.0px of uncovered area  (16 samples)
[staged]   → robot c: candidate 0.640 < current 0.656  ✗ rejected
[staged]   Ph2 robot b  zone 0  (uncovered: 31% of target)
    [parallel] 10 worker threads, one renderer clone each
    init sampling: best coverage score 318.0px of uncovered area  (16 samples)
[staged]   → robot b: candidate 0.642 < current 0.656  ✗ rejected
[staged]   Ph2 robot a  zone 2  (uncovered: 62% of target)
    [parallel] 10 worker threads, one renderer clone each
    init sampling: best coverage score 1125.0px of uncovered area  (16 samples)
[staged]   → robot a: candidate 0.595 < current 0.656  ✗ rejected
[staged] Phase 2 done — composite IoU: 0.656

[staged] Best snapshot: Phase 1  IoU=0.656
[staged] Final refinement — all joints  (10 iters, popsize=32, sigma=0.160)
    [parallel] 10 worker threads, one renderer clone each
    ↑ new global best IoU 0.658  [final refinement]
[staged] Final done — IoU: 0.658  ✓
[staged] FD refinement — 5 Adam steps  (180 renders, lr=0.01, ε=0.02)
    ↑ new global best IoU 0.667  [FD refinement]
[staged] FD done — IoU: 0.667  (Δ=+0.009)  ✓
[staged] Done — final IoU: 0.667  loss: 0.3337
[shard 0] 6/10 digits/2_dejavusans-bold  best=0.667 mean=0.614±0.039  88s  eta 0.1h
[staged] Popsize: per-robot phases=32  final=32  (theory optimum for 6 DOF = 10)

[staged] Hungarian pre-assignment  (3×3 cost matrix, 8 samples/entry = 72 renders)...
[staged]   robot_a → zone 2  robot_b → zone 1  robot_c → zone 0

[staged] Phase 1 — forward greedy  (8 iters × 3 robot(s), sigma=0.40×1.00, popsize=32)
[staged]   Ph1 robot a  zone 2  (uncovered: 14% of target)
    voronoi warm-start: IoU 0.063 → 0.077 ✓
    [parallel] 10 worker threads, one renderer clone each
    init sampling: best coverage score 348.0px of uncovered area  (8 samples)
[staged]   → robot a: IoU 0.063 → 0.360  ✓
    ↑ new global best IoU 0.360  [phase Ph1 robot a]
[staged]   Ph1 robot b  zone 1  (uncovered: 23% of target)
    voronoi warm-start: IoU 0.360 → 0.435 ✓
    [parallel] 10 worker threads, one renderer clone each
    init sampling: best coverage score 559.0px of uncovered area  (8 samples)
[staged]   → robot b: IoU 0.360 → 0.462  ✓
    ↑ new global best IoU 0.462  [phase Ph1 robot b]
[staged]   Ph1 robot c  zone 0  (uncovered: 15% of target)
    voronoi warm-start: IoU 0.457 ≤ 0.462, kept current
    [parallel] 10 worker threads, one renderer clone each
    init sampling: best coverage score 55.0px of uncovered area  (16 samples)
[staged]   → robot c: IoU 0.462 → 0.525  ✓
    ↑ new global best IoU 0.525  [phase Ph1 robot c]
[staged] Phase 1 done — composite IoU: 0.525

[staged] Phase 2 — backward pass  (8 iters × 3 robots, sigma=0.300)
[staged]   contributions before Phase 2:
[staged]     robot a: +0.158 IoU
[staged]     robot b: +0.104 IoU
[staged]     robot c: +0.063 IoU
[staged]   Ph2 robot c  zone 0  (uncovered: 35% of target)
    [parallel] 10 worker threads, one renderer clone each
    init sampling: best coverage score 221.0px of uncovered area  (16 samples)
[staged]   → robot c: candidate 0.513 < current 0.525  ✗ rejected
[staged]   Ph2 robot b  zone 1  (uncovered: 48% of target)
    [parallel] 10 worker threads, one renderer clone each
    init sampling: best coverage score 606.0px of uncovered area  (16 samples)
[staged]   → robot b: IoU 0.525 → 0.541  ✓
    ↑ new global best IoU 0.541  [phase Ph2 robot b]
[staged]   Ph2 robot a  zone 2  (uncovered: 49% of target)
    [parallel] 10 worker threads, one renderer clone each
    init sampling: best coverage score 734.0px of uncovered area  (16 samples)
[staged]   → robot a: IoU 0.541 → 0.542  ✓
    ↑ new global best IoU 0.542  [phase Ph2 robot a]
[staged] Phase 2 done — composite IoU: 0.542

[staged] Best snapshot: Phase 2  IoU=0.542
[staged] Final refinement — all joints  (10 iters, popsize=32, sigma=0.160)
    [parallel] 10 worker threads, one renderer clone each
    ↑ new global best IoU 0.574  [final refinement]
[staged] Final done — IoU: 0.574  ✓
[staged] FD refinement — 5 Adam steps  (180 renders, lr=0.01, ε=0.02)
    ↑ new global best IoU 0.590  [FD refinement]
[staged] FD done — IoU: 0.590  (Δ=+0.016)  ✓
[staged] Done — final IoU: 0.590  loss: 0.4102
[staged] Popsize: per-robot phases=32  final=32  (theory optimum for 6 DOF = 10)

[staged] Hungarian pre-assignment  (3×3 cost matrix, 8 samples/entry = 72 renders)...
[staged]   robot_a → zone 2  robot_b → zone 0  robot_c → zone 1

[staged] Phase 1 — forward greedy  (8 iters × 3 robot(s), sigma=0.40×1.00, popsize=32)
[staged]   Ph1 robot a  zone 2  (uncovered: 20% of target)
    voronoi warm-start: IoU 0.063 → 0.077 ✓
    [parallel] 10 worker threads, one renderer clone each
    init sampling: best coverage score 241.0px of uncovered area  (8 samples)
[staged]   → robot a: IoU 0.063 → 0.366  ✓
    ↑ new global best IoU 0.366  [phase Ph1 robot a]
[staged]   Ph1 robot b  zone 0  (uncovered: 15% of target)
    voronoi warm-start: IoU 0.366 → 0.439 ✓
    [parallel] 10 worker threads, one renderer clone each
    init sampling: best coverage score 233.0px of uncovered area  (8 samples)
[staged]   → robot b: IoU 0.366 → 0.489  ✓
    ↑ new global best IoU 0.489  [phase Ph1 robot b]
[staged]   Ph1 robot c  zone 1  (uncovered: 17% of target)
    voronoi warm-start: IoU 0.472 ≤ 0.489, kept current
    [parallel] 10 worker threads, one renderer clone each
    init sampling: best coverage score 347.0px of uncovered area  (16 samples)
[staged]   → robot c: IoU 0.489 → 0.564  ✓
    ↑ new global best IoU 0.564  [phase Ph1 robot c]
[staged] Phase 1 done — composite IoU: 0.564

[staged] Phase 2 — backward pass  (8 iters × 3 robots, sigma=0.300)
[staged]   contributions before Phase 2:
[staged]     robot a: +0.229 IoU
[staged]     robot b: +0.146 IoU
[staged]     robot c: +0.075 IoU
[staged]   Ph2 robot c  zone 1  (uncovered: 30% of target)
    [parallel] 10 worker threads, one renderer clone each
    init sampling: best coverage score 364.0px of uncovered area  (16 samples)
[staged]   → robot c: IoU 0.564 → 0.575  ✓
    ↑ new global best IoU 0.575  [phase Ph2 robot c]
[staged]   Ph2 robot b  zone 0  (uncovered: 35% of target)
    [parallel] 10 worker threads, one renderer clone each
    init sampling: best coverage score 553.0px of uncovered area  (16 samples)
[staged]   → robot b: candidate 0.572 < current 0.575  ✗ rejected
[staged]   Ph2 robot a  zone 2  (uncovered: 50% of target)
    [parallel] 10 worker threads, one renderer clone each
    init sampling: best coverage score 476.0px of uncovered area  (16 samples)
[staged]   → robot a: candidate 0.565 < current 0.575  ✗ rejected
[staged] Phase 2 done — composite IoU: 0.575

[staged] Best snapshot: Phase 2  IoU=0.575
[staged] Final refinement — all joints  (10 iters, popsize=32, sigma=0.160)
    [parallel] 10 worker threads, one renderer clone each
    ↑ new global best IoU 0.592  [final refinement]
[staged] Final done — IoU: 0.592  ✓
[staged] FD refinement — 5 Adam steps  (180 renders, lr=0.01, ε=0.02)
    ↑ new global best IoU 0.601  [FD refinement]
[staged] FD done — IoU: 0.601  (Δ=+0.009)  ✓
[staged] Done — final IoU: 0.601  loss: 0.4003
[staged] Popsize: per-robot phases=32  final=32  (theory optimum for 6 DOF = 10)

[staged] Hungarian pre-assignment  (3×3 cost matrix, 8 samples/entry = 72 renders)...
[staged]   robot_a → zone 0  robot_b → zone 2  robot_c → zone 1

[staged] Phase 1 — forward greedy  (8 iters × 3 robot(s), sigma=0.40×1.00, popsize=32)
[staged]   Ph1 robot a  zone 0  (uncovered: 20% of target)
    voronoi warm-start: IoU 0.063 → 0.077 ✓
    [parallel] 10 worker threads, one renderer clone each
    init sampling: best coverage score 260.0px of uncovered area  (8 samples)
[staged]   → robot a: IoU 0.063 → 0.340  ✓
    ↑ new global best IoU 0.340  [phase Ph1 robot a]
[staged]   Ph1 robot b  zone 2  (uncovered: 31% of target)
    voronoi warm-start: IoU 0.340 → 0.384 ✓
    [parallel] 10 worker threads, one renderer clone each
    init sampling: best coverage score 459.0px of uncovered area  (8 samples)
[staged]   → robot b: IoU 0.340 → 0.474  ✓
    ↑ new global best IoU 0.474  [phase Ph1 robot b]
[staged]   Ph1 robot c  zone 1  (uncovered: 9% of target)
    voronoi warm-start: IoU 0.466 ≤ 0.474, kept current
    [parallel] 10 worker threads, one renderer clone each
    init sampling: best coverage score 103.0px of uncovered area  (16 samples)
[staged]   → robot c: IoU 0.474 → 0.557  ✓
    ↑ new global best IoU 0.557  [phase Ph1 robot c]
[staged] Phase 1 done — composite IoU: 0.557

[staged] Phase 2 — backward pass  (8 iters × 3 robots, sigma=0.300)
[staged]   contributions before Phase 2:
[staged]     robot a: +0.095 IoU
[staged]     robot b: +0.143 IoU
[staged]     robot c: +0.082 IoU
[staged]   Ph2 robot c  zone 1  (uncovered: 36% of target)
    [parallel] 10 worker threads, one renderer clone each
    init sampling: best coverage score 406.0px of uncovered area  (16 samples)
[staged]   → robot c: IoU 0.557 → 0.564  ✓
    ↑ new global best IoU 0.564  [phase Ph2 robot c]
[staged]   Ph2 robot b  zone 2  (uncovered: 43% of target)
    [parallel] 10 worker threads, one renderer clone each
    init sampling: best coverage score 347.0px of uncovered area  (16 samples)
[staged]   → robot b: candidate 0.537 < current 0.564  ✗ rejected
[staged]   Ph2 robot a  zone 0  (uncovered: 36% of target)
    [parallel] 10 worker threads, one renderer clone each
    init sampling: best coverage score 388.0px of uncovered area  (16 samples)
[staged]   → robot a: candidate 0.542 < current 0.564  ✗ rejected
[staged] Phase 2 done — composite IoU: 0.564

[staged] Best snapshot: Phase 2  IoU=0.564
[staged] Final refinement — all joints  (10 iters, popsize=32, sigma=0.160)
    [parallel] 10 worker threads, one renderer clone each
    ↑ new global best IoU 0.579  [final refinement]
[staged] Final done — IoU: 0.579  ✓
[staged] FD refinement — 5 Adam steps  (180 renders, lr=0.01, ε=0.02)
    ↑ new global best IoU 0.594  [FD refinement]
[staged] FD done — IoU: 0.594  (Δ=+0.016)  ✓
[staged] Done — final IoU: 0.594  loss: 0.4068
[staged] Popsize: per-robot phases=32  final=32  (theory optimum for 6 DOF = 10)

[staged] Hungarian pre-assignment  (3×3 cost matrix, 8 samples/entry = 72 renders)...
[staged]   robot_a → zone 2  robot_b → zone 0  robot_c → zone 1

[staged] Phase 1 — forward greedy  (8 iters × 3 robot(s), sigma=0.40×1.00, popsize=32)
[staged]   Ph1 robot a  zone 2  (uncovered: 41% of target)
    voronoi warm-start: IoU 0.063 → 0.189 ✓
    [parallel] 10 worker threads, one renderer clone each
    init sampling: best coverage score 740.0px of uncovered area  (8 samples)
[staged]   → robot a: IoU 0.063 → 0.380  ✓
    ↑ new global best IoU 0.380  [phase Ph1 robot a]
[staged]   Ph1 robot b  zone 0  (uncovered: 21% of target)
    voronoi warm-start: IoU 0.371 ≤ 0.380, kept current
    [parallel] 10 worker threads, one renderer clone each
    init sampling: best coverage score 313.0px of uncovered area  (16 samples)
[staged]   → robot b: IoU 0.380 → 0.480  ✓
    ↑ new global best IoU 0.480  [phase Ph1 robot b]
[staged]   Ph1 robot c  zone 1  (uncovered: 7% of target)
    voronoi warm-start: IoU 0.453 ≤ 0.480, kept current
    [parallel] 10 worker threads, one renderer clone each
    init sampling: best coverage score 214.0px of uncovered area  (16 samples)
[staged]   → robot c: IoU 0.480 → 0.539  ✓
    ↑ new global best IoU 0.539  [phase Ph1 robot c]
[staged] Phase 1 done — composite IoU: 0.539

[staged] Phase 2 — backward pass  (8 iters × 3 robots, sigma=0.300)
[staged]   contributions before Phase 2:
[staged]     robot a: +0.266 IoU
[staged]     robot b: +0.133 IoU
[staged]     robot c: +0.060 IoU
[staged]   Ph2 robot c  zone 1  (uncovered: 36% of target)
    [parallel] 10 worker threads, one renderer clone each
    init sampling: best coverage score 414.0px of uncovered area  (16 samples)
[staged]   → robot c: IoU 0.539 → 0.557  ✓
    ↑ new global best IoU 0.557  [phase Ph2 robot c]
[staged]   Ph2 robot b  zone 0  (uncovered: 36% of target)
    [parallel] 10 worker threads, one renderer clone each
    init sampling: best coverage score 481.0px of uncovered area  (16 samples)
[staged]   → robot b: IoU 0.557 → 0.560  ✓
    ↑ new global best IoU 0.560  [phase Ph2 robot b]
[staged]   Ph2 robot a  zone 2  (uncovered: 50% of target)
    [parallel] 10 worker threads, one renderer clone each
    init sampling: best coverage score 522.0px of uncovered area  (16 samples)
[staged]   → robot a: IoU 0.560 → 0.576  ✓
    ↑ new global best IoU 0.576  [phase Ph2 robot a]
[staged] Phase 2 done — composite IoU: 0.576

[staged] Best snapshot: Phase 2  IoU=0.576
[staged] Final refinement — all joints  (10 iters, popsize=32, sigma=0.160)
    [parallel] 10 worker threads, one renderer clone each
    ↑ new global best IoU 0.583  [final refinement]
[staged] Final done — IoU: 0.583  ✓
[staged] FD refinement — 5 Adam steps  (180 renders, lr=0.01, ε=0.02)
    ↑ new global best IoU 0.602  [FD refinement]
[staged] FD done — IoU: 0.602  (Δ=+0.020)  ✓
[staged] Done — final IoU: 0.602  loss: 0.3999
[staged] Popsize: per-robot phases=32  final=32  (theory optimum for 6 DOF = 10)

[staged] Hungarian pre-assignment  (3×3 cost matrix, 8 samples/entry = 72 renders)...
[staged]   robot_a → zone 0  robot_b → zone 2  robot_c → zone 1

[staged] Phase 1 — forward greedy  (8 iters × 3 robot(s), sigma=0.40×1.00, popsize=32)
[staged]   Ph1 robot a  zone 0  (uncovered: 32% of target)
    voronoi warm-start: IoU 0.063 → 0.188 ✓
    [parallel] 10 worker threads, one renderer clone each
    init sampling: best coverage score 144.0px of uncovered area  (8 samples)
[staged]   → robot a: IoU 0.063 → 0.390  ✓
    ↑ new global best IoU 0.390  [phase Ph1 robot a]
[staged]   Ph1 robot b  zone 2  (uncovered: 19% of target)
    voronoi warm-start: IoU 0.383 ≤ 0.390, kept current
    [parallel] 10 worker threads, one renderer clone each
    init sampling: best coverage score 386.0px of uncovered area  (16 samples)
[staged]   → robot b: IoU 0.390 → 0.478  ✓
    ↑ new global best IoU 0.478  [phase Ph1 robot b]
[staged]   Ph1 robot c  zone 1  (uncovered: 9% of target)
    voronoi warm-start: IoU 0.455 ≤ 0.478, kept current
    [parallel] 10 worker threads, one renderer clone each
    init sampling: best coverage score 191.0px of uncovered area  (16 samples)
[staged]   → robot c: IoU 0.478 → 0.553  ✓
    ↑ new global best IoU 0.553  [phase Ph1 robot c]
[staged] Phase 1 done — composite IoU: 0.553

[staged] Phase 2 — backward pass  (8 iters × 3 robots, sigma=0.300)
[staged]   contributions before Phase 2:
[staged]     robot a: +0.247 IoU
[staged]     robot b: +0.112 IoU
[staged]     robot c: +0.075 IoU
[staged]   Ph2 robot c  zone 1  (uncovered: 37% of target)
    [parallel] 10 worker threads, one renderer clone each
    init sampling: best coverage score 247.0px of uncovered area  (16 samples)
[staged]   → robot c: IoU 0.553 → 0.567  ✓
    ↑ new global best IoU 0.567  [phase Ph2 robot c]
[staged]   Ph2 robot b  zone 2  (uncovered: 41% of target)
    [parallel] 10 worker threads, one renderer clone each
    init sampling: best coverage score 593.0px of uncovered area  (16 samples)
[staged]   → robot b: IoU 0.567 → 0.586  ✓
    ↑ new global best IoU 0.586  [phase Ph2 robot b]
[staged]   Ph2 robot a  zone 0  (uncovered: 62% of target)
    [parallel] 10 worker threads, one renderer clone each
    init sampling: best coverage score 1105.0px of uncovered area  (16 samples)
[staged]   → robot a: IoU 0.586 → 0.590  ✓
    ↑ new global best IoU 0.590  [phase Ph2 robot a]
[staged] Phase 2 done — composite IoU: 0.590

[staged] Best snapshot: Phase 2  IoU=0.590
[staged] Final refinement — all joints  (10 iters, popsize=32, sigma=0.160)
    [parallel] 10 worker threads, one renderer clone each
[staged] Final done — IoU: 0.590  ✓
[staged] FD refinement — 5 Adam steps  (180 renders, lr=0.01, ε=0.02)
    ↑ new global best IoU 0.600  [FD refinement]
[staged] FD done — IoU: 0.600  (Δ=+0.009)  ✓
[staged] Done — final IoU: 0.600  loss: 0.4012
[shard 0] 7/10 digits/3_dejavusans-bold  best=0.602 mean=0.598±0.005  87s  eta 0.1h
[staged] Popsize: per-robot phases=32  final=32  (theory optimum for 6 DOF = 10)

[staged] Hungarian pre-assignment  (3×3 cost matrix, 8 samples/entry = 72 renders)...
[staged]   robot_a → zone 0  robot_b → zone 1  robot_c → zone 2

[staged] Phase 1 — forward greedy  (8 iters × 3 robot(s), sigma=0.40×1.00, popsize=32)
[staged]   Ph1 robot a  zone 0  (uncovered: 36% of target)
    voronoi warm-start: IoU 0.105 → 0.157 ✓
    [parallel] 10 worker threads, one renderer clone each
    init sampling: best coverage score 591.0px of uncovered area  (8 samples)
[staged]   → robot a: IoU 0.105 → 0.454  ✓
    ↑ new global best IoU 0.454  [phase Ph1 robot a]
[staged]   Ph1 robot b  zone 1  (uncovered: 15% of target)
    voronoi warm-start: IoU 0.445 ≤ 0.454, kept current
    [parallel] 10 worker threads, one renderer clone each
    init sampling: best coverage score 366.0px of uncovered area  (16 samples)
[staged]   → robot b: IoU 0.454 → 0.537  ✓
    ↑ new global best IoU 0.537  [phase Ph1 robot b]
[staged]   Ph1 robot c  zone 2  (uncovered: 8% of target)
    voronoi warm-start: IoU 0.537 → 0.544 ✓
    [parallel] 10 worker threads, one renderer clone each
    init sampling: best coverage score 278.0px of uncovered area  (8 samples)
[staged]   → robot c: IoU 0.537 → 0.599  ✓
    ↑ new global best IoU 0.599  [phase Ph1 robot c]
[staged] Phase 1 done — composite IoU: 0.599

[staged] Phase 2 — backward pass  (8 iters × 3 robots, sigma=0.300)
[staged]   contributions before Phase 2:
[staged]     robot a: +0.203 IoU
[staged]     robot b: +0.092 IoU
[staged]     robot c: +0.062 IoU
[staged]   Ph2 robot c  zone 2  (uncovered: 33% of target)
    [parallel] 10 worker threads, one renderer clone each
    init sampling: best coverage score 363.0px of uncovered area  (16 samples)
[staged]   → robot c: IoU 0.599 → 0.601  ✓
    ↑ new global best IoU 0.601  [phase Ph2 robot c]
[staged]   Ph2 robot b  zone 1  (uncovered: 37% of target)
    [parallel] 10 worker threads, one renderer clone each
    init sampling: best coverage score 567.0px of uncovered area  (16 samples)
[staged]   → robot b: candidate 0.600 < current 0.601  ✗ rejected
[staged]   Ph2 robot a  zone 0  (uncovered: 49% of target)
    [parallel] 10 worker threads, one renderer clone each
    init sampling: best coverage score 527.0px of uncovered area  (16 samples)
[staged]   → robot a: candidate 0.471 < current 0.601  ✗ rejected
[staged] Phase 2 done — composite IoU: 0.601

[staged] Best snapshot: Phase 2  IoU=0.601
[staged] Final refinement — all joints  (10 iters, popsize=32, sigma=0.160)
    [parallel] 10 worker threads, one renderer clone each
    ↑ new global best IoU 0.632  [final refinement]
[staged] Final done — IoU: 0.632  ✓
[staged] FD refinement — 5 Adam steps  (180 renders, lr=0.01, ε=0.02)
    ↑ new global best IoU 0.644  [FD refinement]
[staged] FD done — IoU: 0.644  (Δ=+0.011)  ✓
[staged] Done — final IoU: 0.644  loss: 0.3582
[staged] Popsize: per-robot phases=32  final=32  (theory optimum for 6 DOF = 10)

[staged] Hungarian pre-assignment  (3×3 cost matrix, 8 samples/entry = 72 renders)...
[staged]   robot_a → zone 2  robot_b → zone 1  robot_c → zone 0

[staged] Phase 1 — forward greedy  (8 iters × 3 robot(s), sigma=0.40×1.00, popsize=32)
[staged]   Ph1 robot a  zone 2  (uncovered: 36% of target)
    voronoi warm-start: IoU 0.105 → 0.157 ✓
    [parallel] 10 worker threads, one renderer clone each
    init sampling: best coverage score 67.0px of uncovered area  (8 samples)
[staged]   → robot a: IoU 0.105 → 0.442  ✓
    ↑ new global best IoU 0.442  [phase Ph1 robot a]
[staged]   Ph1 robot b  zone 1  (uncovered: 15% of target)
    voronoi warm-start: IoU 0.430 ≤ 0.442, kept current
    [parallel] 10 worker threads, one renderer clone each
    init sampling: best coverage score 356.0px of uncovered area  (16 samples)
[staged]   → robot b: IoU 0.442 → 0.532  ✓
    ↑ new global best IoU 0.532  [phase Ph1 robot b]
[staged]   Ph1 robot c  zone 0  (uncovered: 11% of target)
    voronoi warm-start: IoU 0.532 → 0.553 ✓
    [parallel] 10 worker threads, one renderer clone each
    init sampling: best coverage score 306.0px of uncovered area  (8 samples)
[staged]   → robot c: IoU 0.532 → 0.567  ✓
    ↑ new global best IoU 0.567  [phase Ph1 robot c]
[staged] Phase 1 done — composite IoU: 0.567

[staged] Phase 2 — backward pass  (8 iters × 3 robots, sigma=0.300)
[staged]   contributions before Phase 2:
[staged]     robot a: +0.288 IoU
[staged]     robot b: +0.115 IoU
[staged]     robot c: +0.034 IoU  ← low
[staged]   Ph2 robot c  zone 0  (uncovered: 33% of target)
    [parallel] 10 worker threads, one renderer clone each
    init sampling: best coverage score 316.0px of uncovered area  (16 samples)
[staged]   → robot c: IoU 0.567 → 0.608  ✓
    ↑ new global best IoU 0.608  [phase Ph2 robot c]
[staged]   Ph2 robot b  zone 1  (uncovered: 38% of target)
    [parallel] 10 worker threads, one renderer clone each
    init sampling: best coverage score 672.0px of uncovered area  (16 samples)
[staged]   → robot b: candidate 0.597 < current 0.608  ✗ rejected
[staged]   Ph2 robot a  zone 2  (uncovered: 59% of target)
    [parallel] 10 worker threads, one renderer clone each
    init sampling: best coverage score 611.0px of uncovered area  (16 samples)
[staged]   → robot a: IoU 0.608 → 0.634  ✓
    ↑ new global best IoU 0.634  [phase Ph2 robot a]
[staged] Phase 2 done — composite IoU: 0.634

[staged] Best snapshot: Phase 2  IoU=0.634
[staged] Final refinement — all joints  (10 iters, popsize=32, sigma=0.160)
    [parallel] 10 worker threads, one renderer clone each
    ↑ new global best IoU 0.649  [final refinement]
[staged] Final done — IoU: 0.649  ✓
[staged] FD refinement — 5 Adam steps  (180 renders, lr=0.01, ε=0.02)
    ↑ new global best IoU 0.665  [FD refinement]
[staged] FD done — IoU: 0.665  (Δ=+0.017)  ✓
[staged] Done — final IoU: 0.665  loss: 0.3359
[staged] Popsize: per-robot phases=32  final=32  (theory optimum for 6 DOF = 10)

[staged] Hungarian pre-assignment  (3×3 cost matrix, 8 samples/entry = 72 renders)...
[staged]   robot_a → zone 1  robot_b → zone 2  robot_c → zone 0

[staged] Phase 1 — forward greedy  (8 iters × 3 robot(s), sigma=0.40×1.00, popsize=32)
[staged]   Ph1 robot a  zone 1  (uncovered: 37% of target)
    voronoi warm-start: IoU 0.105 → 0.182 ✓
    [parallel] 10 worker threads, one renderer clone each
    init sampling: best coverage score 390.0px of uncovered area  (8 samples)
[staged]   → robot a: IoU 0.105 → 0.403  ✓
    ↑ new global best IoU 0.403  [phase Ph1 robot a]
[staged]   Ph1 robot b  zone 2  (uncovered: 17% of target)
    voronoi warm-start: IoU 0.403 → 0.406 ✓
    [parallel] 10 worker threads, one renderer clone each
    init sampling: best coverage score 346.0px of uncovered area  (8 samples)
[staged]   → robot b: IoU 0.403 → 0.518  ✓
    ↑ new global best IoU 0.518  [phase Ph1 robot b]
[staged]   Ph1 robot c  zone 0  (uncovered: 13% of target)
    voronoi warm-start: IoU 0.518 → 0.523 ✓
    [parallel] 10 worker threads, one renderer clone each
    init sampling: best coverage score 71.0px of uncovered area  (8 samples)
[staged]   → robot c: IoU 0.518 → 0.538  ✓
    ↑ new global best IoU 0.538  [phase Ph1 robot c]
[staged] Phase 1 done — composite IoU: 0.538

[staged] Phase 2 — backward pass  (8 iters × 3 robots, sigma=0.300)
[staged]   contributions before Phase 2:
[staged]     robot a: +0.203 IoU
[staged]     robot b: +0.102 IoU
[staged]     robot c: +0.020 IoU  ← low
[staged]   Ph2 robot c  zone 0  (uncovered: 36% of target)
    [parallel] 10 worker threads, one renderer clone each
    init sampling: best coverage score 299.0px of uncovered area  (16 samples)
[staged]   → robot c: IoU 0.538 → 0.586  ✓
    ↑ new global best IoU 0.586  [phase Ph2 robot c]
[staged]   Ph2 robot b  zone 2  (uncovered: 40% of target)
    [parallel] 10 worker threads, one renderer clone each
    init sampling: best coverage score 533.0px of uncovered area  (16 samples)
[staged]   → robot b: candidate 0.567 < current 0.586  ✗ rejected
[staged]   Ph2 robot a  zone 1  (uncovered: 61% of target)
    [parallel] 10 worker threads, one renderer clone each
    init sampling: best coverage score 1083.0px of uncovered area  (16 samples)
[staged]   → robot a: candidate 0.573 < current 0.586  ✗ rejected
[staged] Phase 2 done — composite IoU: 0.586

[staged] Best snapshot: Phase 2  IoU=0.586
[staged] Final refinement — all joints  (10 iters, popsize=32, sigma=0.160)
    [parallel] 10 worker threads, one renderer clone each
    ↑ new global best IoU 0.625  [final refinement]
[staged] Final done — IoU: 0.625  ✓
[staged] FD refinement — 5 Adam steps  (180 renders, lr=0.01, ε=0.02)
    ↑ new global best IoU 0.653  [FD refinement]
[staged] FD done — IoU: 0.653  (Δ=+0.028)  ✓
[staged] Done — final IoU: 0.653  loss: 0.3487
[staged] Popsize: per-robot phases=32  final=32  (theory optimum for 6 DOF = 10)

[staged] Hungarian pre-assignment  (3×3 cost matrix, 8 samples/entry = 72 renders)...
[staged]   robot_a → zone 0  robot_b → zone 1  robot_c → zone 2

[staged] Phase 1 — forward greedy  (8 iters × 3 robot(s), sigma=0.40×1.00, popsize=32)
[staged]   Ph1 robot a  zone 0  (uncovered: 37% of target)
    voronoi warm-start: IoU 0.105 → 0.182 ✓
    [parallel] 10 worker threads, one renderer clone each
    init sampling: best coverage score 956.0px of uncovered area  (8 samples)
[staged]   → robot a: IoU 0.105 → 0.421  ✓
    ↑ new global best IoU 0.421  [phase Ph1 robot a]
[staged]   Ph1 robot b  zone 1  (uncovered: 17% of target)
    voronoi warm-start: IoU 0.419 ≤ 0.421, kept current
    [parallel] 10 worker threads, one renderer clone each
    init sampling: best coverage score 266.0px of uncovered area  (16 samples)
[staged]   → robot b: IoU 0.421 → 0.500  ✓
    ↑ new global best IoU 0.500  [phase Ph1 robot b]
[staged]   Ph1 robot c  zone 2  (uncovered: 15% of target)
    voronoi warm-start: IoU 0.500 → 0.524 ✓
    [parallel] 10 worker threads, one renderer clone each
    init sampling: best coverage score 297.0px of uncovered area  (8 samples)
[staged]   → robot c: IoU 0.500 → 0.572  ✓
    ↑ new global best IoU 0.572  [phase Ph1 robot c]
[staged] Phase 1 done — composite IoU: 0.572

[staged] Phase 2 — backward pass  (8 iters × 3 robots, sigma=0.300)
[staged]   contributions before Phase 2:
[staged]     robot a: +0.273 IoU
[staged]     robot b: +0.074 IoU
[staged]     robot c: +0.072 IoU
[staged]   Ph2 robot c  zone 2  (uncovered: 37% of target)
    [parallel] 10 worker threads, one renderer clone each
    init sampling: best coverage score 344.0px of uncovered area  (16 samples)
[staged]   → robot c: candidate 0.547 < current 0.572  ✗ rejected
[staged]   Ph2 robot b  zone 1  (uncovered: 41% of target)
    [parallel] 10 worker threads, one renderer clone each
    init sampling: best coverage score 527.0px of uncovered area  (16 samples)
[staged]   → robot b: IoU 0.572 → 0.611  ✓
    ↑ new global best IoU 0.611  [phase Ph2 robot b]
[staged]   Ph2 robot a  zone 0  (uncovered: 61% of target)
    [parallel] 10 worker threads, one renderer clone each
    init sampling: best coverage score 1148.0px of uncovered area  (16 samples)
[staged]   → robot a: IoU 0.611 → 0.620  ✓
    ↑ new global best IoU 0.620  [phase Ph2 robot a]
[staged] Phase 2 done — composite IoU: 0.620

[staged] Best snapshot: Phase 2  IoU=0.620
[staged] Final refinement — all joints  (10 iters, popsize=32, sigma=0.160)
    [parallel] 10 worker threads, one renderer clone each
    ↑ new global best IoU 0.646  [final refinement]
[staged] Final done — IoU: 0.646  ✓
[staged] FD refinement — 5 Adam steps  (180 renders, lr=0.01, ε=0.02)
    ↑ new global best IoU 0.669  [FD refinement]
[staged] FD done — IoU: 0.669  (Δ=+0.023)  ✓
[staged] Done — final IoU: 0.669  loss: 0.3330
[staged] Popsize: per-robot phases=32  final=32  (theory optimum for 6 DOF = 10)

[staged] Hungarian pre-assignment  (3×3 cost matrix, 8 samples/entry = 72 renders)...
[staged]   robot_a → zone 1  robot_b → zone 2  robot_c → zone 0

[staged] Phase 1 — forward greedy  (8 iters × 3 robot(s), sigma=0.40×1.00, popsize=32)
[staged]   Ph1 robot a  zone 1  (uncovered: 36% of target)
    voronoi warm-start: IoU 0.105 → 0.157 ✓
    [parallel] 10 worker threads, one renderer clone each
    init sampling: best coverage score 1127.0px of uncovered area  (8 samples)
[staged]   → robot a: IoU 0.105 → 0.478  ✓
    ↑ new global best IoU 0.478  [phase Ph1 robot a]
[staged]   Ph1 robot b  zone 2  (uncovered: 16% of target)
    voronoi warm-start: IoU 0.474 ≤ 0.478, kept current
    [parallel] 10 worker threads, one renderer clone each
    init sampling: best coverage score 410.0px of uncovered area  (16 samples)
[staged]   → robot b: IoU 0.478 → 0.551  ✓
    ↑ new global best IoU 0.551  [phase Ph1 robot b]
[staged]   Ph1 robot c  zone 0  (uncovered: 11% of target)
    voronoi warm-start: IoU 0.504 ≤ 0.551, kept current
    [parallel] 10 worker threads, one renderer clone each
    init sampling: best coverage score 160.0px of uncovered area  (16 samples)
[staged]   → robot c: IoU 0.551 → 0.591  ✓
    ↑ new global best IoU 0.591  [phase Ph1 robot c]
[staged] Phase 1 done — composite IoU: 0.591

[staged] Phase 2 — backward pass  (8 iters × 3 robots, sigma=0.300)
[staged]   contributions before Phase 2:
[staged]     robot a: +0.337 IoU
[staged]     robot b: +0.056 IoU
[staged]     robot c: +0.041 IoU  ← low
[staged]   Ph2 robot c  zone 0  (uncovered: 33% of target)
    [parallel] 10 worker threads, one renderer clone each
    init sampling: best coverage score 213.0px of uncovered area  (16 samples)
[staged]   → robot c: candidate 0.585 < current 0.591  ✗ rejected
[staged]   Ph2 robot b  zone 2  (uncovered: 35% of target)
    [parallel] 10 worker threads, one renderer clone each
    init sampling: best coverage score 290.0px of uncovered area  (16 samples)
[staged]   → robot b: candidate 0.560 < current 0.591  ✗ rejected
[staged]   Ph2 robot a  zone 1  (uncovered: 68% of target)
    [parallel] 10 worker threads, one renderer clone each
    init sampling: best coverage score 1540.0px of uncovered area  (16 samples)
[staged]   → robot a: candidate 0.563 < current 0.591  ✗ rejected
[staged] Phase 2 done — composite IoU: 0.591

[staged] Best snapshot: Phase 1  IoU=0.591
[staged] Final refinement — all joints  (10 iters, popsize=32, sigma=0.160)
    [parallel] 10 worker threads, one renderer clone each
    ↑ new global best IoU 0.592  [final refinement]
[staged] Final done — IoU: 0.592  ✓
[staged] FD refinement — 5 Adam steps  (180 renders, lr=0.01, ε=0.02)
    ↑ new global best IoU 0.603  [FD refinement]
[staged] FD done — IoU: 0.603  (Δ=+0.012)  ✓
[staged] Done — final IoU: 0.603  loss: 0.3981
[shard 0] 8/10 digits/4_dejavusans-bold  best=0.669 mean=0.647±0.023  88s  eta 0.0h
[staged] Popsize: per-robot phases=32  final=32  (theory optimum for 6 DOF = 10)

[staged] Hungarian pre-assignment  (3×3 cost matrix, 8 samples/entry = 72 renders)...
[staged]   robot_a → zone 1  robot_b → zone 0  robot_c → zone 2

[staged] Phase 1 — forward greedy  (8 iters × 3 robot(s), sigma=0.40×1.00, popsize=32)
[staged]   Ph1 robot a  zone 1  (uncovered: 22% of target)
    voronoi warm-start: IoU 0.038 → 0.233 ✓
    [parallel] 10 worker threads, one renderer clone each
    init sampling: best coverage score 471.0px of uncovered area  (8 samples)
[staged]   → robot a: IoU 0.038 → 0.420  ✓
    ↑ new global best IoU 0.420  [phase Ph1 robot a]
[staged]   Ph1 robot b  zone 0  (uncovered: 14% of target)
    voronoi warm-start: IoU 0.420 → 0.490 ✓
    [parallel] 10 worker threads, one renderer clone each
    init sampling: best coverage score 19.0px of uncovered area  (8 samples)
[staged]   → robot b: IoU 0.420 → 0.526  ✓
    ↑ new global best IoU 0.526  [phase Ph1 robot b]
[staged]   Ph1 robot c  zone 2  (uncovered: 2% of target)
    voronoi warm-start: IoU 0.515 ≤ 0.526, kept current
    [parallel] 10 worker threads, one renderer clone each
    init sampling: best coverage score 30.0px of uncovered area  (16 samples)
[staged]   → robot c: IoU 0.526 → 0.587  ✓
    ↑ new global best IoU 0.587  [phase Ph1 robot c]
[staged] Phase 1 done — composite IoU: 0.587

[staged] Phase 2 — backward pass  (8 iters × 3 robots, sigma=0.300)
[staged]   contributions before Phase 2:
[staged]     robot a: +0.244 IoU
[staged]     robot b: +0.104 IoU
[staged]     robot c: +0.061 IoU
[staged]   Ph2 robot c  zone 2  (uncovered: 30% of target)
    [parallel] 10 worker threads, one renderer clone each
    init sampling: best coverage score 218.0px of uncovered area  (16 samples)
[staged]   → robot c: IoU 0.587 → 0.620  ✓
    ↑ new global best IoU 0.620  [phase Ph2 robot c]
[staged]   Ph2 robot b  zone 0  (uncovered: 36% of target)
    [parallel] 10 worker threads, one renderer clone each
    init sampling: best coverage score 445.0px of uncovered area  (16 samples)
[staged]   → robot b: IoU 0.620 → 0.643  ✓
    ↑ new global best IoU 0.643  [phase Ph2 robot b]
[staged]   Ph2 robot a  zone 1  (uncovered: 42% of target)
    [parallel] 10 worker threads, one renderer clone each
    init sampling: best coverage score 296.0px of uncovered area  (16 samples)
[staged]   → robot a: IoU 0.643 → 0.664  ✓
    ↑ new global best IoU 0.664  [phase Ph2 robot a]
[staged] Phase 2 done — composite IoU: 0.664

[staged] Best snapshot: Phase 2  IoU=0.664
[staged] Final refinement — all joints  (10 iters, popsize=32, sigma=0.160)
    [parallel] 10 worker threads, one renderer clone each
    ↑ new global best IoU 0.677  [final refinement]
[staged] Final done — IoU: 0.677  ✓
[staged] FD refinement — 5 Adam steps  (180 renders, lr=0.01, ε=0.02)
    ↑ new global best IoU 0.697  [FD refinement]
[staged] FD done — IoU: 0.697  (Δ=+0.020)  ✓
[staged] Done — final IoU: 0.697  loss: 0.3034
[staged] Popsize: per-robot phases=32  final=32  (theory optimum for 6 DOF = 10)

[staged] Hungarian pre-assignment  (3×3 cost matrix, 8 samples/entry = 72 renders)...
[staged]   robot_a → zone 2  robot_b → zone 1  robot_c → zone 0

[staged] Phase 1 — forward greedy  (8 iters × 3 robot(s), sigma=0.40×1.00, popsize=32)
[staged]   Ph1 robot a  zone 2  (uncovered: 32% of target)
    voronoi warm-start: IoU 0.038 → 0.179 ✓
    [parallel] 10 worker threads, one renderer clone each
    init sampling: best coverage score 485.0px of uncovered area  (8 samples)
[staged]   → robot a: IoU 0.038 → 0.435  ✓
    ↑ new global best IoU 0.435  [phase Ph1 robot a]
[staged]   Ph1 robot b  zone 1  (uncovered: 14% of target)
    voronoi warm-start: IoU 0.435 → 0.486 ✓
    [parallel] 10 worker threads, one renderer clone each
    init sampling: best coverage score 0.0px of uncovered area  (8 samples)
[staged]   → robot b: IoU 0.435 → 0.545  ✓
    ↑ new global best IoU 0.545  [phase Ph1 robot b]
[staged]   Ph1 robot c  zone 0  (uncovered: 7% of target)
    voronoi warm-start: IoU 0.505 ≤ 0.545, kept current
    [parallel] 10 worker threads, one renderer clone each
    init sampling: best coverage score 88.0px of uncovered area  (16 samples)
[staged]   → robot c: IoU 0.545 → 0.633  ✓
    ↑ new global best IoU 0.633  [phase Ph1 robot c]
[staged] Phase 1 done — composite IoU: 0.633

[staged] Phase 2 — backward pass  (8 iters × 3 robots, sigma=0.300)
[staged]   contributions before Phase 2:
[staged]     robot a: +0.222 IoU
[staged]     robot b: +0.144 IoU
[staged]     robot c: +0.088 IoU
[staged]   Ph2 robot c  zone 0  (uncovered: 24% of target)
    [parallel] 10 worker threads, one renderer clone each
    init sampling: best coverage score 100.0px of uncovered area  (16 samples)
[staged]   → robot c: IoU 0.633 → 0.664  ✓
    ↑ new global best IoU 0.664  [phase Ph2 robot c]
[staged]   Ph2 robot b  zone 1  (uncovered: 29% of target)
    [parallel] 10 worker threads, one renderer clone each
    init sampling: best coverage score 537.0px of uncovered area  (16 samples)
[staged]   → robot b: candidate 0.659 < current 0.664  ✗ rejected
[staged]   Ph2 robot a  zone 2  (uncovered: 33% of target)
    [parallel] 10 worker threads, one renderer clone each
    init sampling: best coverage score 335.0px of uncovered area  (16 samples)
[staged]   → robot a: IoU 0.664 → 0.682  ✓
    ↑ new global best IoU 0.682  [phase Ph2 robot a]
[staged] Phase 2 done — composite IoU: 0.682

[staged] Best snapshot: Phase 2  IoU=0.682
[staged] Final refinement — all joints  (10 iters, popsize=32, sigma=0.160)
    [parallel] 10 worker threads, one renderer clone each
    ↑ new global best IoU 0.761  [final refinement]
[staged] Final done — IoU: 0.761  ✓
[staged] FD refinement — 5 Adam steps  (180 renders, lr=0.01, ε=0.02)
    ↑ new global best IoU 0.780  [FD refinement]
[staged] FD done — IoU: 0.780  (Δ=+0.019)  ✓
[staged] Done — final IoU: 0.780  loss: 0.2201
[staged] Popsize: per-robot phases=32  final=32  (theory optimum for 6 DOF = 10)

[staged] Hungarian pre-assignment  (3×3 cost matrix, 8 samples/entry = 72 renders)...
[staged]   robot_a → zone 1  robot_b → zone 2  robot_c → zone 0

[staged] Phase 1 — forward greedy  (8 iters × 3 robot(s), sigma=0.40×1.00, popsize=32)
[staged]   Ph1 robot a  zone 1  (uncovered: 22% of target)
    voronoi warm-start: IoU 0.038 → 0.233 ✓
    [parallel] 10 worker threads, one renderer clone each
    init sampling: best coverage score 41.0px of uncovered area  (8 samples)
[staged]   → robot a: IoU 0.038 → 0.456  ✓
    ↑ new global best IoU 0.456  [phase Ph1 robot a]
[staged]   Ph1 robot b  zone 2  (uncovered: 8% of target)
    voronoi warm-start: IoU 0.456 → 0.495 ✓
    [parallel] 10 worker threads, one renderer clone each
    init sampling: best coverage score 128.0px of uncovered area  (8 samples)
[staged]   → robot b: IoU 0.456 → 0.573  ✓
    ↑ new global best IoU 0.573  [phase Ph1 robot b]
[staged]   Ph1 robot c  zone 0  (uncovered: 2% of target)
    voronoi warm-start: IoU 0.531 ≤ 0.573, kept current
    [parallel] 10 worker threads, one renderer clone each
    init sampling: best coverage score 36.0px of uncovered area  (16 samples)
[staged]   → robot c: IoU 0.573 → 0.659  ✓
    ↑ new global best IoU 0.659  [phase Ph1 robot c]
[staged] Phase 1 done — composite IoU: 0.659

[staged] Phase 2 — backward pass  (8 iters × 3 robots, sigma=0.300)
[staged]   contributions before Phase 2:
[staged]     robot a: +0.176 IoU
[staged]     robot b: +0.150 IoU
[staged]     robot c: +0.086 IoU
[staged]   Ph2 robot c  zone 0  (uncovered: 17% of target)
    [parallel] 10 worker threads, one renderer clone each
    init sampling: best coverage score 96.0px of uncovered area  (16 samples)
[staged]   → robot c: candidate 0.651 < current 0.659  ✗ rejected
[staged]   Ph2 robot b  zone 2  (uncovered: 27% of target)
    [parallel] 10 worker threads, one renderer clone each
    init sampling: best coverage score 377.0px of uncovered area  (16 samples)
[staged]   → robot b: candidate 0.655 < current 0.659  ✗ rejected
[staged]   Ph2 robot a  zone 1  (uncovered: 37% of target)
    [parallel] 10 worker threads, one renderer clone each
    init sampling: best coverage score 587.0px of uncovered area  (16 samples)
[staged]   → robot a: IoU 0.659 → 0.686  ✓
    ↑ new global best IoU 0.686  [phase Ph2 robot a]
[staged] Phase 2 done — composite IoU: 0.686

[staged] Best snapshot: Phase 2  IoU=0.686
[staged] Final refinement — all joints  (10 iters, popsize=32, sigma=0.160)
    [parallel] 10 worker threads, one renderer clone each
    ↑ new global best IoU 0.713  [final refinement]
[staged] Final done — IoU: 0.713  ✓
[staged] FD refinement — 5 Adam steps  (180 renders, lr=0.01, ε=0.02)
    ↑ new global best IoU 0.746  [FD refinement]
[staged] FD done — IoU: 0.746  (Δ=+0.033)  ✓
[staged] Done — final IoU: 0.746  loss: 0.2546
[staged] Popsize: per-robot phases=32  final=32  (theory optimum for 6 DOF = 10)

[staged] Hungarian pre-assignment  (3×3 cost matrix, 8 samples/entry = 72 renders)...
[staged]   robot_a → zone 0  robot_b → zone 2  robot_c → zone 1

[staged] Phase 1 — forward greedy  (8 iters × 3 robot(s), sigma=0.40×1.00, popsize=32)
[staged]   Ph1 robot a  zone 0  (uncovered: 42% of target)
    voronoi warm-start: IoU 0.038 → 0.239 ✓
    [parallel] 10 worker threads, one renderer clone each
    init sampling: best coverage score 923.0px of uncovered area  (8 samples)
[staged]   → robot a: IoU 0.038 → 0.400  ✓
    ↑ new global best IoU 0.400  [phase Ph1 robot a]
[staged]   Ph1 robot b  zone 2  (uncovered: 18% of target)
    voronoi warm-start: IoU 0.400 → 0.484 ✓
    [parallel] 10 worker threads, one renderer clone each
    init sampling: best coverage score 65.0px of uncovered area  (8 samples)
[staged]   → robot b: IoU 0.400 → 0.543  ✓
    ↑ new global best IoU 0.543  [phase Ph1 robot b]
[staged]   Ph1 robot c  zone 1  (uncovered: 6% of target)
    voronoi warm-start: IoU 0.502 ≤ 0.543, kept current
    [parallel] 10 worker threads, one renderer clone each
    init sampling: best coverage score 176.0px of uncovered area  (16 samples)
[staged]   → robot c: IoU 0.543 → 0.633  ✓
    ↑ new global best IoU 0.633  [phase Ph1 robot c]
[staged] Phase 1 done — composite IoU: 0.633

[staged] Phase 2 — backward pass  (8 iters × 3 robots, sigma=0.300)
[staged]   contributions before Phase 2:
[staged]     robot a: +0.233 IoU
[staged]     robot b: +0.170 IoU
[staged]     robot c: +0.090 IoU
[staged]   Ph2 robot c  zone 1  (uncovered: 28% of target)
    [parallel] 10 worker threads, one renderer clone each
    init sampling: best coverage score 459.0px of uncovered area  (16 samples)
[staged]   → robot c: IoU 0.633 → 0.680  ✓
    ↑ new global best IoU 0.680  [phase Ph2 robot c]
[staged]   Ph2 robot b  zone 2  (uncovered: 34% of target)
    [parallel] 10 worker threads, one renderer clone each
    init sampling: best coverage score 273.0px of uncovered area  (16 samples)
[staged]   → robot b: candidate 0.676 < current 0.680  ✗ rejected
[staged]   Ph2 robot a  zone 0  (uncovered: 30% of target)
    [parallel] 10 worker threads, one renderer clone each
    init sampling: best coverage score 436.0px of uncovered area  (16 samples)
[staged]   → robot a: candidate 0.667 < current 0.680  ✗ rejected
[staged] Phase 2 done — composite IoU: 0.680

[staged] Best snapshot: Phase 2  IoU=0.680
[staged] Final refinement — all joints  (10 iters, popsize=32, sigma=0.160)
    [parallel] 10 worker threads, one renderer clone each
    ↑ new global best IoU 0.713  [final refinement]
[staged] Final done — IoU: 0.713  ✓
[staged] FD refinement — 5 Adam steps  (180 renders, lr=0.01, ε=0.02)
    ↑ new global best IoU 0.732  [FD refinement]
[staged] FD done — IoU: 0.732  (Δ=+0.019)  ✓
[staged] Done — final IoU: 0.732  loss: 0.2681
[staged] Popsize: per-robot phases=32  final=32  (theory optimum for 6 DOF = 10)

[staged] Hungarian pre-assignment  (3×3 cost matrix, 8 samples/entry = 72 renders)...
[staged]   robot_a → zone 2  robot_b → zone 0  robot_c → zone 1

[staged] Phase 1 — forward greedy  (8 iters × 3 robot(s), sigma=0.40×1.00, popsize=32)
[staged]   Ph1 robot a  zone 2  (uncovered: 42% of target)
    voronoi warm-start: IoU 0.038 → 0.239 ✓
    [parallel] 10 worker threads, one renderer clone each
    init sampling: best coverage score 532.0px of uncovered area  (8 samples)
[staged]   → robot a: IoU 0.038 → 0.561  ✓
    ↑ new global best IoU 0.561  [phase Ph1 robot a]
[staged]   Ph1 robot b  zone 0  (uncovered: 16% of target)
    voronoi warm-start: IoU 0.561 → 0.579 ✓
    [parallel] 10 worker threads, one renderer clone each
    init sampling: best coverage score 46.0px of uncovered area  (8 samples)
[staged]   → robot b: IoU 0.561 → 0.599  ✓
    ↑ new global best IoU 0.599  [phase Ph1 robot b]
[staged]   Ph1 robot c  zone 1  (uncovered: 0% of target)
    voronoi warm-start: IoU 0.548 ≤ 0.599, kept current
    [parallel] 10 worker threads, one renderer clone each
    init sampling: best coverage score 10.0px of uncovered area  (16 samples)
[staged]   → robot c: IoU 0.599 → 0.686  ✓
    ↑ new global best IoU 0.686  [phase Ph1 robot c]
[staged] Phase 1 done — composite IoU: 0.686

[staged] Phase 2 — backward pass  (8 iters × 3 robots, sigma=0.300)
[staged]   contributions before Phase 2:
[staged]     robot a: +0.343 IoU
[staged]     robot b: +0.074 IoU
[staged]     robot c: +0.087 IoU
[staged]   Ph2 robot c  zone 1  (uncovered: 21% of target)
    [parallel] 10 worker threads, one renderer clone each
    init sampling: best coverage score 59.0px of uncovered area  (16 samples)
[staged]   → robot c: IoU 0.686 → 0.694  ✓
    ↑ new global best IoU 0.694  [phase Ph2 robot c]
[staged]   Ph2 robot b  zone 0  (uncovered: 18% of target)
    [parallel] 10 worker threads, one renderer clone each
    init sampling: best coverage score 226.0px of uncovered area  (16 samples)
[staged]   → robot b: IoU 0.694 → 0.721  ✓
    ↑ new global best IoU 0.721  [phase Ph2 robot b]
[staged]   Ph2 robot a  zone 2  (uncovered: 47% of target)
    [parallel] 10 worker threads, one renderer clone each
    init sampling: best coverage score 733.0px of uncovered area  (16 samples)
[staged]   → robot a: candidate 0.701 < current 0.721  ✗ rejected
[staged] Phase 2 done — composite IoU: 0.721

[staged] Best snapshot: Phase 2  IoU=0.721
[staged] Final refinement — all joints  (10 iters, popsize=32, sigma=0.160)
    [parallel] 10 worker threads, one renderer clone each
    ↑ new global best IoU 0.731  [final refinement]
[staged] Final done — IoU: 0.731  ✓
[staged] FD refinement — 5 Adam steps  (180 renders, lr=0.01, ε=0.02)
    ↑ new global best IoU 0.760  [FD refinement]
[staged] FD done — IoU: 0.760  (Δ=+0.029)  ✓
[staged] Done — final IoU: 0.760  loss: 0.2412
[shard 0] 9/10 digits/7_dejavusans-bold  best=0.780 mean=0.743±0.028  88s  eta 0.0h
[staged] Popsize: per-robot phases=32  final=32  (theory optimum for 6 DOF = 10)

[staged] Hungarian pre-assignment  (3×3 cost matrix, 8 samples/entry = 72 renders)...
[staged]   robot_a → zone 2  robot_b → zone 0  robot_c → zone 1

[staged] Phase 1 — forward greedy  (8 iters × 3 robot(s), sigma=0.40×1.00, popsize=32)
[staged]   Ph1 robot a  zone 2  (uncovered: 26% of target)
    voronoi warm-start: IoU 0.075 → 0.160 ✓
    [parallel] 10 worker threads, one renderer clone each
    init sampling: best coverage score 653.0px of uncovered area  (8 samples)
[staged]   → robot a: IoU 0.075 → 0.352  ✓
    ↑ new global best IoU 0.352  [phase Ph1 robot a]
[staged]   Ph1 robot b  zone 0  (uncovered: 33% of target)
    voronoi warm-start: IoU 0.352 → 0.357 ✓
    [parallel] 10 worker threads, one renderer clone each
    init sampling: best coverage score 0.0px of uncovered area  (8 samples)
[staged]   → robot b: IoU 0.352 → 0.580  ✓
    ↑ new global best IoU 0.580  [phase Ph1 robot b]
[staged]   Ph1 robot c  zone 1  (uncovered: 5% of target)
    voronoi warm-start: IoU 0.579 ≤ 0.580, kept current
    [parallel] 10 worker threads, one renderer clone each
    init sampling: best coverage score 58.0px of uncovered area  (16 samples)
[staged]   → robot c: IoU 0.580 → 0.646  ✓
    ↑ new global best IoU 0.646  [phase Ph1 robot c]
[staged] Phase 1 done — composite IoU: 0.646

[staged] Phase 2 — backward pass  (8 iters × 3 robots, sigma=0.300)
[staged]   contributions before Phase 2:
[staged]     robot a: +0.245 IoU
[staged]     robot b: +0.184 IoU
[staged]     robot c: +0.066 IoU
[staged]   Ph2 robot c  zone 1  (uncovered: 28% of target)
    [parallel] 10 worker threads, one renderer clone each
    init sampling: best coverage score 324.0px of uncovered area  (16 samples)
[staged]   → robot c: IoU 0.646 → 0.665  ✓
    ↑ new global best IoU 0.665  [phase Ph2 robot c]
[staged]   Ph2 robot b  zone 0  (uncovered: 39% of target)
    [parallel] 10 worker threads, one renderer clone each
    init sampling: best coverage score 248.0px of uncovered area  (16 samples)
[staged]   → robot b: candidate 0.575 < current 0.665  ✗ rejected
[staged]   Ph2 robot a  zone 2  (uncovered: 51% of target)
    [parallel] 10 worker threads, one renderer clone each
    init sampling: best coverage score 1013.0px of uncovered area  (16 samples)
[staged]   → robot a: candidate 0.640 < current 0.665  ✗ rejected
[staged] Phase 2 done — composite IoU: 0.665

[staged] Best snapshot: Phase 2  IoU=0.665
[staged] Final refinement — all joints  (10 iters, popsize=32, sigma=0.160)
    [parallel] 10 worker threads, one renderer clone each
    ↑ new global best IoU 0.693  [final refinement]
[staged] Final done — IoU: 0.693  ✓
[staged] FD refinement — 5 Adam steps  (180 renders, lr=0.01, ε=0.02)
    ↑ new global best IoU 0.708  [FD refinement]
[staged] FD done — IoU: 0.708  (Δ=+0.015)  ✓
[staged] Done — final IoU: 0.708  loss: 0.2925
[staged] Popsize: per-robot phases=32  final=32  (theory optimum for 6 DOF = 10)

[staged] Hungarian pre-assignment  (3×3 cost matrix, 8 samples/entry = 72 renders)...
[staged]   robot_a → zone 2  robot_b → zone 1  robot_c → zone 0

[staged] Phase 1 — forward greedy  (8 iters × 3 robot(s), sigma=0.40×1.00, popsize=32)
[staged]   Ph1 robot a  zone 2  (uncovered: 28% of target)
    voronoi warm-start: IoU 0.075 → 0.162 ✓
    [parallel] 10 worker threads, one renderer clone each
    init sampling: best coverage score 368.0px of uncovered area  (8 samples)
[staged]   → robot a: IoU 0.075 → 0.381  ✓
    ↑ new global best IoU 0.381  [phase Ph1 robot a]
[staged]   Ph1 robot b  zone 1  (uncovered: 8% of target)
    voronoi warm-start: IoU 0.381 → 0.471 ✓
    [parallel] 10 worker threads, one renderer clone each
    init sampling: best coverage score 0.0px of uncovered area  (8 samples)
[staged]   → robot b: IoU 0.381 → 0.559  ✓
    ↑ new global best IoU 0.559  [phase Ph1 robot b]
[staged]   Ph1 robot c  zone 0  (uncovered: 12% of target)
    voronoi warm-start: IoU 0.559 → 0.580 ✓
    [parallel] 10 worker threads, one renderer clone each
    init sampling: best coverage score 237.0px of uncovered area  (8 samples)
[staged]   → robot c: IoU 0.559 → 0.624  ✓
    ↑ new global best IoU 0.624  [phase Ph1 robot c]
[staged] Phase 1 done — composite IoU: 0.624

[staged] Phase 2 — backward pass  (8 iters × 3 robots, sigma=0.300)
[staged]   contributions before Phase 2:
[staged]     robot a: +0.292 IoU
[staged]     robot b: +0.176 IoU
[staged]     robot c: +0.065 IoU
[staged]   Ph2 robot c  zone 0  (uncovered: 33% of target)
    [parallel] 10 worker threads, one renderer clone each
    init sampling: best coverage score 418.0px of uncovered area  (16 samples)
[staged]   → robot c: IoU 0.624 → 0.625  ✓
    ↑ new global best IoU 0.625  [phase Ph2 robot c]
[staged]   Ph2 robot b  zone 1  (uncovered: 47% of target)
    [parallel] 10 worker threads, one renderer clone each
    init sampling: best coverage score 1122.0px of uncovered area  (16 samples)
[staged]   → robot b: IoU 0.625 → 0.689  ✓
    ↑ new global best IoU 0.689  [phase Ph2 robot b]
[staged]   Ph2 robot a  zone 2  (uncovered: 41% of target)
    [parallel] 10 worker threads, one renderer clone each
    init sampling: best coverage score 513.0px of uncovered area  (16 samples)
[staged]   → robot a: candidate 0.670 < current 0.689  ✗ rejected
[staged] Phase 2 done — composite IoU: 0.689

[staged] Best snapshot: Phase 2  IoU=0.689
[staged] Final refinement — all joints  (10 iters, popsize=32, sigma=0.160)
    [parallel] 10 worker threads, one renderer clone each
    ↑ new global best IoU 0.695  [final refinement]
[staged] Final done — IoU: 0.695  ✓
[staged] FD refinement — 5 Adam steps  (180 renders, lr=0.01, ε=0.02)
    ↑ new global best IoU 0.707  [FD refinement]
[staged] FD done — IoU: 0.707  (Δ=+0.012)  ✓
[staged] Done — final IoU: 0.707  loss: 0.2937
[staged] Popsize: per-robot phases=32  final=32  (theory optimum for 6 DOF = 10)

[staged] Hungarian pre-assignment  (3×3 cost matrix, 8 samples/entry = 72 renders)...
[staged]   robot_a → zone 1  robot_b → zone 2  robot_c → zone 0

[staged] Phase 1 — forward greedy  (8 iters × 3 robot(s), sigma=0.40×1.00, popsize=32)
[staged]   Ph1 robot a  zone 1  (uncovered: 31% of target)
    voronoi warm-start: IoU 0.075 → 0.254 ✓
    [parallel] 10 worker threads, one renderer clone each
    init sampling: best coverage score 543.0px of uncovered area  (8 samples)
[staged]   → robot a: IoU 0.075 → 0.343  ✓
    ↑ new global best IoU 0.343  [phase Ph1 robot a]
[staged]   Ph1 robot b  zone 2  (uncovered: 33% of target)
    voronoi warm-start: IoU 0.343 → 0.348 ✓
    [parallel] 10 worker threads, one renderer clone each
    init sampling: best coverage score 556.0px of uncovered area  (8 samples)
[staged]   → robot b: IoU 0.343 → 0.526  ✓
    ↑ new global best IoU 0.526  [phase Ph1 robot b]
[staged]   Ph1 robot c  zone 0  (uncovered: 10% of target)
    voronoi warm-start: IoU 0.519 ≤ 0.526, kept current
    [parallel] 10 worker threads, one renderer clone each
    init sampling: best coverage score 169.0px of uncovered area  (16 samples)
[staged]   → robot c: IoU 0.526 → 0.572  ✓
    ↑ new global best IoU 0.572  [phase Ph1 robot c]
[staged] Phase 1 done — composite IoU: 0.572

[staged] Phase 2 — backward pass  (8 iters × 3 robots, sigma=0.300)
[staged]   contributions before Phase 2:
[staged]     robot a: +0.213 IoU
[staged]     robot b: +0.172 IoU
[staged]     robot c: +0.046 IoU  ← low
[staged]   Ph2 robot c  zone 0  (uncovered: 34% of target)
    [parallel] 10 worker threads, one renderer clone each
    init sampling: best coverage score 378.0px of uncovered area  (16 samples)
[staged]   → robot c: IoU 0.572 → 0.612  ✓
    ↑ new global best IoU 0.612  [phase Ph2 robot c]
[staged]   Ph2 robot b  zone 2  (uncovered: 41% of target)
    [parallel] 10 worker threads, one renderer clone each
    init sampling: best coverage score 183.0px of uncovered area  (16 samples)
[staged]   → robot b: candidate 0.572 < current 0.612  ✗ rejected
[staged]   Ph2 robot a  zone 1  (uncovered: 55% of target)
    [parallel] 10 worker threads, one renderer clone each
    init sampling: best coverage score 1381.0px of uncovered area  (16 samples)
[staged]   → robot a: IoU 0.612 → 0.612  ✓
    ↑ new global best IoU 0.612  [phase Ph2 robot a]
[staged] Phase 2 done — composite IoU: 0.612

[staged] Best snapshot: Phase 2  IoU=0.612
[staged] Final refinement — all joints  (10 iters, popsize=32, sigma=0.160)
    [parallel] 10 worker threads, one renderer clone each
    ↑ new global best IoU 0.644  [final refinement]
[staged] Final done — IoU: 0.644  ✓
[staged] FD refinement — 5 Adam steps  (180 renders, lr=0.01, ε=0.02)
    ↑ new global best IoU 0.651  [FD refinement]
[staged] FD done — IoU: 0.651  (Δ=+0.007)  ✓
[staged] Done — final IoU: 0.651  loss: 0.3506
[staged] Popsize: per-robot phases=32  final=32  (theory optimum for 6 DOF = 10)

[staged] Hungarian pre-assignment  (3×3 cost matrix, 8 samples/entry = 72 renders)...
[staged]   robot_a → zone 2  robot_b → zone 0  robot_c → zone 1

[staged] Phase 1 — forward greedy  (8 iters × 3 robot(s), sigma=0.40×1.00, popsize=32)
[staged]   Ph1 robot a  zone 2  (uncovered: 33% of target)
    voronoi warm-start: IoU 0.075 → 0.251 ✓
    [parallel] 10 worker threads, one renderer clone each
    init sampling: best coverage score 769.0px of uncovered area  (8 samples)
[staged]   → robot a: IoU 0.075 → 0.338  ✓
    ↑ new global best IoU 0.338  [phase Ph1 robot a]
[staged]   Ph1 robot b  zone 0  (uncovered: 28% of target)
    voronoi warm-start: IoU 0.338 → 0.427 ✓
    [parallel] 10 worker threads, one renderer clone each
    init sampling: best coverage score 443.0px of uncovered area  (8 samples)
[staged]   → robot b: IoU 0.338 → 0.503  ✓
    ↑ new global best IoU 0.503  [phase Ph1 robot b]
[staged]   Ph1 robot c  zone 1  (uncovered: 13% of target)
    voronoi warm-start: IoU 0.491 ≤ 0.503, kept current
    [parallel] 10 worker threads, one renderer clone each
    init sampling: best coverage score 243.0px of uncovered area  (16 samples)
[staged]   → robot c: IoU 0.503 → 0.519  ✓
    ↑ new global best IoU 0.519  [phase Ph1 robot c]
[staged] Phase 1 done — composite IoU: 0.519

[staged] Phase 2 — backward pass  (8 iters × 3 robots, sigma=0.300)
[staged]   contributions before Phase 2:
[staged]     robot a: +0.262 IoU
[staged]     robot b: +0.165 IoU
[staged]     robot c: +0.016 IoU  ← low
[staged]   Ph2 robot c  zone 1  (uncovered: 37% of target)
    [parallel] 10 worker threads, one renderer clone each
    init sampling: best coverage score 338.0px of uncovered area  (16 samples)
[staged]   → robot c: IoU 0.519 → 0.567  ✓
    ↑ new global best IoU 0.567  [phase Ph2 robot c]
[staged]   Ph2 robot b  zone 0  (uncovered: 38% of target)
    [parallel] 10 worker threads, one renderer clone each
    init sampling: best coverage score 399.0px of uncovered area  (16 samples)
[staged]   → robot b: IoU 0.567 → 0.599  ✓
    ↑ new global best IoU 0.599  [phase Ph2 robot b]
[staged]   Ph2 robot a  zone 2  (uncovered: 48% of target)
    [parallel] 10 worker threads, one renderer clone each
    init sampling: best coverage score 1213.0px of uncovered area  (16 samples)
[staged]   → robot a: IoU 0.599 → 0.620  ✓
    ↑ new global best IoU 0.620  [phase Ph2 robot a]
[staged] Phase 2 done — composite IoU: 0.620

[staged] Best snapshot: Phase 2  IoU=0.620
[staged] Final refinement — all joints  (10 iters, popsize=32, sigma=0.160)
    [parallel] 10 worker threads, one renderer clone each
    ↑ new global best IoU 0.656  [final refinement]
[staged] Final done — IoU: 0.656  ✓
[staged] FD refinement — 5 Adam steps  (180 renders, lr=0.01, ε=0.02)
    ↑ new global best IoU 0.665  [FD refinement]
[staged] FD done — IoU: 0.665  (Δ=+0.009)  ✓
[staged] Done — final IoU: 0.665  loss: 0.3364
[staged] Popsize: per-robot phases=32  final=32  (theory optimum for 6 DOF = 10)

[staged] Hungarian pre-assignment  (3×3 cost matrix, 8 samples/entry = 72 renders)...
[staged]   robot_a → zone 0  robot_b → zone 2  robot_c → zone 1

[staged] Phase 1 — forward greedy  (8 iters × 3 robot(s), sigma=0.40×1.00, popsize=32)
[staged]   Ph1 robot a  zone 0  (uncovered: 33% of target)
    voronoi warm-start: IoU 0.075 → 0.251 ✓
    [parallel] 10 worker threads, one renderer clone each
    init sampling: best coverage score 1036.0px of uncovered area  (8 samples)
[staged]   → robot a: IoU 0.075 → 0.405  ✓
    ↑ new global best IoU 0.405  [phase Ph1 robot a]
[staged]   Ph1 robot b  zone 2  (uncovered: 29% of target)
    voronoi warm-start: IoU 0.405 → 0.508 ✓
    [parallel] 10 worker threads, one renderer clone each
    init sampling: best coverage score 397.0px of uncovered area  (8 samples)
[staged]   → robot b: IoU 0.405 → 0.576  ✓
    ↑ new global best IoU 0.576  [phase Ph1 robot b]
[staged]   Ph1 robot c  zone 1  (uncovered: 8% of target)
    voronoi warm-start: IoU 0.563 ≤ 0.576, kept current
    [parallel] 10 worker threads, one renderer clone each
    init sampling: best coverage score 257.0px of uncovered area  (16 samples)
[staged]   → robot c: IoU 0.576 → 0.660  ✓
    ↑ new global best IoU 0.660  [phase Ph1 robot c]
[staged] Phase 1 done — composite IoU: 0.660

[staged] Phase 2 — backward pass  (8 iters × 3 robots, sigma=0.300)
[staged]   contributions before Phase 2:
[staged]     robot a: +0.290 IoU
[staged]     robot b: +0.164 IoU
[staged]     robot c: +0.084 IoU
[staged]   Ph2 robot c  zone 1  (uncovered: 28% of target)
    [parallel] 10 worker threads, one renderer clone each
    init sampling: best coverage score 506.0px of uncovered area  (16 samples)
[staged]   → robot c: candidate 0.656 < current 0.660  ✗ rejected
[staged]   Ph2 robot b  zone 2  (uncovered: 35% of target)
    [parallel] 10 worker threads, one renderer clone each
    init sampling: best coverage score 502.0px of uncovered area  (16 samples)
[staged]   → robot b: IoU 0.660 → 0.665  ✓
    ↑ new global best IoU 0.665  [phase Ph2 robot b]
[staged]   Ph2 robot a  zone 0  (uncovered: 49% of target)
    [parallel] 10 worker threads, one renderer clone each
    init sampling: best coverage score 1033.0px of uncovered area  (16 samples)
[staged]   → robot a: candidate 0.641 < current 0.665  ✗ rejected
[staged] Phase 2 done — composite IoU: 0.665

[staged] Best snapshot: Phase 2  IoU=0.665
[staged] Final refinement — all joints  (10 iters, popsize=32, sigma=0.160)
    [parallel] 10 worker threads, one renderer clone each
[staged] Final done — IoU: 0.665  ✓
[staged] FD refinement — 5 Adam steps  (180 renders, lr=0.01, ε=0.02)
    ↑ new global best IoU 0.685  [FD refinement]
[staged] FD done — IoU: 0.685  (Δ=+0.019)  ✓
[staged] Done — final IoU: 0.685  loss: 0.3165
[shard 0] 10/10 digits/9_dejavusans-bold  best=0.708 mean=0.683±0.023  88s  eta 0.0h
[shard 0] DONE 10 targets in 0.24h
