[shard 0/1] 10 targets × 5 runs
[scene] so101 ×5: light_y=1.00 wall_y=-2.80 throw=3.80m table_len=0.80m | magnification 2.1x–3.8x
[shard 0] n_dof=30 arm_gap=0.2
[shard 0] variant=staged+init_samples=4
[shard 0] wrote /home/souju/dev/umbra-bench-grounded/optimized/aimed-start-probe10/full-small-init4-n5/BUDGET.md
[staged] Popsize: per-robot phases=32  final=32  (theory optimum for 6 DOF = 10)

[staged] Hungarian pre-assignment  (5×5 cost matrix, 8 samples/entry = 200 renders)...
[staged]   robot_a → zone 3  robot_b → zone 1  robot_c → zone 4  robot_d → zone 2  robot_e → zone 0

[staged] Phase 1 — forward greedy  (8 iters × 5 robot(s), sigma=0.40×1.00, popsize=32)
[staged]   Ph1 robot a  zone 3  (uncovered: 13% of target)
    voronoi warm-start: IoU 0.176 ≤ 0.208, kept current
    [parallel] 10 worker threads, one renderer clone each
    init sampling: best coverage score 215.0px of uncovered area  (4 samples)
[staged]   → robot a: IoU 0.208 → 0.490  ✓
    ↑ new global best IoU 0.490  [phase Ph1 robot a]
[staged]   Ph1 robot b  zone 1  (uncovered: 7% of target)
    voronoi warm-start: IoU 0.416 ≤ 0.490, kept current
    [parallel] 10 worker threads, one renderer clone each
    init sampling: best coverage score 6.0px of uncovered area  (4 samples)
[staged]   → robot b: IoU 0.490 → 0.570  ✓
    ↑ new global best IoU 0.570  [phase Ph1 robot b]
[staged]   Ph1 robot c  zone 4  (uncovered: 2% of target)
    voronoi warm-start: IoU 0.516 ≤ 0.570, kept current
    [parallel] 10 worker threads, one renderer clone each
    init sampling: best coverage score 0.0px of uncovered area  (4 samples)
[staged]   → robot c: IoU 0.570 → 0.601  ✓
    ↑ new global best IoU 0.601  [phase Ph1 robot c]
[staged]   Ph1 robot d  zone 2  (uncovered: 12% of target)
    voronoi warm-start: IoU 0.597 ≤ 0.601, kept current
    [parallel] 10 worker threads, one renderer clone each
    init sampling: best coverage score 67.0px of uncovered area  (4 samples)
[staged]   → robot d: IoU 0.601 → 0.619  ✓
    ↑ new global best IoU 0.619  [phase Ph1 robot d]
[staged]   Ph1 robot e  zone 0  (uncovered: 6% of target)
    voronoi warm-start: IoU 0.602 ≤ 0.619, kept current
    [parallel] 10 worker threads, one renderer clone each
    init sampling: best coverage score 233.0px of uncovered area  (4 samples)
[staged]   → robot e: IoU 0.619 → 0.619  ✓
    ↑ new global best IoU 0.619  [phase Ph1 robot e]
[staged] Phase 1 done — composite IoU: 0.619

[staged] Phase 2 — backward pass  (8 iters × 5 robots, sigma=0.300)
[staged]   contributions before Phase 2:
[staged]     robot a: +0.183 IoU
[staged]     robot b: +0.036 IoU  ← low
[staged]     robot c: +0.036 IoU  ← low
[staged]     robot d: +0.030 IoU  ← low
[staged]     robot e: +0.001 IoU  ← low
[staged]   Ph2 robot e  zone 0  (uncovered: 24% of target)
    [parallel] 10 worker threads, one renderer clone each
    init sampling: best coverage score 145.0px of uncovered area  (4 samples)
[staged]   → robot e: IoU 0.619 → 0.659  ✓
    ↑ new global best IoU 0.659  [phase Ph2 robot e]
[staged]   Ph2 robot d  zone 2  (uncovered: 21% of target)
    [parallel] 10 worker threads, one renderer clone each
    init sampling: best coverage score 78.0px of uncovered area  (4 samples)
[staged]   → robot d: IoU 0.659 → 0.686  ✓
    ↑ new global best IoU 0.686  [phase Ph2 robot d]
[staged]   Ph2 robot c  zone 4  (uncovered: 20% of target)
    [parallel] 10 worker threads, one renderer clone each
    init sampling: best coverage score 226.0px of uncovered area  (4 samples)
[staged]   → robot c: candidate 0.671 < current 0.686  ✗ rejected
[staged]   Ph2 robot b  zone 1  (uncovered: 25% of target)
    [parallel] 10 worker threads, one renderer clone each
    init sampling: best coverage score 263.0px of uncovered area  (4 samples)
[staged]   → robot b: IoU 0.686 → 0.695  ✓
    ↑ new global best IoU 0.695  [phase Ph2 robot b]
[staged]   Ph2 robot a  zone 3  (uncovered: 36% of target)
    [parallel] 10 worker threads, one renderer clone each
    init sampling: best coverage score 222.0px of uncovered area  (4 samples)
[staged]   → robot a: candidate 0.655 < current 0.695  ✗ rejected
[staged] Phase 2 done — composite IoU: 0.695

[staged] Best snapshot: Phase 2  IoU=0.695
[staged] Manifold final pass — computing Jacobian  (ε=0.020, 60 renders)
[staged] Manifold basis: k=11D / 30D  (variance≥85%, top eigenvalues: ['210175.67', '144306.55', '106932.73', '68306.77', '61213.94'])
    ↑ new global best IoU 0.696  [manifold final pass]
[staged] Manifold done — IoU: 0.696  (Δ=+0.001)  ✓
[staged] FD refinement — 5 Adam steps  (300 renders, lr=0.01, ε=0.02)
    ↑ new global best IoU 0.732  [FD refinement]
[staged] FD done — IoU: 0.732  (Δ=+0.035)  ✓
[staged] Done — final IoU: 0.732  loss: 0.2697
[staged] Popsize: per-robot phases=32  final=32  (theory optimum for 6 DOF = 10)

[staged] Hungarian pre-assignment  (5×5 cost matrix, 8 samples/entry = 200 renders)...
[staged]   robot_a → zone 0  robot_b → zone 1  robot_c → zone 3  robot_d → zone 4  robot_e → zone 2

[staged] Phase 1 — forward greedy  (8 iters × 5 robot(s), sigma=0.40×1.00, popsize=32)
[staged]   Ph1 robot a  zone 0  (uncovered: 14% of target)
    voronoi warm-start: IoU 0.176 ≤ 0.208, kept current
    [parallel] 10 worker threads, one renderer clone each
    init sampling: best coverage score 1.0px of uncovered area  (4 samples)
[staged]   → robot a: IoU 0.208 → 0.487  ✓
    ↑ new global best IoU 0.487  [phase Ph1 robot a]
[staged]   Ph1 robot b  zone 1  (uncovered: 10% of target)
    voronoi warm-start: IoU 0.425 ≤ 0.487, kept current
    [parallel] 10 worker threads, one renderer clone each
    init sampling: best coverage score 7.0px of uncovered area  (4 samples)
[staged]   → robot b: IoU 0.487 → 0.585  ✓
    ↑ new global best IoU 0.585  [phase Ph1 robot b]
[staged]   Ph1 robot c  zone 3  (uncovered: 2% of target)
    voronoi warm-start: IoU 0.526 ≤ 0.585, kept current
    [parallel] 10 worker threads, one renderer clone each
    init sampling: best coverage score 14.0px of uncovered area  (4 samples)
[staged]   → robot c: IoU 0.585 → 0.621  ✓
    ↑ new global best IoU 0.621  [phase Ph1 robot c]
[staged]   Ph1 robot d  zone 4  (uncovered: 3% of target)
    voronoi warm-start: IoU 0.621 → 0.629 ✓
    [parallel] 10 worker threads, one renderer clone each
    init sampling: best coverage score 30.0px of uncovered area  (2 samples)
[staged]   → robot d: IoU 0.621 → 0.645  ✓
    ↑ new global best IoU 0.645  [phase Ph1 robot d]
[staged]   Ph1 robot e  zone 2  (uncovered: 1% of target)
    voronoi warm-start: IoU 0.623 ≤ 0.645, kept current
    [parallel] 10 worker threads, one renderer clone each
    init sampling: best coverage score 20.0px of uncovered area  (4 samples)
[staged]   → robot e: IoU 0.645 → 0.667  ✓
    ↑ new global best IoU 0.667  [phase Ph1 robot e]
[staged] Phase 1 done — composite IoU: 0.667

[staged] Phase 2 — backward pass  (8 iters × 5 robots, sigma=0.300)
[staged]   contributions before Phase 2:
[staged]     robot a: +0.209 IoU
[staged]     robot b: +0.076 IoU
[staged]     robot c: +0.045 IoU  ← low
[staged]     robot d: +0.036 IoU  ← low
[staged]     robot e: +0.021 IoU  ← low
[staged]   Ph2 robot e  zone 2  (uncovered: 13% of target)
    [parallel] 10 worker threads, one renderer clone each
    init sampling: best coverage score 55.0px of uncovered area  (4 samples)
[staged]   → robot e: candidate 0.664 < current 0.667  ✗ rejected
[staged]   Ph2 robot d  zone 4  (uncovered: 14% of target)
    [parallel] 10 worker threads, one renderer clone each
    init sampling: best coverage score 124.0px of uncovered area  (4 samples)
[staged]   → robot d: candidate 0.658 < current 0.667  ✗ rejected
[staged]   Ph2 robot c  zone 3  (uncovered: 22% of target)
    [parallel] 10 worker threads, one renderer clone each
    init sampling: best coverage score 128.0px of uncovered area  (4 samples)
[staged]   → robot c: IoU 0.667 → 0.674  ✓
    ↑ new global best IoU 0.674  [phase Ph2 robot c]
[staged]   Ph2 robot b  zone 1  (uncovered: 28% of target)
    [parallel] 10 worker threads, one renderer clone each
    init sampling: best coverage score 314.0px of uncovered area  (4 samples)
[staged]   → robot b: candidate 0.666 < current 0.674  ✗ rejected
[staged]   Ph2 robot a  zone 0  (uncovered: 41% of target)
    [parallel] 10 worker threads, one renderer clone each
    init sampling: best coverage score 1100.0px of uncovered area  (4 samples)
[staged]   → robot a: candidate 0.621 < current 0.674  ✗ rejected
[staged] Phase 2 done — composite IoU: 0.674

[staged] Best snapshot: Phase 2  IoU=0.674
[staged] Manifold final pass — computing Jacobian  (ε=0.020, 60 renders)
[staged] Manifold basis: k=9D / 30D  (variance≥85%, top eigenvalues: ['565169.00', '362042.41', '154093.05', '97393.20', '72619.47'])
    ↑ new global best IoU 0.675  [manifold final pass]
[staged] Manifold done — IoU: 0.675  (Δ=+0.001)  ✓
[staged] FD refinement — 5 Adam steps  (300 renders, lr=0.01, ε=0.02)
    ↑ new global best IoU 0.692  [FD refinement]
[staged] FD done — IoU: 0.692  (Δ=+0.017)  ✓
[staged] Done — final IoU: 0.692  loss: 0.3097
[staged] Popsize: per-robot phases=32  final=32  (theory optimum for 6 DOF = 10)

[staged] Hungarian pre-assignment  (5×5 cost matrix, 8 samples/entry = 200 renders)...
[staged]   robot_a → zone 1  robot_b → zone 2  robot_c → zone 0  robot_d → zone 4  robot_e → zone 3

[staged] Phase 1 — forward greedy  (8 iters × 5 robot(s), sigma=0.40×1.00, popsize=32)
[staged]   Ph1 robot a  zone 1  (uncovered: 17% of target)
    voronoi warm-start: IoU 0.208 → 0.397 ✓
    [parallel] 10 worker threads, one renderer clone each
    init sampling: best coverage score 0.0px of uncovered area  (2 samples)
[staged]   → robot a: IoU 0.208 → 0.463  ✓
    ↑ new global best IoU 0.463  [phase Ph1 robot a]
[staged]   Ph1 robot b  zone 2  (uncovered: 13% of target)
    voronoi warm-start: IoU 0.463 → 0.465 ✓
    [parallel] 10 worker threads, one renderer clone each
    init sampling: best coverage score 9.0px of uncovered area  (2 samples)
[staged]   → robot b: IoU 0.463 → 0.551  ✓
    ↑ new global best IoU 0.551  [phase Ph1 robot b]
[staged]   Ph1 robot c  zone 0  (uncovered: 2% of target)
    voronoi warm-start: IoU 0.513 ≤ 0.551, kept current
    [parallel] 10 worker threads, one renderer clone each
    init sampling: best coverage score 51.0px of uncovered area  (4 samples)
[staged]   → robot c: candidate 0.541 < current 0.551  ✗ rejected
[staged]   Ph1 robot d  zone 4  (uncovered: 3% of target)
    voronoi warm-start: IoU 0.513 ≤ 0.551, kept current
    [parallel] 10 worker threads, one renderer clone each
    init sampling: best coverage score 24.0px of uncovered area  (4 samples)
[staged]   → robot d: IoU 0.551 → 0.597  ✓
    ↑ new global best IoU 0.597  [phase Ph1 robot d]
[staged]   Ph1 robot e  zone 3  (uncovered: 8% of target)
    voronoi warm-start: IoU 0.597 → 0.599 ✓
    [parallel] 10 worker threads, one renderer clone each
    init sampling: best coverage score 0.0px of uncovered area  (2 samples)
[staged]   → robot e: IoU 0.597 → 0.614  ✓
    ↑ new global best IoU 0.614  [phase Ph1 robot e]
[staged] Phase 1 done — composite IoU: 0.614

[staged] Phase 2 — backward pass  (8 iters × 5 robots, sigma=0.300)
[staged]   contributions before Phase 2:
[staged]     robot a: +0.213 IoU
[staged]     robot b: +0.037 IoU  ← low
[staged]     robot c: +0.000 IoU  ← low
[staged]     robot d: +0.050 IoU  ← low
[staged]     robot e: +0.017 IoU  ← low
[staged]   Ph2 robot e  zone 3  (uncovered: 27% of target)
    [parallel] 10 worker threads, one renderer clone each
    init sampling: best coverage score 11.0px of uncovered area  (4 samples)
[staged]   → robot e: candidate 0.606 < current 0.614  ✗ rejected
[staged]   Ph2 robot d  zone 4  (uncovered: 37% of target)
    [parallel] 10 worker threads, one renderer clone each
    init sampling: best coverage score 253.0px of uncovered area  (4 samples)
[staged]   → robot d: IoU 0.614 → 0.618  ✓
    ↑ new global best IoU 0.618  [phase Ph2 robot d]
[staged]   Ph2 robot c  zone 0  (uncovered: 27% of target)
    [parallel] 10 worker threads, one renderer clone each
    init sampling: best coverage score 207.0px of uncovered area  (4 samples)
[staged]   → robot c: IoU 0.618 → 0.655  ✓
    ↑ new global best IoU 0.655  [phase Ph2 robot c]
[staged]   Ph2 robot b  zone 2  (uncovered: 26% of target)
    [parallel] 10 worker threads, one renderer clone each
    init sampling: best coverage score 124.0px of uncovered area  (4 samples)
[staged]   → robot b: candidate 0.653 < current 0.655  ✗ rejected
[staged]   Ph2 robot a  zone 1  (uncovered: 46% of target)
    [parallel] 10 worker threads, one renderer clone each
    init sampling: best coverage score 297.0px of uncovered area  (4 samples)
[staged]   → robot a: candidate 0.620 < current 0.655  ✗ rejected
[staged] Phase 2 done — composite IoU: 0.655

[staged] Best snapshot: Phase 2  IoU=0.655
[staged] Manifold final pass — computing Jacobian  (ε=0.020, 60 renders)
[staged] Manifold basis: k=9D / 30D  (variance≥85%, top eigenvalues: ['325972.78', '264894.66', '150269.19', '140264.70', '83553.96'])
[staged] Manifold did not improve (0.655 vs 0.655), keeping best snapshot
[staged] FD refinement — 5 Adam steps  (300 renders, lr=0.01, ε=0.02)
    ↑ new global best IoU 0.663  [FD refinement]
[staged] FD done — IoU: 0.663  (Δ=+0.008)  ✓
[staged] Done — final IoU: 0.663  loss: 0.3385
[staged] Popsize: per-robot phases=32  final=32  (theory optimum for 6 DOF = 10)

[staged] Hungarian pre-assignment  (5×5 cost matrix, 8 samples/entry = 200 renders)...
[staged]   robot_a → zone 2  robot_b → zone 3  robot_c → zone 4  robot_d → zone 1  robot_e → zone 0

[staged] Phase 1 — forward greedy  (8 iters × 5 robot(s), sigma=0.40×1.00, popsize=32)
[staged]   Ph1 robot a  zone 2  (uncovered: 20% of target)
    voronoi warm-start: IoU 0.208 → 0.393 ✓
    [parallel] 10 worker threads, one renderer clone each
    init sampling: best coverage score 0.0px of uncovered area  (2 samples)
[staged]   → robot a: IoU 0.208 → 0.454  ✓
    ↑ new global best IoU 0.454  [phase Ph1 robot a]
[staged]   Ph1 robot b  zone 3  (uncovered: 13% of target)
    voronoi warm-start: IoU 0.454 ≤ 0.454, kept current
    [parallel] 10 worker threads, one renderer clone each
    init sampling: best coverage score 376.0px of uncovered area  (4 samples)
[staged]   → robot b: IoU 0.454 → 0.556  ✓
    ↑ new global best IoU 0.556  [phase Ph1 robot b]
[staged]   Ph1 robot c  zone 4  (uncovered: 4% of target)
    voronoi warm-start: IoU 0.520 ≤ 0.556, kept current
    [parallel] 10 worker threads, one renderer clone each
    init sampling: best coverage score 37.0px of uncovered area  (4 samples)
[staged]   → robot c: IoU 0.556 → 0.637  ✓
    ↑ new global best IoU 0.637  [phase Ph1 robot c]
[staged]   Ph1 robot d  zone 1  (uncovered: 1% of target)
    voronoi warm-start: IoU 0.603 ≤ 0.637, kept current
    [parallel] 10 worker threads, one renderer clone each
    init sampling: best coverage score 36.0px of uncovered area  (4 samples)
[staged]   → robot d: IoU 0.637 → 0.665  ✓
    ↑ new global best IoU 0.665  [phase Ph1 robot d]
[staged]   Ph1 robot e  zone 0  (uncovered: 3% of target)
    voronoi warm-start: IoU 0.647 ≤ 0.665, kept current
    [parallel] 10 worker threads, one renderer clone each
    init sampling: best coverage score 27.0px of uncovered area  (4 samples)
[staged]   → robot e: IoU 0.665 → 0.709  ✓
    ↑ new global best IoU 0.709  [phase Ph1 robot e]
[staged] Phase 1 done — composite IoU: 0.709

[staged] Phase 2 — backward pass  (8 iters × 5 robots, sigma=0.300)
[staged]   contributions before Phase 2:
[staged]     robot a: +0.070 IoU
[staged]     robot b: +0.105 IoU
[staged]     robot c: +0.094 IoU
[staged]     robot d: +0.048 IoU  ← low
[staged]     robot e: +0.044 IoU  ← low
[staged]   Ph2 robot e  zone 0  (uncovered: 21% of target)
    [parallel] 10 worker threads, one renderer clone each
    init sampling: best coverage score 77.0px of uncovered area  (4 samples)
[staged]   → robot e: IoU 0.709 → 0.711  ✓
    ↑ new global best IoU 0.711  [phase Ph2 robot e]
[staged]   Ph2 robot d  zone 1  (uncovered: 20% of target)
    [parallel] 10 worker threads, one renderer clone each
    init sampling: best coverage score 23.0px of uncovered area  (4 samples)
[staged]   → robot d: candidate 0.701 < current 0.711  ✗ rejected
[staged]   Ph2 robot c  zone 4  (uncovered: 28% of target)
    [parallel] 10 worker threads, one renderer clone each
    init sampling: best coverage score 519.0px of uncovered area  (4 samples)
[staged]   → robot c: candidate 0.695 < current 0.711  ✗ rejected
[staged]   Ph2 robot b  zone 3  (uncovered: 28% of target)
    [parallel] 10 worker threads, one renderer clone each
    init sampling: best coverage score 303.0px of uncovered area  (4 samples)
[staged]   → robot b: candidate 0.667 < current 0.711  ✗ rejected
[staged]   Ph2 robot a  zone 2  (uncovered: 25% of target)
    [parallel] 10 worker threads, one renderer clone each
    init sampling: best coverage score 399.0px of uncovered area  (4 samples)
[staged]   → robot a: IoU 0.711 → 0.724  ✓
    ↑ new global best IoU 0.724  [phase Ph2 robot a]
[staged] Phase 2 done — composite IoU: 0.724

[staged] Best snapshot: Phase 2  IoU=0.724
[staged] Manifold final pass — computing Jacobian  (ε=0.020, 60 renders)
[staged] Manifold basis: k=9D / 30D  (variance≥85%, top eigenvalues: ['315870.22', '200761.00', '133845.23', '124708.25', '86428.16'])
[staged] Manifold did not improve (0.712 vs 0.724), keeping best snapshot
[staged] FD refinement — 5 Adam steps  (300 renders, lr=0.01, ε=0.02)
    ↑ new global best IoU 0.750  [FD refinement]
[staged] FD done — IoU: 0.750  (Δ=+0.026)  ✓
[staged] Done — final IoU: 0.750  loss: 0.2508
[staged] Popsize: per-robot phases=32  final=32  (theory optimum for 6 DOF = 10)

[staged] Hungarian pre-assignment  (5×5 cost matrix, 8 samples/entry = 200 renders)...
[staged]   robot_a → zone 3  robot_b → zone 4  robot_c → zone 1  robot_d → zone 2  robot_e → zone 0

[staged] Phase 1 — forward greedy  (8 iters × 5 robot(s), sigma=0.40×1.00, popsize=32)
[staged]   Ph1 robot a  zone 3  (uncovered: 26% of target)
    voronoi warm-start: IoU 0.208 → 0.386 ✓
    [parallel] 10 worker threads, one renderer clone each
    init sampling: best coverage score 33.0px of uncovered area  (2 samples)
[staged]   → robot a: IoU 0.208 → 0.469  ✓
    ↑ new global best IoU 0.469  [phase Ph1 robot a]
[staged]   Ph1 robot b  zone 4  (uncovered: 14% of target)
    voronoi warm-start: IoU 0.463 ≤ 0.469, kept current
    [parallel] 10 worker threads, one renderer clone each
    init sampling: best coverage score 236.0px of uncovered area  (4 samples)
[staged]   → robot b: IoU 0.469 → 0.576  ✓
    ↑ new global best IoU 0.576  [phase Ph1 robot b]
[staged]   Ph1 robot c  zone 1  (uncovered: 2% of target)
    voronoi warm-start: IoU 0.534 ≤ 0.576, kept current
    [parallel] 10 worker threads, one renderer clone each
    init sampling: best coverage score 42.0px of uncovered area  (4 samples)
[staged]   → robot c: IoU 0.576 → 0.616  ✓
    ↑ new global best IoU 0.616  [phase Ph1 robot c]
[staged]   Ph1 robot d  zone 2  (uncovered: 5% of target)
    voronoi warm-start: IoU 0.611 ≤ 0.616, kept current
    [parallel] 10 worker threads, one renderer clone each
    init sampling: best coverage score 133.0px of uncovered area  (4 samples)
[staged]   → robot d: IoU 0.616 → 0.659  ✓
    ↑ new global best IoU 0.659  [phase Ph1 robot d]
[staged]   Ph1 robot e  zone 0  (uncovered: 3% of target)
    voronoi warm-start: IoU 0.659 → 0.671 ✓
    [parallel] 10 worker threads, one renderer clone each
    init sampling: best coverage score 15.0px of uncovered area  (2 samples)
[staged]   → robot e: IoU 0.659 → 0.688  ✓
    ↑ new global best IoU 0.688  [phase Ph1 robot e]
[staged] Phase 1 done — composite IoU: 0.688

[staged] Phase 2 — backward pass  (8 iters × 5 robots, sigma=0.300)
[staged]   contributions before Phase 2:
[staged]     robot a: +0.084 IoU
[staged]     robot b: +0.076 IoU
[staged]     robot c: +0.057 IoU
[staged]     robot d: +0.060 IoU
[staged]     robot e: +0.029 IoU  ← low
[staged]   Ph2 robot e  zone 0  (uncovered: 16% of target)
    [parallel] 10 worker threads, one renderer clone each
    init sampling: best coverage score 40.0px of uncovered area  (4 samples)
[staged]   → robot e: IoU 0.688 → 0.690  ✓
    ↑ new global best IoU 0.690  [phase Ph2 robot e]
[staged]   Ph2 robot d  zone 2  (uncovered: 20% of target)
    [parallel] 10 worker threads, one renderer clone each
    init sampling: best coverage score 26.0px of uncovered area  (4 samples)
[staged]   → robot d: candidate 0.677 < current 0.690  ✗ rejected
[staged]   Ph2 robot c  zone 1  (uncovered: 21% of target)
    [parallel] 10 worker threads, one renderer clone each
    init sampling: best coverage score 28.0px of uncovered area  (4 samples)
[staged]   → robot c: IoU 0.690 → 0.700  ✓
    ↑ new global best IoU 0.700  [phase Ph2 robot c]
[staged]   Ph2 robot b  zone 4  (uncovered: 30% of target)
    [parallel] 10 worker threads, one renderer clone each
    init sampling: best coverage score 547.0px of uncovered area  (4 samples)
[staged]   → robot b: IoU 0.700 → 0.704  ✓
    ↑ new global best IoU 0.704  [phase Ph2 robot b]
[staged]   Ph2 robot a  zone 3  (uncovered: 29% of target)
    [parallel] 10 worker threads, one renderer clone each
    init sampling: best coverage score 810.0px of uncovered area  (4 samples)
[staged]   → robot a: candidate 0.685 < current 0.704  ✗ rejected
[staged] Phase 2 done — composite IoU: 0.704

[staged] Best snapshot: Phase 2  IoU=0.704
[staged] Manifold final pass — computing Jacobian  (ε=0.020, 60 renders)
[staged] Manifold basis: k=9D / 30D  (variance≥85%, top eigenvalues: ['522970.53', '169080.16', '103622.52', '82736.38', '74439.66'])
    ↑ new global best IoU 0.706  [manifold final pass]
[staged] Manifold done — IoU: 0.706  (Δ=+0.002)  ✓
[staged] FD refinement — 5 Adam steps  (300 renders, lr=0.01, ε=0.02)
    ↑ new global best IoU 0.720  [FD refinement]
[staged] FD done — IoU: 0.720  (Δ=+0.014)  ✓
[staged] Done — final IoU: 0.720  loss: 0.2812
[shard 0] 1/10 letters_upper/E_dejavusans-bold  best=0.750 mean=0.711±0.031  140s  eta 0.4h
[staged] Popsize: per-robot phases=32  final=32  (theory optimum for 6 DOF = 10)

[staged] Hungarian pre-assignment  (5×5 cost matrix, 8 samples/entry = 200 renders)...
[staged]   robot_a → zone 3  robot_b → zone 4  robot_c → zone 1  robot_d → zone 0  robot_e → zone 2

[staged] Phase 1 — forward greedy  (8 iters × 5 robot(s), sigma=0.40×1.00, popsize=32)
[staged]   Ph1 robot a  zone 3  (uncovered: 17% of target)
    voronoi warm-start: IoU 0.195 → 0.200 ✓
    [parallel] 10 worker threads, one renderer clone each
    init sampling: best coverage score 0.0px of uncovered area  (2 samples)
[staged]   → robot a: IoU 0.195 → 0.308  ✓
    ↑ new global best IoU 0.308  [phase Ph1 robot a]
[staged]   Ph1 robot b  zone 4  (uncovered: 20% of target)
    voronoi warm-start: IoU 0.308 → 0.326 ✓
    [parallel] 10 worker threads, one renderer clone each
    init sampling: best coverage score 0.0px of uncovered area  (2 samples)
[staged]   → robot b: IoU 0.308 → 0.399  ✓
    ↑ new global best IoU 0.399  [phase Ph1 robot b]
[staged]   Ph1 robot c  zone 1  (uncovered: 6% of target)
    voronoi warm-start: IoU 0.395 ≤ 0.399, kept current
    [parallel] 10 worker threads, one renderer clone each
    init sampling: best coverage score 100.0px of uncovered area  (4 samples)
[staged]   → robot c: IoU 0.399 → 0.425  ✓
    ↑ new global best IoU 0.425  [phase Ph1 robot c]
[staged]   Ph1 robot d  zone 0  (uncovered: 10% of target)
    voronoi warm-start: IoU 0.417 ≤ 0.425, kept current
    [parallel] 10 worker threads, one renderer clone each
    init sampling: best coverage score 110.0px of uncovered area  (4 samples)
[staged]   → robot d: IoU 0.425 → 0.473  ✓
    ↑ new global best IoU 0.473  [phase Ph1 robot d]
[staged]   Ph1 robot e  zone 2  (uncovered: 5% of target)
    voronoi warm-start: IoU 0.468 ≤ 0.473, kept current
    [parallel] 10 worker threads, one renderer clone each
    init sampling: best coverage score 22.0px of uncovered area  (4 samples)
[staged]   → robot e: IoU 0.473 → 0.532  ✓
    ↑ new global best IoU 0.532  [phase Ph1 robot e]
[staged] Phase 1 done — composite IoU: 0.532

[staged] Phase 2 — backward pass  (8 iters × 5 robots, sigma=0.300)
[staged]   contributions before Phase 2:
[staged]     robot a: +0.092 IoU
[staged]     robot b: +0.105 IoU
[staged]     robot c: +0.030 IoU  ← low
[staged]     robot d: +0.050 IoU  ← low
[staged]     robot e: +0.059 IoU
[staged]   Ph2 robot e  zone 2  (uncovered: 28% of target)
    [parallel] 10 worker threads, one renderer clone each
    init sampling: best coverage score 229.0px of uncovered area  (4 samples)
[staged]   → robot e: candidate 0.506 < current 0.532  ✗ rejected
[staged]   Ph2 robot d  zone 0  (uncovered: 27% of target)
    [parallel] 10 worker threads, one renderer clone each
    init sampling: best coverage score 239.0px of uncovered area  (4 samples)
[staged]   → robot d: candidate 0.520 < current 0.532  ✗ rejected
[staged]   Ph2 robot c  zone 1  (uncovered: 25% of target)
    [parallel] 10 worker threads, one renderer clone each
    init sampling: best coverage score 292.0px of uncovered area  (4 samples)
[staged]   → robot c: IoU 0.532 → 0.545  ✓
    ↑ new global best IoU 0.545  [phase Ph2 robot c]
[staged]   Ph2 robot b  zone 4  (uncovered: 30% of target)
    [parallel] 10 worker threads, one renderer clone each
    init sampling: best coverage score 312.0px of uncovered area  (4 samples)
[staged]   → robot b: candidate 0.515 < current 0.545  ✗ rejected
[staged]   Ph2 robot a  zone 3  (uncovered: 33% of target)
    [parallel] 10 worker threads, one renderer clone each
    init sampling: best coverage score 168.0px of uncovered area  (4 samples)
[staged]   → robot a: candidate 0.541 < current 0.545  ✗ rejected
[staged] Phase 2 done — composite IoU: 0.545

[staged] Best snapshot: Phase 2  IoU=0.545
[staged] Manifold final pass — computing Jacobian  (ε=0.020, 60 renders)
[staged] Manifold basis: k=10D / 30D  (variance≥85%, top eigenvalues: ['486864.50', '224794.94', '170848.83', '93636.58', '88956.69'])
    ↑ new global best IoU 0.554  [manifold final pass]
[staged] Manifold done — IoU: 0.554  (Δ=+0.009)  ✓
[staged] FD refinement — 5 Adam steps  (300 renders, lr=0.01, ε=0.02)
    ↑ new global best IoU 0.580  [FD refinement]
[staged] FD done — IoU: 0.580  (Δ=+0.026)  ✓
[staged] Done — final IoU: 0.580  loss: 0.4247
[staged] Popsize: per-robot phases=32  final=32  (theory optimum for 6 DOF = 10)

[staged] Hungarian pre-assignment  (5×5 cost matrix, 8 samples/entry = 200 renders)...
[staged]   robot_a → zone 0  robot_b → zone 4  robot_c → zone 1  robot_d → zone 2  robot_e → zone 3

[staged] Phase 1 — forward greedy  (8 iters × 5 robot(s), sigma=0.40×1.00, popsize=32)
[staged]   Ph1 robot a  zone 0  (uncovered: 23% of target)
    voronoi warm-start: IoU 0.195 → 0.197 ✓
    [parallel] 10 worker threads, one renderer clone each
    init sampling: best coverage score 0.0px of uncovered area  (2 samples)
[staged]   → robot a: IoU 0.195 → 0.329  ✓
    ↑ new global best IoU 0.329  [phase Ph1 robot a]
[staged]   Ph1 robot b  zone 4  (uncovered: 3% of target)
    voronoi warm-start: IoU 0.314 ≤ 0.329, kept current
    [parallel] 10 worker threads, one renderer clone each
    init sampling: best coverage score 0.0px of uncovered area  (4 samples)
[staged]   → robot b: IoU 0.329 → 0.537  ✓
    ↑ new global best IoU 0.537  [phase Ph1 robot b]
[staged]   Ph1 robot c  zone 1  (uncovered: 6% of target)
    voronoi warm-start: IoU 0.500 ≤ 0.537, kept current
    [parallel] 10 worker threads, one renderer clone each
    init sampling: best coverage score 159.0px of uncovered area  (4 samples)
[staged]   → robot c: IoU 0.537 → 0.584  ✓
    ↑ new global best IoU 0.584  [phase Ph1 robot c]
[staged]   Ph1 robot d  zone 2  (uncovered: 15% of target)
    voronoi warm-start: IoU 0.572 ≤ 0.584, kept current
    [parallel] 10 worker threads, one renderer clone each
    init sampling: best coverage score 195.0px of uncovered area  (4 samples)
[staged]   → robot d: IoU 0.584 → 0.600  ✓
    ↑ new global best IoU 0.600  [phase Ph1 robot d]
[staged]   Ph1 robot e  zone 3  (uncovered: 4% of target)
    voronoi warm-start: IoU 0.597 ≤ 0.600, kept current
    [parallel] 10 worker threads, one renderer clone each
    init sampling: best coverage score 16.0px of uncovered area  (4 samples)
[staged]   → robot e: IoU 0.600 → 0.623  ✓
    ↑ new global best IoU 0.623  [phase Ph1 robot e]
[staged] Phase 1 done — composite IoU: 0.623

[staged] Phase 2 — backward pass  (8 iters × 5 robots, sigma=0.300)
[staged]   contributions before Phase 2:
[staged]     robot a: +0.126 IoU
[staged]     robot b: +0.166 IoU
[staged]     robot c: +0.021 IoU  ← low
[staged]     robot d: +0.031 IoU  ← low
[staged]     robot e: +0.022 IoU  ← low
[staged]   Ph2 robot e  zone 3  (uncovered: 10% of target)
    [parallel] 10 worker threads, one renderer clone each
    init sampling: best coverage score 75.0px of uncovered area  (4 samples)
[staged]   → robot e: candidate 0.622 < current 0.623  ✗ rejected
[staged]   Ph2 robot d  zone 2  (uncovered: 11% of target)
    [parallel] 10 worker threads, one renderer clone each
    init sampling: best coverage score 157.0px of uncovered area  (4 samples)
[staged]   → robot d: candidate 0.623 < current 0.623  ✗ rejected
[staged]   Ph2 robot c  zone 1  (uncovered: 10% of target)
    [parallel] 10 worker threads, one renderer clone each
    init sampling: best coverage score 36.0px of uncovered area  (4 samples)
[staged]   → robot c: candidate 0.620 < current 0.623  ✗ rejected
[staged]   Ph2 robot b  zone 4  (uncovered: 32% of target)
    [parallel] 10 worker threads, one renderer clone each
    init sampling: best coverage score 112.0px of uncovered area  (4 samples)
[staged]   → robot b: candidate 0.594 < current 0.623  ✗ rejected
[staged]   Ph2 robot a  zone 0  (uncovered: 28% of target)
    [parallel] 10 worker threads, one renderer clone each
    init sampling: best coverage score 461.0px of uncovered area  (4 samples)
[staged]   → robot a: candidate 0.583 < current 0.623  ✗ rejected
[staged] Phase 2 done — composite IoU: 0.623

[staged] Best snapshot: Phase 1  IoU=0.623
[staged] Manifold final pass — computing Jacobian  (ε=0.020, 60 renders)
[staged] Manifold basis: k=9D / 30D  (variance≥85%, top eigenvalues: ['362710.88', '339175.25', '251115.17', '158366.59', '136308.83'])
    ↑ new global best IoU 0.644  [manifold final pass]
[staged] Manifold done — IoU: 0.644  (Δ=+0.021)  ✓
[staged] FD refinement — 5 Adam steps  (300 renders, lr=0.01, ε=0.02)
    ↑ new global best IoU 0.663  [FD refinement]
[staged] FD done — IoU: 0.663  (Δ=+0.019)  ✓
[staged] Done — final IoU: 0.663  loss: 0.3398
[staged] Popsize: per-robot phases=32  final=32  (theory optimum for 6 DOF = 10)

[staged] Hungarian pre-assignment  (5×5 cost matrix, 8 samples/entry = 200 renders)...
[staged]   robot_a → zone 2  robot_b → zone 4  robot_c → zone 0  robot_d → zone 1  robot_e → zone 3

[staged] Phase 1 — forward greedy  (8 iters × 5 robot(s), sigma=0.40×1.00, popsize=32)
[staged]   Ph1 robot a  zone 2  (uncovered: 23% of target)
    voronoi warm-start: IoU 0.195 → 0.197 ✓
    [parallel] 10 worker threads, one renderer clone each
    init sampling: best coverage score 0.0px of uncovered area  (2 samples)
[staged]   → robot a: IoU 0.195 → 0.383  ✓
    ↑ new global best IoU 0.383  [phase Ph1 robot a]
[staged]   Ph1 robot b  zone 4  (uncovered: 7% of target)
    voronoi warm-start: IoU 0.383 → 0.393 ✓
    [parallel] 10 worker threads, one renderer clone each
    init sampling: best coverage score 316.0px of uncovered area  (2 samples)
[staged]   → robot b: IoU 0.383 → 0.493  ✓
    ↑ new global best IoU 0.493  [phase Ph1 robot b]
[staged]   Ph1 robot c  zone 0  (uncovered: 8% of target)
    voronoi warm-start: IoU 0.470 ≤ 0.493, kept current
    [parallel] 10 worker threads, one renderer clone each
    init sampling: best coverage score 204.0px of uncovered area  (4 samples)
[staged]   → robot c: IoU 0.493 → 0.537  ✓
    ↑ new global best IoU 0.537  [phase Ph1 robot c]
[staged]   Ph1 robot d  zone 1  (uncovered: 27% of target)
    voronoi warm-start: IoU 0.516 ≤ 0.537, kept current
    [parallel] 10 worker threads, one renderer clone each
    init sampling: best coverage score 289.0px of uncovered area  (4 samples)
[staged]   → robot d: IoU 0.537 → 0.604  ✓
    ↑ new global best IoU 0.604  [phase Ph1 robot d]
[staged]   Ph1 robot e  zone 3  (uncovered: 3% of target)
    voronoi warm-start: IoU 0.597 ≤ 0.604, kept current
    [parallel] 10 worker threads, one renderer clone each
    init sampling: best coverage score 19.0px of uncovered area  (4 samples)
[staged]   → robot e: IoU 0.604 → 0.643  ✓
    ↑ new global best IoU 0.643  [phase Ph1 robot e]
[staged] Phase 1 done — composite IoU: 0.643

[staged] Phase 2 — backward pass  (8 iters × 5 robots, sigma=0.300)
[staged]   contributions before Phase 2:
[staged]     robot a: +0.167 IoU
[staged]     robot b: +0.076 IoU
[staged]     robot c: +0.048 IoU  ← low
[staged]     robot d: +0.072 IoU
[staged]     robot e: +0.039 IoU  ← low
[staged]   Ph2 robot e  zone 3  (uncovered: 15% of target)
    [parallel] 10 worker threads, one renderer clone each
    init sampling: best coverage score 109.0px of uncovered area  (4 samples)
[staged]   → robot e: candidate 0.631 < current 0.643  ✗ rejected
[staged]   Ph2 robot d  zone 1  (uncovered: 22% of target)
    [parallel] 10 worker threads, one renderer clone each
    init sampling: best coverage score 283.0px of uncovered area  (4 samples)
[staged]   → robot d: candidate 0.642 < current 0.643  ✗ rejected
[staged]   Ph2 robot c  zone 0  (uncovered: 20% of target)
    [parallel] 10 worker threads, one renderer clone each
    init sampling: best coverage score 210.0px of uncovered area  (4 samples)
[staged]   → robot c: IoU 0.643 → 0.644  ✓
    ↑ new global best IoU 0.644  [phase Ph2 robot c]
[staged]   Ph2 robot b  zone 4  (uncovered: 18% of target)
    [parallel] 10 worker threads, one renderer clone each
    init sampling: best coverage score 175.0px of uncovered area  (4 samples)
[staged]   → robot b: IoU 0.644 → 0.664  ✓
    ↑ new global best IoU 0.664  [phase Ph2 robot b]
[staged]   Ph2 robot a  zone 2  (uncovered: 36% of target)
    [parallel] 10 worker threads, one renderer clone each
    init sampling: best coverage score 127.0px of uncovered area  (4 samples)
[staged]   → robot a: candidate 0.618 < current 0.664  ✗ rejected
[staged] Phase 2 done — composite IoU: 0.664

[staged] Best snapshot: Phase 2  IoU=0.664
[staged] Manifold final pass — computing Jacobian  (ε=0.020, 60 renders)
[staged] Manifold basis: k=10D / 30D  (variance≥85%, top eigenvalues: ['382876.28', '345791.88', '212069.20', '96217.48', '62792.43'])
    ↑ new global best IoU 0.689  [manifold final pass]
[staged] Manifold done — IoU: 0.689  (Δ=+0.026)  ✓
[staged] FD refinement — 5 Adam steps  (300 renders, lr=0.01, ε=0.02)
    ↑ new global best IoU 0.709  [FD refinement]
[staged] FD done — IoU: 0.709  (Δ=+0.020)  ✓
[staged] Done — final IoU: 0.709  loss: 0.2931
[staged] Popsize: per-robot phases=32  final=32  (theory optimum for 6 DOF = 10)

[staged] Hungarian pre-assignment  (5×5 cost matrix, 8 samples/entry = 200 renders)...
[staged]   robot_a → zone 4  robot_b → zone 1  robot_c → zone 0  robot_d → zone 3  robot_e → zone 2

[staged] Phase 1 — forward greedy  (8 iters × 5 robot(s), sigma=0.40×1.00, popsize=32)
[staged]   Ph1 robot a  zone 4  (uncovered: 24% of target)
    voronoi warm-start: IoU 0.195 → 0.220 ✓
    [parallel] 10 worker threads, one renderer clone each
    init sampling: best coverage score 0.0px of uncovered area  (2 samples)
[staged]   → robot a: IoU 0.195 → 0.404  ✓
    ↑ new global best IoU 0.404  [phase Ph1 robot a]
[staged]   Ph1 robot b  zone 1  (uncovered: 7% of target)
    voronoi warm-start: IoU 0.404 → 0.412 ✓
    [parallel] 10 worker threads, one renderer clone each
    init sampling: best coverage score 0.0px of uncovered area  (2 samples)
[staged]   → robot b: IoU 0.404 → 0.544  ✓
    ↑ new global best IoU 0.544  [phase Ph1 robot b]
[staged]   Ph1 robot c  zone 0  (uncovered: 2% of target)
    voronoi warm-start: IoU 0.522 ≤ 0.544, kept current
    [parallel] 10 worker threads, one renderer clone each
    init sampling: best coverage score 64.0px of uncovered area  (4 samples)
[staged]   → robot c: IoU 0.544 → 0.569  ✓
    ↑ new global best IoU 0.569  [phase Ph1 robot c]
[staged]   Ph1 robot d  zone 3  (uncovered: 5% of target)
    voronoi warm-start: IoU 0.564 ≤ 0.569, kept current
    [parallel] 10 worker threads, one renderer clone each
    init sampling: best coverage score 0.0px of uncovered area  (4 samples)
[staged]   → robot d: IoU 0.569 → 0.586  ✓
    ↑ new global best IoU 0.586  [phase Ph1 robot d]
[staged]   Ph1 robot e  zone 2  (uncovered: 1% of target)
    voronoi warm-start: IoU 0.585 ≤ 0.586, kept current
    [parallel] 10 worker threads, one renderer clone each
    init sampling: best coverage score 2.0px of uncovered area  (4 samples)
[staged]   → robot e: IoU 0.586 → 0.608  ✓
    ↑ new global best IoU 0.608  [phase Ph1 robot e]
[staged] Phase 1 done — composite IoU: 0.608

[staged] Phase 2 — backward pass  (8 iters × 5 robots, sigma=0.300)
[staged]   contributions before Phase 2:
[staged]     robot a: +0.144 IoU
[staged]     robot b: +0.096 IoU
[staged]     robot c: +0.036 IoU  ← low
[staged]     robot d: +0.031 IoU  ← low
[staged]     robot e: +0.021 IoU  ← low
[staged]   Ph2 robot e  zone 2  (uncovered: 12% of target)
    [parallel] 10 worker threads, one renderer clone each
    init sampling: best coverage score 7.0px of uncovered area  (4 samples)
[staged]   → robot e: IoU 0.608 → 0.609  ✓
    ↑ new global best IoU 0.609  [phase Ph2 robot e]
[staged]   Ph2 robot d  zone 3  (uncovered: 14% of target)
    [parallel] 10 worker threads, one renderer clone each
    init sampling: best coverage score 25.0px of uncovered area  (4 samples)
[staged]   → robot d: IoU 0.609 → 0.610  ✓
    ↑ new global best IoU 0.610  [phase Ph2 robot d]
[staged]   Ph2 robot c  zone 0  (uncovered: 19% of target)
    [parallel] 10 worker threads, one renderer clone each
    init sampling: best coverage score 158.0px of uncovered area  (4 samples)
[staged]   → robot c: IoU 0.610 → 0.637  ✓
    ↑ new global best IoU 0.637  [phase Ph2 robot c]
[staged]   Ph2 robot b  zone 1  (uncovered: 20% of target)
    [parallel] 10 worker threads, one renderer clone each
    init sampling: best coverage score 253.0px of uncovered area  (4 samples)
[staged]   → robot b: IoU 0.637 → 0.642  ✓
    ↑ new global best IoU 0.642  [phase Ph2 robot b]
[staged]   Ph2 robot a  zone 4  (uncovered: 38% of target)
    [parallel] 10 worker threads, one renderer clone each
    init sampling: best coverage score 201.0px of uncovered area  (4 samples)
[staged]   → robot a: candidate 0.586 < current 0.642  ✗ rejected
[staged] Phase 2 done — composite IoU: 0.642

[staged] Best snapshot: Phase 2  IoU=0.642
[staged] Manifold final pass — computing Jacobian  (ε=0.020, 60 renders)
[staged] Manifold basis: k=8D / 30D  (variance≥85%, top eigenvalues: ['425870.06', '275863.59', '266099.34', '221514.78', '170746.98'])
    ↑ new global best IoU 0.654  [manifold final pass]
[staged] Manifold done — IoU: 0.654  (Δ=+0.012)  ✓
[staged] FD refinement — 5 Adam steps  (300 renders, lr=0.01, ε=0.02)
    ↑ new global best IoU 0.678  [FD refinement]
[staged] FD done — IoU: 0.678  (Δ=+0.024)  ✓
[staged] Done — final IoU: 0.678  loss: 0.3242
[staged] Popsize: per-robot phases=32  final=32  (theory optimum for 6 DOF = 10)

[staged] Hungarian pre-assignment  (5×5 cost matrix, 8 samples/entry = 200 renders)...
[staged]   robot_a → zone 3  robot_b → zone 0  robot_c → zone 4  robot_d → zone 2  robot_e → zone 1

[staged] Phase 1 — forward greedy  (8 iters × 5 robot(s), sigma=0.40×1.00, popsize=32)
[staged]   Ph1 robot a  zone 3  (uncovered: 19% of target)
    voronoi warm-start: IoU 0.195 → 0.235 ✓
    [parallel] 10 worker threads, one renderer clone each
    init sampling: best coverage score 0.0px of uncovered area  (2 samples)
[staged]   → robot a: IoU 0.195 → 0.470  ✓
    ↑ new global best IoU 0.470  [phase Ph1 robot a]
[staged]   Ph1 robot b  zone 0  (uncovered: 7% of target)
    voronoi warm-start: IoU 0.470 → 0.472 ✓
    [parallel] 10 worker threads, one renderer clone each
    init sampling: best coverage score 104.0px of uncovered area  (2 samples)
[staged]   → robot b: IoU 0.470 → 0.528  ✓
    ↑ new global best IoU 0.528  [phase Ph1 robot b]
[staged]   Ph1 robot c  zone 4  (uncovered: 3% of target)
    voronoi warm-start: IoU 0.497 ≤ 0.528, kept current
    [parallel] 10 worker threads, one renderer clone each
    init sampling: best coverage score 22.0px of uncovered area  (4 samples)
[staged]   → robot c: IoU 0.528 → 0.578  ✓
    ↑ new global best IoU 0.578  [phase Ph1 robot c]
[staged]   Ph1 robot d  zone 2  (uncovered: 7% of target)
    voronoi warm-start: IoU 0.555 ≤ 0.578, kept current
    [parallel] 10 worker threads, one renderer clone each
    init sampling: best coverage score 48.0px of uncovered area  (4 samples)
[staged]   → robot d: IoU 0.578 → 0.615  ✓
    ↑ new global best IoU 0.615  [phase Ph1 robot d]
[staged]   Ph1 robot e  zone 1  (uncovered: 1% of target)
    voronoi warm-start: IoU 0.587 ≤ 0.615, kept current
    [parallel] 10 worker threads, one renderer clone each
    init sampling: best coverage score 4.0px of uncovered area  (4 samples)
[staged]   → robot e: IoU 0.615 → 0.638  ✓
    ↑ new global best IoU 0.638  [phase Ph1 robot e]
[staged] Phase 1 done — composite IoU: 0.638

[staged] Phase 2 — backward pass  (8 iters × 5 robots, sigma=0.300)
[staged]   contributions before Phase 2:
[staged]     robot a: +0.268 IoU
[staged]     robot b: +0.066 IoU
[staged]     robot c: +0.021 IoU  ← low
[staged]     robot d: +0.027 IoU  ← low
[staged]     robot e: +0.023 IoU  ← low
[staged]   Ph2 robot e  zone 1  (uncovered: 13% of target)
    [parallel] 10 worker threads, one renderer clone each
    init sampling: best coverage score 27.0px of uncovered area  (4 samples)
[staged]   → robot e: IoU 0.638 → 0.639  ✓
    ↑ new global best IoU 0.639  [phase Ph2 robot e]
[staged]   Ph2 robot d  zone 2  (uncovered: 18% of target)
    [parallel] 10 worker threads, one renderer clone each
    init sampling: best coverage score 110.0px of uncovered area  (4 samples)
[staged]   → robot d: candidate 0.613 < current 0.639  ✗ rejected
[staged]   Ph2 robot c  zone 4  (uncovered: 18% of target)
    [parallel] 10 worker threads, one renderer clone each
    init sampling: best coverage score 35.0px of uncovered area  (4 samples)
[staged]   → robot c: candidate 0.620 < current 0.639  ✗ rejected
[staged]   Ph2 robot b  zone 0  (uncovered: 19% of target)
    [parallel] 10 worker threads, one renderer clone each
    init sampling: best coverage score 279.0px of uncovered area  (4 samples)
[staged]   → robot b: candidate 0.636 < current 0.639  ✗ rejected
[staged]   Ph2 robot a  zone 3  (uncovered: 51% of target)
    [parallel] 10 worker threads, one renderer clone each
    init sampling: best coverage score 846.0px of uncovered area  (4 samples)
[staged]   → robot a: candidate 0.607 < current 0.639  ✗ rejected
[staged] Phase 2 done — composite IoU: 0.639

[staged] Best snapshot: Phase 2  IoU=0.639
[staged] Manifold final pass — computing Jacobian  (ε=0.020, 60 renders)
[staged] Manifold basis: k=7D / 30D  (variance≥85%, top eigenvalues: ['572597.69', '242806.20', '172201.88', '99163.69', '80558.59'])
    ↑ new global best IoU 0.666  [manifold final pass]
[staged] Manifold done — IoU: 0.666  (Δ=+0.027)  ✓
[staged] FD refinement — 5 Adam steps  (300 renders, lr=0.01, ε=0.02)
    ↑ new global best IoU 0.672  [FD refinement]
[staged] FD done — IoU: 0.672  (Δ=+0.005)  ✓
[staged] Done — final IoU: 0.672  loss: 0.3302
[shard 0] 2/10 letters_upper/H_dejavusans-bold  best=0.709 mean=0.660±0.043  139s  eta 0.3h
[staged] Popsize: per-robot phases=32  final=32  (theory optimum for 6 DOF = 10)

[staged] Hungarian pre-assignment  (5×5 cost matrix, 8 samples/entry = 200 renders)...
[staged]   robot_a → zone 4  robot_b → zone 2  robot_c → zone 0  robot_d → zone 3  robot_e → zone 1

[staged] Phase 1 — forward greedy  (8 iters × 5 robot(s), sigma=0.40×1.00, popsize=32)
[staged]   Ph1 robot a  zone 4  (uncovered: 17% of target)
    voronoi warm-start: IoU 0.198 → 0.319 ✓
    [parallel] 10 worker threads, one renderer clone each
    init sampling: best coverage score 0.0px of uncovered area  (2 samples)
[staged]   → robot a: IoU 0.198 → 0.408  ✓
    ↑ new global best IoU 0.408  [phase Ph1 robot a]
[staged]   Ph1 robot b  zone 2  (uncovered: 7% of target)
    voronoi warm-start: IoU 0.408 → 0.411 ✓
    [parallel] 10 worker threads, one renderer clone each
    init sampling: best coverage score 0.0px of uncovered area  (2 samples)
[staged]   → robot b: IoU 0.408 → 0.495  ✓
    ↑ new global best IoU 0.495  [phase Ph1 robot b]
[staged]   Ph1 robot c  zone 0  (uncovered: 11% of target)
    voronoi warm-start: IoU 0.495 → 0.505 ✓
    [parallel] 10 worker threads, one renderer clone each
    init sampling: best coverage score 0.0px of uncovered area  (2 samples)
[staged]   → robot c: IoU 0.495 → 0.534  ✓
    ↑ new global best IoU 0.534  [phase Ph1 robot c]
[staged]   Ph1 robot d  zone 3  (uncovered: 9% of target)
    voronoi warm-start: IoU 0.527 ≤ 0.534, kept current
    [parallel] 10 worker threads, one renderer clone each
    init sampling: best coverage score 231.0px of uncovered area  (4 samples)
[staged]   → robot d: IoU 0.534 → 0.595  ✓
    ↑ new global best IoU 0.595  [phase Ph1 robot d]
[staged]   Ph1 robot e  zone 1  (uncovered: 0% of target)
    voronoi warm-start: IoU 0.594 ≤ 0.595, kept current
    [parallel] 10 worker threads, one renderer clone each
    init sampling: best coverage score 2.0px of uncovered area  (4 samples)
[staged]   → robot e: IoU 0.595 → 0.614  ✓
    ↑ new global best IoU 0.614  [phase Ph1 robot e]
[staged] Phase 1 done — composite IoU: 0.614

[staged] Phase 2 — backward pass  (8 iters × 5 robots, sigma=0.300)
[staged]   contributions before Phase 2:
[staged]     robot a: +0.037 IoU  ← low
[staged]     robot b: +0.092 IoU
[staged]     robot c: +0.025 IoU  ← low
[staged]     robot d: +0.064 IoU
[staged]     robot e: +0.019 IoU  ← low
[staged]   Ph2 robot e  zone 1  (uncovered: 23% of target)
    [parallel] 10 worker threads, one renderer clone each
    init sampling: best coverage score 41.0px of uncovered area  (4 samples)
[staged]   → robot e: IoU 0.614 → 0.624  ✓
    ↑ new global best IoU 0.624  [phase Ph2 robot e]
[staged]   Ph2 robot d  zone 3  (uncovered: 26% of target)
    [parallel] 10 worker threads, one renderer clone each
    init sampling: best coverage score 94.0px of uncovered area  (4 samples)
[staged]   → robot d: candidate 0.610 < current 0.624  ✗ rejected
[staged]   Ph2 robot c  zone 0  (uncovered: 23% of target)
    [parallel] 10 worker threads, one renderer clone each
    init sampling: best coverage score 70.0px of uncovered area  (4 samples)
[staged]   → robot c: IoU 0.624 → 0.625  ✓
    ↑ new global best IoU 0.625  [phase Ph2 robot c]
[staged]   Ph2 robot b  zone 2  (uncovered: 29% of target)
    [parallel] 10 worker threads, one renderer clone each
    init sampling: best coverage score 71.0px of uncovered area  (4 samples)
[staged]   → robot b: candidate 0.561 < current 0.625  ✗ rejected
[staged]   Ph2 robot a  zone 4  (uncovered: 26% of target)
    [parallel] 10 worker threads, one renderer clone each
    init sampling: best coverage score 39.0px of uncovered area  (4 samples)
[staged]   → robot a: IoU 0.625 → 0.649  ✓
    ↑ new global best IoU 0.649  [phase Ph2 robot a]
[staged] Phase 2 done — composite IoU: 0.649

[staged] Best snapshot: Phase 2  IoU=0.649
[staged] Manifold final pass — computing Jacobian  (ε=0.020, 60 renders)
[staged] Manifold basis: k=8D / 30D  (variance≥85%, top eigenvalues: ['413816.00', '172547.72', '80606.62', '66356.80', '44082.13'])
    ↑ new global best IoU 0.669  [manifold final pass]
[staged] Manifold done — IoU: 0.669  (Δ=+0.020)  ✓
[staged] FD refinement — 5 Adam steps  (300 renders, lr=0.01, ε=0.02)
    ↑ new global best IoU 0.690  [FD refinement]
[staged] FD done — IoU: 0.690  (Δ=+0.020)  ✓
[staged] Done — final IoU: 0.690  loss: 0.3115
[staged] Popsize: per-robot phases=32  final=32  (theory optimum for 6 DOF = 10)

[staged] Hungarian pre-assignment  (5×5 cost matrix, 8 samples/entry = 200 renders)...
[staged]   robot_a → zone 4  robot_b → zone 3  robot_c → zone 1  robot_d → zone 2  robot_e → zone 0

[staged] Phase 1 — forward greedy  (8 iters × 5 robot(s), sigma=0.40×1.00, popsize=32)
[staged]   Ph1 robot a  zone 4  (uncovered: 17% of target)
    voronoi warm-start: IoU 0.198 → 0.319 ✓
    [parallel] 10 worker threads, one renderer clone each
    init sampling: best coverage score 0.0px of uncovered area  (2 samples)
[staged]   → robot a: IoU 0.198 → 0.396  ✓
    ↑ new global best IoU 0.396  [phase Ph1 robot a]
[staged]   Ph1 robot b  zone 3  (uncovered: 17% of target)
    voronoi warm-start: IoU 0.396 → 0.401 ✓
    [parallel] 10 worker threads, one renderer clone each
    init sampling: best coverage score 85.0px of uncovered area  (2 samples)
[staged]   → robot b: IoU 0.396 → 0.506  ✓
    ↑ new global best IoU 0.506  [phase Ph1 robot b]
[staged]   Ph1 robot c  zone 1  (uncovered: 13% of target)
    voronoi warm-start: IoU 0.498 ≤ 0.506, kept current
    [parallel] 10 worker threads, one renderer clone each
    init sampling: best coverage score 68.0px of uncovered area  (4 samples)
[staged]   → robot c: IoU 0.506 → 0.569  ✓
    ↑ new global best IoU 0.569  [phase Ph1 robot c]
[staged]   Ph1 robot d  zone 2  (uncovered: 1% of target)
    voronoi warm-start: IoU 0.557 ≤ 0.569, kept current
    [parallel] 10 worker threads, one renderer clone each
    init sampling: best coverage score 19.0px of uncovered area  (4 samples)
[staged]   → robot d: IoU 0.569 → 0.604  ✓
    ↑ new global best IoU 0.604  [phase Ph1 robot d]
[staged]   Ph1 robot e  zone 0  (uncovered: 2% of target)
    voronoi warm-start: IoU 0.582 ≤ 0.604, kept current
    [parallel] 10 worker threads, one renderer clone each
    init sampling: best coverage score 33.0px of uncovered area  (4 samples)
[staged]   → robot e: IoU 0.604 → 0.629  ✓
    ↑ new global best IoU 0.629  [phase Ph1 robot e]
[staged] Phase 1 done — composite IoU: 0.629

[staged] Phase 2 — backward pass  (8 iters × 5 robots, sigma=0.300)
[staged]   contributions before Phase 2:
[staged]     robot a: +0.060 IoU
[staged]     robot b: +0.127 IoU
[staged]     robot c: +0.076 IoU
[staged]     robot d: +0.041 IoU  ← low
[staged]     robot e: +0.025 IoU  ← low
[staged]   Ph2 robot e  zone 0  (uncovered: 19% of target)
    [parallel] 10 worker threads, one renderer clone each
    init sampling: best coverage score 50.0px of uncovered area  (4 samples)
[staged]   → robot e: candidate 0.627 < current 0.629  ✗ rejected
[staged]   Ph2 robot d  zone 2  (uncovered: 22% of target)
    [parallel] 10 worker threads, one renderer clone each
    init sampling: best coverage score 101.0px of uncovered area  (4 samples)
[staged]   → robot d: candidate 0.619 < current 0.629  ✗ rejected
[staged]   Ph2 robot c  zone 1  (uncovered: 27% of target)
    [parallel] 10 worker threads, one renderer clone each
    init sampling: best coverage score 112.0px of uncovered area  (4 samples)
[staged]   → robot c: candidate 0.628 < current 0.629  ✗ rejected
[staged]   Ph2 robot b  zone 3  (uncovered: 34% of target)
    [parallel] 10 worker threads, one renderer clone each
    init sampling: best coverage score 31.0px of uncovered area  (4 samples)
[staged]   → robot b: candidate 0.489 < current 0.629  ✗ rejected
[staged]   Ph2 robot a  zone 4  (uncovered: 29% of target)
    [parallel] 10 worker threads, one renderer clone each
    init sampling: best coverage score 364.0px of uncovered area  (4 samples)
[staged]   → robot a: IoU 0.629 → 0.643  ✓
    ↑ new global best IoU 0.643  [phase Ph2 robot a]
[staged] Phase 2 done — composite IoU: 0.643

[staged] Best snapshot: Phase 2  IoU=0.643
[staged] Manifold final pass — computing Jacobian  (ε=0.020, 60 renders)
[staged] Manifold basis: k=10D / 30D  (variance≥85%, top eigenvalues: ['412869.75', '193155.47', '125680.55', '59701.61', '44906.95'])
    ↑ new global best IoU 0.652  [manifold final pass]
[staged] Manifold done — IoU: 0.652  (Δ=+0.009)  ✓
[staged] FD refinement — 5 Adam steps  (300 renders, lr=0.01, ε=0.02)
    ↑ new global best IoU 0.662  [FD refinement]
[staged] FD done — IoU: 0.662  (Δ=+0.011)  ✓
[staged] Done — final IoU: 0.662  loss: 0.3389
[staged] Popsize: per-robot phases=32  final=32  (theory optimum for 6 DOF = 10)

[staged] Hungarian pre-assignment  (5×5 cost matrix, 8 samples/entry = 200 renders)...
[staged]   robot_a → zone 2  robot_b → zone 4  robot_c → zone 0  robot_d → zone 1  robot_e → zone 3

[staged] Phase 1 — forward greedy  (8 iters × 5 robot(s), sigma=0.40×1.00, popsize=32)
[staged]   Ph1 robot a  zone 2  (uncovered: 18% of target)
    voronoi warm-start: IoU 0.198 → 0.204 ✓
    [parallel] 10 worker threads, one renderer clone each
    init sampling: best coverage score 0.0px of uncovered area  (2 samples)
[staged]   → robot a: IoU 0.198 → 0.440  ✓
    ↑ new global best IoU 0.440  [phase Ph1 robot a]
[staged]   Ph1 robot b  zone 4  (uncovered: 6% of target)
    voronoi warm-start: IoU 0.440 ≤ 0.440, kept current
    [parallel] 10 worker threads, one renderer clone each
    init sampling: best coverage score 287.0px of uncovered area  (4 samples)
[staged]   → robot b: IoU 0.440 → 0.472  ✓
    ↑ new global best IoU 0.472  [phase Ph1 robot b]
[staged]   Ph1 robot c  zone 0  (uncovered: 4% of target)
    voronoi warm-start: IoU 0.472 → 0.476 ✓
    [parallel] 10 worker threads, one renderer clone each
    init sampling: best coverage score 79.0px of uncovered area  (2 samples)
[staged]   → robot c: IoU 0.472 → 0.541  ✓
    ↑ new global best IoU 0.541  [phase Ph1 robot c]
[staged]   Ph1 robot d  zone 1  (uncovered: 4% of target)
    voronoi warm-start: IoU 0.541 → 0.558 ✓
    [parallel] 10 worker threads, one renderer clone each
    init sampling: best coverage score 0.0px of uncovered area  (2 samples)
[staged]   → robot d: IoU 0.541 → 0.579  ✓
    ↑ new global best IoU 0.579  [phase Ph1 robot d]
[staged]   Ph1 robot e  zone 3  (uncovered: 6% of target)
    voronoi warm-start: IoU 0.579 → 0.585 ✓
    [parallel] 10 worker threads, one renderer clone each
    init sampling: best coverage score 0.0px of uncovered area  (2 samples)
[staged]   → robot e: IoU 0.579 → 0.614  ✓
    ↑ new global best IoU 0.614  [phase Ph1 robot e]
[staged] Phase 1 done — composite IoU: 0.614

[staged] Phase 2 — backward pass  (8 iters × 5 robots, sigma=0.300)
[staged]   contributions before Phase 2:
[staged]     robot a: +0.110 IoU
[staged]     robot b: +0.051 IoU
[staged]     robot c: +0.078 IoU
[staged]     robot d: +0.051 IoU
[staged]     robot e: +0.034 IoU  ← low
[staged]   Ph2 robot e  zone 3  (uncovered: 23% of target)
    [parallel] 10 worker threads, one renderer clone each
    init sampling: best coverage score 42.0px of uncovered area  (4 samples)
[staged]   → robot e: IoU 0.614 → 0.620  ✓
    ↑ new global best IoU 0.620  [phase Ph2 robot e]
[staged]   Ph2 robot d  zone 1  (uncovered: 25% of target)
    [parallel] 10 worker threads, one renderer clone each
    init sampling: best coverage score 178.0px of uncovered area  (4 samples)
[staged]   → robot d: IoU 0.620 → 0.621  ✓
    ↑ new global best IoU 0.621  [phase Ph2 robot d]
[staged]   Ph2 robot c  zone 0  (uncovered: 27% of target)
    [parallel] 10 worker threads, one renderer clone each
    init sampling: best coverage score 300.0px of uncovered area  (4 samples)
[staged]   → robot c: candidate 0.587 < current 0.621  ✗ rejected
[staged]   Ph2 robot b  zone 4  (uncovered: 25% of target)
    [parallel] 10 worker threads, one renderer clone each
    init sampling: best coverage score 222.0px of uncovered area  (4 samples)
[staged]   → robot b: IoU 0.621 → 0.622  ✓
    ↑ new global best IoU 0.622  [phase Ph2 robot b]
[staged]   Ph2 robot a  zone 2  (uncovered: 34% of target)
    [parallel] 10 worker threads, one renderer clone each
    init sampling: best coverage score 316.0px of uncovered area  (4 samples)
[staged]   → robot a: IoU 0.622 → 0.645  ✓
    ↑ new global best IoU 0.645  [phase Ph2 robot a]
[staged] Phase 2 done — composite IoU: 0.645

[staged] Best snapshot: Phase 2  IoU=0.645
[staged] Manifold final pass — computing Jacobian  (ε=0.020, 60 renders)
[staged] Manifold basis: k=10D / 30D  (variance≥85%, top eigenvalues: ['430436.50', '172979.20', '97450.48', '88831.73', '63747.55'])
    ↑ new global best IoU 0.656  [manifold final pass]
[staged] Manifold done — IoU: 0.656  (Δ=+0.011)  ✓
[staged] FD refinement — 5 Adam steps  (300 renders, lr=0.01, ε=0.02)
    ↑ new global best IoU 0.675  [FD refinement]
[staged] FD done — IoU: 0.675  (Δ=+0.019)  ✓
[staged] Done — final IoU: 0.675  loss: 0.3260
[staged] Popsize: per-robot phases=32  final=32  (theory optimum for 6 DOF = 10)

[staged] Hungarian pre-assignment  (5×5 cost matrix, 8 samples/entry = 200 renders)...
[staged]   robot_a → zone 3  robot_b → zone 2  robot_c → zone 0  robot_d → zone 1  robot_e → zone 4

[staged] Phase 1 — forward greedy  (8 iters × 5 robot(s), sigma=0.40×1.00, popsize=32)
[staged]   Ph1 robot a  zone 3  (uncovered: 18% of target)
    voronoi warm-start: IoU 0.198 → 0.204 ✓
    [parallel] 10 worker threads, one renderer clone each
    init sampling: best coverage score 0.0px of uncovered area  (2 samples)
[staged]   → robot a: IoU 0.198 → 0.393  ✓
    ↑ new global best IoU 0.393  [phase Ph1 robot a]
[staged]   Ph1 robot b  zone 2  (uncovered: 8% of target)
    voronoi warm-start: IoU 0.393 → 0.400 ✓
    [parallel] 10 worker threads, one renderer clone each
    init sampling: best coverage score 0.0px of uncovered area  (2 samples)
[staged]   → robot b: IoU 0.393 → 0.479  ✓
    ↑ new global best IoU 0.479  [phase Ph1 robot b]
[staged]   Ph1 robot c  zone 0  (uncovered: 2% of target)
    voronoi warm-start: IoU 0.468 ≤ 0.479, kept current
    [parallel] 10 worker threads, one renderer clone each
    init sampling: best coverage score 76.0px of uncovered area  (4 samples)
[staged]   → robot c: IoU 0.479 → 0.518  ✓
    ↑ new global best IoU 0.518  [phase Ph1 robot c]
[staged]   Ph1 robot d  zone 1  (uncovered: 5% of target)
    voronoi warm-start: IoU 0.508 ≤ 0.518, kept current
    [parallel] 10 worker threads, one renderer clone each
    init sampling: best coverage score 45.0px of uncovered area  (4 samples)
[staged]   → robot d: IoU 0.518 → 0.552  ✓
    ↑ new global best IoU 0.552  [phase Ph1 robot d]
[staged]   Ph1 robot e  zone 4  (uncovered: 5% of target)
    voronoi warm-start: IoU 0.552 → 0.559 ✓
    [parallel] 10 worker threads, one renderer clone each
    init sampling: best coverage score 0.0px of uncovered area  (2 samples)
[staged]   → robot e: IoU 0.552 → 0.580  ✓
    ↑ new global best IoU 0.580  [phase Ph1 robot e]
[staged] Phase 1 done — composite IoU: 0.580

[staged] Phase 2 — backward pass  (8 iters × 5 robots, sigma=0.300)
[staged]   contributions before Phase 2:
[staged]     robot a: +0.094 IoU
[staged]     robot b: +0.065 IoU
[staged]     robot c: +0.055 IoU
[staged]     robot d: +0.042 IoU  ← low
[staged]     robot e: +0.028 IoU  ← low
[staged]   Ph2 robot e  zone 4  (uncovered: 25% of target)
    [parallel] 10 worker threads, one renderer clone each
    init sampling: best coverage score 176.0px of uncovered area  (4 samples)
[staged]   → robot e: IoU 0.580 → 0.595  ✓
    ↑ new global best IoU 0.595  [phase Ph2 robot e]
[staged]   Ph2 robot d  zone 1  (uncovered: 24% of target)
    [parallel] 10 worker threads, one renderer clone each
    init sampling: best coverage score 73.0px of uncovered area  (4 samples)
[staged]   → robot d: IoU 0.595 → 0.598  ✓
    ↑ new global best IoU 0.598  [phase Ph2 robot d]
[staged]   Ph2 robot c  zone 0  (uncovered: 28% of target)
    [parallel] 10 worker threads, one renderer clone each
    init sampling: best coverage score 363.0px of uncovered area  (4 samples)
[staged]   → robot c: IoU 0.598 → 0.624  ✓
    ↑ new global best IoU 0.624  [phase Ph2 robot c]
[staged]   Ph2 robot b  zone 2  (uncovered: 22% of target)
    [parallel] 10 worker threads, one renderer clone each
    init sampling: best coverage score 177.0px of uncovered area  (4 samples)
[staged]   → robot b: IoU 0.624 → 0.634  ✓
    ↑ new global best IoU 0.634  [phase Ph2 robot b]
[staged]   Ph2 robot a  zone 3  (uncovered: 27% of target)
    [parallel] 10 worker threads, one renderer clone each
    init sampling: best coverage score 209.0px of uncovered area  (4 samples)
[staged]   → robot a: IoU 0.634 → 0.636  ✓
    ↑ new global best IoU 0.636  [phase Ph2 robot a]
[staged] Phase 2 done — composite IoU: 0.636

[staged] Best snapshot: Phase 2  IoU=0.636
[staged] Manifold final pass — computing Jacobian  (ε=0.020, 60 renders)
[staged] Manifold basis: k=10D / 30D  (variance≥85%, top eigenvalues: ['243022.08', '181902.22', '134548.75', '102900.25', '41918.14'])
    ↑ new global best IoU 0.644  [manifold final pass]
[staged] Manifold done — IoU: 0.644  (Δ=+0.008)  ✓
[staged] FD refinement — 5 Adam steps  (300 renders, lr=0.01, ε=0.02)
    ↑ new global best IoU 0.669  [FD refinement]
[staged] FD done — IoU: 0.669  (Δ=+0.025)  ✓
[staged] Done — final IoU: 0.669  loss: 0.3322
[staged] Popsize: per-robot phases=32  final=32  (theory optimum for 6 DOF = 10)

[staged] Hungarian pre-assignment  (5×5 cost matrix, 8 samples/entry = 200 renders)...
[staged]   robot_a → zone 3  robot_b → zone 4  robot_c → zone 0  robot_d → zone 2  robot_e → zone 1

[staged] Phase 1 — forward greedy  (8 iters × 5 robot(s), sigma=0.40×1.00, popsize=32)
[staged]   Ph1 robot a  zone 3  (uncovered: 20% of target)
    voronoi warm-start: IoU 0.198 → 0.327 ✓
    [parallel] 10 worker threads, one renderer clone each
    init sampling: best coverage score 0.0px of uncovered area  (2 samples)
[staged]   → robot a: IoU 0.198 → 0.440  ✓
    ↑ new global best IoU 0.440  [phase Ph1 robot a]
[staged]   Ph1 robot b  zone 4  (uncovered: 6% of target)
    voronoi warm-start: IoU 0.439 ≤ 0.440, kept current
    [parallel] 10 worker threads, one renderer clone each
    init sampling: best coverage score 280.0px of uncovered area  (4 samples)
[staged]   → robot b: IoU 0.440 → 0.498  ✓
    ↑ new global best IoU 0.498  [phase Ph1 robot b]
[staged]   Ph1 robot c  zone 0  (uncovered: 6% of target)
    voronoi warm-start: IoU 0.498 → 0.501 ✓
    [parallel] 10 worker threads, one renderer clone each
    init sampling: best coverage score 163.0px of uncovered area  (2 samples)
[staged]   → robot c: IoU 0.498 → 0.526  ✓
    ↑ new global best IoU 0.526  [phase Ph1 robot c]
[staged]   Ph1 robot d  zone 2  (uncovered: 2% of target)
    voronoi warm-start: IoU 0.526 → 0.536 ✓
    [parallel] 10 worker threads, one renderer clone each
    init sampling: best coverage score 0.0px of uncovered area  (2 samples)
[staged]   → robot d: IoU 0.526 → 0.534  ✓
    ↑ new global best IoU 0.534  [phase Ph1 robot d]
[staged]   Ph1 robot e  zone 1  (uncovered: 11% of target)
    voronoi warm-start: IoU 0.534 → 0.546 ✓
    [parallel] 10 worker threads, one renderer clone each
    init sampling: best coverage score 0.0px of uncovered area  (2 samples)
[staged]   → robot e: IoU 0.534 → 0.580  ✓
    ↑ new global best IoU 0.580  [phase Ph1 robot e]
[staged] Phase 1 done — composite IoU: 0.580

[staged] Phase 2 — backward pass  (8 iters × 5 robots, sigma=0.300)
[staged]   contributions before Phase 2:
[staged]     robot a: +0.031 IoU  ← low
[staged]     robot b: +0.082 IoU
[staged]     robot c: +0.037 IoU  ← low
[staged]     robot d: +0.018 IoU  ← low
[staged]     robot e: +0.046 IoU  ← low
[staged]   Ph2 robot e  zone 1  (uncovered: 23% of target)
    [parallel] 10 worker threads, one renderer clone each
    init sampling: best coverage score 88.0px of uncovered area  (4 samples)
[staged]   → robot e: IoU 0.580 → 0.582  ✓
    ↑ new global best IoU 0.582  [phase Ph2 robot e]
[staged]   Ph2 robot d  zone 2  (uncovered: 21% of target)
    [parallel] 10 worker threads, one renderer clone each
    init sampling: best coverage score 21.0px of uncovered area  (4 samples)
[staged]   → robot d: IoU 0.582 → 0.632  ✓
    ↑ new global best IoU 0.632  [phase Ph2 robot d]
[staged]   Ph2 robot c  zone 0  (uncovered: 19% of target)
    [parallel] 10 worker threads, one renderer clone each
    init sampling: best coverage score 131.0px of uncovered area  (4 samples)
[staged]   → robot c: IoU 0.632 → 0.672  ✓
    ↑ new global best IoU 0.672  [phase Ph2 robot c]
[staged]   Ph2 robot b  zone 4  (uncovered: 22% of target)
    [parallel] 10 worker threads, one renderer clone each
    init sampling: best coverage score 478.0px of uncovered area  (4 samples)
[staged]   → robot b: IoU 0.672 → 0.675  ✓
    ↑ new global best IoU 0.675  [phase Ph2 robot b]
[staged]   Ph2 robot a  zone 3  (uncovered: 32% of target)
    [parallel] 10 worker threads, one renderer clone each
    init sampling: best coverage score 730.0px of uncovered area  (4 samples)
[staged]   → robot a: IoU 0.675 → 0.678  ✓
    ↑ new global best IoU 0.678  [phase Ph2 robot a]
[staged] Phase 2 done — composite IoU: 0.678

[staged] Best snapshot: Phase 2  IoU=0.678
[staged] Manifold final pass — computing Jacobian  (ε=0.020, 60 renders)
[staged] Manifold basis: k=8D / 30D  (variance≥85%, top eigenvalues: ['369152.50', '273220.31', '180294.84', '67407.03', '59039.22'])
    ↑ new global best IoU 0.701  [manifold final pass]
[staged] Manifold done — IoU: 0.701  (Δ=+0.023)  ✓
[staged] FD refinement — 5 Adam steps  (300 renders, lr=0.01, ε=0.02)
    ↑ new global best IoU 0.720  [FD refinement]
[staged] FD done — IoU: 0.720  (Δ=+0.020)  ✓
[staged] Done — final IoU: 0.720  loss: 0.2806
[shard 0] 3/10 letters_upper/K_dejavusans-bold  best=0.720 mean=0.683±0.021  139s  eta 0.3h
[staged] Popsize: per-robot phases=32  final=32  (theory optimum for 6 DOF = 10)

[staged] Hungarian pre-assignment  (5×5 cost matrix, 8 samples/entry = 200 renders)...
[staged]   robot_a → zone 0  robot_b → zone 2  robot_c → zone 3  robot_d → zone 1  robot_e → zone 4

[staged] Phase 1 — forward greedy  (8 iters × 5 robot(s), sigma=0.40×1.00, popsize=32)
[staged]   Ph1 robot a  zone 0  (uncovered: 12% of target)
    voronoi warm-start: IoU 0.176 ≤ 0.217, kept current
    [parallel] 10 worker threads, one renderer clone each
    init sampling: best coverage score 259.0px of uncovered area  (4 samples)
[staged]   → robot a: IoU 0.217 → 0.533  ✓
    ↑ new global best IoU 0.533  [phase Ph1 robot a]
[staged]   Ph1 robot b  zone 2  (uncovered: 22% of target)
    voronoi warm-start: IoU 0.521 ≤ 0.533, kept current
    [parallel] 10 worker threads, one renderer clone each
    init sampling: best coverage score 69.0px of uncovered area  (4 samples)
[staged]   → robot b: IoU 0.533 → 0.658  ✓
    ↑ new global best IoU 0.658  [phase Ph1 robot b]
[staged]   Ph1 robot c  zone 3  (uncovered: 4% of target)
    voronoi warm-start: IoU 0.637 ≤ 0.658, kept current
    [parallel] 10 worker threads, one renderer clone each
    init sampling: best coverage score 129.0px of uncovered area  (4 samples)
[staged]   → robot c: IoU 0.658 → 0.707  ✓
    ↑ new global best IoU 0.707  [phase Ph1 robot c]
[staged]   Ph1 robot d  zone 1  (uncovered: 1% of target)
    voronoi warm-start: IoU 0.671 ≤ 0.707, kept current
    [parallel] 10 worker threads, one renderer clone each
    init sampling: best coverage score 0.0px of uncovered area  (4 samples)
[staged]   → robot d: IoU 0.707 → 0.720  ✓
    ↑ new global best IoU 0.720  [phase Ph1 robot d]
[staged]   Ph1 robot e  zone 4  (uncovered: 2% of target)
    voronoi warm-start: IoU 0.657 ≤ 0.720, kept current
    [parallel] 10 worker threads, one renderer clone each
    init sampling: best coverage score 6.0px of uncovered area  (4 samples)
[staged]   → robot e: IoU 0.720 → 0.744  ✓
    ↑ new global best IoU 0.744  [phase Ph1 robot e]
[staged] Phase 1 done — composite IoU: 0.744

[staged] Phase 2 — backward pass  (8 iters × 5 robots, sigma=0.300)
[staged]   contributions before Phase 2:
[staged]     robot a: +0.200 IoU
[staged]     robot b: +0.053 IoU
[staged]     robot c: +0.028 IoU  ← low
[staged]     robot d: +0.029 IoU  ← low
[staged]     robot e: +0.024 IoU  ← low
[staged]   Ph2 robot e  zone 4  (uncovered: 8% of target)
    [parallel] 10 worker threads, one renderer clone each
    init sampling: best coverage score 119.0px of uncovered area  (4 samples)
[staged]   → robot e: candidate 0.732 < current 0.744  ✗ rejected
[staged]   Ph2 robot d  zone 1  (uncovered: 10% of target)
    [parallel] 10 worker threads, one renderer clone each
    init sampling: best coverage score 42.0px of uncovered area  (4 samples)
[staged]   → robot d: candidate 0.740 < current 0.744  ✗ rejected
[staged]   Ph2 robot c  zone 3  (uncovered: 9% of target)
    [parallel] 10 worker threads, one renderer clone each
    init sampling: best coverage score 37.0px of uncovered area  (4 samples)
[staged]   → robot c: candidate 0.739 < current 0.744  ✗ rejected
[staged]   Ph2 robot b  zone 2  (uncovered: 12% of target)
    [parallel] 10 worker threads, one renderer clone each
    init sampling: best coverage score 51.0px of uncovered area  (4 samples)
[staged]   → robot b: candidate 0.706 < current 0.744  ✗ rejected
[staged]   Ph2 robot a  zone 0  (uncovered: 34% of target)
    [parallel] 10 worker threads, one renderer clone each
    init sampling: best coverage score 16.0px of uncovered area  (4 samples)
[staged]   → robot a: candidate 0.684 < current 0.744  ✗ rejected
[staged] Phase 2 done — composite IoU: 0.744

[staged] Best snapshot: Phase 1  IoU=0.744
[staged] Manifold final pass — computing Jacobian  (ε=0.020, 60 renders)
[staged] Manifold basis: k=7D / 30D  (variance≥85%, top eigenvalues: ['915563.06', '135845.73', '126578.10', '120197.73', '90185.19'])
    ↑ new global best IoU 0.745  [manifold final pass]
[staged] Manifold done — IoU: 0.745  (Δ=+0.001)  ✓
[staged] FD refinement — 5 Adam steps  (300 renders, lr=0.01, ε=0.02)
    ↑ new global best IoU 0.760  [FD refinement]
[staged] FD done — IoU: 0.760  (Δ=+0.015)  ✓
[staged] Done — final IoU: 0.760  loss: 0.2410
[staged] Popsize: per-robot phases=32  final=32  (theory optimum for 6 DOF = 10)

[staged] Hungarian pre-assignment  (5×5 cost matrix, 8 samples/entry = 200 renders)...
[staged]   robot_a → zone 1  robot_b → zone 3  robot_c → zone 0  robot_d → zone 2  robot_e → zone 4

[staged] Phase 1 — forward greedy  (8 iters × 5 robot(s), sigma=0.40×1.00, popsize=32)
[staged]   Ph1 robot a  zone 1  (uncovered: 20% of target)
    voronoi warm-start: IoU 0.217 → 0.218 ✓
    [parallel] 10 worker threads, one renderer clone each
    init sampling: best coverage score 0.0px of uncovered area  (2 samples)
[staged]   → robot a: IoU 0.217 → 0.403  ✓
    ↑ new global best IoU 0.403  [phase Ph1 robot a]
[staged]   Ph1 robot b  zone 3  (uncovered: 21% of target)
    voronoi warm-start: IoU 0.403 → 0.409 ✓
    [parallel] 10 worker threads, one renderer clone each
    init sampling: best coverage score 66.0px of uncovered area  (2 samples)
[staged]   → robot b: IoU 0.403 → 0.538  ✓
    ↑ new global best IoU 0.538  [phase Ph1 robot b]
[staged]   Ph1 robot c  zone 0  (uncovered: 2% of target)
    voronoi warm-start: IoU 0.514 ≤ 0.538, kept current
    [parallel] 10 worker threads, one renderer clone each
    init sampling: best coverage score 44.0px of uncovered area  (4 samples)
[staged]   → robot c: IoU 0.538 → 0.556  ✓
    ↑ new global best IoU 0.556  [phase Ph1 robot c]
[staged]   Ph1 robot d  zone 2  (uncovered: 2% of target)
    voronoi warm-start: IoU 0.525 ≤ 0.556, kept current
    [parallel] 10 worker threads, one renderer clone each
    init sampling: best coverage score 73.0px of uncovered area  (4 samples)
[staged]   → robot d: candidate 0.545 < current 0.556  ✗ rejected
[staged]   Ph1 robot e  zone 4  (uncovered: 11% of target)
    voronoi warm-start: IoU 0.516 ≤ 0.556, kept current
    [parallel] 10 worker threads, one renderer clone each
    init sampling: best coverage score 80.0px of uncovered area  (4 samples)
[staged]   → robot e: IoU 0.556 → 0.601  ✓
    ↑ new global best IoU 0.601  [phase Ph1 robot e]
[staged] Phase 1 done — composite IoU: 0.601

[staged] Phase 2 — backward pass  (8 iters × 5 robots, sigma=0.300)
[staged]   contributions before Phase 2:
[staged]     robot a: +0.151 IoU
[staged]     robot b: +0.113 IoU
[staged]     robot c: +0.019 IoU  ← low
[staged]     robot d: +0.000 IoU  ← low
[staged]     robot e: +0.045 IoU  ← low
[staged]   Ph2 robot e  zone 4  (uncovered: 23% of target)
    [parallel] 10 worker threads, one renderer clone each
    init sampling: best coverage score 148.0px of uncovered area  (4 samples)
[staged]   → robot e: candidate 0.600 < current 0.601  ✗ rejected
[staged]   Ph2 robot d  zone 2  (uncovered: 17% of target)
    [parallel] 10 worker threads, one renderer clone each
    init sampling: best coverage score 115.0px of uncovered area  (4 samples)
[staged]   → robot d: IoU 0.601 → 0.623  ✓
    ↑ new global best IoU 0.623  [phase Ph2 robot d]
[staged]   Ph2 robot c  zone 0  (uncovered: 16% of target)
    [parallel] 10 worker threads, one renderer clone each
    init sampling: best coverage score 48.0px of uncovered area  (4 samples)
[staged]   → robot c: candidate 0.609 < current 0.623  ✗ rejected
[staged]   Ph2 robot b  zone 3  (uncovered: 22% of target)
    [parallel] 10 worker threads, one renderer clone each
    init sampling: best coverage score 58.0px of uncovered area  (4 samples)
[staged]   → robot b: candidate 0.570 < current 0.623  ✗ rejected
[staged]   Ph2 robot a  zone 1  (uncovered: 39% of target)
    [parallel] 10 worker threads, one renderer clone each
    init sampling: best coverage score 195.0px of uncovered area  (4 samples)
[staged]   → robot a: IoU 0.623 → 0.707  ✓
    ↑ new global best IoU 0.707  [phase Ph2 robot a]
[staged] Phase 2 done — composite IoU: 0.707

[staged] Best snapshot: Phase 2  IoU=0.707
[staged] Manifold final pass — computing Jacobian  (ε=0.020, 60 renders)
[staged] Manifold basis: k=8D / 30D  (variance≥85%, top eigenvalues: ['654600.31', '156209.17', '142874.55', '96283.67', '62962.75'])
    ↑ new global best IoU 0.749  [manifold final pass]
[staged] Manifold done — IoU: 0.749  (Δ=+0.042)  ✓
[staged] FD refinement — 5 Adam steps  (300 renders, lr=0.01, ε=0.02)
    ↑ new global best IoU 0.764  [FD refinement]
[staged] FD done — IoU: 0.764  (Δ=+0.014)  ✓
[staged] Done — final IoU: 0.764  loss: 0.2374
[staged] Popsize: per-robot phases=32  final=32  (theory optimum for 6 DOF = 10)

[staged] Hungarian pre-assignment  (5×5 cost matrix, 8 samples/entry = 200 renders)...
[staged]   robot_a → zone 4  robot_b → zone 0  robot_c → zone 2  robot_d → zone 1  robot_e → zone 3

[staged] Phase 1 — forward greedy  (8 iters × 5 robot(s), sigma=0.40×1.00, popsize=32)
[staged]   Ph1 robot a  zone 4  (uncovered: 21% of target)
    voronoi warm-start: IoU 0.217 → 0.218 ✓
    [parallel] 10 worker threads, one renderer clone each
    init sampling: best coverage score 0.0px of uncovered area  (2 samples)
[staged]   → robot a: IoU 0.217 → 0.483  ✓
    ↑ new global best IoU 0.483  [phase Ph1 robot a]
[staged]   Ph1 robot b  zone 0  (uncovered: 5% of target)
    voronoi warm-start: IoU 0.446 ≤ 0.483, kept current
    [parallel] 10 worker threads, one renderer clone each
    init sampling: best coverage score 151.0px of uncovered area  (4 samples)
[staged]   → robot b: IoU 0.483 → 0.605  ✓
    ↑ new global best IoU 0.605  [phase Ph1 robot b]
[staged]   Ph1 robot c  zone 2  (uncovered: 5% of target)
    voronoi warm-start: IoU 0.576 ≤ 0.605, kept current
    [parallel] 10 worker threads, one renderer clone each
    init sampling: best coverage score 206.0px of uncovered area  (4 samples)
[staged]   → robot c: IoU 0.605 → 0.630  ✓
    ↑ new global best IoU 0.630  [phase Ph1 robot c]
[staged]   Ph1 robot d  zone 1  (uncovered: 4% of target)
    voronoi warm-start: IoU 0.598 ≤ 0.630, kept current
    [parallel] 10 worker threads, one renderer clone each
    init sampling: best coverage score 85.0px of uncovered area  (4 samples)
[staged]   → robot d: IoU 0.630 → 0.687  ✓
    ↑ new global best IoU 0.687  [phase Ph1 robot d]
[staged]   Ph1 robot e  zone 3  (uncovered: 5% of target)
    voronoi warm-start: IoU 0.621 ≤ 0.687, kept current
    [parallel] 10 worker threads, one renderer clone each
    init sampling: best coverage score 0.0px of uncovered area  (4 samples)
[staged]   → robot e: IoU 0.687 → 0.694  ✓
    ↑ new global best IoU 0.694  [phase Ph1 robot e]
[staged] Phase 1 done — composite IoU: 0.694

[staged] Phase 2 — backward pass  (8 iters × 5 robots, sigma=0.300)
[staged]   contributions before Phase 2:
[staged]     robot a: +0.160 IoU
[staged]     robot b: +0.068 IoU
[staged]     robot c: +0.016 IoU  ← low
[staged]     robot d: +0.068 IoU
[staged]     robot e: +0.006 IoU  ← low
[staged]   Ph2 robot e  zone 3  (uncovered: 12% of target)
    [parallel] 10 worker threads, one renderer clone each
    init sampling: best coverage score 20.0px of uncovered area  (4 samples)
[staged]   → robot e: IoU 0.694 → 0.704  ✓
    ↑ new global best IoU 0.704  [phase Ph2 robot e]
[staged]   Ph2 robot d  zone 1  (uncovered: 19% of target)
    [parallel] 10 worker threads, one renderer clone each
    init sampling: best coverage score 99.0px of uncovered area  (4 samples)
[staged]   → robot d: candidate 0.699 < current 0.704  ✗ rejected
[staged]   Ph2 robot c  zone 2  (uncovered: 14% of target)
    [parallel] 10 worker threads, one renderer clone each
    init sampling: best coverage score 111.0px of uncovered area  (4 samples)
[staged]   → robot c: IoU 0.704 → 0.743  ✓
    ↑ new global best IoU 0.743  [phase Ph2 robot c]
[staged]   Ph2 robot b  zone 0  (uncovered: 32% of target)
    [parallel] 10 worker threads, one renderer clone each
    init sampling: best coverage score 520.0px of uncovered area  (4 samples)
[staged]   → robot b: IoU 0.743 → 0.801  ✓
    ↑ new global best IoU 0.801  [phase Ph2 robot b]
[staged]   Ph2 robot a  zone 4  (uncovered: 16% of target)
    [parallel] 10 worker threads, one renderer clone each
    init sampling: best coverage score 92.0px of uncovered area  (4 samples)
[staged]   → robot a: candidate 0.760 < current 0.801  ✗ rejected
[staged] Phase 2 done — composite IoU: 0.801

[staged] Best snapshot: Phase 2  IoU=0.801
[staged] Manifold final pass — computing Jacobian  (ε=0.020, 60 renders)
[staged] Manifold basis: k=10D / 30D  (variance≥85%, top eigenvalues: ['258975.66', '243613.09', '207508.00', '190282.38', '64062.08'])
[staged] Manifold did not improve (0.797 vs 0.801), keeping best snapshot
[staged] FD refinement — 5 Adam steps  (300 renders, lr=0.01, ε=0.02)
    ↑ new global best IoU 0.823  [FD refinement]
[staged] FD done — IoU: 0.823  (Δ=+0.022)  ✓
[staged] Done — final IoU: 0.823  loss: 0.1769
[staged] Popsize: per-robot phases=32  final=32  (theory optimum for 6 DOF = 10)

[staged] Hungarian pre-assignment  (5×5 cost matrix, 8 samples/entry = 200 renders)...
[staged]   robot_a → zone 1  robot_b → zone 3  robot_c → zone 4  robot_d → zone 0  robot_e → zone 2

[staged] Phase 1 — forward greedy  (8 iters × 5 robot(s), sigma=0.40×1.00, popsize=32)
[staged]   Ph1 robot a  zone 1  (uncovered: 20% of target)
    voronoi warm-start: IoU 0.217 → 0.218 ✓
    [parallel] 10 worker threads, one renderer clone each
    init sampling: best coverage score 0.0px of uncovered area  (2 samples)
[staged]   → robot a: IoU 0.217 → 0.484  ✓
    ↑ new global best IoU 0.484  [phase Ph1 robot a]
[staged]   Ph1 robot b  zone 3  (uncovered: 5% of target)
    voronoi warm-start: IoU 0.451 ≤ 0.484, kept current
    [parallel] 10 worker threads, one renderer clone each
    init sampling: best coverage score 15.0px of uncovered area  (4 samples)
[staged]   → robot b: IoU 0.484 → 0.580  ✓
    ↑ new global best IoU 0.580  [phase Ph1 robot b]
[staged]   Ph1 robot c  zone 4  (uncovered: 2% of target)
    voronoi warm-start: IoU 0.536 ≤ 0.580, kept current
    [parallel] 10 worker threads, one renderer clone each
    init sampling: best coverage score 67.0px of uncovered area  (4 samples)
[staged]   → robot c: IoU 0.580 → 0.616  ✓
    ↑ new global best IoU 0.616  [phase Ph1 robot c]
[staged]   Ph1 robot d  zone 0  (uncovered: 1% of target)
    voronoi warm-start: IoU 0.615 ≤ 0.616, kept current
    [parallel] 10 worker threads, one renderer clone each
    init sampling: best coverage score 35.0px of uncovered area  (4 samples)
[staged]   → robot d: IoU 0.616 → 0.630  ✓
    ↑ new global best IoU 0.630  [phase Ph1 robot d]
[staged]   Ph1 robot e  zone 2  (uncovered: 1% of target)
    voronoi warm-start: IoU 0.593 ≤ 0.630, kept current
    [parallel] 10 worker threads, one renderer clone each
    init sampling: best coverage score 3.0px of uncovered area  (4 samples)
[staged]   → robot e: IoU 0.630 → 0.638  ✓
    ↑ new global best IoU 0.638  [phase Ph1 robot e]
[staged] Phase 1 done — composite IoU: 0.638

[staged] Phase 2 — backward pass  (8 iters × 5 robots, sigma=0.300)
[staged]   contributions before Phase 2:
[staged]     robot a: +0.035 IoU  ← low
[staged]     robot b: +0.110 IoU
[staged]     robot c: +0.023 IoU  ← low
[staged]     robot d: +0.018 IoU  ← low
[staged]     robot e: +0.008 IoU  ← low
[staged]   Ph2 robot e  zone 2  (uncovered: 12% of target)
    [parallel] 10 worker threads, one renderer clone each
    init sampling: best coverage score 101.0px of uncovered area  (4 samples)
[staged]   → robot e: IoU 0.638 → 0.654  ✓
    ↑ new global best IoU 0.654  [phase Ph2 robot e]
[staged]   Ph2 robot d  zone 0  (uncovered: 9% of target)
    [parallel] 10 worker threads, one renderer clone each
    init sampling: best coverage score 66.0px of uncovered area  (4 samples)
[staged]   → robot d: candidate 0.648 < current 0.654  ✗ rejected
[staged]   Ph2 robot c  zone 4  (uncovered: 10% of target)
    [parallel] 10 worker threads, one renderer clone each
    init sampling: best coverage score 160.0px of uncovered area  (4 samples)
[staged]   → robot c: candidate 0.652 < current 0.654  ✗ rejected
[staged]   Ph2 robot b  zone 3  (uncovered: 31% of target)
    [parallel] 10 worker threads, one renderer clone each
    init sampling: best coverage score 668.0px of uncovered area  (4 samples)
[staged]   → robot b: IoU 0.654 → 0.716  ✓
    ↑ new global best IoU 0.716  [phase Ph2 robot b]
[staged]   Ph2 robot a  zone 1  (uncovered: 21% of target)
    [parallel] 10 worker threads, one renderer clone each
    init sampling: best coverage score 78.0px of uncovered area  (4 samples)
[staged]   → robot a: candidate 0.688 < current 0.716  ✗ rejected
[staged] Phase 2 done — composite IoU: 0.716

[staged] Best snapshot: Phase 2  IoU=0.716
[staged] Manifold final pass — computing Jacobian  (ε=0.020, 60 renders)
[staged] Manifold basis: k=8D / 30D  (variance≥85%, top eigenvalues: ['723903.56', '198170.98', '177536.72', '104887.59', '86699.79'])
    ↑ new global best IoU 0.746  [manifold final pass]
[staged] Manifold done — IoU: 0.746  (Δ=+0.030)  ✓
[staged] FD refinement — 5 Adam steps  (300 renders, lr=0.01, ε=0.02)
    ↑ new global best IoU 0.765  [FD refinement]
[staged] FD done — IoU: 0.765  (Δ=+0.020)  ✓
[staged] Done — final IoU: 0.765  loss: 0.2359
[staged] Popsize: per-robot phases=32  final=32  (theory optimum for 6 DOF = 10)

[staged] Hungarian pre-assignment  (5×5 cost matrix, 8 samples/entry = 200 renders)...
[staged]   robot_a → zone 0  robot_b → zone 1  robot_c → zone 4  robot_d → zone 2  robot_e → zone 3

[staged] Phase 1 — forward greedy  (8 iters × 5 robot(s), sigma=0.40×1.00, popsize=32)
[staged]   Ph1 robot a  zone 0  (uncovered: 22% of target)
    voronoi warm-start: IoU 0.217 → 0.300 ✓
    [parallel] 10 worker threads, one renderer clone each
    init sampling: best coverage score 0.0px of uncovered area  (2 samples)
[staged]   → robot a: IoU 0.217 → 0.504  ✓
    ↑ new global best IoU 0.504  [phase Ph1 robot a]
[staged]   Ph1 robot b  zone 1  (uncovered: 4% of target)
    voronoi warm-start: IoU 0.468 ≤ 0.504, kept current
    [parallel] 10 worker threads, one renderer clone each
    init sampling: best coverage score 104.0px of uncovered area  (4 samples)
[staged]   → robot b: IoU 0.504 → 0.592  ✓
    ↑ new global best IoU 0.592  [phase Ph1 robot b]
[staged]   Ph1 robot c  zone 4  (uncovered: 3% of target)
    voronoi warm-start: IoU 0.567 ≤ 0.592, kept current
    [parallel] 10 worker threads, one renderer clone each
    init sampling: best coverage score 35.0px of uncovered area  (4 samples)
[staged]   → robot c: IoU 0.592 → 0.626  ✓
    ↑ new global best IoU 0.626  [phase Ph1 robot c]
[staged]   Ph1 robot d  zone 2  (uncovered: 3% of target)
    voronoi warm-start: IoU 0.574 ≤ 0.626, kept current
    [parallel] 10 worker threads, one renderer clone each
    init sampling: best coverage score 50.0px of uncovered area  (4 samples)
[staged]   → robot d: IoU 0.626 → 0.647  ✓
    ↑ new global best IoU 0.647  [phase Ph1 robot d]
[staged]   Ph1 robot e  zone 3  (uncovered: 1% of target)
    voronoi warm-start: IoU 0.630 ≤ 0.647, kept current
    [parallel] 10 worker threads, one renderer clone each
    init sampling: best coverage score 0.0px of uncovered area  (4 samples)
[staged]   → robot e: IoU 0.647 → 0.667  ✓
    ↑ new global best IoU 0.667  [phase Ph1 robot e]
[staged] Phase 1 done — composite IoU: 0.667

[staged] Phase 2 — backward pass  (8 iters × 5 robots, sigma=0.300)
[staged]   contributions before Phase 2:
[staged]     robot a: +0.160 IoU
[staged]     robot b: +0.078 IoU
[staged]     robot c: +0.030 IoU  ← low
[staged]     robot d: +0.032 IoU  ← low
[staged]     robot e: +0.021 IoU  ← low
[staged]   Ph2 robot e  zone 3  (uncovered: 6% of target)
    [parallel] 10 worker threads, one renderer clone each
    init sampling: best coverage score 25.0px of uncovered area  (4 samples)
[staged]   → robot e: candidate 0.658 < current 0.667  ✗ rejected
[staged]   Ph2 robot d  zone 2  (uncovered: 9% of target)
    [parallel] 10 worker threads, one renderer clone each
    init sampling: best coverage score 35.0px of uncovered area  (4 samples)
[staged]   → robot d: candidate 0.645 < current 0.667  ✗ rejected
[staged]   Ph2 robot c  zone 4  (uncovered: 11% of target)
    [parallel] 10 worker threads, one renderer clone each
    init sampling: best coverage score 30.0px of uncovered area  (4 samples)
[staged]   → robot c: IoU 0.667 → 0.687  ✓
    ↑ new global best IoU 0.687  [phase Ph2 robot c]
[staged]   Ph2 robot b  zone 1  (uncovered: 23% of target)
    [parallel] 10 worker threads, one renderer clone each
    init sampling: best coverage score 198.0px of uncovered area  (4 samples)
[staged]   → robot b: IoU 0.687 → 0.719  ✓
    ↑ new global best IoU 0.719  [phase Ph2 robot b]
[staged]   Ph2 robot a  zone 0  (uncovered: 31% of target)
    [parallel] 10 worker threads, one renderer clone each
    init sampling: best coverage score 463.0px of uncovered area  (4 samples)
[staged]   → robot a: IoU 0.719 → 0.752  ✓
    ↑ new global best IoU 0.752  [phase Ph2 robot a]
[staged] Phase 2 done — composite IoU: 0.752

[staged] Best snapshot: Phase 2  IoU=0.752
[staged] Manifold final pass — computing Jacobian  (ε=0.020, 60 renders)
[staged] Manifold basis: k=9D / 30D  (variance≥85%, top eigenvalues: ['431051.62', '235943.81', '200570.39', '64074.40', '54751.05'])
    ↑ new global best IoU 0.760  [manifold final pass]
[staged] Manifold done — IoU: 0.760  (Δ=+0.008)  ✓
[staged] FD refinement — 5 Adam steps  (300 renders, lr=0.01, ε=0.02)
    ↑ new global best IoU 0.779  [FD refinement]
[staged] FD done — IoU: 0.779  (Δ=+0.019)  ✓
[staged] Done — final IoU: 0.779  loss: 0.2211
[shard 0] 4/10 letters_upper/U_dejavusans-bold  best=0.823 mean=0.778±0.023  140s  eta 0.2h
[staged] Popsize: per-robot phases=32  final=32  (theory optimum for 6 DOF = 10)

[staged] Hungarian pre-assignment  (5×5 cost matrix, 8 samples/entry = 200 renders)...
[staged]   robot_a → zone 3  robot_b → zone 4  robot_c → zone 1  robot_d → zone 0  robot_e → zone 2

[staged] Phase 1 — forward greedy  (8 iters × 5 robot(s), sigma=0.40×1.00, popsize=32)
[staged]   Ph1 robot a  zone 3  (uncovered: 16% of target)
    voronoi warm-start: IoU 0.190 ≤ 0.213, kept current
    [parallel] 10 worker threads, one renderer clone each
    init sampling: best coverage score 0.0px of uncovered area  (4 samples)
[staged]   → robot a: IoU 0.213 → 0.458  ✓
    ↑ new global best IoU 0.458  [phase Ph1 robot a]
[staged]   Ph1 robot b  zone 4  (uncovered: 9% of target)
    voronoi warm-start: IoU 0.348 ≤ 0.458, kept current
    [parallel] 10 worker threads, one renderer clone each
    init sampling: best coverage score 32.0px of uncovered area  (4 samples)
[staged]   → robot b: IoU 0.458 → 0.491  ✓
    ↑ new global best IoU 0.491  [phase Ph1 robot b]
[staged]   Ph1 robot c  zone 1  (uncovered: 3% of target)
    voronoi warm-start: IoU 0.464 ≤ 0.491, kept current
    [parallel] 10 worker threads, one renderer clone each
    init sampling: best coverage score 0.0px of uncovered area  (4 samples)
[staged]   → robot c: IoU 0.491 → 0.534  ✓
    ↑ new global best IoU 0.534  [phase Ph1 robot c]
[staged]   Ph1 robot d  zone 0  (uncovered: 1% of target)
    voronoi warm-start: IoU 0.504 ≤ 0.534, kept current
    [parallel] 10 worker threads, one renderer clone each
    init sampling: best coverage score 33.0px of uncovered area  (4 samples)
[staged]   → robot d: IoU 0.534 → 0.555  ✓
    ↑ new global best IoU 0.555  [phase Ph1 robot d]
[staged]   Ph1 robot e  zone 2  (uncovered: 1% of target)
    voronoi warm-start: IoU 0.532 ≤ 0.555, kept current
    [parallel] 10 worker threads, one renderer clone each
    init sampling: best coverage score 19.0px of uncovered area  (4 samples)
[staged]   → robot e: IoU 0.555 → 0.579  ✓
    ↑ new global best IoU 0.579  [phase Ph1 robot e]
[staged] Phase 1 done — composite IoU: 0.579

[staged] Phase 2 — backward pass  (8 iters × 5 robots, sigma=0.300)
[staged]   contributions before Phase 2:
[staged]     robot a: +0.048 IoU  ← low
[staged]     robot b: +0.045 IoU  ← low
[staged]     robot c: +0.061 IoU
[staged]     robot d: +0.034 IoU  ← low
[staged]     robot e: +0.024 IoU  ← low
[staged]   Ph2 robot e  zone 2  (uncovered: 9% of target)
    [parallel] 10 worker threads, one renderer clone each
    init sampling: best coverage score 25.0px of uncovered area  (4 samples)
[staged]   → robot e: candidate 0.575 < current 0.579  ✗ rejected
[staged]   Ph2 robot d  zone 0  (uncovered: 11% of target)
    [parallel] 10 worker threads, one renderer clone each
    init sampling: best coverage score 48.0px of uncovered area  (4 samples)
[staged]   → robot d: candidate 0.571 < current 0.579  ✗ rejected
[staged]   Ph2 robot c  zone 1  (uncovered: 17% of target)
    [parallel] 10 worker threads, one renderer clone each
    init sampling: best coverage score 20.0px of uncovered area  (4 samples)
[staged]   → robot c: candidate 0.570 < current 0.579  ✗ rejected
[staged]   Ph2 robot b  zone 4  (uncovered: 15% of target)
    [parallel] 10 worker threads, one renderer clone each
    init sampling: best coverage score 111.0px of uncovered area  (4 samples)
[staged]   → robot b: candidate 0.567 < current 0.579  ✗ rejected
[staged]   Ph2 robot a  zone 3  (uncovered: 20% of target)
    [parallel] 10 worker threads, one renderer clone each
    init sampling: best coverage score 75.0px of uncovered area  (4 samples)
[staged]   → robot a: IoU 0.579 → 0.601  ✓
    ↑ new global best IoU 0.601  [phase Ph2 robot a]
[staged] Phase 2 done — composite IoU: 0.601

[staged] Best snapshot: Phase 2  IoU=0.601
[staged] Manifold final pass — computing Jacobian  (ε=0.020, 60 renders)
[staged] Manifold basis: k=11D / 30D  (variance≥85%, top eigenvalues: ['281080.03', '133561.97', '133550.03', '113319.68', '93479.07'])
[staged] Manifold did not improve (0.597 vs 0.601), keeping best snapshot
[staged] FD refinement — 5 Adam steps  (300 renders, lr=0.01, ε=0.02)
    ↑ new global best IoU 0.609  [FD refinement]
[staged] FD done — IoU: 0.609  (Δ=+0.009)  ✓
[staged] Done — final IoU: 0.609  loss: 0.3924
[staged] Popsize: per-robot phases=32  final=32  (theory optimum for 6 DOF = 10)

[staged] Hungarian pre-assignment  (5×5 cost matrix, 8 samples/entry = 200 renders)...
[staged]   robot_a → zone 1  robot_b → zone 4  robot_c → zone 0  robot_d → zone 2  robot_e → zone 3

[staged] Phase 1 — forward greedy  (8 iters × 5 robot(s), sigma=0.40×1.00, popsize=32)
[staged]   Ph1 robot a  zone 1  (uncovered: 24% of target)
    voronoi warm-start: IoU 0.210 ≤ 0.213, kept current
    [parallel] 10 worker threads, one renderer clone each
    init sampling: best coverage score 0.0px of uncovered area  (4 samples)
[staged]   → robot a: IoU 0.213 → 0.372  ✓
    ↑ new global best IoU 0.372  [phase Ph1 robot a]
[staged]   Ph1 robot b  zone 4  (uncovered: 9% of target)
    voronoi warm-start: IoU 0.304 ≤ 0.372, kept current
    [parallel] 10 worker threads, one renderer clone each
    init sampling: best coverage score 141.0px of uncovered area  (4 samples)
[staged]   → robot b: IoU 0.372 → 0.404  ✓
    ↑ new global best IoU 0.404  [phase Ph1 robot b]
[staged]   Ph1 robot c  zone 0  (uncovered: 11% of target)
    voronoi warm-start: IoU 0.360 ≤ 0.404, kept current
    [parallel] 10 worker threads, one renderer clone each
    init sampling: best coverage score 116.0px of uncovered area  (4 samples)
[staged]   → robot c: IoU 0.404 → 0.461  ✓
    ↑ new global best IoU 0.461  [phase Ph1 robot c]
[staged]   Ph1 robot d  zone 2  (uncovered: 6% of target)
    voronoi warm-start: IoU 0.443 ≤ 0.461, kept current
    [parallel] 10 worker threads, one renderer clone each
    init sampling: best coverage score 179.0px of uncovered area  (4 samples)
[staged]   → robot d: IoU 0.461 → 0.491  ✓
    ↑ new global best IoU 0.491  [phase Ph1 robot d]
[staged]   Ph1 robot e  zone 3  (uncovered: 1% of target)
    voronoi warm-start: IoU 0.467 ≤ 0.491, kept current
    [parallel] 10 worker threads, one renderer clone each
    init sampling: best coverage score 9.0px of uncovered area  (4 samples)
[staged]   → robot e: IoU 0.491 → 0.518  ✓
    ↑ new global best IoU 0.518  [phase Ph1 robot e]
[staged] Phase 1 done — composite IoU: 0.518

[staged] Phase 2 — backward pass  (8 iters × 5 robots, sigma=0.300)
[staged]   contributions before Phase 2:
[staged]     robot a: +0.035 IoU  ← low
[staged]     robot b: +0.032 IoU  ← low
[staged]     robot c: +0.074 IoU
[staged]     robot d: +0.024 IoU  ← low
[staged]     robot e: +0.027 IoU  ← low
[staged]   Ph2 robot e  zone 3  (uncovered: 20% of target)
    [parallel] 10 worker threads, one renderer clone each
    init sampling: best coverage score 171.0px of uncovered area  (4 samples)
[staged]   → robot e: IoU 0.518 → 0.526  ✓
    ↑ new global best IoU 0.526  [phase Ph2 robot e]
[staged]   Ph2 robot d  zone 2  (uncovered: 21% of target)
    [parallel] 10 worker threads, one renderer clone each
    init sampling: best coverage score 148.0px of uncovered area  (4 samples)
[staged]   → robot d: IoU 0.526 → 0.561  ✓
    ↑ new global best IoU 0.561  [phase Ph2 robot d]
[staged]   Ph2 robot c  zone 0  (uncovered: 22% of target)
    [parallel] 10 worker threads, one renderer clone each
    init sampling: best coverage score 169.0px of uncovered area  (4 samples)
[staged]   → robot c: candidate 0.548 < current 0.561  ✗ rejected
[staged]   Ph2 robot b  zone 4  (uncovered: 20% of target)
    [parallel] 10 worker threads, one renderer clone each
    init sampling: best coverage score 22.0px of uncovered area  (4 samples)
[staged]   → robot b: candidate 0.559 < current 0.561  ✗ rejected
[staged]   Ph2 robot a  zone 1  (uncovered: 27% of target)
    [parallel] 10 worker threads, one renderer clone each
    init sampling: best coverage score 78.0px of uncovered area  (4 samples)
[staged]   → robot a: candidate 0.523 < current 0.561  ✗ rejected
[staged] Phase 2 done — composite IoU: 0.561

[staged] Best snapshot: Phase 2  IoU=0.561
[staged] Manifold final pass — computing Jacobian  (ε=0.020, 60 renders)
[staged] Manifold basis: k=9D / 30D  (variance≥85%, top eigenvalues: ['414641.31', '218220.45', '190829.00', '162721.75', '57478.39'])
    ↑ new global best IoU 0.601  [manifold final pass]
[staged] Manifold done — IoU: 0.601  (Δ=+0.040)  ✓
[staged] FD refinement — 5 Adam steps  (300 renders, lr=0.01, ε=0.02)
    ↑ new global best IoU 0.622  [FD refinement]
[staged] FD done — IoU: 0.622  (Δ=+0.021)  ✓
[staged] Done — final IoU: 0.622  loss: 0.3792
[staged] Popsize: per-robot phases=32  final=32  (theory optimum for 6 DOF = 10)

[staged] Hungarian pre-assignment  (5×5 cost matrix, 8 samples/entry = 200 renders)...
[staged]   robot_a → zone 2  robot_b → zone 4  robot_c → zone 0  robot_d → zone 1  robot_e → zone 3

[staged] Phase 1 — forward greedy  (8 iters × 5 robot(s), sigma=0.40×1.00, popsize=32)
[staged]   Ph1 robot a  zone 2  (uncovered: 21% of target)
    voronoi warm-start: IoU 0.198 ≤ 0.213, kept current
    [parallel] 10 worker threads, one renderer clone each
    init sampling: best coverage score 0.0px of uncovered area  (4 samples)
[staged]   → robot a: IoU 0.213 → 0.401  ✓
    ↑ new global best IoU 0.401  [phase Ph1 robot a]
[staged]   Ph1 robot b  zone 4  (uncovered: 13% of target)
    voronoi warm-start: IoU 0.370 ≤ 0.401, kept current
    [parallel] 10 worker threads, one renderer clone each
    init sampling: best coverage score 0.0px of uncovered area  (4 samples)
[staged]   → robot b: IoU 0.401 → 0.467  ✓
    ↑ new global best IoU 0.467  [phase Ph1 robot b]
[staged]   Ph1 robot c  zone 0  (uncovered: 1% of target)
    voronoi warm-start: IoU 0.452 ≤ 0.467, kept current
    [parallel] 10 worker threads, one renderer clone each
    init sampling: best coverage score 16.0px of uncovered area  (4 samples)
[staged]   → robot c: IoU 0.467 → 0.490  ✓
    ↑ new global best IoU 0.490  [phase Ph1 robot c]
[staged]   Ph1 robot d  zone 1  (uncovered: 5% of target)
    voronoi warm-start: IoU 0.469 ≤ 0.490, kept current
    [parallel] 10 worker threads, one renderer clone each
    init sampling: best coverage score 0.0px of uncovered area  (4 samples)
[staged]   → robot d: IoU 0.490 → 0.499  ✓
    ↑ new global best IoU 0.499  [phase Ph1 robot d]
[staged]   Ph1 robot e  zone 3  (uncovered: 1% of target)
    voronoi warm-start: IoU 0.461 ≤ 0.499, kept current
    [parallel] 10 worker threads, one renderer clone each
    init sampling: best coverage score 0.0px of uncovered area  (4 samples)
[staged]   → robot e: IoU 0.499 → 0.509  ✓
    ↑ new global best IoU 0.509  [phase Ph1 robot e]
[staged] Phase 1 done — composite IoU: 0.509

[staged] Phase 2 — backward pass  (8 iters × 5 robots, sigma=0.300)
[staged]   contributions before Phase 2:
[staged]     robot a: +0.077 IoU
[staged]     robot b: +0.048 IoU  ← low
[staged]     robot c: +0.032 IoU  ← low
[staged]     robot d: +0.016 IoU  ← low
[staged]     robot e: +0.010 IoU  ← low
[staged]   Ph2 robot e  zone 3  (uncovered: 21% of target)
    [parallel] 10 worker threads, one renderer clone each
    init sampling: best coverage score 13.0px of uncovered area  (4 samples)
[staged]   → robot e: IoU 0.509 → 0.509  ✓
[staged]   Ph2 robot d  zone 1  (uncovered: 22% of target)
    [parallel] 10 worker threads, one renderer clone each
    init sampling: best coverage score 31.0px of uncovered area  (4 samples)
[staged]   → robot d: IoU 0.509 → 0.572  ✓
    ↑ new global best IoU 0.572  [phase Ph2 robot d]
[staged]   Ph2 robot c  zone 0  (uncovered: 15% of target)
    [parallel] 10 worker threads, one renderer clone each
    init sampling: best coverage score 77.0px of uncovered area  (4 samples)
[staged]   → robot c: candidate 0.566 < current 0.572  ✗ rejected
[staged]   Ph2 robot b  zone 4  (uncovered: 24% of target)
    [parallel] 10 worker threads, one renderer clone each
    init sampling: best coverage score 197.0px of uncovered area  (4 samples)
[staged]   → robot b: candidate 0.557 < current 0.572  ✗ rejected
[staged]   Ph2 robot a  zone 2  (uncovered: 27% of target)
    [parallel] 10 worker threads, one renderer clone each
    init sampling: best coverage score 545.0px of uncovered area  (4 samples)
[staged]   → robot a: candidate 0.555 < current 0.572  ✗ rejected
[staged] Phase 2 done — composite IoU: 0.572

[staged] Best snapshot: Phase 2  IoU=0.572
[staged] Manifold final pass — computing Jacobian  (ε=0.020, 60 renders)
[staged] Manifold basis: k=8D / 30D  (variance≥85%, top eigenvalues: ['307254.19', '264037.03', '213474.55', '121713.91', '115460.98'])
    ↑ new global best IoU 0.590  [manifold final pass]
[staged] Manifold done — IoU: 0.590  (Δ=+0.018)  ✓
[staged] FD refinement — 5 Adam steps  (300 renders, lr=0.01, ε=0.02)
    ↑ new global best IoU 0.597  [FD refinement]
[staged] FD done — IoU: 0.597  (Δ=+0.007)  ✓
[staged] Done — final IoU: 0.597  loss: 0.4059
[staged] Popsize: per-robot phases=32  final=32  (theory optimum for 6 DOF = 10)

[staged] Hungarian pre-assignment  (5×5 cost matrix, 8 samples/entry = 200 renders)...
[staged]   robot_a → zone 3  robot_b → zone 1  robot_c → zone 0  robot_d → zone 2  robot_e → zone 4

[staged] Phase 1 — forward greedy  (8 iters × 5 robot(s), sigma=0.40×1.00, popsize=32)
[staged]   Ph1 robot a  zone 3  (uncovered: 16% of target)
    voronoi warm-start: IoU 0.190 ≤ 0.213, kept current
    [parallel] 10 worker threads, one renderer clone each
    init sampling: best coverage score 0.0px of uncovered area  (4 samples)
[staged]   → robot a: IoU 0.213 → 0.461  ✓
    ↑ new global best IoU 0.461  [phase Ph1 robot a]
[staged]   Ph1 robot b  zone 1  (uncovered: 9% of target)
    voronoi warm-start: IoU 0.357 ≤ 0.461, kept current
    [parallel] 10 worker threads, one renderer clone each
    init sampling: best coverage score 63.0px of uncovered area  (4 samples)
[staged]   → robot b: IoU 0.461 → 0.495  ✓
    ↑ new global best IoU 0.495  [phase Ph1 robot b]
[staged]   Ph1 robot c  zone 0  (uncovered: 3% of target)
    voronoi warm-start: IoU 0.457 ≤ 0.495, kept current
    [parallel] 10 worker threads, one renderer clone each
    init sampling: best coverage score 3.0px of uncovered area  (4 samples)
[staged]   → robot c: IoU 0.495 → 0.544  ✓
    ↑ new global best IoU 0.544  [phase Ph1 robot c]
[staged]   Ph1 robot d  zone 2  (uncovered: 1% of target)
    voronoi warm-start: IoU 0.508 ≤ 0.544, kept current
    [parallel] 10 worker threads, one renderer clone each
    init sampling: best coverage score 15.0px of uncovered area  (4 samples)
[staged]   → robot d: IoU 0.544 → 0.570  ✓
    ↑ new global best IoU 0.570  [phase Ph1 robot d]
[staged]   Ph1 robot e  zone 4  (uncovered: 3% of target)
    voronoi warm-start: IoU 0.537 ≤ 0.570, kept current
    [parallel] 10 worker threads, one renderer clone each
    init sampling: best coverage score 51.0px of uncovered area  (4 samples)
[staged]   → robot e: IoU 0.570 → 0.592  ✓
    ↑ new global best IoU 0.592  [phase Ph1 robot e]
[staged] Phase 1 done — composite IoU: 0.592

[staged] Phase 2 — backward pass  (8 iters × 5 robots, sigma=0.300)
[staged]   contributions before Phase 2:
[staged]     robot a: +0.117 IoU
[staged]     robot b: +0.007 IoU  ← low
[staged]     robot c: +0.050 IoU
[staged]     robot d: +0.030 IoU  ← low
[staged]     robot e: +0.022 IoU  ← low
[staged]   Ph2 robot e  zone 4  (uncovered: 11% of target)
    [parallel] 10 worker threads, one renderer clone each
    init sampling: best coverage score 82.0px of uncovered area  (4 samples)
[staged]   → robot e: candidate 0.590 < current 0.592  ✗ rejected
[staged]   Ph2 robot d  zone 2  (uncovered: 15% of target)
    [parallel] 10 worker threads, one renderer clone each
    init sampling: best coverage score 15.0px of uncovered area  (4 samples)
[staged]   → robot d: IoU 0.592 → 0.605  ✓
    ↑ new global best IoU 0.605  [phase Ph2 robot d]
[staged]   Ph2 robot c  zone 0  (uncovered: 19% of target)
    [parallel] 10 worker threads, one renderer clone each
    init sampling: best coverage score 21.0px of uncovered area  (4 samples)
[staged]   → robot c: candidate 0.572 < current 0.605  ✗ rejected
[staged]   Ph2 robot b  zone 1  (uncovered: 15% of target)
    [parallel] 10 worker threads, one renderer clone each
    init sampling: best coverage score 29.0px of uncovered area  (4 samples)
[staged]   → robot b: candidate 0.589 < current 0.605  ✗ rejected
[staged]   Ph2 robot a  zone 3  (uncovered: 30% of target)
    [parallel] 10 worker threads, one renderer clone each
    init sampling: best coverage score 43.0px of uncovered area  (4 samples)
[staged]   → robot a: candidate 0.590 < current 0.605  ✗ rejected
[staged] Phase 2 done — composite IoU: 0.605

[staged] Best snapshot: Phase 2  IoU=0.605
[staged] Manifold final pass — computing Jacobian  (ε=0.020, 60 renders)
[staged] Manifold basis: k=9D / 30D  (variance≥85%, top eigenvalues: ['223094.33', '215345.86', '145126.03', '84106.72', '75173.58'])
    ↑ new global best IoU 0.621  [manifold final pass]
[staged] Manifold done — IoU: 0.621  (Δ=+0.016)  ✓
[staged] FD refinement — 5 Adam steps  (300 renders, lr=0.01, ε=0.02)
    ↑ new global best IoU 0.639  [FD refinement]
[staged] FD done — IoU: 0.639  (Δ=+0.018)  ✓
[staged] Done — final IoU: 0.639  loss: 0.3625
[staged] Popsize: per-robot phases=32  final=32  (theory optimum for 6 DOF = 10)

[staged] Hungarian pre-assignment  (5×5 cost matrix, 8 samples/entry = 200 renders)...
[staged]   robot_a → zone 3  robot_b → zone 4  robot_c → zone 0  robot_d → zone 2  robot_e → zone 1

[staged] Phase 1 — forward greedy  (8 iters × 5 robot(s), sigma=0.40×1.00, popsize=32)
[staged]   Ph1 robot a  zone 3  (uncovered: 8% of target)
    voronoi warm-start: IoU 0.181 ≤ 0.213, kept current
    [parallel] 10 worker threads, one renderer clone each
    init sampling: best coverage score 30.0px of uncovered area  (4 samples)
[staged]   → robot a: IoU 0.213 → 0.441  ✓
    ↑ new global best IoU 0.441  [phase Ph1 robot a]
[staged]   Ph1 robot b  zone 4  (uncovered: 9% of target)
    voronoi warm-start: IoU 0.420 ≤ 0.441, kept current
    [parallel] 10 worker threads, one renderer clone each
    init sampling: best coverage score 197.0px of uncovered area  (4 samples)
[staged]   → robot b: IoU 0.441 → 0.470  ✓
    ↑ new global best IoU 0.470  [phase Ph1 robot b]
[staged]   Ph1 robot c  zone 0  (uncovered: 5% of target)
    voronoi warm-start: IoU 0.401 ≤ 0.470, kept current
    [parallel] 10 worker threads, one renderer clone each
    init sampling: best coverage score 9.0px of uncovered area  (4 samples)
[staged]   → robot c: IoU 0.470 → 0.515  ✓
    ↑ new global best IoU 0.515  [phase Ph1 robot c]
[staged]   Ph1 robot d  zone 2  (uncovered: 1% of target)
    voronoi warm-start: IoU 0.466 ≤ 0.515, kept current
    [parallel] 10 worker threads, one renderer clone each
    init sampling: best coverage score 26.0px of uncovered area  (4 samples)
[staged]   → robot d: IoU 0.515 → 0.539  ✓
    ↑ new global best IoU 0.539  [phase Ph1 robot d]
[staged]   Ph1 robot e  zone 1  (uncovered: 6% of target)
    voronoi warm-start: IoU 0.517 ≤ 0.539, kept current
    [parallel] 10 worker threads, one renderer clone each
    init sampling: best coverage score 10.0px of uncovered area  (4 samples)
[staged]   → robot e: IoU 0.539 → 0.558  ✓
    ↑ new global best IoU 0.558  [phase Ph1 robot e]
[staged] Phase 1 done — composite IoU: 0.558

[staged] Phase 2 — backward pass  (8 iters × 5 robots, sigma=0.300)
[staged]   contributions before Phase 2:
[staged]     robot a: +0.099 IoU
[staged]     robot b: +0.054 IoU
[staged]     robot c: +0.016 IoU  ← low
[staged]     robot d: +0.021 IoU  ← low
[staged]     robot e: +0.019 IoU  ← low
[staged]   Ph2 robot e  zone 1  (uncovered: 18% of target)
    [parallel] 10 worker threads, one renderer clone each
    init sampling: best coverage score 175.0px of uncovered area  (4 samples)
[staged]   → robot e: IoU 0.558 → 0.561  ✓
    ↑ new global best IoU 0.561  [phase Ph2 robot e]
[staged]   Ph2 robot d  zone 2  (uncovered: 18% of target)
    [parallel] 10 worker threads, one renderer clone each
    init sampling: best coverage score 93.0px of uncovered area  (4 samples)
[staged]   → robot d: IoU 0.561 → 0.573  ✓
    ↑ new global best IoU 0.573  [phase Ph2 robot d]
[staged]   Ph2 robot c  zone 0  (uncovered: 15% of target)
    [parallel] 10 worker threads, one renderer clone each
    init sampling: best coverage score 113.0px of uncovered area  (4 samples)
[staged]   → robot c: candidate 0.562 < current 0.573  ✗ rejected
[staged]   Ph2 robot b  zone 4  (uncovered: 26% of target)
    [parallel] 10 worker threads, one renderer clone each
    init sampling: best coverage score 249.0px of uncovered area  (4 samples)
[staged]   → robot b: IoU 0.573 → 0.593  ✓
    ↑ new global best IoU 0.593  [phase Ph2 robot b]
[staged]   Ph2 robot a  zone 3  (uncovered: 35% of target)
    [parallel] 10 worker threads, one renderer clone each
    init sampling: best coverage score 320.0px of uncovered area  (4 samples)
[staged]   → robot a: candidate 0.551 < current 0.593  ✗ rejected
[staged] Phase 2 done — composite IoU: 0.593

[staged] Best snapshot: Phase 2  IoU=0.593
[staged] Manifold final pass — computing Jacobian  (ε=0.020, 60 renders)
[staged] Manifold basis: k=9D / 30D  (variance≥85%, top eigenvalues: ['352337.44', '182012.45', '131074.97', '80273.66', '49859.23'])
    ↑ new global best IoU 0.605  [manifold final pass]
[staged] Manifold done — IoU: 0.605  (Δ=+0.012)  ✓
[staged] FD refinement — 5 Adam steps  (300 renders, lr=0.01, ε=0.02)
    ↑ new global best IoU 0.623  [FD refinement]
[staged] FD done — IoU: 0.623  (Δ=+0.018)  ✓
[staged] Done — final IoU: 0.623  loss: 0.3792
[shard 0] 5/10 letters_upper/W_dejavusans-bold  best=0.639 mean=0.618±0.014  139s  eta 0.2h
[staged] Popsize: per-robot phases=32  final=32  (theory optimum for 6 DOF = 10)

[staged] Hungarian pre-assignment  (5×5 cost matrix, 8 samples/entry = 200 renders)...
[staged]   robot_a → zone 0  robot_b → zone 3  robot_c → zone 1  robot_d → zone 4  robot_e → zone 2

[staged] Phase 1 — forward greedy  (8 iters × 5 robot(s), sigma=0.40×1.00, popsize=32)
[staged]   Ph1 robot a  zone 0  (uncovered: 14% of target)
    voronoi warm-start: IoU 0.141 ≤ 0.157, kept current
    [parallel] 10 worker threads, one renderer clone each
    init sampling: best coverage score 197.0px of uncovered area  (4 samples)
[staged]   → robot a: IoU 0.157 → 0.411  ✓
    ↑ new global best IoU 0.411  [phase Ph1 robot a]
[staged]   Ph1 robot b  zone 3  (uncovered: 8% of target)
    voronoi warm-start: IoU 0.395 ≤ 0.411, kept current
    [parallel] 10 worker threads, one renderer clone each
    init sampling: best coverage score 266.0px of uncovered area  (4 samples)
[staged]   → robot b: IoU 0.411 → 0.485  ✓
    ↑ new global best IoU 0.485  [phase Ph1 robot b]
[staged]   Ph1 robot c  zone 1  (uncovered: 17% of target)
    voronoi warm-start: IoU 0.485 → 0.493 ✓
    [parallel] 10 worker threads, one renderer clone each
    init sampling: best coverage score 0.0px of uncovered area  (2 samples)
[staged]   → robot c: IoU 0.485 → 0.554  ✓
    ↑ new global best IoU 0.554  [phase Ph1 robot c]
[staged]   Ph1 robot d  zone 4  (uncovered: 6% of target)
    voronoi warm-start: IoU 0.550 ≤ 0.554, kept current
    [parallel] 10 worker threads, one renderer clone each
    init sampling: best coverage score 12.0px of uncovered area  (4 samples)
[staged]   → robot d: IoU 0.554 → 0.581  ✓
    ↑ new global best IoU 0.581  [phase Ph1 robot d]
[staged]   Ph1 robot e  zone 2  (uncovered: 0% of target)
    voronoi warm-start: IoU 0.560 ≤ 0.581, kept current
    [parallel] 10 worker threads, one renderer clone each
    init sampling: best coverage score 0.0px of uncovered area  (4 samples)
[staged]   → robot e: IoU 0.581 → 0.627  ✓
    ↑ new global best IoU 0.627  [phase Ph1 robot e]
[staged] Phase 1 done — composite IoU: 0.627

[staged] Phase 2 — backward pass  (8 iters × 5 robots, sigma=0.300)
[staged]   contributions before Phase 2:
[staged]     robot a: +0.091 IoU
[staged]     robot b: +0.065 IoU
[staged]     robot c: +0.088 IoU
[staged]     robot d: +0.055 IoU
[staged]     robot e: +0.046 IoU  ← low
[staged]   Ph2 robot e  zone 2  (uncovered: 24% of target)
    [parallel] 10 worker threads, one renderer clone each
    init sampling: best coverage score 86.0px of uncovered area  (4 samples)
[staged]   → robot e: candidate 0.618 < current 0.627  ✗ rejected
[staged]   Ph2 robot d  zone 4  (uncovered: 25% of target)
    [parallel] 10 worker threads, one renderer clone each
    init sampling: best coverage score 202.0px of uncovered area  (4 samples)
[staged]   → robot d: IoU 0.627 → 0.638  ✓
    ↑ new global best IoU 0.638  [phase Ph2 robot d]
[staged]   Ph2 robot c  zone 1  (uncovered: 29% of target)
    [parallel] 10 worker threads, one renderer clone each
    init sampling: best coverage score 72.0px of uncovered area  (4 samples)
[staged]   → robot c: candidate 0.626 < current 0.638  ✗ rejected
[staged]   Ph2 robot b  zone 3  (uncovered: 27% of target)
    [parallel] 10 worker threads, one renderer clone each
    init sampling: best coverage score 322.0px of uncovered area  (4 samples)
[staged]   → robot b: candidate 0.617 < current 0.638  ✗ rejected
[staged]   Ph2 robot a  zone 0  (uncovered: 31% of target)
    [parallel] 10 worker threads, one renderer clone each
    init sampling: best coverage score 102.0px of uncovered area  (4 samples)
[staged]   → robot a: IoU 0.638 → 0.645  ✓
    ↑ new global best IoU 0.645  [phase Ph2 robot a]
[staged] Phase 2 done — composite IoU: 0.645

[staged] Best snapshot: Phase 2  IoU=0.645
[staged] Manifold final pass — computing Jacobian  (ε=0.020, 60 renders)
[staged] Manifold basis: k=10D / 30D  (variance≥85%, top eigenvalues: ['219092.30', '203332.58', '194205.83', '116386.95', '69268.87'])
    ↑ new global best IoU 0.665  [manifold final pass]
[staged] Manifold done — IoU: 0.665  (Δ=+0.019)  ✓
[staged] FD refinement — 5 Adam steps  (300 renders, lr=0.01, ε=0.02)
    ↑ new global best IoU 0.698  [FD refinement]
[staged] FD done — IoU: 0.698  (Δ=+0.033)  ✓
[staged] Done — final IoU: 0.698  loss: 0.3026
[staged] Popsize: per-robot phases=32  final=32  (theory optimum for 6 DOF = 10)

[staged] Hungarian pre-assignment  (5×5 cost matrix, 8 samples/entry = 200 renders)...
[staged]   robot_a → zone 4  robot_b → zone 3  robot_c → zone 0  robot_d → zone 2  robot_e → zone 1

[staged] Phase 1 — forward greedy  (8 iters × 5 robot(s), sigma=0.40×1.00, popsize=32)
[staged]   Ph1 robot a  zone 4  (uncovered: 24% of target)
    voronoi warm-start: IoU 0.157 → 0.256 ✓
    [parallel] 10 worker threads, one renderer clone each
    init sampling: best coverage score 0.0px of uncovered area  (2 samples)
[staged]   → robot a: IoU 0.157 → 0.438  ✓
    ↑ new global best IoU 0.438  [phase Ph1 robot a]
[staged]   Ph1 robot b  zone 3  (uncovered: 17% of target)
    voronoi warm-start: IoU 0.424 ≤ 0.438, kept current
    [parallel] 10 worker threads, one renderer clone each
    init sampling: best coverage score 0.0px of uncovered area  (4 samples)
[staged]   → robot b: IoU 0.438 → 0.493  ✓
    ↑ new global best IoU 0.493  [phase Ph1 robot b]
[staged]   Ph1 robot c  zone 0  (uncovered: 11% of target)
    voronoi warm-start: IoU 0.488 ≤ 0.493, kept current
    [parallel] 10 worker threads, one renderer clone each
    init sampling: best coverage score 79.0px of uncovered area  (4 samples)
[staged]   → robot c: IoU 0.493 → 0.518  ✓
    ↑ new global best IoU 0.518  [phase Ph1 robot c]
[staged]   Ph1 robot d  zone 2  (uncovered: 0% of target)
    voronoi warm-start: IoU 0.472 ≤ 0.518, kept current
    [parallel] 10 worker threads, one renderer clone each
    init sampling: best coverage score 3.0px of uncovered area  (4 samples)
[staged]   → robot d: IoU 0.518 → 0.535  ✓
    ↑ new global best IoU 0.535  [phase Ph1 robot d]
[staged]   Ph1 robot e  zone 1  (uncovered: 8% of target)
    voronoi warm-start: IoU 0.511 ≤ 0.535, kept current
    [parallel] 10 worker threads, one renderer clone each
    init sampling: best coverage score 150.0px of uncovered area  (4 samples)
[staged]   → robot e: IoU 0.535 → 0.609  ✓
    ↑ new global best IoU 0.609  [phase Ph1 robot e]
[staged] Phase 1 done — composite IoU: 0.609

[staged] Phase 2 — backward pass  (8 iters × 5 robots, sigma=0.300)
[staged]   contributions before Phase 2:
[staged]     robot a: +0.071 IoU
[staged]     robot b: +0.081 IoU
[staged]     robot c: +0.060 IoU
[staged]     robot d: +0.045 IoU  ← low
[staged]     robot e: +0.074 IoU
[staged]   Ph2 robot e  zone 1  (uncovered: 20% of target)
    [parallel] 10 worker threads, one renderer clone each
    init sampling: best coverage score 280.0px of uncovered area  (4 samples)
[staged]   → robot e: candidate 0.594 < current 0.609  ✗ rejected
[staged]   Ph2 robot d  zone 2  (uncovered: 19% of target)
    [parallel] 10 worker threads, one renderer clone each
    init sampling: best coverage score 77.0px of uncovered area  (4 samples)
[staged]   → robot d: IoU 0.609 → 0.611  ✓
    ↑ new global best IoU 0.611  [phase Ph2 robot d]
[staged]   Ph2 robot c  zone 0  (uncovered: 19% of target)
    [parallel] 10 worker threads, one renderer clone each
    init sampling: best coverage score 45.0px of uncovered area  (4 samples)
[staged]   → robot c: IoU 0.611 → 0.615  ✓
    ↑ new global best IoU 0.615  [phase Ph2 robot c]
[staged]   Ph2 robot b  zone 3  (uncovered: 28% of target)
    [parallel] 10 worker threads, one renderer clone each
    init sampling: best coverage score 54.0px of uncovered area  (4 samples)
[staged]   → robot b: candidate 0.580 < current 0.615  ✗ rejected
[staged]   Ph2 robot a  zone 4  (uncovered: 24% of target)
    [parallel] 10 worker threads, one renderer clone each
    init sampling: best coverage score 343.0px of uncovered area  (4 samples)
[staged]   → robot a: IoU 0.615 → 0.663  ✓
    ↑ new global best IoU 0.663  [phase Ph2 robot a]
[staged] Phase 2 done — composite IoU: 0.663

[staged] Best snapshot: Phase 2  IoU=0.663
[staged] Manifold final pass — computing Jacobian  (ε=0.020, 60 renders)
[staged] Manifold basis: k=9D / 30D  (variance≥85%, top eigenvalues: ['282252.12', '214774.14', '196825.56', '109938.91', '59782.92'])
    ↑ new global best IoU 0.673  [manifold final pass]
[staged] Manifold done — IoU: 0.673  (Δ=+0.010)  ✓
[staged] FD refinement — 5 Adam steps  (300 renders, lr=0.01, ε=0.02)
    ↑ new global best IoU 0.702  [FD refinement]
[staged] FD done — IoU: 0.702  (Δ=+0.028)  ✓
[staged] Done — final IoU: 0.702  loss: 0.2995
[staged] Popsize: per-robot phases=32  final=32  (theory optimum for 6 DOF = 10)

[staged] Hungarian pre-assignment  (5×5 cost matrix, 8 samples/entry = 200 renders)...
[staged]   robot_a → zone 1  robot_b → zone 4  robot_c → zone 2  robot_d → zone 3  robot_e → zone 0

[staged] Phase 1 — forward greedy  (8 iters × 5 robot(s), sigma=0.40×1.00, popsize=32)
[staged]   Ph1 robot a  zone 1  (uncovered: 18% of target)
    voronoi warm-start: IoU 0.157 → 0.259 ✓
    [parallel] 10 worker threads, one renderer clone each
    init sampling: best coverage score 0.0px of uncovered area  (2 samples)
[staged]   → robot a: IoU 0.157 → 0.467  ✓
    ↑ new global best IoU 0.467  [phase Ph1 robot a]
[staged]   Ph1 robot b  zone 4  (uncovered: 10% of target)
    voronoi warm-start: IoU 0.450 ≤ 0.467, kept current
    [parallel] 10 worker threads, one renderer clone each
    init sampling: best coverage score 92.0px of uncovered area  (4 samples)
[staged]   → robot b: IoU 0.467 → 0.529  ✓
    ↑ new global best IoU 0.529  [phase Ph1 robot b]
[staged]   Ph1 robot c  zone 2  (uncovered: 7% of target)
    voronoi warm-start: IoU 0.501 ≤ 0.529, kept current
    [parallel] 10 worker threads, one renderer clone each
    init sampling: best coverage score 191.0px of uncovered area  (4 samples)
[staged]   → robot c: IoU 0.529 → 0.553  ✓
    ↑ new global best IoU 0.553  [phase Ph1 robot c]
[staged]   Ph1 robot d  zone 3  (uncovered: 5% of target)
    voronoi warm-start: IoU 0.503 ≤ 0.553, kept current
    [parallel] 10 worker threads, one renderer clone each
    init sampling: best coverage score 54.0px of uncovered area  (4 samples)
[staged]   → robot d: IoU 0.553 → 0.603  ✓
    ↑ new global best IoU 0.603  [phase Ph1 robot d]
[staged]   Ph1 robot e  zone 0  (uncovered: 4% of target)
    voronoi warm-start: IoU 0.603 → 0.604 ✓
    [parallel] 10 worker threads, one renderer clone each
    init sampling: best coverage score 0.0px of uncovered area  (2 samples)
[staged]   → robot e: IoU 0.603 → 0.645  ✓
    ↑ new global best IoU 0.645  [phase Ph1 robot e]
[staged] Phase 1 done — composite IoU: 0.645

[staged] Phase 2 — backward pass  (8 iters × 5 robots, sigma=0.300)
[staged]   contributions before Phase 2:
[staged]     robot a: +0.132 IoU
[staged]     robot b: +0.083 IoU
[staged]     robot c: +0.036 IoU  ← low
[staged]     robot d: +0.067 IoU
[staged]     robot e: +0.042 IoU  ← low
[staged]   Ph2 robot e  zone 0  (uncovered: 16% of target)
    [parallel] 10 worker threads, one renderer clone each
    init sampling: best coverage score 3.0px of uncovered area  (4 samples)
[staged]   → robot e: candidate 0.631 < current 0.645  ✗ rejected
[staged]   Ph2 robot d  zone 3  (uncovered: 20% of target)
    [parallel] 10 worker threads, one renderer clone each
    init sampling: best coverage score 73.0px of uncovered area  (4 samples)
[staged]   → robot d: candidate 0.613 < current 0.645  ✗ rejected
[staged]   Ph2 robot c  zone 2  (uncovered: 16% of target)
    [parallel] 10 worker threads, one renderer clone each
    init sampling: best coverage score 86.0px of uncovered area  (4 samples)
[staged]   → robot c: candidate 0.602 < current 0.645  ✗ rejected
[staged]   Ph2 robot b  zone 4  (uncovered: 23% of target)
    [parallel] 10 worker threads, one renderer clone each
    init sampling: best coverage score 44.0px of uncovered area  (4 samples)
[staged]   → robot b: IoU 0.645 → 0.654  ✓
    ↑ new global best IoU 0.654  [phase Ph2 robot b]
[staged]   Ph2 robot a  zone 1  (uncovered: 35% of target)
    [parallel] 10 worker threads, one renderer clone each
    init sampling: best coverage score 600.0px of uncovered area  (4 samples)
[staged]   → robot a: candidate 0.603 < current 0.654  ✗ rejected
[staged] Phase 2 done — composite IoU: 0.654

[staged] Best snapshot: Phase 2  IoU=0.654
[staged] Manifold final pass — computing Jacobian  (ε=0.020, 60 renders)
[staged] Manifold basis: k=9D / 30D  (variance≥85%, top eigenvalues: ['376961.34', '222850.77', '105061.54', '102852.08', '75373.61'])
    ↑ new global best IoU 0.663  [manifold final pass]
[staged] Manifold done — IoU: 0.663  (Δ=+0.010)  ✓
[staged] FD refinement — 5 Adam steps  (300 renders, lr=0.01, ε=0.02)
    ↑ new global best IoU 0.695  [FD refinement]
[staged] FD done — IoU: 0.695  (Δ=+0.031)  ✓
[staged] Done — final IoU: 0.695  loss: 0.3069
[staged] Popsize: per-robot phases=32  final=32  (theory optimum for 6 DOF = 10)

[staged] Hungarian pre-assignment  (5×5 cost matrix, 8 samples/entry = 200 renders)...
[staged]   robot_a → zone 0  robot_b → zone 2  robot_c → zone 1  robot_d → zone 3  robot_e → zone 4

[staged] Phase 1 — forward greedy  (8 iters × 5 robot(s), sigma=0.40×1.00, popsize=32)
[staged]   Ph1 robot a  zone 0  (uncovered: 18% of target)
    voronoi warm-start: IoU 0.157 → 0.259 ✓
    [parallel] 10 worker threads, one renderer clone each
    init sampling: best coverage score 91.0px of uncovered area  (2 samples)
[staged]   → robot a: IoU 0.157 → 0.366  ✓
    ↑ new global best IoU 0.366  [phase Ph1 robot a]
[staged]   Ph1 robot b  zone 2  (uncovered: 17% of target)
    voronoi warm-start: IoU 0.363 ≤ 0.366, kept current
    [parallel] 10 worker threads, one renderer clone each
    init sampling: best coverage score 181.0px of uncovered area  (4 samples)
[staged]   → robot b: IoU 0.366 → 0.431  ✓
    ↑ new global best IoU 0.431  [phase Ph1 robot b]
[staged]   Ph1 robot c  zone 1  (uncovered: 11% of target)
    voronoi warm-start: IoU 0.430 ≤ 0.431, kept current
    [parallel] 10 worker threads, one renderer clone each
    init sampling: best coverage score 18.0px of uncovered area  (4 samples)
[staged]   → robot c: IoU 0.431 → 0.495  ✓
    ↑ new global best IoU 0.495  [phase Ph1 robot c]
[staged]   Ph1 robot d  zone 3  (uncovered: 8% of target)
    voronoi warm-start: IoU 0.456 ≤ 0.495, kept current
    [parallel] 10 worker threads, one renderer clone each
    init sampling: best coverage score 143.0px of uncovered area  (4 samples)
[staged]   → robot d: IoU 0.495 → 0.555  ✓
    ↑ new global best IoU 0.555  [phase Ph1 robot d]
[staged]   Ph1 robot e  zone 4  (uncovered: 3% of target)
    voronoi warm-start: IoU 0.555 → 0.586 ✓
    [parallel] 10 worker threads, one renderer clone each
    init sampling: best coverage score 1.0px of uncovered area  (2 samples)
[staged]   → robot e: IoU 0.555 → 0.605  ✓
    ↑ new global best IoU 0.605  [phase Ph1 robot e]
[staged] Phase 1 done — composite IoU: 0.605

[staged] Phase 2 — backward pass  (8 iters × 5 robots, sigma=0.300)
[staged]   contributions before Phase 2:
[staged]     robot a: +0.036 IoU  ← low
[staged]     robot b: +0.079 IoU
[staged]     robot c: +0.092 IoU
[staged]     robot d: +0.080 IoU
[staged]     robot e: +0.049 IoU  ← low
[staged]   Ph2 robot e  zone 4  (uncovered: 30% of target)
    [parallel] 10 worker threads, one renderer clone each
    init sampling: best coverage score 14.0px of uncovered area  (4 samples)
[staged]   → robot e: IoU 0.605 → 0.648  ✓
    ↑ new global best IoU 0.648  [phase Ph2 robot e]
[staged]   Ph2 robot d  zone 3  (uncovered: 30% of target)
    [parallel] 10 worker threads, one renderer clone each
    init sampling: best coverage score 68.0px of uncovered area  (4 samples)
[staged]   → robot d: IoU 0.648 → 0.653  ✓
    ↑ new global best IoU 0.653  [phase Ph2 robot d]
[staged]   Ph2 robot c  zone 1  (uncovered: 31% of target)
    [parallel] 10 worker threads, one renderer clone each
    init sampling: best coverage score 396.0px of uncovered area  (4 samples)
[staged]   → robot c: candidate 0.610 < current 0.653  ✗ rejected
[staged]   Ph2 robot b  zone 2  (uncovered: 27% of target)
    [parallel] 10 worker threads, one renderer clone each
    init sampling: best coverage score 468.0px of uncovered area  (4 samples)
[staged]   → robot b: candidate 0.626 < current 0.653  ✗ rejected
[staged]   Ph2 robot a  zone 0  (uncovered: 24% of target)
    [parallel] 10 worker threads, one renderer clone each
    init sampling: best coverage score 569.0px of uncovered area  (4 samples)
[staged]   → robot a: IoU 0.653 → 0.658  ✓
    ↑ new global best IoU 0.658  [phase Ph2 robot a]
[staged] Phase 2 done — composite IoU: 0.658

[staged] Best snapshot: Phase 2  IoU=0.658
[staged] Manifold final pass — computing Jacobian  (ε=0.020, 60 renders)
[staged] Manifold basis: k=10D / 30D  (variance≥85%, top eigenvalues: ['225706.12', '212639.98', '186532.28', '123505.42', '57468.92'])
    ↑ new global best IoU 0.705  [manifold final pass]
[staged] Manifold done — IoU: 0.705  (Δ=+0.047)  ✓
[staged] FD refinement — 5 Adam steps  (300 renders, lr=0.01, ε=0.02)
    ↑ new global best IoU 0.738  [FD refinement]
[staged] FD done — IoU: 0.738  (Δ=+0.034)  ✓
[staged] Done — final IoU: 0.738  loss: 0.2624
[staged] Popsize: per-robot phases=32  final=32  (theory optimum for 6 DOF = 10)

[staged] Hungarian pre-assignment  (5×5 cost matrix, 8 samples/entry = 200 renders)...
[staged]   robot_a → zone 3  robot_b → zone 4  robot_c → zone 1  robot_d → zone 2  robot_e → zone 0

[staged] Phase 1 — forward greedy  (8 iters × 5 robot(s), sigma=0.40×1.00, popsize=32)
[staged]   Ph1 robot a  zone 3  (uncovered: 17% of target)
    voronoi warm-start: IoU 0.157 → 0.253 ✓
    [parallel] 10 worker threads, one renderer clone each
    init sampling: best coverage score 0.0px of uncovered area  (2 samples)
[staged]   → robot a: IoU 0.157 → 0.528  ✓
    ↑ new global best IoU 0.528  [phase Ph1 robot a]
[staged]   Ph1 robot b  zone 4  (uncovered: 12% of target)
    voronoi warm-start: IoU 0.508 ≤ 0.528, kept current
    [parallel] 10 worker threads, one renderer clone each
    init sampling: best coverage score 117.0px of uncovered area  (4 samples)
[staged]   → robot b: IoU 0.528 → 0.561  ✓
    ↑ new global best IoU 0.561  [phase Ph1 robot b]
[staged]   Ph1 robot c  zone 1  (uncovered: 6% of target)
    voronoi warm-start: IoU 0.529 ≤ 0.561, kept current
    [parallel] 10 worker threads, one renderer clone each
    init sampling: best coverage score 181.0px of uncovered area  (4 samples)
[staged]   → robot c: IoU 0.561 → 0.604  ✓
    ↑ new global best IoU 0.604  [phase Ph1 robot c]
[staged]   Ph1 robot d  zone 2  (uncovered: 2% of target)
    voronoi warm-start: IoU 0.585 ≤ 0.604, kept current
    [parallel] 10 worker threads, one renderer clone each
    init sampling: best coverage score 18.0px of uncovered area  (4 samples)
[staged]   → robot d: IoU 0.604 → 0.620  ✓
    ↑ new global best IoU 0.620  [phase Ph1 robot d]
[staged]   Ph1 robot e  zone 0  (uncovered: 1% of target)
    voronoi warm-start: IoU 0.598 ≤ 0.620, kept current
    [parallel] 10 worker threads, one renderer clone each
    init sampling: best coverage score 1.0px of uncovered area  (4 samples)
[staged]   → robot e: IoU 0.620 → 0.657  ✓
    ↑ new global best IoU 0.657  [phase Ph1 robot e]
[staged] Phase 1 done — composite IoU: 0.657

[staged] Phase 2 — backward pass  (8 iters × 5 robots, sigma=0.300)
[staged]   contributions before Phase 2:
[staged]     robot a: +0.321 IoU
[staged]     robot b: +0.019 IoU  ← low
[staged]     robot c: +0.057 IoU
[staged]     robot d: +0.031 IoU  ← low
[staged]     robot e: +0.038 IoU  ← low
[staged]   Ph2 robot e  zone 0  (uncovered: 14% of target)
    [parallel] 10 worker threads, one renderer clone each
    init sampling: best coverage score 1.0px of uncovered area  (4 samples)
[staged]   → robot e: candidate 0.653 < current 0.657  ✗ rejected
[staged]   Ph2 robot d  zone 2  (uncovered: 9% of target)
    [parallel] 10 worker threads, one renderer clone each
    init sampling: best coverage score 7.0px of uncovered area  (4 samples)
[staged]   → robot d: candidate 0.654 < current 0.657  ✗ rejected
[staged]   Ph2 robot c  zone 1  (uncovered: 14% of target)
    [parallel] 10 worker threads, one renderer clone each
    init sampling: best coverage score 87.0px of uncovered area  (4 samples)
[staged]   → robot c: IoU 0.657 → 0.670  ✓
    ↑ new global best IoU 0.670  [phase Ph2 robot c]
[staged]   Ph2 robot b  zone 4  (uncovered: 11% of target)
    [parallel] 10 worker threads, one renderer clone each
    init sampling: best coverage score 92.0px of uncovered area  (4 samples)
[staged]   → robot b: IoU 0.670 → 0.688  ✓
    ↑ new global best IoU 0.688  [phase Ph2 robot b]
[staged]   Ph2 robot a  zone 3  (uncovered: 33% of target)
    [parallel] 10 worker threads, one renderer clone each
    init sampling: best coverage score 603.0px of uncovered area  (4 samples)
[staged]   → robot a: IoU 0.688 → 0.698  ✓
    ↑ new global best IoU 0.698  [phase Ph2 robot a]
[staged] Phase 2 done — composite IoU: 0.698

[staged] Best snapshot: Phase 2  IoU=0.698
[staged] Manifold final pass — computing Jacobian  (ε=0.020, 60 renders)
[staged] Manifold basis: k=10D / 30D  (variance≥85%, top eigenvalues: ['379752.31', '222756.67', '108388.24', '102984.09', '66262.05'])
    ↑ new global best IoU 0.732  [manifold final pass]
[staged] Manifold done — IoU: 0.732  (Δ=+0.034)  ✓
[staged] FD refinement — 5 Adam steps  (300 renders, lr=0.01, ε=0.02)
    ↑ new global best IoU 0.744  [FD refinement]
[staged] FD done — IoU: 0.744  (Δ=+0.012)  ✓
[staged] Done — final IoU: 0.744  loss: 0.2571
[shard 0] 6/10 digits/2_dejavusans-bold  best=0.744 mean=0.715±0.021  139s  eta 0.2h
[staged] Popsize: per-robot phases=32  final=32  (theory optimum for 6 DOF = 10)

[staged] Hungarian pre-assignment  (5×5 cost matrix, 8 samples/entry = 200 renders)...
[staged]   robot_a → zone 1  robot_b → zone 0  robot_c → zone 4  robot_d → zone 3  robot_e → zone 2

[staged] Phase 1 — forward greedy  (8 iters × 5 robot(s), sigma=0.40×1.00, popsize=32)
[staged]   Ph1 robot a  zone 1  (uncovered: 15% of target)
    voronoi warm-start: IoU 0.113 → 0.186 ✓
    [parallel] 10 worker threads, one renderer clone each
    init sampling: best coverage score 0.0px of uncovered area  (2 samples)
[staged]   → robot a: IoU 0.113 → 0.364  ✓
    ↑ new global best IoU 0.364  [phase Ph1 robot a]
[staged]   Ph1 robot b  zone 0  (uncovered: 6% of target)
    voronoi warm-start: IoU 0.354 ≤ 0.364, kept current
    [parallel] 10 worker threads, one renderer clone each
    init sampling: best coverage score 2.0px of uncovered area  (4 samples)
[staged]   → robot b: IoU 0.364 → 0.455  ✓
    ↑ new global best IoU 0.455  [phase Ph1 robot b]
[staged]   Ph1 robot c  zone 4  (uncovered: 8% of target)
    voronoi warm-start: IoU 0.455 → 0.485 ✓
    [parallel] 10 worker threads, one renderer clone each
    init sampling: best coverage score 0.0px of uncovered area  (2 samples)
[staged]   → robot c: IoU 0.455 → 0.508  ✓
    ↑ new global best IoU 0.508  [phase Ph1 robot c]
[staged]   Ph1 robot d  zone 3  (uncovered: 5% of target)
    voronoi warm-start: IoU 0.465 ≤ 0.508, kept current
    [parallel] 10 worker threads, one renderer clone each
    init sampling: best coverage score 61.0px of uncovered area  (4 samples)
[staged]   → robot d: IoU 0.508 → 0.535  ✓
    ↑ new global best IoU 0.535  [phase Ph1 robot d]
[staged]   Ph1 robot e  zone 2  (uncovered: 1% of target)
    voronoi warm-start: IoU 0.515 ≤ 0.535, kept current
    [parallel] 10 worker threads, one renderer clone each
    init sampling: best coverage score 0.0px of uncovered area  (4 samples)
[staged]   → robot e: IoU 0.535 → 0.579  ✓
    ↑ new global best IoU 0.579  [phase Ph1 robot e]
[staged] Phase 1 done — composite IoU: 0.579

[staged] Phase 2 — backward pass  (8 iters × 5 robots, sigma=0.300)
[staged]   contributions before Phase 2:
[staged]     robot a: +0.062 IoU
[staged]     robot b: +0.062 IoU
[staged]     robot c: +0.074 IoU
[staged]     robot d: +0.040 IoU  ← low
[staged]     robot e: +0.044 IoU  ← low
[staged]   Ph2 robot e  zone 2  (uncovered: 22% of target)
    [parallel] 10 worker threads, one renderer clone each
    init sampling: best coverage score 84.0px of uncovered area  (4 samples)
[staged]   → robot e: candidate 0.566 < current 0.579  ✗ rejected
[staged]   Ph2 robot d  zone 3  (uncovered: 21% of target)
    [parallel] 10 worker threads, one renderer clone each
    init sampling: best coverage score 67.0px of uncovered area  (4 samples)
[staged]   → robot d: IoU 0.579 → 0.581  ✓
    ↑ new global best IoU 0.581  [phase Ph2 robot d]
[staged]   Ph2 robot c  zone 4  (uncovered: 28% of target)
    [parallel] 10 worker threads, one renderer clone each
    init sampling: best coverage score 74.0px of uncovered area  (4 samples)
[staged]   → robot c: candidate 0.579 < current 0.581  ✗ rejected
[staged]   Ph2 robot b  zone 0  (uncovered: 26% of target)
    [parallel] 10 worker threads, one renderer clone each
    init sampling: best coverage score 144.0px of uncovered area  (4 samples)
[staged]   → robot b: candidate 0.525 < current 0.581  ✗ rejected
[staged]   Ph2 robot a  zone 1  (uncovered: 23% of target)
    [parallel] 10 worker threads, one renderer clone each
    init sampling: best coverage score 38.0px of uncovered area  (4 samples)
[staged]   → robot a: candidate 0.577 < current 0.581  ✗ rejected
[staged] Phase 2 done — composite IoU: 0.581

[staged] Best snapshot: Phase 2  IoU=0.581
[staged] Manifold final pass — computing Jacobian  (ε=0.020, 60 renders)
[staged] Manifold basis: k=9D / 30D  (variance≥85%, top eigenvalues: ['332928.47', '148727.97', '132665.23', '107382.88', '53794.08'])
    ↑ new global best IoU 0.607  [manifold final pass]
[staged] Manifold done — IoU: 0.607  (Δ=+0.025)  ✓
[staged] FD refinement — 5 Adam steps  (300 renders, lr=0.01, ε=0.02)
    ↑ new global best IoU 0.623  [FD refinement]
[staged] FD done — IoU: 0.623  (Δ=+0.016)  ✓
[staged] Done — final IoU: 0.623  loss: 0.3793
[staged] Popsize: per-robot phases=32  final=32  (theory optimum for 6 DOF = 10)

[staged] Hungarian pre-assignment  (5×5 cost matrix, 8 samples/entry = 200 renders)...
[staged]   robot_a → zone 3  robot_b → zone 4  robot_c → zone 2  robot_d → zone 1  robot_e → zone 0

[staged] Phase 1 — forward greedy  (8 iters × 5 robot(s), sigma=0.40×1.00, popsize=32)
[staged]   Ph1 robot a  zone 3  (uncovered: 22% of target)
    voronoi warm-start: IoU 0.113 → 0.191 ✓
    [parallel] 10 worker threads, one renderer clone each
    init sampling: best coverage score 0.0px of uncovered area  (2 samples)
[staged]   → robot a: IoU 0.113 → 0.375  ✓
    ↑ new global best IoU 0.375  [phase Ph1 robot a]
[staged]   Ph1 robot b  zone 4  (uncovered: 10% of target)
    voronoi warm-start: IoU 0.375 → 0.400 ✓
    [parallel] 10 worker threads, one renderer clone each
    init sampling: best coverage score 0.0px of uncovered area  (2 samples)
[staged]   → robot b: IoU 0.375 → 0.463  ✓
    ↑ new global best IoU 0.463  [phase Ph1 robot b]
[staged]   Ph1 robot c  zone 2  (uncovered: 4% of target)
    voronoi warm-start: IoU 0.437 ≤ 0.463, kept current
    [parallel] 10 worker threads, one renderer clone each
    init sampling: best coverage score 27.0px of uncovered area  (4 samples)
[staged]   → robot c: IoU 0.463 → 0.530  ✓
    ↑ new global best IoU 0.530  [phase Ph1 robot c]
[staged]   Ph1 robot d  zone 1  (uncovered: 4% of target)
    voronoi warm-start: IoU 0.488 ≤ 0.530, kept current
    [parallel] 10 worker threads, one renderer clone each
    init sampling: best coverage score 23.0px of uncovered area  (4 samples)
[staged]   → robot d: IoU 0.530 → 0.556  ✓
    ↑ new global best IoU 0.556  [phase Ph1 robot d]
[staged]   Ph1 robot e  zone 0  (uncovered: 6% of target)
    voronoi warm-start: IoU 0.511 ≤ 0.556, kept current
    [parallel] 10 worker threads, one renderer clone each
    init sampling: best coverage score 106.0px of uncovered area  (4 samples)
[staged]   → robot e: IoU 0.556 → 0.597  ✓
    ↑ new global best IoU 0.597  [phase Ph1 robot e]
[staged] Phase 1 done — composite IoU: 0.597

[staged] Phase 2 — backward pass  (8 iters × 5 robots, sigma=0.300)
[staged]   contributions before Phase 2:
[staged]     robot a: +0.155 IoU
[staged]     robot b: +0.105 IoU
[staged]     robot c: +0.056 IoU
[staged]     robot d: +0.046 IoU  ← low
[staged]     robot e: +0.041 IoU  ← low
[staged]   Ph2 robot e  zone 0  (uncovered: 19% of target)
    [parallel] 10 worker threads, one renderer clone each
    init sampling: best coverage score 180.0px of uncovered area  (4 samples)
[staged]   → robot e: candidate 0.587 < current 0.597  ✗ rejected
[staged]   Ph2 robot d  zone 1  (uncovered: 19% of target)
    [parallel] 10 worker threads, one renderer clone each
    init sampling: best coverage score 170.0px of uncovered area  (4 samples)
[staged]   → robot d: IoU 0.597 → 0.603  ✓
    ↑ new global best IoU 0.603  [phase Ph2 robot d]
[staged]   Ph2 robot c  zone 2  (uncovered: 19% of target)
    [parallel] 10 worker threads, one renderer clone each
    init sampling: best coverage score 206.0px of uncovered area  (4 samples)
[staged]   → robot c: IoU 0.603 → 0.609  ✓
    ↑ new global best IoU 0.609  [phase Ph2 robot c]
[staged]   Ph2 robot b  zone 4  (uncovered: 22% of target)
    [parallel] 10 worker threads, one renderer clone each
    init sampling: best coverage score 246.0px of uncovered area  (4 samples)
[staged]   → robot b: IoU 0.609 → 0.609  ✓
    ↑ new global best IoU 0.609  [phase Ph2 robot b]
[staged]   Ph2 robot a  zone 3  (uncovered: 23% of target)
    [parallel] 10 worker threads, one renderer clone each
    init sampling: best coverage score 125.0px of uncovered area  (4 samples)
[staged]   → robot a: candidate 0.603 < current 0.609  ✗ rejected
[staged] Phase 2 done — composite IoU: 0.609

[staged] Best snapshot: Phase 2  IoU=0.609
[staged] Manifold final pass — computing Jacobian  (ε=0.020, 60 renders)
[staged] Manifold basis: k=10D / 30D  (variance≥85%, top eigenvalues: ['316653.91', '283346.00', '258745.23', '160928.62', '123205.00'])
[staged] Manifold did not improve (0.607 vs 0.609), keeping best snapshot
[staged] FD refinement — 5 Adam steps  (300 renders, lr=0.01, ε=0.02)
    ↑ new global best IoU 0.629  [FD refinement]
[staged] FD done — IoU: 0.629  (Δ=+0.020)  ✓
[staged] Done — final IoU: 0.629  loss: 0.3735
[staged] Popsize: per-robot phases=32  final=32  (theory optimum for 6 DOF = 10)

[staged] Hungarian pre-assignment  (5×5 cost matrix, 8 samples/entry = 200 renders)...
[staged]   robot_a → zone 4  robot_b → zone 0  robot_c → zone 2  robot_d → zone 3  robot_e → zone 1

[staged] Phase 1 — forward greedy  (8 iters × 5 robot(s), sigma=0.40×1.00, popsize=32)
[staged]   Ph1 robot a  zone 4  (uncovered: 12% of target)
    voronoi warm-start: IoU 0.104 ≤ 0.113, kept current
    [parallel] 10 worker threads, one renderer clone each
    init sampling: best coverage score 0.0px of uncovered area  (4 samples)
[staged]   → robot a: IoU 0.113 → 0.396  ✓
    ↑ new global best IoU 0.396  [phase Ph1 robot a]
[staged]   Ph1 robot b  zone 0  (uncovered: 11% of target)
    voronoi warm-start: IoU 0.384 ≤ 0.396, kept current
    [parallel] 10 worker threads, one renderer clone each
    init sampling: best coverage score 3.0px of uncovered area  (4 samples)
[staged]   → robot b: IoU 0.396 → 0.450  ✓
    ↑ new global best IoU 0.450  [phase Ph1 robot b]
[staged]   Ph1 robot c  zone 2  (uncovered: 6% of target)
    voronoi warm-start: IoU 0.427 ≤ 0.450, kept current
    [parallel] 10 worker threads, one renderer clone each
    init sampling: best coverage score 190.0px of uncovered area  (4 samples)
[staged]   → robot c: IoU 0.450 → 0.477  ✓
    ↑ new global best IoU 0.477  [phase Ph1 robot c]
[staged]   Ph1 robot d  zone 3  (uncovered: 3% of target)
    voronoi warm-start: IoU 0.477 → 0.486 ✓
    [parallel] 10 worker threads, one renderer clone each
    init sampling: best coverage score 0.0px of uncovered area  (2 samples)
[staged]   → robot d: IoU 0.477 → 0.497  ✓
    ↑ new global best IoU 0.497  [phase Ph1 robot d]
[staged]   Ph1 robot e  zone 1  (uncovered: 7% of target)
    voronoi warm-start: IoU 0.497 → 0.512 ✓
    [parallel] 10 worker threads, one renderer clone each
    init sampling: best coverage score 7.0px of uncovered area  (2 samples)
[staged]   → robot e: IoU 0.497 → 0.535  ✓
    ↑ new global best IoU 0.535  [phase Ph1 robot e]
[staged] Phase 1 done — composite IoU: 0.535

[staged] Phase 2 — backward pass  (8 iters × 5 robots, sigma=0.300)
[staged]   contributions before Phase 2:
[staged]     robot a: +0.138 IoU
[staged]     robot b: +0.054 IoU
[staged]     robot c: +0.040 IoU  ← low
[staged]     robot d: +0.034 IoU  ← low
[staged]     robot e: +0.038 IoU  ← low
[staged]   Ph2 robot e  zone 1  (uncovered: 16% of target)
    [parallel] 10 worker threads, one renderer clone each
    init sampling: best coverage score 15.0px of uncovered area  (4 samples)
[staged]   → robot e: candidate 0.525 < current 0.535  ✗ rejected
[staged]   Ph2 robot d  zone 3  (uncovered: 18% of target)
    [parallel] 10 worker threads, one renderer clone each
    init sampling: best coverage score 214.0px of uncovered area  (4 samples)
[staged]   → robot d: IoU 0.535 → 0.536  ✓
    ↑ new global best IoU 0.536  [phase Ph2 robot d]
[staged]   Ph2 robot c  zone 2  (uncovered: 24% of target)
    [parallel] 10 worker threads, one renderer clone each
    init sampling: best coverage score 160.0px of uncovered area  (4 samples)
[staged]   → robot c: candidate 0.510 < current 0.536  ✗ rejected
[staged]   Ph2 robot b  zone 0  (uncovered: 28% of target)
    [parallel] 10 worker threads, one renderer clone each
    init sampling: best coverage score 320.0px of uncovered area  (4 samples)
[staged]   → robot b: IoU 0.536 → 0.550  ✓
    ↑ new global best IoU 0.550  [phase Ph2 robot b]
[staged]   Ph2 robot a  zone 4  (uncovered: 29% of target)
    [parallel] 10 worker threads, one renderer clone each
    init sampling: best coverage score 319.0px of uncovered area  (4 samples)
[staged]   → robot a: IoU 0.550 → 0.559  ✓
    ↑ new global best IoU 0.559  [phase Ph2 robot a]
[staged] Phase 2 done — composite IoU: 0.559

[staged] Best snapshot: Phase 2  IoU=0.559
[staged] Manifold final pass — computing Jacobian  (ε=0.020, 60 renders)
[staged] Manifold basis: k=10D / 30D  (variance≥85%, top eigenvalues: ['288785.47', '227557.61', '220547.17', '131118.30', '64924.02'])
    ↑ new global best IoU 0.578  [manifold final pass]
[staged] Manifold done — IoU: 0.578  (Δ=+0.018)  ✓
[staged] FD refinement — 5 Adam steps  (300 renders, lr=0.01, ε=0.02)
    ↑ new global best IoU 0.586  [FD refinement]
[staged] FD done — IoU: 0.586  (Δ=+0.008)  ✓
[staged] Done — final IoU: 0.586  loss: 0.4173
[staged] Popsize: per-robot phases=32  final=32  (theory optimum for 6 DOF = 10)

[staged] Hungarian pre-assignment  (5×5 cost matrix, 8 samples/entry = 200 renders)...
[staged]   robot_a → zone 0  robot_b → zone 4  robot_c → zone 3  robot_d → zone 1  robot_e → zone 2

[staged] Phase 1 — forward greedy  (8 iters × 5 robot(s), sigma=0.40×1.00, popsize=32)
[staged]   Ph1 robot a  zone 0  (uncovered: 18% of target)
    voronoi warm-start: IoU 0.113 → 0.113 ✓
    [parallel] 10 worker threads, one renderer clone each
    init sampling: best coverage score 0.0px of uncovered area  (2 samples)
[staged]   → robot a: IoU 0.113 → 0.396  ✓
    ↑ new global best IoU 0.396  [phase Ph1 robot a]
[staged]   Ph1 robot b  zone 4  (uncovered: 15% of target)
    voronoi warm-start: IoU 0.396 → 0.420 ✓
    [parallel] 10 worker threads, one renderer clone each
    init sampling: best coverage score 0.0px of uncovered area  (2 samples)
[staged]   → robot b: IoU 0.396 → 0.501  ✓
    ↑ new global best IoU 0.501  [phase Ph1 robot b]
[staged]   Ph1 robot c  zone 3  (uncovered: 0% of target)
    voronoi warm-start: IoU 0.501 → 0.510 ✓
    [parallel] 10 worker threads, one renderer clone each
    init sampling: best coverage score 0.0px of uncovered area  (2 samples)
[staged]   → robot c: IoU 0.501 → 0.532  ✓
    ↑ new global best IoU 0.532  [phase Ph1 robot c]
[staged]   Ph1 robot d  zone 1  (uncovered: 1% of target)
    voronoi warm-start: IoU 0.491 ≤ 0.532, kept current
    [parallel] 10 worker threads, one renderer clone each
    init sampling: best coverage score 0.0px of uncovered area  (4 samples)
[staged]   → robot d: IoU 0.532 → 0.564  ✓
    ↑ new global best IoU 0.564  [phase Ph1 robot d]
[staged]   Ph1 robot e  zone 2  (uncovered: 7% of target)
    voronoi warm-start: IoU 0.564 → 0.565 ✓
    [parallel] 10 worker threads, one renderer clone each
    init sampling: best coverage score 147.0px of uncovered area  (2 samples)
[staged]   → robot e: IoU 0.564 → 0.612  ✓
    ↑ new global best IoU 0.612  [phase Ph1 robot e]
[staged] Phase 1 done — composite IoU: 0.612

[staged] Phase 2 — backward pass  (8 iters × 5 robots, sigma=0.300)
[staged]   contributions before Phase 2:
[staged]     robot a: +0.157 IoU
[staged]     robot b: +0.094 IoU
[staged]     robot c: +0.059 IoU
[staged]     robot d: +0.056 IoU
[staged]     robot e: +0.048 IoU  ← low
[staged]   Ph2 robot e  zone 2  (uncovered: 16% of target)
    [parallel] 10 worker threads, one renderer clone each
    init sampling: best coverage score 134.0px of uncovered area  (4 samples)
[staged]   → robot e: candidate 0.610 < current 0.612  ✗ rejected
[staged]   Ph2 robot d  zone 1  (uncovered: 15% of target)
    [parallel] 10 worker threads, one renderer clone each
    init sampling: best coverage score 24.0px of uncovered area  (4 samples)
[staged]   → robot d: candidate 0.596 < current 0.612  ✗ rejected
[staged]   Ph2 robot c  zone 3  (uncovered: 17% of target)
    [parallel] 10 worker threads, one renderer clone each
    init sampling: best coverage score 183.0px of uncovered area  (4 samples)
[staged]   → robot c: candidate 0.598 < current 0.612  ✗ rejected
[staged]   Ph2 robot b  zone 4  (uncovered: 26% of target)
    [parallel] 10 worker threads, one renderer clone each
    init sampling: best coverage score 441.0px of uncovered area  (4 samples)
[staged]   → robot b: candidate 0.594 < current 0.612  ✗ rejected
[staged]   Ph2 robot a  zone 0  (uncovered: 34% of target)
    [parallel] 10 worker threads, one renderer clone each
    init sampling: best coverage score 168.0px of uncovered area  (4 samples)
[staged]   → robot a: candidate 0.612 < current 0.612  ✗ rejected
[staged] Phase 2 done — composite IoU: 0.612

[staged] Best snapshot: Phase 1  IoU=0.612
[staged] Manifold final pass — computing Jacobian  (ε=0.020, 60 renders)
[staged] Manifold basis: k=10D / 30D  (variance≥85%, top eigenvalues: ['413714.34', '180816.03', '118589.62', '106369.80', '96726.91'])
    ↑ new global best IoU 0.613  [manifold final pass]
[staged] Manifold done — IoU: 0.613  (Δ=+0.001)  ✓
[staged] FD refinement — 5 Adam steps  (300 renders, lr=0.01, ε=0.02)
    ↑ new global best IoU 0.634  [FD refinement]
[staged] FD done — IoU: 0.634  (Δ=+0.021)  ✓
[staged] Done — final IoU: 0.634  loss: 0.3680
[staged] Popsize: per-robot phases=32  final=32  (theory optimum for 6 DOF = 10)

[staged] Hungarian pre-assignment  (5×5 cost matrix, 8 samples/entry = 200 renders)...
[staged]   robot_a → zone 4  robot_b → zone 0  robot_c → zone 2  robot_d → zone 3  robot_e → zone 1

[staged] Phase 1 — forward greedy  (8 iters × 5 robot(s), sigma=0.40×1.00, popsize=32)
[staged]   Ph1 robot a  zone 4  (uncovered: 4% of target)
    voronoi warm-start: IoU 0.104 ≤ 0.113, kept current
    [parallel] 10 worker threads, one renderer clone each
    init sampling: best coverage score 137.0px of uncovered area  (4 samples)
[staged]   → robot a: IoU 0.113 → 0.409  ✓
    ↑ new global best IoU 0.409  [phase Ph1 robot a]
[staged]   Ph1 robot b  zone 0  (uncovered: 2% of target)
    voronoi warm-start: IoU 0.396 ≤ 0.409, kept current
    [parallel] 10 worker threads, one renderer clone each
    init sampling: best coverage score 12.0px of uncovered area  (4 samples)
[staged]   → robot b: IoU 0.409 → 0.517  ✓
    ↑ new global best IoU 0.517  [phase Ph1 robot b]
[staged]   Ph1 robot c  zone 2  (uncovered: 9% of target)
    voronoi warm-start: IoU 0.517 → 0.548 ✓
    [parallel] 10 worker threads, one renderer clone each
    init sampling: best coverage score 121.0px of uncovered area  (2 samples)
[staged]   → robot c: IoU 0.517 → 0.551  ✓
    ↑ new global best IoU 0.551  [phase Ph1 robot c]
[staged]   Ph1 robot d  zone 3  (uncovered: 5% of target)
    voronoi warm-start: IoU 0.551 → 0.554 ✓
    [parallel] 10 worker threads, one renderer clone each
    init sampling: best coverage score 12.0px of uncovered area  (2 samples)
[staged]   → robot d: IoU 0.551 → 0.573  ✓
    ↑ new global best IoU 0.573  [phase Ph1 robot d]
[staged]   Ph1 robot e  zone 1  (uncovered: 0% of target)
    voronoi warm-start: IoU 0.551 ≤ 0.573, kept current
    [parallel] 10 worker threads, one renderer clone each
    init sampling: best coverage score 6.0px of uncovered area  (4 samples)
[staged]   → robot e: IoU 0.573 → 0.604  ✓
    ↑ new global best IoU 0.604  [phase Ph1 robot e]
[staged] Phase 1 done — composite IoU: 0.604

[staged] Phase 2 — backward pass  (8 iters × 5 robots, sigma=0.300)
[staged]   contributions before Phase 2:
[staged]     robot a: +0.198 IoU
[staged]     robot b: +0.072 IoU
[staged]     robot c: +0.050 IoU
[staged]     robot d: +0.041 IoU  ← low
[staged]     robot e: +0.031 IoU  ← low
[staged]   Ph2 robot e  zone 1  (uncovered: 12% of target)
    [parallel] 10 worker threads, one renderer clone each
    init sampling: best coverage score 1.0px of uncovered area  (4 samples)
[staged]   → robot e: candidate 0.600 < current 0.604  ✗ rejected
[staged]   Ph2 robot d  zone 3  (uncovered: 14% of target)
    [parallel] 10 worker threads, one renderer clone each
    init sampling: best coverage score 10.0px of uncovered area  (4 samples)
[staged]   → robot d: IoU 0.604 → 0.606  ✓
    ↑ new global best IoU 0.606  [phase Ph2 robot d]
[staged]   Ph2 robot c  zone 2  (uncovered: 17% of target)
    [parallel] 10 worker threads, one renderer clone each
    init sampling: best coverage score 66.0px of uncovered area  (4 samples)
[staged]   → robot c: candidate 0.572 < current 0.606  ✗ rejected
[staged]   Ph2 robot b  zone 0  (uncovered: 22% of target)
    [parallel] 10 worker threads, one renderer clone each
    init sampling: best coverage score 415.0px of uncovered area  (4 samples)
[staged]   → robot b: IoU 0.606 → 0.612  ✓
    ↑ new global best IoU 0.612  [phase Ph2 robot b]
[staged]   Ph2 robot a  zone 4  (uncovered: 36% of target)
    [parallel] 10 worker threads, one renderer clone each
    init sampling: best coverage score 569.0px of uncovered area  (4 samples)
[staged]   → robot a: candidate 0.597 < current 0.612  ✗ rejected
[staged] Phase 2 done — composite IoU: 0.612

[staged] Best snapshot: Phase 2  IoU=0.612
[staged] Manifold final pass — computing Jacobian  (ε=0.020, 60 renders)
[staged] Manifold basis: k=8D / 30D  (variance≥85%, top eigenvalues: ['519989.47', '215386.42', '207165.27', '150758.78', '89697.75'])
[staged] Manifold did not improve (0.610 vs 0.612), keeping best snapshot
[staged] FD refinement — 5 Adam steps  (300 renders, lr=0.01, ε=0.02)
    ↑ new global best IoU 0.633  [FD refinement]
[staged] FD done — IoU: 0.633  (Δ=+0.022)  ✓
[staged] Done — final IoU: 0.633  loss: 0.3689
[shard 0] 7/10 digits/3_dejavusans-bold  best=0.634 mean=0.621±0.018  139s  eta 0.1h
[staged] Popsize: per-robot phases=32  final=32  (theory optimum for 6 DOF = 10)

[staged] Hungarian pre-assignment  (5×5 cost matrix, 8 samples/entry = 200 renders)...
[staged]   robot_a → zone 4  robot_b → zone 0  robot_c → zone 2  robot_d → zone 3  robot_e → zone 1

[staged] Phase 1 — forward greedy  (8 iters × 5 robot(s), sigma=0.40×1.00, popsize=32)
[staged]   Ph1 robot a  zone 4  (uncovered: 12% of target)
    voronoi warm-start: IoU 0.128 → 0.210 ✓
    [parallel] 10 worker threads, one renderer clone each
    init sampling: best coverage score 0.0px of uncovered area  (2 samples)
[staged]   → robot a: IoU 0.128 → 0.408  ✓
    ↑ new global best IoU 0.408  [phase Ph1 robot a]
[staged]   Ph1 robot b  zone 0  (uncovered: 6% of target)
    voronoi warm-start: IoU 0.390 ≤ 0.408, kept current
    [parallel] 10 worker threads, one renderer clone each
    init sampling: best coverage score 2.0px of uncovered area  (4 samples)
[staged]   → robot b: IoU 0.408 → 0.510  ✓
    ↑ new global best IoU 0.510  [phase Ph1 robot b]
[staged]   Ph1 robot c  zone 2  (uncovered: 13% of target)
    voronoi warm-start: IoU 0.472 ≤ 0.510, kept current
    [parallel] 10 worker threads, one renderer clone each
    init sampling: best coverage score 0.0px of uncovered area  (4 samples)
[staged]   → robot c: IoU 0.510 → 0.571  ✓
    ↑ new global best IoU 0.571  [phase Ph1 robot c]
[staged]   Ph1 robot d  zone 3  (uncovered: 6% of target)
    voronoi warm-start: IoU 0.571 → 0.573 ✓
    [parallel] 10 worker threads, one renderer clone each
    init sampling: best coverage score 204.0px of uncovered area  (2 samples)
[staged]   → robot d: IoU 0.571 → 0.612  ✓
    ↑ new global best IoU 0.612  [phase Ph1 robot d]
[staged]   Ph1 robot e  zone 1  (uncovered: 18% of target)
    voronoi warm-start: IoU 0.602 ≤ 0.612, kept current
    [parallel] 10 worker threads, one renderer clone each
    init sampling: best coverage score 147.0px of uncovered area  (4 samples)
[staged]   → robot e: IoU 0.612 → 0.638  ✓
    ↑ new global best IoU 0.638  [phase Ph1 robot e]
[staged] Phase 1 done — composite IoU: 0.638

[staged] Phase 2 — backward pass  (8 iters × 5 robots, sigma=0.300)
[staged]   contributions before Phase 2:
[staged]     robot a: +0.173 IoU
[staged]     robot b: +0.095 IoU
[staged]     robot c: +0.080 IoU
[staged]     robot d: +0.029 IoU  ← low
[staged]     robot e: +0.027 IoU  ← low
[staged]   Ph2 robot e  zone 1  (uncovered: 18% of target)
    [parallel] 10 worker threads, one renderer clone each
    init sampling: best coverage score 86.0px of uncovered area  (4 samples)
[staged]   → robot e: IoU 0.638 → 0.640  ✓
    ↑ new global best IoU 0.640  [phase Ph2 robot e]
[staged]   Ph2 robot d  zone 3  (uncovered: 22% of target)
    [parallel] 10 worker threads, one renderer clone each
    init sampling: best coverage score 185.0px of uncovered area  (4 samples)
[staged]   → robot d: candidate 0.630 < current 0.640  ✗ rejected
[staged]   Ph2 robot c  zone 2  (uncovered: 25% of target)
    [parallel] 10 worker threads, one renderer clone each
    init sampling: best coverage score 323.0px of uncovered area  (4 samples)
[staged]   → robot c: candidate 0.634 < current 0.640  ✗ rejected
[staged]   Ph2 robot b  zone 0  (uncovered: 21% of target)
    [parallel] 10 worker threads, one renderer clone each
    init sampling: best coverage score 142.0px of uncovered area  (4 samples)
[staged]   → robot b: candidate 0.635 < current 0.640  ✗ rejected
[staged]   Ph2 robot a  zone 4  (uncovered: 36% of target)
    [parallel] 10 worker threads, one renderer clone each
    init sampling: best coverage score 56.0px of uncovered area  (4 samples)
[staged]   → robot a: candidate 0.639 < current 0.640  ✗ rejected
[staged] Phase 2 done — composite IoU: 0.640

[staged] Best snapshot: Phase 2  IoU=0.640
[staged] Manifold final pass — computing Jacobian  (ε=0.020, 60 renders)
[staged] Manifold basis: k=10D / 30D  (variance≥85%, top eigenvalues: ['211672.19', '208074.39', '207571.70', '142533.89', '114810.05'])
    ↑ new global best IoU 0.650  [manifold final pass]
[staged] Manifold done — IoU: 0.650  (Δ=+0.009)  ✓
[staged] FD refinement — 5 Adam steps  (300 renders, lr=0.01, ε=0.02)
    ↑ new global best IoU 0.659  [FD refinement]
[staged] FD done — IoU: 0.659  (Δ=+0.010)  ✓
[staged] Done — final IoU: 0.659  loss: 0.3427
[staged] Popsize: per-robot phases=32  final=32  (theory optimum for 6 DOF = 10)

[staged] Hungarian pre-assignment  (5×5 cost matrix, 8 samples/entry = 200 renders)...
[staged]   robot_a → zone 2  robot_b → zone 3  robot_c → zone 0  robot_d → zone 1  robot_e → zone 4

[staged] Phase 1 — forward greedy  (8 iters × 5 robot(s), sigma=0.40×1.00, popsize=32)
[staged]   Ph1 robot a  zone 2  (uncovered: 19% of target)
    voronoi warm-start: IoU 0.128 → 0.209 ✓
    [parallel] 10 worker threads, one renderer clone each
    init sampling: best coverage score 1.0px of uncovered area  (2 samples)
[staged]   → robot a: IoU 0.128 → 0.425  ✓
    ↑ new global best IoU 0.425  [phase Ph1 robot a]
[staged]   Ph1 robot b  zone 3  (uncovered: 12% of target)
    voronoi warm-start: IoU 0.403 ≤ 0.425, kept current
    [parallel] 10 worker threads, one renderer clone each
    init sampling: best coverage score 36.0px of uncovered area  (4 samples)
[staged]   → robot b: IoU 0.425 → 0.510  ✓
    ↑ new global best IoU 0.510  [phase Ph1 robot b]
[staged]   Ph1 robot c  zone 0  (uncovered: 9% of target)
    voronoi warm-start: IoU 0.510 → 0.519 ✓
    [parallel] 10 worker threads, one renderer clone each
    init sampling: best coverage score 0.0px of uncovered area  (2 samples)
[staged]   → robot c: IoU 0.510 → 0.543  ✓
    ↑ new global best IoU 0.543  [phase Ph1 robot c]
[staged]   Ph1 robot d  zone 1  (uncovered: 4% of target)
    voronoi warm-start: IoU 0.527 ≤ 0.543, kept current
    [parallel] 10 worker threads, one renderer clone each
    init sampling: best coverage score 53.0px of uncovered area  (4 samples)
[staged]   → robot d: IoU 0.543 → 0.562  ✓
    ↑ new global best IoU 0.562  [phase Ph1 robot d]
[staged]   Ph1 robot e  zone 4  (uncovered: 6% of target)
    voronoi warm-start: IoU 0.553 ≤ 0.562, kept current
    [parallel] 10 worker threads, one renderer clone each
    init sampling: best coverage score 18.0px of uncovered area  (4 samples)
[staged]   → robot e: IoU 0.562 → 0.616  ✓
    ↑ new global best IoU 0.616  [phase Ph1 robot e]
[staged] Phase 1 done — composite IoU: 0.616

[staged] Phase 2 — backward pass  (8 iters × 5 robots, sigma=0.300)
[staged]   contributions before Phase 2:
[staged]     robot a: +0.164 IoU
[staged]     robot b: +0.083 IoU
[staged]     robot c: +0.024 IoU  ← low
[staged]     robot d: +0.030 IoU  ← low
[staged]     robot e: +0.054 IoU
[staged]   Ph2 robot e  zone 4  (uncovered: 23% of target)
    [parallel] 10 worker threads, one renderer clone each
    init sampling: best coverage score 154.0px of uncovered area  (4 samples)
[staged]   → robot e: candidate 0.604 < current 0.616  ✗ rejected
[staged]   Ph2 robot d  zone 1  (uncovered: 20% of target)
    [parallel] 10 worker threads, one renderer clone each
    init sampling: best coverage score 237.0px of uncovered area  (4 samples)
[staged]   → robot d: IoU 0.616 → 0.633  ✓
    ↑ new global best IoU 0.633  [phase Ph2 robot d]
[staged]   Ph2 robot c  zone 0  (uncovered: 18% of target)
    [parallel] 10 worker threads, one renderer clone each
    init sampling: best coverage score 222.0px of uncovered area  (4 samples)
[staged]   → robot c: candidate 0.630 < current 0.633  ✗ rejected
[staged]   Ph2 robot b  zone 3  (uncovered: 21% of target)
    [parallel] 10 worker threads, one renderer clone each
    init sampling: best coverage score 107.0px of uncovered area  (4 samples)
[staged]   → robot b: IoU 0.633 → 0.633  ✓
[staged]   Ph2 robot a  zone 2  (uncovered: 27% of target)
    [parallel] 10 worker threads, one renderer clone each
    init sampling: best coverage score 207.0px of uncovered area  (4 samples)
[staged]   → robot a: candidate 0.629 < current 0.633  ✗ rejected
[staged] Phase 2 done — composite IoU: 0.633

[staged] Best snapshot: global best  IoU=0.633
[staged] Manifold final pass — computing Jacobian  (ε=0.020, 60 renders)
[staged] Manifold basis: k=11D / 30D  (variance≥85%, top eigenvalues: ['413322.34', '129547.35', '88366.20', '86741.91', '80831.43'])
    ↑ new global best IoU 0.660  [manifold final pass]
[staged] Manifold done — IoU: 0.660  (Δ=+0.027)  ✓
[staged] FD refinement — 5 Adam steps  (300 renders, lr=0.01, ε=0.02)
    ↑ new global best IoU 0.671  [FD refinement]
[staged] FD done — IoU: 0.671  (Δ=+0.010)  ✓
[staged] Done — final IoU: 0.671  loss: 0.3312
[staged] Popsize: per-robot phases=32  final=32  (theory optimum for 6 DOF = 10)

[staged] Hungarian pre-assignment  (5×5 cost matrix, 8 samples/entry = 200 renders)...
[staged]   robot_a → zone 2  robot_b → zone 1  robot_c → zone 4  robot_d → zone 0  robot_e → zone 3

[staged] Phase 1 — forward greedy  (8 iters × 5 robot(s), sigma=0.40×1.00, popsize=32)
[staged]   Ph1 robot a  zone 2  (uncovered: 26% of target)
    voronoi warm-start: IoU 0.128 → 0.129 ✓
    [parallel] 10 worker threads, one renderer clone each
    init sampling: best coverage score 0.0px of uncovered area  (2 samples)
[staged]   → robot a: IoU 0.128 → 0.440  ✓
    ↑ new global best IoU 0.440  [phase Ph1 robot a]
[staged]   Ph1 robot b  zone 1  (uncovered: 3% of target)
    voronoi warm-start: IoU 0.440 → 0.442 ✓
    [parallel] 10 worker threads, one renderer clone each
    init sampling: best coverage score 0.0px of uncovered area  (2 samples)
[staged]   → robot b: IoU 0.440 → 0.488  ✓
    ↑ new global best IoU 0.488  [phase Ph1 robot b]
[staged]   Ph1 robot c  zone 4  (uncovered: 11% of target)
    voronoi warm-start: IoU 0.488 → 0.498 ✓
    [parallel] 10 worker threads, one renderer clone each
    init sampling: best coverage score 158.0px of uncovered area  (2 samples)
[staged]   → robot c: IoU 0.488 → 0.552  ✓
    ↑ new global best IoU 0.552  [phase Ph1 robot c]
[staged]   Ph1 robot d  zone 0  (uncovered: 9% of target)
    voronoi warm-start: IoU 0.524 ≤ 0.552, kept current
    [parallel] 10 worker threads, one renderer clone each
    init sampling: best coverage score 124.0px of uncovered area  (4 samples)
[staged]   → robot d: IoU 0.552 → 0.602  ✓
    ↑ new global best IoU 0.602  [phase Ph1 robot d]
[staged]   Ph1 robot e  zone 3  (uncovered: 6% of target)
    voronoi warm-start: IoU 0.585 ≤ 0.602, kept current
    [parallel] 10 worker threads, one renderer clone each
    init sampling: best coverage score 14.0px of uncovered area  (4 samples)
[staged]   → robot e: IoU 0.602 → 0.638  ✓
    ↑ new global best IoU 0.638  [phase Ph1 robot e]
[staged] Phase 1 done — composite IoU: 0.638

[staged] Phase 2 — backward pass  (8 iters × 5 robots, sigma=0.300)
[staged]   contributions before Phase 2:
[staged]     robot a: +0.179 IoU
[staged]     robot b: +0.069 IoU
[staged]     robot c: +0.058 IoU
[staged]     robot d: +0.062 IoU
[staged]     robot e: +0.036 IoU  ← low
[staged]   Ph2 robot e  zone 3  (uncovered: 18% of target)
    [parallel] 10 worker threads, one renderer clone each
    init sampling: best coverage score 88.0px of uncovered area  (4 samples)
[staged]   → robot e: candidate 0.636 < current 0.638  ✗ rejected
[staged]   Ph2 robot d  zone 0  (uncovered: 22% of target)
    [parallel] 10 worker threads, one renderer clone each
    init sampling: best coverage score 329.0px of uncovered area  (4 samples)
[staged]   → robot d: IoU 0.638 → 0.646  ✓
    ↑ new global best IoU 0.646  [phase Ph2 robot d]
[staged]   Ph2 robot c  zone 4  (uncovered: 21% of target)
    [parallel] 10 worker threads, one renderer clone each
    init sampling: best coverage score 64.0px of uncovered area  (4 samples)
[staged]   → robot c: candidate 0.600 < current 0.646  ✗ rejected
[staged]   Ph2 robot b  zone 1  (uncovered: 24% of target)
    [parallel] 10 worker threads, one renderer clone each
    init sampling: best coverage score 45.0px of uncovered area  (4 samples)
[staged]   → robot b: candidate 0.593 < current 0.646  ✗ rejected
[staged]   Ph2 robot a  zone 2  (uncovered: 36% of target)
    [parallel] 10 worker threads, one renderer clone each
    init sampling: best coverage score 1044.0px of uncovered area  (4 samples)
[staged]   → robot a: IoU 0.646 → 0.652  ✓
    ↑ new global best IoU 0.652  [phase Ph2 robot a]
[staged] Phase 2 done — composite IoU: 0.652

[staged] Best snapshot: Phase 2  IoU=0.652
[staged] Manifold final pass — computing Jacobian  (ε=0.020, 60 renders)
[staged] Manifold basis: k=11D / 30D  (variance≥85%, top eigenvalues: ['510081.16', '205261.84', '171214.20', '76484.55', '74992.45'])
    ↑ new global best IoU 0.661  [manifold final pass]
[staged] Manifold done — IoU: 0.661  (Δ=+0.009)  ✓
[staged] FD refinement — 5 Adam steps  (300 renders, lr=0.01, ε=0.02)
    ↑ new global best IoU 0.679  [FD refinement]
[staged] FD done — IoU: 0.679  (Δ=+0.018)  ✓
[staged] Done — final IoU: 0.679  loss: 0.3227
[staged] Popsize: per-robot phases=32  final=32  (theory optimum for 6 DOF = 10)

[staged] Hungarian pre-assignment  (5×5 cost matrix, 8 samples/entry = 200 renders)...
[staged]   robot_a → zone 0  robot_b → zone 1  robot_c → zone 4  robot_d → zone 3  robot_e → zone 2

[staged] Phase 1 — forward greedy  (8 iters × 5 robot(s), sigma=0.40×1.00, popsize=32)
[staged]   Ph1 robot a  zone 0  (uncovered: 19% of target)
    voronoi warm-start: IoU 0.128 → 0.209 ✓
    [parallel] 10 worker threads, one renderer clone each
    init sampling: best coverage score 0.0px of uncovered area  (2 samples)
[staged]   → robot a: IoU 0.128 → 0.432  ✓
    ↑ new global best IoU 0.432  [phase Ph1 robot a]
[staged]   Ph1 robot b  zone 1  (uncovered: 8% of target)
    voronoi warm-start: IoU 0.432 → 0.439 ✓
    [parallel] 10 worker threads, one renderer clone each
    init sampling: best coverage score 41.0px of uncovered area  (2 samples)
[staged]   → robot b: IoU 0.432 → 0.566  ✓
    ↑ new global best IoU 0.566  [phase Ph1 robot b]
[staged]   Ph1 robot c  zone 4  (uncovered: 2% of target)
    voronoi warm-start: IoU 0.501 ≤ 0.566, kept current
    [parallel] 10 worker threads, one renderer clone each
    init sampling: best coverage score 44.0px of uncovered area  (4 samples)
[staged]   → robot c: IoU 0.566 → 0.613  ✓
    ↑ new global best IoU 0.613  [phase Ph1 robot c]
[staged]   Ph1 robot d  zone 3  (uncovered: 6% of target)
    voronoi warm-start: IoU 0.596 ≤ 0.613, kept current
    [parallel] 10 worker threads, one renderer clone each
    init sampling: best coverage score 0.0px of uncovered area  (4 samples)
[staged]   → robot d: IoU 0.613 → 0.640  ✓
    ↑ new global best IoU 0.640  [phase Ph1 robot d]
[staged]   Ph1 robot e  zone 2  (uncovered: 5% of target)
    voronoi warm-start: IoU 0.637 ≤ 0.640, kept current
    [parallel] 10 worker threads, one renderer clone each
    init sampling: best coverage score 46.0px of uncovered area  (4 samples)
[staged]   → robot e: IoU 0.640 → 0.680  ✓
    ↑ new global best IoU 0.680  [phase Ph1 robot e]
[staged] Phase 1 done — composite IoU: 0.680

[staged] Phase 2 — backward pass  (8 iters × 5 robots, sigma=0.300)
[staged]   contributions before Phase 2:
[staged]     robot a: +0.177 IoU
[staged]     robot b: +0.072 IoU
[staged]     robot c: +0.053 IoU
[staged]     robot d: +0.040 IoU  ← low
[staged]     robot e: +0.040 IoU  ← low
[staged]   Ph2 robot e  zone 2  (uncovered: 15% of target)
    [parallel] 10 worker threads, one renderer clone each
    init sampling: best coverage score 52.0px of uncovered area  (4 samples)
[staged]   → robot e: candidate 0.676 < current 0.680  ✗ rejected
[staged]   Ph2 robot d  zone 3  (uncovered: 16% of target)
    [parallel] 10 worker threads, one renderer clone each
    init sampling: best coverage score 107.0px of uncovered area  (4 samples)
[staged]   → robot d: candidate 0.649 < current 0.680  ✗ rejected
[staged]   Ph2 robot c  zone 4  (uncovered: 16% of target)
    [parallel] 10 worker threads, one renderer clone each
    init sampling: best coverage score 235.0px of uncovered area  (4 samples)
[staged]   → robot c: candidate 0.659 < current 0.680  ✗ rejected
[staged]   Ph2 robot b  zone 1  (uncovered: 21% of target)
    [parallel] 10 worker threads, one renderer clone each
    init sampling: best coverage score 255.0px of uncovered area  (4 samples)
[staged]   → robot b: candidate 0.664 < current 0.680  ✗ rejected
[staged]   Ph2 robot a  zone 0  (uncovered: 31% of target)
    [parallel] 10 worker threads, one renderer clone each
    init sampling: best coverage score 86.0px of uncovered area  (4 samples)
[staged]   → robot a: candidate 0.667 < current 0.680  ✗ rejected
[staged] Phase 2 done — composite IoU: 0.680

[staged] Best snapshot: Phase 1  IoU=0.680
[staged] Manifold final pass — computing Jacobian  (ε=0.020, 60 renders)
[staged] Manifold basis: k=10D / 30D  (variance≥85%, top eigenvalues: ['474256.03', '145779.27', '114015.85', '94311.14', '79109.56'])
    ↑ new global best IoU 0.693  [manifold final pass]
[staged] Manifold done — IoU: 0.693  (Δ=+0.013)  ✓
[staged] FD refinement — 5 Adam steps  (300 renders, lr=0.01, ε=0.02)
    ↑ new global best IoU 0.705  [FD refinement]
[staged] FD done — IoU: 0.705  (Δ=+0.012)  ✓
[staged] Done — final IoU: 0.705  loss: 0.2967
[staged] Popsize: per-robot phases=32  final=32  (theory optimum for 6 DOF = 10)

[staged] Hungarian pre-assignment  (5×5 cost matrix, 8 samples/entry = 200 renders)...
[staged]   robot_a → zone 4  robot_b → zone 0  robot_c → zone 3  robot_d → zone 2  robot_e → zone 1

[staged] Phase 1 — forward greedy  (8 iters × 5 robot(s), sigma=0.40×1.00, popsize=32)
[staged]   Ph1 robot a  zone 4  (uncovered: 24% of target)
    voronoi warm-start: IoU 0.128 → 0.130 ✓
    [parallel] 10 worker threads, one renderer clone each
    init sampling: best coverage score 876.0px of uncovered area  (2 samples)
[staged]   → robot a: IoU 0.128 → 0.504  ✓
    ↑ new global best IoU 0.504  [phase Ph1 robot a]
[staged]   Ph1 robot b  zone 0  (uncovered: 9% of target)
    voronoi warm-start: IoU 0.477 ≤ 0.504, kept current
    [parallel] 10 worker threads, one renderer clone each
    init sampling: best coverage score 186.0px of uncovered area  (4 samples)
[staged]   → robot b: IoU 0.504 → 0.558  ✓
    ↑ new global best IoU 0.558  [phase Ph1 robot b]
[staged]   Ph1 robot c  zone 3  (uncovered: 1% of target)
    voronoi warm-start: IoU 0.487 ≤ 0.558, kept current
    [parallel] 10 worker threads, one renderer clone each
    init sampling: best coverage score 0.0px of uncovered area  (4 samples)
[staged]   → robot c: IoU 0.558 → 0.605  ✓
    ↑ new global best IoU 0.605  [phase Ph1 robot c]
[staged]   Ph1 robot d  zone 2  (uncovered: 4% of target)
    voronoi warm-start: IoU 0.574 ≤ 0.605, kept current
    [parallel] 10 worker threads, one renderer clone each
    init sampling: best coverage score 125.0px of uncovered area  (4 samples)
[staged]   → robot d: IoU 0.605 → 0.636  ✓
    ↑ new global best IoU 0.636  [phase Ph1 robot d]
[staged]   Ph1 robot e  zone 1  (uncovered: 0% of target)
    voronoi warm-start: IoU 0.623 ≤ 0.636, kept current
    [parallel] 10 worker threads, one renderer clone each
    init sampling: best coverage score 2.0px of uncovered area  (4 samples)
[staged]   → robot e: IoU 0.636 → 0.663  ✓
    ↑ new global best IoU 0.663  [phase Ph1 robot e]
[staged] Phase 1 done — composite IoU: 0.663

[staged] Phase 2 — backward pass  (8 iters × 5 robots, sigma=0.300)
[staged]   contributions before Phase 2:
[staged]     robot a: +0.231 IoU
[staged]     robot b: +0.027 IoU  ← low
[staged]     robot c: +0.056 IoU
[staged]     robot d: +0.038 IoU  ← low
[staged]     robot e: +0.026 IoU  ← low
[staged]   Ph2 robot e  zone 1  (uncovered: 10% of target)
    [parallel] 10 worker threads, one renderer clone each
    init sampling: best coverage score 22.0px of uncovered area  (4 samples)
[staged]   → robot e: candidate 0.654 < current 0.663  ✗ rejected
[staged]   Ph2 robot d  zone 2  (uncovered: 13% of target)
    [parallel] 10 worker threads, one renderer clone each
    init sampling: best coverage score 37.0px of uncovered area  (4 samples)
[staged]   → robot d: candidate 0.656 < current 0.663  ✗ rejected
[staged]   Ph2 robot c  zone 3  (uncovered: 14% of target)
    [parallel] 10 worker threads, one renderer clone each
    init sampling: best coverage score 130.0px of uncovered area  (4 samples)
[staged]   → robot c: candidate 0.643 < current 0.663  ✗ rejected
[staged]   Ph2 robot b  zone 0  (uncovered: 13% of target)
    [parallel] 10 worker threads, one renderer clone each
    init sampling: best coverage score 150.0px of uncovered area  (4 samples)
[staged]   → robot b: IoU 0.663 → 0.690  ✓
    ↑ new global best IoU 0.690  [phase Ph2 robot b]
[staged]   Ph2 robot a  zone 4  (uncovered: 40% of target)
    [parallel] 10 worker threads, one renderer clone each
    init sampling: best coverage score 1205.0px of uncovered area  (4 samples)
[staged]   → robot a: IoU 0.690 → 0.690  ✓
[staged] Phase 2 done — composite IoU: 0.690

[staged] Best snapshot: global best  IoU=0.690
[staged] Manifold final pass — computing Jacobian  (ε=0.020, 60 renders)
[staged] Manifold basis: k=9D / 30D  (variance≥85%, top eigenvalues: ['471948.75', '168438.14', '138201.61', '131835.55', '101150.35'])
    ↑ new global best IoU 0.701  [manifold final pass]
[staged] Manifold done — IoU: 0.701  (Δ=+0.011)  ✓
[staged] FD refinement — 5 Adam steps  (300 renders, lr=0.01, ε=0.02)
    ↑ new global best IoU 0.715  [FD refinement]
[staged] FD done — IoU: 0.715  (Δ=+0.015)  ✓
[staged] Done — final IoU: 0.715  loss: 0.2864
[shard 0] 8/10 digits/4_dejavusans-bold  best=0.715 mean=0.686±0.021  139s  eta 0.1h
[staged] Popsize: per-robot phases=32  final=32  (theory optimum for 6 DOF = 10)

[staged] Hungarian pre-assignment  (5×5 cost matrix, 8 samples/entry = 200 renders)...
[staged]   robot_a → zone 2  robot_b → zone 1  robot_c → zone 4  robot_d → zone 0  robot_e → zone 3

[staged] Phase 1 — forward greedy  (8 iters × 5 robot(s), sigma=0.40×1.00, popsize=32)
[staged]   Ph1 robot a  zone 2  (uncovered: 22% of target)
    voronoi warm-start: IoU 0.067 → 0.219 ✓
    [parallel] 10 worker threads, one renderer clone each
    init sampling: best coverage score 0.0px of uncovered area  (2 samples)
[staged]   → robot a: IoU 0.067 → 0.446  ✓
    ↑ new global best IoU 0.446  [phase Ph1 robot a]
[staged]   Ph1 robot b  zone 1  (uncovered: 14% of target)
    voronoi warm-start: IoU 0.446 → 0.468 ✓
    [parallel] 10 worker threads, one renderer clone each
    init sampling: best coverage score 0.0px of uncovered area  (2 samples)
[staged]   → robot b: IoU 0.446 → 0.471  ✓
    ↑ new global best IoU 0.471  [phase Ph1 robot b]
[staged]   Ph1 robot c  zone 4  (uncovered: 0% of target)
    voronoi warm-start: IoU 0.468 ≤ 0.471, kept current
    [parallel] 10 worker threads, one renderer clone each
    init sampling: best coverage score 0.0px of uncovered area  (4 samples)
[staged]   → robot c: IoU 0.471 → 0.502  ✓
    ↑ new global best IoU 0.502  [phase Ph1 robot c]
[staged]   Ph1 robot d  zone 0  (uncovered: 0% of target)
    voronoi warm-start: IoU 0.468 ≤ 0.502, kept current
    [parallel] 10 worker threads, one renderer clone each
    init sampling: best coverage score 1.0px of uncovered area  (4 samples)
[staged]   → robot d: IoU 0.502 → 0.514  ✓
    ↑ new global best IoU 0.514  [phase Ph1 robot d]
[staged]   Ph1 robot e  zone 3  (uncovered: 6% of target)
    voronoi warm-start: IoU 0.503 ≤ 0.514, kept current
    [parallel] 10 worker threads, one renderer clone each
    init sampling: best coverage score 6.0px of uncovered area  (4 samples)
[staged]   → robot e: IoU 0.514 → 0.541  ✓
    ↑ new global best IoU 0.541  [phase Ph1 robot e]
[staged] Phase 1 done — composite IoU: 0.541

[staged] Phase 2 — backward pass  (8 iters × 5 robots, sigma=0.300)
[staged]   contributions before Phase 2:
[staged]     robot a: +0.037 IoU  ← low
[staged]     robot b: +0.011 IoU  ← low
[staged]     robot c: +0.033 IoU  ← low
[staged]     robot d: +0.031 IoU  ← low
[staged]     robot e: +0.027 IoU  ← low
[staged]   Ph2 robot e  zone 3  (uncovered: 6% of target)
    [parallel] 10 worker threads, one renderer clone each
    init sampling: best coverage score 1.0px of uncovered area  (4 samples)
[staged]   → robot e: candidate 0.538 < current 0.541  ✗ rejected
[staged]   Ph2 robot d  zone 0  (uncovered: 7% of target)
    [parallel] 10 worker threads, one renderer clone each
    init sampling: best coverage score 99.0px of uncovered area  (4 samples)
[staged]   → robot d: IoU 0.541 → 0.545  ✓
    ↑ new global best IoU 0.545  [phase Ph2 robot d]
[staged]   Ph2 robot c  zone 4  (uncovered: 8% of target)
    [parallel] 10 worker threads, one renderer clone each
    init sampling: best coverage score 41.0px of uncovered area  (4 samples)
[staged]   → robot c: IoU 0.545 → 0.546  ✓
    ↑ new global best IoU 0.546  [phase Ph2 robot c]
[staged]   Ph2 robot b  zone 1  (uncovered: 9% of target)
    [parallel] 10 worker threads, one renderer clone each
    init sampling: best coverage score 176.0px of uncovered area  (4 samples)
[staged]   → robot b: IoU 0.546 → 0.655  ✓
    ↑ new global best IoU 0.655  [phase Ph2 robot b]
[staged]   Ph2 robot a  zone 2  (uncovered: 17% of target)
    [parallel] 10 worker threads, one renderer clone each
    init sampling: best coverage score 12.0px of uncovered area  (4 samples)
[staged]   → robot a: IoU 0.655 → 0.664  ✓
    ↑ new global best IoU 0.664  [phase Ph2 robot a]
[staged] Phase 2 done — composite IoU: 0.664

[staged] Best snapshot: Phase 2  IoU=0.664
[staged] Manifold final pass — computing Jacobian  (ε=0.020, 60 renders)
[staged] Manifold basis: k=9D / 30D  (variance≥85%, top eigenvalues: ['453886.75', '222056.14', '90768.05', '56677.13', '53369.76'])
    ↑ new global best IoU 0.774  [manifold final pass]
[staged] Manifold done — IoU: 0.774  (Δ=+0.110)  ✓
[staged] FD refinement — 5 Adam steps  (300 renders, lr=0.01, ε=0.02)
    ↑ new global best IoU 0.792  [FD refinement]
[staged] FD done — IoU: 0.792  (Δ=+0.018)  ✓
[staged] Done — final IoU: 0.792  loss: 0.2082
[staged] Popsize: per-robot phases=32  final=32  (theory optimum for 6 DOF = 10)

[staged] Hungarian pre-assignment  (5×5 cost matrix, 8 samples/entry = 200 renders)...
[staged]   robot_a → zone 1  robot_b → zone 3  robot_c → zone 4  robot_d → zone 2  robot_e → zone 0

[staged] Phase 1 — forward greedy  (8 iters × 5 robot(s), sigma=0.40×1.00, popsize=32)
[staged]   Ph1 robot a  zone 1  (uncovered: 19% of target)
    voronoi warm-start: IoU 0.067 → 0.222 ✓
    [parallel] 10 worker threads, one renderer clone each
    init sampling: best coverage score 0.0px of uncovered area  (2 samples)
[staged]   → robot a: IoU 0.067 → 0.465  ✓
    ↑ new global best IoU 0.465  [phase Ph1 robot a]
[staged]   Ph1 robot b  zone 3  (uncovered: 9% of target)
    voronoi warm-start: IoU 0.449 ≤ 0.465, kept current
    [parallel] 10 worker threads, one renderer clone each
    init sampling: best coverage score 0.0px of uncovered area  (4 samples)
[staged]   → robot b: IoU 0.465 → 0.527  ✓
    ↑ new global best IoU 0.527  [phase Ph1 robot b]
[staged]   Ph1 robot c  zone 4  (uncovered: 9% of target)
    voronoi warm-start: IoU 0.518 ≤ 0.527, kept current
    [parallel] 10 worker threads, one renderer clone each
    init sampling: best coverage score 16.0px of uncovered area  (4 samples)
[staged]   → robot c: IoU 0.527 → 0.575  ✓
    ↑ new global best IoU 0.575  [phase Ph1 robot c]
[staged]   Ph1 robot d  zone 2  (uncovered: 0% of target)
    voronoi warm-start: IoU 0.507 ≤ 0.575, kept current
    [parallel] 10 worker threads, one renderer clone each
    init sampling: best coverage score 14.0px of uncovered area  (4 samples)
[staged]   → robot d: IoU 0.575 → 0.611  ✓
    ↑ new global best IoU 0.611  [phase Ph1 robot d]
[staged]   Ph1 robot e  zone 0  (uncovered: 11% of target)
    voronoi warm-start: IoU 0.581 ≤ 0.611, kept current
    [parallel] 10 worker threads, one renderer clone each
    init sampling: best coverage score 66.0px of uncovered area  (4 samples)
[staged]   → robot e: IoU 0.611 → 0.675  ✓
    ↑ new global best IoU 0.675  [phase Ph1 robot e]
[staged] Phase 1 done — composite IoU: 0.675

[staged] Phase 2 — backward pass  (8 iters × 5 robots, sigma=0.300)
[staged]   contributions before Phase 2:
[staged]     robot a: +0.096 IoU
[staged]     robot b: +0.098 IoU
[staged]     robot c: +0.090 IoU
[staged]     robot d: +0.081 IoU
[staged]     robot e: +0.064 IoU
[staged]   Ph2 robot e  zone 0  (uncovered: 11% of target)
    [parallel] 10 worker threads, one renderer clone each
    init sampling: best coverage score 10.0px of uncovered area  (4 samples)
[staged]   → robot e: IoU 0.675 → 0.677  ✓
    ↑ new global best IoU 0.677  [phase Ph2 robot e]
[staged]   Ph2 robot d  zone 2  (uncovered: 12% of target)
    [parallel] 10 worker threads, one renderer clone each
    init sampling: best coverage score 115.0px of uncovered area  (4 samples)
[staged]   → robot d: candidate 0.663 < current 0.677  ✗ rejected
[staged]   Ph2 robot c  zone 4  (uncovered: 11% of target)
    [parallel] 10 worker threads, one renderer clone each
    init sampling: best coverage score 80.0px of uncovered area  (4 samples)
[staged]   → robot c: candidate 0.675 < current 0.677  ✗ rejected
[staged]   Ph2 robot b  zone 3  (uncovered: 12% of target)
    [parallel] 10 worker threads, one renderer clone each
    init sampling: best coverage score 132.0px of uncovered area  (4 samples)
[staged]   → robot b: candidate 0.666 < current 0.677  ✗ rejected
[staged]   Ph2 robot a  zone 1  (uncovered: 19% of target)
    [parallel] 10 worker threads, one renderer clone each
    init sampling: best coverage score 220.0px of uncovered area  (4 samples)
[staged]   → robot a: IoU 0.677 → 0.734  ✓
    ↑ new global best IoU 0.734  [phase Ph2 robot a]
[staged] Phase 2 done — composite IoU: 0.734

[staged] Best snapshot: Phase 2  IoU=0.734
[staged] Manifold final pass — computing Jacobian  (ε=0.020, 60 renders)
[staged] Manifold basis: k=8D / 30D  (variance≥85%, top eigenvalues: ['269003.19', '268358.84', '138771.47', '127178.66', '75283.86'])
    ↑ new global best IoU 0.778  [manifold final pass]
[staged] Manifold done — IoU: 0.778  (Δ=+0.044)  ✓
[staged] FD refinement — 5 Adam steps  (300 renders, lr=0.01, ε=0.02)
    ↑ new global best IoU 0.804  [FD refinement]
[staged] FD done — IoU: 0.804  (Δ=+0.027)  ✓
[staged] Done — final IoU: 0.804  loss: 0.1961
[staged] Popsize: per-robot phases=32  final=32  (theory optimum for 6 DOF = 10)

[staged] Hungarian pre-assignment  (5×5 cost matrix, 8 samples/entry = 200 renders)...
[staged]   robot_a → zone 2  robot_b → zone 3  robot_c → zone 4  robot_d → zone 1  robot_e → zone 0

[staged] Phase 1 — forward greedy  (8 iters × 5 robot(s), sigma=0.40×1.00, popsize=32)
[staged]   Ph1 robot a  zone 2  (uncovered: 7% of target)
    voronoi warm-start: IoU 0.061 ≤ 0.067, kept current
    [parallel] 10 worker threads, one renderer clone each
    init sampling: best coverage score 3.0px of uncovered area  (4 samples)
[staged]   → robot a: IoU 0.067 → 0.394  ✓
    ↑ new global best IoU 0.394  [phase Ph1 robot a]
[staged]   Ph1 robot b  zone 3  (uncovered: 11% of target)
    voronoi warm-start: IoU 0.394 → 0.425 ✓
    [parallel] 10 worker threads, one renderer clone each
    init sampling: best coverage score 0.0px of uncovered area  (2 samples)
[staged]   → robot b: IoU 0.394 → 0.487  ✓
    ↑ new global best IoU 0.487  [phase Ph1 robot b]
[staged]   Ph1 robot c  zone 4  (uncovered: 1% of target)
    voronoi warm-start: IoU 0.455 ≤ 0.487, kept current
    [parallel] 10 worker threads, one renderer clone each
    init sampling: best coverage score 38.0px of uncovered area  (4 samples)
[staged]   → robot c: IoU 0.487 → 0.567  ✓
    ↑ new global best IoU 0.567  [phase Ph1 robot c]
[staged]   Ph1 robot d  zone 1  (uncovered: 7% of target)
    voronoi warm-start: IoU 0.505 ≤ 0.567, kept current
    [parallel] 10 worker threads, one renderer clone each
    init sampling: best coverage score 33.0px of uncovered area  (4 samples)
[staged]   → robot d: IoU 0.567 → 0.598  ✓
    ↑ new global best IoU 0.598  [phase Ph1 robot d]
[staged]   Ph1 robot e  zone 0  (uncovered: 0% of target)
    voronoi warm-start: IoU 0.570 ≤ 0.598, kept current
    [parallel] 10 worker threads, one renderer clone each
    init sampling: best coverage score 13.0px of uncovered area  (4 samples)
[staged]   → robot e: IoU 0.598 → 0.653  ✓
    ↑ new global best IoU 0.653  [phase Ph1 robot e]
[staged] Phase 1 done — composite IoU: 0.653

[staged] Phase 2 — backward pass  (8 iters × 5 robots, sigma=0.300)
[staged]   contributions before Phase 2:
[staged]     robot a: +0.087 IoU
[staged]     robot b: +0.093 IoU
[staged]     robot c: +0.125 IoU
[staged]     robot d: +0.072 IoU
[staged]     robot e: +0.055 IoU
[staged]   Ph2 robot e  zone 0  (uncovered: 8% of target)
    [parallel] 10 worker threads, one renderer clone each
    init sampling: best coverage score 2.0px of uncovered area  (4 samples)
[staged]   → robot e: candidate 0.650 < current 0.653  ✗ rejected
[staged]   Ph2 robot d  zone 1  (uncovered: 10% of target)
    [parallel] 10 worker threads, one renderer clone each
    init sampling: best coverage score 53.0px of uncovered area  (4 samples)
[staged]   → robot d: candidate 0.652 < current 0.653  ✗ rejected
[staged]   Ph2 robot c  zone 4  (uncovered: 20% of target)
    [parallel] 10 worker threads, one renderer clone each
    init sampling: best coverage score 363.0px of uncovered area  (4 samples)
[staged]   → robot c: candidate 0.649 < current 0.653  ✗ rejected
[staged]   Ph2 robot b  zone 3  (uncovered: 16% of target)
    [parallel] 10 worker threads, one renderer clone each
    init sampling: best coverage score 56.0px of uncovered area  (4 samples)
[staged]   → robot b: IoU 0.653 → 0.653  ✓
    ↑ new global best IoU 0.653  [phase Ph2 robot b]
[staged]   Ph2 robot a  zone 2  (uncovered: 20% of target)
    [parallel] 10 worker threads, one renderer clone each
    init sampling: best coverage score 264.0px of uncovered area  (4 samples)
[staged]   → robot a: IoU 0.653 → 0.665  ✓
    ↑ new global best IoU 0.665  [phase Ph2 robot a]
[staged] Phase 2 done — composite IoU: 0.665

[staged] Best snapshot: Phase 2  IoU=0.665
[staged] Manifold final pass — computing Jacobian  (ε=0.020, 60 renders)
[staged] Manifold basis: k=7D / 30D  (variance≥85%, top eigenvalues: ['309710.75', '208468.28', '183095.16', '56126.70', '39868.57'])
    ↑ new global best IoU 0.741  [manifold final pass]
[staged] Manifold done — IoU: 0.741  (Δ=+0.076)  ✓
[staged] FD refinement — 5 Adam steps  (300 renders, lr=0.01, ε=0.02)
    ↑ new global best IoU 0.769  [FD refinement]
[staged] FD done — IoU: 0.769  (Δ=+0.028)  ✓
[staged] Done — final IoU: 0.769  loss: 0.2318
[staged] Popsize: per-robot phases=32  final=32  (theory optimum for 6 DOF = 10)

[staged] Hungarian pre-assignment  (5×5 cost matrix, 8 samples/entry = 200 renders)...
[staged]   robot_a → zone 1  robot_b → zone 2  robot_c → zone 4  robot_d → zone 3  robot_e → zone 0

[staged] Phase 1 — forward greedy  (8 iters × 5 robot(s), sigma=0.40×1.00, popsize=32)
[staged]   Ph1 robot a  zone 1  (uncovered: 19% of target)
    voronoi warm-start: IoU 0.067 → 0.086 ✓
    [parallel] 10 worker threads, one renderer clone each
    init sampling: best coverage score 129.0px of uncovered area  (2 samples)
[staged]   → robot a: IoU 0.067 → 0.370  ✓
    ↑ new global best IoU 0.370  [phase Ph1 robot a]
[staged]   Ph1 robot b  zone 2  (uncovered: 18% of target)
    voronoi warm-start: IoU 0.370 → 0.399 ✓
    [parallel] 10 worker threads, one renderer clone each
    init sampling: best coverage score 0.0px of uncovered area  (2 samples)
[staged]   → robot b: IoU 0.370 → 0.488  ✓
    ↑ new global best IoU 0.488  [phase Ph1 robot b]
[staged]   Ph1 robot c  zone 4  (uncovered: 4% of target)
    voronoi warm-start: IoU 0.488 → 0.520 ✓
    [parallel] 10 worker threads, one renderer clone each
    init sampling: best coverage score 0.0px of uncovered area  (2 samples)
[staged]   → robot c: IoU 0.488 → 0.545  ✓
    ↑ new global best IoU 0.545  [phase Ph1 robot c]
[staged]   Ph1 robot d  zone 3  (uncovered: 0% of target)
    voronoi warm-start: IoU 0.483 ≤ 0.545, kept current
    [parallel] 10 worker threads, one renderer clone each
    init sampling: best loss 21.7053 (4 samples)
[staged]   → robot d: IoU 0.545 → 0.581  ✓
    ↑ new global best IoU 0.581  [phase Ph1 robot d]
[staged]   Ph1 robot e  zone 0  (uncovered: 0% of target)
    voronoi warm-start: IoU 0.560 ≤ 0.581, kept current
    [parallel] 10 worker threads, one renderer clone each
    init sampling: best coverage score 0.0px of uncovered area  (4 samples)
[staged]   → robot e: IoU 0.581 → 0.598  ✓
    ↑ new global best IoU 0.598  [phase Ph1 robot e]
[staged] Phase 1 done — composite IoU: 0.598

[staged] Phase 2 — backward pass  (8 iters × 5 robots, sigma=0.300)
[staged]   contributions before Phase 2:
[staged]     robot a: +0.074 IoU
[staged]     robot b: +0.119 IoU
[staged]     robot c: +0.071 IoU
[staged]     robot d: +0.058 IoU
[staged]     robot e: +0.018 IoU  ← low
[staged]   Ph2 robot e  zone 0  (uncovered: 7% of target)
    [parallel] 10 worker threads, one renderer clone each
    init sampling: best coverage score 1.0px of uncovered area  (4 samples)
[staged]   → robot e: IoU 0.598 → 0.612  ✓
    ↑ new global best IoU 0.612  [phase Ph2 robot e]
[staged]   Ph2 robot d  zone 3  (uncovered: 11% of target)
    [parallel] 10 worker threads, one renderer clone each
    init sampling: best coverage score 13.0px of uncovered area  (4 samples)
[staged]   → robot d: candidate 0.600 < current 0.612  ✗ rejected
[staged]   Ph2 robot c  zone 4  (uncovered: 18% of target)
    [parallel] 10 worker threads, one renderer clone each
    init sampling: best coverage score 363.0px of uncovered area  (4 samples)
[staged]   → robot c: IoU 0.612 → 0.645  ✓
    ↑ new global best IoU 0.645  [phase Ph2 robot c]
[staged]   Ph2 robot b  zone 2  (uncovered: 26% of target)
    [parallel] 10 worker threads, one renderer clone each
    init sampling: best coverage score 263.0px of uncovered area  (4 samples)
[staged]   → robot b: IoU 0.645 → 0.655  ✓
    ↑ new global best IoU 0.655  [phase Ph2 robot b]
[staged]   Ph2 robot a  zone 1  (uncovered: 15% of target)
    [parallel] 10 worker threads, one renderer clone each
    init sampling: best coverage score 246.0px of uncovered area  (4 samples)
[staged]   → robot a: IoU 0.655 → 0.659  ✓
    ↑ new global best IoU 0.659  [phase Ph2 robot a]
[staged] Phase 2 done — composite IoU: 0.659

[staged] Best snapshot: Phase 2  IoU=0.659
[staged] Manifold final pass — computing Jacobian  (ε=0.020, 60 renders)
[staged] Manifold basis: k=7D / 30D  (variance≥85%, top eigenvalues: ['257064.27', '172160.03', '113503.66', '84447.75', '44793.24'])
    ↑ new global best IoU 0.672  [manifold final pass]
[staged] Manifold done — IoU: 0.672  (Δ=+0.013)  ✓
[staged] FD refinement — 5 Adam steps  (300 renders, lr=0.01, ε=0.02)
    ↑ new global best IoU 0.682  [FD refinement]
[staged] FD done — IoU: 0.682  (Δ=+0.010)  ✓
[staged] Done — final IoU: 0.682  loss: 0.3186
[staged] Popsize: per-robot phases=32  final=32  (theory optimum for 6 DOF = 10)

[staged] Hungarian pre-assignment  (5×5 cost matrix, 8 samples/entry = 200 renders)...
[staged]   robot_a → zone 4  robot_b → zone 3  robot_c → zone 2  robot_d → zone 1  robot_e → zone 0

[staged] Phase 1 — forward greedy  (8 iters × 5 robot(s), sigma=0.40×1.00, popsize=32)
[staged]   Ph1 robot a  zone 4  (uncovered: 14% of target)
    voronoi warm-start: IoU 0.060 ≤ 0.067, kept current
    [parallel] 10 worker threads, one renderer clone each
    init sampling: best coverage score 452.0px of uncovered area  (4 samples)
[staged]   → robot a: IoU 0.067 → 0.467  ✓
    ↑ new global best IoU 0.467  [phase Ph1 robot a]
[staged]   Ph1 robot b  zone 3  (uncovered: 6% of target)
    voronoi warm-start: IoU 0.448 ≤ 0.467, kept current
    [parallel] 10 worker threads, one renderer clone each
    init sampling: best coverage score 0.0px of uncovered area  (4 samples)
[staged]   → robot b: IoU 0.467 → 0.538  ✓
    ↑ new global best IoU 0.538  [phase Ph1 robot b]
[staged]   Ph1 robot c  zone 2  (uncovered: 2% of target)
    voronoi warm-start: IoU 0.526 ≤ 0.538, kept current
    [parallel] 10 worker threads, one renderer clone each
    init sampling: best coverage score 0.0px of uncovered area  (4 samples)
[staged]   → robot c: IoU 0.538 → 0.560  ✓
    ↑ new global best IoU 0.560  [phase Ph1 robot c]
[staged]   Ph1 robot d  zone 1  (uncovered: 13% of target)
    voronoi warm-start: IoU 0.550 ≤ 0.560, kept current
    [parallel] 10 worker threads, one renderer clone each
    init sampling: best coverage score 9.0px of uncovered area  (4 samples)
[staged]   → robot d: IoU 0.560 → 0.566  ✓
    ↑ new global best IoU 0.566  [phase Ph1 robot d]
[staged]   Ph1 robot e  zone 0  (uncovered: 1% of target)
    voronoi warm-start: IoU 0.538 ≤ 0.566, kept current
    [parallel] 10 worker threads, one renderer clone each
    init sampling: best coverage score 5.0px of uncovered area  (4 samples)
[staged]   → robot e: IoU 0.566 → 0.653  ✓
    ↑ new global best IoU 0.653  [phase Ph1 robot e]
[staged] Phase 1 done — composite IoU: 0.653

[staged] Phase 2 — backward pass  (8 iters × 5 robots, sigma=0.300)
[staged]   contributions before Phase 2:
[staged]     robot a: +0.167 IoU
[staged]     robot b: +0.100 IoU
[staged]     robot c: +0.060 IoU
[staged]     robot d: +0.036 IoU  ← low
[staged]     robot e: +0.087 IoU
[staged]   Ph2 robot e  zone 0  (uncovered: 21% of target)
    [parallel] 10 worker threads, one renderer clone each
    init sampling: best coverage score 27.0px of uncovered area  (4 samples)
[staged]   → robot e: candidate 0.613 < current 0.653  ✗ rejected
[staged]   Ph2 robot d  zone 1  (uncovered: 16% of target)
    [parallel] 10 worker threads, one renderer clone each
    init sampling: best coverage score 16.0px of uncovered area  (4 samples)
[staged]   → robot d: IoU 0.653 → 0.659  ✓
    ↑ new global best IoU 0.659  [phase Ph2 robot d]
[staged]   Ph2 robot c  zone 2  (uncovered: 16% of target)
    [parallel] 10 worker threads, one renderer clone each
    init sampling: best coverage score 9.0px of uncovered area  (4 samples)
[staged]   → robot c: candidate 0.612 < current 0.659  ✗ rejected
[staged]   Ph2 robot b  zone 3  (uncovered: 21% of target)
    [parallel] 10 worker threads, one renderer clone each
    init sampling: best coverage score 290.0px of uncovered area  (4 samples)
[staged]   → robot b: IoU 0.659 → 0.683  ✓
    ↑ new global best IoU 0.683  [phase Ph2 robot b]
[staged]   Ph2 robot a  zone 4  (uncovered: 34% of target)
    [parallel] 10 worker threads, one renderer clone each
    init sampling: best coverage score 519.0px of uncovered area  (4 samples)
[staged]   → robot a: candidate 0.612 < current 0.683  ✗ rejected
[staged] Phase 2 done — composite IoU: 0.683

[staged] Best snapshot: Phase 2  IoU=0.683
[staged] Manifold final pass — computing Jacobian  (ε=0.020, 60 renders)
[staged] Manifold basis: k=6D / 30D  (variance≥85%, top eigenvalues: ['582079.50', '266429.81', '166680.94', '114194.20', '66268.42'])
    ↑ new global best IoU 0.708  [manifold final pass]
[staged] Manifold done — IoU: 0.708  (Δ=+0.025)  ✓
[staged] FD refinement — 5 Adam steps  (300 renders, lr=0.01, ε=0.02)
    ↑ new global best IoU 0.729  [FD refinement]
[staged] FD done — IoU: 0.729  (Δ=+0.021)  ✓
[staged] Done — final IoU: 0.729  loss: 0.2723
[shard 0] 9/10 digits/7_dejavusans-bold  best=0.804 mean=0.755±0.045  139s  eta 0.0h
[staged] Popsize: per-robot phases=32  final=32  (theory optimum for 6 DOF = 10)

[staged] Hungarian pre-assignment  (5×5 cost matrix, 8 samples/entry = 200 renders)...
[staged]   robot_a → zone 3  robot_b → zone 1  robot_c → zone 4  robot_d → zone 0  robot_e → zone 2

[staged] Phase 1 — forward greedy  (8 iters × 5 robot(s), sigma=0.40×1.00, popsize=32)
[staged]   Ph1 robot a  zone 3  (uncovered: 6% of target)
    voronoi warm-start: IoU 0.106 ≤ 0.119, kept current
    [parallel] 10 worker threads, one renderer clone each
    init sampling: best coverage score 206.0px of uncovered area  (4 samples)
[staged]   → robot a: IoU 0.119 → 0.349  ✓
    ↑ new global best IoU 0.349  [phase Ph1 robot a]
[staged]   Ph1 robot b  zone 1  (uncovered: 3% of target)
    voronoi warm-start: IoU 0.343 ≤ 0.349, kept current
    [parallel] 10 worker threads, one renderer clone each
    init sampling: best coverage score 5.0px of uncovered area  (4 samples)
[staged]   → robot b: IoU 0.349 → 0.480  ✓
    ↑ new global best IoU 0.480  [phase Ph1 robot b]
[staged]   Ph1 robot c  zone 4  (uncovered: 7% of target)
    voronoi warm-start: IoU 0.469 ≤ 0.480, kept current
    [parallel] 10 worker threads, one renderer clone each
    init sampling: best coverage score 0.0px of uncovered area  (4 samples)
[staged]   → robot c: IoU 0.480 → 0.573  ✓
    ↑ new global best IoU 0.573  [phase Ph1 robot c]
[staged]   Ph1 robot d  zone 0  (uncovered: 5% of target)
    voronoi warm-start: IoU 0.563 ≤ 0.573, kept current
    [parallel] 10 worker threads, one renderer clone each
    init sampling: best coverage score 18.0px of uncovered area  (4 samples)
[staged]   → robot d: IoU 0.573 → 0.616  ✓
    ↑ new global best IoU 0.616  [phase Ph1 robot d]
[staged]   Ph1 robot e  zone 2  (uncovered: 3% of target)
    voronoi warm-start: IoU 0.616 → 0.642 ✓
    [parallel] 10 worker threads, one renderer clone each
    init sampling: best coverage score 14.0px of uncovered area  (2 samples)
[staged]   → robot e: IoU 0.616 → 0.655  ✓
    ↑ new global best IoU 0.655  [phase Ph1 robot e]
[staged] Phase 1 done — composite IoU: 0.655

[staged] Phase 2 — backward pass  (8 iters × 5 robots, sigma=0.300)
[staged]   contributions before Phase 2:
[staged]     robot a: +0.134 IoU
[staged]     robot b: +0.069 IoU
[staged]     robot c: +0.072 IoU
[staged]     robot d: +0.061 IoU
[staged]     robot e: +0.039 IoU  ← low
[staged]   Ph2 robot e  zone 2  (uncovered: 19% of target)
    [parallel] 10 worker threads, one renderer clone each
    init sampling: best coverage score 75.0px of uncovered area  (4 samples)
[staged]   → robot e: candidate 0.652 < current 0.655  ✗ rejected
[staged]   Ph2 robot d  zone 0  (uncovered: 21% of target)
    [parallel] 10 worker threads, one renderer clone each
    init sampling: best coverage score 104.0px of uncovered area  (4 samples)
[staged]   → robot d: candidate 0.648 < current 0.655  ✗ rejected
[staged]   Ph2 robot c  zone 4  (uncovered: 21% of target)
    [parallel] 10 worker threads, one renderer clone each
    init sampling: best coverage score 91.0px of uncovered area  (4 samples)
[staged]   → robot c: IoU 0.655 → 0.657  ✓
    ↑ new global best IoU 0.657  [phase Ph2 robot c]
[staged]   Ph2 robot b  zone 1  (uncovered: 21% of target)
    [parallel] 10 worker threads, one renderer clone each
    init sampling: best coverage score 204.0px of uncovered area  (4 samples)
[staged]   → robot b: IoU 0.657 → 0.672  ✓
    ↑ new global best IoU 0.672  [phase Ph2 robot b]
[staged]   Ph2 robot a  zone 3  (uncovered: 29% of target)
    [parallel] 10 worker threads, one renderer clone each
    init sampling: best coverage score 295.0px of uncovered area  (4 samples)
[staged]   → robot a: candidate 0.650 < current 0.672  ✗ rejected
[staged] Phase 2 done — composite IoU: 0.672

[staged] Best snapshot: Phase 2  IoU=0.672
[staged] Manifold final pass — computing Jacobian  (ε=0.020, 60 renders)
[staged] Manifold basis: k=9D / 30D  (variance≥85%, top eigenvalues: ['370520.44', '283693.00', '117834.88', '105401.57', '51131.80'])
    ↑ new global best IoU 0.734  [manifold final pass]
[staged] Manifold done — IoU: 0.734  (Δ=+0.062)  ✓
[staged] FD refinement — 5 Adam steps  (300 renders, lr=0.01, ε=0.02)
    ↑ new global best IoU 0.741  [FD refinement]
[staged] FD done — IoU: 0.741  (Δ=+0.007)  ✓
[staged] Done — final IoU: 0.741  loss: 0.2599
[staged] Popsize: per-robot phases=32  final=32  (theory optimum for 6 DOF = 10)

[staged] Hungarian pre-assignment  (5×5 cost matrix, 8 samples/entry = 200 renders)...
[staged]   robot_a → zone 2  robot_b → zone 1  robot_c → zone 3  robot_d → zone 4  robot_e → zone 0

[staged] Phase 1 — forward greedy  (8 iters × 5 robot(s), sigma=0.40×1.00, popsize=32)
[staged]   Ph1 robot a  zone 2  (uncovered: 26% of target)
    voronoi warm-start: IoU 0.119 → 0.125 ✓
    [parallel] 10 worker threads, one renderer clone each
    init sampling: best coverage score 0.0px of uncovered area  (2 samples)
[staged]   → robot a: IoU 0.119 → 0.409  ✓
    ↑ new global best IoU 0.409  [phase Ph1 robot a]
[staged]   Ph1 robot b  zone 1  (uncovered: 15% of target)
    voronoi warm-start: IoU 0.409 → 0.443 ✓
    [parallel] 10 worker threads, one renderer clone each
    init sampling: best coverage score 86.0px of uncovered area  (2 samples)
[staged]   → robot b: IoU 0.409 → 0.544  ✓
    ↑ new global best IoU 0.544  [phase Ph1 robot b]
[staged]   Ph1 robot c  zone 3  (uncovered: 6% of target)
    voronoi warm-start: IoU 0.540 ≤ 0.544, kept current
    [parallel] 10 worker threads, one renderer clone each
    init sampling: best coverage score 29.0px of uncovered area  (4 samples)
[staged]   → robot c: IoU 0.544 → 0.589  ✓
    ↑ new global best IoU 0.589  [phase Ph1 robot c]
[staged]   Ph1 robot d  zone 4  (uncovered: 2% of target)
    voronoi warm-start: IoU 0.571 ≤ 0.589, kept current
    [parallel] 10 worker threads, one renderer clone each
    init sampling: best coverage score 31.0px of uncovered area  (4 samples)
[staged]   → robot d: IoU 0.589 → 0.605  ✓
    ↑ new global best IoU 0.605  [phase Ph1 robot d]
[staged]   Ph1 robot e  zone 0  (uncovered: 3% of target)
    voronoi warm-start: IoU 0.567 ≤ 0.605, kept current
    [parallel] 10 worker threads, one renderer clone each
    init sampling: best coverage score 60.0px of uncovered area  (4 samples)
[staged]   → robot e: IoU 0.605 → 0.626  ✓
    ↑ new global best IoU 0.626  [phase Ph1 robot e]
[staged] Phase 1 done — composite IoU: 0.626

[staged] Phase 2 — backward pass  (8 iters × 5 robots, sigma=0.300)
[staged]   contributions before Phase 2:
[staged]     robot a: +0.091 IoU
[staged]     robot b: +0.074 IoU
[staged]     robot c: +0.033 IoU  ← low
[staged]     robot d: +0.028 IoU  ← low
[staged]     robot e: +0.021 IoU  ← low
[staged]   Ph2 robot e  zone 0  (uncovered: 12% of target)
    [parallel] 10 worker threads, one renderer clone each
    init sampling: best coverage score 125.0px of uncovered area  (4 samples)
[staged]   → robot e: IoU 0.626 → 0.627  ✓
    ↑ new global best IoU 0.627  [phase Ph2 robot e]
[staged]   Ph2 robot d  zone 4  (uncovered: 11% of target)
    [parallel] 10 worker threads, one renderer clone each
    init sampling: best coverage score 120.0px of uncovered area  (4 samples)
[staged]   → robot d: candidate 0.625 < current 0.627  ✗ rejected
[staged]   Ph2 robot c  zone 3  (uncovered: 16% of target)
    [parallel] 10 worker threads, one renderer clone each
    init sampling: best coverage score 230.0px of uncovered area  (4 samples)
[staged]   → robot c: candidate 0.620 < current 0.627  ✗ rejected
[staged]   Ph2 robot b  zone 1  (uncovered: 25% of target)
    [parallel] 10 worker threads, one renderer clone each
    init sampling: best coverage score 121.0px of uncovered area  (4 samples)
[staged]   → robot b: candidate 0.622 < current 0.627  ✗ rejected
[staged]   Ph2 robot a  zone 2  (uncovered: 31% of target)
    [parallel] 10 worker threads, one renderer clone each
    init sampling: best coverage score 103.0px of uncovered area  (4 samples)
[staged]   → robot a: candidate 0.609 < current 0.627  ✗ rejected
[staged] Phase 2 done — composite IoU: 0.627

[staged] Best snapshot: Phase 2  IoU=0.627
[staged] Manifold final pass — computing Jacobian  (ε=0.020, 60 renders)
[staged] Manifold basis: k=7D / 30D  (variance≥85%, top eigenvalues: ['1264029.25', '325230.78', '184893.78', '127125.17', '100158.13'])
    ↑ new global best IoU 0.668  [manifold final pass]
[staged] Manifold done — IoU: 0.668  (Δ=+0.042)  ✓
[staged] FD refinement — 5 Adam steps  (300 renders, lr=0.01, ε=0.02)
    ↑ new global best IoU 0.683  [FD refinement]
[staged] FD done — IoU: 0.683  (Δ=+0.014)  ✓
[staged] Done — final IoU: 0.683  loss: 0.3198
[staged] Popsize: per-robot phases=32  final=32  (theory optimum for 6 DOF = 10)

[staged] Hungarian pre-assignment  (5×5 cost matrix, 8 samples/entry = 200 renders)...
[staged]   robot_a → zone 2  robot_b → zone 1  robot_c → zone 4  robot_d → zone 3  robot_e → zone 0

[staged] Phase 1 — forward greedy  (8 iters × 5 robot(s), sigma=0.40×1.00, popsize=32)
[staged]   Ph1 robot a  zone 2  (uncovered: 25% of target)
    voronoi warm-start: IoU 0.119 → 0.124 ✓
    [parallel] 10 worker threads, one renderer clone each
    init sampling: best coverage score 0.0px of uncovered area  (2 samples)
[staged]   → robot a: IoU 0.119 → 0.341  ✓
    ↑ new global best IoU 0.341  [phase Ph1 robot a]
[staged]   Ph1 robot b  zone 1  (uncovered: 18% of target)
    voronoi warm-start: IoU 0.341 → 0.343 ✓
    [parallel] 10 worker threads, one renderer clone each
    init sampling: best coverage score 0.0px of uncovered area  (2 samples)
[staged]   → robot b: IoU 0.341 → 0.567  ✓
    ↑ new global best IoU 0.567  [phase Ph1 robot b]
[staged]   Ph1 robot c  zone 4  (uncovered: 3% of target)
    voronoi warm-start: IoU 0.525 ≤ 0.567, kept current
    [parallel] 10 worker threads, one renderer clone each
    init sampling: best coverage score 103.0px of uncovered area  (4 samples)
[staged]   → robot c: IoU 0.567 → 0.626  ✓
    ↑ new global best IoU 0.626  [phase Ph1 robot c]
[staged]   Ph1 robot d  zone 3  (uncovered: 1% of target)
    voronoi warm-start: IoU 0.621 ≤ 0.626, kept current
    [parallel] 10 worker threads, one renderer clone each
    init sampling: best coverage score 13.0px of uncovered area  (4 samples)
[staged]   → robot d: IoU 0.626 → 0.650  ✓
    ↑ new global best IoU 0.650  [phase Ph1 robot d]
[staged]   Ph1 robot e  zone 0  (uncovered: 3% of target)
    voronoi warm-start: IoU 0.630 ≤ 0.650, kept current
    [parallel] 10 worker threads, one renderer clone each
    init sampling: best coverage score 10.0px of uncovered area  (4 samples)
[staged]   → robot e: IoU 0.650 → 0.679  ✓
    ↑ new global best IoU 0.679  [phase Ph1 robot e]
[staged] Phase 1 done — composite IoU: 0.679

[staged] Phase 2 — backward pass  (8 iters × 5 robots, sigma=0.300)
[staged]   contributions before Phase 2:
[staged]     robot a: +0.121 IoU
[staged]     robot b: +0.109 IoU
[staged]     robot c: +0.074 IoU
[staged]     robot d: +0.043 IoU  ← low
[staged]     robot e: +0.030 IoU  ← low
[staged]   Ph2 robot e  zone 0  (uncovered: 13% of target)
    [parallel] 10 worker threads, one renderer clone each
    init sampling: best coverage score 28.0px of uncovered area  (4 samples)
[staged]   → robot e: IoU 0.679 → 0.681  ✓
    ↑ new global best IoU 0.681  [phase Ph2 robot e]
[staged]   Ph2 robot d  zone 3  (uncovered: 15% of target)
    [parallel] 10 worker threads, one renderer clone each
    init sampling: best coverage score 176.0px of uncovered area  (4 samples)
[staged]   → robot d: IoU 0.681 → 0.692  ✓
    ↑ new global best IoU 0.692  [phase Ph2 robot d]
[staged]   Ph2 robot c  zone 4  (uncovered: 16% of target)
    [parallel] 10 worker threads, one renderer clone each
    init sampling: best coverage score 319.0px of uncovered area  (4 samples)
[staged]   → robot c: candidate 0.690 < current 0.692  ✗ rejected
[staged]   Ph2 robot b  zone 1  (uncovered: 17% of target)
    [parallel] 10 worker threads, one renderer clone each
    init sampling: best coverage score 77.0px of uncovered area  (4 samples)
[staged]   → robot b: candidate 0.686 < current 0.692  ✗ rejected
[staged]   Ph2 robot a  zone 2  (uncovered: 35% of target)
    [parallel] 10 worker threads, one renderer clone each
    init sampling: best coverage score 427.0px of uncovered area  (4 samples)
[staged]   → robot a: candidate 0.668 < current 0.692  ✗ rejected
[staged] Phase 2 done — composite IoU: 0.692

[staged] Best snapshot: Phase 2  IoU=0.692
[staged] Manifold final pass — computing Jacobian  (ε=0.020, 60 renders)
[staged] Manifold basis: k=11D / 30D  (variance≥85%, top eigenvalues: ['215068.94', '197353.97', '125502.37', '91783.50', '84928.46'])
    ↑ new global best IoU 0.730  [manifold final pass]
[staged] Manifold done — IoU: 0.730  (Δ=+0.038)  ✓
[staged] FD refinement — 5 Adam steps  (300 renders, lr=0.01, ε=0.02)
    ↑ new global best IoU 0.743  [FD refinement]
[staged] FD done — IoU: 0.743  (Δ=+0.013)  ✓
[staged] Done — final IoU: 0.743  loss: 0.2584
[staged] Popsize: per-robot phases=32  final=32  (theory optimum for 6 DOF = 10)

[staged] Hungarian pre-assignment  (5×5 cost matrix, 8 samples/entry = 200 renders)...
[staged]   robot_a → zone 1  robot_b → zone 2  robot_c → zone 4  robot_d → zone 3  robot_e → zone 0

[staged] Phase 1 — forward greedy  (8 iters × 5 robot(s), sigma=0.40×1.00, popsize=32)
[staged]   Ph1 robot a  zone 1  (uncovered: 26% of target)
    voronoi warm-start: IoU 0.119 → 0.125 ✓
    [parallel] 10 worker threads, one renderer clone each
    init sampling: best coverage score 5.0px of uncovered area  (2 samples)
[staged]   → robot a: IoU 0.119 → 0.332  ✓
    ↑ new global best IoU 0.332  [phase Ph1 robot a]
[staged]   Ph1 robot b  zone 2  (uncovered: 10% of target)
    voronoi warm-start: IoU 0.332 → 0.412 ✓
    [parallel] 10 worker threads, one renderer clone each
    init sampling: best coverage score 66.0px of uncovered area  (2 samples)
[staged]   → robot b: IoU 0.332 → 0.484  ✓
    ↑ new global best IoU 0.484  [phase Ph1 robot b]
[staged]   Ph1 robot c  zone 4  (uncovered: 5% of target)
    voronoi warm-start: IoU 0.484 → 0.488 ✓
    [parallel] 10 worker threads, one renderer clone each
    init sampling: best coverage score 0.0px of uncovered area  (2 samples)
[staged]   → robot c: IoU 0.484 → 0.532  ✓
    ↑ new global best IoU 0.532  [phase Ph1 robot c]
[staged]   Ph1 robot d  zone 3  (uncovered: 1% of target)
    voronoi warm-start: IoU 0.500 ≤ 0.532, kept current
    [parallel] 10 worker threads, one renderer clone each
    init sampling: best coverage score 44.0px of uncovered area  (4 samples)
[staged]   → robot d: IoU 0.532 → 0.569  ✓
    ↑ new global best IoU 0.569  [phase Ph1 robot d]
[staged]   Ph1 robot e  zone 0  (uncovered: 3% of target)
    voronoi warm-start: IoU 0.560 ≤ 0.569, kept current
    [parallel] 10 worker threads, one renderer clone each
    init sampling: best coverage score 45.0px of uncovered area  (4 samples)
[staged]   → robot e: IoU 0.569 → 0.608  ✓
    ↑ new global best IoU 0.608  [phase Ph1 robot e]
[staged] Phase 1 done — composite IoU: 0.608

[staged] Phase 2 — backward pass  (8 iters × 5 robots, sigma=0.300)
[staged]   contributions before Phase 2:
[staged]     robot a: +0.130 IoU
[staged]     robot b: +0.079 IoU
[staged]     robot c: +0.053 IoU
[staged]     robot d: +0.046 IoU  ← low
[staged]     robot e: +0.039 IoU  ← low
[staged]   Ph2 robot e  zone 0  (uncovered: 16% of target)
    [parallel] 10 worker threads, one renderer clone each
    init sampling: best coverage score 51.0px of uncovered area  (4 samples)
[staged]   → robot e: candidate 0.603 < current 0.608  ✗ rejected
[staged]   Ph2 robot d  zone 3  (uncovered: 19% of target)
    [parallel] 10 worker threads, one renderer clone each
    init sampling: best coverage score 85.0px of uncovered area  (4 samples)
[staged]   → robot d: candidate 0.601 < current 0.608  ✗ rejected
[staged]   Ph2 robot c  zone 4  (uncovered: 18% of target)
    [parallel] 10 worker threads, one renderer clone each
    init sampling: best coverage score 62.0px of uncovered area  (4 samples)
[staged]   → robot c: candidate 0.600 < current 0.608  ✗ rejected
[staged]   Ph2 robot b  zone 2  (uncovered: 23% of target)
    [parallel] 10 worker threads, one renderer clone each
    init sampling: best coverage score 523.0px of uncovered area  (4 samples)
[staged]   → robot b: IoU 0.608 → 0.623  ✓
    ↑ new global best IoU 0.623  [phase Ph2 robot b]
[staged]   Ph2 robot a  zone 1  (uncovered: 30% of target)
    [parallel] 10 worker threads, one renderer clone each
    init sampling: best coverage score 276.0px of uncovered area  (4 samples)
[staged]   → robot a: IoU 0.623 → 0.667  ✓
    ↑ new global best IoU 0.667  [phase Ph2 robot a]
[staged] Phase 2 done — composite IoU: 0.667

[staged] Best snapshot: Phase 2  IoU=0.667
[staged] Manifold final pass — computing Jacobian  (ε=0.020, 60 renders)
[staged] Manifold basis: k=10D / 30D  (variance≥85%, top eigenvalues: ['250618.36', '200780.70', '153842.34', '146291.27', '105491.45'])
    ↑ new global best IoU 0.682  [manifold final pass]
[staged] Manifold done — IoU: 0.682  (Δ=+0.015)  ✓
[staged] FD refinement — 5 Adam steps  (300 renders, lr=0.01, ε=0.02)
    ↑ new global best IoU 0.699  [FD refinement]
[staged] FD done — IoU: 0.699  (Δ=+0.016)  ✓
[staged] Done — final IoU: 0.699  loss: 0.3026
[staged] Popsize: per-robot phases=32  final=32  (theory optimum for 6 DOF = 10)

[staged] Hungarian pre-assignment  (5×5 cost matrix, 8 samples/entry = 200 renders)...
[staged]   robot_a → zone 0  robot_b → zone 4  robot_c → zone 2  robot_d → zone 3  robot_e → zone 1

[staged] Phase 1 — forward greedy  (8 iters × 5 robot(s), sigma=0.40×1.00, popsize=32)
[staged]   Ph1 robot a  zone 0  (uncovered: 15% of target)
    voronoi warm-start: IoU 0.119 → 0.267 ✓
    [parallel] 10 worker threads, one renderer clone each
    init sampling: best coverage score 55.0px of uncovered area  (2 samples)
[staged]   → robot a: IoU 0.119 → 0.429  ✓
    ↑ new global best IoU 0.429  [phase Ph1 robot a]
[staged]   Ph1 robot b  zone 4  (uncovered: 1% of target)
    voronoi warm-start: IoU 0.399 ≤ 0.429, kept current
    [parallel] 10 worker threads, one renderer clone each
    init sampling: best coverage score 73.0px of uncovered area  (4 samples)
[staged]   → robot b: IoU 0.429 → 0.563  ✓
    ↑ new global best IoU 0.563  [phase Ph1 robot b]
[staged]   Ph1 robot c  zone 2  (uncovered: 5% of target)
    voronoi warm-start: IoU 0.546 ≤ 0.563, kept current
    [parallel] 10 worker threads, one renderer clone each
    init sampling: best coverage score 38.0px of uncovered area  (4 samples)
[staged]   → robot c: IoU 0.563 → 0.632  ✓
    ↑ new global best IoU 0.632  [phase Ph1 robot c]
[staged]   Ph1 robot d  zone 3  (uncovered: 5% of target)
    voronoi warm-start: IoU 0.630 ≤ 0.632, kept current
    [parallel] 10 worker threads, one renderer clone each
    init sampling: best coverage score 24.0px of uncovered area  (4 samples)
[staged]   → robot d: IoU 0.632 → 0.675  ✓
    ↑ new global best IoU 0.675  [phase Ph1 robot d]
[staged]   Ph1 robot e  zone 1  (uncovered: 1% of target)
    voronoi warm-start: IoU 0.675 → 0.677 ✓
    [parallel] 10 worker threads, one renderer clone each
    init sampling: best coverage score 0.0px of uncovered area  (2 samples)
[staged]   → robot e: IoU 0.675 → 0.698  ✓
    ↑ new global best IoU 0.698  [phase Ph1 robot e]
[staged] Phase 1 done — composite IoU: 0.698

[staged] Phase 2 — backward pass  (8 iters × 5 robots, sigma=0.300)
[staged]   contributions before Phase 2:
[staged]     robot a: +0.195 IoU
[staged]     robot b: +0.044 IoU  ← low
[staged]     robot c: +0.089 IoU
[staged]     robot d: +0.052 IoU
[staged]     robot e: +0.023 IoU  ← low
[staged]   Ph2 robot e  zone 1  (uncovered: 11% of target)
    [parallel] 10 worker threads, one renderer clone each
    init sampling: best coverage score 11.0px of uncovered area  (4 samples)
[staged]   → robot e: IoU 0.698 → 0.699  ✓
    ↑ new global best IoU 0.699  [phase Ph2 robot e]
[staged]   Ph2 robot d  zone 3  (uncovered: 16% of target)
    [parallel] 10 worker threads, one renderer clone each
    init sampling: best coverage score 121.0px of uncovered area  (4 samples)
[staged]   → robot d: candidate 0.683 < current 0.699  ✗ rejected
[staged]   Ph2 robot c  zone 2  (uncovered: 18% of target)
    [parallel] 10 worker threads, one renderer clone each
    init sampling: best coverage score 40.0px of uncovered area  (4 samples)
[staged]   → robot c: candidate 0.654 < current 0.699  ✗ rejected
[staged]   Ph2 robot b  zone 4  (uncovered: 19% of target)
    [parallel] 10 worker threads, one renderer clone each
    init sampling: best coverage score 294.0px of uncovered area  (4 samples)
[staged]   → robot b: candidate 0.685 < current 0.699  ✗ rejected
[staged]   Ph2 robot a  zone 0  (uncovered: 30% of target)
    [parallel] 10 worker threads, one renderer clone each
    init sampling: best coverage score 562.0px of uncovered area  (4 samples)
[staged]   → robot a: IoU 0.699 → 0.725  ✓
    ↑ new global best IoU 0.725  [phase Ph2 robot a]
[staged] Phase 2 done — composite IoU: 0.725

[staged] Best snapshot: Phase 2  IoU=0.725
[staged] Manifold final pass — computing Jacobian  (ε=0.020, 60 renders)
[staged] Manifold basis: k=10D / 30D  (variance≥85%, top eigenvalues: ['335048.66', '302359.25', '129199.79', '123828.96', '94733.08'])
    ↑ new global best IoU 0.730  [manifold final pass]
[staged] Manifold done — IoU: 0.730  (Δ=+0.005)  ✓
[staged] FD refinement — 5 Adam steps  (300 renders, lr=0.01, ε=0.02)
    ↑ new global best IoU 0.745  [FD refinement]
[staged] FD done — IoU: 0.745  (Δ=+0.014)  ✓
[staged] Done — final IoU: 0.745  loss: 0.2563
[shard 0] 10/10 digits/9_dejavusans-bold  best=0.745 mean=0.722±0.026  140s  eta 0.0h
[shard 0] DONE 10 targets in 0.39h
