[shard 0/1] 10 targets × 5 runs
[scene] so101 ×5: light_y=1.00 wall_y=-2.80 throw=3.80m table_len=0.80m | magnification 2.1x–3.8x
[shard 0] n_dof=30 arm_gap=0.2
[shard 0] variant=staged
[shard 0] wrote /home/souju/dev/umbra-bench-grounded/optimized/aimed-start-probe10/full-small-n5/BUDGET.md
[staged] Popsize: per-robot phases=32  final=32  (theory optimum for 6 DOF = 10)

[staged] Hungarian pre-assignment  (5×5 cost matrix, 8 samples/entry = 200 renders)...
[staged]   robot_a → zone 3  robot_b → zone 1  robot_c → zone 4  robot_d → zone 2  robot_e → zone 0

[staged] Phase 1 — forward greedy  (8 iters × 5 robot(s), sigma=0.40×1.00, popsize=32)
[staged]   Ph1 robot a  zone 3  (uncovered: 13% of target)
    voronoi warm-start: IoU 0.176 ≤ 0.208, kept current
    [parallel] 10 worker threads, one renderer clone each
    init sampling: best coverage score 469.0px of uncovered area  (16 samples)
[staged]   → robot a: IoU 0.208 → 0.490  ✓
    ↑ new global best IoU 0.490  [phase Ph1 robot a]
[staged]   Ph1 robot b  zone 1  (uncovered: 9% of target)
    voronoi warm-start: IoU 0.462 ≤ 0.490, kept current
    [parallel] 10 worker threads, one renderer clone each
    init sampling: best coverage score 112.0px of uncovered area  (16 samples)
[staged]   → robot b: IoU 0.490 → 0.566  ✓
    ↑ new global best IoU 0.566  [phase Ph1 robot b]
[staged]   Ph1 robot c  zone 4  (uncovered: 5% of target)
    voronoi warm-start: IoU 0.525 ≤ 0.566, kept current
    [parallel] 10 worker threads, one renderer clone each
    init sampling: best coverage score 50.0px of uncovered area  (16 samples)
[staged]   → robot c: IoU 0.566 → 0.618  ✓
    ↑ new global best IoU 0.618  [phase Ph1 robot c]
[staged]   Ph1 robot d  zone 2  (uncovered: 4% of target)
    voronoi warm-start: IoU 0.618 → 0.629 ✓
    [parallel] 10 worker threads, one renderer clone each
    init sampling: best coverage score 8.0px of uncovered area  (8 samples)
[staged]   → robot d: IoU 0.618 → 0.647  ✓
    ↑ new global best IoU 0.647  [phase Ph1 robot d]
[staged]   Ph1 robot e  zone 0  (uncovered: 5% of target)
    voronoi warm-start: IoU 0.629 ≤ 0.647, kept current
    [parallel] 10 worker threads, one renderer clone each
    init sampling: best coverage score 221.0px of uncovered area  (16 samples)
[staged]   → robot e: IoU 0.647 → 0.684  ✓
    ↑ new global best IoU 0.684  [phase Ph1 robot e]
[staged] Phase 1 done — composite IoU: 0.684

[staged] Phase 2 — backward pass  (8 iters × 5 robots, sigma=0.300)
[staged]   contributions before Phase 2:
[staged]     robot a: +0.128 IoU
[staged]     robot b: +0.103 IoU
[staged]     robot c: +0.062 IoU
[staged]     robot d: +0.043 IoU  ← low
[staged]     robot e: +0.037 IoU  ← low
[staged]   Ph2 robot e  zone 0  (uncovered: 21% of target)
    [parallel] 10 worker threads, one renderer clone each
    init sampling: best coverage score 230.0px of uncovered area  (16 samples)
[staged]   → robot e: IoU 0.684 → 0.703  ✓
    ↑ new global best IoU 0.703  [phase Ph2 robot e]
[staged]   Ph2 robot d  zone 2  (uncovered: 19% of target)
    [parallel] 10 worker threads, one renderer clone each
    init sampling: best coverage score 124.0px of uncovered area  (16 samples)
[staged]   → robot d: candidate 0.689 < current 0.703  ✗ rejected
[staged]   Ph2 robot c  zone 4  (uncovered: 22% of target)
    [parallel] 10 worker threads, one renderer clone each
    init sampling: best coverage score 115.0px of uncovered area  (16 samples)
[staged]   → robot c: candidate 0.699 < current 0.703  ✗ rejected
[staged]   Ph2 robot b  zone 1  (uncovered: 27% of target)
    [parallel] 10 worker threads, one renderer clone each
    init sampling: best coverage score 371.0px of uncovered area  (16 samples)
[staged]   → robot b: candidate 0.662 < current 0.703  ✗ rejected
[staged]   Ph2 robot a  zone 3  (uncovered: 32% of target)
    [parallel] 10 worker threads, one renderer clone each
    init sampling: best coverage score 666.0px of uncovered area  (16 samples)
[staged]   → robot a: IoU 0.703 → 0.714  ✓
    ↑ new global best IoU 0.714  [phase Ph2 robot a]
[staged] Phase 2 done — composite IoU: 0.714

[staged] Best snapshot: Phase 2  IoU=0.714
[staged] Manifold final pass — computing Jacobian  (ε=0.020, 60 renders)
[staged] Manifold basis: k=10D / 30D  (variance≥85%, top eigenvalues: ['331907.53', '176120.38', '138447.77', '76647.78', '73273.75'])
[staged] Manifold did not improve (0.706 vs 0.714), keeping best snapshot
[staged] FD refinement — 5 Adam steps  (300 renders, lr=0.01, ε=0.02)
    ↑ new global best IoU 0.724  [FD refinement]
[staged] FD done — IoU: 0.724  (Δ=+0.010)  ✓
[staged] Done — final IoU: 0.724  loss: 0.2770
[staged] Popsize: per-robot phases=32  final=32  (theory optimum for 6 DOF = 10)

[staged] Hungarian pre-assignment  (5×5 cost matrix, 8 samples/entry = 200 renders)...
[staged]   robot_a → zone 0  robot_b → zone 1  robot_c → zone 3  robot_d → zone 4  robot_e → zone 2

[staged] Phase 1 — forward greedy  (8 iters × 5 robot(s), sigma=0.40×1.00, popsize=32)
[staged]   Ph1 robot a  zone 0  (uncovered: 14% of target)
    voronoi warm-start: IoU 0.176 ≤ 0.208, kept current
    [parallel] 10 worker threads, one renderer clone each
    init sampling: best coverage score 335.0px of uncovered area  (16 samples)
[staged]   → robot a: IoU 0.208 → 0.444  ✓
    ↑ new global best IoU 0.444  [phase Ph1 robot a]
[staged]   Ph1 robot b  zone 1  (uncovered: 8% of target)
    voronoi warm-start: IoU 0.385 ≤ 0.444, kept current
    [parallel] 10 worker threads, one renderer clone each
    init sampling: best coverage score 315.0px of uncovered area  (16 samples)
[staged]   → robot b: IoU 0.444 → 0.548  ✓
    ↑ new global best IoU 0.548  [phase Ph1 robot b]
[staged]   Ph1 robot c  zone 3  (uncovered: 6% of target)
    voronoi warm-start: IoU 0.548 → 0.561 ✓
    [parallel] 10 worker threads, one renderer clone each
    init sampling: best coverage score 209.0px of uncovered area  (8 samples)
[staged]   → robot c: IoU 0.548 → 0.622  ✓
    ↑ new global best IoU 0.622  [phase Ph1 robot c]
[staged]   Ph1 robot d  zone 4  (uncovered: 8% of target)
    voronoi warm-start: IoU 0.622 → 0.628 ✓
    [parallel] 10 worker threads, one renderer clone each
    init sampling: best coverage score 29.0px of uncovered area  (8 samples)
[staged]   → robot d: IoU 0.622 → 0.636  ✓
    ↑ new global best IoU 0.636  [phase Ph1 robot d]
[staged]   Ph1 robot e  zone 2  (uncovered: 3% of target)
    voronoi warm-start: IoU 0.614 ≤ 0.636, kept current
    [parallel] 10 worker threads, one renderer clone each
    init sampling: best coverage score 119.0px of uncovered area  (16 samples)
[staged]   → robot e: IoU 0.636 → 0.673  ✓
    ↑ new global best IoU 0.673  [phase Ph1 robot e]
[staged] Phase 1 done — composite IoU: 0.673

[staged] Phase 2 — backward pass  (8 iters × 5 robots, sigma=0.300)
[staged]   contributions before Phase 2:
[staged]     robot a: +0.132 IoU
[staged]     robot b: +0.109 IoU
[staged]     robot c: +0.082 IoU
[staged]     robot d: +0.027 IoU  ← low
[staged]     robot e: +0.037 IoU  ← low
[staged]   Ph2 robot e  zone 2  (uncovered: 25% of target)
    [parallel] 10 worker threads, one renderer clone each
    init sampling: best coverage score 143.0px of uncovered area  (16 samples)
[staged]   → robot e: candidate 0.661 < current 0.673  ✗ rejected
[staged]   Ph2 robot d  zone 4  (uncovered: 23% of target)
    [parallel] 10 worker threads, one renderer clone each
    init sampling: best coverage score 69.0px of uncovered area  (16 samples)
[staged]   → robot d: IoU 0.673 → 0.683  ✓
    ↑ new global best IoU 0.683  [phase Ph2 robot d]
[staged]   Ph2 robot c  zone 3  (uncovered: 30% of target)
    [parallel] 10 worker threads, one renderer clone each
    init sampling: best coverage score 196.0px of uncovered area  (16 samples)
[staged]   → robot c: candidate 0.675 < current 0.683  ✗ rejected
[staged]   Ph2 robot b  zone 1  (uncovered: 32% of target)
    [parallel] 10 worker threads, one renderer clone each
    init sampling: best coverage score 458.0px of uncovered area  (16 samples)
[staged]   → robot b: candidate 0.657 < current 0.683  ✗ rejected
[staged]   Ph2 robot a  zone 0  (uncovered: 34% of target)
    [parallel] 10 worker threads, one renderer clone each
    init sampling: best coverage score 677.0px of uncovered area  (16 samples)
[staged]   → robot a: candidate 0.669 < current 0.683  ✗ rejected
[staged] Phase 2 done — composite IoU: 0.683

[staged] Best snapshot: Phase 2  IoU=0.683
[staged] Manifold final pass — computing Jacobian  (ε=0.020, 60 renders)
[staged] Manifold basis: k=10D / 30D  (variance≥85%, top eigenvalues: ['187049.59', '173394.83', '99093.48', '74223.90', '47344.29'])
[staged] Manifold did not improve (0.675 vs 0.683), keeping best snapshot
[staged] FD refinement — 5 Adam steps  (300 renders, lr=0.01, ε=0.02)
    ↑ new global best IoU 0.696  [FD refinement]
[staged] FD done — IoU: 0.696  (Δ=+0.013)  ✓
[staged] Done — final IoU: 0.696  loss: 0.3049
[staged] Popsize: per-robot phases=32  final=32  (theory optimum for 6 DOF = 10)

[staged] Hungarian pre-assignment  (5×5 cost matrix, 8 samples/entry = 200 renders)...
[staged]   robot_a → zone 1  robot_b → zone 2  robot_c → zone 0  robot_d → zone 4  robot_e → zone 3

[staged] Phase 1 — forward greedy  (8 iters × 5 robot(s), sigma=0.40×1.00, popsize=32)
[staged]   Ph1 robot a  zone 1  (uncovered: 17% of target)
    voronoi warm-start: IoU 0.208 → 0.397 ✓
    [parallel] 10 worker threads, one renderer clone each
    init sampling: best coverage score 103.0px of uncovered area  (8 samples)
[staged]   → robot a: IoU 0.208 → 0.513  ✓
    ↑ new global best IoU 0.513  [phase Ph1 robot a]
[staged]   Ph1 robot b  zone 2  (uncovered: 13% of target)
    voronoi warm-start: IoU 0.511 ≤ 0.513, kept current
    [parallel] 10 worker threads, one renderer clone each
    init sampling: best coverage score 274.0px of uncovered area  (16 samples)
[staged]   → robot b: IoU 0.513 → 0.602  ✓
    ↑ new global best IoU 0.602  [phase Ph1 robot b]
[staged]   Ph1 robot c  zone 0  (uncovered: 2% of target)
    voronoi warm-start: IoU 0.563 ≤ 0.602, kept current
    [parallel] 10 worker threads, one renderer clone each
    init sampling: best coverage score 55.0px of uncovered area  (16 samples)
[staged]   → robot c: IoU 0.602 → 0.650  ✓
    ↑ new global best IoU 0.650  [phase Ph1 robot c]
[staged]   Ph1 robot d  zone 4  (uncovered: 2% of target)
    voronoi warm-start: IoU 0.614 ≤ 0.650, kept current
    [parallel] 10 worker threads, one renderer clone each
    init sampling: best coverage score 45.0px of uncovered area  (16 samples)
[staged]   → robot d: IoU 0.650 → 0.666  ✓
    ↑ new global best IoU 0.666  [phase Ph1 robot d]
[staged]   Ph1 robot e  zone 3  (uncovered: 2% of target)
    voronoi warm-start: IoU 0.666 → 0.673 ✓
    [parallel] 10 worker threads, one renderer clone each
    init sampling: best coverage score 0.0px of uncovered area  (8 samples)
[staged]   → robot e: IoU 0.666 → 0.695  ✓
    ↑ new global best IoU 0.695  [phase Ph1 robot e]
[staged] Phase 1 done — composite IoU: 0.695

[staged] Phase 2 — backward pass  (8 iters × 5 robots, sigma=0.300)
[staged]   contributions before Phase 2:
[staged]     robot a: +0.118 IoU
[staged]     robot b: +0.079 IoU
[staged]     robot c: +0.032 IoU  ← low
[staged]     robot d: +0.032 IoU  ← low
[staged]     robot e: +0.029 IoU  ← low
[staged]   Ph2 robot e  zone 3  (uncovered: 17% of target)
    [parallel] 10 worker threads, one renderer clone each
    init sampling: best coverage score 172.0px of uncovered area  (16 samples)
[staged]   → robot e: IoU 0.695 → 0.702  ✓
    ↑ new global best IoU 0.702  [phase Ph2 robot e]
[staged]   Ph2 robot d  zone 4  (uncovered: 15% of target)
    [parallel] 10 worker threads, one renderer clone each
    init sampling: best coverage score 94.0px of uncovered area  (16 samples)
[staged]   → robot d: IoU 0.702 → 0.722  ✓
    ↑ new global best IoU 0.722  [phase Ph2 robot d]
[staged]   Ph2 robot c  zone 0  (uncovered: 11% of target)
    [parallel] 10 worker threads, one renderer clone each
    init sampling: best coverage score 130.0px of uncovered area  (16 samples)
[staged]   → robot c: IoU 0.722 → 0.725  ✓
    ↑ new global best IoU 0.725  [phase Ph2 robot c]
[staged]   Ph2 robot b  zone 2  (uncovered: 18% of target)
    [parallel] 10 worker threads, one renderer clone each
    init sampling: best coverage score 285.0px of uncovered area  (16 samples)
[staged]   → robot b: IoU 0.725 → 0.732  ✓
    ↑ new global best IoU 0.732  [phase Ph2 robot b]
[staged]   Ph2 robot a  zone 1  (uncovered: 40% of target)
    [parallel] 10 worker threads, one renderer clone each
    init sampling: best coverage score 1058.0px of uncovered area  (16 samples)
[staged]   → robot a: IoU 0.732 → 0.749  ✓
    ↑ new global best IoU 0.749  [phase Ph2 robot a]
[staged] Phase 2 done — composite IoU: 0.749

[staged] Best snapshot: Phase 2  IoU=0.749
[staged] Manifold final pass — computing Jacobian  (ε=0.020, 60 renders)
[staged] Manifold basis: k=8D / 30D  (variance≥85%, top eigenvalues: ['448168.88', '166654.06', '80000.91', '69082.21', '55711.14'])
    ↑ new global best IoU 0.766  [manifold final pass]
[staged] Manifold done — IoU: 0.766  (Δ=+0.017)  ✓
[staged] FD refinement — 5 Adam steps  (300 renders, lr=0.01, ε=0.02)
    ↑ new global best IoU 0.775  [FD refinement]
[staged] FD done — IoU: 0.775  (Δ=+0.009)  ✓
[staged] Done — final IoU: 0.775  loss: 0.2253
[staged] Popsize: per-robot phases=32  final=32  (theory optimum for 6 DOF = 10)

[staged] Hungarian pre-assignment  (5×5 cost matrix, 8 samples/entry = 200 renders)...
[staged]   robot_a → zone 2  robot_b → zone 3  robot_c → zone 4  robot_d → zone 1  robot_e → zone 0

[staged] Phase 1 — forward greedy  (8 iters × 5 robot(s), sigma=0.40×1.00, popsize=32)
[staged]   Ph1 robot a  zone 2  (uncovered: 20% of target)
    voronoi warm-start: IoU 0.208 → 0.393 ✓
    [parallel] 10 worker threads, one renderer clone each
    init sampling: best coverage score 601.0px of uncovered area  (8 samples)
[staged]   → robot a: IoU 0.208 → 0.437  ✓
    ↑ new global best IoU 0.437  [phase Ph1 robot a]
[staged]   Ph1 robot b  zone 3  (uncovered: 10% of target)
    voronoi warm-start: IoU 0.410 ≤ 0.437, kept current
    [parallel] 10 worker threads, one renderer clone each
    init sampling: best coverage score 228.0px of uncovered area  (16 samples)
[staged]   → robot b: IoU 0.437 → 0.513  ✓
    ↑ new global best IoU 0.513  [phase Ph1 robot b]
[staged]   Ph1 robot c  zone 4  (uncovered: 3% of target)
    voronoi warm-start: IoU 0.506 ≤ 0.513, kept current
    [parallel] 10 worker threads, one renderer clone each
    init sampling: best coverage score 100.0px of uncovered area  (16 samples)
[staged]   → robot c: IoU 0.513 → 0.575  ✓
    ↑ new global best IoU 0.575  [phase Ph1 robot c]
[staged]   Ph1 robot d  zone 1  (uncovered: 5% of target)
    voronoi warm-start: IoU 0.550 ≤ 0.575, kept current
    [parallel] 10 worker threads, one renderer clone each
    init sampling: best coverage score 128.0px of uncovered area  (16 samples)
[staged]   → robot d: IoU 0.575 → 0.600  ✓
    ↑ new global best IoU 0.600  [phase Ph1 robot d]
[staged]   Ph1 robot e  zone 0  (uncovered: 3% of target)
    voronoi warm-start: IoU 0.587 ≤ 0.600, kept current
    [parallel] 10 worker threads, one renderer clone each
    init sampling: best coverage score 73.0px of uncovered area  (16 samples)
[staged]   → robot e: IoU 0.600 → 0.632  ✓
    ↑ new global best IoU 0.632  [phase Ph1 robot e]
[staged] Phase 1 done — composite IoU: 0.632

[staged] Phase 2 — backward pass  (8 iters × 5 robots, sigma=0.300)
[staged]   contributions before Phase 2:
[staged]     robot a: +0.042 IoU  ← low
[staged]     robot b: +0.026 IoU  ← low
[staged]     robot c: +0.074 IoU
[staged]     robot d: +0.038 IoU  ← low
[staged]     robot e: +0.032 IoU  ← low
[staged]   Ph2 robot e  zone 0  (uncovered: 24% of target)
    [parallel] 10 worker threads, one renderer clone each
    init sampling: best coverage score 219.0px of uncovered area  (16 samples)
[staged]   → robot e: IoU 0.632 → 0.633  ✓
    ↑ new global best IoU 0.633  [phase Ph2 robot e]
[staged]   Ph2 robot d  zone 1  (uncovered: 28% of target)
    [parallel] 10 worker threads, one renderer clone each
    init sampling: best coverage score 126.0px of uncovered area  (16 samples)
[staged]   → robot d: IoU 0.633 → 0.635  ✓
    ↑ new global best IoU 0.635  [phase Ph2 robot d]
[staged]   Ph2 robot c  zone 4  (uncovered: 32% of target)
    [parallel] 10 worker threads, one renderer clone each
    init sampling: best coverage score 350.0px of uncovered area  (16 samples)
[staged]   → robot c: IoU 0.635 → 0.637  ✓
    ↑ new global best IoU 0.637  [phase Ph2 robot c]
[staged]   Ph2 robot b  zone 3  (uncovered: 34% of target)
    [parallel] 10 worker threads, one renderer clone each
    init sampling: best coverage score 493.0px of uncovered area  (16 samples)
[staged]   → robot b: IoU 0.637 → 0.637  ✓
    ↑ new global best IoU 0.637  [phase Ph2 robot b]
[staged]   Ph2 robot a  zone 2  (uncovered: 37% of target)
    [parallel] 10 worker threads, one renderer clone each
    init sampling: best coverage score 509.0px of uncovered area  (16 samples)
[staged]   → robot a: IoU 0.637 → 0.640  ✓
    ↑ new global best IoU 0.640  [phase Ph2 robot a]
[staged] Phase 2 done — composite IoU: 0.640

[staged] Best snapshot: Phase 2  IoU=0.640
[staged] Manifold final pass — computing Jacobian  (ε=0.020, 60 renders)
[staged] Manifold basis: k=7D / 30D  (variance≥85%, top eigenvalues: ['623786.31', '174422.53', '126663.23', '75820.81', '55670.49'])
[staged] Manifold done — IoU: 0.640  (Δ=-0.000)  ✓
[staged] FD refinement — 5 Adam steps  (300 renders, lr=0.01, ε=0.02)
    ↑ new global best IoU 0.653  [FD refinement]
[staged] FD done — IoU: 0.653  (Δ=+0.012)  ✓
[staged] Done — final IoU: 0.653  loss: 0.3483
[staged] Popsize: per-robot phases=32  final=32  (theory optimum for 6 DOF = 10)

[staged] Hungarian pre-assignment  (5×5 cost matrix, 8 samples/entry = 200 renders)...
[staged]   robot_a → zone 3  robot_b → zone 4  robot_c → zone 1  robot_d → zone 2  robot_e → zone 0

[staged] Phase 1 — forward greedy  (8 iters × 5 robot(s), sigma=0.40×1.00, popsize=32)
[staged]   Ph1 robot a  zone 3  (uncovered: 26% of target)
    voronoi warm-start: IoU 0.208 → 0.386 ✓
    [parallel] 10 worker threads, one renderer clone each
    init sampling: best coverage score 674.0px of uncovered area  (8 samples)
[staged]   → robot a: IoU 0.208 → 0.445  ✓
    ↑ new global best IoU 0.445  [phase Ph1 robot a]
[staged]   Ph1 robot b  zone 4  (uncovered: 13% of target)
    voronoi warm-start: IoU 0.444 ≤ 0.445, kept current
    [parallel] 10 worker threads, one renderer clone each
    init sampling: best coverage score 303.0px of uncovered area  (16 samples)
[staged]   → robot b: candidate 0.437 < current 0.445  ✗ rejected
[staged]   Ph1 robot c  zone 1  (uncovered: 4% of target)
    voronoi warm-start: IoU 0.424 ≤ 0.445, kept current
    [parallel] 10 worker threads, one renderer clone each
    init sampling: best coverage score 127.0px of uncovered area  (16 samples)
[staged]   → robot c: IoU 0.445 → 0.530  ✓
    ↑ new global best IoU 0.530  [phase Ph1 robot c]
[staged]   Ph1 robot d  zone 2  (uncovered: 8% of target)
    voronoi warm-start: IoU 0.530 → 0.531 ✓
    [parallel] 10 worker threads, one renderer clone each
    init sampling: best coverage score 20.0px of uncovered area  (8 samples)
[staged]   → robot d: IoU 0.530 → 0.577  ✓
    ↑ new global best IoU 0.577  [phase Ph1 robot d]
[staged]   Ph1 robot e  zone 0  (uncovered: 7% of target)
    voronoi warm-start: IoU 0.575 ≤ 0.577, kept current
    [parallel] 10 worker threads, one renderer clone each
    init sampling: best coverage score 150.0px of uncovered area  (16 samples)
[staged]   → robot e: IoU 0.577 → 0.607  ✓
    ↑ new global best IoU 0.607  [phase Ph1 robot e]
[staged] Phase 1 done — composite IoU: 0.607

[staged] Phase 2 — backward pass  (8 iters × 5 robots, sigma=0.300)
[staged]   contributions before Phase 2:
[staged]     robot a: +0.140 IoU
[staged]     robot b: +0.000 IoU  ← low
[staged]     robot c: +0.088 IoU
[staged]     robot d: +0.057 IoU
[staged]     robot e: +0.030 IoU  ← low
[staged]   Ph2 robot e  zone 0  (uncovered: 26% of target)
    [parallel] 10 worker threads, one renderer clone each
    init sampling: best coverage score 378.0px of uncovered area  (16 samples)
[staged]   → robot e: IoU 0.607 → 0.629  ✓
    ↑ new global best IoU 0.629  [phase Ph2 robot e]
[staged]   Ph2 robot d  zone 2  (uncovered: 28% of target)
    [parallel] 10 worker threads, one renderer clone each
    init sampling: best coverage score 297.0px of uncovered area  (16 samples)
[staged]   → robot d: candidate 0.623 < current 0.629  ✗ rejected
[staged]   Ph2 robot c  zone 1  (uncovered: 32% of target)
    [parallel] 10 worker threads, one renderer clone each
    init sampling: best coverage score 399.0px of uncovered area  (16 samples)
[staged]   → robot c: candidate 0.614 < current 0.629  ✗ rejected
[staged]   Ph2 robot b  zone 4  (uncovered: 22% of target)
    [parallel] 10 worker threads, one renderer clone each
    init sampling: best coverage score 352.0px of uncovered area  (16 samples)
[staged]   → robot b: IoU 0.629 → 0.686  ✓
    ↑ new global best IoU 0.686  [phase Ph2 robot b]
[staged]   Ph2 robot a  zone 3  (uncovered: 36% of target)
    [parallel] 10 worker threads, one renderer clone each
    init sampling: best coverage score 1302.0px of uncovered area  (16 samples)
[staged]   → robot a: IoU 0.686 → 0.708  ✓
    ↑ new global best IoU 0.708  [phase Ph2 robot a]
[staged] Phase 2 done — composite IoU: 0.708

[staged] Best snapshot: Phase 2  IoU=0.708
[staged] Manifold final pass — computing Jacobian  (ε=0.020, 60 renders)
[staged] Manifold basis: k=10D / 30D  (variance≥85%, top eigenvalues: ['501085.56', '352192.59', '327269.25', '167023.38', '93360.37'])
    ↑ new global best IoU 0.711  [manifold final pass]
[staged] Manifold done — IoU: 0.711  (Δ=+0.003)  ✓
[staged] FD refinement — 5 Adam steps  (300 renders, lr=0.01, ε=0.02)
    ↑ new global best IoU 0.730  [FD refinement]
[staged] FD done — IoU: 0.730  (Δ=+0.019)  ✓
[staged] Done — final IoU: 0.730  loss: 0.2719
[shard 0] 1/10 letters_upper/E_dejavusans-bold  best=0.775 mean=0.715±0.040  142s  eta 0.4h
[staged] Popsize: per-robot phases=32  final=32  (theory optimum for 6 DOF = 10)

[staged] Hungarian pre-assignment  (5×5 cost matrix, 8 samples/entry = 200 renders)...
[staged]   robot_a → zone 3  robot_b → zone 4  robot_c → zone 1  robot_d → zone 0  robot_e → zone 2

[staged] Phase 1 — forward greedy  (8 iters × 5 robot(s), sigma=0.40×1.00, popsize=32)
[staged]   Ph1 robot a  zone 3  (uncovered: 17% of target)
    voronoi warm-start: IoU 0.195 → 0.200 ✓
    [parallel] 10 worker threads, one renderer clone each
    init sampling: best coverage score 252.0px of uncovered area  (8 samples)
[staged]   → robot a: IoU 0.195 → 0.432  ✓
    ↑ new global best IoU 0.432  [phase Ph1 robot a]
[staged]   Ph1 robot b  zone 4  (uncovered: 16% of target)
    voronoi warm-start: IoU 0.381 ≤ 0.432, kept current
    [parallel] 10 worker threads, one renderer clone each
    init sampling: best coverage score 500.0px of uncovered area  (16 samples)
[staged]   → robot b: IoU 0.432 → 0.537  ✓
    ↑ new global best IoU 0.537  [phase Ph1 robot b]
[staged]   Ph1 robot c  zone 1  (uncovered: 5% of target)
    voronoi warm-start: IoU 0.515 ≤ 0.537, kept current
    [parallel] 10 worker threads, one renderer clone each
    init sampling: best coverage score 138.0px of uncovered area  (16 samples)
[staged]   → robot c: IoU 0.537 → 0.554  ✓
    ↑ new global best IoU 0.554  [phase Ph1 robot c]
[staged]   Ph1 robot d  zone 0  (uncovered: 3% of target)
    voronoi warm-start: IoU 0.520 ≤ 0.554, kept current
    [parallel] 10 worker threads, one renderer clone each
    init sampling: best coverage score 65.0px of uncovered area  (16 samples)
[staged]   → robot d: IoU 0.554 → 0.602  ✓
    ↑ new global best IoU 0.602  [phase Ph1 robot d]
[staged]   Ph1 robot e  zone 2  (uncovered: 10% of target)
    voronoi warm-start: IoU 0.591 ≤ 0.602, kept current
    [parallel] 10 worker threads, one renderer clone each
    init sampling: best coverage score 101.0px of uncovered area  (16 samples)
[staged]   → robot e: IoU 0.602 → 0.649  ✓
    ↑ new global best IoU 0.649  [phase Ph1 robot e]
[staged] Phase 1 done — composite IoU: 0.649

[staged] Phase 2 — backward pass  (8 iters × 5 robots, sigma=0.300)
[staged]   contributions before Phase 2:
[staged]     robot a: +0.191 IoU
[staged]     robot b: +0.107 IoU
[staged]     robot c: +0.039 IoU  ← low
[staged]     robot d: +0.069 IoU
[staged]     robot e: +0.047 IoU  ← low
[staged]   Ph2 robot e  zone 2  (uncovered: 19% of target)
    [parallel] 10 worker threads, one renderer clone each
    init sampling: best coverage score 107.0px of uncovered area  (16 samples)
[staged]   → robot e: candidate 0.635 < current 0.649  ✗ rejected
[staged]   Ph2 robot d  zone 0  (uncovered: 21% of target)
    [parallel] 10 worker threads, one renderer clone each
    init sampling: best coverage score 73.0px of uncovered area  (16 samples)
[staged]   → robot d: candidate 0.614 < current 0.649  ✗ rejected
[staged]   Ph2 robot c  zone 1  (uncovered: 17% of target)
    [parallel] 10 worker threads, one renderer clone each
    init sampling: best coverage score 218.0px of uncovered area  (16 samples)
[staged]   → robot c: IoU 0.649 → 0.663  ✓
    ↑ new global best IoU 0.663  [phase Ph2 robot c]
[staged]   Ph2 robot b  zone 4  (uncovered: 28% of target)
    [parallel] 10 worker threads, one renderer clone each
    init sampling: best coverage score 413.0px of uncovered area  (16 samples)
[staged]   → robot b: candidate 0.633 < current 0.663  ✗ rejected
[staged]   Ph2 robot a  zone 3  (uncovered: 40% of target)
    [parallel] 10 worker threads, one renderer clone each
    init sampling: best coverage score 377.0px of uncovered area  (16 samples)
[staged]   → robot a: candidate 0.529 < current 0.663  ✗ rejected
[staged] Phase 2 done — composite IoU: 0.663

[staged] Best snapshot: Phase 2  IoU=0.663
[staged] Manifold final pass — computing Jacobian  (ε=0.020, 60 renders)
[staged] Manifold basis: k=11D / 30D  (variance≥85%, top eigenvalues: ['237571.56', '219449.00', '173457.92', '151472.00', '79994.62'])
[staged] Manifold did not improve (0.662 vs 0.663), keeping best snapshot
[staged] FD refinement — 5 Adam steps  (300 renders, lr=0.01, ε=0.02)
    ↑ new global best IoU 0.683  [FD refinement]
[staged] FD done — IoU: 0.683  (Δ=+0.020)  ✓
[staged] Done — final IoU: 0.683  loss: 0.3193
[staged] Popsize: per-robot phases=32  final=32  (theory optimum for 6 DOF = 10)

[staged] Hungarian pre-assignment  (5×5 cost matrix, 8 samples/entry = 200 renders)...
[staged]   robot_a → zone 0  robot_b → zone 4  robot_c → zone 1  robot_d → zone 2  robot_e → zone 3

[staged] Phase 1 — forward greedy  (8 iters × 5 robot(s), sigma=0.40×1.00, popsize=32)
[staged]   Ph1 robot a  zone 0  (uncovered: 23% of target)
    voronoi warm-start: IoU 0.195 → 0.197 ✓
    [parallel] 10 worker threads, one renderer clone each
    init sampling: best coverage score 0.0px of uncovered area  (8 samples)
[staged]   → robot a: IoU 0.195 → 0.329  ✓
    ↑ new global best IoU 0.329  [phase Ph1 robot a]
[staged]   Ph1 robot b  zone 4  (uncovered: 3% of target)
    voronoi warm-start: IoU 0.314 ≤ 0.329, kept current
    [parallel] 10 worker threads, one renderer clone each
    init sampling: best coverage score 105.0px of uncovered area  (16 samples)
[staged]   → robot b: IoU 0.329 → 0.491  ✓
    ↑ new global best IoU 0.491  [phase Ph1 robot b]
[staged]   Ph1 robot c  zone 1  (uncovered: 0% of target)
    voronoi warm-start: IoU 0.478 ≤ 0.491, kept current
    [parallel] 10 worker threads, one renderer clone each
    init sampling: best coverage score 10.0px of uncovered area  (16 samples)
[staged]   → robot c: IoU 0.491 → 0.512  ✓
    ↑ new global best IoU 0.512  [phase Ph1 robot c]
[staged]   Ph1 robot d  zone 2  (uncovered: 25% of target)
    voronoi warm-start: IoU 0.507 ≤ 0.512, kept current
    [parallel] 10 worker threads, one renderer clone each
    init sampling: best coverage score 266.0px of uncovered area  (16 samples)
[staged]   → robot d: IoU 0.512 → 0.557  ✓
    ↑ new global best IoU 0.557  [phase Ph1 robot d]
[staged]   Ph1 robot e  zone 3  (uncovered: 5% of target)
    voronoi warm-start: IoU 0.555 ≤ 0.557, kept current
    [parallel] 10 worker threads, one renderer clone each
    init sampling: best coverage score 81.0px of uncovered area  (16 samples)
[staged]   → robot e: IoU 0.557 → 0.588  ✓
    ↑ new global best IoU 0.588  [phase Ph1 robot e]
[staged] Phase 1 done — composite IoU: 0.588

[staged] Phase 2 — backward pass  (8 iters × 5 robots, sigma=0.300)
[staged]   contributions before Phase 2:
[staged]     robot a: +0.128 IoU
[staged]     robot b: +0.110 IoU
[staged]     robot c: +0.029 IoU  ← low
[staged]     robot d: +0.041 IoU  ← low
[staged]     robot e: +0.031 IoU  ← low
[staged]   Ph2 robot e  zone 3  (uncovered: 15% of target)
    [parallel] 10 worker threads, one renderer clone each
    init sampling: best coverage score 27.0px of uncovered area  (16 samples)
[staged]   → robot e: candidate 0.584 < current 0.588  ✗ rejected
[staged]   Ph2 robot d  zone 2  (uncovered: 19% of target)
    [parallel] 10 worker threads, one renderer clone each
    init sampling: best coverage score 144.0px of uncovered area  (16 samples)
[staged]   → robot d: candidate 0.581 < current 0.588  ✗ rejected
[staged]   Ph2 robot c  zone 1  (uncovered: 16% of target)
    [parallel] 10 worker threads, one renderer clone each
    init sampling: best coverage score 106.0px of uncovered area  (16 samples)
[staged]   → robot c: candidate 0.587 < current 0.588  ✗ rejected
[staged]   Ph2 robot b  zone 4  (uncovered: 28% of target)
    [parallel] 10 worker threads, one renderer clone each
    init sampling: best coverage score 324.0px of uncovered area  (16 samples)
[staged]   → robot b: candidate 0.564 < current 0.588  ✗ rejected
[staged]   Ph2 robot a  zone 0  (uncovered: 33% of target)
    [parallel] 10 worker threads, one renderer clone each
    init sampling: best coverage score 534.0px of uncovered area  (16 samples)
[staged]   → robot a: candidate 0.562 < current 0.588  ✗ rejected
[staged] Phase 2 done — composite IoU: 0.588

[staged] Best snapshot: Phase 1  IoU=0.588
[staged] Manifold final pass — computing Jacobian  (ε=0.020, 60 renders)
[staged] Manifold basis: k=10D / 30D  (variance≥85%, top eigenvalues: ['355943.03', '353857.12', '177031.50', '116689.34', '106540.20'])
    ↑ new global best IoU 0.618  [manifold final pass]
[staged] Manifold done — IoU: 0.618  (Δ=+0.030)  ✓
[staged] FD refinement — 5 Adam steps  (300 renders, lr=0.01, ε=0.02)
    ↑ new global best IoU 0.632  [FD refinement]
[staged] FD done — IoU: 0.632  (Δ=+0.014)  ✓
[staged] Done — final IoU: 0.632  loss: 0.3714
[staged] Popsize: per-robot phases=32  final=32  (theory optimum for 6 DOF = 10)

[staged] Hungarian pre-assignment  (5×5 cost matrix, 8 samples/entry = 200 renders)...
[staged]   robot_a → zone 2  robot_b → zone 4  robot_c → zone 0  robot_d → zone 1  robot_e → zone 3

[staged] Phase 1 — forward greedy  (8 iters × 5 robot(s), sigma=0.40×1.00, popsize=32)
[staged]   Ph1 robot a  zone 2  (uncovered: 23% of target)
    voronoi warm-start: IoU 0.195 → 0.197 ✓
    [parallel] 10 worker threads, one renderer clone each
    init sampling: best coverage score 0.0px of uncovered area  (8 samples)
[staged]   → robot a: IoU 0.195 → 0.383  ✓
    ↑ new global best IoU 0.383  [phase Ph1 robot a]
[staged]   Ph1 robot b  zone 4  (uncovered: 7% of target)
    voronoi warm-start: IoU 0.383 → 0.393 ✓
    [parallel] 10 worker threads, one renderer clone each
    init sampling: best coverage score 316.0px of uncovered area  (8 samples)
[staged]   → robot b: IoU 0.383 → 0.493  ✓
    ↑ new global best IoU 0.493  [phase Ph1 robot b]
[staged]   Ph1 robot c  zone 0  (uncovered: 8% of target)
    voronoi warm-start: IoU 0.470 ≤ 0.493, kept current
    [parallel] 10 worker threads, one renderer clone each
    init sampling: best coverage score 233.0px of uncovered area  (16 samples)
[staged]   → robot c: IoU 0.493 → 0.560  ✓
    ↑ new global best IoU 0.560  [phase Ph1 robot c]
[staged]   Ph1 robot d  zone 1  (uncovered: 7% of target)
    voronoi warm-start: IoU 0.553 ≤ 0.560, kept current
    [parallel] 10 worker threads, one renderer clone each
    init sampling: best coverage score 113.0px of uncovered area  (16 samples)
[staged]   → robot d: IoU 0.560 → 0.609  ✓
    ↑ new global best IoU 0.609  [phase Ph1 robot d]
[staged]   Ph1 robot e  zone 3  (uncovered: 4% of target)
    voronoi warm-start: IoU 0.595 ≤ 0.609, kept current
    [parallel] 10 worker threads, one renderer clone each
    init sampling: best coverage score 77.0px of uncovered area  (16 samples)
[staged]   → robot e: IoU 0.609 → 0.654  ✓
    ↑ new global best IoU 0.654  [phase Ph1 robot e]
[staged] Phase 1 done — composite IoU: 0.654

[staged] Phase 2 — backward pass  (8 iters × 5 robots, sigma=0.300)
[staged]   contributions before Phase 2:
[staged]     robot a: +0.108 IoU
[staged]     robot b: +0.109 IoU
[staged]     robot c: +0.059 IoU
[staged]     robot d: +0.059 IoU
[staged]     robot e: +0.045 IoU  ← low
[staged]   Ph2 robot e  zone 3  (uncovered: 18% of target)
    [parallel] 10 worker threads, one renderer clone each
    init sampling: best coverage score 183.0px of uncovered area  (16 samples)
[staged]   → robot e: candidate 0.649 < current 0.654  ✗ rejected
[staged]   Ph2 robot d  zone 1  (uncovered: 20% of target)
    [parallel] 10 worker threads, one renderer clone each
    init sampling: best coverage score 230.0px of uncovered area  (16 samples)
[staged]   → robot d: candidate 0.650 < current 0.654  ✗ rejected
[staged]   Ph2 robot c  zone 0  (uncovered: 21% of target)
    [parallel] 10 worker threads, one renderer clone each
    init sampling: best coverage score 196.0px of uncovered area  (16 samples)
[staged]   → robot c: candidate 0.621 < current 0.654  ✗ rejected
[staged]   Ph2 robot b  zone 4  (uncovered: 27% of target)
    [parallel] 10 worker threads, one renderer clone each
    init sampling: best coverage score 363.0px of uncovered area  (16 samples)
[staged]   → robot b: candidate 0.618 < current 0.654  ✗ rejected
[staged]   Ph2 robot a  zone 2  (uncovered: 26% of target)
    [parallel] 10 worker threads, one renderer clone each
    init sampling: best coverage score 254.0px of uncovered area  (16 samples)
[staged]   → robot a: candidate 0.588 < current 0.654  ✗ rejected
[staged] Phase 2 done — composite IoU: 0.654

[staged] Best snapshot: Phase 1  IoU=0.654
[staged] Manifold final pass — computing Jacobian  (ε=0.020, 60 renders)
[staged] Manifold basis: k=10D / 30D  (variance≥85%, top eigenvalues: ['275169.69', '230922.11', '213976.33', '175400.33', '106297.43'])
    ↑ new global best IoU 0.691  [manifold final pass]
[staged] Manifold done — IoU: 0.691  (Δ=+0.037)  ✓
[staged] FD refinement — 5 Adam steps  (300 renders, lr=0.01, ε=0.02)
    ↑ new global best IoU 0.704  [FD refinement]
[staged] FD done — IoU: 0.704  (Δ=+0.013)  ✓
[staged] Done — final IoU: 0.704  loss: 0.2976
[staged] Popsize: per-robot phases=32  final=32  (theory optimum for 6 DOF = 10)

[staged] Hungarian pre-assignment  (5×5 cost matrix, 8 samples/entry = 200 renders)...
[staged]   robot_a → zone 4  robot_b → zone 1  robot_c → zone 0  robot_d → zone 3  robot_e → zone 2

[staged] Phase 1 — forward greedy  (8 iters × 5 robot(s), sigma=0.40×1.00, popsize=32)
[staged]   Ph1 robot a  zone 4  (uncovered: 24% of target)
    voronoi warm-start: IoU 0.195 → 0.220 ✓
    [parallel] 10 worker threads, one renderer clone each
    init sampling: best coverage score 490.0px of uncovered area  (8 samples)
[staged]   → robot a: IoU 0.195 → 0.409  ✓
    ↑ new global best IoU 0.409  [phase Ph1 robot a]
[staged]   Ph1 robot b  zone 1  (uncovered: 7% of target)
    voronoi warm-start: IoU 0.409 → 0.416 ✓
    [parallel] 10 worker threads, one renderer clone each
    init sampling: best coverage score 194.0px of uncovered area  (8 samples)
[staged]   → robot b: IoU 0.409 → 0.493  ✓
    ↑ new global best IoU 0.493  [phase Ph1 robot b]
[staged]   Ph1 robot c  zone 0  (uncovered: 8% of target)
    voronoi warm-start: IoU 0.480 ≤ 0.493, kept current
    [parallel] 10 worker threads, one renderer clone each
    init sampling: best coverage score 293.0px of uncovered area  (16 samples)
[staged]   → robot c: IoU 0.493 → 0.541  ✓
    ↑ new global best IoU 0.541  [phase Ph1 robot c]
[staged]   Ph1 robot d  zone 3  (uncovered: 5% of target)
    voronoi warm-start: IoU 0.521 ≤ 0.541, kept current
    [parallel] 10 worker threads, one renderer clone each
    init sampling: best coverage score 13.0px of uncovered area  (16 samples)
[staged]   → robot d: IoU 0.541 → 0.566  ✓
    ↑ new global best IoU 0.566  [phase Ph1 robot d]
[staged]   Ph1 robot e  zone 2  (uncovered: 5% of target)
    voronoi warm-start: IoU 0.566 → 0.592 ✓
    [parallel] 10 worker threads, one renderer clone each
    init sampling: best coverage score 150.0px of uncovered area  (8 samples)
[staged]   → robot e: IoU 0.566 → 0.596  ✓
    ↑ new global best IoU 0.596  [phase Ph1 robot e]
[staged] Phase 1 done — composite IoU: 0.596

[staged] Phase 2 — backward pass  (8 iters × 5 robots, sigma=0.300)
[staged]   contributions before Phase 2:
[staged]     robot a: +0.186 IoU
[staged]     robot b: +0.030 IoU  ← low
[staged]     robot c: +0.048 IoU  ← low
[staged]     robot d: +0.026 IoU  ← low
[staged]     robot e: +0.030 IoU  ← low
[staged]   Ph2 robot e  zone 2  (uncovered: 21% of target)
    [parallel] 10 worker threads, one renderer clone each
    init sampling: best coverage score 211.0px of uncovered area  (16 samples)
[staged]   → robot e: IoU 0.596 → 0.610  ✓
    ↑ new global best IoU 0.610  [phase Ph2 robot e]
[staged]   Ph2 robot d  zone 3  (uncovered: 19% of target)
    [parallel] 10 worker threads, one renderer clone each
    init sampling: best coverage score 113.0px of uncovered area  (16 samples)
[staged]   → robot d: IoU 0.610 → 0.624  ✓
    ↑ new global best IoU 0.624  [phase Ph2 robot d]
[staged]   Ph2 robot c  zone 0  (uncovered: 25% of target)
    [parallel] 10 worker threads, one renderer clone each
    init sampling: best coverage score 371.0px of uncovered area  (16 samples)
[staged]   → robot c: candidate 0.624 < current 0.624  ✗ rejected
[staged]   Ph2 robot b  zone 1  (uncovered: 23% of target)
    [parallel] 10 worker threads, one renderer clone each
    init sampling: best coverage score 316.0px of uncovered area  (16 samples)
[staged]   → robot b: IoU 0.624 → 0.626  ✓
    ↑ new global best IoU 0.626  [phase Ph2 robot b]
[staged]   Ph2 robot a  zone 4  (uncovered: 44% of target)
    [parallel] 10 worker threads, one renderer clone each
    init sampling: best coverage score 560.0px of uncovered area  (16 samples)
[staged]   → robot a: candidate 0.619 < current 0.626  ✗ rejected
[staged] Phase 2 done — composite IoU: 0.626

[staged] Best snapshot: Phase 2  IoU=0.626
[staged] Manifold final pass — computing Jacobian  (ε=0.020, 60 renders)
[staged] Manifold basis: k=8D / 30D  (variance≥85%, top eigenvalues: ['695696.75', '142371.83', '115725.95', '108776.34', '82002.27'])
[staged] Manifold did not improve (0.622 vs 0.626), keeping best snapshot
[staged] FD refinement — 5 Adam steps  (300 renders, lr=0.01, ε=0.02)
    ↑ new global best IoU 0.637  [FD refinement]
[staged] FD done — IoU: 0.637  (Δ=+0.010)  ✓
[staged] Done — final IoU: 0.637  loss: 0.3664
[staged] Popsize: per-robot phases=32  final=32  (theory optimum for 6 DOF = 10)

[staged] Hungarian pre-assignment  (5×5 cost matrix, 8 samples/entry = 200 renders)...
[staged]   robot_a → zone 3  robot_b → zone 0  robot_c → zone 4  robot_d → zone 2  robot_e → zone 1

[staged] Phase 1 — forward greedy  (8 iters × 5 robot(s), sigma=0.40×1.00, popsize=32)
[staged]   Ph1 robot a  zone 3  (uncovered: 19% of target)
    voronoi warm-start: IoU 0.195 → 0.235 ✓
    [parallel] 10 worker threads, one renderer clone each
    init sampling: best coverage score 394.0px of uncovered area  (8 samples)
[staged]   → robot a: IoU 0.195 → 0.393  ✓
    ↑ new global best IoU 0.393  [phase Ph1 robot a]
[staged]   Ph1 robot b  zone 0  (uncovered: 7% of target)
    voronoi warm-start: IoU 0.393 → 0.401 ✓
    [parallel] 10 worker threads, one renderer clone each
    init sampling: best coverage score 336.0px of uncovered area  (8 samples)
[staged]   → robot b: IoU 0.393 → 0.444  ✓
    ↑ new global best IoU 0.444  [phase Ph1 robot b]
[staged]   Ph1 robot c  zone 4  (uncovered: 8% of target)
    voronoi warm-start: IoU 0.421 ≤ 0.444, kept current
    [parallel] 10 worker threads, one renderer clone each
    init sampling: best coverage score 18.0px of uncovered area  (16 samples)
[staged]   → robot c: IoU 0.444 → 0.508  ✓
    ↑ new global best IoU 0.508  [phase Ph1 robot c]
[staged]   Ph1 robot d  zone 2  (uncovered: 8% of target)
    voronoi warm-start: IoU 0.481 ≤ 0.508, kept current
    [parallel] 10 worker threads, one renderer clone each
    init sampling: best coverage score 25.0px of uncovered area  (16 samples)
[staged]   → robot d: IoU 0.508 → 0.547  ✓
    ↑ new global best IoU 0.547  [phase Ph1 robot d]
[staged]   Ph1 robot e  zone 1  (uncovered: 1% of target)
    voronoi warm-start: IoU 0.524 ≤ 0.547, kept current
    [parallel] 10 worker threads, one renderer clone each
    init sampling: best coverage score 15.0px of uncovered area  (16 samples)
[staged]   → robot e: IoU 0.547 → 0.568  ✓
    ↑ new global best IoU 0.568  [phase Ph1 robot e]
[staged] Phase 1 done — composite IoU: 0.568

[staged] Phase 2 — backward pass  (8 iters × 5 robots, sigma=0.300)
[staged]   contributions before Phase 2:
[staged]     robot a: +0.127 IoU
[staged]     robot b: +0.062 IoU
[staged]     robot c: +0.066 IoU
[staged]     robot d: +0.037 IoU  ← low
[staged]     robot e: +0.021 IoU  ← low
[staged]   Ph2 robot e  zone 1  (uncovered: 22% of target)
    [parallel] 10 worker threads, one renderer clone each
    init sampling: best coverage score 152.0px of uncovered area  (16 samples)
[staged]   → robot e: IoU 0.568 → 0.575  ✓
    ↑ new global best IoU 0.575  [phase Ph2 robot e]
[staged]   Ph2 robot d  zone 2  (uncovered: 26% of target)
    [parallel] 10 worker threads, one renderer clone each
    init sampling: best coverage score 212.0px of uncovered area  (16 samples)
[staged]   → robot d: IoU 0.575 → 0.585  ✓
    ↑ new global best IoU 0.585  [phase Ph2 robot d]
[staged]   Ph2 robot c  zone 4  (uncovered: 30% of target)
    [parallel] 10 worker threads, one renderer clone each
    init sampling: best coverage score 379.0px of uncovered area  (16 samples)
[staged]   → robot c: candidate 0.570 < current 0.585  ✗ rejected
[staged]   Ph2 robot b  zone 0  (uncovered: 27% of target)
    [parallel] 10 worker threads, one renderer clone each
    init sampling: best coverage score 316.0px of uncovered area  (16 samples)
[staged]   → robot b: candidate 0.571 < current 0.585  ✗ rejected
[staged]   Ph2 robot a  zone 3  (uncovered: 34% of target)
    [parallel] 10 worker threads, one renderer clone each
    init sampling: best coverage score 385.0px of uncovered area  (16 samples)
[staged]   → robot a: candidate 0.566 < current 0.585  ✗ rejected
[staged] Phase 2 done — composite IoU: 0.585

[staged] Best snapshot: Phase 2  IoU=0.585
[staged] Manifold final pass — computing Jacobian  (ε=0.020, 60 renders)
[staged] Manifold basis: k=10D / 30D  (variance≥85%, top eigenvalues: ['379061.03', '218143.92', '207341.97', '88593.39', '72901.91'])
    ↑ new global best IoU 0.613  [manifold final pass]
[staged] Manifold done — IoU: 0.613  (Δ=+0.028)  ✓
[staged] FD refinement — 5 Adam steps  (300 renders, lr=0.01, ε=0.02)
    ↑ new global best IoU 0.627  [FD refinement]
[staged] FD done — IoU: 0.627  (Δ=+0.015)  ✓
[staged] Done — final IoU: 0.627  loss: 0.3749
[shard 0] 2/10 letters_upper/H_dejavusans-bold  best=0.704 mean=0.657±0.031  141s  eta 0.3h
[staged] Popsize: per-robot phases=32  final=32  (theory optimum for 6 DOF = 10)

[staged] Hungarian pre-assignment  (5×5 cost matrix, 8 samples/entry = 200 renders)...
[staged]   robot_a → zone 4  robot_b → zone 2  robot_c → zone 0  robot_d → zone 3  robot_e → zone 1

[staged] Phase 1 — forward greedy  (8 iters × 5 robot(s), sigma=0.40×1.00, popsize=32)
[staged]   Ph1 robot a  zone 4  (uncovered: 17% of target)
    voronoi warm-start: IoU 0.198 → 0.319 ✓
    [parallel] 10 worker threads, one renderer clone each
    init sampling: best coverage score 137.0px of uncovered area  (8 samples)
[staged]   → robot a: IoU 0.198 → 0.445  ✓
    ↑ new global best IoU 0.445  [phase Ph1 robot a]
[staged]   Ph1 robot b  zone 2  (uncovered: 8% of target)
    voronoi warm-start: IoU 0.413 ≤ 0.445, kept current
    [parallel] 10 worker threads, one renderer clone each
    init sampling: best coverage score 162.0px of uncovered area  (16 samples)
[staged]   → robot b: IoU 0.445 → 0.492  ✓
    ↑ new global best IoU 0.492  [phase Ph1 robot b]
[staged]   Ph1 robot c  zone 0  (uncovered: 12% of target)
    voronoi warm-start: IoU 0.484 ≤ 0.492, kept current
    [parallel] 10 worker threads, one renderer clone each
    init sampling: best coverage score 22.0px of uncovered area  (16 samples)
[staged]   → robot c: IoU 0.492 → 0.560  ✓
    ↑ new global best IoU 0.560  [phase Ph1 robot c]
[staged]   Ph1 robot d  zone 3  (uncovered: 1% of target)
    voronoi warm-start: IoU 0.534 ≤ 0.560, kept current
    [parallel] 10 worker threads, one renderer clone each
    init sampling: best coverage score 52.0px of uncovered area  (16 samples)
[staged]   → robot d: IoU 0.560 → 0.611  ✓
    ↑ new global best IoU 0.611  [phase Ph1 robot d]
[staged]   Ph1 robot e  zone 1  (uncovered: 0% of target)
    voronoi warm-start: IoU 0.592 ≤ 0.611, kept current
    [parallel] 10 worker threads, one renderer clone each
    init sampling: best coverage score 6.0px of uncovered area  (16 samples)
[staged]   → robot e: IoU 0.611 → 0.656  ✓
    ↑ new global best IoU 0.656  [phase Ph1 robot e]
[staged] Phase 1 done — composite IoU: 0.656

[staged] Phase 2 — backward pass  (8 iters × 5 robots, sigma=0.300)
[staged]   contributions before Phase 2:
[staged]     robot a: +0.127 IoU
[staged]     robot b: +0.066 IoU
[staged]     robot c: +0.074 IoU
[staged]     robot d: +0.065 IoU
[staged]     robot e: +0.044 IoU  ← low
[staged]   Ph2 robot e  zone 1  (uncovered: 18% of target)
    [parallel] 10 worker threads, one renderer clone each
    init sampling: best coverage score 121.0px of uncovered area  (16 samples)
[staged]   → robot e: candidate 0.654 < current 0.656  ✗ rejected
[staged]   Ph2 robot d  zone 3  (uncovered: 20% of target)
    [parallel] 10 worker threads, one renderer clone each
    init sampling: best coverage score 67.0px of uncovered area  (16 samples)
[staged]   → robot d: candidate 0.611 < current 0.656  ✗ rejected
[staged]   Ph2 robot c  zone 0  (uncovered: 21% of target)
    [parallel] 10 worker threads, one renderer clone each
    init sampling: best coverage score 430.0px of uncovered area  (16 samples)
[staged]   → robot c: IoU 0.656 → 0.672  ✓
    ↑ new global best IoU 0.672  [phase Ph2 robot c]
[staged]   Ph2 robot b  zone 2  (uncovered: 24% of target)
    [parallel] 10 worker threads, one renderer clone each
    init sampling: best coverage score 125.0px of uncovered area  (16 samples)
[staged]   → robot b: candidate 0.631 < current 0.672  ✗ rejected
[staged]   Ph2 robot a  zone 4  (uncovered: 30% of target)
    [parallel] 10 worker threads, one renderer clone each
    init sampling: best coverage score 417.0px of uncovered area  (16 samples)
[staged]   → robot a: candidate 0.655 < current 0.672  ✗ rejected
[staged] Phase 2 done — composite IoU: 0.672

[staged] Best snapshot: Phase 2  IoU=0.672
[staged] Manifold final pass — computing Jacobian  (ε=0.020, 60 renders)
[staged] Manifold basis: k=9D / 30D  (variance≥85%, top eigenvalues: ['404334.06', '247024.56', '139937.02', '97216.00', '86739.52'])
    ↑ new global best IoU 0.694  [manifold final pass]
[staged] Manifold done — IoU: 0.694  (Δ=+0.022)  ✓
[staged] FD refinement — 5 Adam steps  (300 renders, lr=0.01, ε=0.02)
    ↑ new global best IoU 0.705  [FD refinement]
[staged] FD done — IoU: 0.705  (Δ=+0.011)  ✓
[staged] Done — final IoU: 0.705  loss: 0.2968
[staged] Popsize: per-robot phases=32  final=32  (theory optimum for 6 DOF = 10)

[staged] Hungarian pre-assignment  (5×5 cost matrix, 8 samples/entry = 200 renders)...
[staged]   robot_a → zone 4  robot_b → zone 3  robot_c → zone 1  robot_d → zone 2  robot_e → zone 0

[staged] Phase 1 — forward greedy  (8 iters × 5 robot(s), sigma=0.40×1.00, popsize=32)
[staged]   Ph1 robot a  zone 4  (uncovered: 17% of target)
    voronoi warm-start: IoU 0.198 → 0.319 ✓
    [parallel] 10 worker threads, one renderer clone each
    init sampling: best coverage score 0.0px of uncovered area  (8 samples)
[staged]   → robot a: IoU 0.198 → 0.396  ✓
    ↑ new global best IoU 0.396  [phase Ph1 robot a]
[staged]   Ph1 robot b  zone 3  (uncovered: 17% of target)
    voronoi warm-start: IoU 0.396 → 0.401 ✓
    [parallel] 10 worker threads, one renderer clone each
    init sampling: best coverage score 154.0px of uncovered area  (8 samples)
[staged]   → robot b: IoU 0.396 → 0.478  ✓
    ↑ new global best IoU 0.478  [phase Ph1 robot b]
[staged]   Ph1 robot c  zone 1  (uncovered: 13% of target)
    voronoi warm-start: IoU 0.478 → 0.478 ✓
    [parallel] 10 worker threads, one renderer clone each
    init sampling: best coverage score 68.0px of uncovered area  (8 samples)
[staged]   → robot c: IoU 0.478 → 0.539  ✓
    ↑ new global best IoU 0.539  [phase Ph1 robot c]
[staged]   Ph1 robot d  zone 2  (uncovered: 1% of target)
    voronoi warm-start: IoU 0.529 ≤ 0.539, kept current
    [parallel] 10 worker threads, one renderer clone each
    init sampling: best coverage score 31.0px of uncovered area  (16 samples)
[staged]   → robot d: IoU 0.539 → 0.564  ✓
    ↑ new global best IoU 0.564  [phase Ph1 robot d]
[staged]   Ph1 robot e  zone 0  (uncovered: 3% of target)
    voronoi warm-start: IoU 0.544 ≤ 0.564, kept current
    [parallel] 10 worker threads, one renderer clone each
    init sampling: best coverage score 122.0px of uncovered area  (16 samples)
[staged]   → robot e: IoU 0.564 → 0.614  ✓
    ↑ new global best IoU 0.614  [phase Ph1 robot e]
[staged] Phase 1 done — composite IoU: 0.614

[staged] Phase 2 — backward pass  (8 iters × 5 robots, sigma=0.300)
[staged]   contributions before Phase 2:
[staged]     robot a: +0.062 IoU
[staged]     robot b: +0.084 IoU
[staged]     robot c: +0.074 IoU
[staged]     robot d: +0.038 IoU  ← low
[staged]     robot e: +0.050 IoU  ← low
[staged]   Ph2 robot e  zone 0  (uncovered: 20% of target)
    [parallel] 10 worker threads, one renderer clone each
    init sampling: best coverage score 116.0px of uncovered area  (16 samples)
[staged]   → robot e: candidate 0.597 < current 0.614  ✗ rejected
[staged]   Ph2 robot d  zone 2  (uncovered: 19% of target)
    [parallel] 10 worker threads, one renderer clone each
    init sampling: best coverage score 256.0px of uncovered area  (16 samples)
[staged]   → robot d: IoU 0.614 → 0.623  ✓
    ↑ new global best IoU 0.623  [phase Ph2 robot d]
[staged]   Ph2 robot c  zone 1  (uncovered: 22% of target)
    [parallel] 10 worker threads, one renderer clone each
    init sampling: best coverage score 327.0px of uncovered area  (16 samples)
[staged]   → robot c: IoU 0.623 → 0.625  ✓
    ↑ new global best IoU 0.625  [phase Ph2 robot c]
[staged]   Ph2 robot b  zone 3  (uncovered: 31% of target)
    [parallel] 10 worker threads, one renderer clone each
    init sampling: best coverage score 387.0px of uncovered area  (16 samples)
[staged]   → robot b: IoU 0.625 → 0.661  ✓
    ↑ new global best IoU 0.661  [phase Ph2 robot b]
[staged]   Ph2 robot a  zone 4  (uncovered: 31% of target)
    [parallel] 10 worker threads, one renderer clone each
    init sampling: best coverage score 447.0px of uncovered area  (16 samples)
[staged]   → robot a: candidate 0.646 < current 0.661  ✗ rejected
[staged] Phase 2 done — composite IoU: 0.661

[staged] Best snapshot: Phase 2  IoU=0.661
[staged] Manifold final pass — computing Jacobian  (ε=0.020, 60 renders)
[staged] Manifold basis: k=9D / 30D  (variance≥85%, top eigenvalues: ['435441.25', '136861.38', '123570.49', '77775.94', '46560.28'])
    ↑ new global best IoU 0.703  [manifold final pass]
[staged] Manifold done — IoU: 0.703  (Δ=+0.042)  ✓
[staged] FD refinement — 5 Adam steps  (300 renders, lr=0.01, ε=0.02)
    ↑ new global best IoU 0.723  [FD refinement]
[staged] FD done — IoU: 0.723  (Δ=+0.020)  ✓
[staged] Done — final IoU: 0.723  loss: 0.2784
[staged] Popsize: per-robot phases=32  final=32  (theory optimum for 6 DOF = 10)

[staged] Hungarian pre-assignment  (5×5 cost matrix, 8 samples/entry = 200 renders)...
[staged]   robot_a → zone 2  robot_b → zone 4  robot_c → zone 0  robot_d → zone 1  robot_e → zone 3

[staged] Phase 1 — forward greedy  (8 iters × 5 robot(s), sigma=0.40×1.00, popsize=32)
[staged]   Ph1 robot a  zone 2  (uncovered: 18% of target)
    voronoi warm-start: IoU 0.198 → 0.204 ✓
    [parallel] 10 worker threads, one renderer clone each
    init sampling: best coverage score 0.0px of uncovered area  (8 samples)
[staged]   → robot a: IoU 0.198 → 0.440  ✓
    ↑ new global best IoU 0.440  [phase Ph1 robot a]
[staged]   Ph1 robot b  zone 4  (uncovered: 6% of target)
    voronoi warm-start: IoU 0.440 ≤ 0.440, kept current
    [parallel] 10 worker threads, one renderer clone each
    init sampling: best coverage score 304.0px of uncovered area  (16 samples)
[staged]   → robot b: IoU 0.440 → 0.492  ✓
    ↑ new global best IoU 0.492  [phase Ph1 robot b]
[staged]   Ph1 robot c  zone 0  (uncovered: 1% of target)
    voronoi warm-start: IoU 0.478 ≤ 0.492, kept current
    [parallel] 10 worker threads, one renderer clone each
    init sampling: best coverage score 30.0px of uncovered area  (16 samples)
[staged]   → robot c: IoU 0.492 → 0.540  ✓
    ↑ new global best IoU 0.540  [phase Ph1 robot c]
[staged]   Ph1 robot d  zone 1  (uncovered: 4% of target)
    voronoi warm-start: IoU 0.531 ≤ 0.540, kept current
    [parallel] 10 worker threads, one renderer clone each
    init sampling: best coverage score 45.0px of uncovered area  (16 samples)
[staged]   → robot d: IoU 0.540 → 0.606  ✓
    ↑ new global best IoU 0.606  [phase Ph1 robot d]
[staged]   Ph1 robot e  zone 3  (uncovered: 5% of target)
    voronoi warm-start: IoU 0.606 → 0.612 ✓
    [parallel] 10 worker threads, one renderer clone each
    init sampling: best coverage score 124.0px of uncovered area  (8 samples)
[staged]   → robot e: IoU 0.606 → 0.643  ✓
    ↑ new global best IoU 0.643  [phase Ph1 robot e]
[staged] Phase 1 done — composite IoU: 0.643

[staged] Phase 2 — backward pass  (8 iters × 5 robots, sigma=0.300)
[staged]   contributions before Phase 2:
[staged]     robot a: +0.124 IoU
[staged]     robot b: +0.041 IoU  ← low
[staged]     robot c: +0.065 IoU
[staged]     robot d: +0.082 IoU
[staged]     robot e: +0.037 IoU  ← low
[staged]   Ph2 robot e  zone 3  (uncovered: 21% of target)
    [parallel] 10 worker threads, one renderer clone each
    init sampling: best coverage score 212.0px of uncovered area  (16 samples)
[staged]   → robot e: IoU 0.643 → 0.654  ✓
    ↑ new global best IoU 0.654  [phase Ph2 robot e]
[staged]   Ph2 robot d  zone 1  (uncovered: 26% of target)
    [parallel] 10 worker threads, one renderer clone each
    init sampling: best coverage score 365.0px of uncovered area  (16 samples)
[staged]   → robot d: candidate 0.649 < current 0.654  ✗ rejected
[staged]   Ph2 robot c  zone 0  (uncovered: 23% of target)
    [parallel] 10 worker threads, one renderer clone each
    init sampling: best coverage score 189.0px of uncovered area  (16 samples)
[staged]   → robot c: candidate 0.615 < current 0.654  ✗ rejected
[staged]   Ph2 robot b  zone 4  (uncovered: 19% of target)
    [parallel] 10 worker threads, one renderer clone each
    init sampling: best coverage score 227.0px of uncovered area  (16 samples)
[staged]   → robot b: candidate 0.640 < current 0.654  ✗ rejected
[staged]   Ph2 robot a  zone 2  (uncovered: 34% of target)
    [parallel] 10 worker threads, one renderer clone each
    init sampling: best coverage score 635.0px of uncovered area  (16 samples)
[staged]   → robot a: candidate 0.623 < current 0.654  ✗ rejected
[staged] Phase 2 done — composite IoU: 0.654

[staged] Best snapshot: Phase 2  IoU=0.654
[staged] Manifold final pass — computing Jacobian  (ε=0.020, 60 renders)
[staged] Manifold basis: k=9D / 30D  (variance≥85%, top eigenvalues: ['270037.28', '261908.64', '206011.59', '123800.79', '74454.65'])
    ↑ new global best IoU 0.677  [manifold final pass]
[staged] Manifold done — IoU: 0.677  (Δ=+0.023)  ✓
[staged] FD refinement — 5 Adam steps  (300 renders, lr=0.01, ε=0.02)
    ↑ new global best IoU 0.696  [FD refinement]
[staged] FD done — IoU: 0.696  (Δ=+0.019)  ✓
[staged] Done — final IoU: 0.696  loss: 0.3054
[staged] Popsize: per-robot phases=32  final=32  (theory optimum for 6 DOF = 10)

[staged] Hungarian pre-assignment  (5×5 cost matrix, 8 samples/entry = 200 renders)...
[staged]   robot_a → zone 3  robot_b → zone 2  robot_c → zone 0  robot_d → zone 1  robot_e → zone 4

[staged] Phase 1 — forward greedy  (8 iters × 5 robot(s), sigma=0.40×1.00, popsize=32)
[staged]   Ph1 robot a  zone 3  (uncovered: 18% of target)
    voronoi warm-start: IoU 0.198 → 0.204 ✓
    [parallel] 10 worker threads, one renderer clone each
    init sampling: best coverage score 390.0px of uncovered area  (8 samples)
[staged]   → robot a: IoU 0.198 → 0.423  ✓
    ↑ new global best IoU 0.423  [phase Ph1 robot a]
[staged]   Ph1 robot b  zone 2  (uncovered: 6% of target)
    voronoi warm-start: IoU 0.392 ≤ 0.423, kept current
    [parallel] 10 worker threads, one renderer clone each
    init sampling: best coverage score 176.0px of uncovered area  (16 samples)
[staged]   → robot b: IoU 0.423 → 0.458  ✓
    ↑ new global best IoU 0.458  [phase Ph1 robot b]
[staged]   Ph1 robot c  zone 0  (uncovered: 2% of target)
    voronoi warm-start: IoU 0.458 → 0.472 ✓
    [parallel] 10 worker threads, one renderer clone each
    init sampling: best coverage score 100.0px of uncovered area  (8 samples)
[staged]   → robot c: IoU 0.458 → 0.523  ✓
    ↑ new global best IoU 0.523  [phase Ph1 robot c]
[staged]   Ph1 robot d  zone 1  (uncovered: 4% of target)
    voronoi warm-start: IoU 0.497 ≤ 0.523, kept current
    [parallel] 10 worker threads, one renderer clone each
    init sampling: best coverage score 60.0px of uncovered area  (16 samples)
[staged]   → robot d: IoU 0.523 → 0.554  ✓
    ↑ new global best IoU 0.554  [phase Ph1 robot d]
[staged]   Ph1 robot e  zone 4  (uncovered: 11% of target)
    voronoi warm-start: IoU 0.553 ≤ 0.554, kept current
    [parallel] 10 worker threads, one renderer clone each
    init sampling: best coverage score 29.0px of uncovered area  (16 samples)
[staged]   → robot e: IoU 0.554 → 0.590  ✓
    ↑ new global best IoU 0.590  [phase Ph1 robot e]
[staged] Phase 1 done — composite IoU: 0.590

[staged] Phase 2 — backward pass  (8 iters × 5 robots, sigma=0.300)
[staged]   contributions before Phase 2:
[staged]     robot a: +0.095 IoU
[staged]     robot b: +0.061 IoU
[staged]     robot c: +0.048 IoU  ← low
[staged]     robot d: +0.041 IoU  ← low
[staged]     robot e: +0.036 IoU  ← low
[staged]   Ph2 robot e  zone 4  (uncovered: 27% of target)
    [parallel] 10 worker threads, one renderer clone each
    init sampling: best coverage score 269.0px of uncovered area  (16 samples)
[staged]   → robot e: IoU 0.590 → 0.616  ✓
    ↑ new global best IoU 0.616  [phase Ph2 robot e]
[staged]   Ph2 robot d  zone 1  (uncovered: 24% of target)
    [parallel] 10 worker threads, one renderer clone each
    init sampling: best coverage score 143.0px of uncovered area  (16 samples)
[staged]   → robot d: IoU 0.616 → 0.653  ✓
    ↑ new global best IoU 0.653  [phase Ph2 robot d]
[staged]   Ph2 robot c  zone 0  (uncovered: 26% of target)
    [parallel] 10 worker threads, one renderer clone each
    init sampling: best coverage score 380.0px of uncovered area  (16 samples)
[staged]   → robot c: candidate 0.641 < current 0.653  ✗ rejected
[staged]   Ph2 robot b  zone 2  (uncovered: 20% of target)
    [parallel] 10 worker threads, one renderer clone each
    init sampling: best coverage score 299.0px of uncovered area  (16 samples)
[staged]   → robot b: IoU 0.653 → 0.653  ✓
    ↑ new global best IoU 0.653  [phase Ph2 robot b]
[staged]   Ph2 robot a  zone 3  (uncovered: 21% of target)
    [parallel] 10 worker threads, one renderer clone each
    init sampling: best coverage score 381.0px of uncovered area  (16 samples)
[staged]   → robot a: IoU 0.653 → 0.672  ✓
    ↑ new global best IoU 0.672  [phase Ph2 robot a]
[staged] Phase 2 done — composite IoU: 0.672

[staged] Best snapshot: Phase 2  IoU=0.672
[staged] Manifold final pass — computing Jacobian  (ε=0.020, 60 renders)
[staged] Manifold basis: k=10D / 30D  (variance≥85%, top eigenvalues: ['296784.00', '190080.16', '189364.02', '167094.11', '133201.56'])
[staged] Manifold did not improve (0.644 vs 0.672), keeping best snapshot
[staged] FD refinement — 5 Adam steps  (300 renders, lr=0.01, ε=0.02)
    ↑ new global best IoU 0.701  [FD refinement]
[staged] FD done — IoU: 0.701  (Δ=+0.029)  ✓
[staged] Done — final IoU: 0.701  loss: 0.3007
[staged] Popsize: per-robot phases=32  final=32  (theory optimum for 6 DOF = 10)

[staged] Hungarian pre-assignment  (5×5 cost matrix, 8 samples/entry = 200 renders)...
[staged]   robot_a → zone 3  robot_b → zone 4  robot_c → zone 0  robot_d → zone 2  robot_e → zone 1

[staged] Phase 1 — forward greedy  (8 iters × 5 robot(s), sigma=0.40×1.00, popsize=32)
[staged]   Ph1 robot a  zone 3  (uncovered: 20% of target)
    voronoi warm-start: IoU 0.198 → 0.327 ✓
    [parallel] 10 worker threads, one renderer clone each
    init sampling: best coverage score 438.0px of uncovered area  (8 samples)
[staged]   → robot a: IoU 0.198 → 0.426  ✓
    ↑ new global best IoU 0.426  [phase Ph1 robot a]
[staged]   Ph1 robot b  zone 4  (uncovered: 6% of target)
    voronoi warm-start: IoU 0.426 → 0.426 ✓
    [parallel] 10 worker threads, one renderer clone each
    init sampling: best coverage score 303.0px of uncovered area  (8 samples)
[staged]   → robot b: IoU 0.426 → 0.473  ✓
    ↑ new global best IoU 0.473  [phase Ph1 robot b]
[staged]   Ph1 robot c  zone 0  (uncovered: 4% of target)
    voronoi warm-start: IoU 0.473 → 0.492 ✓
    [parallel] 10 worker threads, one renderer clone each
    init sampling: best coverage score 151.0px of uncovered area  (8 samples)
[staged]   → robot c: IoU 0.473 → 0.539  ✓
    ↑ new global best IoU 0.539  [phase Ph1 robot c]
[staged]   Ph1 robot d  zone 2  (uncovered: 8% of target)
    voronoi warm-start: IoU 0.539 → 0.543 ✓
    [parallel] 10 worker threads, one renderer clone each
    init sampling: best coverage score 0.0px of uncovered area  (8 samples)
[staged]   → robot d: IoU 0.539 → 0.540  ✓
    ↑ new global best IoU 0.540  [phase Ph1 robot d]
[staged]   Ph1 robot e  zone 1  (uncovered: 13% of target)
    voronoi warm-start: IoU 0.528 ≤ 0.540, kept current
    [parallel] 10 worker threads, one renderer clone each
    init sampling: best coverage score 110.0px of uncovered area  (16 samples)
[staged]   → robot e: IoU 0.540 → 0.574  ✓
    ↑ new global best IoU 0.574  [phase Ph1 robot e]
[staged] Phase 1 done — composite IoU: 0.574

[staged] Phase 2 — backward pass  (8 iters × 5 robots, sigma=0.300)
[staged]   contributions before Phase 2:
[staged]     robot a: +0.060 IoU
[staged]     robot b: +0.061 IoU
[staged]     robot c: +0.054 IoU
[staged]     robot d: +0.005 IoU  ← low
[staged]     robot e: +0.034 IoU  ← low
[staged]   Ph2 robot e  zone 1  (uncovered: 28% of target)
    [parallel] 10 worker threads, one renderer clone each
    init sampling: best coverage score 424.0px of uncovered area  (16 samples)
[staged]   → robot e: IoU 0.574 → 0.612  ✓
    ↑ new global best IoU 0.612  [phase Ph2 robot e]
[staged]   Ph2 robot d  zone 2  (uncovered: 19% of target)
    [parallel] 10 worker threads, one renderer clone each
    init sampling: best coverage score 242.0px of uncovered area  (16 samples)
[staged]   → robot d: IoU 0.612 → 0.643  ✓
    ↑ new global best IoU 0.643  [phase Ph2 robot d]
[staged]   Ph2 robot c  zone 0  (uncovered: 19% of target)
    [parallel] 10 worker threads, one renderer clone each
    init sampling: best coverage score 176.0px of uncovered area  (16 samples)
[staged]   → robot c: IoU 0.643 → 0.668  ✓
    ↑ new global best IoU 0.668  [phase Ph2 robot c]
[staged]   Ph2 robot b  zone 4  (uncovered: 19% of target)
    [parallel] 10 worker threads, one renderer clone each
    init sampling: best coverage score 268.0px of uncovered area  (16 samples)
[staged]   → robot b: IoU 0.668 → 0.673  ✓
    ↑ new global best IoU 0.673  [phase Ph2 robot b]
[staged]   Ph2 robot a  zone 3  (uncovered: 25% of target)
    [parallel] 10 worker threads, one renderer clone each
    init sampling: best coverage score 569.0px of uncovered area  (16 samples)
[staged]   → robot a: IoU 0.673 → 0.711  ✓
    ↑ new global best IoU 0.711  [phase Ph2 robot a]
[staged] Phase 2 done — composite IoU: 0.711

[staged] Best snapshot: Phase 2  IoU=0.711
[staged] Manifold final pass — computing Jacobian  (ε=0.020, 60 renders)
[staged] Manifold basis: k=9D / 30D  (variance≥85%, top eigenvalues: ['286191.03', '264781.38', '210346.69', '172153.25', '61486.19'])
[staged] Manifold did not improve (0.703 vs 0.711), keeping best snapshot
[staged] FD refinement — 5 Adam steps  (300 renders, lr=0.01, ε=0.02)
    ↑ new global best IoU 0.719  [FD refinement]
[staged] FD done — IoU: 0.719  (Δ=+0.008)  ✓
[staged] Done — final IoU: 0.719  loss: 0.2819
[shard 0] 3/10 letters_upper/K_dejavusans-bold  best=0.723 mean=0.709±0.011  141s  eta 0.3h
[staged] Popsize: per-robot phases=32  final=32  (theory optimum for 6 DOF = 10)

[staged] Hungarian pre-assignment  (5×5 cost matrix, 8 samples/entry = 200 renders)...
[staged]   robot_a → zone 0  robot_b → zone 2  robot_c → zone 3  robot_d → zone 1  robot_e → zone 4

[staged] Phase 1 — forward greedy  (8 iters × 5 robot(s), sigma=0.40×1.00, popsize=32)
[staged]   Ph1 robot a  zone 0  (uncovered: 12% of target)
    voronoi warm-start: IoU 0.176 ≤ 0.217, kept current
    [parallel] 10 worker threads, one renderer clone each
    init sampling: best coverage score 539.0px of uncovered area  (16 samples)
[staged]   → robot a: IoU 0.217 → 0.365  ✓
    ↑ new global best IoU 0.365  [phase Ph1 robot a]
[staged]   Ph1 robot b  zone 2  (uncovered: 22% of target)
    voronoi warm-start: IoU 0.365 → 0.371 ✓
    [parallel] 10 worker threads, one renderer clone each
    init sampling: best coverage score 710.0px of uncovered area  (8 samples)
[staged]   → robot b: IoU 0.365 → 0.504  ✓
    ↑ new global best IoU 0.504  [phase Ph1 robot b]
[staged]   Ph1 robot c  zone 3  (uncovered: 3% of target)
    voronoi warm-start: IoU 0.487 ≤ 0.504, kept current
    [parallel] 10 worker threads, one renderer clone each
    init sampling: best coverage score 107.0px of uncovered area  (16 samples)
[staged]   → robot c: IoU 0.504 → 0.625  ✓
    ↑ new global best IoU 0.625  [phase Ph1 robot c]
[staged]   Ph1 robot d  zone 1  (uncovered: 3% of target)
    voronoi warm-start: IoU 0.571 ≤ 0.625, kept current
    [parallel] 10 worker threads, one renderer clone each
    init sampling: best coverage score 94.0px of uncovered area  (16 samples)
[staged]   → robot d: IoU 0.625 → 0.643  ✓
    ↑ new global best IoU 0.643  [phase Ph1 robot d]
[staged]   Ph1 robot e  zone 4  (uncovered: 7% of target)
    voronoi warm-start: IoU 0.601 ≤ 0.643, kept current
    [parallel] 10 worker threads, one renderer clone each
    init sampling: best coverage score 80.0px of uncovered area  (16 samples)
[staged]   → robot e: IoU 0.643 → 0.673  ✓
    ↑ new global best IoU 0.673  [phase Ph1 robot e]
[staged] Phase 1 done — composite IoU: 0.673

[staged] Phase 2 — backward pass  (8 iters × 5 robots, sigma=0.300)
[staged]   contributions before Phase 2:
[staged]     robot a: +0.076 IoU
[staged]     robot b: +0.068 IoU
[staged]     robot c: +0.091 IoU
[staged]     robot d: +0.031 IoU  ← low
[staged]     robot e: +0.030 IoU  ← low
[staged]   Ph2 robot e  zone 4  (uncovered: 15% of target)
    [parallel] 10 worker threads, one renderer clone each
    init sampling: best coverage score 147.0px of uncovered area  (16 samples)
[staged]   → robot e: IoU 0.673 → 0.679  ✓
    ↑ new global best IoU 0.679  [phase Ph2 robot e]
[staged]   Ph2 robot d  zone 1  (uncovered: 14% of target)
    [parallel] 10 worker threads, one renderer clone each
    init sampling: best coverage score 81.0px of uncovered area  (16 samples)
[staged]   → robot d: IoU 0.679 → 0.699  ✓
    ↑ new global best IoU 0.699  [phase Ph2 robot d]
[staged]   Ph2 robot c  zone 3  (uncovered: 24% of target)
    [parallel] 10 worker threads, one renderer clone each
    init sampling: best coverage score 227.0px of uncovered area  (16 samples)
[staged]   → robot c: candidate 0.693 < current 0.699  ✗ rejected
[staged]   Ph2 robot b  zone 2  (uncovered: 23% of target)
    [parallel] 10 worker threads, one renderer clone each
    init sampling: best coverage score 348.0px of uncovered area  (16 samples)
[staged]   → robot b: candidate 0.621 < current 0.699  ✗ rejected
[staged]   Ph2 robot a  zone 0  (uncovered: 21% of target)
    [parallel] 10 worker threads, one renderer clone each
    init sampling: best coverage score 102.0px of uncovered area  (16 samples)
[staged]   → robot a: IoU 0.699 → 0.718  ✓
    ↑ new global best IoU 0.718  [phase Ph2 robot a]
[staged] Phase 2 done — composite IoU: 0.718

[staged] Best snapshot: Phase 2  IoU=0.718
[staged] Manifold final pass — computing Jacobian  (ε=0.020, 60 renders)
[staged] Manifold basis: k=11D / 30D  (variance≥85%, top eigenvalues: ['334576.03', '221514.17', '128941.18', '83705.52', '74885.18'])
    ↑ new global best IoU 0.748  [manifold final pass]
[staged] Manifold done — IoU: 0.748  (Δ=+0.030)  ✓
[staged] FD refinement — 5 Adam steps  (300 renders, lr=0.01, ε=0.02)
    ↑ new global best IoU 0.764  [FD refinement]
[staged] FD done — IoU: 0.764  (Δ=+0.016)  ✓
[staged] Done — final IoU: 0.764  loss: 0.2374
[staged] Popsize: per-robot phases=32  final=32  (theory optimum for 6 DOF = 10)

[staged] Hungarian pre-assignment  (5×5 cost matrix, 8 samples/entry = 200 renders)...
[staged]   robot_a → zone 1  robot_b → zone 3  robot_c → zone 0  robot_d → zone 2  robot_e → zone 4

[staged] Phase 1 — forward greedy  (8 iters × 5 robot(s), sigma=0.40×1.00, popsize=32)
[staged]   Ph1 robot a  zone 1  (uncovered: 20% of target)
    voronoi warm-start: IoU 0.217 → 0.218 ✓
    [parallel] 10 worker threads, one renderer clone each
    init sampling: best coverage score 0.0px of uncovered area  (8 samples)
[staged]   → robot a: IoU 0.217 → 0.403  ✓
    ↑ new global best IoU 0.403  [phase Ph1 robot a]
[staged]   Ph1 robot b  zone 3  (uncovered: 21% of target)
    voronoi warm-start: IoU 0.403 → 0.409 ✓
    [parallel] 10 worker threads, one renderer clone each
    init sampling: best coverage score 306.0px of uncovered area  (8 samples)
[staged]   → robot b: IoU 0.403 → 0.507  ✓
    ↑ new global best IoU 0.507  [phase Ph1 robot b]
[staged]   Ph1 robot c  zone 0  (uncovered: 2% of target)
    voronoi warm-start: IoU 0.489 ≤ 0.507, kept current
    [parallel] 10 worker threads, one renderer clone each
    init sampling: best coverage score 7.0px of uncovered area  (16 samples)
[staged]   → robot c: IoU 0.507 → 0.548  ✓
    ↑ new global best IoU 0.548  [phase Ph1 robot c]
[staged]   Ph1 robot d  zone 2  (uncovered: 2% of target)
    voronoi warm-start: IoU 0.520 ≤ 0.548, kept current
    [parallel] 10 worker threads, one renderer clone each
    init sampling: best coverage score 66.0px of uncovered area  (16 samples)
[staged]   → robot d: candidate 0.538 < current 0.548  ✗ rejected
[staged]   Ph1 robot e  zone 4  (uncovered: 11% of target)
    voronoi warm-start: IoU 0.513 ≤ 0.548, kept current
    [parallel] 10 worker threads, one renderer clone each
    init sampling: best coverage score 80.0px of uncovered area  (16 samples)
[staged]   → robot e: IoU 0.548 → 0.581  ✓
    ↑ new global best IoU 0.581  [phase Ph1 robot e]
[staged] Phase 1 done — composite IoU: 0.581

[staged] Phase 2 — backward pass  (8 iters × 5 robots, sigma=0.300)
[staged]   contributions before Phase 2:
[staged]     robot a: +0.157 IoU
[staged]     robot b: +0.112 IoU
[staged]     robot c: +0.046 IoU  ← low
[staged]     robot d: +0.000 IoU  ← low
[staged]     robot e: +0.033 IoU  ← low
[staged]   Ph2 robot e  zone 4  (uncovered: 21% of target)
    [parallel] 10 worker threads, one renderer clone each
    init sampling: best coverage score 148.0px of uncovered area  (16 samples)
[staged]   → robot e: IoU 0.581 → 0.594  ✓
    ↑ new global best IoU 0.594  [phase Ph2 robot e]
[staged]   Ph2 robot d  zone 2  (uncovered: 15% of target)
    [parallel] 10 worker threads, one renderer clone each
    init sampling: best coverage score 79.0px of uncovered area  (16 samples)
[staged]   → robot d: IoU 0.594 → 0.616  ✓
    ↑ new global best IoU 0.616  [phase Ph2 robot d]
[staged]   Ph2 robot c  zone 0  (uncovered: 19% of target)
    [parallel] 10 worker threads, one renderer clone each
    init sampling: best coverage score 233.0px of uncovered area  (16 samples)
[staged]   → robot c: candidate 0.616 < current 0.616  ✗ rejected
[staged]   Ph2 robot b  zone 3  (uncovered: 32% of target)
    [parallel] 10 worker threads, one renderer clone each
    init sampling: best coverage score 642.0px of uncovered area  (16 samples)
[staged]   → robot b: IoU 0.616 → 0.631  ✓
    ↑ new global best IoU 0.631  [phase Ph2 robot b]
[staged]   Ph2 robot a  zone 1  (uncovered: 27% of target)
    [parallel] 10 worker threads, one renderer clone each
    init sampling: best coverage score 346.0px of uncovered area  (16 samples)
[staged]   → robot a: IoU 0.631 → 0.667  ✓
    ↑ new global best IoU 0.667  [phase Ph2 robot a]
[staged] Phase 2 done — composite IoU: 0.667

[staged] Best snapshot: Phase 2  IoU=0.667
[staged] Manifold final pass — computing Jacobian  (ε=0.020, 60 renders)
[staged] Manifold basis: k=9D / 30D  (variance≥85%, top eigenvalues: ['508155.53', '219705.28', '152893.75', '86464.41', '85102.33'])
    ↑ new global best IoU 0.683  [manifold final pass]
[staged] Manifold done — IoU: 0.683  (Δ=+0.015)  ✓
[staged] FD refinement — 5 Adam steps  (300 renders, lr=0.01, ε=0.02)
    ↑ new global best IoU 0.713  [FD refinement]
[staged] FD done — IoU: 0.713  (Δ=+0.030)  ✓
[staged] Done — final IoU: 0.713  loss: 0.2888
[staged] Popsize: per-robot phases=32  final=32  (theory optimum for 6 DOF = 10)

[staged] Hungarian pre-assignment  (5×5 cost matrix, 8 samples/entry = 200 renders)...
[staged]   robot_a → zone 4  robot_b → zone 0  robot_c → zone 2  robot_d → zone 1  robot_e → zone 3

[staged] Phase 1 — forward greedy  (8 iters × 5 robot(s), sigma=0.40×1.00, popsize=32)
[staged]   Ph1 robot a  zone 4  (uncovered: 21% of target)
    voronoi warm-start: IoU 0.217 → 0.218 ✓
    [parallel] 10 worker threads, one renderer clone each
    init sampling: best coverage score 0.0px of uncovered area  (8 samples)
[staged]   → robot a: IoU 0.217 → 0.483  ✓
    ↑ new global best IoU 0.483  [phase Ph1 robot a]
[staged]   Ph1 robot b  zone 0  (uncovered: 5% of target)
    voronoi warm-start: IoU 0.446 ≤ 0.483, kept current
    [parallel] 10 worker threads, one renderer clone each
    init sampling: best coverage score 156.0px of uncovered area  (16 samples)
[staged]   → robot b: IoU 0.483 → 0.514  ✓
    ↑ new global best IoU 0.514  [phase Ph1 robot b]
[staged]   Ph1 robot c  zone 2  (uncovered: 4% of target)
    voronoi warm-start: IoU 0.480 ≤ 0.514, kept current
    [parallel] 10 worker threads, one renderer clone each
    init sampling: best coverage score 171.0px of uncovered area  (16 samples)
[staged]   → robot c: IoU 0.514 → 0.645  ✓
    ↑ new global best IoU 0.645  [phase Ph1 robot c]
[staged]   Ph1 robot d  zone 1  (uncovered: 3% of target)
    voronoi warm-start: IoU 0.615 ≤ 0.645, kept current
    [parallel] 10 worker threads, one renderer clone each
    init sampling: best coverage score 108.0px of uncovered area  (16 samples)
[staged]   → robot d: IoU 0.645 → 0.664  ✓
    ↑ new global best IoU 0.664  [phase Ph1 robot d]
[staged]   Ph1 robot e  zone 3  (uncovered: 11% of target)
    voronoi warm-start: IoU 0.603 ≤ 0.664, kept current
    [parallel] 10 worker threads, one renderer clone each
    init sampling: best coverage score 0.0px of uncovered area  (16 samples)
[staged]   → robot e: IoU 0.664 → 0.689  ✓
    ↑ new global best IoU 0.689  [phase Ph1 robot e]
[staged] Phase 1 done — composite IoU: 0.689

[staged] Phase 2 — backward pass  (8 iters × 5 robots, sigma=0.300)
[staged]   contributions before Phase 2:
[staged]     robot a: +0.285 IoU
[staged]     robot b: +0.037 IoU  ← low
[staged]     robot c: +0.076 IoU
[staged]     robot d: +0.036 IoU  ← low
[staged]     robot e: +0.025 IoU  ← low
[staged]   Ph2 robot e  zone 3  (uncovered: 19% of target)
    [parallel] 10 worker threads, one renderer clone each
    init sampling: best coverage score 83.0px of uncovered area  (16 samples)
[staged]   → robot e: candidate 0.680 < current 0.689  ✗ rejected
[staged]   Ph2 robot d  zone 1  (uncovered: 20% of target)
    [parallel] 10 worker threads, one renderer clone each
    init sampling: best coverage score 139.0px of uncovered area  (16 samples)
[staged]   → robot d: IoU 0.689 → 0.697  ✓
    ↑ new global best IoU 0.697  [phase Ph2 robot d]
[staged]   Ph2 robot c  zone 2  (uncovered: 34% of target)
    [parallel] 10 worker threads, one renderer clone each
    init sampling: best coverage score 268.0px of uncovered area  (16 samples)
[staged]   → robot c: IoU 0.697 → 0.705  ✓
    ↑ new global best IoU 0.705  [phase Ph2 robot c]
[staged]   Ph2 robot b  zone 0  (uncovered: 19% of target)
    [parallel] 10 worker threads, one renderer clone each
    init sampling: best coverage score 170.0px of uncovered area  (16 samples)
[staged]   → robot b: candidate 0.690 < current 0.705  ✗ rejected
[staged]   Ph2 robot a  zone 4  (uncovered: 48% of target)
    [parallel] 10 worker threads, one renderer clone each
    init sampling: best coverage score 601.0px of uncovered area  (16 samples)
[staged]   → robot a: candidate 0.601 < current 0.705  ✗ rejected
[staged] Phase 2 done — composite IoU: 0.705

[staged] Best snapshot: Phase 2  IoU=0.705
[staged] Manifold final pass — computing Jacobian  (ε=0.020, 60 renders)
[staged] Manifold basis: k=9D / 30D  (variance≥85%, top eigenvalues: ['399283.28', '133041.02', '98863.94', '77896.50', '54868.65'])
    ↑ new global best IoU 0.723  [manifold final pass]
[staged] Manifold done — IoU: 0.723  (Δ=+0.018)  ✓
[staged] FD refinement — 5 Adam steps  (300 renders, lr=0.01, ε=0.02)
    ↑ new global best IoU 0.743  [FD refinement]
[staged] FD done — IoU: 0.743  (Δ=+0.021)  ✓
[staged] Done — final IoU: 0.743  loss: 0.2573
[staged] Popsize: per-robot phases=32  final=32  (theory optimum for 6 DOF = 10)

[staged] Hungarian pre-assignment  (5×5 cost matrix, 8 samples/entry = 200 renders)...
[staged]   robot_a → zone 1  robot_b → zone 3  robot_c → zone 4  robot_d → zone 0  robot_e → zone 2

[staged] Phase 1 — forward greedy  (8 iters × 5 robot(s), sigma=0.40×1.00, popsize=32)
[staged]   Ph1 robot a  zone 1  (uncovered: 20% of target)
    voronoi warm-start: IoU 0.217 → 0.218 ✓
    [parallel] 10 worker threads, one renderer clone each
    init sampling: best coverage score 150.0px of uncovered area  (8 samples)
[staged]   → robot a: IoU 0.217 → 0.490  ✓
    ↑ new global best IoU 0.490  [phase Ph1 robot a]
[staged]   Ph1 robot b  zone 3  (uncovered: 5% of target)
    voronoi warm-start: IoU 0.454 ≤ 0.490, kept current
    [parallel] 10 worker threads, one renderer clone each
    init sampling: best coverage score 188.0px of uncovered area  (16 samples)
[staged]   → robot b: IoU 0.490 → 0.634  ✓
    ↑ new global best IoU 0.634  [phase Ph1 robot b]
[staged]   Ph1 robot c  zone 4  (uncovered: 7% of target)
    voronoi warm-start: IoU 0.566 ≤ 0.634, kept current
    [parallel] 10 worker threads, one renderer clone each
    init sampling: best coverage score 154.0px of uncovered area  (16 samples)
[staged]   → robot c: IoU 0.634 → 0.677  ✓
    ↑ new global best IoU 0.677  [phase Ph1 robot c]
[staged]   Ph1 robot d  zone 0  (uncovered: 1% of target)
    voronoi warm-start: IoU 0.657 ≤ 0.677, kept current
    [parallel] 10 worker threads, one renderer clone each
    init sampling: best coverage score 2.0px of uncovered area  (16 samples)
[staged]   → robot d: IoU 0.677 → 0.685  ✓
    ↑ new global best IoU 0.685  [phase Ph1 robot d]
[staged]   Ph1 robot e  zone 2  (uncovered: 5% of target)
    voronoi warm-start: IoU 0.627 ≤ 0.685, kept current
    [parallel] 10 worker threads, one renderer clone each
    init sampling: best coverage score 32.0px of uncovered area  (16 samples)
[staged]   → robot e: IoU 0.685 → 0.710  ✓
    ↑ new global best IoU 0.710  [phase Ph1 robot e]
[staged] Phase 1 done — composite IoU: 0.710

[staged] Phase 2 — backward pass  (8 iters × 5 robots, sigma=0.300)
[staged]   contributions before Phase 2:
[staged]     robot a: +0.202 IoU
[staged]     robot b: +0.056 IoU
[staged]     robot c: +0.052 IoU
[staged]     robot d: +0.025 IoU  ← low
[staged]     robot e: +0.025 IoU  ← low
[staged]   Ph2 robot e  zone 2  (uncovered: 15% of target)
    [parallel] 10 worker threads, one renderer clone each
    init sampling: best coverage score 92.0px of uncovered area  (16 samples)
[staged]   → robot e: candidate 0.707 < current 0.710  ✗ rejected
[staged]   Ph2 robot d  zone 0  (uncovered: 13% of target)
    [parallel] 10 worker threads, one renderer clone each
    init sampling: best coverage score 101.0px of uncovered area  (16 samples)
[staged]   → robot d: IoU 0.710 → 0.711  ✓
    ↑ new global best IoU 0.711  [phase Ph2 robot d]
[staged]   Ph2 robot c  zone 4  (uncovered: 16% of target)
    [parallel] 10 worker threads, one renderer clone each
    init sampling: best coverage score 169.0px of uncovered area  (16 samples)
[staged]   → robot c: IoU 0.711 → 0.714  ✓
    ↑ new global best IoU 0.714  [phase Ph2 robot c]
[staged]   Ph2 robot b  zone 3  (uncovered: 17% of target)
    [parallel] 10 worker threads, one renderer clone each
    init sampling: best coverage score 253.0px of uncovered area  (16 samples)
[staged]   → robot b: IoU 0.714 → 0.714  ✓
    ↑ new global best IoU 0.714  [phase Ph2 robot b]
[staged]   Ph2 robot a  zone 1  (uncovered: 39% of target)
    [parallel] 10 worker threads, one renderer clone each
    init sampling: best coverage score 367.0px of uncovered area  (16 samples)
[staged]   → robot a: IoU 0.714 → 0.715  ✓
    ↑ new global best IoU 0.715  [phase Ph2 robot a]
[staged] Phase 2 done — composite IoU: 0.715

[staged] Best snapshot: Phase 2  IoU=0.715
[staged] Manifold final pass — computing Jacobian  (ε=0.020, 60 renders)
[staged] Manifold basis: k=8D / 30D  (variance≥85%, top eigenvalues: ['650727.62', '222606.02', '186537.23', '93366.55', '85892.56'])
    ↑ new global best IoU 0.719  [manifold final pass]
[staged] Manifold done — IoU: 0.719  (Δ=+0.003)  ✓
[staged] FD refinement — 5 Adam steps  (300 renders, lr=0.01, ε=0.02)
    ↑ new global best IoU 0.737  [FD refinement]
[staged] FD done — IoU: 0.737  (Δ=+0.018)  ✓
[staged] Done — final IoU: 0.737  loss: 0.2646
[staged] Popsize: per-robot phases=32  final=32  (theory optimum for 6 DOF = 10)

[staged] Hungarian pre-assignment  (5×5 cost matrix, 8 samples/entry = 200 renders)...
[staged]   robot_a → zone 0  robot_b → zone 1  robot_c → zone 4  robot_d → zone 2  robot_e → zone 3

[staged] Phase 1 — forward greedy  (8 iters × 5 robot(s), sigma=0.40×1.00, popsize=32)
[staged]   Ph1 robot a  zone 0  (uncovered: 22% of target)
    voronoi warm-start: IoU 0.217 → 0.300 ✓
    [parallel] 10 worker threads, one renderer clone each
    init sampling: best coverage score 482.0px of uncovered area  (8 samples)
[staged]   → robot a: IoU 0.217 → 0.483  ✓
    ↑ new global best IoU 0.483  [phase Ph1 robot a]
[staged]   Ph1 robot b  zone 1  (uncovered: 5% of target)
    voronoi warm-start: IoU 0.418 ≤ 0.483, kept current
    [parallel] 10 worker threads, one renderer clone each
    init sampling: best coverage score 197.0px of uncovered area  (16 samples)
[staged]   → robot b: IoU 0.483 → 0.517  ✓
    ↑ new global best IoU 0.517  [phase Ph1 robot b]
[staged]   Ph1 robot c  zone 4  (uncovered: 1% of target)
    voronoi warm-start: IoU 0.488 ≤ 0.517, kept current
    [parallel] 10 worker threads, one renderer clone each
    init sampling: best coverage score 50.0px of uncovered area  (16 samples)
[staged]   → robot c: IoU 0.517 → 0.584  ✓
    ↑ new global best IoU 0.584  [phase Ph1 robot c]
[staged]   Ph1 robot d  zone 2  (uncovered: 11% of target)
    voronoi warm-start: IoU 0.556 ≤ 0.584, kept current
    [parallel] 10 worker threads, one renderer clone each
    init sampling: best coverage score 75.0px of uncovered area  (16 samples)
[staged]   → robot d: IoU 0.584 → 0.615  ✓
    ↑ new global best IoU 0.615  [phase Ph1 robot d]
[staged]   Ph1 robot e  zone 3  (uncovered: 2% of target)
    voronoi warm-start: IoU 0.599 ≤ 0.615, kept current
    [parallel] 10 worker threads, one renderer clone each
    init sampling: best coverage score 53.0px of uncovered area  (16 samples)
[staged]   → robot e: IoU 0.615 → 0.673  ✓
    ↑ new global best IoU 0.673  [phase Ph1 robot e]
[staged] Phase 1 done — composite IoU: 0.673

[staged] Phase 2 — backward pass  (8 iters × 5 robots, sigma=0.300)
[staged]   contributions before Phase 2:
[staged]     robot a: +0.197 IoU
[staged]     robot b: +0.029 IoU  ← low
[staged]     robot c: +0.036 IoU  ← low
[staged]     robot d: +0.045 IoU  ← low
[staged]     robot e: +0.058 IoU
[staged]   Ph2 robot e  zone 3  (uncovered: 22% of target)
    [parallel] 10 worker threads, one renderer clone each
    init sampling: best coverage score 119.0px of uncovered area  (16 samples)
[staged]   → robot e: candidate 0.660 < current 0.673  ✗ rejected
[staged]   Ph2 robot d  zone 2  (uncovered: 20% of target)
    [parallel] 10 worker threads, one renderer clone each
    init sampling: best coverage score 189.0px of uncovered area  (16 samples)
[staged]   → robot d: candidate 0.664 < current 0.673  ✗ rejected
[staged]   Ph2 robot c  zone 4  (uncovered: 19% of target)
    [parallel] 10 worker threads, one renderer clone each
    init sampling: best coverage score 105.0px of uncovered area  (16 samples)
[staged]   → robot c: candidate 0.646 < current 0.673  ✗ rejected
[staged]   Ph2 robot b  zone 1  (uncovered: 19% of target)
    [parallel] 10 worker threads, one renderer clone each
    init sampling: best coverage score 274.0px of uncovered area  (16 samples)
[staged]   → robot b: candidate 0.647 < current 0.673  ✗ rejected
[staged]   Ph2 robot a  zone 0  (uncovered: 38% of target)
    [parallel] 10 worker threads, one renderer clone each
    init sampling: best coverage score 572.0px of uncovered area  (16 samples)
[staged]   → robot a: IoU 0.673 → 0.679  ✓
    ↑ new global best IoU 0.679  [phase Ph2 robot a]
[staged] Phase 2 done — composite IoU: 0.679

[staged] Best snapshot: Phase 2  IoU=0.679
[staged] Manifold final pass — computing Jacobian  (ε=0.020, 60 renders)
[staged] Manifold basis: k=9D / 30D  (variance≥85%, top eigenvalues: ['441571.91', '294591.09', '226138.42', '129657.25', '94787.87'])
    ↑ new global best IoU 0.701  [manifold final pass]
[staged] Manifold done — IoU: 0.701  (Δ=+0.022)  ✓
[staged] FD refinement — 5 Adam steps  (300 renders, lr=0.01, ε=0.02)
    ↑ new global best IoU 0.717  [FD refinement]
[staged] FD done — IoU: 0.717  (Δ=+0.016)  ✓
[staged] Done — final IoU: 0.717  loss: 0.2844
[shard 0] 4/10 letters_upper/U_dejavusans-bold  best=0.764 mean=0.735±0.019  142s  eta 0.2h
[staged] Popsize: per-robot phases=32  final=32  (theory optimum for 6 DOF = 10)

[staged] Hungarian pre-assignment  (5×5 cost matrix, 8 samples/entry = 200 renders)...
[staged]   robot_a → zone 3  robot_b → zone 4  robot_c → zone 1  robot_d → zone 0  robot_e → zone 2

[staged] Phase 1 — forward greedy  (8 iters × 5 robot(s), sigma=0.40×1.00, popsize=32)
[staged]   Ph1 robot a  zone 3  (uncovered: 16% of target)
    voronoi warm-start: IoU 0.190 ≤ 0.213, kept current
    [parallel] 10 worker threads, one renderer clone each
    init sampling: best coverage score 50.0px of uncovered area  (16 samples)
[staged]   → robot a: IoU 0.213 → 0.458  ✓
    ↑ new global best IoU 0.458  [phase Ph1 robot a]
[staged]   Ph1 robot b  zone 4  (uncovered: 9% of target)
    voronoi warm-start: IoU 0.423 ≤ 0.458, kept current
    [parallel] 10 worker threads, one renderer clone each
    init sampling: best coverage score 108.0px of uncovered area  (16 samples)
[staged]   → robot b: IoU 0.458 → 0.529  ✓
    ↑ new global best IoU 0.529  [phase Ph1 robot b]
[staged]   Ph1 robot c  zone 1  (uncovered: 5% of target)
    voronoi warm-start: IoU 0.505 ≤ 0.529, kept current
    [parallel] 10 worker threads, one renderer clone each
    init sampling: best coverage score 24.0px of uncovered area  (16 samples)
[staged]   → robot c: IoU 0.529 → 0.573  ✓
    ↑ new global best IoU 0.573  [phase Ph1 robot c]
[staged]   Ph1 robot d  zone 0  (uncovered: 2% of target)
    voronoi warm-start: IoU 0.542 ≤ 0.573, kept current
    [parallel] 10 worker threads, one renderer clone each
    init sampling: best coverage score 86.0px of uncovered area  (16 samples)
[staged]   → robot d: IoU 0.573 → 0.581  ✓
    ↑ new global best IoU 0.581  [phase Ph1 robot d]
[staged]   Ph1 robot e  zone 2  (uncovered: 0% of target)
    voronoi warm-start: IoU 0.529 ≤ 0.581, kept current
    [parallel] 10 worker threads, one renderer clone each
    init sampling: best coverage score 11.0px of uncovered area  (16 samples)
[staged]   → robot e: IoU 0.581 → 0.598  ✓
    ↑ new global best IoU 0.598  [phase Ph1 robot e]
[staged] Phase 1 done — composite IoU: 0.598

[staged] Phase 2 — backward pass  (8 iters × 5 robots, sigma=0.300)
[staged]   contributions before Phase 2:
[staged]     robot a: +0.100 IoU
[staged]     robot b: +0.029 IoU  ← low
[staged]     robot c: +0.046 IoU  ← low
[staged]     robot d: +0.009 IoU  ← low
[staged]     robot e: +0.017 IoU  ← low
[staged]   Ph2 robot e  zone 2  (uncovered: 11% of target)
    [parallel] 10 worker threads, one renderer clone each
    init sampling: best coverage score 34.0px of uncovered area  (16 samples)
[staged]   → robot e: candidate 0.583 < current 0.598  ✗ rejected
[staged]   Ph2 robot d  zone 0  (uncovered: 9% of target)
    [parallel] 10 worker threads, one renderer clone each
    init sampling: best coverage score 90.0px of uncovered area  (16 samples)
[staged]   → robot d: IoU 0.598 → 0.606  ✓
    ↑ new global best IoU 0.606  [phase Ph2 robot d]
[staged]   Ph2 robot c  zone 1  (uncovered: 15% of target)
    [parallel] 10 worker threads, one renderer clone each
    init sampling: best coverage score 74.0px of uncovered area  (16 samples)
[staged]   → robot c: candidate 0.599 < current 0.606  ✗ rejected
[staged]   Ph2 robot b  zone 4  (uncovered: 19% of target)
    [parallel] 10 worker threads, one renderer clone each
    init sampling: best coverage score 121.0px of uncovered area  (16 samples)
[staged]   → robot b: candidate 0.597 < current 0.606  ✗ rejected
[staged]   Ph2 robot a  zone 3  (uncovered: 25% of target)
    [parallel] 10 worker threads, one renderer clone each
    init sampling: best coverage score 254.0px of uncovered area  (16 samples)
[staged]   → robot a: candidate 0.556 < current 0.606  ✗ rejected
[staged] Phase 2 done — composite IoU: 0.606

[staged] Best snapshot: Phase 2  IoU=0.606
[staged] Manifold final pass — computing Jacobian  (ε=0.020, 60 renders)
[staged] Manifold basis: k=9D / 30D  (variance≥85%, top eigenvalues: ['391701.62', '206780.23', '159243.42', '143968.91', '86097.34'])
    ↑ new global best IoU 0.610  [manifold final pass]
[staged] Manifold done — IoU: 0.610  (Δ=+0.005)  ✓
[staged] FD refinement — 5 Adam steps  (300 renders, lr=0.01, ε=0.02)
    ↑ new global best IoU 0.620  [FD refinement]
[staged] FD done — IoU: 0.620  (Δ=+0.010)  ✓
[staged] Done — final IoU: 0.620  loss: 0.3819
[staged] Popsize: per-robot phases=32  final=32  (theory optimum for 6 DOF = 10)

[staged] Hungarian pre-assignment  (5×5 cost matrix, 8 samples/entry = 200 renders)...
[staged]   robot_a → zone 1  robot_b → zone 4  robot_c → zone 0  robot_d → zone 2  robot_e → zone 3

[staged] Phase 1 — forward greedy  (8 iters × 5 robot(s), sigma=0.40×1.00, popsize=32)
[staged]   Ph1 robot a  zone 1  (uncovered: 24% of target)
    voronoi warm-start: IoU 0.210 ≤ 0.213, kept current
    [parallel] 10 worker threads, one renderer clone each
    init sampling: best coverage score 285.0px of uncovered area  (16 samples)
[staged]   → robot a: IoU 0.213 → 0.387  ✓
    ↑ new global best IoU 0.387  [phase Ph1 robot a]
[staged]   Ph1 robot b  zone 4  (uncovered: 9% of target)
    voronoi warm-start: IoU 0.323 ≤ 0.387, kept current
    [parallel] 10 worker threads, one renderer clone each
    init sampling: best coverage score 247.0px of uncovered area  (16 samples)
[staged]   → robot b: IoU 0.387 → 0.512  ✓
    ↑ new global best IoU 0.512  [phase Ph1 robot b]
[staged]   Ph1 robot c  zone 0  (uncovered: 1% of target)
    voronoi warm-start: IoU 0.421 ≤ 0.512, kept current
    [parallel] 10 worker threads, one renderer clone each
    init sampling: best coverage score 33.0px of uncovered area  (16 samples)
[staged]   → robot c: IoU 0.512 → 0.585  ✓
    ↑ new global best IoU 0.585  [phase Ph1 robot c]
[staged]   Ph1 robot d  zone 2  (uncovered: 3% of target)
    voronoi warm-start: IoU 0.539 ≤ 0.585, kept current
    [parallel] 10 worker threads, one renderer clone each
    init sampling: best coverage score 113.0px of uncovered area  (16 samples)
[staged]   → robot d: candidate 0.570 < current 0.585  ✗ rejected
[staged]   Ph1 robot e  zone 3  (uncovered: 6% of target)
    voronoi warm-start: IoU 0.531 ≤ 0.585, kept current
    [parallel] 10 worker threads, one renderer clone each
    init sampling: best coverage score 106.0px of uncovered area  (16 samples)
[staged]   → robot e: IoU 0.585 → 0.606  ✓
    ↑ new global best IoU 0.606  [phase Ph1 robot e]
[staged] Phase 1 done — composite IoU: 0.606

[staged] Phase 2 — backward pass  (8 iters × 5 robots, sigma=0.300)
[staged]   contributions before Phase 2:
[staged]     robot a: +0.086 IoU
[staged]     robot b: +0.125 IoU
[staged]     robot c: +0.077 IoU
[staged]     robot d: +0.000 IoU  ← low
[staged]     robot e: +0.021 IoU  ← low
[staged]   Ph2 robot e  zone 3  (uncovered: 20% of target)
    [parallel] 10 worker threads, one renderer clone each
    init sampling: best coverage score 141.0px of uncovered area  (16 samples)
[staged]   → robot e: IoU 0.606 → 0.613  ✓
    ↑ new global best IoU 0.613  [phase Ph2 robot e]
[staged]   Ph2 robot d  zone 2  (uncovered: 16% of target)
    [parallel] 10 worker threads, one renderer clone each
    init sampling: best coverage score 121.0px of uncovered area  (16 samples)
[staged]   → robot d: IoU 0.613 → 0.634  ✓
    ↑ new global best IoU 0.634  [phase Ph2 robot d]
[staged]   Ph2 robot c  zone 0  (uncovered: 17% of target)
    [parallel] 10 worker threads, one renderer clone each
    init sampling: best coverage score 83.0px of uncovered area  (16 samples)
[staged]   → robot c: candidate 0.617 < current 0.634  ✗ rejected
[staged]   Ph2 robot b  zone 4  (uncovered: 29% of target)
    [parallel] 10 worker threads, one renderer clone each
    init sampling: best coverage score 523.0px of uncovered area  (16 samples)
[staged]   → robot b: IoU 0.634 → 0.639  ✓
    ↑ new global best IoU 0.639  [phase Ph2 robot b]
[staged]   Ph2 robot a  zone 1  (uncovered: 39% of target)
    [parallel] 10 worker threads, one renderer clone each
    init sampling: best coverage score 319.0px of uncovered area  (16 samples)
[staged]   → robot a: IoU 0.639 → 0.656  ✓
    ↑ new global best IoU 0.656  [phase Ph2 robot a]
[staged] Phase 2 done — composite IoU: 0.656

[staged] Best snapshot: Phase 2  IoU=0.656
[staged] Manifold final pass — computing Jacobian  (ε=0.020, 60 renders)
[staged] Manifold basis: k=7D / 30D  (variance≥85%, top eigenvalues: ['983470.31', '119085.21', '113444.55', '90301.30', '78164.82'])
[staged] Manifold did not improve (0.638 vs 0.656), keeping best snapshot
[staged] FD refinement — 5 Adam steps  (300 renders, lr=0.01, ε=0.02)
    ↑ new global best IoU 0.679  [FD refinement]
[staged] FD done — IoU: 0.679  (Δ=+0.023)  ✓
[staged] Done — final IoU: 0.679  loss: 0.3224
[staged] Popsize: per-robot phases=32  final=32  (theory optimum for 6 DOF = 10)

[staged] Hungarian pre-assignment  (5×5 cost matrix, 8 samples/entry = 200 renders)...
[staged]   robot_a → zone 2  robot_b → zone 4  robot_c → zone 0  robot_d → zone 1  robot_e → zone 3

[staged] Phase 1 — forward greedy  (8 iters × 5 robot(s), sigma=0.40×1.00, popsize=32)
[staged]   Ph1 robot a  zone 2  (uncovered: 21% of target)
    voronoi warm-start: IoU 0.198 ≤ 0.213, kept current
    [parallel] 10 worker threads, one renderer clone each
    init sampling: best coverage score 550.0px of uncovered area  (16 samples)
[staged]   → robot a: IoU 0.213 → 0.364  ✓
    ↑ new global best IoU 0.364  [phase Ph1 robot a]
[staged]   Ph1 robot b  zone 4  (uncovered: 3% of target)
    voronoi warm-start: IoU 0.347 ≤ 0.364, kept current
    [parallel] 10 worker threads, one renderer clone each
    init sampling: best coverage score 26.0px of uncovered area  (16 samples)
[staged]   → robot b: IoU 0.364 → 0.485  ✓
    ↑ new global best IoU 0.485  [phase Ph1 robot b]
[staged]   Ph1 robot c  zone 0  (uncovered: 9% of target)
    voronoi warm-start: IoU 0.485 → 0.501 ✓
    [parallel] 10 worker threads, one renderer clone each
    init sampling: best coverage score 149.0px of uncovered area  (8 samples)
[staged]   → robot c: IoU 0.485 → 0.528  ✓
    ↑ new global best IoU 0.528  [phase Ph1 robot c]
[staged]   Ph1 robot d  zone 1  (uncovered: 6% of target)
    voronoi warm-start: IoU 0.505 ≤ 0.528, kept current
    [parallel] 10 worker threads, one renderer clone each
    init sampling: best coverage score 97.0px of uncovered area  (16 samples)
[staged]   → robot d: IoU 0.528 → 0.551  ✓
    ↑ new global best IoU 0.551  [phase Ph1 robot d]
[staged]   Ph1 robot e  zone 3  (uncovered: 12% of target)
    voronoi warm-start: IoU 0.494 ≤ 0.551, kept current
    [parallel] 10 worker threads, one renderer clone each
    init sampling: best coverage score 90.0px of uncovered area  (16 samples)
[staged]   → robot e: IoU 0.551 → 0.587  ✓
    ↑ new global best IoU 0.587  [phase Ph1 robot e]
[staged] Phase 1 done — composite IoU: 0.587

[staged] Phase 2 — backward pass  (8 iters × 5 robots, sigma=0.300)
[staged]   contributions before Phase 2:
[staged]     robot a: +0.092 IoU
[staged]     robot b: +0.108 IoU
[staged]     robot c: +0.051 IoU
[staged]     robot d: +0.041 IoU  ← low
[staged]     robot e: +0.036 IoU  ← low
[staged]   Ph2 robot e  zone 3  (uncovered: 17% of target)
    [parallel] 10 worker threads, one renderer clone each
    init sampling: best coverage score 165.0px of uncovered area  (16 samples)
[staged]   → robot e: IoU 0.587 → 0.606  ✓
    ↑ new global best IoU 0.606  [phase Ph2 robot e]
[staged]   Ph2 robot d  zone 1  (uncovered: 14% of target)
    [parallel] 10 worker threads, one renderer clone each
    init sampling: best coverage score 98.0px of uncovered area  (16 samples)
[staged]   → robot d: candidate 0.599 < current 0.606  ✗ rejected
[staged]   Ph2 robot c  zone 0  (uncovered: 16% of target)
    [parallel] 10 worker threads, one renderer clone each
    init sampling: best coverage score 245.0px of uncovered area  (16 samples)
[staged]   → robot c: IoU 0.606 → 0.612  ✓
    ↑ new global best IoU 0.612  [phase Ph2 robot c]
[staged]   Ph2 robot b  zone 4  (uncovered: 28% of target)
    [parallel] 10 worker threads, one renderer clone each
    init sampling: best coverage score 656.0px of uncovered area  (16 samples)
[staged]   → robot b: candidate 0.581 < current 0.612  ✗ rejected
[staged]   Ph2 robot a  zone 2  (uncovered: 27% of target)
    [parallel] 10 worker threads, one renderer clone each
    init sampling: best coverage score 265.0px of uncovered area  (16 samples)
[staged]   → robot a: IoU 0.612 → 0.657  ✓
    ↑ new global best IoU 0.657  [phase Ph2 robot a]
[staged] Phase 2 done — composite IoU: 0.657

[staged] Best snapshot: Phase 2  IoU=0.657
[staged] Manifold final pass — computing Jacobian  (ε=0.020, 60 renders)
[staged] Manifold basis: k=10D / 30D  (variance≥85%, top eigenvalues: ['404661.34', '148843.00', '109353.59', '104398.97', '82104.95'])
[staged] Manifold did not improve (0.631 vs 0.657), keeping best snapshot
[staged] FD refinement — 5 Adam steps  (300 renders, lr=0.01, ε=0.02)
    ↑ new global best IoU 0.672  [FD refinement]
[staged] FD done — IoU: 0.672  (Δ=+0.015)  ✓
[staged] Done — final IoU: 0.672  loss: 0.3294
[staged] Popsize: per-robot phases=32  final=32  (theory optimum for 6 DOF = 10)

[staged] Hungarian pre-assignment  (5×5 cost matrix, 8 samples/entry = 200 renders)...
[staged]   robot_a → zone 3  robot_b → zone 1  robot_c → zone 0  robot_d → zone 2  robot_e → zone 4

[staged] Phase 1 — forward greedy  (8 iters × 5 robot(s), sigma=0.40×1.00, popsize=32)
[staged]   Ph1 robot a  zone 3  (uncovered: 16% of target)
    voronoi warm-start: IoU 0.190 ≤ 0.213, kept current
    [parallel] 10 worker threads, one renderer clone each
    init sampling: best coverage score 252.0px of uncovered area  (16 samples)
[staged]   → robot a: IoU 0.213 → 0.392  ✓
    ↑ new global best IoU 0.392  [phase Ph1 robot a]
[staged]   Ph1 robot b  zone 1  (uncovered: 9% of target)
    voronoi warm-start: IoU 0.295 ≤ 0.392, kept current
    [parallel] 10 worker threads, one renderer clone each
    init sampling: best coverage score 107.0px of uncovered area  (16 samples)
[staged]   → robot b: IoU 0.392 → 0.461  ✓
    ↑ new global best IoU 0.461  [phase Ph1 robot b]
[staged]   Ph1 robot c  zone 0  (uncovered: 11% of target)
    voronoi warm-start: IoU 0.434 ≤ 0.461, kept current
    [parallel] 10 worker threads, one renderer clone each
    init sampling: best coverage score 77.0px of uncovered area  (16 samples)
[staged]   → robot c: IoU 0.461 → 0.477  ✓
    ↑ new global best IoU 0.477  [phase Ph1 robot c]
[staged]   Ph1 robot d  zone 2  (uncovered: 3% of target)
    voronoi warm-start: IoU 0.447 ≤ 0.477, kept current
    [parallel] 10 worker threads, one renderer clone each
    init sampling: best coverage score 79.0px of uncovered area  (16 samples)
[staged]   → robot d: IoU 0.477 → 0.497  ✓
    ↑ new global best IoU 0.497  [phase Ph1 robot d]
[staged]   Ph1 robot e  zone 4  (uncovered: 4% of target)
    voronoi warm-start: IoU 0.473 ≤ 0.497, kept current
    [parallel] 10 worker threads, one renderer clone each
    init sampling: best coverage score 88.0px of uncovered area  (16 samples)
[staged]   → robot e: IoU 0.497 → 0.530  ✓
    ↑ new global best IoU 0.530  [phase Ph1 robot e]
[staged] Phase 1 done — composite IoU: 0.530

[staged] Phase 2 — backward pass  (8 iters × 5 robots, sigma=0.300)
[staged]   contributions before Phase 2:
[staged]     robot a: +0.114 IoU
[staged]     robot b: +0.067 IoU
[staged]     robot c: +0.030 IoU  ← low
[staged]     robot d: +0.034 IoU  ← low
[staged]     robot e: +0.033 IoU  ← low
[staged]   Ph2 robot e  zone 4  (uncovered: 25% of target)
    [parallel] 10 worker threads, one renderer clone each
    init sampling: best coverage score 279.0px of uncovered area  (16 samples)
[staged]   → robot e: IoU 0.530 → 0.550  ✓
    ↑ new global best IoU 0.550  [phase Ph2 robot e]
[staged]   Ph2 robot d  zone 2  (uncovered: 22% of target)
    [parallel] 10 worker threads, one renderer clone each
    init sampling: best coverage score 126.0px of uncovered area  (16 samples)
[staged]   → robot d: IoU 0.550 → 0.553  ✓
    ↑ new global best IoU 0.553  [phase Ph2 robot d]
[staged]   Ph2 robot c  zone 0  (uncovered: 18% of target)
    [parallel] 10 worker threads, one renderer clone each
    init sampling: best coverage score 73.0px of uncovered area  (16 samples)
[staged]   → robot c: candidate 0.549 < current 0.553  ✗ rejected
[staged]   Ph2 robot b  zone 1  (uncovered: 31% of target)
    [parallel] 10 worker threads, one renderer clone each
    init sampling: best coverage score 289.0px of uncovered area  (16 samples)
[staged]   → robot b: candidate 0.537 < current 0.553  ✗ rejected
[staged]   Ph2 robot a  zone 3  (uncovered: 32% of target)
    [parallel] 10 worker threads, one renderer clone each
    init sampling: best coverage score 334.0px of uncovered area  (16 samples)
[staged]   → robot a: IoU 0.553 → 0.577  ✓
    ↑ new global best IoU 0.577  [phase Ph2 robot a]
[staged] Phase 2 done — composite IoU: 0.577

[staged] Best snapshot: Phase 2  IoU=0.577
[staged] Manifold final pass — computing Jacobian  (ε=0.020, 60 renders)
[staged] Manifold basis: k=8D / 30D  (variance≥85%, top eigenvalues: ['542378.44', '458136.53', '170076.11', '125683.96', '100945.55'])
    ↑ new global best IoU 0.608  [manifold final pass]
[staged] Manifold done — IoU: 0.608  (Δ=+0.031)  ✓
[staged] FD refinement — 5 Adam steps  (300 renders, lr=0.01, ε=0.02)
    ↑ new global best IoU 0.647  [FD refinement]
[staged] FD done — IoU: 0.647  (Δ=+0.039)  ✓
[staged] Done — final IoU: 0.647  loss: 0.3537
[staged] Popsize: per-robot phases=32  final=32  (theory optimum for 6 DOF = 10)

[staged] Hungarian pre-assignment  (5×5 cost matrix, 8 samples/entry = 200 renders)...
[staged]   robot_a → zone 3  robot_b → zone 4  robot_c → zone 0  robot_d → zone 2  robot_e → zone 1

[staged] Phase 1 — forward greedy  (8 iters × 5 robot(s), sigma=0.40×1.00, popsize=32)
[staged]   Ph1 robot a  zone 3  (uncovered: 8% of target)
    voronoi warm-start: IoU 0.181 ≤ 0.213, kept current
    [parallel] 10 worker threads, one renderer clone each
    init sampling: best coverage score 107.0px of uncovered area  (16 samples)
[staged]   → robot a: IoU 0.213 → 0.405  ✓
    ↑ new global best IoU 0.405  [phase Ph1 robot a]
[staged]   Ph1 robot b  zone 4  (uncovered: 7% of target)
    voronoi warm-start: IoU 0.390 ≤ 0.405, kept current
    [parallel] 10 worker threads, one renderer clone each
    init sampling: best coverage score 42.0px of uncovered area  (16 samples)
[staged]   → robot b: candidate 0.376 < current 0.405  ✗ rejected
[staged]   Ph1 robot c  zone 0  (uncovered: 11% of target)
    voronoi warm-start: IoU 0.377 ≤ 0.405, kept current
    [parallel] 10 worker threads, one renderer clone each
    init sampling: best coverage score 333.0px of uncovered area  (16 samples)
[staged]   → robot c: IoU 0.405 → 0.459  ✓
    ↑ new global best IoU 0.459  [phase Ph1 robot c]
[staged]   Ph1 robot d  zone 2  (uncovered: 3% of target)
    voronoi warm-start: IoU 0.417 ≤ 0.459, kept current
    [parallel] 10 worker threads, one renderer clone each
    init sampling: best coverage score 28.0px of uncovered area  (16 samples)
[staged]   → robot d: IoU 0.459 → 0.479  ✓
    ↑ new global best IoU 0.479  [phase Ph1 robot d]
[staged]   Ph1 robot e  zone 1  (uncovered: 5% of target)
    voronoi warm-start: IoU 0.469 ≤ 0.479, kept current
    [parallel] 10 worker threads, one renderer clone each
    init sampling: best coverage score 114.0px of uncovered area  (16 samples)
[staged]   → robot e: IoU 0.479 → 0.513  ✓
    ↑ new global best IoU 0.513  [phase Ph1 robot e]
[staged] Phase 1 done — composite IoU: 0.513

[staged] Phase 2 — backward pass  (8 iters × 5 robots, sigma=0.300)
[staged]   contributions before Phase 2:
[staged]     robot a: +0.128 IoU
[staged]     robot b: +0.000 IoU  ← low
[staged]     robot c: +0.038 IoU  ← low
[staged]     robot d: +0.032 IoU  ← low
[staged]     robot e: +0.035 IoU  ← low
[staged]   Ph2 robot e  zone 1  (uncovered: 18% of target)
    [parallel] 10 worker threads, one renderer clone each
    init sampling: best coverage score 139.0px of uncovered area  (16 samples)
[staged]   → robot e: IoU 0.513 → 0.514  ✓
    ↑ new global best IoU 0.514  [phase Ph2 robot e]
[staged]   Ph2 robot d  zone 2  (uncovered: 19% of target)
    [parallel] 10 worker threads, one renderer clone each
    init sampling: best coverage score 138.0px of uncovered area  (16 samples)
[staged]   → robot d: IoU 0.514 → 0.516  ✓
    ↑ new global best IoU 0.516  [phase Ph2 robot d]
[staged]   Ph2 robot c  zone 0  (uncovered: 25% of target)
    [parallel] 10 worker threads, one renderer clone each
    init sampling: best coverage score 338.0px of uncovered area  (16 samples)
[staged]   → robot c: candidate 0.512 < current 0.516  ✗ rejected
[staged]   Ph2 robot b  zone 4  (uncovered: 15% of target)
    [parallel] 10 worker threads, one renderer clone each
    init sampling: best coverage score 162.0px of uncovered area  (16 samples)
[staged]   → robot b: IoU 0.516 → 0.519  ✓
    ↑ new global best IoU 0.519  [phase Ph2 robot b]
[staged]   Ph2 robot a  zone 3  (uncovered: 44% of target)
    [parallel] 10 worker threads, one renderer clone each
    init sampling: best coverage score 325.0px of uncovered area  (16 samples)
[staged]   → robot a: IoU 0.519 → 0.565  ✓
    ↑ new global best IoU 0.565  [phase Ph2 robot a]
[staged] Phase 2 done — composite IoU: 0.565

[staged] Best snapshot: Phase 2  IoU=0.565
[staged] Manifold final pass — computing Jacobian  (ε=0.020, 60 renders)
[staged] Manifold basis: k=9D / 30D  (variance≥85%, top eigenvalues: ['449260.81', '421297.25', '266443.94', '99757.50', '74411.24'])
[staged] Manifold did not improve (0.561 vs 0.565), keeping best snapshot
[staged] FD refinement — 5 Adam steps  (300 renders, lr=0.01, ε=0.02)
    ↑ new global best IoU 0.596  [FD refinement]
[staged] FD done — IoU: 0.596  (Δ=+0.031)  ✓
[staged] Done — final IoU: 0.596  loss: 0.4059
[shard 0] 5/10 letters_upper/W_dejavusans-bold  best=0.679 mean=0.643±0.031  142s  eta 0.2h
[staged] Popsize: per-robot phases=32  final=32  (theory optimum for 6 DOF = 10)

[staged] Hungarian pre-assignment  (5×5 cost matrix, 8 samples/entry = 200 renders)...
[staged]   robot_a → zone 0  robot_b → zone 3  robot_c → zone 1  robot_d → zone 4  robot_e → zone 2

[staged] Phase 1 — forward greedy  (8 iters × 5 robot(s), sigma=0.40×1.00, popsize=32)
[staged]   Ph1 robot a  zone 0  (uncovered: 14% of target)
    voronoi warm-start: IoU 0.141 ≤ 0.157, kept current
    [parallel] 10 worker threads, one renderer clone each
    init sampling: best coverage score 440.0px of uncovered area  (16 samples)
[staged]   → robot a: IoU 0.157 → 0.398  ✓
    ↑ new global best IoU 0.398  [phase Ph1 robot a]
[staged]   Ph1 robot b  zone 3  (uncovered: 5% of target)
    voronoi warm-start: IoU 0.385 ≤ 0.398, kept current
    [parallel] 10 worker threads, one renderer clone each
    init sampling: best coverage score 147.0px of uncovered area  (16 samples)
[staged]   → robot b: IoU 0.398 → 0.426  ✓
    ↑ new global best IoU 0.426  [phase Ph1 robot b]
[staged]   Ph1 robot c  zone 1  (uncovered: 3% of target)
    voronoi warm-start: IoU 0.389 ≤ 0.426, kept current
    [parallel] 10 worker threads, one renderer clone each
    init sampling: best coverage score 19.0px of uncovered area  (16 samples)
[staged]   → robot c: IoU 0.426 → 0.493  ✓
    ↑ new global best IoU 0.493  [phase Ph1 robot c]
[staged]   Ph1 robot d  zone 4  (uncovered: 7% of target)
    voronoi warm-start: IoU 0.493 ≤ 0.493, kept current
    [parallel] 10 worker threads, one renderer clone each
    init sampling: best coverage score 83.0px of uncovered area  (16 samples)
[staged]   → robot d: IoU 0.493 → 0.551  ✓
    ↑ new global best IoU 0.551  [phase Ph1 robot d]
[staged]   Ph1 robot e  zone 2  (uncovered: 1% of target)
    voronoi warm-start: IoU 0.551 → 0.567 ✓
    [parallel] 10 worker threads, one renderer clone each
    init sampling: best coverage score 3.0px of uncovered area  (8 samples)
[staged]   → robot e: IoU 0.551 → 0.583  ✓
    ↑ new global best IoU 0.583  [phase Ph1 robot e]
[staged] Phase 1 done — composite IoU: 0.583

[staged] Phase 2 — backward pass  (8 iters × 5 robots, sigma=0.300)
[staged]   contributions before Phase 2:
[staged]     robot a: +0.006 IoU  ← low
[staged]     robot b: +0.019 IoU  ← low
[staged]     robot c: +0.084 IoU
[staged]     robot d: +0.071 IoU
[staged]     robot e: +0.032 IoU  ← low
[staged]   Ph2 robot e  zone 2  (uncovered: 13% of target)
    [parallel] 10 worker threads, one renderer clone each
    init sampling: best coverage score 210.0px of uncovered area  (16 samples)
[staged]   → robot e: IoU 0.583 → 0.599  ✓
    ↑ new global best IoU 0.599  [phase Ph2 robot e]
[staged]   Ph2 robot d  zone 4  (uncovered: 18% of target)
    [parallel] 10 worker threads, one renderer clone each
    init sampling: best coverage score 111.0px of uncovered area  (16 samples)
[staged]   → robot d: candidate 0.576 < current 0.599  ✗ rejected
[staged]   Ph2 robot c  zone 1  (uncovered: 18% of target)
    [parallel] 10 worker threads, one renderer clone each
    init sampling: best coverage score 142.0px of uncovered area  (16 samples)
[staged]   → robot c: candidate 0.567 < current 0.599  ✗ rejected
[staged]   Ph2 robot b  zone 3  (uncovered: 20% of target)
    [parallel] 10 worker threads, one renderer clone each
    init sampling: best coverage score 290.0px of uncovered area  (16 samples)
[staged]   → robot b: IoU 0.599 → 0.634  ✓
    ↑ new global best IoU 0.634  [phase Ph2 robot b]
[staged]   Ph2 robot a  zone 0  (uncovered: 22% of target)
    [parallel] 10 worker threads, one renderer clone each
    init sampling: best coverage score 249.0px of uncovered area  (16 samples)
[staged]   → robot a: IoU 0.634 → 0.643  ✓
    ↑ new global best IoU 0.643  [phase Ph2 robot a]
[staged] Phase 2 done — composite IoU: 0.643

[staged] Best snapshot: Phase 2  IoU=0.643
[staged] Manifold final pass — computing Jacobian  (ε=0.020, 60 renders)
[staged] Manifold basis: k=10D / 30D  (variance≥85%, top eigenvalues: ['296994.66', '242569.28', '217936.92', '100385.58', '89297.19'])
    ↑ new global best IoU 0.652  [manifold final pass]
[staged] Manifold done — IoU: 0.652  (Δ=+0.008)  ✓
[staged] FD refinement — 5 Adam steps  (300 renders, lr=0.01, ε=0.02)
    ↑ new global best IoU 0.671  [FD refinement]
[staged] FD done — IoU: 0.671  (Δ=+0.020)  ✓
[staged] Done — final IoU: 0.671  loss: 0.3309
[staged] Popsize: per-robot phases=32  final=32  (theory optimum for 6 DOF = 10)

[staged] Hungarian pre-assignment  (5×5 cost matrix, 8 samples/entry = 200 renders)...
[staged]   robot_a → zone 4  robot_b → zone 3  robot_c → zone 0  robot_d → zone 2  robot_e → zone 1

[staged] Phase 1 — forward greedy  (8 iters × 5 robot(s), sigma=0.40×1.00, popsize=32)
[staged]   Ph1 robot a  zone 4  (uncovered: 24% of target)
    voronoi warm-start: IoU 0.157 → 0.256 ✓
    [parallel] 10 worker threads, one renderer clone each
    init sampling: best coverage score 0.0px of uncovered area  (8 samples)
[staged]   → robot a: IoU 0.157 → 0.438  ✓
    ↑ new global best IoU 0.438  [phase Ph1 robot a]
[staged]   Ph1 robot b  zone 3  (uncovered: 17% of target)
    voronoi warm-start: IoU 0.424 ≤ 0.438, kept current
    [parallel] 10 worker threads, one renderer clone each
    init sampling: best coverage score 289.0px of uncovered area  (16 samples)
[staged]   → robot b: IoU 0.438 → 0.512  ✓
    ↑ new global best IoU 0.512  [phase Ph1 robot b]
[staged]   Ph1 robot c  zone 0  (uncovered: 11% of target)
    voronoi warm-start: IoU 0.501 ≤ 0.512, kept current
    [parallel] 10 worker threads, one renderer clone each
    init sampling: best coverage score 79.0px of uncovered area  (16 samples)
[staged]   → robot c: IoU 0.512 → 0.544  ✓
    ↑ new global best IoU 0.544  [phase Ph1 robot c]
[staged]   Ph1 robot d  zone 2  (uncovered: 1% of target)
    voronoi warm-start: IoU 0.533 ≤ 0.544, kept current
    [parallel] 10 worker threads, one renderer clone each
    init sampling: best coverage score 19.0px of uncovered area  (16 samples)
[staged]   → robot d: IoU 0.544 → 0.559  ✓
    ↑ new global best IoU 0.559  [phase Ph1 robot d]
[staged]   Ph1 robot e  zone 1  (uncovered: 0% of target)
    voronoi warm-start: IoU 0.535 ≤ 0.559, kept current
    [parallel] 10 worker threads, one renderer clone each
    init sampling: best coverage score 13.0px of uncovered area  (16 samples)
[staged]   → robot e: IoU 0.559 → 0.566  ✓
    ↑ new global best IoU 0.566  [phase Ph1 robot e]
[staged] Phase 1 done — composite IoU: 0.566

[staged] Phase 2 — backward pass  (8 iters × 5 robots, sigma=0.300)
[staged]   contributions before Phase 2:
[staged]     robot a: +0.083 IoU
[staged]     robot b: +0.074 IoU
[staged]     robot c: +0.043 IoU  ← low
[staged]     robot d: +0.016 IoU  ← low
[staged]     robot e: +0.007 IoU  ← low
[staged]   Ph2 robot e  zone 1  (uncovered: 12% of target)
    [parallel] 10 worker threads, one renderer clone each
    init sampling: best coverage score 34.0px of uncovered area  (16 samples)
[staged]   → robot e: IoU 0.566 → 0.582  ✓
    ↑ new global best IoU 0.582  [phase Ph2 robot e]
[staged]   Ph2 robot d  zone 2  (uncovered: 15% of target)
    [parallel] 10 worker threads, one renderer clone each
    init sampling: best coverage score 175.0px of uncovered area  (16 samples)
[staged]   → robot d: IoU 0.582 → 0.599  ✓
    ↑ new global best IoU 0.599  [phase Ph2 robot d]
[staged]   Ph2 robot c  zone 0  (uncovered: 15% of target)
    [parallel] 10 worker threads, one renderer clone each
    init sampling: best coverage score 85.0px of uncovered area  (16 samples)
[staged]   → robot c: candidate 0.590 < current 0.599  ✗ rejected
[staged]   Ph2 robot b  zone 3  (uncovered: 27% of target)
    [parallel] 10 worker threads, one renderer clone each
    init sampling: best coverage score 489.0px of uncovered area  (16 samples)
[staged]   → robot b: candidate 0.599 < current 0.599  ✗ rejected
[staged]   Ph2 robot a  zone 4  (uncovered: 27% of target)
    [parallel] 10 worker threads, one renderer clone each
    init sampling: best coverage score 215.0px of uncovered area  (16 samples)
[staged]   → robot a: IoU 0.599 → 0.633  ✓
    ↑ new global best IoU 0.633  [phase Ph2 robot a]
[staged] Phase 2 done — composite IoU: 0.633

[staged] Best snapshot: Phase 2  IoU=0.633
[staged] Manifold final pass — computing Jacobian  (ε=0.020, 60 renders)
[staged] Manifold basis: k=10D / 30D  (variance≥85%, top eigenvalues: ['357745.59', '350966.44', '236610.02', '108038.84', '88117.90'])
[staged] Manifold did not improve (0.626 vs 0.633), keeping best snapshot
[staged] FD refinement — 5 Adam steps  (300 renders, lr=0.01, ε=0.02)
    ↑ new global best IoU 0.660  [FD refinement]
[staged] FD done — IoU: 0.660  (Δ=+0.027)  ✓
[staged] Done — final IoU: 0.660  loss: 0.3422
[staged] Popsize: per-robot phases=32  final=32  (theory optimum for 6 DOF = 10)

[staged] Hungarian pre-assignment  (5×5 cost matrix, 8 samples/entry = 200 renders)...
[staged]   robot_a → zone 1  robot_b → zone 4  robot_c → zone 2  robot_d → zone 3  robot_e → zone 0

[staged] Phase 1 — forward greedy  (8 iters × 5 robot(s), sigma=0.40×1.00, popsize=32)
[staged]   Ph1 robot a  zone 1  (uncovered: 18% of target)
    voronoi warm-start: IoU 0.157 → 0.259 ✓
    [parallel] 10 worker threads, one renderer clone each
    init sampling: best coverage score 77.0px of uncovered area  (8 samples)
[staged]   → robot a: IoU 0.157 → 0.425  ✓
    ↑ new global best IoU 0.425  [phase Ph1 robot a]
[staged]   Ph1 robot b  zone 4  (uncovered: 10% of target)
    voronoi warm-start: IoU 0.410 ≤ 0.425, kept current
    [parallel] 10 worker threads, one renderer clone each
    init sampling: best coverage score 99.0px of uncovered area  (16 samples)
[staged]   → robot b: IoU 0.425 → 0.489  ✓
    ↑ new global best IoU 0.489  [phase Ph1 robot b]
[staged]   Ph1 robot c  zone 2  (uncovered: 7% of target)
    voronoi warm-start: IoU 0.464 ≤ 0.489, kept current
    [parallel] 10 worker threads, one renderer clone each
    init sampling: best coverage score 233.0px of uncovered area  (16 samples)
[staged]   → robot c: IoU 0.489 → 0.530  ✓
    ↑ new global best IoU 0.530  [phase Ph1 robot c]
[staged]   Ph1 robot d  zone 3  (uncovered: 9% of target)
    voronoi warm-start: IoU 0.481 ≤ 0.530, kept current
    [parallel] 10 worker threads, one renderer clone each
    init sampling: best coverage score 175.0px of uncovered area  (16 samples)
[staged]   → robot d: IoU 0.530 → 0.550  ✓
    ↑ new global best IoU 0.550  [phase Ph1 robot d]
[staged]   Ph1 robot e  zone 0  (uncovered: 2% of target)
    voronoi warm-start: IoU 0.550 → 0.567 ✓
    [parallel] 10 worker threads, one renderer clone each
    init sampling: best coverage score 2.0px of uncovered area  (8 samples)
[staged]   → robot e: IoU 0.550 → 0.601  ✓
    ↑ new global best IoU 0.601  [phase Ph1 robot e]
[staged] Phase 1 done — composite IoU: 0.601

[staged] Phase 2 — backward pass  (8 iters × 5 robots, sigma=0.300)
[staged]   contributions before Phase 2:
[staged]     robot a: +0.101 IoU
[staged]     robot b: +0.084 IoU
[staged]     robot c: +0.063 IoU
[staged]     robot d: +0.044 IoU  ← low
[staged]     robot e: +0.051 IoU
[staged]   Ph2 robot e  zone 0  (uncovered: 22% of target)
    [parallel] 10 worker threads, one renderer clone each
    init sampling: best coverage score 98.0px of uncovered area  (16 samples)
[staged]   → robot e: candidate 0.585 < current 0.601  ✗ rejected
[staged]   Ph2 robot d  zone 3  (uncovered: 21% of target)
    [parallel] 10 worker threads, one renderer clone each
    init sampling: best coverage score 119.0px of uncovered area  (16 samples)
[staged]   → robot d: IoU 0.601 → 0.609  ✓
    ↑ new global best IoU 0.609  [phase Ph2 robot d]
[staged]   Ph2 robot c  zone 2  (uncovered: 21% of target)
    [parallel] 10 worker threads, one renderer clone each
    init sampling: best coverage score 316.0px of uncovered area  (16 samples)
[staged]   → robot c: IoU 0.609 → 0.627  ✓
    ↑ new global best IoU 0.627  [phase Ph2 robot c]
[staged]   Ph2 robot b  zone 4  (uncovered: 21% of target)
    [parallel] 10 worker threads, one renderer clone each
    init sampling: best coverage score 209.0px of uncovered area  (16 samples)
[staged]   → robot b: candidate 0.619 < current 0.627  ✗ rejected
[staged]   Ph2 robot a  zone 1  (uncovered: 34% of target)
    [parallel] 10 worker threads, one renderer clone each
    init sampling: best coverage score 556.0px of uncovered area  (16 samples)
[staged]   → robot a: IoU 0.627 → 0.654  ✓
    ↑ new global best IoU 0.654  [phase Ph2 robot a]
[staged] Phase 2 done — composite IoU: 0.654

[staged] Best snapshot: Phase 2  IoU=0.654
[staged] Manifold final pass — computing Jacobian  (ε=0.020, 60 renders)
[staged] Manifold basis: k=8D / 30D  (variance≥85%, top eigenvalues: ['601294.75', '390363.91', '161668.88', '90468.88', '76648.06'])
    ↑ new global best IoU 0.678  [manifold final pass]
[staged] Manifold done — IoU: 0.678  (Δ=+0.024)  ✓
[staged] FD refinement — 5 Adam steps  (300 renders, lr=0.01, ε=0.02)
    ↑ new global best IoU 0.695  [FD refinement]
[staged] FD done — IoU: 0.695  (Δ=+0.017)  ✓
[staged] Done — final IoU: 0.695  loss: 0.3063
[staged] Popsize: per-robot phases=32  final=32  (theory optimum for 6 DOF = 10)

[staged] Hungarian pre-assignment  (5×5 cost matrix, 8 samples/entry = 200 renders)...
[staged]   robot_a → zone 0  robot_b → zone 2  robot_c → zone 1  robot_d → zone 3  robot_e → zone 4

[staged] Phase 1 — forward greedy  (8 iters × 5 robot(s), sigma=0.40×1.00, popsize=32)
[staged]   Ph1 robot a  zone 0  (uncovered: 18% of target)
    voronoi warm-start: IoU 0.157 → 0.259 ✓
    [parallel] 10 worker threads, one renderer clone each
    init sampling: best coverage score 602.0px of uncovered area  (8 samples)
[staged]   → robot a: IoU 0.157 → 0.438  ✓
    ↑ new global best IoU 0.438  [phase Ph1 robot a]
[staged]   Ph1 robot b  zone 2  (uncovered: 15% of target)
    voronoi warm-start: IoU 0.430 ≤ 0.438, kept current
    [parallel] 10 worker threads, one renderer clone each
    init sampling: best coverage score 384.0px of uncovered area  (16 samples)
[staged]   → robot b: IoU 0.438 → 0.486  ✓
    ↑ new global best IoU 0.486  [phase Ph1 robot b]
[staged]   Ph1 robot c  zone 1  (uncovered: 8% of target)
    voronoi warm-start: IoU 0.473 ≤ 0.486, kept current
    [parallel] 10 worker threads, one renderer clone each
    init sampling: best coverage score 81.0px of uncovered area  (16 samples)
[staged]   → robot c: IoU 0.486 → 0.524  ✓
    ↑ new global best IoU 0.524  [phase Ph1 robot c]
[staged]   Ph1 robot d  zone 3  (uncovered: 4% of target)
    voronoi warm-start: IoU 0.483 ≤ 0.524, kept current
    [parallel] 10 worker threads, one renderer clone each
    init sampling: best coverage score 57.0px of uncovered area  (16 samples)
[staged]   → robot d: IoU 0.524 → 0.558  ✓
    ↑ new global best IoU 0.558  [phase Ph1 robot d]
[staged]   Ph1 robot e  zone 4  (uncovered: 3% of target)
    voronoi warm-start: IoU 0.558 → 0.578 ✓
    [parallel] 10 worker threads, one renderer clone each
    init sampling: best coverage score 47.0px of uncovered area  (8 samples)
[staged]   → robot e: IoU 0.558 → 0.594  ✓
    ↑ new global best IoU 0.594  [phase Ph1 robot e]
[staged] Phase 1 done — composite IoU: 0.594

[staged] Phase 2 — backward pass  (8 iters × 5 robots, sigma=0.300)
[staged]   contributions before Phase 2:
[staged]     robot a: +0.164 IoU
[staged]     robot b: +0.068 IoU
[staged]     robot c: +0.056 IoU
[staged]     robot d: +0.051 IoU
[staged]     robot e: +0.036 IoU  ← low
[staged]   Ph2 robot e  zone 4  (uncovered: 15% of target)
    [parallel] 10 worker threads, one renderer clone each
    init sampling: best coverage score 30.0px of uncovered area  (16 samples)
[staged]   → robot e: candidate 0.585 < current 0.594  ✗ rejected
[staged]   Ph2 robot d  zone 3  (uncovered: 16% of target)
    [parallel] 10 worker threads, one renderer clone each
    init sampling: best coverage score 124.0px of uncovered area  (16 samples)
[staged]   → robot d: candidate 0.571 < current 0.594  ✗ rejected
[staged]   Ph2 robot c  zone 1  (uncovered: 25% of target)
    [parallel] 10 worker threads, one renderer clone each
    init sampling: best coverage score 373.0px of uncovered area  (16 samples)
[staged]   → robot c: IoU 0.594 → 0.631  ✓
    ↑ new global best IoU 0.631  [phase Ph2 robot c]
[staged]   Ph2 robot b  zone 2  (uncovered: 21% of target)
    [parallel] 10 worker threads, one renderer clone each
    init sampling: best coverage score 184.0px of uncovered area  (16 samples)
[staged]   → robot b: candidate 0.627 < current 0.631  ✗ rejected
[staged]   Ph2 robot a  zone 0  (uncovered: 42% of target)
    [parallel] 10 worker threads, one renderer clone each
    init sampling: best coverage score 1040.0px of uncovered area  (16 samples)
[staged]   → robot a: IoU 0.631 → 0.664  ✓
    ↑ new global best IoU 0.664  [phase Ph2 robot a]
[staged] Phase 2 done — composite IoU: 0.664

[staged] Best snapshot: Phase 2  IoU=0.664
[staged] Manifold final pass — computing Jacobian  (ε=0.020, 60 renders)
[staged] Manifold basis: k=9D / 30D  (variance≥85%, top eigenvalues: ['396692.03', '193654.03', '123606.11', '75803.62', '68978.06'])
[staged] Manifold did not improve (0.664 vs 0.664), keeping best snapshot
[staged] FD refinement — 5 Adam steps  (300 renders, lr=0.01, ε=0.02)
    ↑ new global best IoU 0.687  [FD refinement]
[staged] FD done — IoU: 0.687  (Δ=+0.023)  ✓
[staged] Done — final IoU: 0.687  loss: 0.3144
[staged] Popsize: per-robot phases=32  final=32  (theory optimum for 6 DOF = 10)

[staged] Hungarian pre-assignment  (5×5 cost matrix, 8 samples/entry = 200 renders)...
[staged]   robot_a → zone 3  robot_b → zone 4  robot_c → zone 1  robot_d → zone 2  robot_e → zone 0

[staged] Phase 1 — forward greedy  (8 iters × 5 robot(s), sigma=0.40×1.00, popsize=32)
[staged]   Ph1 robot a  zone 3  (uncovered: 17% of target)
    voronoi warm-start: IoU 0.157 → 0.253 ✓
    [parallel] 10 worker threads, one renderer clone each
    init sampling: best coverage score 317.0px of uncovered area  (8 samples)
[staged]   → robot a: IoU 0.157 → 0.470  ✓
    ↑ new global best IoU 0.470  [phase Ph1 robot a]
[staged]   Ph1 robot b  zone 4  (uncovered: 10% of target)
    voronoi warm-start: IoU 0.452 ≤ 0.470, kept current
    [parallel] 10 worker threads, one renderer clone each
    init sampling: best coverage score 114.0px of uncovered area  (16 samples)
[staged]   → robot b: candidate 0.457 < current 0.470  ✗ rejected
[staged]   Ph1 robot c  zone 1  (uncovered: 8% of target)
    voronoi warm-start: IoU 0.432 ≤ 0.470, kept current
    [parallel] 10 worker threads, one renderer clone each
    init sampling: best coverage score 226.0px of uncovered area  (16 samples)
[staged]   → robot c: IoU 0.470 → 0.536  ✓
    ↑ new global best IoU 0.536  [phase Ph1 robot c]
[staged]   Ph1 robot d  zone 2  (uncovered: 7% of target)
    voronoi warm-start: IoU 0.532 ≤ 0.536, kept current
    [parallel] 10 worker threads, one renderer clone each
    init sampling: best coverage score 20.0px of uncovered area  (16 samples)
[staged]   → robot d: IoU 0.536 → 0.560  ✓
    ↑ new global best IoU 0.560  [phase Ph1 robot d]
[staged]   Ph1 robot e  zone 0  (uncovered: 2% of target)
    voronoi warm-start: IoU 0.533 ≤ 0.560, kept current
    [parallel] 10 worker threads, one renderer clone each
    init sampling: best coverage score 20.0px of uncovered area  (16 samples)
[staged]   → robot e: IoU 0.560 → 0.599  ✓
    ↑ new global best IoU 0.599  [phase Ph1 robot e]
[staged] Phase 1 done — composite IoU: 0.599

[staged] Phase 2 — backward pass  (8 iters × 5 robots, sigma=0.300)
[staged]   contributions before Phase 2:
[staged]     robot a: +0.195 IoU
[staged]     robot b: +0.000 IoU  ← low
[staged]     robot c: +0.057 IoU
[staged]     robot d: +0.047 IoU  ← low
[staged]     robot e: +0.040 IoU  ← low
[staged]   Ph2 robot e  zone 0  (uncovered: 24% of target)
    [parallel] 10 worker threads, one renderer clone each
    init sampling: best coverage score 293.0px of uncovered area  (16 samples)
[staged]   → robot e: IoU 0.599 → 0.635  ✓
    ↑ new global best IoU 0.635  [phase Ph2 robot e]
[staged]   Ph2 robot d  zone 2  (uncovered: 21% of target)
    [parallel] 10 worker threads, one renderer clone each
    init sampling: best coverage score 156.0px of uncovered area  (16 samples)
[staged]   → robot d: IoU 0.635 → 0.645  ✓
    ↑ new global best IoU 0.645  [phase Ph2 robot d]
[staged]   Ph2 robot c  zone 1  (uncovered: 22% of target)
    [parallel] 10 worker threads, one renderer clone each
    init sampling: best coverage score 157.0px of uncovered area  (16 samples)
[staged]   → robot c: candidate 0.644 < current 0.645  ✗ rejected
[staged]   Ph2 robot b  zone 4  (uncovered: 15% of target)
    [parallel] 10 worker threads, one renderer clone each
    init sampling: best coverage score 192.0px of uncovered area  (16 samples)
[staged]   → robot b: IoU 0.645 → 0.701  ✓
    ↑ new global best IoU 0.701  [phase Ph2 robot b]
[staged]   Ph2 robot a  zone 3  (uncovered: 28% of target)
    [parallel] 10 worker threads, one renderer clone each
    init sampling: best coverage score 673.0px of uncovered area  (16 samples)
[staged]   → robot a: candidate 0.691 < current 0.701  ✗ rejected
[staged] Phase 2 done — composite IoU: 0.701

[staged] Best snapshot: Phase 2  IoU=0.701
[staged] Manifold final pass — computing Jacobian  (ε=0.020, 60 renders)
[staged] Manifold basis: k=11D / 30D  (variance≥85%, top eigenvalues: ['250162.00', '132437.14', '98135.12', '95660.15', '93666.58'])
    ↑ new global best IoU 0.707  [manifold final pass]
[staged] Manifold done — IoU: 0.707  (Δ=+0.006)  ✓
[staged] FD refinement — 5 Adam steps  (300 renders, lr=0.01, ε=0.02)
    ↑ new global best IoU 0.735  [FD refinement]
[staged] FD done — IoU: 0.735  (Δ=+0.028)  ✓
[staged] Done — final IoU: 0.735  loss: 0.2656
[shard 0] 6/10 digits/2_dejavusans-bold  best=0.735 mean=0.690±0.026  141s  eta 0.2h
[staged] Popsize: per-robot phases=32  final=32  (theory optimum for 6 DOF = 10)

[staged] Hungarian pre-assignment  (5×5 cost matrix, 8 samples/entry = 200 renders)...
[staged]   robot_a → zone 1  robot_b → zone 0  robot_c → zone 4  robot_d → zone 3  robot_e → zone 2

[staged] Phase 1 — forward greedy  (8 iters × 5 robot(s), sigma=0.40×1.00, popsize=32)
[staged]   Ph1 robot a  zone 1  (uncovered: 15% of target)
    voronoi warm-start: IoU 0.113 → 0.186 ✓
    [parallel] 10 worker threads, one renderer clone each
    init sampling: best coverage score 442.0px of uncovered area  (8 samples)
[staged]   → robot a: IoU 0.113 → 0.402  ✓
    ↑ new global best IoU 0.402  [phase Ph1 robot a]
[staged]   Ph1 robot b  zone 0  (uncovered: 8% of target)
    voronoi warm-start: IoU 0.388 ≤ 0.402, kept current
    [parallel] 10 worker threads, one renderer clone each
    init sampling: best coverage score 18.0px of uncovered area  (16 samples)
[staged]   → robot b: IoU 0.402 → 0.506  ✓
    ↑ new global best IoU 0.506  [phase Ph1 robot b]
[staged]   Ph1 robot c  zone 4  (uncovered: 2% of target)
    voronoi warm-start: IoU 0.506 → 0.522 ✓
    [parallel] 10 worker threads, one renderer clone each
    init sampling: best coverage score 0.0px of uncovered area  (8 samples)
[staged]   → robot c: IoU 0.506 → 0.545  ✓
    ↑ new global best IoU 0.545  [phase Ph1 robot c]
[staged]   Ph1 robot d  zone 3  (uncovered: 6% of target)
    voronoi warm-start: IoU 0.495 ≤ 0.545, kept current
    [parallel] 10 worker threads, one renderer clone each
    init sampling: best coverage score 236.0px of uncovered area  (16 samples)
[staged]   → robot d: IoU 0.545 → 0.578  ✓
    ↑ new global best IoU 0.578  [phase Ph1 robot d]
[staged]   Ph1 robot e  zone 2  (uncovered: 1% of target)
    voronoi warm-start: IoU 0.531 ≤ 0.578, kept current
    [parallel] 10 worker threads, one renderer clone each
    init sampling: best coverage score 30.0px of uncovered area  (16 samples)
[staged]   → robot e: IoU 0.578 → 0.624  ✓
    ↑ new global best IoU 0.624  [phase Ph1 robot e]
[staged] Phase 1 done — composite IoU: 0.624

[staged] Phase 2 — backward pass  (8 iters × 5 robots, sigma=0.300)
[staged]   contributions before Phase 2:
[staged]     robot a: +0.118 IoU
[staged]     robot b: +0.099 IoU
[staged]     robot c: +0.070 IoU
[staged]     robot d: +0.064 IoU
[staged]     robot e: +0.046 IoU  ← low
[staged]   Ph2 robot e  zone 2  (uncovered: 16% of target)
    [parallel] 10 worker threads, one renderer clone each
    init sampling: best coverage score 231.0px of uncovered area  (16 samples)
[staged]   → robot e: candidate 0.623 < current 0.624  ✗ rejected
[staged]   Ph2 robot d  zone 3  (uncovered: 19% of target)
    [parallel] 10 worker threads, one renderer clone each
    init sampling: best coverage score 208.0px of uncovered area  (16 samples)
[staged]   → robot d: IoU 0.624 → 0.625  ✓
    ↑ new global best IoU 0.625  [phase Ph2 robot d]
[staged]   Ph2 robot c  zone 4  (uncovered: 19% of target)
    [parallel] 10 worker threads, one renderer clone each
    init sampling: best coverage score 206.0px of uncovered area  (16 samples)
[staged]   → robot c: IoU 0.625 → 0.629  ✓
    ↑ new global best IoU 0.629  [phase Ph2 robot c]
[staged]   Ph2 robot b  zone 0  (uncovered: 29% of target)
    [parallel] 10 worker threads, one renderer clone each
    init sampling: best coverage score 371.0px of uncovered area  (16 samples)
[staged]   → robot b: candidate 0.607 < current 0.629  ✗ rejected
[staged]   Ph2 robot a  zone 1  (uncovered: 42% of target)
    [parallel] 10 worker threads, one renderer clone each
    init sampling: best coverage score 215.0px of uncovered area  (16 samples)
[staged]   → robot a: candidate 0.568 < current 0.629  ✗ rejected
[staged] Phase 2 done — composite IoU: 0.629

[staged] Best snapshot: Phase 2  IoU=0.629
[staged] Manifold final pass — computing Jacobian  (ε=0.020, 60 renders)
[staged] Manifold basis: k=10D / 30D  (variance≥85%, top eigenvalues: ['650735.75', '250686.11', '111739.05', '98478.69', '85882.54'])
[staged] Manifold did not improve (0.626 vs 0.629), keeping best snapshot
[staged] FD refinement — 5 Adam steps  (300 renders, lr=0.01, ε=0.02)
    ↑ new global best IoU 0.650  [FD refinement]
[staged] FD done — IoU: 0.650  (Δ=+0.022)  ✓
[staged] Done — final IoU: 0.650  loss: 0.3516
[staged] Popsize: per-robot phases=32  final=32  (theory optimum for 6 DOF = 10)

[staged] Hungarian pre-assignment  (5×5 cost matrix, 8 samples/entry = 200 renders)...
[staged]   robot_a → zone 3  robot_b → zone 4  robot_c → zone 2  robot_d → zone 1  robot_e → zone 0

[staged] Phase 1 — forward greedy  (8 iters × 5 robot(s), sigma=0.40×1.00, popsize=32)
[staged]   Ph1 robot a  zone 3  (uncovered: 22% of target)
    voronoi warm-start: IoU 0.113 → 0.191 ✓
    [parallel] 10 worker threads, one renderer clone each
    init sampling: best coverage score 0.0px of uncovered area  (8 samples)
[staged]   → robot a: IoU 0.113 → 0.375  ✓
    ↑ new global best IoU 0.375  [phase Ph1 robot a]
[staged]   Ph1 robot b  zone 4  (uncovered: 10% of target)
    voronoi warm-start: IoU 0.375 → 0.400 ✓
    [parallel] 10 worker threads, one renderer clone each
    init sampling: best coverage score 4.0px of uncovered area  (8 samples)
[staged]   → robot b: IoU 0.375 → 0.474  ✓
    ↑ new global best IoU 0.474  [phase Ph1 robot b]
[staged]   Ph1 robot c  zone 2  (uncovered: 3% of target)
    voronoi warm-start: IoU 0.449 ≤ 0.474, kept current
    [parallel] 10 worker threads, one renderer clone each
    init sampling: best coverage score 29.0px of uncovered area  (16 samples)
[staged]   → robot c: IoU 0.474 → 0.531  ✓
    ↑ new global best IoU 0.531  [phase Ph1 robot c]
[staged]   Ph1 robot d  zone 1  (uncovered: 2% of target)
    voronoi warm-start: IoU 0.472 ≤ 0.531, kept current
    [parallel] 10 worker threads, one renderer clone each
    init sampling: best coverage score 69.0px of uncovered area  (16 samples)
[staged]   → robot d: IoU 0.531 → 0.570  ✓
    ↑ new global best IoU 0.570  [phase Ph1 robot d]
[staged]   Ph1 robot e  zone 0  (uncovered: 6% of target)
    voronoi warm-start: IoU 0.524 ≤ 0.570, kept current
    [parallel] 10 worker threads, one renderer clone each
    init sampling: best coverage score 214.0px of uncovered area  (16 samples)
[staged]   → robot e: IoU 0.570 → 0.610  ✓
    ↑ new global best IoU 0.610  [phase Ph1 robot e]
[staged] Phase 1 done — composite IoU: 0.610

[staged] Phase 2 — backward pass  (8 iters × 5 robots, sigma=0.300)
[staged]   contributions before Phase 2:
[staged]     robot a: +0.127 IoU
[staged]     robot b: +0.126 IoU
[staged]     robot c: +0.065 IoU
[staged]     robot d: +0.064 IoU
[staged]     robot e: +0.040 IoU  ← low
[staged]   Ph2 robot e  zone 0  (uncovered: 16% of target)
    [parallel] 10 worker threads, one renderer clone each
    init sampling: best coverage score 181.0px of uncovered area  (16 samples)
[staged]   → robot e: candidate 0.598 < current 0.610  ✗ rejected
[staged]   Ph2 robot d  zone 1  (uncovered: 18% of target)
    [parallel] 10 worker threads, one renderer clone each
    init sampling: best coverage score 184.0px of uncovered area  (16 samples)
[staged]   → robot d: IoU 0.610 → 0.617  ✓
    ↑ new global best IoU 0.617  [phase Ph2 robot d]
[staged]   Ph2 robot c  zone 2  (uncovered: 19% of target)
    [parallel] 10 worker threads, one renderer clone each
    init sampling: best coverage score 305.0px of uncovered area  (16 samples)
[staged]   → robot c: candidate 0.601 < current 0.617  ✗ rejected
[staged]   Ph2 robot b  zone 4  (uncovered: 25% of target)
    [parallel] 10 worker threads, one renderer clone each
    init sampling: best coverage score 299.0px of uncovered area  (16 samples)
[staged]   → robot b: IoU 0.617 → 0.625  ✓
    ↑ new global best IoU 0.625  [phase Ph2 robot b]
[staged]   Ph2 robot a  zone 3  (uncovered: 31% of target)
    [parallel] 10 worker threads, one renderer clone each
    init sampling: best coverage score 337.0px of uncovered area  (16 samples)
[staged]   → robot a: candidate 0.588 < current 0.625  ✗ rejected
[staged] Phase 2 done — composite IoU: 0.625

[staged] Best snapshot: Phase 2  IoU=0.625
[staged] Manifold final pass — computing Jacobian  (ε=0.020, 60 renders)
[staged] Manifold basis: k=10D / 30D  (variance≥85%, top eigenvalues: ['335839.16', '282913.41', '212140.70', '209226.28', '90925.95'])
    ↑ new global best IoU 0.627  [manifold final pass]
[staged] Manifold done — IoU: 0.627  (Δ=+0.002)  ✓
[staged] FD refinement — 5 Adam steps  (300 renders, lr=0.01, ε=0.02)
    ↑ new global best IoU 0.645  [FD refinement]
[staged] FD done — IoU: 0.645  (Δ=+0.017)  ✓
[staged] Done — final IoU: 0.645  loss: 0.3572
[staged] Popsize: per-robot phases=32  final=32  (theory optimum for 6 DOF = 10)

[staged] Hungarian pre-assignment  (5×5 cost matrix, 8 samples/entry = 200 renders)...
[staged]   robot_a → zone 4  robot_b → zone 0  robot_c → zone 2  robot_d → zone 3  robot_e → zone 1

[staged] Phase 1 — forward greedy  (8 iters × 5 robot(s), sigma=0.40×1.00, popsize=32)
[staged]   Ph1 robot a  zone 4  (uncovered: 12% of target)
    voronoi warm-start: IoU 0.104 ≤ 0.113, kept current
    [parallel] 10 worker threads, one renderer clone each
    init sampling: best coverage score 254.0px of uncovered area  (16 samples)
[staged]   → robot a: IoU 0.113 → 0.414  ✓
    ↑ new global best IoU 0.414  [phase Ph1 robot a]
[staged]   Ph1 robot b  zone 0  (uncovered: 5% of target)
    voronoi warm-start: IoU 0.400 ≤ 0.414, kept current
    [parallel] 10 worker threads, one renderer clone each
    init sampling: best coverage score 77.0px of uncovered area  (16 samples)
[staged]   → robot b: IoU 0.414 → 0.501  ✓
    ↑ new global best IoU 0.501  [phase Ph1 robot b]
[staged]   Ph1 robot c  zone 2  (uncovered: 5% of target)
    voronoi warm-start: IoU 0.472 ≤ 0.501, kept current
    [parallel] 10 worker threads, one renderer clone each
    init sampling: best coverage score 202.0px of uncovered area  (16 samples)
[staged]   → robot c: IoU 0.501 → 0.534  ✓
    ↑ new global best IoU 0.534  [phase Ph1 robot c]
[staged]   Ph1 robot d  zone 3  (uncovered: 7% of target)
    voronoi warm-start: IoU 0.499 ≤ 0.534, kept current
    [parallel] 10 worker threads, one renderer clone each
    init sampling: best coverage score 55.0px of uncovered area  (16 samples)
[staged]   → robot d: IoU 0.534 → 0.569  ✓
    ↑ new global best IoU 0.569  [phase Ph1 robot d]
[staged]   Ph1 robot e  zone 1  (uncovered: 8% of target)
    voronoi warm-start: IoU 0.569 → 0.610 ✓
    [parallel] 10 worker threads, one renderer clone each
    init sampling: best coverage score 93.0px of uncovered area  (8 samples)
[staged]   → robot e: IoU 0.569 → 0.623  ✓
    ↑ new global best IoU 0.623  [phase Ph1 robot e]
[staged] Phase 1 done — composite IoU: 0.623

[staged] Phase 2 — backward pass  (8 iters × 5 robots, sigma=0.300)
[staged]   contributions before Phase 2:
[staged]     robot a: +0.185 IoU
[staged]     robot b: +0.121 IoU
[staged]     robot c: +0.066 IoU
[staged]     robot d: +0.064 IoU
[staged]     robot e: +0.054 IoU
[staged]   Ph2 robot e  zone 1  (uncovered: 16% of target)
    [parallel] 10 worker threads, one renderer clone each
    init sampling: best coverage score 100.0px of uncovered area  (16 samples)
[staged]   → robot e: IoU 0.623 → 0.625  ✓
    ↑ new global best IoU 0.625  [phase Ph2 robot e]
[staged]   Ph2 robot d  zone 3  (uncovered: 17% of target)
    [parallel] 10 worker threads, one renderer clone each
    init sampling: best coverage score 60.0px of uncovered area  (16 samples)
[staged]   → robot d: candidate 0.617 < current 0.625  ✗ rejected
[staged]   Ph2 robot c  zone 2  (uncovered: 18% of target)
    [parallel] 10 worker threads, one renderer clone each
    init sampling: best coverage score 209.0px of uncovered area  (16 samples)
[staged]   → robot c: IoU 0.625 → 0.629  ✓
    ↑ new global best IoU 0.629  [phase Ph2 robot c]
[staged]   Ph2 robot b  zone 0  (uncovered: 26% of target)
    [parallel] 10 worker threads, one renderer clone each
    init sampling: best coverage score 413.0px of uncovered area  (16 samples)
[staged]   → robot b: candidate 0.617 < current 0.629  ✗ rejected
[staged]   Ph2 robot a  zone 4  (uncovered: 38% of target)
    [parallel] 10 worker threads, one renderer clone each
    init sampling: best coverage score 646.0px of uncovered area  (16 samples)
[staged]   → robot a: candidate 0.616 < current 0.629  ✗ rejected
[staged] Phase 2 done — composite IoU: 0.629

[staged] Best snapshot: Phase 2  IoU=0.629
[staged] Manifold final pass — computing Jacobian  (ε=0.020, 60 renders)
[staged] Manifold basis: k=10D / 30D  (variance≥85%, top eigenvalues: ['423623.88', '147719.69', '114350.84', '51643.65', '41206.92'])
[staged] Manifold done — IoU: 0.628  (Δ=-0.000)  ✓
[staged] FD refinement — 5 Adam steps  (300 renders, lr=0.01, ε=0.02)
    ↑ new global best IoU 0.648  [FD refinement]
[staged] FD done — IoU: 0.648  (Δ=+0.019)  ✓
[staged] Done — final IoU: 0.648  loss: 0.3542
[staged] Popsize: per-robot phases=32  final=32  (theory optimum for 6 DOF = 10)

[staged] Hungarian pre-assignment  (5×5 cost matrix, 8 samples/entry = 200 renders)...
[staged]   robot_a → zone 0  robot_b → zone 4  robot_c → zone 3  robot_d → zone 1  robot_e → zone 2

[staged] Phase 1 — forward greedy  (8 iters × 5 robot(s), sigma=0.40×1.00, popsize=32)
[staged]   Ph1 robot a  zone 0  (uncovered: 18% of target)
    voronoi warm-start: IoU 0.113 → 0.113 ✓
    [parallel] 10 worker threads, one renderer clone each
    init sampling: best coverage score 292.0px of uncovered area  (8 samples)
[staged]   → robot a: IoU 0.113 → 0.428  ✓
    ↑ new global best IoU 0.428  [phase Ph1 robot a]
[staged]   Ph1 robot b  zone 4  (uncovered: 14% of target)
    voronoi warm-start: IoU 0.428 → 0.440 ✓
    [parallel] 10 worker threads, one renderer clone each
    init sampling: best coverage score 88.0px of uncovered area  (8 samples)
[staged]   → robot b: IoU 0.428 → 0.496  ✓
    ↑ new global best IoU 0.496  [phase Ph1 robot b]
[staged]   Ph1 robot c  zone 3  (uncovered: 4% of target)
    voronoi warm-start: IoU 0.496 → 0.507 ✓
    [parallel] 10 worker threads, one renderer clone each
    init sampling: best coverage score 127.0px of uncovered area  (8 samples)
[staged]   → robot c: IoU 0.496 → 0.555  ✓
    ↑ new global best IoU 0.555  [phase Ph1 robot c]
[staged]   Ph1 robot d  zone 1  (uncovered: 7% of target)
    voronoi warm-start: IoU 0.503 ≤ 0.555, kept current
    [parallel] 10 worker threads, one renderer clone each
    init sampling: best coverage score 165.0px of uncovered area  (16 samples)
[staged]   → robot d: IoU 0.555 → 0.595  ✓
    ↑ new global best IoU 0.595  [phase Ph1 robot d]
[staged]   Ph1 robot e  zone 2  (uncovered: 6% of target)
    voronoi warm-start: IoU 0.595 → 0.597 ✓
    [parallel] 10 worker threads, one renderer clone each
    init sampling: best coverage score 89.0px of uncovered area  (8 samples)
[staged]   → robot e: IoU 0.595 → 0.627  ✓
    ↑ new global best IoU 0.627  [phase Ph1 robot e]
[staged] Phase 1 done — composite IoU: 0.627

[staged] Phase 2 — backward pass  (8 iters × 5 robots, sigma=0.300)
[staged]   contributions before Phase 2:
[staged]     robot a: +0.223 IoU
[staged]     robot b: +0.074 IoU
[staged]     robot c: +0.093 IoU
[staged]     robot d: +0.063 IoU
[staged]     robot e: +0.032 IoU  ← low
[staged]   Ph2 robot e  zone 2  (uncovered: 25% of target)
    [parallel] 10 worker threads, one renderer clone each
    init sampling: best coverage score 155.0px of uncovered area  (16 samples)
[staged]   → robot e: candidate 0.621 < current 0.627  ✗ rejected
[staged]   Ph2 robot d  zone 1  (uncovered: 24% of target)
    [parallel] 10 worker threads, one renderer clone each
    init sampling: best coverage score 204.0px of uncovered area  (16 samples)
[staged]   → robot d: IoU 0.627 → 0.631  ✓
    ↑ new global best IoU 0.631  [phase Ph2 robot d]
[staged]   Ph2 robot c  zone 3  (uncovered: 26% of target)
    [parallel] 10 worker threads, one renderer clone each
    init sampling: best coverage score 236.0px of uncovered area  (16 samples)
[staged]   → robot c: candidate 0.593 < current 0.631  ✗ rejected
[staged]   Ph2 robot b  zone 4  (uncovered: 27% of target)
    [parallel] 10 worker threads, one renderer clone each
    init sampling: best coverage score 346.0px of uncovered area  (16 samples)
[staged]   → robot b: candidate 0.624 < current 0.631  ✗ rejected
[staged]   Ph2 robot a  zone 0  (uncovered: 47% of target)
    [parallel] 10 worker threads, one renderer clone each
    init sampling: best coverage score 1054.0px of uncovered area  (16 samples)
[staged]   → robot a: candidate 0.580 < current 0.631  ✗ rejected
[staged] Phase 2 done — composite IoU: 0.631

[staged] Best snapshot: Phase 2  IoU=0.631
[staged] Manifold final pass — computing Jacobian  (ε=0.020, 60 renders)
[staged] Manifold basis: k=8D / 30D  (variance≥85%, top eigenvalues: ['613499.88', '232731.52', '122298.60', '76410.65', '53299.28'])
    ↑ new global best IoU 0.644  [manifold final pass]
[staged] Manifold done — IoU: 0.644  (Δ=+0.013)  ✓
[staged] FD refinement — 5 Adam steps  (300 renders, lr=0.01, ε=0.02)
    ↑ new global best IoU 0.660  [FD refinement]
[staged] FD done — IoU: 0.660  (Δ=+0.016)  ✓
[staged] Done — final IoU: 0.660  loss: 0.3410
[staged] Popsize: per-robot phases=32  final=32  (theory optimum for 6 DOF = 10)

[staged] Hungarian pre-assignment  (5×5 cost matrix, 8 samples/entry = 200 renders)...
[staged]   robot_a → zone 4  robot_b → zone 0  robot_c → zone 2  robot_d → zone 3  robot_e → zone 1

[staged] Phase 1 — forward greedy  (8 iters × 5 robot(s), sigma=0.40×1.00, popsize=32)
[staged]   Ph1 robot a  zone 4  (uncovered: 4% of target)
    voronoi warm-start: IoU 0.104 ≤ 0.113, kept current
    [parallel] 10 worker threads, one renderer clone each
    init sampling: best coverage score 165.0px of uncovered area  (16 samples)
[staged]   → robot a: IoU 0.113 → 0.370  ✓
    ↑ new global best IoU 0.370  [phase Ph1 robot a]
[staged]   Ph1 robot b  zone 0  (uncovered: 11% of target)
    voronoi warm-start: IoU 0.360 ≤ 0.370, kept current
    [parallel] 10 worker threads, one renderer clone each
    init sampling: best coverage score 198.0px of uncovered area  (16 samples)
[staged]   → robot b: IoU 0.370 → 0.478  ✓
    ↑ new global best IoU 0.478  [phase Ph1 robot b]
[staged]   Ph1 robot c  zone 2  (uncovered: 4% of target)
    voronoi warm-start: IoU 0.430 ≤ 0.478, kept current
    [parallel] 10 worker threads, one renderer clone each
    init sampling: best coverage score 83.0px of uncovered area  (16 samples)
[staged]   → robot c: IoU 0.478 → 0.547  ✓
    ↑ new global best IoU 0.547  [phase Ph1 robot c]
[staged]   Ph1 robot d  zone 3  (uncovered: 2% of target)
    voronoi warm-start: IoU 0.547 → 0.548 ✓
    [parallel] 10 worker threads, one renderer clone each
    init sampling: best coverage score 40.0px of uncovered area  (8 samples)
[staged]   → robot d: IoU 0.547 → 0.573  ✓
    ↑ new global best IoU 0.573  [phase Ph1 robot d]
[staged]   Ph1 robot e  zone 1  (uncovered: 2% of target)
    voronoi warm-start: IoU 0.556 ≤ 0.573, kept current
    [parallel] 10 worker threads, one renderer clone each
    init sampling: best coverage score 48.0px of uncovered area  (16 samples)
[staged]   → robot e: IoU 0.573 → 0.613  ✓
    ↑ new global best IoU 0.613  [phase Ph1 robot e]
[staged] Phase 1 done — composite IoU: 0.613

[staged] Phase 2 — backward pass  (8 iters × 5 robots, sigma=0.300)
[staged]   contributions before Phase 2:
[staged]     robot a: +0.127 IoU
[staged]     robot b: +0.101 IoU
[staged]     robot c: +0.071 IoU
[staged]     robot d: +0.049 IoU  ← low
[staged]     robot e: +0.040 IoU  ← low
[staged]   Ph2 robot e  zone 1  (uncovered: 15% of target)
    [parallel] 10 worker threads, one renderer clone each
    init sampling: best coverage score 155.0px of uncovered area  (16 samples)
[staged]   → robot e: candidate 0.607 < current 0.613  ✗ rejected
[staged]   Ph2 robot d  zone 3  (uncovered: 15% of target)
    [parallel] 10 worker threads, one renderer clone each
    init sampling: best coverage score 184.0px of uncovered area  (16 samples)
[staged]   → robot d: candidate 0.610 < current 0.613  ✗ rejected
[staged]   Ph2 robot c  zone 2  (uncovered: 17% of target)
    [parallel] 10 worker threads, one renderer clone each
    init sampling: best coverage score 142.0px of uncovered area  (16 samples)
[staged]   → robot c: candidate 0.589 < current 0.613  ✗ rejected
[staged]   Ph2 robot b  zone 0  (uncovered: 28% of target)
    [parallel] 10 worker threads, one renderer clone each
    init sampling: best coverage score 433.0px of uncovered area  (16 samples)
[staged]   → robot b: IoU 0.613 → 0.627  ✓
    ↑ new global best IoU 0.627  [phase Ph2 robot b]
[staged]   Ph2 robot a  zone 4  (uncovered: 29% of target)
    [parallel] 10 worker threads, one renderer clone each
    init sampling: best coverage score 625.0px of uncovered area  (16 samples)
[staged]   → robot a: IoU 0.627 → 0.648  ✓
    ↑ new global best IoU 0.648  [phase Ph2 robot a]
[staged] Phase 2 done — composite IoU: 0.648

[staged] Best snapshot: Phase 2  IoU=0.648
[staged] Manifold final pass — computing Jacobian  (ε=0.020, 60 renders)
[staged] Manifold basis: k=10D / 30D  (variance≥85%, top eigenvalues: ['423412.53', '260934.62', '78951.49', '74408.88', '58115.34'])
    ↑ new global best IoU 0.663  [manifold final pass]
[staged] Manifold done — IoU: 0.663  (Δ=+0.015)  ✓
[staged] FD refinement — 5 Adam steps  (300 renders, lr=0.01, ε=0.02)
    ↑ new global best IoU 0.679  [FD refinement]
[staged] FD done — IoU: 0.679  (Δ=+0.016)  ✓
[staged] Done — final IoU: 0.679  loss: 0.3223
[shard 0] 7/10 digits/3_dejavusans-bold  best=0.679 mean=0.656±0.013  141s  eta 0.1h
[staged] Popsize: per-robot phases=32  final=32  (theory optimum for 6 DOF = 10)

[staged] Hungarian pre-assignment  (5×5 cost matrix, 8 samples/entry = 200 renders)...
[staged]   robot_a → zone 4  robot_b → zone 0  robot_c → zone 2  robot_d → zone 3  robot_e → zone 1

[staged] Phase 1 — forward greedy  (8 iters × 5 robot(s), sigma=0.40×1.00, popsize=32)
[staged]   Ph1 robot a  zone 4  (uncovered: 12% of target)
    voronoi warm-start: IoU 0.128 → 0.210 ✓
    [parallel] 10 worker threads, one renderer clone each
    init sampling: best coverage score 422.0px of uncovered area  (8 samples)
[staged]   → robot a: IoU 0.128 → 0.451  ✓
    ↑ new global best IoU 0.451  [phase Ph1 robot a]
[staged]   Ph1 robot b  zone 0  (uncovered: 12% of target)
    voronoi warm-start: IoU 0.427 ≤ 0.451, kept current
    [parallel] 10 worker threads, one renderer clone each
    init sampling: best coverage score 57.0px of uncovered area  (16 samples)
[staged]   → robot b: IoU 0.451 → 0.543  ✓
    ↑ new global best IoU 0.543  [phase Ph1 robot b]
[staged]   Ph1 robot c  zone 2  (uncovered: 3% of target)
    voronoi warm-start: IoU 0.487 ≤ 0.543, kept current
    [parallel] 10 worker threads, one renderer clone each
    init sampling: best coverage score 28.0px of uncovered area  (16 samples)
[staged]   → robot c: IoU 0.543 → 0.594  ✓
    ↑ new global best IoU 0.594  [phase Ph1 robot c]
[staged]   Ph1 robot d  zone 3  (uncovered: 4% of target)
    voronoi warm-start: IoU 0.579 ≤ 0.594, kept current
    [parallel] 10 worker threads, one renderer clone each
    init sampling: best coverage score 141.0px of uncovered area  (16 samples)
[staged]   → robot d: IoU 0.594 → 0.603  ✓
    ↑ new global best IoU 0.603  [phase Ph1 robot d]
[staged]   Ph1 robot e  zone 1  (uncovered: 3% of target)
    voronoi warm-start: IoU 0.563 ≤ 0.603, kept current
    [parallel] 10 worker threads, one renderer clone each
    init sampling: best coverage score 18.0px of uncovered area  (16 samples)
[staged]   → robot e: IoU 0.603 → 0.647  ✓
    ↑ new global best IoU 0.647  [phase Ph1 robot e]
[staged] Phase 1 done — composite IoU: 0.647

[staged] Phase 2 — backward pass  (8 iters × 5 robots, sigma=0.300)
[staged]   contributions before Phase 2:
[staged]     robot a: +0.221 IoU
[staged]     robot b: +0.081 IoU
[staged]     robot c: +0.056 IoU
[staged]     robot d: -0.000 IoU  ← low
[staged]     robot e: +0.044 IoU  ← low
[staged]   Ph2 robot e  zone 1  (uncovered: 20% of target)
    [parallel] 10 worker threads, one renderer clone each
    init sampling: best coverage score 97.0px of uncovered area  (16 samples)
[staged]   → robot e: candidate 0.611 < current 0.647  ✗ rejected
[staged]   Ph2 robot d  zone 3  (uncovered: 14% of target)
    [parallel] 10 worker threads, one renderer clone each
    init sampling: best coverage score 124.0px of uncovered area  (16 samples)
[staged]   → robot d: IoU 0.647 → 0.673  ✓
    ↑ new global best IoU 0.673  [phase Ph2 robot d]
[staged]   Ph2 robot c  zone 2  (uncovered: 17% of target)
    [parallel] 10 worker threads, one renderer clone each
    init sampling: best coverage score 228.0px of uncovered area  (16 samples)
[staged]   → robot c: candidate 0.646 < current 0.673  ✗ rejected
[staged]   Ph2 robot b  zone 0  (uncovered: 22% of target)
    [parallel] 10 worker threads, one renderer clone each
    init sampling: best coverage score 319.0px of uncovered area  (16 samples)
[staged]   → robot b: IoU 0.673 → 0.679  ✓
    ↑ new global best IoU 0.679  [phase Ph2 robot b]
[staged]   Ph2 robot a  zone 4  (uncovered: 37% of target)
    [parallel] 10 worker threads, one renderer clone each
    init sampling: best coverage score 218.0px of uncovered area  (16 samples)
[staged]   → robot a: candidate 0.570 < current 0.679  ✗ rejected
[staged] Phase 2 done — composite IoU: 0.679

[staged] Best snapshot: Phase 2  IoU=0.679
[staged] Manifold final pass — computing Jacobian  (ε=0.020, 60 renders)
[staged] Manifold basis: k=11D / 30D  (variance≥85%, top eigenvalues: ['492641.12', '269060.56', '115819.02', '93655.27', '72742.96'])
    ↑ new global best IoU 0.697  [manifold final pass]
[staged] Manifold done — IoU: 0.697  (Δ=+0.018)  ✓
[staged] FD refinement — 5 Adam steps  (300 renders, lr=0.01, ε=0.02)
    ↑ new global best IoU 0.716  [FD refinement]
[staged] FD done — IoU: 0.716  (Δ=+0.019)  ✓
[staged] Done — final IoU: 0.716  loss: 0.2855
[staged] Popsize: per-robot phases=32  final=32  (theory optimum for 6 DOF = 10)

[staged] Hungarian pre-assignment  (5×5 cost matrix, 8 samples/entry = 200 renders)...
[staged]   robot_a → zone 2  robot_b → zone 3  robot_c → zone 0  robot_d → zone 1  robot_e → zone 4

[staged] Phase 1 — forward greedy  (8 iters × 5 robot(s), sigma=0.40×1.00, popsize=32)
[staged]   Ph1 robot a  zone 2  (uncovered: 19% of target)
    voronoi warm-start: IoU 0.128 → 0.209 ✓
    [parallel] 10 worker threads, one renderer clone each
    init sampling: best coverage score 1.0px of uncovered area  (8 samples)
[staged]   → robot a: IoU 0.128 → 0.425  ✓
    ↑ new global best IoU 0.425  [phase Ph1 robot a]
[staged]   Ph1 robot b  zone 3  (uncovered: 12% of target)
    voronoi warm-start: IoU 0.403 ≤ 0.425, kept current
    [parallel] 10 worker threads, one renderer clone each
    init sampling: best coverage score 483.0px of uncovered area  (16 samples)
[staged]   → robot b: IoU 0.425 → 0.521  ✓
    ↑ new global best IoU 0.521  [phase Ph1 robot b]
[staged]   Ph1 robot c  zone 0  (uncovered: 16% of target)
    voronoi warm-start: IoU 0.519 ≤ 0.521, kept current
    [parallel] 10 worker threads, one renderer clone each
    init sampling: best coverage score 81.0px of uncovered area  (16 samples)
[staged]   → robot c: IoU 0.521 → 0.589  ✓
    ↑ new global best IoU 0.589  [phase Ph1 robot c]
[staged]   Ph1 robot d  zone 1  (uncovered: 8% of target)
    voronoi warm-start: IoU 0.584 ≤ 0.589, kept current
    [parallel] 10 worker threads, one renderer clone each
    init sampling: best coverage score 169.0px of uncovered area  (16 samples)
[staged]   → robot d: IoU 0.589 → 0.633  ✓
    ↑ new global best IoU 0.633  [phase Ph1 robot d]
[staged]   Ph1 robot e  zone 4  (uncovered: 4% of target)
    voronoi warm-start: IoU 0.611 ≤ 0.633, kept current
    [parallel] 10 worker threads, one renderer clone each
    init sampling: best coverage score 14.0px of uncovered area  (16 samples)
[staged]   → robot e: IoU 0.633 → 0.690  ✓
    ↑ new global best IoU 0.690  [phase Ph1 robot e]
[staged] Phase 1 done — composite IoU: 0.690

[staged] Phase 2 — backward pass  (8 iters × 5 robots, sigma=0.300)
[staged]   contributions before Phase 2:
[staged]     robot a: +0.170 IoU
[staged]     robot b: +0.096 IoU
[staged]     robot c: +0.067 IoU
[staged]     robot d: +0.059 IoU
[staged]     robot e: +0.057 IoU
[staged]   Ph2 robot e  zone 4  (uncovered: 16% of target)
    [parallel] 10 worker threads, one renderer clone each
    init sampling: best coverage score 43.0px of uncovered area  (16 samples)
[staged]   → robot e: candidate 0.658 < current 0.690  ✗ rejected
[staged]   Ph2 robot d  zone 1  (uncovered: 17% of target)
    [parallel] 10 worker threads, one renderer clone each
    init sampling: best coverage score 221.0px of uncovered area  (16 samples)
[staged]   → robot d: candidate 0.677 < current 0.690  ✗ rejected
[staged]   Ph2 robot c  zone 0  (uncovered: 17% of target)
    [parallel] 10 worker threads, one renderer clone each
    init sampling: best coverage score 75.0px of uncovered area  (16 samples)
[staged]   → robot c: candidate 0.678 < current 0.690  ✗ rejected
[staged]   Ph2 robot b  zone 3  (uncovered: 23% of target)
    [parallel] 10 worker threads, one renderer clone each
    init sampling: best coverage score 651.0px of uncovered area  (16 samples)
[staged]   → robot b: IoU 0.690 → 0.695  ✓
    ↑ new global best IoU 0.695  [phase Ph2 robot b]
[staged]   Ph2 robot a  zone 2  (uncovered: 23% of target)
    [parallel] 10 worker threads, one renderer clone each
    init sampling: best coverage score 374.0px of uncovered area  (16 samples)
[staged]   → robot a: candidate 0.650 < current 0.695  ✗ rejected
[staged] Phase 2 done — composite IoU: 0.695

[staged] Best snapshot: Phase 2  IoU=0.695
[staged] Manifold final pass — computing Jacobian  (ε=0.020, 60 renders)
[staged] Manifold basis: k=11D / 30D  (variance≥85%, top eigenvalues: ['340870.75', '253468.73', '131333.66', '108109.45', '92763.24'])
[staged] Manifold did not improve (0.694 vs 0.695), keeping best snapshot
[staged] FD refinement — 5 Adam steps  (300 renders, lr=0.01, ε=0.02)
    ↑ new global best IoU 0.708  [FD refinement]
[staged] FD done — IoU: 0.708  (Δ=+0.013)  ✓
[staged] Done — final IoU: 0.708  loss: 0.2933
[staged] Popsize: per-robot phases=32  final=32  (theory optimum for 6 DOF = 10)

[staged] Hungarian pre-assignment  (5×5 cost matrix, 8 samples/entry = 200 renders)...
[staged]   robot_a → zone 2  robot_b → zone 1  robot_c → zone 4  robot_d → zone 0  robot_e → zone 3

[staged] Phase 1 — forward greedy  (8 iters × 5 robot(s), sigma=0.40×1.00, popsize=32)
[staged]   Ph1 robot a  zone 2  (uncovered: 26% of target)
    voronoi warm-start: IoU 0.128 → 0.129 ✓
    [parallel] 10 worker threads, one renderer clone each
    init sampling: best coverage score 52.0px of uncovered area  (8 samples)
[staged]   → robot a: IoU 0.128 → 0.446  ✓
    ↑ new global best IoU 0.446  [phase Ph1 robot a]
[staged]   Ph1 robot b  zone 1  (uncovered: 3% of target)
    voronoi warm-start: IoU 0.446 → 0.446 ✓
    [parallel] 10 worker threads, one renderer clone each
    init sampling: best coverage score 10.0px of uncovered area  (8 samples)
[staged]   → robot b: IoU 0.446 → 0.536  ✓
    ↑ new global best IoU 0.536  [phase Ph1 robot b]
[staged]   Ph1 robot c  zone 4  (uncovered: 7% of target)
    voronoi warm-start: IoU 0.534 ≤ 0.536, kept current
    [parallel] 10 worker threads, one renderer clone each
    init sampling: best coverage score 148.0px of uncovered area  (16 samples)
[staged]   → robot c: IoU 0.536 → 0.581  ✓
    ↑ new global best IoU 0.581  [phase Ph1 robot c]
[staged]   Ph1 robot d  zone 0  (uncovered: 1% of target)
    voronoi warm-start: IoU 0.532 ≤ 0.581, kept current
    [parallel] 10 worker threads, one renderer clone each
    init sampling: best coverage score 59.0px of uncovered area  (16 samples)
[staged]   → robot d: IoU 0.581 → 0.588  ✓
    ↑ new global best IoU 0.588  [phase Ph1 robot d]
[staged]   Ph1 robot e  zone 3  (uncovered: 2% of target)
    voronoi warm-start: IoU 0.575 ≤ 0.588, kept current
    [parallel] 10 worker threads, one renderer clone each
    init sampling: best coverage score 15.0px of uncovered area  (16 samples)
[staged]   → robot e: IoU 0.588 → 0.627  ✓
    ↑ new global best IoU 0.627  [phase Ph1 robot e]
[staged] Phase 1 done — composite IoU: 0.627

[staged] Phase 2 — backward pass  (8 iters × 5 robots, sigma=0.300)
[staged]   contributions before Phase 2:
[staged]     robot a: +0.218 IoU
[staged]     robot b: +0.054 IoU
[staged]     robot c: +0.041 IoU  ← low
[staged]     robot d: +0.015 IoU  ← low
[staged]     robot e: +0.039 IoU  ← low
[staged]   Ph2 robot e  zone 3  (uncovered: 17% of target)
    [parallel] 10 worker threads, one renderer clone each
    init sampling: best coverage score 48.0px of uncovered area  (16 samples)
[staged]   → robot e: IoU 0.627 → 0.643  ✓
    ↑ new global best IoU 0.643  [phase Ph2 robot e]
[staged]   Ph2 robot d  zone 0  (uncovered: 10% of target)
    [parallel] 10 worker threads, one renderer clone each
    init sampling: best coverage score 50.0px of uncovered area  (16 samples)
[staged]   → robot d: IoU 0.643 → 0.651  ✓
    ↑ new global best IoU 0.651  [phase Ph2 robot d]
[staged]   Ph2 robot c  zone 4  (uncovered: 12% of target)
    [parallel] 10 worker threads, one renderer clone each
    init sampling: best coverage score 142.0px of uncovered area  (16 samples)
[staged]   → robot c: candidate 0.637 < current 0.651  ✗ rejected
[staged]   Ph2 robot b  zone 1  (uncovered: 23% of target)
    [parallel] 10 worker threads, one renderer clone each
    init sampling: best coverage score 586.0px of uncovered area  (16 samples)
[staged]   → robot b: IoU 0.651 → 0.655  ✓
    ↑ new global best IoU 0.655  [phase Ph2 robot b]
[staged]   Ph2 robot a  zone 2  (uncovered: 38% of target)
    [parallel] 10 worker threads, one renderer clone each
    init sampling: best coverage score 835.0px of uncovered area  (16 samples)
[staged]   → robot a: IoU 0.655 → 0.667  ✓
    ↑ new global best IoU 0.667  [phase Ph2 robot a]
[staged] Phase 2 done — composite IoU: 0.667

[staged] Best snapshot: Phase 2  IoU=0.667
[staged] Manifold final pass — computing Jacobian  (ε=0.020, 60 renders)
[staged] Manifold basis: k=10D / 30D  (variance≥85%, top eigenvalues: ['479243.06', '196651.12', '173649.41', '107325.21', '80406.03'])
    ↑ new global best IoU 0.677  [manifold final pass]
[staged] Manifold done — IoU: 0.677  (Δ=+0.010)  ✓
[staged] FD refinement — 5 Adam steps  (300 renders, lr=0.01, ε=0.02)
    ↑ new global best IoU 0.685  [FD refinement]
[staged] FD done — IoU: 0.685  (Δ=+0.008)  ✓
[staged] Done — final IoU: 0.685  loss: 0.3167
[staged] Popsize: per-robot phases=32  final=32  (theory optimum for 6 DOF = 10)

[staged] Hungarian pre-assignment  (5×5 cost matrix, 8 samples/entry = 200 renders)...
[staged]   robot_a → zone 0  robot_b → zone 1  robot_c → zone 4  robot_d → zone 3  robot_e → zone 2

[staged] Phase 1 — forward greedy  (8 iters × 5 robot(s), sigma=0.40×1.00, popsize=32)
[staged]   Ph1 robot a  zone 0  (uncovered: 19% of target)
    voronoi warm-start: IoU 0.128 → 0.209 ✓
    [parallel] 10 worker threads, one renderer clone each
    init sampling: best coverage score 673.0px of uncovered area  (8 samples)
[staged]   → robot a: IoU 0.128 → 0.459  ✓
    ↑ new global best IoU 0.459  [phase Ph1 robot a]
[staged]   Ph1 robot b  zone 1  (uncovered: 11% of target)
    voronoi warm-start: IoU 0.439 ≤ 0.459, kept current
    [parallel] 10 worker threads, one renderer clone each
    init sampling: best coverage score 143.0px of uncovered area  (16 samples)
[staged]   → robot b: IoU 0.459 → 0.546  ✓
    ↑ new global best IoU 0.546  [phase Ph1 robot b]
[staged]   Ph1 robot c  zone 4  (uncovered: 1% of target)
    voronoi warm-start: IoU 0.502 ≤ 0.546, kept current
    [parallel] 10 worker threads, one renderer clone each
    init sampling: best coverage score 31.0px of uncovered area  (16 samples)
[staged]   → robot c: IoU 0.546 → 0.598  ✓
    ↑ new global best IoU 0.598  [phase Ph1 robot c]
[staged]   Ph1 robot d  zone 3  (uncovered: 2% of target)
    voronoi warm-start: IoU 0.598 → 0.599 ✓
    [parallel] 10 worker threads, one renderer clone each
    init sampling: best coverage score 0.0px of uncovered area  (8 samples)
[staged]   → robot d: IoU 0.598 → 0.610  ✓
    ↑ new global best IoU 0.610  [phase Ph1 robot d]
[staged]   Ph1 robot e  zone 2  (uncovered: 6% of target)
    voronoi warm-start: IoU 0.610 → 0.611 ✓
    [parallel] 10 worker threads, one renderer clone each
    init sampling: best coverage score 170.0px of uncovered area  (8 samples)
[staged]   → robot e: IoU 0.610 → 0.641  ✓
    ↑ new global best IoU 0.641  [phase Ph1 robot e]
[staged] Phase 1 done — composite IoU: 0.641

[staged] Phase 2 — backward pass  (8 iters × 5 robots, sigma=0.300)
[staged]   contributions before Phase 2:
[staged]     robot a: +0.097 IoU
[staged]     robot b: +0.051 IoU
[staged]     robot c: +0.062 IoU
[staged]     robot d: +0.020 IoU  ← low
[staged]     robot e: +0.031 IoU  ← low
[staged]   Ph2 robot e  zone 2  (uncovered: 19% of target)
    [parallel] 10 worker threads, one renderer clone each
    init sampling: best coverage score 175.0px of uncovered area  (16 samples)
[staged]   → robot e: IoU 0.641 → 0.659  ✓
    ↑ new global best IoU 0.659  [phase Ph2 robot e]
[staged]   Ph2 robot d  zone 3  (uncovered: 15% of target)
    [parallel] 10 worker threads, one renderer clone each
    init sampling: best coverage score 157.0px of uncovered area  (16 samples)
[staged]   → robot d: IoU 0.659 → 0.685  ✓
    ↑ new global best IoU 0.685  [phase Ph2 robot d]
[staged]   Ph2 robot c  zone 4  (uncovered: 19% of target)
    [parallel] 10 worker threads, one renderer clone each
    init sampling: best coverage score 158.0px of uncovered area  (16 samples)
[staged]   → robot c: candidate 0.651 < current 0.685  ✗ rejected
[staged]   Ph2 robot b  zone 1  (uncovered: 21% of target)
    [parallel] 10 worker threads, one renderer clone each
    init sampling: best coverage score 446.0px of uncovered area  (16 samples)
[staged]   → robot b: IoU 0.685 → 0.687  ✓
    ↑ new global best IoU 0.687  [phase Ph2 robot b]
[staged]   Ph2 robot a  zone 0  (uncovered: 26% of target)
    [parallel] 10 worker threads, one renderer clone each
    init sampling: best coverage score 449.0px of uncovered area  (16 samples)
[staged]   → robot a: candidate 0.653 < current 0.687  ✗ rejected
[staged] Phase 2 done — composite IoU: 0.687

[staged] Best snapshot: Phase 2  IoU=0.687
[staged] Manifold final pass — computing Jacobian  (ε=0.020, 60 renders)
[staged] Manifold basis: k=11D / 30D  (variance≥85%, top eigenvalues: ['461789.03', '354279.34', '199650.73', '107971.33', '106373.51'])
[staged] Manifold did not improve (0.681 vs 0.687), keeping best snapshot
[staged] FD refinement — 5 Adam steps  (300 renders, lr=0.01, ε=0.02)
    ↑ new global best IoU 0.706  [FD refinement]
[staged] FD done — IoU: 0.706  (Δ=+0.019)  ✓
[staged] Done — final IoU: 0.706  loss: 0.2957
[staged] Popsize: per-robot phases=32  final=32  (theory optimum for 6 DOF = 10)

[staged] Hungarian pre-assignment  (5×5 cost matrix, 8 samples/entry = 200 renders)...
[staged]   robot_a → zone 4  robot_b → zone 0  robot_c → zone 3  robot_d → zone 2  robot_e → zone 1

[staged] Phase 1 — forward greedy  (8 iters × 5 robot(s), sigma=0.40×1.00, popsize=32)
[staged]   Ph1 robot a  zone 4  (uncovered: 24% of target)
    voronoi warm-start: IoU 0.128 → 0.130 ✓
    [parallel] 10 worker threads, one renderer clone each
    init sampling: best coverage score 876.0px of uncovered area  (8 samples)
[staged]   → robot a: IoU 0.128 → 0.504  ✓
    ↑ new global best IoU 0.504  [phase Ph1 robot a]
[staged]   Ph1 robot b  zone 0  (uncovered: 9% of target)
    voronoi warm-start: IoU 0.477 ≤ 0.504, kept current
    [parallel] 10 worker threads, one renderer clone each
    init sampling: best coverage score 363.0px of uncovered area  (16 samples)
[staged]   → robot b: IoU 0.504 → 0.583  ✓
    ↑ new global best IoU 0.583  [phase Ph1 robot b]
[staged]   Ph1 robot c  zone 3  (uncovered: 4% of target)
    voronoi warm-start: IoU 0.535 ≤ 0.583, kept current
    [parallel] 10 worker threads, one renderer clone each
    init sampling: best coverage score 152.0px of uncovered area  (16 samples)
[staged]   → robot c: IoU 0.583 → 0.619  ✓
    ↑ new global best IoU 0.619  [phase Ph1 robot c]
[staged]   Ph1 robot d  zone 2  (uncovered: 2% of target)
    voronoi warm-start: IoU 0.582 ≤ 0.619, kept current
    [parallel] 10 worker threads, one renderer clone each
    init sampling: best coverage score 39.0px of uncovered area  (16 samples)
[staged]   → robot d: IoU 0.619 → 0.648  ✓
    ↑ new global best IoU 0.648  [phase Ph1 robot d]
[staged]   Ph1 robot e  zone 1  (uncovered: 0% of target)
    voronoi warm-start: IoU 0.636 ≤ 0.648, kept current
    [parallel] 10 worker threads, one renderer clone each
    init sampling: best coverage score 2.0px of uncovered area  (16 samples)
[staged]   → robot e: IoU 0.648 → 0.673  ✓
    ↑ new global best IoU 0.673  [phase Ph1 robot e]
[staged] Phase 1 done — composite IoU: 0.673

[staged] Phase 2 — backward pass  (8 iters × 5 robots, sigma=0.300)
[staged]   contributions before Phase 2:
[staged]     robot a: +0.230 IoU
[staged]     robot b: +0.061 IoU
[staged]     robot c: -0.002 IoU  ← low
[staged]     robot d: +0.044 IoU  ← low
[staged]     robot e: +0.025 IoU  ← low
[staged]   Ph2 robot e  zone 1  (uncovered: 10% of target)
    [parallel] 10 worker threads, one renderer clone each
    init sampling: best coverage score 126.0px of uncovered area  (16 samples)
[staged]   → robot e: IoU 0.673 → 0.680  ✓
    ↑ new global best IoU 0.680  [phase Ph2 robot e]
[staged]   Ph2 robot d  zone 2  (uncovered: 12% of target)
    [parallel] 10 worker threads, one renderer clone each
    init sampling: best coverage score 82.0px of uncovered area  (16 samples)
[staged]   → robot d: candidate 0.652 < current 0.680  ✗ rejected
[staged]   Ph2 robot c  zone 3  (uncovered: 14% of target)
    [parallel] 10 worker threads, one renderer clone each
    init sampling: best coverage score 130.0px of uncovered area  (16 samples)
[staged]   → robot c: IoU 0.680 → 0.684  ✓
    ↑ new global best IoU 0.684  [phase Ph2 robot c]
[staged]   Ph2 robot b  zone 0  (uncovered: 13% of target)
    [parallel] 10 worker threads, one renderer clone each
    init sampling: best coverage score 180.0px of uncovered area  (16 samples)
[staged]   → robot b: candidate 0.624 < current 0.684  ✗ rejected
[staged]   Ph2 robot a  zone 4  (uncovered: 31% of target)
    [parallel] 10 worker threads, one renderer clone each
    init sampling: best coverage score 993.0px of uncovered area  (16 samples)
[staged]   → robot a: candidate 0.677 < current 0.684  ✗ rejected
[staged] Phase 2 done — composite IoU: 0.684

[staged] Best snapshot: Phase 2  IoU=0.684
[staged] Manifold final pass — computing Jacobian  (ε=0.020, 60 renders)
[staged] Manifold basis: k=10D / 30D  (variance≥85%, top eigenvalues: ['427324.34', '196441.56', '173113.97', '96481.29', '86679.13'])
    ↑ new global best IoU 0.691  [manifold final pass]
[staged] Manifold done — IoU: 0.691  (Δ=+0.007)  ✓
[staged] FD refinement — 5 Adam steps  (300 renders, lr=0.01, ε=0.02)
    ↑ new global best IoU 0.702  [FD refinement]
[staged] FD done — IoU: 0.702  (Δ=+0.011)  ✓
[staged] Done — final IoU: 0.702  loss: 0.2998
[shard 0] 8/10 digits/4_dejavusans-bold  best=0.716 mean=0.704±0.010  142s  eta 0.1h
[staged] Popsize: per-robot phases=32  final=32  (theory optimum for 6 DOF = 10)

[staged] Hungarian pre-assignment  (5×5 cost matrix, 8 samples/entry = 200 renders)...
[staged]   robot_a → zone 2  robot_b → zone 1  robot_c → zone 4  robot_d → zone 0  robot_e → zone 3

[staged] Phase 1 — forward greedy  (8 iters × 5 robot(s), sigma=0.40×1.00, popsize=32)
[staged]   Ph1 robot a  zone 2  (uncovered: 22% of target)
    voronoi warm-start: IoU 0.067 → 0.219 ✓
    [parallel] 10 worker threads, one renderer clone each
    init sampling: best coverage score 0.0px of uncovered area  (8 samples)
[staged]   → robot a: IoU 0.067 → 0.446  ✓
    ↑ new global best IoU 0.446  [phase Ph1 robot a]
[staged]   Ph1 robot b  zone 1  (uncovered: 14% of target)
    voronoi warm-start: IoU 0.446 → 0.468 ✓
    [parallel] 10 worker threads, one renderer clone each
    init sampling: best coverage score 363.0px of uncovered area  (8 samples)
[staged]   → robot b: IoU 0.446 → 0.512  ✓
    ↑ new global best IoU 0.512  [phase Ph1 robot b]
[staged]   Ph1 robot c  zone 4  (uncovered: 0% of target)
    voronoi warm-start: IoU 0.449 ≤ 0.512, kept current
    [parallel] 10 worker threads, one renderer clone each
    init sampling: best coverage score 0.0px of uncovered area  (16 samples)
[staged]   → robot c: IoU 0.512 → 0.548  ✓
    ↑ new global best IoU 0.548  [phase Ph1 robot c]
[staged]   Ph1 robot d  zone 0  (uncovered: 0% of target)
    voronoi warm-start: IoU 0.509 ≤ 0.548, kept current
    [parallel] 10 worker threads, one renderer clone each
    init sampling: best coverage score 2.0px of uncovered area  (16 samples)
[staged]   → robot d: IoU 0.548 → 0.562  ✓
    ↑ new global best IoU 0.562  [phase Ph1 robot d]
[staged]   Ph1 robot e  zone 3  (uncovered: 5% of target)
    voronoi warm-start: IoU 0.544 ≤ 0.562, kept current
    [parallel] 10 worker threads, one renderer clone each
    init sampling: best coverage score 35.0px of uncovered area  (16 samples)
[staged]   → robot e: IoU 0.562 → 0.590  ✓
    ↑ new global best IoU 0.590  [phase Ph1 robot e]
[staged] Phase 1 done — composite IoU: 0.590

[staged] Phase 2 — backward pass  (8 iters × 5 robots, sigma=0.300)
[staged]   contributions before Phase 2:
[staged]     robot a: +0.079 IoU
[staged]     robot b: +0.085 IoU
[staged]     robot c: +0.061 IoU
[staged]     robot d: +0.034 IoU  ← low
[staged]     robot e: +0.028 IoU  ← low
[staged]   Ph2 robot e  zone 3  (uncovered: 5% of target)
    [parallel] 10 worker threads, one renderer clone each
    init sampling: best coverage score 3.0px of uncovered area  (16 samples)
[staged]   → robot e: candidate 0.589 < current 0.590  ✗ rejected
[staged]   Ph2 robot d  zone 0  (uncovered: 6% of target)
    [parallel] 10 worker threads, one renderer clone each
    init sampling: best coverage score 88.0px of uncovered area  (16 samples)
[staged]   → robot d: IoU 0.590 → 0.590  ✓
    ↑ new global best IoU 0.590  [phase Ph2 robot d]
[staged]   Ph2 robot c  zone 4  (uncovered: 10% of target)
    [parallel] 10 worker threads, one renderer clone each
    init sampling: best coverage score 102.0px of uncovered area  (16 samples)
[staged]   → robot c: candidate 0.571 < current 0.590  ✗ rejected
[staged]   Ph2 robot b  zone 1  (uncovered: 17% of target)
    [parallel] 10 worker threads, one renderer clone each
    init sampling: best coverage score 357.0px of uncovered area  (16 samples)
[staged]   → robot b: candidate 0.579 < current 0.590  ✗ rejected
[staged]   Ph2 robot a  zone 2  (uncovered: 24% of target)
    [parallel] 10 worker threads, one renderer clone each
    init sampling: best coverage score 193.0px of uncovered area  (16 samples)
[staged]   → robot a: IoU 0.590 → 0.616  ✓
    ↑ new global best IoU 0.616  [phase Ph2 robot a]
[staged] Phase 2 done — composite IoU: 0.616

[staged] Best snapshot: Phase 2  IoU=0.616
[staged] Manifold final pass — computing Jacobian  (ε=0.020, 60 renders)
[staged] Manifold basis: k=9D / 30D  (variance≥85%, top eigenvalues: ['340020.94', '218066.61', '77994.09', '60772.90', '59638.59'])
    ↑ new global best IoU 0.661  [manifold final pass]
[staged] Manifold done — IoU: 0.661  (Δ=+0.045)  ✓
[staged] FD refinement — 5 Adam steps  (300 renders, lr=0.01, ε=0.02)
    ↑ new global best IoU 0.682  [FD refinement]
[staged] FD done — IoU: 0.682  (Δ=+0.021)  ✓
[staged] Done — final IoU: 0.682  loss: 0.3195
[staged] Popsize: per-robot phases=32  final=32  (theory optimum for 6 DOF = 10)

[staged] Hungarian pre-assignment  (5×5 cost matrix, 8 samples/entry = 200 renders)...
[staged]   robot_a → zone 1  robot_b → zone 3  robot_c → zone 4  robot_d → zone 2  robot_e → zone 0

[staged] Phase 1 — forward greedy  (8 iters × 5 robot(s), sigma=0.40×1.00, popsize=32)
[staged]   Ph1 robot a  zone 1  (uncovered: 19% of target)
    voronoi warm-start: IoU 0.067 → 0.222 ✓
    [parallel] 10 worker threads, one renderer clone each
    init sampling: best coverage score 0.0px of uncovered area  (8 samples)
[staged]   → robot a: IoU 0.067 → 0.465  ✓
    ↑ new global best IoU 0.465  [phase Ph1 robot a]
[staged]   Ph1 robot b  zone 3  (uncovered: 9% of target)
    voronoi warm-start: IoU 0.449 ≤ 0.465, kept current
    [parallel] 10 worker threads, one renderer clone each
    init sampling: best coverage score 69.0px of uncovered area  (16 samples)
[staged]   → robot b: IoU 0.465 → 0.538  ✓
    ↑ new global best IoU 0.538  [phase Ph1 robot b]
[staged]   Ph1 robot c  zone 4  (uncovered: 2% of target)
    voronoi warm-start: IoU 0.530 ≤ 0.538, kept current
    [parallel] 10 worker threads, one renderer clone each
    init sampling: best coverage score 13.0px of uncovered area  (16 samples)
[staged]   → robot c: IoU 0.538 → 0.576  ✓
    ↑ new global best IoU 0.576  [phase Ph1 robot c]
[staged]   Ph1 robot d  zone 2  (uncovered: 1% of target)
    voronoi warm-start: IoU 0.510 ≤ 0.576, kept current
    [parallel] 10 worker threads, one renderer clone each
    init sampling: best coverage score 32.0px of uncovered area  (16 samples)
[staged]   → robot d: IoU 0.576 → 0.601  ✓
    ↑ new global best IoU 0.601  [phase Ph1 robot d]
[staged]   Ph1 robot e  zone 0  (uncovered: 0% of target)
    voronoi warm-start: IoU 0.559 ≤ 0.601, kept current
    [parallel] 10 worker threads, one renderer clone each
    init sampling: best coverage score 10.0px of uncovered area  (16 samples)
[staged]   → robot e: IoU 0.601 → 0.658  ✓
    ↑ new global best IoU 0.658  [phase Ph1 robot e]
[staged] Phase 1 done — composite IoU: 0.658

[staged] Phase 2 — backward pass  (8 iters × 5 robots, sigma=0.300)
[staged]   contributions before Phase 2:
[staged]     robot a: +0.094 IoU
[staged]     robot b: +0.088 IoU
[staged]     robot c: +0.083 IoU
[staged]     robot d: +0.067 IoU
[staged]     robot e: +0.057 IoU
[staged]   Ph2 robot e  zone 0  (uncovered: 7% of target)
    [parallel] 10 worker threads, one renderer clone each
    init sampling: best coverage score 83.0px of uncovered area  (16 samples)
[staged]   → robot e: IoU 0.658 → 0.660  ✓
    ↑ new global best IoU 0.660  [phase Ph2 robot e]
[staged]   Ph2 robot d  zone 2  (uncovered: 8% of target)
    [parallel] 10 worker threads, one renderer clone each
    init sampling: best coverage score 57.0px of uncovered area  (16 samples)
[staged]   → robot d: IoU 0.660 → 0.664  ✓
    ↑ new global best IoU 0.664  [phase Ph2 robot d]
[staged]   Ph2 robot c  zone 4  (uncovered: 9% of target)
    [parallel] 10 worker threads, one renderer clone each
    init sampling: best coverage score 148.0px of uncovered area  (16 samples)
[staged]   → robot c: candidate 0.663 < current 0.664  ✗ rejected
[staged]   Ph2 robot b  zone 3  (uncovered: 12% of target)
    [parallel] 10 worker threads, one renderer clone each
    init sampling: best coverage score 218.0px of uncovered area  (16 samples)
[staged]   → robot b: IoU 0.664 → 0.674  ✓
    ↑ new global best IoU 0.674  [phase Ph2 robot b]
[staged]   Ph2 robot a  zone 1  (uncovered: 17% of target)
    [parallel] 10 worker threads, one renderer clone each
    init sampling: best coverage score 217.0px of uncovered area  (16 samples)
[staged]   → robot a: candidate 0.620 < current 0.674  ✗ rejected
[staged] Phase 2 done — composite IoU: 0.674

[staged] Best snapshot: Phase 2  IoU=0.674
[staged] Manifold final pass — computing Jacobian  (ε=0.020, 60 renders)
[staged] Manifold basis: k=8D / 30D  (variance≥85%, top eigenvalues: ['321072.91', '291863.66', '199832.62', '151767.53', '99551.78'])
    ↑ new global best IoU 0.727  [manifold final pass]
[staged] Manifold done — IoU: 0.727  (Δ=+0.052)  ✓
[staged] FD refinement — 5 Adam steps  (300 renders, lr=0.01, ε=0.02)
    ↑ new global best IoU 0.746  [FD refinement]
[staged] FD done — IoU: 0.746  (Δ=+0.019)  ✓
[staged] Done — final IoU: 0.746  loss: 0.2550
[staged] Popsize: per-robot phases=32  final=32  (theory optimum for 6 DOF = 10)

[staged] Hungarian pre-assignment  (5×5 cost matrix, 8 samples/entry = 200 renders)...
[staged]   robot_a → zone 2  robot_b → zone 3  robot_c → zone 4  robot_d → zone 1  robot_e → zone 0

[staged] Phase 1 — forward greedy  (8 iters × 5 robot(s), sigma=0.40×1.00, popsize=32)
[staged]   Ph1 robot a  zone 2  (uncovered: 7% of target)
    voronoi warm-start: IoU 0.061 ≤ 0.067, kept current
    [parallel] 10 worker threads, one renderer clone each
    init sampling: best coverage score 232.0px of uncovered area  (16 samples)
[staged]   → robot a: IoU 0.067 → 0.463  ✓
    ↑ new global best IoU 0.463  [phase Ph1 robot a]
[staged]   Ph1 robot b  zone 3  (uncovered: 6% of target)
    voronoi warm-start: IoU 0.463 → 0.490 ✓
    [parallel] 10 worker threads, one renderer clone each
    init sampling: best coverage score 144.0px of uncovered area  (8 samples)
[staged]   → robot b: IoU 0.463 → 0.540  ✓
    ↑ new global best IoU 0.540  [phase Ph1 robot b]
[staged]   Ph1 robot c  zone 4  (uncovered: 2% of target)
    voronoi warm-start: IoU 0.502 ≤ 0.540, kept current
    [parallel] 10 worker threads, one renderer clone each
    init sampling: best coverage score 65.0px of uncovered area  (16 samples)
[staged]   → robot c: IoU 0.540 → 0.596  ✓
    ↑ new global best IoU 0.596  [phase Ph1 robot c]
[staged]   Ph1 robot d  zone 1  (uncovered: 7% of target)
    voronoi warm-start: IoU 0.529 ≤ 0.596, kept current
    [parallel] 10 worker threads, one renderer clone each
    init sampling: best coverage score 43.0px of uncovered area  (16 samples)
[staged]   → robot d: IoU 0.596 → 0.635  ✓
    ↑ new global best IoU 0.635  [phase Ph1 robot d]
[staged]   Ph1 robot e  zone 0  (uncovered: 1% of target)
    voronoi warm-start: IoU 0.635 → 0.654 ✓
    [parallel] 10 worker threads, one renderer clone each
    init sampling: best coverage score 26.0px of uncovered area  (8 samples)
[staged]   → robot e: IoU 0.635 → 0.703  ✓
    ↑ new global best IoU 0.703  [phase Ph1 robot e]
[staged] Phase 1 done — composite IoU: 0.703

[staged] Phase 2 — backward pass  (8 iters × 5 robots, sigma=0.300)
[staged]   contributions before Phase 2:
[staged]     robot a: +0.139 IoU
[staged]     robot b: +0.136 IoU
[staged]     robot c: +0.089 IoU
[staged]     robot d: +0.081 IoU
[staged]     robot e: +0.069 IoU
[staged]   Ph2 robot e  zone 0  (uncovered: 11% of target)
    [parallel] 10 worker threads, one renderer clone each
    init sampling: best coverage score 27.0px of uncovered area  (16 samples)
[staged]   → robot e: candidate 0.701 < current 0.703  ✗ rejected
[staged]   Ph2 robot d  zone 1  (uncovered: 12% of target)
    [parallel] 10 worker threads, one renderer clone each
    init sampling: best coverage score 110.0px of uncovered area  (16 samples)
[staged]   → robot d: candidate 0.689 < current 0.703  ✗ rejected
[staged]   Ph2 robot c  zone 4  (uncovered: 11% of target)
    [parallel] 10 worker threads, one renderer clone each
    init sampling: best coverage score 53.0px of uncovered area  (16 samples)
[staged]   → robot c: candidate 0.699 < current 0.703  ✗ rejected
[staged]   Ph2 robot b  zone 3  (uncovered: 22% of target)
    [parallel] 10 worker threads, one renderer clone each
    init sampling: best coverage score 408.0px of uncovered area  (16 samples)
[staged]   → robot b: candidate 0.703 < current 0.703  ✗ rejected
[staged]   Ph2 robot a  zone 2  (uncovered: 16% of target)
    [parallel] 10 worker threads, one renderer clone each
    init sampling: best coverage score 242.0px of uncovered area  (16 samples)
[staged]   → robot a: candidate 0.667 < current 0.703  ✗ rejected
[staged] Phase 2 done — composite IoU: 0.703

[staged] Best snapshot: Phase 1  IoU=0.703
[staged] Manifold final pass — computing Jacobian  (ε=0.020, 60 renders)
[staged] Manifold basis: k=8D / 30D  (variance≥85%, top eigenvalues: ['291749.22', '214521.89', '79578.23', '60661.62', '54794.21'])
    ↑ new global best IoU 0.750  [manifold final pass]
[staged] Manifold done — IoU: 0.750  (Δ=+0.046)  ✓
[staged] FD refinement — 5 Adam steps  (300 renders, lr=0.01, ε=0.02)
    ↑ new global best IoU 0.765  [FD refinement]
[staged] FD done — IoU: 0.765  (Δ=+0.015)  ✓
[staged] Done — final IoU: 0.765  loss: 0.2358
[staged] Popsize: per-robot phases=32  final=32  (theory optimum for 6 DOF = 10)

[staged] Hungarian pre-assignment  (5×5 cost matrix, 8 samples/entry = 200 renders)...
[staged]   robot_a → zone 1  robot_b → zone 2  robot_c → zone 4  robot_d → zone 3  robot_e → zone 0

[staged] Phase 1 — forward greedy  (8 iters × 5 robot(s), sigma=0.40×1.00, popsize=32)
[staged]   Ph1 robot a  zone 1  (uncovered: 19% of target)
    voronoi warm-start: IoU 0.067 → 0.086 ✓
    [parallel] 10 worker threads, one renderer clone each
    init sampling: best coverage score 587.0px of uncovered area  (8 samples)
[staged]   → robot a: IoU 0.067 → 0.471  ✓
    ↑ new global best IoU 0.471  [phase Ph1 robot a]
[staged]   Ph1 robot b  zone 2  (uncovered: 21% of target)
    voronoi warm-start: IoU 0.471 → 0.480 ✓
    [parallel] 10 worker threads, one renderer clone each
    init sampling: best coverage score 137.0px of uncovered area  (8 samples)
[staged]   → robot b: IoU 0.471 → 0.590  ✓
    ↑ new global best IoU 0.590  [phase Ph1 robot b]
[staged]   Ph1 robot c  zone 4  (uncovered: 2% of target)
    voronoi warm-start: IoU 0.561 ≤ 0.590, kept current
    [parallel] 10 worker threads, one renderer clone each
    init sampling: best coverage score 3.0px of uncovered area  (16 samples)
[staged]   → robot c: IoU 0.590 → 0.630  ✓
    ↑ new global best IoU 0.630  [phase Ph1 robot c]
[staged]   Ph1 robot d  zone 3  (uncovered: 5% of target)
    voronoi warm-start: IoU 0.558 ≤ 0.630, kept current
    [parallel] 10 worker threads, one renderer clone each
    init sampling: best coverage score 22.0px of uncovered area  (16 samples)
[staged]   → robot d: IoU 0.630 → 0.650  ✓
    ↑ new global best IoU 0.650  [phase Ph1 robot d]
[staged]   Ph1 robot e  zone 0  (uncovered: 0% of target)
    voronoi warm-start: IoU 0.650 → 0.663 ✓
    [parallel] 10 worker threads, one renderer clone each
    init sampling: best coverage score 0.0px of uncovered area  (8 samples)
[staged]   → robot e: candidate 0.612 < current 0.650  ✗ rejected
[staged] Phase 1 done — composite IoU: 0.650

[staged] Phase 2 — backward pass  (8 iters × 5 robots, sigma=0.300)
[staged]   contributions before Phase 2:
[staged]     robot a: +0.177 IoU
[staged]     robot b: +0.138 IoU
[staged]     robot c: +0.060 IoU
[staged]     robot d: +0.020 IoU  ← low
[staged]     robot e: +0.000 IoU  ← low
[staged]   Ph2 robot e  zone 0  (uncovered: 5% of target)
    [parallel] 10 worker threads, one renderer clone each
    init sampling: best coverage score 18.0px of uncovered area  (16 samples)
[staged]   → robot e: IoU 0.650 → 0.697  ✓
    ↑ new global best IoU 0.697  [phase Ph2 robot e]
[staged]   Ph2 robot d  zone 3  (uncovered: 5% of target)
    [parallel] 10 worker threads, one renderer clone each
    init sampling: best coverage score 14.0px of uncovered area  (16 samples)
[staged]   → robot d: IoU 0.697 → 0.700  ✓
    ↑ new global best IoU 0.700  [phase Ph2 robot d]
[staged]   Ph2 robot c  zone 4  (uncovered: 6% of target)
    [parallel] 10 worker threads, one renderer clone each
    init sampling: best coverage score 53.0px of uncovered area  (16 samples)
[staged]   → robot c: candidate 0.677 < current 0.700  ✗ rejected
[staged]   Ph2 robot b  zone 2  (uncovered: 15% of target)
    [parallel] 10 worker threads, one renderer clone each
    init sampling: best coverage score 355.0px of uncovered area  (16 samples)
[staged]   → robot b: candidate 0.669 < current 0.700  ✗ rejected
[staged]   Ph2 robot a  zone 1  (uncovered: 24% of target)
    [parallel] 10 worker threads, one renderer clone each
    init sampling: best coverage score 383.0px of uncovered area  (16 samples)
[staged]   → robot a: candidate 0.688 < current 0.700  ✗ rejected
[staged] Phase 2 done — composite IoU: 0.700

[staged] Best snapshot: Phase 2  IoU=0.700
[staged] Manifold final pass — computing Jacobian  (ε=0.020, 60 renders)
[staged] Manifold basis: k=6D / 30D  (variance≥85%, top eigenvalues: ['981622.31', '235253.86', '135856.02', '85047.88', '50413.04'])
    ↑ new global best IoU 0.703  [manifold final pass]
[staged] Manifold done — IoU: 0.703  (Δ=+0.003)  ✓
[staged] FD refinement — 5 Adam steps  (300 renders, lr=0.01, ε=0.02)
    ↑ new global best IoU 0.721  [FD refinement]
[staged] FD done — IoU: 0.721  (Δ=+0.018)  ✓
[staged] Done — final IoU: 0.721  loss: 0.2813
[staged] Popsize: per-robot phases=32  final=32  (theory optimum for 6 DOF = 10)

[staged] Hungarian pre-assignment  (5×5 cost matrix, 8 samples/entry = 200 renders)...
[staged]   robot_a → zone 4  robot_b → zone 3  robot_c → zone 2  robot_d → zone 1  robot_e → zone 0

[staged] Phase 1 — forward greedy  (8 iters × 5 robot(s), sigma=0.40×1.00, popsize=32)
[staged]   Ph1 robot a  zone 4  (uncovered: 14% of target)
    voronoi warm-start: IoU 0.060 ≤ 0.067, kept current
    [parallel] 10 worker threads, one renderer clone each
    init sampling: best coverage score 452.0px of uncovered area  (16 samples)
[staged]   → robot a: IoU 0.067 → 0.467  ✓
    ↑ new global best IoU 0.467  [phase Ph1 robot a]
[staged]   Ph1 robot b  zone 3  (uncovered: 6% of target)
    voronoi warm-start: IoU 0.448 ≤ 0.467, kept current
    [parallel] 10 worker threads, one renderer clone each
    init sampling: best coverage score 126.0px of uncovered area  (16 samples)
[staged]   → robot b: IoU 0.467 → 0.544  ✓
    ↑ new global best IoU 0.544  [phase Ph1 robot b]
[staged]   Ph1 robot c  zone 2  (uncovered: 3% of target)
    voronoi warm-start: IoU 0.533 ≤ 0.544, kept current
    [parallel] 10 worker threads, one renderer clone each
    init sampling: best coverage score 82.0px of uncovered area  (16 samples)
[staged]   → robot c: IoU 0.544 → 0.591  ✓
    ↑ new global best IoU 0.591  [phase Ph1 robot c]
[staged]   Ph1 robot d  zone 1  (uncovered: 3% of target)
    voronoi warm-start: IoU 0.579 ≤ 0.591, kept current
    [parallel] 10 worker threads, one renderer clone each
    init sampling: best coverage score 3.0px of uncovered area  (16 samples)
[staged]   → robot d: IoU 0.591 → 0.623  ✓
    ↑ new global best IoU 0.623  [phase Ph1 robot d]
[staged]   Ph1 robot e  zone 0  (uncovered: 10% of target)
    voronoi warm-start: IoU 0.592 ≤ 0.623, kept current
    [parallel] 10 worker threads, one renderer clone each
    init sampling: best coverage score 19.0px of uncovered area  (16 samples)
[staged]   → robot e: IoU 0.623 → 0.689  ✓
    ↑ new global best IoU 0.689  [phase Ph1 robot e]
[staged] Phase 1 done — composite IoU: 0.689

[staged] Phase 2 — backward pass  (8 iters × 5 robots, sigma=0.300)
[staged]   contributions before Phase 2:
[staged]     robot a: +0.168 IoU
[staged]     robot b: +0.086 IoU
[staged]     robot c: +0.085 IoU
[staged]     robot d: +0.075 IoU
[staged]     robot e: +0.066 IoU
[staged]   Ph2 robot e  zone 0  (uncovered: 10% of target)
    [parallel] 10 worker threads, one renderer clone each
    init sampling: best coverage score 32.0px of uncovered area  (16 samples)
[staged]   → robot e: candidate 0.681 < current 0.689  ✗ rejected
[staged]   Ph2 robot d  zone 1  (uncovered: 11% of target)
    [parallel] 10 worker threads, one renderer clone each
    init sampling: best coverage score 62.0px of uncovered area  (16 samples)
[staged]   → robot d: candidate 0.688 < current 0.689  ✗ rejected
[staged]   Ph2 robot c  zone 2  (uncovered: 16% of target)
    [parallel] 10 worker threads, one renderer clone each
    init sampling: best coverage score 40.0px of uncovered area  (16 samples)
[staged]   → robot c: IoU 0.689 → 0.712  ✓
    ↑ new global best IoU 0.712  [phase Ph2 robot c]
[staged]   Ph2 robot b  zone 3  (uncovered: 12% of target)
    [parallel] 10 worker threads, one renderer clone each
    init sampling: best coverage score 130.0px of uncovered area  (16 samples)
[staged]   → robot b: IoU 0.712 → 0.714  ✓
    ↑ new global best IoU 0.714  [phase Ph2 robot b]
[staged]   Ph2 robot a  zone 4  (uncovered: 17% of target)
    [parallel] 10 worker threads, one renderer clone each
    init sampling: best coverage score 249.0px of uncovered area  (16 samples)
[staged]   → robot a: candidate 0.681 < current 0.714  ✗ rejected
[staged] Phase 2 done — composite IoU: 0.714

[staged] Best snapshot: Phase 2  IoU=0.714
[staged] Manifold final pass — computing Jacobian  (ε=0.020, 60 renders)
[staged] Manifold basis: k=9D / 30D  (variance≥85%, top eigenvalues: ['419251.72', '260261.98', '254059.34', '144901.92', '103445.38'])
    ↑ new global best IoU 0.735  [manifold final pass]
[staged] Manifold done — IoU: 0.735  (Δ=+0.021)  ✓
[staged] FD refinement — 5 Adam steps  (300 renders, lr=0.01, ε=0.02)
    ↑ new global best IoU 0.752  [FD refinement]
[staged] FD done — IoU: 0.752  (Δ=+0.017)  ✓
[staged] Done — final IoU: 0.752  loss: 0.2487
[shard 0] 9/10 digits/7_dejavusans-bold  best=0.765 mean=0.733±0.029  141s  eta 0.0h
[staged] Popsize: per-robot phases=32  final=32  (theory optimum for 6 DOF = 10)

[staged] Hungarian pre-assignment  (5×5 cost matrix, 8 samples/entry = 200 renders)...
[staged]   robot_a → zone 3  robot_b → zone 1  robot_c → zone 4  robot_d → zone 0  robot_e → zone 2

[staged] Phase 1 — forward greedy  (8 iters × 5 robot(s), sigma=0.40×1.00, popsize=32)
[staged]   Ph1 robot a  zone 3  (uncovered: 6% of target)
    voronoi warm-start: IoU 0.106 ≤ 0.119, kept current
    [parallel] 10 worker threads, one renderer clone each
    init sampling: best coverage score 275.0px of uncovered area  (16 samples)
[staged]   → robot a: IoU 0.119 → 0.361  ✓
    ↑ new global best IoU 0.361  [phase Ph1 robot a]
[staged]   Ph1 robot b  zone 1  (uncovered: 13% of target)
    voronoi warm-start: IoU 0.361 → 0.428 ✓
    [parallel] 10 worker threads, one renderer clone each
    init sampling: best coverage score 445.0px of uncovered area  (8 samples)
[staged]   → robot b: IoU 0.361 → 0.550  ✓
    ↑ new global best IoU 0.550  [phase Ph1 robot b]
[staged]   Ph1 robot c  zone 4  (uncovered: 2% of target)
    voronoi warm-start: IoU 0.539 ≤ 0.550, kept current
    [parallel] 10 worker threads, one renderer clone each
    init sampling: best coverage score 12.0px of uncovered area  (16 samples)
[staged]   → robot c: IoU 0.550 → 0.591  ✓
    ↑ new global best IoU 0.591  [phase Ph1 robot c]
[staged]   Ph1 robot d  zone 0  (uncovered: 1% of target)
    voronoi warm-start: IoU 0.563 ≤ 0.591, kept current
    [parallel] 10 worker threads, one renderer clone each
    init sampling: best coverage score 1.0px of uncovered area  (16 samples)
[staged]   → robot d: IoU 0.591 → 0.639  ✓
    ↑ new global best IoU 0.639  [phase Ph1 robot d]
[staged]   Ph1 robot e  zone 2  (uncovered: 6% of target)
    voronoi warm-start: IoU 0.634 ≤ 0.639, kept current
    [parallel] 10 worker threads, one renderer clone each
    init sampling: best coverage score 68.0px of uncovered area  (16 samples)
[staged]   → robot e: IoU 0.639 → 0.689  ✓
    ↑ new global best IoU 0.689  [phase Ph1 robot e]
[staged] Phase 1 done — composite IoU: 0.689

[staged] Phase 2 — backward pass  (8 iters × 5 robots, sigma=0.300)
[staged]   contributions before Phase 2:
[staged]     robot a: +0.144 IoU
[staged]     robot b: +0.154 IoU
[staged]     robot c: +0.034 IoU  ← low
[staged]     robot d: +0.064 IoU
[staged]     robot e: +0.050 IoU
[staged]   Ph2 robot e  zone 2  (uncovered: 14% of target)
    [parallel] 10 worker threads, one renderer clone each
    init sampling: best coverage score 146.0px of uncovered area  (16 samples)
[staged]   → robot e: candidate 0.685 < current 0.689  ✗ rejected
[staged]   Ph2 robot d  zone 0  (uncovered: 15% of target)
    [parallel] 10 worker threads, one renderer clone each
    init sampling: best coverage score 121.0px of uncovered area  (16 samples)
[staged]   → robot d: candidate 0.675 < current 0.689  ✗ rejected
[staged]   Ph2 robot c  zone 4  (uncovered: 11% of target)
    [parallel] 10 worker threads, one renderer clone each
    init sampling: best coverage score 162.0px of uncovered area  (16 samples)
[staged]   → robot c: IoU 0.689 → 0.705  ✓
    ↑ new global best IoU 0.705  [phase Ph2 robot c]
[staged]   Ph2 robot b  zone 1  (uncovered: 23% of target)
    [parallel] 10 worker threads, one renderer clone each
    init sampling: best coverage score 575.0px of uncovered area  (16 samples)
[staged]   → robot b: candidate 0.679 < current 0.705  ✗ rejected
[staged]   Ph2 robot a  zone 3  (uncovered: 20% of target)
    [parallel] 10 worker threads, one renderer clone each
    init sampling: best coverage score 206.0px of uncovered area  (16 samples)
[staged]   → robot a: IoU 0.705 → 0.725  ✓
    ↑ new global best IoU 0.725  [phase Ph2 robot a]
[staged] Phase 2 done — composite IoU: 0.725

[staged] Best snapshot: Phase 2  IoU=0.725
[staged] Manifold final pass — computing Jacobian  (ε=0.020, 60 renders)
[staged] Manifold basis: k=9D / 30D  (variance≥85%, top eigenvalues: ['266594.53', '237281.73', '133009.17', '114172.47', '57983.06'])
    ↑ new global best IoU 0.736  [manifold final pass]
[staged] Manifold done — IoU: 0.736  (Δ=+0.011)  ✓
[staged] FD refinement — 5 Adam steps  (300 renders, lr=0.01, ε=0.02)
    ↑ new global best IoU 0.751  [FD refinement]
[staged] FD done — IoU: 0.751  (Δ=+0.015)  ✓
[staged] Done — final IoU: 0.751  loss: 0.2496
[staged] Popsize: per-robot phases=32  final=32  (theory optimum for 6 DOF = 10)

[staged] Hungarian pre-assignment  (5×5 cost matrix, 8 samples/entry = 200 renders)...
[staged]   robot_a → zone 2  robot_b → zone 1  robot_c → zone 3  robot_d → zone 4  robot_e → zone 0

[staged] Phase 1 — forward greedy  (8 iters × 5 robot(s), sigma=0.40×1.00, popsize=32)
[staged]   Ph1 robot a  zone 2  (uncovered: 26% of target)
    voronoi warm-start: IoU 0.119 → 0.125 ✓
    [parallel] 10 worker threads, one renderer clone each
    init sampling: best coverage score 0.0px of uncovered area  (8 samples)
[staged]   → robot a: IoU 0.119 → 0.409  ✓
    ↑ new global best IoU 0.409  [phase Ph1 robot a]
[staged]   Ph1 robot b  zone 1  (uncovered: 15% of target)
    voronoi warm-start: IoU 0.409 → 0.443 ✓
    [parallel] 10 worker threads, one renderer clone each
    init sampling: best coverage score 423.0px of uncovered area  (8 samples)
[staged]   → robot b: IoU 0.409 → 0.543  ✓
    ↑ new global best IoU 0.543  [phase Ph1 robot b]
[staged]   Ph1 robot c  zone 3  (uncovered: 6% of target)
    voronoi warm-start: IoU 0.538 ≤ 0.543, kept current
    [parallel] 10 worker threads, one renderer clone each
    init sampling: best coverage score 176.0px of uncovered area  (16 samples)
[staged]   → robot c: IoU 0.543 → 0.611  ✓
    ↑ new global best IoU 0.611  [phase Ph1 robot c]
[staged]   Ph1 robot d  zone 4  (uncovered: 3% of target)
    voronoi warm-start: IoU 0.605 ≤ 0.611, kept current
    [parallel] 10 worker threads, one renderer clone each
    init sampling: best coverage score 31.0px of uncovered area  (16 samples)
[staged]   → robot d: IoU 0.611 → 0.638  ✓
    ↑ new global best IoU 0.638  [phase Ph1 robot d]
[staged]   Ph1 robot e  zone 0  (uncovered: 3% of target)
    voronoi warm-start: IoU 0.598 ≤ 0.638, kept current
    [parallel] 10 worker threads, one renderer clone each
    init sampling: best coverage score 119.0px of uncovered area  (16 samples)
[staged]   → robot e: IoU 0.638 → 0.657  ✓
    ↑ new global best IoU 0.657  [phase Ph1 robot e]
[staged] Phase 1 done — composite IoU: 0.657

[staged] Phase 2 — backward pass  (8 iters × 5 robots, sigma=0.300)
[staged]   contributions before Phase 2:
[staged]     robot a: +0.230 IoU
[staged]     robot b: +0.048 IoU  ← low
[staged]     robot c: +0.085 IoU
[staged]     robot d: +0.033 IoU  ← low
[staged]     robot e: +0.019 IoU  ← low
[staged]   Ph2 robot e  zone 0  (uncovered: 8% of target)
    [parallel] 10 worker threads, one renderer clone each
    init sampling: best coverage score 117.0px of uncovered area  (16 samples)
[staged]   → robot e: candidate 0.656 < current 0.657  ✗ rejected
[staged]   Ph2 robot d  zone 4  (uncovered: 8% of target)
    [parallel] 10 worker threads, one renderer clone each
    init sampling: best coverage score 130.0px of uncovered area  (16 samples)
[staged]   → robot d: candidate 0.657 < current 0.657  ✗ rejected
[staged]   Ph2 robot c  zone 3  (uncovered: 15% of target)
    [parallel] 10 worker threads, one renderer clone each
    init sampling: best coverage score 198.0px of uncovered area  (16 samples)
[staged]   → robot c: candidate 0.656 < current 0.657  ✗ rejected
[staged]   Ph2 robot b  zone 1  (uncovered: 11% of target)
    [parallel] 10 worker threads, one renderer clone each
    init sampling: best coverage score 296.0px of uncovered area  (16 samples)
[staged]   → robot b: IoU 0.657 → 0.662  ✓
    ↑ new global best IoU 0.662  [phase Ph2 robot b]
[staged]   Ph2 robot a  zone 2  (uncovered: 44% of target)
    [parallel] 10 worker threads, one renderer clone each
    init sampling: best coverage score 670.0px of uncovered area  (16 samples)
[staged]   → robot a: candidate 0.621 < current 0.662  ✗ rejected
[staged] Phase 2 done — composite IoU: 0.662

[staged] Best snapshot: Phase 2  IoU=0.662
[staged] Manifold final pass — computing Jacobian  (ε=0.020, 60 renders)
[staged] Manifold basis: k=6D / 30D  (variance≥85%, top eigenvalues: ['1258781.50', '336271.09', '144991.09', '137545.92', '123843.80'])
    ↑ new global best IoU 0.700  [manifold final pass]
[staged] Manifold done — IoU: 0.700  (Δ=+0.038)  ✓
[staged] FD refinement — 5 Adam steps  (300 renders, lr=0.01, ε=0.02)
    ↑ new global best IoU 0.715  [FD refinement]
[staged] FD done — IoU: 0.715  (Δ=+0.015)  ✓
[staged] Done — final IoU: 0.715  loss: 0.2865
[staged] Popsize: per-robot phases=32  final=32  (theory optimum for 6 DOF = 10)

[staged] Hungarian pre-assignment  (5×5 cost matrix, 8 samples/entry = 200 renders)...
[staged]   robot_a → zone 2  robot_b → zone 1  robot_c → zone 4  robot_d → zone 3  robot_e → zone 0

[staged] Phase 1 — forward greedy  (8 iters × 5 robot(s), sigma=0.40×1.00, popsize=32)
[staged]   Ph1 robot a  zone 2  (uncovered: 25% of target)
    voronoi warm-start: IoU 0.119 → 0.124 ✓
    [parallel] 10 worker threads, one renderer clone each
    init sampling: best coverage score 5.0px of uncovered area  (8 samples)
[staged]   → robot a: IoU 0.119 → 0.433  ✓
    ↑ new global best IoU 0.433  [phase Ph1 robot a]
[staged]   Ph1 robot b  zone 1  (uncovered: 2% of target)
    voronoi warm-start: IoU 0.433 → 0.472 ✓
    [parallel] 10 worker threads, one renderer clone each
    init sampling: best coverage score 11.0px of uncovered area  (8 samples)
[staged]   → robot b: IoU 0.433 → 0.577  ✓
    ↑ new global best IoU 0.577  [phase Ph1 robot b]
[staged]   Ph1 robot c  zone 4  (uncovered: 3% of target)
    voronoi warm-start: IoU 0.538 ≤ 0.577, kept current
    [parallel] 10 worker threads, one renderer clone each
    init sampling: best coverage score 144.0px of uncovered area  (16 samples)
[staged]   → robot c: IoU 0.577 → 0.631  ✓
    ↑ new global best IoU 0.631  [phase Ph1 robot c]
[staged]   Ph1 robot d  zone 3  (uncovered: 4% of target)
    voronoi warm-start: IoU 0.627 ≤ 0.631, kept current
    [parallel] 10 worker threads, one renderer clone each
    init sampling: best coverage score 164.0px of uncovered area  (16 samples)
[staged]   → robot d: IoU 0.631 → 0.664  ✓
    ↑ new global best IoU 0.664  [phase Ph1 robot d]
[staged]   Ph1 robot e  zone 0  (uncovered: 3% of target)
    voronoi warm-start: IoU 0.615 ≤ 0.664, kept current
    [parallel] 10 worker threads, one renderer clone each
    init sampling: best coverage score 26.0px of uncovered area  (16 samples)
[staged]   → robot e: IoU 0.664 → 0.700  ✓
    ↑ new global best IoU 0.700  [phase Ph1 robot e]
[staged] Phase 1 done — composite IoU: 0.700

[staged] Phase 2 — backward pass  (8 iters × 5 robots, sigma=0.300)
[staged]   contributions before Phase 2:
[staged]     robot a: +0.229 IoU
[staged]     robot b: +0.069 IoU
[staged]     robot c: +0.071 IoU
[staged]     robot d: +0.049 IoU  ← low
[staged]     robot e: +0.035 IoU  ← low
[staged]   Ph2 robot e  zone 0  (uncovered: 11% of target)
    [parallel] 10 worker threads, one renderer clone each
    init sampling: best coverage score 119.0px of uncovered area  (16 samples)
[staged]   → robot e: candidate 0.697 < current 0.700  ✗ rejected
[staged]   Ph2 robot d  zone 3  (uncovered: 11% of target)
    [parallel] 10 worker threads, one renderer clone each
    init sampling: best coverage score 154.0px of uncovered area  (16 samples)
[staged]   → robot d: candidate 0.693 < current 0.700  ✗ rejected
[staged]   Ph2 robot c  zone 4  (uncovered: 15% of target)
    [parallel] 10 worker threads, one renderer clone each
    init sampling: best coverage score 260.0px of uncovered area  (16 samples)
[staged]   → robot c: candidate 0.698 < current 0.700  ✗ rejected
[staged]   Ph2 robot b  zone 1  (uncovered: 15% of target)
    [parallel] 10 worker threads, one renderer clone each
    init sampling: best coverage score 374.0px of uncovered area  (16 samples)
[staged]   → robot b: IoU 0.700 → 0.701  ✓
    ↑ new global best IoU 0.701  [phase Ph2 robot b]
[staged]   Ph2 robot a  zone 2  (uncovered: 39% of target)
    [parallel] 10 worker threads, one renderer clone each
    init sampling: best coverage score 684.0px of uncovered area  (16 samples)
[staged]   → robot a: candidate 0.618 < current 0.701  ✗ rejected
[staged] Phase 2 done — composite IoU: 0.701

[staged] Best snapshot: Phase 2  IoU=0.701
[staged] Manifold final pass — computing Jacobian  (ε=0.020, 60 renders)
[staged] Manifold basis: k=7D / 30D  (variance≥85%, top eigenvalues: ['655912.19', '178338.25', '129182.31', '87008.39', '71374.57'])
    ↑ new global best IoU 0.714  [manifold final pass]
[staged] Manifold done — IoU: 0.714  (Δ=+0.013)  ✓
[staged] FD refinement — 5 Adam steps  (300 renders, lr=0.01, ε=0.02)
    ↑ new global best IoU 0.729  [FD refinement]
[staged] FD done — IoU: 0.729  (Δ=+0.015)  ✓
[staged] Done — final IoU: 0.729  loss: 0.2725
[staged] Popsize: per-robot phases=32  final=32  (theory optimum for 6 DOF = 10)

[staged] Hungarian pre-assignment  (5×5 cost matrix, 8 samples/entry = 200 renders)...
[staged]   robot_a → zone 1  robot_b → zone 2  robot_c → zone 4  robot_d → zone 3  robot_e → zone 0

[staged] Phase 1 — forward greedy  (8 iters × 5 robot(s), sigma=0.40×1.00, popsize=32)
[staged]   Ph1 robot a  zone 1  (uncovered: 26% of target)
    voronoi warm-start: IoU 0.119 → 0.125 ✓
    [parallel] 10 worker threads, one renderer clone each
    init sampling: best coverage score 621.0px of uncovered area  (8 samples)
[staged]   → robot a: IoU 0.119 → 0.388  ✓
    ↑ new global best IoU 0.388  [phase Ph1 robot a]
[staged]   Ph1 robot b  zone 2  (uncovered: 4% of target)
    voronoi warm-start: IoU 0.388 → 0.471 ✓
    [parallel] 10 worker threads, one renderer clone each
    init sampling: best coverage score 69.0px of uncovered area  (8 samples)
[staged]   → robot b: IoU 0.388 → 0.557  ✓
    ↑ new global best IoU 0.557  [phase Ph1 robot b]
[staged]   Ph1 robot c  zone 4  (uncovered: 5% of target)
    voronoi warm-start: IoU 0.557 → 0.561 ✓
    [parallel] 10 worker threads, one renderer clone each
    init sampling: best coverage score 13.0px of uncovered area  (8 samples)
[staged]   → robot c: IoU 0.557 → 0.626  ✓
    ↑ new global best IoU 0.626  [phase Ph1 robot c]
[staged]   Ph1 robot d  zone 3  (uncovered: 1% of target)
    voronoi warm-start: IoU 0.583 ≤ 0.626, kept current
    [parallel] 10 worker threads, one renderer clone each
    init sampling: best coverage score 34.0px of uncovered area  (16 samples)
[staged]   → robot d: IoU 0.626 → 0.663  ✓
    ↑ new global best IoU 0.663  [phase Ph1 robot d]
[staged]   Ph1 robot e  zone 0  (uncovered: 1% of target)
    voronoi warm-start: IoU 0.638 ≤ 0.663, kept current
    [parallel] 10 worker threads, one renderer clone each
    init sampling: best coverage score 27.0px of uncovered area  (16 samples)
[staged]   → robot e: IoU 0.663 → 0.687  ✓
    ↑ new global best IoU 0.687  [phase Ph1 robot e]
[staged] Phase 1 done — composite IoU: 0.687

[staged] Phase 2 — backward pass  (8 iters × 5 robots, sigma=0.300)
[staged]   contributions before Phase 2:
[staged]     robot a: +0.135 IoU
[staged]     robot b: +0.164 IoU
[staged]     robot c: +0.072 IoU
[staged]     robot d: +0.035 IoU  ← low
[staged]     robot e: +0.024 IoU  ← low
[staged]   Ph2 robot e  zone 0  (uncovered: 13% of target)
    [parallel] 10 worker threads, one renderer clone each
    init sampling: best coverage score 117.0px of uncovered area  (16 samples)
[staged]   → robot e: candidate 0.684 < current 0.687  ✗ rejected
[staged]   Ph2 robot d  zone 3  (uncovered: 14% of target)
    [parallel] 10 worker threads, one renderer clone each
    init sampling: best coverage score 196.0px of uncovered area  (16 samples)
[staged]   → robot d: IoU 0.687 → 0.696  ✓
    ↑ new global best IoU 0.696  [phase Ph2 robot d]
[staged]   Ph2 robot c  zone 4  (uncovered: 18% of target)
    [parallel] 10 worker threads, one renderer clone each
    init sampling: best coverage score 155.0px of uncovered area  (16 samples)
[staged]   → robot c: candidate 0.660 < current 0.696  ✗ rejected
[staged]   Ph2 robot b  zone 2  (uncovered: 22% of target)
    [parallel] 10 worker threads, one renderer clone each
    init sampling: best coverage score 366.0px of uncovered area  (16 samples)
[staged]   → robot b: IoU 0.696 → 0.696  ✓
    ↑ new global best IoU 0.696  [phase Ph2 robot b]
[staged]   Ph2 robot a  zone 1  (uncovered: 25% of target)
    [parallel] 10 worker threads, one renderer clone each
    init sampling: best coverage score 847.0px of uncovered area  (16 samples)
[staged]   → robot a: candidate 0.690 < current 0.696  ✗ rejected
[staged] Phase 2 done — composite IoU: 0.696

[staged] Best snapshot: Phase 2  IoU=0.696
[staged] Manifold final pass — computing Jacobian  (ε=0.020, 60 renders)
[staged] Manifold basis: k=10D / 30D  (variance≥85%, top eigenvalues: ['461989.19', '167305.94', '157081.08', '131438.06', '103924.97'])
    ↑ new global best IoU 0.718  [manifold final pass]
[staged] Manifold done — IoU: 0.718  (Δ=+0.022)  ✓
[staged] FD refinement — 5 Adam steps  (300 renders, lr=0.01, ε=0.02)
    ↑ new global best IoU 0.734  [FD refinement]
[staged] FD done — IoU: 0.734  (Δ=+0.016)  ✓
[staged] Done — final IoU: 0.734  loss: 0.2676
[staged] Popsize: per-robot phases=32  final=32  (theory optimum for 6 DOF = 10)

[staged] Hungarian pre-assignment  (5×5 cost matrix, 8 samples/entry = 200 renders)...
[staged]   robot_a → zone 0  robot_b → zone 4  robot_c → zone 2  robot_d → zone 3  robot_e → zone 1

[staged] Phase 1 — forward greedy  (8 iters × 5 robot(s), sigma=0.40×1.00, popsize=32)
[staged]   Ph1 robot a  zone 0  (uncovered: 15% of target)
    voronoi warm-start: IoU 0.119 → 0.267 ✓
    [parallel] 10 worker threads, one renderer clone each
    init sampling: best coverage score 336.0px of uncovered area  (8 samples)
[staged]   → robot a: IoU 0.119 → 0.407  ✓
    ↑ new global best IoU 0.407  [phase Ph1 robot a]
[staged]   Ph1 robot b  zone 4  (uncovered: 4% of target)
    voronoi warm-start: IoU 0.379 ≤ 0.407, kept current
    [parallel] 10 worker threads, one renderer clone each
    init sampling: best coverage score 165.0px of uncovered area  (16 samples)
[staged]   → robot b: IoU 0.407 → 0.536  ✓
    ↑ new global best IoU 0.536  [phase Ph1 robot b]
[staged]   Ph1 robot c  zone 2  (uncovered: 3% of target)
    voronoi warm-start: IoU 0.536 ≤ 0.536, kept current
    [parallel] 10 worker threads, one renderer clone each
    init sampling: best coverage score 32.0px of uncovered area  (16 samples)
[staged]   → robot c: IoU 0.536 → 0.597  ✓
    ↑ new global best IoU 0.597  [phase Ph1 robot c]
[staged]   Ph1 robot d  zone 3  (uncovered: 2% of target)
    voronoi warm-start: IoU 0.597 → 0.607 ✓
    [parallel] 10 worker threads, one renderer clone each
    init sampling: best coverage score 1.0px of uncovered area  (8 samples)
[staged]   → robot d: IoU 0.597 → 0.640  ✓
    ↑ new global best IoU 0.640  [phase Ph1 robot d]
[staged]   Ph1 robot e  zone 1  (uncovered: 7% of target)
    voronoi warm-start: IoU 0.627 ≤ 0.640, kept current
    [parallel] 10 worker threads, one renderer clone each
    init sampling: best coverage score 30.0px of uncovered area  (16 samples)
[staged]   → robot e: IoU 0.640 → 0.680  ✓
    ↑ new global best IoU 0.680  [phase Ph1 robot e]
[staged] Phase 1 done — composite IoU: 0.680

[staged] Phase 2 — backward pass  (8 iters × 5 robots, sigma=0.300)
[staged]   contributions before Phase 2:
[staged]     robot a: +0.188 IoU
[staged]     robot b: +0.097 IoU
[staged]     robot c: +0.072 IoU
[staged]     robot d: +0.058 IoU
[staged]     robot e: +0.040 IoU  ← low
[staged]   Ph2 robot e  zone 1  (uncovered: 12% of target)
    [parallel] 10 worker threads, one renderer clone each
    init sampling: best coverage score 114.0px of uncovered area  (16 samples)
[staged]   → robot e: candidate 0.679 < current 0.680  ✗ rejected
[staged]   Ph2 robot d  zone 3  (uncovered: 14% of target)
    [parallel] 10 worker threads, one renderer clone each
    init sampling: best coverage score 170.0px of uncovered area  (16 samples)
[staged]   → robot d: candidate 0.673 < current 0.680  ✗ rejected
[staged]   Ph2 robot c  zone 2  (uncovered: 17% of target)
    [parallel] 10 worker threads, one renderer clone each
    init sampling: best coverage score 321.0px of uncovered area  (16 samples)
[staged]   → robot c: IoU 0.680 → 0.690  ✓
    ↑ new global best IoU 0.690  [phase Ph2 robot c]
[staged]   Ph2 robot b  zone 4  (uncovered: 21% of target)
    [parallel] 10 worker threads, one renderer clone each
    init sampling: best coverage score 454.0px of uncovered area  (16 samples)
[staged]   → robot b: candidate 0.687 < current 0.690  ✗ rejected
[staged]   Ph2 robot a  zone 0  (uncovered: 34% of target)
    [parallel] 10 worker threads, one renderer clone each
    init sampling: best coverage score 980.0px of uncovered area  (16 samples)
[staged]   → robot a: IoU 0.690 → 0.694  ✓
    ↑ new global best IoU 0.694  [phase Ph2 robot a]
[staged] Phase 2 done — composite IoU: 0.694

[staged] Best snapshot: Phase 2  IoU=0.694
[staged] Manifold final pass — computing Jacobian  (ε=0.020, 60 renders)
[staged] Manifold basis: k=10D / 30D  (variance≥85%, top eigenvalues: ['455564.44', '213835.81', '109879.12', '86844.14', '76204.49'])
    ↑ new global best IoU 0.699  [manifold final pass]
[staged] Manifold done — IoU: 0.699  (Δ=+0.005)  ✓
[staged] FD refinement — 5 Adam steps  (300 renders, lr=0.01, ε=0.02)
    ↑ new global best IoU 0.712  [FD refinement]
[staged] FD done — IoU: 0.712  (Δ=+0.014)  ✓
[staged] Done — final IoU: 0.712  loss: 0.2891
[shard 0] 10/10 digits/9_dejavusans-bold  best=0.751 mean=0.728±0.014  141s  eta 0.0h
[shard 0] DONE 10 targets in 0.39h
