[shard 0/1] 10 targets × 5 runs
[scene] so101 ×3: light_y=1.00 wall_y=-2.40 throw=3.40m table_len=0.40m | magnification 2.4x–3.4x
[shard 0] n_dof=18 arm_gap=0.2
[shard 0] variant=staged
[shard 0] wrote /home/souju/dev/umbra-bench-grounded/optimized/aimed-start-probe10/full-tiny-n3/BUDGET.md
[staged] Popsize: per-robot phases=32  final=16  (theory optimum for 6 DOF = 10)

[staged] Hungarian pre-assignment  (3×3 cost matrix, 8 samples/entry = 72 renders)...
[staged]   robot_a → zone 2  robot_b → zone 0  robot_c → zone 1

[staged] Phase 1 — forward greedy  (4 iters × 3 robot(s), sigma=0.40×1.00, popsize=32)
[staged]   Ph1 robot a  zone 2  (uncovered: 23% of target)
    voronoi warm-start: IoU 0.148 → 0.212 ✓
    [parallel] 10 worker threads, one renderer clone each
    init sampling: best coverage score 368.0px of uncovered area  (8 samples)
[staged]   → robot a: IoU 0.148 → 0.420  ✓
    ↑ new global best IoU 0.420  [phase Ph1 robot a]
[staged]   Ph1 robot b  zone 0  (uncovered: 7% of target)
    voronoi warm-start: IoU 0.418 ≤ 0.420, kept current
    [parallel] 10 worker threads, one renderer clone each
    init sampling: best coverage score 255.0px of uncovered area  (16 samples)
[staged]   → robot b: IoU 0.420 → 0.542  ✓
    ↑ new global best IoU 0.542  [phase Ph1 robot b]
[staged]   Ph1 robot c  zone 1  (uncovered: 20% of target)
    voronoi warm-start: IoU 0.542 → 0.554 ✓
    [parallel] 10 worker threads, one renderer clone each
    init sampling: best coverage score 34.0px of uncovered area  (8 samples)
[staged]   → robot c: IoU 0.542 → 0.614  ✓
    ↑ new global best IoU 0.614  [phase Ph1 robot c]
[staged] Phase 1 done — composite IoU: 0.614

[staged] Phase 2 — backward pass  (4 iters × 3 robots, sigma=0.300)
[staged]   contributions before Phase 2:
[staged]     robot a: +0.151 IoU
[staged]     robot b: +0.114 IoU
[staged]     robot c: +0.072 IoU
[staged]   Ph2 robot c  zone 1  (uncovered: 37% of target)
    [parallel] 10 worker threads, one renderer clone each
    init sampling: best coverage score 428.0px of uncovered area  (16 samples)
[staged]   → robot c: IoU 0.614 → 0.626  ✓
    ↑ new global best IoU 0.626  [phase Ph2 robot c]
[staged]   Ph2 robot b  zone 0  (uncovered: 44% of target)
    [parallel] 10 worker threads, one renderer clone each
    init sampling: best coverage score 598.0px of uncovered area  (16 samples)
[staged]   → robot b: IoU 0.626 → 0.643  ✓
    ↑ new global best IoU 0.643  [phase Ph2 robot b]
[staged]   Ph2 robot a  zone 2  (uncovered: 48% of target)
    [parallel] 10 worker threads, one renderer clone each
    init sampling: best coverage score 641.0px of uncovered area  (16 samples)
[staged]   → robot a: candidate 0.631 < current 0.643  ✗ rejected
[staged] Phase 2 done — composite IoU: 0.643

[staged] Best snapshot: Phase 2  IoU=0.643
[staged] Final refinement — all joints  (6 iters, popsize=16, sigma=0.160)
    [parallel] 10 worker threads, one renderer clone each
[staged] Final done — IoU: 0.643  ✓
[staged] FD refinement — 5 Adam steps  (180 renders, lr=0.01, ε=0.02)
    ↑ new global best IoU 0.663  [FD refinement]
[staged] FD done — IoU: 0.663  (Δ=+0.020)  ✓
[staged] Done — final IoU: 0.663  loss: 0.3373
[staged] Popsize: per-robot phases=32  final=16  (theory optimum for 6 DOF = 10)

[staged] Hungarian pre-assignment  (3×3 cost matrix, 8 samples/entry = 72 renders)...
[staged]   robot_a → zone 1  robot_b → zone 2  robot_c → zone 0

[staged] Phase 1 — forward greedy  (4 iters × 3 robot(s), sigma=0.40×1.00, popsize=32)
[staged]   Ph1 robot a  zone 1  (uncovered: 26% of target)
    voronoi warm-start: IoU 0.148 → 0.359 ✓
    [parallel] 10 worker threads, one renderer clone each
    init sampling: best coverage score 45.0px of uncovered area  (8 samples)
[staged]   → robot a: IoU 0.148 → 0.460  ✓
    ↑ new global best IoU 0.460  [phase Ph1 robot a]
[staged]   Ph1 robot b  zone 2  (uncovered: 23% of target)
    voronoi warm-start: IoU 0.442 ≤ 0.460, kept current
    [parallel] 10 worker threads, one renderer clone each
    init sampling: best coverage score 624.0px of uncovered area  (16 samples)
[staged]   → robot b: IoU 0.460 → 0.580  ✓
    ↑ new global best IoU 0.580  [phase Ph1 robot b]
[staged]   Ph1 robot c  zone 0  (uncovered: 4% of target)
    voronoi warm-start: IoU 0.563 ≤ 0.580, kept current
    [parallel] 10 worker threads, one renderer clone each
    init sampling: best coverage score 66.0px of uncovered area  (16 samples)
[staged]   → robot c: IoU 0.580 → 0.623  ✓
    ↑ new global best IoU 0.623  [phase Ph1 robot c]
[staged] Phase 1 done — composite IoU: 0.623

[staged] Phase 2 — backward pass  (4 iters × 3 robots, sigma=0.300)
[staged]   contributions before Phase 2:
[staged]     robot a: +0.302 IoU
[staged]     robot b: +0.101 IoU
[staged]     robot c: +0.043 IoU  ← low
[staged]   Ph2 robot c  zone 0  (uncovered: 32% of target)
    [parallel] 10 worker threads, one renderer clone each
    init sampling: best coverage score 180.0px of uncovered area  (16 samples)
[staged]   → robot c: IoU 0.623 → 0.646  ✓
    ↑ new global best IoU 0.646  [phase Ph2 robot c]
[staged]   Ph2 robot b  zone 2  (uncovered: 41% of target)
    [parallel] 10 worker threads, one renderer clone each
    init sampling: best coverage score 642.0px of uncovered area  (16 samples)
[staged]   → robot b: IoU 0.646 → 0.673  ✓
    ↑ new global best IoU 0.673  [phase Ph2 robot b]
[staged]   Ph2 robot a  zone 1  (uncovered: 62% of target)
    [parallel] 10 worker threads, one renderer clone each
    init sampling: best coverage score 1259.0px of uncovered area  (16 samples)
[staged]   → robot a: candidate 0.545 < current 0.673  ✗ rejected
[staged] Phase 2 done — composite IoU: 0.673

[staged] Best snapshot: Phase 2  IoU=0.673
[staged] Final refinement — all joints  (6 iters, popsize=16, sigma=0.160)
    [parallel] 10 worker threads, one renderer clone each
    ↑ new global best IoU 0.704  [final refinement]
[staged] Final done — IoU: 0.704  ✓
[staged] FD refinement — 5 Adam steps  (180 renders, lr=0.01, ε=0.02)
    ↑ new global best IoU 0.718  [FD refinement]
[staged] FD done — IoU: 0.718  (Δ=+0.014)  ✓
[staged] Done — final IoU: 0.718  loss: 0.2828
[staged] Popsize: per-robot phases=32  final=16  (theory optimum for 6 DOF = 10)

[staged] Hungarian pre-assignment  (3×3 cost matrix, 8 samples/entry = 72 renders)...
[staged]   robot_a → zone 0  robot_b → zone 1  robot_c → zone 2

[staged] Phase 1 — forward greedy  (4 iters × 3 robot(s), sigma=0.40×1.00, popsize=32)
[staged]   Ph1 robot a  zone 0  (uncovered: 23% of target)
    voronoi warm-start: IoU 0.148 → 0.212 ✓
    [parallel] 10 worker threads, one renderer clone each
    init sampling: best coverage score 12.0px of uncovered area  (8 samples)
[staged]   → robot a: IoU 0.148 → 0.420  ✓
    ↑ new global best IoU 0.420  [phase Ph1 robot a]
[staged]   Ph1 robot b  zone 1  (uncovered: 25% of target)
    voronoi warm-start: IoU 0.420 → 0.462 ✓
    [parallel] 10 worker threads, one renderer clone each
    init sampling: best coverage score 607.0px of uncovered area  (8 samples)
[staged]   → robot b: IoU 0.420 → 0.545  ✓
    ↑ new global best IoU 0.545  [phase Ph1 robot b]
[staged]   Ph1 robot c  zone 2  (uncovered: 5% of target)
    voronoi warm-start: IoU 0.520 ≤ 0.545, kept current
    [parallel] 10 worker threads, one renderer clone each
    init sampling: best coverage score 123.0px of uncovered area  (16 samples)
[staged]   → robot c: IoU 0.545 → 0.608  ✓
    ↑ new global best IoU 0.608  [phase Ph1 robot c]
[staged] Phase 1 done — composite IoU: 0.608

[staged] Phase 2 — backward pass  (4 iters × 3 robots, sigma=0.300)
[staged]   contributions before Phase 2:
[staged]     robot a: +0.249 IoU
[staged]     robot b: +0.119 IoU
[staged]     robot c: +0.063 IoU
[staged]   Ph2 robot c  zone 2  (uncovered: 34% of target)
    [parallel] 10 worker threads, one renderer clone each
    init sampling: best coverage score 398.0px of uncovered area  (16 samples)
[staged]   → robot c: IoU 0.608 → 0.622  ✓
    ↑ new global best IoU 0.622  [phase Ph2 robot c]
[staged]   Ph2 robot b  zone 1  (uncovered: 42% of target)
    [parallel] 10 worker threads, one renderer clone each
    init sampling: best coverage score 363.0px of uncovered area  (16 samples)
[staged]   → robot b: candidate 0.596 < current 0.622  ✗ rejected
[staged]   Ph2 robot a  zone 0  (uncovered: 52% of target)
    [parallel] 10 worker threads, one renderer clone each
    init sampling: best coverage score 1546.0px of uncovered area  (16 samples)
[staged]   → robot a: IoU 0.622 → 0.643  ✓
    ↑ new global best IoU 0.643  [phase Ph2 robot a]
[staged] Phase 2 done — composite IoU: 0.643

[staged] Best snapshot: Phase 2  IoU=0.643
[staged] Final refinement — all joints  (6 iters, popsize=16, sigma=0.160)
    [parallel] 10 worker threads, one renderer clone each
[staged] Final done — IoU: 0.643  ✓
[staged] FD refinement — 5 Adam steps  (180 renders, lr=0.01, ε=0.02)
    ↑ new global best IoU 0.653  [FD refinement]
[staged] FD done — IoU: 0.653  (Δ=+0.010)  ✓
[staged] Done — final IoU: 0.653  loss: 0.3487
[staged] Popsize: per-robot phases=32  final=16  (theory optimum for 6 DOF = 10)

[staged] Hungarian pre-assignment  (3×3 cost matrix, 8 samples/entry = 72 renders)...
[staged]   robot_a → zone 2  robot_b → zone 1  robot_c → zone 0

[staged] Phase 1 — forward greedy  (4 iters × 3 robot(s), sigma=0.40×1.00, popsize=32)
[staged]   Ph1 robot a  zone 2  (uncovered: 44% of target)
    voronoi warm-start: IoU 0.148 → 0.356 ✓
    [parallel] 10 worker threads, one renderer clone each
    init sampling: best coverage score 981.0px of uncovered area  (8 samples)
[staged]   → robot a: IoU 0.148 → 0.407  ✓
    ↑ new global best IoU 0.407  [phase Ph1 robot a]
[staged]   Ph1 robot b  zone 1  (uncovered: 22% of target)
    voronoi warm-start: IoU 0.407 → 0.410 ✓
    [parallel] 10 worker threads, one renderer clone each
    init sampling: best coverage score 531.0px of uncovered area  (8 samples)
[staged]   → robot b: IoU 0.407 → 0.512  ✓
    ↑ new global best IoU 0.512  [phase Ph1 robot b]
[staged]   Ph1 robot c  zone 0  (uncovered: 9% of target)
    voronoi warm-start: IoU 0.489 ≤ 0.512, kept current
    [parallel] 10 worker threads, one renderer clone each
    init sampling: best coverage score 207.0px of uncovered area  (16 samples)
[staged]   → robot c: IoU 0.512 → 0.547  ✓
    ↑ new global best IoU 0.547  [phase Ph1 robot c]
[staged] Phase 1 done — composite IoU: 0.547

[staged] Phase 2 — backward pass  (4 iters × 3 robots, sigma=0.300)
[staged]   contributions before Phase 2:
[staged]     robot a: +0.166 IoU
[staged]     robot b: +0.110 IoU
[staged]     robot c: +0.035 IoU  ← low
[staged]   Ph2 robot c  zone 0  (uncovered: 41% of target)
    [parallel] 10 worker threads, one renderer clone each
    init sampling: best coverage score 322.0px of uncovered area  (16 samples)
[staged]   → robot c: IoU 0.547 → 0.578  ✓
    ↑ new global best IoU 0.578  [phase Ph2 robot c]
[staged]   Ph2 robot b  zone 1  (uncovered: 44% of target)
    [parallel] 10 worker threads, one renderer clone each
    init sampling: best coverage score 511.0px of uncovered area  (16 samples)
[staged]   → robot b: candidate 0.566 < current 0.578  ✗ rejected
[staged]   Ph2 robot a  zone 2  (uncovered: 54% of target)
    [parallel] 10 worker threads, one renderer clone each
    init sampling: best coverage score 1185.0px of uncovered area  (16 samples)
[staged]   → robot a: candidate 0.560 < current 0.578  ✗ rejected
[staged] Phase 2 done — composite IoU: 0.578

[staged] Best snapshot: Phase 2  IoU=0.578
[staged] Final refinement — all joints  (6 iters, popsize=16, sigma=0.160)
    [parallel] 10 worker threads, one renderer clone each
    ↑ new global best IoU 0.607  [final refinement]
[staged] Final done — IoU: 0.607  ✓
[staged] FD refinement — 5 Adam steps  (180 renders, lr=0.01, ε=0.02)
    ↑ new global best IoU 0.617  [FD refinement]
[staged] FD done — IoU: 0.617  (Δ=+0.011)  ✓
[staged] Done — final IoU: 0.617  loss: 0.3836
[staged] Popsize: per-robot phases=32  final=16  (theory optimum for 6 DOF = 10)

[staged] Hungarian pre-assignment  (3×3 cost matrix, 8 samples/entry = 72 renders)...
[staged]   robot_a → zone 0  robot_b → zone 2  robot_c → zone 1

[staged] Phase 1 — forward greedy  (4 iters × 3 robot(s), sigma=0.40×1.00, popsize=32)
[staged]   Ph1 robot a  zone 0  (uncovered: 26% of target)
    voronoi warm-start: IoU 0.148 → 0.359 ✓
    [parallel] 10 worker threads, one renderer clone each
    init sampling: best coverage score 479.0px of uncovered area  (8 samples)
[staged]   → robot a: IoU 0.148 → 0.418  ✓
    ↑ new global best IoU 0.418  [phase Ph1 robot a]
[staged]   Ph1 robot b  zone 2  (uncovered: 8% of target)
    voronoi warm-start: IoU 0.393 ≤ 0.418, kept current
    [parallel] 10 worker threads, one renderer clone each
    init sampling: best coverage score 152.0px of uncovered area  (16 samples)
[staged]   → robot b: IoU 0.418 → 0.533  ✓
    ↑ new global best IoU 0.533  [phase Ph1 robot b]
[staged]   Ph1 robot c  zone 1  (uncovered: 14% of target)
    voronoi warm-start: IoU 0.507 ≤ 0.533, kept current
    [parallel] 10 worker threads, one renderer clone each
    init sampling: best coverage score 81.0px of uncovered area  (16 samples)
[staged]   → robot c: IoU 0.533 → 0.583  ✓
    ↑ new global best IoU 0.583  [phase Ph1 robot c]
[staged] Phase 1 done — composite IoU: 0.583

[staged] Phase 2 — backward pass  (4 iters × 3 robots, sigma=0.300)
[staged]   contributions before Phase 2:
[staged]     robot a: +0.192 IoU
[staged]     robot b: +0.127 IoU
[staged]     robot c: +0.050 IoU
[staged]   Ph2 robot c  zone 1  (uncovered: 38% of target)
    [parallel] 10 worker threads, one renderer clone each
    init sampling: best coverage score 490.0px of uncovered area  (16 samples)
[staged]   → robot c: IoU 0.583 → 0.603  ✓
    ↑ new global best IoU 0.603  [phase Ph2 robot c]
[staged]   Ph2 robot b  zone 2  (uncovered: 42% of target)
    [parallel] 10 worker threads, one renderer clone each
    init sampling: best coverage score 636.0px of uncovered area  (16 samples)
[staged]   → robot b: candidate 0.569 < current 0.603  ✗ rejected
[staged]   Ph2 robot a  zone 0  (uncovered: 54% of target)
    [parallel] 10 worker threads, one renderer clone each
    init sampling: best coverage score 1379.0px of uncovered area  (16 samples)
[staged]   → robot a: IoU 0.603 → 0.622  ✓
    ↑ new global best IoU 0.622  [phase Ph2 robot a]
[staged] Phase 2 done — composite IoU: 0.622

[staged] Best snapshot: Phase 2  IoU=0.622
[staged] Final refinement — all joints  (6 iters, popsize=16, sigma=0.160)
    [parallel] 10 worker threads, one renderer clone each
[staged] Final done — IoU: 0.622  ✓
[staged] FD refinement — 5 Adam steps  (180 renders, lr=0.01, ε=0.02)
    ↑ new global best IoU 0.632  [FD refinement]
[staged] FD done — IoU: 0.632  (Δ=+0.010)  ✓
[staged] Done — final IoU: 0.632  loss: 0.3691
[shard 0] 1/10 letters_upper/E_dejavusans-bold  best=0.718 mean=0.656±0.034  77s  eta 0.2h
[staged] Popsize: per-robot phases=32  final=16  (theory optimum for 6 DOF = 10)

[staged] Hungarian pre-assignment  (3×3 cost matrix, 8 samples/entry = 72 renders)...
[staged]   robot_a → zone 1  robot_b → zone 0  robot_c → zone 2

[staged] Phase 1 — forward greedy  (4 iters × 3 robot(s), sigma=0.40×1.00, popsize=32)
[staged]   Ph1 robot a  zone 1  (uncovered: 24% of target)
    voronoi warm-start: IoU 0.170 → 0.215 ✓
    [parallel] 10 worker threads, one renderer clone each
    init sampling: best coverage score 799.0px of uncovered area  (8 samples)
[staged]   → robot a: IoU 0.170 → 0.295  ✓
    ↑ new global best IoU 0.295  [phase Ph1 robot a]
[staged]   Ph1 robot b  zone 0  (uncovered: 7% of target)
    voronoi warm-start: IoU 0.295 → 0.306 ✓
    [parallel] 10 worker threads, one renderer clone each
    init sampling: best coverage score 212.0px of uncovered area  (8 samples)
[staged]   → robot b: IoU 0.295 → 0.437  ✓
    ↑ new global best IoU 0.437  [phase Ph1 robot b]
[staged]   Ph1 robot c  zone 2  (uncovered: 30% of target)
    voronoi warm-start: IoU 0.437 → 0.437 ✓
    [parallel] 10 worker threads, one renderer clone each
    init sampling: best coverage score 36.0px of uncovered area  (8 samples)
[staged]   → robot c: IoU 0.437 → 0.475  ✓
    ↑ new global best IoU 0.475  [phase Ph1 robot c]
[staged] Phase 1 done — composite IoU: 0.475

[staged] Phase 2 — backward pass  (4 iters × 3 robots, sigma=0.300)
[staged]   contributions before Phase 2:
[staged]     robot a: +0.125 IoU
[staged]     robot b: +0.146 IoU
[staged]     robot c: +0.038 IoU  ← low
[staged]   Ph2 robot c  zone 2  (uncovered: 42% of target)
    [parallel] 10 worker threads, one renderer clone each
    init sampling: best coverage score 354.0px of uncovered area  (16 samples)
[staged]   → robot c: IoU 0.475 → 0.499  ✓
    ↑ new global best IoU 0.499  [phase Ph2 robot c]
[staged]   Ph2 robot b  zone 0  (uncovered: 53% of target)
    [parallel] 10 worker threads, one renderer clone each
    init sampling: best coverage score 245.0px of uncovered area  (16 samples)
[staged]   → robot b: candidate 0.401 < current 0.499  ✗ rejected
[staged]   Ph2 robot a  zone 1  (uncovered: 56% of target)
    [parallel] 10 worker threads, one renderer clone each
    init sampling: best coverage score 829.0px of uncovered area  (16 samples)
[staged]   → robot a: candidate 0.476 < current 0.499  ✗ rejected
[staged] Phase 2 done — composite IoU: 0.499

[staged] Best snapshot: Phase 2  IoU=0.499
[staged] Final refinement — all joints  (6 iters, popsize=16, sigma=0.160)
    [parallel] 10 worker threads, one renderer clone each
    ↑ new global best IoU 0.504  [final refinement]
[staged] Final done — IoU: 0.504  ✓
[staged] FD refinement — 5 Adam steps  (180 renders, lr=0.01, ε=0.02)
    ↑ new global best IoU 0.538  [FD refinement]
[staged] FD done — IoU: 0.538  (Δ=+0.033)  ✓
[staged] Done — final IoU: 0.538  loss: 0.4651
[staged] Popsize: per-robot phases=32  final=16  (theory optimum for 6 DOF = 10)

[staged] Hungarian pre-assignment  (3×3 cost matrix, 8 samples/entry = 72 renders)...
[staged]   robot_a → zone 0  robot_b → zone 1  robot_c → zone 2

[staged] Phase 1 — forward greedy  (4 iters × 3 robot(s), sigma=0.40×1.00, popsize=32)
[staged]   Ph1 robot a  zone 0  (uncovered: 23% of target)
    voronoi warm-start: IoU 0.170 → 0.199 ✓
    [parallel] 10 worker threads, one renderer clone each
    init sampling: best coverage score 0.0px of uncovered area  (8 samples)
[staged]   → robot a: IoU 0.170 → 0.348  ✓
    ↑ new global best IoU 0.348  [phase Ph1 robot a]
[staged]   Ph1 robot b  zone 1  (uncovered: 11% of target)
    voronoi warm-start: IoU 0.337 ≤ 0.348, kept current
    [parallel] 10 worker threads, one renderer clone each
    init sampling: best coverage score 211.0px of uncovered area  (16 samples)
[staged]   → robot b: IoU 0.348 → 0.416  ✓
    ↑ new global best IoU 0.416  [phase Ph1 robot b]
[staged]   Ph1 robot c  zone 2  (uncovered: 21% of target)
    voronoi warm-start: IoU 0.416 → 0.437 ✓
    [parallel] 10 worker threads, one renderer clone each
    init sampling: best coverage score 405.0px of uncovered area  (8 samples)
[staged]   → robot c: IoU 0.416 → 0.485  ✓
    ↑ new global best IoU 0.485  [phase Ph1 robot c]
[staged] Phase 1 done — composite IoU: 0.485

[staged] Phase 2 — backward pass  (4 iters × 3 robots, sigma=0.300)
[staged]   contributions before Phase 2:
[staged]     robot a: +0.163 IoU
[staged]     robot b: +0.096 IoU
[staged]     robot c: +0.069 IoU
[staged]   Ph2 robot c  zone 2  (uncovered: 40% of target)
    [parallel] 10 worker threads, one renderer clone each
    init sampling: best coverage score 396.0px of uncovered area  (16 samples)
[staged]   → robot c: IoU 0.485 → 0.493  ✓
    ↑ new global best IoU 0.493  [phase Ph2 robot c]
[staged]   Ph2 robot b  zone 1  (uncovered: 45% of target)
    [parallel] 10 worker threads, one renderer clone each
    init sampling: best coverage score 445.0px of uncovered area  (16 samples)
[staged]   → robot b: IoU 0.493 → 0.534  ✓
    ↑ new global best IoU 0.534  [phase Ph2 robot b]
[staged]   Ph2 robot a  zone 0  (uncovered: 55% of target)
    [parallel] 10 worker threads, one renderer clone each
    init sampling: best coverage score 619.0px of uncovered area  (16 samples)
[staged]   → robot a: candidate 0.524 < current 0.534  ✗ rejected
[staged] Phase 2 done — composite IoU: 0.534

[staged] Best snapshot: Phase 2  IoU=0.534
[staged] Final refinement — all joints  (6 iters, popsize=16, sigma=0.160)
    [parallel] 10 worker threads, one renderer clone each
    ↑ new global best IoU 0.605  [final refinement]
[staged] Final done — IoU: 0.605  ✓
[staged] FD refinement — 5 Adam steps  (180 renders, lr=0.01, ε=0.02)
    ↑ new global best IoU 0.633  [FD refinement]
[staged] FD done — IoU: 0.633  (Δ=+0.028)  ✓
[staged] Done — final IoU: 0.633  loss: 0.3686
[staged] Popsize: per-robot phases=32  final=16  (theory optimum for 6 DOF = 10)

[staged] Hungarian pre-assignment  (3×3 cost matrix, 8 samples/entry = 72 renders)...
[staged]   robot_a → zone 0  robot_b → zone 2  robot_c → zone 1

[staged] Phase 1 — forward greedy  (4 iters × 3 robot(s), sigma=0.40×1.00, popsize=32)
[staged]   Ph1 robot a  zone 0  (uncovered: 23% of target)
    voronoi warm-start: IoU 0.170 → 0.199 ✓
    [parallel] 10 worker threads, one renderer clone each
    init sampling: best coverage score 0.0px of uncovered area  (8 samples)
[staged]   → robot a: IoU 0.170 → 0.311  ✓
    ↑ new global best IoU 0.311  [phase Ph1 robot a]
[staged]   Ph1 robot b  zone 2  (uncovered: 26% of target)
    voronoi warm-start: IoU 0.304 ≤ 0.311, kept current
    [parallel] 10 worker threads, one renderer clone each
    init sampling: best coverage score 301.0px of uncovered area  (16 samples)
[staged]   → robot b: IoU 0.311 → 0.440  ✓
    ↑ new global best IoU 0.440  [phase Ph1 robot b]
[staged]   Ph1 robot c  zone 1  (uncovered: 16% of target)
    voronoi warm-start: IoU 0.433 ≤ 0.440, kept current
    [parallel] 10 worker threads, one renderer clone each
    init sampling: best coverage score 260.0px of uncovered area  (16 samples)
[staged]   → robot c: IoU 0.440 → 0.485  ✓
    ↑ new global best IoU 0.485  [phase Ph1 robot c]
[staged] Phase 1 done — composite IoU: 0.485

[staged] Phase 2 — backward pass  (4 iters × 3 robots, sigma=0.300)
[staged]   contributions before Phase 2:
[staged]     robot a: +0.163 IoU
[staged]     robot b: +0.094 IoU
[staged]     robot c: +0.045 IoU  ← low
[staged]   Ph2 robot c  zone 1  (uncovered: 45% of target)
    [parallel] 10 worker threads, one renderer clone each
    init sampling: best coverage score 318.0px of uncovered area  (16 samples)
[staged]   → robot c: IoU 0.485 → 0.494  ✓
    ↑ new global best IoU 0.494  [phase Ph2 robot c]
[staged]   Ph2 robot b  zone 2  (uncovered: 57% of target)
    [parallel] 10 worker threads, one renderer clone each
    init sampling: best coverage score 542.0px of uncovered area  (16 samples)
[staged]   → robot b: IoU 0.494 → 0.497  ✓
    ↑ new global best IoU 0.497  [phase Ph2 robot b]
[staged]   Ph2 robot a  zone 0  (uncovered: 55% of target)
    [parallel] 10 worker threads, one renderer clone each
    init sampling: best coverage score 720.0px of uncovered area  (16 samples)
[staged]   → robot a: candidate 0.475 < current 0.497  ✗ rejected
[staged] Phase 2 done — composite IoU: 0.497

[staged] Best snapshot: Phase 2  IoU=0.497
[staged] Final refinement — all joints  (6 iters, popsize=16, sigma=0.160)
    [parallel] 10 worker threads, one renderer clone each
[staged] Final done — IoU: 0.497  ✓
[staged] FD refinement — 5 Adam steps  (180 renders, lr=0.01, ε=0.02)
    ↑ new global best IoU 0.516  [FD refinement]
[staged] FD done — IoU: 0.516  (Δ=+0.019)  ✓
[staged] Done — final IoU: 0.516  loss: 0.4855
[staged] Popsize: per-robot phases=32  final=16  (theory optimum for 6 DOF = 10)

[staged] Hungarian pre-assignment  (3×3 cost matrix, 8 samples/entry = 72 renders)...
[staged]   robot_a → zone 2  robot_b → zone 0  robot_c → zone 1

[staged] Phase 1 — forward greedy  (4 iters × 3 robot(s), sigma=0.40×1.00, popsize=32)
[staged]   Ph1 robot a  zone 2  (uncovered: 26% of target)
    voronoi warm-start: IoU 0.170 → 0.193 ✓
    [parallel] 10 worker threads, one renderer clone each
    init sampling: best coverage score 460.0px of uncovered area  (8 samples)
[staged]   → robot a: IoU 0.170 → 0.351  ✓
    ↑ new global best IoU 0.351  [phase Ph1 robot a]
[staged]   Ph1 robot b  zone 0  (uncovered: 37% of target)
    voronoi warm-start: IoU 0.351 → 0.374 ✓
    [parallel] 10 worker threads, one renderer clone each
    init sampling: best coverage score 596.0px of uncovered area  (8 samples)
[staged]   → robot b: IoU 0.351 → 0.453  ✓
    ↑ new global best IoU 0.453  [phase Ph1 robot b]
[staged]   Ph1 robot c  zone 1  (uncovered: 13% of target)
    voronoi warm-start: IoU 0.453 → 0.477 ✓
    [parallel] 10 worker threads, one renderer clone each
    init sampling: best coverage score 29.0px of uncovered area  (8 samples)
[staged]   → robot c: IoU 0.453 → 0.494  ✓
    ↑ new global best IoU 0.494  [phase Ph1 robot c]
[staged] Phase 1 done — composite IoU: 0.494

[staged] Phase 2 — backward pass  (4 iters × 3 robots, sigma=0.300)
[staged]   contributions before Phase 2:
[staged]     robot a: +0.152 IoU
[staged]     robot b: +0.119 IoU
[staged]     robot c: +0.042 IoU  ← low
[staged]   Ph2 robot c  zone 1  (uncovered: 39% of target)
    [parallel] 10 worker threads, one renderer clone each
    init sampling: best coverage score 334.0px of uncovered area  (16 samples)
[staged]   → robot c: candidate 0.494 < current 0.494  ✗ rejected
[staged]   Ph2 robot b  zone 0  (uncovered: 52% of target)
    [parallel] 10 worker threads, one renderer clone each
    init sampling: best coverage score 593.0px of uncovered area  (16 samples)
[staged]   → robot b: IoU 0.494 → 0.531  ✓
    ↑ new global best IoU 0.531  [phase Ph2 robot b]
[staged]   Ph2 robot a  zone 2  (uncovered: 58% of target)
    [parallel] 10 worker threads, one renderer clone each
    init sampling: best coverage score 968.0px of uncovered area  (16 samples)
[staged]   → robot a: IoU 0.531 → 0.540  ✓
    ↑ new global best IoU 0.540  [phase Ph2 robot a]
[staged] Phase 2 done — composite IoU: 0.540

[staged] Best snapshot: Phase 2  IoU=0.540
[staged] Final refinement — all joints  (6 iters, popsize=16, sigma=0.160)
    [parallel] 10 worker threads, one renderer clone each
[staged] Final done — IoU: 0.540  ✓
[staged] FD refinement — 5 Adam steps  (180 renders, lr=0.01, ε=0.02)
    ↑ new global best IoU 0.572  [FD refinement]
[staged] FD done — IoU: 0.572  (Δ=+0.032)  ✓
[staged] Done — final IoU: 0.572  loss: 0.4302
[staged] Popsize: per-robot phases=32  final=16  (theory optimum for 6 DOF = 10)

[staged] Hungarian pre-assignment  (3×3 cost matrix, 8 samples/entry = 72 renders)...
[staged]   robot_a → zone 0  robot_b → zone 2  robot_c → zone 1

[staged] Phase 1 — forward greedy  (4 iters × 3 robot(s), sigma=0.40×1.00, popsize=32)
[staged]   Ph1 robot a  zone 0  (uncovered: 26% of target)
    voronoi warm-start: IoU 0.170 → 0.193 ✓
    [parallel] 10 worker threads, one renderer clone each
    init sampling: best coverage score 867.0px of uncovered area  (8 samples)
[staged]   → robot a: IoU 0.170 → 0.400  ✓
    ↑ new global best IoU 0.400  [phase Ph1 robot a]
[staged]   Ph1 robot b  zone 2  (uncovered: 37% of target)
    voronoi warm-start: IoU 0.400 → 0.418 ✓
    [parallel] 10 worker threads, one renderer clone each
    init sampling: best coverage score 536.0px of uncovered area  (8 samples)
[staged]   → robot b: IoU 0.400 → 0.495  ✓
    ↑ new global best IoU 0.495  [phase Ph1 robot b]
[staged]   Ph1 robot c  zone 1  (uncovered: 3% of target)
    voronoi warm-start: IoU 0.495 → 0.516 ✓
    [parallel] 10 worker threads, one renderer clone each
    init sampling: best coverage score 0.0px of uncovered area  (8 samples)
[staged]   → robot c: IoU 0.495 → 0.573  ✓
    ↑ new global best IoU 0.573  [phase Ph1 robot c]
[staged] Phase 1 done — composite IoU: 0.573

[staged] Phase 2 — backward pass  (4 iters × 3 robots, sigma=0.300)
[staged]   contributions before Phase 2:
[staged]     robot a: +0.236 IoU
[staged]     robot b: +0.122 IoU
[staged]     robot c: +0.078 IoU
[staged]   Ph2 robot c  zone 1  (uncovered: 38% of target)
    [parallel] 10 worker threads, one renderer clone each
    init sampling: best coverage score 493.0px of uncovered area  (16 samples)
[staged]   → robot c: IoU 0.573 → 0.605  ✓
    ↑ new global best IoU 0.605  [phase Ph2 robot c]
[staged]   Ph2 robot b  zone 2  (uncovered: 45% of target)
    [parallel] 10 worker threads, one renderer clone each
    init sampling: best coverage score 401.0px of uncovered area  (16 samples)
[staged]   → robot b: candidate 0.594 < current 0.605  ✗ rejected
[staged]   Ph2 robot a  zone 0  (uncovered: 58% of target)
    [parallel] 10 worker threads, one renderer clone each
    init sampling: best coverage score 632.0px of uncovered area  (16 samples)
[staged]   → robot a: candidate 0.583 < current 0.605  ✗ rejected
[staged] Phase 2 done — composite IoU: 0.605

[staged] Best snapshot: Phase 2  IoU=0.605
[staged] Final refinement — all joints  (6 iters, popsize=16, sigma=0.160)
    [parallel] 10 worker threads, one renderer clone each
[staged] Final done — IoU: 0.605  ✓
[staged] FD refinement — 5 Adam steps  (180 renders, lr=0.01, ε=0.02)
    ↑ new global best IoU 0.629  [FD refinement]
[staged] FD done — IoU: 0.629  (Δ=+0.024)  ✓
[staged] Done — final IoU: 0.629  loss: 0.3725
[shard 0] 2/10 letters_upper/H_dejavusans-bold  best=0.633 mean=0.578±0.047  77s  eta 0.2h
[staged] Popsize: per-robot phases=32  final=16  (theory optimum for 6 DOF = 10)

[staged] Hungarian pre-assignment  (3×3 cost matrix, 8 samples/entry = 72 renders)...
[staged]   robot_a → zone 0  robot_b → zone 2  robot_c → zone 1

[staged] Phase 1 — forward greedy  (4 iters × 3 robot(s), sigma=0.40×1.00, popsize=32)
[staged]   Ph1 robot a  zone 0  (uncovered: 21% of target)
    voronoi warm-start: IoU 0.174 → 0.226 ✓
    [parallel] 10 worker threads, one renderer clone each
    init sampling: best coverage score 285.0px of uncovered area  (8 samples)
[staged]   → robot a: IoU 0.174 → 0.397  ✓
    ↑ new global best IoU 0.397  [phase Ph1 robot a]
[staged]   Ph1 robot b  zone 2  (uncovered: 18% of target)
    voronoi warm-start: IoU 0.397 → 0.405 ✓
    [parallel] 10 worker threads, one renderer clone each
    init sampling: best coverage score 383.0px of uncovered area  (8 samples)
[staged]   → robot b: IoU 0.397 → 0.456  ✓
    ↑ new global best IoU 0.456  [phase Ph1 robot b]
[staged]   Ph1 robot c  zone 1  (uncovered: 22% of target)
    voronoi warm-start: IoU 0.442 ≤ 0.456, kept current
    [parallel] 10 worker threads, one renderer clone each
    init sampling: best coverage score 504.0px of uncovered area  (16 samples)
[staged]   → robot c: IoU 0.456 → 0.561  ✓
    ↑ new global best IoU 0.561  [phase Ph1 robot c]
[staged] Phase 1 done — composite IoU: 0.561

[staged] Phase 2 — backward pass  (4 iters × 3 robots, sigma=0.300)
[staged]   contributions before Phase 2:
[staged]     robot a: +0.130 IoU
[staged]     robot b: +0.089 IoU
[staged]     robot c: +0.105 IoU
[staged]   Ph2 robot c  zone 1  (uncovered: 44% of target)
    [parallel] 10 worker threads, one renderer clone each
    init sampling: best coverage score 492.0px of uncovered area  (16 samples)
[staged]   → robot c: candidate 0.557 < current 0.561  ✗ rejected
[staged]   Ph2 robot b  zone 2  (uncovered: 43% of target)
    [parallel] 10 worker threads, one renderer clone each
    init sampling: best coverage score 504.0px of uncovered area  (16 samples)
[staged]   → robot b: candidate 0.554 < current 0.561  ✗ rejected
[staged]   Ph2 robot a  zone 0  (uncovered: 50% of target)
    [parallel] 10 worker threads, one renderer clone each
    init sampling: best coverage score 546.0px of uncovered area  (16 samples)
[staged]   → robot a: candidate 0.505 < current 0.561  ✗ rejected
[staged] Phase 2 done — composite IoU: 0.561

[staged] Best snapshot: Phase 1  IoU=0.561
[staged] Final refinement — all joints  (6 iters, popsize=16, sigma=0.160)
    [parallel] 10 worker threads, one renderer clone each
    ↑ new global best IoU 0.563  [final refinement]
[staged] Final done — IoU: 0.563  ✓
[staged] FD refinement — 5 Adam steps  (180 renders, lr=0.01, ε=0.02)
    ↑ new global best IoU 0.576  [FD refinement]
[staged] FD done — IoU: 0.576  (Δ=+0.013)  ✓
[staged] Done — final IoU: 0.576  loss: 0.4251
[staged] Popsize: per-robot phases=32  final=16  (theory optimum for 6 DOF = 10)

[staged] Hungarian pre-assignment  (3×3 cost matrix, 8 samples/entry = 72 renders)...
[staged]   robot_a → zone 2  robot_b → zone 1  robot_c → zone 0

[staged] Phase 1 — forward greedy  (4 iters × 3 robot(s), sigma=0.40×1.00, popsize=32)
[staged]   Ph1 robot a  zone 2  (uncovered: 31% of target)
    voronoi warm-start: IoU 0.174 → 0.222 ✓
    [parallel] 10 worker threads, one renderer clone each
    init sampling: best coverage score 292.0px of uncovered area  (8 samples)
[staged]   → robot a: IoU 0.174 → 0.396  ✓
    ↑ new global best IoU 0.396  [phase Ph1 robot a]
[staged]   Ph1 robot b  zone 1  (uncovered: 13% of target)
    voronoi warm-start: IoU 0.396 → 0.413 ✓
    [parallel] 10 worker threads, one renderer clone each
    init sampling: best coverage score 0.0px of uncovered area  (8 samples)
[staged]   → robot b: IoU 0.396 → 0.427  ✓
    ↑ new global best IoU 0.427  [phase Ph1 robot b]
[staged]   Ph1 robot c  zone 0  (uncovered: 11% of target)
    voronoi warm-start: IoU 0.427 → 0.437 ✓
    [parallel] 10 worker threads, one renderer clone each
    init sampling: best coverage score 135.0px of uncovered area  (8 samples)
[staged]   → robot c: IoU 0.427 → 0.462  ✓
    ↑ new global best IoU 0.462  [phase Ph1 robot c]
[staged] Phase 1 done — composite IoU: 0.462

[staged] Phase 2 — backward pass  (4 iters × 3 robots, sigma=0.300)
[staged]   contributions before Phase 2:
[staged]     robot a: +0.108 IoU
[staged]     robot b: +0.043 IoU  ← low
[staged]     robot c: +0.035 IoU  ← low
[staged]   Ph2 robot c  zone 0  (uncovered: 46% of target)
    [parallel] 10 worker threads, one renderer clone each
    init sampling: best coverage score 387.0px of uncovered area  (16 samples)
[staged]   → robot c: IoU 0.462 → 0.520  ✓
    ↑ new global best IoU 0.520  [phase Ph2 robot c]
[staged]   Ph2 robot b  zone 1  (uncovered: 40% of target)
    [parallel] 10 worker threads, one renderer clone each
    init sampling: best coverage score 362.0px of uncovered area  (16 samples)
[staged]   → robot b: IoU 0.520 → 0.549  ✓
    ↑ new global best IoU 0.549  [phase Ph2 robot b]
[staged]   Ph2 robot a  zone 2  (uncovered: 55% of target)
    [parallel] 10 worker threads, one renderer clone each
    init sampling: best coverage score 840.0px of uncovered area  (16 samples)
[staged]   → robot a: candidate 0.538 < current 0.549  ✗ rejected
[staged] Phase 2 done — composite IoU: 0.549

[staged] Best snapshot: Phase 2  IoU=0.549
[staged] Final refinement — all joints  (6 iters, popsize=16, sigma=0.160)
    [parallel] 10 worker threads, one renderer clone each
[staged] Final done — IoU: 0.549  ✓
[staged] FD refinement — 5 Adam steps  (180 renders, lr=0.01, ε=0.02)
    ↑ new global best IoU 0.563  [FD refinement]
[staged] FD done — IoU: 0.563  (Δ=+0.014)  ✓
[staged] Done — final IoU: 0.563  loss: 0.4385
[staged] Popsize: per-robot phases=32  final=16  (theory optimum for 6 DOF = 10)

[staged] Hungarian pre-assignment  (3×3 cost matrix, 8 samples/entry = 72 renders)...
[staged]   robot_a → zone 2  robot_b → zone 0  robot_c → zone 1

[staged] Phase 1 — forward greedy  (4 iters × 3 robot(s), sigma=0.40×1.00, popsize=32)
[staged]   Ph1 robot a  zone 2  (uncovered: 21% of target)
    voronoi warm-start: IoU 0.174 → 0.226 ✓
    [parallel] 10 worker threads, one renderer clone each
    init sampling: best coverage score 5.0px of uncovered area  (8 samples)
[staged]   → robot a: IoU 0.174 → 0.265  ✓
    ↑ new global best IoU 0.265  [phase Ph1 robot a]
[staged]   Ph1 robot b  zone 0  (uncovered: 15% of target)
    voronoi warm-start: IoU 0.265 → 0.275 ✓
    [parallel] 10 worker threads, one renderer clone each
    init sampling: best coverage score 301.0px of uncovered area  (8 samples)
[staged]   → robot b: IoU 0.265 → 0.384  ✓
    ↑ new global best IoU 0.384  [phase Ph1 robot b]
[staged]   Ph1 robot c  zone 1  (uncovered: 23% of target)
    voronoi warm-start: IoU 0.384 → 0.401 ✓
    [parallel] 10 worker threads, one renderer clone each
    init sampling: best coverage score 290.0px of uncovered area  (8 samples)
[staged]   → robot c: IoU 0.384 → 0.443  ✓
    ↑ new global best IoU 0.443  [phase Ph1 robot c]
[staged] Phase 1 done — composite IoU: 0.443

[staged] Phase 2 — backward pass  (4 iters × 3 robots, sigma=0.300)
[staged]   contributions before Phase 2:
[staged]     robot a: -0.011 IoU  ← low
[staged]     robot b: +0.118 IoU
[staged]     robot c: +0.059 IoU
[staged]   Ph2 robot c  zone 1  (uncovered: 50% of target)
    [parallel] 10 worker threads, one renderer clone each
    init sampling: best coverage score 511.0px of uncovered area  (16 samples)
[staged]   → robot c: IoU 0.443 → 0.482  ✓
    ↑ new global best IoU 0.482  [phase Ph2 robot c]
[staged]   Ph2 robot b  zone 0  (uncovered: 45% of target)
    [parallel] 10 worker threads, one renderer clone each
    init sampling: best coverage score 503.0px of uncovered area  (16 samples)
[staged]   → robot b: IoU 0.482 → 0.529  ✓
    ↑ new global best IoU 0.529  [phase Ph2 robot b]
[staged]   Ph2 robot a  zone 2  (uncovered: 41% of target)
    [parallel] 10 worker threads, one renderer clone each
    init sampling: best coverage score 544.0px of uncovered area  (16 samples)
[staged]   → robot a: IoU 0.529 → 0.586  ✓
    ↑ new global best IoU 0.586  [phase Ph2 robot a]
[staged] Phase 2 done — composite IoU: 0.586

[staged] Best snapshot: Phase 2  IoU=0.586
[staged] Final refinement — all joints  (6 iters, popsize=16, sigma=0.160)
    [parallel] 10 worker threads, one renderer clone each
    ↑ new global best IoU 0.600  [final refinement]
[staged] Final done — IoU: 0.600  ✓
[staged] FD refinement — 5 Adam steps  (180 renders, lr=0.01, ε=0.02)
    ↑ new global best IoU 0.622  [FD refinement]
[staged] FD done — IoU: 0.622  (Δ=+0.022)  ✓
[staged] Done — final IoU: 0.622  loss: 0.3791
[staged] Popsize: per-robot phases=32  final=16  (theory optimum for 6 DOF = 10)

[staged] Hungarian pre-assignment  (3×3 cost matrix, 8 samples/entry = 72 renders)...
[staged]   robot_a → zone 2  robot_b → zone 0  robot_c → zone 1

[staged] Phase 1 — forward greedy  (4 iters × 3 robot(s), sigma=0.40×1.00, popsize=32)
[staged]   Ph1 robot a  zone 2  (uncovered: 42% of target)
    voronoi warm-start: IoU 0.174 → 0.301 ✓
    [parallel] 10 worker threads, one renderer clone each
    init sampling: best coverage score 672.0px of uncovered area  (8 samples)
[staged]   → robot a: IoU 0.174 → 0.412  ✓
    ↑ new global best IoU 0.412  [phase Ph1 robot a]
[staged]   Ph1 robot b  zone 0  (uncovered: 17% of target)
    voronoi warm-start: IoU 0.412 → 0.421 ✓
    [parallel] 10 worker threads, one renderer clone each
    init sampling: best coverage score 366.0px of uncovered area  (8 samples)
[staged]   → robot b: IoU 0.412 → 0.525  ✓
    ↑ new global best IoU 0.525  [phase Ph1 robot b]
[staged]   Ph1 robot c  zone 1  (uncovered: 13% of target)
    voronoi warm-start: IoU 0.525 → 0.541 ✓
    [parallel] 10 worker threads, one renderer clone each
    init sampling: best coverage score 58.0px of uncovered area  (8 samples)
[staged]   → robot c: IoU 0.525 → 0.547  ✓
    ↑ new global best IoU 0.547  [phase Ph1 robot c]
[staged] Phase 1 done — composite IoU: 0.547

[staged] Phase 2 — backward pass  (4 iters × 3 robots, sigma=0.300)
[staged]   contributions before Phase 2:
[staged]     robot a: +0.166 IoU
[staged]     robot b: +0.140 IoU
[staged]     robot c: +0.022 IoU  ← low
[staged]   Ph2 robot c  zone 1  (uncovered: 33% of target)
    [parallel] 10 worker threads, one renderer clone each
    init sampling: best coverage score 489.0px of uncovered area  (16 samples)
[staged]   → robot c: IoU 0.547 → 0.594  ✓
    ↑ new global best IoU 0.594  [phase Ph2 robot c]
[staged]   Ph2 robot b  zone 0  (uncovered: 43% of target)
    [parallel] 10 worker threads, one renderer clone each
    init sampling: best coverage score 452.0px of uncovered area  (16 samples)
[staged]   → robot b: IoU 0.594 → 0.609  ✓
    ↑ new global best IoU 0.609  [phase Ph2 robot b]
[staged]   Ph2 robot a  zone 2  (uncovered: 53% of target)
    [parallel] 10 worker threads, one renderer clone each
    init sampling: best coverage score 1315.0px of uncovered area  (16 samples)
[staged]   → robot a: candidate 0.569 < current 0.609  ✗ rejected
[staged] Phase 2 done — composite IoU: 0.609

[staged] Best snapshot: Phase 2  IoU=0.609
[staged] Final refinement — all joints  (6 iters, popsize=16, sigma=0.160)
    [parallel] 10 worker threads, one renderer clone each
[staged] Final done — IoU: 0.609  ✓
[staged] FD refinement — 5 Adam steps  (180 renders, lr=0.01, ε=0.02)
    ↑ new global best IoU 0.633  [FD refinement]
[staged] FD done — IoU: 0.633  (Δ=+0.024)  ✓
[staged] Done — final IoU: 0.633  loss: 0.3681
[staged] Popsize: per-robot phases=32  final=16  (theory optimum for 6 DOF = 10)

[staged] Hungarian pre-assignment  (3×3 cost matrix, 8 samples/entry = 72 renders)...
[staged]   robot_a → zone 0  robot_b → zone 2  robot_c → zone 1

[staged] Phase 1 — forward greedy  (4 iters × 3 robot(s), sigma=0.40×1.00, popsize=32)
[staged]   Ph1 robot a  zone 0  (uncovered: 19% of target)
    voronoi warm-start: IoU 0.174 → 0.302 ✓
    [parallel] 10 worker threads, one renderer clone each
    init sampling: best coverage score 342.0px of uncovered area  (8 samples)
[staged]   → robot a: IoU 0.174 → 0.403  ✓
    ↑ new global best IoU 0.403  [phase Ph1 robot a]
[staged]   Ph1 robot b  zone 2  (uncovered: 15% of target)
    voronoi warm-start: IoU 0.403 → 0.408 ✓
    [parallel] 10 worker threads, one renderer clone each
    init sampling: best coverage score 271.0px of uncovered area  (8 samples)
[staged]   → robot b: IoU 0.403 → 0.473  ✓
    ↑ new global best IoU 0.473  [phase Ph1 robot b]
[staged]   Ph1 robot c  zone 1  (uncovered: 18% of target)
    voronoi warm-start: IoU 0.473 → 0.485 ✓
    [parallel] 10 worker threads, one renderer clone each
    init sampling: best coverage score 112.0px of uncovered area  (8 samples)
[staged]   → robot c: IoU 0.473 → 0.547  ✓
    ↑ new global best IoU 0.547  [phase Ph1 robot c]
[staged] Phase 1 done — composite IoU: 0.547

[staged] Phase 2 — backward pass  (4 iters × 3 robots, sigma=0.300)
[staged]   contributions before Phase 2:
[staged]     robot a: +0.075 IoU
[staged]     robot b: +0.080 IoU
[staged]     robot c: +0.074 IoU
[staged]   Ph2 robot c  zone 1  (uncovered: 41% of target)
    [parallel] 10 worker threads, one renderer clone each
    init sampling: best coverage score 335.0px of uncovered area  (16 samples)
[staged]   → robot c: candidate 0.539 < current 0.547  ✗ rejected
[staged]   Ph2 robot b  zone 2  (uncovered: 40% of target)
    [parallel] 10 worker threads, one renderer clone each
    init sampling: best coverage score 347.0px of uncovered area  (16 samples)
[staged]   → robot b: candidate 0.516 < current 0.547  ✗ rejected
[staged]   Ph2 robot a  zone 0  (uncovered: 42% of target)
    [parallel] 10 worker threads, one renderer clone each
    init sampling: best coverage score 605.0px of uncovered area  (16 samples)
[staged]   → robot a: IoU 0.547 → 0.548  ✓
    ↑ new global best IoU 0.548  [phase Ph2 robot a]
[staged] Phase 2 done — composite IoU: 0.548

[staged] Best snapshot: Phase 2  IoU=0.548
[staged] Final refinement — all joints  (6 iters, popsize=16, sigma=0.160)
    [parallel] 10 worker threads, one renderer clone each
[staged] Final done — IoU: 0.548  ✓
[staged] FD refinement — 5 Adam steps  (180 renders, lr=0.01, ε=0.02)
    ↑ new global best IoU 0.556  [FD refinement]
[staged] FD done — IoU: 0.556  (Δ=+0.008)  ✓
[staged] Done — final IoU: 0.556  loss: 0.4450
[shard 0] 3/10 letters_upper/K_dejavusans-bold  best=0.633 mean=0.590±0.031  77s  eta 0.1h
[staged] Popsize: per-robot phases=32  final=16  (theory optimum for 6 DOF = 10)

[staged] Hungarian pre-assignment  (3×3 cost matrix, 8 samples/entry = 72 renders)...
[staged]   robot_a → zone 2  robot_b → zone 0  robot_c → zone 1

[staged] Phase 1 — forward greedy  (4 iters × 3 robot(s), sigma=0.40×1.00, popsize=32)
[staged]   Ph1 robot a  zone 2  (uncovered: 26% of target)
    voronoi warm-start: IoU 0.141 ≤ 0.162, kept current
    [parallel] 10 worker threads, one renderer clone each
    init sampling: best coverage score 837.0px of uncovered area  (16 samples)
[staged]   → robot a: IoU 0.162 → 0.335  ✓
    ↑ new global best IoU 0.335  [phase Ph1 robot a]
[staged]   Ph1 robot b  zone 0  (uncovered: 21% of target)
    voronoi warm-start: IoU 0.335 → 0.336 ✓
    [parallel] 10 worker threads, one renderer clone each
    init sampling: best coverage score 0.0px of uncovered area  (8 samples)
[staged]   → robot b: IoU 0.335 → 0.460  ✓
    ↑ new global best IoU 0.460  [phase Ph1 robot b]
[staged]   Ph1 robot c  zone 1  (uncovered: 9% of target)
    voronoi warm-start: IoU 0.440 ≤ 0.460, kept current
    [parallel] 10 worker threads, one renderer clone each
    init sampling: best coverage score 118.0px of uncovered area  (16 samples)
[staged]   → robot c: IoU 0.460 → 0.489  ✓
    ↑ new global best IoU 0.489  [phase Ph1 robot c]
[staged] Phase 1 done — composite IoU: 0.489

[staged] Phase 2 — backward pass  (4 iters × 3 robots, sigma=0.300)
[staged]   contributions before Phase 2:
[staged]     robot a: +0.134 IoU
[staged]     robot b: +0.060 IoU
[staged]     robot c: +0.029 IoU  ← low
[staged]   Ph2 robot c  zone 1  (uncovered: 38% of target)
    [parallel] 10 worker threads, one renderer clone each
    init sampling: best coverage score 214.0px of uncovered area  (16 samples)
[staged]   → robot c: IoU 0.489 → 0.539  ✓
    ↑ new global best IoU 0.539  [phase Ph2 robot c]
[staged]   Ph2 robot b  zone 0  (uncovered: 46% of target)
    [parallel] 10 worker threads, one renderer clone each
    init sampling: best coverage score 493.0px of uncovered area  (16 samples)
[staged]   → robot b: candidate 0.468 < current 0.539  ✗ rejected
[staged]   Ph2 robot a  zone 2  (uncovered: 44% of target)
    [parallel] 10 worker threads, one renderer clone each
    init sampling: best coverage score 357.0px of uncovered area  (16 samples)
[staged]   → robot a: IoU 0.539 → 0.560  ✓
    ↑ new global best IoU 0.560  [phase Ph2 robot a]
[staged] Phase 2 done — composite IoU: 0.560

[staged] Best snapshot: Phase 2  IoU=0.560
[staged] Final refinement — all joints  (6 iters, popsize=16, sigma=0.160)
    [parallel] 10 worker threads, one renderer clone each
    ↑ new global best IoU 0.617  [final refinement]
[staged] Final done — IoU: 0.617  ✓
[staged] FD refinement — 5 Adam steps  (180 renders, lr=0.01, ε=0.02)
    ↑ new global best IoU 0.639  [FD refinement]
[staged] FD done — IoU: 0.639  (Δ=+0.022)  ✓
[staged] Done — final IoU: 0.639  loss: 0.3626
[staged] Popsize: per-robot phases=32  final=16  (theory optimum for 6 DOF = 10)

[staged] Hungarian pre-assignment  (3×3 cost matrix, 8 samples/entry = 72 renders)...
[staged]   robot_a → zone 2  robot_b → zone 1  robot_c → zone 0

[staged] Phase 1 — forward greedy  (4 iters × 3 robot(s), sigma=0.40×1.00, popsize=32)
[staged]   Ph1 robot a  zone 2  (uncovered: 26% of target)
    voronoi warm-start: IoU 0.141 ≤ 0.162, kept current
    [parallel] 10 worker threads, one renderer clone each
    init sampling: best coverage score 498.0px of uncovered area  (16 samples)
[staged]   → robot a: IoU 0.162 → 0.341  ✓
    ↑ new global best IoU 0.341  [phase Ph1 robot a]
[staged]   Ph1 robot b  zone 1  (uncovered: 14% of target)
    voronoi warm-start: IoU 0.341 → 0.372 ✓
    [parallel] 10 worker threads, one renderer clone each
    init sampling: best coverage score 0.0px of uncovered area  (8 samples)
[staged]   → robot b: IoU 0.341 → 0.505  ✓
    ↑ new global best IoU 0.505  [phase Ph1 robot b]
[staged]   Ph1 robot c  zone 0  (uncovered: 11% of target)
    voronoi warm-start: IoU 0.476 ≤ 0.505, kept current
    [parallel] 10 worker threads, one renderer clone each
    init sampling: best coverage score 147.0px of uncovered area  (16 samples)
[staged]   → robot c: IoU 0.505 → 0.556  ✓
    ↑ new global best IoU 0.556  [phase Ph1 robot c]
[staged] Phase 1 done — composite IoU: 0.556

[staged] Phase 2 — backward pass  (4 iters × 3 robots, sigma=0.300)
[staged]   contributions before Phase 2:
[staged]     robot a: +0.178 IoU
[staged]     robot b: +0.111 IoU
[staged]     robot c: +0.051 IoU
[staged]   Ph2 robot c  zone 0  (uncovered: 38% of target)
    [parallel] 10 worker threads, one renderer clone each
    init sampling: best coverage score 330.0px of uncovered area  (16 samples)
[staged]   → robot c: IoU 0.556 → 0.570  ✓
    ↑ new global best IoU 0.570  [phase Ph2 robot c]
[staged]   Ph2 robot b  zone 1  (uncovered: 47% of target)
    [parallel] 10 worker threads, one renderer clone each
    init sampling: best coverage score 515.0px of uncovered area  (16 samples)
[staged]   → robot b: IoU 0.570 → 0.585  ✓
    ↑ new global best IoU 0.585  [phase Ph2 robot b]
[staged]   Ph2 robot a  zone 2  (uncovered: 48% of target)
    [parallel] 10 worker threads, one renderer clone each
    init sampling: best coverage score 384.0px of uncovered area  (16 samples)
[staged]   → robot a: IoU 0.585 → 0.589  ✓
    ↑ new global best IoU 0.589  [phase Ph2 robot a]
[staged] Phase 2 done — composite IoU: 0.589

[staged] Best snapshot: Phase 2  IoU=0.589
[staged] Final refinement — all joints  (6 iters, popsize=16, sigma=0.160)
    [parallel] 10 worker threads, one renderer clone each
[staged] Final done — IoU: 0.589  ✓
[staged] FD refinement — 5 Adam steps  (180 renders, lr=0.01, ε=0.02)
    ↑ new global best IoU 0.619  [FD refinement]
[staged] FD done — IoU: 0.619  (Δ=+0.030)  ✓
[staged] Done — final IoU: 0.619  loss: 0.3819
[staged] Popsize: per-robot phases=32  final=16  (theory optimum for 6 DOF = 10)

[staged] Hungarian pre-assignment  (3×3 cost matrix, 8 samples/entry = 72 renders)...
[staged]   robot_a → zone 0  robot_b → zone 1  robot_c → zone 2

[staged] Phase 1 — forward greedy  (4 iters × 3 robot(s), sigma=0.40×1.00, popsize=32)
[staged]   Ph1 robot a  zone 0  (uncovered: 26% of target)
    voronoi warm-start: IoU 0.141 ≤ 0.162, kept current
    [parallel] 10 worker threads, one renderer clone each
    init sampling: best coverage score 376.0px of uncovered area  (16 samples)
[staged]   → robot a: IoU 0.162 → 0.450  ✓
    ↑ new global best IoU 0.450  [phase Ph1 robot a]
[staged]   Ph1 robot b  zone 1  (uncovered: 26% of target)
    voronoi warm-start: IoU 0.450 → 0.463 ✓
    [parallel] 10 worker threads, one renderer clone each
    init sampling: best coverage score 360.0px of uncovered area  (8 samples)
[staged]   → robot b: IoU 0.450 → 0.640  ✓
    ↑ new global best IoU 0.640  [phase Ph1 robot b]
[staged]   Ph1 robot c  zone 2  (uncovered: 9% of target)
    voronoi warm-start: IoU 0.551 ≤ 0.640, kept current
    [parallel] 10 worker threads, one renderer clone each
    init sampling: best coverage score 181.0px of uncovered area  (16 samples)
[staged]   → robot c: IoU 0.640 → 0.708  ✓
    ↑ new global best IoU 0.708  [phase Ph1 robot c]
[staged] Phase 1 done — composite IoU: 0.708

[staged] Phase 2 — backward pass  (4 iters × 3 robots, sigma=0.300)
[staged]   contributions before Phase 2:
[staged]     robot a: +0.143 IoU
[staged]     robot b: +0.177 IoU
[staged]     robot c: +0.068 IoU
[staged]   Ph2 robot c  zone 2  (uncovered: 29% of target)
    [parallel] 10 worker threads, one renderer clone each
    init sampling: best coverage score 177.0px of uncovered area  (16 samples)
[staged]   → robot c: candidate 0.642 < current 0.708  ✗ rejected
[staged]   Ph2 robot b  zone 1  (uncovered: 42% of target)
    [parallel] 10 worker threads, one renderer clone each
    init sampling: best coverage score 440.0px of uncovered area  (16 samples)
[staged]   → robot b: IoU 0.708 → 0.773  ✓
    ↑ new global best IoU 0.773  [phase Ph2 robot b]
[staged]   Ph2 robot a  zone 0  (uncovered: 33% of target)
    [parallel] 10 worker threads, one renderer clone each
    init sampling: best coverage score 386.0px of uncovered area  (16 samples)
[staged]   → robot a: candidate 0.671 < current 0.773  ✗ rejected
[staged] Phase 2 done — composite IoU: 0.773

[staged] Best snapshot: Phase 2  IoU=0.773
[staged] Final refinement — all joints  (6 iters, popsize=16, sigma=0.160)
    [parallel] 10 worker threads, one renderer clone each
[staged] Final done — IoU: 0.773  ✓
[staged] FD refinement — 5 Adam steps  (180 renders, lr=0.01, ε=0.02)
    ↑ new global best IoU 0.785  [FD refinement]
[staged] FD done — IoU: 0.785  (Δ=+0.012)  ✓
[staged] Done — final IoU: 0.785  loss: 0.2155
[staged] Popsize: per-robot phases=32  final=16  (theory optimum for 6 DOF = 10)

[staged] Hungarian pre-assignment  (3×3 cost matrix, 8 samples/entry = 72 renders)...
[staged]   robot_a → zone 2  robot_b → zone 1  robot_c → zone 0

[staged] Phase 1 — forward greedy  (4 iters × 3 robot(s), sigma=0.40×1.00, popsize=32)
[staged]   Ph1 robot a  zone 2  (uncovered: 32% of target)
    voronoi warm-start: IoU 0.162 → 0.240 ✓
    [parallel] 10 worker threads, one renderer clone each
    init sampling: best coverage score 384.0px of uncovered area  (8 samples)
[staged]   → robot a: IoU 0.162 → 0.385  ✓
    ↑ new global best IoU 0.385  [phase Ph1 robot a]
[staged]   Ph1 robot b  zone 1  (uncovered: 26% of target)
    voronoi warm-start: IoU 0.385 → 0.407 ✓
    [parallel] 10 worker threads, one renderer clone each
    init sampling: best coverage score 396.0px of uncovered area  (8 samples)
[staged]   → robot b: IoU 0.385 → 0.517  ✓
    ↑ new global best IoU 0.517  [phase Ph1 robot b]
[staged]   Ph1 robot c  zone 0  (uncovered: 14% of target)
    voronoi warm-start: IoU 0.517 → 0.527 ✓
    [parallel] 10 worker threads, one renderer clone each
    init sampling: best coverage score 180.0px of uncovered area  (8 samples)
[staged]   → robot c: IoU 0.517 → 0.557  ✓
    ↑ new global best IoU 0.557  [phase Ph1 robot c]
[staged] Phase 1 done — composite IoU: 0.557

[staged] Phase 2 — backward pass  (4 iters × 3 robots, sigma=0.300)
[staged]   contributions before Phase 2:
[staged]     robot a: +0.225 IoU
[staged]     robot b: +0.133 IoU
[staged]     robot c: +0.040 IoU  ← low
[staged]   Ph2 robot c  zone 0  (uncovered: 33% of target)
    [parallel] 10 worker threads, one renderer clone each
    init sampling: best coverage score 264.0px of uncovered area  (16 samples)
[staged]   → robot c: IoU 0.557 → 0.561  ✓
    ↑ new global best IoU 0.561  [phase Ph2 robot c]
[staged]   Ph2 robot b  zone 1  (uncovered: 37% of target)
    [parallel] 10 worker threads, one renderer clone each
    init sampling: best coverage score 305.0px of uncovered area  (16 samples)
[staged]   → robot b: IoU 0.561 → 0.605  ✓
    ↑ new global best IoU 0.605  [phase Ph2 robot b]
[staged]   Ph2 robot a  zone 2  (uncovered: 54% of target)
    [parallel] 10 worker threads, one renderer clone each
    init sampling: best coverage score 582.0px of uncovered area  (16 samples)
[staged]   → robot a: IoU 0.605 → 0.629  ✓
    ↑ new global best IoU 0.629  [phase Ph2 robot a]
[staged] Phase 2 done — composite IoU: 0.629

[staged] Best snapshot: Phase 2  IoU=0.629
[staged] Final refinement — all joints  (6 iters, popsize=16, sigma=0.160)
    [parallel] 10 worker threads, one renderer clone each
    ↑ new global best IoU 0.635  [final refinement]
[staged] Final done — IoU: 0.635  ✓
[staged] FD refinement — 5 Adam steps  (180 renders, lr=0.01, ε=0.02)
    ↑ new global best IoU 0.657  [FD refinement]
[staged] FD done — IoU: 0.657  (Δ=+0.021)  ✓
[staged] Done — final IoU: 0.657  loss: 0.3446
[staged] Popsize: per-robot phases=32  final=16  (theory optimum for 6 DOF = 10)

[staged] Hungarian pre-assignment  (3×3 cost matrix, 8 samples/entry = 72 renders)...
[staged]   robot_a → zone 0  robot_b → zone 2  robot_c → zone 1

[staged] Phase 1 — forward greedy  (4 iters × 3 robot(s), sigma=0.40×1.00, popsize=32)
[staged]   Ph1 robot a  zone 0  (uncovered: 32% of target)
    voronoi warm-start: IoU 0.162 → 0.240 ✓
    [parallel] 10 worker threads, one renderer clone each
    init sampling: best coverage score 1037.0px of uncovered area  (8 samples)
[staged]   → robot a: IoU 0.162 → 0.463  ✓
    ↑ new global best IoU 0.463  [phase Ph1 robot a]
[staged]   Ph1 robot b  zone 2  (uncovered: 26% of target)
    voronoi warm-start: IoU 0.463 → 0.474 ✓
    [parallel] 10 worker threads, one renderer clone each
    init sampling: best coverage score 397.0px of uncovered area  (8 samples)
[staged]   → robot b: IoU 0.463 → 0.618  ✓
    ↑ new global best IoU 0.618  [phase Ph1 robot b]
[staged]   Ph1 robot c  zone 1  (uncovered: 9% of target)
    voronoi warm-start: IoU 0.616 ≤ 0.618, kept current
    [parallel] 10 worker threads, one renderer clone each
    init sampling: best coverage score 208.0px of uncovered area  (16 samples)
[staged]   → robot c: IoU 0.618 → 0.679  ✓
    ↑ new global best IoU 0.679  [phase Ph1 robot c]
[staged] Phase 1 done — composite IoU: 0.679

[staged] Phase 2 — backward pass  (4 iters × 3 robots, sigma=0.300)
[staged]   contributions before Phase 2:
[staged]     robot a: +0.334 IoU
[staged]     robot b: +0.110 IoU
[staged]     robot c: +0.061 IoU
[staged]   Ph2 robot c  zone 1  (uncovered: 27% of target)
    [parallel] 10 worker threads, one renderer clone each
    init sampling: best coverage score 172.0px of uncovered area  (16 samples)
[staged]   → robot c: candidate 0.635 < current 0.679  ✗ rejected
[staged]   Ph2 robot b  zone 2  (uncovered: 34% of target)
    [parallel] 10 worker threads, one renderer clone each
    init sampling: best coverage score 345.0px of uncovered area  (16 samples)
[staged]   → robot b: IoU 0.679 → 0.706  ✓
    ↑ new global best IoU 0.706  [phase Ph2 robot b]
[staged]   Ph2 robot a  zone 0  (uncovered: 54% of target)
    [parallel] 10 worker threads, one renderer clone each
    init sampling: best coverage score 801.0px of uncovered area  (16 samples)
[staged]   → robot a: candidate 0.699 < current 0.706  ✗ rejected
[staged] Phase 2 done — composite IoU: 0.706

[staged] Best snapshot: Phase 2  IoU=0.706
[staged] Final refinement — all joints  (6 iters, popsize=16, sigma=0.160)
    [parallel] 10 worker threads, one renderer clone each
[staged] Final done — IoU: 0.706  ✓
[staged] FD refinement — 5 Adam steps  (180 renders, lr=0.01, ε=0.02)
    ↑ new global best IoU 0.721  [FD refinement]
[staged] FD done — IoU: 0.721  (Δ=+0.015)  ✓
[staged] Done — final IoU: 0.721  loss: 0.2805
[shard 0] 4/10 letters_upper/U_dejavusans-bold  best=0.785 mean=0.684±0.061  77s  eta 0.1h
[staged] Popsize: per-robot phases=32  final=16  (theory optimum for 6 DOF = 10)

[staged] Hungarian pre-assignment  (3×3 cost matrix, 8 samples/entry = 72 renders)...
[staged]   robot_a → zone 1  robot_b → zone 2  robot_c → zone 0

[staged] Phase 1 — forward greedy  (4 iters × 3 robot(s), sigma=0.40×1.00, popsize=32)
[staged]   Ph1 robot a  zone 1  (uncovered: 45% of target)
    voronoi warm-start: IoU 0.161 ≤ 0.176, kept current
    [parallel] 10 worker threads, one renderer clone each
    init sampling: best coverage score 455.0px of uncovered area  (16 samples)
[staged]   → robot a: IoU 0.176 → 0.407  ✓
    ↑ new global best IoU 0.407  [phase Ph1 robot a]
[staged]   Ph1 robot b  zone 2  (uncovered: 9% of target)
    voronoi warm-start: IoU 0.345 ≤ 0.407, kept current
    [parallel] 10 worker threads, one renderer clone each
    init sampling: best coverage score 119.0px of uncovered area  (16 samples)
[staged]   → robot b: IoU 0.407 → 0.464  ✓
    ↑ new global best IoU 0.464  [phase Ph1 robot b]
[staged]   Ph1 robot c  zone 0  (uncovered: 2% of target)
    voronoi warm-start: IoU 0.454 ≤ 0.464, kept current
    [parallel] 10 worker threads, one renderer clone each
    init sampling: best coverage score 63.0px of uncovered area  (16 samples)
[staged]   → robot c: IoU 0.464 → 0.485  ✓
    ↑ new global best IoU 0.485  [phase Ph1 robot c]
[staged] Phase 1 done — composite IoU: 0.485

[staged] Phase 2 — backward pass  (4 iters × 3 robots, sigma=0.300)
[staged]   contributions before Phase 2:
[staged]     robot a: +0.197 IoU
[staged]     robot b: +0.047 IoU  ← low
[staged]     robot c: +0.022 IoU  ← low
[staged]   Ph2 robot c  zone 0  (uncovered: 30% of target)
    [parallel] 10 worker threads, one renderer clone each
    init sampling: best coverage score 240.0px of uncovered area  (16 samples)
[staged]   → robot c: IoU 0.485 → 0.545  ✓
    ↑ new global best IoU 0.545  [phase Ph2 robot c]
[staged]   Ph2 robot b  zone 2  (uncovered: 36% of target)
    [parallel] 10 worker threads, one renderer clone each
    init sampling: best coverage score 336.0px of uncovered area  (16 samples)
[staged]   → robot b: candidate 0.530 < current 0.545  ✗ rejected
[staged]   Ph2 robot a  zone 1  (uncovered: 49% of target)
    [parallel] 10 worker threads, one renderer clone each
    init sampling: best coverage score 532.0px of uncovered area  (16 samples)
[staged]   → robot a: candidate 0.346 < current 0.545  ✗ rejected
[staged] Phase 2 done — composite IoU: 0.545

[staged] Best snapshot: Phase 2  IoU=0.545
[staged] Final refinement — all joints  (6 iters, popsize=16, sigma=0.160)
    [parallel] 10 worker threads, one renderer clone each
[staged] Final done — IoU: 0.545  ✓
[staged] FD refinement — 5 Adam steps  (180 renders, lr=0.01, ε=0.02)
    ↑ new global best IoU 0.552  [FD refinement]
[staged] FD done — IoU: 0.552  (Δ=+0.008)  ✓
[staged] Done — final IoU: 0.552  loss: 0.4501
[staged] Popsize: per-robot phases=32  final=16  (theory optimum for 6 DOF = 10)

[staged] Hungarian pre-assignment  (3×3 cost matrix, 8 samples/entry = 72 renders)...
[staged]   robot_a → zone 2  robot_b → zone 0  robot_c → zone 1

[staged] Phase 1 — forward greedy  (4 iters × 3 robot(s), sigma=0.40×1.00, popsize=32)
[staged]   Ph1 robot a  zone 2  (uncovered: 26% of target)
    voronoi warm-start: IoU 0.176 → 0.223 ✓
    [parallel] 10 worker threads, one renderer clone each
    init sampling: best coverage score 0.0px of uncovered area  (8 samples)
[staged]   → robot a: IoU 0.176 → 0.321  ✓
    ↑ new global best IoU 0.321  [phase Ph1 robot a]
[staged]   Ph1 robot b  zone 0  (uncovered: 4% of target)
    voronoi warm-start: IoU 0.278 ≤ 0.321, kept current
    [parallel] 10 worker threads, one renderer clone each
    init sampling: best coverage score 82.0px of uncovered area  (16 samples)
[staged]   → robot b: IoU 0.321 → 0.396  ✓
    ↑ new global best IoU 0.396  [phase Ph1 robot b]
[staged]   Ph1 robot c  zone 1  (uncovered: 9% of target)
    voronoi warm-start: IoU 0.396 ≤ 0.396, kept current
    [parallel] 10 worker threads, one renderer clone each
    init sampling: best coverage score 123.0px of uncovered area  (16 samples)
[staged]   → robot c: IoU 0.396 → 0.454  ✓
    ↑ new global best IoU 0.454  [phase Ph1 robot c]
[staged] Phase 1 done — composite IoU: 0.454

[staged] Phase 2 — backward pass  (4 iters × 3 robots, sigma=0.300)
[staged]   contributions before Phase 2:
[staged]     robot a: +0.119 IoU
[staged]     robot b: +0.077 IoU
[staged]     robot c: +0.057 IoU
[staged]   Ph2 robot c  zone 1  (uncovered: 36% of target)
    [parallel] 10 worker threads, one renderer clone each
    init sampling: best coverage score 145.0px of uncovered area  (16 samples)
[staged]   → robot c: candidate 0.421 < current 0.454  ✗ rejected
[staged]   Ph2 robot b  zone 0  (uncovered: 41% of target)
    [parallel] 10 worker threads, one renderer clone each
    init sampling: best coverage score 350.0px of uncovered area  (16 samples)
[staged]   → robot b: candidate 0.450 < current 0.454  ✗ rejected
[staged]   Ph2 robot a  zone 2  (uncovered: 52% of target)
    [parallel] 10 worker threads, one renderer clone each
    init sampling: best coverage score 545.0px of uncovered area  (16 samples)
[staged]   → robot a: candidate 0.446 < current 0.454  ✗ rejected
[staged] Phase 2 done — composite IoU: 0.454

[staged] Best snapshot: Phase 1  IoU=0.454
[staged] Final refinement — all joints  (6 iters, popsize=16, sigma=0.160)
    [parallel] 10 worker threads, one renderer clone each
    ↑ new global best IoU 0.511  [final refinement]
[staged] Final done — IoU: 0.511  ✓
[staged] FD refinement — 5 Adam steps  (180 renders, lr=0.01, ε=0.02)
    ↑ new global best IoU 0.543  [FD refinement]
[staged] FD done — IoU: 0.543  (Δ=+0.032)  ✓
[staged] Done — final IoU: 0.543  loss: 0.4590
[staged] Popsize: per-robot phases=32  final=16  (theory optimum for 6 DOF = 10)

[staged] Hungarian pre-assignment  (3×3 cost matrix, 8 samples/entry = 72 renders)...
[staged]   robot_a → zone 2  robot_b → zone 0  robot_c → zone 1

[staged] Phase 1 — forward greedy  (4 iters × 3 robot(s), sigma=0.40×1.00, popsize=32)
[staged]   Ph1 robot a  zone 2  (uncovered: 24% of target)
    voronoi warm-start: IoU 0.176 → 0.196 ✓
    [parallel] 10 worker threads, one renderer clone each
    init sampling: best coverage score 306.0px of uncovered area  (8 samples)
[staged]   → robot a: IoU 0.176 → 0.430  ✓
    ↑ new global best IoU 0.430  [phase Ph1 robot a]
[staged]   Ph1 robot b  zone 0  (uncovered: 17% of target)
    voronoi warm-start: IoU 0.367 ≤ 0.430, kept current
    [parallel] 10 worker threads, one renderer clone each
    init sampling: best coverage score 235.0px of uncovered area  (16 samples)
[staged]   → robot b: IoU 0.430 → 0.527  ✓
    ↑ new global best IoU 0.527  [phase Ph1 robot b]
[staged]   Ph1 robot c  zone 1  (uncovered: 4% of target)
    voronoi warm-start: IoU 0.502 ≤ 0.527, kept current
    [parallel] 10 worker threads, one renderer clone each
    init sampling: best coverage score 143.0px of uncovered area  (16 samples)
[staged]   → robot c: IoU 0.527 → 0.528  ✓
    ↑ new global best IoU 0.528  [phase Ph1 robot c]
[staged] Phase 1 done — composite IoU: 0.528

[staged] Phase 2 — backward pass  (4 iters × 3 robots, sigma=0.300)
[staged]   contributions before Phase 2:
[staged]     robot a: +0.240 IoU
[staged]     robot b: +0.110 IoU
[staged]     robot c: +0.001 IoU  ← low
[staged]   Ph2 robot c  zone 1  (uncovered: 28% of target)
    [parallel] 10 worker threads, one renderer clone each
    init sampling: best coverage score 156.0px of uncovered area  (16 samples)
[staged]   → robot c: IoU 0.528 → 0.567  ✓
    ↑ new global best IoU 0.567  [phase Ph2 robot c]
[staged]   Ph2 robot b  zone 0  (uncovered: 39% of target)
    [parallel] 10 worker threads, one renderer clone each
    init sampling: best coverage score 273.0px of uncovered area  (16 samples)
[staged]   → robot b: candidate 0.494 < current 0.567  ✗ rejected
[staged]   Ph2 robot a  zone 2  (uncovered: 59% of target)
    [parallel] 10 worker threads, one renderer clone each
    init sampling: best coverage score 681.0px of uncovered area  (16 samples)
[staged]   → robot a: candidate 0.509 < current 0.567  ✗ rejected
[staged] Phase 2 done — composite IoU: 0.567

[staged] Best snapshot: Phase 2  IoU=0.567
[staged] Final refinement — all joints  (6 iters, popsize=16, sigma=0.160)
    [parallel] 10 worker threads, one renderer clone each
[staged] Final done — IoU: 0.567  ✓
[staged] FD refinement — 5 Adam steps  (180 renders, lr=0.01, ε=0.02)
    ↑ new global best IoU 0.579  [FD refinement]
[staged] FD done — IoU: 0.579  (Δ=+0.012)  ✓
[staged] Done — final IoU: 0.579  loss: 0.4220
[staged] Popsize: per-robot phases=32  final=16  (theory optimum for 6 DOF = 10)

[staged] Hungarian pre-assignment  (3×3 cost matrix, 8 samples/entry = 72 renders)...
[staged]   robot_a → zone 2  robot_b → zone 1  robot_c → zone 0

[staged] Phase 1 — forward greedy  (4 iters × 3 robot(s), sigma=0.40×1.00, popsize=32)
[staged]   Ph1 robot a  zone 2  (uncovered: 24% of target)
    voronoi warm-start: IoU 0.176 → 0.196 ✓
    [parallel] 10 worker threads, one renderer clone each
    init sampling: best coverage score 371.0px of uncovered area  (8 samples)
[staged]   → robot a: IoU 0.176 → 0.329  ✓
    ↑ new global best IoU 0.329  [phase Ph1 robot a]
[staged]   Ph1 robot b  zone 1  (uncovered: 13% of target)
    voronoi warm-start: IoU 0.329 → 0.348 ✓
    [parallel] 10 worker threads, one renderer clone each
    init sampling: best coverage score 273.0px of uncovered area  (8 samples)
[staged]   → robot b: IoU 0.329 → 0.435  ✓
    ↑ new global best IoU 0.435  [phase Ph1 robot b]
[staged]   Ph1 robot c  zone 0  (uncovered: 9% of target)
    voronoi warm-start: IoU 0.429 ≤ 0.435, kept current
    [parallel] 10 worker threads, one renderer clone each
    init sampling: best coverage score 198.0px of uncovered area  (16 samples)
[staged]   → robot c: IoU 0.435 → 0.484  ✓
    ↑ new global best IoU 0.484  [phase Ph1 robot c]
[staged] Phase 1 done — composite IoU: 0.484

[staged] Phase 2 — backward pass  (4 iters × 3 robots, sigma=0.300)
[staged]   contributions before Phase 2:
[staged]     robot a: +0.156 IoU
[staged]     robot b: +0.068 IoU
[staged]     robot c: +0.048 IoU  ← low
[staged]   Ph2 robot c  zone 0  (uncovered: 36% of target)
    [parallel] 10 worker threads, one renderer clone each
    init sampling: best coverage score 314.0px of uncovered area  (16 samples)
[staged]   → robot c: candidate 0.470 < current 0.484  ✗ rejected
[staged]   Ph2 robot b  zone 1  (uncovered: 38% of target)
    [parallel] 10 worker threads, one renderer clone each
    init sampling: best coverage score 344.0px of uncovered area  (16 samples)
[staged]   → robot b: candidate 0.478 < current 0.484  ✗ rejected
[staged]   Ph2 robot a  zone 2  (uncovered: 58% of target)
    [parallel] 10 worker threads, one renderer clone each
    init sampling: best coverage score 476.0px of uncovered area  (16 samples)
[staged]   → robot a: IoU 0.484 → 0.500  ✓
    ↑ new global best IoU 0.500  [phase Ph2 robot a]
[staged] Phase 2 done — composite IoU: 0.500

[staged] Best snapshot: Phase 2  IoU=0.500
[staged] Final refinement — all joints  (6 iters, popsize=16, sigma=0.160)
    [parallel] 10 worker threads, one renderer clone each
[staged] Final done — IoU: 0.500  ✓
[staged] FD refinement — 5 Adam steps  (180 renders, lr=0.01, ε=0.02)
    ↑ new global best IoU 0.525  [FD refinement]
[staged] FD done — IoU: 0.525  (Δ=+0.025)  ✓
[staged] Done — final IoU: 0.525  loss: 0.4766
[staged] Popsize: per-robot phases=32  final=16  (theory optimum for 6 DOF = 10)

[staged] Hungarian pre-assignment  (3×3 cost matrix, 8 samples/entry = 72 renders)...
[staged]   robot_a → zone 1  robot_b → zone 2  robot_c → zone 0

[staged] Phase 1 — forward greedy  (4 iters × 3 robot(s), sigma=0.40×1.00, popsize=32)
[staged]   Ph1 robot a  zone 1  (uncovered: 26% of target)
    voronoi warm-start: IoU 0.176 → 0.223 ✓
    [parallel] 10 worker threads, one renderer clone each
    init sampling: best coverage score 557.0px of uncovered area  (8 samples)
[staged]   → robot a: IoU 0.176 → 0.424  ✓
    ↑ new global best IoU 0.424  [phase Ph1 robot a]
[staged]   Ph1 robot b  zone 2  (uncovered: 30% of target)
    voronoi warm-start: IoU 0.416 ≤ 0.424, kept current
    [parallel] 10 worker threads, one renderer clone each
    init sampling: best coverage score 565.0px of uncovered area  (16 samples)
[staged]   → robot b: IoU 0.424 → 0.553  ✓
    ↑ new global best IoU 0.553  [phase Ph1 robot b]
[staged]   Ph1 robot c  zone 0  (uncovered: 14% of target)
    voronoi warm-start: IoU 0.491 ≤ 0.553, kept current
    [parallel] 10 worker threads, one renderer clone each
    init sampling: best coverage score 252.0px of uncovered area  (16 samples)
[staged]   → robot c: IoU 0.553 → 0.576  ✓
    ↑ new global best IoU 0.576  [phase Ph1 robot c]
[staged] Phase 1 done — composite IoU: 0.576

[staged] Phase 2 — backward pass  (4 iters × 3 robots, sigma=0.300)
[staged]   contributions before Phase 2:
[staged]     robot a: +0.189 IoU
[staged]     robot b: +0.123 IoU
[staged]     robot c: +0.023 IoU  ← low
[staged]   Ph2 robot c  zone 0  (uncovered: 28% of target)
    [parallel] 10 worker threads, one renderer clone each
    init sampling: best coverage score 350.0px of uncovered area  (16 samples)
[staged]   → robot c: IoU 0.576 → 0.587  ✓
    ↑ new global best IoU 0.587  [phase Ph2 robot c]
[staged]   Ph2 robot b  zone 2  (uncovered: 28% of target)
    [parallel] 10 worker threads, one renderer clone each
    init sampling: best coverage score 358.0px of uncovered area  (16 samples)
[staged]   → robot b: candidate 0.586 < current 0.587  ✗ rejected
[staged]   Ph2 robot a  zone 1  (uncovered: 52% of target)
    [parallel] 10 worker threads, one renderer clone each
    init sampling: best coverage score 468.0px of uncovered area  (16 samples)
[staged]   → robot a: candidate 0.537 < current 0.587  ✗ rejected
[staged] Phase 2 done — composite IoU: 0.587

[staged] Best snapshot: Phase 2  IoU=0.587
[staged] Final refinement — all joints  (6 iters, popsize=16, sigma=0.160)
    [parallel] 10 worker threads, one renderer clone each
[staged] Final done — IoU: 0.587  ✓
[staged] FD refinement — 5 Adam steps  (180 renders, lr=0.01, ε=0.02)
    ↑ new global best IoU 0.601  [FD refinement]
[staged] FD done — IoU: 0.601  (Δ=+0.015)  ✓
[staged] Done — final IoU: 0.601  loss: 0.3998
[shard 0] 5/10 letters_upper/W_dejavusans-bold  best=0.601 mean=0.560±0.027  77s  eta 0.1h
[staged] Popsize: per-robot phases=32  final=16  (theory optimum for 6 DOF = 10)

[staged] Hungarian pre-assignment  (3×3 cost matrix, 8 samples/entry = 72 renders)...
[staged]   robot_a → zone 2  robot_b → zone 1  robot_c → zone 0

[staged] Phase 1 — forward greedy  (4 iters × 3 robot(s), sigma=0.40×1.00, popsize=32)
[staged]   Ph1 robot a  zone 2  (uncovered: 15% of target)
    voronoi warm-start: IoU 0.100 → 0.107 ✓
    [parallel] 10 worker threads, one renderer clone each
    init sampling: best coverage score 426.0px of uncovered area  (8 samples)
[staged]   → robot a: IoU 0.100 → 0.278  ✓
    ↑ new global best IoU 0.278  [phase Ph1 robot a]
[staged]   Ph1 robot b  zone 1  (uncovered: 41% of target)
    voronoi warm-start: IoU 0.278 → 0.320 ✓
    [parallel] 10 worker threads, one renderer clone each
    init sampling: best coverage score 523.0px of uncovered area  (8 samples)
[staged]   → robot b: IoU 0.278 → 0.395  ✓
    ↑ new global best IoU 0.395  [phase Ph1 robot b]
[staged]   Ph1 robot c  zone 0  (uncovered: 18% of target)
    voronoi warm-start: IoU 0.395 → 0.408 ✓
    [parallel] 10 worker threads, one renderer clone each
    init sampling: best coverage score 14.0px of uncovered area  (8 samples)
[staged]   → robot c: IoU 0.395 → 0.475  ✓
    ↑ new global best IoU 0.475  [phase Ph1 robot c]
[staged] Phase 1 done — composite IoU: 0.475

[staged] Phase 2 — backward pass  (4 iters × 3 robots, sigma=0.300)
[staged]   contributions before Phase 2:
[staged]     robot a: +0.097 IoU
[staged]     robot b: +0.116 IoU
[staged]     robot c: +0.080 IoU
[staged]   Ph2 robot c  zone 0  (uncovered: 49% of target)
    [parallel] 10 worker threads, one renderer clone each
    init sampling: best coverage score 549.0px of uncovered area  (16 samples)
[staged]   → robot c: IoU 0.475 → 0.516  ✓
    ↑ new global best IoU 0.516  [phase Ph2 robot c]
[staged]   Ph2 robot b  zone 1  (uncovered: 51% of target)
    [parallel] 10 worker threads, one renderer clone each
    init sampling: best coverage score 441.0px of uncovered area  (16 samples)
[staged]   → robot b: candidate 0.478 < current 0.516  ✗ rejected
[staged]   Ph2 robot a  zone 2  (uncovered: 42% of target)
    [parallel] 10 worker threads, one renderer clone each
    init sampling: best coverage score 454.0px of uncovered area  (16 samples)
[staged]   → robot a: IoU 0.516 → 0.536  ✓
    ↑ new global best IoU 0.536  [phase Ph2 robot a]
[staged] Phase 2 done — composite IoU: 0.536

[staged] Best snapshot: Phase 2  IoU=0.536
[staged] Final refinement — all joints  (6 iters, popsize=16, sigma=0.160)
    [parallel] 10 worker threads, one renderer clone each
    ↑ new global best IoU 0.560  [final refinement]
[staged] Final done — IoU: 0.560  ✓
[staged] FD refinement — 5 Adam steps  (180 renders, lr=0.01, ε=0.02)
    ↑ new global best IoU 0.585  [FD refinement]
[staged] FD done — IoU: 0.585  (Δ=+0.024)  ✓
[staged] Done — final IoU: 0.585  loss: 0.4173
[staged] Popsize: per-robot phases=32  final=16  (theory optimum for 6 DOF = 10)

[staged] Hungarian pre-assignment  (3×3 cost matrix, 8 samples/entry = 72 renders)...
[staged]   robot_a → zone 1  robot_b → zone 0  robot_c → zone 2

[staged] Phase 1 — forward greedy  (4 iters × 3 robot(s), sigma=0.40×1.00, popsize=32)
[staged]   Ph1 robot a  zone 1  (uncovered: 20% of target)
    voronoi warm-start: IoU 0.100 → 0.237 ✓
    [parallel] 10 worker threads, one renderer clone each
    init sampling: best coverage score 572.0px of uncovered area  (8 samples)
[staged]   → robot a: IoU 0.100 → 0.338  ✓
    ↑ new global best IoU 0.338  [phase Ph1 robot a]
[staged]   Ph1 robot b  zone 0  (uncovered: 11% of target)
    voronoi warm-start: IoU 0.293 ≤ 0.338, kept current
    [parallel] 10 worker threads, one renderer clone each
    init sampling: best coverage score 20.0px of uncovered area  (16 samples)
[staged]   → robot b: IoU 0.338 → 0.434  ✓
    ↑ new global best IoU 0.434  [phase Ph1 robot b]
[staged]   Ph1 robot c  zone 2  (uncovered: 17% of target)
    voronoi warm-start: IoU 0.424 ≤ 0.434, kept current
    [parallel] 10 worker threads, one renderer clone each
    init sampling: best coverage score 300.0px of uncovered area  (16 samples)
[staged]   → robot c: IoU 0.434 → 0.515  ✓
    ↑ new global best IoU 0.515  [phase Ph1 robot c]
[staged] Phase 1 done — composite IoU: 0.515

[staged] Phase 2 — backward pass  (4 iters × 3 robots, sigma=0.300)
[staged]   contributions before Phase 2:
[staged]     robot a: +0.129 IoU
[staged]     robot b: +0.128 IoU
[staged]     robot c: +0.081 IoU
[staged]   Ph2 robot c  zone 2  (uncovered: 38% of target)
    [parallel] 10 worker threads, one renderer clone each
    init sampling: best coverage score 379.0px of uncovered area  (16 samples)
[staged]   → robot c: candidate 0.510 < current 0.515  ✗ rejected
[staged]   Ph2 robot b  zone 0  (uncovered: 47% of target)
    [parallel] 10 worker threads, one renderer clone each
    init sampling: best coverage score 464.0px of uncovered area  (16 samples)
[staged]   → robot b: candidate 0.511 < current 0.515  ✗ rejected
[staged]   Ph2 robot a  zone 1  (uncovered: 53% of target)
    [parallel] 10 worker threads, one renderer clone each
    init sampling: best coverage score 480.0px of uncovered area  (16 samples)
[staged]   → robot a: IoU 0.515 → 0.602  ✓
    ↑ new global best IoU 0.602  [phase Ph2 robot a]
[staged] Phase 2 done — composite IoU: 0.602

[staged] Best snapshot: Phase 2  IoU=0.602
[staged] Final refinement — all joints  (6 iters, popsize=16, sigma=0.160)
    [parallel] 10 worker threads, one renderer clone each
    ↑ new global best IoU 0.604  [final refinement]
[staged] Final done — IoU: 0.604  ✓
[staged] FD refinement — 5 Adam steps  (180 renders, lr=0.01, ε=0.02)
    ↑ new global best IoU 0.622  [FD refinement]
[staged] FD done — IoU: 0.622  (Δ=+0.018)  ✓
[staged] Done — final IoU: 0.622  loss: 0.3783
[staged] Popsize: per-robot phases=32  final=16  (theory optimum for 6 DOF = 10)

[staged] Hungarian pre-assignment  (3×3 cost matrix, 8 samples/entry = 72 renders)...
[staged]   robot_a → zone 1  robot_b → zone 0  robot_c → zone 2

[staged] Phase 1 — forward greedy  (4 iters × 3 robot(s), sigma=0.40×1.00, popsize=32)
[staged]   Ph1 robot a  zone 1  (uncovered: 20% of target)
    voronoi warm-start: IoU 0.100 → 0.237 ✓
    [parallel] 10 worker threads, one renderer clone each
    init sampling: best coverage score 90.0px of uncovered area  (8 samples)
[staged]   → robot a: IoU 0.100 → 0.395  ✓
    ↑ new global best IoU 0.395  [phase Ph1 robot a]
[staged]   Ph1 robot b  zone 0  (uncovered: 4% of target)
    voronoi warm-start: IoU 0.361 ≤ 0.395, kept current
    [parallel] 10 worker threads, one renderer clone each
    init sampling: best coverage score 33.0px of uncovered area  (16 samples)
[staged]   → robot b: IoU 0.395 → 0.471  ✓
    ↑ new global best IoU 0.471  [phase Ph1 robot b]
[staged]   Ph1 robot c  zone 2  (uncovered: 13% of target)
    voronoi warm-start: IoU 0.464 ≤ 0.471, kept current
    [parallel] 10 worker threads, one renderer clone each
    init sampling: best coverage score 344.0px of uncovered area  (16 samples)
[staged]   → robot c: IoU 0.471 → 0.548  ✓
    ↑ new global best IoU 0.548  [phase Ph1 robot c]
[staged] Phase 1 done — composite IoU: 0.548

[staged] Phase 2 — backward pass  (4 iters × 3 robots, sigma=0.300)
[staged]   contributions before Phase 2:
[staged]     robot a: +0.229 IoU
[staged]     robot b: +0.102 IoU
[staged]     robot c: +0.077 IoU
[staged]   Ph2 robot c  zone 2  (uncovered: 37% of target)
    [parallel] 10 worker threads, one renderer clone each
    init sampling: best coverage score 516.0px of uncovered area  (16 samples)
[staged]   → robot c: IoU 0.548 → 0.559  ✓
    ↑ new global best IoU 0.559  [phase Ph2 robot c]
[staged]   Ph2 robot b  zone 0  (uncovered: 36% of target)
    [parallel] 10 worker threads, one renderer clone each
    init sampling: best coverage score 291.0px of uncovered area  (16 samples)
[staged]   → robot b: candidate 0.553 < current 0.559  ✗ rejected
[staged]   Ph2 robot a  zone 1  (uncovered: 49% of target)
    [parallel] 10 worker threads, one renderer clone each
    init sampling: best coverage score 674.0px of uncovered area  (16 samples)
[staged]   → robot a: candidate 0.482 < current 0.559  ✗ rejected
[staged] Phase 2 done — composite IoU: 0.559

[staged] Best snapshot: Phase 2  IoU=0.559
[staged] Final refinement — all joints  (6 iters, popsize=16, sigma=0.160)
    [parallel] 10 worker threads, one renderer clone each
[staged] Final done — IoU: 0.559  ✓
[staged] FD refinement — 5 Adam steps  (180 renders, lr=0.01, ε=0.02)
    ↑ new global best IoU 0.572  [FD refinement]
[staged] FD done — IoU: 0.572  (Δ=+0.013)  ✓
[staged] Done — final IoU: 0.572  loss: 0.4291
[staged] Popsize: per-robot phases=32  final=16  (theory optimum for 6 DOF = 10)

[staged] Hungarian pre-assignment  (3×3 cost matrix, 8 samples/entry = 72 renders)...
[staged]   robot_a → zone 2  robot_b → zone 1  robot_c → zone 0

[staged] Phase 1 — forward greedy  (4 iters × 3 robot(s), sigma=0.40×1.00, popsize=32)
[staged]   Ph1 robot a  zone 2  (uncovered: 44% of target)
    voronoi warm-start: IoU 0.100 → 0.239 ✓
    [parallel] 10 worker threads, one renderer clone each
    init sampling: best coverage score 806.0px of uncovered area  (8 samples)
[staged]   → robot a: IoU 0.100 → 0.380  ✓
    ↑ new global best IoU 0.380  [phase Ph1 robot a]
[staged]   Ph1 robot b  zone 1  (uncovered: 15% of target)
    voronoi warm-start: IoU 0.371 ≤ 0.380, kept current
    [parallel] 10 worker threads, one renderer clone each
    init sampling: best coverage score 169.0px of uncovered area  (16 samples)
[staged]   → robot b: IoU 0.380 → 0.475  ✓
    ↑ new global best IoU 0.475  [phase Ph1 robot b]
[staged]   Ph1 robot c  zone 0  (uncovered: 6% of target)
    voronoi warm-start: IoU 0.453 ≤ 0.475, kept current
    [parallel] 10 worker threads, one renderer clone each
    init sampling: best coverage score 249.0px of uncovered area  (16 samples)
[staged]   → robot c: IoU 0.475 → 0.553  ✓
    ↑ new global best IoU 0.553  [phase Ph1 robot c]
[staged] Phase 1 done — composite IoU: 0.553

[staged] Phase 2 — backward pass  (4 iters × 3 robots, sigma=0.300)
[staged]   contributions before Phase 2:
[staged]     robot a: +0.256 IoU
[staged]     robot b: +0.064 IoU
[staged]     robot c: +0.078 IoU
[staged]   Ph2 robot c  zone 0  (uncovered: 37% of target)
    [parallel] 10 worker threads, one renderer clone each
    init sampling: best coverage score 251.0px of uncovered area  (16 samples)
[staged]   → robot c: candidate 0.535 < current 0.553  ✗ rejected
[staged]   Ph2 robot b  zone 1  (uncovered: 42% of target)
    [parallel] 10 worker threads, one renderer clone each
    init sampling: best coverage score 416.0px of uncovered area  (16 samples)
[staged]   → robot b: candidate 0.542 < current 0.553  ✗ rejected
[staged]   Ph2 robot a  zone 2  (uncovered: 61% of target)
    [parallel] 10 worker threads, one renderer clone each
    init sampling: best coverage score 1294.0px of uncovered area  (16 samples)
[staged]   → robot a: IoU 0.553 → 0.558  ✓
    ↑ new global best IoU 0.558  [phase Ph2 robot a]
[staged] Phase 2 done — composite IoU: 0.558

[staged] Best snapshot: Phase 2  IoU=0.558
[staged] Final refinement — all joints  (6 iters, popsize=16, sigma=0.160)
    [parallel] 10 worker threads, one renderer clone each
[staged] Final done — IoU: 0.558  ✓
[staged] FD refinement — 5 Adam steps  (180 renders, lr=0.01, ε=0.02)
    ↑ new global best IoU 0.568  [FD refinement]
[staged] FD done — IoU: 0.568  (Δ=+0.010)  ✓
[staged] Done — final IoU: 0.568  loss: 0.4352
[staged] Popsize: per-robot phases=32  final=16  (theory optimum for 6 DOF = 10)

[staged] Hungarian pre-assignment  (3×3 cost matrix, 8 samples/entry = 72 renders)...
[staged]   robot_a → zone 2  robot_b → zone 0  robot_c → zone 1

[staged] Phase 1 — forward greedy  (4 iters × 3 robot(s), sigma=0.40×1.00, popsize=32)
[staged]   Ph1 robot a  zone 2  (uncovered: 31% of target)
    voronoi warm-start: IoU 0.100 → 0.241 ✓
    [parallel] 10 worker threads, one renderer clone each
    init sampling: best coverage score 723.0px of uncovered area  (8 samples)
[staged]   → robot a: IoU 0.100 → 0.466  ✓
    ↑ new global best IoU 0.466  [phase Ph1 robot a]
[staged]   Ph1 robot b  zone 0  (uncovered: 7% of target)
    voronoi warm-start: IoU 0.445 ≤ 0.466, kept current
    [parallel] 10 worker threads, one renderer clone each
    init sampling: best coverage score 150.0px of uncovered area  (16 samples)
[staged]   → robot b: IoU 0.466 → 0.486  ✓
    ↑ new global best IoU 0.486  [phase Ph1 robot b]
[staged]   Ph1 robot c  zone 1  (uncovered: 20% of target)
    voronoi warm-start: IoU 0.467 ≤ 0.486, kept current
    [parallel] 10 worker threads, one renderer clone each
    init sampling: best coverage score 196.0px of uncovered area  (16 samples)
[staged]   → robot c: IoU 0.486 → 0.566  ✓
    ↑ new global best IoU 0.566  [phase Ph1 robot c]
[staged] Phase 1 done — composite IoU: 0.566

[staged] Phase 2 — backward pass  (4 iters × 3 robots, sigma=0.300)
[staged]   contributions before Phase 2:
[staged]     robot a: +0.262 IoU
[staged]     robot b: +0.044 IoU  ← low
[staged]     robot c: +0.079 IoU
[staged]   Ph2 robot c  zone 1  (uncovered: 34% of target)
    [parallel] 10 worker threads, one renderer clone each
    init sampling: best coverage score 208.0px of uncovered area  (16 samples)
[staged]   → robot c: candidate 0.545 < current 0.566  ✗ rejected
[staged]   Ph2 robot b  zone 0  (uncovered: 33% of target)
    [parallel] 10 worker threads, one renderer clone each
    init sampling: best coverage score 253.0px of uncovered area  (16 samples)
[staged]   → robot b: IoU 0.566 → 0.635  ✓
    ↑ new global best IoU 0.635  [phase Ph2 robot b]
[staged]   Ph2 robot a  zone 2  (uncovered: 49% of target)
    [parallel] 10 worker threads, one renderer clone each
    init sampling: best coverage score 846.0px of uncovered area  (16 samples)
[staged]   → robot a: IoU 0.635 → 0.645  ✓
    ↑ new global best IoU 0.645  [phase Ph2 robot a]
[staged] Phase 2 done — composite IoU: 0.645

[staged] Best snapshot: Phase 2  IoU=0.645
[staged] Final refinement — all joints  (6 iters, popsize=16, sigma=0.160)
    [parallel] 10 worker threads, one renderer clone each
[staged] Final done — IoU: 0.645  ✓
[staged] FD refinement — 5 Adam steps  (180 renders, lr=0.01, ε=0.02)
    ↑ new global best IoU 0.663  [FD refinement]
[staged] FD done — IoU: 0.663  (Δ=+0.017)  ✓
[staged] Done — final IoU: 0.663  loss: 0.3382
[shard 0] 6/10 digits/2_dejavusans-bold  best=0.663 mean=0.602±0.036  77s  eta 0.1h
[staged] Popsize: per-robot phases=32  final=16  (theory optimum for 6 DOF = 10)

[staged] Hungarian pre-assignment  (3×3 cost matrix, 8 samples/entry = 72 renders)...
[staged]   robot_a → zone 2  robot_b → zone 1  robot_c → zone 0

[staged] Phase 1 — forward greedy  (4 iters × 3 robot(s), sigma=0.40×1.00, popsize=32)
[staged]   Ph1 robot a  zone 2  (uncovered: 14% of target)
    voronoi warm-start: IoU 0.063 → 0.077 ✓
    [parallel] 10 worker threads, one renderer clone each
    init sampling: best coverage score 348.0px of uncovered area  (8 samples)
[staged]   → robot a: IoU 0.063 → 0.347  ✓
    ↑ new global best IoU 0.347  [phase Ph1 robot a]
[staged]   Ph1 robot b  zone 1  (uncovered: 24% of target)
    voronoi warm-start: IoU 0.347 → 0.424 ✓
    [parallel] 10 worker threads, one renderer clone each
    init sampling: best coverage score 561.0px of uncovered area  (8 samples)
[staged]   → robot b: IoU 0.347 → 0.429  ✓
    ↑ new global best IoU 0.429  [phase Ph1 robot b]
[staged]   Ph1 robot c  zone 0  (uncovered: 20% of target)
    voronoi warm-start: IoU 0.426 ≤ 0.429, kept current
    [parallel] 10 worker threads, one renderer clone each
    init sampling: best coverage score 103.0px of uncovered area  (16 samples)
[staged]   → robot c: IoU 0.429 → 0.507  ✓
    ↑ new global best IoU 0.507  [phase Ph1 robot c]
[staged] Phase 1 done — composite IoU: 0.507

[staged] Phase 2 — backward pass  (4 iters × 3 robots, sigma=0.300)
[staged]   contributions before Phase 2:
[staged]     robot a: +0.224 IoU
[staged]     robot b: +0.079 IoU
[staged]     robot c: +0.078 IoU
[staged]   Ph2 robot c  zone 0  (uncovered: 39% of target)
    [parallel] 10 worker threads, one renderer clone each
    init sampling: best coverage score 393.0px of uncovered area  (16 samples)
[staged]   → robot c: IoU 0.507 → 0.508  ✓
    ↑ new global best IoU 0.508  [phase Ph2 robot c]
[staged]   Ph2 robot b  zone 1  (uncovered: 44% of target)
    [parallel] 10 worker threads, one renderer clone each
    init sampling: best coverage score 485.0px of uncovered area  (16 samples)
[staged]   → robot b: candidate 0.492 < current 0.508  ✗ rejected
[staged]   Ph2 robot a  zone 2  (uncovered: 61% of target)
    [parallel] 10 worker threads, one renderer clone each
    init sampling: best coverage score 348.0px of uncovered area  (16 samples)
[staged]   → robot a: IoU 0.508 → 0.516  ✓
    ↑ new global best IoU 0.516  [phase Ph2 robot a]
[staged] Phase 2 done — composite IoU: 0.516

[staged] Best snapshot: Phase 2  IoU=0.516
[staged] Final refinement — all joints  (6 iters, popsize=16, sigma=0.160)
    [parallel] 10 worker threads, one renderer clone each
    ↑ new global best IoU 0.520  [final refinement]
[staged] Final done — IoU: 0.520  ✓
[staged] FD refinement — 5 Adam steps  (180 renders, lr=0.01, ε=0.02)
    ↑ new global best IoU 0.543  [FD refinement]
[staged] FD done — IoU: 0.543  (Δ=+0.023)  ✓
[staged] Done — final IoU: 0.543  loss: 0.4593
[staged] Popsize: per-robot phases=32  final=16  (theory optimum for 6 DOF = 10)

[staged] Hungarian pre-assignment  (3×3 cost matrix, 8 samples/entry = 72 renders)...
[staged]   robot_a → zone 2  robot_b → zone 0  robot_c → zone 1

[staged] Phase 1 — forward greedy  (4 iters × 3 robot(s), sigma=0.40×1.00, popsize=32)
[staged]   Ph1 robot a  zone 2  (uncovered: 20% of target)
    voronoi warm-start: IoU 0.063 → 0.077 ✓
    [parallel] 10 worker threads, one renderer clone each
    init sampling: best coverage score 241.0px of uncovered area  (8 samples)
[staged]   → robot a: IoU 0.063 → 0.366  ✓
    ↑ new global best IoU 0.366  [phase Ph1 robot a]
[staged]   Ph1 robot b  zone 0  (uncovered: 15% of target)
    voronoi warm-start: IoU 0.366 → 0.439 ✓
    [parallel] 10 worker threads, one renderer clone each
    init sampling: best coverage score 233.0px of uncovered area  (8 samples)
[staged]   → robot b: IoU 0.366 → 0.481  ✓
    ↑ new global best IoU 0.481  [phase Ph1 robot b]
[staged]   Ph1 robot c  zone 1  (uncovered: 15% of target)
    voronoi warm-start: IoU 0.456 ≤ 0.481, kept current
    [parallel] 10 worker threads, one renderer clone each
    init sampling: best coverage score 230.0px of uncovered area  (16 samples)
[staged]   → robot c: IoU 0.481 → 0.561  ✓
    ↑ new global best IoU 0.561  [phase Ph1 robot c]
[staged] Phase 1 done — composite IoU: 0.561

[staged] Phase 2 — backward pass  (4 iters × 3 robots, sigma=0.300)
[staged]   contributions before Phase 2:
[staged]     robot a: +0.203 IoU
[staged]     robot b: +0.099 IoU
[staged]     robot c: +0.080 IoU
[staged]   Ph2 robot c  zone 1  (uncovered: 30% of target)
    [parallel] 10 worker threads, one renderer clone each
    init sampling: best coverage score 272.0px of uncovered area  (16 samples)
[staged]   → robot c: candidate 0.549 < current 0.561  ✗ rejected
[staged]   Ph2 robot b  zone 0  (uncovered: 40% of target)
    [parallel] 10 worker threads, one renderer clone each
    init sampling: best coverage score 745.0px of uncovered area  (16 samples)
[staged]   → robot b: IoU 0.561 → 0.569  ✓
    ↑ new global best IoU 0.569  [phase Ph2 robot b]
[staged]   Ph2 robot a  zone 2  (uncovered: 48% of target)
    [parallel] 10 worker threads, one renderer clone each
    init sampling: best coverage score 329.0px of uncovered area  (16 samples)
[staged]   → robot a: candidate 0.524 < current 0.569  ✗ rejected
[staged] Phase 2 done — composite IoU: 0.569

[staged] Best snapshot: Phase 2  IoU=0.569
[staged] Final refinement — all joints  (6 iters, popsize=16, sigma=0.160)
    [parallel] 10 worker threads, one renderer clone each
    ↑ new global best IoU 0.592  [final refinement]
[staged] Final done — IoU: 0.592  ✓
[staged] FD refinement — 5 Adam steps  (180 renders, lr=0.01, ε=0.02)
    ↑ new global best IoU 0.616  [FD refinement]
[staged] FD done — IoU: 0.616  (Δ=+0.024)  ✓
[staged] Done — final IoU: 0.616  loss: 0.3861
[staged] Popsize: per-robot phases=32  final=16  (theory optimum for 6 DOF = 10)

[staged] Hungarian pre-assignment  (3×3 cost matrix, 8 samples/entry = 72 renders)...
[staged]   robot_a → zone 0  robot_b → zone 2  robot_c → zone 1

[staged] Phase 1 — forward greedy  (4 iters × 3 robot(s), sigma=0.40×1.00, popsize=32)
[staged]   Ph1 robot a  zone 0  (uncovered: 20% of target)
    voronoi warm-start: IoU 0.063 → 0.077 ✓
    [parallel] 10 worker threads, one renderer clone each
    init sampling: best coverage score 260.0px of uncovered area  (8 samples)
[staged]   → robot a: IoU 0.063 → 0.335  ✓
    ↑ new global best IoU 0.335  [phase Ph1 robot a]
[staged]   Ph1 robot b  zone 2  (uncovered: 32% of target)
    voronoi warm-start: IoU 0.335 → 0.398 ✓
    [parallel] 10 worker threads, one renderer clone each
    init sampling: best coverage score 496.0px of uncovered area  (8 samples)
[staged]   → robot b: IoU 0.335 → 0.484  ✓
    ↑ new global best IoU 0.484  [phase Ph1 robot b]
[staged]   Ph1 robot c  zone 1  (uncovered: 9% of target)
    voronoi warm-start: IoU 0.484 → 0.556 ✓
    [parallel] 10 worker threads, one renderer clone each
    init sampling: best coverage score 113.0px of uncovered area  (8 samples)
[staged]   → robot c: IoU 0.484 → 0.570  ✓
    ↑ new global best IoU 0.570  [phase Ph1 robot c]
[staged] Phase 1 done — composite IoU: 0.570

[staged] Phase 2 — backward pass  (4 iters × 3 robots, sigma=0.300)
[staged]   contributions before Phase 2:
[staged]     robot a: +0.144 IoU
[staged]     robot b: +0.162 IoU
[staged]     robot c: +0.086 IoU
[staged]   Ph2 robot c  zone 1  (uncovered: 34% of target)
    [parallel] 10 worker threads, one renderer clone each
    init sampling: best coverage score 487.0px of uncovered area  (16 samples)
[staged]   → robot c: candidate 0.567 < current 0.570  ✗ rejected
[staged]   Ph2 robot b  zone 2  (uncovered: 41% of target)
    [parallel] 10 worker threads, one renderer clone each
    init sampling: best coverage score 544.0px of uncovered area  (16 samples)
[staged]   → robot b: IoU 0.570 → 0.571  ✓
    ↑ new global best IoU 0.571  [phase Ph2 robot b]
[staged]   Ph2 robot a  zone 0  (uncovered: 44% of target)
    [parallel] 10 worker threads, one renderer clone each
    init sampling: best coverage score 657.0px of uncovered area  (16 samples)
[staged]   → robot a: candidate 0.535 < current 0.571  ✗ rejected
[staged] Phase 2 done — composite IoU: 0.571

[staged] Best snapshot: Phase 2  IoU=0.571
[staged] Final refinement — all joints  (6 iters, popsize=16, sigma=0.160)
    [parallel] 10 worker threads, one renderer clone each
    ↑ new global best IoU 0.572  [final refinement]
[staged] Final done — IoU: 0.572  ✓
[staged] FD refinement — 5 Adam steps  (180 renders, lr=0.01, ε=0.02)
    ↑ new global best IoU 0.580  [FD refinement]
[staged] FD done — IoU: 0.580  (Δ=+0.009)  ✓
[staged] Done — final IoU: 0.580  loss: 0.4218
[staged] Popsize: per-robot phases=32  final=16  (theory optimum for 6 DOF = 10)

[staged] Hungarian pre-assignment  (3×3 cost matrix, 8 samples/entry = 72 renders)...
[staged]   robot_a → zone 2  robot_b → zone 0  robot_c → zone 1

[staged] Phase 1 — forward greedy  (4 iters × 3 robot(s), sigma=0.40×1.00, popsize=32)
[staged]   Ph1 robot a  zone 2  (uncovered: 41% of target)
    voronoi warm-start: IoU 0.063 → 0.189 ✓
    [parallel] 10 worker threads, one renderer clone each
    init sampling: best coverage score 740.0px of uncovered area  (8 samples)
[staged]   → robot a: IoU 0.063 → 0.371  ✓
    ↑ new global best IoU 0.371  [phase Ph1 robot a]
[staged]   Ph1 robot b  zone 0  (uncovered: 21% of target)
    voronoi warm-start: IoU 0.365 ≤ 0.371, kept current
    [parallel] 10 worker threads, one renderer clone each
    init sampling: best coverage score 227.0px of uncovered area  (16 samples)
[staged]   → robot b: IoU 0.371 → 0.464  ✓
    ↑ new global best IoU 0.464  [phase Ph1 robot b]
[staged]   Ph1 robot c  zone 1  (uncovered: 7% of target)
    voronoi warm-start: IoU 0.436 ≤ 0.464, kept current
    [parallel] 10 worker threads, one renderer clone each
    init sampling: best coverage score 191.0px of uncovered area  (16 samples)
[staged]   → robot c: IoU 0.464 → 0.510  ✓
    ↑ new global best IoU 0.510  [phase Ph1 robot c]
[staged] Phase 1 done — composite IoU: 0.510

[staged] Phase 2 — backward pass  (4 iters × 3 robots, sigma=0.300)
[staged]   contributions before Phase 2:
[staged]     robot a: +0.255 IoU
[staged]     robot b: +0.115 IoU
[staged]     robot c: +0.045 IoU  ← low
[staged]   Ph2 robot c  zone 1  (uncovered: 36% of target)
    [parallel] 10 worker threads, one renderer clone each
    init sampling: best coverage score 207.0px of uncovered area  (16 samples)
[staged]   → robot c: IoU 0.510 → 0.518  ✓
    ↑ new global best IoU 0.518  [phase Ph2 robot c]
[staged]   Ph2 robot b  zone 0  (uncovered: 44% of target)
    [parallel] 10 worker threads, one renderer clone each
    init sampling: best coverage score 387.0px of uncovered area  (16 samples)
[staged]   → robot b: IoU 0.518 → 0.526  ✓
    ↑ new global best IoU 0.526  [phase Ph2 robot b]
[staged]   Ph2 robot a  zone 2  (uncovered: 61% of target)
    [parallel] 10 worker threads, one renderer clone each
    init sampling: best coverage score 749.0px of uncovered area  (16 samples)
[staged]   → robot a: IoU 0.526 → 0.575  ✓
    ↑ new global best IoU 0.575  [phase Ph2 robot a]
[staged] Phase 2 done — composite IoU: 0.575

[staged] Best snapshot: Phase 2  IoU=0.575
[staged] Final refinement — all joints  (6 iters, popsize=16, sigma=0.160)
    [parallel] 10 worker threads, one renderer clone each
[staged] Final done — IoU: 0.575  ✓
[staged] FD refinement — 5 Adam steps  (180 renders, lr=0.01, ε=0.02)
    ↑ new global best IoU 0.603  [FD refinement]
[staged] FD done — IoU: 0.603  (Δ=+0.029)  ✓
[staged] Done — final IoU: 0.603  loss: 0.3979
[staged] Popsize: per-robot phases=32  final=16  (theory optimum for 6 DOF = 10)

[staged] Hungarian pre-assignment  (3×3 cost matrix, 8 samples/entry = 72 renders)...
[staged]   robot_a → zone 0  robot_b → zone 2  robot_c → zone 1

[staged] Phase 1 — forward greedy  (4 iters × 3 robot(s), sigma=0.40×1.00, popsize=32)
[staged]   Ph1 robot a  zone 0  (uncovered: 32% of target)
    voronoi warm-start: IoU 0.063 → 0.188 ✓
    [parallel] 10 worker threads, one renderer clone each
    init sampling: best coverage score 144.0px of uncovered area  (8 samples)
[staged]   → robot a: IoU 0.063 → 0.378  ✓
    ↑ new global best IoU 0.378  [phase Ph1 robot a]
[staged]   Ph1 robot b  zone 2  (uncovered: 15% of target)
    voronoi warm-start: IoU 0.339 ≤ 0.378, kept current
    [parallel] 10 worker threads, one renderer clone each
    init sampling: best coverage score 232.0px of uncovered area  (16 samples)
[staged]   → robot b: IoU 0.378 → 0.446  ✓
    ↑ new global best IoU 0.446  [phase Ph1 robot b]
[staged]   Ph1 robot c  zone 1  (uncovered: 7% of target)
    voronoi warm-start: IoU 0.421 ≤ 0.446, kept current
    [parallel] 10 worker threads, one renderer clone each
    init sampling: best coverage score 111.0px of uncovered area  (16 samples)
[staged]   → robot c: IoU 0.446 → 0.486  ✓
    ↑ new global best IoU 0.486  [phase Ph1 robot c]
[staged] Phase 1 done — composite IoU: 0.486

[staged] Phase 2 — backward pass  (4 iters × 3 robots, sigma=0.300)
[staged]   contributions before Phase 2:
[staged]     robot a: +0.203 IoU
[staged]     robot b: +0.069 IoU
[staged]     robot c: +0.040 IoU  ← low
[staged]   Ph2 robot c  zone 1  (uncovered: 36% of target)
    [parallel] 10 worker threads, one renderer clone each
    init sampling: best coverage score 390.0px of uncovered area  (16 samples)
[staged]   → robot c: IoU 0.486 → 0.539  ✓
    ↑ new global best IoU 0.539  [phase Ph2 robot c]
[staged]   Ph2 robot b  zone 2  (uncovered: 41% of target)
    [parallel] 10 worker threads, one renderer clone each
    init sampling: best coverage score 560.0px of uncovered area  (16 samples)
[staged]   → robot b: IoU 0.539 → 0.564  ✓
    ↑ new global best IoU 0.564  [phase Ph2 robot b]
[staged]   Ph2 robot a  zone 0  (uncovered: 44% of target)
    [parallel] 10 worker threads, one renderer clone each
    init sampling: best coverage score 656.0px of uncovered area  (16 samples)
[staged]   → robot a: candidate 0.546 < current 0.564  ✗ rejected
[staged] Phase 2 done — composite IoU: 0.564

[staged] Best snapshot: Phase 2  IoU=0.564
[staged] Final refinement — all joints  (6 iters, popsize=16, sigma=0.160)
    [parallel] 10 worker threads, one renderer clone each
    ↑ new global best IoU 0.596  [final refinement]
[staged] Final done — IoU: 0.596  ✓
[staged] FD refinement — 5 Adam steps  (180 renders, lr=0.01, ε=0.02)
    ↑ new global best IoU 0.610  [FD refinement]
[staged] FD done — IoU: 0.610  (Δ=+0.014)  ✓
[staged] Done — final IoU: 0.610  loss: 0.3917
[shard 0] 7/10 digits/3_dejavusans-bold  best=0.616 mean=0.590±0.027  76s  eta 0.1h
[staged] Popsize: per-robot phases=32  final=16  (theory optimum for 6 DOF = 10)

[staged] Hungarian pre-assignment  (3×3 cost matrix, 8 samples/entry = 72 renders)...
[staged]   robot_a → zone 0  robot_b → zone 1  robot_c → zone 2

[staged] Phase 1 — forward greedy  (4 iters × 3 robot(s), sigma=0.40×1.00, popsize=32)
[staged]   Ph1 robot a  zone 0  (uncovered: 36% of target)
    voronoi warm-start: IoU 0.105 → 0.157 ✓
    [parallel] 10 worker threads, one renderer clone each
    init sampling: best coverage score 591.0px of uncovered area  (8 samples)
[staged]   → robot a: IoU 0.105 → 0.452  ✓
    ↑ new global best IoU 0.452  [phase Ph1 robot a]
[staged]   Ph1 robot b  zone 1  (uncovered: 15% of target)
    voronoi warm-start: IoU 0.444 ≤ 0.452, kept current
    [parallel] 10 worker threads, one renderer clone each
    init sampling: best coverage score 335.0px of uncovered area  (16 samples)
[staged]   → robot b: IoU 0.452 → 0.536  ✓
    ↑ new global best IoU 0.536  [phase Ph1 robot b]
[staged]   Ph1 robot c  zone 2  (uncovered: 8% of target)
    voronoi warm-start: IoU 0.536 → 0.545 ✓
    [parallel] 10 worker threads, one renderer clone each
    init sampling: best coverage score 270.0px of uncovered area  (8 samples)
[staged]   → robot c: IoU 0.536 → 0.590  ✓
    ↑ new global best IoU 0.590  [phase Ph1 robot c]
[staged] Phase 1 done — composite IoU: 0.590

[staged] Phase 2 — backward pass  (4 iters × 3 robots, sigma=0.300)
[staged]   contributions before Phase 2:
[staged]     robot a: +0.335 IoU
[staged]     robot b: +0.074 IoU
[staged]     robot c: +0.054 IoU
[staged]   Ph2 robot c  zone 2  (uncovered: 33% of target)
    [parallel] 10 worker threads, one renderer clone each
    init sampling: best coverage score 292.0px of uncovered area  (16 samples)
[staged]   → robot c: IoU 0.590 → 0.611  ✓
    ↑ new global best IoU 0.611  [phase Ph2 robot c]
[staged]   Ph2 robot b  zone 1  (uncovered: 37% of target)
    [parallel] 10 worker threads, one renderer clone each
    init sampling: best coverage score 562.0px of uncovered area  (16 samples)
[staged]   → robot b: candidate 0.598 < current 0.611  ✗ rejected
[staged]   Ph2 robot a  zone 0  (uncovered: 67% of target)
    [parallel] 10 worker threads, one renderer clone each
    init sampling: best coverage score 626.0px of uncovered area  (16 samples)
[staged]   → robot a: candidate 0.354 < current 0.611  ✗ rejected
[staged] Phase 2 done — composite IoU: 0.611

[staged] Best snapshot: Phase 2  IoU=0.611
[staged] Final refinement — all joints  (6 iters, popsize=16, sigma=0.160)
    [parallel] 10 worker threads, one renderer clone each
[staged] Final done — IoU: 0.611  ✓
[staged] FD refinement — 5 Adam steps  (180 renders, lr=0.01, ε=0.02)
    ↑ new global best IoU 0.626  [FD refinement]
[staged] FD done — IoU: 0.626  (Δ=+0.015)  ✓
[staged] Done — final IoU: 0.626  loss: 0.3758
[staged] Popsize: per-robot phases=32  final=16  (theory optimum for 6 DOF = 10)

[staged] Hungarian pre-assignment  (3×3 cost matrix, 8 samples/entry = 72 renders)...
[staged]   robot_a → zone 2  robot_b → zone 1  robot_c → zone 0

[staged] Phase 1 — forward greedy  (4 iters × 3 robot(s), sigma=0.40×1.00, popsize=32)
[staged]   Ph1 robot a  zone 2  (uncovered: 36% of target)
    voronoi warm-start: IoU 0.105 → 0.157 ✓
    [parallel] 10 worker threads, one renderer clone each
    init sampling: best coverage score 67.0px of uncovered area  (8 samples)
[staged]   → robot a: IoU 0.105 → 0.442  ✓
    ↑ new global best IoU 0.442  [phase Ph1 robot a]
[staged]   Ph1 robot b  zone 1  (uncovered: 15% of target)
    voronoi warm-start: IoU 0.430 ≤ 0.442, kept current
    [parallel] 10 worker threads, one renderer clone each
    init sampling: best coverage score 356.0px of uncovered area  (16 samples)
[staged]   → robot b: IoU 0.442 → 0.532  ✓
    ↑ new global best IoU 0.532  [phase Ph1 robot b]
[staged]   Ph1 robot c  zone 0  (uncovered: 11% of target)
    voronoi warm-start: IoU 0.532 → 0.553 ✓
    [parallel] 10 worker threads, one renderer clone each
    init sampling: best coverage score 306.0px of uncovered area  (8 samples)
[staged]   → robot c: IoU 0.532 → 0.565  ✓
    ↑ new global best IoU 0.565  [phase Ph1 robot c]
[staged] Phase 1 done — composite IoU: 0.565

[staged] Phase 2 — backward pass  (4 iters × 3 robots, sigma=0.300)
[staged]   contributions before Phase 2:
[staged]     robot a: +0.288 IoU
[staged]     robot b: +0.117 IoU
[staged]     robot c: +0.033 IoU  ← low
[staged]   Ph2 robot c  zone 0  (uncovered: 33% of target)
    [parallel] 10 worker threads, one renderer clone each
    init sampling: best coverage score 316.0px of uncovered area  (16 samples)
[staged]   → robot c: IoU 0.565 → 0.600  ✓
    ↑ new global best IoU 0.600  [phase Ph2 robot c]
[staged]   Ph2 robot b  zone 1  (uncovered: 40% of target)
    [parallel] 10 worker threads, one renderer clone each
    init sampling: best coverage score 703.0px of uncovered area  (16 samples)
[staged]   → robot b: candidate 0.578 < current 0.600  ✗ rejected
[staged]   Ph2 robot a  zone 2  (uncovered: 59% of target)
    [parallel] 10 worker threads, one renderer clone each
    init sampling: best coverage score 608.0px of uncovered area  (16 samples)
[staged]   → robot a: candidate 0.583 < current 0.600  ✗ rejected
[staged] Phase 2 done — composite IoU: 0.600

[staged] Best snapshot: Phase 2  IoU=0.600
[staged] Final refinement — all joints  (6 iters, popsize=16, sigma=0.160)
    [parallel] 10 worker threads, one renderer clone each
    ↑ new global best IoU 0.634  [final refinement]
[staged] Final done — IoU: 0.634  ✓
[staged] FD refinement — 5 Adam steps  (180 renders, lr=0.01, ε=0.02)
    ↑ new global best IoU 0.653  [FD refinement]
[staged] FD done — IoU: 0.653  (Δ=+0.020)  ✓
[staged] Done — final IoU: 0.653  loss: 0.3481
[staged] Popsize: per-robot phases=32  final=16  (theory optimum for 6 DOF = 10)

[staged] Hungarian pre-assignment  (3×3 cost matrix, 8 samples/entry = 72 renders)...
[staged]   robot_a → zone 1  robot_b → zone 2  robot_c → zone 0

[staged] Phase 1 — forward greedy  (4 iters × 3 robot(s), sigma=0.40×1.00, popsize=32)
[staged]   Ph1 robot a  zone 1  (uncovered: 37% of target)
    voronoi warm-start: IoU 0.105 → 0.182 ✓
    [parallel] 10 worker threads, one renderer clone each
    init sampling: best coverage score 390.0px of uncovered area  (8 samples)
[staged]   → robot a: IoU 0.105 → 0.403  ✓
    ↑ new global best IoU 0.403  [phase Ph1 robot a]
[staged]   Ph1 robot b  zone 2  (uncovered: 17% of target)
    voronoi warm-start: IoU 0.403 → 0.406 ✓
    [parallel] 10 worker threads, one renderer clone each
    init sampling: best coverage score 346.0px of uncovered area  (8 samples)
[staged]   → robot b: IoU 0.403 → 0.518  ✓
    ↑ new global best IoU 0.518  [phase Ph1 robot b]
[staged]   Ph1 robot c  zone 0  (uncovered: 13% of target)
    voronoi warm-start: IoU 0.518 → 0.523 ✓
    [parallel] 10 worker threads, one renderer clone each
    init sampling: best coverage score 71.0px of uncovered area  (8 samples)
[staged]   → robot c: IoU 0.518 → 0.537  ✓
    ↑ new global best IoU 0.537  [phase Ph1 robot c]
[staged] Phase 1 done — composite IoU: 0.537

[staged] Phase 2 — backward pass  (4 iters × 3 robots, sigma=0.300)
[staged]   contributions before Phase 2:
[staged]     robot a: +0.176 IoU
[staged]     robot b: +0.101 IoU
[staged]     robot c: +0.019 IoU  ← low
[staged]   Ph2 robot c  zone 0  (uncovered: 36% of target)
    [parallel] 10 worker threads, one renderer clone each
    init sampling: best coverage score 299.0px of uncovered area  (16 samples)
[staged]   → robot c: IoU 0.537 → 0.552  ✓
    ↑ new global best IoU 0.552  [phase Ph2 robot c]
[staged]   Ph2 robot b  zone 2  (uncovered: 48% of target)
    [parallel] 10 worker threads, one renderer clone each
    init sampling: best coverage score 606.0px of uncovered area  (16 samples)
[staged]   → robot b: candidate 0.520 < current 0.552  ✗ rejected
[staged]   Ph2 robot a  zone 1  (uncovered: 65% of target)
    [parallel] 10 worker threads, one renderer clone each
    init sampling: best coverage score 1083.0px of uncovered area  (16 samples)
[staged]   → robot a: candidate 0.537 < current 0.552  ✗ rejected
[staged] Phase 2 done — composite IoU: 0.552

[staged] Best snapshot: Phase 2  IoU=0.552
[staged] Final refinement — all joints  (6 iters, popsize=16, sigma=0.160)
    [parallel] 10 worker threads, one renderer clone each
    ↑ new global best IoU 0.588  [final refinement]
[staged] Final done — IoU: 0.588  ✓
[staged] FD refinement — 5 Adam steps  (180 renders, lr=0.01, ε=0.02)
    ↑ new global best IoU 0.613  [FD refinement]
[staged] FD done — IoU: 0.613  (Δ=+0.025)  ✓
[staged] Done — final IoU: 0.613  loss: 0.3889
[staged] Popsize: per-robot phases=32  final=16  (theory optimum for 6 DOF = 10)

[staged] Hungarian pre-assignment  (3×3 cost matrix, 8 samples/entry = 72 renders)...
[staged]   robot_a → zone 0  robot_b → zone 1  robot_c → zone 2

[staged] Phase 1 — forward greedy  (4 iters × 3 robot(s), sigma=0.40×1.00, popsize=32)
[staged]   Ph1 robot a  zone 0  (uncovered: 37% of target)
    voronoi warm-start: IoU 0.105 → 0.182 ✓
    [parallel] 10 worker threads, one renderer clone each
    init sampling: best coverage score 956.0px of uncovered area  (8 samples)
[staged]   → robot a: IoU 0.105 → 0.421  ✓
    ↑ new global best IoU 0.421  [phase Ph1 robot a]
[staged]   Ph1 robot b  zone 1  (uncovered: 17% of target)
    voronoi warm-start: IoU 0.419 ≤ 0.421, kept current
    [parallel] 10 worker threads, one renderer clone each
    init sampling: best coverage score 266.0px of uncovered area  (16 samples)
[staged]   → robot b: IoU 0.421 → 0.500  ✓
    ↑ new global best IoU 0.500  [phase Ph1 robot b]
[staged]   Ph1 robot c  zone 2  (uncovered: 15% of target)
    voronoi warm-start: IoU 0.500 → 0.524 ✓
    [parallel] 10 worker threads, one renderer clone each
    init sampling: best coverage score 297.0px of uncovered area  (8 samples)
[staged]   → robot c: IoU 0.500 → 0.572  ✓
    ↑ new global best IoU 0.572  [phase Ph1 robot c]
[staged] Phase 1 done — composite IoU: 0.572

[staged] Phase 2 — backward pass  (4 iters × 3 robots, sigma=0.300)
[staged]   contributions before Phase 2:
[staged]     robot a: +0.273 IoU
[staged]     robot b: +0.074 IoU
[staged]     robot c: +0.072 IoU
[staged]   Ph2 robot c  zone 2  (uncovered: 37% of target)
    [parallel] 10 worker threads, one renderer clone each
    init sampling: best coverage score 344.0px of uncovered area  (16 samples)
[staged]   → robot c: candidate 0.537 < current 0.572  ✗ rejected
[staged]   Ph2 robot b  zone 1  (uncovered: 41% of target)
    [parallel] 10 worker threads, one renderer clone each
    init sampling: best coverage score 527.0px of uncovered area  (16 samples)
[staged]   → robot b: IoU 0.572 → 0.611  ✓
    ↑ new global best IoU 0.611  [phase Ph2 robot b]
[staged]   Ph2 robot a  zone 0  (uncovered: 61% of target)
    [parallel] 10 worker threads, one renderer clone each
    init sampling: best coverage score 1148.0px of uncovered area  (16 samples)
[staged]   → robot a: candidate 0.589 < current 0.611  ✗ rejected
[staged] Phase 2 done — composite IoU: 0.611

[staged] Best snapshot: Phase 2  IoU=0.611
[staged] Final refinement — all joints  (6 iters, popsize=16, sigma=0.160)
    [parallel] 10 worker threads, one renderer clone each
    ↑ new global best IoU 0.618  [final refinement]
[staged] Final done — IoU: 0.618  ✓
[staged] FD refinement — 5 Adam steps  (180 renders, lr=0.01, ε=0.02)
    ↑ new global best IoU 0.631  [FD refinement]
[staged] FD done — IoU: 0.631  (Δ=+0.014)  ✓
[staged] Done — final IoU: 0.631  loss: 0.3700
[staged] Popsize: per-robot phases=32  final=16  (theory optimum for 6 DOF = 10)

[staged] Hungarian pre-assignment  (3×3 cost matrix, 8 samples/entry = 72 renders)...
[staged]   robot_a → zone 1  robot_b → zone 2  robot_c → zone 0

[staged] Phase 1 — forward greedy  (4 iters × 3 robot(s), sigma=0.40×1.00, popsize=32)
[staged]   Ph1 robot a  zone 1  (uncovered: 36% of target)
    voronoi warm-start: IoU 0.105 → 0.157 ✓
    [parallel] 10 worker threads, one renderer clone each
    init sampling: best coverage score 1127.0px of uncovered area  (8 samples)
[staged]   → robot a: IoU 0.105 → 0.478  ✓
    ↑ new global best IoU 0.478  [phase Ph1 robot a]
[staged]   Ph1 robot b  zone 2  (uncovered: 16% of target)
    voronoi warm-start: IoU 0.474 ≤ 0.478, kept current
    [parallel] 10 worker threads, one renderer clone each
    init sampling: best coverage score 410.0px of uncovered area  (16 samples)
[staged]   → robot b: IoU 0.478 → 0.547  ✓
    ↑ new global best IoU 0.547  [phase Ph1 robot b]
[staged]   Ph1 robot c  zone 0  (uncovered: 11% of target)
    voronoi warm-start: IoU 0.502 ≤ 0.547, kept current
    [parallel] 10 worker threads, one renderer clone each
    init sampling: best coverage score 160.0px of uncovered area  (16 samples)
[staged]   → robot c: IoU 0.547 → 0.586  ✓
    ↑ new global best IoU 0.586  [phase Ph1 robot c]
[staged] Phase 1 done — composite IoU: 0.586

[staged] Phase 2 — backward pass  (4 iters × 3 robots, sigma=0.300)
[staged]   contributions before Phase 2:
[staged]     robot a: +0.356 IoU
[staged]     robot b: +0.052 IoU
[staged]     robot c: +0.039 IoU  ← low
[staged]   Ph2 robot c  zone 0  (uncovered: 33% of target)
    [parallel] 10 worker threads, one renderer clone each
    init sampling: best coverage score 226.0px of uncovered area  (16 samples)
[staged]   → robot c: candidate 0.584 < current 0.586  ✗ rejected
[staged]   Ph2 robot b  zone 2  (uncovered: 36% of target)
    [parallel] 10 worker threads, one renderer clone each
    init sampling: best coverage score 331.0px of uncovered area  (16 samples)
[staged]   → robot b: candidate 0.557 < current 0.586  ✗ rejected
[staged]   Ph2 robot a  zone 1  (uncovered: 72% of target)
    [parallel] 10 worker threads, one renderer clone each
    init sampling: best coverage score 1582.0px of uncovered area  (16 samples)
[staged]   → robot a: candidate 0.535 < current 0.586  ✗ rejected
[staged] Phase 2 done — composite IoU: 0.586

[staged] Best snapshot: Phase 1  IoU=0.586
[staged] Final refinement — all joints  (6 iters, popsize=16, sigma=0.160)
    [parallel] 10 worker threads, one renderer clone each
[staged] Final done — IoU: 0.586  ✓
[staged] FD refinement — 5 Adam steps  (180 renders, lr=0.01, ε=0.02)
    ↑ new global best IoU 0.593  [FD refinement]
[staged] FD done — IoU: 0.593  (Δ=+0.007)  ✓
[staged] Done — final IoU: 0.593  loss: 0.4083
[shard 0] 8/10 digits/4_dejavusans-bold  best=0.653 mean=0.623±0.020  76s  eta 0.0h
[staged] Popsize: per-robot phases=32  final=16  (theory optimum for 6 DOF = 10)

[staged] Hungarian pre-assignment  (3×3 cost matrix, 8 samples/entry = 72 renders)...
[staged]   robot_a → zone 1  robot_b → zone 0  robot_c → zone 2

[staged] Phase 1 — forward greedy  (4 iters × 3 robot(s), sigma=0.40×1.00, popsize=32)
[staged]   Ph1 robot a  zone 1  (uncovered: 22% of target)
    voronoi warm-start: IoU 0.038 → 0.233 ✓
    [parallel] 10 worker threads, one renderer clone each
    init sampling: best coverage score 471.0px of uncovered area  (8 samples)
[staged]   → robot a: IoU 0.038 → 0.386  ✓
    ↑ new global best IoU 0.386  [phase Ph1 robot a]
[staged]   Ph1 robot b  zone 0  (uncovered: 18% of target)
    voronoi warm-start: IoU 0.386 → 0.454 ✓
    [parallel] 10 worker threads, one renderer clone each
    init sampling: best coverage score 7.0px of uncovered area  (8 samples)
[staged]   → robot b: IoU 0.386 → 0.487  ✓
    ↑ new global best IoU 0.487  [phase Ph1 robot b]
[staged]   Ph1 robot c  zone 2  (uncovered: 5% of target)
    voronoi warm-start: IoU 0.471 ≤ 0.487, kept current
    [parallel] 10 worker threads, one renderer clone each
    init sampling: best coverage score 65.0px of uncovered area  (16 samples)
[staged]   → robot c: IoU 0.487 → 0.644  ✓
    ↑ new global best IoU 0.644  [phase Ph1 robot c]
[staged] Phase 1 done — composite IoU: 0.644

[staged] Phase 2 — backward pass  (4 iters × 3 robots, sigma=0.300)
[staged]   contributions before Phase 2:
[staged]     robot a: +0.192 IoU
[staged]     robot b: +0.125 IoU
[staged]     robot c: +0.157 IoU
[staged]   Ph2 robot c  zone 2  (uncovered: 31% of target)
    [parallel] 10 worker threads, one renderer clone each
    init sampling: best coverage score 296.0px of uncovered area  (16 samples)
[staged]   → robot c: candidate 0.598 < current 0.644  ✗ rejected
[staged]   Ph2 robot b  zone 0  (uncovered: 31% of target)
    [parallel] 10 worker threads, one renderer clone each
    init sampling: best coverage score 427.0px of uncovered area  (16 samples)
[staged]   → robot b: IoU 0.644 → 0.689  ✓
    ↑ new global best IoU 0.689  [phase Ph2 robot b]
[staged]   Ph2 robot a  zone 1  (uncovered: 31% of target)
    [parallel] 10 worker threads, one renderer clone each
    init sampling: best coverage score 301.0px of uncovered area  (16 samples)
[staged]   → robot a: candidate 0.679 < current 0.689  ✗ rejected
[staged] Phase 2 done — composite IoU: 0.689

[staged] Best snapshot: Phase 2  IoU=0.689
[staged] Final refinement — all joints  (6 iters, popsize=16, sigma=0.160)
    [parallel] 10 worker threads, one renderer clone each
[staged] Final done — IoU: 0.689  ✓
[staged] FD refinement — 5 Adam steps  (180 renders, lr=0.01, ε=0.02)
    ↑ new global best IoU 0.706  [FD refinement]
[staged] FD done — IoU: 0.706  (Δ=+0.017)  ✓
[staged] Done — final IoU: 0.706  loss: 0.2950
[staged] Popsize: per-robot phases=32  final=16  (theory optimum for 6 DOF = 10)

[staged] Hungarian pre-assignment  (3×3 cost matrix, 8 samples/entry = 72 renders)...
[staged]   robot_a → zone 2  robot_b → zone 1  robot_c → zone 0

[staged] Phase 1 — forward greedy  (4 iters × 3 robot(s), sigma=0.40×1.00, popsize=32)
[staged]   Ph1 robot a  zone 2  (uncovered: 32% of target)
    voronoi warm-start: IoU 0.038 → 0.179 ✓
    [parallel] 10 worker threads, one renderer clone each
    init sampling: best coverage score 485.0px of uncovered area  (8 samples)
[staged]   → robot a: IoU 0.038 → 0.435  ✓
    ↑ new global best IoU 0.435  [phase Ph1 robot a]
[staged]   Ph1 robot b  zone 1  (uncovered: 14% of target)
    voronoi warm-start: IoU 0.435 → 0.486 ✓
    [parallel] 10 worker threads, one renderer clone each
    init sampling: best coverage score 0.0px of uncovered area  (8 samples)
[staged]   → robot b: IoU 0.435 → 0.519  ✓
    ↑ new global best IoU 0.519  [phase Ph1 robot b]
[staged]   Ph1 robot c  zone 0  (uncovered: 10% of target)
    voronoi warm-start: IoU 0.482 ≤ 0.519, kept current
    [parallel] 10 worker threads, one renderer clone each
    init sampling: best coverage score 142.0px of uncovered area  (16 samples)
[staged]   → robot c: IoU 0.519 → 0.618  ✓
    ↑ new global best IoU 0.618  [phase Ph1 robot c]
[staged] Phase 1 done — composite IoU: 0.618

[staged] Phase 2 — backward pass  (4 iters × 3 robots, sigma=0.300)
[staged]   contributions before Phase 2:
[staged]     robot a: +0.203 IoU
[staged]     robot b: +0.115 IoU
[staged]     robot c: +0.099 IoU
[staged]   Ph2 robot c  zone 0  (uncovered: 26% of target)
    [parallel] 10 worker threads, one renderer clone each
    init sampling: best coverage score 151.0px of uncovered area  (16 samples)
[staged]   → robot c: candidate 0.601 < current 0.618  ✗ rejected
[staged]   Ph2 robot b  zone 1  (uncovered: 31% of target)
    [parallel] 10 worker threads, one renderer clone each
    init sampling: best coverage score 506.0px of uncovered area  (16 samples)
[staged]   → robot b: IoU 0.618 → 0.624  ✓
    ↑ new global best IoU 0.624  [phase Ph2 robot b]
[staged]   Ph2 robot a  zone 2  (uncovered: 37% of target)
    [parallel] 10 worker threads, one renderer clone each
    init sampling: best coverage score 447.0px of uncovered area  (16 samples)
[staged]   → robot a: candidate 0.583 < current 0.624  ✗ rejected
[staged] Phase 2 done — composite IoU: 0.624

[staged] Best snapshot: Phase 2  IoU=0.624
[staged] Final refinement — all joints  (6 iters, popsize=16, sigma=0.160)
    [parallel] 10 worker threads, one renderer clone each
    ↑ new global best IoU 0.646  [final refinement]
[staged] Final done — IoU: 0.646  ✓
[staged] FD refinement — 5 Adam steps  (180 renders, lr=0.01, ε=0.02)
    ↑ new global best IoU 0.665  [FD refinement]
[staged] FD done — IoU: 0.665  (Δ=+0.020)  ✓
[staged] Done — final IoU: 0.665  loss: 0.3353
[staged] Popsize: per-robot phases=32  final=16  (theory optimum for 6 DOF = 10)

[staged] Hungarian pre-assignment  (3×3 cost matrix, 8 samples/entry = 72 renders)...
[staged]   robot_a → zone 1  robot_b → zone 2  robot_c → zone 0

[staged] Phase 1 — forward greedy  (4 iters × 3 robot(s), sigma=0.40×1.00, popsize=32)
[staged]   Ph1 robot a  zone 1  (uncovered: 22% of target)
    voronoi warm-start: IoU 0.038 → 0.233 ✓
    [parallel] 10 worker threads, one renderer clone each
    init sampling: best coverage score 41.0px of uncovered area  (8 samples)
[staged]   → robot a: IoU 0.038 → 0.448  ✓
    ↑ new global best IoU 0.448  [phase Ph1 robot a]
[staged]   Ph1 robot b  zone 2  (uncovered: 6% of target)
    voronoi warm-start: IoU 0.448 → 0.499 ✓
    [parallel] 10 worker threads, one renderer clone each
    init sampling: best coverage score 116.0px of uncovered area  (8 samples)
[staged]   → robot b: IoU 0.448 → 0.553  ✓
    ↑ new global best IoU 0.553  [phase Ph1 robot b]
[staged]   Ph1 robot c  zone 0  (uncovered: 2% of target)
    voronoi warm-start: IoU 0.515 ≤ 0.553, kept current
    [parallel] 10 worker threads, one renderer clone each
    init sampling: best coverage score 44.0px of uncovered area  (16 samples)
[staged]   → robot c: IoU 0.553 → 0.601  ✓
    ↑ new global best IoU 0.601  [phase Ph1 robot c]
[staged] Phase 1 done — composite IoU: 0.601

[staged] Phase 2 — backward pass  (4 iters × 3 robots, sigma=0.300)
[staged]   contributions before Phase 2:
[staged]     robot a: +0.252 IoU
[staged]     robot b: +0.123 IoU
[staged]     robot c: +0.048 IoU  ← low
[staged]   Ph2 robot c  zone 0  (uncovered: 16% of target)
    [parallel] 10 worker threads, one renderer clone each
    init sampling: best coverage score 250.0px of uncovered area  (16 samples)
[staged]   → robot c: IoU 0.601 → 0.632  ✓
    ↑ new global best IoU 0.632  [phase Ph2 robot c]
[staged]   Ph2 robot b  zone 2  (uncovered: 23% of target)
    [parallel] 10 worker threads, one renderer clone each
    init sampling: best coverage score 364.0px of uncovered area  (16 samples)
[staged]   → robot b: candidate 0.607 < current 0.632  ✗ rejected
[staged]   Ph2 robot a  zone 1  (uncovered: 45% of target)
    [parallel] 10 worker threads, one renderer clone each
    init sampling: best coverage score 695.0px of uncovered area  (16 samples)
[staged]   → robot a: IoU 0.632 → 0.634  ✓
    ↑ new global best IoU 0.634  [phase Ph2 robot a]
[staged] Phase 2 done — composite IoU: 0.634

[staged] Best snapshot: Phase 2  IoU=0.634
[staged] Final refinement — all joints  (6 iters, popsize=16, sigma=0.160)
    [parallel] 10 worker threads, one renderer clone each
[staged] Final done — IoU: 0.634  ✓
[staged] FD refinement — 5 Adam steps  (180 renders, lr=0.01, ε=0.02)
    ↑ new global best IoU 0.675  [FD refinement]
[staged] FD done — IoU: 0.675  (Δ=+0.041)  ✓
[staged] Done — final IoU: 0.675  loss: 0.3270
[staged] Popsize: per-robot phases=32  final=16  (theory optimum for 6 DOF = 10)

[staged] Hungarian pre-assignment  (3×3 cost matrix, 8 samples/entry = 72 renders)...
[staged]   robot_a → zone 0  robot_b → zone 2  robot_c → zone 1

[staged] Phase 1 — forward greedy  (4 iters × 3 robot(s), sigma=0.40×1.00, popsize=32)
[staged]   Ph1 robot a  zone 0  (uncovered: 42% of target)
    voronoi warm-start: IoU 0.038 → 0.239 ✓
    [parallel] 10 worker threads, one renderer clone each
    init sampling: best coverage score 923.0px of uncovered area  (8 samples)
[staged]   → robot a: IoU 0.038 → 0.380  ✓
    ↑ new global best IoU 0.380  [phase Ph1 robot a]
[staged]   Ph1 robot b  zone 2  (uncovered: 19% of target)
    voronoi warm-start: IoU 0.380 → 0.491 ✓
    [parallel] 10 worker threads, one renderer clone each
    init sampling: best coverage score 65.0px of uncovered area  (8 samples)
[staged]   → robot b: IoU 0.380 → 0.536  ✓
    ↑ new global best IoU 0.536  [phase Ph1 robot b]
[staged]   Ph1 robot c  zone 1  (uncovered: 3% of target)
    voronoi warm-start: IoU 0.497 ≤ 0.536, kept current
    [parallel] 10 worker threads, one renderer clone each
    init sampling: best coverage score 89.0px of uncovered area  (16 samples)
[staged]   → robot c: IoU 0.536 → 0.607  ✓
    ↑ new global best IoU 0.607  [phase Ph1 robot c]
[staged] Phase 1 done — composite IoU: 0.607

[staged] Phase 2 — backward pass  (4 iters × 3 robots, sigma=0.300)
[staged]   contributions before Phase 2:
[staged]     robot a: +0.283 IoU
[staged]     robot b: +0.111 IoU
[staged]     robot c: +0.071 IoU
[staged]   Ph2 robot c  zone 1  (uncovered: 23% of target)
    [parallel] 10 worker threads, one renderer clone each
    init sampling: best coverage score 129.0px of uncovered area  (16 samples)
[staged]   → robot c: candidate 0.597 < current 0.607  ✗ rejected
[staged]   Ph2 robot b  zone 2  (uncovered: 34% of target)
    [parallel] 10 worker threads, one renderer clone each
    init sampling: best coverage score 371.0px of uncovered area  (16 samples)
[staged]   → robot b: IoU 0.607 → 0.631  ✓
    ↑ new global best IoU 0.631  [phase Ph2 robot b]
[staged]   Ph2 robot a  zone 0  (uncovered: 53% of target)
    [parallel] 10 worker threads, one renderer clone each
    init sampling: best coverage score 1058.0px of uncovered area  (16 samples)
[staged]   → robot a: IoU 0.631 → 0.646  ✓
    ↑ new global best IoU 0.646  [phase Ph2 robot a]
[staged] Phase 2 done — composite IoU: 0.646

[staged] Best snapshot: Phase 2  IoU=0.646
[staged] Final refinement — all joints  (6 iters, popsize=16, sigma=0.160)
    [parallel] 10 worker threads, one renderer clone each
    ↑ new global best IoU 0.651  [final refinement]
[staged] Final done — IoU: 0.651  ✓
[staged] FD refinement — 5 Adam steps  (180 renders, lr=0.01, ε=0.02)
    ↑ new global best IoU 0.689  [FD refinement]
[staged] FD done — IoU: 0.689  (Δ=+0.038)  ✓
[staged] Done — final IoU: 0.689  loss: 0.3125
[staged] Popsize: per-robot phases=32  final=16  (theory optimum for 6 DOF = 10)

[staged] Hungarian pre-assignment  (3×3 cost matrix, 8 samples/entry = 72 renders)...
[staged]   robot_a → zone 2  robot_b → zone 0  robot_c → zone 1

[staged] Phase 1 — forward greedy  (4 iters × 3 robot(s), sigma=0.40×1.00, popsize=32)
[staged]   Ph1 robot a  zone 2  (uncovered: 42% of target)
    voronoi warm-start: IoU 0.038 → 0.239 ✓
    [parallel] 10 worker threads, one renderer clone each
    init sampling: best coverage score 532.0px of uncovered area  (8 samples)
[staged]   → robot a: IoU 0.038 → 0.523  ✓
    ↑ new global best IoU 0.523  [phase Ph1 robot a]
[staged]   Ph1 robot b  zone 0  (uncovered: 19% of target)
    voronoi warm-start: IoU 0.523 → 0.559 ✓
    [parallel] 10 worker threads, one renderer clone each
    init sampling: best coverage score 48.0px of uncovered area  (8 samples)
[staged]   → robot b: IoU 0.523 → 0.555  ✓
    ↑ new global best IoU 0.555  [phase Ph1 robot b]
[staged]   Ph1 robot c  zone 1  (uncovered: 1% of target)
    voronoi warm-start: IoU 0.513 ≤ 0.555, kept current
    [parallel] 10 worker threads, one renderer clone each
    init sampling: best coverage score 24.0px of uncovered area  (16 samples)
[staged]   → robot c: IoU 0.555 → 0.658  ✓
    ↑ new global best IoU 0.658  [phase Ph1 robot c]
[staged] Phase 1 done — composite IoU: 0.658

[staged] Phase 2 — backward pass  (4 iters × 3 robots, sigma=0.300)
[staged]   contributions before Phase 2:
[staged]     robot a: +0.214 IoU
[staged]     robot b: +0.070 IoU
[staged]     robot c: +0.102 IoU
[staged]   Ph2 robot c  zone 1  (uncovered: 22% of target)
    [parallel] 10 worker threads, one renderer clone each
    init sampling: best coverage score 28.0px of uncovered area  (16 samples)
[staged]   → robot c: candidate 0.635 < current 0.658  ✗ rejected
[staged]   Ph2 robot b  zone 0  (uncovered: 16% of target)
    [parallel] 10 worker threads, one renderer clone each
    init sampling: best coverage score 159.0px of uncovered area  (16 samples)
[staged]   → robot b: IoU 0.658 → 0.696  ✓
    ↑ new global best IoU 0.696  [phase Ph2 robot b]
[staged]   Ph2 robot a  zone 2  (uncovered: 59% of target)
    [parallel] 10 worker threads, one renderer clone each
    init sampling: best coverage score 1338.0px of uncovered area  (16 samples)
[staged]   → robot a: candidate 0.648 < current 0.696  ✗ rejected
[staged] Phase 2 done — composite IoU: 0.696

[staged] Best snapshot: Phase 2  IoU=0.696
[staged] Final refinement — all joints  (6 iters, popsize=16, sigma=0.160)
    [parallel] 10 worker threads, one renderer clone each
    ↑ new global best IoU 0.738  [final refinement]
[staged] Final done — IoU: 0.738  ✓
[staged] FD refinement — 5 Adam steps  (180 renders, lr=0.01, ε=0.02)
    ↑ new global best IoU 0.762  [FD refinement]
[staged] FD done — IoU: 0.762  (Δ=+0.024)  ✓
[staged] Done — final IoU: 0.762  loss: 0.2390
[shard 0] 9/10 digits/7_dejavusans-bold  best=0.762 mean=0.699±0.034  76s  eta 0.0h
[staged] Popsize: per-robot phases=32  final=16  (theory optimum for 6 DOF = 10)

[staged] Hungarian pre-assignment  (3×3 cost matrix, 8 samples/entry = 72 renders)...
[staged]   robot_a → zone 2  robot_b → zone 0  robot_c → zone 1

[staged] Phase 1 — forward greedy  (4 iters × 3 robot(s), sigma=0.40×1.00, popsize=32)
[staged]   Ph1 robot a  zone 2  (uncovered: 26% of target)
    voronoi warm-start: IoU 0.075 → 0.160 ✓
    [parallel] 10 worker threads, one renderer clone each
    init sampling: best coverage score 653.0px of uncovered area  (8 samples)
[staged]   → robot a: IoU 0.075 → 0.342  ✓
    ↑ new global best IoU 0.342  [phase Ph1 robot a]
[staged]   Ph1 robot b  zone 0  (uncovered: 33% of target)
    voronoi warm-start: IoU 0.342 → 0.349 ✓
    [parallel] 10 worker threads, one renderer clone each
    init sampling: best coverage score 0.0px of uncovered area  (8 samples)
[staged]   → robot b: IoU 0.342 → 0.467  ✓
    ↑ new global best IoU 0.467  [phase Ph1 robot b]
[staged]   Ph1 robot c  zone 1  (uncovered: 8% of target)
    voronoi warm-start: IoU 0.462 ≤ 0.467, kept current
    [parallel] 10 worker threads, one renderer clone each
    init sampling: best coverage score 82.0px of uncovered area  (16 samples)
[staged]   → robot c: IoU 0.467 → 0.502  ✓
    ↑ new global best IoU 0.502  [phase Ph1 robot c]
[staged] Phase 1 done — composite IoU: 0.502

[staged] Phase 2 — backward pass  (4 iters × 3 robots, sigma=0.300)
[staged]   contributions before Phase 2:
[staged]     robot a: +0.153 IoU
[staged]     robot b: +0.137 IoU
[staged]     robot c: +0.035 IoU  ← low
[staged]   Ph2 robot c  zone 1  (uncovered: 43% of target)
    [parallel] 10 worker threads, one renderer clone each
    init sampling: best coverage score 367.0px of uncovered area  (16 samples)
[staged]   → robot c: IoU 0.502 → 0.555  ✓
    ↑ new global best IoU 0.555  [phase Ph2 robot c]
[staged]   Ph2 robot b  zone 0  (uncovered: 45% of target)
    [parallel] 10 worker threads, one renderer clone each
    init sampling: best coverage score 336.0px of uncovered area  (16 samples)
[staged]   → robot b: IoU 0.555 → 0.567  ✓
    ↑ new global best IoU 0.567  [phase Ph2 robot b]
[staged]   Ph2 robot a  zone 2  (uncovered: 54% of target)
    [parallel] 10 worker threads, one renderer clone each
    init sampling: best coverage score 910.0px of uncovered area  (16 samples)
[staged]   → robot a: candidate 0.543 < current 0.567  ✗ rejected
[staged] Phase 2 done — composite IoU: 0.567

[staged] Best snapshot: Phase 2  IoU=0.567
[staged] Final refinement — all joints  (6 iters, popsize=16, sigma=0.160)
    [parallel] 10 worker threads, one renderer clone each
    ↑ new global best IoU 0.608  [final refinement]
[staged] Final done — IoU: 0.608  ✓
[staged] FD refinement — 5 Adam steps  (180 renders, lr=0.01, ε=0.02)
    ↑ new global best IoU 0.630  [FD refinement]
[staged] FD done — IoU: 0.630  (Δ=+0.022)  ✓
[staged] Done — final IoU: 0.630  loss: 0.3711
[staged] Popsize: per-robot phases=32  final=16  (theory optimum for 6 DOF = 10)

[staged] Hungarian pre-assignment  (3×3 cost matrix, 8 samples/entry = 72 renders)...
[staged]   robot_a → zone 2  robot_b → zone 1  robot_c → zone 0

[staged] Phase 1 — forward greedy  (4 iters × 3 robot(s), sigma=0.40×1.00, popsize=32)
[staged]   Ph1 robot a  zone 2  (uncovered: 28% of target)
    voronoi warm-start: IoU 0.075 → 0.162 ✓
    [parallel] 10 worker threads, one renderer clone each
    init sampling: best coverage score 368.0px of uncovered area  (8 samples)
[staged]   → robot a: IoU 0.075 → 0.363  ✓
    ↑ new global best IoU 0.363  [phase Ph1 robot a]
[staged]   Ph1 robot b  zone 1  (uncovered: 9% of target)
    voronoi warm-start: IoU 0.363 → 0.485 ✓
    [parallel] 10 worker threads, one renderer clone each
    init sampling: best coverage score 3.0px of uncovered area  (8 samples)
[staged]   → robot b: IoU 0.363 → 0.557  ✓
    ↑ new global best IoU 0.557  [phase Ph1 robot b]
[staged]   Ph1 robot c  zone 0  (uncovered: 14% of target)
    voronoi warm-start: IoU 0.557 → 0.581 ✓
    [parallel] 10 worker threads, one renderer clone each
    init sampling: best coverage score 311.0px of uncovered area  (8 samples)
[staged]   → robot c: IoU 0.557 → 0.629  ✓
    ↑ new global best IoU 0.629  [phase Ph1 robot c]
[staged] Phase 1 done — composite IoU: 0.629

[staged] Phase 2 — backward pass  (4 iters × 3 robots, sigma=0.300)
[staged]   contributions before Phase 2:
[staged]     robot a: +0.217 IoU
[staged]     robot b: +0.188 IoU
[staged]     robot c: +0.072 IoU
[staged]   Ph2 robot c  zone 0  (uncovered: 33% of target)
    [parallel] 10 worker threads, one renderer clone each
    init sampling: best coverage score 421.0px of uncovered area  (16 samples)
[staged]   → robot c: IoU 0.629 → 0.636  ✓
    ↑ new global best IoU 0.636  [phase Ph2 robot c]
[staged]   Ph2 robot b  zone 1  (uncovered: 47% of target)
    [parallel] 10 worker threads, one renderer clone each
    init sampling: best coverage score 1119.0px of uncovered area  (16 samples)
[staged]   → robot b: IoU 0.636 → 0.680  ✓
    ↑ new global best IoU 0.680  [phase Ph2 robot b]
[staged]   Ph2 robot a  zone 2  (uncovered: 43% of target)
    [parallel] 10 worker threads, one renderer clone each
    init sampling: best coverage score 524.0px of uncovered area  (16 samples)
[staged]   → robot a: candidate 0.608 < current 0.680  ✗ rejected
[staged] Phase 2 done — composite IoU: 0.680

[staged] Best snapshot: Phase 2  IoU=0.680
[staged] Final refinement — all joints  (6 iters, popsize=16, sigma=0.160)
    [parallel] 10 worker threads, one renderer clone each
    ↑ new global best IoU 0.681  [final refinement]
[staged] Final done — IoU: 0.681  ✓
[staged] FD refinement — 5 Adam steps  (180 renders, lr=0.01, ε=0.02)
    ↑ new global best IoU 0.701  [FD refinement]
[staged] FD done — IoU: 0.701  (Δ=+0.019)  ✓
[staged] Done — final IoU: 0.701  loss: 0.3004
[staged] Popsize: per-robot phases=32  final=16  (theory optimum for 6 DOF = 10)

[staged] Hungarian pre-assignment  (3×3 cost matrix, 8 samples/entry = 72 renders)...
[staged]   robot_a → zone 1  robot_b → zone 2  robot_c → zone 0

[staged] Phase 1 — forward greedy  (4 iters × 3 robot(s), sigma=0.40×1.00, popsize=32)
[staged]   Ph1 robot a  zone 1  (uncovered: 31% of target)
    voronoi warm-start: IoU 0.075 → 0.254 ✓
    [parallel] 10 worker threads, one renderer clone each
    init sampling: best coverage score 543.0px of uncovered area  (8 samples)
[staged]   → robot a: IoU 0.075 → 0.323  ✓
    ↑ new global best IoU 0.323  [phase Ph1 robot a]
[staged]   Ph1 robot b  zone 2  (uncovered: 34% of target)
    voronoi warm-start: IoU 0.323 → 0.341 ✓
    [parallel] 10 worker threads, one renderer clone each
    init sampling: best coverage score 560.0px of uncovered area  (8 samples)
[staged]   → robot b: IoU 0.323 → 0.507  ✓
    ↑ new global best IoU 0.507  [phase Ph1 robot b]
[staged]   Ph1 robot c  zone 0  (uncovered: 9% of target)
    voronoi warm-start: IoU 0.501 ≤ 0.507, kept current
    [parallel] 10 worker threads, one renderer clone each
    init sampling: best coverage score 161.0px of uncovered area  (16 samples)
[staged]   → robot c: candidate 0.503 < current 0.507  ✗ rejected
[staged] Phase 1 done — composite IoU: 0.507

[staged] Phase 2 — backward pass  (4 iters × 3 robots, sigma=0.300)
[staged]   contributions before Phase 2:
[staged]     robot a: +0.213 IoU
[staged]     robot b: +0.184 IoU
[staged]     robot c: +0.000 IoU  ← low
[staged]   Ph2 robot c  zone 0  (uncovered: 36% of target)
    [parallel] 10 worker threads, one renderer clone each
    init sampling: best coverage score 521.0px of uncovered area  (16 samples)
[staged]   → robot c: IoU 0.507 → 0.619  ✓
    ↑ new global best IoU 0.619  [phase Ph2 robot c]
[staged]   Ph2 robot b  zone 2  (uncovered: 43% of target)
    [parallel] 10 worker threads, one renderer clone each
    init sampling: best coverage score 243.0px of uncovered area  (16 samples)
[staged]   → robot b: candidate 0.608 < current 0.619  ✗ rejected
[staged]   Ph2 robot a  zone 1  (uncovered: 52% of target)
    [parallel] 10 worker threads, one renderer clone each
    init sampling: best coverage score 1384.0px of uncovered area  (16 samples)
[staged]   → robot a: candidate 0.612 < current 0.619  ✗ rejected
[staged] Phase 2 done — composite IoU: 0.619

[staged] Best snapshot: Phase 2  IoU=0.619
[staged] Final refinement — all joints  (6 iters, popsize=16, sigma=0.160)
    [parallel] 10 worker threads, one renderer clone each
[staged] Final done — IoU: 0.619  ✓
[staged] FD refinement — 5 Adam steps  (180 renders, lr=0.01, ε=0.02)
    ↑ new global best IoU 0.638  [FD refinement]
[staged] FD done — IoU: 0.638  (Δ=+0.019)  ✓
[staged] Done — final IoU: 0.638  loss: 0.3632
[staged] Popsize: per-robot phases=32  final=16  (theory optimum for 6 DOF = 10)

[staged] Hungarian pre-assignment  (3×3 cost matrix, 8 samples/entry = 72 renders)...
[staged]   robot_a → zone 2  robot_b → zone 0  robot_c → zone 1

[staged] Phase 1 — forward greedy  (4 iters × 3 robot(s), sigma=0.40×1.00, popsize=32)
[staged]   Ph1 robot a  zone 2  (uncovered: 33% of target)
    voronoi warm-start: IoU 0.075 → 0.251 ✓
    [parallel] 10 worker threads, one renderer clone each
    init sampling: best coverage score 769.0px of uncovered area  (8 samples)
[staged]   → robot a: IoU 0.075 → 0.332  ✓
    ↑ new global best IoU 0.332  [phase Ph1 robot a]
[staged]   Ph1 robot b  zone 0  (uncovered: 30% of target)
    voronoi warm-start: IoU 0.332 → 0.457 ✓
    [parallel] 10 worker threads, one renderer clone each
    init sampling: best coverage score 443.0px of uncovered area  (8 samples)
[staged]   → robot b: IoU 0.332 → 0.496  ✓
    ↑ new global best IoU 0.496  [phase Ph1 robot b]
[staged]   Ph1 robot c  zone 1  (uncovered: 12% of target)
    voronoi warm-start: IoU 0.486 ≤ 0.496, kept current
    [parallel] 10 worker threads, one renderer clone each
    init sampling: best coverage score 202.0px of uncovered area  (16 samples)
[staged]   → robot c: IoU 0.496 → 0.516  ✓
    ↑ new global best IoU 0.516  [phase Ph1 robot c]
[staged] Phase 1 done — composite IoU: 0.516

[staged] Phase 2 — backward pass  (4 iters × 3 robots, sigma=0.300)
[staged]   contributions before Phase 2:
[staged]     robot a: +0.260 IoU
[staged]     robot b: +0.167 IoU
[staged]     robot c: +0.019 IoU  ← low
[staged]   Ph2 robot c  zone 1  (uncovered: 39% of target)
    [parallel] 10 worker threads, one renderer clone each
    init sampling: best coverage score 414.0px of uncovered area  (16 samples)
[staged]   → robot c: IoU 0.516 → 0.569  ✓
    ↑ new global best IoU 0.569  [phase Ph2 robot c]
[staged]   Ph2 robot b  zone 0  (uncovered: 51% of target)
    [parallel] 10 worker threads, one renderer clone each
    init sampling: best coverage score 1113.0px of uncovered area  (16 samples)
[staged]   → robot b: IoU 0.569 → 0.617  ✓
    ↑ new global best IoU 0.617  [phase Ph2 robot b]
[staged]   Ph2 robot a  zone 2  (uncovered: 48% of target)
    [parallel] 10 worker threads, one renderer clone each
    init sampling: best coverage score 554.0px of uncovered area  (16 samples)
[staged]   → robot a: IoU 0.617 → 0.660  ✓
    ↑ new global best IoU 0.660  [phase Ph2 robot a]
[staged] Phase 2 done — composite IoU: 0.660

[staged] Best snapshot: Phase 2  IoU=0.660
[staged] Final refinement — all joints  (6 iters, popsize=16, sigma=0.160)
    [parallel] 10 worker threads, one renderer clone each
    ↑ new global best IoU 0.666  [final refinement]
[staged] Final done — IoU: 0.666  ✓
[staged] FD refinement — 5 Adam steps  (180 renders, lr=0.01, ε=0.02)
    ↑ new global best IoU 0.693  [FD refinement]
[staged] FD done — IoU: 0.693  (Δ=+0.028)  ✓
[staged] Done — final IoU: 0.693  loss: 0.3075
[staged] Popsize: per-robot phases=32  final=16  (theory optimum for 6 DOF = 10)

[staged] Hungarian pre-assignment  (3×3 cost matrix, 8 samples/entry = 72 renders)...
[staged]   robot_a → zone 0  robot_b → zone 2  robot_c → zone 1

[staged] Phase 1 — forward greedy  (4 iters × 3 robot(s), sigma=0.40×1.00, popsize=32)
[staged]   Ph1 robot a  zone 0  (uncovered: 33% of target)
    voronoi warm-start: IoU 0.075 → 0.251 ✓
    [parallel] 10 worker threads, one renderer clone each
    init sampling: best coverage score 1036.0px of uncovered area  (8 samples)
[staged]   → robot a: IoU 0.075 → 0.405  ✓
    ↑ new global best IoU 0.405  [phase Ph1 robot a]
[staged]   Ph1 robot b  zone 2  (uncovered: 29% of target)
    voronoi warm-start: IoU 0.405 → 0.508 ✓
    [parallel] 10 worker threads, one renderer clone each
    init sampling: best coverage score 397.0px of uncovered area  (8 samples)
[staged]   → robot b: IoU 0.405 → 0.564  ✓
    ↑ new global best IoU 0.564  [phase Ph1 robot b]
[staged]   Ph1 robot c  zone 1  (uncovered: 8% of target)
    voronoi warm-start: IoU 0.552 ≤ 0.564, kept current
    [parallel] 10 worker threads, one renderer clone each
    init sampling: best coverage score 267.0px of uncovered area  (16 samples)
[staged]   → robot c: IoU 0.564 → 0.646  ✓
    ↑ new global best IoU 0.646  [phase Ph1 robot c]
[staged] Phase 1 done — composite IoU: 0.646

[staged] Phase 2 — backward pass  (4 iters × 3 robots, sigma=0.300)
[staged]   contributions before Phase 2:
[staged]     robot a: +0.303 IoU
[staged]     robot b: +0.154 IoU
[staged]     robot c: +0.082 IoU
[staged]   Ph2 robot c  zone 1  (uncovered: 30% of target)
    [parallel] 10 worker threads, one renderer clone each
    init sampling: best coverage score 509.0px of uncovered area  (16 samples)
[staged]   → robot c: candidate 0.632 < current 0.646  ✗ rejected
[staged]   Ph2 robot b  zone 2  (uncovered: 35% of target)
    [parallel] 10 worker threads, one renderer clone each
    init sampling: best coverage score 454.0px of uncovered area  (16 samples)
[staged]   → robot b: IoU 0.646 → 0.648  ✓
    ↑ new global best IoU 0.648  [phase Ph2 robot b]
[staged]   Ph2 robot a  zone 0  (uncovered: 51% of target)
    [parallel] 10 worker threads, one renderer clone each
    init sampling: best coverage score 1217.0px of uncovered area  (16 samples)
[staged]   → robot a: candidate 0.606 < current 0.648  ✗ rejected
[staged] Phase 2 done — composite IoU: 0.648

[staged] Best snapshot: Phase 2  IoU=0.648
[staged] Final refinement — all joints  (6 iters, popsize=16, sigma=0.160)
    [parallel] 10 worker threads, one renderer clone each
[staged] Final done — IoU: 0.648  ✓
[staged] FD refinement — 5 Adam steps  (180 renders, lr=0.01, ε=0.02)
    ↑ new global best IoU 0.671  [FD refinement]
[staged] FD done — IoU: 0.671  (Δ=+0.023)  ✓
[staged] Done — final IoU: 0.671  loss: 0.3303
[shard 0] 10/10 digits/9_dejavusans-bold  best=0.701 mean=0.667±0.028  77s  eta 0.0h
[shard 0] DONE 10 targets in 0.21h
