[shard 0/1] 10 targets × 5 runs
[scene] so101 ×5: light_y=1.00 wall_y=-2.80 throw=3.80m table_len=0.80m | magnification 2.1x–3.8x
[shard 0] n_dof=30 arm_gap=0.2
[shard 0] variant=staged
[shard 0] wrote /home/souju/dev/umbra-bench-grounded/optimized/aimed-start-probe10/full-big-n5/BUDGET.md
[staged] Popsize: per-robot phases=32  final=48  (theory optimum for 6 DOF = 10)

[staged] Hungarian pre-assignment  (5×5 cost matrix, 8 samples/entry = 200 renders)...
[staged]   robot_a → zone 3  robot_b → zone 1  robot_c → zone 4  robot_d → zone 2  robot_e → zone 0

[staged] Phase 1 — forward greedy  (16 iters × 5 robot(s), sigma=0.40×1.00, popsize=32)
[staged]   Ph1 robot a  zone 3  (uncovered: 13% of target)
    voronoi warm-start: IoU 0.176 ≤ 0.208, kept current
    [parallel] 10 worker threads, one renderer clone each
    init sampling: best coverage score 469.0px of uncovered area  (16 samples)
[staged]   → robot a: IoU 0.208 → 0.515  ✓
    ↑ new global best IoU 0.515  [phase Ph1 robot a]
[staged]   Ph1 robot b  zone 1  (uncovered: 8% of target)
    voronoi warm-start: IoU 0.465 ≤ 0.515, kept current
    [parallel] 10 worker threads, one renderer clone each
    init sampling: best coverage score 84.0px of uncovered area  (16 samples)
[staged]   → robot b: IoU 0.515 → 0.615  ✓
    ↑ new global best IoU 0.615  [phase Ph1 robot b]
[staged]   Ph1 robot c  zone 4  (uncovered: 4% of target)
    voronoi warm-start: IoU 0.569 ≤ 0.615, kept current
    [parallel] 10 worker threads, one renderer clone each
    init sampling: best coverage score 41.0px of uncovered area  (16 samples)
[staged]   → robot c: IoU 0.615 → 0.653  ✓
    ↑ new global best IoU 0.653  [phase Ph1 robot c]
[staged]   Ph1 robot d  zone 2  (uncovered: 8% of target)
    voronoi warm-start: IoU 0.646 ≤ 0.653, kept current
    [parallel] 10 worker threads, one renderer clone each
    init sampling: best coverage score 133.0px of uncovered area  (16 samples)
[staged]   → robot d: IoU 0.653 → 0.749  ✓
    ↑ new global best IoU 0.749  [phase Ph1 robot d]
[staged]   Ph1 robot e  zone 0  (uncovered: 3% of target)
    voronoi warm-start: IoU 0.718 ≤ 0.749, kept current
    [parallel] 10 worker threads, one renderer clone each
    init sampling: best coverage score 136.0px of uncovered area  (16 samples)
[staged]   → robot e: IoU 0.749 → 0.789  ✓
    ↑ new global best IoU 0.789  [phase Ph1 robot e]
[staged] Phase 1 done — composite IoU: 0.789

[staged] Phase 2 — backward pass  (16 iters × 5 robots, sigma=0.300)
[staged]   contributions before Phase 2:
[staged]     robot a: +0.189 IoU
[staged]     robot b: +0.111 IoU
[staged]     robot c: +0.060 IoU
[staged]     robot d: +0.117 IoU
[staged]     robot e: +0.039 IoU  ← low
[staged]   Ph2 robot e  zone 0  (uncovered: 16% of target)
    [parallel] 10 worker threads, one renderer clone each
    init sampling: best coverage score 136.0px of uncovered area  (16 samples)
[staged]   → robot e: IoU 0.789 → 0.792  ✓
    ↑ new global best IoU 0.792  [phase Ph2 robot e]
[staged]   Ph2 robot d  zone 2  (uncovered: 24% of target)
    [parallel] 10 worker threads, one renderer clone each
    init sampling: best coverage score 170.0px of uncovered area  (16 samples)
[staged]   → robot d: candidate 0.737 < current 0.792  ✗ rejected
[staged]   Ph2 robot c  zone 4  (uncovered: 18% of target)
    [parallel] 10 worker threads, one renderer clone each
    init sampling: best coverage score 153.0px of uncovered area  (16 samples)
[staged]   → robot c: candidate 0.790 < current 0.792  ✗ rejected
[staged]   Ph2 robot b  zone 1  (uncovered: 24% of target)
    [parallel] 10 worker threads, one renderer clone each
    init sampling: best coverage score 390.0px of uncovered area  (16 samples)
[staged]   → robot b: candidate 0.733 < current 0.792  ✗ rejected
[staged]   Ph2 robot a  zone 3  (uncovered: 32% of target)
    [parallel] 10 worker threads, one renderer clone each
    init sampling: best coverage score 813.0px of uncovered area  (16 samples)
[staged]   → robot a: IoU 0.792 → 0.792  ✓
    ↑ new global best IoU 0.792  [phase Ph2 robot a]
[staged] Phase 2 done — composite IoU: 0.792

[staged] Best snapshot: Phase 2  IoU=0.792
[staged] Manifold final pass — computing Jacobian  (ε=0.020, 60 renders)
[staged] Manifold basis: k=10D / 30D  (variance≥85%, top eigenvalues: ['381342.59', '140569.62', '118432.10', '108431.66', '71968.73'])
    ↑ new global best IoU 0.811  [manifold final pass]
[staged] Manifold done — IoU: 0.811  (Δ=+0.019)  ✓
[staged] FD refinement — 5 Adam steps  (300 renders, lr=0.01, ε=0.02)
    ↑ new global best IoU 0.812  [FD refinement]
[staged] FD done — IoU: 0.812  (Δ=+0.001)  ✓
[staged] Done — final IoU: 0.812  loss: 0.1883
[staged] Popsize: per-robot phases=32  final=48  (theory optimum for 6 DOF = 10)

[staged] Hungarian pre-assignment  (5×5 cost matrix, 8 samples/entry = 200 renders)...
[staged]   robot_a → zone 0  robot_b → zone 1  robot_c → zone 3  robot_d → zone 4  robot_e → zone 2

[staged] Phase 1 — forward greedy  (16 iters × 5 robot(s), sigma=0.40×1.00, popsize=32)
[staged]   Ph1 robot a  zone 0  (uncovered: 14% of target)
    voronoi warm-start: IoU 0.176 ≤ 0.208, kept current
    [parallel] 10 worker threads, one renderer clone each
    init sampling: best coverage score 335.0px of uncovered area  (16 samples)
[staged]   → robot a: IoU 0.208 → 0.457  ✓
    ↑ new global best IoU 0.457  [phase Ph1 robot a]
[staged]   Ph1 robot b  zone 1  (uncovered: 11% of target)
    voronoi warm-start: IoU 0.407 ≤ 0.457, kept current
    [parallel] 10 worker threads, one renderer clone each
    init sampling: best coverage score 358.0px of uncovered area  (16 samples)
[staged]   → robot b: IoU 0.457 → 0.571  ✓
    ↑ new global best IoU 0.571  [phase Ph1 robot b]
[staged]   Ph1 robot c  zone 3  (uncovered: 2% of target)
    voronoi warm-start: IoU 0.527 ≤ 0.571, kept current
    [parallel] 10 worker threads, one renderer clone each
    init sampling: best coverage score 85.0px of uncovered area  (16 samples)
[staged]   → robot c: IoU 0.571 → 0.617  ✓
    ↑ new global best IoU 0.617  [phase Ph1 robot c]
[staged]   Ph1 robot d  zone 4  (uncovered: 3% of target)
    voronoi warm-start: IoU 0.617 → 0.633 ✓
    [parallel] 10 worker threads, one renderer clone each
    init sampling: best coverage score 1.0px of uncovered area  (8 samples)
[staged]   → robot d: IoU 0.617 → 0.645  ✓
    ↑ new global best IoU 0.645  [phase Ph1 robot d]
[staged]   Ph1 robot e  zone 2  (uncovered: 1% of target)
    voronoi warm-start: IoU 0.619 ≤ 0.645, kept current
    [parallel] 10 worker threads, one renderer clone each
    init sampling: best coverage score 51.0px of uncovered area  (16 samples)
[staged]   → robot e: IoU 0.645 → 0.673  ✓
    ↑ new global best IoU 0.673  [phase Ph1 robot e]
[staged] Phase 1 done — composite IoU: 0.673

[staged] Phase 2 — backward pass  (16 iters × 5 robots, sigma=0.300)
[staged]   contributions before Phase 2:
[staged]     robot a: +0.155 IoU
[staged]     robot b: +0.101 IoU
[staged]     robot c: +0.064 IoU
[staged]     robot d: +0.031 IoU  ← low
[staged]     robot e: +0.028 IoU  ← low
[staged]   Ph2 robot e  zone 2  (uncovered: 18% of target)
    [parallel] 10 worker threads, one renderer clone each
    init sampling: best coverage score 84.0px of uncovered area  (16 samples)
[staged]   → robot e: IoU 0.673 → 0.675  ✓
    ↑ new global best IoU 0.675  [phase Ph2 robot e]
[staged]   Ph2 robot d  zone 4  (uncovered: 18% of target)
    [parallel] 10 worker threads, one renderer clone each
    init sampling: best coverage score 110.0px of uncovered area  (16 samples)
[staged]   → robot d: IoU 0.675 → 0.679  ✓
    ↑ new global best IoU 0.679  [phase Ph2 robot d]
[staged]   Ph2 robot c  zone 3  (uncovered: 22% of target)
    [parallel] 10 worker threads, one renderer clone each
    init sampling: best coverage score 135.0px of uncovered area  (16 samples)
[staged]   → robot c: IoU 0.679 → 0.681  ✓
    ↑ new global best IoU 0.681  [phase Ph2 robot c]
[staged]   Ph2 robot b  zone 1  (uncovered: 26% of target)
    [parallel] 10 worker threads, one renderer clone each
    init sampling: best coverage score 378.0px of uncovered area  (16 samples)
[staged]   → robot b: candidate 0.668 < current 0.681  ✗ rejected
[staged]   Ph2 robot a  zone 0  (uncovered: 42% of target)
    [parallel] 10 worker threads, one renderer clone each
    init sampling: best coverage score 1211.0px of uncovered area  (16 samples)
[staged]   → robot a: IoU 0.681 → 0.683  ✓
    ↑ new global best IoU 0.683  [phase Ph2 robot a]
[staged] Phase 2 done — composite IoU: 0.683

[staged] Best snapshot: Phase 2  IoU=0.683
[staged] Manifold final pass — computing Jacobian  (ε=0.020, 60 renders)
[staged] Manifold basis: k=10D / 30D  (variance≥85%, top eigenvalues: ['345104.50', '204712.69', '121021.09', '83362.52', '76804.09'])
    ↑ new global best IoU 0.707  [manifold final pass]
[staged] Manifold done — IoU: 0.707  (Δ=+0.023)  ✓
[staged] FD refinement — 5 Adam steps  (300 renders, lr=0.01, ε=0.02)
    ↑ new global best IoU 0.709  [FD refinement]
[staged] FD done — IoU: 0.709  (Δ=+0.002)  ✓
[staged] Done — final IoU: 0.709  loss: 0.2926
[staged] Popsize: per-robot phases=32  final=48  (theory optimum for 6 DOF = 10)

[staged] Hungarian pre-assignment  (5×5 cost matrix, 8 samples/entry = 200 renders)...
[staged]   robot_a → zone 1  robot_b → zone 2  robot_c → zone 0  robot_d → zone 4  robot_e → zone 3

[staged] Phase 1 — forward greedy  (16 iters × 5 robot(s), sigma=0.40×1.00, popsize=32)
[staged]   Ph1 robot a  zone 1  (uncovered: 17% of target)
    voronoi warm-start: IoU 0.208 → 0.397 ✓
    [parallel] 10 worker threads, one renderer clone each
    init sampling: best coverage score 103.0px of uncovered area  (8 samples)
[staged]   → robot a: IoU 0.208 → 0.526  ✓
    ↑ new global best IoU 0.526  [phase Ph1 robot a]
[staged]   Ph1 robot b  zone 2  (uncovered: 13% of target)
    voronoi warm-start: IoU 0.522 ≤ 0.526, kept current
    [parallel] 10 worker threads, one renderer clone each
    init sampling: best coverage score 274.0px of uncovered area  (16 samples)
[staged]   → robot b: IoU 0.526 → 0.610  ✓
    ↑ new global best IoU 0.610  [phase Ph1 robot b]
[staged]   Ph1 robot c  zone 0  (uncovered: 2% of target)
    voronoi warm-start: IoU 0.571 ≤ 0.610, kept current
    [parallel] 10 worker threads, one renderer clone each
    init sampling: best coverage score 44.0px of uncovered area  (16 samples)
[staged]   → robot c: IoU 0.610 → 0.634  ✓
    ↑ new global best IoU 0.634  [phase Ph1 robot c]
[staged]   Ph1 robot d  zone 4  (uncovered: 1% of target)
    voronoi warm-start: IoU 0.630 ≤ 0.634, kept current
    [parallel] 10 worker threads, one renderer clone each
    init sampling: best coverage score 21.0px of uncovered area  (16 samples)
[staged]   → robot d: IoU 0.634 → 0.644  ✓
    ↑ new global best IoU 0.644  [phase Ph1 robot d]
[staged]   Ph1 robot e  zone 3  (uncovered: 3% of target)
    voronoi warm-start: IoU 0.644 → 0.653 ✓
    [parallel] 10 worker threads, one renderer clone each
    init sampling: best coverage score 7.0px of uncovered area  (8 samples)
[staged]   → robot e: IoU 0.644 → 0.674  ✓
    ↑ new global best IoU 0.674  [phase Ph1 robot e]
[staged] Phase 1 done — composite IoU: 0.674

[staged] Phase 2 — backward pass  (16 iters × 5 robots, sigma=0.300)
[staged]   contributions before Phase 2:
[staged]     robot a: +0.203 IoU
[staged]     robot b: +0.093 IoU
[staged]     robot c: +0.049 IoU  ← low
[staged]     robot d: +0.025 IoU  ← low
[staged]     robot e: +0.031 IoU  ← low
[staged]   Ph2 robot e  zone 3  (uncovered: 20% of target)
    [parallel] 10 worker threads, one renderer clone each
    init sampling: best coverage score 96.0px of uncovered area  (16 samples)
[staged]   → robot e: IoU 0.674 → 0.684  ✓
    ↑ new global best IoU 0.684  [phase Ph2 robot e]
[staged]   Ph2 robot d  zone 4  (uncovered: 14% of target)
    [parallel] 10 worker threads, one renderer clone each
    init sampling: best coverage score 178.0px of uncovered area  (16 samples)
[staged]   → robot d: IoU 0.684 → 0.703  ✓
    ↑ new global best IoU 0.703  [phase Ph2 robot d]
[staged]   Ph2 robot c  zone 0  (uncovered: 12% of target)
    [parallel] 10 worker threads, one renderer clone each
    init sampling: best coverage score 205.0px of uncovered area  (16 samples)
[staged]   → robot c: IoU 0.703 → 0.712  ✓
    ↑ new global best IoU 0.712  [phase Ph2 robot c]
[staged]   Ph2 robot b  zone 2  (uncovered: 19% of target)
    [parallel] 10 worker threads, one renderer clone each
    init sampling: best coverage score 474.0px of uncovered area  (16 samples)
[staged]   → robot b: candidate 0.685 < current 0.712  ✗ rejected
[staged]   Ph2 robot a  zone 1  (uncovered: 35% of target)
    [parallel] 10 worker threads, one renderer clone each
    init sampling: best coverage score 1393.0px of uncovered area  (16 samples)
[staged]   → robot a: IoU 0.712 → 0.713  ✓
    ↑ new global best IoU 0.713  [phase Ph2 robot a]
[staged] Phase 2 done — composite IoU: 0.713

[staged] Best snapshot: Phase 2  IoU=0.713
[staged] Manifold final pass — computing Jacobian  (ε=0.020, 60 renders)
[staged] Manifold basis: k=9D / 30D  (variance≥85%, top eigenvalues: ['406687.84', '288966.44', '158597.53', '111010.11', '104463.30'])
    ↑ new global best IoU 0.747  [manifold final pass]
[staged] Manifold done — IoU: 0.747  (Δ=+0.035)  ✓
[staged] FD refinement — 5 Adam steps  (300 renders, lr=0.01, ε=0.02)
[staged] FD done — IoU: 0.747  (Δ=+0.000)  ✓
[staged] Done — final IoU: 0.747  loss: 0.2542
[staged] Popsize: per-robot phases=32  final=48  (theory optimum for 6 DOF = 10)

[staged] Hungarian pre-assignment  (5×5 cost matrix, 8 samples/entry = 200 renders)...
[staged]   robot_a → zone 2  robot_b → zone 3  robot_c → zone 4  robot_d → zone 1  robot_e → zone 0

[staged] Phase 1 — forward greedy  (16 iters × 5 robot(s), sigma=0.40×1.00, popsize=32)
[staged]   Ph1 robot a  zone 2  (uncovered: 20% of target)
    voronoi warm-start: IoU 0.208 → 0.393 ✓
    [parallel] 10 worker threads, one renderer clone each
    init sampling: best coverage score 601.0px of uncovered area  (8 samples)
[staged]   → robot a: IoU 0.208 → 0.438  ✓
    ↑ new global best IoU 0.438  [phase Ph1 robot a]
[staged]   Ph1 robot b  zone 3  (uncovered: 13% of target)
    voronoi warm-start: IoU 0.411 ≤ 0.438, kept current
    [parallel] 10 worker threads, one renderer clone each
    init sampling: best coverage score 375.0px of uncovered area  (16 samples)
[staged]   → robot b: IoU 0.438 → 0.535  ✓
    ↑ new global best IoU 0.535  [phase Ph1 robot b]
[staged]   Ph1 robot c  zone 4  (uncovered: 7% of target)
    voronoi warm-start: IoU 0.490 ≤ 0.535, kept current
    [parallel] 10 worker threads, one renderer clone each
    init sampling: best coverage score 128.0px of uncovered area  (16 samples)
[staged]   → robot c: IoU 0.535 → 0.583  ✓
    ↑ new global best IoU 0.583  [phase Ph1 robot c]
[staged]   Ph1 robot d  zone 1  (uncovered: 5% of target)
    voronoi warm-start: IoU 0.559 ≤ 0.583, kept current
    [parallel] 10 worker threads, one renderer clone each
    init sampling: best coverage score 113.0px of uncovered area  (16 samples)
[staged]   → robot d: IoU 0.583 → 0.626  ✓
    ↑ new global best IoU 0.626  [phase Ph1 robot d]
[staged]   Ph1 robot e  zone 0  (uncovered: 4% of target)
    voronoi warm-start: IoU 0.607 ≤ 0.626, kept current
    [parallel] 10 worker threads, one renderer clone each
    init sampling: best coverage score 62.0px of uncovered area  (16 samples)
[staged]   → robot e: IoU 0.626 → 0.660  ✓
    ↑ new global best IoU 0.660  [phase Ph1 robot e]
[staged] Phase 1 done — composite IoU: 0.660

[staged] Phase 2 — backward pass  (16 iters × 5 robots, sigma=0.300)
[staged]   contributions before Phase 2:
[staged]     robot a: +0.023 IoU  ← low
[staged]     robot b: +0.064 IoU
[staged]     robot c: +0.063 IoU
[staged]     robot d: +0.059 IoU
[staged]     robot e: +0.034 IoU  ← low
[staged]   Ph2 robot e  zone 0  (uncovered: 22% of target)
    [parallel] 10 worker threads, one renderer clone each
    init sampling: best coverage score 204.0px of uncovered area  (16 samples)
[staged]   → robot e: IoU 0.660 → 0.672  ✓
    ↑ new global best IoU 0.672  [phase Ph2 robot e]
[staged]   Ph2 robot d  zone 1  (uncovered: 24% of target)
    [parallel] 10 worker threads, one renderer clone each
    init sampling: best coverage score 290.0px of uncovered area  (16 samples)
[staged]   → robot d: IoU 0.672 → 0.681  ✓
    ↑ new global best IoU 0.681  [phase Ph2 robot d]
[staged]   Ph2 robot c  zone 4  (uncovered: 23% of target)
    [parallel] 10 worker threads, one renderer clone each
    init sampling: best coverage score 408.0px of uncovered area  (16 samples)
[staged]   → robot c: IoU 0.681 → 0.683  ✓
    ↑ new global best IoU 0.683  [phase Ph2 robot c]
[staged]   Ph2 robot b  zone 3  (uncovered: 27% of target)
    [parallel] 10 worker threads, one renderer clone each
    init sampling: best coverage score 457.0px of uncovered area  (16 samples)
[staged]   → robot b: IoU 0.683 → 0.691  ✓
    ↑ new global best IoU 0.691  [phase Ph2 robot b]
[staged]   Ph2 robot a  zone 2  (uncovered: 36% of target)
    [parallel] 10 worker threads, one renderer clone each
    init sampling: best coverage score 1185.0px of uncovered area  (16 samples)
[staged]   → robot a: IoU 0.691 → 0.724  ✓
    ↑ new global best IoU 0.724  [phase Ph2 robot a]
[staged] Phase 2 done — composite IoU: 0.724

[staged] Best snapshot: Phase 2  IoU=0.724
[staged] Manifold final pass — computing Jacobian  (ε=0.020, 60 renders)
[staged] Manifold basis: k=10D / 30D  (variance≥85%, top eigenvalues: ['610163.38', '167750.44', '123722.12', '90169.47', '71338.51'])
    ↑ new global best IoU 0.746  [manifold final pass]
[staged] Manifold done — IoU: 0.746  (Δ=+0.021)  ✓
[staged] FD refinement — 5 Adam steps  (300 renders, lr=0.01, ε=0.02)
[staged] FD done — IoU: 0.746  (Δ=+0.000)  ✓
[staged] Done — final IoU: 0.746  loss: 0.2558
[staged] Popsize: per-robot phases=32  final=48  (theory optimum for 6 DOF = 10)

[staged] Hungarian pre-assignment  (5×5 cost matrix, 8 samples/entry = 200 renders)...
[staged]   robot_a → zone 3  robot_b → zone 4  robot_c → zone 1  robot_d → zone 2  robot_e → zone 0

[staged] Phase 1 — forward greedy  (16 iters × 5 robot(s), sigma=0.40×1.00, popsize=32)
[staged]   Ph1 robot a  zone 3  (uncovered: 26% of target)
    voronoi warm-start: IoU 0.208 → 0.386 ✓
    [parallel] 10 worker threads, one renderer clone each
    init sampling: best coverage score 674.0px of uncovered area  (8 samples)
[staged]   → robot a: IoU 0.208 → 0.461  ✓
    ↑ new global best IoU 0.461  [phase Ph1 robot a]
[staged]   Ph1 robot b  zone 4  (uncovered: 14% of target)
    voronoi warm-start: IoU 0.456 ≤ 0.461, kept current
    [parallel] 10 worker threads, one renderer clone each
    init sampling: best coverage score 305.0px of uncovered area  (16 samples)
[staged]   → robot b: IoU 0.461 → 0.482  ✓
    ↑ new global best IoU 0.482  [phase Ph1 robot b]
[staged]   Ph1 robot c  zone 1  (uncovered: 2% of target)
    voronoi warm-start: IoU 0.443 ≤ 0.482, kept current
    [parallel] 10 worker threads, one renderer clone each
    init sampling: best coverage score 57.0px of uncovered area  (16 samples)
[staged]   → robot c: IoU 0.482 → 0.588  ✓
    ↑ new global best IoU 0.588  [phase Ph1 robot c]
[staged]   Ph1 robot d  zone 2  (uncovered: 12% of target)
    voronoi warm-start: IoU 0.577 ≤ 0.588, kept current
    [parallel] 10 worker threads, one renderer clone each
    init sampling: best coverage score 94.0px of uncovered area  (16 samples)
[staged]   → robot d: IoU 0.588 → 0.652  ✓
    ↑ new global best IoU 0.652  [phase Ph1 robot d]
[staged]   Ph1 robot e  zone 0  (uncovered: 6% of target)
    voronoi warm-start: IoU 0.652 → 0.654 ✓
    [parallel] 10 worker threads, one renderer clone each
    init sampling: best coverage score 93.0px of uncovered area  (8 samples)
[staged]   → robot e: IoU 0.652 → 0.697  ✓
    ↑ new global best IoU 0.697  [phase Ph1 robot e]
[staged] Phase 1 done — composite IoU: 0.697

[staged] Phase 2 — backward pass  (16 iters × 5 robots, sigma=0.300)
[staged]   contributions before Phase 2:
[staged]     robot a: +0.113 IoU
[staged]     robot b: +0.032 IoU  ← low
[staged]     robot c: +0.115 IoU
[staged]     robot d: +0.084 IoU
[staged]     robot e: +0.046 IoU  ← low
[staged]   Ph2 robot e  zone 0  (uncovered: 25% of target)
    [parallel] 10 worker threads, one renderer clone each
    init sampling: best coverage score 356.0px of uncovered area  (16 samples)
[staged]   → robot e: IoU 0.697 → 0.725  ✓
    ↑ new global best IoU 0.725  [phase Ph2 robot e]
[staged]   Ph2 robot d  zone 2  (uncovered: 25% of target)
    [parallel] 10 worker threads, one renderer clone each
    init sampling: best coverage score 204.0px of uncovered area  (16 samples)
[staged]   → robot d: candidate 0.714 < current 0.725  ✗ rejected
[staged]   Ph2 robot c  zone 1  (uncovered: 29% of target)
    [parallel] 10 worker threads, one renderer clone each
    init sampling: best coverage score 376.0px of uncovered area  (16 samples)
[staged]   → robot c: candidate 0.699 < current 0.725  ✗ rejected
[staged]   Ph2 robot b  zone 4  (uncovered: 17% of target)
    [parallel] 10 worker threads, one renderer clone each
    init sampling: best coverage score 254.0px of uncovered area  (16 samples)
[staged]   → robot b: IoU 0.725 → 0.758  ✓
    ↑ new global best IoU 0.758  [phase Ph2 robot b]
[staged]   Ph2 robot a  zone 3  (uncovered: 34% of target)
    [parallel] 10 worker threads, one renderer clone each
    init sampling: best coverage score 1039.0px of uncovered area  (16 samples)
[staged]   → robot a: IoU 0.758 → 0.773  ✓
    ↑ new global best IoU 0.773  [phase Ph2 robot a]
[staged] Phase 2 done — composite IoU: 0.773

[staged] Best snapshot: Phase 2  IoU=0.773
[staged] Manifold final pass — computing Jacobian  (ε=0.020, 60 renders)
[staged] Manifold basis: k=11D / 30D  (variance≥85%, top eigenvalues: ['300873.97', '131684.05', '114593.66', '68560.48', '58505.89'])
    ↑ new global best IoU 0.787  [manifold final pass]
[staged] Manifold done — IoU: 0.787  (Δ=+0.014)  ✓
[staged] FD refinement — 5 Adam steps  (300 renders, lr=0.01, ε=0.02)
    ↑ new global best IoU 0.788  [FD refinement]
[staged] FD done — IoU: 0.788  (Δ=+0.001)  ✓
[staged] Done — final IoU: 0.788  loss: 0.2123
[shard 0] 1/10 letters_upper/E_dejavusans-bold  best=0.812 mean=0.760±0.036  194s  eta 0.5h
[staged] Popsize: per-robot phases=32  final=48  (theory optimum for 6 DOF = 10)

[staged] Hungarian pre-assignment  (5×5 cost matrix, 8 samples/entry = 200 renders)...
[staged]   robot_a → zone 3  robot_b → zone 4  robot_c → zone 1  robot_d → zone 0  robot_e → zone 2

[staged] Phase 1 — forward greedy  (16 iters × 5 robot(s), sigma=0.40×1.00, popsize=32)
[staged]   Ph1 robot a  zone 3  (uncovered: 17% of target)
    voronoi warm-start: IoU 0.195 → 0.200 ✓
    [parallel] 10 worker threads, one renderer clone each
    init sampling: best coverage score 252.0px of uncovered area  (8 samples)
[staged]   → robot a: IoU 0.195 → 0.437  ✓
    ↑ new global best IoU 0.437  [phase Ph1 robot a]
[staged]   Ph1 robot b  zone 4  (uncovered: 16% of target)
    voronoi warm-start: IoU 0.383 ≤ 0.437, kept current
    [parallel] 10 worker threads, one renderer clone each
    init sampling: best coverage score 476.0px of uncovered area  (16 samples)
[staged]   → robot b: IoU 0.437 → 0.551  ✓
    ↑ new global best IoU 0.551  [phase Ph1 robot b]
[staged]   Ph1 robot c  zone 1  (uncovered: 4% of target)
    voronoi warm-start: IoU 0.526 ≤ 0.551, kept current
    [parallel] 10 worker threads, one renderer clone each
    init sampling: best coverage score 126.0px of uncovered area  (16 samples)
[staged]   → robot c: IoU 0.551 → 0.570  ✓
    ↑ new global best IoU 0.570  [phase Ph1 robot c]
[staged]   Ph1 robot d  zone 0  (uncovered: 2% of target)
    voronoi warm-start: IoU 0.514 ≤ 0.570, kept current
    [parallel] 10 worker threads, one renderer clone each
    init sampling: best coverage score 63.0px of uncovered area  (16 samples)
[staged]   → robot d: IoU 0.570 → 0.635  ✓
    ↑ new global best IoU 0.635  [phase Ph1 robot d]
[staged]   Ph1 robot e  zone 2  (uncovered: 5% of target)
    voronoi warm-start: IoU 0.605 ≤ 0.635, kept current
    [parallel] 10 worker threads, one renderer clone each
    init sampling: best coverage score 53.0px of uncovered area  (16 samples)
[staged]   → robot e: IoU 0.635 → 0.655  ✓
    ↑ new global best IoU 0.655  [phase Ph1 robot e]
[staged] Phase 1 done — composite IoU: 0.655

[staged] Phase 2 — backward pass  (16 iters × 5 robots, sigma=0.300)
[staged]   contributions before Phase 2:
[staged]     robot a: +0.181 IoU
[staged]     robot b: +0.106 IoU
[staged]     robot c: +0.026 IoU  ← low
[staged]     robot d: +0.092 IoU
[staged]     robot e: +0.020 IoU  ← low
[staged]   Ph2 robot e  zone 2  (uncovered: 14% of target)
    [parallel] 10 worker threads, one renderer clone each
    init sampling: best coverage score 77.0px of uncovered area  (16 samples)
[staged]   → robot e: IoU 0.655 → 0.656  ✓
    ↑ new global best IoU 0.656  [phase Ph2 robot e]
[staged]   Ph2 robot d  zone 0  (uncovered: 26% of target)
    [parallel] 10 worker threads, one renderer clone each
    init sampling: best coverage score 92.0px of uncovered area  (16 samples)
[staged]   → robot d: candidate 0.624 < current 0.656  ✗ rejected
[staged]   Ph2 robot c  zone 1  (uncovered: 15% of target)
    [parallel] 10 worker threads, one renderer clone each
    init sampling: best coverage score 203.0px of uncovered area  (16 samples)
[staged]   → robot c: IoU 0.656 → 0.679  ✓
    ↑ new global best IoU 0.679  [phase Ph2 robot c]
[staged]   Ph2 robot b  zone 4  (uncovered: 23% of target)
    [parallel] 10 worker threads, one renderer clone each
    init sampling: best coverage score 223.0px of uncovered area  (16 samples)
[staged]   → robot b: candidate 0.652 < current 0.679  ✗ rejected
[staged]   Ph2 robot a  zone 3  (uncovered: 36% of target)
    [parallel] 10 worker threads, one renderer clone each
    init sampling: best coverage score 303.0px of uncovered area  (16 samples)
[staged]   → robot a: candidate 0.605 < current 0.679  ✗ rejected
[staged] Phase 2 done — composite IoU: 0.679

[staged] Best snapshot: Phase 2  IoU=0.679
[staged] Manifold final pass — computing Jacobian  (ε=0.020, 60 renders)
[staged] Manifold basis: k=9D / 30D  (variance≥85%, top eigenvalues: ['452157.88', '208514.44', '121981.89', '85123.70', '58669.40'])
    ↑ new global best IoU 0.696  [manifold final pass]
[staged] Manifold done — IoU: 0.696  (Δ=+0.017)  ✓
[staged] FD refinement — 5 Adam steps  (300 renders, lr=0.01, ε=0.02)
    ↑ new global best IoU 0.697  [FD refinement]
[staged] FD done — IoU: 0.697  (Δ=+0.001)  ✓
[staged] Done — final IoU: 0.697  loss: 0.3047
[staged] Popsize: per-robot phases=32  final=48  (theory optimum for 6 DOF = 10)

[staged] Hungarian pre-assignment  (5×5 cost matrix, 8 samples/entry = 200 renders)...
[staged]   robot_a → zone 0  robot_b → zone 4  robot_c → zone 1  robot_d → zone 2  robot_e → zone 3

[staged] Phase 1 — forward greedy  (16 iters × 5 robot(s), sigma=0.40×1.00, popsize=32)
[staged]   Ph1 robot a  zone 0  (uncovered: 23% of target)
    voronoi warm-start: IoU 0.195 → 0.197 ✓
    [parallel] 10 worker threads, one renderer clone each
    init sampling: best coverage score 0.0px of uncovered area  (8 samples)
[staged]   → robot a: IoU 0.195 → 0.365  ✓
    ↑ new global best IoU 0.365  [phase Ph1 robot a]
[staged]   Ph1 robot b  zone 4  (uncovered: 16% of target)
    voronoi warm-start: IoU 0.365 → 0.376 ✓
    [parallel] 10 worker threads, one renderer clone each
    init sampling: best coverage score 211.0px of uncovered area  (8 samples)
[staged]   → robot b: IoU 0.365 → 0.491  ✓
    ↑ new global best IoU 0.491  [phase Ph1 robot b]
[staged]   Ph1 robot c  zone 1  (uncovered: 5% of target)
    voronoi warm-start: IoU 0.482 ≤ 0.491, kept current
    [parallel] 10 worker threads, one renderer clone each
    init sampling: best coverage score 118.0px of uncovered area  (16 samples)
[staged]   → robot c: IoU 0.491 → 0.525  ✓
    ↑ new global best IoU 0.525  [phase Ph1 robot c]
[staged]   Ph1 robot d  zone 2  (uncovered: 2% of target)
    voronoi warm-start: IoU 0.499 ≤ 0.525, kept current
    [parallel] 10 worker threads, one renderer clone each
    init sampling: best coverage score 68.0px of uncovered area  (16 samples)
[staged]   → robot d: IoU 0.525 → 0.589  ✓
    ↑ new global best IoU 0.589  [phase Ph1 robot d]
[staged]   Ph1 robot e  zone 3  (uncovered: 9% of target)
    voronoi warm-start: IoU 0.579 ≤ 0.589, kept current
    [parallel] 10 worker threads, one renderer clone each
    init sampling: best coverage score 107.0px of uncovered area  (16 samples)
[staged]   → robot e: IoU 0.589 → 0.635  ✓
    ↑ new global best IoU 0.635  [phase Ph1 robot e]
[staged] Phase 1 done — composite IoU: 0.635

[staged] Phase 2 — backward pass  (16 iters × 5 robots, sigma=0.300)
[staged]   contributions before Phase 2:
[staged]     robot a: +0.139 IoU
[staged]     robot b: +0.105 IoU
[staged]     robot c: +0.046 IoU  ← low
[staged]     robot d: +0.063 IoU
[staged]     robot e: +0.046 IoU  ← low
[staged]   Ph2 robot e  zone 3  (uncovered: 16% of target)
    [parallel] 10 worker threads, one renderer clone each
    init sampling: best coverage score 101.0px of uncovered area  (16 samples)
[staged]   → robot e: IoU 0.635 → 0.636  ✓
    ↑ new global best IoU 0.636  [phase Ph2 robot e]
[staged]   Ph2 robot d  zone 2  (uncovered: 18% of target)
    [parallel] 10 worker threads, one renderer clone each
    init sampling: best coverage score 202.0px of uncovered area  (16 samples)
[staged]   → robot d: IoU 0.636 → 0.643  ✓
    ↑ new global best IoU 0.643  [phase Ph2 robot d]
[staged]   Ph2 robot c  zone 1  (uncovered: 15% of target)
    [parallel] 10 worker threads, one renderer clone each
    init sampling: best coverage score 210.0px of uncovered area  (16 samples)
[staged]   → robot c: IoU 0.643 → 0.650  ✓
    ↑ new global best IoU 0.650  [phase Ph2 robot c]
[staged]   Ph2 robot b  zone 4  (uncovered: 26% of target)
    [parallel] 10 worker threads, one renderer clone each
    init sampling: best coverage score 500.0px of uncovered area  (16 samples)
[staged]   → robot b: candidate 0.641 < current 0.650  ✗ rejected
[staged]   Ph2 robot a  zone 0  (uncovered: 29% of target)
    [parallel] 10 worker threads, one renderer clone each
    init sampling: best coverage score 258.0px of uncovered area  (16 samples)
[staged]   → robot a: candidate 0.573 < current 0.650  ✗ rejected
[staged] Phase 2 done — composite IoU: 0.650

[staged] Best snapshot: Phase 2  IoU=0.650
[staged] Manifold final pass — computing Jacobian  (ε=0.020, 60 renders)
[staged] Manifold basis: k=10D / 30D  (variance≥85%, top eigenvalues: ['322446.62', '297489.22', '224447.78', '175293.48', '141360.97'])
    ↑ new global best IoU 0.667  [manifold final pass]
[staged] Manifold done — IoU: 0.667  (Δ=+0.016)  ✓
[staged] FD refinement — 5 Adam steps  (300 renders, lr=0.01, ε=0.02)
    ↑ new global best IoU 0.672  [FD refinement]
[staged] FD done — IoU: 0.672  (Δ=+0.005)  ✓
[staged] Done — final IoU: 0.672  loss: 0.3307
[staged] Popsize: per-robot phases=32  final=48  (theory optimum for 6 DOF = 10)

[staged] Hungarian pre-assignment  (5×5 cost matrix, 8 samples/entry = 200 renders)...
[staged]   robot_a → zone 2  robot_b → zone 4  robot_c → zone 0  robot_d → zone 1  robot_e → zone 3

[staged] Phase 1 — forward greedy  (16 iters × 5 robot(s), sigma=0.40×1.00, popsize=32)
[staged]   Ph1 robot a  zone 2  (uncovered: 23% of target)
    voronoi warm-start: IoU 0.195 → 0.197 ✓
    [parallel] 10 worker threads, one renderer clone each
    init sampling: best coverage score 0.0px of uncovered area  (8 samples)
[staged]   → robot a: IoU 0.195 → 0.383  ✓
    ↑ new global best IoU 0.383  [phase Ph1 robot a]
[staged]   Ph1 robot b  zone 4  (uncovered: 7% of target)
    voronoi warm-start: IoU 0.383 → 0.393 ✓
    [parallel] 10 worker threads, one renderer clone each
    init sampling: best coverage score 316.0px of uncovered area  (8 samples)
[staged]   → robot b: IoU 0.383 → 0.493  ✓
    ↑ new global best IoU 0.493  [phase Ph1 robot b]
[staged]   Ph1 robot c  zone 0  (uncovered: 8% of target)
    voronoi warm-start: IoU 0.470 ≤ 0.493, kept current
    [parallel] 10 worker threads, one renderer clone each
    init sampling: best coverage score 233.0px of uncovered area  (16 samples)
[staged]   → robot c: IoU 0.493 → 0.561  ✓
    ↑ new global best IoU 0.561  [phase Ph1 robot c]
[staged]   Ph1 robot d  zone 1  (uncovered: 7% of target)
    voronoi warm-start: IoU 0.554 ≤ 0.561, kept current
    [parallel] 10 worker threads, one renderer clone each
    init sampling: best coverage score 113.0px of uncovered area  (16 samples)
[staged]   → robot d: IoU 0.561 → 0.615  ✓
    ↑ new global best IoU 0.615  [phase Ph1 robot d]
[staged]   Ph1 robot e  zone 3  (uncovered: 3% of target)
    voronoi warm-start: IoU 0.598 ≤ 0.615, kept current
    [parallel] 10 worker threads, one renderer clone each
    init sampling: best coverage score 61.0px of uncovered area  (16 samples)
[staged]   → robot e: IoU 0.615 → 0.662  ✓
    ↑ new global best IoU 0.662  [phase Ph1 robot e]
[staged] Phase 1 done — composite IoU: 0.662

[staged] Phase 2 — backward pass  (16 iters × 5 robots, sigma=0.300)
[staged]   contributions before Phase 2:
[staged]     robot a: +0.135 IoU
[staged]     robot b: +0.095 IoU
[staged]     robot c: +0.064 IoU
[staged]     robot d: +0.059 IoU
[staged]     robot e: +0.047 IoU  ← low
[staged]   Ph2 robot e  zone 3  (uncovered: 18% of target)
    [parallel] 10 worker threads, one renderer clone each
    init sampling: best coverage score 173.0px of uncovered area  (16 samples)
[staged]   → robot e: candidate 0.661 < current 0.662  ✗ rejected
[staged]   Ph2 robot d  zone 1  (uncovered: 19% of target)
    [parallel] 10 worker threads, one renderer clone each
    init sampling: best coverage score 226.0px of uncovered area  (16 samples)
[staged]   → robot d: candidate 0.654 < current 0.662  ✗ rejected
[staged]   Ph2 robot c  zone 0  (uncovered: 21% of target)
    [parallel] 10 worker threads, one renderer clone each
    init sampling: best coverage score 189.0px of uncovered area  (16 samples)
[staged]   → robot c: candidate 0.647 < current 0.662  ✗ rejected
[staged]   Ph2 robot b  zone 4  (uncovered: 24% of target)
    [parallel] 10 worker threads, one renderer clone each
    init sampling: best coverage score 278.0px of uncovered area  (16 samples)
[staged]   → robot b: IoU 0.662 → 0.663  ✓
    ↑ new global best IoU 0.663  [phase Ph2 robot b]
[staged]   Ph2 robot a  zone 2  (uncovered: 33% of target)
    [parallel] 10 worker threads, one renderer clone each
    init sampling: best coverage score 344.0px of uncovered area  (16 samples)
[staged]   → robot a: candidate 0.612 < current 0.663  ✗ rejected
[staged] Phase 2 done — composite IoU: 0.663

[staged] Best snapshot: Phase 2  IoU=0.663
[staged] Manifold final pass — computing Jacobian  (ε=0.020, 60 renders)
[staged] Manifold basis: k=11D / 30D  (variance≥85%, top eigenvalues: ['311892.47', '285095.47', '256449.52', '93984.50', '69888.02'])
    ↑ new global best IoU 0.686  [manifold final pass]
[staged] Manifold done — IoU: 0.686  (Δ=+0.023)  ✓
[staged] FD refinement — 5 Adam steps  (300 renders, lr=0.01, ε=0.02)
    ↑ new global best IoU 0.689  [FD refinement]
[staged] FD done — IoU: 0.689  (Δ=+0.003)  ✓
[staged] Done — final IoU: 0.689  loss: 0.3126
[staged] Popsize: per-robot phases=32  final=48  (theory optimum for 6 DOF = 10)

[staged] Hungarian pre-assignment  (5×5 cost matrix, 8 samples/entry = 200 renders)...
[staged]   robot_a → zone 4  robot_b → zone 1  robot_c → zone 0  robot_d → zone 3  robot_e → zone 2

[staged] Phase 1 — forward greedy  (16 iters × 5 robot(s), sigma=0.40×1.00, popsize=32)
[staged]   Ph1 robot a  zone 4  (uncovered: 24% of target)
    voronoi warm-start: IoU 0.195 → 0.220 ✓
    [parallel] 10 worker threads, one renderer clone each
    init sampling: best coverage score 490.0px of uncovered area  (8 samples)
[staged]   → robot a: IoU 0.195 → 0.429  ✓
    ↑ new global best IoU 0.429  [phase Ph1 robot a]
[staged]   Ph1 robot b  zone 1  (uncovered: 7% of target)
    voronoi warm-start: IoU 0.429 → 0.434 ✓
    [parallel] 10 worker threads, one renderer clone each
    init sampling: best coverage score 194.0px of uncovered area  (8 samples)
[staged]   → robot b: IoU 0.429 → 0.525  ✓
    ↑ new global best IoU 0.525  [phase Ph1 robot b]
[staged]   Ph1 robot c  zone 0  (uncovered: 6% of target)
    voronoi warm-start: IoU 0.473 ≤ 0.525, kept current
    [parallel] 10 worker threads, one renderer clone each
    init sampling: best coverage score 182.0px of uncovered area  (16 samples)
[staged]   → robot c: IoU 0.525 → 0.552  ✓
    ↑ new global best IoU 0.552  [phase Ph1 robot c]
[staged]   Ph1 robot d  zone 3  (uncovered: 7% of target)
    voronoi warm-start: IoU 0.522 ≤ 0.552, kept current
    [parallel] 10 worker threads, one renderer clone each
    init sampling: best coverage score 87.0px of uncovered area  (16 samples)
[staged]   → robot d: IoU 0.552 → 0.585  ✓
    ↑ new global best IoU 0.585  [phase Ph1 robot d]
[staged]   Ph1 robot e  zone 2  (uncovered: 4% of target)
    voronoi warm-start: IoU 0.585 → 0.603 ✓
    [parallel] 10 worker threads, one renderer clone each
    init sampling: best coverage score 134.0px of uncovered area  (8 samples)
[staged]   → robot e: IoU 0.585 → 0.613  ✓
    ↑ new global best IoU 0.613  [phase Ph1 robot e]
[staged] Phase 1 done — composite IoU: 0.613

[staged] Phase 2 — backward pass  (16 iters × 5 robots, sigma=0.300)
[staged]   contributions before Phase 2:
[staged]     robot a: +0.209 IoU
[staged]     robot b: +0.033 IoU  ← low
[staged]     robot c: +0.025 IoU  ← low
[staged]     robot d: +0.044 IoU  ← low
[staged]     robot e: +0.028 IoU  ← low
[staged]   Ph2 robot e  zone 2  (uncovered: 24% of target)
    [parallel] 10 worker threads, one renderer clone each
    init sampling: best coverage score 214.0px of uncovered area  (16 samples)
[staged]   → robot e: IoU 0.613 → 0.621  ✓
    ↑ new global best IoU 0.621  [phase Ph2 robot e]
[staged]   Ph2 robot d  zone 3  (uncovered: 21% of target)
    [parallel] 10 worker threads, one renderer clone each
    init sampling: best coverage score 201.0px of uncovered area  (16 samples)
[staged]   → robot d: candidate 0.621 < current 0.621  ✗ rejected
[staged]   Ph2 robot c  zone 0  (uncovered: 23% of target)
    [parallel] 10 worker threads, one renderer clone each
    init sampling: best coverage score 229.0px of uncovered area  (16 samples)
[staged]   → robot c: IoU 0.621 → 0.635  ✓
    ↑ new global best IoU 0.635  [phase Ph2 robot c]
[staged]   Ph2 robot b  zone 1  (uncovered: 33% of target)
    [parallel] 10 worker threads, one renderer clone each
    init sampling: best coverage score 529.0px of uncovered area  (16 samples)
[staged]   → robot b: IoU 0.635 → 0.664  ✓
    ↑ new global best IoU 0.664  [phase Ph2 robot b]
[staged]   Ph2 robot a  zone 4  (uncovered: 39% of target)
    [parallel] 10 worker threads, one renderer clone each
    init sampling: best coverage score 570.0px of uncovered area  (16 samples)
[staged]   → robot a: candidate 0.652 < current 0.664  ✗ rejected
[staged] Phase 2 done — composite IoU: 0.664

[staged] Best snapshot: Phase 2  IoU=0.664
[staged] Manifold final pass — computing Jacobian  (ε=0.020, 60 renders)
[staged] Manifold basis: k=9D / 30D  (variance≥85%, top eigenvalues: ['290718.12', '269858.78', '257357.06', '114754.85', '79620.10'])
    ↑ new global best IoU 0.678  [manifold final pass]
[staged] Manifold done — IoU: 0.678  (Δ=+0.014)  ✓
[staged] FD refinement — 5 Adam steps  (300 renders, lr=0.01, ε=0.02)
    ↑ new global best IoU 0.682  [FD refinement]
[staged] FD done — IoU: 0.682  (Δ=+0.004)  ✓
[staged] Done — final IoU: 0.682  loss: 0.3201
[staged] Popsize: per-robot phases=32  final=48  (theory optimum for 6 DOF = 10)

[staged] Hungarian pre-assignment  (5×5 cost matrix, 8 samples/entry = 200 renders)...
[staged]   robot_a → zone 3  robot_b → zone 0  robot_c → zone 4  robot_d → zone 2  robot_e → zone 1

[staged] Phase 1 — forward greedy  (16 iters × 5 robot(s), sigma=0.40×1.00, popsize=32)
[staged]   Ph1 robot a  zone 3  (uncovered: 19% of target)
    voronoi warm-start: IoU 0.195 → 0.235 ✓
    [parallel] 10 worker threads, one renderer clone each
    init sampling: best coverage score 394.0px of uncovered area  (8 samples)
[staged]   → robot a: IoU 0.195 → 0.426  ✓
    ↑ new global best IoU 0.426  [phase Ph1 robot a]
[staged]   Ph1 robot b  zone 0  (uncovered: 7% of target)
    voronoi warm-start: IoU 0.426 → 0.432 ✓
    [parallel] 10 worker threads, one renderer clone each
    init sampling: best coverage score 336.0px of uncovered area  (8 samples)
[staged]   → robot b: IoU 0.426 → 0.519  ✓
    ↑ new global best IoU 0.519  [phase Ph1 robot b]
[staged]   Ph1 robot c  zone 4  (uncovered: 7% of target)
    voronoi warm-start: IoU 0.509 ≤ 0.519, kept current
    [parallel] 10 worker threads, one renderer clone each
    init sampling: best coverage score 36.0px of uncovered area  (16 samples)
[staged]   → robot c: IoU 0.519 → 0.602  ✓
    ↑ new global best IoU 0.602  [phase Ph1 robot c]
[staged]   Ph1 robot d  zone 2  (uncovered: 5% of target)
    voronoi warm-start: IoU 0.540 ≤ 0.602, kept current
    [parallel] 10 worker threads, one renderer clone each
    init sampling: best coverage score 32.0px of uncovered area  (16 samples)
[staged]   → robot d: IoU 0.602 → 0.657  ✓
    ↑ new global best IoU 0.657  [phase Ph1 robot d]
[staged]   Ph1 robot e  zone 1  (uncovered: 1% of target)
    voronoi warm-start: IoU 0.625 ≤ 0.657, kept current
    [parallel] 10 worker threads, one renderer clone each
    init sampling: best coverage score 25.0px of uncovered area  (16 samples)
[staged]   → robot e: IoU 0.657 → 0.672  ✓
    ↑ new global best IoU 0.672  [phase Ph1 robot e]
[staged] Phase 1 done — composite IoU: 0.672

[staged] Phase 2 — backward pass  (16 iters × 5 robots, sigma=0.300)
[staged]   contributions before Phase 2:
[staged]     robot a: +0.142 IoU
[staged]     robot b: +0.093 IoU
[staged]     robot c: +0.062 IoU
[staged]     robot d: +0.065 IoU
[staged]     robot e: +0.015 IoU  ← low
[staged]   Ph2 robot e  zone 1  (uncovered: 15% of target)
    [parallel] 10 worker threads, one renderer clone each
    init sampling: best coverage score 128.0px of uncovered area  (16 samples)
[staged]   → robot e: IoU 0.672 → 0.685  ✓
    ↑ new global best IoU 0.685  [phase Ph2 robot e]
[staged]   Ph2 robot d  zone 2  (uncovered: 17% of target)
    [parallel] 10 worker threads, one renderer clone each
    init sampling: best coverage score 183.0px of uncovered area  (16 samples)
[staged]   → robot d: candidate 0.652 < current 0.685  ✗ rejected
[staged]   Ph2 robot c  zone 4  (uncovered: 26% of target)
    [parallel] 10 worker threads, one renderer clone each
    init sampling: best coverage score 358.0px of uncovered area  (16 samples)
[staged]   → robot c: candidate 0.622 < current 0.685  ✗ rejected
[staged]   Ph2 robot b  zone 0  (uncovered: 24% of target)
    [parallel] 10 worker threads, one renderer clone each
    init sampling: best coverage score 262.0px of uncovered area  (16 samples)
[staged]   → robot b: IoU 0.685 → 0.708  ✓
    ↑ new global best IoU 0.708  [phase Ph2 robot b]
[staged]   Ph2 robot a  zone 3  (uncovered: 28% of target)
    [parallel] 10 worker threads, one renderer clone each
    init sampling: best coverage score 450.0px of uncovered area  (16 samples)
[staged]   → robot a: IoU 0.708 → 0.713  ✓
    ↑ new global best IoU 0.713  [phase Ph2 robot a]
[staged] Phase 2 done — composite IoU: 0.713

[staged] Best snapshot: Phase 2  IoU=0.713
[staged] Manifold final pass — computing Jacobian  (ε=0.020, 60 renders)
[staged] Manifold basis: k=10D / 30D  (variance≥85%, top eigenvalues: ['342782.44', '162926.23', '139778.36', '67774.72', '62801.90'])
    ↑ new global best IoU 0.720  [manifold final pass]
[staged] Manifold done — IoU: 0.720  (Δ=+0.007)  ✓
[staged] FD refinement — 5 Adam steps  (300 renders, lr=0.01, ε=0.02)
[staged] FD done — IoU: 0.720  (Δ=+0.000)  ✓
[staged] Done — final IoU: 0.720  loss: 0.2816
[shard 0] 2/10 letters_upper/H_dejavusans-bold  best=0.720 mean=0.692±0.016  194s  eta 0.4h
[staged] Popsize: per-robot phases=32  final=48  (theory optimum for 6 DOF = 10)

[staged] Hungarian pre-assignment  (5×5 cost matrix, 8 samples/entry = 200 renders)...
[staged]   robot_a → zone 4  robot_b → zone 2  robot_c → zone 0  robot_d → zone 3  robot_e → zone 1

[staged] Phase 1 — forward greedy  (16 iters × 5 robot(s), sigma=0.40×1.00, popsize=32)
[staged]   Ph1 robot a  zone 4  (uncovered: 17% of target)
    voronoi warm-start: IoU 0.198 → 0.319 ✓
    [parallel] 10 worker threads, one renderer clone each
    init sampling: best coverage score 137.0px of uncovered area  (8 samples)
[staged]   → robot a: IoU 0.198 → 0.460  ✓
    ↑ new global best IoU 0.460  [phase Ph1 robot a]
[staged]   Ph1 robot b  zone 2  (uncovered: 6% of target)
    voronoi warm-start: IoU 0.441 ≤ 0.460, kept current
    [parallel] 10 worker threads, one renderer clone each
    init sampling: best coverage score 239.0px of uncovered area  (16 samples)
[staged]   → robot b: IoU 0.460 → 0.530  ✓
    ↑ new global best IoU 0.530  [phase Ph1 robot b]
[staged]   Ph1 robot c  zone 0  (uncovered: 12% of target)
    voronoi warm-start: IoU 0.520 ≤ 0.530, kept current
    [parallel] 10 worker threads, one renderer clone each
    init sampling: best coverage score 18.0px of uncovered area  (16 samples)
[staged]   → robot c: IoU 0.530 → 0.586  ✓
    ↑ new global best IoU 0.586  [phase Ph1 robot c]
[staged]   Ph1 robot d  zone 3  (uncovered: 1% of target)
    voronoi warm-start: IoU 0.549 ≤ 0.586, kept current
    [parallel] 10 worker threads, one renderer clone each
    init sampling: best coverage score 39.0px of uncovered area  (16 samples)
[staged]   → robot d: IoU 0.586 → 0.613  ✓
    ↑ new global best IoU 0.613  [phase Ph1 robot d]
[staged]   Ph1 robot e  zone 1  (uncovered: 1% of target)
    voronoi warm-start: IoU 0.610 ≤ 0.613, kept current
    [parallel] 10 worker threads, one renderer clone each
    init sampling: best coverage score 52.0px of uncovered area  (16 samples)
[staged]   → robot e: IoU 0.613 → 0.631  ✓
    ↑ new global best IoU 0.631  [phase Ph1 robot e]
[staged] Phase 1 done — composite IoU: 0.631

[staged] Phase 2 — backward pass  (16 iters × 5 robots, sigma=0.300)
[staged]   contributions before Phase 2:
[staged]     robot a: +0.073 IoU
[staged]     robot b: +0.061 IoU
[staged]     robot c: +0.064 IoU
[staged]     robot d: +0.036 IoU  ← low
[staged]     robot e: +0.018 IoU  ← low
[staged]   Ph2 robot e  zone 1  (uncovered: 19% of target)
    [parallel] 10 worker threads, one renderer clone each
    init sampling: best coverage score 58.0px of uncovered area  (16 samples)
[staged]   → robot e: candidate 0.630 < current 0.631  ✗ rejected
[staged]   Ph2 robot d  zone 3  (uncovered: 21% of target)
    [parallel] 10 worker threads, one renderer clone each
    init sampling: best coverage score 116.0px of uncovered area  (16 samples)
[staged]   → robot d: IoU 0.631 → 0.639  ✓
    ↑ new global best IoU 0.639  [phase Ph2 robot d]
[staged]   Ph2 robot c  zone 0  (uncovered: 22% of target)
    [parallel] 10 worker threads, one renderer clone each
    init sampling: best coverage score 296.0px of uncovered area  (16 samples)
[staged]   → robot c: IoU 0.639 → 0.642  ✓
    ↑ new global best IoU 0.642  [phase Ph2 robot c]
[staged]   Ph2 robot b  zone 2  (uncovered: 21% of target)
    [parallel] 10 worker threads, one renderer clone each
    init sampling: best coverage score 174.0px of uncovered area  (16 samples)
[staged]   → robot b: IoU 0.642 → 0.672  ✓
    ↑ new global best IoU 0.672  [phase Ph2 robot b]
[staged]   Ph2 robot a  zone 4  (uncovered: 32% of target)
    [parallel] 10 worker threads, one renderer clone each
    init sampling: best coverage score 220.0px of uncovered area  (16 samples)
[staged]   → robot a: candidate 0.672 < current 0.672  ✗ rejected
[staged] Phase 2 done — composite IoU: 0.672

[staged] Best snapshot: Phase 2  IoU=0.672
[staged] Manifold final pass — computing Jacobian  (ε=0.020, 60 renders)
[staged] Manifold basis: k=8D / 30D  (variance≥85%, top eigenvalues: ['330219.31', '256906.53', '84258.39', '71145.34', '56584.96'])
    ↑ new global best IoU 0.685  [manifold final pass]
[staged] Manifold done — IoU: 0.685  (Δ=+0.012)  ✓
[staged] FD refinement — 5 Adam steps  (300 renders, lr=0.01, ε=0.02)
[staged] FD done — IoU: 0.685  (Δ=+0.000)  ✓
[staged] Done — final IoU: 0.685  loss: 0.3166
[staged] Popsize: per-robot phases=32  final=48  (theory optimum for 6 DOF = 10)

[staged] Hungarian pre-assignment  (5×5 cost matrix, 8 samples/entry = 200 renders)...
[staged]   robot_a → zone 4  robot_b → zone 3  robot_c → zone 1  robot_d → zone 2  robot_e → zone 0

[staged] Phase 1 — forward greedy  (16 iters × 5 robot(s), sigma=0.40×1.00, popsize=32)
[staged]   Ph1 robot a  zone 4  (uncovered: 17% of target)
    voronoi warm-start: IoU 0.198 → 0.319 ✓
    [parallel] 10 worker threads, one renderer clone each
    init sampling: best coverage score 0.0px of uncovered area  (8 samples)
[staged]   → robot a: IoU 0.198 → 0.411  ✓
    ↑ new global best IoU 0.411  [phase Ph1 robot a]
[staged]   Ph1 robot b  zone 3  (uncovered: 19% of target)
    voronoi warm-start: IoU 0.411 → 0.437 ✓
    [parallel] 10 worker threads, one renderer clone each
    init sampling: best coverage score 252.0px of uncovered area  (8 samples)
[staged]   → robot b: IoU 0.411 → 0.521  ✓
    ↑ new global best IoU 0.521  [phase Ph1 robot b]
[staged]   Ph1 robot c  zone 1  (uncovered: 15% of target)
    voronoi warm-start: IoU 0.521 → 0.526 ✓
    [parallel] 10 worker threads, one renderer clone each
    init sampling: best coverage score 108.0px of uncovered area  (8 samples)
[staged]   → robot c: IoU 0.521 → 0.572  ✓
    ↑ new global best IoU 0.572  [phase Ph1 robot c]
[staged]   Ph1 robot d  zone 2  (uncovered: 1% of target)
    voronoi warm-start: IoU 0.544 ≤ 0.572, kept current
    [parallel] 10 worker threads, one renderer clone each
    init sampling: best coverage score 47.0px of uncovered area  (16 samples)
[staged]   → robot d: IoU 0.572 → 0.613  ✓
    ↑ new global best IoU 0.613  [phase Ph1 robot d]
[staged]   Ph1 robot e  zone 0  (uncovered: 2% of target)
    voronoi warm-start: IoU 0.591 ≤ 0.613, kept current
    [parallel] 10 worker threads, one renderer clone each
    init sampling: best coverage score 39.0px of uncovered area  (16 samples)
[staged]   → robot e: IoU 0.613 → 0.679  ✓
    ↑ new global best IoU 0.679  [phase Ph1 robot e]
[staged] Phase 1 done — composite IoU: 0.679

[staged] Phase 2 — backward pass  (16 iters × 5 robots, sigma=0.300)
[staged]   contributions before Phase 2:
[staged]     robot a: +0.184 IoU
[staged]     robot b: +0.117 IoU
[staged]     robot c: +0.042 IoU  ← low
[staged]     robot d: +0.054 IoU
[staged]     robot e: +0.066 IoU
[staged]   Ph2 robot e  zone 0  (uncovered: 21% of target)
    [parallel] 10 worker threads, one renderer clone each
    init sampling: best coverage score 75.0px of uncovered area  (16 samples)
[staged]   → robot e: candidate 0.641 < current 0.679  ✗ rejected
[staged]   Ph2 robot d  zone 2  (uncovered: 18% of target)
    [parallel] 10 worker threads, one renderer clone each
    init sampling: best coverage score 239.0px of uncovered area  (16 samples)
[staged]   → robot d: candidate 0.671 < current 0.679  ✗ rejected
[staged]   Ph2 robot c  zone 1  (uncovered: 16% of target)
    [parallel] 10 worker threads, one renderer clone each
    init sampling: best coverage score 144.0px of uncovered area  (16 samples)
[staged]   → robot c: IoU 0.679 → 0.681  ✓
    ↑ new global best IoU 0.681  [phase Ph2 robot c]
[staged]   Ph2 robot b  zone 3  (uncovered: 28% of target)
    [parallel] 10 worker threads, one renderer clone each
    init sampling: best coverage score 498.0px of uncovered area  (16 samples)
[staged]   → robot b: IoU 0.681 → 0.681  ✓
[staged]   Ph2 robot a  zone 4  (uncovered: 39% of target)
    [parallel] 10 worker threads, one renderer clone each
    init sampling: best coverage score 537.0px of uncovered area  (16 samples)
[staged]   → robot a: candidate 0.655 < current 0.681  ✗ rejected
[staged] Phase 2 done — composite IoU: 0.681

[staged] Best snapshot: global best  IoU=0.681
[staged] Manifold final pass — computing Jacobian  (ε=0.020, 60 renders)
[staged] Manifold basis: k=8D / 30D  (variance≥85%, top eigenvalues: ['511001.53', '230803.91', '162303.64', '94430.65', '67295.91'])
    ↑ new global best IoU 0.698  [manifold final pass]
[staged] Manifold done — IoU: 0.698  (Δ=+0.017)  ✓
[staged] FD refinement — 5 Adam steps  (300 renders, lr=0.01, ε=0.02)
    ↑ new global best IoU 0.700  [FD refinement]
[staged] FD done — IoU: 0.700  (Δ=+0.001)  ✓
[staged] Done — final IoU: 0.700  loss: 0.3018
[staged] Popsize: per-robot phases=32  final=48  (theory optimum for 6 DOF = 10)

[staged] Hungarian pre-assignment  (5×5 cost matrix, 8 samples/entry = 200 renders)...
[staged]   robot_a → zone 2  robot_b → zone 4  robot_c → zone 0  robot_d → zone 1  robot_e → zone 3

[staged] Phase 1 — forward greedy  (16 iters × 5 robot(s), sigma=0.40×1.00, popsize=32)
[staged]   Ph1 robot a  zone 2  (uncovered: 18% of target)
    voronoi warm-start: IoU 0.198 → 0.204 ✓
    [parallel] 10 worker threads, one renderer clone each
    init sampling: best coverage score 0.0px of uncovered area  (8 samples)
[staged]   → robot a: IoU 0.198 → 0.440  ✓
    ↑ new global best IoU 0.440  [phase Ph1 robot a]
[staged]   Ph1 robot b  zone 4  (uncovered: 6% of target)
    voronoi warm-start: IoU 0.440 ≤ 0.440, kept current
    [parallel] 10 worker threads, one renderer clone each
    init sampling: best coverage score 304.0px of uncovered area  (16 samples)
[staged]   → robot b: IoU 0.440 → 0.503  ✓
    ↑ new global best IoU 0.503  [phase Ph1 robot b]
[staged]   Ph1 robot c  zone 0  (uncovered: 3% of target)
    voronoi warm-start: IoU 0.485 ≤ 0.503, kept current
    [parallel] 10 worker threads, one renderer clone each
    init sampling: best coverage score 80.0px of uncovered area  (16 samples)
[staged]   → robot c: IoU 0.503 → 0.566  ✓
    ↑ new global best IoU 0.566  [phase Ph1 robot c]
[staged]   Ph1 robot d  zone 1  (uncovered: 2% of target)
    voronoi warm-start: IoU 0.566 → 0.567 ✓
    [parallel] 10 worker threads, one renderer clone each
    init sampling: best coverage score 24.0px of uncovered area  (8 samples)
[staged]   → robot d: IoU 0.566 → 0.600  ✓
    ↑ new global best IoU 0.600  [phase Ph1 robot d]
[staged]   Ph1 robot e  zone 3  (uncovered: 5% of target)
    voronoi warm-start: IoU 0.600 → 0.606 ✓
    [parallel] 10 worker threads, one renderer clone each
    init sampling: best coverage score 32.0px of uncovered area  (8 samples)
[staged]   → robot e: IoU 0.600 → 0.633  ✓
    ↑ new global best IoU 0.633  [phase Ph1 robot e]
[staged] Phase 1 done — composite IoU: 0.633

[staged] Phase 2 — backward pass  (16 iters × 5 robots, sigma=0.300)
[staged]   contributions before Phase 2:
[staged]     robot a: +0.093 IoU
[staged]     robot b: +0.075 IoU
[staged]     robot c: +0.081 IoU
[staged]     robot d: +0.046 IoU  ← low
[staged]     robot e: +0.033 IoU  ← low
[staged]   Ph2 robot e  zone 3  (uncovered: 19% of target)
    [parallel] 10 worker threads, one renderer clone each
    init sampling: best coverage score 134.0px of uncovered area  (16 samples)
[staged]   → robot e: IoU 0.633 → 0.643  ✓
    ↑ new global best IoU 0.643  [phase Ph2 robot e]
[staged]   Ph2 robot d  zone 1  (uncovered: 23% of target)
    [parallel] 10 worker threads, one renderer clone each
    init sampling: best coverage score 330.0px of uncovered area  (16 samples)
[staged]   → robot d: IoU 0.643 → 0.684  ✓
    ↑ new global best IoU 0.684  [phase Ph2 robot d]
[staged]   Ph2 robot c  zone 0  (uncovered: 22% of target)
    [parallel] 10 worker threads, one renderer clone each
    init sampling: best coverage score 167.0px of uncovered area  (16 samples)
[staged]   → robot c: candidate 0.654 < current 0.684  ✗ rejected
[staged]   Ph2 robot b  zone 4  (uncovered: 19% of target)
    [parallel] 10 worker threads, one renderer clone each
    init sampling: best coverage score 201.0px of uncovered area  (16 samples)
[staged]   → robot b: IoU 0.684 → 0.696  ✓
    ↑ new global best IoU 0.696  [phase Ph2 robot b]
[staged]   Ph2 robot a  zone 2  (uncovered: 24% of target)
    [parallel] 10 worker threads, one renderer clone each
    init sampling: best coverage score 458.0px of uncovered area  (16 samples)
[staged]   → robot a: candidate 0.680 < current 0.696  ✗ rejected
[staged] Phase 2 done — composite IoU: 0.696

[staged] Best snapshot: Phase 2  IoU=0.696
[staged] Manifold final pass — computing Jacobian  (ε=0.020, 60 renders)
[staged] Manifold basis: k=10D / 30D  (variance≥85%, top eigenvalues: ['244075.98', '234009.05', '141541.36', '82630.09', '68791.56'])
    ↑ new global best IoU 0.708  [manifold final pass]
[staged] Manifold done — IoU: 0.708  (Δ=+0.011)  ✓
[staged] FD refinement — 5 Adam steps  (300 renders, lr=0.01, ε=0.02)
    ↑ new global best IoU 0.710  [FD refinement]
[staged] FD done — IoU: 0.710  (Δ=+0.002)  ✓
[staged] Done — final IoU: 0.710  loss: 0.2910
[staged] Popsize: per-robot phases=32  final=48  (theory optimum for 6 DOF = 10)

[staged] Hungarian pre-assignment  (5×5 cost matrix, 8 samples/entry = 200 renders)...
[staged]   robot_a → zone 3  robot_b → zone 2  robot_c → zone 0  robot_d → zone 1  robot_e → zone 4

[staged] Phase 1 — forward greedy  (16 iters × 5 robot(s), sigma=0.40×1.00, popsize=32)
[staged]   Ph1 robot a  zone 3  (uncovered: 18% of target)
    voronoi warm-start: IoU 0.198 → 0.204 ✓
    [parallel] 10 worker threads, one renderer clone each
    init sampling: best coverage score 390.0px of uncovered area  (8 samples)
[staged]   → robot a: IoU 0.198 → 0.423  ✓
    ↑ new global best IoU 0.423  [phase Ph1 robot a]
[staged]   Ph1 robot b  zone 2  (uncovered: 6% of target)
    voronoi warm-start: IoU 0.392 ≤ 0.423, kept current
    [parallel] 10 worker threads, one renderer clone each
    init sampling: best coverage score 176.0px of uncovered area  (16 samples)
[staged]   → robot b: IoU 0.423 → 0.467  ✓
    ↑ new global best IoU 0.467  [phase Ph1 robot b]
[staged]   Ph1 robot c  zone 0  (uncovered: 3% of target)
    voronoi warm-start: IoU 0.458 ≤ 0.467, kept current
    [parallel] 10 worker threads, one renderer clone each
    init sampling: best coverage score 76.0px of uncovered area  (16 samples)
[staged]   → robot c: IoU 0.467 → 0.555  ✓
    ↑ new global best IoU 0.555  [phase Ph1 robot c]
[staged]   Ph1 robot d  zone 1  (uncovered: 1% of target)
    voronoi warm-start: IoU 0.517 ≤ 0.555, kept current
    [parallel] 10 worker threads, one renderer clone each
    init sampling: best coverage score 22.0px of uncovered area  (16 samples)
[staged]   → robot d: IoU 0.555 → 0.597  ✓
    ↑ new global best IoU 0.597  [phase Ph1 robot d]
[staged]   Ph1 robot e  zone 4  (uncovered: 6% of target)
    voronoi warm-start: IoU 0.588 ≤ 0.597, kept current
    [parallel] 10 worker threads, one renderer clone each
    init sampling: best coverage score 45.0px of uncovered area  (16 samples)
[staged]   → robot e: IoU 0.597 → 0.612  ✓
    ↑ new global best IoU 0.612  [phase Ph1 robot e]
[staged] Phase 1 done — composite IoU: 0.612

[staged] Phase 2 — backward pass  (16 iters × 5 robots, sigma=0.300)
[staged]   contributions before Phase 2:
[staged]     robot a: +0.084 IoU
[staged]     robot b: +0.062 IoU
[staged]     robot c: +0.094 IoU
[staged]     robot d: +0.058 IoU
[staged]     robot e: +0.015 IoU  ← low
[staged]   Ph2 robot e  zone 4  (uncovered: 22% of target)
    [parallel] 10 worker threads, one renderer clone each
    init sampling: best coverage score 101.0px of uncovered area  (16 samples)
[staged]   → robot e: IoU 0.612 → 0.623  ✓
    ↑ new global best IoU 0.623  [phase Ph2 robot e]
[staged]   Ph2 robot d  zone 1  (uncovered: 24% of target)
    [parallel] 10 worker threads, one renderer clone each
    init sampling: best coverage score 181.0px of uncovered area  (16 samples)
[staged]   → robot d: candidate 0.618 < current 0.623  ✗ rejected
[staged]   Ph2 robot c  zone 0  (uncovered: 25% of target)
    [parallel] 10 worker threads, one renderer clone each
    init sampling: best coverage score 184.0px of uncovered area  (16 samples)
[staged]   → robot c: IoU 0.623 → 0.630  ✓
    ↑ new global best IoU 0.630  [phase Ph2 robot c]
[staged]   Ph2 robot b  zone 2  (uncovered: 25% of target)
    [parallel] 10 worker threads, one renderer clone each
    init sampling: best coverage score 221.0px of uncovered area  (16 samples)
[staged]   → robot b: IoU 0.630 → 0.647  ✓
    ↑ new global best IoU 0.647  [phase Ph2 robot b]
[staged]   Ph2 robot a  zone 3  (uncovered: 33% of target)
    [parallel] 10 worker threads, one renderer clone each
    init sampling: best coverage score 388.0px of uncovered area  (16 samples)
[staged]   → robot a: IoU 0.647 → 0.656  ✓
    ↑ new global best IoU 0.656  [phase Ph2 robot a]
[staged] Phase 2 done — composite IoU: 0.656

[staged] Best snapshot: Phase 2  IoU=0.656
[staged] Manifold final pass — computing Jacobian  (ε=0.020, 60 renders)
[staged] Manifold basis: k=9D / 30D  (variance≥85%, top eigenvalues: ['232202.20', '174081.98', '101428.67', '78800.02', '55393.78'])
    ↑ new global best IoU 0.668  [manifold final pass]
[staged] Manifold done — IoU: 0.668  (Δ=+0.012)  ✓
[staged] FD refinement — 5 Adam steps  (300 renders, lr=0.01, ε=0.02)
[staged] FD done — IoU: 0.668  (Δ=+0.000)  ✓
[staged] Done — final IoU: 0.668  loss: 0.3324
[staged] Popsize: per-robot phases=32  final=48  (theory optimum for 6 DOF = 10)

[staged] Hungarian pre-assignment  (5×5 cost matrix, 8 samples/entry = 200 renders)...
[staged]   robot_a → zone 3  robot_b → zone 4  robot_c → zone 0  robot_d → zone 2  robot_e → zone 1

[staged] Phase 1 — forward greedy  (16 iters × 5 robot(s), sigma=0.40×1.00, popsize=32)
[staged]   Ph1 robot a  zone 3  (uncovered: 20% of target)
    voronoi warm-start: IoU 0.198 → 0.327 ✓
    [parallel] 10 worker threads, one renderer clone each
    init sampling: best coverage score 438.0px of uncovered area  (8 samples)
[staged]   → robot a: IoU 0.198 → 0.445  ✓
    ↑ new global best IoU 0.445  [phase Ph1 robot a]
[staged]   Ph1 robot b  zone 4  (uncovered: 6% of target)
    voronoi warm-start: IoU 0.445 ≤ 0.445, kept current
    [parallel] 10 worker threads, one renderer clone each
    init sampling: best coverage score 303.0px of uncovered area  (16 samples)
[staged]   → robot b: IoU 0.445 → 0.502  ✓
    ↑ new global best IoU 0.502  [phase Ph1 robot b]
[staged]   Ph1 robot c  zone 0  (uncovered: 2% of target)
    voronoi warm-start: IoU 0.468 ≤ 0.502, kept current
    [parallel] 10 worker threads, one renderer clone each
    init sampling: best coverage score 56.0px of uncovered area  (16 samples)
[staged]   → robot c: IoU 0.502 → 0.593  ✓
    ↑ new global best IoU 0.593  [phase Ph1 robot c]
[staged]   Ph1 robot d  zone 2  (uncovered: 4% of target)
    voronoi warm-start: IoU 0.587 ≤ 0.593, kept current
    [parallel] 10 worker threads, one renderer clone each
    init sampling: best coverage score 50.0px of uncovered area  (16 samples)
[staged]   → robot d: IoU 0.593 → 0.615  ✓
    ↑ new global best IoU 0.615  [phase Ph1 robot d]
[staged]   Ph1 robot e  zone 1  (uncovered: 13% of target)
    voronoi warm-start: IoU 0.592 ≤ 0.615, kept current
    [parallel] 10 worker threads, one renderer clone each
    init sampling: best coverage score 125.0px of uncovered area  (16 samples)
[staged]   → robot e: IoU 0.615 → 0.638  ✓
    ↑ new global best IoU 0.638  [phase Ph1 robot e]
[staged] Phase 1 done — composite IoU: 0.638

[staged] Phase 2 — backward pass  (16 iters × 5 robots, sigma=0.300)
[staged]   contributions before Phase 2:
[staged]     robot a: +0.087 IoU
[staged]     robot b: +0.071 IoU
[staged]     robot c: +0.068 IoU
[staged]     robot d: +0.031 IoU  ← low
[staged]     robot e: +0.024 IoU  ← low
[staged]   Ph2 robot e  zone 1  (uncovered: 21% of target)
    [parallel] 10 worker threads, one renderer clone each
    init sampling: best coverage score 428.0px of uncovered area  (16 samples)
[staged]   → robot e: IoU 0.638 → 0.677  ✓
    ↑ new global best IoU 0.677  [phase Ph2 robot e]
[staged]   Ph2 robot d  zone 2  (uncovered: 15% of target)
    [parallel] 10 worker threads, one renderer clone each
    init sampling: best coverage score 99.0px of uncovered area  (16 samples)
[staged]   → robot d: IoU 0.677 → 0.703  ✓
    ↑ new global best IoU 0.703  [phase Ph2 robot d]
[staged]   Ph2 robot c  zone 0  (uncovered: 23% of target)
    [parallel] 10 worker threads, one renderer clone each
    init sampling: best coverage score 267.0px of uncovered area  (16 samples)
[staged]   → robot c: IoU 0.703 → 0.714  ✓
    ↑ new global best IoU 0.714  [phase Ph2 robot c]
[staged]   Ph2 robot b  zone 4  (uncovered: 20% of target)
    [parallel] 10 worker threads, one renderer clone each
    init sampling: best coverage score 267.0px of uncovered area  (16 samples)
[staged]   → robot b: candidate 0.714 < current 0.714  ✗ rejected
[staged]   Ph2 robot a  zone 3  (uncovered: 27% of target)
    [parallel] 10 worker threads, one renderer clone each
    init sampling: best coverage score 652.0px of uncovered area  (16 samples)
[staged]   → robot a: IoU 0.714 → 0.724  ✓
    ↑ new global best IoU 0.724  [phase Ph2 robot a]
[staged] Phase 2 done — composite IoU: 0.724

[staged] Best snapshot: Phase 2  IoU=0.724
[staged] Manifold final pass — computing Jacobian  (ε=0.020, 60 renders)
[staged] Manifold basis: k=9D / 30D  (variance≥85%, top eigenvalues: ['343382.25', '237591.80', '176220.11', '168247.78', '55170.36'])
    ↑ new global best IoU 0.733  [manifold final pass]
[staged] Manifold done — IoU: 0.733  (Δ=+0.010)  ✓
[staged] FD refinement — 5 Adam steps  (300 renders, lr=0.01, ε=0.02)
    ↑ new global best IoU 0.736  [FD refinement]
[staged] FD done — IoU: 0.736  (Δ=+0.002)  ✓
[staged] Done — final IoU: 0.736  loss: 0.2655
[shard 0] 3/10 letters_upper/K_dejavusans-bold  best=0.736 mean=0.700±0.023  194s  eta 0.4h
[staged] Popsize: per-robot phases=32  final=48  (theory optimum for 6 DOF = 10)

[staged] Hungarian pre-assignment  (5×5 cost matrix, 8 samples/entry = 200 renders)...
[staged]   robot_a → zone 0  robot_b → zone 2  robot_c → zone 3  robot_d → zone 1  robot_e → zone 4

[staged] Phase 1 — forward greedy  (16 iters × 5 robot(s), sigma=0.40×1.00, popsize=32)
[staged]   Ph1 robot a  zone 0  (uncovered: 12% of target)
    voronoi warm-start: IoU 0.176 ≤ 0.217, kept current
    [parallel] 10 worker threads, one renderer clone each
    init sampling: best coverage score 539.0px of uncovered area  (16 samples)
[staged]   → robot a: IoU 0.217 → 0.372  ✓
    ↑ new global best IoU 0.372  [phase Ph1 robot a]
[staged]   Ph1 robot b  zone 2  (uncovered: 22% of target)
    voronoi warm-start: IoU 0.372 → 0.384 ✓
    [parallel] 10 worker threads, one renderer clone each
    init sampling: best coverage score 710.0px of uncovered area  (8 samples)
[staged]   → robot b: IoU 0.372 → 0.516  ✓
    ↑ new global best IoU 0.516  [phase Ph1 robot b]
[staged]   Ph1 robot c  zone 3  (uncovered: 2% of target)
    voronoi warm-start: IoU 0.494 ≤ 0.516, kept current
    [parallel] 10 worker threads, one renderer clone each
    init sampling: best coverage score 73.0px of uncovered area  (16 samples)
[staged]   → robot c: IoU 0.516 → 0.605  ✓
    ↑ new global best IoU 0.605  [phase Ph1 robot c]
[staged]   Ph1 robot d  zone 1  (uncovered: 1% of target)
    voronoi warm-start: IoU 0.578 ≤ 0.605, kept current
    [parallel] 10 worker threads, one renderer clone each
    init sampling: best coverage score 0.0px of uncovered area  (16 samples)
[staged]   → robot d: IoU 0.605 → 0.607  ✓
    ↑ new global best IoU 0.607  [phase Ph1 robot d]
[staged]   Ph1 robot e  zone 4  (uncovered: 4% of target)
    voronoi warm-start: IoU 0.571 ≤ 0.607, kept current
    [parallel] 10 worker threads, one renderer clone each
    init sampling: best coverage score 21.0px of uncovered area  (16 samples)
[staged]   → robot e: IoU 0.607 → 0.611  ✓
    ↑ new global best IoU 0.611  [phase Ph1 robot e]
[staged] Phase 1 done — composite IoU: 0.611

[staged] Phase 2 — backward pass  (16 iters × 5 robots, sigma=0.300)
[staged]   contributions before Phase 2:
[staged]     robot a: +0.028 IoU  ← low
[staged]     robot b: +0.165 IoU
[staged]     robot c: +0.073 IoU
[staged]     robot d: -0.002 IoU  ← low
[staged]     robot e: +0.004 IoU  ← low
[staged]   Ph2 robot e  zone 4  (uncovered: 12% of target)
    [parallel] 10 worker threads, one renderer clone each
    init sampling: best coverage score 90.0px of uncovered area  (16 samples)
[staged]   → robot e: IoU 0.611 → 0.624  ✓
    ↑ new global best IoU 0.624  [phase Ph2 robot e]
[staged]   Ph2 robot d  zone 1  (uncovered: 9% of target)
    [parallel] 10 worker threads, one renderer clone each
    init sampling: best coverage score 81.0px of uncovered area  (16 samples)
[staged]   → robot d: IoU 0.624 → 0.647  ✓
    ↑ new global best IoU 0.647  [phase Ph2 robot d]
[staged]   Ph2 robot c  zone 3  (uncovered: 18% of target)
    [parallel] 10 worker threads, one renderer clone each
    init sampling: best coverage score 225.0px of uncovered area  (16 samples)
[staged]   → robot c: candidate 0.633 < current 0.647  ✗ rejected
[staged]   Ph2 robot b  zone 2  (uncovered: 29% of target)
    [parallel] 10 worker threads, one renderer clone each
    init sampling: best coverage score 509.0px of uncovered area  (16 samples)
[staged]   → robot b: candidate 0.613 < current 0.647  ✗ rejected
[staged]   Ph2 robot a  zone 0  (uncovered: 18% of target)
    [parallel] 10 worker threads, one renderer clone each
    init sampling: best coverage score 94.0px of uncovered area  (16 samples)
[staged]   → robot a: IoU 0.647 → 0.692  ✓
    ↑ new global best IoU 0.692  [phase Ph2 robot a]
[staged] Phase 2 done — composite IoU: 0.692

[staged] Best snapshot: Phase 2  IoU=0.692
[staged] Manifold final pass — computing Jacobian  (ε=0.020, 60 renders)
[staged] Manifold basis: k=10D / 30D  (variance≥85%, top eigenvalues: ['544740.44', '137380.92', '118770.09', '74126.19', '48568.16'])
    ↑ new global best IoU 0.723  [manifold final pass]
[staged] Manifold done — IoU: 0.723  (Δ=+0.031)  ✓
[staged] FD refinement — 5 Adam steps  (300 renders, lr=0.01, ε=0.02)
    ↑ new global best IoU 0.727  [FD refinement]
[staged] FD done — IoU: 0.727  (Δ=+0.003)  ✓
[staged] Done — final IoU: 0.727  loss: 0.2743
[staged] Popsize: per-robot phases=32  final=48  (theory optimum for 6 DOF = 10)

[staged] Hungarian pre-assignment  (5×5 cost matrix, 8 samples/entry = 200 renders)...
[staged]   robot_a → zone 1  robot_b → zone 3  robot_c → zone 0  robot_d → zone 2  robot_e → zone 4

[staged] Phase 1 — forward greedy  (16 iters × 5 robot(s), sigma=0.40×1.00, popsize=32)
[staged]   Ph1 robot a  zone 1  (uncovered: 20% of target)
    voronoi warm-start: IoU 0.217 → 0.218 ✓
    [parallel] 10 worker threads, one renderer clone each
    init sampling: best coverage score 0.0px of uncovered area  (8 samples)
[staged]   → robot a: IoU 0.217 → 0.429  ✓
    ↑ new global best IoU 0.429  [phase Ph1 robot a]
[staged]   Ph1 robot b  zone 3  (uncovered: 21% of target)
    voronoi warm-start: IoU 0.429 → 0.435 ✓
    [parallel] 10 worker threads, one renderer clone each
    init sampling: best coverage score 306.0px of uncovered area  (8 samples)
[staged]   → robot b: IoU 0.429 → 0.553  ✓
    ↑ new global best IoU 0.553  [phase Ph1 robot b]
[staged]   Ph1 robot c  zone 0  (uncovered: 1% of target)
    voronoi warm-start: IoU 0.549 ≤ 0.553, kept current
    [parallel] 10 worker threads, one renderer clone each
    init sampling: best coverage score 2.0px of uncovered area  (16 samples)
[staged]   → robot c: IoU 0.553 → 0.578  ✓
    ↑ new global best IoU 0.578  [phase Ph1 robot c]
[staged]   Ph1 robot d  zone 2  (uncovered: 0% of target)
    voronoi warm-start: IoU 0.544 ≤ 0.578, kept current
    [parallel] 10 worker threads, one renderer clone each
    init sampling: best coverage score 14.0px of uncovered area  (16 samples)
[staged]   → robot d: IoU 0.578 → 0.640  ✓
    ↑ new global best IoU 0.640  [phase Ph1 robot d]
[staged]   Ph1 robot e  zone 4  (uncovered: 6% of target)
    voronoi warm-start: IoU 0.602 ≤ 0.640, kept current
    [parallel] 10 worker threads, one renderer clone each
    init sampling: best coverage score 36.0px of uncovered area  (16 samples)
[staged]   → robot e: IoU 0.640 → 0.680  ✓
    ↑ new global best IoU 0.680  [phase Ph1 robot e]
[staged] Phase 1 done — composite IoU: 0.680

[staged] Phase 2 — backward pass  (16 iters × 5 robots, sigma=0.300)
[staged]   contributions before Phase 2:
[staged]     robot a: +0.118 IoU
[staged]     robot b: +0.162 IoU
[staged]     robot c: +0.031 IoU  ← low
[staged]     robot d: +0.064 IoU
[staged]     robot e: +0.040 IoU  ← low
[staged]   Ph2 robot e  zone 4  (uncovered: 18% of target)
    [parallel] 10 worker threads, one renderer clone each
    init sampling: best coverage score 124.0px of uncovered area  (16 samples)
[staged]   → robot e: IoU 0.680 → 0.683  ✓
    ↑ new global best IoU 0.683  [phase Ph2 robot e]
[staged]   Ph2 robot d  zone 2  (uncovered: 22% of target)
    [parallel] 10 worker threads, one renderer clone each
    init sampling: best coverage score 188.0px of uncovered area  (16 samples)
[staged]   → robot d: IoU 0.683 → 0.691  ✓
    ↑ new global best IoU 0.691  [phase Ph2 robot d]
[staged]   Ph2 robot c  zone 0  (uncovered: 18% of target)
    [parallel] 10 worker threads, one renderer clone each
    init sampling: best coverage score 181.0px of uncovered area  (16 samples)
[staged]   → robot c: IoU 0.691 → 0.723  ✓
    ↑ new global best IoU 0.723  [phase Ph2 robot c]
[staged]   Ph2 robot b  zone 3  (uncovered: 29% of target)
    [parallel] 10 worker threads, one renderer clone each
    init sampling: best coverage score 656.0px of uncovered area  (16 samples)
[staged]   → robot b: IoU 0.723 → 0.747  ✓
    ↑ new global best IoU 0.747  [phase Ph2 robot b]
[staged]   Ph2 robot a  zone 1  (uncovered: 21% of target)
    [parallel] 10 worker threads, one renderer clone each
    init sampling: best coverage score 140.0px of uncovered area  (16 samples)
[staged]   → robot a: IoU 0.747 → 0.758  ✓
    ↑ new global best IoU 0.758  [phase Ph2 robot a]
[staged] Phase 2 done — composite IoU: 0.758

[staged] Best snapshot: Phase 2  IoU=0.758
[staged] Manifold final pass — computing Jacobian  (ε=0.020, 60 renders)
[staged] Manifold basis: k=8D / 30D  (variance≥85%, top eigenvalues: ['451933.72', '288257.84', '262605.84', '109566.84', '77007.07'])
    ↑ new global best IoU 0.785  [manifold final pass]
[staged] Manifold done — IoU: 0.785  (Δ=+0.027)  ✓
[staged] FD refinement — 5 Adam steps  (300 renders, lr=0.01, ε=0.02)
[staged] FD done — IoU: 0.785  (Δ=+0.000)  ✓
[staged] Done — final IoU: 0.785  loss: 0.2160
[staged] Popsize: per-robot phases=32  final=48  (theory optimum for 6 DOF = 10)

[staged] Hungarian pre-assignment  (5×5 cost matrix, 8 samples/entry = 200 renders)...
[staged]   robot_a → zone 4  robot_b → zone 0  robot_c → zone 2  robot_d → zone 1  robot_e → zone 3

[staged] Phase 1 — forward greedy  (16 iters × 5 robot(s), sigma=0.40×1.00, popsize=32)
[staged]   Ph1 robot a  zone 4  (uncovered: 21% of target)
    voronoi warm-start: IoU 0.217 → 0.218 ✓
    [parallel] 10 worker threads, one renderer clone each
    init sampling: best coverage score 0.0px of uncovered area  (8 samples)
[staged]   → robot a: IoU 0.217 → 0.524  ✓
    ↑ new global best IoU 0.524  [phase Ph1 robot a]
[staged]   Ph1 robot b  zone 0  (uncovered: 5% of target)
    voronoi warm-start: IoU 0.482 ≤ 0.524, kept current
    [parallel] 10 worker threads, one renderer clone each
    init sampling: best coverage score 156.0px of uncovered area  (16 samples)
[staged]   → robot b: IoU 0.524 → 0.678  ✓
    ↑ new global best IoU 0.678  [phase Ph1 robot b]
[staged]   Ph1 robot c  zone 2  (uncovered: 3% of target)
    voronoi warm-start: IoU 0.646 ≤ 0.678, kept current
    [parallel] 10 worker threads, one renderer clone each
    init sampling: best coverage score 111.0px of uncovered area  (16 samples)
[staged]   → robot c: IoU 0.678 → 0.710  ✓
    ↑ new global best IoU 0.710  [phase Ph1 robot c]
[staged]   Ph1 robot d  zone 1  (uncovered: 4% of target)
    voronoi warm-start: IoU 0.664 ≤ 0.710, kept current
    [parallel] 10 worker threads, one renderer clone each
    init sampling: best coverage score 122.0px of uncovered area  (16 samples)
[staged]   → robot d: IoU 0.710 → 0.731  ✓
    ↑ new global best IoU 0.731  [phase Ph1 robot d]
[staged]   Ph1 robot e  zone 3  (uncovered: 3% of target)
    voronoi warm-start: IoU 0.660 ≤ 0.731, kept current
    [parallel] 10 worker threads, one renderer clone each
    init sampling: best coverage score 8.0px of uncovered area  (16 samples)
[staged]   → robot e: IoU 0.731 → 0.762  ✓
    ↑ new global best IoU 0.762  [phase Ph1 robot e]
[staged] Phase 1 done — composite IoU: 0.762

[staged] Phase 2 — backward pass  (16 iters × 5 robots, sigma=0.300)
[staged]   contributions before Phase 2:
[staged]     robot a: +0.097 IoU
[staged]     robot b: +0.085 IoU
[staged]     robot c: +0.043 IoU  ← low
[staged]     robot d: +0.034 IoU  ← low
[staged]     robot e: +0.031 IoU  ← low
[staged]   Ph2 robot e  zone 3  (uncovered: 13% of target)
    [parallel] 10 worker threads, one renderer clone each
    init sampling: best coverage score 175.0px of uncovered area  (16 samples)
[staged]   → robot e: IoU 0.762 → 0.778  ✓
    ↑ new global best IoU 0.778  [phase Ph2 robot e]
[staged]   Ph2 robot d  zone 1  (uncovered: 12% of target)
    [parallel] 10 worker threads, one renderer clone each
    init sampling: best coverage score 121.0px of uncovered area  (16 samples)
[staged]   → robot d: IoU 0.778 → 0.785  ✓
    ↑ new global best IoU 0.785  [phase Ph2 robot d]
[staged]   Ph2 robot c  zone 2  (uncovered: 10% of target)
    [parallel] 10 worker threads, one renderer clone each
    init sampling: best coverage score 163.0px of uncovered area  (16 samples)
[staged]   → robot c: IoU 0.785 → 0.803  ✓
    ↑ new global best IoU 0.803  [phase Ph2 robot c]
[staged]   Ph2 robot b  zone 0  (uncovered: 14% of target)
    [parallel] 10 worker threads, one renderer clone each
    init sampling: best coverage score 171.0px of uncovered area  (16 samples)
[staged]   → robot b: IoU 0.803 → 0.811  ✓
    ↑ new global best IoU 0.811  [phase Ph2 robot b]
[staged]   Ph2 robot a  zone 4  (uncovered: 33% of target)
    [parallel] 10 worker threads, one renderer clone each
    init sampling: best coverage score 430.0px of uncovered area  (16 samples)
[staged]   → robot a: candidate 0.795 < current 0.811  ✗ rejected
[staged] Phase 2 done — composite IoU: 0.811

[staged] Best snapshot: Phase 2  IoU=0.811
[staged] Manifold final pass — computing Jacobian  (ε=0.020, 60 renders)
[staged] Manifold basis: k=9D / 30D  (variance≥85%, top eigenvalues: ['354982.16', '280660.91', '177982.19', '85916.73', '70292.38'])
    ↑ new global best IoU 0.828  [manifold final pass]
[staged] Manifold done — IoU: 0.828  (Δ=+0.017)  ✓
[staged] FD refinement — 5 Adam steps  (300 renders, lr=0.01, ε=0.02)
[staged] FD done — IoU: 0.828  (Δ=+0.000)  ✓
[staged] Done — final IoU: 0.828  loss: 0.1719
[staged] Popsize: per-robot phases=32  final=48  (theory optimum for 6 DOF = 10)

[staged] Hungarian pre-assignment  (5×5 cost matrix, 8 samples/entry = 200 renders)...
[staged]   robot_a → zone 1  robot_b → zone 3  robot_c → zone 4  robot_d → zone 0  robot_e → zone 2

[staged] Phase 1 — forward greedy  (16 iters × 5 robot(s), sigma=0.40×1.00, popsize=32)
[staged]   Ph1 robot a  zone 1  (uncovered: 20% of target)
    voronoi warm-start: IoU 0.217 → 0.218 ✓
    [parallel] 10 worker threads, one renderer clone each
    init sampling: best coverage score 150.0px of uncovered area  (8 samples)
[staged]   → robot a: IoU 0.217 → 0.505  ✓
    ↑ new global best IoU 0.505  [phase Ph1 robot a]
[staged]   Ph1 robot b  zone 3  (uncovered: 5% of target)
    voronoi warm-start: IoU 0.467 ≤ 0.505, kept current
    [parallel] 10 worker threads, one renderer clone each
    init sampling: best coverage score 188.0px of uncovered area  (16 samples)
[staged]   → robot b: IoU 0.505 → 0.659  ✓
    ↑ new global best IoU 0.659  [phase Ph1 robot b]
[staged]   Ph1 robot c  zone 4  (uncovered: 8% of target)
    voronoi warm-start: IoU 0.595 ≤ 0.659, kept current
    [parallel] 10 worker threads, one renderer clone each
    init sampling: best coverage score 187.0px of uncovered area  (16 samples)
[staged]   → robot c: IoU 0.659 → 0.708  ✓
    ↑ new global best IoU 0.708  [phase Ph1 robot c]
[staged]   Ph1 robot d  zone 0  (uncovered: 0% of target)
    voronoi warm-start: IoU 0.680 ≤ 0.708, kept current
    [parallel] 10 worker threads, one renderer clone each
    init sampling: best coverage score 6.0px of uncovered area  (16 samples)
[staged]   → robot d: IoU 0.708 → 0.732  ✓
    ↑ new global best IoU 0.732  [phase Ph1 robot d]
[staged]   Ph1 robot e  zone 2  (uncovered: 2% of target)
    voronoi warm-start: IoU 0.668 ≤ 0.732, kept current
    [parallel] 10 worker threads, one renderer clone each
    init sampling: best coverage score 16.0px of uncovered area  (16 samples)
[staged]   → robot e: IoU 0.732 → 0.760  ✓
    ↑ new global best IoU 0.760  [phase Ph1 robot e]
[staged] Phase 1 done — composite IoU: 0.760

[staged] Phase 2 — backward pass  (16 iters × 5 robots, sigma=0.300)
[staged]   contributions before Phase 2:
[staged]     robot a: +0.167 IoU
[staged]     robot b: +0.062 IoU
[staged]     robot c: +0.063 IoU
[staged]     robot d: +0.040 IoU  ← low
[staged]     robot e: +0.028 IoU  ← low
[staged]   Ph2 robot e  zone 2  (uncovered: 11% of target)
    [parallel] 10 worker threads, one renderer clone each
    init sampling: best coverage score 62.0px of uncovered area  (16 samples)
[staged]   → robot e: IoU 0.760 → 0.763  ✓
    ↑ new global best IoU 0.763  [phase Ph2 robot e]
[staged]   Ph2 robot d  zone 0  (uncovered: 12% of target)
    [parallel] 10 worker threads, one renderer clone each
    init sampling: best coverage score 68.0px of uncovered area  (16 samples)
[staged]   → robot d: candidate 0.748 < current 0.763  ✗ rejected
[staged]   Ph2 robot c  zone 4  (uncovered: 15% of target)
    [parallel] 10 worker threads, one renderer clone each
    init sampling: best coverage score 154.0px of uncovered area  (16 samples)
[staged]   → robot c: IoU 0.763 → 0.767  ✓
    ↑ new global best IoU 0.767  [phase Ph2 robot c]
[staged]   Ph2 robot b  zone 3  (uncovered: 15% of target)
    [parallel] 10 worker threads, one renderer clone each
    init sampling: best coverage score 234.0px of uncovered area  (16 samples)
[staged]   → robot b: IoU 0.767 → 0.768  ✓
    ↑ new global best IoU 0.768  [phase Ph2 robot b]
[staged]   Ph2 robot a  zone 1  (uncovered: 29% of target)
    [parallel] 10 worker threads, one renderer clone each
    init sampling: best coverage score 355.0px of uncovered area  (16 samples)
[staged]   → robot a: candidate 0.744 < current 0.768  ✗ rejected
[staged] Phase 2 done — composite IoU: 0.768

[staged] Best snapshot: Phase 2  IoU=0.768
[staged] Manifold final pass — computing Jacobian  (ε=0.020, 60 renders)
[staged] Manifold basis: k=8D / 30D  (variance≥85%, top eigenvalues: ['610857.62', '186340.08', '136359.16', '135150.47', '81745.55'])
    ↑ new global best IoU 0.779  [manifold final pass]
[staged] Manifold done — IoU: 0.779  (Δ=+0.011)  ✓
[staged] FD refinement — 5 Adam steps  (300 renders, lr=0.01, ε=0.02)
    ↑ new global best IoU 0.779  [FD refinement]
[staged] FD done — IoU: 0.779  (Δ=+0.000)  ✓
[staged] Done — final IoU: 0.779  loss: 0.2217
[staged] Popsize: per-robot phases=32  final=48  (theory optimum for 6 DOF = 10)

[staged] Hungarian pre-assignment  (5×5 cost matrix, 8 samples/entry = 200 renders)...
[staged]   robot_a → zone 0  robot_b → zone 1  robot_c → zone 4  robot_d → zone 2  robot_e → zone 3

[staged] Phase 1 — forward greedy  (16 iters × 5 robot(s), sigma=0.40×1.00, popsize=32)
[staged]   Ph1 robot a  zone 0  (uncovered: 22% of target)
    voronoi warm-start: IoU 0.217 → 0.300 ✓
    [parallel] 10 worker threads, one renderer clone each
    init sampling: best coverage score 482.0px of uncovered area  (8 samples)
[staged]   → robot a: IoU 0.217 → 0.511  ✓
    ↑ new global best IoU 0.511  [phase Ph1 robot a]
[staged]   Ph1 robot b  zone 1  (uncovered: 5% of target)
    voronoi warm-start: IoU 0.445 ≤ 0.511, kept current
    [parallel] 10 worker threads, one renderer clone each
    init sampling: best coverage score 134.0px of uncovered area  (16 samples)
[staged]   → robot b: IoU 0.511 → 0.667  ✓
    ↑ new global best IoU 0.667  [phase Ph1 robot b]
[staged]   Ph1 robot c  zone 4  (uncovered: 3% of target)
    voronoi warm-start: IoU 0.637 ≤ 0.667, kept current
    [parallel] 10 worker threads, one renderer clone each
    init sampling: best coverage score 54.0px of uncovered area  (16 samples)
[staged]   → robot c: IoU 0.667 → 0.678  ✓
    ↑ new global best IoU 0.678  [phase Ph1 robot c]
[staged]   Ph1 robot d  zone 2  (uncovered: 4% of target)
    voronoi warm-start: IoU 0.599 ≤ 0.678, kept current
    [parallel] 10 worker threads, one renderer clone each
    init sampling: best coverage score 26.0px of uncovered area  (16 samples)
[staged]   → robot d: IoU 0.678 → 0.720  ✓
    ↑ new global best IoU 0.720  [phase Ph1 robot d]
[staged]   Ph1 robot e  zone 3  (uncovered: 1% of target)
    voronoi warm-start: IoU 0.679 ≤ 0.720, kept current
    [parallel] 10 worker threads, one renderer clone each
    init sampling: best coverage score 2.0px of uncovered area  (16 samples)
[staged]   → robot e: IoU 0.720 → 0.729  ✓
    ↑ new global best IoU 0.729  [phase Ph1 robot e]
[staged] Phase 1 done — composite IoU: 0.729

[staged] Phase 2 — backward pass  (16 iters × 5 robots, sigma=0.300)
[staged]   contributions before Phase 2:
[staged]     robot a: +0.190 IoU
[staged]     robot b: +0.192 IoU
[staged]     robot c: +0.002 IoU  ← low
[staged]     robot d: +0.027 IoU  ← low
[staged]     robot e: +0.009 IoU  ← low
[staged]   Ph2 robot e  zone 3  (uncovered: 16% of target)
    [parallel] 10 worker threads, one renderer clone each
    init sampling: best coverage score 123.0px of uncovered area  (16 samples)
[staged]   → robot e: IoU 0.729 → 0.747  ✓
    ↑ new global best IoU 0.747  [phase Ph2 robot e]
[staged]   Ph2 robot d  zone 2  (uncovered: 16% of target)
    [parallel] 10 worker threads, one renderer clone each
    init sampling: best coverage score 85.0px of uncovered area  (16 samples)
[staged]   → robot d: candidate 0.739 < current 0.747  ✗ rejected
[staged]   Ph2 robot c  zone 4  (uncovered: 12% of target)
    [parallel] 10 worker threads, one renderer clone each
    init sampling: best coverage score 72.0px of uncovered area  (16 samples)
[staged]   → robot c: IoU 0.747 → 0.779  ✓
    ↑ new global best IoU 0.779  [phase Ph2 robot c]
[staged]   Ph2 robot b  zone 1  (uncovered: 24% of target)
    [parallel] 10 worker threads, one renderer clone each
    init sampling: best coverage score 361.0px of uncovered area  (16 samples)
[staged]   → robot b: candidate 0.768 < current 0.779  ✗ rejected
[staged]   Ph2 robot a  zone 0  (uncovered: 35% of target)
    [parallel] 10 worker threads, one renderer clone each
    init sampling: best coverage score 750.0px of uncovered area  (16 samples)
[staged]   → robot a: IoU 0.779 → 0.789  ✓
    ↑ new global best IoU 0.789  [phase Ph2 robot a]
[staged] Phase 2 done — composite IoU: 0.789

[staged] Best snapshot: Phase 2  IoU=0.789
[staged] Manifold final pass — computing Jacobian  (ε=0.020, 60 renders)
[staged] Manifold basis: k=8D / 30D  (variance≥85%, top eigenvalues: ['501867.88', '231396.84', '100377.61', '69324.93', '60171.87'])
    ↑ new global best IoU 0.795  [manifold final pass]
[staged] Manifold done — IoU: 0.795  (Δ=+0.006)  ✓
[staged] FD refinement — 5 Adam steps  (300 renders, lr=0.01, ε=0.02)
    ↑ new global best IoU 0.799  [FD refinement]
[staged] FD done — IoU: 0.799  (Δ=+0.004)  ✓
[staged] Done — final IoU: 0.799  loss: 0.2016
[shard 0] 4/10 letters_upper/U_dejavusans-bold  best=0.828 mean=0.784±0.033  194s  eta 0.3h
[staged] Popsize: per-robot phases=32  final=48  (theory optimum for 6 DOF = 10)

[staged] Hungarian pre-assignment  (5×5 cost matrix, 8 samples/entry = 200 renders)...
[staged]   robot_a → zone 3  robot_b → zone 4  robot_c → zone 1  robot_d → zone 0  robot_e → zone 2

[staged] Phase 1 — forward greedy  (16 iters × 5 robot(s), sigma=0.40×1.00, popsize=32)
[staged]   Ph1 robot a  zone 3  (uncovered: 16% of target)
    voronoi warm-start: IoU 0.190 ≤ 0.213, kept current
    [parallel] 10 worker threads, one renderer clone each
    init sampling: best coverage score 50.0px of uncovered area  (16 samples)
[staged]   → robot a: IoU 0.213 → 0.468  ✓
    ↑ new global best IoU 0.468  [phase Ph1 robot a]
[staged]   Ph1 robot b  zone 4  (uncovered: 8% of target)
    voronoi warm-start: IoU 0.417 ≤ 0.468, kept current
    [parallel] 10 worker threads, one renderer clone each
    init sampling: best coverage score 91.0px of uncovered area  (16 samples)
[staged]   → robot b: IoU 0.468 → 0.529  ✓
    ↑ new global best IoU 0.529  [phase Ph1 robot b]
[staged]   Ph1 robot c  zone 1  (uncovered: 6% of target)
    voronoi warm-start: IoU 0.514 ≤ 0.529, kept current
    [parallel] 10 worker threads, one renderer clone each
    init sampling: best coverage score 32.0px of uncovered area  (16 samples)
[staged]   → robot c: IoU 0.529 → 0.576  ✓
    ↑ new global best IoU 0.576  [phase Ph1 robot c]
[staged]   Ph1 robot d  zone 0  (uncovered: 0% of target)
    voronoi warm-start: IoU 0.533 ≤ 0.576, kept current
    [parallel] 10 worker threads, one renderer clone each
    init sampling: best coverage score 16.0px of uncovered area  (16 samples)
[staged]   → robot d: IoU 0.576 → 0.612  ✓
    ↑ new global best IoU 0.612  [phase Ph1 robot d]
[staged]   Ph1 robot e  zone 2  (uncovered: 3% of target)
    voronoi warm-start: IoU 0.566 ≤ 0.612, kept current
    [parallel] 10 worker threads, one renderer clone each
    init sampling: best coverage score 88.0px of uncovered area  (16 samples)
[staged]   → robot e: IoU 0.612 → 0.638  ✓
    ↑ new global best IoU 0.638  [phase Ph1 robot e]
[staged] Phase 1 done — composite IoU: 0.638

[staged] Phase 2 — backward pass  (16 iters × 5 robots, sigma=0.300)
[staged]   contributions before Phase 2:
[staged]     robot a: +0.124 IoU
[staged]     robot b: +0.057 IoU
[staged]     robot c: +0.059 IoU
[staged]     robot d: +0.043 IoU  ← low
[staged]     robot e: +0.027 IoU  ← low
[staged]   Ph2 robot e  zone 2  (uncovered: 10% of target)
    [parallel] 10 worker threads, one renderer clone each
    init sampling: best coverage score 88.0px of uncovered area  (16 samples)
[staged]   → robot e: candidate 0.635 < current 0.638  ✗ rejected
[staged]   Ph2 robot d  zone 0  (uncovered: 16% of target)
    [parallel] 10 worker threads, one renderer clone each
    init sampling: best coverage score 44.0px of uncovered area  (16 samples)
[staged]   → robot d: candidate 0.634 < current 0.638  ✗ rejected
[staged]   Ph2 robot c  zone 1  (uncovered: 14% of target)
    [parallel] 10 worker threads, one renderer clone each
    init sampling: best coverage score 210.0px of uncovered area  (16 samples)
[staged]   → robot c: IoU 0.638 → 0.644  ✓
    ↑ new global best IoU 0.644  [phase Ph2 robot c]
[staged]   Ph2 robot b  zone 4  (uncovered: 14% of target)
    [parallel] 10 worker threads, one renderer clone each
    init sampling: best coverage score 69.0px of uncovered area  (16 samples)
[staged]   → robot b: candidate 0.602 < current 0.644  ✗ rejected
[staged]   Ph2 robot a  zone 3  (uncovered: 26% of target)
    [parallel] 10 worker threads, one renderer clone each
    init sampling: best coverage score 409.0px of uncovered area  (16 samples)
[staged]   → robot a: candidate 0.607 < current 0.644  ✗ rejected
[staged] Phase 2 done — composite IoU: 0.644

[staged] Best snapshot: Phase 2  IoU=0.644
[staged] Manifold final pass — computing Jacobian  (ε=0.020, 60 renders)
[staged] Manifold basis: k=10D / 30D  (variance≥85%, top eigenvalues: ['483808.12', '177736.44', '170718.48', '82957.45', '81760.22'])
    ↑ new global best IoU 0.673  [manifold final pass]
[staged] Manifold done — IoU: 0.673  (Δ=+0.029)  ✓
[staged] FD refinement — 5 Adam steps  (300 renders, lr=0.01, ε=0.02)
[staged] FD done — IoU: 0.673  (Δ=+0.000)  ✓
[staged] Done — final IoU: 0.673  loss: 0.3287
[staged] Popsize: per-robot phases=32  final=48  (theory optimum for 6 DOF = 10)

[staged] Hungarian pre-assignment  (5×5 cost matrix, 8 samples/entry = 200 renders)...
[staged]   robot_a → zone 1  robot_b → zone 4  robot_c → zone 0  robot_d → zone 2  robot_e → zone 3

[staged] Phase 1 — forward greedy  (16 iters × 5 robot(s), sigma=0.40×1.00, popsize=32)
[staged]   Ph1 robot a  zone 1  (uncovered: 24% of target)
    voronoi warm-start: IoU 0.210 ≤ 0.213, kept current
    [parallel] 10 worker threads, one renderer clone each
    init sampling: best coverage score 285.0px of uncovered area  (16 samples)
[staged]   → robot a: IoU 0.213 → 0.434  ✓
    ↑ new global best IoU 0.434  [phase Ph1 robot a]
[staged]   Ph1 robot b  zone 4  (uncovered: 8% of target)
    voronoi warm-start: IoU 0.414 ≤ 0.434, kept current
    [parallel] 10 worker threads, one renderer clone each
    init sampling: best coverage score 242.0px of uncovered area  (16 samples)
[staged]   → robot b: IoU 0.434 → 0.511  ✓
    ↑ new global best IoU 0.511  [phase Ph1 robot b]
[staged]   Ph1 robot c  zone 0  (uncovered: 8% of target)
    voronoi warm-start: IoU 0.459 ≤ 0.511, kept current
    [parallel] 10 worker threads, one renderer clone each
    init sampling: best coverage score 144.0px of uncovered area  (16 samples)
[staged]   → robot c: IoU 0.511 → 0.556  ✓
    ↑ new global best IoU 0.556  [phase Ph1 robot c]
[staged]   Ph1 robot d  zone 2  (uncovered: 4% of target)
    voronoi warm-start: IoU 0.519 ≤ 0.556, kept current
    [parallel] 10 worker threads, one renderer clone each
    init sampling: best coverage score 103.0px of uncovered area  (16 samples)
[staged]   → robot d: IoU 0.556 → 0.595  ✓
    ↑ new global best IoU 0.595  [phase Ph1 robot d]
[staged]   Ph1 robot e  zone 3  (uncovered: 2% of target)
    voronoi warm-start: IoU 0.543 ≤ 0.595, kept current
    [parallel] 10 worker threads, one renderer clone each
    init sampling: best coverage score 18.0px of uncovered area  (16 samples)
[staged]   → robot e: IoU 0.595 → 0.605  ✓
    ↑ new global best IoU 0.605  [phase Ph1 robot e]
[staged] Phase 1 done — composite IoU: 0.605

[staged] Phase 2 — backward pass  (16 iters × 5 robots, sigma=0.300)
[staged]   contributions before Phase 2:
[staged]     robot a: +0.116 IoU
[staged]     robot b: +0.063 IoU
[staged]     robot c: +0.040 IoU  ← low
[staged]     robot d: +0.042 IoU  ← low
[staged]     robot e: +0.010 IoU  ← low
[staged]   Ph2 robot e  zone 3  (uncovered: 7% of target)
    [parallel] 10 worker threads, one renderer clone each
    init sampling: best coverage score 42.0px of uncovered area  (16 samples)
[staged]   → robot e: candidate 0.601 < current 0.605  ✗ rejected
[staged]   Ph2 robot d  zone 2  (uncovered: 13% of target)
    [parallel] 10 worker threads, one renderer clone each
    init sampling: best coverage score 273.0px of uncovered area  (16 samples)
[staged]   → robot d: IoU 0.605 → 0.608  ✓
    ↑ new global best IoU 0.608  [phase Ph2 robot d]
[staged]   Ph2 robot c  zone 0  (uncovered: 16% of target)
    [parallel] 10 worker threads, one renderer clone each
    init sampling: best coverage score 83.0px of uncovered area  (16 samples)
[staged]   → robot c: IoU 0.608 → 0.617  ✓
    ↑ new global best IoU 0.617  [phase Ph2 robot c]
[staged]   Ph2 robot b  zone 4  (uncovered: 20% of target)
    [parallel] 10 worker threads, one renderer clone each
    init sampling: best coverage score 132.0px of uncovered area  (16 samples)
[staged]   → robot b: candidate 0.603 < current 0.617  ✗ rejected
[staged]   Ph2 robot a  zone 1  (uncovered: 24% of target)
    [parallel] 10 worker threads, one renderer clone each
    init sampling: best coverage score 332.0px of uncovered area  (16 samples)
[staged]   → robot a: candidate 0.557 < current 0.617  ✗ rejected
[staged] Phase 2 done — composite IoU: 0.617

[staged] Best snapshot: Phase 2  IoU=0.617
[staged] Manifold final pass — computing Jacobian  (ε=0.020, 60 renders)
[staged] Manifold basis: k=10D / 30D  (variance≥85%, top eigenvalues: ['271530.31', '199974.61', '137953.94', '116265.95', '95289.61'])
    ↑ new global best IoU 0.635  [manifold final pass]
[staged] Manifold done — IoU: 0.635  (Δ=+0.018)  ✓
[staged] FD refinement — 5 Adam steps  (300 renders, lr=0.01, ε=0.02)
    ↑ new global best IoU 0.641  [FD refinement]
[staged] FD done — IoU: 0.641  (Δ=+0.005)  ✓
[staged] Done — final IoU: 0.641  loss: 0.3612
[staged] Popsize: per-robot phases=32  final=48  (theory optimum for 6 DOF = 10)

[staged] Hungarian pre-assignment  (5×5 cost matrix, 8 samples/entry = 200 renders)...
[staged]   robot_a → zone 2  robot_b → zone 4  robot_c → zone 0  robot_d → zone 1  robot_e → zone 3

[staged] Phase 1 — forward greedy  (16 iters × 5 robot(s), sigma=0.40×1.00, popsize=32)
[staged]   Ph1 robot a  zone 2  (uncovered: 21% of target)
    voronoi warm-start: IoU 0.198 ≤ 0.213, kept current
    [parallel] 10 worker threads, one renderer clone each
    init sampling: best coverage score 550.0px of uncovered area  (16 samples)
[staged]   → robot a: IoU 0.213 → 0.378  ✓
    ↑ new global best IoU 0.378  [phase Ph1 robot a]
[staged]   Ph1 robot b  zone 4  (uncovered: 1% of target)
    voronoi warm-start: IoU 0.364 ≤ 0.378, kept current
    [parallel] 10 worker threads, one renderer clone each
    init sampling: best coverage score 35.0px of uncovered area  (16 samples)
[staged]   → robot b: IoU 0.378 → 0.476  ✓
    ↑ new global best IoU 0.476  [phase Ph1 robot b]
[staged]   Ph1 robot c  zone 0  (uncovered: 10% of target)
    voronoi warm-start: IoU 0.476 → 0.493 ✓
    [parallel] 10 worker threads, one renderer clone each
    init sampling: best coverage score 150.0px of uncovered area  (8 samples)
[staged]   → robot c: IoU 0.476 → 0.553  ✓
    ↑ new global best IoU 0.553  [phase Ph1 robot c]
[staged]   Ph1 robot d  zone 1  (uncovered: 5% of target)
    voronoi warm-start: IoU 0.519 ≤ 0.553, kept current
    [parallel] 10 worker threads, one renderer clone each
    init sampling: best coverage score 87.0px of uncovered area  (16 samples)
[staged]   → robot d: IoU 0.553 → 0.573  ✓
    ↑ new global best IoU 0.573  [phase Ph1 robot d]
[staged]   Ph1 robot e  zone 3  (uncovered: 6% of target)
    voronoi warm-start: IoU 0.524 ≤ 0.573, kept current
    [parallel] 10 worker threads, one renderer clone each
    init sampling: best coverage score 13.0px of uncovered area  (16 samples)
[staged]   → robot e: IoU 0.573 → 0.609  ✓
    ↑ new global best IoU 0.609  [phase Ph1 robot e]
[staged] Phase 1 done — composite IoU: 0.609

[staged] Phase 2 — backward pass  (16 iters × 5 robots, sigma=0.300)
[staged]   contributions before Phase 2:
[staged]     robot a: +0.127 IoU
[staged]     robot b: +0.056 IoU
[staged]     robot c: +0.072 IoU
[staged]     robot d: +0.032 IoU  ← low
[staged]     robot e: +0.036 IoU  ← low
[staged]   Ph2 robot e  zone 3  (uncovered: 16% of target)
    [parallel] 10 worker threads, one renderer clone each
    init sampling: best coverage score 111.0px of uncovered area  (16 samples)
[staged]   → robot e: candidate 0.603 < current 0.609  ✗ rejected
[staged]   Ph2 robot d  zone 1  (uncovered: 15% of target)
    [parallel] 10 worker threads, one renderer clone each
    init sampling: best coverage score 109.0px of uncovered area  (16 samples)
[staged]   → robot d: IoU 0.609 → 0.611  ✓
    ↑ new global best IoU 0.611  [phase Ph2 robot d]
[staged]   Ph2 robot c  zone 0  (uncovered: 21% of target)
    [parallel] 10 worker threads, one renderer clone each
    init sampling: best coverage score 250.0px of uncovered area  (16 samples)
[staged]   → robot c: IoU 0.611 → 0.618  ✓
    ↑ new global best IoU 0.618  [phase Ph2 robot c]
[staged]   Ph2 robot b  zone 4  (uncovered: 15% of target)
    [parallel] 10 worker threads, one renderer clone each
    init sampling: best coverage score 146.0px of uncovered area  (16 samples)
[staged]   → robot b: candidate 0.585 < current 0.618  ✗ rejected
[staged]   Ph2 robot a  zone 2  (uncovered: 37% of target)
    [parallel] 10 worker threads, one renderer clone each
    init sampling: best coverage score 441.0px of uncovered area  (16 samples)
[staged]   → robot a: candidate 0.606 < current 0.618  ✗ rejected
[staged] Phase 2 done — composite IoU: 0.618

[staged] Best snapshot: Phase 2  IoU=0.618
[staged] Manifold final pass — computing Jacobian  (ε=0.020, 60 renders)
[staged] Manifold basis: k=9D / 30D  (variance≥85%, top eigenvalues: ['524475.31', '155136.27', '122992.02', '81403.30', '59939.54'])
    ↑ new global best IoU 0.658  [manifold final pass]
[staged] Manifold done — IoU: 0.658  (Δ=+0.039)  ✓
[staged] FD refinement — 5 Adam steps  (300 renders, lr=0.01, ε=0.02)
    ↑ new global best IoU 0.665  [FD refinement]
[staged] FD done — IoU: 0.665  (Δ=+0.007)  ✓
[staged] Done — final IoU: 0.665  loss: 0.3363
[staged] Popsize: per-robot phases=32  final=48  (theory optimum for 6 DOF = 10)

[staged] Hungarian pre-assignment  (5×5 cost matrix, 8 samples/entry = 200 renders)...
[staged]   robot_a → zone 3  robot_b → zone 1  robot_c → zone 0  robot_d → zone 2  robot_e → zone 4

[staged] Phase 1 — forward greedy  (16 iters × 5 robot(s), sigma=0.40×1.00, popsize=32)
[staged]   Ph1 robot a  zone 3  (uncovered: 16% of target)
    voronoi warm-start: IoU 0.190 ≤ 0.213, kept current
    [parallel] 10 worker threads, one renderer clone each
    init sampling: best coverage score 252.0px of uncovered area  (16 samples)
[staged]   → robot a: IoU 0.213 → 0.444  ✓
    ↑ new global best IoU 0.444  [phase Ph1 robot a]
[staged]   Ph1 robot b  zone 1  (uncovered: 9% of target)
    voronoi warm-start: IoU 0.334 ≤ 0.444, kept current
    [parallel] 10 worker threads, one renderer clone each
    init sampling: best coverage score 107.0px of uncovered area  (16 samples)
[staged]   → robot b: IoU 0.444 → 0.538  ✓
    ↑ new global best IoU 0.538  [phase Ph1 robot b]
[staged]   Ph1 robot c  zone 0  (uncovered: 4% of target)
    voronoi warm-start: IoU 0.499 ≤ 0.538, kept current
    [parallel] 10 worker threads, one renderer clone each
    init sampling: best coverage score 74.0px of uncovered area  (16 samples)
[staged]   → robot c: IoU 0.538 → 0.568  ✓
    ↑ new global best IoU 0.568  [phase Ph1 robot c]
[staged]   Ph1 robot d  zone 2  (uncovered: 2% of target)
    voronoi warm-start: IoU 0.533 ≤ 0.568, kept current
    [parallel] 10 worker threads, one renderer clone each
    init sampling: best coverage score 51.0px of uncovered area  (16 samples)
[staged]   → robot d: IoU 0.568 → 0.583  ✓
    ↑ new global best IoU 0.583  [phase Ph1 robot d]
[staged]   Ph1 robot e  zone 4  (uncovered: 0% of target)
    voronoi warm-start: IoU 0.540 ≤ 0.583, kept current
    [parallel] 10 worker threads, one renderer clone each
    init sampling: best coverage score 6.0px of uncovered area  (16 samples)
[staged]   → robot e: IoU 0.583 → 0.628  ✓
    ↑ new global best IoU 0.628  [phase Ph1 robot e]
[staged] Phase 1 done — composite IoU: 0.628

[staged] Phase 2 — backward pass  (16 iters × 5 robots, sigma=0.300)
[staged]   contributions before Phase 2:
[staged]     robot a: +0.137 IoU
[staged]     robot b: +0.113 IoU
[staged]     robot c: +0.045 IoU  ← low
[staged]     robot d: +0.029 IoU  ← low
[staged]     robot e: +0.046 IoU  ← low
[staged]   Ph2 robot e  zone 4  (uncovered: 17% of target)
    [parallel] 10 worker threads, one renderer clone each
    init sampling: best coverage score 307.0px of uncovered area  (16 samples)
[staged]   → robot e: IoU 0.628 → 0.659  ✓
    ↑ new global best IoU 0.659  [phase Ph2 robot e]
[staged]   Ph2 robot d  zone 2  (uncovered: 9% of target)
    [parallel] 10 worker threads, one renderer clone each
    init sampling: best coverage score 42.0px of uncovered area  (16 samples)
[staged]   → robot d: IoU 0.659 → 0.675  ✓
    ↑ new global best IoU 0.675  [phase Ph2 robot d]
[staged]   Ph2 robot c  zone 0  (uncovered: 11% of target)
    [parallel] 10 worker threads, one renderer clone each
    init sampling: best coverage score 213.0px of uncovered area  (16 samples)
[staged]   → robot c: IoU 0.675 → 0.681  ✓
    ↑ new global best IoU 0.681  [phase Ph2 robot c]
[staged]   Ph2 robot b  zone 1  (uncovered: 22% of target)
    [parallel] 10 worker threads, one renderer clone each
    init sampling: best coverage score 287.0px of uncovered area  (16 samples)
[staged]   → robot b: candidate 0.657 < current 0.681  ✗ rejected
[staged]   Ph2 robot a  zone 3  (uncovered: 16% of target)
    [parallel] 10 worker threads, one renderer clone each
    init sampling: best coverage score 208.0px of uncovered area  (16 samples)
[staged]   → robot a: IoU 0.681 → 0.686  ✓
    ↑ new global best IoU 0.686  [phase Ph2 robot a]
[staged] Phase 2 done — composite IoU: 0.686

[staged] Best snapshot: Phase 2  IoU=0.686
[staged] Manifold final pass — computing Jacobian  (ε=0.020, 60 renders)
[staged] Manifold basis: k=8D / 30D  (variance≥85%, top eigenvalues: ['309046.69', '249245.31', '191162.86', '165677.08', '153141.56'])
    ↑ new global best IoU 0.711  [manifold final pass]
[staged] Manifold done — IoU: 0.711  (Δ=+0.025)  ✓
[staged] FD refinement — 5 Adam steps  (300 renders, lr=0.01, ε=0.02)
[staged] FD done — IoU: 0.711  (Δ=+0.000)  ✓
[staged] Done — final IoU: 0.711  loss: 0.2902
[staged] Popsize: per-robot phases=32  final=48  (theory optimum for 6 DOF = 10)

[staged] Hungarian pre-assignment  (5×5 cost matrix, 8 samples/entry = 200 renders)...
[staged]   robot_a → zone 3  robot_b → zone 4  robot_c → zone 0  robot_d → zone 2  robot_e → zone 1

[staged] Phase 1 — forward greedy  (16 iters × 5 robot(s), sigma=0.40×1.00, popsize=32)
[staged]   Ph1 robot a  zone 3  (uncovered: 8% of target)
    voronoi warm-start: IoU 0.181 ≤ 0.213, kept current
    [parallel] 10 worker threads, one renderer clone each
    init sampling: best coverage score 107.0px of uncovered area  (16 samples)
[staged]   → robot a: IoU 0.213 → 0.509  ✓
    ↑ new global best IoU 0.509  [phase Ph1 robot a]
[staged]   Ph1 robot b  zone 4  (uncovered: 0% of target)
    voronoi warm-start: IoU 0.482 ≤ 0.509, kept current
    [parallel] 10 worker threads, one renderer clone each
    init sampling: best coverage score 0.0px of uncovered area  (16 samples)
[staged]   → robot b: IoU 0.509 → 0.544  ✓
    ↑ new global best IoU 0.544  [phase Ph1 robot b]
[staged]   Ph1 robot c  zone 0  (uncovered: 8% of target)
    voronoi warm-start: IoU 0.484 ≤ 0.544, kept current
    [parallel] 10 worker threads, one renderer clone each
    init sampling: best coverage score 261.0px of uncovered area  (16 samples)
[staged]   → robot c: IoU 0.544 → 0.577  ✓
    ↑ new global best IoU 0.577  [phase Ph1 robot c]
[staged]   Ph1 robot d  zone 2  (uncovered: 4% of target)
    voronoi warm-start: IoU 0.514 ≤ 0.577, kept current
    [parallel] 10 worker threads, one renderer clone each
    init sampling: best coverage score 71.0px of uncovered area  (16 samples)
[staged]   → robot d: IoU 0.577 → 0.596  ✓
    ↑ new global best IoU 0.596  [phase Ph1 robot d]
[staged]   Ph1 robot e  zone 1  (uncovered: 1% of target)
    voronoi warm-start: IoU 0.548 ≤ 0.596, kept current
    [parallel] 10 worker threads, one renderer clone each
    init sampling: best coverage score 17.0px of uncovered area  (16 samples)
[staged]   → robot e: IoU 0.596 → 0.605  ✓
    ↑ new global best IoU 0.605  [phase Ph1 robot e]
[staged] Phase 1 done — composite IoU: 0.605

[staged] Phase 2 — backward pass  (16 iters × 5 robots, sigma=0.300)
[staged]   contributions before Phase 2:
[staged]     robot a: +0.219 IoU
[staged]     robot b: +0.022 IoU  ← low
[staged]     robot c: +0.021 IoU  ← low
[staged]     robot d: -0.008 IoU  ← low
[staged]     robot e: +0.009 IoU  ← low
[staged]   Ph2 robot e  zone 1  (uncovered: 8% of target)
    [parallel] 10 worker threads, one renderer clone each
    init sampling: best coverage score 37.0px of uncovered area  (16 samples)
[staged]   → robot e: IoU 0.605 → 0.607  ✓
    ↑ new global best IoU 0.607  [phase Ph2 robot e]
[staged]   Ph2 robot d  zone 2  (uncovered: 11% of target)
    [parallel] 10 worker threads, one renderer clone each
    init sampling: best coverage score 95.0px of uncovered area  (16 samples)
[staged]   → robot d: IoU 0.607 → 0.610  ✓
    ↑ new global best IoU 0.610  [phase Ph2 robot d]
[staged]   Ph2 robot c  zone 0  (uncovered: 17% of target)
    [parallel] 10 worker threads, one renderer clone each
    init sampling: best coverage score 210.0px of uncovered area  (16 samples)
[staged]   → robot c: IoU 0.610 → 0.634  ✓
    ↑ new global best IoU 0.634  [phase Ph2 robot c]
[staged]   Ph2 robot b  zone 4  (uncovered: 13% of target)
    [parallel] 10 worker threads, one renderer clone each
    init sampling: best coverage score 171.0px of uncovered area  (16 samples)
[staged]   → robot b: IoU 0.634 → 0.645  ✓
    ↑ new global best IoU 0.645  [phase Ph2 robot b]
[staged]   Ph2 robot a  zone 3  (uncovered: 40% of target)
    [parallel] 10 worker threads, one renderer clone each
    init sampling: best coverage score 220.0px of uncovered area  (16 samples)
[staged]   → robot a: candidate 0.601 < current 0.645  ✗ rejected
[staged] Phase 2 done — composite IoU: 0.645

[staged] Best snapshot: Phase 2  IoU=0.645
[staged] Manifold final pass — computing Jacobian  (ε=0.020, 60 renders)
[staged] Manifold basis: k=9D / 30D  (variance≥85%, top eigenvalues: ['367427.72', '184890.64', '170163.08', '71705.16', '57581.43'])
    ↑ new global best IoU 0.674  [manifold final pass]
[staged] Manifold done — IoU: 0.674  (Δ=+0.029)  ✓
[staged] FD refinement — 5 Adam steps  (300 renders, lr=0.01, ε=0.02)
    ↑ new global best IoU 0.677  [FD refinement]
[staged] FD done — IoU: 0.677  (Δ=+0.003)  ✓
[staged] Done — final IoU: 0.677  loss: 0.3241
[shard 0] 5/10 letters_upper/W_dejavusans-bold  best=0.711 mean=0.673±0.023  194s  eta 0.3h
[staged] Popsize: per-robot phases=32  final=48  (theory optimum for 6 DOF = 10)

[staged] Hungarian pre-assignment  (5×5 cost matrix, 8 samples/entry = 200 renders)...
[staged]   robot_a → zone 0  robot_b → zone 3  robot_c → zone 1  robot_d → zone 4  robot_e → zone 2

[staged] Phase 1 — forward greedy  (16 iters × 5 robot(s), sigma=0.40×1.00, popsize=32)
[staged]   Ph1 robot a  zone 0  (uncovered: 14% of target)
    voronoi warm-start: IoU 0.141 ≤ 0.157, kept current
    [parallel] 10 worker threads, one renderer clone each
    init sampling: best coverage score 440.0px of uncovered area  (16 samples)
[staged]   → robot a: IoU 0.157 → 0.439  ✓
    ↑ new global best IoU 0.439  [phase Ph1 robot a]
[staged]   Ph1 robot b  zone 3  (uncovered: 4% of target)
    voronoi warm-start: IoU 0.421 ≤ 0.439, kept current
    [parallel] 10 worker threads, one renderer clone each
    init sampling: best coverage score 147.0px of uncovered area  (16 samples)
[staged]   → robot b: IoU 0.439 → 0.454  ✓
    ↑ new global best IoU 0.454  [phase Ph1 robot b]
[staged]   Ph1 robot c  zone 1  (uncovered: 17% of target)
    voronoi warm-start: IoU 0.454 → 0.466 ✓
    [parallel] 10 worker threads, one renderer clone each
    init sampling: best coverage score 1.0px of uncovered area  (8 samples)
[staged]   → robot c: IoU 0.454 → 0.510  ✓
    ↑ new global best IoU 0.510  [phase Ph1 robot c]
[staged]   Ph1 robot d  zone 4  (uncovered: 3% of target)
    voronoi warm-start: IoU 0.510 → 0.512 ✓
    [parallel] 10 worker threads, one renderer clone each
    init sampling: best coverage score 45.0px of uncovered area  (8 samples)
[staged]   → robot d: IoU 0.510 → 0.541  ✓
    ↑ new global best IoU 0.541  [phase Ph1 robot d]
[staged]   Ph1 robot e  zone 2  (uncovered: 3% of target)
    voronoi warm-start: IoU 0.520 ≤ 0.541, kept current
    [parallel] 10 worker threads, one renderer clone each
    init sampling: best coverage score 73.0px of uncovered area  (16 samples)
[staged]   → robot e: IoU 0.541 → 0.582  ✓
    ↑ new global best IoU 0.582  [phase Ph1 robot e]
[staged] Phase 1 done — composite IoU: 0.582

[staged] Phase 2 — backward pass  (16 iters × 5 robots, sigma=0.300)
[staged]   contributions before Phase 2:
[staged]     robot a: +0.109 IoU
[staged]     robot b: +0.006 IoU  ← low
[staged]     robot c: +0.058 IoU
[staged]     robot d: +0.039 IoU  ← low
[staged]     robot e: +0.040 IoU  ← low
[staged]   Ph2 robot e  zone 2  (uncovered: 19% of target)
    [parallel] 10 worker threads, one renderer clone each
    init sampling: best coverage score 97.0px of uncovered area  (16 samples)
[staged]   → robot e: candidate 0.574 < current 0.582  ✗ rejected
[staged]   Ph2 robot d  zone 4  (uncovered: 23% of target)
    [parallel] 10 worker threads, one renderer clone each
    init sampling: best coverage score 249.0px of uncovered area  (16 samples)
[staged]   → robot d: candidate 0.562 < current 0.582  ✗ rejected
[staged]   Ph2 robot c  zone 1  (uncovered: 26% of target)
    [parallel] 10 worker threads, one renderer clone each
    init sampling: best coverage score 453.0px of uncovered area  (16 samples)
[staged]   → robot c: IoU 0.582 → 0.593  ✓
    ↑ new global best IoU 0.593  [phase Ph2 robot c]
[staged]   Ph2 robot b  zone 3  (uncovered: 17% of target)
    [parallel] 10 worker threads, one renderer clone each
    init sampling: best coverage score 285.0px of uncovered area  (16 samples)
[staged]   → robot b: IoU 0.593 → 0.604  ✓
    ↑ new global best IoU 0.604  [phase Ph2 robot b]
[staged]   Ph2 robot a  zone 0  (uncovered: 22% of target)
    [parallel] 10 worker threads, one renderer clone each
    init sampling: best coverage score 311.0px of uncovered area  (16 samples)
[staged]   → robot a: candidate 0.586 < current 0.604  ✗ rejected
[staged] Phase 2 done — composite IoU: 0.604

[staged] Best snapshot: Phase 2  IoU=0.604
[staged] Manifold final pass — computing Jacobian  (ε=0.020, 60 renders)
[staged] Manifold basis: k=8D / 30D  (variance≥85%, top eigenvalues: ['486655.28', '195647.66', '71520.42', '70006.15', '53756.17'])
    ↑ new global best IoU 0.653  [manifold final pass]
[staged] Manifold done — IoU: 0.653  (Δ=+0.049)  ✓
[staged] FD refinement — 5 Adam steps  (300 renders, lr=0.01, ε=0.02)
    ↑ new global best IoU 0.656  [FD refinement]
[staged] FD done — IoU: 0.656  (Δ=+0.003)  ✓
[staged] Done — final IoU: 0.656  loss: 0.3451
[staged] Popsize: per-robot phases=32  final=48  (theory optimum for 6 DOF = 10)

[staged] Hungarian pre-assignment  (5×5 cost matrix, 8 samples/entry = 200 renders)...
[staged]   robot_a → zone 4  robot_b → zone 3  robot_c → zone 0  robot_d → zone 2  robot_e → zone 1

[staged] Phase 1 — forward greedy  (16 iters × 5 robot(s), sigma=0.40×1.00, popsize=32)
[staged]   Ph1 robot a  zone 4  (uncovered: 24% of target)
    voronoi warm-start: IoU 0.157 → 0.256 ✓
    [parallel] 10 worker threads, one renderer clone each
    init sampling: best coverage score 0.0px of uncovered area  (8 samples)
[staged]   → robot a: IoU 0.157 → 0.438  ✓
    ↑ new global best IoU 0.438  [phase Ph1 robot a]
[staged]   Ph1 robot b  zone 3  (uncovered: 17% of target)
    voronoi warm-start: IoU 0.424 ≤ 0.438, kept current
    [parallel] 10 worker threads, one renderer clone each
    init sampling: best coverage score 289.0px of uncovered area  (16 samples)
[staged]   → robot b: IoU 0.438 → 0.521  ✓
    ↑ new global best IoU 0.521  [phase Ph1 robot b]
[staged]   Ph1 robot c  zone 0  (uncovered: 11% of target)
    voronoi warm-start: IoU 0.510 ≤ 0.521, kept current
    [parallel] 10 worker threads, one renderer clone each
    init sampling: best coverage score 79.0px of uncovered area  (16 samples)
[staged]   → robot c: IoU 0.521 → 0.557  ✓
    ↑ new global best IoU 0.557  [phase Ph1 robot c]
[staged]   Ph1 robot d  zone 2  (uncovered: 0% of target)
    voronoi warm-start: IoU 0.547 ≤ 0.557, kept current
    [parallel] 10 worker threads, one renderer clone each
    init sampling: best coverage score 3.0px of uncovered area  (16 samples)
[staged]   → robot d: IoU 0.557 → 0.571  ✓
    ↑ new global best IoU 0.571  [phase Ph1 robot d]
[staged]   Ph1 robot e  zone 1  (uncovered: 4% of target)
    voronoi warm-start: IoU 0.538 ≤ 0.571, kept current
    [parallel] 10 worker threads, one renderer clone each
    init sampling: best coverage score 169.0px of uncovered area  (16 samples)
[staged]   → robot e: IoU 0.571 → 0.612  ✓
    ↑ new global best IoU 0.612  [phase Ph1 robot e]
[staged] Phase 1 done — composite IoU: 0.612

[staged] Phase 2 — backward pass  (16 iters × 5 robots, sigma=0.300)
[staged]   contributions before Phase 2:
[staged]     robot a: +0.048 IoU  ← low
[staged]     robot b: +0.076 IoU
[staged]     robot c: +0.048 IoU  ← low
[staged]     robot d: +0.028 IoU  ← low
[staged]     robot e: +0.042 IoU  ← low
[staged]   Ph2 robot e  zone 1  (uncovered: 14% of target)
    [parallel] 10 worker threads, one renderer clone each
    init sampling: best coverage score 115.0px of uncovered area  (16 samples)
[staged]   → robot e: candidate 0.605 < current 0.612  ✗ rejected
[staged]   Ph2 robot d  zone 2  (uncovered: 12% of target)
    [parallel] 10 worker threads, one renderer clone each
    init sampling: best coverage score 31.0px of uncovered area  (16 samples)
[staged]   → robot d: IoU 0.612 → 0.613  ✓
    ↑ new global best IoU 0.613  [phase Ph2 robot d]
[staged]   Ph2 robot c  zone 0  (uncovered: 11% of target)
    [parallel] 10 worker threads, one renderer clone each
    init sampling: best coverage score 65.0px of uncovered area  (16 samples)
[staged]   → robot c: candidate 0.602 < current 0.613  ✗ rejected
[staged]   Ph2 robot b  zone 3  (uncovered: 24% of target)
    [parallel] 10 worker threads, one renderer clone each
    init sampling: best coverage score 520.0px of uncovered area  (16 samples)
[staged]   → robot b: candidate 0.611 < current 0.613  ✗ rejected
[staged]   Ph2 robot a  zone 4  (uncovered: 27% of target)
    [parallel] 10 worker threads, one renderer clone each
    init sampling: best coverage score 247.0px of uncovered area  (16 samples)
[staged]   → robot a: candidate 0.595 < current 0.613  ✗ rejected
[staged] Phase 2 done — composite IoU: 0.613

[staged] Best snapshot: Phase 2  IoU=0.613
[staged] Manifold final pass — computing Jacobian  (ε=0.020, 60 renders)
[staged] Manifold basis: k=8D / 30D  (variance≥85%, top eigenvalues: ['621643.25', '274113.41', '190925.41', '113027.23', '86461.42'])
    ↑ new global best IoU 0.642  [manifold final pass]
[staged] Manifold done — IoU: 0.642  (Δ=+0.029)  ✓
[staged] FD refinement — 5 Adam steps  (300 renders, lr=0.01, ε=0.02)
    ↑ new global best IoU 0.648  [FD refinement]
[staged] FD done — IoU: 0.648  (Δ=+0.006)  ✓
[staged] Done — final IoU: 0.648  loss: 0.3563
[staged] Popsize: per-robot phases=32  final=48  (theory optimum for 6 DOF = 10)

[staged] Hungarian pre-assignment  (5×5 cost matrix, 8 samples/entry = 200 renders)...
[staged]   robot_a → zone 1  robot_b → zone 4  robot_c → zone 2  robot_d → zone 3  robot_e → zone 0

[staged] Phase 1 — forward greedy  (16 iters × 5 robot(s), sigma=0.40×1.00, popsize=32)
[staged]   Ph1 robot a  zone 1  (uncovered: 18% of target)
    voronoi warm-start: IoU 0.157 → 0.259 ✓
    [parallel] 10 worker threads, one renderer clone each
    init sampling: best coverage score 77.0px of uncovered area  (8 samples)
[staged]   → robot a: IoU 0.157 → 0.425  ✓
    ↑ new global best IoU 0.425  [phase Ph1 robot a]
[staged]   Ph1 robot b  zone 4  (uncovered: 10% of target)
    voronoi warm-start: IoU 0.410 ≤ 0.425, kept current
    [parallel] 10 worker threads, one renderer clone each
    init sampling: best coverage score 99.0px of uncovered area  (16 samples)
[staged]   → robot b: IoU 0.425 → 0.490  ✓
    ↑ new global best IoU 0.490  [phase Ph1 robot b]
[staged]   Ph1 robot c  zone 2  (uncovered: 7% of target)
    voronoi warm-start: IoU 0.465 ≤ 0.490, kept current
    [parallel] 10 worker threads, one renderer clone each
    init sampling: best coverage score 233.0px of uncovered area  (16 samples)
[staged]   → robot c: IoU 0.490 → 0.541  ✓
    ↑ new global best IoU 0.541  [phase Ph1 robot c]
[staged]   Ph1 robot d  zone 3  (uncovered: 9% of target)
    voronoi warm-start: IoU 0.490 ≤ 0.541, kept current
    [parallel] 10 worker threads, one renderer clone each
    init sampling: best coverage score 176.0px of uncovered area  (16 samples)
[staged]   → robot d: IoU 0.541 → 0.560  ✓
    ↑ new global best IoU 0.560  [phase Ph1 robot d]
[staged]   Ph1 robot e  zone 0  (uncovered: 4% of target)
    voronoi warm-start: IoU 0.551 ≤ 0.560, kept current
    [parallel] 10 worker threads, one renderer clone each
    init sampling: best coverage score 5.0px of uncovered area  (16 samples)
[staged]   → robot e: IoU 0.560 → 0.612  ✓
    ↑ new global best IoU 0.612  [phase Ph1 robot e]
[staged] Phase 1 done — composite IoU: 0.612

[staged] Phase 2 — backward pass  (16 iters × 5 robots, sigma=0.300)
[staged]   contributions before Phase 2:
[staged]     robot a: +0.138 IoU
[staged]     robot b: +0.057 IoU
[staged]     robot c: +0.061 IoU
[staged]     robot d: +0.031 IoU  ← low
[staged]     robot e: +0.052 IoU
[staged]   Ph2 robot e  zone 0  (uncovered: 16% of target)
    [parallel] 10 worker threads, one renderer clone each
    init sampling: best coverage score 25.0px of uncovered area  (16 samples)
[staged]   → robot e: candidate 0.590 < current 0.612  ✗ rejected
[staged]   Ph2 robot d  zone 3  (uncovered: 18% of target)
    [parallel] 10 worker threads, one renderer clone each
    init sampling: best coverage score 131.0px of uncovered area  (16 samples)
[staged]   → robot d: IoU 0.612 → 0.634  ✓
    ↑ new global best IoU 0.634  [phase Ph2 robot d]
[staged]   Ph2 robot c  zone 2  (uncovered: 21% of target)
    [parallel] 10 worker threads, one renderer clone each
    init sampling: best coverage score 318.0px of uncovered area  (16 samples)
[staged]   → robot c: IoU 0.634 → 0.645  ✓
    ↑ new global best IoU 0.645  [phase Ph2 robot c]
[staged]   Ph2 robot b  zone 4  (uncovered: 19% of target)
    [parallel] 10 worker threads, one renderer clone each
    init sampling: best coverage score 178.0px of uncovered area  (16 samples)
[staged]   → robot b: IoU 0.645 → 0.658  ✓
    ↑ new global best IoU 0.658  [phase Ph2 robot b]
[staged]   Ph2 robot a  zone 1  (uncovered: 28% of target)
    [parallel] 10 worker threads, one renderer clone each
    init sampling: best coverage score 496.0px of uncovered area  (16 samples)
[staged]   → robot a: IoU 0.658 → 0.695  ✓
    ↑ new global best IoU 0.695  [phase Ph2 robot a]
[staged] Phase 2 done — composite IoU: 0.695

[staged] Best snapshot: Phase 2  IoU=0.695
[staged] Manifold final pass — computing Jacobian  (ε=0.020, 60 renders)
[staged] Manifold basis: k=11D / 30D  (variance≥85%, top eigenvalues: ['391751.41', '172428.33', '160843.06', '94227.29', '82303.36'])
    ↑ new global best IoU 0.730  [manifold final pass]
[staged] Manifold done — IoU: 0.730  (Δ=+0.035)  ✓
[staged] FD refinement — 5 Adam steps  (300 renders, lr=0.01, ε=0.02)
    ↑ new global best IoU 0.730  [FD refinement]
[staged] FD done — IoU: 0.730  (Δ=+0.001)  ✓
[staged] Done — final IoU: 0.730  loss: 0.2707
[staged] Popsize: per-robot phases=32  final=48  (theory optimum for 6 DOF = 10)

[staged] Hungarian pre-assignment  (5×5 cost matrix, 8 samples/entry = 200 renders)...
[staged]   robot_a → zone 0  robot_b → zone 2  robot_c → zone 1  robot_d → zone 3  robot_e → zone 4

[staged] Phase 1 — forward greedy  (16 iters × 5 robot(s), sigma=0.40×1.00, popsize=32)
[staged]   Ph1 robot a  zone 0  (uncovered: 18% of target)
    voronoi warm-start: IoU 0.157 → 0.259 ✓
    [parallel] 10 worker threads, one renderer clone each
    init sampling: best coverage score 602.0px of uncovered area  (8 samples)
[staged]   → robot a: IoU 0.157 → 0.511  ✓
    ↑ new global best IoU 0.511  [phase Ph1 robot a]
[staged]   Ph1 robot b  zone 2  (uncovered: 8% of target)
    voronoi warm-start: IoU 0.494 ≤ 0.511, kept current
    [parallel] 10 worker threads, one renderer clone each
    init sampling: best coverage score 153.0px of uncovered area  (16 samples)
[staged]   → robot b: IoU 0.511 → 0.554  ✓
    ↑ new global best IoU 0.554  [phase Ph1 robot b]
[staged]   Ph1 robot c  zone 1  (uncovered: 10% of target)
    voronoi warm-start: IoU 0.547 ≤ 0.554, kept current
    [parallel] 10 worker threads, one renderer clone each
    init sampling: best coverage score 130.0px of uncovered area  (16 samples)
[staged]   → robot c: IoU 0.554 → 0.600  ✓
    ↑ new global best IoU 0.600  [phase Ph1 robot c]
[staged]   Ph1 robot d  zone 3  (uncovered: 9% of target)
    voronoi warm-start: IoU 0.557 ≤ 0.600, kept current
    [parallel] 10 worker threads, one renderer clone each
    init sampling: best coverage score 254.0px of uncovered area  (16 samples)
[staged]   → robot d: IoU 0.600 → 0.669  ✓
    ↑ new global best IoU 0.669  [phase Ph1 robot d]
[staged]   Ph1 robot e  zone 4  (uncovered: 4% of target)
    voronoi warm-start: IoU 0.669 → 0.669 ✓
    [parallel] 10 worker threads, one renderer clone each
    init sampling: best coverage score 11.0px of uncovered area  (8 samples)
[staged]   → robot e: IoU 0.669 → 0.729  ✓
    ↑ new global best IoU 0.729  [phase Ph1 robot e]
[staged] Phase 1 done — composite IoU: 0.729

[staged] Phase 2 — backward pass  (16 iters × 5 robots, sigma=0.300)
[staged]   contributions before Phase 2:
[staged]     robot a: +0.184 IoU
[staged]     robot b: +0.087 IoU
[staged]     robot c: +0.096 IoU
[staged]     robot d: +0.103 IoU
[staged]     robot e: +0.061 IoU
[staged]   Ph2 robot e  zone 4  (uncovered: 10% of target)
    [parallel] 10 worker threads, one renderer clone each
    init sampling: best coverage score 96.0px of uncovered area  (16 samples)
[staged]   → robot e: candidate 0.728 < current 0.729  ✗ rejected
[staged]   Ph2 robot d  zone 3  (uncovered: 15% of target)
    [parallel] 10 worker threads, one renderer clone each
    init sampling: best coverage score 232.0px of uncovered area  (16 samples)
[staged]   → robot d: candidate 0.688 < current 0.729  ✗ rejected
[staged]   Ph2 robot c  zone 1  (uncovered: 14% of target)
    [parallel] 10 worker threads, one renderer clone each
    init sampling: best coverage score 110.0px of uncovered area  (16 samples)
[staged]   → robot c: candidate 0.702 < current 0.729  ✗ rejected
[staged]   Ph2 robot b  zone 2  (uncovered: 15% of target)
    [parallel] 10 worker threads, one renderer clone each
    init sampling: best coverage score 364.0px of uncovered area  (16 samples)
[staged]   → robot b: candidate 0.696 < current 0.729  ✗ rejected
[staged]   Ph2 robot a  zone 0  (uncovered: 29% of target)
    [parallel] 10 worker threads, one renderer clone each
    init sampling: best coverage score 753.0px of uncovered area  (16 samples)
[staged]   → robot a: candidate 0.707 < current 0.729  ✗ rejected
[staged] Phase 2 done — composite IoU: 0.729

[staged] Best snapshot: Phase 1  IoU=0.729
[staged] Manifold final pass — computing Jacobian  (ε=0.020, 60 renders)
[staged] Manifold basis: k=10D / 30D  (variance≥85%, top eigenvalues: ['348642.66', '318707.78', '160287.61', '135788.78', '87132.11'])
[staged] Manifold did not improve (0.727 vs 0.729), keeping best snapshot
[staged] FD refinement — 5 Adam steps  (300 renders, lr=0.01, ε=0.02)
    ↑ new global best IoU 0.743  [FD refinement]
[staged] FD done — IoU: 0.743  (Δ=+0.013)  ✓
[staged] Done — final IoU: 0.743  loss: 0.2582
[staged] Popsize: per-robot phases=32  final=48  (theory optimum for 6 DOF = 10)

[staged] Hungarian pre-assignment  (5×5 cost matrix, 8 samples/entry = 200 renders)...
[staged]   robot_a → zone 3  robot_b → zone 4  robot_c → zone 1  robot_d → zone 2  robot_e → zone 0

[staged] Phase 1 — forward greedy  (16 iters × 5 robot(s), sigma=0.40×1.00, popsize=32)
[staged]   Ph1 robot a  zone 3  (uncovered: 17% of target)
    voronoi warm-start: IoU 0.157 → 0.253 ✓
    [parallel] 10 worker threads, one renderer clone each
    init sampling: best coverage score 317.0px of uncovered area  (8 samples)
[staged]   → robot a: IoU 0.157 → 0.503  ✓
    ↑ new global best IoU 0.503  [phase Ph1 robot a]
[staged]   Ph1 robot b  zone 4  (uncovered: 13% of target)
    voronoi warm-start: IoU 0.483 ≤ 0.503, kept current
    [parallel] 10 worker threads, one renderer clone each
    init sampling: best coverage score 217.0px of uncovered area  (16 samples)
[staged]   → robot b: IoU 0.503 → 0.524  ✓
    ↑ new global best IoU 0.524  [phase Ph1 robot b]
[staged]   Ph1 robot c  zone 1  (uncovered: 6% of target)
    voronoi warm-start: IoU 0.498 ≤ 0.524, kept current
    [parallel] 10 worker threads, one renderer clone each
    init sampling: best coverage score 224.0px of uncovered area  (16 samples)
[staged]   → robot c: IoU 0.524 → 0.582  ✓
    ↑ new global best IoU 0.582  [phase Ph1 robot c]
[staged]   Ph1 robot d  zone 2  (uncovered: 3% of target)
    voronoi warm-start: IoU 0.582 → 0.588 ✓
    [parallel] 10 worker threads, one renderer clone each
    init sampling: best coverage score 1.0px of uncovered area  (8 samples)
[staged]   → robot d: IoU 0.582 → 0.627  ✓
    ↑ new global best IoU 0.627  [phase Ph1 robot d]
[staged]   Ph1 robot e  zone 0  (uncovered: 1% of target)
    voronoi warm-start: IoU 0.605 ≤ 0.627, kept current
    [parallel] 10 worker threads, one renderer clone each
    init sampling: best coverage score 37.0px of uncovered area  (16 samples)
[staged]   → robot e: IoU 0.627 → 0.669  ✓
    ↑ new global best IoU 0.669  [phase Ph1 robot e]
[staged] Phase 1 done — composite IoU: 0.669

[staged] Phase 2 — backward pass  (16 iters × 5 robots, sigma=0.300)
[staged]   contributions before Phase 2:
[staged]     robot a: +0.221 IoU
[staged]     robot b: +0.043 IoU  ← low
[staged]     robot c: +0.085 IoU
[staged]     robot d: +0.068 IoU
[staged]     robot e: +0.041 IoU  ← low
[staged]   Ph2 robot e  zone 0  (uncovered: 16% of target)
    [parallel] 10 worker threads, one renderer clone each
    init sampling: best coverage score 257.0px of uncovered area  (16 samples)
[staged]   → robot e: IoU 0.669 → 0.707  ✓
    ↑ new global best IoU 0.707  [phase Ph2 robot e]
[staged]   Ph2 robot d  zone 2  (uncovered: 19% of target)
    [parallel] 10 worker threads, one renderer clone each
    init sampling: best coverage score 99.0px of uncovered area  (16 samples)
[staged]   → robot d: candidate 0.703 < current 0.707  ✗ rejected
[staged]   Ph2 robot c  zone 1  (uncovered: 16% of target)
    [parallel] 10 worker threads, one renderer clone each
    init sampling: best coverage score 147.0px of uncovered area  (16 samples)
[staged]   → robot c: candidate 0.656 < current 0.707  ✗ rejected
[staged]   Ph2 robot b  zone 4  (uncovered: 11% of target)
    [parallel] 10 worker threads, one renderer clone each
    init sampling: best coverage score 121.0px of uncovered area  (16 samples)
[staged]   → robot b: IoU 0.707 → 0.733  ✓
    ↑ new global best IoU 0.733  [phase Ph2 robot b]
[staged]   Ph2 robot a  zone 3  (uncovered: 50% of target)
    [parallel] 10 worker threads, one renderer clone each
    init sampling: best coverage score 1348.0px of uncovered area  (16 samples)
[staged]   → robot a: IoU 0.733 → 0.760  ✓
    ↑ new global best IoU 0.760  [phase Ph2 robot a]
[staged] Phase 2 done — composite IoU: 0.760

[staged] Best snapshot: Phase 2  IoU=0.760
[staged] Manifold final pass — computing Jacobian  (ε=0.020, 60 renders)
[staged] Manifold basis: k=8D / 30D  (variance≥85%, top eigenvalues: ['383567.81', '267950.25', '90442.02', '59294.02', '58282.58'])
    ↑ new global best IoU 0.776  [manifold final pass]
[staged] Manifold done — IoU: 0.776  (Δ=+0.016)  ✓
[staged] FD refinement — 5 Adam steps  (300 renders, lr=0.01, ε=0.02)
[staged] FD done — IoU: 0.776  (Δ=+0.000)  ✓
[staged] Done — final IoU: 0.776  loss: 0.2254
[shard 0] 6/10 digits/2_dejavusans-bold  best=0.776 mean=0.711±0.050  194s  eta 0.2h
[staged] Popsize: per-robot phases=32  final=48  (theory optimum for 6 DOF = 10)

[staged] Hungarian pre-assignment  (5×5 cost matrix, 8 samples/entry = 200 renders)...
[staged]   robot_a → zone 1  robot_b → zone 0  robot_c → zone 4  robot_d → zone 3  robot_e → zone 2

[staged] Phase 1 — forward greedy  (16 iters × 5 robot(s), sigma=0.40×1.00, popsize=32)
[staged]   Ph1 robot a  zone 1  (uncovered: 15% of target)
    voronoi warm-start: IoU 0.113 → 0.186 ✓
    [parallel] 10 worker threads, one renderer clone each
    init sampling: best coverage score 442.0px of uncovered area  (8 samples)
[staged]   → robot a: IoU 0.113 → 0.409  ✓
    ↑ new global best IoU 0.409  [phase Ph1 robot a]
[staged]   Ph1 robot b  zone 0  (uncovered: 10% of target)
    voronoi warm-start: IoU 0.396 ≤ 0.409, kept current
    [parallel] 10 worker threads, one renderer clone each
    init sampling: best coverage score 37.0px of uncovered area  (16 samples)
[staged]   → robot b: IoU 0.409 → 0.480  ✓
    ↑ new global best IoU 0.480  [phase Ph1 robot b]
[staged]   Ph1 robot c  zone 4  (uncovered: 4% of target)
    voronoi warm-start: IoU 0.473 ≤ 0.480, kept current
    [parallel] 10 worker threads, one renderer clone each
    init sampling: best coverage score 52.0px of uncovered area  (16 samples)
[staged]   → robot c: IoU 0.480 → 0.536  ✓
    ↑ new global best IoU 0.536  [phase Ph1 robot c]
[staged]   Ph1 robot d  zone 3  (uncovered: 6% of target)
    voronoi warm-start: IoU 0.489 ≤ 0.536, kept current
    [parallel] 10 worker threads, one renderer clone each
    init sampling: best coverage score 234.0px of uncovered area  (16 samples)
[staged]   → robot d: IoU 0.536 → 0.569  ✓
    ↑ new global best IoU 0.569  [phase Ph1 robot d]
[staged]   Ph1 robot e  zone 2  (uncovered: 1% of target)
    voronoi warm-start: IoU 0.528 ≤ 0.569, kept current
    [parallel] 10 worker threads, one renderer clone each
    init sampling: best coverage score 23.0px of uncovered area  (16 samples)
[staged]   → robot e: IoU 0.569 → 0.610  ✓
    ↑ new global best IoU 0.610  [phase Ph1 robot e]
[staged] Phase 1 done — composite IoU: 0.610

[staged] Phase 2 — backward pass  (16 iters × 5 robots, sigma=0.300)
[staged]   contributions before Phase 2:
[staged]     robot a: +0.191 IoU
[staged]     robot b: +0.074 IoU
[staged]     robot c: +0.084 IoU
[staged]     robot d: +0.051 IoU
[staged]     robot e: +0.041 IoU  ← low
[staged]   Ph2 robot e  zone 2  (uncovered: 14% of target)
    [parallel] 10 worker threads, one renderer clone each
    init sampling: best coverage score 223.0px of uncovered area  (16 samples)
[staged]   → robot e: IoU 0.610 → 0.616  ✓
    ↑ new global best IoU 0.616  [phase Ph2 robot e]
[staged]   Ph2 robot d  zone 3  (uncovered: 13% of target)
    [parallel] 10 worker threads, one renderer clone each
    init sampling: best coverage score 133.0px of uncovered area  (16 samples)
[staged]   → robot d: IoU 0.616 → 0.619  ✓
    ↑ new global best IoU 0.619  [phase Ph2 robot d]
[staged]   Ph2 robot c  zone 4  (uncovered: 16% of target)
    [parallel] 10 worker threads, one renderer clone each
    init sampling: best coverage score 123.0px of uncovered area  (16 samples)
[staged]   → robot c: IoU 0.619 → 0.621  ✓
    ↑ new global best IoU 0.621  [phase Ph2 robot c]
[staged]   Ph2 robot b  zone 0  (uncovered: 21% of target)
    [parallel] 10 worker threads, one renderer clone each
    init sampling: best coverage score 441.0px of uncovered area  (16 samples)
[staged]   → robot b: IoU 0.621 → 0.627  ✓
    ↑ new global best IoU 0.627  [phase Ph2 robot b]
[staged]   Ph2 robot a  zone 1  (uncovered: 36% of target)
    [parallel] 10 worker threads, one renderer clone each
    init sampling: best coverage score 340.0px of uncovered area  (16 samples)
[staged]   → robot a: IoU 0.627 → 0.631  ✓
    ↑ new global best IoU 0.631  [phase Ph2 robot a]
[staged] Phase 2 done — composite IoU: 0.631

[staged] Best snapshot: Phase 2  IoU=0.631
[staged] Manifold final pass — computing Jacobian  (ε=0.020, 60 renders)
[staged] Manifold basis: k=10D / 30D  (variance≥85%, top eigenvalues: ['464839.00', '174132.69', '108239.48', '71871.06', '66090.45'])
    ↑ new global best IoU 0.648  [manifold final pass]
[staged] Manifold done — IoU: 0.648  (Δ=+0.017)  ✓
[staged] FD refinement — 5 Adam steps  (300 renders, lr=0.01, ε=0.02)
    ↑ new global best IoU 0.648  [FD refinement]
[staged] FD done — IoU: 0.648  (Δ=+0.001)  ✓
[staged] Done — final IoU: 0.648  loss: 0.3535
[staged] Popsize: per-robot phases=32  final=48  (theory optimum for 6 DOF = 10)

[staged] Hungarian pre-assignment  (5×5 cost matrix, 8 samples/entry = 200 renders)...
[staged]   robot_a → zone 3  robot_b → zone 4  robot_c → zone 2  robot_d → zone 1  robot_e → zone 0

[staged] Phase 1 — forward greedy  (16 iters × 5 robot(s), sigma=0.40×1.00, popsize=32)
[staged]   Ph1 robot a  zone 3  (uncovered: 22% of target)
    voronoi warm-start: IoU 0.113 → 0.191 ✓
    [parallel] 10 worker threads, one renderer clone each
    init sampling: best coverage score 0.0px of uncovered area  (8 samples)
[staged]   → robot a: IoU 0.113 → 0.456  ✓
    ↑ new global best IoU 0.456  [phase Ph1 robot a]
[staged]   Ph1 robot b  zone 4  (uncovered: 13% of target)
    voronoi warm-start: IoU 0.456 ≤ 0.456, kept current
    [parallel] 10 worker threads, one renderer clone each
    init sampling: best coverage score 230.0px of uncovered area  (16 samples)
[staged]   → robot b: IoU 0.456 → 0.543  ✓
    ↑ new global best IoU 0.543  [phase Ph1 robot b]
[staged]   Ph1 robot c  zone 2  (uncovered: 4% of target)
    voronoi warm-start: IoU 0.543 → 0.550 ✓
    [parallel] 10 worker threads, one renderer clone each
    init sampling: best coverage score 18.0px of uncovered area  (8 samples)
[staged]   → robot c: IoU 0.543 → 0.580  ✓
    ↑ new global best IoU 0.580  [phase Ph1 robot c]
[staged]   Ph1 robot d  zone 1  (uncovered: 1% of target)
    voronoi warm-start: IoU 0.567 ≤ 0.580, kept current
    [parallel] 10 worker threads, one renderer clone each
    init sampling: best coverage score 24.0px of uncovered area  (16 samples)
[staged]   → robot d: IoU 0.580 → 0.596  ✓
    ↑ new global best IoU 0.596  [phase Ph1 robot d]
[staged]   Ph1 robot e  zone 0  (uncovered: 1% of target)
    voronoi warm-start: IoU 0.564 ≤ 0.596, kept current
    [parallel] 10 worker threads, one renderer clone each
    init sampling: best coverage score 44.0px of uncovered area  (16 samples)
[staged]   → robot e: IoU 0.596 → 0.624  ✓
    ↑ new global best IoU 0.624  [phase Ph1 robot e]
[staged] Phase 1 done — composite IoU: 0.624

[staged] Phase 2 — backward pass  (16 iters × 5 robots, sigma=0.300)
[staged]   contributions before Phase 2:
[staged]     robot a: +0.197 IoU
[staged]     robot b: +0.132 IoU
[staged]     robot c: +0.059 IoU
[staged]     robot d: +0.031 IoU  ← low
[staged]     robot e: +0.028 IoU  ← low
[staged]   Ph2 robot e  zone 0  (uncovered: 11% of target)
    [parallel] 10 worker threads, one renderer clone each
    init sampling: best coverage score 55.0px of uncovered area  (16 samples)
[staged]   → robot e: IoU 0.624 → 0.630  ✓
    ↑ new global best IoU 0.630  [phase Ph2 robot e]
[staged]   Ph2 robot d  zone 1  (uncovered: 12% of target)
    [parallel] 10 worker threads, one renderer clone each
    init sampling: best coverage score 223.0px of uncovered area  (16 samples)
[staged]   → robot d: IoU 0.630 → 0.644  ✓
    ↑ new global best IoU 0.644  [phase Ph2 robot d]
[staged]   Ph2 robot c  zone 2  (uncovered: 12% of target)
    [parallel] 10 worker threads, one renderer clone each
    init sampling: best coverage score 59.0px of uncovered area  (16 samples)
[staged]   → robot c: candidate 0.643 < current 0.644  ✗ rejected
[staged]   Ph2 robot b  zone 4  (uncovered: 22% of target)
    [parallel] 10 worker threads, one renderer clone each
    init sampling: best coverage score 375.0px of uncovered area  (16 samples)
[staged]   → robot b: candidate 0.634 < current 0.644  ✗ rejected
[staged]   Ph2 robot a  zone 3  (uncovered: 31% of target)
    [parallel] 10 worker threads, one renderer clone each
    init sampling: best coverage score 431.0px of uncovered area  (16 samples)
[staged]   → robot a: candidate 0.628 < current 0.644  ✗ rejected
[staged] Phase 2 done — composite IoU: 0.644

[staged] Best snapshot: Phase 2  IoU=0.644
[staged] Manifold final pass — computing Jacobian  (ε=0.020, 60 renders)
[staged] Manifold basis: k=9D / 30D  (variance≥85%, top eigenvalues: ['269919.72', '236767.17', '153234.39', '105156.75', '104211.84'])
    ↑ new global best IoU 0.672  [manifold final pass]
[staged] Manifold done — IoU: 0.672  (Δ=+0.028)  ✓
[staged] FD refinement — 5 Adam steps  (300 renders, lr=0.01, ε=0.02)
[staged] FD done — IoU: 0.672  (Δ=+0.000)  ✓
[staged] Done — final IoU: 0.672  loss: 0.3297
[staged] Popsize: per-robot phases=32  final=48  (theory optimum for 6 DOF = 10)

[staged] Hungarian pre-assignment  (5×5 cost matrix, 8 samples/entry = 200 renders)...
[staged]   robot_a → zone 4  robot_b → zone 0  robot_c → zone 2  robot_d → zone 3  robot_e → zone 1

[staged] Phase 1 — forward greedy  (16 iters × 5 robot(s), sigma=0.40×1.00, popsize=32)
[staged]   Ph1 robot a  zone 4  (uncovered: 12% of target)
    voronoi warm-start: IoU 0.104 ≤ 0.113, kept current
    [parallel] 10 worker threads, one renderer clone each
    init sampling: best coverage score 254.0px of uncovered area  (16 samples)
[staged]   → robot a: IoU 0.113 → 0.438  ✓
    ↑ new global best IoU 0.438  [phase Ph1 robot a]
[staged]   Ph1 robot b  zone 0  (uncovered: 7% of target)
    voronoi warm-start: IoU 0.421 ≤ 0.438, kept current
    [parallel] 10 worker threads, one renderer clone each
    init sampling: best coverage score 108.0px of uncovered area  (16 samples)
[staged]   → robot b: IoU 0.438 → 0.511  ✓
    ↑ new global best IoU 0.511  [phase Ph1 robot b]
[staged]   Ph1 robot c  zone 2  (uncovered: 2% of target)
    voronoi warm-start: IoU 0.469 ≤ 0.511, kept current
    [parallel] 10 worker threads, one renderer clone each
    init sampling: best coverage score 67.0px of uncovered area  (16 samples)
[staged]   → robot c: IoU 0.511 → 0.547  ✓
    ↑ new global best IoU 0.547  [phase Ph1 robot c]
[staged]   Ph1 robot d  zone 3  (uncovered: 10% of target)
    voronoi warm-start: IoU 0.485 ≤ 0.547, kept current
    [parallel] 10 worker threads, one renderer clone each
    init sampling: best coverage score 185.0px of uncovered area  (16 samples)
[staged]   → robot d: IoU 0.547 → 0.571  ✓
    ↑ new global best IoU 0.571  [phase Ph1 robot d]
[staged]   Ph1 robot e  zone 1  (uncovered: 5% of target)
    voronoi warm-start: IoU 0.564 ≤ 0.571, kept current
    [parallel] 10 worker threads, one renderer clone each
    init sampling: best coverage score 50.0px of uncovered area  (16 samples)
[staged]   → robot e: IoU 0.571 → 0.609  ✓
    ↑ new global best IoU 0.609  [phase Ph1 robot e]
[staged] Phase 1 done — composite IoU: 0.609

[staged] Phase 2 — backward pass  (16 iters × 5 robots, sigma=0.300)
[staged]   contributions before Phase 2:
[staged]     robot a: +0.223 IoU
[staged]     robot b: +0.081 IoU
[staged]     robot c: +0.039 IoU  ← low
[staged]     robot d: +0.043 IoU  ← low
[staged]     robot e: +0.037 IoU  ← low
[staged]   Ph2 robot e  zone 1  (uncovered: 17% of target)
    [parallel] 10 worker threads, one renderer clone each
    init sampling: best coverage score 73.0px of uncovered area  (16 samples)
[staged]   → robot e: candidate 0.607 < current 0.609  ✗ rejected
[staged]   Ph2 robot d  zone 3  (uncovered: 21% of target)
    [parallel] 10 worker threads, one renderer clone each
    init sampling: best coverage score 157.0px of uncovered area  (16 samples)
[staged]   → robot d: IoU 0.609 → 0.614  ✓
    ↑ new global best IoU 0.614  [phase Ph2 robot d]
[staged]   Ph2 robot c  zone 2  (uncovered: 16% of target)
    [parallel] 10 worker threads, one renderer clone each
    init sampling: best coverage score 160.0px of uncovered area  (16 samples)
[staged]   → robot c: IoU 0.614 → 0.630  ✓
    ↑ new global best IoU 0.630  [phase Ph2 robot c]
[staged]   Ph2 robot b  zone 0  (uncovered: 16% of target)
    [parallel] 10 worker threads, one renderer clone each
    init sampling: best coverage score 214.0px of uncovered area  (16 samples)
[staged]   → robot b: candidate 0.621 < current 0.630  ✗ rejected
[staged]   Ph2 robot a  zone 4  (uncovered: 33% of target)
    [parallel] 10 worker threads, one renderer clone each
    init sampling: best coverage score 422.0px of uncovered area  (16 samples)
[staged]   → robot a: candidate 0.619 < current 0.630  ✗ rejected
[staged] Phase 2 done — composite IoU: 0.630

[staged] Best snapshot: Phase 2  IoU=0.630
[staged] Manifold final pass — computing Jacobian  (ε=0.020, 60 renders)
[staged] Manifold basis: k=11D / 30D  (variance≥85%, top eigenvalues: ['416077.25', '247007.16', '228292.97', '96388.34', '88036.81'])
    ↑ new global best IoU 0.643  [manifold final pass]
[staged] Manifold done — IoU: 0.643  (Δ=+0.014)  ✓
[staged] FD refinement — 5 Adam steps  (300 renders, lr=0.01, ε=0.02)
    ↑ new global best IoU 0.643  [FD refinement]
[staged] FD done — IoU: 0.643  (Δ=+0.000)  ✓
[staged] Done — final IoU: 0.643  loss: 0.3587
[staged] Popsize: per-robot phases=32  final=48  (theory optimum for 6 DOF = 10)

[staged] Hungarian pre-assignment  (5×5 cost matrix, 8 samples/entry = 200 renders)...
[staged]   robot_a → zone 0  robot_b → zone 4  robot_c → zone 3  robot_d → zone 1  robot_e → zone 2

[staged] Phase 1 — forward greedy  (16 iters × 5 robot(s), sigma=0.40×1.00, popsize=32)
[staged]   Ph1 robot a  zone 0  (uncovered: 18% of target)
    voronoi warm-start: IoU 0.113 → 0.113 ✓
    [parallel] 10 worker threads, one renderer clone each
    init sampling: best coverage score 292.0px of uncovered area  (8 samples)
[staged]   → robot a: IoU 0.113 → 0.439  ✓
    ↑ new global best IoU 0.439  [phase Ph1 robot a]
[staged]   Ph1 robot b  zone 4  (uncovered: 12% of target)
    voronoi warm-start: IoU 0.439 → 0.443 ✓
    [parallel] 10 worker threads, one renderer clone each
    init sampling: best coverage score 65.0px of uncovered area  (8 samples)
[staged]   → robot b: IoU 0.439 → 0.552  ✓
    ↑ new global best IoU 0.552  [phase Ph1 robot b]
[staged]   Ph1 robot c  zone 3  (uncovered: 3% of target)
    voronoi warm-start: IoU 0.552 → 0.560 ✓
    [parallel] 10 worker threads, one renderer clone each
    init sampling: best coverage score 94.0px of uncovered area  (8 samples)
[staged]   → robot c: IoU 0.552 → 0.611  ✓
    ↑ new global best IoU 0.611  [phase Ph1 robot c]
[staged]   Ph1 robot d  zone 1  (uncovered: 6% of target)
    voronoi warm-start: IoU 0.548 ≤ 0.611, kept current
    [parallel] 10 worker threads, one renderer clone each
    init sampling: best coverage score 151.0px of uncovered area  (16 samples)
[staged]   → robot d: IoU 0.611 → 0.641  ✓
    ↑ new global best IoU 0.641  [phase Ph1 robot d]
[staged]   Ph1 robot e  zone 2  (uncovered: 3% of target)
    voronoi warm-start: IoU 0.627 ≤ 0.641, kept current
    [parallel] 10 worker threads, one renderer clone each
    init sampling: best coverage score 30.0px of uncovered area  (16 samples)
[staged]   → robot e: IoU 0.641 → 0.689  ✓
    ↑ new global best IoU 0.689  [phase Ph1 robot e]
[staged] Phase 1 done — composite IoU: 0.689

[staged] Phase 2 — backward pass  (16 iters × 5 robots, sigma=0.300)
[staged]   contributions before Phase 2:
[staged]     robot a: +0.087 IoU
[staged]     robot b: +0.128 IoU
[staged]     robot c: +0.083 IoU
[staged]     robot d: +0.067 IoU
[staged]     robot e: +0.048 IoU  ← low
[staged]   Ph2 robot e  zone 2  (uncovered: 19% of target)
    [parallel] 10 worker threads, one renderer clone each
    init sampling: best coverage score 203.0px of uncovered area  (16 samples)
[staged]   → robot e: IoU 0.689 → 0.703  ✓
    ↑ new global best IoU 0.703  [phase Ph2 robot e]
[staged]   Ph2 robot d  zone 1  (uncovered: 18% of target)
    [parallel] 10 worker threads, one renderer clone each
    init sampling: best coverage score 99.0px of uncovered area  (16 samples)
[staged]   → robot d: candidate 0.701 < current 0.703  ✗ rejected
[staged]   Ph2 robot c  zone 3  (uncovered: 21% of target)
    [parallel] 10 worker threads, one renderer clone each
    init sampling: best coverage score 250.0px of uncovered area  (16 samples)
[staged]   → robot c: candidate 0.655 < current 0.703  ✗ rejected
[staged]   Ph2 robot b  zone 4  (uncovered: 28% of target)
    [parallel] 10 worker threads, one renderer clone each
    init sampling: best coverage score 490.0px of uncovered area  (16 samples)
[staged]   → robot b: candidate 0.640 < current 0.703  ✗ rejected
[staged]   Ph2 robot a  zone 0  (uncovered: 28% of target)
    [parallel] 10 worker threads, one renderer clone each
    init sampling: best coverage score 474.0px of uncovered area  (16 samples)
[staged]   → robot a: candidate 0.648 < current 0.703  ✗ rejected
[staged] Phase 2 done — composite IoU: 0.703

[staged] Best snapshot: Phase 2  IoU=0.703
[staged] Manifold final pass — computing Jacobian  (ε=0.020, 60 renders)
[staged] Manifold basis: k=10D / 30D  (variance≥85%, top eigenvalues: ['446713.19', '293654.62', '105862.70', '102867.56', '58928.16'])
    ↑ new global best IoU 0.717  [manifold final pass]
[staged] Manifold done — IoU: 0.717  (Δ=+0.014)  ✓
[staged] FD refinement — 5 Adam steps  (300 renders, lr=0.01, ε=0.02)
    ↑ new global best IoU 0.718  [FD refinement]
[staged] FD done — IoU: 0.718  (Δ=+0.001)  ✓
[staged] Done — final IoU: 0.718  loss: 0.2825
[staged] Popsize: per-robot phases=32  final=48  (theory optimum for 6 DOF = 10)

[staged] Hungarian pre-assignment  (5×5 cost matrix, 8 samples/entry = 200 renders)...
[staged]   robot_a → zone 4  robot_b → zone 0  robot_c → zone 2  robot_d → zone 3  robot_e → zone 1

[staged] Phase 1 — forward greedy  (16 iters × 5 robot(s), sigma=0.40×1.00, popsize=32)
[staged]   Ph1 robot a  zone 4  (uncovered: 4% of target)
    voronoi warm-start: IoU 0.104 ≤ 0.113, kept current
    [parallel] 10 worker threads, one renderer clone each
    init sampling: best coverage score 165.0px of uncovered area  (16 samples)
[staged]   → robot a: IoU 0.113 → 0.463  ✓
    ↑ new global best IoU 0.463  [phase Ph1 robot a]
[staged]   Ph1 robot b  zone 0  (uncovered: 1% of target)
    voronoi warm-start: IoU 0.446 ≤ 0.463, kept current
    [parallel] 10 worker threads, one renderer clone each
    init sampling: best coverage score 55.0px of uncovered area  (16 samples)
[staged]   → robot b: IoU 0.463 → 0.538  ✓
    ↑ new global best IoU 0.538  [phase Ph1 robot b]
[staged]   Ph1 robot c  zone 2  (uncovered: 4% of target)
    voronoi warm-start: IoU 0.482 ≤ 0.538, kept current
    [parallel] 10 worker threads, one renderer clone each
    init sampling: best coverage score 64.0px of uncovered area  (16 samples)
[staged]   → robot c: IoU 0.538 → 0.571  ✓
    ↑ new global best IoU 0.571  [phase Ph1 robot c]
[staged]   Ph1 robot d  zone 3  (uncovered: 2% of target)
    voronoi warm-start: IoU 0.571 → 0.571 ✓
    [parallel] 10 worker threads, one renderer clone each
    init sampling: best coverage score 2.0px of uncovered area  (8 samples)
[staged]   → robot d: IoU 0.571 → 0.588  ✓
    ↑ new global best IoU 0.588  [phase Ph1 robot d]
[staged]   Ph1 robot e  zone 1  (uncovered: 2% of target)
    voronoi warm-start: IoU 0.569 ≤ 0.588, kept current
    [parallel] 10 worker threads, one renderer clone each
    init sampling: best coverage score 56.0px of uncovered area  (16 samples)
[staged]   → robot e: IoU 0.588 → 0.627  ✓
    ↑ new global best IoU 0.627  [phase Ph1 robot e]
[staged] Phase 1 done — composite IoU: 0.627

[staged] Phase 2 — backward pass  (16 iters × 5 robots, sigma=0.300)
[staged]   contributions before Phase 2:
[staged]     robot a: +0.186 IoU
[staged]     robot b: +0.091 IoU
[staged]     robot c: +0.061 IoU
[staged]     robot d: +0.037 IoU  ← low
[staged]     robot e: +0.039 IoU  ← low
[staged]   Ph2 robot e  zone 1  (uncovered: 14% of target)
    [parallel] 10 worker threads, one renderer clone each
    init sampling: best coverage score 153.0px of uncovered area  (16 samples)
[staged]   → robot e: candidate 0.624 < current 0.627  ✗ rejected
[staged]   Ph2 robot d  zone 3  (uncovered: 13% of target)
    [parallel] 10 worker threads, one renderer clone each
    init sampling: best coverage score 180.0px of uncovered area  (16 samples)
[staged]   → robot d: IoU 0.627 → 0.628  ✓
    ↑ new global best IoU 0.628  [phase Ph2 robot d]
[staged]   Ph2 robot c  zone 2  (uncovered: 12% of target)
    [parallel] 10 worker threads, one renderer clone each
    init sampling: best coverage score 163.0px of uncovered area  (16 samples)
[staged]   → robot c: IoU 0.628 → 0.631  ✓
    ↑ new global best IoU 0.631  [phase Ph2 robot c]
[staged]   Ph2 robot b  zone 0  (uncovered: 18% of target)
    [parallel] 10 worker threads, one renderer clone each
    init sampling: best coverage score 434.0px of uncovered area  (16 samples)
[staged]   → robot b: IoU 0.631 → 0.644  ✓
    ↑ new global best IoU 0.644  [phase Ph2 robot b]
[staged]   Ph2 robot a  zone 4  (uncovered: 40% of target)
    [parallel] 10 worker threads, one renderer clone each
    init sampling: best coverage score 875.0px of uncovered area  (16 samples)
[staged]   → robot a: candidate 0.633 < current 0.644  ✗ rejected
[staged] Phase 2 done — composite IoU: 0.644

[staged] Best snapshot: Phase 2  IoU=0.644
[staged] Manifold final pass — computing Jacobian  (ε=0.020, 60 renders)
[staged] Manifold basis: k=8D / 30D  (variance≥85%, top eigenvalues: ['529209.69', '261814.61', '228264.17', '134185.31', '71008.70'])
    ↑ new global best IoU 0.656  [manifold final pass]
[staged] Manifold done — IoU: 0.656  (Δ=+0.012)  ✓
[staged] FD refinement — 5 Adam steps  (300 renders, lr=0.01, ε=0.02)
    ↑ new global best IoU 0.658  [FD refinement]
[staged] FD done — IoU: 0.658  (Δ=+0.002)  ✓
[staged] Done — final IoU: 0.658  loss: 0.3444
[shard 0] 7/10 digits/3_dejavusans-bold  best=0.718 mean=0.668±0.027  194s  eta 0.2h
[staged] Popsize: per-robot phases=32  final=48  (theory optimum for 6 DOF = 10)

[staged] Hungarian pre-assignment  (5×5 cost matrix, 8 samples/entry = 200 renders)...
[staged]   robot_a → zone 4  robot_b → zone 0  robot_c → zone 2  robot_d → zone 3  robot_e → zone 1

[staged] Phase 1 — forward greedy  (16 iters × 5 robot(s), sigma=0.40×1.00, popsize=32)
[staged]   Ph1 robot a  zone 4  (uncovered: 12% of target)
    voronoi warm-start: IoU 0.128 → 0.210 ✓
    [parallel] 10 worker threads, one renderer clone each
    init sampling: best coverage score 422.0px of uncovered area  (8 samples)
[staged]   → robot a: IoU 0.128 → 0.465  ✓
    ↑ new global best IoU 0.465  [phase Ph1 robot a]
[staged]   Ph1 robot b  zone 0  (uncovered: 13% of target)
    voronoi warm-start: IoU 0.440 ≤ 0.465, kept current
    [parallel] 10 worker threads, one renderer clone each
    init sampling: best coverage score 97.0px of uncovered area  (16 samples)
[staged]   → robot b: IoU 0.465 → 0.557  ✓
    ↑ new global best IoU 0.557  [phase Ph1 robot b]
[staged]   Ph1 robot c  zone 2  (uncovered: 5% of target)
    voronoi warm-start: IoU 0.496 ≤ 0.557, kept current
    [parallel] 10 worker threads, one renderer clone each
    init sampling: best coverage score 82.0px of uncovered area  (16 samples)
[staged]   → robot c: IoU 0.557 → 0.598  ✓
    ↑ new global best IoU 0.598  [phase Ph1 robot c]
[staged]   Ph1 robot d  zone 3  (uncovered: 9% of target)
    voronoi warm-start: IoU 0.598 → 0.605 ✓
    [parallel] 10 worker threads, one renderer clone each
    init sampling: best coverage score 297.0px of uncovered area  (8 samples)
[staged]   → robot d: IoU 0.598 → 0.627  ✓
    ↑ new global best IoU 0.627  [phase Ph1 robot d]
[staged]   Ph1 robot e  zone 1  (uncovered: 2% of target)
    voronoi warm-start: IoU 0.597 ≤ 0.627, kept current
    [parallel] 10 worker threads, one renderer clone each
    init sampling: best coverage score 65.0px of uncovered area  (16 samples)
[staged]   → robot e: IoU 0.627 → 0.652  ✓
    ↑ new global best IoU 0.652  [phase Ph1 robot e]
[staged] Phase 1 done — composite IoU: 0.652

[staged] Phase 2 — backward pass  (16 iters × 5 robots, sigma=0.300)
[staged]   contributions before Phase 2:
[staged]     robot a: +0.246 IoU
[staged]     robot b: +0.076 IoU
[staged]     robot c: +0.057 IoU
[staged]     robot d: +0.029 IoU  ← low
[staged]     robot e: +0.025 IoU  ← low
[staged]   Ph2 robot e  zone 1  (uncovered: 18% of target)
    [parallel] 10 worker threads, one renderer clone each
    init sampling: best coverage score 105.0px of uncovered area  (16 samples)
[staged]   → robot e: IoU 0.652 → 0.662  ✓
    ↑ new global best IoU 0.662  [phase Ph2 robot e]
[staged]   Ph2 robot d  zone 3  (uncovered: 20% of target)
    [parallel] 10 worker threads, one renderer clone each
    init sampling: best coverage score 209.0px of uncovered area  (16 samples)
[staged]   → robot d: IoU 0.662 → 0.686  ✓
    ↑ new global best IoU 0.686  [phase Ph2 robot d]
[staged]   Ph2 robot c  zone 2  (uncovered: 18% of target)
    [parallel] 10 worker threads, one renderer clone each
    init sampling: best coverage score 122.0px of uncovered area  (16 samples)
[staged]   → robot c: IoU 0.686 → 0.694  ✓
    ↑ new global best IoU 0.694  [phase Ph2 robot c]
[staged]   Ph2 robot b  zone 0  (uncovered: 25% of target)
    [parallel] 10 worker threads, one renderer clone each
    init sampling: best coverage score 542.0px of uncovered area  (16 samples)
[staged]   → robot b: candidate 0.692 < current 0.694  ✗ rejected
[staged]   Ph2 robot a  zone 4  (uncovered: 36% of target)
    [parallel] 10 worker threads, one renderer clone each
    init sampling: best coverage score 462.0px of uncovered area  (16 samples)
[staged]   → robot a: candidate 0.662 < current 0.694  ✗ rejected
[staged] Phase 2 done — composite IoU: 0.694

[staged] Best snapshot: Phase 2  IoU=0.694
[staged] Manifold final pass — computing Jacobian  (ε=0.020, 60 renders)
[staged] Manifold basis: k=11D / 30D  (variance≥85%, top eigenvalues: ['406608.22', '239683.66', '172907.06', '122835.60', '96735.90'])
    ↑ new global best IoU 0.721  [manifold final pass]
[staged] Manifold done — IoU: 0.721  (Δ=+0.027)  ✓
[staged] FD refinement — 5 Adam steps  (300 renders, lr=0.01, ε=0.02)
    ↑ new global best IoU 0.728  [FD refinement]
[staged] FD done — IoU: 0.728  (Δ=+0.007)  ✓
[staged] Done — final IoU: 0.728  loss: 0.2732
[staged] Popsize: per-robot phases=32  final=48  (theory optimum for 6 DOF = 10)

[staged] Hungarian pre-assignment  (5×5 cost matrix, 8 samples/entry = 200 renders)...
[staged]   robot_a → zone 2  robot_b → zone 3  robot_c → zone 0  robot_d → zone 1  robot_e → zone 4

[staged] Phase 1 — forward greedy  (16 iters × 5 robot(s), sigma=0.40×1.00, popsize=32)
[staged]   Ph1 robot a  zone 2  (uncovered: 19% of target)
    voronoi warm-start: IoU 0.128 → 0.209 ✓
    [parallel] 10 worker threads, one renderer clone each
    init sampling: best coverage score 1.0px of uncovered area  (8 samples)
[staged]   → robot a: IoU 0.128 → 0.425  ✓
    ↑ new global best IoU 0.425  [phase Ph1 robot a]
[staged]   Ph1 robot b  zone 3  (uncovered: 12% of target)
    voronoi warm-start: IoU 0.403 ≤ 0.425, kept current
    [parallel] 10 worker threads, one renderer clone each
    init sampling: best coverage score 483.0px of uncovered area  (16 samples)
[staged]   → robot b: IoU 0.425 → 0.530  ✓
    ↑ new global best IoU 0.530  [phase Ph1 robot b]
[staged]   Ph1 robot c  zone 0  (uncovered: 16% of target)
    voronoi warm-start: IoU 0.524 ≤ 0.530, kept current
    [parallel] 10 worker threads, one renderer clone each
    init sampling: best coverage score 81.0px of uncovered area  (16 samples)
[staged]   → robot c: IoU 0.530 → 0.604  ✓
    ↑ new global best IoU 0.604  [phase Ph1 robot c]
[staged]   Ph1 robot d  zone 1  (uncovered: 7% of target)
    voronoi warm-start: IoU 0.599 ≤ 0.604, kept current
    [parallel] 10 worker threads, one renderer clone each
    init sampling: best coverage score 155.0px of uncovered area  (16 samples)
[staged]   → robot d: IoU 0.604 → 0.641  ✓
    ↑ new global best IoU 0.641  [phase Ph1 robot d]
[staged]   Ph1 robot e  zone 4  (uncovered: 4% of target)
    voronoi warm-start: IoU 0.609 ≤ 0.641, kept current
    [parallel] 10 worker threads, one renderer clone each
    init sampling: best coverage score 39.0px of uncovered area  (16 samples)
[staged]   → robot e: IoU 0.641 → 0.663  ✓
    ↑ new global best IoU 0.663  [phase Ph1 robot e]
[staged] Phase 1 done — composite IoU: 0.663

[staged] Phase 2 — backward pass  (16 iters × 5 robots, sigma=0.300)
[staged]   contributions before Phase 2:
[staged]     robot a: +0.263 IoU
[staged]     robot b: +0.099 IoU
[staged]     robot c: +0.093 IoU
[staged]     robot d: +0.042 IoU  ← low
[staged]     robot e: +0.022 IoU  ← low
[staged]   Ph2 robot e  zone 4  (uncovered: 16% of target)
    [parallel] 10 worker threads, one renderer clone each
    init sampling: best coverage score 70.0px of uncovered area  (16 samples)
[staged]   → robot e: IoU 0.663 → 0.671  ✓
    ↑ new global best IoU 0.671  [phase Ph2 robot e]
[staged]   Ph2 robot d  zone 1  (uncovered: 17% of target)
    [parallel] 10 worker threads, one renderer clone each
    init sampling: best coverage score 175.0px of uncovered area  (16 samples)
[staged]   → robot d: candidate 0.665 < current 0.671  ✗ rejected
[staged]   Ph2 robot c  zone 0  (uncovered: 24% of target)
    [parallel] 10 worker threads, one renderer clone each
    init sampling: best coverage score 90.0px of uncovered area  (16 samples)
[staged]   → robot c: candidate 0.661 < current 0.671  ✗ rejected
[staged]   Ph2 robot b  zone 3  (uncovered: 26% of target)
    [parallel] 10 worker threads, one renderer clone each
    init sampling: best coverage score 610.0px of uncovered area  (16 samples)
[staged]   → robot b: IoU 0.671 → 0.675  ✓
    ↑ new global best IoU 0.675  [phase Ph2 robot b]
[staged]   Ph2 robot a  zone 2  (uncovered: 36% of target)
    [parallel] 10 worker threads, one renderer clone each
    init sampling: best coverage score 538.0px of uncovered area  (16 samples)
[staged]   → robot a: IoU 0.675 → 0.692  ✓
    ↑ new global best IoU 0.692  [phase Ph2 robot a]
[staged] Phase 2 done — composite IoU: 0.692

[staged] Best snapshot: Phase 2  IoU=0.692
[staged] Manifold final pass — computing Jacobian  (ε=0.020, 60 renders)
[staged] Manifold basis: k=9D / 30D  (variance≥85%, top eigenvalues: ['413644.50', '368306.19', '104736.95', '97093.94', '87033.00'])
    ↑ new global best IoU 0.705  [manifold final pass]
[staged] Manifold done — IoU: 0.705  (Δ=+0.013)  ✓
[staged] FD refinement — 5 Adam steps  (300 renders, lr=0.01, ε=0.02)
    ↑ new global best IoU 0.712  [FD refinement]
[staged] FD done — IoU: 0.712  (Δ=+0.007)  ✓
[staged] Done — final IoU: 0.712  loss: 0.2895
[staged] Popsize: per-robot phases=32  final=48  (theory optimum for 6 DOF = 10)

[staged] Hungarian pre-assignment  (5×5 cost matrix, 8 samples/entry = 200 renders)...
[staged]   robot_a → zone 2  robot_b → zone 1  robot_c → zone 4  robot_d → zone 0  robot_e → zone 3

[staged] Phase 1 — forward greedy  (16 iters × 5 robot(s), sigma=0.40×1.00, popsize=32)
[staged]   Ph1 robot a  zone 2  (uncovered: 26% of target)
    voronoi warm-start: IoU 0.128 → 0.129 ✓
    [parallel] 10 worker threads, one renderer clone each
    init sampling: best coverage score 52.0px of uncovered area  (8 samples)
[staged]   → robot a: IoU 0.128 → 0.462  ✓
    ↑ new global best IoU 0.462  [phase Ph1 robot a]
[staged]   Ph1 robot b  zone 1  (uncovered: 2% of target)
    voronoi warm-start: IoU 0.456 ≤ 0.462, kept current
    [parallel] 10 worker threads, one renderer clone each
    init sampling: best coverage score 110.0px of uncovered area  (16 samples)
[staged]   → robot b: IoU 0.462 → 0.564  ✓
    ↑ new global best IoU 0.564  [phase Ph1 robot b]
[staged]   Ph1 robot c  zone 4  (uncovered: 8% of target)
    voronoi warm-start: IoU 0.564 → 0.570 ✓
    [parallel] 10 worker threads, one renderer clone each
    init sampling: best coverage score 193.0px of uncovered area  (8 samples)
[staged]   → robot c: IoU 0.564 → 0.614  ✓
    ↑ new global best IoU 0.614  [phase Ph1 robot c]
[staged]   Ph1 robot d  zone 0  (uncovered: 1% of target)
    voronoi warm-start: IoU 0.554 ≤ 0.614, kept current
    [parallel] 10 worker threads, one renderer clone each
    init sampling: best coverage score 30.0px of uncovered area  (16 samples)
[staged]   → robot d: IoU 0.614 → 0.662  ✓
    ↑ new global best IoU 0.662  [phase Ph1 robot d]
[staged]   Ph1 robot e  zone 3  (uncovered: 5% of target)
    voronoi warm-start: IoU 0.629 ≤ 0.662, kept current
    [parallel] 10 worker threads, one renderer clone each
    init sampling: best coverage score 98.0px of uncovered area  (16 samples)
[staged]   → robot e: IoU 0.662 → 0.690  ✓
    ↑ new global best IoU 0.690  [phase Ph1 robot e]
[staged] Phase 1 done — composite IoU: 0.690

[staged] Phase 2 — backward pass  (16 iters × 5 robots, sigma=0.300)
[staged]   contributions before Phase 2:
[staged]     robot a: +0.177 IoU
[staged]     robot b: +0.056 IoU
[staged]     robot c: +0.052 IoU
[staged]     robot d: +0.051 IoU
[staged]     robot e: +0.028 IoU  ← low
[staged]   Ph2 robot e  zone 3  (uncovered: 11% of target)
    [parallel] 10 worker threads, one renderer clone each
    init sampling: best coverage score 157.0px of uncovered area  (16 samples)
[staged]   → robot e: IoU 0.690 → 0.696  ✓
    ↑ new global best IoU 0.696  [phase Ph2 robot e]
[staged]   Ph2 robot d  zone 0  (uncovered: 11% of target)
    [parallel] 10 worker threads, one renderer clone each
    init sampling: best coverage score 113.0px of uncovered area  (16 samples)
[staged]   → robot d: candidate 0.674 < current 0.696  ✗ rejected
[staged]   Ph2 robot c  zone 4  (uncovered: 16% of target)
    [parallel] 10 worker threads, one renderer clone each
    init sampling: best coverage score 169.0px of uncovered area  (16 samples)
[staged]   → robot c: candidate 0.688 < current 0.696  ✗ rejected
[staged]   Ph2 robot b  zone 1  (uncovered: 15% of target)
    [parallel] 10 worker threads, one renderer clone each
    init sampling: best coverage score 228.0px of uncovered area  (16 samples)
[staged]   → robot b: IoU 0.696 → 0.698  ✓
    ↑ new global best IoU 0.698  [phase Ph2 robot b]
[staged]   Ph2 robot a  zone 2  (uncovered: 46% of target)
    [parallel] 10 worker threads, one renderer clone each
    init sampling: best coverage score 711.0px of uncovered area  (16 samples)
[staged]   → robot a: candidate 0.694 < current 0.698  ✗ rejected
[staged] Phase 2 done — composite IoU: 0.698

[staged] Best snapshot: Phase 2  IoU=0.698
[staged] Manifold final pass — computing Jacobian  (ε=0.020, 60 renders)
[staged] Manifold basis: k=8D / 30D  (variance≥85%, top eigenvalues: ['417746.34', '263626.50', '225928.17', '122418.39', '109962.49'])
    ↑ new global best IoU 0.713  [manifold final pass]
[staged] Manifold done — IoU: 0.713  (Δ=+0.015)  ✓
[staged] FD refinement — 5 Adam steps  (300 renders, lr=0.01, ε=0.02)
    ↑ new global best IoU 0.721  [FD refinement]
[staged] FD done — IoU: 0.721  (Δ=+0.008)  ✓
[staged] Done — final IoU: 0.721  loss: 0.2811
[staged] Popsize: per-robot phases=32  final=48  (theory optimum for 6 DOF = 10)

[staged] Hungarian pre-assignment  (5×5 cost matrix, 8 samples/entry = 200 renders)...
[staged]   robot_a → zone 0  robot_b → zone 1  robot_c → zone 4  robot_d → zone 3  robot_e → zone 2

[staged] Phase 1 — forward greedy  (16 iters × 5 robot(s), sigma=0.40×1.00, popsize=32)
[staged]   Ph1 robot a  zone 0  (uncovered: 19% of target)
    voronoi warm-start: IoU 0.128 → 0.209 ✓
    [parallel] 10 worker threads, one renderer clone each
    init sampling: best coverage score 673.0px of uncovered area  (8 samples)
[staged]   → robot a: IoU 0.128 → 0.483  ✓
    ↑ new global best IoU 0.483  [phase Ph1 robot a]
[staged]   Ph1 robot b  zone 1  (uncovered: 8% of target)
    voronoi warm-start: IoU 0.451 ≤ 0.483, kept current
    [parallel] 10 worker threads, one renderer clone each
    init sampling: best coverage score 124.0px of uncovered area  (16 samples)
[staged]   → robot b: IoU 0.483 → 0.575  ✓
    ↑ new global best IoU 0.575  [phase Ph1 robot b]
[staged]   Ph1 robot c  zone 4  (uncovered: 3% of target)
    voronoi warm-start: IoU 0.527 ≤ 0.575, kept current
    [parallel] 10 worker threads, one renderer clone each
    init sampling: best coverage score 84.0px of uncovered area  (16 samples)
[staged]   → robot c: IoU 0.575 → 0.602  ✓
    ↑ new global best IoU 0.602  [phase Ph1 robot c]
[staged]   Ph1 robot d  zone 3  (uncovered: 9% of target)
    voronoi warm-start: IoU 0.580 ≤ 0.602, kept current
    [parallel] 10 worker threads, one renderer clone each
    init sampling: best coverage score 28.0px of uncovered area  (16 samples)
[staged]   → robot d: IoU 0.602 → 0.647  ✓
    ↑ new global best IoU 0.647  [phase Ph1 robot d]
[staged]   Ph1 robot e  zone 2  (uncovered: 2% of target)
    voronoi warm-start: IoU 0.627 ≤ 0.647, kept current
    [parallel] 10 worker threads, one renderer clone each
    init sampling: best coverage score 52.0px of uncovered area  (16 samples)
[staged]   → robot e: IoU 0.647 → 0.676  ✓
    ↑ new global best IoU 0.676  [phase Ph1 robot e]
[staged] Phase 1 done — composite IoU: 0.676

[staged] Phase 2 — backward pass  (16 iters × 5 robots, sigma=0.300)
[staged]   contributions before Phase 2:
[staged]     robot a: +0.226 IoU
[staged]     robot b: +0.059 IoU
[staged]     robot c: +0.024 IoU  ← low
[staged]     robot d: +0.053 IoU
[staged]     robot e: +0.028 IoU  ← low
[staged]   Ph2 robot e  zone 2  (uncovered: 15% of target)
    [parallel] 10 worker threads, one renderer clone each
    init sampling: best coverage score 122.0px of uncovered area  (16 samples)
[staged]   → robot e: IoU 0.676 → 0.678  ✓
    ↑ new global best IoU 0.678  [phase Ph2 robot e]
[staged]   Ph2 robot d  zone 3  (uncovered: 19% of target)
    [parallel] 10 worker threads, one renderer clone each
    init sampling: best coverage score 131.0px of uncovered area  (16 samples)
[staged]   → robot d: candidate 0.675 < current 0.678  ✗ rejected
[staged]   Ph2 robot c  zone 4  (uncovered: 13% of target)
    [parallel] 10 worker threads, one renderer clone each
    init sampling: best coverage score 170.0px of uncovered area  (16 samples)
[staged]   → robot c: IoU 0.678 → 0.682  ✓
    ↑ new global best IoU 0.682  [phase Ph2 robot c]
[staged]   Ph2 robot b  zone 1  (uncovered: 18% of target)
    [parallel] 10 worker threads, one renderer clone each
    init sampling: best coverage score 191.0px of uncovered area  (16 samples)
[staged]   → robot b: IoU 0.682 → 0.709  ✓
    ↑ new global best IoU 0.709  [phase Ph2 robot b]
[staged]   Ph2 robot a  zone 0  (uncovered: 28% of target)
    [parallel] 10 worker threads, one renderer clone each
    init sampling: best coverage score 474.0px of uncovered area  (16 samples)
[staged]   → robot a: IoU 0.709 → 0.723  ✓
    ↑ new global best IoU 0.723  [phase Ph2 robot a]
[staged] Phase 2 done — composite IoU: 0.723

[staged] Best snapshot: Phase 2  IoU=0.723
[staged] Manifold final pass — computing Jacobian  (ε=0.020, 60 renders)
[staged] Manifold basis: k=12D / 30D  (variance≥85%, top eigenvalues: ['263389.31', '204092.75', '143223.77', '133580.73', '130222.53'])
    ↑ new global best IoU 0.733  [manifold final pass]
[staged] Manifold done — IoU: 0.733  (Δ=+0.010)  ✓
[staged] FD refinement — 5 Adam steps  (300 renders, lr=0.01, ε=0.02)
    ↑ new global best IoU 0.735  [FD refinement]
[staged] FD done — IoU: 0.735  (Δ=+0.002)  ✓
[staged] Done — final IoU: 0.735  loss: 0.2664
[staged] Popsize: per-robot phases=32  final=48  (theory optimum for 6 DOF = 10)

[staged] Hungarian pre-assignment  (5×5 cost matrix, 8 samples/entry = 200 renders)...
[staged]   robot_a → zone 4  robot_b → zone 0  robot_c → zone 3  robot_d → zone 2  robot_e → zone 1

[staged] Phase 1 — forward greedy  (16 iters × 5 robot(s), sigma=0.40×1.00, popsize=32)
[staged]   Ph1 robot a  zone 4  (uncovered: 24% of target)
    voronoi warm-start: IoU 0.128 → 0.130 ✓
    [parallel] 10 worker threads, one renderer clone each
    init sampling: best coverage score 876.0px of uncovered area  (8 samples)
[staged]   → robot a: IoU 0.128 → 0.521  ✓
    ↑ new global best IoU 0.521  [phase Ph1 robot a]
[staged]   Ph1 robot b  zone 0  (uncovered: 9% of target)
    voronoi warm-start: IoU 0.492 ≤ 0.521, kept current
    [parallel] 10 worker threads, one renderer clone each
    init sampling: best coverage score 363.0px of uncovered area  (16 samples)
[staged]   → robot b: IoU 0.521 → 0.600  ✓
    ↑ new global best IoU 0.600  [phase Ph1 robot b]
[staged]   Ph1 robot c  zone 3  (uncovered: 3% of target)
    voronoi warm-start: IoU 0.541 ≤ 0.600, kept current
    [parallel] 10 worker threads, one renderer clone each
    init sampling: best coverage score 110.0px of uncovered area  (16 samples)
[staged]   → robot c: IoU 0.600 → 0.640  ✓
    ↑ new global best IoU 0.640  [phase Ph1 robot c]
[staged]   Ph1 robot d  zone 2  (uncovered: 8% of target)
    voronoi warm-start: IoU 0.593 ≤ 0.640, kept current
    [parallel] 10 worker threads, one renderer clone each
    init sampling: best coverage score 122.0px of uncovered area  (16 samples)
[staged]   → robot d: IoU 0.640 → 0.678  ✓
    ↑ new global best IoU 0.678  [phase Ph1 robot d]
[staged]   Ph1 robot e  zone 1  (uncovered: 1% of target)
    voronoi warm-start: IoU 0.648 ≤ 0.678, kept current
    [parallel] 10 worker threads, one renderer clone each
    init sampling: best coverage score 11.0px of uncovered area  (16 samples)
[staged]   → robot e: IoU 0.678 → 0.709  ✓
    ↑ new global best IoU 0.709  [phase Ph1 robot e]
[staged] Phase 1 done — composite IoU: 0.709

[staged] Phase 2 — backward pass  (16 iters × 5 robots, sigma=0.300)
[staged]   contributions before Phase 2:
[staged]     robot a: +0.205 IoU
[staged]     robot b: +0.082 IoU
[staged]     robot c: +0.056 IoU
[staged]     robot d: +0.049 IoU  ← low
[staged]     robot e: +0.031 IoU  ← low
[staged]   Ph2 robot e  zone 1  (uncovered: 12% of target)
    [parallel] 10 worker threads, one renderer clone each
    init sampling: best coverage score 98.0px of uncovered area  (16 samples)
[staged]   → robot e: IoU 0.709 → 0.715  ✓
    ↑ new global best IoU 0.715  [phase Ph2 robot e]
[staged]   Ph2 robot d  zone 2  (uncovered: 15% of target)
    [parallel] 10 worker threads, one renderer clone each
    init sampling: best coverage score 163.0px of uncovered area  (16 samples)
[staged]   → robot d: candidate 0.710 < current 0.715  ✗ rejected
[staged]   Ph2 robot c  zone 3  (uncovered: 15% of target)
    [parallel] 10 worker threads, one renderer clone each
    init sampling: best coverage score 79.0px of uncovered area  (16 samples)
[staged]   → robot c: candidate 0.710 < current 0.715  ✗ rejected
[staged]   Ph2 robot b  zone 0  (uncovered: 17% of target)
    [parallel] 10 worker threads, one renderer clone each
    init sampling: best coverage score 262.0px of uncovered area  (16 samples)
[staged]   → robot b: candidate 0.662 < current 0.715  ✗ rejected
[staged]   Ph2 robot a  zone 4  (uncovered: 35% of target)
    [parallel] 10 worker threads, one renderer clone each
    init sampling: best coverage score 1142.0px of uncovered area  (16 samples)
[staged]   → robot a: IoU 0.715 → 0.718  ✓
    ↑ new global best IoU 0.718  [phase Ph2 robot a]
[staged] Phase 2 done — composite IoU: 0.718

[staged] Best snapshot: Phase 2  IoU=0.718
[staged] Manifold final pass — computing Jacobian  (ε=0.020, 60 renders)
[staged] Manifold basis: k=10D / 30D  (variance≥85%, top eigenvalues: ['473925.88', '147374.86', '124189.95', '115788.14', '95589.85'])
    ↑ new global best IoU 0.732  [manifold final pass]
[staged] Manifold done — IoU: 0.732  (Δ=+0.014)  ✓
[staged] FD refinement — 5 Adam steps  (300 renders, lr=0.01, ε=0.02)
[staged] FD done — IoU: 0.732  (Δ=+0.000)  ✓
[staged] Done — final IoU: 0.732  loss: 0.2699
[shard 0] 8/10 digits/4_dejavusans-bold  best=0.735 mean=0.726±0.008  194s  eta 0.1h
[staged] Popsize: per-robot phases=32  final=48  (theory optimum for 6 DOF = 10)

[staged] Hungarian pre-assignment  (5×5 cost matrix, 8 samples/entry = 200 renders)...
[staged]   robot_a → zone 2  robot_b → zone 1  robot_c → zone 4  robot_d → zone 0  robot_e → zone 3

[staged] Phase 1 — forward greedy  (16 iters × 5 robot(s), sigma=0.40×1.00, popsize=32)
[staged]   Ph1 robot a  zone 2  (uncovered: 22% of target)
    voronoi warm-start: IoU 0.067 → 0.219 ✓
    [parallel] 10 worker threads, one renderer clone each
    init sampling: best coverage score 0.0px of uncovered area  (8 samples)
[staged]   → robot a: IoU 0.067 → 0.448  ✓
    ↑ new global best IoU 0.448  [phase Ph1 robot a]
[staged]   Ph1 robot b  zone 1  (uncovered: 14% of target)
    voronoi warm-start: IoU 0.448 → 0.461 ✓
    [parallel] 10 worker threads, one renderer clone each
    init sampling: best coverage score 363.0px of uncovered area  (8 samples)
[staged]   → robot b: IoU 0.448 → 0.524  ✓
    ↑ new global best IoU 0.524  [phase Ph1 robot b]
[staged]   Ph1 robot c  zone 4  (uncovered: 0% of target)
    voronoi warm-start: IoU 0.509 ≤ 0.524, kept current
    [parallel] 10 worker threads, one renderer clone each
    init sampling: best coverage score 3.0px of uncovered area  (16 samples)
[staged]   → robot c: IoU 0.524 → 0.596  ✓
    ↑ new global best IoU 0.596  [phase Ph1 robot c]
[staged]   Ph1 robot d  zone 0  (uncovered: 0% of target)
    voronoi warm-start: IoU 0.548 ≤ 0.596, kept current
    [parallel] 10 worker threads, one renderer clone each
    init sampling: best coverage score 16.0px of uncovered area  (16 samples)
[staged]   → robot d: IoU 0.596 → 0.611  ✓
    ↑ new global best IoU 0.611  [phase Ph1 robot d]
[staged]   Ph1 robot e  zone 3  (uncovered: 7% of target)
    voronoi warm-start: IoU 0.586 ≤ 0.611, kept current
    [parallel] 10 worker threads, one renderer clone each
    init sampling: best coverage score 41.0px of uncovered area  (16 samples)
[staged]   → robot e: IoU 0.611 → 0.646  ✓
    ↑ new global best IoU 0.646  [phase Ph1 robot e]
[staged] Phase 1 done — composite IoU: 0.646

[staged] Phase 2 — backward pass  (16 iters × 5 robots, sigma=0.300)
[staged]   contributions before Phase 2:
[staged]     robot a: +0.092 IoU
[staged]     robot b: +0.086 IoU
[staged]     robot c: +0.062 IoU
[staged]     robot d: +0.038 IoU  ← low
[staged]     robot e: +0.035 IoU  ← low
[staged]   Ph2 robot e  zone 3  (uncovered: 7% of target)
    [parallel] 10 worker threads, one renderer clone each
    init sampling: best coverage score 14.0px of uncovered area  (16 samples)
[staged]   → robot e: IoU 0.646 → 0.646  ✓
    ↑ new global best IoU 0.646  [phase Ph2 robot e]
[staged]   Ph2 robot d  zone 0  (uncovered: 8% of target)
    [parallel] 10 worker threads, one renderer clone each
    init sampling: best coverage score 128.0px of uncovered area  (16 samples)
[staged]   → robot d: IoU 0.646 → 0.647  ✓
    ↑ new global best IoU 0.647  [phase Ph2 robot d]
[staged]   Ph2 robot c  zone 4  (uncovered: 17% of target)
    [parallel] 10 worker threads, one renderer clone each
    init sampling: best coverage score 159.0px of uncovered area  (16 samples)
[staged]   → robot c: IoU 0.647 → 0.655  ✓
    ↑ new global best IoU 0.655  [phase Ph2 robot c]
[staged]   Ph2 robot b  zone 1  (uncovered: 12% of target)
    [parallel] 10 worker threads, one renderer clone each
    init sampling: best coverage score 177.0px of uncovered area  (16 samples)
[staged]   → robot b: IoU 0.655 → 0.686  ✓
    ↑ new global best IoU 0.686  [phase Ph2 robot b]
[staged]   Ph2 robot a  zone 2  (uncovered: 15% of target)
    [parallel] 10 worker threads, one renderer clone each
    init sampling: best coverage score 306.0px of uncovered area  (16 samples)
[staged]   → robot a: candidate 0.685 < current 0.686  ✗ rejected
[staged] Phase 2 done — composite IoU: 0.686

[staged] Best snapshot: Phase 2  IoU=0.686
[staged] Manifold final pass — computing Jacobian  (ε=0.020, 60 renders)
[staged] Manifold basis: k=8D / 30D  (variance≥85%, top eigenvalues: ['403577.50', '299341.06', '170718.48', '141246.59', '67643.21'])
    ↑ new global best IoU 0.766  [manifold final pass]
[staged] Manifold done — IoU: 0.766  (Δ=+0.080)  ✓
[staged] FD refinement — 5 Adam steps  (300 renders, lr=0.01, ε=0.02)
    ↑ new global best IoU 0.767  [FD refinement]
[staged] FD done — IoU: 0.767  (Δ=+0.001)  ✓
[staged] Done — final IoU: 0.767  loss: 0.2340
[staged] Popsize: per-robot phases=32  final=48  (theory optimum for 6 DOF = 10)

[staged] Hungarian pre-assignment  (5×5 cost matrix, 8 samples/entry = 200 renders)...
[staged]   robot_a → zone 1  robot_b → zone 3  robot_c → zone 4  robot_d → zone 2  robot_e → zone 0

[staged] Phase 1 — forward greedy  (16 iters × 5 robot(s), sigma=0.40×1.00, popsize=32)
[staged]   Ph1 robot a  zone 1  (uncovered: 19% of target)
    voronoi warm-start: IoU 0.067 → 0.222 ✓
    [parallel] 10 worker threads, one renderer clone each
    init sampling: best coverage score 0.0px of uncovered area  (8 samples)
[staged]   → robot a: IoU 0.067 → 0.465  ✓
    ↑ new global best IoU 0.465  [phase Ph1 robot a]
[staged]   Ph1 robot b  zone 3  (uncovered: 9% of target)
    voronoi warm-start: IoU 0.449 ≤ 0.465, kept current
    [parallel] 10 worker threads, one renderer clone each
    init sampling: best coverage score 69.0px of uncovered area  (16 samples)
[staged]   → robot b: IoU 0.465 → 0.549  ✓
    ↑ new global best IoU 0.549  [phase Ph1 robot b]
[staged]   Ph1 robot c  zone 4  (uncovered: 2% of target)
    voronoi warm-start: IoU 0.540 ≤ 0.549, kept current
    [parallel] 10 worker threads, one renderer clone each
    init sampling: best coverage score 16.0px of uncovered area  (16 samples)
[staged]   → robot c: IoU 0.549 → 0.600  ✓
    ↑ new global best IoU 0.600  [phase Ph1 robot c]
[staged]   Ph1 robot d  zone 2  (uncovered: 6% of target)
    voronoi warm-start: IoU 0.534 ≤ 0.600, kept current
    [parallel] 10 worker threads, one renderer clone each
    init sampling: best coverage score 59.0px of uncovered area  (16 samples)
[staged]   → robot d: IoU 0.600 → 0.624  ✓
    ↑ new global best IoU 0.624  [phase Ph1 robot d]
[staged]   Ph1 robot e  zone 0  (uncovered: 5% of target)
    voronoi warm-start: IoU 0.594 ≤ 0.624, kept current
    [parallel] 10 worker threads, one renderer clone each
    init sampling: best coverage score 73.0px of uncovered area  (16 samples)
[staged]   → robot e: IoU 0.624 → 0.679  ✓
    ↑ new global best IoU 0.679  [phase Ph1 robot e]
[staged] Phase 1 done — composite IoU: 0.679

[staged] Phase 2 — backward pass  (16 iters × 5 robots, sigma=0.300)
[staged]   contributions before Phase 2:
[staged]     robot a: +0.096 IoU
[staged]     robot b: +0.081 IoU
[staged]     robot c: +0.099 IoU
[staged]     robot d: +0.064 IoU
[staged]     robot e: +0.056 IoU
[staged]   Ph2 robot e  zone 0  (uncovered: 5% of target)
    [parallel] 10 worker threads, one renderer clone each
    init sampling: best coverage score 30.0px of uncovered area  (16 samples)
[staged]   → robot e: IoU 0.679 → 0.683  ✓
    ↑ new global best IoU 0.683  [phase Ph2 robot e]
[staged]   Ph2 robot d  zone 2  (uncovered: 5% of target)
    [parallel] 10 worker threads, one renderer clone each
    init sampling: best coverage score 49.0px of uncovered area  (16 samples)
[staged]   → robot d: IoU 0.683 → 0.684  ✓
    ↑ new global best IoU 0.684  [phase Ph2 robot d]
[staged]   Ph2 robot c  zone 4  (uncovered: 9% of target)
    [parallel] 10 worker threads, one renderer clone each
    init sampling: best coverage score 164.0px of uncovered area  (16 samples)
[staged]   → robot c: candidate 0.673 < current 0.684  ✗ rejected
[staged]   Ph2 robot b  zone 3  (uncovered: 10% of target)
    [parallel] 10 worker threads, one renderer clone each
    init sampling: best coverage score 153.0px of uncovered area  (16 samples)
[staged]   → robot b: IoU 0.684 → 0.694  ✓
    ↑ new global best IoU 0.694  [phase Ph2 robot b]
[staged]   Ph2 robot a  zone 1  (uncovered: 15% of target)
    [parallel] 10 worker threads, one renderer clone each
    init sampling: best coverage score 216.0px of uncovered area  (16 samples)
[staged]   → robot a: candidate 0.684 < current 0.694  ✗ rejected
[staged] Phase 2 done — composite IoU: 0.694

[staged] Best snapshot: Phase 2  IoU=0.694
[staged] Manifold final pass — computing Jacobian  (ε=0.020, 60 renders)
[staged] Manifold basis: k=9D / 30D  (variance≥85%, top eigenvalues: ['292392.41', '255397.86', '191709.78', '138164.42', '89040.00'])
    ↑ new global best IoU 0.760  [manifold final pass]
[staged] Manifold done — IoU: 0.760  (Δ=+0.066)  ✓
[staged] FD refinement — 5 Adam steps  (300 renders, lr=0.01, ε=0.02)
    ↑ new global best IoU 0.761  [FD refinement]
[staged] FD done — IoU: 0.761  (Δ=+0.001)  ✓
[staged] Done — final IoU: 0.761  loss: 0.2396
[staged] Popsize: per-robot phases=32  final=48  (theory optimum for 6 DOF = 10)

[staged] Hungarian pre-assignment  (5×5 cost matrix, 8 samples/entry = 200 renders)...
[staged]   robot_a → zone 2  robot_b → zone 3  robot_c → zone 4  robot_d → zone 1  robot_e → zone 0

[staged] Phase 1 — forward greedy  (16 iters × 5 robot(s), sigma=0.40×1.00, popsize=32)
[staged]   Ph1 robot a  zone 2  (uncovered: 7% of target)
    voronoi warm-start: IoU 0.061 ≤ 0.067, kept current
    [parallel] 10 worker threads, one renderer clone each
    init sampling: best coverage score 232.0px of uncovered area  (16 samples)
[staged]   → robot a: IoU 0.067 → 0.495  ✓
    ↑ new global best IoU 0.495  [phase Ph1 robot a]
[staged]   Ph1 robot b  zone 3  (uncovered: 8% of target)
    voronoi warm-start: IoU 0.495 → 0.507 ✓
    [parallel] 10 worker threads, one renderer clone each
    init sampling: best coverage score 175.0px of uncovered area  (8 samples)
[staged]   → robot b: IoU 0.495 → 0.576  ✓
    ↑ new global best IoU 0.576  [phase Ph1 robot b]
[staged]   Ph1 robot c  zone 4  (uncovered: 1% of target)
    voronoi warm-start: IoU 0.533 ≤ 0.576, kept current
    [parallel] 10 worker threads, one renderer clone each
    init sampling: best coverage score 43.0px of uncovered area  (16 samples)
[staged]   → robot c: IoU 0.576 → 0.624  ✓
    ↑ new global best IoU 0.624  [phase Ph1 robot c]
[staged]   Ph1 robot d  zone 1  (uncovered: 11% of target)
    voronoi warm-start: IoU 0.551 ≤ 0.624, kept current
    [parallel] 10 worker threads, one renderer clone each
    init sampling: best coverage score 119.0px of uncovered area  (16 samples)
[staged]   → robot d: IoU 0.624 → 0.654  ✓
    ↑ new global best IoU 0.654  [phase Ph1 robot d]
[staged]   Ph1 robot e  zone 0  (uncovered: 0% of target)
    voronoi warm-start: IoU 0.623 ≤ 0.654, kept current
    [parallel] 10 worker threads, one renderer clone each
    init sampling: best coverage score 2.0px of uncovered area  (16 samples)
[staged]   → robot e: IoU 0.654 → 0.729  ✓
    ↑ new global best IoU 0.729  [phase Ph1 robot e]
[staged] Phase 1 done — composite IoU: 0.729

[staged] Phase 2 — backward pass  (16 iters × 5 robots, sigma=0.300)
[staged]   contributions before Phase 2:
[staged]     robot a: +0.167 IoU
[staged]     robot b: +0.128 IoU
[staged]     robot c: +0.103 IoU
[staged]     robot d: +0.080 IoU
[staged]     robot e: +0.074 IoU
[staged]   Ph2 robot e  zone 0  (uncovered: 12% of target)
    [parallel] 10 worker threads, one renderer clone each
    init sampling: best coverage score 1.0px of uncovered area  (16 samples)
[staged]   → robot e: candidate 0.714 < current 0.729  ✗ rejected
[staged]   Ph2 robot d  zone 1  (uncovered: 11% of target)
    [parallel] 10 worker threads, one renderer clone each
    init sampling: best coverage score 85.0px of uncovered area  (16 samples)
[staged]   → robot d: candidate 0.720 < current 0.729  ✗ rejected
[staged]   Ph2 robot c  zone 4  (uncovered: 14% of target)
    [parallel] 10 worker threads, one renderer clone each
    init sampling: best coverage score 87.0px of uncovered area  (16 samples)
[staged]   → robot c: candidate 0.719 < current 0.729  ✗ rejected
[staged]   Ph2 robot b  zone 3  (uncovered: 17% of target)
    [parallel] 10 worker threads, one renderer clone each
    init sampling: best coverage score 245.0px of uncovered area  (16 samples)
[staged]   → robot b: candidate 0.696 < current 0.729  ✗ rejected
[staged]   Ph2 robot a  zone 2  (uncovered: 19% of target)
    [parallel] 10 worker threads, one renderer clone each
    init sampling: best coverage score 297.0px of uncovered area  (16 samples)
[staged]   → robot a: candidate 0.709 < current 0.729  ✗ rejected
[staged] Phase 2 done — composite IoU: 0.729

[staged] Best snapshot: Phase 1  IoU=0.729
[staged] Manifold final pass — computing Jacobian  (ε=0.020, 60 renders)
[staged] Manifold basis: k=9D / 30D  (variance≥85%, top eigenvalues: ['253543.06', '162140.52', '107758.56', '70205.28', '53161.02'])
    ↑ new global best IoU 0.738  [manifold final pass]
[staged] Manifold done — IoU: 0.738  (Δ=+0.009)  ✓
[staged] FD refinement — 5 Adam steps  (300 renders, lr=0.01, ε=0.02)
    ↑ new global best IoU 0.739  [FD refinement]
[staged] FD done — IoU: 0.739  (Δ=+0.001)  ✓
[staged] Done — final IoU: 0.739  loss: 0.2624
[staged] Popsize: per-robot phases=32  final=48  (theory optimum for 6 DOF = 10)

[staged] Hungarian pre-assignment  (5×5 cost matrix, 8 samples/entry = 200 renders)...
[staged]   robot_a → zone 1  robot_b → zone 2  robot_c → zone 4  robot_d → zone 3  robot_e → zone 0

[staged] Phase 1 — forward greedy  (16 iters × 5 robot(s), sigma=0.40×1.00, popsize=32)
[staged]   Ph1 robot a  zone 1  (uncovered: 19% of target)
    voronoi warm-start: IoU 0.067 → 0.086 ✓
    [parallel] 10 worker threads, one renderer clone each
    init sampling: best coverage score 587.0px of uncovered area  (8 samples)
[staged]   → robot a: IoU 0.067 → 0.486  ✓
    ↑ new global best IoU 0.486  [phase Ph1 robot a]
[staged]   Ph1 robot b  zone 2  (uncovered: 18% of target)
    voronoi warm-start: IoU 0.486 → 0.502 ✓
    [parallel] 10 worker threads, one renderer clone each
    init sampling: best coverage score 137.0px of uncovered area  (8 samples)
[staged]   → robot b: IoU 0.486 → 0.604  ✓
    ↑ new global best IoU 0.604  [phase Ph1 robot b]
[staged]   Ph1 robot c  zone 4  (uncovered: 2% of target)
    voronoi warm-start: IoU 0.579 ≤ 0.604, kept current
    [parallel] 10 worker threads, one renderer clone each
    init sampling: best coverage score 3.0px of uncovered area  (16 samples)
[staged]   → robot c: IoU 0.604 → 0.640  ✓
    ↑ new global best IoU 0.640  [phase Ph1 robot c]
[staged]   Ph1 robot d  zone 3  (uncovered: 4% of target)
    voronoi warm-start: IoU 0.570 ≤ 0.640, kept current
    [parallel] 10 worker threads, one renderer clone each
    init sampling: best coverage score 10.0px of uncovered area  (16 samples)
[staged]   → robot d: IoU 0.640 → 0.661  ✓
    ↑ new global best IoU 0.661  [phase Ph1 robot d]
[staged]   Ph1 robot e  zone 0  (uncovered: 0% of target)
    voronoi warm-start: IoU 0.661 → 0.686 ✓
    [parallel] 10 worker threads, one renderer clone each
    init sampling: best loss 21.5520 (8 samples)
[staged]   → robot e: IoU 0.661 → 0.720  ✓
    ↑ new global best IoU 0.720  [phase Ph1 robot e]
[staged] Phase 1 done — composite IoU: 0.720

[staged] Phase 2 — backward pass  (16 iters × 5 robots, sigma=0.300)
[staged]   contributions before Phase 2:
[staged]     robot a: +0.148 IoU
[staged]     robot b: +0.169 IoU
[staged]     robot c: +0.087 IoU
[staged]     robot d: +0.068 IoU
[staged]     robot e: +0.059 IoU
[staged]   Ph2 robot e  zone 0  (uncovered: 4% of target)
    [parallel] 10 worker threads, one renderer clone each
    init sampling: best coverage score 3.0px of uncovered area  (16 samples)
[staged]   → robot e: IoU 0.720 → 0.721  ✓
    ↑ new global best IoU 0.721  [phase Ph2 robot e]
[staged]   Ph2 robot d  zone 3  (uncovered: 4% of target)
    [parallel] 10 worker threads, one renderer clone each
    init sampling: best coverage score 3.0px of uncovered area  (16 samples)
[staged]   → robot d: candidate 0.720 < current 0.721  ✗ rejected
[staged]   Ph2 robot c  zone 4  (uncovered: 5% of target)
    [parallel] 10 worker threads, one renderer clone each
    init sampling: best coverage score 59.0px of uncovered area  (16 samples)
[staged]   → robot c: candidate 0.717 < current 0.721  ✗ rejected
[staged]   Ph2 robot b  zone 2  (uncovered: 18% of target)
    [parallel] 10 worker threads, one renderer clone each
    init sampling: best coverage score 444.0px of uncovered area  (16 samples)
[staged]   → robot b: candidate 0.716 < current 0.721  ✗ rejected
[staged]   Ph2 robot a  zone 1  (uncovered: 20% of target)
    [parallel] 10 worker threads, one renderer clone each
    init sampling: best coverage score 379.0px of uncovered area  (16 samples)
[staged]   → robot a: candidate 0.700 < current 0.721  ✗ rejected
[staged] Phase 2 done — composite IoU: 0.721

[staged] Best snapshot: Phase 2  IoU=0.721
[staged] Manifold final pass — computing Jacobian  (ε=0.020, 60 renders)
[staged] Manifold basis: k=6D / 30D  (variance≥85%, top eigenvalues: ['756994.50', '203056.70', '160478.28', '87777.88', '73140.08'])
    ↑ new global best IoU 0.724  [manifold final pass]
[staged] Manifold done — IoU: 0.724  (Δ=+0.004)  ✓
[staged] FD refinement — 5 Adam steps  (300 renders, lr=0.01, ε=0.02)
    ↑ new global best IoU 0.726  [FD refinement]
[staged] FD done — IoU: 0.726  (Δ=+0.001)  ✓
[staged] Done — final IoU: 0.726  loss: 0.2759
[staged] Popsize: per-robot phases=32  final=48  (theory optimum for 6 DOF = 10)

[staged] Hungarian pre-assignment  (5×5 cost matrix, 8 samples/entry = 200 renders)...
[staged]   robot_a → zone 4  robot_b → zone 3  robot_c → zone 2  robot_d → zone 1  robot_e → zone 0

[staged] Phase 1 — forward greedy  (16 iters × 5 robot(s), sigma=0.40×1.00, popsize=32)
[staged]   Ph1 robot a  zone 4  (uncovered: 14% of target)
    voronoi warm-start: IoU 0.060 ≤ 0.067, kept current
    [parallel] 10 worker threads, one renderer clone each
    init sampling: best coverage score 452.0px of uncovered area  (16 samples)
[staged]   → robot a: IoU 0.067 → 0.493  ✓
    ↑ new global best IoU 0.493  [phase Ph1 robot a]
[staged]   Ph1 robot b  zone 3  (uncovered: 5% of target)
    voronoi warm-start: IoU 0.462 ≤ 0.493, kept current
    [parallel] 10 worker threads, one renderer clone each
    init sampling: best coverage score 66.0px of uncovered area  (16 samples)
[staged]   → robot b: IoU 0.493 → 0.564  ✓
    ↑ new global best IoU 0.564  [phase Ph1 robot b]
[staged]   Ph1 robot c  zone 2  (uncovered: 2% of target)
    voronoi warm-start: IoU 0.543 ≤ 0.564, kept current
    [parallel] 10 worker threads, one renderer clone each
    init sampling: best coverage score 55.0px of uncovered area  (16 samples)
[staged]   → robot c: IoU 0.564 → 0.634  ✓
    ↑ new global best IoU 0.634  [phase Ph1 robot c]
[staged]   Ph1 robot d  zone 1  (uncovered: 6% of target)
    voronoi warm-start: IoU 0.609 ≤ 0.634, kept current
    [parallel] 10 worker threads, one renderer clone each
    init sampling: best coverage score 5.0px of uncovered area  (16 samples)
[staged]   → robot d: IoU 0.634 → 0.675  ✓
    ↑ new global best IoU 0.675  [phase Ph1 robot d]
[staged]   Ph1 robot e  zone 0  (uncovered: 0% of target)
    voronoi warm-start: IoU 0.657 ≤ 0.675, kept current
    [parallel] 10 worker threads, one renderer clone each
    init sampling: best coverage score 9.0px of uncovered area  (16 samples)
[staged]   → robot e: IoU 0.675 → 0.743  ✓
    ↑ new global best IoU 0.743  [phase Ph1 robot e]
[staged] Phase 1 done — composite IoU: 0.743

[staged] Phase 2 — backward pass  (16 iters × 5 robots, sigma=0.300)
[staged]   contributions before Phase 2:
[staged]     robot a: +0.204 IoU
[staged]     robot b: +0.102 IoU
[staged]     robot c: +0.108 IoU
[staged]     robot d: +0.095 IoU
[staged]     robot e: +0.068 IoU
[staged]   Ph2 robot e  zone 0  (uncovered: 9% of target)
    [parallel] 10 worker threads, one renderer clone each
    init sampling: best coverage score 36.0px of uncovered area  (16 samples)
[staged]   → robot e: IoU 0.743 → 0.760  ✓
    ↑ new global best IoU 0.760  [phase Ph2 robot e]
[staged]   Ph2 robot d  zone 1  (uncovered: 10% of target)
    [parallel] 10 worker threads, one renderer clone each
    init sampling: best coverage score 55.0px of uncovered area  (16 samples)
[staged]   → robot d: IoU 0.760 → 0.760  ✓
[staged]   Ph2 robot c  zone 2  (uncovered: 11% of target)
    [parallel] 10 worker threads, one renderer clone each
    init sampling: best coverage score 61.0px of uncovered area  (16 samples)
[staged]   → robot c: candidate 0.760 < current 0.760  ✗ rejected
[staged]   Ph2 robot b  zone 3  (uncovered: 8% of target)
    [parallel] 10 worker threads, one renderer clone each
    init sampling: best coverage score 103.0px of uncovered area  (16 samples)
[staged]   → robot b: IoU 0.760 → 0.764  ✓
    ↑ new global best IoU 0.764  [phase Ph2 robot b]
[staged]   Ph2 robot a  zone 4  (uncovered: 29% of target)
    [parallel] 10 worker threads, one renderer clone each
    init sampling: best coverage score 573.0px of uncovered area  (16 samples)
[staged]   → robot a: candidate 0.648 < current 0.764  ✗ rejected
[staged] Phase 2 done — composite IoU: 0.764

[staged] Best snapshot: Phase 2  IoU=0.764
[staged] Manifold final pass — computing Jacobian  (ε=0.020, 60 renders)
[staged] Manifold basis: k=7D / 30D  (variance≥85%, top eigenvalues: ['335245.25', '196152.59', '177991.30', '101494.58', '86929.58'])
    ↑ new global best IoU 0.780  [manifold final pass]
[staged] Manifold done — IoU: 0.780  (Δ=+0.017)  ✓
[staged] FD refinement — 5 Adam steps  (300 renders, lr=0.01, ε=0.02)
    ↑ new global best IoU 0.783  [FD refinement]
[staged] FD done — IoU: 0.783  (Δ=+0.002)  ✓
[staged] Done — final IoU: 0.783  loss: 0.2178
[shard 0] 9/10 digits/7_dejavusans-bold  best=0.783 mean=0.755±0.020  194s  eta 0.1h
[staged] Popsize: per-robot phases=32  final=48  (theory optimum for 6 DOF = 10)

[staged] Hungarian pre-assignment  (5×5 cost matrix, 8 samples/entry = 200 renders)...
[staged]   robot_a → zone 3  robot_b → zone 1  robot_c → zone 4  robot_d → zone 0  robot_e → zone 2

[staged] Phase 1 — forward greedy  (16 iters × 5 robot(s), sigma=0.40×1.00, popsize=32)
[staged]   Ph1 robot a  zone 3  (uncovered: 6% of target)
    voronoi warm-start: IoU 0.106 ≤ 0.119, kept current
    [parallel] 10 worker threads, one renderer clone each
    init sampling: best coverage score 275.0px of uncovered area  (16 samples)
[staged]   → robot a: IoU 0.119 → 0.362  ✓
    ↑ new global best IoU 0.362  [phase Ph1 robot a]
[staged]   Ph1 robot b  zone 1  (uncovered: 6% of target)
    voronoi warm-start: IoU 0.357 ≤ 0.362, kept current
    [parallel] 10 worker threads, one renderer clone each
    init sampling: best coverage score 153.0px of uncovered area  (16 samples)
[staged]   → robot b: IoU 0.362 → 0.507  ✓
    ↑ new global best IoU 0.507  [phase Ph1 robot b]
[staged]   Ph1 robot c  zone 4  (uncovered: 1% of target)
    voronoi warm-start: IoU 0.491 ≤ 0.507, kept current
    [parallel] 10 worker threads, one renderer clone each
    init sampling: best coverage score 4.0px of uncovered area  (16 samples)
[staged]   → robot c: IoU 0.507 → 0.610  ✓
    ↑ new global best IoU 0.610  [phase Ph1 robot c]
[staged]   Ph1 robot d  zone 0  (uncovered: 4% of target)
    voronoi warm-start: IoU 0.605 ≤ 0.610, kept current
    [parallel] 10 worker threads, one renderer clone each
    init sampling: best coverage score 22.0px of uncovered area  (16 samples)
[staged]   → robot d: IoU 0.610 → 0.650  ✓
    ↑ new global best IoU 0.650  [phase Ph1 robot d]
[staged]   Ph1 robot e  zone 2  (uncovered: 3% of target)
    voronoi warm-start: IoU 0.642 ≤ 0.650, kept current
    [parallel] 10 worker threads, one renderer clone each
    init sampling: best coverage score 14.0px of uncovered area  (16 samples)
[staged]   → robot e: IoU 0.650 → 0.680  ✓
    ↑ new global best IoU 0.680  [phase Ph1 robot e]
[staged] Phase 1 done — composite IoU: 0.680

[staged] Phase 2 — backward pass  (16 iters × 5 robots, sigma=0.300)
[staged]   contributions before Phase 2:
[staged]     robot a: +0.158 IoU
[staged]     robot b: +0.056 IoU
[staged]     robot c: +0.086 IoU
[staged]     robot d: +0.052 IoU
[staged]     robot e: +0.030 IoU  ← low
[staged]   Ph2 robot e  zone 2  (uncovered: 11% of target)
    [parallel] 10 worker threads, one renderer clone each
    init sampling: best coverage score 90.0px of uncovered area  (16 samples)
[staged]   → robot e: IoU 0.680 → 0.681  ✓
    ↑ new global best IoU 0.681  [phase Ph2 robot e]
[staged]   Ph2 robot d  zone 0  (uncovered: 14% of target)
    [parallel] 10 worker threads, one renderer clone each
    init sampling: best coverage score 113.0px of uncovered area  (16 samples)
[staged]   → robot d: candidate 0.654 < current 0.681  ✗ rejected
[staged]   Ph2 robot c  zone 4  (uncovered: 21% of target)
    [parallel] 10 worker threads, one renderer clone each
    init sampling: best coverage score 286.0px of uncovered area  (16 samples)
[staged]   → robot c: candidate 0.639 < current 0.681  ✗ rejected
[staged]   Ph2 robot b  zone 1  (uncovered: 15% of target)
    [parallel] 10 worker threads, one renderer clone each
    init sampling: best coverage score 118.0px of uncovered area  (16 samples)
[staged]   → robot b: IoU 0.681 → 0.682  ✓
    ↑ new global best IoU 0.682  [phase Ph2 robot b]
[staged]   Ph2 robot a  zone 3  (uncovered: 36% of target)
    [parallel] 10 worker threads, one renderer clone each
    init sampling: best coverage score 736.0px of uncovered area  (16 samples)
[staged]   → robot a: candidate 0.641 < current 0.682  ✗ rejected
[staged] Phase 2 done — composite IoU: 0.682

[staged] Best snapshot: Phase 2  IoU=0.682
[staged] Manifold final pass — computing Jacobian  (ε=0.020, 60 renders)
[staged] Manifold basis: k=9D / 30D  (variance≥85%, top eigenvalues: ['318089.19', '315840.94', '197929.61', '146098.08', '104352.14'])
    ↑ new global best IoU 0.721  [manifold final pass]
[staged] Manifold done — IoU: 0.721  (Δ=+0.040)  ✓
[staged] FD refinement — 5 Adam steps  (300 renders, lr=0.01, ε=0.02)
[staged] FD done — IoU: 0.721  (Δ=+0.000)  ✓
[staged] Done — final IoU: 0.721  loss: 0.2799
[staged] Popsize: per-robot phases=32  final=48  (theory optimum for 6 DOF = 10)

[staged] Hungarian pre-assignment  (5×5 cost matrix, 8 samples/entry = 200 renders)...
[staged]   robot_a → zone 2  robot_b → zone 1  robot_c → zone 3  robot_d → zone 4  robot_e → zone 0

[staged] Phase 1 — forward greedy  (16 iters × 5 robot(s), sigma=0.40×1.00, popsize=32)
[staged]   Ph1 robot a  zone 2  (uncovered: 26% of target)
    voronoi warm-start: IoU 0.119 → 0.125 ✓
    [parallel] 10 worker threads, one renderer clone each
    init sampling: best coverage score 0.0px of uncovered area  (8 samples)
[staged]   → robot a: IoU 0.119 → 0.409  ✓
    ↑ new global best IoU 0.409  [phase Ph1 robot a]
[staged]   Ph1 robot b  zone 1  (uncovered: 15% of target)
    voronoi warm-start: IoU 0.409 → 0.443 ✓
    [parallel] 10 worker threads, one renderer clone each
    init sampling: best coverage score 423.0px of uncovered area  (8 samples)
[staged]   → robot b: IoU 0.409 → 0.548  ✓
    ↑ new global best IoU 0.548  [phase Ph1 robot b]
[staged]   Ph1 robot c  zone 3  (uncovered: 7% of target)
    voronoi warm-start: IoU 0.548 → 0.557 ✓
    [parallel] 10 worker threads, one renderer clone each
    init sampling: best coverage score 189.0px of uncovered area  (8 samples)
[staged]   → robot c: IoU 0.548 → 0.590  ✓
    ↑ new global best IoU 0.590  [phase Ph1 robot c]
[staged]   Ph1 robot d  zone 4  (uncovered: 1% of target)
    voronoi warm-start: IoU 0.589 ≤ 0.590, kept current
    [parallel] 10 worker threads, one renderer clone each
    init sampling: best coverage score 2.0px of uncovered area  (16 samples)
[staged]   → robot d: IoU 0.590 → 0.619  ✓
    ↑ new global best IoU 0.619  [phase Ph1 robot d]
[staged]   Ph1 robot e  zone 0  (uncovered: 3% of target)
    voronoi warm-start: IoU 0.575 ≤ 0.619, kept current
    [parallel] 10 worker threads, one renderer clone each
    init sampling: best coverage score 141.0px of uncovered area  (16 samples)
[staged]   → robot e: IoU 0.619 → 0.641  ✓
    ↑ new global best IoU 0.641  [phase Ph1 robot e]
[staged] Phase 1 done — composite IoU: 0.641

[staged] Phase 2 — backward pass  (16 iters × 5 robots, sigma=0.300)
[staged]   contributions before Phase 2:
[staged]     robot a: +0.168 IoU
[staged]     robot b: +0.122 IoU
[staged]     robot c: +0.056 IoU
[staged]     robot d: +0.039 IoU  ← low
[staged]     robot e: +0.022 IoU  ← low
[staged]   Ph2 robot e  zone 0  (uncovered: 11% of target)
    [parallel] 10 worker threads, one renderer clone each
    init sampling: best coverage score 144.0px of uncovered area  (16 samples)
[staged]   → robot e: IoU 0.641 → 0.648  ✓
    ↑ new global best IoU 0.648  [phase Ph2 robot e]
[staged]   Ph2 robot d  zone 4  (uncovered: 12% of target)
    [parallel] 10 worker threads, one renderer clone each
    init sampling: best coverage score 182.0px of uncovered area  (16 samples)
[staged]   → robot d: IoU 0.648 → 0.649  ✓
    ↑ new global best IoU 0.649  [phase Ph2 robot d]
[staged]   Ph2 robot c  zone 3  (uncovered: 14% of target)
    [parallel] 10 worker threads, one renderer clone each
    init sampling: best coverage score 194.0px of uncovered area  (16 samples)
[staged]   → robot c: candidate 0.637 < current 0.649  ✗ rejected
[staged]   Ph2 robot b  zone 1  (uncovered: 11% of target)
    [parallel] 10 worker threads, one renderer clone each
    init sampling: best coverage score 210.0px of uncovered area  (16 samples)
[staged]   → robot b: IoU 0.649 → 0.674  ✓
    ↑ new global best IoU 0.674  [phase Ph2 robot b]
[staged]   Ph2 robot a  zone 2  (uncovered: 38% of target)
    [parallel] 10 worker threads, one renderer clone each
    init sampling: best coverage score 788.0px of uncovered area  (16 samples)
[staged]   → robot a: IoU 0.674 → 0.736  ✓
    ↑ new global best IoU 0.736  [phase Ph2 robot a]
[staged] Phase 2 done — composite IoU: 0.736

[staged] Best snapshot: Phase 2  IoU=0.736
[staged] Manifold final pass — computing Jacobian  (ε=0.020, 60 renders)
[staged] Manifold basis: k=7D / 30D  (variance≥85%, top eigenvalues: ['786510.25', '311116.94', '171770.55', '143487.23', '85808.41'])
    ↑ new global best IoU 0.762  [manifold final pass]
[staged] Manifold done — IoU: 0.762  (Δ=+0.026)  ✓
[staged] FD refinement — 5 Adam steps  (300 renders, lr=0.01, ε=0.02)
    ↑ new global best IoU 0.762  [FD refinement]
[staged] FD done — IoU: 0.762  (Δ=+0.000)  ✓
[staged] Done — final IoU: 0.762  loss: 0.2393
[staged] Popsize: per-robot phases=32  final=48  (theory optimum for 6 DOF = 10)

[staged] Hungarian pre-assignment  (5×5 cost matrix, 8 samples/entry = 200 renders)...
[staged]   robot_a → zone 2  robot_b → zone 1  robot_c → zone 4  robot_d → zone 3  robot_e → zone 0

[staged] Phase 1 — forward greedy  (16 iters × 5 robot(s), sigma=0.40×1.00, popsize=32)
[staged]   Ph1 robot a  zone 2  (uncovered: 25% of target)
    voronoi warm-start: IoU 0.119 → 0.124 ✓
    [parallel] 10 worker threads, one renderer clone each
    init sampling: best coverage score 5.0px of uncovered area  (8 samples)
[staged]   → robot a: IoU 0.119 → 0.433  ✓
    ↑ new global best IoU 0.433  [phase Ph1 robot a]
[staged]   Ph1 robot b  zone 1  (uncovered: 2% of target)
    voronoi warm-start: IoU 0.433 → 0.472 ✓
    [parallel] 10 worker threads, one renderer clone each
    init sampling: best coverage score 11.0px of uncovered area  (8 samples)
[staged]   → robot b: IoU 0.433 → 0.577  ✓
    ↑ new global best IoU 0.577  [phase Ph1 robot b]
[staged]   Ph1 robot c  zone 4  (uncovered: 3% of target)
    voronoi warm-start: IoU 0.538 ≤ 0.577, kept current
    [parallel] 10 worker threads, one renderer clone each
    init sampling: best coverage score 144.0px of uncovered area  (16 samples)
[staged]   → robot c: IoU 0.577 → 0.642  ✓
    ↑ new global best IoU 0.642  [phase Ph1 robot c]
[staged]   Ph1 robot d  zone 3  (uncovered: 2% of target)
    voronoi warm-start: IoU 0.628 ≤ 0.642, kept current
    [parallel] 10 worker threads, one renderer clone each
    init sampling: best coverage score 65.0px of uncovered area  (16 samples)
[staged]   → robot d: IoU 0.642 → 0.675  ✓
    ↑ new global best IoU 0.675  [phase Ph1 robot d]
[staged]   Ph1 robot e  zone 0  (uncovered: 2% of target)
    voronoi warm-start: IoU 0.627 ≤ 0.675, kept current
    [parallel] 10 worker threads, one renderer clone each
    init sampling: best coverage score 38.0px of uncovered area  (16 samples)
[staged]   → robot e: IoU 0.675 → 0.708  ✓
    ↑ new global best IoU 0.708  [phase Ph1 robot e]
[staged] Phase 1 done — composite IoU: 0.708

[staged] Phase 2 — backward pass  (16 iters × 5 robots, sigma=0.300)
[staged]   contributions before Phase 2:
[staged]     robot a: +0.205 IoU
[staged]     robot b: +0.100 IoU
[staged]     robot c: +0.077 IoU
[staged]     robot d: +0.055 IoU
[staged]     robot e: +0.033 IoU  ← low
[staged]   Ph2 robot e  zone 0  (uncovered: 9% of target)
    [parallel] 10 worker threads, one renderer clone each
    init sampling: best coverage score 121.0px of uncovered area  (16 samples)
[staged]   → robot e: candidate 0.703 < current 0.708  ✗ rejected
[staged]   Ph2 robot d  zone 3  (uncovered: 10% of target)
    [parallel] 10 worker threads, one renderer clone each
    init sampling: best coverage score 200.0px of uncovered area  (16 samples)
[staged]   → robot d: candidate 0.706 < current 0.708  ✗ rejected
[staged]   Ph2 robot c  zone 4  (uncovered: 14% of target)
    [parallel] 10 worker threads, one renderer clone each
    init sampling: best coverage score 349.0px of uncovered area  (16 samples)
[staged]   → robot c: IoU 0.708 → 0.718  ✓
    ↑ new global best IoU 0.718  [phase Ph2 robot c]
[staged]   Ph2 robot b  zone 1  (uncovered: 11% of target)
    [parallel] 10 worker threads, one renderer clone each
    init sampling: best coverage score 284.0px of uncovered area  (16 samples)
[staged]   → robot b: IoU 0.718 → 0.731  ✓
    ↑ new global best IoU 0.731  [phase Ph2 robot b]
[staged]   Ph2 robot a  zone 2  (uncovered: 36% of target)
    [parallel] 10 worker threads, one renderer clone each
    init sampling: best coverage score 658.0px of uncovered area  (16 samples)
[staged]   → robot a: IoU 0.731 → 0.746  ✓
    ↑ new global best IoU 0.746  [phase Ph2 robot a]
[staged] Phase 2 done — composite IoU: 0.746

[staged] Best snapshot: Phase 2  IoU=0.746
[staged] Manifold final pass — computing Jacobian  (ε=0.020, 60 renders)
[staged] Manifold basis: k=9D / 30D  (variance≥85%, top eigenvalues: ['431946.22', '236244.41', '113005.02', '79639.48', '64136.41'])
    ↑ new global best IoU 0.764  [manifold final pass]
[staged] Manifold done — IoU: 0.764  (Δ=+0.018)  ✓
[staged] FD refinement — 5 Adam steps  (300 renders, lr=0.01, ε=0.02)
    ↑ new global best IoU 0.765  [FD refinement]
[staged] FD done — IoU: 0.765  (Δ=+0.001)  ✓
[staged] Done — final IoU: 0.765  loss: 0.2354
[staged] Popsize: per-robot phases=32  final=48  (theory optimum for 6 DOF = 10)

[staged] Hungarian pre-assignment  (5×5 cost matrix, 8 samples/entry = 200 renders)...
[staged]   robot_a → zone 1  robot_b → zone 2  robot_c → zone 4  robot_d → zone 3  robot_e → zone 0

[staged] Phase 1 — forward greedy  (16 iters × 5 robot(s), sigma=0.40×1.00, popsize=32)
[staged]   Ph1 robot a  zone 1  (uncovered: 26% of target)
    voronoi warm-start: IoU 0.119 → 0.125 ✓
    [parallel] 10 worker threads, one renderer clone each
    init sampling: best coverage score 621.0px of uncovered area  (8 samples)
[staged]   → robot a: IoU 0.119 → 0.420  ✓
    ↑ new global best IoU 0.420  [phase Ph1 robot a]
[staged]   Ph1 robot b  zone 2  (uncovered: 3% of target)
    voronoi warm-start: IoU 0.420 → 0.501 ✓
    [parallel] 10 worker threads, one renderer clone each
    init sampling: best coverage score 104.0px of uncovered area  (8 samples)
[staged]   → robot b: IoU 0.420 → 0.610  ✓
    ↑ new global best IoU 0.610  [phase Ph1 robot b]
[staged]   Ph1 robot c  zone 4  (uncovered: 2% of target)
    voronoi warm-start: IoU 0.584 ≤ 0.610, kept current
    [parallel] 10 worker threads, one renderer clone each
    init sampling: best coverage score 6.0px of uncovered area  (16 samples)
[staged]   → robot c: IoU 0.610 → 0.660  ✓
    ↑ new global best IoU 0.660  [phase Ph1 robot c]
[staged]   Ph1 robot d  zone 3  (uncovered: 3% of target)
    voronoi warm-start: IoU 0.607 ≤ 0.660, kept current
    [parallel] 10 worker threads, one renderer clone each
    init sampling: best coverage score 98.0px of uncovered area  (16 samples)
[staged]   → robot d: IoU 0.660 → 0.678  ✓
    ↑ new global best IoU 0.678  [phase Ph1 robot d]
[staged]   Ph1 robot e  zone 0  (uncovered: 2% of target)
    voronoi warm-start: IoU 0.657 ≤ 0.678, kept current
    [parallel] 10 worker threads, one renderer clone each
    init sampling: best coverage score 96.0px of uncovered area  (16 samples)
[staged]   → robot e: IoU 0.678 → 0.713  ✓
    ↑ new global best IoU 0.713  [phase Ph1 robot e]
[staged] Phase 1 done — composite IoU: 0.713

[staged] Phase 2 — backward pass  (16 iters × 5 robots, sigma=0.300)
[staged]   contributions before Phase 2:
[staged]     robot a: +0.258 IoU
[staged]     robot b: +0.133 IoU
[staged]     robot c: +0.071 IoU
[staged]     robot d: +0.036 IoU  ← low
[staged]     robot e: +0.035 IoU  ← low
[staged]   Ph2 robot e  zone 0  (uncovered: 11% of target)
    [parallel] 10 worker threads, one renderer clone each
    init sampling: best coverage score 78.0px of uncovered area  (16 samples)
[staged]   → robot e: candidate 0.709 < current 0.713  ✗ rejected
[staged]   Ph2 robot d  zone 3  (uncovered: 11% of target)
    [parallel] 10 worker threads, one renderer clone each
    init sampling: best coverage score 104.0px of uncovered area  (16 samples)
[staged]   → robot d: IoU 0.713 → 0.715  ✓
    ↑ new global best IoU 0.715  [phase Ph2 robot d]
[staged]   Ph2 robot c  zone 4  (uncovered: 16% of target)
    [parallel] 10 worker threads, one renderer clone each
    init sampling: best coverage score 306.0px of uncovered area  (16 samples)
[staged]   → robot c: IoU 0.715 → 0.715  ✓
    ↑ new global best IoU 0.715  [phase Ph2 robot c]
[staged]   Ph2 robot b  zone 2  (uncovered: 23% of target)
    [parallel] 10 worker threads, one renderer clone each
    init sampling: best coverage score 649.0px of uncovered area  (16 samples)
[staged]   → robot b: IoU 0.715 → 0.718  ✓
    ↑ new global best IoU 0.718  [phase Ph2 robot b]
[staged]   Ph2 robot a  zone 1  (uncovered: 38% of target)
    [parallel] 10 worker threads, one renderer clone each
    init sampling: best coverage score 527.0px of uncovered area  (16 samples)
[staged]   → robot a: IoU 0.718 → 0.732  ✓
    ↑ new global best IoU 0.732  [phase Ph2 robot a]
[staged] Phase 2 done — composite IoU: 0.732

[staged] Best snapshot: Phase 2  IoU=0.732
[staged] Manifold final pass — computing Jacobian  (ε=0.020, 60 renders)
[staged] Manifold basis: k=8D / 30D  (variance≥85%, top eigenvalues: ['601711.69', '209492.39', '152565.66', '128581.56', '61630.67'])
    ↑ new global best IoU 0.744  [manifold final pass]
[staged] Manifold done — IoU: 0.744  (Δ=+0.012)  ✓
[staged] FD refinement — 5 Adam steps  (300 renders, lr=0.01, ε=0.02)
    ↑ new global best IoU 0.755  [FD refinement]
[staged] FD done — IoU: 0.755  (Δ=+0.012)  ✓
[staged] Done — final IoU: 0.755  loss: 0.2456
[staged] Popsize: per-robot phases=32  final=48  (theory optimum for 6 DOF = 10)

[staged] Hungarian pre-assignment  (5×5 cost matrix, 8 samples/entry = 200 renders)...
[staged]   robot_a → zone 0  robot_b → zone 4  robot_c → zone 2  robot_d → zone 3  robot_e → zone 1

[staged] Phase 1 — forward greedy  (16 iters × 5 robot(s), sigma=0.40×1.00, popsize=32)
[staged]   Ph1 robot a  zone 0  (uncovered: 15% of target)
    voronoi warm-start: IoU 0.119 → 0.267 ✓
    [parallel] 10 worker threads, one renderer clone each
    init sampling: best coverage score 336.0px of uncovered area  (8 samples)
[staged]   → robot a: IoU 0.119 → 0.427  ✓
    ↑ new global best IoU 0.427  [phase Ph1 robot a]
[staged]   Ph1 robot b  zone 4  (uncovered: 4% of target)
    voronoi warm-start: IoU 0.397 ≤ 0.427, kept current
    [parallel] 10 worker threads, one renderer clone each
    init sampling: best coverage score 166.0px of uncovered area  (16 samples)
[staged]   → robot b: IoU 0.427 → 0.578  ✓
    ↑ new global best IoU 0.578  [phase Ph1 robot b]
[staged]   Ph1 robot c  zone 2  (uncovered: 3% of target)
    voronoi warm-start: IoU 0.575 ≤ 0.578, kept current
    [parallel] 10 worker threads, one renderer clone each
    init sampling: best coverage score 103.0px of uncovered area  (16 samples)
[staged]   → robot c: IoU 0.578 → 0.628  ✓
    ↑ new global best IoU 0.628  [phase Ph1 robot c]
[staged]   Ph1 robot d  zone 3  (uncovered: 1% of target)
    voronoi warm-start: IoU 0.618 ≤ 0.628, kept current
    [parallel] 10 worker threads, one renderer clone each
    init sampling: best coverage score 5.0px of uncovered area  (16 samples)
[staged]   → robot d: IoU 0.628 → 0.659  ✓
    ↑ new global best IoU 0.659  [phase Ph1 robot d]
[staged]   Ph1 robot e  zone 1  (uncovered: 6% of target)
    voronoi warm-start: IoU 0.644 ≤ 0.659, kept current
    [parallel] 10 worker threads, one renderer clone each
    init sampling: best coverage score 16.0px of uncovered area  (16 samples)
[staged]   → robot e: IoU 0.659 → 0.692  ✓
    ↑ new global best IoU 0.692  [phase Ph1 robot e]
[staged] Phase 1 done — composite IoU: 0.692

[staged] Phase 2 — backward pass  (16 iters × 5 robots, sigma=0.300)
[staged]   contributions before Phase 2:
[staged]     robot a: +0.108 IoU
[staged]     robot b: +0.098 IoU
[staged]     robot c: +0.039 IoU  ← low
[staged]     robot d: +0.047 IoU  ← low
[staged]     robot e: +0.033 IoU  ← low
[staged]   Ph2 robot e  zone 1  (uncovered: 11% of target)
    [parallel] 10 worker threads, one renderer clone each
    init sampling: best coverage score 75.0px of uncovered area  (16 samples)
[staged]   → robot e: IoU 0.692 → 0.714  ✓
    ↑ new global best IoU 0.714  [phase Ph2 robot e]
[staged]   Ph2 robot d  zone 3  (uncovered: 10% of target)
    [parallel] 10 worker threads, one renderer clone each
    init sampling: best coverage score 139.0px of uncovered area  (16 samples)
[staged]   → robot d: candidate 0.705 < current 0.714  ✗ rejected
[staged]   Ph2 robot c  zone 2  (uncovered: 12% of target)
    [parallel] 10 worker threads, one renderer clone each
    init sampling: best coverage score 284.0px of uncovered area  (16 samples)
[staged]   → robot c: candidate 0.708 < current 0.714  ✗ rejected
[staged]   Ph2 robot b  zone 4  (uncovered: 18% of target)
    [parallel] 10 worker threads, one renderer clone each
    init sampling: best coverage score 183.0px of uncovered area  (16 samples)
[staged]   → robot b: IoU 0.714 → 0.726  ✓
    ↑ new global best IoU 0.726  [phase Ph2 robot b]
[staged]   Ph2 robot a  zone 0  (uncovered: 18% of target)
    [parallel] 10 worker threads, one renderer clone each
    init sampling: best coverage score 368.0px of uncovered area  (16 samples)
[staged]   → robot a: IoU 0.726 → 0.745  ✓
    ↑ new global best IoU 0.745  [phase Ph2 robot a]
[staged] Phase 2 done — composite IoU: 0.745

[staged] Best snapshot: Phase 2  IoU=0.745
[staged] Manifold final pass — computing Jacobian  (ε=0.020, 60 renders)
[staged] Manifold basis: k=10D / 30D  (variance≥85%, top eigenvalues: ['293359.03', '211407.25', '161479.83', '146011.34', '76978.26'])
    ↑ new global best IoU 0.751  [manifold final pass]
[staged] Manifold done — IoU: 0.751  (Δ=+0.006)  ✓
[staged] FD refinement — 5 Adam steps  (300 renders, lr=0.01, ε=0.02)
    ↑ new global best IoU 0.754  [FD refinement]
[staged] FD done — IoU: 0.754  (Δ=+0.003)  ✓
[staged] Done — final IoU: 0.754  loss: 0.2469
[shard 0] 10/10 digits/9_dejavusans-bold  best=0.765 mean=0.752±0.016  194s  eta 0.0h
[shard 0] DONE 10 targets in 0.54h
