[shard 0/1] 10 targets × 5 runs
[scene] so101 ×3: light_y=1.00 wall_y=-2.40 throw=3.40m table_len=0.40m | magnification 2.4x–3.4x
[shard 0] n_dof=18 arm_gap=0.2
[shard 0] variant=staged+init_samples=4
[shard 0] wrote /home/souju/dev/umbra-bench-grounded/optimized/aimed-start-probe10/full-small-init4-n3/BUDGET.md
[staged] Popsize: per-robot phases=32  final=32  (theory optimum for 6 DOF = 10)

[staged] Hungarian pre-assignment  (3×3 cost matrix, 8 samples/entry = 72 renders)...
[staged]   robot_a → zone 2  robot_b → zone 0  robot_c → zone 1

[staged] Phase 1 — forward greedy  (8 iters × 3 robot(s), sigma=0.40×1.00, popsize=32)
[staged]   Ph1 robot a  zone 2  (uncovered: 23% of target)
    voronoi warm-start: IoU 0.148 → 0.212 ✓
    [parallel] 10 worker threads, one renderer clone each
    init sampling: best coverage score 15.0px of uncovered area  (2 samples)
[staged]   → robot a: IoU 0.148 → 0.411  ✓
    ↑ new global best IoU 0.411  [phase Ph1 robot a]
[staged]   Ph1 robot b  zone 0  (uncovered: 8% of target)
    voronoi warm-start: IoU 0.386 ≤ 0.411, kept current
    [parallel] 10 worker threads, one renderer clone each
    init sampling: best coverage score 214.0px of uncovered area  (4 samples)
[staged]   → robot b: IoU 0.411 → 0.535  ✓
    ↑ new global best IoU 0.535  [phase Ph1 robot b]
[staged]   Ph1 robot c  zone 1  (uncovered: 21% of target)
    voronoi warm-start: IoU 0.535 → 0.577 ✓
    [parallel] 10 worker threads, one renderer clone each
    init sampling: best coverage score 0.0px of uncovered area  (2 samples)
[staged]   → robot c: IoU 0.535 → 0.604  ✓
    ↑ new global best IoU 0.604  [phase Ph1 robot c]
[staged] Phase 1 done — composite IoU: 0.604

[staged] Phase 2 — backward pass  (8 iters × 3 robots, sigma=0.300)
[staged]   contributions before Phase 2:
[staged]     robot a: +0.165 IoU
[staged]     robot b: +0.099 IoU
[staged]     robot c: +0.068 IoU
[staged]   Ph2 robot c  zone 1  (uncovered: 41% of target)
    [parallel] 10 worker threads, one renderer clone each
    init sampling: best coverage score 493.0px of uncovered area  (4 samples)
[staged]   → robot c: IoU 0.604 → 0.612  ✓
    ↑ new global best IoU 0.612  [phase Ph2 robot c]
[staged]   Ph2 robot b  zone 0  (uncovered: 44% of target)
    [parallel] 10 worker threads, one renderer clone each
    init sampling: best coverage score 206.0px of uncovered area  (4 samples)
[staged]   → robot b: IoU 0.612 → 0.615  ✓
    ↑ new global best IoU 0.615  [phase Ph2 robot b]
[staged]   Ph2 robot a  zone 2  (uncovered: 47% of target)
    [parallel] 10 worker threads, one renderer clone each
    init sampling: best coverage score 375.0px of uncovered area  (4 samples)
[staged]   → robot a: candidate 0.596 < current 0.615  ✗ rejected
[staged] Phase 2 done — composite IoU: 0.615

[staged] Best snapshot: Phase 2  IoU=0.615
[staged] Final refinement — all joints  (10 iters, popsize=32, sigma=0.160)
    [parallel] 10 worker threads, one renderer clone each
    ↑ new global best IoU 0.630  [final refinement]
[staged] Final done — IoU: 0.630  ✓
[staged] FD refinement — 5 Adam steps  (180 renders, lr=0.01, ε=0.02)
    ↑ new global best IoU 0.641  [FD refinement]
[staged] FD done — IoU: 0.641  (Δ=+0.011)  ✓
[staged] Done — final IoU: 0.641  loss: 0.3600
[staged] Popsize: per-robot phases=32  final=32  (theory optimum for 6 DOF = 10)

[staged] Hungarian pre-assignment  (3×3 cost matrix, 8 samples/entry = 72 renders)...
[staged]   robot_a → zone 1  robot_b → zone 2  robot_c → zone 0

[staged] Phase 1 — forward greedy  (8 iters × 3 robot(s), sigma=0.40×1.00, popsize=32)
[staged]   Ph1 robot a  zone 1  (uncovered: 26% of target)
    voronoi warm-start: IoU 0.148 → 0.359 ✓
    [parallel] 10 worker threads, one renderer clone each
    init sampling: best coverage score 0.0px of uncovered area  (2 samples)
[staged]   → robot a: IoU 0.148 → 0.398  ✓
    ↑ new global best IoU 0.398  [phase Ph1 robot a]
[staged]   Ph1 robot b  zone 2  (uncovered: 21% of target)
    voronoi warm-start: IoU 0.376 ≤ 0.398, kept current
    [parallel] 10 worker threads, one renderer clone each
    init sampling: best coverage score 293.0px of uncovered area  (4 samples)
[staged]   → robot b: IoU 0.398 → 0.451  ✓
    ↑ new global best IoU 0.451  [phase Ph1 robot b]
[staged]   Ph1 robot c  zone 0  (uncovered: 8% of target)
    voronoi warm-start: IoU 0.439 ≤ 0.451, kept current
    [parallel] 10 worker threads, one renderer clone each
    init sampling: best coverage score 4.0px of uncovered area  (4 samples)
[staged]   → robot c: IoU 0.451 → 0.526  ✓
    ↑ new global best IoU 0.526  [phase Ph1 robot c]
[staged] Phase 1 done — composite IoU: 0.526

[staged] Phase 2 — backward pass  (8 iters × 3 robots, sigma=0.300)
[staged]   contributions before Phase 2:
[staged]     robot a: +0.250 IoU
[staged]     robot b: +0.061 IoU
[staged]     robot c: +0.075 IoU
[staged]   Ph2 robot c  zone 0  (uncovered: 48% of target)
    [parallel] 10 worker threads, one renderer clone each
    init sampling: best coverage score 191.0px of uncovered area  (4 samples)
[staged]   → robot c: candidate 0.525 < current 0.526  ✗ rejected
[staged]   Ph2 robot b  zone 2  (uncovered: 44% of target)
    [parallel] 10 worker threads, one renderer clone each
    init sampling: best coverage score 410.0px of uncovered area  (4 samples)
[staged]   → robot b: IoU 0.526 → 0.562  ✓
    ↑ new global best IoU 0.562  [phase Ph2 robot b]
[staged]   Ph2 robot a  zone 1  (uncovered: 57% of target)
    [parallel] 10 worker threads, one renderer clone each
    init sampling: best coverage score 1105.0px of uncovered area  (4 samples)
[staged]   → robot a: IoU 0.562 → 0.574  ✓
    ↑ new global best IoU 0.574  [phase Ph2 robot a]
[staged] Phase 2 done — composite IoU: 0.574

[staged] Best snapshot: Phase 2  IoU=0.574
[staged] Final refinement — all joints  (10 iters, popsize=32, sigma=0.160)
    [parallel] 10 worker threads, one renderer clone each
    ↑ new global best IoU 0.587  [final refinement]
[staged] Final done — IoU: 0.587  ✓
[staged] FD refinement — 5 Adam steps  (180 renders, lr=0.01, ε=0.02)
    ↑ new global best IoU 0.601  [FD refinement]
[staged] FD done — IoU: 0.601  (Δ=+0.014)  ✓
[staged] Done — final IoU: 0.601  loss: 0.4001
[staged] Popsize: per-robot phases=32  final=32  (theory optimum for 6 DOF = 10)

[staged] Hungarian pre-assignment  (3×3 cost matrix, 8 samples/entry = 72 renders)...
[staged]   robot_a → zone 0  robot_b → zone 1  robot_c → zone 2

[staged] Phase 1 — forward greedy  (8 iters × 3 robot(s), sigma=0.40×1.00, popsize=32)
[staged]   Ph1 robot a  zone 0  (uncovered: 23% of target)
    voronoi warm-start: IoU 0.148 → 0.212 ✓
    [parallel] 10 worker threads, one renderer clone each
    init sampling: best coverage score 0.0px of uncovered area  (2 samples)
[staged]   → robot a: IoU 0.148 → 0.448  ✓
    ↑ new global best IoU 0.448  [phase Ph1 robot a]
[staged]   Ph1 robot b  zone 1  (uncovered: 17% of target)
    voronoi warm-start: IoU 0.448 → 0.453 ✓
    [parallel] 10 worker threads, one renderer clone each
    init sampling: best coverage score 0.0px of uncovered area  (2 samples)
[staged]   → robot b: IoU 0.448 → 0.531  ✓
    ↑ new global best IoU 0.531  [phase Ph1 robot b]
[staged]   Ph1 robot c  zone 2  (uncovered: 9% of target)
    voronoi warm-start: IoU 0.522 ≤ 0.531, kept current
    [parallel] 10 worker threads, one renderer clone each
    init sampling: best coverage score 196.0px of uncovered area  (4 samples)
[staged]   → robot c: IoU 0.531 → 0.564  ✓
    ↑ new global best IoU 0.564  [phase Ph1 robot c]
[staged] Phase 1 done — composite IoU: 0.564

[staged] Phase 2 — backward pass  (8 iters × 3 robots, sigma=0.300)
[staged]   contributions before Phase 2:
[staged]     robot a: +0.226 IoU
[staged]     robot b: +0.085 IoU
[staged]     robot c: +0.034 IoU  ← low
[staged]   Ph2 robot c  zone 2  (uncovered: 38% of target)
    [parallel] 10 worker threads, one renderer clone each
    init sampling: best coverage score 150.0px of uncovered area  (4 samples)
[staged]   → robot c: IoU 0.564 → 0.588  ✓
    ↑ new global best IoU 0.588  [phase Ph2 robot c]
[staged]   Ph2 robot b  zone 1  (uncovered: 45% of target)
    [parallel] 10 worker threads, one renderer clone each
    init sampling: best coverage score 125.0px of uncovered area  (4 samples)
[staged]   → robot b: IoU 0.588 → 0.601  ✓
    ↑ new global best IoU 0.601  [phase Ph2 robot b]
[staged]   Ph2 robot a  zone 0  (uncovered: 55% of target)
    [parallel] 10 worker threads, one renderer clone each
    init sampling: best coverage score 576.0px of uncovered area  (4 samples)
[staged]   → robot a: candidate 0.539 < current 0.601  ✗ rejected
[staged] Phase 2 done — composite IoU: 0.601

[staged] Best snapshot: Phase 2  IoU=0.601
[staged] Final refinement — all joints  (10 iters, popsize=32, sigma=0.160)
    [parallel] 10 worker threads, one renderer clone each
[staged] Final done — IoU: 0.601  ✓
[staged] FD refinement — 5 Adam steps  (180 renders, lr=0.01, ε=0.02)
    ↑ new global best IoU 0.617  [FD refinement]
[staged] FD done — IoU: 0.617  (Δ=+0.016)  ✓
[staged] Done — final IoU: 0.617  loss: 0.3842
[staged] Popsize: per-robot phases=32  final=32  (theory optimum for 6 DOF = 10)

[staged] Hungarian pre-assignment  (3×3 cost matrix, 8 samples/entry = 72 renders)...
[staged]   robot_a → zone 2  robot_b → zone 1  robot_c → zone 0

[staged] Phase 1 — forward greedy  (8 iters × 3 robot(s), sigma=0.40×1.00, popsize=32)
[staged]   Ph1 robot a  zone 2  (uncovered: 44% of target)
    voronoi warm-start: IoU 0.148 → 0.356 ✓
    [parallel] 10 worker threads, one renderer clone each
    init sampling: best coverage score 0.0px of uncovered area  (2 samples)
[staged]   → robot a: IoU 0.148 → 0.443  ✓
    ↑ new global best IoU 0.443  [phase Ph1 robot a]
[staged]   Ph1 robot b  zone 1  (uncovered: 22% of target)
    voronoi warm-start: IoU 0.443 → 0.444 ✓
    [parallel] 10 worker threads, one renderer clone each
    init sampling: best coverage score 529.0px of uncovered area  (2 samples)
[staged]   → robot b: IoU 0.443 → 0.570  ✓
    ↑ new global best IoU 0.570  [phase Ph1 robot b]
[staged]   Ph1 robot c  zone 0  (uncovered: 6% of target)
    voronoi warm-start: IoU 0.536 ≤ 0.570, kept current
    [parallel] 10 worker threads, one renderer clone each
    init sampling: best coverage score 114.0px of uncovered area  (4 samples)
[staged]   → robot c: IoU 0.570 → 0.608  ✓
    ↑ new global best IoU 0.608  [phase Ph1 robot c]
[staged] Phase 1 done — composite IoU: 0.608

[staged] Phase 2 — backward pass  (8 iters × 3 robots, sigma=0.300)
[staged]   contributions before Phase 2:
[staged]     robot a: +0.253 IoU
[staged]     robot b: +0.140 IoU
[staged]     robot c: +0.038 IoU  ← low
[staged]   Ph2 robot c  zone 0  (uncovered: 36% of target)
    [parallel] 10 worker threads, one renderer clone each
    init sampling: best coverage score 380.0px of uncovered area  (4 samples)
[staged]   → robot c: IoU 0.608 → 0.631  ✓
    ↑ new global best IoU 0.631  [phase Ph2 robot c]
[staged]   Ph2 robot b  zone 1  (uncovered: 40% of target)
    [parallel] 10 worker threads, one renderer clone each
    init sampling: best coverage score 435.0px of uncovered area  (4 samples)
[staged]   → robot b: IoU 0.631 → 0.633  ✓
    ↑ new global best IoU 0.633  [phase Ph2 robot b]
[staged]   Ph2 robot a  zone 2  (uncovered: 54% of target)
    [parallel] 10 worker threads, one renderer clone each
    init sampling: best coverage score 1150.0px of uncovered area  (4 samples)
[staged]   → robot a: IoU 0.633 → 0.634  ✓
    ↑ new global best IoU 0.634  [phase Ph2 robot a]
[staged] Phase 2 done — composite IoU: 0.634

[staged] Best snapshot: Phase 2  IoU=0.634
[staged] Final refinement — all joints  (10 iters, popsize=32, sigma=0.160)
    [parallel] 10 worker threads, one renderer clone each
    ↑ new global best IoU 0.645  [final refinement]
[staged] Final done — IoU: 0.645  ✓
[staged] FD refinement — 5 Adam steps  (180 renders, lr=0.01, ε=0.02)
    ↑ new global best IoU 0.651  [FD refinement]
[staged] FD done — IoU: 0.651  (Δ=+0.006)  ✓
[staged] Done — final IoU: 0.651  loss: 0.3501
[staged] Popsize: per-robot phases=32  final=32  (theory optimum for 6 DOF = 10)

[staged] Hungarian pre-assignment  (3×3 cost matrix, 8 samples/entry = 72 renders)...
[staged]   robot_a → zone 0  robot_b → zone 2  robot_c → zone 1

[staged] Phase 1 — forward greedy  (8 iters × 3 robot(s), sigma=0.40×1.00, popsize=32)
[staged]   Ph1 robot a  zone 0  (uncovered: 26% of target)
    voronoi warm-start: IoU 0.148 → 0.359 ✓
    [parallel] 10 worker threads, one renderer clone each
    init sampling: best coverage score 479.0px of uncovered area  (2 samples)
[staged]   → robot a: IoU 0.148 → 0.424  ✓
    ↑ new global best IoU 0.424  [phase Ph1 robot a]
[staged]   Ph1 robot b  zone 2  (uncovered: 8% of target)
    voronoi warm-start: IoU 0.424 → 0.459 ✓
    [parallel] 10 worker threads, one renderer clone each
    init sampling: best coverage score 0.0px of uncovered area  (2 samples)
[staged]   → robot b: IoU 0.424 → 0.521  ✓
    ↑ new global best IoU 0.521  [phase Ph1 robot b]
[staged]   Ph1 robot c  zone 1  (uncovered: 9% of target)
    voronoi warm-start: IoU 0.497 ≤ 0.521, kept current
    [parallel] 10 worker threads, one renderer clone each
    init sampling: best coverage score 104.0px of uncovered area  (4 samples)
[staged]   → robot c: IoU 0.521 → 0.606  ✓
    ↑ new global best IoU 0.606  [phase Ph1 robot c]
[staged] Phase 1 done — composite IoU: 0.606

[staged] Phase 2 — backward pass  (8 iters × 3 robots, sigma=0.300)
[staged]   contributions before Phase 2:
[staged]     robot a: +0.229 IoU
[staged]     robot b: +0.099 IoU
[staged]     robot c: +0.085 IoU
[staged]   Ph2 robot c  zone 1  (uncovered: 43% of target)
    [parallel] 10 worker threads, one renderer clone each
    init sampling: best coverage score 198.0px of uncovered area  (4 samples)
[staged]   → robot c: candidate 0.605 < current 0.606  ✗ rejected
[staged]   Ph2 robot b  zone 2  (uncovered: 43% of target)
    [parallel] 10 worker threads, one renderer clone each
    init sampling: best coverage score 530.0px of uncovered area  (4 samples)
[staged]   → robot b: IoU 0.606 → 0.617  ✓
    ↑ new global best IoU 0.617  [phase Ph2 robot b]
[staged]   Ph2 robot a  zone 0  (uncovered: 57% of target)
    [parallel] 10 worker threads, one renderer clone each
    init sampling: best coverage score 1190.0px of uncovered area  (4 samples)
[staged]   → robot a: IoU 0.617 → 0.635  ✓
    ↑ new global best IoU 0.635  [phase Ph2 robot a]
[staged] Phase 2 done — composite IoU: 0.635

[staged] Best snapshot: Phase 2  IoU=0.635
[staged] Final refinement — all joints  (10 iters, popsize=32, sigma=0.160)
    [parallel] 10 worker threads, one renderer clone each
    ↑ new global best IoU 0.662  [final refinement]
[staged] Final done — IoU: 0.662  ✓
[staged] FD refinement — 5 Adam steps  (180 renders, lr=0.01, ε=0.02)
    ↑ new global best IoU 0.677  [FD refinement]
[staged] FD done — IoU: 0.677  (Δ=+0.014)  ✓
[staged] Done — final IoU: 0.677  loss: 0.3235
[shard 0] 1/10 letters_upper/E_dejavusans-bold  best=0.677 mean=0.637±0.026  88s  eta 0.2h
[staged] Popsize: per-robot phases=32  final=32  (theory optimum for 6 DOF = 10)

[staged] Hungarian pre-assignment  (3×3 cost matrix, 8 samples/entry = 72 renders)...
[staged]   robot_a → zone 1  robot_b → zone 0  robot_c → zone 2

[staged] Phase 1 — forward greedy  (8 iters × 3 robot(s), sigma=0.40×1.00, popsize=32)
[staged]   Ph1 robot a  zone 1  (uncovered: 24% of target)
    voronoi warm-start: IoU 0.170 → 0.215 ✓
    [parallel] 10 worker threads, one renderer clone each
    init sampling: best coverage score 0.0px of uncovered area  (2 samples)
[staged]   → robot a: IoU 0.170 → 0.323  ✓
    ↑ new global best IoU 0.323  [phase Ph1 robot a]
[staged]   Ph1 robot b  zone 0  (uncovered: 6% of target)
    voronoi warm-start: IoU 0.311 ≤ 0.323, kept current
    [parallel] 10 worker threads, one renderer clone each
    init sampling: best coverage score 201.0px of uncovered area  (4 samples)
[staged]   → robot b: IoU 0.323 → 0.474  ✓
    ↑ new global best IoU 0.474  [phase Ph1 robot b]
[staged]   Ph1 robot c  zone 2  (uncovered: 27% of target)
    voronoi warm-start: IoU 0.448 ≤ 0.474, kept current
    [parallel] 10 worker threads, one renderer clone each
    init sampling: best coverage score 0.0px of uncovered area  (4 samples)
[staged]   → robot c: IoU 0.474 → 0.504  ✓
    ↑ new global best IoU 0.504  [phase Ph1 robot c]
[staged] Phase 1 done — composite IoU: 0.504

[staged] Phase 2 — backward pass  (8 iters × 3 robots, sigma=0.300)
[staged]   contributions before Phase 2:
[staged]     robot a: +0.168 IoU
[staged]     robot b: +0.179 IoU
[staged]     robot c: +0.030 IoU  ← low
[staged]   Ph2 robot c  zone 2  (uncovered: 41% of target)
    [parallel] 10 worker threads, one renderer clone each
    init sampling: best coverage score 320.0px of uncovered area  (4 samples)
[staged]   → robot c: IoU 0.504 → 0.526  ✓
    ↑ new global best IoU 0.526  [phase Ph2 robot c]
[staged]   Ph2 robot b  zone 0  (uncovered: 43% of target)
    [parallel] 10 worker threads, one renderer clone each
    init sampling: best coverage score 158.0px of uncovered area  (4 samples)
[staged]   → robot b: candidate 0.485 < current 0.526  ✗ rejected
[staged]   Ph2 robot a  zone 1  (uncovered: 51% of target)
    [parallel] 10 worker threads, one renderer clone each
    init sampling: best coverage score 520.0px of uncovered area  (4 samples)
[staged]   → robot a: candidate 0.512 < current 0.526  ✗ rejected
[staged] Phase 2 done — composite IoU: 0.526

[staged] Best snapshot: Phase 2  IoU=0.526
[staged] Final refinement — all joints  (10 iters, popsize=32, sigma=0.160)
    [parallel] 10 worker threads, one renderer clone each
    ↑ new global best IoU 0.553  [final refinement]
[staged] Final done — IoU: 0.553  ✓
[staged] FD refinement — 5 Adam steps  (180 renders, lr=0.01, ε=0.02)
    ↑ new global best IoU 0.558  [FD refinement]
[staged] FD done — IoU: 0.558  (Δ=+0.005)  ✓
[staged] Done — final IoU: 0.558  loss: 0.4441
[staged] Popsize: per-robot phases=32  final=32  (theory optimum for 6 DOF = 10)

[staged] Hungarian pre-assignment  (3×3 cost matrix, 8 samples/entry = 72 renders)...
[staged]   robot_a → zone 0  robot_b → zone 1  robot_c → zone 2

[staged] Phase 1 — forward greedy  (8 iters × 3 robot(s), sigma=0.40×1.00, popsize=32)
[staged]   Ph1 robot a  zone 0  (uncovered: 23% of target)
    voronoi warm-start: IoU 0.170 → 0.199 ✓
    [parallel] 10 worker threads, one renderer clone each
    init sampling: best coverage score 0.0px of uncovered area  (2 samples)
[staged]   → robot a: IoU 0.170 → 0.348  ✓
    ↑ new global best IoU 0.348  [phase Ph1 robot a]
[staged]   Ph1 robot b  zone 1  (uncovered: 11% of target)
    voronoi warm-start: IoU 0.337 ≤ 0.348, kept current
    [parallel] 10 worker threads, one renderer clone each
    init sampling: best coverage score 0.0px of uncovered area  (4 samples)
[staged]   → robot b: IoU 0.348 → 0.426  ✓
    ↑ new global best IoU 0.426  [phase Ph1 robot b]
[staged]   Ph1 robot c  zone 2  (uncovered: 23% of target)
    voronoi warm-start: IoU 0.426 → 0.436 ✓
    [parallel] 10 worker threads, one renderer clone each
    init sampling: best coverage score 300.0px of uncovered area  (2 samples)
[staged]   → robot c: IoU 0.426 → 0.506  ✓
    ↑ new global best IoU 0.506  [phase Ph1 robot c]
[staged] Phase 1 done — composite IoU: 0.506

[staged] Phase 2 — backward pass  (8 iters × 3 robots, sigma=0.300)
[staged]   contributions before Phase 2:
[staged]     robot a: +0.175 IoU
[staged]     robot b: +0.093 IoU
[staged]     robot c: +0.080 IoU
[staged]   Ph2 robot c  zone 2  (uncovered: 42% of target)
    [parallel] 10 worker threads, one renderer clone each
    init sampling: best coverage score 224.0px of uncovered area  (4 samples)
[staged]   → robot c: candidate 0.466 < current 0.506  ✗ rejected
[staged]   Ph2 robot b  zone 1  (uncovered: 45% of target)
    [parallel] 10 worker threads, one renderer clone each
    init sampling: best coverage score 280.0px of uncovered area  (4 samples)
[staged]   → robot b: candidate 0.506 < current 0.506  ✗ rejected
[staged]   Ph2 robot a  zone 0  (uncovered: 59% of target)
    [parallel] 10 worker threads, one renderer clone each
    init sampling: best coverage score 199.0px of uncovered area  (4 samples)
[staged]   → robot a: IoU 0.506 → 0.537  ✓
    ↑ new global best IoU 0.537  [phase Ph2 robot a]
[staged] Phase 2 done — composite IoU: 0.537

[staged] Best snapshot: Phase 2  IoU=0.537
[staged] Final refinement — all joints  (10 iters, popsize=32, sigma=0.160)
    [parallel] 10 worker threads, one renderer clone each
    ↑ new global best IoU 0.556  [final refinement]
[staged] Final done — IoU: 0.556  ✓
[staged] FD refinement — 5 Adam steps  (180 renders, lr=0.01, ε=0.02)
    ↑ new global best IoU 0.569  [FD refinement]
[staged] FD done — IoU: 0.569  (Δ=+0.013)  ✓
[staged] Done — final IoU: 0.569  loss: 0.4322
[staged] Popsize: per-robot phases=32  final=32  (theory optimum for 6 DOF = 10)

[staged] Hungarian pre-assignment  (3×3 cost matrix, 8 samples/entry = 72 renders)...
[staged]   robot_a → zone 0  robot_b → zone 2  robot_c → zone 1

[staged] Phase 1 — forward greedy  (8 iters × 3 robot(s), sigma=0.40×1.00, popsize=32)
[staged]   Ph1 robot a  zone 0  (uncovered: 23% of target)
    voronoi warm-start: IoU 0.170 → 0.199 ✓
    [parallel] 10 worker threads, one renderer clone each
    init sampling: best coverage score 0.0px of uncovered area  (2 samples)
[staged]   → robot a: IoU 0.170 → 0.328  ✓
    ↑ new global best IoU 0.328  [phase Ph1 robot a]
[staged]   Ph1 robot b  zone 2  (uncovered: 26% of target)
    voronoi warm-start: IoU 0.316 ≤ 0.328, kept current
    [parallel] 10 worker threads, one renderer clone each
    init sampling: best coverage score 301.0px of uncovered area  (4 samples)
[staged]   → robot b: IoU 0.328 → 0.468  ✓
    ↑ new global best IoU 0.468  [phase Ph1 robot b]
[staged]   Ph1 robot c  zone 1  (uncovered: 14% of target)
    voronoi warm-start: IoU 0.454 ≤ 0.468, kept current
    [parallel] 10 worker threads, one renderer clone each
    init sampling: best coverage score 203.0px of uncovered area  (4 samples)
[staged]   → robot c: IoU 0.468 → 0.512  ✓
    ↑ new global best IoU 0.512  [phase Ph1 robot c]
[staged] Phase 1 done — composite IoU: 0.512

[staged] Phase 2 — backward pass  (8 iters × 3 robots, sigma=0.300)
[staged]   contributions before Phase 2:
[staged]     robot a: +0.167 IoU
[staged]     robot b: +0.133 IoU
[staged]     robot c: +0.044 IoU  ← low
[staged]   Ph2 robot c  zone 1  (uncovered: 43% of target)
    [parallel] 10 worker threads, one renderer clone each
    init sampling: best coverage score 264.0px of uncovered area  (4 samples)
[staged]   → robot c: IoU 0.512 → 0.521  ✓
    ↑ new global best IoU 0.521  [phase Ph2 robot c]
[staged]   Ph2 robot b  zone 2  (uncovered: 54% of target)
    [parallel] 10 worker threads, one renderer clone each
    init sampling: best coverage score 103.0px of uncovered area  (4 samples)
[staged]   → robot b: IoU 0.521 → 0.527  ✓
    ↑ new global best IoU 0.527  [phase Ph2 robot b]
[staged]   Ph2 robot a  zone 0  (uncovered: 56% of target)
    [parallel] 10 worker threads, one renderer clone each
    init sampling: best coverage score 201.0px of uncovered area  (4 samples)
[staged]   → robot a: candidate 0.485 < current 0.527  ✗ rejected
[staged] Phase 2 done — composite IoU: 0.527

[staged] Best snapshot: Phase 2  IoU=0.527
[staged] Final refinement — all joints  (10 iters, popsize=32, sigma=0.160)
    [parallel] 10 worker threads, one renderer clone each
    ↑ new global best IoU 0.557  [final refinement]
[staged] Final done — IoU: 0.557  ✓
[staged] FD refinement — 5 Adam steps  (180 renders, lr=0.01, ε=0.02)
    ↑ new global best IoU 0.573  [FD refinement]
[staged] FD done — IoU: 0.573  (Δ=+0.016)  ✓
[staged] Done — final IoU: 0.573  loss: 0.4289
[staged] Popsize: per-robot phases=32  final=32  (theory optimum for 6 DOF = 10)

[staged] Hungarian pre-assignment  (3×3 cost matrix, 8 samples/entry = 72 renders)...
[staged]   robot_a → zone 2  robot_b → zone 0  robot_c → zone 1

[staged] Phase 1 — forward greedy  (8 iters × 3 robot(s), sigma=0.40×1.00, popsize=32)
[staged]   Ph1 robot a  zone 2  (uncovered: 26% of target)
    voronoi warm-start: IoU 0.170 → 0.193 ✓
    [parallel] 10 worker threads, one renderer clone each
    init sampling: best coverage score 0.0px of uncovered area  (2 samples)
[staged]   → robot a: IoU 0.170 → 0.302  ✓
    ↑ new global best IoU 0.302  [phase Ph1 robot a]
[staged]   Ph1 robot b  zone 0  (uncovered: 12% of target)
    voronoi warm-start: IoU 0.302 → 0.304 ✓
    [parallel] 10 worker threads, one renderer clone each
    init sampling: best coverage score 135.0px of uncovered area  (2 samples)
[staged]   → robot b: IoU 0.302 → 0.434  ✓
    ↑ new global best IoU 0.434  [phase Ph1 robot b]
[staged]   Ph1 robot c  zone 1  (uncovered: 9% of target)
    voronoi warm-start: IoU 0.434 → 0.442 ✓
    [parallel] 10 worker threads, one renderer clone each
    init sampling: best coverage score 6.0px of uncovered area  (2 samples)
[staged]   → robot c: IoU 0.434 → 0.531  ✓
    ↑ new global best IoU 0.531  [phase Ph1 robot c]
[staged] Phase 1 done — composite IoU: 0.531

[staged] Phase 2 — backward pass  (8 iters × 3 robots, sigma=0.300)
[staged]   contributions before Phase 2:
[staged]     robot a: +0.132 IoU
[staged]     robot b: +0.127 IoU
[staged]     robot c: +0.097 IoU
[staged]   Ph2 robot c  zone 1  (uncovered: 37% of target)
    [parallel] 10 worker threads, one renderer clone each
    init sampling: best coverage score 351.0px of uncovered area  (4 samples)
[staged]   → robot c: candidate 0.524 < current 0.531  ✗ rejected
[staged]   Ph2 robot b  zone 0  (uncovered: 45% of target)
    [parallel] 10 worker threads, one renderer clone each
    init sampling: best coverage score 242.0px of uncovered area  (4 samples)
[staged]   → robot b: candidate 0.439 < current 0.531  ✗ rejected
[staged]   Ph2 robot a  zone 2  (uncovered: 48% of target)
    [parallel] 10 worker threads, one renderer clone each
    init sampling: best coverage score 694.0px of uncovered area  (4 samples)
[staged]   → robot a: IoU 0.531 → 0.592  ✓
    ↑ new global best IoU 0.592  [phase Ph2 robot a]
[staged] Phase 2 done — composite IoU: 0.592

[staged] Best snapshot: Phase 2  IoU=0.592
[staged] Final refinement — all joints  (10 iters, popsize=32, sigma=0.160)
    [parallel] 10 worker threads, one renderer clone each
    ↑ new global best IoU 0.603  [final refinement]
[staged] Final done — IoU: 0.603  ✓
[staged] FD refinement — 5 Adam steps  (180 renders, lr=0.01, ε=0.02)
    ↑ new global best IoU 0.623  [FD refinement]
[staged] FD done — IoU: 0.623  (Δ=+0.020)  ✓
[staged] Done — final IoU: 0.623  loss: 0.3795
[staged] Popsize: per-robot phases=32  final=32  (theory optimum for 6 DOF = 10)

[staged] Hungarian pre-assignment  (3×3 cost matrix, 8 samples/entry = 72 renders)...
[staged]   robot_a → zone 0  robot_b → zone 2  robot_c → zone 1

[staged] Phase 1 — forward greedy  (8 iters × 3 robot(s), sigma=0.40×1.00, popsize=32)
[staged]   Ph1 robot a  zone 0  (uncovered: 26% of target)
    voronoi warm-start: IoU 0.170 → 0.193 ✓
    [parallel] 10 worker threads, one renderer clone each
    init sampling: best coverage score 867.0px of uncovered area  (2 samples)
[staged]   → robot a: IoU 0.170 → 0.449  ✓
    ↑ new global best IoU 0.449  [phase Ph1 robot a]
[staged]   Ph1 robot b  zone 2  (uncovered: 34% of target)
    voronoi warm-start: IoU 0.449 → 0.450 ✓
    [parallel] 10 worker threads, one renderer clone each
    init sampling: best coverage score 130.0px of uncovered area  (2 samples)
[staged]   → robot b: IoU 0.449 → 0.522  ✓
    ↑ new global best IoU 0.522  [phase Ph1 robot b]
[staged]   Ph1 robot c  zone 1  (uncovered: 4% of target)
    voronoi warm-start: IoU 0.489 ≤ 0.522, kept current
    [parallel] 10 worker threads, one renderer clone each
    init sampling: best coverage score 0.0px of uncovered area  (4 samples)
[staged]   → robot c: IoU 0.522 → 0.600  ✓
    ↑ new global best IoU 0.600  [phase Ph1 robot c]
[staged] Phase 1 done — composite IoU: 0.600

[staged] Phase 2 — backward pass  (8 iters × 3 robots, sigma=0.300)
[staged]   contributions before Phase 2:
[staged]     robot a: +0.285 IoU
[staged]     robot b: +0.075 IoU
[staged]     robot c: +0.079 IoU
[staged]   Ph2 robot c  zone 1  (uncovered: 38% of target)
    [parallel] 10 worker threads, one renderer clone each
    init sampling: best coverage score 84.0px of uncovered area  (4 samples)
[staged]   → robot c: IoU 0.600 → 0.616  ✓
    ↑ new global best IoU 0.616  [phase Ph2 robot c]
[staged]   Ph2 robot b  zone 2  (uncovered: 35% of target)
    [parallel] 10 worker threads, one renderer clone each
    init sampling: best coverage score 375.0px of uncovered area  (4 samples)
[staged]   → robot b: candidate 0.593 < current 0.616  ✗ rejected
[staged]   Ph2 robot a  zone 0  (uncovered: 64% of target)
    [parallel] 10 worker threads, one renderer clone each
    init sampling: best coverage score 632.0px of uncovered area  (4 samples)
[staged]   → robot a: candidate 0.548 < current 0.616  ✗ rejected
[staged] Phase 2 done — composite IoU: 0.616

[staged] Best snapshot: Phase 2  IoU=0.616
[staged] Final refinement — all joints  (10 iters, popsize=32, sigma=0.160)
    [parallel] 10 worker threads, one renderer clone each
[staged] Final done — IoU: 0.616  ✓
[staged] FD refinement — 5 Adam steps  (180 renders, lr=0.01, ε=0.02)
    ↑ new global best IoU 0.631  [FD refinement]
[staged] FD done — IoU: 0.631  (Δ=+0.015)  ✓
[staged] Done — final IoU: 0.631  loss: 0.3700
[shard 0] 2/10 letters_upper/H_dejavusans-bold  best=0.631 mean=0.591±0.030  88s  eta 0.2h
[staged] Popsize: per-robot phases=32  final=32  (theory optimum for 6 DOF = 10)

[staged] Hungarian pre-assignment  (3×3 cost matrix, 8 samples/entry = 72 renders)...
[staged]   robot_a → zone 0  robot_b → zone 2  robot_c → zone 1

[staged] Phase 1 — forward greedy  (8 iters × 3 robot(s), sigma=0.40×1.00, popsize=32)
[staged]   Ph1 robot a  zone 0  (uncovered: 21% of target)
    voronoi warm-start: IoU 0.174 → 0.226 ✓
    [parallel] 10 worker threads, one renderer clone each
    init sampling: best coverage score 0.0px of uncovered area  (2 samples)
[staged]   → robot a: IoU 0.174 → 0.361  ✓
    ↑ new global best IoU 0.361  [phase Ph1 robot a]
[staged]   Ph1 robot b  zone 2  (uncovered: 12% of target)
    voronoi warm-start: IoU 0.361 → 0.364 ✓
    [parallel] 10 worker threads, one renderer clone each
    init sampling: best coverage score 208.0px of uncovered area  (2 samples)
[staged]   → robot b: IoU 0.361 → 0.483  ✓
    ↑ new global best IoU 0.483  [phase Ph1 robot b]
[staged]   Ph1 robot c  zone 1  (uncovered: 13% of target)
    voronoi warm-start: IoU 0.483 → 0.524 ✓
    [parallel] 10 worker threads, one renderer clone each
    init sampling: best coverage score 0.0px of uncovered area  (2 samples)
[staged]   → robot c: IoU 0.483 → 0.523  ✓
    ↑ new global best IoU 0.523  [phase Ph1 robot c]
[staged] Phase 1 done — composite IoU: 0.523

[staged] Phase 2 — backward pass  (8 iters × 3 robots, sigma=0.300)
[staged]   contributions before Phase 2:
[staged]     robot a: +0.211 IoU
[staged]     robot b: +0.141 IoU
[staged]     robot c: +0.039 IoU  ← low
[staged]   Ph2 robot c  zone 1  (uncovered: 39% of target)
    [parallel] 10 worker threads, one renderer clone each
    init sampling: best coverage score 272.0px of uncovered area  (4 samples)
[staged]   → robot c: IoU 0.523 → 0.533  ✓
    ↑ new global best IoU 0.533  [phase Ph2 robot c]
[staged]   Ph2 robot b  zone 2  (uncovered: 50% of target)
    [parallel] 10 worker threads, one renderer clone each
    init sampling: best coverage score 463.0px of uncovered area  (4 samples)
[staged]   → robot b: IoU 0.533 → 0.539  ✓
    ↑ new global best IoU 0.539  [phase Ph2 robot b]
[staged]   Ph2 robot a  zone 0  (uncovered: 58% of target)
    [parallel] 10 worker threads, one renderer clone each
    init sampling: best coverage score 686.0px of uncovered area  (4 samples)
[staged]   → robot a: candidate 0.503 < current 0.539  ✗ rejected
[staged] Phase 2 done — composite IoU: 0.539

[staged] Best snapshot: Phase 2  IoU=0.539
[staged] Final refinement — all joints  (10 iters, popsize=32, sigma=0.160)
    [parallel] 10 worker threads, one renderer clone each
[staged] Final done — IoU: 0.539  ✓
[staged] FD refinement — 5 Adam steps  (180 renders, lr=0.01, ε=0.02)
    ↑ new global best IoU 0.564  [FD refinement]
[staged] FD done — IoU: 0.564  (Δ=+0.026)  ✓
[staged] Done — final IoU: 0.564  loss: 0.4366
[staged] Popsize: per-robot phases=32  final=32  (theory optimum for 6 DOF = 10)

[staged] Hungarian pre-assignment  (3×3 cost matrix, 8 samples/entry = 72 renders)...
[staged]   robot_a → zone 2  robot_b → zone 1  robot_c → zone 0

[staged] Phase 1 — forward greedy  (8 iters × 3 robot(s), sigma=0.40×1.00, popsize=32)
[staged]   Ph1 robot a  zone 2  (uncovered: 31% of target)
    voronoi warm-start: IoU 0.174 → 0.222 ✓
    [parallel] 10 worker threads, one renderer clone each
    init sampling: best coverage score 292.0px of uncovered area  (2 samples)
[staged]   → robot a: IoU 0.174 → 0.396  ✓
    ↑ new global best IoU 0.396  [phase Ph1 robot a]
[staged]   Ph1 robot b  zone 1  (uncovered: 13% of target)
    voronoi warm-start: IoU 0.396 → 0.413 ✓
    [parallel] 10 worker threads, one renderer clone each
    init sampling: best coverage score 0.0px of uncovered area  (2 samples)
[staged]   → robot b: IoU 0.396 → 0.440  ✓
    ↑ new global best IoU 0.440  [phase Ph1 robot b]
[staged]   Ph1 robot c  zone 0  (uncovered: 9% of target)
    voronoi warm-start: IoU 0.440 → 0.440 ✓
    [parallel] 10 worker threads, one renderer clone each
    init sampling: best coverage score 158.0px of uncovered area  (2 samples)
[staged]   → robot c: IoU 0.440 → 0.518  ✓
    ↑ new global best IoU 0.518  [phase Ph1 robot c]
[staged] Phase 1 done — composite IoU: 0.518

[staged] Phase 2 — backward pass  (8 iters × 3 robots, sigma=0.300)
[staged]   contributions before Phase 2:
[staged]     robot a: +0.163 IoU
[staged]     robot b: +0.049 IoU  ← low
[staged]     robot c: +0.077 IoU
[staged]   Ph2 robot c  zone 0  (uncovered: 44% of target)
    [parallel] 10 worker threads, one renderer clone each
    init sampling: best coverage score 229.0px of uncovered area  (4 samples)
[staged]   → robot c: candidate 0.514 < current 0.518  ✗ rejected
[staged]   Ph2 robot b  zone 1  (uncovered: 41% of target)
    [parallel] 10 worker threads, one renderer clone each
    init sampling: best coverage score 362.0px of uncovered area  (4 samples)
[staged]   → robot b: IoU 0.518 → 0.555  ✓
    ↑ new global best IoU 0.555  [phase Ph2 robot b]
[staged]   Ph2 robot a  zone 2  (uncovered: 50% of target)
    [parallel] 10 worker threads, one renderer clone each
    init sampling: best coverage score 622.0px of uncovered area  (4 samples)
[staged]   → robot a: IoU 0.555 → 0.599  ✓
    ↑ new global best IoU 0.599  [phase Ph2 robot a]
[staged] Phase 2 done — composite IoU: 0.599

[staged] Best snapshot: Phase 2  IoU=0.599
[staged] Final refinement — all joints  (10 iters, popsize=32, sigma=0.160)
    [parallel] 10 worker threads, one renderer clone each
    ↑ new global best IoU 0.602  [final refinement]
[staged] Final done — IoU: 0.602  ✓
[staged] FD refinement — 5 Adam steps  (180 renders, lr=0.01, ε=0.02)
    ↑ new global best IoU 0.617  [FD refinement]
[staged] FD done — IoU: 0.617  (Δ=+0.015)  ✓
[staged] Done — final IoU: 0.617  loss: 0.3842
[staged] Popsize: per-robot phases=32  final=32  (theory optimum for 6 DOF = 10)

[staged] Hungarian pre-assignment  (3×3 cost matrix, 8 samples/entry = 72 renders)...
[staged]   robot_a → zone 2  robot_b → zone 0  robot_c → zone 1

[staged] Phase 1 — forward greedy  (8 iters × 3 robot(s), sigma=0.40×1.00, popsize=32)
[staged]   Ph1 robot a  zone 2  (uncovered: 21% of target)
    voronoi warm-start: IoU 0.174 → 0.226 ✓
    [parallel] 10 worker threads, one renderer clone each
    init sampling: best coverage score 0.0px of uncovered area  (2 samples)
[staged]   → robot a: IoU 0.174 → 0.377  ✓
    ↑ new global best IoU 0.377  [phase Ph1 robot a]
[staged]   Ph1 robot b  zone 0  (uncovered: 11% of target)
    voronoi warm-start: IoU 0.377 → 0.390 ✓
    [parallel] 10 worker threads, one renderer clone each
    init sampling: best coverage score 349.0px of uncovered area  (2 samples)
[staged]   → robot b: IoU 0.377 → 0.410  ✓
    ↑ new global best IoU 0.410  [phase Ph1 robot b]
[staged]   Ph1 robot c  zone 1  (uncovered: 27% of target)
    voronoi warm-start: IoU 0.410 → 0.424 ✓
    [parallel] 10 worker threads, one renderer clone each
    init sampling: best coverage score 281.0px of uncovered area  (2 samples)
[staged]   → robot c: IoU 0.410 → 0.487  ✓
    ↑ new global best IoU 0.487  [phase Ph1 robot c]
[staged] Phase 1 done — composite IoU: 0.487

[staged] Phase 2 — backward pass  (8 iters × 3 robots, sigma=0.300)
[staged]   contributions before Phase 2:
[staged]     robot a: +0.159 IoU
[staged]     robot b: +0.028 IoU  ← low
[staged]     robot c: +0.077 IoU
[staged]   Ph2 robot c  zone 1  (uncovered: 49% of target)
    [parallel] 10 worker threads, one renderer clone each
    init sampling: best coverage score 398.0px of uncovered area  (4 samples)
[staged]   → robot c: candidate 0.462 < current 0.487  ✗ rejected
[staged]   Ph2 robot b  zone 0  (uncovered: 41% of target)
    [parallel] 10 worker threads, one renderer clone each
    init sampling: best coverage score 216.0px of uncovered area  (4 samples)
[staged]   → robot b: IoU 0.487 → 0.532  ✓
    ↑ new global best IoU 0.532  [phase Ph2 robot b]
[staged]   Ph2 robot a  zone 2  (uncovered: 54% of target)
    [parallel] 10 worker threads, one renderer clone each
    init sampling: best coverage score 468.0px of uncovered area  (4 samples)
[staged]   → robot a: IoU 0.532 → 0.539  ✓
    ↑ new global best IoU 0.539  [phase Ph2 robot a]
[staged] Phase 2 done — composite IoU: 0.539

[staged] Best snapshot: Phase 2  IoU=0.539
[staged] Final refinement — all joints  (10 iters, popsize=32, sigma=0.160)
    [parallel] 10 worker threads, one renderer clone each
    ↑ new global best IoU 0.548  [final refinement]
[staged] Final done — IoU: 0.548  ✓
[staged] FD refinement — 5 Adam steps  (180 renders, lr=0.01, ε=0.02)
    ↑ new global best IoU 0.561  [FD refinement]
[staged] FD done — IoU: 0.561  (Δ=+0.013)  ✓
[staged] Done — final IoU: 0.561  loss: 0.4408
[staged] Popsize: per-robot phases=32  final=32  (theory optimum for 6 DOF = 10)

[staged] Hungarian pre-assignment  (3×3 cost matrix, 8 samples/entry = 72 renders)...
[staged]   robot_a → zone 2  robot_b → zone 0  robot_c → zone 1

[staged] Phase 1 — forward greedy  (8 iters × 3 robot(s), sigma=0.40×1.00, popsize=32)
[staged]   Ph1 robot a  zone 2  (uncovered: 42% of target)
    voronoi warm-start: IoU 0.174 → 0.301 ✓
    [parallel] 10 worker threads, one renderer clone each
    init sampling: best coverage score 0.0px of uncovered area  (2 samples)
[staged]   → robot a: IoU 0.174 → 0.391  ✓
    ↑ new global best IoU 0.391  [phase Ph1 robot a]
[staged]   Ph1 robot b  zone 0  (uncovered: 14% of target)
    voronoi warm-start: IoU 0.391 → 0.399 ✓
    [parallel] 10 worker threads, one renderer clone each
    init sampling: best coverage score 102.0px of uncovered area  (2 samples)
[staged]   → robot b: IoU 0.391 → 0.457  ✓
    ↑ new global best IoU 0.457  [phase Ph1 robot b]
[staged]   Ph1 robot c  zone 1  (uncovered: 15% of target)
    voronoi warm-start: IoU 0.450 ≤ 0.457, kept current
    [parallel] 10 worker threads, one renderer clone each
    init sampling: best coverage score 76.0px of uncovered area  (4 samples)
[staged]   → robot c: IoU 0.457 → 0.528  ✓
    ↑ new global best IoU 0.528  [phase Ph1 robot c]
[staged] Phase 1 done — composite IoU: 0.528

[staged] Phase 2 — backward pass  (8 iters × 3 robots, sigma=0.300)
[staged]   contributions before Phase 2:
[staged]     robot a: +0.180 IoU
[staged]     robot b: +0.082 IoU
[staged]     robot c: +0.071 IoU
[staged]   Ph2 robot c  zone 1  (uncovered: 45% of target)
    [parallel] 10 worker threads, one renderer clone each
    init sampling: best coverage score 417.0px of uncovered area  (4 samples)
[staged]   → robot c: IoU 0.528 → 0.541  ✓
    ↑ new global best IoU 0.541  [phase Ph2 robot c]
[staged]   Ph2 robot b  zone 0  (uncovered: 44% of target)
    [parallel] 10 worker threads, one renderer clone each
    init sampling: best coverage score 332.0px of uncovered area  (4 samples)
[staged]   → robot b: IoU 0.541 → 0.553  ✓
    ↑ new global best IoU 0.553  [phase Ph2 robot b]
[staged]   Ph2 robot a  zone 2  (uncovered: 42% of target)
    [parallel] 10 worker threads, one renderer clone each
    init sampling: best coverage score 507.0px of uncovered area  (4 samples)
[staged]   → robot a: IoU 0.553 → 0.587  ✓
    ↑ new global best IoU 0.587  [phase Ph2 robot a]
[staged] Phase 2 done — composite IoU: 0.587

[staged] Best snapshot: Phase 2  IoU=0.587
[staged] Final refinement — all joints  (10 iters, popsize=32, sigma=0.160)
    [parallel] 10 worker threads, one renderer clone each
    ↑ new global best IoU 0.588  [final refinement]
[staged] Final done — IoU: 0.588  ✓
[staged] FD refinement — 5 Adam steps  (180 renders, lr=0.01, ε=0.02)
    ↑ new global best IoU 0.604  [FD refinement]
[staged] FD done — IoU: 0.604  (Δ=+0.016)  ✓
[staged] Done — final IoU: 0.604  loss: 0.3969
[staged] Popsize: per-robot phases=32  final=32  (theory optimum for 6 DOF = 10)

[staged] Hungarian pre-assignment  (3×3 cost matrix, 8 samples/entry = 72 renders)...
[staged]   robot_a → zone 0  robot_b → zone 2  robot_c → zone 1

[staged] Phase 1 — forward greedy  (8 iters × 3 robot(s), sigma=0.40×1.00, popsize=32)
[staged]   Ph1 robot a  zone 0  (uncovered: 19% of target)
    voronoi warm-start: IoU 0.174 → 0.302 ✓
    [parallel] 10 worker threads, one renderer clone each
    init sampling: best coverage score 342.0px of uncovered area  (2 samples)
[staged]   → robot a: IoU 0.174 → 0.403  ✓
    ↑ new global best IoU 0.403  [phase Ph1 robot a]
[staged]   Ph1 robot b  zone 2  (uncovered: 15% of target)
    voronoi warm-start: IoU 0.403 → 0.408 ✓
    [parallel] 10 worker threads, one renderer clone each
    init sampling: best coverage score 2.0px of uncovered area  (2 samples)
[staged]   → robot b: IoU 0.403 → 0.480  ✓
    ↑ new global best IoU 0.480  [phase Ph1 robot b]
[staged]   Ph1 robot c  zone 1  (uncovered: 14% of target)
    voronoi warm-start: IoU 0.443 ≤ 0.480, kept current
    [parallel] 10 worker threads, one renderer clone each
    init sampling: best coverage score 67.0px of uncovered area  (4 samples)
[staged]   → robot c: IoU 0.480 → 0.556  ✓
    ↑ new global best IoU 0.556  [phase Ph1 robot c]
[staged] Phase 1 done — composite IoU: 0.556

[staged] Phase 2 — backward pass  (8 iters × 3 robots, sigma=0.300)
[staged]   contributions before Phase 2:
[staged]     robot a: +0.212 IoU
[staged]     robot b: +0.079 IoU
[staged]     robot c: +0.076 IoU
[staged]   Ph2 robot c  zone 1  (uncovered: 42% of target)
    [parallel] 10 worker threads, one renderer clone each
    init sampling: best coverage score 161.0px of uncovered area  (4 samples)
[staged]   → robot c: candidate 0.542 < current 0.556  ✗ rejected
[staged]   Ph2 robot b  zone 2  (uncovered: 41% of target)
    [parallel] 10 worker threads, one renderer clone each
    init sampling: best coverage score 347.0px of uncovered area  (4 samples)
[staged]   → robot b: IoU 0.556 → 0.574  ✓
    ↑ new global best IoU 0.574  [phase Ph2 robot b]
[staged]   Ph2 robot a  zone 0  (uncovered: 60% of target)
    [parallel] 10 worker threads, one renderer clone each
    init sampling: best coverage score 791.0px of uncovered area  (4 samples)
[staged]   → robot a: candidate 0.548 < current 0.574  ✗ rejected
[staged] Phase 2 done — composite IoU: 0.574

[staged] Best snapshot: Phase 2  IoU=0.574
[staged] Final refinement — all joints  (10 iters, popsize=32, sigma=0.160)
    [parallel] 10 worker threads, one renderer clone each
    ↑ new global best IoU 0.592  [final refinement]
[staged] Final done — IoU: 0.592  ✓
[staged] FD refinement — 5 Adam steps  (180 renders, lr=0.01, ε=0.02)
    ↑ new global best IoU 0.606  [FD refinement]
[staged] FD done — IoU: 0.606  (Δ=+0.014)  ✓
[staged] Done — final IoU: 0.606  loss: 0.3944
[shard 0] 3/10 letters_upper/K_dejavusans-bold  best=0.617 mean=0.590±0.023  88s  eta 0.2h
[staged] Popsize: per-robot phases=32  final=32  (theory optimum for 6 DOF = 10)

[staged] Hungarian pre-assignment  (3×3 cost matrix, 8 samples/entry = 72 renders)...
[staged]   robot_a → zone 2  robot_b → zone 0  robot_c → zone 1

[staged] Phase 1 — forward greedy  (8 iters × 3 robot(s), sigma=0.40×1.00, popsize=32)
[staged]   Ph1 robot a  zone 2  (uncovered: 26% of target)
    voronoi warm-start: IoU 0.141 ≤ 0.162, kept current
    [parallel] 10 worker threads, one renderer clone each
    init sampling: best coverage score 393.0px of uncovered area  (4 samples)
[staged]   → robot a: IoU 0.162 → 0.357  ✓
    ↑ new global best IoU 0.357  [phase Ph1 robot a]
[staged]   Ph1 robot b  zone 0  (uncovered: 32% of target)
    voronoi warm-start: IoU 0.348 ≤ 0.357, kept current
    [parallel] 10 worker threads, one renderer clone each
    init sampling: best coverage score 0.0px of uncovered area  (4 samples)
[staged]   → robot b: IoU 0.357 → 0.477  ✓
    ↑ new global best IoU 0.477  [phase Ph1 robot b]
[staged]   Ph1 robot c  zone 1  (uncovered: 11% of target)
    voronoi warm-start: IoU 0.447 ≤ 0.477, kept current
    [parallel] 10 worker threads, one renderer clone each
    init sampling: best coverage score 54.0px of uncovered area  (4 samples)
[staged]   → robot c: IoU 0.477 → 0.524  ✓
    ↑ new global best IoU 0.524  [phase Ph1 robot c]
[staged] Phase 1 done — composite IoU: 0.524

[staged] Phase 2 — backward pass  (8 iters × 3 robots, sigma=0.300)
[staged]   contributions before Phase 2:
[staged]     robot a: +0.094 IoU
[staged]     robot b: +0.109 IoU
[staged]     robot c: +0.047 IoU  ← low
[staged]   Ph2 robot c  zone 1  (uncovered: 43% of target)
    [parallel] 10 worker threads, one renderer clone each
    init sampling: best coverage score 210.0px of uncovered area  (4 samples)
[staged]   → robot c: candidate 0.524 < current 0.524  ✗ rejected
[staged]   Ph2 robot b  zone 0  (uncovered: 52% of target)
    [parallel] 10 worker threads, one renderer clone each
    init sampling: best coverage score 145.0px of uncovered area  (4 samples)
[staged]   → robot b: candidate 0.439 < current 0.524  ✗ rejected
[staged]   Ph2 robot a  zone 2  (uncovered: 48% of target)
    [parallel] 10 worker threads, one renderer clone each
    init sampling: best coverage score 86.0px of uncovered area  (4 samples)
[staged]   → robot a: candidate 0.490 < current 0.524  ✗ rejected
[staged] Phase 2 done — composite IoU: 0.524

[staged] Best snapshot: Phase 1  IoU=0.524
[staged] Final refinement — all joints  (10 iters, popsize=32, sigma=0.160)
    [parallel] 10 worker threads, one renderer clone each
    ↑ new global best IoU 0.626  [final refinement]
[staged] Final done — IoU: 0.626  ✓
[staged] FD refinement — 5 Adam steps  (180 renders, lr=0.01, ε=0.02)
    ↑ new global best IoU 0.646  [FD refinement]
[staged] FD done — IoU: 0.646  (Δ=+0.020)  ✓
[staged] Done — final IoU: 0.646  loss: 0.3543
[staged] Popsize: per-robot phases=32  final=32  (theory optimum for 6 DOF = 10)

[staged] Hungarian pre-assignment  (3×3 cost matrix, 8 samples/entry = 72 renders)...
[staged]   robot_a → zone 2  robot_b → zone 1  robot_c → zone 0

[staged] Phase 1 — forward greedy  (8 iters × 3 robot(s), sigma=0.40×1.00, popsize=32)
[staged]   Ph1 robot a  zone 2  (uncovered: 26% of target)
    voronoi warm-start: IoU 0.141 ≤ 0.162, kept current
    [parallel] 10 worker threads, one renderer clone each
    init sampling: best coverage score 287.0px of uncovered area  (4 samples)
[staged]   → robot a: IoU 0.162 → 0.390  ✓
    ↑ new global best IoU 0.390  [phase Ph1 robot a]
[staged]   Ph1 robot b  zone 1  (uncovered: 9% of target)
    voronoi warm-start: IoU 0.390 → 0.419 ✓
    [parallel] 10 worker threads, one renderer clone each
    init sampling: best coverage score 0.0px of uncovered area  (2 samples)
[staged]   → robot b: IoU 0.390 → 0.521  ✓
    ↑ new global best IoU 0.521  [phase Ph1 robot b]
[staged]   Ph1 robot c  zone 0  (uncovered: 11% of target)
    voronoi warm-start: IoU 0.489 ≤ 0.521, kept current
    [parallel] 10 worker threads, one renderer clone each
    init sampling: best coverage score 95.0px of uncovered area  (4 samples)
[staged]   → robot c: IoU 0.521 → 0.584  ✓
    ↑ new global best IoU 0.584  [phase Ph1 robot c]
[staged] Phase 1 done — composite IoU: 0.584

[staged] Phase 2 — backward pass  (8 iters × 3 robots, sigma=0.300)
[staged]   contributions before Phase 2:
[staged]     robot a: +0.187 IoU
[staged]     robot b: +0.079 IoU
[staged]     robot c: +0.063 IoU
[staged]   Ph2 robot c  zone 0  (uncovered: 32% of target)
    [parallel] 10 worker threads, one renderer clone each
    init sampling: best coverage score 117.0px of uncovered area  (4 samples)
[staged]   → robot c: candidate 0.553 < current 0.584  ✗ rejected
[staged]   Ph2 robot b  zone 1  (uncovered: 34% of target)
    [parallel] 10 worker threads, one renderer clone each
    init sampling: best coverage score 203.0px of uncovered area  (4 samples)
[staged]   → robot b: candidate 0.535 < current 0.584  ✗ rejected
[staged]   Ph2 robot a  zone 2  (uncovered: 54% of target)
    [parallel] 10 worker threads, one renderer clone each
    init sampling: best coverage score 204.0px of uncovered area  (4 samples)
[staged]   → robot a: IoU 0.584 → 0.684  ✓
    ↑ new global best IoU 0.684  [phase Ph2 robot a]
[staged] Phase 2 done — composite IoU: 0.684

[staged] Best snapshot: Phase 2  IoU=0.684
[staged] Final refinement — all joints  (10 iters, popsize=32, sigma=0.160)
    [parallel] 10 worker threads, one renderer clone each
    ↑ new global best IoU 0.717  [final refinement]
[staged] Final done — IoU: 0.717  ✓
[staged] FD refinement — 5 Adam steps  (180 renders, lr=0.01, ε=0.02)
    ↑ new global best IoU 0.745  [FD refinement]
[staged] FD done — IoU: 0.745  (Δ=+0.028)  ✓
[staged] Done — final IoU: 0.745  loss: 0.2550
[staged] Popsize: per-robot phases=32  final=32  (theory optimum for 6 DOF = 10)

[staged] Hungarian pre-assignment  (3×3 cost matrix, 8 samples/entry = 72 renders)...
[staged]   robot_a → zone 0  robot_b → zone 1  robot_c → zone 2

[staged] Phase 1 — forward greedy  (8 iters × 3 robot(s), sigma=0.40×1.00, popsize=32)
[staged]   Ph1 robot a  zone 0  (uncovered: 26% of target)
    voronoi warm-start: IoU 0.141 ≤ 0.162, kept current
    [parallel] 10 worker threads, one renderer clone each
    init sampling: best coverage score 170.0px of uncovered area  (4 samples)
[staged]   → robot a: IoU 0.162 → 0.462  ✓
    ↑ new global best IoU 0.462  [phase Ph1 robot a]
[staged]   Ph1 robot b  zone 1  (uncovered: 26% of target)
    voronoi warm-start: IoU 0.462 → 0.473 ✓
    [parallel] 10 worker threads, one renderer clone each
    init sampling: best coverage score 97.0px of uncovered area  (2 samples)
[staged]   → robot b: IoU 0.462 → 0.632  ✓
    ↑ new global best IoU 0.632  [phase Ph1 robot b]
[staged]   Ph1 robot c  zone 2  (uncovered: 7% of target)
    voronoi warm-start: IoU 0.578 ≤ 0.632, kept current
    [parallel] 10 worker threads, one renderer clone each
    init sampling: best coverage score 116.0px of uncovered area  (4 samples)
[staged]   → robot c: IoU 0.632 → 0.705  ✓
    ↑ new global best IoU 0.705  [phase Ph1 robot c]
[staged] Phase 1 done — composite IoU: 0.705

[staged] Phase 2 — backward pass  (8 iters × 3 robots, sigma=0.300)
[staged]   contributions before Phase 2:
[staged]     robot a: +0.172 IoU
[staged]     robot b: +0.170 IoU
[staged]     robot c: +0.073 IoU
[staged]   Ph2 robot c  zone 2  (uncovered: 23% of target)
    [parallel] 10 worker threads, one renderer clone each
    init sampling: best coverage score 289.0px of uncovered area  (4 samples)
[staged]   → robot c: candidate 0.698 < current 0.705  ✗ rejected
[staged]   Ph2 robot b  zone 1  (uncovered: 40% of target)
    [parallel] 10 worker threads, one renderer clone each
    init sampling: best coverage score 459.0px of uncovered area  (4 samples)
[staged]   → robot b: IoU 0.705 → 0.776  ✓
    ↑ new global best IoU 0.776  [phase Ph2 robot b]
[staged]   Ph2 robot a  zone 0  (uncovered: 34% of target)
    [parallel] 10 worker threads, one renderer clone each
    init sampling: best coverage score 331.0px of uncovered area  (4 samples)
[staged]   → robot a: candidate 0.699 < current 0.776  ✗ rejected
[staged] Phase 2 done — composite IoU: 0.776

[staged] Best snapshot: Phase 2  IoU=0.776
[staged] Final refinement — all joints  (10 iters, popsize=32, sigma=0.160)
    [parallel] 10 worker threads, one renderer clone each
[staged] Final done — IoU: 0.776  ✓
[staged] FD refinement — 5 Adam steps  (180 renders, lr=0.01, ε=0.02)
    ↑ new global best IoU 0.786  [FD refinement]
[staged] FD done — IoU: 0.786  (Δ=+0.011)  ✓
[staged] Done — final IoU: 0.786  loss: 0.2143
[staged] Popsize: per-robot phases=32  final=32  (theory optimum for 6 DOF = 10)

[staged] Hungarian pre-assignment  (3×3 cost matrix, 8 samples/entry = 72 renders)...
[staged]   robot_a → zone 2  robot_b → zone 1  robot_c → zone 0

[staged] Phase 1 — forward greedy  (8 iters × 3 robot(s), sigma=0.40×1.00, popsize=32)
[staged]   Ph1 robot a  zone 2  (uncovered: 32% of target)
    voronoi warm-start: IoU 0.162 → 0.240 ✓
    [parallel] 10 worker threads, one renderer clone each
    init sampling: best coverage score 0.0px of uncovered area  (2 samples)
[staged]   → robot a: IoU 0.162 → 0.367  ✓
    ↑ new global best IoU 0.367  [phase Ph1 robot a]
[staged]   Ph1 robot b  zone 1  (uncovered: 26% of target)
    voronoi warm-start: IoU 0.367 → 0.373 ✓
    [parallel] 10 worker threads, one renderer clone each
    init sampling: best coverage score 0.0px of uncovered area  (2 samples)
[staged]   → robot b: IoU 0.367 → 0.522  ✓
    ↑ new global best IoU 0.522  [phase Ph1 robot b]
[staged]   Ph1 robot c  zone 0  (uncovered: 5% of target)
    voronoi warm-start: IoU 0.518 ≤ 0.522, kept current
    [parallel] 10 worker threads, one renderer clone each
    init sampling: best coverage score 35.0px of uncovered area  (4 samples)
[staged]   → robot c: IoU 0.522 → 0.563  ✓
    ↑ new global best IoU 0.563  [phase Ph1 robot c]
[staged] Phase 1 done — composite IoU: 0.563

[staged] Phase 2 — backward pass  (8 iters × 3 robots, sigma=0.300)
[staged]   contributions before Phase 2:
[staged]     robot a: +0.144 IoU
[staged]     robot b: +0.178 IoU
[staged]     robot c: +0.041 IoU  ← low
[staged]   Ph2 robot c  zone 0  (uncovered: 30% of target)
    [parallel] 10 worker threads, one renderer clone each
    init sampling: best coverage score 231.0px of uncovered area  (4 samples)
[staged]   → robot c: IoU 0.563 → 0.615  ✓
    ↑ new global best IoU 0.615  [phase Ph2 robot c]
[staged]   Ph2 robot b  zone 1  (uncovered: 44% of target)
    [parallel] 10 worker threads, one renderer clone each
    init sampling: best coverage score 531.0px of uncovered area  (4 samples)
[staged]   → robot b: IoU 0.615 → 0.621  ✓
    ↑ new global best IoU 0.621  [phase Ph2 robot b]
[staged]   Ph2 robot a  zone 2  (uncovered: 36% of target)
    [parallel] 10 worker threads, one renderer clone each
    init sampling: best coverage score 138.0px of uncovered area  (4 samples)
[staged]   → robot a: IoU 0.621 → 0.694  ✓
    ↑ new global best IoU 0.694  [phase Ph2 robot a]
[staged] Phase 2 done — composite IoU: 0.694

[staged] Best snapshot: Phase 2  IoU=0.694
[staged] Final refinement — all joints  (10 iters, popsize=32, sigma=0.160)
    [parallel] 10 worker threads, one renderer clone each
    ↑ new global best IoU 0.751  [final refinement]
[staged] Final done — IoU: 0.751  ✓
[staged] FD refinement — 5 Adam steps  (180 renders, lr=0.01, ε=0.02)
    ↑ new global best IoU 0.786  [FD refinement]
[staged] FD done — IoU: 0.786  (Δ=+0.036)  ✓
[staged] Done — final IoU: 0.786  loss: 0.2139
[staged] Popsize: per-robot phases=32  final=32  (theory optimum for 6 DOF = 10)

[staged] Hungarian pre-assignment  (3×3 cost matrix, 8 samples/entry = 72 renders)...
[staged]   robot_a → zone 0  robot_b → zone 2  robot_c → zone 1

[staged] Phase 1 — forward greedy  (8 iters × 3 robot(s), sigma=0.40×1.00, popsize=32)
[staged]   Ph1 robot a  zone 0  (uncovered: 32% of target)
    voronoi warm-start: IoU 0.162 → 0.240 ✓
    [parallel] 10 worker threads, one renderer clone each
    init sampling: best coverage score 1037.0px of uncovered area  (2 samples)
[staged]   → robot a: IoU 0.162 → 0.476  ✓
    ↑ new global best IoU 0.476  [phase Ph1 robot a]
[staged]   Ph1 robot b  zone 2  (uncovered: 26% of target)
    voronoi warm-start: IoU 0.476 → 0.485 ✓
    [parallel] 10 worker threads, one renderer clone each
    init sampling: best coverage score 1.0px of uncovered area  (2 samples)
[staged]   → robot b: IoU 0.476 → 0.619  ✓
    ↑ new global best IoU 0.619  [phase Ph1 robot b]
[staged]   Ph1 robot c  zone 1  (uncovered: 6% of target)
    voronoi warm-start: IoU 0.592 ≤ 0.619, kept current
    [parallel] 10 worker threads, one renderer clone each
    init sampling: best coverage score 69.0px of uncovered area  (4 samples)
[staged]   → robot c: IoU 0.619 → 0.674  ✓
    ↑ new global best IoU 0.674  [phase Ph1 robot c]
[staged] Phase 1 done — composite IoU: 0.674

[staged] Phase 2 — backward pass  (8 iters × 3 robots, sigma=0.300)
[staged]   contributions before Phase 2:
[staged]     robot a: +0.269 IoU
[staged]     robot b: +0.077 IoU
[staged]     robot c: +0.055 IoU
[staged]   Ph2 robot c  zone 1  (uncovered: 29% of target)
    [parallel] 10 worker threads, one renderer clone each
    init sampling: best coverage score 80.0px of uncovered area  (4 samples)
[staged]   → robot c: candidate 0.632 < current 0.674  ✗ rejected
[staged]   Ph2 robot b  zone 2  (uncovered: 25% of target)
    [parallel] 10 worker threads, one renderer clone each
    init sampling: best coverage score 232.0px of uncovered area  (4 samples)
[staged]   → robot b: candidate 0.663 < current 0.674  ✗ rejected
[staged]   Ph2 robot a  zone 0  (uncovered: 52% of target)
    [parallel] 10 worker threads, one renderer clone each
    init sampling: best coverage score 561.0px of uncovered area  (4 samples)
[staged]   → robot a: candidate 0.666 < current 0.674  ✗ rejected
[staged] Phase 2 done — composite IoU: 0.674

[staged] Best snapshot: Phase 1  IoU=0.674
[staged] Final refinement — all joints  (10 iters, popsize=32, sigma=0.160)
    [parallel] 10 worker threads, one renderer clone each
    ↑ new global best IoU 0.709  [final refinement]
[staged] Final done — IoU: 0.709  ✓
[staged] FD refinement — 5 Adam steps  (180 renders, lr=0.01, ε=0.02)
    ↑ new global best IoU 0.726  [FD refinement]
[staged] FD done — IoU: 0.726  (Δ=+0.017)  ✓
[staged] Done — final IoU: 0.726  loss: 0.2747
[shard 0] 4/10 letters_upper/U_dejavusans-bold  best=0.786 mean=0.738±0.052  88s  eta 0.1h
[staged] Popsize: per-robot phases=32  final=32  (theory optimum for 6 DOF = 10)

[staged] Hungarian pre-assignment  (3×3 cost matrix, 8 samples/entry = 72 renders)...
[staged]   robot_a → zone 1  robot_b → zone 2  robot_c → zone 0

[staged] Phase 1 — forward greedy  (8 iters × 3 robot(s), sigma=0.40×1.00, popsize=32)
[staged]   Ph1 robot a  zone 1  (uncovered: 45% of target)
    voronoi warm-start: IoU 0.161 ≤ 0.176, kept current
    [parallel] 10 worker threads, one renderer clone each
    init sampling: best coverage score 128.0px of uncovered area  (4 samples)
[staged]   → robot a: IoU 0.176 → 0.301  ✓
    ↑ new global best IoU 0.301  [phase Ph1 robot a]
[staged]   Ph1 robot b  zone 2  (uncovered: 22% of target)
    voronoi warm-start: IoU 0.301 → 0.306 ✓
    [parallel] 10 worker threads, one renderer clone each
    init sampling: best coverage score 114.0px of uncovered area  (2 samples)
[staged]   → robot b: IoU 0.301 → 0.421  ✓
    ↑ new global best IoU 0.421  [phase Ph1 robot b]
[staged]   Ph1 robot c  zone 0  (uncovered: 4% of target)
    voronoi warm-start: IoU 0.410 ≤ 0.421, kept current
    [parallel] 10 worker threads, one renderer clone each
    init sampling: best coverage score 121.0px of uncovered area  (4 samples)
[staged]   → robot c: IoU 0.421 → 0.482  ✓
    ↑ new global best IoU 0.482  [phase Ph1 robot c]
[staged] Phase 1 done — composite IoU: 0.482

[staged] Phase 2 — backward pass  (8 iters × 3 robots, sigma=0.300)
[staged]   contributions before Phase 2:
[staged]     robot a: +0.130 IoU
[staged]     robot b: +0.083 IoU
[staged]     robot c: +0.061 IoU
[staged]   Ph2 robot c  zone 0  (uncovered: 38% of target)
    [parallel] 10 worker threads, one renderer clone each
    init sampling: best coverage score 345.0px of uncovered area  (4 samples)
[staged]   → robot c: IoU 0.482 → 0.484  ✓
    ↑ new global best IoU 0.484  [phase Ph2 robot c]
[staged]   Ph2 robot b  zone 2  (uncovered: 45% of target)
    [parallel] 10 worker threads, one renderer clone each
    init sampling: best coverage score 213.0px of uncovered area  (4 samples)
[staged]   → robot b: candidate 0.458 < current 0.484  ✗ rejected
[staged]   Ph2 robot a  zone 1  (uncovered: 49% of target)
    [parallel] 10 worker threads, one renderer clone each
    init sampling: best coverage score 73.0px of uncovered area  (4 samples)
[staged]   → robot a: candidate 0.437 < current 0.484  ✗ rejected
[staged] Phase 2 done — composite IoU: 0.484

[staged] Best snapshot: Phase 2  IoU=0.484
[staged] Final refinement — all joints  (10 iters, popsize=32, sigma=0.160)
    [parallel] 10 worker threads, one renderer clone each
    ↑ new global best IoU 0.496  [final refinement]
[staged] Final done — IoU: 0.496  ✓
[staged] FD refinement — 5 Adam steps  (180 renders, lr=0.01, ε=0.02)
    ↑ new global best IoU 0.532  [FD refinement]
[staged] FD done — IoU: 0.532  (Δ=+0.035)  ✓
[staged] Done — final IoU: 0.532  loss: 0.4697
[staged] Popsize: per-robot phases=32  final=32  (theory optimum for 6 DOF = 10)

[staged] Hungarian pre-assignment  (3×3 cost matrix, 8 samples/entry = 72 renders)...
[staged]   robot_a → zone 2  robot_b → zone 0  robot_c → zone 1

[staged] Phase 1 — forward greedy  (8 iters × 3 robot(s), sigma=0.40×1.00, popsize=32)
[staged]   Ph1 robot a  zone 2  (uncovered: 26% of target)
    voronoi warm-start: IoU 0.176 → 0.223 ✓
    [parallel] 10 worker threads, one renderer clone each
    init sampling: best coverage score 0.0px of uncovered area  (2 samples)
[staged]   → robot a: IoU 0.176 → 0.343  ✓
    ↑ new global best IoU 0.343  [phase Ph1 robot a]
[staged]   Ph1 robot b  zone 0  (uncovered: 14% of target)
    voronoi warm-start: IoU 0.296 ≤ 0.343, kept current
    [parallel] 10 worker threads, one renderer clone each
    init sampling: best coverage score 0.0px of uncovered area  (4 samples)
[staged]   → robot b: IoU 0.343 → 0.388  ✓
    ↑ new global best IoU 0.388  [phase Ph1 robot b]
[staged]   Ph1 robot c  zone 1  (uncovered: 26% of target)
    voronoi warm-start: IoU 0.388 → 0.400 ✓
    [parallel] 10 worker threads, one renderer clone each
    init sampling: best coverage score 339.0px of uncovered area  (2 samples)
[staged]   → robot c: IoU 0.388 → 0.473  ✓
    ↑ new global best IoU 0.473  [phase Ph1 robot c]
[staged] Phase 1 done — composite IoU: 0.473

[staged] Phase 2 — backward pass  (8 iters × 3 robots, sigma=0.300)
[staged]   contributions before Phase 2:
[staged]     robot a: +0.058 IoU
[staged]     robot b: +0.062 IoU
[staged]     robot c: +0.085 IoU
[staged]   Ph2 robot c  zone 1  (uncovered: 38% of target)
    [parallel] 10 worker threads, one renderer clone each
    init sampling: best coverage score 228.0px of uncovered area  (4 samples)
[staged]   → robot c: candidate 0.463 < current 0.473  ✗ rejected
[staged]   Ph2 robot b  zone 0  (uncovered: 36% of target)
    [parallel] 10 worker threads, one renderer clone each
    init sampling: best coverage score 154.0px of uncovered area  (4 samples)
[staged]   → robot b: candidate 0.454 < current 0.473  ✗ rejected
[staged]   Ph2 robot a  zone 2  (uncovered: 44% of target)
    [parallel] 10 worker threads, one renderer clone each
    init sampling: best coverage score 374.0px of uncovered area  (4 samples)
[staged]   → robot a: IoU 0.473 → 0.534  ✓
    ↑ new global best IoU 0.534  [phase Ph2 robot a]
[staged] Phase 2 done — composite IoU: 0.534

[staged] Best snapshot: Phase 2  IoU=0.534
[staged] Final refinement — all joints  (10 iters, popsize=32, sigma=0.160)
    [parallel] 10 worker threads, one renderer clone each
    ↑ new global best IoU 0.580  [final refinement]
[staged] Final done — IoU: 0.580  ✓
[staged] FD refinement — 5 Adam steps  (180 renders, lr=0.01, ε=0.02)
    ↑ new global best IoU 0.608  [FD refinement]
[staged] FD done — IoU: 0.608  (Δ=+0.028)  ✓
[staged] Done — final IoU: 0.608  loss: 0.3929
[staged] Popsize: per-robot phases=32  final=32  (theory optimum for 6 DOF = 10)

[staged] Hungarian pre-assignment  (3×3 cost matrix, 8 samples/entry = 72 renders)...
[staged]   robot_a → zone 2  robot_b → zone 0  robot_c → zone 1

[staged] Phase 1 — forward greedy  (8 iters × 3 robot(s), sigma=0.40×1.00, popsize=32)
[staged]   Ph1 robot a  zone 2  (uncovered: 24% of target)
    voronoi warm-start: IoU 0.176 → 0.196 ✓
    [parallel] 10 worker threads, one renderer clone each
    init sampling: best coverage score 151.0px of uncovered area  (2 samples)
[staged]   → robot a: IoU 0.176 → 0.331  ✓
    ↑ new global best IoU 0.331  [phase Ph1 robot a]
[staged]   Ph1 robot b  zone 0  (uncovered: 29% of target)
    voronoi warm-start: IoU 0.323 ≤ 0.331, kept current
    [parallel] 10 worker threads, one renderer clone each
    init sampling: best coverage score 1.0px of uncovered area  (4 samples)
[staged]   → robot b: IoU 0.331 → 0.423  ✓
    ↑ new global best IoU 0.423  [phase Ph1 robot b]
[staged]   Ph1 robot c  zone 1  (uncovered: 6% of target)
    voronoi warm-start: IoU 0.423 → 0.431 ✓
    [parallel] 10 worker threads, one renderer clone each
    init sampling: best coverage score 2.0px of uncovered area  (2 samples)
[staged]   → robot c: IoU 0.423 → 0.469  ✓
    ↑ new global best IoU 0.469  [phase Ph1 robot c]
[staged] Phase 1 done — composite IoU: 0.469

[staged] Phase 2 — backward pass  (8 iters × 3 robots, sigma=0.300)
[staged]   contributions before Phase 2:
[staged]     robot a: +0.198 IoU
[staged]     robot b: +0.016 IoU  ← low
[staged]     robot c: +0.046 IoU  ← low
[staged]   Ph2 robot c  zone 1  (uncovered: 46% of target)
    [parallel] 10 worker threads, one renderer clone each
    init sampling: best coverage score 75.0px of uncovered area  (4 samples)
[staged]   → robot c: candidate 0.458 < current 0.469  ✗ rejected
[staged]   Ph2 robot b  zone 0  (uncovered: 40% of target)
    [parallel] 10 worker threads, one renderer clone each
    init sampling: best coverage score 103.0px of uncovered area  (4 samples)
[staged]   → robot b: IoU 0.469 → 0.482  ✓
    ↑ new global best IoU 0.482  [phase Ph2 robot b]
[staged]   Ph2 robot a  zone 2  (uncovered: 50% of target)
    [parallel] 10 worker threads, one renderer clone each
    init sampling: best coverage score 589.0px of uncovered area  (4 samples)
[staged]   → robot a: candidate 0.422 < current 0.482  ✗ rejected
[staged] Phase 2 done — composite IoU: 0.482

[staged] Best snapshot: Phase 2  IoU=0.482
[staged] Final refinement — all joints  (10 iters, popsize=32, sigma=0.160)
    [parallel] 10 worker threads, one renderer clone each
    ↑ new global best IoU 0.560  [final refinement]
[staged] Final done — IoU: 0.560  ✓
[staged] FD refinement — 5 Adam steps  (180 renders, lr=0.01, ε=0.02)
    ↑ new global best IoU 0.572  [FD refinement]
[staged] FD done — IoU: 0.572  (Δ=+0.012)  ✓
[staged] Done — final IoU: 0.572  loss: 0.4298
[staged] Popsize: per-robot phases=32  final=32  (theory optimum for 6 DOF = 10)

[staged] Hungarian pre-assignment  (3×3 cost matrix, 8 samples/entry = 72 renders)...
[staged]   robot_a → zone 2  robot_b → zone 1  robot_c → zone 0

[staged] Phase 1 — forward greedy  (8 iters × 3 robot(s), sigma=0.40×1.00, popsize=32)
[staged]   Ph1 robot a  zone 2  (uncovered: 24% of target)
    voronoi warm-start: IoU 0.176 → 0.196 ✓
    [parallel] 10 worker threads, one renderer clone each
    init sampling: best coverage score 102.0px of uncovered area  (2 samples)
[staged]   → robot a: IoU 0.176 → 0.316  ✓
    ↑ new global best IoU 0.316  [phase Ph1 robot a]
[staged]   Ph1 robot b  zone 1  (uncovered: 15% of target)
    voronoi warm-start: IoU 0.316 → 0.341 ✓
    [parallel] 10 worker threads, one renderer clone each
    init sampling: best coverage score 57.0px of uncovered area  (2 samples)
[staged]   → robot b: IoU 0.316 → 0.439  ✓
    ↑ new global best IoU 0.439  [phase Ph1 robot b]
[staged]   Ph1 robot c  zone 0  (uncovered: 6% of target)
    voronoi warm-start: IoU 0.427 ≤ 0.439, kept current
    [parallel] 10 worker threads, one renderer clone each
    init sampling: best coverage score 152.0px of uncovered area  (4 samples)
[staged]   → robot c: IoU 0.439 → 0.507  ✓
    ↑ new global best IoU 0.507  [phase Ph1 robot c]
[staged] Phase 1 done — composite IoU: 0.507

[staged] Phase 2 — backward pass  (8 iters × 3 robots, sigma=0.300)
[staged]   contributions before Phase 2:
[staged]     robot a: +0.127 IoU
[staged]     robot b: +0.098 IoU
[staged]     robot c: +0.069 IoU
[staged]   Ph2 robot c  zone 0  (uncovered: 34% of target)
    [parallel] 10 worker threads, one renderer clone each
    init sampling: best coverage score 230.0px of uncovered area  (4 samples)
[staged]   → robot c: IoU 0.507 → 0.531  ✓
    ↑ new global best IoU 0.531  [phase Ph2 robot c]
[staged]   Ph2 robot b  zone 1  (uncovered: 41% of target)
    [parallel] 10 worker threads, one renderer clone each
    init sampling: best coverage score 454.0px of uncovered area  (4 samples)
[staged]   → robot b: candidate 0.486 < current 0.531  ✗ rejected
[staged]   Ph2 robot a  zone 2  (uncovered: 42% of target)
    [parallel] 10 worker threads, one renderer clone each
    init sampling: best coverage score 404.0px of uncovered area  (4 samples)
[staged]   → robot a: candidate 0.519 < current 0.531  ✗ rejected
[staged] Phase 2 done — composite IoU: 0.531

[staged] Best snapshot: Phase 2  IoU=0.531
[staged] Final refinement — all joints  (10 iters, popsize=32, sigma=0.160)
    [parallel] 10 worker threads, one renderer clone each
    ↑ new global best IoU 0.570  [final refinement]
[staged] Final done — IoU: 0.570  ✓
[staged] FD refinement — 5 Adam steps  (180 renders, lr=0.01, ε=0.02)
    ↑ new global best IoU 0.605  [FD refinement]
[staged] FD done — IoU: 0.605  (Δ=+0.034)  ✓
[staged] Done — final IoU: 0.605  loss: 0.3968
[staged] Popsize: per-robot phases=32  final=32  (theory optimum for 6 DOF = 10)

[staged] Hungarian pre-assignment  (3×3 cost matrix, 8 samples/entry = 72 renders)...
[staged]   robot_a → zone 1  robot_b → zone 2  robot_c → zone 0

[staged] Phase 1 — forward greedy  (8 iters × 3 robot(s), sigma=0.40×1.00, popsize=32)
[staged]   Ph1 robot a  zone 1  (uncovered: 26% of target)
    voronoi warm-start: IoU 0.176 → 0.223 ✓
    [parallel] 10 worker threads, one renderer clone each
    init sampling: best coverage score 557.0px of uncovered area  (2 samples)
[staged]   → robot a: IoU 0.176 → 0.424  ✓
    ↑ new global best IoU 0.424  [phase Ph1 robot a]
[staged]   Ph1 robot b  zone 2  (uncovered: 30% of target)
    voronoi warm-start: IoU 0.416 ≤ 0.424, kept current
    [parallel] 10 worker threads, one renderer clone each
    init sampling: best coverage score 447.0px of uncovered area  (4 samples)
[staged]   → robot b: IoU 0.424 → 0.561  ✓
    ↑ new global best IoU 0.561  [phase Ph1 robot b]
[staged]   Ph1 robot c  zone 0  (uncovered: 14% of target)
    voronoi warm-start: IoU 0.518 ≤ 0.561, kept current
    [parallel] 10 worker threads, one renderer clone each
    init sampling: best coverage score 85.0px of uncovered area  (4 samples)
[staged]   → robot c: IoU 0.561 → 0.617  ✓
    ↑ new global best IoU 0.617  [phase Ph1 robot c]
[staged] Phase 1 done — composite IoU: 0.617

[staged] Phase 2 — backward pass  (8 iters × 3 robots, sigma=0.300)
[staged]   contributions before Phase 2:
[staged]     robot a: +0.214 IoU
[staged]     robot b: +0.139 IoU
[staged]     robot c: +0.056 IoU
[staged]   Ph2 robot c  zone 0  (uncovered: 24% of target)
    [parallel] 10 worker threads, one renderer clone each
    init sampling: best coverage score 112.0px of uncovered area  (4 samples)
[staged]   → robot c: IoU 0.617 → 0.626  ✓
    ↑ new global best IoU 0.626  [phase Ph2 robot c]
[staged]   Ph2 robot b  zone 2  (uncovered: 32% of target)
    [parallel] 10 worker threads, one renderer clone each
    init sampling: best coverage score 318.0px of uncovered area  (4 samples)
[staged]   → robot b: candidate 0.581 < current 0.626  ✗ rejected
[staged]   Ph2 robot a  zone 1  (uncovered: 49% of target)
    [parallel] 10 worker threads, one renderer clone each
    init sampling: best coverage score 277.0px of uncovered area  (4 samples)
[staged]   → robot a: candidate 0.610 < current 0.626  ✗ rejected
[staged] Phase 2 done — composite IoU: 0.626

[staged] Best snapshot: Phase 2  IoU=0.626
[staged] Final refinement — all joints  (10 iters, popsize=32, sigma=0.160)
    [parallel] 10 worker threads, one renderer clone each
[staged] Final done — IoU: 0.626  ✓
[staged] FD refinement — 5 Adam steps  (180 renders, lr=0.01, ε=0.02)
    ↑ new global best IoU 0.660  [FD refinement]
[staged] FD done — IoU: 0.660  (Δ=+0.034)  ✓
[staged] Done — final IoU: 0.660  loss: 0.3414
[shard 0] 5/10 letters_upper/W_dejavusans-bold  best=0.660 mean=0.595±0.042  88s  eta 0.1h
[staged] Popsize: per-robot phases=32  final=32  (theory optimum for 6 DOF = 10)

[staged] Hungarian pre-assignment  (3×3 cost matrix, 8 samples/entry = 72 renders)...
[staged]   robot_a → zone 2  robot_b → zone 1  robot_c → zone 0

[staged] Phase 1 — forward greedy  (8 iters × 3 robot(s), sigma=0.40×1.00, popsize=32)
[staged]   Ph1 robot a  zone 2  (uncovered: 15% of target)
    voronoi warm-start: IoU 0.100 → 0.107 ✓
    [parallel] 10 worker threads, one renderer clone each
    init sampling: best coverage score 426.0px of uncovered area  (2 samples)
[staged]   → robot a: IoU 0.100 → 0.324  ✓
    ↑ new global best IoU 0.324  [phase Ph1 robot a]
[staged]   Ph1 robot b  zone 1  (uncovered: 32% of target)
    voronoi warm-start: IoU 0.324 → 0.351 ✓
    [parallel] 10 worker threads, one renderer clone each
    init sampling: best coverage score 0.0px of uncovered area  (2 samples)
[staged]   → robot b: IoU 0.324 → 0.373  ✓
    ↑ new global best IoU 0.373  [phase Ph1 robot b]
[staged]   Ph1 robot c  zone 0  (uncovered: 19% of target)
    voronoi warm-start: IoU 0.373 → 0.383 ✓
    [parallel] 10 worker threads, one renderer clone each
    init sampling: best coverage score 0.0px of uncovered area  (2 samples)
[staged]   → robot c: IoU 0.373 → 0.486  ✓
    ↑ new global best IoU 0.486  [phase Ph1 robot c]
[staged] Phase 1 done — composite IoU: 0.486

[staged] Phase 2 — backward pass  (8 iters × 3 robots, sigma=0.300)
[staged]   contributions before Phase 2:
[staged]     robot a: +0.118 IoU
[staged]     robot b: +0.044 IoU  ← low
[staged]     robot c: +0.114 IoU
[staged]   Ph2 robot c  zone 0  (uncovered: 49% of target)
    [parallel] 10 worker threads, one renderer clone each
    init sampling: best coverage score 215.0px of uncovered area  (4 samples)
[staged]   → robot c: candidate 0.402 < current 0.486  ✗ rejected
[staged]   Ph2 robot b  zone 1  (uncovered: 44% of target)
    [parallel] 10 worker threads, one renderer clone each
    init sampling: best coverage score 400.0px of uncovered area  (4 samples)
[staged]   → robot b: IoU 0.486 → 0.541  ✓
    ↑ new global best IoU 0.541  [phase Ph2 robot b]
[staged]   Ph2 robot a  zone 2  (uncovered: 52% of target)
    [parallel] 10 worker threads, one renderer clone each
    init sampling: best coverage score 418.0px of uncovered area  (4 samples)
[staged]   → robot a: candidate 0.536 < current 0.541  ✗ rejected
[staged] Phase 2 done — composite IoU: 0.541

[staged] Best snapshot: Phase 2  IoU=0.541
[staged] Final refinement — all joints  (10 iters, popsize=32, sigma=0.160)
    [parallel] 10 worker threads, one renderer clone each
    ↑ new global best IoU 0.591  [final refinement]
[staged] Final done — IoU: 0.591  ✓
[staged] FD refinement — 5 Adam steps  (180 renders, lr=0.01, ε=0.02)
    ↑ new global best IoU 0.607  [FD refinement]
[staged] FD done — IoU: 0.607  (Δ=+0.015)  ✓
[staged] Done — final IoU: 0.607  loss: 0.3939
[staged] Popsize: per-robot phases=32  final=32  (theory optimum for 6 DOF = 10)

[staged] Hungarian pre-assignment  (3×3 cost matrix, 8 samples/entry = 72 renders)...
[staged]   robot_a → zone 1  robot_b → zone 0  robot_c → zone 2

[staged] Phase 1 — forward greedy  (8 iters × 3 robot(s), sigma=0.40×1.00, popsize=32)
[staged]   Ph1 robot a  zone 1  (uncovered: 20% of target)
    voronoi warm-start: IoU 0.100 → 0.237 ✓
    [parallel] 10 worker threads, one renderer clone each
    init sampling: best coverage score 0.0px of uncovered area  (2 samples)
[staged]   → robot a: IoU 0.100 → 0.379  ✓
    ↑ new global best IoU 0.379  [phase Ph1 robot a]
[staged]   Ph1 robot b  zone 0  (uncovered: 10% of target)
    voronoi warm-start: IoU 0.379 → 0.390 ✓
    [parallel] 10 worker threads, one renderer clone each
    init sampling: best coverage score 0.0px of uncovered area  (2 samples)
[staged]   → robot b: IoU 0.379 → 0.480  ✓
    ↑ new global best IoU 0.480  [phase Ph1 robot b]
[staged]   Ph1 robot c  zone 2  (uncovered: 21% of target)
    voronoi warm-start: IoU 0.465 ≤ 0.480, kept current
    [parallel] 10 worker threads, one renderer clone each
    init sampling: best coverage score 143.0px of uncovered area  (4 samples)
[staged]   → robot c: IoU 0.480 → 0.556  ✓
    ↑ new global best IoU 0.556  [phase Ph1 robot c]
[staged] Phase 1 done — composite IoU: 0.556

[staged] Phase 2 — backward pass  (8 iters × 3 robots, sigma=0.300)
[staged]   contributions before Phase 2:
[staged]     robot a: +0.085 IoU
[staged]     robot b: +0.135 IoU
[staged]     robot c: +0.076 IoU
[staged]   Ph2 robot c  zone 2  (uncovered: 36% of target)
    [parallel] 10 worker threads, one renderer clone each
    init sampling: best coverage score 233.0px of uncovered area  (4 samples)
[staged]   → robot c: candidate 0.528 < current 0.556  ✗ rejected
[staged]   Ph2 robot b  zone 0  (uncovered: 44% of target)
    [parallel] 10 worker threads, one renderer clone each
    init sampling: best coverage score 350.0px of uncovered area  (4 samples)
[staged]   → robot b: candidate 0.545 < current 0.556  ✗ rejected
[staged]   Ph2 robot a  zone 1  (uncovered: 42% of target)
    [parallel] 10 worker threads, one renderer clone each
    init sampling: best coverage score 543.0px of uncovered area  (4 samples)
[staged]   → robot a: IoU 0.556 → 0.609  ✓
    ↑ new global best IoU 0.609  [phase Ph2 robot a]
[staged] Phase 2 done — composite IoU: 0.609

[staged] Best snapshot: Phase 2  IoU=0.609
[staged] Final refinement — all joints  (10 iters, popsize=32, sigma=0.160)
    [parallel] 10 worker threads, one renderer clone each
    ↑ new global best IoU 0.616  [final refinement]
[staged] Final done — IoU: 0.616  ✓
[staged] FD refinement — 5 Adam steps  (180 renders, lr=0.01, ε=0.02)
    ↑ new global best IoU 0.656  [FD refinement]
[staged] FD done — IoU: 0.656  (Δ=+0.040)  ✓
[staged] Done — final IoU: 0.656  loss: 0.3452
[staged] Popsize: per-robot phases=32  final=32  (theory optimum for 6 DOF = 10)

[staged] Hungarian pre-assignment  (3×3 cost matrix, 8 samples/entry = 72 renders)...
[staged]   robot_a → zone 1  robot_b → zone 0  robot_c → zone 2

[staged] Phase 1 — forward greedy  (8 iters × 3 robot(s), sigma=0.40×1.00, popsize=32)
[staged]   Ph1 robot a  zone 1  (uncovered: 20% of target)
    voronoi warm-start: IoU 0.100 → 0.237 ✓
    [parallel] 10 worker threads, one renderer clone each
    init sampling: best coverage score 0.0px of uncovered area  (2 samples)
[staged]   → robot a: IoU 0.100 → 0.446  ✓
    ↑ new global best IoU 0.446  [phase Ph1 robot a]
[staged]   Ph1 robot b  zone 0  (uncovered: 11% of target)
    voronoi warm-start: IoU 0.443 ≤ 0.446, kept current
    [parallel] 10 worker threads, one renderer clone each
    init sampling: best coverage score 87.0px of uncovered area  (4 samples)
[staged]   → robot b: IoU 0.446 → 0.530  ✓
    ↑ new global best IoU 0.530  [phase Ph1 robot b]
[staged]   Ph1 robot c  zone 2  (uncovered: 16% of target)
    voronoi warm-start: IoU 0.530 → 0.546 ✓
    [parallel] 10 worker threads, one renderer clone each
    init sampling: best coverage score 37.0px of uncovered area  (2 samples)
[staged]   → robot c: IoU 0.530 → 0.601  ✓
    ↑ new global best IoU 0.601  [phase Ph1 robot c]
[staged] Phase 1 done — composite IoU: 0.601

[staged] Phase 2 — backward pass  (8 iters × 3 robots, sigma=0.300)
[staged]   contributions before Phase 2:
[staged]     robot a: +0.190 IoU
[staged]     robot b: +0.112 IoU
[staged]     robot c: +0.070 IoU
[staged]   Ph2 robot c  zone 2  (uncovered: 35% of target)
    [parallel] 10 worker threads, one renderer clone each
    init sampling: best coverage score 248.0px of uncovered area  (4 samples)
[staged]   → robot c: candidate 0.565 < current 0.601  ✗ rejected
[staged]   Ph2 robot b  zone 0  (uncovered: 41% of target)
    [parallel] 10 worker threads, one renderer clone each
    init sampling: best coverage score 184.0px of uncovered area  (4 samples)
[staged]   → robot b: candidate 0.598 < current 0.601  ✗ rejected
[staged]   Ph2 robot a  zone 1  (uncovered: 49% of target)
    [parallel] 10 worker threads, one renderer clone each
    init sampling: best coverage score 662.0px of uncovered area  (4 samples)
[staged]   → robot a: candidate 0.549 < current 0.601  ✗ rejected
[staged] Phase 2 done — composite IoU: 0.601

[staged] Best snapshot: Phase 1  IoU=0.601
[staged] Final refinement — all joints  (10 iters, popsize=32, sigma=0.160)
    [parallel] 10 worker threads, one renderer clone each
    ↑ new global best IoU 0.626  [final refinement]
[staged] Final done — IoU: 0.626  ✓
[staged] FD refinement — 5 Adam steps  (180 renders, lr=0.01, ε=0.02)
    ↑ new global best IoU 0.630  [FD refinement]
[staged] FD done — IoU: 0.630  (Δ=+0.004)  ✓
[staged] Done — final IoU: 0.630  loss: 0.3705
[staged] Popsize: per-robot phases=32  final=32  (theory optimum for 6 DOF = 10)

[staged] Hungarian pre-assignment  (3×3 cost matrix, 8 samples/entry = 72 renders)...
[staged]   robot_a → zone 2  robot_b → zone 1  robot_c → zone 0

[staged] Phase 1 — forward greedy  (8 iters × 3 robot(s), sigma=0.40×1.00, popsize=32)
[staged]   Ph1 robot a  zone 2  (uncovered: 44% of target)
    voronoi warm-start: IoU 0.100 → 0.239 ✓
    [parallel] 10 worker threads, one renderer clone each
    init sampling: best coverage score 0.0px of uncovered area  (2 samples)
[staged]   → robot a: IoU 0.100 → 0.422  ✓
    ↑ new global best IoU 0.422  [phase Ph1 robot a]
[staged]   Ph1 robot b  zone 1  (uncovered: 18% of target)
    voronoi warm-start: IoU 0.419 ≤ 0.422, kept current
    [parallel] 10 worker threads, one renderer clone each
    init sampling: best coverage score 249.0px of uncovered area  (4 samples)
[staged]   → robot b: IoU 0.422 → 0.512  ✓
    ↑ new global best IoU 0.512  [phase Ph1 robot b]
[staged]   Ph1 robot c  zone 0  (uncovered: 7% of target)
    voronoi warm-start: IoU 0.494 ≤ 0.512, kept current
    [parallel] 10 worker threads, one renderer clone each
    init sampling: best coverage score 168.0px of uncovered area  (4 samples)
[staged]   → robot c: IoU 0.512 → 0.597  ✓
    ↑ new global best IoU 0.597  [phase Ph1 robot c]
[staged] Phase 1 done — composite IoU: 0.597

[staged] Phase 2 — backward pass  (8 iters × 3 robots, sigma=0.300)
[staged]   contributions before Phase 2:
[staged]     robot a: +0.231 IoU
[staged]     robot b: +0.131 IoU
[staged]     robot c: +0.085 IoU
[staged]   Ph2 robot c  zone 0  (uncovered: 34% of target)
    [parallel] 10 worker threads, one renderer clone each
    init sampling: best coverage score 276.0px of uncovered area  (4 samples)
[staged]   → robot c: IoU 0.597 → 0.599  ✓
    ↑ new global best IoU 0.599  [phase Ph2 robot c]
[staged]   Ph2 robot b  zone 1  (uncovered: 40% of target)
    [parallel] 10 worker threads, one renderer clone each
    init sampling: best coverage score 278.0px of uncovered area  (4 samples)
[staged]   → robot b: candidate 0.568 < current 0.599  ✗ rejected
[staged]   Ph2 robot a  zone 2  (uncovered: 57% of target)
    [parallel] 10 worker threads, one renderer clone each
    init sampling: best coverage score 441.0px of uncovered area  (4 samples)
[staged]   → robot a: IoU 0.599 → 0.667  ✓
    ↑ new global best IoU 0.667  [phase Ph2 robot a]
[staged] Phase 2 done — composite IoU: 0.667

[staged] Best snapshot: Phase 2  IoU=0.667
[staged] Final refinement — all joints  (10 iters, popsize=32, sigma=0.160)
    [parallel] 10 worker threads, one renderer clone each
    ↑ new global best IoU 0.668  [final refinement]
[staged] Final done — IoU: 0.668  ✓
[staged] FD refinement — 5 Adam steps  (180 renders, lr=0.01, ε=0.02)
    ↑ new global best IoU 0.698  [FD refinement]
[staged] FD done — IoU: 0.698  (Δ=+0.030)  ✓
[staged] Done — final IoU: 0.698  loss: 0.3026
[staged] Popsize: per-robot phases=32  final=32  (theory optimum for 6 DOF = 10)

[staged] Hungarian pre-assignment  (3×3 cost matrix, 8 samples/entry = 72 renders)...
[staged]   robot_a → zone 2  robot_b → zone 0  robot_c → zone 1

[staged] Phase 1 — forward greedy  (8 iters × 3 robot(s), sigma=0.40×1.00, popsize=32)
[staged]   Ph1 robot a  zone 2  (uncovered: 31% of target)
    voronoi warm-start: IoU 0.100 → 0.241 ✓
    [parallel] 10 worker threads, one renderer clone each
    init sampling: best coverage score 723.0px of uncovered area  (2 samples)
[staged]   → robot a: IoU 0.100 → 0.506  ✓
    ↑ new global best IoU 0.506  [phase Ph1 robot a]
[staged]   Ph1 robot b  zone 0  (uncovered: 12% of target)
    voronoi warm-start: IoU 0.488 ≤ 0.506, kept current
    [parallel] 10 worker threads, one renderer clone each
    init sampling: best coverage score 21.0px of uncovered area  (4 samples)
[staged]   → robot b: IoU 0.506 → 0.553  ✓
    ↑ new global best IoU 0.553  [phase Ph1 robot b]
[staged]   Ph1 robot c  zone 1  (uncovered: 17% of target)
    voronoi warm-start: IoU 0.536 ≤ 0.553, kept current
    [parallel] 10 worker threads, one renderer clone each
    init sampling: best coverage score 173.0px of uncovered area  (4 samples)
[staged]   → robot c: IoU 0.553 → 0.621  ✓
    ↑ new global best IoU 0.621  [phase Ph1 robot c]
[staged] Phase 1 done — composite IoU: 0.621

[staged] Phase 2 — backward pass  (8 iters × 3 robots, sigma=0.300)
[staged]   contributions before Phase 2:
[staged]     robot a: +0.259 IoU
[staged]     robot b: +0.084 IoU
[staged]     robot c: +0.068 IoU
[staged]   Ph2 robot c  zone 1  (uncovered: 31% of target)
    [parallel] 10 worker threads, one renderer clone each
    init sampling: best coverage score 75.0px of uncovered area  (4 samples)
[staged]   → robot c: IoU 0.621 → 0.658  ✓
    ↑ new global best IoU 0.658  [phase Ph2 robot c]
[staged]   Ph2 robot b  zone 0  (uncovered: 30% of target)
    [parallel] 10 worker threads, one renderer clone each
    init sampling: best coverage score 227.0px of uncovered area  (4 samples)
[staged]   → robot b: candidate 0.596 < current 0.658  ✗ rejected
[staged]   Ph2 robot a  zone 2  (uncovered: 47% of target)
    [parallel] 10 worker threads, one renderer clone each
    init sampling: best coverage score 569.0px of uncovered area  (4 samples)
[staged]   → robot a: candidate 0.645 < current 0.658  ✗ rejected
[staged] Phase 2 done — composite IoU: 0.658

[staged] Best snapshot: Phase 2  IoU=0.658
[staged] Final refinement — all joints  (10 iters, popsize=32, sigma=0.160)
    [parallel] 10 worker threads, one renderer clone each
    ↑ new global best IoU 0.679  [final refinement]
[staged] Final done — IoU: 0.679  ✓
[staged] FD refinement — 5 Adam steps  (180 renders, lr=0.01, ε=0.02)
    ↑ new global best IoU 0.688  [FD refinement]
[staged] FD done — IoU: 0.688  (Δ=+0.009)  ✓
[staged] Done — final IoU: 0.688  loss: 0.3129
[shard 0] 6/10 digits/2_dejavusans-bold  best=0.698 mean=0.656±0.034  87s  eta 0.1h
[staged] Popsize: per-robot phases=32  final=32  (theory optimum for 6 DOF = 10)

[staged] Hungarian pre-assignment  (3×3 cost matrix, 8 samples/entry = 72 renders)...
[staged]   robot_a → zone 2  robot_b → zone 1  robot_c → zone 0

[staged] Phase 1 — forward greedy  (8 iters × 3 robot(s), sigma=0.40×1.00, popsize=32)
[staged]   Ph1 robot a  zone 2  (uncovered: 14% of target)
    voronoi warm-start: IoU 0.063 → 0.077 ✓
    [parallel] 10 worker threads, one renderer clone each
    init sampling: best coverage score 204.0px of uncovered area  (2 samples)
[staged]   → robot a: IoU 0.063 → 0.275  ✓
    ↑ new global best IoU 0.275  [phase Ph1 robot a]
[staged]   Ph1 robot b  zone 1  (uncovered: 27% of target)
    voronoi warm-start: IoU 0.275 → 0.344 ✓
    [parallel] 10 worker threads, one renderer clone each
    init sampling: best coverage score 0.0px of uncovered area  (2 samples)
[staged]   → robot b: IoU 0.275 → 0.375  ✓
    ↑ new global best IoU 0.375  [phase Ph1 robot b]
[staged]   Ph1 robot c  zone 0  (uncovered: 24% of target)
    voronoi warm-start: IoU 0.375 → 0.392 ✓
    [parallel] 10 worker threads, one renderer clone each
    init sampling: best coverage score 3.0px of uncovered area  (2 samples)
[staged]   → robot c: IoU 0.375 → 0.484  ✓
    ↑ new global best IoU 0.484  [phase Ph1 robot c]
[staged] Phase 1 done — composite IoU: 0.484

[staged] Phase 2 — backward pass  (8 iters × 3 robots, sigma=0.300)
[staged]   contributions before Phase 2:
[staged]     robot a: +0.156 IoU
[staged]     robot b: +0.092 IoU
[staged]     robot c: +0.109 IoU
[staged]   Ph2 robot c  zone 0  (uncovered: 42% of target)
    [parallel] 10 worker threads, one renderer clone each
    init sampling: best coverage score 201.0px of uncovered area  (4 samples)
[staged]   → robot c: candidate 0.408 < current 0.484  ✗ rejected
[staged]   Ph2 robot b  zone 1  (uncovered: 44% of target)
    [parallel] 10 worker threads, one renderer clone each
    init sampling: best coverage score 494.0px of uncovered area  (4 samples)
[staged]   → robot b: IoU 0.484 → 0.493  ✓
    ↑ new global best IoU 0.493  [phase Ph2 robot b]
[staged]   Ph2 robot a  zone 2  (uncovered: 47% of target)
    [parallel] 10 worker threads, one renderer clone each
    init sampling: best coverage score 270.0px of uncovered area  (4 samples)
[staged]   → robot a: IoU 0.493 → 0.503  ✓
    ↑ new global best IoU 0.503  [phase Ph2 robot a]
[staged] Phase 2 done — composite IoU: 0.503

[staged] Best snapshot: Phase 2  IoU=0.503
[staged] Final refinement — all joints  (10 iters, popsize=32, sigma=0.160)
    [parallel] 10 worker threads, one renderer clone each
    ↑ new global best IoU 0.520  [final refinement]
[staged] Final done — IoU: 0.520  ✓
[staged] FD refinement — 5 Adam steps  (180 renders, lr=0.01, ε=0.02)
    ↑ new global best IoU 0.534  [FD refinement]
[staged] FD done — IoU: 0.534  (Δ=+0.014)  ✓
[staged] Done — final IoU: 0.534  loss: 0.4669
[staged] Popsize: per-robot phases=32  final=32  (theory optimum for 6 DOF = 10)

[staged] Hungarian pre-assignment  (3×3 cost matrix, 8 samples/entry = 72 renders)...
[staged]   robot_a → zone 2  robot_b → zone 0  robot_c → zone 1

[staged] Phase 1 — forward greedy  (8 iters × 3 robot(s), sigma=0.40×1.00, popsize=32)
[staged]   Ph1 robot a  zone 2  (uncovered: 20% of target)
    voronoi warm-start: IoU 0.063 → 0.077 ✓
    [parallel] 10 worker threads, one renderer clone each
    init sampling: best coverage score 186.0px of uncovered area  (2 samples)
[staged]   → robot a: IoU 0.063 → 0.400  ✓
    ↑ new global best IoU 0.400  [phase Ph1 robot a]
[staged]   Ph1 robot b  zone 0  (uncovered: 11% of target)
    voronoi warm-start: IoU 0.400 → 0.439 ✓
    [parallel] 10 worker threads, one renderer clone each
    init sampling: best coverage score 0.0px of uncovered area  (2 samples)
[staged]   → robot b: IoU 0.400 → 0.528  ✓
    ↑ new global best IoU 0.528  [phase Ph1 robot b]
[staged]   Ph1 robot c  zone 1  (uncovered: 14% of target)
    voronoi warm-start: IoU 0.512 ≤ 0.528, kept current
    [parallel] 10 worker threads, one renderer clone each
    init sampling: best coverage score 39.0px of uncovered area  (4 samples)
[staged]   → robot c: IoU 0.528 → 0.591  ✓
    ↑ new global best IoU 0.591  [phase Ph1 robot c]
[staged] Phase 1 done — composite IoU: 0.591

[staged] Phase 2 — backward pass  (8 iters × 3 robots, sigma=0.300)
[staged]   contributions before Phase 2:
[staged]     robot a: +0.267 IoU
[staged]     robot b: +0.133 IoU
[staged]     robot c: +0.063 IoU
[staged]   Ph2 robot c  zone 1  (uncovered: 26% of target)
    [parallel] 10 worker threads, one renderer clone each
    init sampling: best coverage score 272.0px of uncovered area  (4 samples)
[staged]   → robot c: IoU 0.591 → 0.605  ✓
    ↑ new global best IoU 0.605  [phase Ph2 robot c]
[staged]   Ph2 robot b  zone 0  (uncovered: 32% of target)
    [parallel] 10 worker threads, one renderer clone each
    init sampling: best coverage score 454.0px of uncovered area  (4 samples)
[staged]   → robot b: candidate 0.584 < current 0.605  ✗ rejected
[staged]   Ph2 robot a  zone 2  (uncovered: 54% of target)
    [parallel] 10 worker threads, one renderer clone each
    init sampling: best coverage score 342.0px of uncovered area  (4 samples)
[staged]   → robot a: candidate 0.603 < current 0.605  ✗ rejected
[staged] Phase 2 done — composite IoU: 0.605

[staged] Best snapshot: Phase 2  IoU=0.605
[staged] Final refinement — all joints  (10 iters, popsize=32, sigma=0.160)
    [parallel] 10 worker threads, one renderer clone each
    ↑ new global best IoU 0.608  [final refinement]
[staged] Final done — IoU: 0.608  ✓
[staged] FD refinement — 5 Adam steps  (180 renders, lr=0.01, ε=0.02)
    ↑ new global best IoU 0.626  [FD refinement]
[staged] FD done — IoU: 0.626  (Δ=+0.018)  ✓
[staged] Done — final IoU: 0.626  loss: 0.3757
[staged] Popsize: per-robot phases=32  final=32  (theory optimum for 6 DOF = 10)

[staged] Hungarian pre-assignment  (3×3 cost matrix, 8 samples/entry = 72 renders)...
[staged]   robot_a → zone 0  robot_b → zone 2  robot_c → zone 1

[staged] Phase 1 — forward greedy  (8 iters × 3 robot(s), sigma=0.40×1.00, popsize=32)
[staged]   Ph1 robot a  zone 0  (uncovered: 20% of target)
    voronoi warm-start: IoU 0.063 → 0.077 ✓
    [parallel] 10 worker threads, one renderer clone each
    init sampling: best coverage score 197.0px of uncovered area  (2 samples)
[staged]   → robot a: IoU 0.063 → 0.307  ✓
    ↑ new global best IoU 0.307  [phase Ph1 robot a]
[staged]   Ph1 robot b  zone 2  (uncovered: 22% of target)
    voronoi warm-start: IoU 0.307 → 0.387 ✓
    [parallel] 10 worker threads, one renderer clone each
    init sampling: best coverage score 0.0px of uncovered area  (2 samples)
[staged]   → robot b: IoU 0.307 → 0.364  ✓
    ↑ new global best IoU 0.364  [phase Ph1 robot b]
[staged]   Ph1 robot c  zone 1  (uncovered: 23% of target)
    voronoi warm-start: IoU 0.357 ≤ 0.364, kept current
    [parallel] 10 worker threads, one renderer clone each
    init sampling: best coverage score 221.0px of uncovered area  (4 samples)
[staged]   → robot c: IoU 0.364 → 0.488  ✓
    ↑ new global best IoU 0.488  [phase Ph1 robot c]
[staged] Phase 1 done — composite IoU: 0.488

[staged] Phase 2 — backward pass  (8 iters × 3 robots, sigma=0.300)
[staged]   contributions before Phase 2:
[staged]     robot a: +0.190 IoU
[staged]     robot b: +0.042 IoU  ← low
[staged]     robot c: +0.124 IoU
[staged]   Ph2 robot c  zone 1  (uncovered: 50% of target)
    [parallel] 10 worker threads, one renderer clone each
    init sampling: best coverage score 577.0px of uncovered area  (4 samples)
[staged]   → robot c: candidate 0.454 < current 0.488  ✗ rejected
[staged]   Ph2 robot b  zone 2  (uncovered: 38% of target)
    [parallel] 10 worker threads, one renderer clone each
    init sampling: best coverage score 514.0px of uncovered area  (4 samples)
[staged]   → robot b: IoU 0.488 → 0.552  ✓
    ↑ new global best IoU 0.552  [phase Ph2 robot b]
[staged]   Ph2 robot a  zone 0  (uncovered: 38% of target)
    [parallel] 10 worker threads, one renderer clone each
    init sampling: best coverage score 432.0px of uncovered area  (4 samples)
[staged]   → robot a: IoU 0.552 → 0.602  ✓
    ↑ new global best IoU 0.602  [phase Ph2 robot a]
[staged] Phase 2 done — composite IoU: 0.602

[staged] Best snapshot: Phase 2  IoU=0.602
[staged] Final refinement — all joints  (10 iters, popsize=32, sigma=0.160)
    [parallel] 10 worker threads, one renderer clone each
[staged] Final done — IoU: 0.602  ✓
[staged] FD refinement — 5 Adam steps  (180 renders, lr=0.01, ε=0.02)
    ↑ new global best IoU 0.619  [FD refinement]
[staged] FD done — IoU: 0.619  (Δ=+0.017)  ✓
[staged] Done — final IoU: 0.619  loss: 0.3816
[staged] Popsize: per-robot phases=32  final=32  (theory optimum for 6 DOF = 10)

[staged] Hungarian pre-assignment  (3×3 cost matrix, 8 samples/entry = 72 renders)...
[staged]   robot_a → zone 2  robot_b → zone 0  robot_c → zone 1

[staged] Phase 1 — forward greedy  (8 iters × 3 robot(s), sigma=0.40×1.00, popsize=32)
[staged]   Ph1 robot a  zone 2  (uncovered: 41% of target)
    voronoi warm-start: IoU 0.063 → 0.189 ✓
    [parallel] 10 worker threads, one renderer clone each
    init sampling: best coverage score 0.0px of uncovered area  (2 samples)
[staged]   → robot a: IoU 0.063 → 0.405  ✓
    ↑ new global best IoU 0.405  [phase Ph1 robot a]
[staged]   Ph1 robot b  zone 0  (uncovered: 13% of target)
    voronoi warm-start: IoU 0.390 ≤ 0.405, kept current
    [parallel] 10 worker threads, one renderer clone each
    init sampling: best coverage score 132.0px of uncovered area  (4 samples)
[staged]   → robot b: IoU 0.405 → 0.491  ✓
    ↑ new global best IoU 0.491  [phase Ph1 robot b]
[staged]   Ph1 robot c  zone 1  (uncovered: 7% of target)
    voronoi warm-start: IoU 0.461 ≤ 0.491, kept current
    [parallel] 10 worker threads, one renderer clone each
    init sampling: best coverage score 83.0px of uncovered area  (4 samples)
[staged]   → robot c: IoU 0.491 → 0.547  ✓
    ↑ new global best IoU 0.547  [phase Ph1 robot c]
[staged] Phase 1 done — composite IoU: 0.547

[staged] Phase 2 — backward pass  (8 iters × 3 robots, sigma=0.300)
[staged]   contributions before Phase 2:
[staged]     robot a: +0.267 IoU
[staged]     robot b: +0.126 IoU
[staged]     robot c: +0.057 IoU
[staged]   Ph2 robot c  zone 1  (uncovered: 31% of target)
    [parallel] 10 worker threads, one renderer clone each
    init sampling: best coverage score 224.0px of uncovered area  (4 samples)
[staged]   → robot c: IoU 0.547 → 0.588  ✓
    ↑ new global best IoU 0.588  [phase Ph2 robot c]
[staged]   Ph2 robot b  zone 0  (uncovered: 39% of target)
    [parallel] 10 worker threads, one renderer clone each
    init sampling: best coverage score 631.0px of uncovered area  (4 samples)
[staged]   → robot b: candidate 0.585 < current 0.588  ✗ rejected
[staged]   Ph2 robot a  zone 2  (uncovered: 46% of target)
    [parallel] 10 worker threads, one renderer clone each
    init sampling: best coverage score 224.0px of uncovered area  (4 samples)
[staged]   → robot a: candidate 0.552 < current 0.588  ✗ rejected
[staged] Phase 2 done — composite IoU: 0.588

[staged] Best snapshot: Phase 2  IoU=0.588
[staged] Final refinement — all joints  (10 iters, popsize=32, sigma=0.160)
    [parallel] 10 worker threads, one renderer clone each
    ↑ new global best IoU 0.625  [final refinement]
[staged] Final done — IoU: 0.625  ✓
[staged] FD refinement — 5 Adam steps  (180 renders, lr=0.01, ε=0.02)
    ↑ new global best IoU 0.638  [FD refinement]
[staged] FD done — IoU: 0.638  (Δ=+0.013)  ✓
[staged] Done — final IoU: 0.638  loss: 0.3637
[staged] Popsize: per-robot phases=32  final=32  (theory optimum for 6 DOF = 10)

[staged] Hungarian pre-assignment  (3×3 cost matrix, 8 samples/entry = 72 renders)...
[staged]   robot_a → zone 0  robot_b → zone 2  robot_c → zone 1

[staged] Phase 1 — forward greedy  (8 iters × 3 robot(s), sigma=0.40×1.00, popsize=32)
[staged]   Ph1 robot a  zone 0  (uncovered: 32% of target)
    voronoi warm-start: IoU 0.063 → 0.188 ✓
    [parallel] 10 worker threads, one renderer clone each
    init sampling: best coverage score 102.0px of uncovered area  (2 samples)
[staged]   → robot a: IoU 0.063 → 0.446  ✓
    ↑ new global best IoU 0.446  [phase Ph1 robot a]
[staged]   Ph1 robot b  zone 2  (uncovered: 7% of target)
    voronoi warm-start: IoU 0.446 → 0.498 ✓
    [parallel] 10 worker threads, one renderer clone each
    init sampling: best coverage score 74.0px of uncovered area  (2 samples)
[staged]   → robot b: IoU 0.446 → 0.560  ✓
    ↑ new global best IoU 0.560  [phase Ph1 robot b]
[staged]   Ph1 robot c  zone 1  (uncovered: 7% of target)
    voronoi warm-start: IoU 0.523 ≤ 0.560, kept current
    [parallel] 10 worker threads, one renderer clone each
    init sampling: best coverage score 94.0px of uncovered area  (4 samples)
[staged]   → robot c: IoU 0.560 → 0.625  ✓
    ↑ new global best IoU 0.625  [phase Ph1 robot c]
[staged] Phase 1 done — composite IoU: 0.625

[staged] Phase 2 — backward pass  (8 iters × 3 robots, sigma=0.300)
[staged]   contributions before Phase 2:
[staged]     robot a: +0.200 IoU
[staged]     robot b: +0.108 IoU
[staged]     robot c: +0.065 IoU
[staged]   Ph2 robot c  zone 1  (uncovered: 32% of target)
    [parallel] 10 worker threads, one renderer clone each
    init sampling: best coverage score 69.0px of uncovered area  (4 samples)
[staged]   → robot c: IoU 0.625 → 0.636  ✓
    ↑ new global best IoU 0.636  [phase Ph2 robot c]
[staged]   Ph2 robot b  zone 2  (uncovered: 39% of target)
    [parallel] 10 worker threads, one renderer clone each
    init sampling: best coverage score 508.0px of uncovered area  (4 samples)
[staged]   → robot b: candidate 0.617 < current 0.636  ✗ rejected
[staged]   Ph2 robot a  zone 0  (uncovered: 46% of target)
    [parallel] 10 worker threads, one renderer clone each
    init sampling: best coverage score 670.0px of uncovered area  (4 samples)
[staged]   → robot a: candidate 0.563 < current 0.636  ✗ rejected
[staged] Phase 2 done — composite IoU: 0.636

[staged] Best snapshot: Phase 2  IoU=0.636
[staged] Final refinement — all joints  (10 iters, popsize=32, sigma=0.160)
    [parallel] 10 worker threads, one renderer clone each
[staged] Final done — IoU: 0.636  ✓
[staged] FD refinement — 5 Adam steps  (180 renders, lr=0.01, ε=0.02)
    ↑ new global best IoU 0.655  [FD refinement]
[staged] FD done — IoU: 0.655  (Δ=+0.019)  ✓
[staged] Done — final IoU: 0.655  loss: 0.3457
[shard 0] 7/10 digits/3_dejavusans-bold  best=0.655 mean=0.614±0.042  88s  eta 0.1h
[staged] Popsize: per-robot phases=32  final=32  (theory optimum for 6 DOF = 10)

[staged] Hungarian pre-assignment  (3×3 cost matrix, 8 samples/entry = 72 renders)...
[staged]   robot_a → zone 0  robot_b → zone 1  robot_c → zone 2

[staged] Phase 1 — forward greedy  (8 iters × 3 robot(s), sigma=0.40×1.00, popsize=32)
[staged]   Ph1 robot a  zone 0  (uncovered: 36% of target)
    voronoi warm-start: IoU 0.105 → 0.157 ✓
    [parallel] 10 worker threads, one renderer clone each
    init sampling: best coverage score 32.0px of uncovered area  (2 samples)
[staged]   → robot a: IoU 0.105 → 0.298  ✓
    ↑ new global best IoU 0.298  [phase Ph1 robot a]
[staged]   Ph1 robot b  zone 1  (uncovered: 20% of target)
    voronoi warm-start: IoU 0.298 → 0.302 ✓
    [parallel] 10 worker threads, one renderer clone each
    init sampling: best coverage score 0.0px of uncovered area  (2 samples)
[staged]   → robot b: IoU 0.298 → 0.394  ✓
    ↑ new global best IoU 0.394  [phase Ph1 robot b]
[staged]   Ph1 robot c  zone 2  (uncovered: 11% of target)
    voronoi warm-start: IoU 0.394 → 0.419 ✓
    [parallel] 10 worker threads, one renderer clone each
    init sampling: best coverage score 220.0px of uncovered area  (2 samples)
[staged]   → robot c: IoU 0.394 → 0.463  ✓
    ↑ new global best IoU 0.463  [phase Ph1 robot c]
[staged] Phase 1 done — composite IoU: 0.463

[staged] Phase 2 — backward pass  (8 iters × 3 robots, sigma=0.300)
[staged]   contributions before Phase 2:
[staged]     robot a: +0.080 IoU
[staged]     robot b: +0.102 IoU
[staged]     robot c: +0.069 IoU
[staged]   Ph2 robot c  zone 2  (uncovered: 43% of target)
    [parallel] 10 worker threads, one renderer clone each
    init sampling: best coverage score 102.0px of uncovered area  (4 samples)
[staged]   → robot c: IoU 0.463 → 0.490  ✓
    ↑ new global best IoU 0.490  [phase Ph2 robot c]
[staged]   Ph2 robot b  zone 1  (uncovered: 47% of target)
    [parallel] 10 worker threads, one renderer clone each
    init sampling: best coverage score 576.0px of uncovered area  (4 samples)
[staged]   → robot b: IoU 0.490 → 0.491  ✓
    ↑ new global best IoU 0.491  [phase Ph2 robot b]
[staged]   Ph2 robot a  zone 0  (uncovered: 49% of target)
    [parallel] 10 worker threads, one renderer clone each
    init sampling: best coverage score 278.0px of uncovered area  (4 samples)
[staged]   → robot a: IoU 0.491 → 0.505  ✓
    ↑ new global best IoU 0.505  [phase Ph2 robot a]
[staged] Phase 2 done — composite IoU: 0.505

[staged] Best snapshot: Phase 2  IoU=0.505
[staged] Final refinement — all joints  (10 iters, popsize=32, sigma=0.160)
    [parallel] 10 worker threads, one renderer clone each
    ↑ new global best IoU 0.567  [final refinement]
[staged] Final done — IoU: 0.567  ✓
[staged] FD refinement — 5 Adam steps  (180 renders, lr=0.01, ε=0.02)
    ↑ new global best IoU 0.583  [FD refinement]
[staged] FD done — IoU: 0.583  (Δ=+0.017)  ✓
[staged] Done — final IoU: 0.583  loss: 0.4183
[staged] Popsize: per-robot phases=32  final=32  (theory optimum for 6 DOF = 10)

[staged] Hungarian pre-assignment  (3×3 cost matrix, 8 samples/entry = 72 renders)...
[staged]   robot_a → zone 2  robot_b → zone 1  robot_c → zone 0

[staged] Phase 1 — forward greedy  (8 iters × 3 robot(s), sigma=0.40×1.00, popsize=32)
[staged]   Ph1 robot a  zone 2  (uncovered: 36% of target)
    voronoi warm-start: IoU 0.105 → 0.157 ✓
    [parallel] 10 worker threads, one renderer clone each
    init sampling: best coverage score 48.0px of uncovered area  (2 samples)
[staged]   → robot a: IoU 0.105 → 0.437  ✓
    ↑ new global best IoU 0.437  [phase Ph1 robot a]
[staged]   Ph1 robot b  zone 1  (uncovered: 14% of target)
    voronoi warm-start: IoU 0.418 ≤ 0.437, kept current
    [parallel] 10 worker threads, one renderer clone each
    init sampling: best coverage score 0.0px of uncovered area  (4 samples)
[staged]   → robot b: IoU 0.437 → 0.521  ✓
    ↑ new global best IoU 0.521  [phase Ph1 robot b]
[staged]   Ph1 robot c  zone 0  (uncovered: 7% of target)
    voronoi warm-start: IoU 0.521 → 0.533 ✓
    [parallel] 10 worker threads, one renderer clone each
    init sampling: best coverage score 235.0px of uncovered area  (2 samples)
[staged]   → robot c: IoU 0.521 → 0.555  ✓
    ↑ new global best IoU 0.555  [phase Ph1 robot c]
[staged] Phase 1 done — composite IoU: 0.555

[staged] Phase 2 — backward pass  (8 iters × 3 robots, sigma=0.300)
[staged]   contributions before Phase 2:
[staged]     robot a: +0.309 IoU
[staged]     robot b: +0.059 IoU
[staged]     robot c: +0.034 IoU  ← low
[staged]   Ph2 robot c  zone 0  (uncovered: 32% of target)
    [parallel] 10 worker threads, one renderer clone each
    init sampling: best coverage score 253.0px of uncovered area  (4 samples)
[staged]   → robot c: IoU 0.555 → 0.565  ✓
    ↑ new global best IoU 0.565  [phase Ph2 robot c]
[staged]   Ph2 robot b  zone 1  (uncovered: 43% of target)
    [parallel] 10 worker threads, one renderer clone each
    init sampling: best coverage score 266.0px of uncovered area  (4 samples)
[staged]   → robot b: candidate 0.556 < current 0.565  ✗ rejected
[staged]   Ph2 robot a  zone 2  (uncovered: 54% of target)
    [parallel] 10 worker threads, one renderer clone each
    init sampling: best coverage score 277.0px of uncovered area  (4 samples)
[staged]   → robot a: IoU 0.565 → 0.576  ✓
    ↑ new global best IoU 0.576  [phase Ph2 robot a]
[staged] Phase 2 done — composite IoU: 0.576

[staged] Best snapshot: Phase 2  IoU=0.576
[staged] Final refinement — all joints  (10 iters, popsize=32, sigma=0.160)
    [parallel] 10 worker threads, one renderer clone each
    ↑ new global best IoU 0.601  [final refinement]
[staged] Final done — IoU: 0.601  ✓
[staged] FD refinement — 5 Adam steps  (180 renders, lr=0.01, ε=0.02)
    ↑ new global best IoU 0.621  [FD refinement]
[staged] FD done — IoU: 0.621  (Δ=+0.020)  ✓
[staged] Done — final IoU: 0.621  loss: 0.3805
[staged] Popsize: per-robot phases=32  final=32  (theory optimum for 6 DOF = 10)

[staged] Hungarian pre-assignment  (3×3 cost matrix, 8 samples/entry = 72 renders)...
[staged]   robot_a → zone 1  robot_b → zone 2  robot_c → zone 0

[staged] Phase 1 — forward greedy  (8 iters × 3 robot(s), sigma=0.40×1.00, popsize=32)
[staged]   Ph1 robot a  zone 1  (uncovered: 37% of target)
    voronoi warm-start: IoU 0.105 → 0.182 ✓
    [parallel] 10 worker threads, one renderer clone each
    init sampling: best coverage score 0.0px of uncovered area  (2 samples)
[staged]   → robot a: IoU 0.105 → 0.424  ✓
    ↑ new global best IoU 0.424  [phase Ph1 robot a]
[staged]   Ph1 robot b  zone 2  (uncovered: 17% of target)
    voronoi warm-start: IoU 0.424 → 0.424 ✓
    [parallel] 10 worker threads, one renderer clone each
    init sampling: best coverage score 273.0px of uncovered area  (2 samples)
[staged]   → robot b: IoU 0.424 → 0.524  ✓
    ↑ new global best IoU 0.524  [phase Ph1 robot b]
[staged]   Ph1 robot c  zone 0  (uncovered: 17% of target)
    voronoi warm-start: IoU 0.524 → 0.525 ✓
    [parallel] 10 worker threads, one renderer clone each
    init sampling: best coverage score 178.0px of uncovered area  (2 samples)
[staged]   → robot c: IoU 0.524 → 0.568  ✓
    ↑ new global best IoU 0.568  [phase Ph1 robot c]
[staged] Phase 1 done — composite IoU: 0.568

[staged] Phase 2 — backward pass  (8 iters × 3 robots, sigma=0.300)
[staged]   contributions before Phase 2:
[staged]     robot a: +0.192 IoU
[staged]     robot b: +0.108 IoU
[staged]     robot c: +0.044 IoU  ← low
[staged]   Ph2 robot c  zone 0  (uncovered: 36% of target)
    [parallel] 10 worker threads, one renderer clone each
    init sampling: best coverage score 303.0px of uncovered area  (4 samples)
[staged]   → robot c: IoU 0.568 → 0.571  ✓
    ↑ new global best IoU 0.571  [phase Ph2 robot c]
[staged]   Ph2 robot b  zone 2  (uncovered: 41% of target)
    [parallel] 10 worker threads, one renderer clone each
    init sampling: best coverage score 645.0px of uncovered area  (4 samples)
[staged]   → robot b: IoU 0.571 → 0.602  ✓
    ↑ new global best IoU 0.602  [phase Ph2 robot b]
[staged]   Ph2 robot a  zone 1  (uncovered: 54% of target)
    [parallel] 10 worker threads, one renderer clone each
    init sampling: best coverage score 583.0px of uncovered area  (4 samples)
[staged]   → robot a: IoU 0.602 → 0.604  ✓
    ↑ new global best IoU 0.604  [phase Ph2 robot a]
[staged] Phase 2 done — composite IoU: 0.604

[staged] Best snapshot: Phase 2  IoU=0.604
[staged] Final refinement — all joints  (10 iters, popsize=32, sigma=0.160)
    [parallel] 10 worker threads, one renderer clone each
    ↑ new global best IoU 0.614  [final refinement]
[staged] Final done — IoU: 0.614  ✓
[staged] FD refinement — 5 Adam steps  (180 renders, lr=0.01, ε=0.02)
    ↑ new global best IoU 0.629  [FD refinement]
[staged] FD done — IoU: 0.629  (Δ=+0.015)  ✓
[staged] Done — final IoU: 0.629  loss: 0.3723
[staged] Popsize: per-robot phases=32  final=32  (theory optimum for 6 DOF = 10)

[staged] Hungarian pre-assignment  (3×3 cost matrix, 8 samples/entry = 72 renders)...
[staged]   robot_a → zone 0  robot_b → zone 1  robot_c → zone 2

[staged] Phase 1 — forward greedy  (8 iters × 3 robot(s), sigma=0.40×1.00, popsize=32)
[staged]   Ph1 robot a  zone 0  (uncovered: 37% of target)
    voronoi warm-start: IoU 0.105 → 0.182 ✓
    [parallel] 10 worker threads, one renderer clone each
    init sampling: best coverage score 0.0px of uncovered area  (2 samples)
[staged]   → robot a: IoU 0.105 → 0.386  ✓
    ↑ new global best IoU 0.386  [phase Ph1 robot a]
[staged]   Ph1 robot b  zone 1  (uncovered: 16% of target)
    voronoi warm-start: IoU 0.386 → 0.391 ✓
    [parallel] 10 worker threads, one renderer clone each
    init sampling: best coverage score 143.0px of uncovered area  (2 samples)
[staged]   → robot b: IoU 0.386 → 0.486  ✓
    ↑ new global best IoU 0.486  [phase Ph1 robot b]
[staged]   Ph1 robot c  zone 2  (uncovered: 9% of target)
    voronoi warm-start: IoU 0.486 → 0.496 ✓
    [parallel] 10 worker threads, one renderer clone each
    init sampling: best coverage score 18.0px of uncovered area  (2 samples)
[staged]   → robot c: IoU 0.486 → 0.548  ✓
    ↑ new global best IoU 0.548  [phase Ph1 robot c]
[staged] Phase 1 done — composite IoU: 0.548

[staged] Phase 2 — backward pass  (8 iters × 3 robots, sigma=0.300)
[staged]   contributions before Phase 2:
[staged]     robot a: +0.307 IoU
[staged]     robot b: +0.104 IoU
[staged]     robot c: +0.061 IoU
[staged]   Ph2 robot c  zone 2  (uncovered: 38% of target)
    [parallel] 10 worker threads, one renderer clone each
    init sampling: best coverage score 159.0px of uncovered area  (4 samples)
[staged]   → robot c: candidate 0.533 < current 0.548  ✗ rejected
[staged]   Ph2 robot b  zone 1  (uncovered: 45% of target)
    [parallel] 10 worker threads, one renderer clone each
    init sampling: best coverage score 492.0px of uncovered area  (4 samples)
[staged]   → robot b: IoU 0.548 → 0.569  ✓
    ↑ new global best IoU 0.569  [phase Ph2 robot b]
[staged]   Ph2 robot a  zone 0  (uncovered: 68% of target)
    [parallel] 10 worker threads, one renderer clone each
    init sampling: best coverage score 453.0px of uncovered area  (4 samples)
[staged]   → robot a: IoU 0.569 → 0.578  ✓
    ↑ new global best IoU 0.578  [phase Ph2 robot a]
[staged] Phase 2 done — composite IoU: 0.578

[staged] Best snapshot: Phase 2  IoU=0.578
[staged] Final refinement — all joints  (10 iters, popsize=32, sigma=0.160)
    [parallel] 10 worker threads, one renderer clone each
    ↑ new global best IoU 0.583  [final refinement]
[staged] Final done — IoU: 0.583  ✓
[staged] FD refinement — 5 Adam steps  (180 renders, lr=0.01, ε=0.02)
    ↑ new global best IoU 0.593  [FD refinement]
[staged] FD done — IoU: 0.593  (Δ=+0.010)  ✓
[staged] Done — final IoU: 0.593  loss: 0.4080
[staged] Popsize: per-robot phases=32  final=32  (theory optimum for 6 DOF = 10)

[staged] Hungarian pre-assignment  (3×3 cost matrix, 8 samples/entry = 72 renders)...
[staged]   robot_a → zone 1  robot_b → zone 2  robot_c → zone 0

[staged] Phase 1 — forward greedy  (8 iters × 3 robot(s), sigma=0.40×1.00, popsize=32)
[staged]   Ph1 robot a  zone 1  (uncovered: 36% of target)
    voronoi warm-start: IoU 0.105 → 0.157 ✓
    [parallel] 10 worker threads, one renderer clone each
    init sampling: best coverage score 1127.0px of uncovered area  (2 samples)
[staged]   → robot a: IoU 0.105 → 0.478  ✓
    ↑ new global best IoU 0.478  [phase Ph1 robot a]
[staged]   Ph1 robot b  zone 2  (uncovered: 16% of target)
    voronoi warm-start: IoU 0.474 ≤ 0.478, kept current
    [parallel] 10 worker threads, one renderer clone each
    init sampling: best coverage score 274.0px of uncovered area  (4 samples)
[staged]   → robot b: IoU 0.478 → 0.562  ✓
    ↑ new global best IoU 0.562  [phase Ph1 robot b]
[staged]   Ph1 robot c  zone 0  (uncovered: 11% of target)
    voronoi warm-start: IoU 0.523 ≤ 0.562, kept current
    [parallel] 10 worker threads, one renderer clone each
    init sampling: best coverage score 61.0px of uncovered area  (4 samples)
[staged]   → robot c: IoU 0.562 → 0.611  ✓
    ↑ new global best IoU 0.611  [phase Ph1 robot c]
[staged] Phase 1 done — composite IoU: 0.611

[staged] Phase 2 — backward pass  (8 iters × 3 robots, sigma=0.300)
[staged]   contributions before Phase 2:
[staged]     robot a: +0.314 IoU
[staged]     robot b: +0.087 IoU
[staged]     robot c: +0.049 IoU  ← low
[staged]   Ph2 robot c  zone 0  (uncovered: 28% of target)
    [parallel] 10 worker threads, one renderer clone each
    init sampling: best coverage score 69.0px of uncovered area  (4 samples)
[staged]   → robot c: candidate 0.593 < current 0.611  ✗ rejected
[staged]   Ph2 robot b  zone 2  (uncovered: 37% of target)
    [parallel] 10 worker threads, one renderer clone each
    init sampling: best coverage score 462.0px of uncovered area  (4 samples)
[staged]   → robot b: candidate 0.611 < current 0.611  ✗ rejected
[staged]   Ph2 robot a  zone 1  (uncovered: 62% of target)
    [parallel] 10 worker threads, one renderer clone each
    init sampling: best coverage score 1480.0px of uncovered area  (4 samples)
[staged]   → robot a: candidate 0.579 < current 0.611  ✗ rejected
[staged] Phase 2 done — composite IoU: 0.611

[staged] Best snapshot: Phase 1  IoU=0.611
[staged] Final refinement — all joints  (10 iters, popsize=32, sigma=0.160)
    [parallel] 10 worker threads, one renderer clone each
    ↑ new global best IoU 0.629  [final refinement]
[staged] Final done — IoU: 0.629  ✓
[staged] FD refinement — 5 Adam steps  (180 renders, lr=0.01, ε=0.02)
    ↑ new global best IoU 0.646  [FD refinement]
[staged] FD done — IoU: 0.646  (Δ=+0.017)  ✓
[staged] Done — final IoU: 0.646  loss: 0.3552
[shard 0] 8/10 digits/4_dejavusans-bold  best=0.646 mean=0.615±0.023  87s  eta 0.0h
[staged] Popsize: per-robot phases=32  final=32  (theory optimum for 6 DOF = 10)

[staged] Hungarian pre-assignment  (3×3 cost matrix, 8 samples/entry = 72 renders)...
[staged]   robot_a → zone 1  robot_b → zone 0  robot_c → zone 2

[staged] Phase 1 — forward greedy  (8 iters × 3 robot(s), sigma=0.40×1.00, popsize=32)
[staged]   Ph1 robot a  zone 1  (uncovered: 22% of target)
    voronoi warm-start: IoU 0.038 → 0.233 ✓
    [parallel] 10 worker threads, one renderer clone each
    init sampling: best coverage score 0.0px of uncovered area  (2 samples)
[staged]   → robot a: IoU 0.038 → 0.464  ✓
    ↑ new global best IoU 0.464  [phase Ph1 robot a]
[staged]   Ph1 robot b  zone 0  (uncovered: 10% of target)
    voronoi warm-start: IoU 0.391 ≤ 0.464, kept current
    [parallel] 10 worker threads, one renderer clone each
    init sampling: best coverage score 0.0px of uncovered area  (4 samples)
[staged]   → robot b: IoU 0.464 → 0.520  ✓
    ↑ new global best IoU 0.520  [phase Ph1 robot b]
[staged]   Ph1 robot c  zone 2  (uncovered: 1% of target)
    voronoi warm-start: IoU 0.475 ≤ 0.520, kept current
    [parallel] 10 worker threads, one renderer clone each
    init sampling: best coverage score 10.0px of uncovered area  (4 samples)
[staged]   → robot c: IoU 0.520 → 0.554  ✓
    ↑ new global best IoU 0.554  [phase Ph1 robot c]
[staged] Phase 1 done — composite IoU: 0.554

[staged] Phase 2 — backward pass  (8 iters × 3 robots, sigma=0.300)
[staged]   contributions before Phase 2:
[staged]     robot a: +0.240 IoU
[staged]     robot b: +0.074 IoU
[staged]     robot c: +0.034 IoU  ← low
[staged]   Ph2 robot c  zone 2  (uncovered: 16% of target)
    [parallel] 10 worker threads, one renderer clone each
    init sampling: best coverage score 92.0px of uncovered area  (4 samples)
[staged]   → robot c: IoU 0.554 → 0.595  ✓
    ↑ new global best IoU 0.595  [phase Ph2 robot c]
[staged]   Ph2 robot b  zone 0  (uncovered: 21% of target)
    [parallel] 10 worker threads, one renderer clone each
    init sampling: best coverage score 380.0px of uncovered area  (4 samples)
[staged]   → robot b: IoU 0.595 → 0.638  ✓
    ↑ new global best IoU 0.638  [phase Ph2 robot b]
[staged]   Ph2 robot a  zone 1  (uncovered: 38% of target)
    [parallel] 10 worker threads, one renderer clone each
    init sampling: best coverage score 155.0px of uncovered area  (4 samples)
[staged]   → robot a: candidate 0.560 < current 0.638  ✗ rejected
[staged] Phase 2 done — composite IoU: 0.638

[staged] Best snapshot: Phase 2  IoU=0.638
[staged] Final refinement — all joints  (10 iters, popsize=32, sigma=0.160)
    [parallel] 10 worker threads, one renderer clone each
    ↑ new global best IoU 0.693  [final refinement]
[staged] Final done — IoU: 0.693  ✓
[staged] FD refinement — 5 Adam steps  (180 renders, lr=0.01, ε=0.02)
    ↑ new global best IoU 0.715  [FD refinement]
[staged] FD done — IoU: 0.715  (Δ=+0.022)  ✓
[staged] Done — final IoU: 0.715  loss: 0.2864
[staged] Popsize: per-robot phases=32  final=32  (theory optimum for 6 DOF = 10)

[staged] Hungarian pre-assignment  (3×3 cost matrix, 8 samples/entry = 72 renders)...
[staged]   robot_a → zone 2  robot_b → zone 1  robot_c → zone 0

[staged] Phase 1 — forward greedy  (8 iters × 3 robot(s), sigma=0.40×1.00, popsize=32)
[staged]   Ph1 robot a  zone 2  (uncovered: 32% of target)
    voronoi warm-start: IoU 0.038 → 0.179 ✓
    [parallel] 10 worker threads, one renderer clone each
    init sampling: best coverage score 350.0px of uncovered area  (2 samples)
[staged]   → robot a: IoU 0.038 → 0.460  ✓
    ↑ new global best IoU 0.460  [phase Ph1 robot a]
[staged]   Ph1 robot b  zone 1  (uncovered: 13% of target)
    voronoi warm-start: IoU 0.460 → 0.506 ✓
    [parallel] 10 worker threads, one renderer clone each
    init sampling: best coverage score 0.0px of uncovered area  (2 samples)
[staged]   → robot b: IoU 0.460 → 0.602  ✓
    ↑ new global best IoU 0.602  [phase Ph1 robot b]
[staged]   Ph1 robot c  zone 0  (uncovered: 15% of target)
    voronoi warm-start: IoU 0.547 ≤ 0.602, kept current
    [parallel] 10 worker threads, one renderer clone each
    init sampling: best coverage score 0.0px of uncovered area  (4 samples)
[staged]   → robot c: IoU 0.602 → 0.713  ✓
    ↑ new global best IoU 0.713  [phase Ph1 robot c]
[staged] Phase 1 done — composite IoU: 0.713

[staged] Phase 2 — backward pass  (8 iters × 3 robots, sigma=0.300)
[staged]   contributions before Phase 2:
[staged]     robot a: +0.282 IoU
[staged]     robot b: +0.175 IoU
[staged]     robot c: +0.111 IoU
[staged]   Ph2 robot c  zone 0  (uncovered: 24% of target)
    [parallel] 10 worker threads, one renderer clone each
    init sampling: best coverage score 203.0px of uncovered area  (4 samples)
[staged]   → robot c: IoU 0.713 → 0.714  ✓
    ↑ new global best IoU 0.714  [phase Ph2 robot c]
[staged]   Ph2 robot b  zone 1  (uncovered: 29% of target)
    [parallel] 10 worker threads, one renderer clone each
    init sampling: best coverage score 88.0px of uncovered area  (4 samples)
[staged]   → robot b: candidate 0.692 < current 0.714  ✗ rejected
[staged]   Ph2 robot a  zone 2  (uncovered: 43% of target)
    [parallel] 10 worker threads, one renderer clone each
    init sampling: best coverage score 642.0px of uncovered area  (4 samples)
[staged]   → robot a: IoU 0.714 → 0.728  ✓
    ↑ new global best IoU 0.728  [phase Ph2 robot a]
[staged] Phase 2 done — composite IoU: 0.728

[staged] Best snapshot: Phase 2  IoU=0.728
[staged] Final refinement — all joints  (10 iters, popsize=32, sigma=0.160)
    [parallel] 10 worker threads, one renderer clone each
    ↑ new global best IoU 0.742  [final refinement]
[staged] Final done — IoU: 0.742  ✓
[staged] FD refinement — 5 Adam steps  (180 renders, lr=0.01, ε=0.02)
    ↑ new global best IoU 0.752  [FD refinement]
[staged] FD done — IoU: 0.752  (Δ=+0.010)  ✓
[staged] Done — final IoU: 0.752  loss: 0.2483
[staged] Popsize: per-robot phases=32  final=32  (theory optimum for 6 DOF = 10)

[staged] Hungarian pre-assignment  (3×3 cost matrix, 8 samples/entry = 72 renders)...
[staged]   robot_a → zone 1  robot_b → zone 2  robot_c → zone 0

[staged] Phase 1 — forward greedy  (8 iters × 3 robot(s), sigma=0.40×1.00, popsize=32)
[staged]   Ph1 robot a  zone 1  (uncovered: 22% of target)
    voronoi warm-start: IoU 0.038 → 0.233 ✓
    [parallel] 10 worker threads, one renderer clone each
    init sampling: best coverage score 0.0px of uncovered area  (2 samples)
[staged]   → robot a: IoU 0.038 → 0.474  ✓
    ↑ new global best IoU 0.474  [phase Ph1 robot a]
[staged]   Ph1 robot b  zone 2  (uncovered: 21% of target)
    voronoi warm-start: IoU 0.474 → 0.492 ✓
    [parallel] 10 worker threads, one renderer clone each
    init sampling: best coverage score 0.0px of uncovered area  (2 samples)
[staged]   → robot b: IoU 0.474 → 0.550  ✓
    ↑ new global best IoU 0.550  [phase Ph1 robot b]
[staged]   Ph1 robot c  zone 0  (uncovered: 2% of target)
    voronoi warm-start: IoU 0.508 ≤ 0.550, kept current
    [parallel] 10 worker threads, one renderer clone each
    init sampling: best coverage score 56.0px of uncovered area  (4 samples)
[staged]   → robot c: IoU 0.550 → 0.635  ✓
    ↑ new global best IoU 0.635  [phase Ph1 robot c]
[staged] Phase 1 done — composite IoU: 0.635

[staged] Phase 2 — backward pass  (8 iters × 3 robots, sigma=0.300)
[staged]   contributions before Phase 2:
[staged]     robot a: +0.273 IoU
[staged]     robot b: +0.106 IoU
[staged]     robot c: +0.085 IoU
[staged]   Ph2 robot c  zone 0  (uncovered: 25% of target)
    [parallel] 10 worker threads, one renderer clone each
    init sampling: best coverage score 154.0px of uncovered area  (4 samples)
[staged]   → robot c: candidate 0.629 < current 0.635  ✗ rejected
[staged]   Ph2 robot b  zone 2  (uncovered: 32% of target)
    [parallel] 10 worker threads, one renderer clone each
    init sampling: best coverage score 123.0px of uncovered area  (4 samples)
[staged]   → robot b: IoU 0.635 → 0.642  ✓
    ↑ new global best IoU 0.642  [phase Ph2 robot b]
[staged]   Ph2 robot a  zone 1  (uncovered: 43% of target)
    [parallel] 10 worker threads, one renderer clone each
    init sampling: best coverage score 402.0px of uncovered area  (4 samples)
[staged]   → robot a: candidate 0.601 < current 0.642  ✗ rejected
[staged] Phase 2 done — composite IoU: 0.642

[staged] Best snapshot: Phase 2  IoU=0.642
[staged] Final refinement — all joints  (10 iters, popsize=32, sigma=0.160)
    [parallel] 10 worker threads, one renderer clone each
    ↑ new global best IoU 0.708  [final refinement]
[staged] Final done — IoU: 0.708  ✓
[staged] FD refinement — 5 Adam steps  (180 renders, lr=0.01, ε=0.02)
    ↑ new global best IoU 0.725  [FD refinement]
[staged] FD done — IoU: 0.725  (Δ=+0.018)  ✓
[staged] Done — final IoU: 0.725  loss: 0.2753
[staged] Popsize: per-robot phases=32  final=32  (theory optimum for 6 DOF = 10)

[staged] Hungarian pre-assignment  (3×3 cost matrix, 8 samples/entry = 72 renders)...
[staged]   robot_a → zone 0  robot_b → zone 2  robot_c → zone 1

[staged] Phase 1 — forward greedy  (8 iters × 3 robot(s), sigma=0.40×1.00, popsize=32)
[staged]   Ph1 robot a  zone 0  (uncovered: 42% of target)
    voronoi warm-start: IoU 0.038 → 0.239 ✓
    [parallel] 10 worker threads, one renderer clone each
    init sampling: best coverage score 0.0px of uncovered area  (2 samples)
[staged]   → robot a: IoU 0.038 → 0.484  ✓
    ↑ new global best IoU 0.484  [phase Ph1 robot a]
[staged]   Ph1 robot b  zone 2  (uncovered: 20% of target)
    voronoi warm-start: IoU 0.484 → 0.524 ✓
    [parallel] 10 worker threads, one renderer clone each
    init sampling: best coverage score 0.0px of uncovered area  (2 samples)
[staged]   → robot b: IoU 0.484 → 0.583  ✓
    ↑ new global best IoU 0.583  [phase Ph1 robot b]
[staged]   Ph1 robot c  zone 1  (uncovered: 2% of target)
    voronoi warm-start: IoU 0.538 ≤ 0.583, kept current
    [parallel] 10 worker threads, one renderer clone each
    init sampling: best coverage score 37.0px of uncovered area  (4 samples)
[staged]   → robot c: IoU 0.583 → 0.702  ✓
    ↑ new global best IoU 0.702  [phase Ph1 robot c]
[staged] Phase 1 done — composite IoU: 0.702

[staged] Phase 2 — backward pass  (8 iters × 3 robots, sigma=0.300)
[staged]   contributions before Phase 2:
[staged]     robot a: +0.253 IoU
[staged]     robot b: +0.139 IoU
[staged]     robot c: +0.119 IoU
[staged]   Ph2 robot c  zone 1  (uncovered: 22% of target)
    [parallel] 10 worker threads, one renderer clone each
    init sampling: best coverage score 104.0px of uncovered area  (4 samples)
[staged]   → robot c: candidate 0.697 < current 0.702  ✗ rejected
[staged]   Ph2 robot b  zone 2  (uncovered: 30% of target)
    [parallel] 10 worker threads, one renderer clone each
    init sampling: best coverage score 402.0px of uncovered area  (4 samples)
[staged]   → robot b: candidate 0.675 < current 0.702  ✗ rejected
[staged]   Ph2 robot a  zone 0  (uncovered: 39% of target)
    [parallel] 10 worker threads, one renderer clone each
    init sampling: best coverage score 212.0px of uncovered area  (4 samples)
[staged]   → robot a: IoU 0.702 → 0.712  ✓
    ↑ new global best IoU 0.712  [phase Ph2 robot a]
[staged] Phase 2 done — composite IoU: 0.712

[staged] Best snapshot: Phase 2  IoU=0.712
[staged] Final refinement — all joints  (10 iters, popsize=32, sigma=0.160)
    [parallel] 10 worker threads, one renderer clone each
    ↑ new global best IoU 0.726  [final refinement]
[staged] Final done — IoU: 0.726  ✓
[staged] FD refinement — 5 Adam steps  (180 renders, lr=0.01, ε=0.02)
    ↑ new global best IoU 0.743  [FD refinement]
[staged] FD done — IoU: 0.743  (Δ=+0.017)  ✓
[staged] Done — final IoU: 0.743  loss: 0.2576
[staged] Popsize: per-robot phases=32  final=32  (theory optimum for 6 DOF = 10)

[staged] Hungarian pre-assignment  (3×3 cost matrix, 8 samples/entry = 72 renders)...
[staged]   robot_a → zone 2  robot_b → zone 0  robot_c → zone 1

[staged] Phase 1 — forward greedy  (8 iters × 3 robot(s), sigma=0.40×1.00, popsize=32)
[staged]   Ph1 robot a  zone 2  (uncovered: 42% of target)
    voronoi warm-start: IoU 0.038 → 0.239 ✓
    [parallel] 10 worker threads, one renderer clone each
    init sampling: best coverage score 532.0px of uncovered area  (2 samples)
[staged]   → robot a: IoU 0.038 → 0.561  ✓
    ↑ new global best IoU 0.561  [phase Ph1 robot a]
[staged]   Ph1 robot b  zone 0  (uncovered: 16% of target)
    voronoi warm-start: IoU 0.561 → 0.579 ✓
    [parallel] 10 worker threads, one renderer clone each
    init sampling: best coverage score 0.0px of uncovered area  (2 samples)
[staged]   → robot b: IoU 0.561 → 0.600  ✓
    ↑ new global best IoU 0.600  [phase Ph1 robot b]
[staged]   Ph1 robot c  zone 1  (uncovered: 2% of target)
    voronoi warm-start: IoU 0.548 ≤ 0.600, kept current
    [parallel] 10 worker threads, one renderer clone each
    init sampling: best coverage score 38.0px of uncovered area  (4 samples)
[staged]   → robot c: IoU 0.600 → 0.627  ✓
    ↑ new global best IoU 0.627  [phase Ph1 robot c]
[staged] Phase 1 done — composite IoU: 0.627

[staged] Phase 2 — backward pass  (8 iters × 3 robots, sigma=0.300)
[staged]   contributions before Phase 2:
[staged]     robot a: +0.429 IoU
[staged]     robot b: +0.076 IoU
[staged]     robot c: +0.027 IoU  ← low
[staged]   Ph2 robot c  zone 1  (uncovered: 23% of target)
    [parallel] 10 worker threads, one renderer clone each
    init sampling: best coverage score 41.0px of uncovered area  (4 samples)
[staged]   → robot c: IoU 0.627 → 0.657  ✓
    ↑ new global best IoU 0.657  [phase Ph2 robot c]
[staged]   Ph2 robot b  zone 0  (uncovered: 22% of target)
    [parallel] 10 worker threads, one renderer clone each
    init sampling: best coverage score 333.0px of uncovered area  (4 samples)
[staged]   → robot b: IoU 0.657 → 0.709  ✓
    ↑ new global best IoU 0.709  [phase Ph2 robot b]
[staged]   Ph2 robot a  zone 2  (uncovered: 51% of target)
    [parallel] 10 worker threads, one renderer clone each
    init sampling: best coverage score 913.0px of uncovered area  (4 samples)
[staged]   → robot a: candidate 0.690 < current 0.709  ✗ rejected
[staged] Phase 2 done — composite IoU: 0.709

[staged] Best snapshot: Phase 2  IoU=0.709
[staged] Final refinement — all joints  (10 iters, popsize=32, sigma=0.160)
    [parallel] 10 worker threads, one renderer clone each
    ↑ new global best IoU 0.718  [final refinement]
[staged] Final done — IoU: 0.718  ✓
[staged] FD refinement — 5 Adam steps  (180 renders, lr=0.01, ε=0.02)
    ↑ new global best IoU 0.745  [FD refinement]
[staged] FD done — IoU: 0.745  (Δ=+0.027)  ✓
[staged] Done — final IoU: 0.745  loss: 0.2556
[shard 0] 9/10 digits/7_dejavusans-bold  best=0.752 mean=0.736±0.014  87s  eta 0.0h
[staged] Popsize: per-robot phases=32  final=32  (theory optimum for 6 DOF = 10)

[staged] Hungarian pre-assignment  (3×3 cost matrix, 8 samples/entry = 72 renders)...
[staged]   robot_a → zone 2  robot_b → zone 0  robot_c → zone 1

[staged] Phase 1 — forward greedy  (8 iters × 3 robot(s), sigma=0.40×1.00, popsize=32)
[staged]   Ph1 robot a  zone 2  (uncovered: 26% of target)
    voronoi warm-start: IoU 0.075 → 0.160 ✓
    [parallel] 10 worker threads, one renderer clone each
    init sampling: best coverage score 222.0px of uncovered area  (2 samples)
[staged]   → robot a: IoU 0.075 → 0.316  ✓
    ↑ new global best IoU 0.316  [phase Ph1 robot a]
[staged]   Ph1 robot b  zone 0  (uncovered: 30% of target)
    voronoi warm-start: IoU 0.316 → 0.362 ✓
    [parallel] 10 worker threads, one renderer clone each
    init sampling: best coverage score 0.0px of uncovered area  (2 samples)
[staged]   → robot b: IoU 0.316 → 0.525  ✓
    ↑ new global best IoU 0.525  [phase Ph1 robot b]
[staged]   Ph1 robot c  zone 1  (uncovered: 7% of target)
    voronoi warm-start: IoU 0.525 → 0.545 ✓
    [parallel] 10 worker threads, one renderer clone each
    init sampling: best coverage score 36.0px of uncovered area  (2 samples)
[staged]   → robot c: IoU 0.525 → 0.595  ✓
    ↑ new global best IoU 0.595  [phase Ph1 robot c]
[staged] Phase 1 done — composite IoU: 0.595

[staged] Phase 2 — backward pass  (8 iters × 3 robots, sigma=0.300)
[staged]   contributions before Phase 2:
[staged]     robot a: +0.232 IoU
[staged]     robot b: +0.181 IoU
[staged]     robot c: +0.070 IoU
[staged]   Ph2 robot c  zone 1  (uncovered: 33% of target)
    [parallel] 10 worker threads, one renderer clone each
    init sampling: best coverage score 419.0px of uncovered area  (4 samples)
[staged]   → robot c: IoU 0.595 → 0.617  ✓
    ↑ new global best IoU 0.617  [phase Ph2 robot c]
[staged]   Ph2 robot b  zone 0  (uncovered: 44% of target)
    [parallel] 10 worker threads, one renderer clone each
    init sampling: best coverage score 291.0px of uncovered area  (4 samples)
[staged]   → robot b: candidate 0.505 < current 0.617  ✗ rejected
[staged]   Ph2 robot a  zone 2  (uncovered: 51% of target)
    [parallel] 10 worker threads, one renderer clone each
    init sampling: best coverage score 533.0px of uncovered area  (4 samples)
[staged]   → robot a: candidate 0.540 < current 0.617  ✗ rejected
[staged] Phase 2 done — composite IoU: 0.617

[staged] Best snapshot: Phase 2  IoU=0.617
[staged] Final refinement — all joints  (10 iters, popsize=32, sigma=0.160)
    [parallel] 10 worker threads, one renderer clone each
    ↑ new global best IoU 0.662  [final refinement]
[staged] Final done — IoU: 0.662  ✓
[staged] FD refinement — 5 Adam steps  (180 renders, lr=0.01, ε=0.02)
    ↑ new global best IoU 0.687  [FD refinement]
[staged] FD done — IoU: 0.687  (Δ=+0.026)  ✓
[staged] Done — final IoU: 0.687  loss: 0.3139
[staged] Popsize: per-robot phases=32  final=32  (theory optimum for 6 DOF = 10)

[staged] Hungarian pre-assignment  (3×3 cost matrix, 8 samples/entry = 72 renders)...
[staged]   robot_a → zone 2  robot_b → zone 1  robot_c → zone 0

[staged] Phase 1 — forward greedy  (8 iters × 3 robot(s), sigma=0.40×1.00, popsize=32)
[staged]   Ph1 robot a  zone 2  (uncovered: 28% of target)
    voronoi warm-start: IoU 0.075 → 0.162 ✓
    [parallel] 10 worker threads, one renderer clone each
    init sampling: best coverage score 184.0px of uncovered area  (2 samples)
[staged]   → robot a: IoU 0.075 → 0.352  ✓
    ↑ new global best IoU 0.352  [phase Ph1 robot a]
[staged]   Ph1 robot b  zone 1  (uncovered: 9% of target)
    voronoi warm-start: IoU 0.352 → 0.455 ✓
    [parallel] 10 worker threads, one renderer clone each
    init sampling: best coverage score 0.0px of uncovered area  (2 samples)
[staged]   → robot b: IoU 0.352 → 0.504  ✓
    ↑ new global best IoU 0.504  [phase Ph1 robot b]
[staged]   Ph1 robot c  zone 0  (uncovered: 10% of target)
    voronoi warm-start: IoU 0.504 → 0.538 ✓
    [parallel] 10 worker threads, one renderer clone each
    init sampling: best coverage score 2.0px of uncovered area  (2 samples)
[staged]   → robot c: IoU 0.504 → 0.552  ✓
    ↑ new global best IoU 0.552  [phase Ph1 robot c]
[staged] Phase 1 done — composite IoU: 0.552

[staged] Phase 2 — backward pass  (8 iters × 3 robots, sigma=0.300)
[staged]   contributions before Phase 2:
[staged]     robot a: +0.228 IoU
[staged]     robot b: +0.154 IoU
[staged]     robot c: +0.049 IoU  ← low
[staged]   Ph2 robot c  zone 0  (uncovered: 33% of target)
    [parallel] 10 worker threads, one renderer clone each
    init sampling: best coverage score 429.0px of uncovered area  (4 samples)
[staged]   → robot c: IoU 0.552 → 0.573  ✓
    ↑ new global best IoU 0.573  [phase Ph2 robot c]
[staged]   Ph2 robot b  zone 1  (uncovered: 45% of target)
    [parallel] 10 worker threads, one renderer clone each
    init sampling: best coverage score 100.0px of uncovered area  (4 samples)
[staged]   → robot b: candidate 0.552 < current 0.573  ✗ rejected
[staged]   Ph2 robot a  zone 2  (uncovered: 56% of target)
    [parallel] 10 worker threads, one renderer clone each
    init sampling: best coverage score 333.0px of uncovered area  (4 samples)
[staged]   → robot a: IoU 0.573 → 0.581  ✓
    ↑ new global best IoU 0.581  [phase Ph2 robot a]
[staged] Phase 2 done — composite IoU: 0.581

[staged] Best snapshot: Phase 2  IoU=0.581
[staged] Final refinement — all joints  (10 iters, popsize=32, sigma=0.160)
    [parallel] 10 worker threads, one renderer clone each
    ↑ new global best IoU 0.631  [final refinement]
[staged] Final done — IoU: 0.631  ✓
[staged] FD refinement — 5 Adam steps  (180 renders, lr=0.01, ε=0.02)
    ↑ new global best IoU 0.640  [FD refinement]
[staged] FD done — IoU: 0.640  (Δ=+0.008)  ✓
[staged] Done — final IoU: 0.640  loss: 0.3613
[staged] Popsize: per-robot phases=32  final=32  (theory optimum for 6 DOF = 10)

[staged] Hungarian pre-assignment  (3×3 cost matrix, 8 samples/entry = 72 renders)...
[staged]   robot_a → zone 1  robot_b → zone 2  robot_c → zone 0

[staged] Phase 1 — forward greedy  (8 iters × 3 robot(s), sigma=0.40×1.00, popsize=32)
[staged]   Ph1 robot a  zone 1  (uncovered: 31% of target)
    voronoi warm-start: IoU 0.075 → 0.254 ✓
    [parallel] 10 worker threads, one renderer clone each
    init sampling: best coverage score 100.0px of uncovered area  (2 samples)
[staged]   → robot a: IoU 0.075 → 0.332  ✓
    ↑ new global best IoU 0.332  [phase Ph1 robot a]
[staged]   Ph1 robot b  zone 2  (uncovered: 21% of target)
    voronoi warm-start: IoU 0.332 → 0.414 ✓
    [parallel] 10 worker threads, one renderer clone each
    init sampling: best coverage score 0.0px of uncovered area  (2 samples)
[staged]   → robot b: IoU 0.332 → 0.458  ✓
    ↑ new global best IoU 0.458  [phase Ph1 robot b]
[staged]   Ph1 robot c  zone 0  (uncovered: 5% of target)
    voronoi warm-start: IoU 0.446 ≤ 0.458, kept current
    [parallel] 10 worker threads, one renderer clone each
    init sampling: best coverage score 133.0px of uncovered area  (4 samples)
[staged]   → robot c: IoU 0.458 → 0.479  ✓
    ↑ new global best IoU 0.479  [phase Ph1 robot c]
[staged] Phase 1 done — composite IoU: 0.479

[staged] Phase 2 — backward pass  (8 iters × 3 robots, sigma=0.300)
[staged]   contributions before Phase 2:
[staged]     robot a: +0.184 IoU
[staged]     robot b: +0.136 IoU
[staged]     robot c: +0.022 IoU  ← low
[staged]   Ph2 robot c  zone 0  (uncovered: 37% of target)
    [parallel] 10 worker threads, one renderer clone each
    init sampling: best coverage score 293.0px of uncovered area  (4 samples)
[staged]   → robot c: IoU 0.479 → 0.552  ✓
    ↑ new global best IoU 0.552  [phase Ph2 robot c]
[staged]   Ph2 robot b  zone 2  (uncovered: 48% of target)
    [parallel] 10 worker threads, one renderer clone each
    init sampling: best coverage score 606.0px of uncovered area  (4 samples)
[staged]   → robot b: IoU 0.552 → 0.614  ✓
    ↑ new global best IoU 0.614  [phase Ph2 robot b]
[staged]   Ph2 robot a  zone 1  (uncovered: 42% of target)
    [parallel] 10 worker threads, one renderer clone each
    init sampling: best coverage score 585.0px of uncovered area  (4 samples)
[staged]   → robot a: IoU 0.614 → 0.663  ✓
    ↑ new global best IoU 0.663  [phase Ph2 robot a]
[staged] Phase 2 done — composite IoU: 0.663

[staged] Best snapshot: Phase 2  IoU=0.663
[staged] Final refinement — all joints  (10 iters, popsize=32, sigma=0.160)
    [parallel] 10 worker threads, one renderer clone each
[staged] Final done — IoU: 0.663  ✓
[staged] FD refinement — 5 Adam steps  (180 renders, lr=0.01, ε=0.02)
    ↑ new global best IoU 0.676  [FD refinement]
[staged] FD done — IoU: 0.676  (Δ=+0.013)  ✓
[staged] Done — final IoU: 0.676  loss: 0.3242
[staged] Popsize: per-robot phases=32  final=32  (theory optimum for 6 DOF = 10)

[staged] Hungarian pre-assignment  (3×3 cost matrix, 8 samples/entry = 72 renders)...
[staged]   robot_a → zone 2  robot_b → zone 0  robot_c → zone 1

[staged] Phase 1 — forward greedy  (8 iters × 3 robot(s), sigma=0.40×1.00, popsize=32)
[staged]   Ph1 robot a  zone 2  (uncovered: 33% of target)
    voronoi warm-start: IoU 0.075 → 0.251 ✓
    [parallel] 10 worker threads, one renderer clone each
    init sampling: best coverage score 0.0px of uncovered area  (2 samples)
[staged]   → robot a: IoU 0.075 → 0.325  ✓
    ↑ new global best IoU 0.325  [phase Ph1 robot a]
[staged]   Ph1 robot b  zone 0  (uncovered: 30% of target)
    voronoi warm-start: IoU 0.325 → 0.411 ✓
    [parallel] 10 worker threads, one renderer clone each
    init sampling: best coverage score 1.0px of uncovered area  (2 samples)
[staged]   → robot b: IoU 0.325 → 0.517  ✓
    ↑ new global best IoU 0.517  [phase Ph1 robot b]
[staged]   Ph1 robot c  zone 1  (uncovered: 7% of target)
    voronoi warm-start: IoU 0.501 ≤ 0.517, kept current
    [parallel] 10 worker threads, one renderer clone each
    init sampling: best coverage score 79.0px of uncovered area  (4 samples)
[staged]   → robot c: IoU 0.517 → 0.626  ✓
    ↑ new global best IoU 0.626  [phase Ph1 robot c]
[staged] Phase 1 done — composite IoU: 0.626

[staged] Phase 2 — backward pass  (8 iters × 3 robots, sigma=0.300)
[staged]   contributions before Phase 2:
[staged]     robot a: +0.147 IoU
[staged]     robot b: +0.209 IoU
[staged]     robot c: +0.110 IoU
[staged]   Ph2 robot c  zone 1  (uncovered: 35% of target)
    [parallel] 10 worker threads, one renderer clone each
    init sampling: best coverage score 417.0px of uncovered area  (4 samples)
[staged]   → robot c: IoU 0.626 → 0.639  ✓
    ↑ new global best IoU 0.639  [phase Ph2 robot c]
[staged]   Ph2 robot b  zone 0  (uncovered: 46% of target)
    [parallel] 10 worker threads, one renderer clone each
    init sampling: best coverage score 863.0px of uncovered area  (4 samples)
[staged]   → robot b: candidate 0.636 < current 0.639  ✗ rejected
[staged]   Ph2 robot a  zone 2  (uncovered: 43% of target)
    [parallel] 10 worker threads, one renderer clone each
    init sampling: best coverage score 257.0px of uncovered area  (4 samples)
[staged]   → robot a: IoU 0.639 → 0.643  ✓
    ↑ new global best IoU 0.643  [phase Ph2 robot a]
[staged] Phase 2 done — composite IoU: 0.643

[staged] Best snapshot: Phase 2  IoU=0.643
[staged] Final refinement — all joints  (10 iters, popsize=32, sigma=0.160)
    [parallel] 10 worker threads, one renderer clone each
    ↑ new global best IoU 0.670  [final refinement]
[staged] Final done — IoU: 0.670  ✓
[staged] FD refinement — 5 Adam steps  (180 renders, lr=0.01, ε=0.02)
    ↑ new global best IoU 0.686  [FD refinement]
[staged] FD done — IoU: 0.686  (Δ=+0.016)  ✓
[staged] Done — final IoU: 0.686  loss: 0.3142
[staged] Popsize: per-robot phases=32  final=32  (theory optimum for 6 DOF = 10)

[staged] Hungarian pre-assignment  (3×3 cost matrix, 8 samples/entry = 72 renders)...
[staged]   robot_a → zone 0  robot_b → zone 2  robot_c → zone 1

[staged] Phase 1 — forward greedy  (8 iters × 3 robot(s), sigma=0.40×1.00, popsize=32)
[staged]   Ph1 robot a  zone 0  (uncovered: 33% of target)
    voronoi warm-start: IoU 0.075 → 0.251 ✓
    [parallel] 10 worker threads, one renderer clone each
    init sampling: best coverage score 1036.0px of uncovered area  (2 samples)
[staged]   → robot a: IoU 0.075 → 0.405  ✓
    ↑ new global best IoU 0.405  [phase Ph1 robot a]
[staged]   Ph1 robot b  zone 2  (uncovered: 29% of target)
    voronoi warm-start: IoU 0.405 → 0.508 ✓
    [parallel] 10 worker threads, one renderer clone each
    init sampling: best coverage score 0.0px of uncovered area  (2 samples)
[staged]   → robot b: IoU 0.405 → 0.581  ✓
    ↑ new global best IoU 0.581  [phase Ph1 robot b]
[staged]   Ph1 robot c  zone 1  (uncovered: 7% of target)
    voronoi warm-start: IoU 0.532 ≤ 0.581, kept current
    [parallel] 10 worker threads, one renderer clone each
    init sampling: best coverage score 94.0px of uncovered area  (4 samples)
[staged]   → robot c: IoU 0.581 → 0.643  ✓
    ↑ new global best IoU 0.643  [phase Ph1 robot c]
[staged] Phase 1 done — composite IoU: 0.643

[staged] Phase 2 — backward pass  (8 iters × 3 robots, sigma=0.300)
[staged]   contributions before Phase 2:
[staged]     robot a: +0.279 IoU
[staged]     robot b: +0.185 IoU
[staged]     robot c: +0.062 IoU
[staged]   Ph2 robot c  zone 1  (uncovered: 27% of target)
    [parallel] 10 worker threads, one renderer clone each
    init sampling: best coverage score 137.0px of uncovered area  (4 samples)
[staged]   → robot c: candidate 0.635 < current 0.643  ✗ rejected
[staged]   Ph2 robot b  zone 2  (uncovered: 42% of target)
    [parallel] 10 worker threads, one renderer clone each
    init sampling: best coverage score 662.0px of uncovered area  (4 samples)
[staged]   → robot b: IoU 0.643 → 0.645  ✓
    ↑ new global best IoU 0.645  [phase Ph2 robot b]
[staged]   Ph2 robot a  zone 0  (uncovered: 48% of target)
    [parallel] 10 worker threads, one renderer clone each
    init sampling: best coverage score 939.0px of uncovered area  (4 samples)
[staged]   → robot a: candidate 0.621 < current 0.645  ✗ rejected
[staged] Phase 2 done — composite IoU: 0.645

[staged] Best snapshot: Phase 2  IoU=0.645
[staged] Final refinement — all joints  (10 iters, popsize=32, sigma=0.160)
    [parallel] 10 worker threads, one renderer clone each
[staged] Final done — IoU: 0.645  ✓
[staged] FD refinement — 5 Adam steps  (180 renders, lr=0.01, ε=0.02)
    ↑ new global best IoU 0.653  [FD refinement]
[staged] FD done — IoU: 0.653  (Δ=+0.008)  ✓
[staged] Done — final IoU: 0.653  loss: 0.3484
[shard 0] 10/10 digits/9_dejavusans-bold  best=0.687 mean=0.669±0.019  87s  eta 0.0h
[shard 0] DONE 10 targets in 0.24h
