[shard 0/1] 10 targets × 5 runs
[scene] so101 ×7: light_y=1.00 wall_y=-3.20 throw=4.20m table_len=1.20m | magnification 1.9x–4.2x
[scene] WARNING front-robot magnification 4.2x exceeds soft cap 4.0x — clearances kept fixed as requested.
[shard 0] n_dof=42 arm_gap=0.2
[shard 0] variant=staged
[shard 0] wrote /home/souju/dev/umbra-bench-grounded/optimized/aimed-start-probe10/full-small-n7/BUDGET.md
[staged] Popsize: per-robot phases=32  final=32  (theory optimum for 6 DOF = 10)

[staged] Hungarian pre-assignment  (7×7 cost matrix, 8 samples/entry = 392 renders)...
[staged]   robot_a → zone 4  robot_b → zone 3  robot_c → zone 5  robot_d → zone 0  robot_e → zone 2  robot_f → zone 1  robot_g → zone 6

[staged] Phase 1 — forward greedy  (8 iters × 7 robot(s), sigma=0.40×1.00, popsize=32)
[staged]   Ph1 robot a  zone 4  (uncovered: 19% of target)
    voronoi warm-start: IoU 0.232 → 0.399 ✓
    [parallel] 10 worker threads, one renderer clone each
    init sampling: best coverage score 774.0px of uncovered area  (8 samples)
[staged]   → robot a: IoU 0.232 → 0.527  ✓
    ↑ new global best IoU 0.527  [phase Ph1 robot a]
[staged]   Ph1 robot b  zone 3  (uncovered: 2% of target)
    voronoi warm-start: IoU 0.445 ≤ 0.527, kept current
    [parallel] 10 worker threads, one renderer clone each
    init sampling: best coverage score 40.0px of uncovered area  (16 samples)
[staged]   → robot b: IoU 0.527 → 0.571  ✓
    ↑ new global best IoU 0.571  [phase Ph1 robot b]
[staged]   Ph1 robot c  zone 5  (uncovered: 5% of target)
    voronoi warm-start: IoU 0.542 ≤ 0.571, kept current
    [parallel] 10 worker threads, one renderer clone each
    init sampling: best coverage score 75.0px of uncovered area  (16 samples)
[staged]   → robot c: IoU 0.571 → 0.611  ✓
    ↑ new global best IoU 0.611  [phase Ph1 robot c]
[staged]   Ph1 robot d  zone 0  (uncovered: 15% of target)
    voronoi warm-start: IoU 0.611 → 0.629 ✓
    [parallel] 10 worker threads, one renderer clone each
    init sampling: best coverage score 51.0px of uncovered area  (8 samples)
[staged]   → robot d: IoU 0.611 → 0.634  ✓
    ↑ new global best IoU 0.634  [phase Ph1 robot d]
[staged]   Ph1 robot e  zone 2  (uncovered: 5% of target)
    voronoi warm-start: IoU 0.634 → 0.635 ✓
    [parallel] 10 worker threads, one renderer clone each
    init sampling: best coverage score 9.0px of uncovered area  (8 samples)
[staged]   → robot e: IoU 0.634 → 0.647  ✓
    ↑ new global best IoU 0.647  [phase Ph1 robot e]
[staged]   Ph1 robot f  zone 1  (uncovered: 1% of target)
    voronoi warm-start: IoU 0.647 → 0.648 ✓
    [parallel] 10 worker threads, one renderer clone each
    init sampling: best coverage score 29.0px of uncovered area  (8 samples)
[staged]   → robot f: IoU 0.647 → 0.650  ✓
    ↑ new global best IoU 0.650  [phase Ph1 robot f]
[staged]   Ph1 robot g  zone 6  (uncovered: 0% of target)
    voronoi warm-start: IoU 0.634 ≤ 0.650, kept current
    [parallel] 10 worker threads, one renderer clone each
    init sampling: best coverage score 6.0px of uncovered area  (16 samples)
[staged]   → robot g: IoU 0.650 → 0.674  ✓
    ↑ new global best IoU 0.674  [phase Ph1 robot g]
[staged] Phase 1 done — composite IoU: 0.674

[staged] Phase 2 — backward pass  (8 iters × 7 robots, sigma=0.300)
[staged]   contributions before Phase 2:
[staged]     robot a: +0.137 IoU
[staged]     robot b: +0.069 IoU
[staged]     robot c: +0.040 IoU  ← low
[staged]     robot d: +0.040 IoU  ← low
[staged]     robot e: +0.030 IoU  ← low
[staged]     robot f: +0.018 IoU  ← low
[staged]     robot g: +0.024 IoU  ← low
[staged]   Ph2 robot g  zone 6  (uncovered: 10% of target)
    [parallel] 10 worker threads, one renderer clone each
    init sampling: best coverage score 54.0px of uncovered area  (16 samples)
[staged]   → robot g: IoU 0.674 → 0.676  ✓
    ↑ new global best IoU 0.676  [phase Ph2 robot g]
[staged]   Ph2 robot f  zone 1  (uncovered: 9% of target)
    [parallel] 10 worker threads, one renderer clone each
    init sampling: best coverage score 44.0px of uncovered area  (16 samples)
[staged]   → robot f: IoU 0.676 → 0.687  ✓
    ↑ new global best IoU 0.687  [phase Ph2 robot f]
[staged]   Ph2 robot e  zone 2  (uncovered: 9% of target)
    [parallel] 10 worker threads, one renderer clone each
    init sampling: best coverage score 22.0px of uncovered area  (16 samples)
[staged]   → robot e: candidate 0.679 < current 0.687  ✗ rejected
[staged]   Ph2 robot d  zone 0  (uncovered: 11% of target)
    [parallel] 10 worker threads, one renderer clone each
    init sampling: best coverage score 177.0px of uncovered area  (16 samples)
[staged]   → robot d: IoU 0.687 → 0.687  ✓
    ↑ new global best IoU 0.687  [phase Ph2 robot d]
[staged]   Ph2 robot c  zone 5  (uncovered: 14% of target)
    [parallel] 10 worker threads, one renderer clone each
    init sampling: best coverage score 206.0px of uncovered area  (16 samples)
[staged]   → robot c: IoU 0.687 → 0.692  ✓
    ↑ new global best IoU 0.692  [phase Ph2 robot c]
[staged]   Ph2 robot b  zone 3  (uncovered: 20% of target)
    [parallel] 10 worker threads, one renderer clone each
    init sampling: best coverage score 222.0px of uncovered area  (16 samples)
[staged]   → robot b: IoU 0.692 → 0.717  ✓
    ↑ new global best IoU 0.717  [phase Ph2 robot b]
[staged]   Ph2 robot a  zone 4  (uncovered: 28% of target)
    [parallel] 10 worker threads, one renderer clone each
    init sampling: best coverage score 899.0px of uncovered area  (16 samples)
[staged]   → robot a: candidate 0.703 < current 0.717  ✗ rejected
[staged] Phase 2 done — composite IoU: 0.717

[staged] Best snapshot: Phase 2  IoU=0.717
[staged] Manifold final pass — computing Jacobian  (ε=0.020, 84 renders)
[staged] Manifold basis: k=14D / 42D  (variance≥85%, top eigenvalues: ['261925.19', '172026.25', '106405.56', '89094.07', '79737.30'])
[staged] Manifold did not improve (0.715 vs 0.717), keeping best snapshot
[staged] FD refinement — 5 Adam steps  (420 renders, lr=0.01, ε=0.02)
    ↑ new global best IoU 0.742  [FD refinement]
[staged] FD done — IoU: 0.742  (Δ=+0.025)  ✓
[staged] Done — final IoU: 0.742  loss: 0.2595
[staged] Popsize: per-robot phases=32  final=32  (theory optimum for 6 DOF = 10)

[staged] Hungarian pre-assignment  (7×7 cost matrix, 8 samples/entry = 392 renders)...
[staged]   robot_a → zone 0  robot_b → zone 1  robot_c → zone 3  robot_d → zone 4  robot_e → zone 2  robot_f → zone 6  robot_g → zone 5

[staged] Phase 1 — forward greedy  (8 iters × 7 robot(s), sigma=0.40×1.00, popsize=32)
[staged]   Ph1 robot a  zone 0  (uncovered: 13% of target)
    voronoi warm-start: IoU 0.232 → 0.410 ✓
    [parallel] 10 worker threads, one renderer clone each
    init sampling: best coverage score 0.0px of uncovered area  (8 samples)
[staged]   → robot a: IoU 0.232 → 0.525  ✓
    ↑ new global best IoU 0.525  [phase Ph1 robot a]
[staged]   Ph1 robot b  zone 1  (uncovered: 12% of target)
    voronoi warm-start: IoU 0.479 ≤ 0.525, kept current
    [parallel] 10 worker threads, one renderer clone each
    init sampling: best coverage score 93.0px of uncovered area  (16 samples)
[staged]   → robot b: IoU 0.525 → 0.596  ✓
    ↑ new global best IoU 0.596  [phase Ph1 robot b]
[staged]   Ph1 robot c  zone 3  (uncovered: 0% of target)
    voronoi warm-start: IoU 0.594 ≤ 0.596, kept current
    [parallel] 10 worker threads, one renderer clone each
    init sampling: best coverage score 2.0px of uncovered area  (16 samples)
[staged]   → robot c: IoU 0.596 → 0.636  ✓
    ↑ new global best IoU 0.636  [phase Ph1 robot c]
[staged]   Ph1 robot d  zone 4  (uncovered: 1% of target)
    voronoi warm-start: IoU 0.633 ≤ 0.636, kept current
    [parallel] 10 worker threads, one renderer clone each
    init sampling: best coverage score 0.0px of uncovered area  (16 samples)
[staged]   → robot d: IoU 0.636 → 0.685  ✓
    ↑ new global best IoU 0.685  [phase Ph1 robot d]
[staged]   Ph1 robot e  zone 2  (uncovered: 1% of target)
    voronoi warm-start: IoU 0.649 ≤ 0.685, kept current
    [parallel] 10 worker threads, one renderer clone each
    init sampling: best coverage score 13.0px of uncovered area  (16 samples)
[staged]   → robot e: IoU 0.685 → 0.693  ✓
    ↑ new global best IoU 0.693  [phase Ph1 robot e]
[staged]   Ph1 robot f  zone 6  (uncovered: 0% of target)
    voronoi warm-start: IoU 0.670 ≤ 0.693, kept current
    [parallel] 10 worker threads, one renderer clone each
    init sampling: best coverage score 5.0px of uncovered area  (16 samples)
[staged]   → robot f: IoU 0.693 → 0.709  ✓
    ↑ new global best IoU 0.709  [phase Ph1 robot f]
[staged]   Ph1 robot g  zone 5  (uncovered: 1% of target)
    voronoi warm-start: IoU 0.681 ≤ 0.709, kept current
    [parallel] 10 worker threads, one renderer clone each
    init sampling: best coverage score 35.0px of uncovered area  (16 samples)
[staged]   → robot g: IoU 0.709 → 0.727  ✓
    ↑ new global best IoU 0.727  [phase Ph1 robot g]
[staged] Phase 1 done — composite IoU: 0.727

[staged] Phase 2 — backward pass  (8 iters × 7 robots, sigma=0.300)
[staged]   contributions before Phase 2:
[staged]     robot a: +0.159 IoU
[staged]     robot b: +0.036 IoU  ← low
[staged]     robot c: +0.050 IoU
[staged]     robot d: +0.065 IoU
[staged]     robot e: +0.024 IoU  ← low
[staged]     robot f: +0.030 IoU  ← low
[staged]     robot g: +0.018 IoU  ← low
[staged]   Ph2 robot g  zone 5  (uncovered: 6% of target)
    [parallel] 10 worker threads, one renderer clone each
    init sampling: best coverage score 68.0px of uncovered area  (16 samples)
[staged]   → robot g: IoU 0.727 → 0.729  ✓
    ↑ new global best IoU 0.729  [phase Ph2 robot g]
[staged]   Ph2 robot f  zone 6  (uncovered: 8% of target)
    [parallel] 10 worker threads, one renderer clone each
    init sampling: best coverage score 90.0px of uncovered area  (16 samples)
[staged]   → robot f: IoU 0.729 → 0.732  ✓
    ↑ new global best IoU 0.732  [phase Ph2 robot f]
[staged]   Ph2 robot e  zone 2  (uncovered: 5% of target)
    [parallel] 10 worker threads, one renderer clone each
    init sampling: best coverage score 30.0px of uncovered area  (16 samples)
[staged]   → robot e: IoU 0.732 → 0.732  ✓
    ↑ new global best IoU 0.732  [phase Ph2 robot e]
[staged]   Ph2 robot d  zone 4  (uncovered: 12% of target)
    [parallel] 10 worker threads, one renderer clone each
    init sampling: best coverage score 37.0px of uncovered area  (16 samples)
[staged]   → robot d: candidate 0.692 < current 0.732  ✗ rejected
[staged]   Ph2 robot c  zone 3  (uncovered: 6% of target)
    [parallel] 10 worker threads, one renderer clone each
    init sampling: best coverage score 66.0px of uncovered area  (16 samples)
[staged]   → robot c: candidate 0.728 < current 0.732  ✗ rejected
[staged]   Ph2 robot b  zone 1  (uncovered: 11% of target)
    [parallel] 10 worker threads, one renderer clone each
    init sampling: best coverage score 312.0px of uncovered area  (16 samples)
[staged]   → robot b: IoU 0.732 → 0.760  ✓
    ↑ new global best IoU 0.760  [phase Ph2 robot b]
[staged]   Ph2 robot a  zone 0  (uncovered: 35% of target)
    [parallel] 10 worker threads, one renderer clone each
    init sampling: best coverage score 786.0px of uncovered area  (16 samples)
[staged]   → robot a: candidate 0.674 < current 0.760  ✗ rejected
[staged] Phase 2 done — composite IoU: 0.760

[staged] Best snapshot: Phase 2  IoU=0.760
[staged] Manifold final pass — computing Jacobian  (ε=0.020, 84 renders)
[staged] Manifold basis: k=11D / 42D  (variance≥85%, top eigenvalues: ['332895.56', '236866.47', '142975.28', '75847.64', '67728.30'])
    ↑ new global best IoU 0.785  [manifold final pass]
[staged] Manifold done — IoU: 0.785  (Δ=+0.026)  ✓
[staged] FD refinement — 5 Adam steps  (420 renders, lr=0.01, ε=0.02)
    ↑ new global best IoU 0.798  [FD refinement]
[staged] FD done — IoU: 0.798  (Δ=+0.012)  ✓
[staged] Done — final IoU: 0.798  loss: 0.2028
[staged] Popsize: per-robot phases=32  final=32  (theory optimum for 6 DOF = 10)

[staged] Hungarian pre-assignment  (7×7 cost matrix, 8 samples/entry = 392 renders)...
[staged]   robot_a → zone 3  robot_b → zone 0  robot_c → zone 5  robot_d → zone 6  robot_e → zone 2  robot_f → zone 4  robot_g → zone 1

[staged] Phase 1 — forward greedy  (8 iters × 7 robot(s), sigma=0.40×1.00, popsize=32)
[staged]   Ph1 robot a  zone 3  (uncovered: 14% of target)
    voronoi warm-start: IoU 0.232 → 0.404 ✓
    [parallel] 10 worker threads, one renderer clone each
    init sampling: best coverage score 90.0px of uncovered area  (8 samples)
[staged]   → robot a: IoU 0.232 → 0.525  ✓
    ↑ new global best IoU 0.525  [phase Ph1 robot a]
[staged]   Ph1 robot b  zone 0  (uncovered: 0% of target)
    voronoi warm-start: IoU 0.493 ≤ 0.525, kept current
    [parallel] 10 worker threads, one renderer clone each
    init sampling: best coverage score 6.0px of uncovered area  (16 samples)
[staged]   → robot b: IoU 0.525 → 0.614  ✓
    ↑ new global best IoU 0.614  [phase Ph1 robot b]
[staged]   Ph1 robot c  zone 5  (uncovered: 2% of target)
    voronoi warm-start: IoU 0.550 ≤ 0.614, kept current
    [parallel] 10 worker threads, one renderer clone each
    init sampling: best coverage score 45.0px of uncovered area  (16 samples)
[staged]   → robot c: IoU 0.614 → 0.636  ✓
    ↑ new global best IoU 0.636  [phase Ph1 robot c]
[staged]   Ph1 robot d  zone 6  (uncovered: 5% of target)
    voronoi warm-start: IoU 0.630 ≤ 0.636, kept current
    [parallel] 10 worker threads, one renderer clone each
    init sampling: best coverage score 117.0px of uncovered area  (16 samples)
[staged]   → robot d: IoU 0.636 → 0.651  ✓
    ↑ new global best IoU 0.651  [phase Ph1 robot d]
[staged]   Ph1 robot e  zone 2  (uncovered: 2% of target)
    voronoi warm-start: IoU 0.639 ≤ 0.651, kept current
    [parallel] 10 worker threads, one renderer clone each
    init sampling: best coverage score 67.0px of uncovered area  (16 samples)
[staged]   → robot e: IoU 0.651 → 0.694  ✓
    ↑ new global best IoU 0.694  [phase Ph1 robot e]
[staged]   Ph1 robot f  zone 4  (uncovered: 2% of target)
    voronoi warm-start: IoU 0.658 ≤ 0.694, kept current
    [parallel] 10 worker threads, one renderer clone each
    init sampling: best coverage score 78.0px of uncovered area  (16 samples)
[staged]   → robot f: IoU 0.694 → 0.705  ✓
    ↑ new global best IoU 0.705  [phase Ph1 robot f]
[staged]   Ph1 robot g  zone 1  (uncovered: 0% of target)
    voronoi warm-start: IoU 0.679 ≤ 0.705, kept current
    [parallel] 10 worker threads, one renderer clone each
    init sampling: best coverage score 6.0px of uncovered area  (16 samples)
[staged]   → robot g: IoU 0.705 → 0.732  ✓
    ↑ new global best IoU 0.732  [phase Ph1 robot g]
[staged] Phase 1 done — composite IoU: 0.732

[staged] Phase 2 — backward pass  (8 iters × 7 robots, sigma=0.300)
[staged]   contributions before Phase 2:
[staged]     robot a: +0.152 IoU
[staged]     robot b: +0.063 IoU
[staged]     robot c: +0.038 IoU  ← low
[staged]     robot d: +0.036 IoU  ← low
[staged]     robot e: +0.063 IoU
[staged]     robot f: +0.026 IoU  ← low
[staged]     robot g: +0.027 IoU  ← low
[staged]   Ph2 robot g  zone 1  (uncovered: 12% of target)
    [parallel] 10 worker threads, one renderer clone each
    init sampling: best coverage score 70.0px of uncovered area  (16 samples)
[staged]   → robot g: candidate 0.728 < current 0.732  ✗ rejected
[staged]   Ph2 robot f  zone 4  (uncovered: 12% of target)
    [parallel] 10 worker threads, one renderer clone each
    init sampling: best coverage score 104.0px of uncovered area  (16 samples)
[staged]   → robot f: IoU 0.732 → 0.739  ✓
    ↑ new global best IoU 0.739  [phase Ph2 robot f]
[staged]   Ph2 robot e  zone 2  (uncovered: 15% of target)
    [parallel] 10 worker threads, one renderer clone each
    init sampling: best coverage score 102.0px of uncovered area  (16 samples)
[staged]   → robot e: candidate 0.707 < current 0.739  ✗ rejected
[staged]   Ph2 robot d  zone 6  (uncovered: 11% of target)
    [parallel] 10 worker threads, one renderer clone each
    init sampling: best coverage score 142.0px of uncovered area  (16 samples)
[staged]   → robot d: candidate 0.734 < current 0.739  ✗ rejected
[staged]   Ph2 robot c  zone 5  (uncovered: 11% of target)
    [parallel] 10 worker threads, one renderer clone each
    init sampling: best coverage score 138.0px of uncovered area  (16 samples)/home/souju/miniconda3/envs/fleet-shadow/lib/python3.11/site-packages/scipy/_lib/_util.py:365: UserWarning: One of the clusters is empty. Re-run kmeans with a different initialization.
  return fun(*args, **kwargs)

[staged]   → robot c: candidate 0.738 < current 0.739  ✗ rejected
[staged]   Ph2 robot b  zone 0  (uncovered: 20% of target)
    [parallel] 10 worker threads, one renderer clone each
    init sampling: best coverage score 518.0px of uncovered area  (16 samples)
[staged]   → robot b: IoU 0.739 → 0.751  ✓
    ↑ new global best IoU 0.751  [phase Ph2 robot b]
[staged]   Ph2 robot a  zone 3  (uncovered: 23% of target)
    [parallel] 10 worker threads, one renderer clone each
    init sampling: best coverage score 738.0px of uncovered area  (16 samples)
[staged]   → robot a: candidate 0.741 < current 0.751  ✗ rejected
[staged] Phase 2 done — composite IoU: 0.751

[staged] Best snapshot: Phase 2  IoU=0.751
[staged] Manifold final pass — computing Jacobian  (ε=0.020, 84 renders)
[staged] Manifold basis: k=11D / 42D  (variance≥85%, top eigenvalues: ['445405.09', '112547.73', '105529.44', '103623.30', '98290.01'])
[staged] Manifold did not improve (0.744 vs 0.751), keeping best snapshot
[staged] FD refinement — 5 Adam steps  (420 renders, lr=0.01, ε=0.02)
    ↑ new global best IoU 0.783  [FD refinement]
[staged] FD done — IoU: 0.783  (Δ=+0.032)  ✓
[staged] Done — final IoU: 0.783  loss: 0.2175
[staged] Popsize: per-robot phases=32  final=32  (theory optimum for 6 DOF = 10)

[staged] Hungarian pre-assignment  (7×7 cost matrix, 8 samples/entry = 392 renders)...
[staged]   robot_a → zone 1  robot_b → zone 6  robot_c → zone 3  robot_d → zone 5  robot_e → zone 0  robot_f → zone 2  robot_g → zone 4

[staged] Phase 1 — forward greedy  (8 iters × 7 robot(s), sigma=0.40×1.00, popsize=32)
[staged]   Ph1 robot a  zone 1  (uncovered: 19% of target)
    voronoi warm-start: IoU 0.232 → 0.399 ✓
    [parallel] 10 worker threads, one renderer clone each
    init sampling: best coverage score 860.0px of uncovered area  (8 samples)
[staged]   → robot a: IoU 0.232 → 0.491  ✓
    ↑ new global best IoU 0.491  [phase Ph1 robot a]
[staged]   Ph1 robot b  zone 6  (uncovered: 10% of target)
    voronoi warm-start: IoU 0.465 ≤ 0.491, kept current
    [parallel] 10 worker threads, one renderer clone each
    init sampling: best coverage score 202.0px of uncovered area  (16 samples)
[staged]   → robot b: IoU 0.491 → 0.576  ✓
    ↑ new global best IoU 0.576  [phase Ph1 robot b]
[staged]   Ph1 robot c  zone 3  (uncovered: 3% of target)
    voronoi warm-start: IoU 0.523 ≤ 0.576, kept current
    [parallel] 10 worker threads, one renderer clone each
    init sampling: best coverage score 21.0px of uncovered area  (16 samples)
[staged]   → robot c: IoU 0.576 → 0.615  ✓
    ↑ new global best IoU 0.615  [phase Ph1 robot c]
[staged]   Ph1 robot d  zone 5  (uncovered: 1% of target)
    voronoi warm-start: IoU 0.611 ≤ 0.615, kept current
    [parallel] 10 worker threads, one renderer clone each
    init sampling: best coverage score 11.0px of uncovered area  (16 samples)
[staged]   → robot d: IoU 0.615 → 0.634  ✓
    ↑ new global best IoU 0.634  [phase Ph1 robot d]
[staged]   Ph1 robot e  zone 0  (uncovered: 13% of target)
    voronoi warm-start: IoU 0.605 ≤ 0.634, kept current
    [parallel] 10 worker threads, one renderer clone each
    init sampling: best coverage score 84.0px of uncovered area  (16 samples)
[staged]   → robot e: IoU 0.634 → 0.647  ✓
    ↑ new global best IoU 0.647  [phase Ph1 robot e]
[staged]   Ph1 robot f  zone 2  (uncovered: 0% of target)
    voronoi warm-start: IoU 0.611 ≤ 0.647, kept current
    [parallel] 10 worker threads, one renderer clone each
    init sampling: best coverage score 18.0px of uncovered area  (16 samples)
[staged]   → robot f: IoU 0.647 → 0.658  ✓
    ↑ new global best IoU 0.658  [phase Ph1 robot f]
[staged]   Ph1 robot g  zone 4  (uncovered: 3% of target)
    voronoi warm-start: IoU 0.658 → 0.674 ✓
    [parallel] 10 worker threads, one renderer clone each
    init sampling: best coverage score 22.0px of uncovered area  (8 samples)
[staged]   → robot g: IoU 0.658 → 0.680  ✓
    ↑ new global best IoU 0.680  [phase Ph1 robot g]
[staged] Phase 1 done — composite IoU: 0.680

[staged] Phase 2 — backward pass  (8 iters × 7 robots, sigma=0.300)
[staged]   contributions before Phase 2:
[staged]     robot a: +0.196 IoU
[staged]     robot b: +0.037 IoU  ← low
[staged]     robot c: +0.047 IoU  ← low
[staged]     robot d: +0.037 IoU  ← low
[staged]     robot e: +0.028 IoU  ← low
[staged]     robot f: +0.024 IoU  ← low
[staged]     robot g: +0.022 IoU  ← low
[staged]   Ph2 robot g  zone 4  (uncovered: 10% of target)
    [parallel] 10 worker threads, one renderer clone each
    init sampling: best coverage score 66.0px of uncovered area  (16 samples)
[staged]   → robot g: IoU 0.680 → 0.681  ✓
    ↑ new global best IoU 0.681  [phase Ph2 robot g]
[staged]   Ph2 robot f  zone 2  (uncovered: 10% of target)
    [parallel] 10 worker threads, one renderer clone each
    init sampling: best coverage score 190.0px of uncovered area  (16 samples)
[staged]   → robot f: IoU 0.681 → 0.707  ✓
    ↑ new global best IoU 0.707  [phase Ph2 robot f]
[staged]   Ph2 robot e  zone 0  (uncovered: 8% of target)
    [parallel] 10 worker threads, one renderer clone each
    init sampling: best coverage score 62.0px of uncovered area  (16 samples)
[staged]   → robot e: candidate 0.705 < current 0.707  ✗ rejected
[staged]   Ph2 robot d  zone 5  (uncovered: 8% of target)
    [parallel] 10 worker threads, one renderer clone each
    init sampling: best coverage score 92.0px of uncovered area  (16 samples)
[staged]   → robot d: IoU 0.707 → 0.719  ✓
    ↑ new global best IoU 0.719  [phase Ph2 robot d]
[staged]   Ph2 robot c  zone 3  (uncovered: 8% of target)
    [parallel] 10 worker threads, one renderer clone each
    init sampling: best coverage score 174.0px of uncovered area  (16 samples)
[staged]   → robot c: IoU 0.719 → 0.729  ✓
    ↑ new global best IoU 0.729  [phase Ph2 robot c]
[staged]   Ph2 robot b  zone 6  (uncovered: 12% of target)
    [parallel] 10 worker threads, one renderer clone each
    init sampling: best coverage score 255.0px of uncovered area  (16 samples)
[staged]   → robot b: candidate 0.727 < current 0.729  ✗ rejected
[staged]   Ph2 robot a  zone 1  (uncovered: 24% of target)
    [parallel] 10 worker threads, one renderer clone each
    init sampling: best coverage score 1040.0px of uncovered area  (16 samples)
[staged]   → robot a: candidate 0.711 < current 0.729  ✗ rejected
[staged] Phase 2 done — composite IoU: 0.729

[staged] Best snapshot: Phase 2  IoU=0.729
[staged] Manifold final pass — computing Jacobian  (ε=0.020, 84 renders)
[staged] Manifold basis: k=10D / 42D  (variance≥85%, top eigenvalues: ['362952.50', '195833.09', '176446.03', '115407.06', '107427.05'])
[staged] Manifold did not improve (0.710 vs 0.729), keeping best snapshot
[staged] FD refinement — 5 Adam steps  (420 renders, lr=0.01, ε=0.02)
    ↑ new global best IoU 0.739  [FD refinement]
[staged] FD done — IoU: 0.739  (Δ=+0.010)  ✓
[staged] Done — final IoU: 0.739  loss: 0.2630
[staged] Popsize: per-robot phases=32  final=32  (theory optimum for 6 DOF = 10)

[staged] Hungarian pre-assignment  (7×7 cost matrix, 8 samples/entry = 392 renders)...
[staged]   robot_a → zone 2  robot_b → zone 3  robot_c → zone 6  robot_d → zone 1  robot_e → zone 5  robot_f → zone 4  robot_g → zone 0

[staged] Phase 1 — forward greedy  (8 iters × 7 robot(s), sigma=0.40×1.00, popsize=32)
[staged]   Ph1 robot a  zone 2  (uncovered: 12% of target)
    voronoi warm-start: IoU 0.214 ≤ 0.232, kept current
    [parallel] 10 worker threads, one renderer clone each
    init sampling: best coverage score 568.0px of uncovered area  (16 samples)
[staged]   → robot a: IoU 0.232 → 0.477  ✓
    ↑ new global best IoU 0.477  [phase Ph1 robot a]
[staged]   Ph1 robot b  zone 3  (uncovered: 9% of target)
    voronoi warm-start: IoU 0.444 ≤ 0.477, kept current
    [parallel] 10 worker threads, one renderer clone each
    init sampling: best coverage score 0.0px of uncovered area  (16 samples)
[staged]   → robot b: IoU 0.477 → 0.523  ✓
    ↑ new global best IoU 0.523  [phase Ph1 robot b]
[staged]   Ph1 robot c  zone 6  (uncovered: 3% of target)
    voronoi warm-start: IoU 0.509 ≤ 0.523, kept current
    [parallel] 10 worker threads, one renderer clone each
    init sampling: best coverage score 115.0px of uncovered area  (16 samples)
[staged]   → robot c: IoU 0.523 → 0.570  ✓
    ↑ new global best IoU 0.570  [phase Ph1 robot c]
[staged]   Ph1 robot d  zone 1  (uncovered: 8% of target)
    voronoi warm-start: IoU 0.532 ≤ 0.570, kept current
    [parallel] 10 worker threads, one renderer clone each
    init sampling: best coverage score 240.0px of uncovered area  (16 samples)
[staged]   → robot d: IoU 0.570 → 0.617  ✓
    ↑ new global best IoU 0.617  [phase Ph1 robot d]
[staged]   Ph1 robot e  zone 5  (uncovered: 0% of target)
    voronoi warm-start: IoU 0.611 ≤ 0.617, kept current
    [parallel] 10 worker threads, one renderer clone each
    init sampling: best coverage score 16.0px of uncovered area  (16 samples)
[staged]   → robot e: IoU 0.617 → 0.628  ✓
    ↑ new global best IoU 0.628  [phase Ph1 robot e]
[staged]   Ph1 robot f  zone 4  (uncovered: 1% of target)
    voronoi warm-start: IoU 0.603 ≤ 0.628, kept current
    [parallel] 10 worker threads, one renderer clone each
    init sampling: best coverage score 5.0px of uncovered area  (16 samples)
[staged]   → robot f: IoU 0.628 → 0.632  ✓
    ↑ new global best IoU 0.632  [phase Ph1 robot f]
[staged]   Ph1 robot g  zone 0  (uncovered: 3% of target)
    voronoi warm-start: IoU 0.607 ≤ 0.632, kept current
    [parallel] 10 worker threads, one renderer clone each
    init sampling: best coverage score 53.0px of uncovered area  (16 samples)
[staged]   → robot g: IoU 0.632 → 0.655  ✓
    ↑ new global best IoU 0.655  [phase Ph1 robot g]
[staged] Phase 1 done — composite IoU: 0.655

[staged] Phase 2 — backward pass  (8 iters × 7 robots, sigma=0.300)
[staged]   contributions before Phase 2:
[staged]     robot a: +0.025 IoU  ← low
[staged]     robot b: +0.057 IoU
[staged]     robot c: +0.059 IoU
[staged]     robot d: +0.043 IoU  ← low
[staged]     robot e: +0.017 IoU  ← low
[staged]     robot f: +0.014 IoU  ← low
[staged]     robot g: +0.023 IoU  ← low
[staged]   Ph2 robot g  zone 0  (uncovered: 16% of target)
    [parallel] 10 worker threads, one renderer clone each
    init sampling: best coverage score 128.0px of uncovered area  (16 samples)
[staged]   → robot g: candidate 0.653 < current 0.655  ✗ rejected
[staged]   Ph2 robot f  zone 4  (uncovered: 14% of target)
    [parallel] 10 worker threads, one renderer clone each
    init sampling: best coverage score 59.0px of uncovered area  (16 samples)
[staged]   → robot f: IoU 0.655 → 0.663  ✓
    ↑ new global best IoU 0.663  [phase Ph2 robot f]
[staged]   Ph2 robot e  zone 5  (uncovered: 13% of target)
    [parallel] 10 worker threads, one renderer clone each
    init sampling: best coverage score 336.0px of uncovered area  (16 samples)
[staged]   → robot e: IoU 0.663 → 0.696  ✓
    ↑ new global best IoU 0.696  [phase Ph2 robot e]
[staged]   Ph2 robot d  zone 1  (uncovered: 11% of target)
    [parallel] 10 worker threads, one renderer clone each
    init sampling: best coverage score 70.0px of uncovered area  (16 samples)
[staged]   → robot d: candidate 0.680 < current 0.696  ✗ rejected
[staged]   Ph2 robot c  zone 6  (uncovered: 14% of target)
    [parallel] 10 worker threads, one renderer clone each
    init sampling: best coverage score 178.0px of uncovered area  (16 samples)
[staged]   → robot c: candidate 0.688 < current 0.696  ✗ rejected
[staged]   Ph2 robot b  zone 3  (uncovered: 19% of target)
    [parallel] 10 worker threads, one renderer clone each
    init sampling: best coverage score 407.0px of uncovered area  (16 samples)
[staged]   → robot b: IoU 0.696 → 0.697  ✓
    ↑ new global best IoU 0.697  [phase Ph2 robot b]
[staged]   Ph2 robot a  zone 2  (uncovered: 14% of target)
    [parallel] 10 worker threads, one renderer clone each
    init sampling: best coverage score 387.0px of uncovered area  (16 samples)
[staged]   → robot a: IoU 0.697 → 0.722  ✓
    ↑ new global best IoU 0.722  [phase Ph2 robot a]
[staged] Phase 2 done — composite IoU: 0.722

[staged] Best snapshot: Phase 2  IoU=0.722
[staged] Manifold final pass — computing Jacobian  (ε=0.020, 84 renders)
[staged] Manifold basis: k=13D / 42D  (variance≥85%, top eigenvalues: ['254991.47', '149690.16', '109263.44', '99346.32', '68780.96'])
[staged] Manifold did not improve (0.694 vs 0.722), keeping best snapshot
[staged] FD refinement — 5 Adam steps  (420 renders, lr=0.01, ε=0.02)
    ↑ new global best IoU 0.756  [FD refinement]
[staged] FD done — IoU: 0.756  (Δ=+0.034)  ✓
[staged] Done — final IoU: 0.756  loss: 0.2445
[shard 0] 1/10 letters_upper/E_dejavusans-bold  best=0.798 mean=0.764±0.023  220s  eta 0.5h
[staged] Popsize: per-robot phases=32  final=32  (theory optimum for 6 DOF = 10)

[staged] Hungarian pre-assignment  (7×7 cost matrix, 8 samples/entry = 392 renders)...
[staged]   robot_a → zone 1  robot_b → zone 3  robot_c → zone 5  robot_d → zone 0  robot_e → zone 6  robot_f → zone 4  robot_g → zone 2

[staged] Phase 1 — forward greedy  (8 iters × 7 robot(s), sigma=0.40×1.00, popsize=32)
[staged]   Ph1 robot a  zone 1  (uncovered: 15% of target)
    voronoi warm-start: IoU 0.213 → 0.248 ✓
    [parallel] 10 worker threads, one renderer clone each
    init sampling: best coverage score 642.0px of uncovered area  (8 samples)
[staged]   → robot a: IoU 0.213 → 0.338  ✓
    ↑ new global best IoU 0.338  [phase Ph1 robot a]
[staged]   Ph1 robot b  zone 3  (uncovered: 4% of target)
    voronoi warm-start: IoU 0.338 → 0.363 ✓
    [parallel] 10 worker threads, one renderer clone each
    init sampling: best coverage score 146.0px of uncovered area  (8 samples)
[staged]   → robot b: IoU 0.338 → 0.437  ✓
    ↑ new global best IoU 0.437  [phase Ph1 robot b]
[staged]   Ph1 robot c  zone 5  (uncovered: 14% of target)
    voronoi warm-start: IoU 0.437 → 0.439 ✓
    [parallel] 10 worker threads, one renderer clone each
    init sampling: best coverage score 0.0px of uncovered area  (8 samples)
[staged]   → robot c: IoU 0.437 → 0.529  ✓
    ↑ new global best IoU 0.529  [phase Ph1 robot c]
[staged]   Ph1 robot d  zone 0  (uncovered: 5% of target)
    voronoi warm-start: IoU 0.513 ≤ 0.529, kept current
    [parallel] 10 worker threads, one renderer clone each
    init sampling: best coverage score 250.0px of uncovered area  (16 samples)
[staged]   → robot d: IoU 0.529 → 0.567  ✓
    ↑ new global best IoU 0.567  [phase Ph1 robot d]
[staged]   Ph1 robot e  zone 6  (uncovered: 1% of target)
    voronoi warm-start: IoU 0.541 ≤ 0.567, kept current
    [parallel] 10 worker threads, one renderer clone each
    init sampling: best coverage score 0.0px of uncovered area  (16 samples)
[staged]   → robot e: IoU 0.567 → 0.575  ✓
    ↑ new global best IoU 0.575  [phase Ph1 robot e]
[staged]   Ph1 robot f  zone 4  (uncovered: 2% of target)
    voronoi warm-start: IoU 0.562 ≤ 0.575, kept current
    [parallel] 10 worker threads, one renderer clone each
    init sampling: best coverage score 0.0px of uncovered area  (16 samples)
[staged]   → robot f: IoU 0.575 → 0.591  ✓
    ↑ new global best IoU 0.591  [phase Ph1 robot f]
[staged]   Ph1 robot g  zone 2  (uncovered: 1% of target)
    voronoi warm-start: IoU 0.578 ≤ 0.591, kept current
    [parallel] 10 worker threads, one renderer clone each
    init sampling: best coverage score 34.0px of uncovered area  (16 samples)
[staged]   → robot g: IoU 0.591 → 0.606  ✓
    ↑ new global best IoU 0.606  [phase Ph1 robot g]
[staged] Phase 1 done — composite IoU: 0.606

[staged] Phase 2 — backward pass  (8 iters × 7 robots, sigma=0.300)
[staged]   contributions before Phase 2:
[staged]     robot a: +0.046 IoU  ← low
[staged]     robot b: +0.108 IoU
[staged]     robot c: +0.103 IoU
[staged]     robot d: +0.044 IoU  ← low
[staged]     robot e: +0.020 IoU  ← low
[staged]     robot f: +0.025 IoU  ← low
[staged]     robot g: +0.016 IoU  ← low
[staged]   Ph2 robot g  zone 2  (uncovered: 12% of target)
    [parallel] 10 worker threads, one renderer clone each
    init sampling: best coverage score 71.0px of uncovered area  (16 samples)
[staged]   → robot g: IoU 0.606 → 0.610  ✓
    ↑ new global best IoU 0.610  [phase Ph2 robot g]
[staged]   Ph2 robot f  zone 4  (uncovered: 13% of target)
    [parallel] 10 worker threads, one renderer clone each
    init sampling: best coverage score 114.0px of uncovered area  (16 samples)
[staged]   → robot f: candidate 0.606 < current 0.610  ✗ rejected
[staged]   Ph2 robot e  zone 6  (uncovered: 12% of target)
    [parallel] 10 worker threads, one renderer clone each
    init sampling: best coverage score 58.0px of uncovered area  (16 samples)
[staged]   → robot e: candidate 0.608 < current 0.610  ✗ rejected
[staged]   Ph2 robot d  zone 0  (uncovered: 14% of target)
    [parallel] 10 worker threads, one renderer clone each
    init sampling: best coverage score 176.0px of uncovered area  (16 samples)
[staged]   → robot d: IoU 0.610 → 0.617  ✓
    ↑ new global best IoU 0.617  [phase Ph2 robot d]
[staged]   Ph2 robot c  zone 5  (uncovered: 24% of target)
    [parallel] 10 worker threads, one renderer clone each
    init sampling: best coverage score 276.0px of uncovered area  (16 samples)
[staged]   → robot c: candidate 0.611 < current 0.617  ✗ rejected
[staged]   Ph2 robot b  zone 3  (uncovered: 32% of target)
    [parallel] 10 worker threads, one renderer clone each
    init sampling: best coverage score 636.0px of uncovered area  (16 samples)
[staged]   → robot b: candidate 0.600 < current 0.617  ✗ rejected
[staged]   Ph2 robot a  zone 1  (uncovered: 20% of target)
    [parallel] 10 worker threads, one renderer clone each
    init sampling: best coverage score 66.0px of uncovered area  (16 samples)
[staged]   → robot a: candidate 0.610 < current 0.617  ✗ rejected
[staged] Phase 2 done — composite IoU: 0.617

[staged] Best snapshot: Phase 2  IoU=0.617
[staged] Manifold final pass — computing Jacobian  (ε=0.020, 84 renders)
[staged] Manifold basis: k=11D / 42D  (variance≥85%, top eigenvalues: ['452374.69', '212328.91', '207950.94', '123894.49', '105779.63'])
    ↑ new global best IoU 0.620  [manifold final pass]
[staged] Manifold done — IoU: 0.620  (Δ=+0.003)  ✓
[staged] FD refinement — 5 Adam steps  (420 renders, lr=0.01, ε=0.02)
    ↑ new global best IoU 0.648  [FD refinement]
[staged] FD done — IoU: 0.648  (Δ=+0.028)  ✓
[staged] Done — final IoU: 0.648  loss: 0.3554
[staged] Popsize: per-robot phases=32  final=32  (theory optimum for 6 DOF = 10)

[staged] Hungarian pre-assignment  (7×7 cost matrix, 8 samples/entry = 392 renders)...
[staged]   robot_a → zone 2  robot_b → zone 1  robot_c → zone 5  robot_d → zone 4  robot_e → zone 3  robot_f → zone 6  robot_g → zone 0

[staged] Phase 1 — forward greedy  (8 iters × 7 robot(s), sigma=0.40×1.00, popsize=32)
[staged]   Ph1 robot a  zone 2  (uncovered: 16% of target)
    voronoi warm-start: IoU 0.206 ≤ 0.213, kept current
    [parallel] 10 worker threads, one renderer clone each
    init sampling: best coverage score 634.0px of uncovered area  (16 samples)
[staged]   → robot a: IoU 0.213 → 0.413  ✓
    ↑ new global best IoU 0.413  [phase Ph1 robot a]
[staged]   Ph1 robot b  zone 1  (uncovered: 4% of target)
    voronoi warm-start: IoU 0.400 ≤ 0.413, kept current
    [parallel] 10 worker threads, one renderer clone each
    init sampling: best coverage score 201.0px of uncovered area  (16 samples)
[staged]   → robot b: IoU 0.413 → 0.447  ✓
    ↑ new global best IoU 0.447  [phase Ph1 robot b]
[staged]   Ph1 robot c  zone 5  (uncovered: 4% of target)
    voronoi warm-start: IoU 0.447 → 0.471 ✓
    [parallel] 10 worker threads, one renderer clone each
    init sampling: best coverage score 67.0px of uncovered area  (8 samples)
[staged]   → robot c: IoU 0.447 → 0.548  ✓
    ↑ new global best IoU 0.548  [phase Ph1 robot c]
[staged]   Ph1 robot d  zone 4  (uncovered: 4% of target)
    voronoi warm-start: IoU 0.505 ≤ 0.548, kept current
    [parallel] 10 worker threads, one renderer clone each
    init sampling: best coverage score 59.0px of uncovered area  (16 samples)
[staged]   → robot d: IoU 0.548 → 0.601  ✓
    ↑ new global best IoU 0.601  [phase Ph1 robot d]
[staged]   Ph1 robot e  zone 3  (uncovered: 1% of target)
    voronoi warm-start: IoU 0.586 ≤ 0.601, kept current
    [parallel] 10 worker threads, one renderer clone each
    init sampling: best coverage score 16.0px of uncovered area  (16 samples)
[staged]   → robot e: IoU 0.601 → 0.611  ✓
    ↑ new global best IoU 0.611  [phase Ph1 robot e]
[staged]   Ph1 robot f  zone 6  (uncovered: 2% of target)
    voronoi warm-start: IoU 0.573 ≤ 0.611, kept current
    [parallel] 10 worker threads, one renderer clone each
    init sampling: best coverage score 90.0px of uncovered area  (16 samples)
[staged]   → robot f: IoU 0.611 → 0.627  ✓
    ↑ new global best IoU 0.627  [phase Ph1 robot f]
[staged]   Ph1 robot g  zone 0  (uncovered: 0% of target)
    voronoi warm-start: IoU 0.627 → 0.631 ✓
    [parallel] 10 worker threads, one renderer clone each
    init sampling: best coverage score 0.0px of uncovered area  (8 samples)
[staged]   → robot g: IoU 0.627 → 0.642  ✓
    ↑ new global best IoU 0.642  [phase Ph1 robot g]
[staged] Phase 1 done — composite IoU: 0.642

[staged] Phase 2 — backward pass  (8 iters × 7 robots, sigma=0.300)
[staged]   contributions before Phase 2:
[staged]     robot a: +0.129 IoU
[staged]     robot b: +0.046 IoU  ← low
[staged]     robot c: +0.057 IoU
[staged]     robot d: +0.063 IoU
[staged]     robot e: +0.025 IoU  ← low
[staged]     robot f: +0.028 IoU  ← low
[staged]     robot g: +0.015 IoU  ← low
[staged]   Ph2 robot g  zone 0  (uncovered: 9% of target)
    [parallel] 10 worker threads, one renderer clone each
    init sampling: best coverage score 129.0px of uncovered area  (16 samples)
[staged]   → robot g: candidate 0.640 < current 0.642  ✗ rejected
[staged]   Ph2 robot f  zone 6  (uncovered: 11% of target)
    [parallel] 10 worker threads, one renderer clone each
    init sampling: best coverage score 76.0px of uncovered area  (16 samples)
[staged]   → robot f: candidate 0.634 < current 0.642  ✗ rejected
[staged]   Ph2 robot e  zone 3  (uncovered: 9% of target)
    [parallel] 10 worker threads, one renderer clone each
    init sampling: best coverage score 112.0px of uncovered area  (16 samples)
[staged]   → robot e: candidate 0.642 < current 0.642  ✗ rejected
[staged]   Ph2 robot d  zone 4  (uncovered: 16% of target)
    [parallel] 10 worker threads, one renderer clone each
    init sampling: best coverage score 296.0px of uncovered area  (16 samples)
[staged]   → robot d: candidate 0.633 < current 0.642  ✗ rejected
[staged]   Ph2 robot c  zone 5  (uncovered: 17% of target)
    [parallel] 10 worker threads, one renderer clone each
    init sampling: best coverage score 175.0px of uncovered area  (16 samples)
[staged]   → robot c: candidate 0.639 < current 0.642  ✗ rejected
[staged]   Ph2 robot b  zone 1  (uncovered: 11% of target)
    [parallel] 10 worker threads, one renderer clone each
    init sampling: best coverage score 207.0px of uncovered area  (16 samples)
[staged]   → robot b: IoU 0.642 → 0.647  ✓
    ↑ new global best IoU 0.647  [phase Ph2 robot b]
[staged]   Ph2 robot a  zone 2  (uncovered: 27% of target)
    [parallel] 10 worker threads, one renderer clone each
    init sampling: best coverage score 197.0px of uncovered area  (16 samples)
[staged]   → robot a: candidate 0.593 < current 0.647  ✗ rejected
[staged] Phase 2 done — composite IoU: 0.647

[staged] Best snapshot: Phase 2  IoU=0.647
[staged] Manifold final pass — computing Jacobian  (ε=0.020, 84 renders)
[staged] Manifold basis: k=12D / 42D  (variance≥85%, top eigenvalues: ['561368.94', '211599.20', '92295.62', '83041.27', '78491.88'])
    ↑ new global best IoU 0.649  [manifold final pass]
[staged] Manifold done — IoU: 0.649  (Δ=+0.002)  ✓
[staged] FD refinement — 5 Adam steps  (420 renders, lr=0.01, ε=0.02)
    ↑ new global best IoU 0.664  [FD refinement]
[staged] FD done — IoU: 0.664  (Δ=+0.014)  ✓
[staged] Done — final IoU: 0.664  loss: 0.3392
[staged] Popsize: per-robot phases=32  final=32  (theory optimum for 6 DOF = 10)

[staged] Hungarian pre-assignment  (7×7 cost matrix, 8 samples/entry = 392 renders)...
[staged]   robot_a → zone 5  robot_b → zone 3  robot_c → zone 2  robot_d → zone 1  robot_e → zone 0  robot_f → zone 6  robot_g → zone 4

[staged] Phase 1 — forward greedy  (8 iters × 7 robot(s), sigma=0.40×1.00, popsize=32)
[staged]   Ph1 robot a  zone 5  (uncovered: 5% of target)
    voronoi warm-start: IoU 0.213 → 0.256 ✓
    [parallel] 10 worker threads, one renderer clone each
    init sampling: best coverage score 176.0px of uncovered area  (8 samples)
[staged]   → robot a: IoU 0.213 → 0.385  ✓
    ↑ new global best IoU 0.385  [phase Ph1 robot a]
[staged]   Ph1 robot b  zone 3  (uncovered: 6% of target)
    voronoi warm-start: IoU 0.361 ≤ 0.385, kept current
    [parallel] 10 worker threads, one renderer clone each
    init sampling: best coverage score 193.0px of uncovered area  (16 samples)
[staged]   → robot b: IoU 0.385 → 0.494  ✓
    ↑ new global best IoU 0.494  [phase Ph1 robot b]
[staged]   Ph1 robot c  zone 2  (uncovered: 2% of target)
    voronoi warm-start: IoU 0.470 ≤ 0.494, kept current
    [parallel] 10 worker threads, one renderer clone each
    init sampling: best coverage score 89.0px of uncovered area  (16 samples)
[staged]   → robot c: IoU 0.494 → 0.527  ✓
    ↑ new global best IoU 0.527  [phase Ph1 robot c]
[staged]   Ph1 robot d  zone 1  (uncovered: 8% of target)
    voronoi warm-start: IoU 0.506 ≤ 0.527, kept current
    [parallel] 10 worker threads, one renderer clone each
    init sampling: best coverage score 137.0px of uncovered area  (16 samples)
[staged]   → robot d: IoU 0.527 → 0.532  ✓
    ↑ new global best IoU 0.532  [phase Ph1 robot d]
[staged]   Ph1 robot e  zone 0  (uncovered: 1% of target)
    voronoi warm-start: IoU 0.507 ≤ 0.532, kept current
    [parallel] 10 worker threads, one renderer clone each
    init sampling: best coverage score 1.0px of uncovered area  (16 samples)
[staged]   → robot e: IoU 0.532 → 0.570  ✓
    ↑ new global best IoU 0.570  [phase Ph1 robot e]
[staged]   Ph1 robot f  zone 6  (uncovered: 2% of target)
    voronoi warm-start: IoU 0.546 ≤ 0.570, kept current
    [parallel] 10 worker threads, one renderer clone each
    init sampling: best coverage score 57.0px of uncovered area  (16 samples)
[staged]   → robot f: IoU 0.570 → 0.572  ✓
    ↑ new global best IoU 0.572  [phase Ph1 robot f]
[staged]   Ph1 robot g  zone 4  (uncovered: 0% of target)
    voronoi warm-start: IoU 0.558 ≤ 0.572, kept current
    [parallel] 10 worker threads, one renderer clone each
    init sampling: best coverage score 0.0px of uncovered area  (16 samples)
[staged]   → robot g: IoU 0.572 → 0.580  ✓
    ↑ new global best IoU 0.580  [phase Ph1 robot g]
[staged] Phase 1 done — composite IoU: 0.580

[staged] Phase 2 — backward pass  (8 iters × 7 robots, sigma=0.300)
[staged]   contributions before Phase 2:
[staged]     robot a: +0.138 IoU
[staged]     robot b: +0.022 IoU  ← low
[staged]     robot c: +0.028 IoU  ← low
[staged]     robot d: +0.020 IoU  ← low
[staged]     robot e: +0.046 IoU  ← low
[staged]     robot f: +0.008 IoU  ← low
[staged]     robot g: +0.008 IoU  ← low
[staged]   Ph2 robot g  zone 4  (uncovered: 8% of target)
    [parallel] 10 worker threads, one renderer clone each
    init sampling: best coverage score 108.0px of uncovered area  (16 samples)
[staged]   → robot g: IoU 0.580 → 0.596  ✓
    ↑ new global best IoU 0.596  [phase Ph2 robot g]
[staged]   Ph2 robot f  zone 6  (uncovered: 6% of target)
    [parallel] 10 worker threads, one renderer clone each
    init sampling: best coverage score 72.0px of uncovered area  (16 samples)
[staged]   → robot f: IoU 0.596 → 0.607  ✓
    ↑ new global best IoU 0.607  [phase Ph2 robot f]
[staged]   Ph2 robot e  zone 0  (uncovered: 9% of target)
    [parallel] 10 worker threads, one renderer clone each
    init sampling: best coverage score 48.0px of uncovered area  (16 samples)
[staged]   → robot e: candidate 0.590 < current 0.607  ✗ rejected
[staged]   Ph2 robot d  zone 1  (uncovered: 6% of target)
    [parallel] 10 worker threads, one renderer clone each
    init sampling: best coverage score 105.0px of uncovered area  (16 samples)
[staged]   → robot d: IoU 0.607 → 0.608  ✓
    ↑ new global best IoU 0.608  [phase Ph2 robot d]
[staged]   Ph2 robot c  zone 2  (uncovered: 8% of target)
    [parallel] 10 worker threads, one renderer clone each
    init sampling: best coverage score 213.0px of uncovered area  (16 samples)
[staged]   → robot c: IoU 0.608 → 0.609  ✓
    ↑ new global best IoU 0.609  [phase Ph2 robot c]
[staged]   Ph2 robot b  zone 3  (uncovered: 10% of target)
    [parallel] 10 worker threads, one renderer clone each
    init sampling: best coverage score 238.0px of uncovered area  (16 samples)
[staged]   → robot b: IoU 0.609 → 0.615  ✓
    ↑ new global best IoU 0.615  [phase Ph2 robot b]
[staged]   Ph2 robot a  zone 5  (uncovered: 23% of target)
    [parallel] 10 worker threads, one renderer clone each
    init sampling: best coverage score 253.0px of uncovered area  (16 samples)
[staged]   → robot a: IoU 0.615 → 0.646  ✓
    ↑ new global best IoU 0.646  [phase Ph2 robot a]
[staged] Phase 2 done — composite IoU: 0.646

[staged] Best snapshot: Phase 2  IoU=0.646
[staged] Manifold final pass — computing Jacobian  (ε=0.020, 84 renders)
[staged] Manifold basis: k=13D / 42D  (variance≥85%, top eigenvalues: ['387802.78', '170007.28', '155283.94', '107371.99', '84456.36'])
[staged] Manifold did not improve (0.629 vs 0.646), keeping best snapshot
[staged] FD refinement — 5 Adam steps  (420 renders, lr=0.01, ε=0.02)
    ↑ new global best IoU 0.660  [FD refinement]
[staged] FD done — IoU: 0.660  (Δ=+0.014)  ✓
[staged] Done — final IoU: 0.660  loss: 0.3433
[staged] Popsize: per-robot phases=32  final=32  (theory optimum for 6 DOF = 10)

[staged] Hungarian pre-assignment  (7×7 cost matrix, 8 samples/entry = 392 renders)...
[staged]   robot_a → zone 4  robot_b → zone 5  robot_c → zone 1  robot_d → zone 2  robot_e → zone 6  robot_f → zone 0  robot_g → zone 3

[staged] Phase 1 — forward greedy  (8 iters × 7 robot(s), sigma=0.40×1.00, popsize=32)
[staged]   Ph1 robot a  zone 4  (uncovered: 15% of target)
    voronoi warm-start: IoU 0.213 → 0.248 ✓
    [parallel] 10 worker threads, one renderer clone each
    init sampling: best coverage score 539.0px of uncovered area  (8 samples)
[staged]   → robot a: IoU 0.213 → 0.421  ✓
    ↑ new global best IoU 0.421  [phase Ph1 robot a]
[staged]   Ph1 robot b  zone 5  (uncovered: 0% of target)
    voronoi warm-start: IoU 0.421 → 0.424 ✓
    [parallel] 10 worker threads, one renderer clone each
    init sampling: best loss 21.7756 (8 samples)
[staged]   → robot b: IoU 0.421 → 0.528  ✓
    ↑ new global best IoU 0.528  [phase Ph1 robot b]
[staged]   Ph1 robot c  zone 1  (uncovered: 10% of target)
    voronoi warm-start: IoU 0.497 ≤ 0.528, kept current
    [parallel] 10 worker threads, one renderer clone each
    init sampling: best coverage score 135.0px of uncovered area  (16 samples)
[staged]   → robot c: IoU 0.528 → 0.575  ✓
    ↑ new global best IoU 0.575  [phase Ph1 robot c]
[staged]   Ph1 robot d  zone 2  (uncovered: 2% of target)
    voronoi warm-start: IoU 0.560 ≤ 0.575, kept current
    [parallel] 10 worker threads, one renderer clone each
    init sampling: best coverage score 8.0px of uncovered area  (16 samples)
[staged]   → robot d: IoU 0.575 → 0.595  ✓
    ↑ new global best IoU 0.595  [phase Ph1 robot d]
[staged]   Ph1 robot e  zone 6  (uncovered: 0% of target)
    voronoi warm-start: IoU 0.565 ≤ 0.595, kept current
    [parallel] 10 worker threads, one renderer clone each
    init sampling: best coverage score 13.0px of uncovered area  (16 samples)
[staged]   → robot e: IoU 0.595 → 0.606  ✓
    ↑ new global best IoU 0.606  [phase Ph1 robot e]
[staged]   Ph1 robot f  zone 0  (uncovered: 0% of target)
    voronoi warm-start: IoU 0.596 ≤ 0.606, kept current
    [parallel] 10 worker threads, one renderer clone each
    init sampling: best coverage score 4.0px of uncovered area  (16 samples)
[staged]   → robot f: IoU 0.606 → 0.624  ✓
    ↑ new global best IoU 0.624  [phase Ph1 robot f]
[staged]   Ph1 robot g  zone 3  (uncovered: 6% of target)
    voronoi warm-start: IoU 0.624 → 0.631 ✓
    [parallel] 10 worker threads, one renderer clone each
    init sampling: best coverage score 37.0px of uncovered area  (8 samples)
[staged]   → robot g: IoU 0.624 → 0.637  ✓
    ↑ new global best IoU 0.637  [phase Ph1 robot g]
[staged] Phase 1 done — composite IoU: 0.637

[staged] Phase 2 — backward pass  (8 iters × 7 robots, sigma=0.300)
[staged]   contributions before Phase 2:
[staged]     robot a: +0.145 IoU
[staged]     robot b: +0.056 IoU
[staged]     robot c: +0.059 IoU
[staged]     robot d: +0.026 IoU  ← low
[staged]     robot e: +0.018 IoU  ← low
[staged]     robot f: +0.027 IoU  ← low
[staged]     robot g: +0.013 IoU  ← low
[staged]   Ph2 robot g  zone 3  (uncovered: 6% of target)
    [parallel] 10 worker threads, one renderer clone each
    init sampling: best coverage score 13.0px of uncovered area  (16 samples)
[staged]   → robot g: candidate 0.637 < current 0.637  ✗ rejected
[staged]   Ph2 robot f  zone 0  (uncovered: 9% of target)
    [parallel] 10 worker threads, one renderer clone each
    init sampling: best coverage score 71.0px of uncovered area  (16 samples)
[staged]   → robot f: candidate 0.637 < current 0.637  ✗ rejected
[staged]   Ph2 robot e  zone 6  (uncovered: 7% of target)
    [parallel] 10 worker threads, one renderer clone each
    init sampling: best coverage score 45.0px of uncovered area  (16 samples)
[staged]   → robot e: IoU 0.637 → 0.638  ✓
    ↑ new global best IoU 0.638  [phase Ph2 robot e]
[staged]   Ph2 robot d  zone 2  (uncovered: 8% of target)
    [parallel] 10 worker threads, one renderer clone each
    init sampling: best coverage score 71.0px of uncovered area  (16 samples)
[staged]   → robot d: candidate 0.635 < current 0.638  ✗ rejected
[staged]   Ph2 robot c  zone 1  (uncovered: 15% of target)
    [parallel] 10 worker threads, one renderer clone each
    init sampling: best coverage score 218.0px of uncovered area  (16 samples)
[staged]   → robot c: candidate 0.636 < current 0.638  ✗ rejected
[staged]   Ph2 robot b  zone 5  (uncovered: 11% of target)
    [parallel] 10 worker threads, one renderer clone each
    init sampling: best coverage score 227.0px of uncovered area  (16 samples)
[staged]   → robot b: candidate 0.630 < current 0.638  ✗ rejected
[staged]   Ph2 robot a  zone 4  (uncovered: 33% of target)
    [parallel] 10 worker threads, one renderer clone each
    init sampling: best coverage score 482.0px of uncovered area  (16 samples)
[staged]   → robot a: IoU 0.638 → 0.653  ✓
    ↑ new global best IoU 0.653  [phase Ph2 robot a]
[staged] Phase 2 done — composite IoU: 0.653

[staged] Best snapshot: Phase 2  IoU=0.653
[staged] Manifold final pass — computing Jacobian  (ε=0.020, 84 renders)
[staged] Manifold basis: k=11D / 42D  (variance≥85%, top eigenvalues: ['307405.78', '258283.14', '143063.78', '127075.48', '85474.72'])
    ↑ new global best IoU 0.659  [manifold final pass]
[staged] Manifold done — IoU: 0.659  (Δ=+0.006)  ✓
[staged] FD refinement — 5 Adam steps  (420 renders, lr=0.01, ε=0.02)
    ↑ new global best IoU 0.676  [FD refinement]
[staged] FD done — IoU: 0.676  (Δ=+0.017)  ✓
[staged] Done — final IoU: 0.676  loss: 0.3269
[staged] Popsize: per-robot phases=32  final=32  (theory optimum for 6 DOF = 10)

[staged] Hungarian pre-assignment  (7×7 cost matrix, 8 samples/entry = 392 renders)...
[staged]   robot_a → zone 2  robot_b → zone 3  robot_c → zone 6  robot_d → zone 5  robot_e → zone 1  robot_f → zone 4  robot_g → zone 0

[staged] Phase 1 — forward greedy  (8 iters × 7 robot(s), sigma=0.40×1.00, popsize=32)
[staged]   Ph1 robot a  zone 2  (uncovered: 14% of target)
    voronoi warm-start: IoU 0.196 ≤ 0.213, kept current
    [parallel] 10 worker threads, one renderer clone each
    init sampling: best coverage score 579.0px of uncovered area  (16 samples)
[staged]   → robot a: IoU 0.213 → 0.451  ✓
    ↑ new global best IoU 0.451  [phase Ph1 robot a]
[staged]   Ph1 robot b  zone 3  (uncovered: 6% of target)
    voronoi warm-start: IoU 0.407 ≤ 0.451, kept current
    [parallel] 10 worker threads, one renderer clone each
    init sampling: best coverage score 68.0px of uncovered area  (16 samples)
[staged]   → robot b: IoU 0.451 → 0.478  ✓
    ↑ new global best IoU 0.478  [phase Ph1 robot b]
[staged]   Ph1 robot c  zone 6  (uncovered: 1% of target)
    voronoi warm-start: IoU 0.453 ≤ 0.478, kept current
    [parallel] 10 worker threads, one renderer clone each
    init sampling: best coverage score 40.0px of uncovered area  (16 samples)
[staged]   → robot c: IoU 0.478 → 0.526  ✓
    ↑ new global best IoU 0.526  [phase Ph1 robot c]
[staged]   Ph1 robot d  zone 5  (uncovered: 2% of target)
    voronoi warm-start: IoU 0.498 ≤ 0.526, kept current
    [parallel] 10 worker threads, one renderer clone each
    init sampling: best coverage score 30.0px of uncovered area  (16 samples)
[staged]   → robot d: IoU 0.526 → 0.542  ✓
    ↑ new global best IoU 0.542  [phase Ph1 robot d]
[staged]   Ph1 robot e  zone 1  (uncovered: 1% of target)
    voronoi warm-start: IoU 0.539 ≤ 0.542, kept current
    [parallel] 10 worker threads, one renderer clone each
    init sampling: best coverage score 57.0px of uncovered area  (16 samples)
[staged]   → robot e: IoU 0.542 → 0.551  ✓
    ↑ new global best IoU 0.551  [phase Ph1 robot e]
[staged]   Ph1 robot f  zone 4  (uncovered: 2% of target)
    voronoi warm-start: IoU 0.551 → 0.552 ✓
    [parallel] 10 worker threads, one renderer clone each
    init sampling: best coverage score 13.0px of uncovered area  (8 samples)
[staged]   → robot f: IoU 0.551 → 0.565  ✓
    ↑ new global best IoU 0.565  [phase Ph1 robot f]
[staged]   Ph1 robot g  zone 0  (uncovered: 0% of target)
    voronoi warm-start: IoU 0.538 ≤ 0.565, kept current
    [parallel] 10 worker threads, one renderer clone each
    init sampling: best coverage score 3.0px of uncovered area  (16 samples)
[staged]   → robot g: IoU 0.565 → 0.576  ✓
    ↑ new global best IoU 0.576  [phase Ph1 robot g]
[staged] Phase 1 done — composite IoU: 0.576

[staged] Phase 2 — backward pass  (8 iters × 7 robots, sigma=0.300)
[staged]   contributions before Phase 2:
[staged]     robot a: +0.135 IoU
[staged]     robot b: +0.032 IoU  ← low
[staged]     robot c: +0.055 IoU
[staged]     robot d: +0.040 IoU  ← low
[staged]     robot e: +0.017 IoU  ← low
[staged]     robot f: +0.012 IoU  ← low
[staged]     robot g: +0.011 IoU  ← low
[staged]   Ph2 robot g  zone 0  (uncovered: 9% of target)
    [parallel] 10 worker threads, one renderer clone each
    init sampling: best coverage score 51.0px of uncovered area  (16 samples)
[staged]   → robot g: IoU 0.576 → 0.582  ✓
    ↑ new global best IoU 0.582  [phase Ph2 robot g]
[staged]   Ph2 robot f  zone 4  (uncovered: 9% of target)
    [parallel] 10 worker threads, one renderer clone each
    init sampling: best coverage score 44.0px of uncovered area  (16 samples)
[staged]   → robot f: candidate 0.575 < current 0.582  ✗ rejected
[staged]   Ph2 robot e  zone 1  (uncovered: 8% of target)
    [parallel] 10 worker threads, one renderer clone each
    init sampling: best coverage score 47.0px of uncovered area  (16 samples)
[staged]   → robot e: candidate 0.564 < current 0.582  ✗ rejected
[staged]   Ph2 robot d  zone 5  (uncovered: 13% of target)
    [parallel] 10 worker threads, one renderer clone each
    init sampling: best coverage score 127.0px of uncovered area  (16 samples)
[staged]   → robot d: candidate 0.573 < current 0.582  ✗ rejected
[staged]   Ph2 robot c  zone 6  (uncovered: 15% of target)
    [parallel] 10 worker threads, one renderer clone each
    init sampling: best coverage score 285.0px of uncovered area  (16 samples)
[staged]   → robot c: IoU 0.582 → 0.593  ✓
    ↑ new global best IoU 0.593  [phase Ph2 robot c]
[staged]   Ph2 robot b  zone 3  (uncovered: 14% of target)
    [parallel] 10 worker threads, one renderer clone each
    init sampling: best coverage score 171.0px of uncovered area  (16 samples)
[staged]   → robot b: IoU 0.593 → 0.617  ✓
    ↑ new global best IoU 0.617  [phase Ph2 robot b]
[staged]   Ph2 robot a  zone 2  (uncovered: 35% of target)
    [parallel] 10 worker threads, one renderer clone each
    init sampling: best coverage score 496.0px of uncovered area  (16 samples)
[staged]   → robot a: IoU 0.617 → 0.637  ✓
    ↑ new global best IoU 0.637  [phase Ph2 robot a]
[staged] Phase 2 done — composite IoU: 0.637

[staged] Best snapshot: Phase 2  IoU=0.637
[staged] Manifold final pass — computing Jacobian  (ε=0.020, 84 renders)
[staged] Manifold basis: k=12D / 42D  (variance≥85%, top eigenvalues: ['294684.50', '232978.27', '178204.41', '99195.38', '96865.85'])
[staged] Manifold did not improve (0.609 vs 0.637), keeping best snapshot
[staged] FD refinement — 5 Adam steps  (420 renders, lr=0.01, ε=0.02)
    ↑ new global best IoU 0.655  [FD refinement]
[staged] FD done — IoU: 0.655  (Δ=+0.018)  ✓
[staged] Done — final IoU: 0.655  loss: 0.3475
[shard 0] 2/10 letters_upper/H_dejavusans-bold  best=0.676 mean=0.660±0.009  218s  eta 0.5h
[staged] Popsize: per-robot phases=32  final=32  (theory optimum for 6 DOF = 10)

[staged] Hungarian pre-assignment  (7×7 cost matrix, 8 samples/entry = 392 renders)...
[staged]   robot_a → zone 4  robot_b → zone 2  robot_c → zone 0  robot_d → zone 5  robot_e → zone 3  robot_f → zone 1  robot_g → zone 6

[staged] Phase 1 — forward greedy  (8 iters × 7 robot(s), sigma=0.40×1.00, popsize=32)
[staged]   Ph1 robot a  zone 4  (uncovered: 15% of target)
    voronoi warm-start: IoU 0.213 → 0.339 ✓
    [parallel] 10 worker threads, one renderer clone each
    init sampling: best coverage score 631.0px of uncovered area  (8 samples)
[staged]   → robot a: IoU 0.213 → 0.413  ✓
    ↑ new global best IoU 0.413  [phase Ph1 robot a]
[staged]   Ph1 robot b  zone 2  (uncovered: 2% of target)
    voronoi warm-start: IoU 0.413 → 0.419 ✓
    [parallel] 10 worker threads, one renderer clone each
    init sampling: best coverage score 42.0px of uncovered area  (8 samples)
[staged]   → robot b: IoU 0.413 → 0.521  ✓
    ↑ new global best IoU 0.521  [phase Ph1 robot b]
[staged]   Ph1 robot c  zone 0  (uncovered: 10% of target)
    voronoi warm-start: IoU 0.504 ≤ 0.521, kept current
    [parallel] 10 worker threads, one renderer clone each
    init sampling: best coverage score 3.0px of uncovered area  (16 samples)
[staged]   → robot c: IoU 0.521 → 0.546  ✓
    ↑ new global best IoU 0.546  [phase Ph1 robot c]
[staged]   Ph1 robot d  zone 5  (uncovered: 3% of target)
    voronoi warm-start: IoU 0.522 ≤ 0.546, kept current
    [parallel] 10 worker threads, one renderer clone each
    init sampling: best coverage score 117.0px of uncovered area  (16 samples)
[staged]   → robot d: IoU 0.546 → 0.565  ✓
    ↑ new global best IoU 0.565  [phase Ph1 robot d]
[staged]   Ph1 robot e  zone 3  (uncovered: 0% of target)
    voronoi warm-start: IoU 0.552 ≤ 0.565, kept current
    [parallel] 10 worker threads, one renderer clone each
    init sampling: best coverage score 6.0px of uncovered area  (16 samples)
[staged]   → robot e: IoU 0.565 → 0.609  ✓
    ↑ new global best IoU 0.609  [phase Ph1 robot e]
[staged]   Ph1 robot f  zone 1  (uncovered: 5% of target)
    voronoi warm-start: IoU 0.600 ≤ 0.609, kept current
    [parallel] 10 worker threads, one renderer clone each
    init sampling: best coverage score 43.0px of uncovered area  (16 samples)
[staged]   → robot f: IoU 0.609 → 0.630  ✓
    ↑ new global best IoU 0.630  [phase Ph1 robot f]
[staged]   Ph1 robot g  zone 6  (uncovered: 1% of target)
    voronoi warm-start: IoU 0.617 ≤ 0.630, kept current
    [parallel] 10 worker threads, one renderer clone each
    init sampling: best coverage score 0.0px of uncovered area  (16 samples)
[staged]   → robot g: IoU 0.630 → 0.645  ✓
    ↑ new global best IoU 0.645  [phase Ph1 robot g]
[staged] Phase 1 done — composite IoU: 0.645

[staged] Phase 2 — backward pass  (8 iters × 7 robots, sigma=0.300)
[staged]   contributions before Phase 2:
[staged]     robot a: +0.056 IoU
[staged]     robot b: +0.073 IoU
[staged]     robot c: +0.014 IoU  ← low
[staged]     robot d: +0.031 IoU  ← low
[staged]     robot e: +0.056 IoU
[staged]     robot f: +0.033 IoU  ← low
[staged]     robot g: +0.015 IoU  ← low
[staged]   Ph2 robot g  zone 6  (uncovered: 9% of target)
    [parallel] 10 worker threads, one renderer clone each
    init sampling: best coverage score 22.0px of uncovered area  (16 samples)
[staged]   → robot g: IoU 0.645 → 0.645  ✓
    ↑ new global best IoU 0.645  [phase Ph2 robot g]
[staged]   Ph2 robot f  zone 1  (uncovered: 12% of target)
    [parallel] 10 worker threads, one renderer clone each
    init sampling: best coverage score 42.0px of uncovered area  (16 samples)
[staged]   → robot f: IoU 0.645 → 0.647  ✓
    ↑ new global best IoU 0.647  [phase Ph2 robot f]
[staged]   Ph2 robot e  zone 3  (uncovered: 15% of target)
    [parallel] 10 worker threads, one renderer clone each
    init sampling: best coverage score 29.0px of uncovered area  (16 samples)
[staged]   → robot e: candidate 0.609 < current 0.647  ✗ rejected
[staged]   Ph2 robot d  zone 5  (uncovered: 10% of target)
    [parallel] 10 worker threads, one renderer clone each
    init sampling: best coverage score 69.0px of uncovered area  (16 samples)
[staged]   → robot d: candidate 0.642 < current 0.647  ✗ rejected
[staged]   Ph2 robot c  zone 0  (uncovered: 12% of target)
    [parallel] 10 worker threads, one renderer clone each
    init sampling: best coverage score 130.0px of uncovered area  (16 samples)
[staged]   → robot c: IoU 0.647 → 0.668  ✓
    ↑ new global best IoU 0.668  [phase Ph2 robot c]
[staged]   Ph2 robot b  zone 2  (uncovered: 23% of target)
    [parallel] 10 worker threads, one renderer clone each
    init sampling: best coverage score 357.0px of uncovered area  (16 samples)
[staged]   → robot b: IoU 0.668 → 0.709  ✓
    ↑ new global best IoU 0.709  [phase Ph2 robot b]
[staged]   Ph2 robot a  zone 4  (uncovered: 13% of target)
    [parallel] 10 worker threads, one renderer clone each
    init sampling: best coverage score 143.0px of uncovered area  (16 samples)
[staged]   → robot a: IoU 0.709 → 0.726  ✓
    ↑ new global best IoU 0.726  [phase Ph2 robot a]
[staged] Phase 2 done — composite IoU: 0.726

[staged] Best snapshot: Phase 2  IoU=0.726
[staged] Manifold final pass — computing Jacobian  (ε=0.020, 84 renders)
[staged] Manifold basis: k=11D / 42D  (variance≥85%, top eigenvalues: ['239529.45', '194668.41', '192579.73', '161039.81', '96157.29'])
[staged] Manifold did not improve (0.708 vs 0.726), keeping best snapshot
[staged] FD refinement — 5 Adam steps  (420 renders, lr=0.01, ε=0.02)
    ↑ new global best IoU 0.753  [FD refinement]
[staged] FD done — IoU: 0.753  (Δ=+0.027)  ✓
[staged] Done — final IoU: 0.753  loss: 0.2481
[staged] Popsize: per-robot phases=32  final=32  (theory optimum for 6 DOF = 10)

[staged] Hungarian pre-assignment  (7×7 cost matrix, 8 samples/entry = 392 renders)...
[staged]   robot_a → zone 0  robot_b → zone 1  robot_c → zone 2  robot_d → zone 6  robot_e → zone 4  robot_f → zone 5  robot_g → zone 3

[staged] Phase 1 — forward greedy  (8 iters × 7 robot(s), sigma=0.40×1.00, popsize=32)
[staged]   Ph1 robot a  zone 0  (uncovered: 14% of target)
    voronoi warm-start: IoU 0.209 ≤ 0.213, kept current
    [parallel] 10 worker threads, one renderer clone each
    init sampling: best coverage score 355.0px of uncovered area  (16 samples)
[staged]   → robot a: IoU 0.213 → 0.429  ✓
    ↑ new global best IoU 0.429  [phase Ph1 robot a]
[staged]   Ph1 robot b  zone 1  (uncovered: 4% of target)
    voronoi warm-start: IoU 0.410 ≤ 0.429, kept current
    [parallel] 10 worker threads, one renderer clone each
    init sampling: best coverage score 172.0px of uncovered area  (16 samples)
[staged]   → robot b: IoU 0.429 → 0.518  ✓
    ↑ new global best IoU 0.518  [phase Ph1 robot b]
[staged]   Ph1 robot c  zone 2  (uncovered: 1% of target)
    voronoi warm-start: IoU 0.482 ≤ 0.518, kept current
    [parallel] 10 worker threads, one renderer clone each
    init sampling: best coverage score 32.0px of uncovered area  (16 samples)
[staged]   → robot c: IoU 0.518 → 0.563  ✓
    ↑ new global best IoU 0.563  [phase Ph1 robot c]
[staged]   Ph1 robot d  zone 6  (uncovered: 10% of target)
    voronoi warm-start: IoU 0.554 ≤ 0.563, kept current
    [parallel] 10 worker threads, one renderer clone each
    init sampling: best coverage score 6.0px of uncovered area  (16 samples)
[staged]   → robot d: IoU 0.563 → 0.579  ✓
    ↑ new global best IoU 0.579  [phase Ph1 robot d]
[staged]   Ph1 robot e  zone 4  (uncovered: 2% of target)
    voronoi warm-start: IoU 0.577 ≤ 0.579, kept current
    [parallel] 10 worker threads, one renderer clone each
    init sampling: best coverage score 51.0px of uncovered area  (16 samples)
[staged]   → robot e: IoU 0.579 → 0.597  ✓
    ↑ new global best IoU 0.597  [phase Ph1 robot e]
[staged]   Ph1 robot f  zone 5  (uncovered: 1% of target)
    voronoi warm-start: IoU 0.568 ≤ 0.597, kept current
    [parallel] 10 worker threads, one renderer clone each
    init sampling: best coverage score 40.0px of uncovered area  (16 samples)
[staged]   → robot f: IoU 0.597 → 0.612  ✓
    ↑ new global best IoU 0.612  [phase Ph1 robot f]
[staged]   Ph1 robot g  zone 3  (uncovered: 1% of target)
    voronoi warm-start: IoU 0.612 → 0.614 ✓
    [parallel] 10 worker threads, one renderer clone each
    init sampling: best coverage score 1.0px of uncovered area  (8 samples)
[staged]   → robot g: IoU 0.612 → 0.633  ✓
    ↑ new global best IoU 0.633  [phase Ph1 robot g]
[staged] Phase 1 done — composite IoU: 0.633

[staged] Phase 2 — backward pass  (8 iters × 7 robots, sigma=0.300)
[staged]   contributions before Phase 2:
[staged]     robot a: +0.024 IoU  ← low
[staged]     robot b: +0.057 IoU
[staged]     robot c: +0.056 IoU
[staged]     robot d: +0.016 IoU  ← low
[staged]     robot e: +0.017 IoU  ← low
[staged]     robot f: +0.027 IoU  ← low
[staged]     robot g: +0.021 IoU  ← low
[staged]   Ph2 robot g  zone 3  (uncovered: 18% of target)
    [parallel] 10 worker threads, one renderer clone each
    init sampling: best coverage score 48.0px of uncovered area  (16 samples)
[staged]   → robot g: IoU 0.633 → 0.692  ✓
    ↑ new global best IoU 0.692  [phase Ph2 robot g]
[staged]   Ph2 robot f  zone 5  (uncovered: 11% of target)
    [parallel] 10 worker threads, one renderer clone each
    init sampling: best coverage score 122.0px of uncovered area  (16 samples)
[staged]   → robot f: IoU 0.692 → 0.697  ✓
    ↑ new global best IoU 0.697  [phase Ph2 robot f]
[staged]   Ph2 robot e  zone 4  (uncovered: 11% of target)
    [parallel] 10 worker threads, one renderer clone each
    init sampling: best coverage score 56.0px of uncovered area  (16 samples)
[staged]   → robot e: candidate 0.688 < current 0.697  ✗ rejected
[staged]   Ph2 robot d  zone 6  (uncovered: 9% of target)
    [parallel] 10 worker threads, one renderer clone each
    init sampling: best coverage score 62.0px of uncovered area  (16 samples)
[staged]   → robot d: IoU 0.697 → 0.701  ✓
    ↑ new global best IoU 0.701  [phase Ph2 robot d]
[staged]   Ph2 robot c  zone 2  (uncovered: 13% of target)
    [parallel] 10 worker threads, one renderer clone each
    init sampling: best coverage score 151.0px of uncovered area  (16 samples)
[staged]   → robot c: candidate 0.693 < current 0.701  ✗ rejected
[staged]   Ph2 robot b  zone 1  (uncovered: 11% of target)
    [parallel] 10 worker threads, one renderer clone each
    init sampling: best coverage score 129.0px of uncovered area  (16 samples)
[staged]   → robot b: candidate 0.683 < current 0.701  ✗ rejected
[staged]   Ph2 robot a  zone 0  (uncovered: 12% of target)
    [parallel] 10 worker threads, one renderer clone each
    init sampling: best coverage score 156.0px of uncovered area  (16 samples)
[staged]   → robot a: IoU 0.701 → 0.721  ✓
    ↑ new global best IoU 0.721  [phase Ph2 robot a]
[staged] Phase 2 done — composite IoU: 0.721

[staged] Best snapshot: Phase 2  IoU=0.721
[staged] Manifold final pass — computing Jacobian  (ε=0.020, 84 renders)
[staged] Manifold basis: k=11D / 42D  (variance≥85%, top eigenvalues: ['306803.75', '281890.44', '136911.09', '106968.38', '85950.49'])
[staged] Manifold did not improve (0.704 vs 0.721), keeping best snapshot
[staged] FD refinement — 5 Adam steps  (420 renders, lr=0.01, ε=0.02)
    ↑ new global best IoU 0.745  [FD refinement]
[staged] FD done — IoU: 0.745  (Δ=+0.024)  ✓
[staged] Done — final IoU: 0.745  loss: 0.2559
[staged] Popsize: per-robot phases=32  final=32  (theory optimum for 6 DOF = 10)

[staged] Hungarian pre-assignment  (7×7 cost matrix, 8 samples/entry = 392 renders)...
[staged]   robot_a → zone 2  robot_b → zone 5  robot_c → zone 3  robot_d → zone 6  robot_e → zone 0  robot_f → zone 1  robot_g → zone 4

[staged] Phase 1 — forward greedy  (8 iters × 7 robot(s), sigma=0.40×1.00, popsize=32)
[staged]   Ph1 robot a  zone 2  (uncovered: 14% of target)
    voronoi warm-start: IoU 0.213 → 0.333 ✓
    [parallel] 10 worker threads, one renderer clone each
    init sampling: best coverage score 105.0px of uncovered area  (8 samples)
[staged]   → robot a: IoU 0.213 → 0.406  ✓
    ↑ new global best IoU 0.406  [phase Ph1 robot a]
[staged]   Ph1 robot b  zone 5  (uncovered: 2% of target)
    voronoi warm-start: IoU 0.359 ≤ 0.406, kept current
    [parallel] 10 worker threads, one renderer clone each
    init sampling: best coverage score 80.0px of uncovered area  (16 samples)
[staged]   → robot b: IoU 0.406 → 0.479  ✓
    ↑ new global best IoU 0.479  [phase Ph1 robot b]
[staged]   Ph1 robot c  zone 3  (uncovered: 1% of target)
    voronoi warm-start: IoU 0.439 ≤ 0.479, kept current
    [parallel] 10 worker threads, one renderer clone each
    init sampling: best coverage score 26.0px of uncovered area  (16 samples)
[staged]   → robot c: IoU 0.479 → 0.527  ✓
    ↑ new global best IoU 0.527  [phase Ph1 robot c]
[staged]   Ph1 robot d  zone 6  (uncovered: 11% of target)
    voronoi warm-start: IoU 0.523 ≤ 0.527, kept current
    [parallel] 10 worker threads, one renderer clone each
    init sampling: best coverage score 219.0px of uncovered area  (16 samples)
[staged]   → robot d: IoU 0.527 → 0.538  ✓
    ↑ new global best IoU 0.538  [phase Ph1 robot d]
[staged]   Ph1 robot e  zone 0  (uncovered: 8% of target)
    voronoi warm-start: IoU 0.529 ≤ 0.538, kept current
    [parallel] 10 worker threads, one renderer clone each
    init sampling: best coverage score 43.0px of uncovered area  (16 samples)
[staged]   → robot e: IoU 0.538 → 0.547  ✓
    ↑ new global best IoU 0.547  [phase Ph1 robot e]
[staged]   Ph1 robot f  zone 1  (uncovered: 0% of target)
    voronoi warm-start: IoU 0.526 ≤ 0.547, kept current
    [parallel] 10 worker threads, one renderer clone each
    init sampling: best coverage score 4.0px of uncovered area  (16 samples)
[staged]   → robot f: IoU 0.547 → 0.571  ✓
    ↑ new global best IoU 0.571  [phase Ph1 robot f]
[staged]   Ph1 robot g  zone 4  (uncovered: 1% of target)
    voronoi warm-start: IoU 0.563 ≤ 0.571, kept current
    [parallel] 10 worker threads, one renderer clone each
    init sampling: best coverage score 20.0px of uncovered area  (16 samples)
[staged]   → robot g: IoU 0.571 → 0.586  ✓
    ↑ new global best IoU 0.586  [phase Ph1 robot g]
[staged] Phase 1 done — composite IoU: 0.586

[staged] Phase 2 — backward pass  (8 iters × 7 robots, sigma=0.300)
[staged]   contributions before Phase 2:
[staged]     robot a: +0.036 IoU  ← low
[staged]     robot b: +0.045 IoU  ← low
[staged]     robot c: +0.033 IoU  ← low
[staged]     robot d: +0.013 IoU  ← low
[staged]     robot e: +0.021 IoU  ← low
[staged]     robot f: +0.035 IoU  ← low
[staged]     robot g: +0.016 IoU  ← low
[staged]   Ph2 robot g  zone 4  (uncovered: 18% of target)
    [parallel] 10 worker threads, one renderer clone each
    init sampling: best coverage score 342.0px of uncovered area  (16 samples)
[staged]   → robot g: IoU 0.586 → 0.645  ✓
    ↑ new global best IoU 0.645  [phase Ph2 robot g]
[staged]   Ph2 robot f  zone 1  (uncovered: 13% of target)
    [parallel] 10 worker threads, one renderer clone each
    init sampling: best coverage score 160.0px of uncovered area  (16 samples)
[staged]   → robot f: IoU 0.645 → 0.656  ✓
    ↑ new global best IoU 0.656  [phase Ph2 robot f]
[staged]   Ph2 robot e  zone 0  (uncovered: 9% of target)
    [parallel] 10 worker threads, one renderer clone each
    init sampling: best coverage score 51.0px of uncovered area  (16 samples)
[staged]   → robot e: candidate 0.656 < current 0.656  ✗ rejected
[staged]   Ph2 robot d  zone 6  (uncovered: 9% of target)
    [parallel] 10 worker threads, one renderer clone each
    init sampling: best coverage score 89.0px of uncovered area  (16 samples)
[staged]   → robot d: IoU 0.656 → 0.667  ✓
    ↑ new global best IoU 0.667  [phase Ph2 robot d]
[staged]   Ph2 robot c  zone 3  (uncovered: 13% of target)
    [parallel] 10 worker threads, one renderer clone each
    init sampling: best coverage score 253.0px of uncovered area  (16 samples)
[staged]   → robot c: IoU 0.667 → 0.689  ✓
    ↑ new global best IoU 0.689  [phase Ph2 robot c]
[staged]   Ph2 robot b  zone 5  (uncovered: 16% of target)
    [parallel] 10 worker threads, one renderer clone each
    init sampling: best coverage score 172.0px of uncovered area  (16 samples)
[staged]   → robot b: candidate 0.681 < current 0.689  ✗ rejected
[staged]   Ph2 robot a  zone 2  (uncovered: 9% of target)
    [parallel] 10 worker threads, one renderer clone each
    init sampling: best coverage score 124.0px of uncovered area  (16 samples)
[staged]   → robot a: IoU 0.689 → 0.709  ✓
    ↑ new global best IoU 0.709  [phase Ph2 robot a]
[staged] Phase 2 done — composite IoU: 0.709

[staged] Best snapshot: Phase 2  IoU=0.709
[staged] Manifold final pass — computing Jacobian  (ε=0.020, 84 renders)
[staged] Manifold basis: k=12D / 42D  (variance≥85%, top eigenvalues: ['206334.47', '190336.27', '181799.31', '132674.20', '60509.98'])
[staged] Manifold did not improve (0.653 vs 0.709), keeping best snapshot
[staged] FD refinement — 5 Adam steps  (420 renders, lr=0.01, ε=0.02)
    ↑ new global best IoU 0.735  [FD refinement]
[staged] FD done — IoU: 0.735  (Δ=+0.027)  ✓
[staged] Done — final IoU: 0.735  loss: 0.2662
[staged] Popsize: per-robot phases=32  final=32  (theory optimum for 6 DOF = 10)

[staged] Hungarian pre-assignment  (7×7 cost matrix, 8 samples/entry = 392 renders)...
[staged]   robot_a → zone 1  robot_b → zone 6  robot_c → zone 2  robot_d → zone 5  robot_e → zone 0  robot_f → zone 4  robot_g → zone 3

[staged] Phase 1 — forward greedy  (8 iters × 7 robot(s), sigma=0.40×1.00, popsize=32)
[staged]   Ph1 robot a  zone 1  (uncovered: 15% of target)
    voronoi warm-start: IoU 0.213 → 0.339 ✓
    [parallel] 10 worker threads, one renderer clone each
    init sampling: best coverage score 613.0px of uncovered area  (8 samples)
[staged]   → robot a: IoU 0.213 → 0.429  ✓
    ↑ new global best IoU 0.429  [phase Ph1 robot a]
[staged]   Ph1 robot b  zone 6  (uncovered: 4% of target)
    voronoi warm-start: IoU 0.409 ≤ 0.429, kept current
    [parallel] 10 worker threads, one renderer clone each
    init sampling: best coverage score 2.0px of uncovered area  (16 samples)
[staged]   → robot b: IoU 0.429 → 0.556  ✓
    ↑ new global best IoU 0.556  [phase Ph1 robot b]
[staged]   Ph1 robot c  zone 2  (uncovered: 19% of target)
    voronoi warm-start: IoU 0.531 ≤ 0.556, kept current
    [parallel] 10 worker threads, one renderer clone each
    init sampling: best coverage score 58.0px of uncovered area  (16 samples)
[staged]   → robot c: IoU 0.556 → 0.605  ✓
    ↑ new global best IoU 0.605  [phase Ph1 robot c]
[staged]   Ph1 robot d  zone 5  (uncovered: 2% of target)
    voronoi warm-start: IoU 0.591 ≤ 0.605, kept current
    [parallel] 10 worker threads, one renderer clone each
    init sampling: best coverage score 51.0px of uncovered area  (16 samples)
[staged]   → robot d: IoU 0.605 → 0.620  ✓
    ↑ new global best IoU 0.620  [phase Ph1 robot d]
[staged]   Ph1 robot e  zone 0  (uncovered: 1% of target)
    voronoi warm-start: IoU 0.589 ≤ 0.620, kept current
    [parallel] 10 worker threads, one renderer clone each
    init sampling: best coverage score 51.0px of uncovered area  (16 samples)
[staged]   → robot e: IoU 0.620 → 0.633  ✓
    ↑ new global best IoU 0.633  [phase Ph1 robot e]
[staged]   Ph1 robot f  zone 4  (uncovered: 0% of target)
    voronoi warm-start: IoU 0.622 ≤ 0.633, kept current
    [parallel] 10 worker threads, one renderer clone each
    init sampling: best coverage score 4.0px of uncovered area  (16 samples)
[staged]   → robot f: IoU 0.633 → 0.638  ✓
    ↑ new global best IoU 0.638  [phase Ph1 robot f]
[staged]   Ph1 robot g  zone 3  (uncovered: 0% of target)
    voronoi warm-start: IoU 0.638 → 0.652 ✓
    [parallel] 10 worker threads, one renderer clone each
    init sampling: best coverage score 0.0px of uncovered area  (8 samples)
[staged]   → robot g: IoU 0.638 → 0.660  ✓
    ↑ new global best IoU 0.660  [phase Ph1 robot g]
[staged] Phase 1 done — composite IoU: 0.660

[staged] Phase 2 — backward pass  (8 iters × 7 robots, sigma=0.300)
[staged]   contributions before Phase 2:
[staged]     robot a: +0.033 IoU  ← low
[staged]     robot b: +0.130 IoU
[staged]     robot c: +0.031 IoU  ← low
[staged]     robot d: +0.027 IoU  ← low
[staged]     robot e: +0.026 IoU  ← low
[staged]     robot f: +0.016 IoU  ← low
[staged]     robot g: +0.022 IoU  ← low
[staged]   Ph2 robot g  zone 3  (uncovered: 4% of target)
    [parallel] 10 worker threads, one renderer clone each
    init sampling: best coverage score 64.0px of uncovered area  (16 samples)
[staged]   → robot g: candidate 0.660 < current 0.660  ✗ rejected
[staged]   Ph2 robot f  zone 4  (uncovered: 3% of target)
    [parallel] 10 worker threads, one renderer clone each
    init sampling: best coverage score 21.0px of uncovered area  (16 samples)
[staged]   → robot f: IoU 0.660 → 0.660  ✓
[staged]   Ph2 robot e  zone 0  (uncovered: 4% of target)
    [parallel] 10 worker threads, one renderer clone each
    init sampling: best coverage score 54.0px of uncovered area  (16 samples)
[staged]   → robot e: candidate 0.653 < current 0.660  ✗ rejected
[staged]   Ph2 robot d  zone 5  (uncovered: 7% of target)
    [parallel] 10 worker threads, one renderer clone each
    init sampling: best coverage score 5.0px of uncovered area  (16 samples)
[staged]   → robot d: IoU 0.660 → 0.669  ✓
    ↑ new global best IoU 0.669  [phase Ph2 robot d]
[staged]   Ph2 robot c  zone 2  (uncovered: 9% of target)
    [parallel] 10 worker threads, one renderer clone each
    init sampling: best coverage score 147.0px of uncovered area  (16 samples)
[staged]   → robot c: IoU 0.669 → 0.670  ✓
    ↑ new global best IoU 0.670  [phase Ph2 robot c]
[staged]   Ph2 robot b  zone 6  (uncovered: 21% of target)
    [parallel] 10 worker threads, one renderer clone each
    init sampling: best coverage score 406.0px of uncovered area  (16 samples)
[staged]   → robot b: candidate 0.665 < current 0.670  ✗ rejected
[staged]   Ph2 robot a  zone 1  (uncovered: 12% of target)
    [parallel] 10 worker threads, one renderer clone each
    init sampling: best coverage score 260.0px of uncovered area  (16 samples)
[staged]   → robot a: IoU 0.670 → 0.690  ✓
    ↑ new global best IoU 0.690  [phase Ph2 robot a]
[staged] Phase 2 done — composite IoU: 0.690

[staged] Best snapshot: Phase 2  IoU=0.690
[staged] Manifold final pass — computing Jacobian  (ε=0.020, 84 renders)
[staged] Manifold basis: k=10D / 42D  (variance≥85%, top eigenvalues: ['291777.84', '232892.36', '103602.42', '72625.70', '66412.76'])
[staged] Manifold did not improve (0.688 vs 0.690), keeping best snapshot
[staged] FD refinement — 5 Adam steps  (420 renders, lr=0.01, ε=0.02)
    ↑ new global best IoU 0.707  [FD refinement]
[staged] FD done — IoU: 0.707  (Δ=+0.017)  ✓
[staged] Done — final IoU: 0.707  loss: 0.2941
[staged] Popsize: per-robot phases=32  final=32  (theory optimum for 6 DOF = 10)

[staged] Hungarian pre-assignment  (7×7 cost matrix, 8 samples/entry = 392 renders)...
[staged]   robot_a → zone 5  robot_b → zone 4  robot_c → zone 3  robot_d → zone 0  robot_e → zone 6  robot_f → zone 1  robot_g → zone 2

[staged] Phase 1 — forward greedy  (8 iters × 7 robot(s), sigma=0.40×1.00, popsize=32)
[staged]   Ph1 robot a  zone 5  (uncovered: 15% of target)
    voronoi warm-start: IoU 0.213 → 0.338 ✓
    [parallel] 10 worker threads, one renderer clone each
    init sampling: best coverage score 463.0px of uncovered area  (8 samples)
[staged]   → robot a: IoU 0.213 → 0.459  ✓
    ↑ new global best IoU 0.459  [phase Ph1 robot a]
[staged]   Ph1 robot b  zone 4  (uncovered: 12% of target)
    voronoi warm-start: IoU 0.398 ≤ 0.459, kept current
    [parallel] 10 worker threads, one renderer clone each
    init sampling: best coverage score 59.0px of uncovered area  (16 samples)
[staged]   → robot b: IoU 0.459 → 0.477  ✓
    ↑ new global best IoU 0.477  [phase Ph1 robot b]
[staged]   Ph1 robot c  zone 3  (uncovered: 4% of target)
    voronoi warm-start: IoU 0.437 ≤ 0.477, kept current
    [parallel] 10 worker threads, one renderer clone each
    init sampling: best coverage score 123.0px of uncovered area  (16 samples)
[staged]   → robot c: IoU 0.477 → 0.515  ✓
    ↑ new global best IoU 0.515  [phase Ph1 robot c]
[staged]   Ph1 robot d  zone 0  (uncovered: 4% of target)
    voronoi warm-start: IoU 0.510 ≤ 0.515, kept current
    [parallel] 10 worker threads, one renderer clone each
    init sampling: best coverage score 2.0px of uncovered area  (16 samples)
[staged]   → robot d: IoU 0.515 → 0.564  ✓
    ↑ new global best IoU 0.564  [phase Ph1 robot d]
[staged]   Ph1 robot e  zone 6  (uncovered: 0% of target)
    voronoi warm-start: IoU 0.564 ≤ 0.564, kept current
    [parallel] 10 worker threads, one renderer clone each
    init sampling: best coverage score 11.0px of uncovered area  (16 samples)
[staged]   → robot e: IoU 0.564 → 0.573  ✓
    ↑ new global best IoU 0.573  [phase Ph1 robot e]
[staged]   Ph1 robot f  zone 1  (uncovered: 2% of target)
    voronoi warm-start: IoU 0.556 ≤ 0.573, kept current
    [parallel] 10 worker threads, one renderer clone each
    init sampling: best coverage score 38.0px of uncovered area  (16 samples)
[staged]   → robot f: IoU 0.573 → 0.585  ✓
    ↑ new global best IoU 0.585  [phase Ph1 robot f]
[staged]   Ph1 robot g  zone 2  (uncovered: 0% of target)
    voronoi warm-start: IoU 0.573 ≤ 0.585, kept current
    [parallel] 10 worker threads, one renderer clone each
    init sampling: best coverage score 1.0px of uncovered area  (16 samples)
[staged]   → robot g: IoU 0.585 → 0.605  ✓
    ↑ new global best IoU 0.605  [phase Ph1 robot g]
[staged] Phase 1 done — composite IoU: 0.605

[staged] Phase 2 — backward pass  (8 iters × 7 robots, sigma=0.300)
[staged]   contributions before Phase 2:
[staged]     robot a: +0.091 IoU
[staged]     robot b: +0.053 IoU
[staged]     robot c: +0.045 IoU  ← low
[staged]     robot d: +0.049 IoU  ← low
[staged]     robot e: +0.025 IoU  ← low
[staged]     robot f: +0.024 IoU  ← low
[staged]     robot g: +0.019 IoU  ← low
[staged]   Ph2 robot g  zone 2  (uncovered: 12% of target)
    [parallel] 10 worker threads, one renderer clone each
    init sampling: best coverage score 118.0px of uncovered area  (16 samples)
[staged]   → robot g: IoU 0.605 → 0.620  ✓
    ↑ new global best IoU 0.620  [phase Ph2 robot g]
[staged]   Ph2 robot f  zone 1  (uncovered: 10% of target)
    [parallel] 10 worker threads, one renderer clone each
    init sampling: best coverage score 51.0px of uncovered area  (16 samples)
[staged]   → robot f: candidate 0.615 < current 0.620  ✗ rejected
[staged]   Ph2 robot e  zone 6  (uncovered: 10% of target)
    [parallel] 10 worker threads, one renderer clone each
    init sampling: best coverage score 139.0px of uncovered area  (16 samples)
[staged]   → robot e: IoU 0.620 → 0.634  ✓
    ↑ new global best IoU 0.634  [phase Ph2 robot e]
[staged]   Ph2 robot d  zone 0  (uncovered: 12% of target)
    [parallel] 10 worker threads, one renderer clone each
    init sampling: best coverage score 282.0px of uncovered area  (16 samples)
[staged]   → robot d: IoU 0.634 → 0.652  ✓
    ↑ new global best IoU 0.652  [phase Ph2 robot d]
[staged]   Ph2 robot c  zone 3  (uncovered: 13% of target)
    [parallel] 10 worker threads, one renderer clone each
    init sampling: best coverage score 268.0px of uncovered area  (16 samples)
[staged]   → robot c: IoU 0.652 → 0.678  ✓
    ↑ new global best IoU 0.678  [phase Ph2 robot c]
[staged]   Ph2 robot b  zone 4  (uncovered: 10% of target)
    [parallel] 10 worker threads, one renderer clone each
    init sampling: best coverage score 156.0px of uncovered area  (16 samples)
[staged]   → robot b: IoU 0.678 → 0.693  ✓
    ↑ new global best IoU 0.693  [phase Ph2 robot b]
[staged]   Ph2 robot a  zone 5  (uncovered: 32% of target)
    [parallel] 10 worker threads, one renderer clone each
    init sampling: best coverage score 830.0px of uncovered area  (16 samples)
[staged]   → robot a: IoU 0.693 → 0.696  ✓
    ↑ new global best IoU 0.696  [phase Ph2 robot a]
[staged] Phase 2 done — composite IoU: 0.696

[staged] Best snapshot: Phase 2  IoU=0.696
[staged] Manifold final pass — computing Jacobian  (ε=0.020, 84 renders)
[staged] Manifold basis: k=10D / 42D  (variance≥85%, top eigenvalues: ['220851.67', '214980.09', '169863.56', '158373.39', '145959.86'])
    ↑ new global best IoU 0.738  [manifold final pass]
[staged] Manifold done — IoU: 0.738  (Δ=+0.041)  ✓
[staged] FD refinement — 5 Adam steps  (420 renders, lr=0.01, ε=0.02)
    ↑ new global best IoU 0.768  [FD refinement]
[staged] FD done — IoU: 0.768  (Δ=+0.030)  ✓
[staged] Done — final IoU: 0.768  loss: 0.2329
[shard 0] 3/10 letters_upper/K_dejavusans-bold  best=0.768 mean=0.742±0.020  219s  eta 0.4h
[staged] Popsize: per-robot phases=32  final=32  (theory optimum for 6 DOF = 10)

[staged] Hungarian pre-assignment  (7×7 cost matrix, 8 samples/entry = 392 renders)...
[staged]   robot_a → zone 2  robot_b → zone 5  robot_c → zone 3  robot_d → zone 6  robot_e → zone 1  robot_f → zone 4  robot_g → zone 0

[staged] Phase 1 — forward greedy  (8 iters × 7 robot(s), sigma=0.40×1.00, popsize=32)
[staged]   Ph1 robot a  zone 2  (uncovered: 16% of target)
    voronoi warm-start: IoU 0.233 → 0.316 ✓
    [parallel] 10 worker threads, one renderer clone each
    init sampling: best coverage score 653.0px of uncovered area  (8 samples)
[staged]   → robot a: IoU 0.233 → 0.356  ✓
    ↑ new global best IoU 0.356  [phase Ph1 robot a]
[staged]   Ph1 robot b  zone 5  (uncovered: 0% of target)
    voronoi warm-start: IoU 0.317 ≤ 0.356, kept current
    [parallel] 10 worker threads, one renderer clone each
    init sampling: best coverage score 9.0px of uncovered area  (16 samples)
[staged]   → robot b: IoU 0.356 → 0.484  ✓
    ↑ new global best IoU 0.484  [phase Ph1 robot b]
[staged]   Ph1 robot c  zone 3  (uncovered: 4% of target)
    voronoi warm-start: IoU 0.479 ≤ 0.484, kept current
    [parallel] 10 worker threads, one renderer clone each
    init sampling: best coverage score 0.0px of uncovered area  (16 samples)
[staged]   → robot c: IoU 0.484 → 0.573  ✓
    ↑ new global best IoU 0.573  [phase Ph1 robot c]
[staged]   Ph1 robot d  zone 6  (uncovered: 2% of target)
    voronoi warm-start: IoU 0.548 ≤ 0.573, kept current
    [parallel] 10 worker threads, one renderer clone each
    init sampling: best coverage score 2.0px of uncovered area  (16 samples)
[staged]   → robot d: IoU 0.573 → 0.581  ✓
    ↑ new global best IoU 0.581  [phase Ph1 robot d]
[staged]   Ph1 robot e  zone 1  (uncovered: 1% of target)
    voronoi warm-start: IoU 0.533 ≤ 0.581, kept current
    [parallel] 10 worker threads, one renderer clone each
    init sampling: best coverage score 53.0px of uncovered area  (16 samples)
[staged]   → robot e: IoU 0.581 → 0.602  ✓
    ↑ new global best IoU 0.602  [phase Ph1 robot e]
[staged]   Ph1 robot f  zone 4  (uncovered: 6% of target)
    voronoi warm-start: IoU 0.553 ≤ 0.602, kept current
    [parallel] 10 worker threads, one renderer clone each
    init sampling: best coverage score 7.0px of uncovered area  (16 samples)
[staged]   → robot f: IoU 0.602 → 0.611  ✓
    ↑ new global best IoU 0.611  [phase Ph1 robot f]
[staged]   Ph1 robot g  zone 0  (uncovered: 1% of target)
    voronoi warm-start: IoU 0.593 ≤ 0.611, kept current
    [parallel] 10 worker threads, one renderer clone each
    init sampling: best coverage score 26.0px of uncovered area  (16 samples)
[staged]   → robot g: IoU 0.611 → 0.627  ✓
    ↑ new global best IoU 0.627  [phase Ph1 robot g]
[staged] Phase 1 done — composite IoU: 0.627

[staged] Phase 2 — backward pass  (8 iters × 7 robots, sigma=0.300)
[staged]   contributions before Phase 2:
[staged]     robot a: +0.066 IoU
[staged]     robot b: -0.005 IoU  ← low
[staged]     robot c: +0.062 IoU
[staged]     robot d: +0.020 IoU  ← low
[staged]     robot e: +0.034 IoU  ← low
[staged]     robot f: +0.020 IoU  ← low
[staged]     robot g: +0.017 IoU  ← low
[staged]   Ph2 robot g  zone 0  (uncovered: 9% of target)
    [parallel] 10 worker threads, one renderer clone each
    init sampling: best coverage score 39.0px of uncovered area  (16 samples)
[staged]   → robot g: IoU 0.627 → 0.631  ✓
    ↑ new global best IoU 0.631  [phase Ph2 robot g]
[staged]   Ph2 robot f  zone 4  (uncovered: 8% of target)
    [parallel] 10 worker threads, one renderer clone each
    init sampling: best coverage score 91.0px of uncovered area  (16 samples)
[staged]   → robot f: IoU 0.631 → 0.643  ✓
    ↑ new global best IoU 0.643  [phase Ph2 robot f]
[staged]   Ph2 robot e  zone 1  (uncovered: 9% of target)
    [parallel] 10 worker threads, one renderer clone each
    init sampling: best coverage score 48.0px of uncovered area  (16 samples)
[staged]   → robot e: candidate 0.636 < current 0.643  ✗ rejected
[staged]   Ph2 robot d  zone 6  (uncovered: 7% of target)
    [parallel] 10 worker threads, one renderer clone each
    init sampling: best coverage score 53.0px of uncovered area  (16 samples)
[staged]   → robot d: candidate 0.628 < current 0.643  ✗ rejected
[staged]   Ph2 robot c  zone 3  (uncovered: 11% of target)
    [parallel] 10 worker threads, one renderer clone each
    init sampling: best coverage score 170.0px of uncovered area  (16 samples)
[staged]   → robot c: candidate 0.605 < current 0.643  ✗ rejected
[staged]   Ph2 robot b  zone 5  (uncovered: 7% of target)
    [parallel] 10 worker threads, one renderer clone each
    init sampling: best coverage score 29.0px of uncovered area  (16 samples)
[staged]   → robot b: IoU 0.643 → 0.678  ✓
    ↑ new global best IoU 0.678  [phase Ph2 robot b]
[staged]   Ph2 robot a  zone 2  (uncovered: 21% of target)
    [parallel] 10 worker threads, one renderer clone each
    init sampling: best coverage score 560.0px of uncovered area  (16 samples)
[staged]   → robot a: IoU 0.678 → 0.712  ✓
    ↑ new global best IoU 0.712  [phase Ph2 robot a]
[staged] Phase 2 done — composite IoU: 0.712

[staged] Best snapshot: Phase 2  IoU=0.712
[staged] Manifold final pass — computing Jacobian  (ε=0.020, 84 renders)
[staged] Manifold basis: k=12D / 42D  (variance≥85%, top eigenvalues: ['314248.75', '209633.75', '169748.95', '128637.64', '125921.97'])
[staged] Manifold did not improve (0.693 vs 0.712), keeping best snapshot
[staged] FD refinement — 5 Adam steps  (420 renders, lr=0.01, ε=0.02)
    ↑ new global best IoU 0.731  [FD refinement]
[staged] FD done — IoU: 0.731  (Δ=+0.019)  ✓
[staged] Done — final IoU: 0.731  loss: 0.2711
[staged] Popsize: per-robot phases=32  final=32  (theory optimum for 6 DOF = 10)

[staged] Hungarian pre-assignment  (7×7 cost matrix, 8 samples/entry = 392 renders)...
[staged]   robot_a → zone 3  robot_b → zone 5  robot_c → zone 2  robot_d → zone 4  robot_e → zone 6  robot_f → zone 0  robot_g → zone 1

[staged] Phase 1 — forward greedy  (8 iters × 7 robot(s), sigma=0.40×1.00, popsize=32)
[staged]   Ph1 robot a  zone 3  (uncovered: 14% of target)
    voronoi warm-start: IoU 0.233 → 0.308 ✓
    [parallel] 10 worker threads, one renderer clone each
    init sampling: best coverage score 0.0px of uncovered area  (8 samples)
[staged]   → robot a: IoU 0.233 → 0.408  ✓
    ↑ new global best IoU 0.408  [phase Ph1 robot a]
[staged]   Ph1 robot b  zone 5  (uncovered: 2% of target)
    voronoi warm-start: IoU 0.366 ≤ 0.408, kept current
    [parallel] 10 worker threads, one renderer clone each
    init sampling: best coverage score 53.0px of uncovered area  (16 samples)
[staged]   → robot b: IoU 0.408 → 0.539  ✓
    ↑ new global best IoU 0.539  [phase Ph1 robot b]
[staged]   Ph1 robot c  zone 2  (uncovered: 4% of target)
    voronoi warm-start: IoU 0.480 ≤ 0.539, kept current
    [parallel] 10 worker threads, one renderer clone each
    init sampling: best coverage score 138.0px of uncovered area  (16 samples)
[staged]   → robot c: IoU 0.539 → 0.566  ✓
    ↑ new global best IoU 0.566  [phase Ph1 robot c]
[staged]   Ph1 robot d  zone 4  (uncovered: 11% of target)
    voronoi warm-start: IoU 0.497 ≤ 0.566, kept current
    [parallel] 10 worker threads, one renderer clone each
    init sampling: best coverage score 155.0px of uncovered area  (16 samples)
[staged]   → robot d: IoU 0.566 → 0.625  ✓
    ↑ new global best IoU 0.625  [phase Ph1 robot d]
[staged]   Ph1 robot e  zone 6  (uncovered: 6% of target)
    voronoi warm-start: IoU 0.606 ≤ 0.625, kept current
    [parallel] 10 worker threads, one renderer clone each
    init sampling: best coverage score 46.0px of uncovered area  (16 samples)
[staged]   → robot e: IoU 0.625 → 0.628  ✓
    ↑ new global best IoU 0.628  [phase Ph1 robot e]
[staged]   Ph1 robot f  zone 0  (uncovered: 1% of target)
    voronoi warm-start: IoU 0.592 ≤ 0.628, kept current
    [parallel] 10 worker threads, one renderer clone each
    init sampling: best coverage score 18.0px of uncovered area  (16 samples)
[staged]   → robot f: IoU 0.628 → 0.628  ✓
    ↑ new global best IoU 0.628  [phase Ph1 robot f]
[staged]   Ph1 robot g  zone 1  (uncovered: 1% of target)
    voronoi warm-start: IoU 0.596 ≤ 0.628, kept current
    [parallel] 10 worker threads, one renderer clone each
    init sampling: best coverage score 27.0px of uncovered area  (16 samples)
[staged]   → robot g: IoU 0.628 → 0.636  ✓
    ↑ new global best IoU 0.636  [phase Ph1 robot g]
[staged] Phase 1 done — composite IoU: 0.636

[staged] Phase 2 — backward pass  (8 iters × 7 robots, sigma=0.300)
[staged]   contributions before Phase 2:
[staged]     robot a: +0.116 IoU
[staged]     robot b: +0.056 IoU
[staged]     robot c: +0.032 IoU  ← low
[staged]     robot d: +0.063 IoU
[staged]     robot e: +0.002 IoU  ← low
[staged]     robot f: +0.002 IoU  ← low
[staged]     robot g: +0.008 IoU  ← low
[staged]   Ph2 robot g  zone 1  (uncovered: 13% of target)
    [parallel] 10 worker threads, one renderer clone each
    init sampling: best coverage score 54.0px of uncovered area  (16 samples)
[staged]   → robot g: IoU 0.636 → 0.639  ✓
    ↑ new global best IoU 0.639  [phase Ph2 robot g]
[staged]   Ph2 robot f  zone 0  (uncovered: 10% of target)
    [parallel] 10 worker threads, one renderer clone each
    init sampling: best coverage score 31.0px of uncovered area  (16 samples)
[staged]   → robot f: candidate 0.637 < current 0.639  ✗ rejected
[staged]   Ph2 robot e  zone 6  (uncovered: 10% of target)
    [parallel] 10 worker threads, one renderer clone each
    init sampling: best coverage score 69.0px of uncovered area  (16 samples)
[staged]   → robot e: IoU 0.639 → 0.645  ✓
    ↑ new global best IoU 0.645  [phase Ph2 robot e]
[staged]   Ph2 robot d  zone 4  (uncovered: 19% of target)
    [parallel] 10 worker threads, one renderer clone each
    init sampling: best coverage score 277.0px of uncovered area  (16 samples)
[staged]   → robot d: IoU 0.645 → 0.650  ✓
    ↑ new global best IoU 0.650  [phase Ph2 robot d]
[staged]   Ph2 robot c  zone 2  (uncovered: 12% of target)
    [parallel] 10 worker threads, one renderer clone each
    init sampling: best coverage score 161.0px of uncovered area  (16 samples)
[staged]   → robot c: candidate 0.640 < current 0.650  ✗ rejected
[staged]   Ph2 robot b  zone 5  (uncovered: 14% of target)
    [parallel] 10 worker threads, one renderer clone each
    init sampling: best coverage score 96.0px of uncovered area  (16 samples)
[staged]   → robot b: candidate 0.619 < current 0.650  ✗ rejected
[staged]   Ph2 robot a  zone 3  (uncovered: 24% of target)
    [parallel] 10 worker threads, one renderer clone each
    init sampling: best coverage score 366.0px of uncovered area  (16 samples)
[staged]   → robot a: candidate 0.645 < current 0.650  ✗ rejected
[staged] Phase 2 done — composite IoU: 0.650

[staged] Best snapshot: Phase 2  IoU=0.650
[staged] Manifold final pass — computing Jacobian  (ε=0.020, 84 renders)
[staged] Manifold basis: k=10D / 42D  (variance≥85%, top eigenvalues: ['534941.06', '486800.38', '181675.47', '134955.31', '82466.24'])
    ↑ new global best IoU 0.671  [manifold final pass]
[staged] Manifold done — IoU: 0.671  (Δ=+0.021)  ✓
[staged] FD refinement — 5 Adam steps  (420 renders, lr=0.01, ε=0.02)
    ↑ new global best IoU 0.681  [FD refinement]
[staged] FD done — IoU: 0.681  (Δ=+0.011)  ✓
[staged] Done — final IoU: 0.681  loss: 0.3212
[staged] Popsize: per-robot phases=32  final=32  (theory optimum for 6 DOF = 10)

[staged] Hungarian pre-assignment  (7×7 cost matrix, 8 samples/entry = 392 renders)...
[staged]   robot_a → zone 0  robot_b → zone 2  robot_c → zone 5  robot_d → zone 4  robot_e → zone 3  robot_f → zone 6  robot_g → zone 1

[staged] Phase 1 — forward greedy  (8 iters × 7 robot(s), sigma=0.40×1.00, popsize=32)
[staged]   Ph1 robot a  zone 0  (uncovered: 14% of target)
    voronoi warm-start: IoU 0.233 → 0.309 ✓
    [parallel] 10 worker threads, one renderer clone each
    init sampling: best coverage score 0.0px of uncovered area  (8 samples)
[staged]   → robot a: IoU 0.233 → 0.523  ✓
    ↑ new global best IoU 0.523  [phase Ph1 robot a]
[staged]   Ph1 robot b  zone 2  (uncovered: 15% of target)
    voronoi warm-start: IoU 0.499 ≤ 0.523, kept current
    [parallel] 10 worker threads, one renderer clone each
    init sampling: best coverage score 419.0px of uncovered area  (16 samples)
[staged]   → robot b: IoU 0.523 → 0.688  ✓
    ↑ new global best IoU 0.688  [phase Ph1 robot b]
[staged]   Ph1 robot c  zone 5  (uncovered: 1% of target)
    voronoi warm-start: IoU 0.587 ≤ 0.688, kept current
    [parallel] 10 worker threads, one renderer clone each
    init sampling: best coverage score 40.0px of uncovered area  (16 samples)
[staged]   → robot c: IoU 0.688 → 0.701  ✓
    ↑ new global best IoU 0.701  [phase Ph1 robot c]
[staged]   Ph1 robot d  zone 4  (uncovered: 1% of target)
    voronoi warm-start: IoU 0.661 ≤ 0.701, kept current
    [parallel] 10 worker threads, one renderer clone each
    init sampling: best coverage score 42.0px of uncovered area  (16 samples)
[staged]   → robot d: IoU 0.701 → 0.705  ✓
    ↑ new global best IoU 0.705  [phase Ph1 robot d]
[staged]   Ph1 robot e  zone 3  (uncovered: 1% of target)
    voronoi warm-start: IoU 0.619 ≤ 0.705, kept current
    [parallel] 10 worker threads, one renderer clone each
    init sampling: best coverage score 31.0px of uncovered area  (16 samples)
[staged]   → robot e: IoU 0.705 → 0.749  ✓
    ↑ new global best IoU 0.749  [phase Ph1 robot e]
[staged]   Ph1 robot f  zone 6  (uncovered: 0% of target)
    voronoi warm-start: IoU 0.710 ≤ 0.749, kept current
    [parallel] 10 worker threads, one renderer clone each
    init sampling: best coverage score 0.0px of uncovered area  (16 samples)
[staged]   → robot f: candidate 0.739 < current 0.749  ✗ rejected
[staged]   Ph1 robot g  zone 1  (uncovered: 1% of target)
    voronoi warm-start: IoU 0.702 ≤ 0.749, kept current
    [parallel] 10 worker threads, one renderer clone each
    init sampling: best coverage score 23.0px of uncovered area  (16 samples)
[staged]   → robot g: IoU 0.749 → 0.756  ✓
    ↑ new global best IoU 0.756  [phase Ph1 robot g]
[staged] Phase 1 done — composite IoU: 0.756

[staged] Phase 2 — backward pass  (8 iters × 7 robots, sigma=0.300)
[staged]   contributions before Phase 2:
[staged]     robot a: +0.135 IoU
[staged]     robot b: +0.078 IoU
[staged]     robot c: +0.022 IoU  ← low
[staged]     robot d: +0.006 IoU  ← low
[staged]     robot e: +0.044 IoU  ← low
[staged]     robot f: +0.000 IoU  ← low
[staged]     robot g: +0.007 IoU  ← low
[staged]   Ph2 robot g  zone 1  (uncovered: 6% of target)
    [parallel] 10 worker threads, one renderer clone each
    init sampling: best coverage score 23.0px of uncovered area  (16 samples)
[staged]   → robot g: candidate 0.754 < current 0.756  ✗ rejected
[staged]   Ph2 robot f  zone 6  (uncovered: 6% of target)
    [parallel] 10 worker threads, one renderer clone each
    init sampling: best coverage score 31.0px of uncovered area  (16 samples)
[staged]   → robot f: IoU 0.756 → 0.779  ✓
    ↑ new global best IoU 0.779  [phase Ph2 robot f]
[staged]   Ph2 robot e  zone 3  (uncovered: 11% of target)
    [parallel] 10 worker threads, one renderer clone each
    init sampling: best coverage score 80.0px of uncovered area  (16 samples)
[staged]   → robot e: candidate 0.765 < current 0.779  ✗ rejected
[staged]   Ph2 robot d  zone 4  (uncovered: 7% of target)
    [parallel] 10 worker threads, one renderer clone each
    init sampling: best coverage score 57.0px of uncovered area  (16 samples)
[staged]   → robot d: IoU 0.779 → 0.808  ✓
    ↑ new global best IoU 0.808  [phase Ph2 robot d]
[staged]   Ph2 robot c  zone 5  (uncovered: 7% of target)
    [parallel] 10 worker threads, one renderer clone each
    init sampling: best coverage score 117.0px of uncovered area  (16 samples)
[staged]   → robot c: candidate 0.805 < current 0.808  ✗ rejected
[staged]   Ph2 robot b  zone 2  (uncovered: 13% of target)
    [parallel] 10 worker threads, one renderer clone each
    init sampling: best coverage score 170.0px of uncovered area  (16 samples)
[staged]   → robot b: candidate 0.774 < current 0.808  ✗ rejected
[staged]   Ph2 robot a  zone 0  (uncovered: 12% of target)
    [parallel] 10 worker threads, one renderer clone each
    init sampling: best coverage score 280.0px of uncovered area  (16 samples)
[staged]   → robot a: candidate 0.762 < current 0.808  ✗ rejected
[staged] Phase 2 done — composite IoU: 0.808

[staged] Best snapshot: Phase 2  IoU=0.808
[staged] Manifold final pass — computing Jacobian  (ε=0.020, 84 renders)
[staged] Manifold basis: k=12D / 42D  (variance≥85%, top eigenvalues: ['233572.59', '205765.72', '160692.25', '110836.10', '102858.68'])
[staged] Manifold did not improve (0.799 vs 0.808), keeping best snapshot
[staged] FD refinement — 5 Adam steps  (420 renders, lr=0.01, ε=0.02)
    ↑ new global best IoU 0.842  [FD refinement]
[staged] FD done — IoU: 0.842  (Δ=+0.034)  ✓
[staged] Done — final IoU: 0.842  loss: 0.1584
[staged] Popsize: per-robot phases=32  final=32  (theory optimum for 6 DOF = 10)

[staged] Hungarian pre-assignment  (7×7 cost matrix, 8 samples/entry = 392 renders)...
[staged]   robot_a → zone 5  robot_b → zone 3  robot_c → zone 1  robot_d → zone 2  robot_e → zone 4  robot_f → zone 0  robot_g → zone 6

[staged] Phase 1 — forward greedy  (8 iters × 7 robot(s), sigma=0.40×1.00, popsize=32)
[staged]   Ph1 robot a  zone 5  (uncovered: 8% of target)
    voronoi warm-start: IoU 0.233 → 0.324 ✓
    [parallel] 10 worker threads, one renderer clone each
    init sampling: best coverage score 264.0px of uncovered area  (8 samples)
[staged]   → robot a: IoU 0.233 → 0.409  ✓
    ↑ new global best IoU 0.409  [phase Ph1 robot a]
[staged]   Ph1 robot b  zone 3  (uncovered: 1% of target)
    voronoi warm-start: IoU 0.406 ≤ 0.409, kept current
    [parallel] 10 worker threads, one renderer clone each
    init sampling: best coverage score 50.0px of uncovered area  (16 samples)
[staged]   → robot b: IoU 0.409 → 0.531  ✓
    ↑ new global best IoU 0.531  [phase Ph1 robot b]
[staged]   Ph1 robot c  zone 1  (uncovered: 2% of target)
    voronoi warm-start: IoU 0.489 ≤ 0.531, kept current
    [parallel] 10 worker threads, one renderer clone each
    init sampling: best coverage score 10.0px of uncovered area  (16 samples)
[staged]   → robot c: IoU 0.531 → 0.541  ✓
    ↑ new global best IoU 0.541  [phase Ph1 robot c]
[staged]   Ph1 robot d  zone 2  (uncovered: 0% of target)
    voronoi warm-start: IoU 0.516 ≤ 0.541, kept current
    [parallel] 10 worker threads, one renderer clone each
    init sampling: best loss 21.6889 (16 samples)
[staged]   → robot d: IoU 0.541 → 0.597  ✓
    ↑ new global best IoU 0.597  [phase Ph1 robot d]
[staged]   Ph1 robot e  zone 4  (uncovered: 5% of target)
    voronoi warm-start: IoU 0.566 ≤ 0.597, kept current
    [parallel] 10 worker threads, one renderer clone each
    init sampling: best coverage score 63.0px of uncovered area  (16 samples)
[staged]   → robot e: IoU 0.597 → 0.617  ✓
    ↑ new global best IoU 0.617  [phase Ph1 robot e]
[staged]   Ph1 robot f  zone 0  (uncovered: 0% of target)
    voronoi warm-start: IoU 0.586 ≤ 0.617, kept current
    [parallel] 10 worker threads, one renderer clone each
    init sampling: best coverage score 20.0px of uncovered area  (16 samples)
[staged]   → robot f: IoU 0.617 → 0.622  ✓
    ↑ new global best IoU 0.622  [phase Ph1 robot f]
[staged]   Ph1 robot g  zone 6  (uncovered: 4% of target)
    voronoi warm-start: IoU 0.611 ≤ 0.622, kept current
    [parallel] 10 worker threads, one renderer clone each
    init sampling: best coverage score 29.0px of uncovered area  (16 samples)
[staged]   → robot g: IoU 0.622 → 0.638  ✓
    ↑ new global best IoU 0.638  [phase Ph1 robot g]
[staged] Phase 1 done — composite IoU: 0.638

[staged] Phase 2 — backward pass  (8 iters × 7 robots, sigma=0.300)
[staged]   contributions before Phase 2:
[staged]     robot a: +0.103 IoU
[staged]     robot b: +0.043 IoU  ← low
[staged]     robot c: +0.023 IoU  ← low
[staged]     robot d: +0.042 IoU  ← low
[staged]     robot e: +0.027 IoU  ← low
[staged]     robot f: +0.016 IoU  ← low
[staged]     robot g: +0.016 IoU  ← low
[staged]   Ph2 robot g  zone 6  (uncovered: 4% of target)
    [parallel] 10 worker threads, one renderer clone each
    init sampling: best coverage score 20.0px of uncovered area  (16 samples)
[staged]   → robot g: IoU 0.638 → 0.638  ✓
    ↑ new global best IoU 0.638  [phase Ph2 robot g]
[staged]   Ph2 robot f  zone 0  (uncovered: 5% of target)
    [parallel] 10 worker threads, one renderer clone each
    init sampling: best coverage score 19.0px of uncovered area  (16 samples)
[staged]   → robot f: candidate 0.637 < current 0.638  ✗ rejected
[staged]   Ph2 robot e  zone 4  (uncovered: 7% of target)
    [parallel] 10 worker threads, one renderer clone each
    init sampling: best coverage score 43.0px of uncovered area  (16 samples)
[staged]   → robot e: IoU 0.638 → 0.639  ✓
    ↑ new global best IoU 0.639  [phase Ph2 robot e]
[staged]   Ph2 robot d  zone 2  (uncovered: 9% of target)
    [parallel] 10 worker threads, one renderer clone each
    init sampling: best coverage score 116.0px of uncovered area  (16 samples)
[staged]   → robot d: IoU 0.639 → 0.646  ✓
    ↑ new global best IoU 0.646  [phase Ph2 robot d]
[staged]   Ph2 robot c  zone 1  (uncovered: 4% of target)
    [parallel] 10 worker threads, one renderer clone each
    init sampling: best coverage score 73.0px of uncovered area  (16 samples)
[staged]   → robot c: candidate 0.641 < current 0.646  ✗ rejected
[staged]   Ph2 robot b  zone 3  (uncovered: 10% of target)
    [parallel] 10 worker threads, one renderer clone each
    init sampling: best coverage score 280.0px of uncovered area  (16 samples)
[staged]   → robot b: candidate 0.639 < current 0.646  ✗ rejected
[staged]   Ph2 robot a  zone 5  (uncovered: 27% of target)
    [parallel] 10 worker threads, one renderer clone each
    init sampling: best coverage score 275.0px of uncovered area  (16 samples)
[staged]   → robot a: IoU 0.646 → 0.665  ✓
    ↑ new global best IoU 0.665  [phase Ph2 robot a]
[staged] Phase 2 done — composite IoU: 0.665

[staged] Best snapshot: Phase 2  IoU=0.665
[staged] Manifold final pass — computing Jacobian  (ε=0.020, 84 renders)
[staged] Manifold basis: k=12D / 42D  (variance≥85%, top eigenvalues: ['408182.16', '242785.28', '135545.77', '128572.15', '123638.80'])
    ↑ new global best IoU 0.671  [manifold final pass]
[staged] Manifold done — IoU: 0.671  (Δ=+0.006)  ✓
[staged] FD refinement — 5 Adam steps  (420 renders, lr=0.01, ε=0.02)
    ↑ new global best IoU 0.698  [FD refinement]
[staged] FD done — IoU: 0.698  (Δ=+0.027)  ✓
[staged] Done — final IoU: 0.698  loss: 0.3036
[staged] Popsize: per-robot phases=32  final=32  (theory optimum for 6 DOF = 10)

[staged] Hungarian pre-assignment  (7×7 cost matrix, 8 samples/entry = 392 renders)...
[staged]   robot_a → zone 0  robot_b → zone 3  robot_c → zone 5  robot_d → zone 1  robot_e → zone 4  robot_f → zone 6  robot_g → zone 2

[staged] Phase 1 — forward greedy  (8 iters × 7 robot(s), sigma=0.40×1.00, popsize=32)
[staged]   Ph1 robot a  zone 0  (uncovered: 15% of target)
    voronoi warm-start: IoU 0.213 ≤ 0.233, kept current
    [parallel] 10 worker threads, one renderer clone each
    init sampling: best coverage score 655.0px of uncovered area  (16 samples)
[staged]   → robot a: IoU 0.233 → 0.516  ✓
    ↑ new global best IoU 0.516  [phase Ph1 robot a]
[staged]   Ph1 robot b  zone 3  (uncovered: 2% of target)
    voronoi warm-start: IoU 0.483 ≤ 0.516, kept current
    [parallel] 10 worker threads, one renderer clone each
    init sampling: best coverage score 29.0px of uncovered area  (16 samples)
[staged]   → robot b: IoU 0.516 → 0.568  ✓
    ↑ new global best IoU 0.568  [phase Ph1 robot b]
[staged]   Ph1 robot c  zone 5  (uncovered: 10% of target)
    voronoi warm-start: IoU 0.543 ≤ 0.568, kept current
    [parallel] 10 worker threads, one renderer clone each
    init sampling: best coverage score 260.0px of uncovered area  (16 samples)
[staged]   → robot c: IoU 0.568 → 0.606  ✓
    ↑ new global best IoU 0.606  [phase Ph1 robot c]
[staged]   Ph1 robot d  zone 1  (uncovered: 2% of target)
    voronoi warm-start: IoU 0.575 ≤ 0.606, kept current
    [parallel] 10 worker threads, one renderer clone each
    init sampling: best coverage score 71.0px of uncovered area  (16 samples)
[staged]   → robot d: IoU 0.606 → 0.608  ✓
    ↑ new global best IoU 0.608  [phase Ph1 robot d]
[staged]   Ph1 robot e  zone 4  (uncovered: 0% of target)
    voronoi warm-start: IoU 0.607 ≤ 0.608, kept current
    [parallel] 10 worker threads, one renderer clone each
    init sampling: best coverage score 4.0px of uncovered area  (16 samples)
[staged]   → robot e: IoU 0.608 → 0.608  ✓
    ↑ new global best IoU 0.608  [phase Ph1 robot e]
[staged]   Ph1 robot f  zone 6  (uncovered: 1% of target)
    voronoi warm-start: IoU 0.586 ≤ 0.608, kept current
    [parallel] 10 worker threads, one renderer clone each
    init sampling: best coverage score 0.0px of uncovered area  (16 samples)
[staged]   → robot f: IoU 0.608 → 0.610  ✓
    ↑ new global best IoU 0.610  [phase Ph1 robot f]
[staged]   Ph1 robot g  zone 2  (uncovered: 1% of target)
    voronoi warm-start: IoU 0.608 ≤ 0.610, kept current
    [parallel] 10 worker threads, one renderer clone each
    init sampling: best coverage score 26.0px of uncovered area  (16 samples)
[staged]   → robot g: IoU 0.610 → 0.621  ✓
    ↑ new global best IoU 0.621  [phase Ph1 robot g]
[staged] Phase 1 done — composite IoU: 0.621

[staged] Phase 2 — backward pass  (8 iters × 7 robots, sigma=0.300)
[staged]   contributions before Phase 2:
[staged]     robot a: +0.243 IoU
[staged]     robot b: +0.020 IoU  ← low
[staged]     robot c: +0.018 IoU  ← low
[staged]     robot d: +0.002 IoU  ← low
[staged]     robot e: +0.004 IoU  ← low
[staged]     robot f: +0.008 IoU  ← low
[staged]     robot g: +0.012 IoU  ← low
[staged]   Ph2 robot g  zone 2  (uncovered: 6% of target)
    [parallel] 10 worker threads, one renderer clone each
    init sampling: best coverage score 76.0px of uncovered area  (16 samples)
[staged]   → robot g: candidate 0.615 < current 0.621  ✗ rejected
[staged]   Ph2 robot f  zone 6  (uncovered: 5% of target)
    [parallel] 10 worker threads, one renderer clone each
    init sampling: best coverage score 56.0px of uncovered area  (16 samples)
[staged]   → robot f: IoU 0.621 → 0.628  ✓
    ↑ new global best IoU 0.628  [phase Ph2 robot f]
[staged]   Ph2 robot e  zone 4  (uncovered: 3% of target)
    [parallel] 10 worker threads, one renderer clone each
    init sampling: best coverage score 18.0px of uncovered area  (16 samples)
[staged]   → robot e: IoU 0.628 → 0.629  ✓
    ↑ new global best IoU 0.629  [phase Ph2 robot e]
[staged]   Ph2 robot d  zone 1  (uncovered: 3% of target)
    [parallel] 10 worker threads, one renderer clone each
    init sampling: best coverage score 16.0px of uncovered area  (16 samples)
[staged]   → robot d: IoU 0.629 → 0.634  ✓
    ↑ new global best IoU 0.634  [phase Ph2 robot d]
[staged]   Ph2 robot c  zone 5  (uncovered: 11% of target)
    [parallel] 10 worker threads, one renderer clone each
    init sampling: best coverage score 42.0px of uncovered area  (16 samples)
[staged]   → robot c: candidate 0.625 < current 0.634  ✗ rejected
[staged]   Ph2 robot b  zone 3  (uncovered: 11% of target)
    [parallel] 10 worker threads, one renderer clone each
    init sampling: best coverage score 90.0px of uncovered area  (16 samples)
[staged]   → robot b: IoU 0.634 → 0.660  ✓
    ↑ new global best IoU 0.660  [phase Ph2 robot b]
[staged]   Ph2 robot a  zone 0  (uncovered: 36% of target)
    [parallel] 10 worker threads, one renderer clone each
    init sampling: best coverage score 989.0px of uncovered area  (16 samples)
[staged]   → robot a: IoU 0.660 → 0.719  ✓
    ↑ new global best IoU 0.719  [phase Ph2 robot a]
[staged] Phase 2 done — composite IoU: 0.719

[staged] Best snapshot: Phase 2  IoU=0.719
[staged] Manifold final pass — computing Jacobian  (ε=0.020, 84 renders)
[staged] Manifold basis: k=11D / 42D  (variance≥85%, top eigenvalues: ['376836.72', '208615.39', '127144.22', '101319.11', '73919.16'])
[staged] Manifold did not improve (0.715 vs 0.719), keeping best snapshot
[staged] FD refinement — 5 Adam steps  (420 renders, lr=0.01, ε=0.02)
    ↑ new global best IoU 0.739  [FD refinement]
[staged] FD done — IoU: 0.739  (Δ=+0.020)  ✓
[staged] Done — final IoU: 0.739  loss: 0.2616
[shard 0] 4/10 letters_upper/U_dejavusans-bold  best=0.842 mean=0.738±0.056  219s  eta 0.4h
[staged] Popsize: per-robot phases=32  final=32  (theory optimum for 6 DOF = 10)

[staged] Hungarian pre-assignment  (7×7 cost matrix, 8 samples/entry = 392 renders)...
[staged]   robot_a → zone 4  robot_b → zone 1  robot_c → zone 5  robot_d → zone 3  robot_e → zone 2  robot_f → zone 0  robot_g → zone 6

[staged] Phase 1 — forward greedy  (8 iters × 7 robot(s), sigma=0.40×1.00, popsize=32)
[staged]   Ph1 robot a  zone 4  (uncovered: 7% of target)
    voronoi warm-start: IoU 0.201 ≤ 0.225, kept current
    [parallel] 10 worker threads, one renderer clone each
    init sampling: best coverage score 232.0px of uncovered area  (16 samples)
[staged]   → robot a: IoU 0.225 → 0.504  ✓
    ↑ new global best IoU 0.504  [phase Ph1 robot a]
[staged]   Ph1 robot b  zone 1  (uncovered: 2% of target)
    voronoi warm-start: IoU 0.454 ≤ 0.504, kept current
    [parallel] 10 worker threads, one renderer clone each
    init sampling: best coverage score 59.0px of uncovered area  (16 samples)
[staged]   → robot b: IoU 0.504 → 0.534  ✓
    ↑ new global best IoU 0.534  [phase Ph1 robot b]
[staged]   Ph1 robot c  zone 5  (uncovered: 1% of target)
    voronoi warm-start: IoU 0.504 ≤ 0.534, kept current
    [parallel] 10 worker threads, one renderer clone each
    init sampling: best coverage score 17.0px of uncovered area  (16 samples)
[staged]   → robot c: IoU 0.534 → 0.590  ✓
    ↑ new global best IoU 0.590  [phase Ph1 robot c]
[staged]   Ph1 robot d  zone 3  (uncovered: 2% of target)
    voronoi warm-start: IoU 0.533 ≤ 0.590, kept current
    [parallel] 10 worker threads, one renderer clone each
    init sampling: best coverage score 21.0px of uncovered area  (16 samples)
[staged]   → robot d: IoU 0.590 → 0.597  ✓
    ↑ new global best IoU 0.597  [phase Ph1 robot d]
[staged]   Ph1 robot e  zone 2  (uncovered: 0% of target)
    voronoi warm-start: IoU 0.538 ≤ 0.597, kept current
    [parallel] 10 worker threads, one renderer clone each
    init sampling: best coverage score 15.0px of uncovered area  (16 samples)
[staged]   → robot e: IoU 0.597 → 0.608  ✓
    ↑ new global best IoU 0.608  [phase Ph1 robot e]
[staged]   Ph1 robot f  zone 0  (uncovered: 1% of target)
    voronoi warm-start: IoU 0.571 ≤ 0.608, kept current
    [parallel] 10 worker threads, one renderer clone each
    init sampling: best coverage score 51.0px of uncovered area  (16 samples)
[staged]   → robot f: IoU 0.608 → 0.623  ✓
    ↑ new global best IoU 0.623  [phase Ph1 robot f]
[staged]   Ph1 robot g  zone 6  (uncovered: 5% of target)
    voronoi warm-start: IoU 0.589 ≤ 0.623, kept current
    [parallel] 10 worker threads, one renderer clone each
    init sampling: best coverage score 13.0px of uncovered area  (16 samples)
[staged]   → robot g: IoU 0.623 → 0.634  ✓
    ↑ new global best IoU 0.634  [phase Ph1 robot g]
[staged] Phase 1 done — composite IoU: 0.634

[staged] Phase 2 — backward pass  (8 iters × 7 robots, sigma=0.300)
[staged]   contributions before Phase 2:
[staged]     robot a: +0.167 IoU
[staged]     robot b: +0.050 IoU  ← low
[staged]     robot c: +0.055 IoU
[staged]     robot d: +0.022 IoU  ← low
[staged]     robot e: +0.014 IoU  ← low
[staged]     robot f: +0.025 IoU  ← low
[staged]     robot g: +0.011 IoU  ← low
[staged]   Ph2 robot g  zone 6  (uncovered: 5% of target)
    [parallel] 10 worker threads, one renderer clone each
    init sampling: best coverage score 50.0px of uncovered area  (16 samples)
[staged]   → robot g: IoU 0.634 → 0.644  ✓
    ↑ new global best IoU 0.644  [phase Ph2 robot g]
[staged]   Ph2 robot f  zone 0  (uncovered: 6% of target)
    [parallel] 10 worker threads, one renderer clone each
    init sampling: best coverage score 61.0px of uncovered area  (16 samples)
[staged]   → robot f: candidate 0.642 < current 0.644  ✗ rejected
[staged]   Ph2 robot e  zone 2  (uncovered: 5% of target)
    [parallel] 10 worker threads, one renderer clone each
    init sampling: best coverage score 45.0px of uncovered area  (16 samples)
[staged]   → robot e: candidate 0.640 < current 0.644  ✗ rejected
[staged]   Ph2 robot d  zone 3  (uncovered: 4% of target)
    [parallel] 10 worker threads, one renderer clone each
    init sampling: best coverage score 30.0px of uncovered area  (16 samples)
[staged]   → robot d: candidate 0.628 < current 0.644  ✗ rejected
[staged]   Ph2 robot c  zone 5  (uncovered: 12% of target)
    [parallel] 10 worker threads, one renderer clone each
    init sampling: best coverage score 36.0px of uncovered area  (16 samples)
[staged]   → robot c: candidate 0.609 < current 0.644  ✗ rejected
[staged]   Ph2 robot b  zone 1  (uncovered: 6% of target)
    [parallel] 10 worker threads, one renderer clone each
    init sampling: best coverage score 45.0px of uncovered area  (16 samples)
[staged]   → robot b: candidate 0.628 < current 0.644  ✗ rejected
[staged]   Ph2 robot a  zone 4  (uncovered: 26% of target)
    [parallel] 10 worker threads, one renderer clone each
    init sampling: best coverage score 147.0px of uncovered area  (16 samples)
[staged]   → robot a: candidate 0.597 < current 0.644  ✗ rejected
[staged] Phase 2 done — composite IoU: 0.644

[staged] Best snapshot: Phase 2  IoU=0.644
[staged] Manifold final pass — computing Jacobian  (ε=0.020, 84 renders)
[staged] Manifold basis: k=11D / 42D  (variance≥85%, top eigenvalues: ['193695.23', '157087.56', '80152.93', '66107.61', '51674.88'])
    ↑ new global best IoU 0.645  [manifold final pass]
[staged] Manifold done — IoU: 0.645  (Δ=+0.001)  ✓
[staged] FD refinement — 5 Adam steps  (420 renders, lr=0.01, ε=0.02)
    ↑ new global best IoU 0.667  [FD refinement]
[staged] FD done — IoU: 0.667  (Δ=+0.022)  ✓
[staged] Done — final IoU: 0.667  loss: 0.3342
[staged] Popsize: per-robot phases=32  final=32  (theory optimum for 6 DOF = 10)

[staged] Hungarian pre-assignment  (7×7 cost matrix, 8 samples/entry = 392 renders)...
[staged]   robot_a → zone 0  robot_b → zone 4  robot_c → zone 3  robot_d → zone 2  robot_e → zone 6  robot_f → zone 1  robot_g → zone 5

[staged] Phase 1 — forward greedy  (8 iters × 7 robot(s), sigma=0.40×1.00, popsize=32)
[staged]   Ph1 robot a  zone 0  (uncovered: 12% of target)
    voronoi warm-start: IoU 0.225 → 0.226 ✓
    [parallel] 10 worker threads, one renderer clone each
    init sampling: best coverage score 117.0px of uncovered area  (8 samples)
[staged]   → robot a: IoU 0.225 → 0.442  ✓
    ↑ new global best IoU 0.442  [phase Ph1 robot a]
[staged]   Ph1 robot b  zone 4  (uncovered: 2% of target)
    voronoi warm-start: IoU 0.393 ≤ 0.442, kept current
    [parallel] 10 worker threads, one renderer clone each
    init sampling: best coverage score 61.0px of uncovered area  (16 samples)
[staged]   → robot b: IoU 0.442 → 0.478  ✓
    ↑ new global best IoU 0.478  [phase Ph1 robot b]
[staged]   Ph1 robot c  zone 3  (uncovered: 7% of target)
    voronoi warm-start: IoU 0.424 ≤ 0.478, kept current
    [parallel] 10 worker threads, one renderer clone each
    init sampling: best coverage score 205.0px of uncovered area  (16 samples)
[staged]   → robot c: IoU 0.478 → 0.520  ✓
    ↑ new global best IoU 0.520  [phase Ph1 robot c]
[staged]   Ph1 robot d  zone 2  (uncovered: 4% of target)
    voronoi warm-start: IoU 0.455 ≤ 0.520, kept current
    [parallel] 10 worker threads, one renderer clone each
    init sampling: best coverage score 49.0px of uncovered area  (16 samples)
[staged]   → robot d: IoU 0.520 → 0.555  ✓
    ↑ new global best IoU 0.555  [phase Ph1 robot d]
[staged]   Ph1 robot e  zone 6  (uncovered: 1% of target)
    voronoi warm-start: IoU 0.519 ≤ 0.555, kept current
    [parallel] 10 worker threads, one renderer clone each
    init sampling: best coverage score 0.0px of uncovered area  (16 samples)
[staged]   → robot e: IoU 0.555 → 0.591  ✓
    ↑ new global best IoU 0.591  [phase Ph1 robot e]
[staged]   Ph1 robot f  zone 1  (uncovered: 4% of target)
    voronoi warm-start: IoU 0.547 ≤ 0.591, kept current
    [parallel] 10 worker threads, one renderer clone each
    init sampling: best coverage score 126.0px of uncovered area  (16 samples)
[staged]   → robot f: IoU 0.591 → 0.609  ✓
    ↑ new global best IoU 0.609  [phase Ph1 robot f]
[staged]   Ph1 robot g  zone 5  (uncovered: 1% of target)
    voronoi warm-start: IoU 0.572 ≤ 0.609, kept current
    [parallel] 10 worker threads, one renderer clone each
    init sampling: best coverage score 33.0px of uncovered area  (16 samples)
[staged]   → robot g: IoU 0.609 → 0.612  ✓
    ↑ new global best IoU 0.612  [phase Ph1 robot g]
[staged] Phase 1 done — composite IoU: 0.612

[staged] Phase 2 — backward pass  (8 iters × 7 robots, sigma=0.300)
[staged]   contributions before Phase 2:
[staged]     robot a: +0.032 IoU  ← low
[staged]     robot b: +0.051 IoU
[staged]     robot c: +0.017 IoU  ← low
[staged]     robot d: +0.017 IoU  ← low
[staged]     robot e: +0.031 IoU  ← low
[staged]     robot f: +0.018 IoU  ← low
[staged]     robot g: +0.003 IoU  ← low
[staged]   Ph2 robot g  zone 5  (uncovered: 8% of target)
    [parallel] 10 worker threads, one renderer clone each
    init sampling: best coverage score 43.0px of uncovered area  (16 samples)
[staged]   → robot g: IoU 0.612 → 0.616  ✓
    ↑ new global best IoU 0.616  [phase Ph2 robot g]
[staged]   Ph2 robot f  zone 1  (uncovered: 10% of target)
    [parallel] 10 worker threads, one renderer clone each
    init sampling: best coverage score 105.0px of uncovered area  (16 samples)
[staged]   → robot f: candidate 0.616 < current 0.616  ✗ rejected
[staged]   Ph2 robot e  zone 6  (uncovered: 12% of target)
    [parallel] 10 worker threads, one renderer clone each
    init sampling: best coverage score 221.0px of uncovered area  (16 samples)
[staged]   → robot e: IoU 0.616 → 0.618  ✓
    ↑ new global best IoU 0.618  [phase Ph2 robot e]
[staged]   Ph2 robot d  zone 2  (uncovered: 12% of target)
    [parallel] 10 worker threads, one renderer clone each
    init sampling: best coverage score 175.0px of uncovered area  (16 samples)
[staged]   → robot d: IoU 0.618 → 0.627  ✓
    ↑ new global best IoU 0.627  [phase Ph2 robot d]
[staged]   Ph2 robot c  zone 3  (uncovered: 8% of target)
    [parallel] 10 worker threads, one renderer clone each
    init sampling: best coverage score 143.0px of uncovered area  (16 samples)
[staged]   → robot c: IoU 0.627 → 0.640  ✓
    ↑ new global best IoU 0.640  [phase Ph2 robot c]
[staged]   Ph2 robot b  zone 4  (uncovered: 9% of target)
    [parallel] 10 worker threads, one renderer clone each
    init sampling: best coverage score 59.0px of uncovered area  (16 samples)
[staged]   → robot b: candidate 0.627 < current 0.640  ✗ rejected
[staged]   Ph2 robot a  zone 0  (uncovered: 8% of target)
    [parallel] 10 worker threads, one renderer clone each
    init sampling: best coverage score 74.0px of uncovered area  (16 samples)
[staged]   → robot a: IoU 0.640 → 0.654  ✓
    ↑ new global best IoU 0.654  [phase Ph2 robot a]
[staged] Phase 2 done — composite IoU: 0.654

[staged] Best snapshot: Phase 2  IoU=0.654
[staged] Manifold final pass — computing Jacobian  (ε=0.020, 84 renders)
[staged] Manifold basis: k=13D / 42D  (variance≥85%, top eigenvalues: ['284249.72', '246146.80', '151453.03', '134486.30', '85669.77'])
[staged] Manifold did not improve (0.644 vs 0.654), keeping best snapshot
[staged] FD refinement — 5 Adam steps  (420 renders, lr=0.01, ε=0.02)
    ↑ new global best IoU 0.678  [FD refinement]
[staged] FD done — IoU: 0.678  (Δ=+0.024)  ✓
[staged] Done — final IoU: 0.678  loss: 0.3241
[staged] Popsize: per-robot phases=32  final=32  (theory optimum for 6 DOF = 10)

[staged] Hungarian pre-assignment  (7×7 cost matrix, 8 samples/entry = 392 renders)...
[staged]   robot_a → zone 0  robot_b → zone 6  robot_c → zone 3  robot_d → zone 1  robot_e → zone 4  robot_f → zone 2  robot_g → zone 5

[staged] Phase 1 — forward greedy  (8 iters × 7 robot(s), sigma=0.40×1.00, popsize=32)
[staged]   Ph1 robot a  zone 0  (uncovered: 13% of target)
    voronoi warm-start: IoU 0.213 ≤ 0.225, kept current
    [parallel] 10 worker threads, one renderer clone each
    init sampling: best coverage score 337.0px of uncovered area  (16 samples)
[staged]   → robot a: IoU 0.225 → 0.400  ✓
    ↑ new global best IoU 0.400  [phase Ph1 robot a]
[staged]   Ph1 robot b  zone 6  (uncovered: 4% of target)
    voronoi warm-start: IoU 0.354 ≤ 0.400, kept current
    [parallel] 10 worker threads, one renderer clone each
    init sampling: best coverage score 18.0px of uncovered area  (16 samples)
[staged]   → robot b: IoU 0.400 → 0.483  ✓
    ↑ new global best IoU 0.483  [phase Ph1 robot b]
[staged]   Ph1 robot c  zone 3  (uncovered: 8% of target)
    voronoi warm-start: IoU 0.439 ≤ 0.483, kept current
    [parallel] 10 worker threads, one renderer clone each
    init sampling: best coverage score 84.0px of uncovered area  (16 samples)
[staged]   → robot c: IoU 0.483 → 0.541  ✓
    ↑ new global best IoU 0.541  [phase Ph1 robot c]
[staged]   Ph1 robot d  zone 1  (uncovered: 7% of target)
    voronoi warm-start: IoU 0.500 ≤ 0.541, kept current
    [parallel] 10 worker threads, one renderer clone each
    init sampling: best coverage score 104.0px of uncovered area  (16 samples)
[staged]   → robot d: IoU 0.541 → 0.586  ✓
    ↑ new global best IoU 0.586  [phase Ph1 robot d]
[staged]   Ph1 robot e  zone 4  (uncovered: 2% of target)
    voronoi warm-start: IoU 0.522 ≤ 0.586, kept current
    [parallel] 10 worker threads, one renderer clone each
    init sampling: best coverage score 10.0px of uncovered area  (16 samples)
[staged]   → robot e: IoU 0.586 → 0.597  ✓
    ↑ new global best IoU 0.597  [phase Ph1 robot e]
[staged]   Ph1 robot f  zone 2  (uncovered: 2% of target)
    voronoi warm-start: IoU 0.555 ≤ 0.597, kept current
    [parallel] 10 worker threads, one renderer clone each
    init sampling: best coverage score 0.0px of uncovered area  (16 samples)
[staged]   → robot f: candidate 0.597 < current 0.597  ✗ rejected
[staged]   Ph1 robot g  zone 5  (uncovered: 0% of target)
    voronoi warm-start: IoU 0.555 ≤ 0.597, kept current
    [parallel] 10 worker threads, one renderer clone each
    init sampling: best coverage score 15.0px of uncovered area  (16 samples)
[staged]   → robot g: IoU 0.597 → 0.604  ✓
    ↑ new global best IoU 0.604  [phase Ph1 robot g]
[staged] Phase 1 done — composite IoU: 0.604

[staged] Phase 2 — backward pass  (8 iters × 7 robots, sigma=0.300)
[staged]   contributions before Phase 2:
[staged]     robot a: +0.153 IoU
[staged]     robot b: +0.049 IoU  ← low
[staged]     robot c: +0.041 IoU  ← low
[staged]     robot d: +0.048 IoU  ← low
[staged]     robot e: +0.005 IoU  ← low
[staged]     robot f: +0.000 IoU  ← low
[staged]     robot g: +0.006 IoU  ← low
[staged]   Ph2 robot g  zone 5  (uncovered: 15% of target)
    [parallel] 10 worker threads, one renderer clone each
    init sampling: best coverage score 97.0px of uncovered area  (16 samples)
[staged]   → robot g: IoU 0.604 → 0.609  ✓
    ↑ new global best IoU 0.609  [phase Ph2 robot g]
[staged]   Ph2 robot f  zone 2  (uncovered: 12% of target)
    [parallel] 10 worker threads, one renderer clone each
    init sampling: best coverage score 76.0px of uncovered area  (16 samples)
[staged]   → robot f: IoU 0.609 → 0.628  ✓
    ↑ new global best IoU 0.628  [phase Ph2 robot f]
[staged]   Ph2 robot e  zone 4  (uncovered: 11% of target)
    [parallel] 10 worker threads, one renderer clone each
    init sampling: best coverage score 122.0px of uncovered area  (16 samples)
[staged]   → robot e: candidate 0.612 < current 0.628  ✗ rejected
[staged]   Ph2 robot d  zone 1  (uncovered: 13% of target)
    [parallel] 10 worker threads, one renderer clone each
    init sampling: best coverage score 152.0px of uncovered area  (16 samples)
[staged]   → robot d: candidate 0.611 < current 0.628  ✗ rejected
[staged]   Ph2 robot c  zone 3  (uncovered: 19% of target)
    [parallel] 10 worker threads, one renderer clone each
    init sampling: best coverage score 185.0px of uncovered area  (16 samples)
[staged]   → robot c: candidate 0.581 < current 0.628  ✗ rejected
[staged]   Ph2 robot b  zone 6  (uncovered: 15% of target)
    [parallel] 10 worker threads, one renderer clone each
    init sampling: best coverage score 279.0px of uncovered area  (16 samples)
[staged]   → robot b: candidate 0.612 < current 0.628  ✗ rejected
[staged]   Ph2 robot a  zone 0  (uncovered: 15% of target)
    [parallel] 10 worker threads, one renderer clone each
    init sampling: best coverage score 156.0px of uncovered area  (16 samples)
[staged]   → robot a: IoU 0.628 → 0.642  ✓
    ↑ new global best IoU 0.642  [phase Ph2 robot a]
[staged] Phase 2 done — composite IoU: 0.642

[staged] Best snapshot: Phase 2  IoU=0.642
[staged] Manifold final pass — computing Jacobian  (ε=0.020, 84 renders)
[staged] Manifold basis: k=12D / 42D  (variance≥85%, top eigenvalues: ['225208.31', '204215.53', '104547.17', '70138.73', '52838.97'])
[staged] Manifold did not improve (0.638 vs 0.642), keeping best snapshot
[staged] FD refinement — 5 Adam steps  (420 renders, lr=0.01, ε=0.02)
    ↑ new global best IoU 0.669  [FD refinement]
[staged] FD done — IoU: 0.669  (Δ=+0.027)  ✓
[staged] Done — final IoU: 0.669  loss: 0.3321
[staged] Popsize: per-robot phases=32  final=32  (theory optimum for 6 DOF = 10)

[staged] Hungarian pre-assignment  (7×7 cost matrix, 8 samples/entry = 392 renders)...
[staged]   robot_a → zone 5  robot_b → zone 2  robot_c → zone 1  robot_d → zone 6  robot_e → zone 4  robot_f → zone 0  robot_g → zone 3

[staged] Phase 1 — forward greedy  (8 iters × 7 robot(s), sigma=0.40×1.00, popsize=32)
[staged]   Ph1 robot a  zone 5  (uncovered: 7% of target)
    voronoi warm-start: IoU 0.201 ≤ 0.225, kept current
    [parallel] 10 worker threads, one renderer clone each
    init sampling: best coverage score 177.0px of uncovered area  (16 samples)
[staged]   → robot a: IoU 0.225 → 0.394  ✓
    ↑ new global best IoU 0.394  [phase Ph1 robot a]
[staged]   Ph1 robot b  zone 2  (uncovered: 16% of target)
    voronoi warm-start: IoU 0.394 ≤ 0.394, kept current
    [parallel] 10 worker threads, one renderer clone each
    init sampling: best coverage score 397.0px of uncovered area  (16 samples)
[staged]   → robot b: IoU 0.394 → 0.510  ✓
    ↑ new global best IoU 0.510  [phase Ph1 robot b]
[staged]   Ph1 robot c  zone 1  (uncovered: 4% of target)
    voronoi warm-start: IoU 0.412 ≤ 0.510, kept current
    [parallel] 10 worker threads, one renderer clone each
    init sampling: best coverage score 115.0px of uncovered area  (16 samples)
[staged]   → robot c: candidate 0.509 < current 0.510  ✗ rejected
[staged]   Ph1 robot d  zone 6  (uncovered: 0% of target)
    voronoi warm-start: IoU 0.498 ≤ 0.510, kept current
    [parallel] 10 worker threads, one renderer clone each
    init sampling: best coverage score 4.0px of uncovered area  (16 samples)
[staged]   → robot d: IoU 0.510 → 0.550  ✓
    ↑ new global best IoU 0.550  [phase Ph1 robot d]
[staged]   Ph1 robot e  zone 4  (uncovered: 0% of target)
    voronoi warm-start: IoU 0.550 ≤ 0.550, kept current
    [parallel] 10 worker threads, one renderer clone each
    init sampling: best coverage score 3.0px of uncovered area  (16 samples)
[staged]   → robot e: IoU 0.550 → 0.580  ✓
    ↑ new global best IoU 0.580  [phase Ph1 robot e]
[staged]   Ph1 robot f  zone 0  (uncovered: 1% of target)
    voronoi warm-start: IoU 0.542 ≤ 0.580, kept current
    [parallel] 10 worker threads, one renderer clone each
    init sampling: best coverage score 0.0px of uncovered area  (16 samples)
[staged]   → robot f: IoU 0.580 → 0.601  ✓
    ↑ new global best IoU 0.601  [phase Ph1 robot f]
[staged]   Ph1 robot g  zone 3  (uncovered: 6% of target)
    voronoi warm-start: IoU 0.569 ≤ 0.601, kept current
    [parallel] 10 worker threads, one renderer clone each
    init sampling: best coverage score 16.0px of uncovered area  (16 samples)
[staged]   → robot g: IoU 0.601 → 0.625  ✓
    ↑ new global best IoU 0.625  [phase Ph1 robot g]
[staged] Phase 1 done — composite IoU: 0.625

[staged] Phase 2 — backward pass  (8 iters × 7 robots, sigma=0.300)
[staged]   contributions before Phase 2:
[staged]     robot a: +0.051 IoU
[staged]     robot b: +0.084 IoU
[staged]     robot c: +0.000 IoU  ← low
[staged]     robot d: +0.042 IoU  ← low
[staged]     robot e: +0.044 IoU  ← low
[staged]     robot f: +0.031 IoU  ← low
[staged]     robot g: +0.024 IoU  ← low
[staged]   Ph2 robot g  zone 3  (uncovered: 6% of target)
    [parallel] 10 worker threads, one renderer clone each
    init sampling: best coverage score 21.0px of uncovered area  (16 samples)
[staged]   → robot g: candidate 0.623 < current 0.625  ✗ rejected
[staged]   Ph2 robot f  zone 0  (uncovered: 7% of target)
    [parallel] 10 worker threads, one renderer clone each
    init sampling: best coverage score 89.0px of uncovered area  (16 samples)
[staged]   → robot f: candidate 0.619 < current 0.625  ✗ rejected
[staged]   Ph2 robot e  zone 4  (uncovered: 12% of target)
    [parallel] 10 worker threads, one renderer clone each
    init sampling: best coverage score 188.0px of uncovered area  (16 samples)
[staged]   → robot e: IoU 0.625 → 0.625  ✓
    ↑ new global best IoU 0.625  [phase Ph2 robot e]
[staged]   Ph2 robot d  zone 6  (uncovered: 14% of target)
    [parallel] 10 worker threads, one renderer clone each
    init sampling: best coverage score 178.0px of uncovered area  (16 samples)
[staged]   → robot d: IoU 0.625 → 0.634  ✓
    ↑ new global best IoU 0.634  [phase Ph2 robot d]
[staged]   Ph2 robot c  zone 1  (uncovered: 6% of target)
    [parallel] 10 worker threads, one renderer clone each
    init sampling: best coverage score 46.0px of uncovered area  (16 samples)
[staged]   → robot c: IoU 0.634 → 0.635  ✓
    ↑ new global best IoU 0.635  [phase Ph2 robot c]
[staged]   Ph2 robot b  zone 2  (uncovered: 23% of target)
    [parallel] 10 worker threads, one renderer clone each
    init sampling: best coverage score 154.0px of uncovered area  (16 samples)
[staged]   → robot b: candidate 0.550 < current 0.635  ✗ rejected
[staged]   Ph2 robot a  zone 5  (uncovered: 11% of target)
    [parallel] 10 worker threads, one renderer clone each
    init sampling: best coverage score 156.0px of uncovered area  (16 samples)
[staged]   → robot a: candidate 0.628 < current 0.635  ✗ rejected
[staged] Phase 2 done — composite IoU: 0.635

[staged] Best snapshot: Phase 2  IoU=0.635
[staged] Manifold final pass — computing Jacobian  (ε=0.020, 84 renders)
[staged] Manifold basis: k=11D / 42D  (variance≥85%, top eigenvalues: ['284159.94', '219502.98', '103250.73', '71109.77', '57604.96'])
[staged] Manifold did not improve (0.613 vs 0.635), keeping best snapshot
[staged] FD refinement — 5 Adam steps  (420 renders, lr=0.01, ε=0.02)
    ↑ new global best IoU 0.646  [FD refinement]
[staged] FD done — IoU: 0.646  (Δ=+0.011)  ✓
[staged] Done — final IoU: 0.646  loss: 0.3555
[staged] Popsize: per-robot phases=32  final=32  (theory optimum for 6 DOF = 10)

[staged] Hungarian pre-assignment  (7×7 cost matrix, 8 samples/entry = 392 renders)...
[staged]   robot_a → zone 4  robot_b → zone 6  robot_c → zone 3  robot_d → zone 2  robot_e → zone 1  robot_f → zone 0  robot_g → zone 5

[staged] Phase 1 — forward greedy  (8 iters × 7 robot(s), sigma=0.40×1.00, popsize=32)
[staged]   Ph1 robot a  zone 4  (uncovered: 7% of target)
    voronoi warm-start: IoU 0.201 ≤ 0.225, kept current
    [parallel] 10 worker threads, one renderer clone each
    init sampling: best coverage score 104.0px of uncovered area  (16 samples)
[staged]   → robot a: IoU 0.225 → 0.468  ✓
    ↑ new global best IoU 0.468  [phase Ph1 robot a]
[staged]   Ph1 robot b  zone 6  (uncovered: 2% of target)
    voronoi warm-start: IoU 0.422 ≤ 0.468, kept current
    [parallel] 10 worker threads, one renderer clone each
    init sampling: best coverage score 59.0px of uncovered area  (16 samples)
[staged]   → robot b: IoU 0.468 → 0.549  ✓
    ↑ new global best IoU 0.549  [phase Ph1 robot b]
[staged]   Ph1 robot c  zone 3  (uncovered: 2% of target)
    voronoi warm-start: IoU 0.448 ≤ 0.549, kept current
    [parallel] 10 worker threads, one renderer clone each
    init sampling: best coverage score 63.0px of uncovered area  (16 samples)
[staged]   → robot c: IoU 0.549 → 0.553  ✓
    ↑ new global best IoU 0.553  [phase Ph1 robot c]
[staged]   Ph1 robot d  zone 2  (uncovered: 0% of target)
    voronoi warm-start: IoU 0.537 ≤ 0.553, kept current
    [parallel] 10 worker threads, one renderer clone each
    init sampling: best coverage score 0.0px of uncovered area  (16 samples)
[staged]   → robot d: IoU 0.553 → 0.555  ✓
    ↑ new global best IoU 0.555  [phase Ph1 robot d]
[staged]   Ph1 robot e  zone 1  (uncovered: 0% of target)
    voronoi warm-start: IoU 0.498 ≤ 0.555, kept current
    [parallel] 10 worker threads, one renderer clone each
    init sampling: best coverage score 11.0px of uncovered area  (16 samples)
[staged]   → robot e: IoU 0.555 → 0.574  ✓
    ↑ new global best IoU 0.574  [phase Ph1 robot e]
[staged]   Ph1 robot f  zone 0  (uncovered: 13% of target)
    voronoi warm-start: IoU 0.515 ≤ 0.574, kept current
    [parallel] 10 worker threads, one renderer clone each
    init sampling: best coverage score 68.0px of uncovered area  (16 samples)
[staged]   → robot f: IoU 0.574 → 0.599  ✓
    ↑ new global best IoU 0.599  [phase Ph1 robot f]
[staged]   Ph1 robot g  zone 5  (uncovered: 2% of target)
    voronoi warm-start: IoU 0.590 ≤ 0.599, kept current
    [parallel] 10 worker threads, one renderer clone each
    init sampling: best coverage score 4.0px of uncovered area  (16 samples)
[staged]   → robot g: IoU 0.599 → 0.606  ✓
    ↑ new global best IoU 0.606  [phase Ph1 robot g]
[staged] Phase 1 done — composite IoU: 0.606

[staged] Phase 2 — backward pass  (8 iters × 7 robots, sigma=0.300)
[staged]   contributions before Phase 2:
[staged]     robot a: +0.154 IoU
[staged]     robot b: +0.009 IoU  ← low
[staged]     robot c: +0.016 IoU  ← low
[staged]     robot d: +0.002 IoU  ← low
[staged]     robot e: +0.022 IoU  ← low
[staged]     robot f: +0.029 IoU  ← low
[staged]     robot g: +0.007 IoU  ← low
[staged]   Ph2 robot g  zone 5  (uncovered: 8% of target)
    [parallel] 10 worker threads, one renderer clone each
    init sampling: best coverage score 109.0px of uncovered area  (16 samples)
[staged]   → robot g: IoU 0.606 → 0.624  ✓
    ↑ new global best IoU 0.624  [phase Ph2 robot g]
[staged]   Ph2 robot f  zone 0  (uncovered: 12% of target)
    [parallel] 10 worker threads, one renderer clone each
    init sampling: best coverage score 217.0px of uncovered area  (16 samples)
[staged]   → robot f: candidate 0.617 < current 0.624  ✗ rejected
[staged]   Ph2 robot e  zone 1  (uncovered: 9% of target)
    [parallel] 10 worker threads, one renderer clone each
    init sampling: best coverage score 23.0px of uncovered area  (16 samples)
[staged]   → robot e: candidate 0.605 < current 0.624  ✗ rejected
[staged]   Ph2 robot d  zone 2  (uncovered: 7% of target)
    [parallel] 10 worker threads, one renderer clone each
    init sampling: best coverage score 66.0px of uncovered area  (16 samples)
[staged]   → robot d: IoU 0.624 → 0.667  ✓
    ↑ new global best IoU 0.667  [phase Ph2 robot d]
[staged]   Ph2 robot c  zone 3  (uncovered: 6% of target)
    [parallel] 10 worker threads, one renderer clone each
    init sampling: best coverage score 73.0px of uncovered area  (16 samples)
[staged]   → robot c: candidate 0.664 < current 0.667  ✗ rejected
[staged]   Ph2 robot b  zone 6  (uncovered: 6% of target)
    [parallel] 10 worker threads, one renderer clone each
    init sampling: best coverage score 77.0px of uncovered area  (16 samples)
[staged]   → robot b: IoU 0.667 → 0.675  ✓
    ↑ new global best IoU 0.675  [phase Ph2 robot b]
[staged]   Ph2 robot a  zone 4  (uncovered: 30% of target)
    [parallel] 10 worker threads, one renderer clone each
    init sampling: best coverage score 311.0px of uncovered area  (16 samples)
[staged]   → robot a: candidate 0.586 < current 0.675  ✗ rejected
[staged] Phase 2 done — composite IoU: 0.675

[staged] Best snapshot: Phase 2  IoU=0.675
[staged] Manifold final pass — computing Jacobian  (ε=0.020, 84 renders)
[staged] Manifold basis: k=10D / 42D  (variance≥85%, top eigenvalues: ['454010.81', '184119.69', '145571.00', '113556.79', '105370.74'])
[staged] Manifold did not improve (0.674 vs 0.675), keeping best snapshot
[staged] FD refinement — 5 Adam steps  (420 renders, lr=0.01, ε=0.02)
    ↑ new global best IoU 0.696  [FD refinement]
[staged] FD done — IoU: 0.696  (Δ=+0.021)  ✓
[staged] Done — final IoU: 0.696  loss: 0.3050
[shard 0] 5/10 letters_upper/W_dejavusans-bold  best=0.696 mean=0.671±0.016  219s  eta 0.3h
[staged] Popsize: per-robot phases=32  final=32  (theory optimum for 6 DOF = 10)

[staged] Hungarian pre-assignment  (7×7 cost matrix, 8 samples/entry = 392 renders)...
[staged]   robot_a → zone 3  robot_b → zone 1  robot_c → zone 0  robot_d → zone 5  robot_e → zone 4  robot_f → zone 2  robot_g → zone 6

[staged] Phase 1 — forward greedy  (8 iters × 7 robot(s), sigma=0.40×1.00, popsize=32)
[staged]   Ph1 robot a  zone 3  (uncovered: 11% of target)
    voronoi warm-start: IoU 0.179 → 0.252 ✓
    [parallel] 10 worker threads, one renderer clone each
    init sampling: best coverage score 407.0px of uncovered area  (8 samples)
[staged]   → robot a: IoU 0.179 → 0.440  ✓
    ↑ new global best IoU 0.440  [phase Ph1 robot a]
[staged]   Ph1 robot b  zone 1  (uncovered: 1% of target)
    voronoi warm-start: IoU 0.440 → 0.450 ✓
    [parallel] 10 worker threads, one renderer clone each
    init sampling: best coverage score 0.0px of uncovered area  (8 samples)
[staged]   → robot b: IoU 0.440 → 0.452  ✓
    ↑ new global best IoU 0.452  [phase Ph1 robot b]
[staged]   Ph1 robot c  zone 0  (uncovered: 9% of target)
    voronoi warm-start: IoU 0.447 ≤ 0.452, kept current
    [parallel] 10 worker threads, one renderer clone each
    init sampling: best coverage score 55.0px of uncovered area  (16 samples)
[staged]   → robot c: IoU 0.452 → 0.488  ✓
    ↑ new global best IoU 0.488  [phase Ph1 robot c]
[staged]   Ph1 robot d  zone 5  (uncovered: 0% of target)
    voronoi warm-start: IoU 0.449 ≤ 0.488, kept current
    [parallel] 10 worker threads, one renderer clone each
    init sampling: best coverage score 17.0px of uncovered area  (16 samples)
[staged]   → robot d: IoU 0.488 → 0.530  ✓
    ↑ new global best IoU 0.530  [phase Ph1 robot d]
[staged]   Ph1 robot e  zone 4  (uncovered: 7% of target)
    voronoi warm-start: IoU 0.526 ≤ 0.530, kept current
    [parallel] 10 worker threads, one renderer clone each
    init sampling: best coverage score 94.0px of uncovered area  (16 samples)
[staged]   → robot e: IoU 0.530 → 0.553  ✓
    ↑ new global best IoU 0.553  [phase Ph1 robot e]
[staged]   Ph1 robot f  zone 2  (uncovered: 2% of target)
    voronoi warm-start: IoU 0.550 ≤ 0.553, kept current
    [parallel] 10 worker threads, one renderer clone each
    init sampling: best coverage score 84.0px of uncovered area  (16 samples)
[staged]   → robot f: IoU 0.553 → 0.577  ✓
    ↑ new global best IoU 0.577  [phase Ph1 robot f]
[staged]   Ph1 robot g  zone 6  (uncovered: 0% of target)
    voronoi warm-start: IoU 0.546 ≤ 0.577, kept current
    [parallel] 10 worker threads, one renderer clone each
    init sampling: best coverage score 6.0px of uncovered area  (16 samples)
[staged]   → robot g: IoU 0.577 → 0.600  ✓
    ↑ new global best IoU 0.600  [phase Ph1 robot g]
[staged] Phase 1 done — composite IoU: 0.600

[staged] Phase 2 — backward pass  (8 iters × 7 robots, sigma=0.300)
[staged]   contributions before Phase 2:
[staged]     robot a: +0.126 IoU
[staged]     robot b: -0.014 IoU  ← low
[staged]     robot c: +0.054 IoU
[staged]     robot d: +0.061 IoU
[staged]     robot e: +0.042 IoU  ← low
[staged]     robot f: +0.042 IoU  ← low
[staged]     robot g: +0.023 IoU  ← low
[staged]   Ph2 robot g  zone 6  (uncovered: 8% of target)
    [parallel] 10 worker threads, one renderer clone each
    init sampling: best coverage score 14.0px of uncovered area  (16 samples)
[staged]   → robot g: IoU 0.600 → 0.600  ✓
    ↑ new global best IoU 0.600  [phase Ph2 robot g]
[staged]   Ph2 robot f  zone 2  (uncovered: 10% of target)
    [parallel] 10 worker threads, one renderer clone each
    init sampling: best coverage score 47.0px of uncovered area  (16 samples)
[staged]   → robot f: candidate 0.585 < current 0.600  ✗ rejected
[staged]   Ph2 robot e  zone 4  (uncovered: 12% of target)
    [parallel] 10 worker threads, one renderer clone each
    init sampling: best coverage score 159.0px of uncovered area  (16 samples)
[staged]   → robot e: IoU 0.600 → 0.614  ✓
    ↑ new global best IoU 0.614  [phase Ph2 robot e]
[staged]   Ph2 robot d  zone 5  (uncovered: 13% of target)
    [parallel] 10 worker threads, one renderer clone each
    init sampling: best coverage score 47.0px of uncovered area  (16 samples)
[staged]   → robot d: candidate 0.583 < current 0.614  ✗ rejected
[staged]   Ph2 robot c  zone 0  (uncovered: 12% of target)
    [parallel] 10 worker threads, one renderer clone each
    init sampling: best coverage score 198.0px of uncovered area  (16 samples)
[staged]   → robot c: IoU 0.614 → 0.615  ✓
    ↑ new global best IoU 0.615  [phase Ph2 robot c]
[staged]   Ph2 robot b  zone 1  (uncovered: 13% of target)
    [parallel] 10 worker threads, one renderer clone each
    init sampling: best coverage score 223.0px of uncovered area  (16 samples)
[staged]   → robot b: IoU 0.615 → 0.658  ✓
    ↑ new global best IoU 0.658  [phase Ph2 robot b]
[staged]   Ph2 robot a  zone 3  (uncovered: 13% of target)
    [parallel] 10 worker threads, one renderer clone each
    init sampling: best coverage score 219.0px of uncovered area  (16 samples)
[staged]   → robot a: IoU 0.658 → 0.663  ✓
    ↑ new global best IoU 0.663  [phase Ph2 robot a]
[staged] Phase 2 done — composite IoU: 0.663

[staged] Best snapshot: Phase 2  IoU=0.663
[staged] Manifold final pass — computing Jacobian  (ε=0.020, 84 renders)
[staged] Manifold basis: k=11D / 42D  (variance≥85%, top eigenvalues: ['453382.50', '199786.45', '136472.56', '121568.72', '104526.48'])
[staged] Manifold did not improve (0.656 vs 0.663), keeping best snapshot
[staged] FD refinement — 5 Adam steps  (420 renders, lr=0.01, ε=0.02)
    ↑ new global best IoU 0.681  [FD refinement]
[staged] FD done — IoU: 0.681  (Δ=+0.017)  ✓
[staged] Done — final IoU: 0.681  loss: 0.3213
[staged] Popsize: per-robot phases=32  final=32  (theory optimum for 6 DOF = 10)

[staged] Hungarian pre-assignment  (7×7 cost matrix, 8 samples/entry = 392 renders)...
[staged]   robot_a → zone 3  robot_b → zone 6  robot_c → zone 2  robot_d → zone 4  robot_e → zone 1  robot_f → zone 0  robot_g → zone 5

[staged] Phase 1 — forward greedy  (8 iters × 7 robot(s), sigma=0.40×1.00, popsize=32)
[staged]   Ph1 robot a  zone 3  (uncovered: 17% of target)
    voronoi warm-start: IoU 0.179 → 0.261 ✓
    [parallel] 10 worker threads, one renderer clone each
    init sampling: best coverage score 0.0px of uncovered area  (8 samples)
[staged]   → robot a: IoU 0.179 → 0.423  ✓
    ↑ new global best IoU 0.423  [phase Ph1 robot a]
[staged]   Ph1 robot b  zone 6  (uncovered: 2% of target)
    voronoi warm-start: IoU 0.397 ≤ 0.423, kept current
    [parallel] 10 worker threads, one renderer clone each
    init sampling: best coverage score 83.0px of uncovered area  (16 samples)
[staged]   → robot b: IoU 0.423 → 0.457  ✓
    ↑ new global best IoU 0.457  [phase Ph1 robot b]
[staged]   Ph1 robot c  zone 2  (uncovered: 10% of target)
    voronoi warm-start: IoU 0.400 ≤ 0.457, kept current
    [parallel] 10 worker threads, one renderer clone each
    init sampling: best coverage score 351.0px of uncovered area  (16 samples)
[staged]   → robot c: IoU 0.457 → 0.490  ✓
    ↑ new global best IoU 0.490  [phase Ph1 robot c]
[staged]   Ph1 robot d  zone 4  (uncovered: 1% of target)
    voronoi warm-start: IoU 0.490 → 0.507 ✓
    [parallel] 10 worker threads, one renderer clone each
    init sampling: best coverage score 26.0px of uncovered area  (8 samples)
[staged]   → robot d: IoU 0.490 → 0.536  ✓
    ↑ new global best IoU 0.536  [phase Ph1 robot d]
[staged]   Ph1 robot e  zone 1  (uncovered: 1% of target)
    voronoi warm-start: IoU 0.527 ≤ 0.536, kept current
    [parallel] 10 worker threads, one renderer clone each
    init sampling: best coverage score 20.0px of uncovered area  (16 samples)
[staged]   → robot e: IoU 0.536 → 0.551  ✓
    ↑ new global best IoU 0.551  [phase Ph1 robot e]
[staged]   Ph1 robot f  zone 0  (uncovered: 1% of target)
    voronoi warm-start: IoU 0.538 ≤ 0.551, kept current
    [parallel] 10 worker threads, one renderer clone each
    init sampling: best coverage score 30.0px of uncovered area  (16 samples)
[staged]   → robot f: IoU 0.551 → 0.582  ✓
    ↑ new global best IoU 0.582  [phase Ph1 robot f]
[staged]   Ph1 robot g  zone 5  (uncovered: 10% of target)
    voronoi warm-start: IoU 0.579 ≤ 0.582, kept current
    [parallel] 10 worker threads, one renderer clone each
    init sampling: best coverage score 112.0px of uncovered area  (16 samples)
[staged]   → robot g: IoU 0.582 → 0.611  ✓
    ↑ new global best IoU 0.611  [phase Ph1 robot g]
[staged] Phase 1 done — composite IoU: 0.611

[staged] Phase 2 — backward pass  (8 iters × 7 robots, sigma=0.300)
[staged]   contributions before Phase 2:
[staged]     robot a: +0.121 IoU
[staged]     robot b: +0.041 IoU  ← low
[staged]     robot c: +0.059 IoU
[staged]     robot d: +0.071 IoU
[staged]     robot e: +0.039 IoU  ← low
[staged]     robot f: +0.052 IoU
[staged]     robot g: +0.029 IoU  ← low
[staged]   Ph2 robot g  zone 5  (uncovered: 10% of target)
    [parallel] 10 worker threads, one renderer clone each
    init sampling: best coverage score 56.0px of uncovered area  (16 samples)
[staged]   → robot g: IoU 0.611 → 0.621  ✓
    ↑ new global best IoU 0.621  [phase Ph2 robot g]
[staged]   Ph2 robot f  zone 0  (uncovered: 13% of target)
    [parallel] 10 worker threads, one renderer clone each
    init sampling: best coverage score 50.0px of uncovered area  (16 samples)
[staged]   → robot f: candidate 0.604 < current 0.621  ✗ rejected
[staged]   Ph2 robot e  zone 1  (uncovered: 10% of target)
    [parallel] 10 worker threads, one renderer clone each
    init sampling: best coverage score 119.0px of uncovered area  (16 samples)
[staged]   → robot e: candidate 0.620 < current 0.621  ✗ rejected
[staged]   Ph2 robot d  zone 4  (uncovered: 15% of target)
    [parallel] 10 worker threads, one renderer clone each
    init sampling: best coverage score 50.0px of uncovered area  (16 samples)
[staged]   → robot d: candidate 0.590 < current 0.621  ✗ rejected
[staged]   Ph2 robot c  zone 2  (uncovered: 9% of target)
    [parallel] 10 worker threads, one renderer clone each
    init sampling: best coverage score 40.0px of uncovered area  (16 samples)
[staged]   → robot c: IoU 0.621 → 0.625  ✓
    ↑ new global best IoU 0.625  [phase Ph2 robot c]
[staged]   Ph2 robot b  zone 6  (uncovered: 11% of target)
    [parallel] 10 worker threads, one renderer clone each
    init sampling: best coverage score 136.0px of uncovered area  (16 samples)
[staged]   → robot b: IoU 0.625 → 0.626  ✓
    ↑ new global best IoU 0.626  [phase Ph2 robot b]
[staged]   Ph2 robot a  zone 3  (uncovered: 16% of target)
    [parallel] 10 worker threads, one renderer clone each
    init sampling: best coverage score 332.0px of uncovered area  (16 samples)
[staged]   → robot a: IoU 0.626 → 0.645  ✓
    ↑ new global best IoU 0.645  [phase Ph2 robot a]
[staged] Phase 2 done — composite IoU: 0.645

[staged] Best snapshot: Phase 2  IoU=0.645
[staged] Manifold final pass — computing Jacobian  (ε=0.020, 84 renders)
[staged] Manifold basis: k=11D / 42D  (variance≥85%, top eigenvalues: ['418972.31', '220251.61', '150938.89', '115201.12', '96291.72'])
[staged] Manifold did not improve (0.635 vs 0.645), keeping best snapshot
[staged] FD refinement — 5 Adam steps  (420 renders, lr=0.01, ε=0.02)
    ↑ new global best IoU 0.672  [FD refinement]
[staged] FD done — IoU: 0.672  (Δ=+0.027)  ✓
[staged] Done — final IoU: 0.672  loss: 0.3293
[staged] Popsize: per-robot phases=32  final=32  (theory optimum for 6 DOF = 10)

[staged] Hungarian pre-assignment  (7×7 cost matrix, 8 samples/entry = 392 renders)...
[staged]   robot_a → zone 3  robot_b → zone 0  robot_c → zone 1  robot_d → zone 4  robot_e → zone 2  robot_f → zone 6  robot_g → zone 5

[staged] Phase 1 — forward greedy  (8 iters × 7 robot(s), sigma=0.40×1.00, popsize=32)
[staged]   Ph1 robot a  zone 3  (uncovered: 21% of target)
    voronoi warm-start: IoU 0.179 → 0.258 ✓
    [parallel] 10 worker threads, one renderer clone each
    init sampling: best coverage score 85.0px of uncovered area  (8 samples)
[staged]   → robot a: IoU 0.179 → 0.424  ✓
    ↑ new global best IoU 0.424  [phase Ph1 robot a]
[staged]   Ph1 robot b  zone 0  (uncovered: 16% of target)
    voronoi warm-start: IoU 0.401 ≤ 0.424, kept current
    [parallel] 10 worker threads, one renderer clone each
    init sampling: best coverage score 497.0px of uncovered area  (16 samples)
[staged]   → robot b: IoU 0.424 → 0.467  ✓
    ↑ new global best IoU 0.467  [phase Ph1 robot b]
[staged]   Ph1 robot c  zone 1  (uncovered: 23% of target)
    voronoi warm-start: IoU 0.463 ≤ 0.467, kept current
    [parallel] 10 worker threads, one renderer clone each
    init sampling: best coverage score 215.0px of uncovered area  (16 samples)
[staged]   → robot c: IoU 0.467 → 0.503  ✓
    ↑ new global best IoU 0.503  [phase Ph1 robot c]
[staged]   Ph1 robot d  zone 4  (uncovered: 19% of target)
    voronoi warm-start: IoU 0.502 ≤ 0.503, kept current
    [parallel] 10 worker threads, one renderer clone each
    init sampling: best coverage score 213.0px of uncovered area  (16 samples)
[staged]   → robot d: IoU 0.503 → 0.550  ✓
    ↑ new global best IoU 0.550  [phase Ph1 robot d]
[staged]   Ph1 robot e  zone 2  (uncovered: 5% of target)
    voronoi warm-start: IoU 0.539 ≤ 0.550, kept current
    [parallel] 10 worker threads, one renderer clone each
    init sampling: best coverage score 107.0px of uncovered area  (16 samples)
[staged]   → robot e: IoU 0.550 → 0.588  ✓
    ↑ new global best IoU 0.588  [phase Ph1 robot e]
[staged]   Ph1 robot f  zone 6  (uncovered: 1% of target)
    voronoi warm-start: IoU 0.537 ≤ 0.588, kept current
    [parallel] 10 worker threads, one renderer clone each
    init sampling: best coverage score 24.0px of uncovered area  (16 samples)
[staged]   → robot f: IoU 0.588 → 0.597  ✓
    ↑ new global best IoU 0.597  [phase Ph1 robot f]
[staged]   Ph1 robot g  zone 5  (uncovered: 3% of target)
    voronoi warm-start: IoU 0.595 ≤ 0.597, kept current
    [parallel] 10 worker threads, one renderer clone each
    init sampling: best coverage score 20.0px of uncovered area  (16 samples)
[staged]   → robot g: IoU 0.597 → 0.636  ✓
    ↑ new global best IoU 0.636  [phase Ph1 robot g]
[staged] Phase 1 done — composite IoU: 0.636

[staged] Phase 2 — backward pass  (8 iters × 7 robots, sigma=0.300)
[staged]   contributions before Phase 2:
[staged]     robot a: +0.082 IoU
[staged]     robot b: +0.075 IoU
[staged]     robot c: +0.074 IoU
[staged]     robot d: +0.054 IoU
[staged]     robot e: +0.063 IoU
[staged]     robot f: +0.029 IoU  ← low
[staged]     robot g: +0.039 IoU  ← low
[staged]   Ph2 robot g  zone 5  (uncovered: 8% of target)
    [parallel] 10 worker threads, one renderer clone each
    init sampling: best coverage score 97.0px of uncovered area  (16 samples)
[staged]   → robot g: IoU 0.636 → 0.638  ✓
    ↑ new global best IoU 0.638  [phase Ph2 robot g]
[staged]   Ph2 robot f  zone 6  (uncovered: 6% of target)
    [parallel] 10 worker threads, one renderer clone each
    init sampling: best coverage score 55.0px of uncovered area  (16 samples)
[staged]   → robot f: IoU 0.638 → 0.653  ✓
    ↑ new global best IoU 0.653  [phase Ph2 robot f]
[staged]   Ph2 robot e  zone 2  (uncovered: 8% of target)
    [parallel] 10 worker threads, one renderer clone each
    init sampling: best coverage score 74.0px of uncovered area  (16 samples)
[staged]   → robot e: candidate 0.642 < current 0.653  ✗ rejected
[staged]   Ph2 robot d  zone 4  (uncovered: 10% of target)
    [parallel] 10 worker threads, one renderer clone each
    init sampling: best coverage score 239.0px of uncovered area  (16 samples)
[staged]   → robot d: candidate 0.614 < current 0.653  ✗ rejected
[staged]   Ph2 robot c  zone 1  (uncovered: 7% of target)
    [parallel] 10 worker threads, one renderer clone each
    init sampling: best coverage score 27.0px of uncovered area  (16 samples)
[staged]   → robot c: candidate 0.633 < current 0.653  ✗ rejected
[staged]   Ph2 robot b  zone 0  (uncovered: 12% of target)
    [parallel] 10 worker threads, one renderer clone each
    init sampling: best coverage score 302.0px of uncovered area  (16 samples)
[staged]   → robot b: candidate 0.645 < current 0.653  ✗ rejected
[staged]   Ph2 robot a  zone 3  (uncovered: 15% of target)
    [parallel] 10 worker threads, one renderer clone each
    init sampling: best coverage score 392.0px of uncovered area  (16 samples)
[staged]   → robot a: IoU 0.653 → 0.701  ✓
    ↑ new global best IoU 0.701  [phase Ph2 robot a]
[staged] Phase 2 done — composite IoU: 0.701

[staged] Best snapshot: Phase 2  IoU=0.701
[staged] Manifold final pass — computing Jacobian  (ε=0.020, 84 renders)
[staged] Manifold basis: k=14D / 42D  (variance≥85%, top eigenvalues: ['250474.95', '184649.47', '106022.64', '92166.34', '82632.48'])
[staged] Manifold did not improve (0.690 vs 0.701), keeping best snapshot
[staged] FD refinement — 5 Adam steps  (420 renders, lr=0.01, ε=0.02)
    ↑ new global best IoU 0.725  [FD refinement]
[staged] FD done — IoU: 0.725  (Δ=+0.024)  ✓
[staged] Done — final IoU: 0.725  loss: 0.2766
[staged] Popsize: per-robot phases=32  final=32  (theory optimum for 6 DOF = 10)

[staged] Hungarian pre-assignment  (7×7 cost matrix, 8 samples/entry = 392 renders)...
[staged]   robot_a → zone 4  robot_b → zone 0  robot_c → zone 5  robot_d → zone 1  robot_e → zone 3  robot_f → zone 6  robot_g → zone 2

[staged] Phase 1 — forward greedy  (8 iters × 7 robot(s), sigma=0.40×1.00, popsize=32)
[staged]   Ph1 robot a  zone 4  (uncovered: 14% of target)
    voronoi warm-start: IoU 0.179 → 0.253 ✓
    [parallel] 10 worker threads, one renderer clone each
    init sampling: best coverage score 582.0px of uncovered area  (8 samples)
[staged]   → robot a: IoU 0.179 → 0.436  ✓
    ↑ new global best IoU 0.436  [phase Ph1 robot a]
[staged]   Ph1 robot b  zone 0  (uncovered: 11% of target)
    voronoi warm-start: IoU 0.409 ≤ 0.436, kept current
    [parallel] 10 worker threads, one renderer clone each
    init sampling: best coverage score 202.0px of uncovered area  (16 samples)
[staged]   → robot b: IoU 0.436 → 0.500  ✓
    ↑ new global best IoU 0.500  [phase Ph1 robot b]
[staged]   Ph1 robot c  zone 5  (uncovered: 4% of target)
    voronoi warm-start: IoU 0.432 ≤ 0.500, kept current
    [parallel] 10 worker threads, one renderer clone each
    init sampling: best coverage score 0.0px of uncovered area  (16 samples)
[staged]   → robot c: IoU 0.500 → 0.532  ✓
    ↑ new global best IoU 0.532  [phase Ph1 robot c]
[staged]   Ph1 robot d  zone 1  (uncovered: 0% of target)
    voronoi warm-start: IoU 0.532 → 0.535 ✓
    [parallel] 10 worker threads, one renderer clone each
    init sampling: best coverage score 0.0px of uncovered area  (8 samples)
[staged]   → robot d: IoU 0.532 → 0.564  ✓
    ↑ new global best IoU 0.564  [phase Ph1 robot d]
[staged]   Ph1 robot e  zone 3  (uncovered: 0% of target)
    voronoi warm-start: IoU 0.525 ≤ 0.564, kept current
    [parallel] 10 worker threads, one renderer clone each
    init sampling: best coverage score 2.0px of uncovered area  (16 samples)
[staged]   → robot e: IoU 0.564 → 0.572  ✓
    ↑ new global best IoU 0.572  [phase Ph1 robot e]
[staged]   Ph1 robot f  zone 6  (uncovered: 7% of target)
    voronoi warm-start: IoU 0.556 ≤ 0.572, kept current
    [parallel] 10 worker threads, one renderer clone each
    init sampling: best coverage score 63.0px of uncovered area  (16 samples)
[staged]   → robot f: IoU 0.572 → 0.584  ✓
    ↑ new global best IoU 0.584  [phase Ph1 robot f]
[staged]   Ph1 robot g  zone 2  (uncovered: 6% of target)
    voronoi warm-start: IoU 0.584 → 0.591 ✓
    [parallel] 10 worker threads, one renderer clone each
    init sampling: best coverage score 2.0px of uncovered area  (8 samples)
[staged]   → robot g: IoU 0.584 → 0.611  ✓
    ↑ new global best IoU 0.611  [phase Ph1 robot g]
[staged] Phase 1 done — composite IoU: 0.611

[staged] Phase 2 — backward pass  (8 iters × 7 robots, sigma=0.300)
[staged]   contributions before Phase 2:
[staged]     robot a: +0.133 IoU
[staged]     robot b: +0.075 IoU
[staged]     robot c: +0.041 IoU  ← low
[staged]     robot d: +0.045 IoU  ← low
[staged]     robot e: +0.015 IoU  ← low
[staged]     robot f: +0.028 IoU  ← low
[staged]     robot g: +0.027 IoU  ← low
[staged]   Ph2 robot g  zone 2  (uncovered: 6% of target)
    [parallel] 10 worker threads, one renderer clone each
    init sampling: best coverage score 43.0px of uncovered area  (16 samples)
[staged]   → robot g: candidate 0.611 < current 0.611  ✗ rejected
[staged]   Ph2 robot f  zone 6  (uncovered: 6% of target)
    [parallel] 10 worker threads, one renderer clone each
    init sampling: best coverage score 47.0px of uncovered area  (16 samples)
[staged]   → robot f: candidate 0.611 < current 0.611  ✗ rejected
[staged]   Ph2 robot e  zone 3  (uncovered: 6% of target)
    [parallel] 10 worker threads, one renderer clone each
    init sampling: best coverage score 14.0px of uncovered area  (16 samples)
[staged]   → robot e: IoU 0.611 → 0.625  ✓
    ↑ new global best IoU 0.625  [phase Ph2 robot e]
[staged]   Ph2 robot d  zone 1  (uncovered: 11% of target)
    [parallel] 10 worker threads, one renderer clone each
    init sampling: best coverage score 156.0px of uncovered area  (16 samples)
[staged]   → robot d: candidate 0.622 < current 0.625  ✗ rejected
[staged]   Ph2 robot c  zone 5  (uncovered: 8% of target)
    [parallel] 10 worker threads, one renderer clone each
    init sampling: best coverage score 96.0px of uncovered area  (16 samples)
[staged]   → robot c: IoU 0.625 → 0.635  ✓
    ↑ new global best IoU 0.635  [phase Ph2 robot c]
[staged]   Ph2 robot b  zone 0  (uncovered: 14% of target)
    [parallel] 10 worker threads, one renderer clone each
    init sampling: best coverage score 139.0px of uncovered area  (16 samples)
[staged]   → robot b: candidate 0.592 < current 0.635  ✗ rejected
[staged]   Ph2 robot a  zone 4  (uncovered: 25% of target)
    [parallel] 10 worker threads, one renderer clone each
    init sampling: best coverage score 775.0px of uncovered area  (16 samples)
[staged]   → robot a: IoU 0.635 → 0.645  ✓
    ↑ new global best IoU 0.645  [phase Ph2 robot a]
[staged] Phase 2 done — composite IoU: 0.645

[staged] Best snapshot: Phase 2  IoU=0.645
[staged] Manifold final pass — computing Jacobian  (ε=0.020, 84 renders)
[staged] Manifold basis: k=11D / 42D  (variance≥85%, top eigenvalues: ['499642.09', '157049.92', '100008.14', '93381.66', '76787.54'])
[staged] Manifold did not improve (0.640 vs 0.645), keeping best snapshot
[staged] FD refinement — 5 Adam steps  (420 renders, lr=0.01, ε=0.02)
    ↑ new global best IoU 0.668  [FD refinement]
[staged] FD done — IoU: 0.668  (Δ=+0.023)  ✓
[staged] Done — final IoU: 0.668  loss: 0.3346
[staged] Popsize: per-robot phases=32  final=32  (theory optimum for 6 DOF = 10)

[staged] Hungarian pre-assignment  (7×7 cost matrix, 8 samples/entry = 392 renders)...
[staged]   robot_a → zone 2  robot_b → zone 5  robot_c → zone 3  robot_d → zone 1  robot_e → zone 6  robot_f → zone 4  robot_g → zone 0

[staged] Phase 1 — forward greedy  (8 iters × 7 robot(s), sigma=0.40×1.00, popsize=32)
[staged]   Ph1 robot a  zone 2  (uncovered: 13% of target)
    voronoi warm-start: IoU 0.165 ≤ 0.179, kept current
    [parallel] 10 worker threads, one renderer clone each
    init sampling: best coverage score 514.0px of uncovered area  (16 samples)
[staged]   → robot a: IoU 0.179 → 0.536  ✓
    ↑ new global best IoU 0.536  [phase Ph1 robot a]
[staged]   Ph1 robot b  zone 5  (uncovered: 2% of target)
    voronoi warm-start: IoU 0.536 → 0.539 ✓
    [parallel] 10 worker threads, one renderer clone each
    init sampling: best coverage score 6.0px of uncovered area  (8 samples)
[staged]   → robot b: IoU 0.536 → 0.558  ✓
    ↑ new global best IoU 0.558  [phase Ph1 robot b]
[staged]   Ph1 robot c  zone 3  (uncovered: 0% of target)
    voronoi warm-start: IoU 0.509 ≤ 0.558, kept current
    [parallel] 10 worker threads, one renderer clone each
    init sampling: best coverage score 4.0px of uncovered area  (16 samples)
[staged]   → robot c: IoU 0.558 → 0.569  ✓
    ↑ new global best IoU 0.569  [phase Ph1 robot c]
[staged]   Ph1 robot d  zone 1  (uncovered: 1% of target)
    voronoi warm-start: IoU 0.564 ≤ 0.569, kept current
    [parallel] 10 worker threads, one renderer clone each
    init sampling: best coverage score 47.0px of uncovered area  (16 samples)
[staged]   → robot d: IoU 0.569 → 0.578  ✓
    ↑ new global best IoU 0.578  [phase Ph1 robot d]
[staged]   Ph1 robot e  zone 6  (uncovered: 9% of target)
    voronoi warm-start: IoU 0.550 ≤ 0.578, kept current
    [parallel] 10 worker threads, one renderer clone each
    init sampling: best coverage score 34.0px of uncovered area  (16 samples)
[staged]   → robot e: IoU 0.578 → 0.586  ✓
    ↑ new global best IoU 0.586  [phase Ph1 robot e]
[staged]   Ph1 robot f  zone 4  (uncovered: 4% of target)
    voronoi warm-start: IoU 0.546 ≤ 0.586, kept current
    [parallel] 10 worker threads, one renderer clone each
    init sampling: best coverage score 34.0px of uncovered area  (16 samples)
[staged]   → robot f: IoU 0.586 → 0.593  ✓
    ↑ new global best IoU 0.593  [phase Ph1 robot f]
[staged]   Ph1 robot g  zone 0  (uncovered: 0% of target)
    voronoi warm-start: IoU 0.582 ≤ 0.593, kept current
    [parallel] 10 worker threads, one renderer clone each
    init sampling: best loss 21.6143 (16 samples)
[staged]   → robot g: IoU 0.593 → 0.624  ✓
    ↑ new global best IoU 0.624  [phase Ph1 robot g]
[staged] Phase 1 done — composite IoU: 0.624

[staged] Phase 2 — backward pass  (8 iters × 7 robots, sigma=0.300)
[staged]   contributions before Phase 2:
[staged]     robot a: +0.129 IoU
[staged]     robot b: +0.047 IoU  ← low
[staged]     robot c: +0.002 IoU  ← low
[staged]     robot d: +0.028 IoU  ← low
[staged]     robot e: +0.032 IoU  ← low
[staged]     robot f: +0.030 IoU  ← low
[staged]     robot g: +0.031 IoU  ← low
[staged]   Ph2 robot g  zone 0  (uncovered: 8% of target)
    [parallel] 10 worker threads, one renderer clone each
    init sampling: best coverage score 25.0px of uncovered area  (16 samples)
[staged]   → robot g: IoU 0.624 → 0.625  ✓
    ↑ new global best IoU 0.625  [phase Ph2 robot g]
[staged]   Ph2 robot f  zone 4  (uncovered: 8% of target)
    [parallel] 10 worker threads, one renderer clone each
    init sampling: best coverage score 16.0px of uncovered area  (16 samples)
[staged]   → robot f: candidate 0.624 < current 0.625  ✗ rejected
[staged]   Ph2 robot e  zone 6  (uncovered: 8% of target)
    [parallel] 10 worker threads, one renderer clone each
    init sampling: best coverage score 112.0px of uncovered area  (16 samples)
[staged]   → robot e: IoU 0.625 → 0.633  ✓
    ↑ new global best IoU 0.633  [phase Ph2 robot e]
[staged]   Ph2 robot d  zone 1  (uncovered: 7% of target)
    [parallel] 10 worker threads, one renderer clone each
    init sampling: best coverage score 20.0px of uncovered area  (16 samples)
[staged]   → robot d: IoU 0.633 → 0.633  ✓
    ↑ new global best IoU 0.633  [phase Ph2 robot d]
[staged]   Ph2 robot c  zone 3  (uncovered: 11% of target)
    [parallel] 10 worker threads, one renderer clone each
    init sampling: best coverage score 155.0px of uncovered area  (16 samples)
[staged]   → robot c: IoU 0.633 → 0.654  ✓
    ↑ new global best IoU 0.654  [phase Ph2 robot c]
[staged]   Ph2 robot b  zone 5  (uncovered: 10% of target)
    [parallel] 10 worker threads, one renderer clone each
    init sampling: best coverage score 96.0px of uncovered area  (16 samples)
[staged]   → robot b: IoU 0.654 → 0.682  ✓
    ↑ new global best IoU 0.682  [phase Ph2 robot b]
[staged]   Ph2 robot a  zone 2  (uncovered: 35% of target)
    [parallel] 10 worker threads, one renderer clone each
    init sampling: best coverage score 588.0px of uncovered area  (16 samples)
[staged]   → robot a: IoU 0.682 → 0.683  ✓
    ↑ new global best IoU 0.683  [phase Ph2 robot a]
[staged] Phase 2 done — composite IoU: 0.683

[staged] Best snapshot: Phase 2  IoU=0.683
[staged] Manifold final pass — computing Jacobian  (ε=0.020, 84 renders)
[staged] Manifold basis: k=10D / 42D  (variance≥85%, top eigenvalues: ['456152.94', '152582.64', '84542.21', '75160.66', '68412.01'])
[staged] Manifold did not improve (0.670 vs 0.683), keeping best snapshot
[staged] FD refinement — 5 Adam steps  (420 renders, lr=0.01, ε=0.02)
    ↑ new global best IoU 0.702  [FD refinement]
[staged] FD done — IoU: 0.702  (Δ=+0.019)  ✓
[staged] Done — final IoU: 0.702  loss: 0.2996
[shard 0] 6/10 digits/2_dejavusans-bold  best=0.725 mean=0.690±0.021  219s  eta 0.2h
[staged] Popsize: per-robot phases=32  final=32  (theory optimum for 6 DOF = 10)

[staged] Hungarian pre-assignment  (7×7 cost matrix, 8 samples/entry = 392 renders)...
[staged]   robot_a → zone 4  robot_b → zone 5  robot_c → zone 6  robot_d → zone 0  robot_e → zone 1  robot_f → zone 2  robot_g → zone 3

[staged] Phase 1 — forward greedy  (8 iters × 7 robot(s), sigma=0.40×1.00, popsize=32)
[staged]   Ph1 robot a  zone 4  (uncovered: 11% of target)
    voronoi warm-start: IoU 0.136 → 0.187 ✓
    [parallel] 10 worker threads, one renderer clone each
    init sampling: best coverage score 447.0px of uncovered area  (8 samples)
[staged]   → robot a: IoU 0.136 → 0.434  ✓
    ↑ new global best IoU 0.434  [phase Ph1 robot a]
[staged]   Ph1 robot b  zone 5  (uncovered: 3% of target)
    voronoi warm-start: IoU 0.411 ≤ 0.434, kept current
    [parallel] 10 worker threads, one renderer clone each
    init sampling: best coverage score 100.0px of uncovered area  (16 samples)
[staged]   → robot b: IoU 0.434 → 0.510  ✓
    ↑ new global best IoU 0.510  [phase Ph1 robot b]
[staged]   Ph1 robot c  zone 6  (uncovered: 1% of target)
    voronoi warm-start: IoU 0.489 ≤ 0.510, kept current
    [parallel] 10 worker threads, one renderer clone each
    init sampling: best coverage score 0.0px of uncovered area  (16 samples)
[staged]   → robot c: IoU 0.510 → 0.535  ✓
    ↑ new global best IoU 0.535  [phase Ph1 robot c]
[staged]   Ph1 robot d  zone 0  (uncovered: 1% of target)
    voronoi warm-start: IoU 0.535 → 0.539 ✓
    [parallel] 10 worker threads, one renderer clone each
    init sampling: best coverage score 12.0px of uncovered area  (8 samples)
[staged]   → robot d: IoU 0.535 → 0.565  ✓
    ↑ new global best IoU 0.565  [phase Ph1 robot d]
[staged]   Ph1 robot e  zone 1  (uncovered: 1% of target)
    voronoi warm-start: IoU 0.561 ≤ 0.565, kept current
    [parallel] 10 worker threads, one renderer clone each
    init sampling: best coverage score 7.0px of uncovered area  (16 samples)
[staged]   → robot e: IoU 0.565 → 0.582  ✓
    ↑ new global best IoU 0.582  [phase Ph1 robot e]
[staged]   Ph1 robot f  zone 2  (uncovered: 0% of target)
    voronoi warm-start: IoU 0.576 ≤ 0.582, kept current
    [parallel] 10 worker threads, one renderer clone each
    init sampling: best loss 21.6471 (16 samples)
[staged]   → robot f: IoU 0.582 → 0.599  ✓
    ↑ new global best IoU 0.599  [phase Ph1 robot f]
[staged]   Ph1 robot g  zone 3  (uncovered: 0% of target)
    voronoi warm-start: IoU 0.550 ≤ 0.599, kept current
    [parallel] 10 worker threads, one renderer clone each
    init sampling: best coverage score 5.0px of uncovered area  (16 samples)
[staged]   → robot g: IoU 0.599 → 0.633  ✓
    ↑ new global best IoU 0.633  [phase Ph1 robot g]
[staged] Phase 1 done — composite IoU: 0.633

[staged] Phase 2 — backward pass  (8 iters × 7 robots, sigma=0.300)
[staged]   contributions before Phase 2:
[staged]     robot a: +0.091 IoU
[staged]     robot b: +0.076 IoU
[staged]     robot c: +0.046 IoU  ← low
[staged]     robot d: +0.057 IoU
[staged]     robot e: +0.039 IoU  ← low
[staged]     robot f: +0.036 IoU  ← low
[staged]     robot g: +0.034 IoU  ← low
[staged]   Ph2 robot g  zone 3  (uncovered: 12% of target)
    [parallel] 10 worker threads, one renderer clone each
    init sampling: best coverage score 180.0px of uncovered area  (16 samples)
[staged]   → robot g: candidate 0.627 < current 0.633  ✗ rejected
[staged]   Ph2 robot f  zone 2  (uncovered: 9% of target)
    [parallel] 10 worker threads, one renderer clone each
    init sampling: best coverage score 67.0px of uncovered area  (16 samples)
[staged]   → robot f: candidate 0.632 < current 0.633  ✗ rejected
[staged]   Ph2 robot e  zone 1  (uncovered: 9% of target)
    [parallel] 10 worker threads, one renderer clone each
    init sampling: best coverage score 53.0px of uncovered area  (16 samples)
[staged]   → robot e: candidate 0.630 < current 0.633  ✗ rejected
[staged]   Ph2 robot d  zone 0  (uncovered: 13% of target)
    [parallel] 10 worker threads, one renderer clone each
    init sampling: best coverage score 206.0px of uncovered area  (16 samples)
[staged]   → robot d: IoU 0.633 → 0.642  ✓
    ↑ new global best IoU 0.642  [phase Ph2 robot d]
[staged]   Ph2 robot c  zone 6  (uncovered: 10% of target)
    [parallel] 10 worker threads, one renderer clone each
    init sampling: best coverage score 111.0px of uncovered area  (16 samples)
[staged]   → robot c: candidate 0.632 < current 0.642  ✗ rejected
[staged]   Ph2 robot b  zone 5  (uncovered: 13% of target)
    [parallel] 10 worker threads, one renderer clone each
    init sampling: best coverage score 287.0px of uncovered area  (16 samples)
[staged]   → robot b: candidate 0.638 < current 0.642  ✗ rejected
[staged]   Ph2 robot a  zone 4  (uncovered: 16% of target)
    [parallel] 10 worker threads, one renderer clone each
    init sampling: best coverage score 292.0px of uncovered area  (16 samples)
[staged]   → robot a: candidate 0.596 < current 0.642  ✗ rejected
[staged] Phase 2 done — composite IoU: 0.642

[staged] Best snapshot: Phase 2  IoU=0.642
[staged] Manifold final pass — computing Jacobian  (ε=0.020, 84 renders)
[staged] Manifold basis: k=13D / 42D  (variance≥85%, top eigenvalues: ['278343.50', '210042.94', '167981.58', '141878.69', '105403.62'])
    ↑ new global best IoU 0.656  [manifold final pass]
[staged] Manifold done — IoU: 0.656  (Δ=+0.014)  ✓
[staged] FD refinement — 5 Adam steps  (420 renders, lr=0.01, ε=0.02)
    ↑ new global best IoU 0.665  [FD refinement]
[staged] FD done — IoU: 0.665  (Δ=+0.008)  ✓
[staged] Done — final IoU: 0.665  loss: 0.3370
[staged] Popsize: per-robot phases=32  final=32  (theory optimum for 6 DOF = 10)

[staged] Hungarian pre-assignment  (7×7 cost matrix, 8 samples/entry = 392 renders)...
[staged]   robot_a → zone 2  robot_b → zone 5  robot_c → zone 3  robot_d → zone 1  robot_e → zone 6  robot_f → zone 0  robot_g → zone 4

[staged] Phase 1 — forward greedy  (8 iters × 7 robot(s), sigma=0.40×1.00, popsize=32)
[staged]   Ph1 robot a  zone 2  (uncovered: 15% of target)
    voronoi warm-start: IoU 0.136 → 0.195 ✓
    [parallel] 10 worker threads, one renderer clone each
    init sampling: best coverage score 0.0px of uncovered area  (8 samples)
[staged]   → robot a: IoU 0.136 → 0.341  ✓
    ↑ new global best IoU 0.341  [phase Ph1 robot a]
[staged]   Ph1 robot b  zone 5  (uncovered: 10% of target)
    voronoi warm-start: IoU 0.324 ≤ 0.341, kept current
    [parallel] 10 worker threads, one renderer clone each
    init sampling: best coverage score 122.0px of uncovered area  (16 samples)
[staged]   → robot b: IoU 0.341 → 0.434  ✓
    ↑ new global best IoU 0.434  [phase Ph1 robot b]
[staged]   Ph1 robot c  zone 3  (uncovered: 11% of target)
    voronoi warm-start: IoU 0.434 → 0.446 ✓
    [parallel] 10 worker threads, one renderer clone each
    init sampling: best coverage score 293.0px of uncovered area  (8 samples)
[staged]   → robot c: IoU 0.434 → 0.506  ✓
    ↑ new global best IoU 0.506  [phase Ph1 robot c]
[staged]   Ph1 robot d  zone 1  (uncovered: 4% of target)
    voronoi warm-start: IoU 0.474 ≤ 0.506, kept current
    [parallel] 10 worker threads, one renderer clone each
    init sampling: best coverage score 148.0px of uncovered area  (16 samples)
[staged]   → robot d: IoU 0.506 → 0.517  ✓
    ↑ new global best IoU 0.517  [phase Ph1 robot d]
[staged]   Ph1 robot e  zone 6  (uncovered: 6% of target)
    voronoi warm-start: IoU 0.510 ≤ 0.517, kept current
    [parallel] 10 worker threads, one renderer clone each
    init sampling: best coverage score 9.0px of uncovered area  (16 samples)
[staged]   → robot e: IoU 0.517 → 0.568  ✓
    ↑ new global best IoU 0.568  [phase Ph1 robot e]
[staged]   Ph1 robot f  zone 0  (uncovered: 1% of target)
    voronoi warm-start: IoU 0.557 ≤ 0.568, kept current
    [parallel] 10 worker threads, one renderer clone each
    init sampling: best coverage score 23.0px of uncovered area  (16 samples)
[staged]   → robot f: IoU 0.568 → 0.576  ✓
    ↑ new global best IoU 0.576  [phase Ph1 robot f]
[staged]   Ph1 robot g  zone 4  (uncovered: 1% of target)
    voronoi warm-start: IoU 0.570 ≤ 0.576, kept current
    [parallel] 10 worker threads, one renderer clone each
    init sampling: best coverage score 15.0px of uncovered area  (16 samples)
[staged]   → robot g: IoU 0.576 → 0.599  ✓
    ↑ new global best IoU 0.599  [phase Ph1 robot g]
[staged] Phase 1 done — composite IoU: 0.599

[staged] Phase 2 — backward pass  (8 iters × 7 robots, sigma=0.300)
[staged]   contributions before Phase 2:
[staged]     robot a: +0.041 IoU  ← low
[staged]     robot b: +0.066 IoU
[staged]     robot c: +0.078 IoU
[staged]     robot d: +0.025 IoU  ← low
[staged]     robot e: +0.067 IoU
[staged]     robot f: +0.022 IoU  ← low
[staged]     robot g: +0.024 IoU  ← low
[staged]   Ph2 robot g  zone 4  (uncovered: 7% of target)
    [parallel] 10 worker threads, one renderer clone each
    init sampling: best coverage score 5.0px of uncovered area  (16 samples)
[staged]   → robot g: IoU 0.599 → 0.610  ✓
    ↑ new global best IoU 0.610  [phase Ph2 robot g]
[staged]   Ph2 robot f  zone 0  (uncovered: 4% of target)
    [parallel] 10 worker threads, one renderer clone each
    init sampling: best coverage score 22.0px of uncovered area  (16 samples)
[staged]   → robot f: IoU 0.610 → 0.610  ✓
    ↑ new global best IoU 0.610  [phase Ph2 robot f]
[staged]   Ph2 robot e  zone 6  (uncovered: 11% of target)
    [parallel] 10 worker threads, one renderer clone each
    init sampling: best coverage score 21.0px of uncovered area  (16 samples)
[staged]   → robot e: candidate 0.598 < current 0.610  ✗ rejected
[staged]   Ph2 robot d  zone 1  (uncovered: 7% of target)
    [parallel] 10 worker threads, one renderer clone each
    init sampling: best coverage score 138.0px of uncovered area  (16 samples)
[staged]   → robot d: IoU 0.610 → 0.626  ✓
    ↑ new global best IoU 0.626  [phase Ph2 robot d]
[staged]   Ph2 robot c  zone 3  (uncovered: 12% of target)
    [parallel] 10 worker threads, one renderer clone each
    init sampling: best coverage score 248.0px of uncovered area  (16 samples)
[staged]   → robot c: candidate 0.611 < current 0.626  ✗ rejected
[staged]   Ph2 robot b  zone 5  (uncovered: 17% of target)
    [parallel] 10 worker threads, one renderer clone each
    init sampling: best coverage score 221.0px of uncovered area  (16 samples)
[staged]   → robot b: candidate 0.612 < current 0.626  ✗ rejected
[staged]   Ph2 robot a  zone 2  (uncovered: 11% of target)
    [parallel] 10 worker threads, one renderer clone each
    init sampling: best coverage score 196.0px of uncovered area  (16 samples)
[staged]   → robot a: IoU 0.626 → 0.632  ✓
    ↑ new global best IoU 0.632  [phase Ph2 robot a]
[staged] Phase 2 done — composite IoU: 0.632

[staged] Best snapshot: Phase 2  IoU=0.632
[staged] Manifold final pass — computing Jacobian  (ε=0.020, 84 renders)
[staged] Manifold basis: k=11D / 42D  (variance≥85%, top eigenvalues: ['313200.16', '188549.56', '99746.30', '73525.34', '48948.71'])
[staged] Manifold did not improve (0.619 vs 0.632), keeping best snapshot
[staged] FD refinement — 5 Adam steps  (420 renders, lr=0.01, ε=0.02)
    ↑ new global best IoU 0.634  [FD refinement]
[staged] FD done — IoU: 0.634  (Δ=+0.003)  ✓
[staged] Done — final IoU: 0.634  loss: 0.3684
[staged] Popsize: per-robot phases=32  final=32  (theory optimum for 6 DOF = 10)

[staged] Hungarian pre-assignment  (7×7 cost matrix, 8 samples/entry = 392 renders)...
[staged]   robot_a → zone 2  robot_b → zone 0  robot_c → zone 6  robot_d → zone 1  robot_e → zone 3  robot_f → zone 4  robot_g → zone 5

[staged] Phase 1 — forward greedy  (8 iters × 7 robot(s), sigma=0.40×1.00, popsize=32)
[staged]   Ph1 robot a  zone 2  (uncovered: 9% of target)
    voronoi warm-start: IoU 0.136 → 0.212 ✓
    [parallel] 10 worker threads, one renderer clone each
    init sampling: best coverage score 149.0px of uncovered area  (8 samples)
[staged]   → robot a: IoU 0.136 → 0.422  ✓
    ↑ new global best IoU 0.422  [phase Ph1 robot a]
[staged]   Ph1 robot b  zone 0  (uncovered: 12% of target)
    voronoi warm-start: IoU 0.408 ≤ 0.422, kept current
    [parallel] 10 worker threads, one renderer clone each
    init sampling: best coverage score 422.0px of uncovered area  (16 samples)
[staged]   → robot b: IoU 0.422 → 0.483  ✓
    ↑ new global best IoU 0.483  [phase Ph1 robot b]
[staged]   Ph1 robot c  zone 6  (uncovered: 4% of target)
    voronoi warm-start: IoU 0.467 ≤ 0.483, kept current
    [parallel] 10 worker threads, one renderer clone each
    init sampling: best coverage score 181.0px of uncovered area  (16 samples)
[staged]   → robot c: IoU 0.483 → 0.512  ✓
    ↑ new global best IoU 0.512  [phase Ph1 robot c]
[staged]   Ph1 robot d  zone 1  (uncovered: 1% of target)
    voronoi warm-start: IoU 0.472 ≤ 0.512, kept current
    [parallel] 10 worker threads, one renderer clone each
    init sampling: best coverage score 17.0px of uncovered area  (16 samples)
[staged]   → robot d: IoU 0.512 → 0.543  ✓
    ↑ new global best IoU 0.543  [phase Ph1 robot d]
[staged]   Ph1 robot e  zone 3  (uncovered: 1% of target)
    voronoi warm-start: IoU 0.543 → 0.547 ✓
    [parallel] 10 worker threads, one renderer clone each
    init sampling: best coverage score 0.0px of uncovered area  (8 samples)
[staged]   → robot e: IoU 0.543 → 0.559  ✓
    ↑ new global best IoU 0.559  [phase Ph1 robot e]
[staged]   Ph1 robot f  zone 4  (uncovered: 1% of target)
    voronoi warm-start: IoU 0.544 ≤ 0.559, kept current
    [parallel] 10 worker threads, one renderer clone each
    init sampling: best coverage score 0.0px of uncovered area  (16 samples)
[staged]   → robot f: IoU 0.559 → 0.565  ✓
    ↑ new global best IoU 0.565  [phase Ph1 robot f]
[staged]   Ph1 robot g  zone 5  (uncovered: 0% of target)
    voronoi warm-start: IoU 0.565 → 0.571 ✓
    [parallel] 10 worker threads, one renderer clone each
    init sampling: best coverage score 3.0px of uncovered area  (8 samples)
[staged]   → robot g: IoU 0.565 → 0.587  ✓
    ↑ new global best IoU 0.587  [phase Ph1 robot g]
[staged] Phase 1 done — composite IoU: 0.587

[staged] Phase 2 — backward pass  (8 iters × 7 robots, sigma=0.300)
[staged]   contributions before Phase 2:
[staged]     robot a: +0.058 IoU
[staged]     robot b: +0.095 IoU
[staged]     robot c: +0.059 IoU
[staged]     robot d: +0.058 IoU
[staged]     robot e: +0.031 IoU  ← low
[staged]     robot f: +0.021 IoU  ← low
[staged]     robot g: +0.023 IoU  ← low
[staged]   Ph2 robot g  zone 5  (uncovered: 8% of target)
    [parallel] 10 worker threads, one renderer clone each
    init sampling: best coverage score 37.0px of uncovered area  (16 samples)
[staged]   → robot g: candidate 0.587 < current 0.587  ✗ rejected
[staged]   Ph2 robot f  zone 4  (uncovered: 7% of target)
    [parallel] 10 worker threads, one renderer clone each
    init sampling: best coverage score 72.0px of uncovered area  (16 samples)
[staged]   → robot f: IoU 0.587 → 0.599  ✓
    ↑ new global best IoU 0.599  [phase Ph2 robot f]
[staged]   Ph2 robot e  zone 3  (uncovered: 7% of target)
    [parallel] 10 worker threads, one renderer clone each
    init sampling: best coverage score 18.0px of uncovered area  (16 samples)
[staged]   → robot e: IoU 0.599 → 0.604  ✓
    ↑ new global best IoU 0.604  [phase Ph2 robot e]
[staged]   Ph2 robot d  zone 1  (uncovered: 10% of target)
    [parallel] 10 worker threads, one renderer clone each
    init sampling: best coverage score 58.0px of uncovered area  (16 samples)
[staged]   → robot d: IoU 0.604 → 0.605  ✓
    ↑ new global best IoU 0.605  [phase Ph2 robot d]
[staged]   Ph2 robot c  zone 6  (uncovered: 11% of target)
    [parallel] 10 worker threads, one renderer clone each
    init sampling: best coverage score 180.0px of uncovered area  (16 samples)
[staged]   → robot c: candidate 0.595 < current 0.605  ✗ rejected
[staged]   Ph2 robot b  zone 0  (uncovered: 20% of target)
    [parallel] 10 worker threads, one renderer clone each
    init sampling: best coverage score 464.0px of uncovered area  (16 samples)
[staged]   → robot b: candidate 0.595 < current 0.605  ✗ rejected
[staged]   Ph2 robot a  zone 2  (uncovered: 18% of target)
    [parallel] 10 worker threads, one renderer clone each
    init sampling: best coverage score 306.0px of uncovered area  (16 samples)
[staged]   → robot a: IoU 0.605 → 0.652  ✓
    ↑ new global best IoU 0.652  [phase Ph2 robot a]
[staged] Phase 2 done — composite IoU: 0.652

[staged] Best snapshot: Phase 2  IoU=0.652
[staged] Manifold final pass — computing Jacobian  (ε=0.020, 84 renders)
[staged] Manifold basis: k=12D / 42D  (variance≥85%, top eigenvalues: ['388106.03', '154760.30', '100796.20', '66051.00', '62741.38'])
[staged] Manifold did not improve (0.635 vs 0.652), keeping best snapshot
[staged] FD refinement — 5 Adam steps  (420 renders, lr=0.01, ε=0.02)
    ↑ new global best IoU 0.667  [FD refinement]
[staged] FD done — IoU: 0.667  (Δ=+0.015)  ✓
[staged] Done — final IoU: 0.667  loss: 0.3349
[staged] Popsize: per-robot phases=32  final=32  (theory optimum for 6 DOF = 10)

[staged] Hungarian pre-assignment  (7×7 cost matrix, 8 samples/entry = 392 renders)...
[staged]   robot_a → zone 1  robot_b → zone 6  robot_c → zone 4  robot_d → zone 0  robot_e → zone 5  robot_f → zone 2  robot_g → zone 3

[staged] Phase 1 — forward greedy  (8 iters × 7 robot(s), sigma=0.40×1.00, popsize=32)
[staged]   Ph1 robot a  zone 1  (uncovered: 15% of target)
    voronoi warm-start: IoU 0.136 → 0.188 ✓
    [parallel] 10 worker threads, one renderer clone each
    init sampling: best coverage score 496.0px of uncovered area  (8 samples)
[staged]   → robot a: IoU 0.136 → 0.397  ✓
    ↑ new global best IoU 0.397  [phase Ph1 robot a]
[staged]   Ph1 robot b  zone 6  (uncovered: 2% of target)
    voronoi warm-start: IoU 0.378 ≤ 0.397, kept current
    [parallel] 10 worker threads, one renderer clone each
    init sampling: best coverage score 22.0px of uncovered area  (16 samples)
[staged]   → robot b: IoU 0.397 → 0.521  ✓
    ↑ new global best IoU 0.521  [phase Ph1 robot b]
[staged]   Ph1 robot c  zone 4  (uncovered: 2% of target)
    voronoi warm-start: IoU 0.456 ≤ 0.521, kept current
    [parallel] 10 worker threads, one renderer clone each
    init sampling: best coverage score 69.0px of uncovered area  (16 samples)
[staged]   → robot c: IoU 0.521 → 0.541  ✓
    ↑ new global best IoU 0.541  [phase Ph1 robot c]
[staged]   Ph1 robot d  zone 0  (uncovered: 0% of target)
    voronoi warm-start: IoU 0.481 ≤ 0.541, kept current
    [parallel] 10 worker threads, one renderer clone each
    init sampling: best coverage score 9.0px of uncovered area  (16 samples)
[staged]   → robot d: IoU 0.541 → 0.569  ✓
    ↑ new global best IoU 0.569  [phase Ph1 robot d]
[staged]   Ph1 robot e  zone 5  (uncovered: 2% of target)
    voronoi warm-start: IoU 0.523 ≤ 0.569, kept current
    [parallel] 10 worker threads, one renderer clone each
    init sampling: best coverage score 95.0px of uncovered area  (16 samples)
[staged]   → robot e: IoU 0.569 → 0.584  ✓
    ↑ new global best IoU 0.584  [phase Ph1 robot e]
[staged]   Ph1 robot f  zone 2  (uncovered: 0% of target)
    voronoi warm-start: IoU 0.538 ≤ 0.584, kept current
    [parallel] 10 worker threads, one renderer clone each
    init sampling: best coverage score 2.0px of uncovered area  (16 samples)
[staged]   → robot f: IoU 0.584 → 0.593  ✓
    ↑ new global best IoU 0.593  [phase Ph1 robot f]
[staged]   Ph1 robot g  zone 3  (uncovered: 5% of target)
    voronoi warm-start: IoU 0.593 → 0.600 ✓
    [parallel] 10 worker threads, one renderer clone each
    init sampling: best coverage score 0.0px of uncovered area  (8 samples)
[staged]   → robot g: IoU 0.593 → 0.633  ✓
    ↑ new global best IoU 0.633  [phase Ph1 robot g]
[staged] Phase 1 done — composite IoU: 0.633

[staged] Phase 2 — backward pass  (8 iters × 7 robots, sigma=0.300)
[staged]   contributions before Phase 2:
[staged]     robot a: +0.101 IoU
[staged]     robot b: +0.108 IoU
[staged]     robot c: +0.043 IoU  ← low
[staged]     robot d: +0.051 IoU
[staged]     robot e: +0.037 IoU  ← low
[staged]     robot f: +0.029 IoU  ← low
[staged]     robot g: +0.041 IoU  ← low
[staged]   Ph2 robot g  zone 3  (uncovered: 9% of target)
    [parallel] 10 worker threads, one renderer clone each
    init sampling: best coverage score 29.0px of uncovered area  (16 samples)
[staged]   → robot g: candidate 0.616 < current 0.633  ✗ rejected
[staged]   Ph2 robot f  zone 2  (uncovered: 7% of target)
    [parallel] 10 worker threads, one renderer clone each
    init sampling: best coverage score 41.0px of uncovered area  (16 samples)
[staged]   → robot f: IoU 0.633 → 0.636  ✓
    ↑ new global best IoU 0.636  [phase Ph2 robot f]
[staged]   Ph2 robot e  zone 5  (uncovered: 8% of target)
    [parallel] 10 worker threads, one renderer clone each
    init sampling: best coverage score 89.0px of uncovered area  (16 samples)
[staged]   → robot e: candidate 0.630 < current 0.636  ✗ rejected
[staged]   Ph2 robot d  zone 0  (uncovered: 10% of target)
    [parallel] 10 worker threads, one renderer clone each
    init sampling: best coverage score 34.0px of uncovered area  (16 samples)
[staged]   → robot d: candidate 0.624 < current 0.636  ✗ rejected
[staged]   Ph2 robot c  zone 4  (uncovered: 8% of target)
    [parallel] 10 worker threads, one renderer clone each
    init sampling: best coverage score 119.0px of uncovered area  (16 samples)
[staged]   → robot c: candidate 0.631 < current 0.636  ✗ rejected
[staged]   Ph2 robot b  zone 6  (uncovered: 21% of target)
    [parallel] 10 worker threads, one renderer clone each
    init sampling: best coverage score 397.0px of uncovered area  (16 samples)
[staged]   → robot b: IoU 0.636 → 0.643  ✓
    ↑ new global best IoU 0.643  [phase Ph2 robot b]
[staged]   Ph2 robot a  zone 1  (uncovered: 26% of target)
    [parallel] 10 worker threads, one renderer clone each
    init sampling: best coverage score 266.0px of uncovered area  (16 samples)
[staged]   → robot a: candidate 0.631 < current 0.643  ✗ rejected
[staged] Phase 2 done — composite IoU: 0.643

[staged] Best snapshot: Phase 2  IoU=0.643
[staged] Manifold final pass — computing Jacobian  (ε=0.020, 84 renders)
[staged] Manifold basis: k=12D / 42D  (variance≥85%, top eigenvalues: ['202535.89', '191609.44', '186976.56', '125140.49', '80016.08'])
[staged] Manifold did not improve (0.635 vs 0.643), keeping best snapshot
[staged] FD refinement — 5 Adam steps  (420 renders, lr=0.01, ε=0.02)
    ↑ new global best IoU 0.661  [FD refinement]
[staged] FD done — IoU: 0.661  (Δ=+0.018)  ✓
[staged] Done — final IoU: 0.661  loss: 0.3410
[staged] Popsize: per-robot phases=32  final=32  (theory optimum for 6 DOF = 10)

[staged] Hungarian pre-assignment  (7×7 cost matrix, 8 samples/entry = 392 renders)...
[staged]   robot_a → zone 1  robot_b → zone 6  robot_c → zone 4  robot_d → zone 5  robot_e → zone 0  robot_f → zone 3  robot_g → zone 2

[staged] Phase 1 — forward greedy  (8 iters × 7 robot(s), sigma=0.40×1.00, popsize=32)
[staged]   Ph1 robot a  zone 1  (uncovered: 17% of target)
    voronoi warm-start: IoU 0.136 → 0.137 ✓
    [parallel] 10 worker threads, one renderer clone each
    init sampling: best coverage score 655.0px of uncovered area  (8 samples)
[staged]   → robot a: IoU 0.136 → 0.495  ✓
    ↑ new global best IoU 0.495  [phase Ph1 robot a]
[staged]   Ph1 robot b  zone 6  (uncovered: 1% of target)
    voronoi warm-start: IoU 0.461 ≤ 0.495, kept current
    [parallel] 10 worker threads, one renderer clone each
    init sampling: best coverage score 6.0px of uncovered area  (16 samples)
[staged]   → robot b: IoU 0.495 → 0.560  ✓
    ↑ new global best IoU 0.560  [phase Ph1 robot b]
[staged]   Ph1 robot c  zone 4  (uncovered: 2% of target)
    voronoi warm-start: IoU 0.528 ≤ 0.560, kept current
    [parallel] 10 worker threads, one renderer clone each
    init sampling: best coverage score 54.0px of uncovered area  (16 samples)
[staged]   → robot c: IoU 0.560 → 0.575  ✓
    ↑ new global best IoU 0.575  [phase Ph1 robot c]
[staged]   Ph1 robot d  zone 5  (uncovered: 0% of target)
    voronoi warm-start: IoU 0.575 → 0.578 ✓
    [parallel] 10 worker threads, one renderer clone each
    init sampling: best loss 21.6501 (8 samples)
[staged]   → robot d: IoU 0.575 → 0.595  ✓
    ↑ new global best IoU 0.595  [phase Ph1 robot d]
[staged]   Ph1 robot e  zone 0  (uncovered: 1% of target)
    voronoi warm-start: IoU 0.587 ≤ 0.595, kept current
    [parallel] 10 worker threads, one renderer clone each
    init sampling: best coverage score 26.0px of uncovered area  (16 samples)
[staged]   → robot e: IoU 0.595 → 0.608  ✓
    ↑ new global best IoU 0.608  [phase Ph1 robot e]
[staged]   Ph1 robot f  zone 3  (uncovered: 2% of target)
    voronoi warm-start: IoU 0.570 ≤ 0.608, kept current
    [parallel] 10 worker threads, one renderer clone each
    init sampling: best coverage score 3.0px of uncovered area  (16 samples)
[staged]   → robot f: IoU 0.608 → 0.622  ✓
    ↑ new global best IoU 0.622  [phase Ph1 robot f]
[staged]   Ph1 robot g  zone 2  (uncovered: 4% of target)
    voronoi warm-start: IoU 0.585 ≤ 0.622, kept current
    [parallel] 10 worker threads, one renderer clone each
    init sampling: best coverage score 58.0px of uncovered area  (16 samples)
[staged]   → robot g: IoU 0.622 → 0.661  ✓
    ↑ new global best IoU 0.661  [phase Ph1 robot g]
[staged] Phase 1 done — composite IoU: 0.661

[staged] Phase 2 — backward pass  (8 iters × 7 robots, sigma=0.300)
[staged]   contributions before Phase 2:
[staged]     robot a: +0.208 IoU
[staged]     robot b: +0.099 IoU
[staged]     robot c: +0.048 IoU  ← low
[staged]     robot d: +0.036 IoU  ← low
[staged]     robot e: +0.037 IoU  ← low
[staged]     robot f: +0.035 IoU  ← low
[staged]     robot g: +0.039 IoU  ← low
[staged]   Ph2 robot g  zone 2  (uncovered: 8% of target)
    [parallel] 10 worker threads, one renderer clone each
    init sampling: best coverage score 111.0px of uncovered area  (16 samples)
[staged]   → robot g: candidate 0.657 < current 0.661  ✗ rejected
[staged]   Ph2 robot f  zone 3  (uncovered: 7% of target)
    [parallel] 10 worker threads, one renderer clone each
    init sampling: best coverage score 51.0px of uncovered area  (16 samples)
[staged]   → robot f: candidate 0.651 < current 0.661  ✗ rejected
[staged]   Ph2 robot e  zone 0  (uncovered: 7% of target)
    [parallel] 10 worker threads, one renderer clone each
    init sampling: best coverage score 32.0px of uncovered area  (16 samples)
[staged]   → robot e: candidate 0.657 < current 0.661  ✗ rejected
[staged]   Ph2 robot d  zone 5  (uncovered: 6% of target)
    [parallel] 10 worker threads, one renderer clone each
    init sampling: best coverage score 64.0px of uncovered area  (16 samples)
[staged]   → robot d: IoU 0.661 → 0.665  ✓
    ↑ new global best IoU 0.665  [phase Ph2 robot d]
[staged]   Ph2 robot c  zone 4  (uncovered: 7% of target)
    [parallel] 10 worker threads, one renderer clone each
    init sampling: best coverage score 54.0px of uncovered area  (16 samples)
[staged]   → robot c: candidate 0.652 < current 0.665  ✗ rejected
[staged]   Ph2 robot b  zone 6  (uncovered: 18% of target)
    [parallel] 10 worker threads, one renderer clone each
    init sampling: best coverage score 452.0px of uncovered area  (16 samples)
[staged]   → robot b: IoU 0.665 → 0.672  ✓
    ↑ new global best IoU 0.672  [phase Ph2 robot b]
[staged]   Ph2 robot a  zone 1  (uncovered: 26% of target)
    [parallel] 10 worker threads, one renderer clone each
    init sampling: best coverage score 659.0px of uncovered area  (16 samples)
[staged]   → robot a: candidate 0.641 < current 0.672  ✗ rejected
[staged] Phase 2 done — composite IoU: 0.672

[staged] Best snapshot: Phase 2  IoU=0.672
[staged] Manifold final pass — computing Jacobian  (ε=0.020, 84 renders)
[staged] Manifold basis: k=8D / 42D  (variance≥85%, top eigenvalues: ['413978.12', '183044.75', '181619.69', '111004.21', '73051.41'])
    ↑ new global best IoU 0.679  [manifold final pass]
[staged] Manifold done — IoU: 0.679  (Δ=+0.007)  ✓
[staged] FD refinement — 5 Adam steps  (420 renders, lr=0.01, ε=0.02)
    ↑ new global best IoU 0.696  [FD refinement]
[staged] FD done — IoU: 0.696  (Δ=+0.017)  ✓
[staged] Done — final IoU: 0.696  loss: 0.3053
[shard 0] 7/10 digits/3_dejavusans-bold  best=0.696 mean=0.665±0.020  219s  eta 0.2h
[staged] Popsize: per-robot phases=32  final=32  (theory optimum for 6 DOF = 10)

[staged] Hungarian pre-assignment  (7×7 cost matrix, 8 samples/entry = 392 renders)...
[staged]   robot_a → zone 1  robot_b → zone 2  robot_c → zone 6  robot_d → zone 5  robot_e → zone 4  robot_f → zone 3  robot_g → zone 0

[staged] Phase 1 — forward greedy  (8 iters × 7 robot(s), sigma=0.40×1.00, popsize=32)
[staged]   Ph1 robot a  zone 1  (uncovered: 8% of target)
    voronoi warm-start: IoU 0.140 → 0.221 ✓
    [parallel] 10 worker threads, one renderer clone each
    init sampling: best coverage score 342.0px of uncovered area  (8 samples)
[staged]   → robot a: IoU 0.140 → 0.435  ✓
    ↑ new global best IoU 0.435  [phase Ph1 robot a]
[staged]   Ph1 robot b  zone 2  (uncovered: 1% of target)
    voronoi warm-start: IoU 0.415 ≤ 0.435, kept current
    [parallel] 10 worker threads, one renderer clone each
    init sampling: best coverage score 6.0px of uncovered area  (16 samples)
[staged]   → robot b: IoU 0.435 → 0.504  ✓
    ↑ new global best IoU 0.504  [phase Ph1 robot b]
[staged]   Ph1 robot c  zone 6  (uncovered: 2% of target)
    voronoi warm-start: IoU 0.491 ≤ 0.504, kept current
    [parallel] 10 worker threads, one renderer clone each
    init sampling: best coverage score 0.0px of uncovered area  (16 samples)
[staged]   → robot c: IoU 0.504 → 0.580  ✓
    ↑ new global best IoU 0.580  [phase Ph1 robot c]
[staged]   Ph1 robot d  zone 5  (uncovered: 6% of target)
    voronoi warm-start: IoU 0.580 → 0.582 ✓
    [parallel] 10 worker threads, one renderer clone each
    init sampling: best coverage score 241.0px of uncovered area  (8 samples)
[staged]   → robot d: IoU 0.580 → 0.601  ✓
    ↑ new global best IoU 0.601  [phase Ph1 robot d]
[staged]   Ph1 robot e  zone 4  (uncovered: 0% of target)
    voronoi warm-start: IoU 0.562 ≤ 0.601, kept current
    [parallel] 10 worker threads, one renderer clone each
    init sampling: best coverage score 6.0px of uncovered area  (16 samples)
[staged]   → robot e: IoU 0.601 → 0.616  ✓
    ↑ new global best IoU 0.616  [phase Ph1 robot e]
[staged]   Ph1 robot f  zone 3  (uncovered: 2% of target)
    voronoi warm-start: IoU 0.588 ≤ 0.616, kept current
    [parallel] 10 worker threads, one renderer clone each
    init sampling: best coverage score 46.0px of uncovered area  (16 samples)
[staged]   → robot f: IoU 0.616 → 0.625  ✓
    ↑ new global best IoU 0.625  [phase Ph1 robot f]
[staged]   Ph1 robot g  zone 0  (uncovered: 8% of target)
    voronoi warm-start: IoU 0.625 → 0.625 ✓
    [parallel] 10 worker threads, one renderer clone each
    init sampling: best coverage score 63.0px of uncovered area  (8 samples)
[staged]   → robot g: IoU 0.625 → 0.656  ✓
    ↑ new global best IoU 0.656  [phase Ph1 robot g]
[staged] Phase 1 done — composite IoU: 0.656

[staged] Phase 2 — backward pass  (8 iters × 7 robots, sigma=0.300)
[staged]   contributions before Phase 2:
[staged]     robot a: +0.093 IoU
[staged]     robot b: +0.085 IoU
[staged]     robot c: +0.087 IoU
[staged]     robot d: +0.010 IoU  ← low
[staged]     robot e: +0.018 IoU  ← low
[staged]     robot f: +0.026 IoU  ← low
[staged]     robot g: +0.031 IoU  ← low
[staged]   Ph2 robot g  zone 0  (uncovered: 8% of target)
    [parallel] 10 worker threads, one renderer clone each
    init sampling: best coverage score 133.0px of uncovered area  (16 samples)
[staged]   → robot g: IoU 0.656 → 0.660  ✓
    ↑ new global best IoU 0.660  [phase Ph2 robot g]
[staged]   Ph2 robot f  zone 3  (uncovered: 6% of target)
    [parallel] 10 worker threads, one renderer clone each
    init sampling: best coverage score 30.0px of uncovered area  (16 samples)
[staged]   → robot f: candidate 0.655 < current 0.660  ✗ rejected
[staged]   Ph2 robot e  zone 4  (uncovered: 5% of target)
    [parallel] 10 worker threads, one renderer clone each
    init sampling: best coverage score 53.0px of uncovered area  (16 samples)
[staged]   → robot e: IoU 0.660 → 0.664  ✓
    ↑ new global best IoU 0.664  [phase Ph2 robot e]
[staged]   Ph2 robot d  zone 5  (uncovered: 7% of target)
    [parallel] 10 worker threads, one renderer clone each
    init sampling: best coverage score 110.0px of uncovered area  (16 samples)
[staged]   → robot d: IoU 0.664 → 0.697  ✓
    ↑ new global best IoU 0.697  [phase Ph2 robot d]
[staged]   Ph2 robot c  zone 6  (uncovered: 16% of target)
    [parallel] 10 worker threads, one renderer clone each
    init sampling: best coverage score 540.0px of uncovered area  (16 samples)
[staged]   → robot c: candidate 0.685 < current 0.697  ✗ rejected
[staged]   Ph2 robot b  zone 2  (uncovered: 16% of target)
    [parallel] 10 worker threads, one renderer clone each
    init sampling: best coverage score 72.0px of uncovered area  (16 samples)
[staged]   → robot b: candidate 0.624 < current 0.697  ✗ rejected
[staged]   Ph2 robot a  zone 1  (uncovered: 25% of target)
    [parallel] 10 worker threads, one renderer clone each
    init sampling: best coverage score 338.0px of uncovered area  (16 samples)
[staged]   → robot a: candidate 0.682 < current 0.697  ✗ rejected
[staged] Phase 2 done — composite IoU: 0.697

[staged] Best snapshot: Phase 2  IoU=0.697
[staged] Manifold final pass — computing Jacobian  (ε=0.020, 84 renders)
[staged] Manifold basis: k=9D / 42D  (variance≥85%, top eigenvalues: ['718082.38', '209626.34', '120552.11', '79178.45', '63459.36'])
[staged] Manifold did not improve (0.692 vs 0.697), keeping best snapshot
[staged] FD refinement — 5 Adam steps  (420 renders, lr=0.01, ε=0.02)
    ↑ new global best IoU 0.704  [FD refinement]
[staged] FD done — IoU: 0.704  (Δ=+0.007)  ✓
[staged] Done — final IoU: 0.704  loss: 0.2982
[staged] Popsize: per-robot phases=32  final=32  (theory optimum for 6 DOF = 10)

[staged] Hungarian pre-assignment  (7×7 cost matrix, 8 samples/entry = 392 renders)...
[staged]   robot_a → zone 0  robot_b → zone 4  robot_c → zone 2  robot_d → zone 6  robot_e → zone 5  robot_f → zone 3  robot_g → zone 1

[staged] Phase 1 — forward greedy  (8 iters × 7 robot(s), sigma=0.40×1.00, popsize=32)
[staged]   Ph1 robot a  zone 0  (uncovered: 17% of target)
    voronoi warm-start: IoU 0.140 → 0.212 ✓
    [parallel] 10 worker threads, one renderer clone each
    init sampling: best coverage score 0.0px of uncovered area  (8 samples)
[staged]   → robot a: IoU 0.140 → 0.442  ✓
    ↑ new global best IoU 0.442  [phase Ph1 robot a]
[staged]   Ph1 robot b  zone 4  (uncovered: 1% of target)
    voronoi warm-start: IoU 0.439 ≤ 0.442, kept current
    [parallel] 10 worker threads, one renderer clone each
    init sampling: best coverage score 24.0px of uncovered area  (16 samples)
[staged]   → robot b: IoU 0.442 → 0.485  ✓
    ↑ new global best IoU 0.485  [phase Ph1 robot b]
[staged]   Ph1 robot c  zone 2  (uncovered: 4% of target)
    voronoi warm-start: IoU 0.462 ≤ 0.485, kept current
    [parallel] 10 worker threads, one renderer clone each
    init sampling: best coverage score 158.0px of uncovered area  (16 samples)
[staged]   → robot c: IoU 0.485 → 0.546  ✓
    ↑ new global best IoU 0.546  [phase Ph1 robot c]
[staged]   Ph1 robot d  zone 6  (uncovered: 6% of target)
    voronoi warm-start: IoU 0.546 → 0.547 ✓
    [parallel] 10 worker threads, one renderer clone each
    init sampling: best coverage score 69.0px of uncovered area  (8 samples)
[staged]   → robot d: candidate 0.542 < current 0.546  ✗ rejected
[staged]   Ph1 robot e  zone 5  (uncovered: 1% of target)
    voronoi warm-start: IoU 0.544 ≤ 0.546, kept current
    [parallel] 10 worker threads, one renderer clone each
    init sampling: best coverage score 3.0px of uncovered area  (16 samples)
[staged]   → robot e: IoU 0.546 → 0.571  ✓
    ↑ new global best IoU 0.571  [phase Ph1 robot e]
[staged]   Ph1 robot f  zone 3  (uncovered: 1% of target)
    voronoi warm-start: IoU 0.566 ≤ 0.571, kept current
    [parallel] 10 worker threads, one renderer clone each
    init sampling: best coverage score 1.0px of uncovered area  (16 samples)
[staged]   → robot f: IoU 0.571 → 0.592  ✓
    ↑ new global best IoU 0.592  [phase Ph1 robot f]
[staged]   Ph1 robot g  zone 1  (uncovered: 6% of target)
    voronoi warm-start: IoU 0.573 ≤ 0.592, kept current
    [parallel] 10 worker threads, one renderer clone each
    init sampling: best coverage score 40.0px of uncovered area  (16 samples)
[staged]   → robot g: IoU 0.592 → 0.607  ✓
    ↑ new global best IoU 0.607  [phase Ph1 robot g]
[staged] Phase 1 done — composite IoU: 0.607

[staged] Phase 2 — backward pass  (8 iters × 7 robots, sigma=0.300)
[staged]   contributions before Phase 2:
[staged]     robot a: +0.182 IoU
[staged]     robot b: +0.037 IoU  ← low
[staged]     robot c: +0.069 IoU
[staged]     robot d: +0.000 IoU  ← low
[staged]     robot e: +0.030 IoU  ← low
[staged]     robot f: +0.005 IoU  ← low
[staged]     robot g: +0.015 IoU  ← low
[staged]   Ph2 robot g  zone 1  (uncovered: 6% of target)
    [parallel] 10 worker threads, one renderer clone each
    init sampling: best coverage score 35.0px of uncovered area  (16 samples)
[staged]   → robot g: candidate 0.603 < current 0.607  ✗ rejected
[staged]   Ph2 robot f  zone 3  (uncovered: 6% of target)
    [parallel] 10 worker threads, one renderer clone each
    init sampling: best coverage score 60.0px of uncovered area  (16 samples)
[staged]   → robot f: IoU 0.607 → 0.616  ✓
    ↑ new global best IoU 0.616  [phase Ph2 robot f]
[staged]   Ph2 robot e  zone 5  (uncovered: 9% of target)
    [parallel] 10 worker threads, one renderer clone each
    init sampling: best coverage score 42.0px of uncovered area  (16 samples)
[staged]   → robot e: candidate 0.593 < current 0.616  ✗ rejected
[staged]   Ph2 robot d  zone 6  (uncovered: 5% of target)
    [parallel] 10 worker threads, one renderer clone each
    init sampling: best coverage score 50.0px of uncovered area  (16 samples)
[staged]   → robot d: IoU 0.616 → 0.632  ✓
    ↑ new global best IoU 0.632  [phase Ph2 robot d]
[staged]   Ph2 robot c  zone 2  (uncovered: 17% of target)
    [parallel] 10 worker threads, one renderer clone each
    init sampling: best coverage score 442.0px of uncovered area  (16 samples)
[staged]   → robot c: candidate 0.624 < current 0.632  ✗ rejected
[staged]   Ph2 robot b  zone 4  (uncovered: 7% of target)
    [parallel] 10 worker threads, one renderer clone each
    init sampling: best coverage score 93.0px of uncovered area  (16 samples)
[staged]   → robot b: IoU 0.632 → 0.636  ✓
    ↑ new global best IoU 0.636  [phase Ph2 robot b]
[staged]   Ph2 robot a  zone 0  (uncovered: 23% of target)
    [parallel] 10 worker threads, one renderer clone each
    init sampling: best coverage score 187.0px of uncovered area  (16 samples)
[staged]   → robot a: candidate 0.633 < current 0.636  ✗ rejected
[staged] Phase 2 done — composite IoU: 0.636

[staged] Best snapshot: Phase 2  IoU=0.636
[staged] Manifold final pass — computing Jacobian  (ε=0.020, 84 renders)
[staged] Manifold basis: k=11D / 42D  (variance≥85%, top eigenvalues: ['367288.03', '125725.12', '98495.79', '94385.70', '69507.66'])
    ↑ new global best IoU 0.655  [manifold final pass]
[staged] Manifold done — IoU: 0.655  (Δ=+0.019)  ✓
[staged] FD refinement — 5 Adam steps  (420 renders, lr=0.01, ε=0.02)
    ↑ new global best IoU 0.675  [FD refinement]
[staged] FD done — IoU: 0.675  (Δ=+0.020)  ✓
[staged] Done — final IoU: 0.675  loss: 0.3279
[staged] Popsize: per-robot phases=32  final=32  (theory optimum for 6 DOF = 10)

[staged] Hungarian pre-assignment  (7×7 cost matrix, 8 samples/entry = 392 renders)...
[staged]   robot_a → zone 0  robot_b → zone 3  robot_c → zone 5  robot_d → zone 1  robot_e → zone 6  robot_f → zone 4  robot_g → zone 2

[staged] Phase 1 — forward greedy  (8 iters × 7 robot(s), sigma=0.40×1.00, popsize=32)
[staged]   Ph1 robot a  zone 0  (uncovered: 14% of target)
    voronoi warm-start: IoU 0.140 → 0.209 ✓
    [parallel] 10 worker threads, one renderer clone each
    init sampling: best coverage score 31.0px of uncovered area  (8 samples)
[staged]   → robot a: IoU 0.140 → 0.357  ✓
    ↑ new global best IoU 0.357  [phase Ph1 robot a]
[staged]   Ph1 robot b  zone 3  (uncovered: 12% of target)
    voronoi warm-start: IoU 0.333 ≤ 0.357, kept current
    [parallel] 10 worker threads, one renderer clone each
    init sampling: best coverage score 304.0px of uncovered area  (16 samples)
[staged]   → robot b: IoU 0.357 → 0.483  ✓
    ↑ new global best IoU 0.483  [phase Ph1 robot b]
[staged]   Ph1 robot c  zone 5  (uncovered: 8% of target)
    voronoi warm-start: IoU 0.452 ≤ 0.483, kept current
    [parallel] 10 worker threads, one renderer clone each
    init sampling: best coverage score 260.0px of uncovered area  (16 samples)
[staged]   → robot c: IoU 0.483 → 0.499  ✓
    ↑ new global best IoU 0.499  [phase Ph1 robot c]
[staged]   Ph1 robot d  zone 1  (uncovered: 4% of target)
    voronoi warm-start: IoU 0.484 ≤ 0.499, kept current
    [parallel] 10 worker threads, one renderer clone each
    init sampling: best coverage score 20.0px of uncovered area  (16 samples)
[staged]   → robot d: candidate 0.497 < current 0.499  ✗ rejected
[staged]   Ph1 robot e  zone 6  (uncovered: 5% of target)
    voronoi warm-start: IoU 0.479 ≤ 0.499, kept current
    [parallel] 10 worker threads, one renderer clone each
    init sampling: best coverage score 189.0px of uncovered area  (16 samples)
[staged]   → robot e: IoU 0.499 → 0.556  ✓
    ↑ new global best IoU 0.556  [phase Ph1 robot e]
[staged]   Ph1 robot f  zone 4  (uncovered: 2% of target)
    voronoi warm-start: IoU 0.540 ≤ 0.556, kept current
    [parallel] 10 worker threads, one renderer clone each
    init sampling: best coverage score 80.0px of uncovered area  (16 samples)
[staged]   → robot f: IoU 0.556 → 0.607  ✓
    ↑ new global best IoU 0.607  [phase Ph1 robot f]
[staged]   Ph1 robot g  zone 2  (uncovered: 0% of target)
    voronoi warm-start: IoU 0.597 ≤ 0.607, kept current
    [parallel] 10 worker threads, one renderer clone each
    init sampling: best coverage score 3.0px of uncovered area  (16 samples)
[staged]   → robot g: IoU 0.607 → 0.614  ✓
    ↑ new global best IoU 0.614  [phase Ph1 robot g]
[staged] Phase 1 done — composite IoU: 0.614

[staged] Phase 2 — backward pass  (8 iters × 7 robots, sigma=0.300)
[staged]   contributions before Phase 2:
[staged]     robot a: +0.085 IoU
[staged]     robot b: +0.077 IoU
[staged]     robot c: +0.013 IoU  ← low
[staged]     robot d: +0.000 IoU  ← low
[staged]     robot e: +0.055 IoU
[staged]     robot f: +0.050 IoU  ← low
[staged]     robot g: +0.007 IoU  ← low
[staged]   Ph2 robot g  zone 2  (uncovered: 14% of target)
    [parallel] 10 worker threads, one renderer clone each
    init sampling: best coverage score 93.0px of uncovered area  (16 samples)
[staged]   → robot g: IoU 0.614 → 0.635  ✓
    ↑ new global best IoU 0.635  [phase Ph2 robot g]
[staged]   Ph2 robot f  zone 4  (uncovered: 19% of target)
    [parallel] 10 worker threads, one renderer clone each
    init sampling: best coverage score 154.0px of uncovered area  (16 samples)
[staged]   → robot f: candidate 0.627 < current 0.635  ✗ rejected
[staged]   Ph2 robot e  zone 6  (uncovered: 19% of target)
    [parallel] 10 worker threads, one renderer clone each
    init sampling: best coverage score 148.0px of uncovered area  (16 samples)
[staged]   → robot e: candidate 0.612 < current 0.635  ✗ rejected
[staged]   Ph2 robot d  zone 1  (uncovered: 11% of target)
    [parallel] 10 worker threads, one renderer clone each
    init sampling: best coverage score 94.0px of uncovered area  (16 samples)
[staged]   → robot d: IoU 0.635 → 0.639  ✓
    ↑ new global best IoU 0.639  [phase Ph2 robot d]
[staged]   Ph2 robot c  zone 5  (uncovered: 14% of target)
    [parallel] 10 worker threads, one renderer clone each
    init sampling: best coverage score 72.0px of uncovered area  (16 samples)
[staged]   → robot c: IoU 0.639 → 0.640  ✓
    ↑ new global best IoU 0.640  [phase Ph2 robot c]
[staged]   Ph2 robot b  zone 3  (uncovered: 24% of target)
    [parallel] 10 worker threads, one renderer clone each
    init sampling: best coverage score 584.0px of uncovered area  (16 samples)
[staged]   → robot b: candidate 0.616 < current 0.640  ✗ rejected
[staged]   Ph2 robot a  zone 0  (uncovered: 24% of target)
    [parallel] 10 worker threads, one renderer clone each
    init sampling: best coverage score 546.0px of uncovered area  (16 samples)
[staged]   → robot a: candidate 0.635 < current 0.640  ✗ rejected
[staged] Phase 2 done — composite IoU: 0.640

[staged] Best snapshot: Phase 2  IoU=0.640
[staged] Manifold final pass — computing Jacobian  (ε=0.020, 84 renders)
[staged] Manifold basis: k=12D / 42D  (variance≥85%, top eigenvalues: ['276517.47', '273677.16', '193345.33', '130863.29', '84454.44'])
    ↑ new global best IoU 0.667  [manifold final pass]
[staged] Manifold done — IoU: 0.667  (Δ=+0.027)  ✓
[staged] FD refinement — 5 Adam steps  (420 renders, lr=0.01, ε=0.02)
    ↑ new global best IoU 0.687  [FD refinement]
[staged] FD done — IoU: 0.687  (Δ=+0.020)  ✓
[staged] Done — final IoU: 0.687  loss: 0.3156
[staged] Popsize: per-robot phases=32  final=32  (theory optimum for 6 DOF = 10)

[staged] Hungarian pre-assignment  (7×7 cost matrix, 8 samples/entry = 392 renders)...
[staged]   robot_a → zone 4  robot_b → zone 6  robot_c → zone 3  robot_d → zone 1  robot_e → zone 5  robot_f → zone 0  robot_g → zone 2

[staged] Phase 1 — forward greedy  (8 iters × 7 robot(s), sigma=0.40×1.00, popsize=32)
[staged]   Ph1 robot a  zone 4  (uncovered: 12% of target)
    voronoi warm-start: IoU 0.140 → 0.215 ✓
    [parallel] 10 worker threads, one renderer clone each
    init sampling: best coverage score 379.0px of uncovered area  (8 samples)
[staged]   → robot a: IoU 0.140 → 0.458  ✓
    ↑ new global best IoU 0.458  [phase Ph1 robot a]
[staged]   Ph1 robot b  zone 6  (uncovered: 7% of target)
    voronoi warm-start: IoU 0.419 ≤ 0.458, kept current
    [parallel] 10 worker threads, one renderer clone each
    init sampling: best coverage score 216.0px of uncovered area  (16 samples)
[staged]   → robot b: IoU 0.458 → 0.520  ✓
    ↑ new global best IoU 0.520  [phase Ph1 robot b]
[staged]   Ph1 robot c  zone 3  (uncovered: 2% of target)
    voronoi warm-start: IoU 0.460 ≤ 0.520, kept current
    [parallel] 10 worker threads, one renderer clone each
    init sampling: best coverage score 92.0px of uncovered area  (16 samples)
[staged]   → robot c: IoU 0.520 → 0.573  ✓
    ↑ new global best IoU 0.573  [phase Ph1 robot c]
[staged]   Ph1 robot d  zone 1  (uncovered: 2% of target)
    voronoi warm-start: IoU 0.535 ≤ 0.573, kept current
    [parallel] 10 worker threads, one renderer clone each
    init sampling: best coverage score 97.0px of uncovered area  (16 samples)
[staged]   → robot d: IoU 0.573 → 0.608  ✓
    ↑ new global best IoU 0.608  [phase Ph1 robot d]
[staged]   Ph1 robot e  zone 5  (uncovered: 3% of target)
    voronoi warm-start: IoU 0.599 ≤ 0.608, kept current
    [parallel] 10 worker threads, one renderer clone each
    init sampling: best coverage score 88.0px of uncovered area  (16 samples)
[staged]   → robot e: IoU 0.608 → 0.623  ✓
    ↑ new global best IoU 0.623  [phase Ph1 robot e]
[staged]   Ph1 robot f  zone 0  (uncovered: 3% of target)
    voronoi warm-start: IoU 0.615 ≤ 0.623, kept current
    [parallel] 10 worker threads, one renderer clone each
    init sampling: best coverage score 75.0px of uncovered area  (16 samples)
[staged]   → robot f: IoU 0.623 → 0.636  ✓
    ↑ new global best IoU 0.636  [phase Ph1 robot f]
[staged]   Ph1 robot g  zone 2  (uncovered: 9% of target)
    voronoi warm-start: IoU 0.627 ≤ 0.636, kept current
    [parallel] 10 worker threads, one renderer clone each
    init sampling: best coverage score 79.0px of uncovered area  (16 samples)
[staged]   → robot g: IoU 0.636 → 0.663  ✓
    ↑ new global best IoU 0.663  [phase Ph1 robot g]
[staged] Phase 1 done — composite IoU: 0.663

[staged] Phase 2 — backward pass  (8 iters × 7 robots, sigma=0.300)
[staged]   contributions before Phase 2:
[staged]     robot a: +0.090 IoU
[staged]     robot b: +0.033 IoU  ← low
[staged]     robot c: +0.071 IoU
[staged]     robot d: +0.034 IoU  ← low
[staged]     robot e: +0.028 IoU  ← low
[staged]     robot f: +0.025 IoU  ← low
[staged]     robot g: +0.027 IoU  ← low
[staged]   Ph2 robot g  zone 2  (uncovered: 9% of target)
    [parallel] 10 worker threads, one renderer clone each
    init sampling: best coverage score 89.0px of uncovered area  (16 samples)
[staged]   → robot g: candidate 0.660 < current 0.663  ✗ rejected
[staged]   Ph2 robot f  zone 0  (uncovered: 10% of target)
    [parallel] 10 worker threads, one renderer clone each
    init sampling: best coverage score 101.0px of uncovered area  (16 samples)
[staged]   → robot f: IoU 0.663 → 0.670  ✓
    ↑ new global best IoU 0.670  [phase Ph2 robot f]
[staged]   Ph2 robot e  zone 5  (uncovered: 8% of target)
    [parallel] 10 worker threads, one renderer clone each
    init sampling: best coverage score 49.0px of uncovered area  (16 samples)
[staged]   → robot e: IoU 0.670 → 0.670  ✓
    ↑ new global best IoU 0.670  [phase Ph2 robot e]
[staged]   Ph2 robot d  zone 1  (uncovered: 10% of target)
    [parallel] 10 worker threads, one renderer clone each
    init sampling: best coverage score 154.0px of uncovered area  (16 samples)
[staged]   → robot d: candidate 0.658 < current 0.670  ✗ rejected
[staged]   Ph2 robot c  zone 3  (uncovered: 14% of target)
    [parallel] 10 worker threads, one renderer clone each
    init sampling: best coverage score 92.0px of uncovered area  (16 samples)
[staged]   → robot c: candidate 0.624 < current 0.670  ✗ rejected
[staged]   Ph2 robot b  zone 6  (uncovered: 14% of target)
    [parallel] 10 worker threads, one renderer clone each
    init sampling: best coverage score 240.0px of uncovered area  (16 samples)
[staged]   → robot b: IoU 0.670 → 0.671  ✓
    ↑ new global best IoU 0.671  [phase Ph2 robot b]
[staged]   Ph2 robot a  zone 4  (uncovered: 22% of target)
    [parallel] 10 worker threads, one renderer clone each
    init sampling: best coverage score 674.0px of uncovered area  (16 samples)
[staged]   → robot a: IoU 0.671 → 0.686  ✓
    ↑ new global best IoU 0.686  [phase Ph2 robot a]
[staged] Phase 2 done — composite IoU: 0.686

[staged] Best snapshot: Phase 2  IoU=0.686
[staged] Manifold final pass — computing Jacobian  (ε=0.020, 84 renders)
[staged] Manifold basis: k=12D / 42D  (variance≥85%, top eigenvalues: ['412022.88', '357160.81', '182589.03', '149866.92', '148391.66'])
[staged] Manifold did not improve (0.674 vs 0.686), keeping best snapshot
[staged] FD refinement — 5 Adam steps  (420 renders, lr=0.01, ε=0.02)
    ↑ new global best IoU 0.705  [FD refinement]
[staged] FD done — IoU: 0.705  (Δ=+0.019)  ✓
[staged] Done — final IoU: 0.705  loss: 0.2974
[staged] Popsize: per-robot phases=32  final=32  (theory optimum for 6 DOF = 10)

[staged] Hungarian pre-assignment  (7×7 cost matrix, 8 samples/entry = 392 renders)...
[staged]   robot_a → zone 0  robot_b → zone 3  robot_c → zone 4  robot_d → zone 5  robot_e → zone 2  robot_f → zone 1  robot_g → zone 6

[staged] Phase 1 — forward greedy  (8 iters × 7 robot(s), sigma=0.40×1.00, popsize=32)
[staged]   Ph1 robot a  zone 0  (uncovered: 16% of target)
    voronoi warm-start: IoU 0.140 ≤ 0.140, kept current
    [parallel] 10 worker threads, one renderer clone each
    init sampling: best coverage score 742.0px of uncovered area  (16 samples)
[staged]   → robot a: IoU 0.140 → 0.527  ✓
    ↑ new global best IoU 0.527  [phase Ph1 robot a]
[staged]   Ph1 robot b  zone 3  (uncovered: 6% of target)
    voronoi warm-start: IoU 0.472 ≤ 0.527, kept current
    [parallel] 10 worker threads, one renderer clone each
    init sampling: best coverage score 10.0px of uncovered area  (16 samples)
[staged]   → robot b: IoU 0.527 → 0.602  ✓
    ↑ new global best IoU 0.602  [phase Ph1 robot b]
[staged]   Ph1 robot c  zone 4  (uncovered: 2% of target)
    voronoi warm-start: IoU 0.520 ≤ 0.602, kept current
    [parallel] 10 worker threads, one renderer clone each
    init sampling: best coverage score 100.0px of uncovered area  (16 samples)
[staged]   → robot c: candidate 0.598 < current 0.602  ✗ rejected
[staged]   Ph1 robot d  zone 5  (uncovered: 5% of target)
    voronoi warm-start: IoU 0.594 ≤ 0.602, kept current
    [parallel] 10 worker threads, one renderer clone each
    init sampling: best coverage score 222.0px of uncovered area  (16 samples)
[staged]   → robot d: IoU 0.602 → 0.614  ✓
    ↑ new global best IoU 0.614  [phase Ph1 robot d]
[staged]   Ph1 robot e  zone 2  (uncovered: 0% of target)
    voronoi warm-start: IoU 0.600 ≤ 0.614, kept current
    [parallel] 10 worker threads, one renderer clone each
    init sampling: best coverage score 15.0px of uncovered area  (16 samples)
[staged]   → robot e: IoU 0.614 → 0.627  ✓
    ↑ new global best IoU 0.627  [phase Ph1 robot e]
[staged]   Ph1 robot f  zone 1  (uncovered: 3% of target)
    voronoi warm-start: IoU 0.589 ≤ 0.627, kept current
    [parallel] 10 worker threads, one renderer clone each
    init sampling: best coverage score 49.0px of uncovered area  (16 samples)
[staged]   → robot f: IoU 0.627 → 0.648  ✓
    ↑ new global best IoU 0.648  [phase Ph1 robot f]
[staged]   Ph1 robot g  zone 6  (uncovered: 0% of target)
    voronoi warm-start: IoU 0.635 ≤ 0.648, kept current
    [parallel] 10 worker threads, one renderer clone each
    init sampling: best coverage score 0.0px of uncovered area  (16 samples)
[staged]   → robot g: IoU 0.648 → 0.673  ✓
    ↑ new global best IoU 0.673  [phase Ph1 robot g]
[staged] Phase 1 done — composite IoU: 0.673

[staged] Phase 2 — backward pass  (8 iters × 7 robots, sigma=0.300)
[staged]   contributions before Phase 2:
[staged]     robot a: +0.137 IoU
[staged]     robot b: +0.038 IoU  ← low
[staged]     robot c: +0.000 IoU  ← low
[staged]     robot d: +0.016 IoU  ← low
[staged]     robot e: +0.024 IoU  ← low
[staged]     robot f: +0.035 IoU  ← low
[staged]     robot g: +0.025 IoU  ← low
[staged]   Ph2 robot g  zone 6  (uncovered: 8% of target)
    [parallel] 10 worker threads, one renderer clone each
    init sampling: best coverage score 51.0px of uncovered area  (16 samples)
[staged]   → robot g: candidate 0.668 < current 0.673  ✗ rejected
[staged]   Ph2 robot f  zone 1  (uncovered: 10% of target)
    [parallel] 10 worker threads, one renderer clone each
    init sampling: best coverage score 85.0px of uncovered area  (16 samples)
[staged]   → robot f: candidate 0.655 < current 0.673  ✗ rejected
[staged]   Ph2 robot e  zone 2  (uncovered: 9% of target)
    [parallel] 10 worker threads, one renderer clone each
    init sampling: best coverage score 97.0px of uncovered area  (16 samples)
[staged]   → robot e: candidate 0.662 < current 0.673  ✗ rejected
[staged]   Ph2 robot d  zone 5  (uncovered: 12% of target)
    [parallel] 10 worker threads, one renderer clone each
    init sampling: best coverage score 182.0px of uncovered area  (16 samples)
[staged]   → robot d: candidate 0.669 < current 0.673  ✗ rejected
[staged]   Ph2 robot c  zone 4  (uncovered: 8% of target)
    [parallel] 10 worker threads, one renderer clone each
    init sampling: best coverage score 123.0px of uncovered area  (16 samples)
[staged]   → robot c: IoU 0.673 → 0.684  ✓
    ↑ new global best IoU 0.684  [phase Ph2 robot c]
[staged]   Ph2 robot b  zone 3  (uncovered: 11% of target)
    [parallel] 10 worker threads, one renderer clone each
    init sampling: best coverage score 250.0px of uncovered area  (16 samples)
[staged]   → robot b: IoU 0.684 → 0.690  ✓
    ↑ new global best IoU 0.690  [phase Ph2 robot b]
[staged]   Ph2 robot a  zone 0  (uncovered: 24% of target)
    [parallel] 10 worker threads, one renderer clone each
    init sampling: best coverage score 463.0px of uncovered area  (16 samples)
[staged]   → robot a: candidate 0.675 < current 0.690  ✗ rejected
[staged] Phase 2 done — composite IoU: 0.690

[staged] Best snapshot: Phase 2  IoU=0.690
[staged] Manifold final pass — computing Jacobian  (ε=0.020, 84 renders)
[staged] Manifold basis: k=13D / 42D  (variance≥85%, top eigenvalues: ['269486.69', '268070.62', '127534.86', '108364.66', '66367.48'])
[staged] Manifold did not improve (0.676 vs 0.690), keeping best snapshot
[staged] FD refinement — 5 Adam steps  (420 renders, lr=0.01, ε=0.02)
    ↑ new global best IoU 0.707  [FD refinement]
[staged] FD done — IoU: 0.707  (Δ=+0.016)  ✓
[staged] Done — final IoU: 0.707  loss: 0.2956
[shard 0] 8/10 digits/4_dejavusans-bold  best=0.707 mean=0.695±0.013  219s  eta 0.1h
[staged] Popsize: per-robot phases=32  final=32  (theory optimum for 6 DOF = 10)

[staged] Hungarian pre-assignment  (7×7 cost matrix, 8 samples/entry = 392 renders)...
[staged]   robot_a → zone 3  robot_b → zone 4  robot_c → zone 0  robot_d → zone 5  robot_e → zone 1  robot_f → zone 2  robot_g → zone 6

[staged] Phase 1 — forward greedy  (8 iters × 7 robot(s), sigma=0.40×1.00, popsize=32)
[staged]   Ph1 robot a  zone 3  (uncovered: 14% of target)
    voronoi warm-start: IoU 0.084 → 0.198 ✓
    [parallel] 10 worker threads, one renderer clone each
    init sampling: best coverage score 385.0px of uncovered area  (8 samples)
[staged]   → robot a: IoU 0.084 → 0.442  ✓
    ↑ new global best IoU 0.442  [phase Ph1 robot a]
[staged]   Ph1 robot b  zone 4  (uncovered: 0% of target)
    voronoi warm-start: IoU 0.442 → 0.451 ✓
    [parallel] 10 worker threads, one renderer clone each
    init sampling: best coverage score 0.0px of uncovered area  (8 samples)
[staged]   → robot b: IoU 0.442 → 0.487  ✓
    ↑ new global best IoU 0.487  [phase Ph1 robot b]
[staged]   Ph1 robot c  zone 0  (uncovered: 2% of target)
    voronoi warm-start: IoU 0.455 ≤ 0.487, kept current
    [parallel] 10 worker threads, one renderer clone each
    init sampling: best coverage score 59.0px of uncovered area  (16 samples)
[staged]   → robot c: IoU 0.487 → 0.525  ✓
    ↑ new global best IoU 0.525  [phase Ph1 robot c]
[staged]   Ph1 robot d  zone 5  (uncovered: 6% of target)
    voronoi warm-start: IoU 0.497 ≤ 0.525, kept current
    [parallel] 10 worker threads, one renderer clone each
    init sampling: best coverage score 107.0px of uncovered area  (16 samples)
[staged]   → robot d: IoU 0.525 → 0.539  ✓
    ↑ new global best IoU 0.539  [phase Ph1 robot d]
[staged]   Ph1 robot e  zone 1  (uncovered: 3% of target)
    voronoi warm-start: IoU 0.512 ≤ 0.539, kept current
    [parallel] 10 worker threads, one renderer clone each
    init sampling: best coverage score 77.0px of uncovered area  (16 samples)
[staged]   → robot e: IoU 0.539 → 0.543  ✓
    ↑ new global best IoU 0.543  [phase Ph1 robot e]
[staged]   Ph1 robot f  zone 2  (uncovered: 0% of target)
    voronoi warm-start: IoU 0.520 ≤ 0.543, kept current
    [parallel] 10 worker threads, one renderer clone each
    init sampling: best coverage score 6.0px of uncovered area  (16 samples)
[staged]   → robot f: IoU 0.543 → 0.556  ✓
    ↑ new global best IoU 0.556  [phase Ph1 robot f]
[staged]   Ph1 robot g  zone 6  (uncovered: 2% of target)
    voronoi warm-start: IoU 0.549 ≤ 0.556, kept current
    [parallel] 10 worker threads, one renderer clone each
    init sampling: best coverage score 13.0px of uncovered area  (16 samples)
[staged]   → robot g: IoU 0.556 → 0.581  ✓
    ↑ new global best IoU 0.581  [phase Ph1 robot g]
[staged] Phase 1 done — composite IoU: 0.581

[staged] Phase 2 — backward pass  (8 iters × 7 robots, sigma=0.300)
[staged]   contributions before Phase 2:
[staged]     robot a: +0.074 IoU
[staged]     robot b: -0.002 IoU  ← low
[staged]     robot c: +0.032 IoU  ← low
[staged]     robot d: +0.023 IoU  ← low
[staged]     robot e: +0.022 IoU  ← low
[staged]     robot f: +0.030 IoU  ← low
[staged]     robot g: +0.025 IoU  ← low
[staged]   Ph2 robot g  zone 6  (uncovered: 2% of target)
    [parallel] 10 worker threads, one renderer clone each
    init sampling: best coverage score 6.0px of uncovered area  (16 samples)
[staged]   → robot g: candidate 0.580 < current 0.581  ✗ rejected
[staged]   Ph2 robot f  zone 2  (uncovered: 3% of target)
    [parallel] 10 worker threads, one renderer clone each
    init sampling: best coverage score 62.0px of uncovered area  (16 samples)
[staged]   → robot f: candidate 0.575 < current 0.581  ✗ rejected
[staged]   Ph2 robot e  zone 1  (uncovered: 2% of target)
    [parallel] 10 worker threads, one renderer clone each
    init sampling: best coverage score 50.0px of uncovered area  (16 samples)
[staged]   → robot e: IoU 0.581 → 0.583  ✓
    ↑ new global best IoU 0.583  [phase Ph2 robot e]
[staged]   Ph2 robot d  zone 5  (uncovered: 2% of target)
    [parallel] 10 worker threads, one renderer clone each
    init sampling: best coverage score 34.0px of uncovered area  (16 samples)
[staged]   → robot d: IoU 0.583 → 0.584  ✓
    ↑ new global best IoU 0.584  [phase Ph2 robot d]
[staged]   Ph2 robot c  zone 0  (uncovered: 4% of target)
    [parallel] 10 worker threads, one renderer clone each
    init sampling: best coverage score 51.0px of uncovered area  (16 samples)
[staged]   → robot c: candidate 0.581 < current 0.584  ✗ rejected
[staged]   Ph2 robot b  zone 4  (uncovered: 18% of target)
    [parallel] 10 worker threads, one renderer clone each
    init sampling: best coverage score 358.0px of uncovered area  (16 samples)
[staged]   → robot b: IoU 0.584 → 0.696  ✓
    ↑ new global best IoU 0.696  [phase Ph2 robot b]
[staged]   Ph2 robot a  zone 3  (uncovered: 17% of target)
    [parallel] 10 worker threads, one renderer clone each
    init sampling: best coverage score 217.0px of uncovered area  (16 samples)
[staged]   → robot a: IoU 0.696 → 0.707  ✓
    ↑ new global best IoU 0.707  [phase Ph2 robot a]
[staged] Phase 2 done — composite IoU: 0.707

[staged] Best snapshot: Phase 2  IoU=0.707
[staged] Manifold final pass — computing Jacobian  (ε=0.020, 84 renders)
[staged] Manifold basis: k=10D / 42D  (variance≥85%, top eigenvalues: ['181824.25', '163986.52', '129854.78', '88490.55', '86525.59'])
    ↑ new global best IoU 0.758  [manifold final pass]
[staged] Manifold done — IoU: 0.758  (Δ=+0.051)  ✓
[staged] FD refinement — 5 Adam steps  (420 renders, lr=0.01, ε=0.02)
    ↑ new global best IoU 0.779  [FD refinement]
[staged] FD done — IoU: 0.779  (Δ=+0.021)  ✓
[staged] Done — final IoU: 0.779  loss: 0.2214
[staged] Popsize: per-robot phases=32  final=32  (theory optimum for 6 DOF = 10)

[staged] Hungarian pre-assignment  (7×7 cost matrix, 8 samples/entry = 392 renders)...
[staged]   robot_a → zone 6  robot_b → zone 0  robot_c → zone 2  robot_d → zone 4  robot_e → zone 1  robot_f → zone 3  robot_g → zone 5

[staged] Phase 1 — forward greedy  (8 iters × 7 robot(s), sigma=0.40×1.00, popsize=32)
[staged]   Ph1 robot a  zone 6  (uncovered: 15% of target)
    voronoi warm-start: IoU 0.084 → 0.211 ✓
    [parallel] 10 worker threads, one renderer clone each
    init sampling: best coverage score 0.0px of uncovered area  (8 samples)
[staged]   → robot a: IoU 0.084 → 0.393  ✓
    ↑ new global best IoU 0.393  [phase Ph1 robot a]
[staged]   Ph1 robot b  zone 0  (uncovered: 4% of target)
    voronoi warm-start: IoU 0.384 ≤ 0.393, kept current
    [parallel] 10 worker threads, one renderer clone each
    init sampling: best coverage score 59.0px of uncovered area  (16 samples)
[staged]   → robot b: IoU 0.393 → 0.467  ✓
    ↑ new global best IoU 0.467  [phase Ph1 robot b]
[staged]   Ph1 robot c  zone 2  (uncovered: 4% of target)
    voronoi warm-start: IoU 0.411 ≤ 0.467, kept current
    [parallel] 10 worker threads, one renderer clone each
    init sampling: best coverage score 102.0px of uncovered area  (16 samples)
[staged]   → robot c: IoU 0.467 → 0.492  ✓
    ↑ new global best IoU 0.492  [phase Ph1 robot c]
[staged]   Ph1 robot d  zone 4  (uncovered: 1% of target)
    voronoi warm-start: IoU 0.443 ≤ 0.492, kept current
    [parallel] 10 worker threads, one renderer clone each
    init sampling: best coverage score 5.0px of uncovered area  (16 samples)
[staged]   → robot d: IoU 0.492 → 0.509  ✓
    ↑ new global best IoU 0.509  [phase Ph1 robot d]
[staged]   Ph1 robot e  zone 1  (uncovered: 7% of target)
    voronoi warm-start: IoU 0.468 ≤ 0.509, kept current
    [parallel] 10 worker threads, one renderer clone each
    init sampling: best coverage score 54.0px of uncovered area  (16 samples)
[staged]   → robot e: IoU 0.509 → 0.518  ✓
    ↑ new global best IoU 0.518  [phase Ph1 robot e]
[staged]   Ph1 robot f  zone 3  (uncovered: 7% of target)
    voronoi warm-start: IoU 0.486 ≤ 0.518, kept current
    [parallel] 10 worker threads, one renderer clone each
    init sampling: best coverage score 40.0px of uncovered area  (16 samples)
[staged]   → robot f: IoU 0.518 → 0.530  ✓
    ↑ new global best IoU 0.530  [phase Ph1 robot f]
[staged]   Ph1 robot g  zone 5  (uncovered: 4% of target)
    voronoi warm-start: IoU 0.514 ≤ 0.530, kept current
    [parallel] 10 worker threads, one renderer clone each
    init sampling: best coverage score 52.0px of uncovered area  (16 samples)
[staged]   → robot g: IoU 0.530 → 0.555  ✓
    ↑ new global best IoU 0.555  [phase Ph1 robot g]
[staged] Phase 1 done — composite IoU: 0.555

[staged] Phase 2 — backward pass  (8 iters × 7 robots, sigma=0.300)
[staged]   contributions before Phase 2:
[staged]     robot a: +0.035 IoU  ← low
[staged]     robot b: +0.104 IoU
[staged]     robot c: +0.044 IoU  ← low
[staged]     robot d: +0.039 IoU  ← low
[staged]     robot e: +0.031 IoU  ← low
[staged]     robot f: +0.029 IoU  ← low
[staged]     robot g: +0.024 IoU  ← low
[staged]   Ph2 robot g  zone 5  (uncovered: 4% of target)
    [parallel] 10 worker threads, one renderer clone each
    init sampling: best coverage score 3.0px of uncovered area  (16 samples)
[staged]   → robot g: IoU 0.555 → 0.556  ✓
    ↑ new global best IoU 0.556  [phase Ph2 robot g]
[staged]   Ph2 robot f  zone 3  (uncovered: 7% of target)
    [parallel] 10 worker threads, one renderer clone each
    init sampling: best coverage score 27.0px of uncovered area  (16 samples)
[staged]   → robot f: candidate 0.555 < current 0.556  ✗ rejected
[staged]   Ph2 robot e  zone 1  (uncovered: 4% of target)
    [parallel] 10 worker threads, one renderer clone each
    init sampling: best coverage score 60.0px of uncovered area  (16 samples)
[staged]   → robot e: IoU 0.556 → 0.556  ✓
[staged]   Ph2 robot d  zone 4  (uncovered: 4% of target)
    [parallel] 10 worker threads, one renderer clone each
    init sampling: best coverage score 4.0px of uncovered area  (16 samples)
[staged]   → robot d: IoU 0.556 → 0.556  ✓
[staged]   Ph2 robot c  zone 2  (uncovered: 4% of target)
    [parallel] 10 worker threads, one renderer clone each
    init sampling: best coverage score 103.0px of uncovered area  (16 samples)
[staged]   → robot c: IoU 0.556 → 0.556  ✓
    ↑ new global best IoU 0.556  [phase Ph2 robot c]
[staged]   Ph2 robot b  zone 0  (uncovered: 11% of target)
    [parallel] 10 worker threads, one renderer clone each
    init sampling: best coverage score 244.0px of uncovered area  (16 samples)
[staged]   → robot b: IoU 0.556 → 0.557  ✓
    ↑ new global best IoU 0.557  [phase Ph2 robot b]
[staged]   Ph2 robot a  zone 6  (uncovered: 21% of target)
    [parallel] 10 worker threads, one renderer clone each
    init sampling: best coverage score 217.0px of uncovered area  (16 samples)
[staged]   → robot a: IoU 0.557 → 0.617  ✓
    ↑ new global best IoU 0.617  [phase Ph2 robot a]
[staged] Phase 2 done — composite IoU: 0.617

[staged] Best snapshot: Phase 2  IoU=0.617
[staged] Manifold final pass — computing Jacobian  (ε=0.020, 84 renders)
[staged] Manifold basis: k=10D / 42D  (variance≥85%, top eigenvalues: ['458100.84', '228959.39', '196926.16', '100213.06', '56741.89'])
    ↑ new global best IoU 0.661  [manifold final pass]
[staged] Manifold done — IoU: 0.661  (Δ=+0.044)  ✓
[staged] FD refinement — 5 Adam steps  (420 renders, lr=0.01, ε=0.02)
    ↑ new global best IoU 0.680  [FD refinement]
[staged] FD done — IoU: 0.680  (Δ=+0.019)  ✓
[staged] Done — final IoU: 0.680  loss: 0.3217
[staged] Popsize: per-robot phases=32  final=32  (theory optimum for 6 DOF = 10)

[staged] Hungarian pre-assignment  (7×7 cost matrix, 8 samples/entry = 392 renders)...
[staged]   robot_a → zone 0  robot_b → zone 3  robot_c → zone 6  robot_d → zone 4  robot_e → zone 2  robot_f → zone 1  robot_g → zone 5

[staged] Phase 1 — forward greedy  (8 iters × 7 robot(s), sigma=0.40×1.00, popsize=32)
[staged]   Ph1 robot a  zone 0  (uncovered: 20% of target)
    voronoi warm-start: IoU 0.084 → 0.204 ✓
    [parallel] 10 worker threads, one renderer clone each
    init sampling: best coverage score 82.0px of uncovered area  (8 samples)
[staged]   → robot a: IoU 0.084 → 0.402  ✓
    ↑ new global best IoU 0.402  [phase Ph1 robot a]
[staged]   Ph1 robot b  zone 3  (uncovered: 21% of target)
    voronoi warm-start: IoU 0.402 → 0.413 ✓
    [parallel] 10 worker threads, one renderer clone each
    init sampling: best coverage score 498.0px of uncovered area  (8 samples)
[staged]   → robot b: IoU 0.402 → 0.493  ✓
    ↑ new global best IoU 0.493  [phase Ph1 robot b]
[staged]   Ph1 robot c  zone 6  (uncovered: 17% of target)
    voronoi warm-start: IoU 0.489 ≤ 0.493, kept current
    [parallel] 10 worker threads, one renderer clone each
    init sampling: best coverage score 195.0px of uncovered area  (16 samples)
[staged]   → robot c: IoU 0.493 → 0.527  ✓
    ↑ new global best IoU 0.527  [phase Ph1 robot c]
[staged]   Ph1 robot d  zone 4  (uncovered: 0% of target)
    voronoi warm-start: IoU 0.489 ≤ 0.527, kept current
    [parallel] 10 worker threads, one renderer clone each
    init sampling: best coverage score 3.0px of uncovered area  (16 samples)
[staged]   → robot d: IoU 0.527 → 0.554  ✓
    ↑ new global best IoU 0.554  [phase Ph1 robot d]
[staged]   Ph1 robot e  zone 2  (uncovered: 0% of target)
    voronoi warm-start: IoU 0.554 → 0.557 ✓
    [parallel] 10 worker threads, one renderer clone each
    init sampling: best coverage score 5.0px of uncovered area  (8 samples)
[staged]   → robot e: IoU 0.554 → 0.566  ✓
    ↑ new global best IoU 0.566  [phase Ph1 robot e]
[staged]   Ph1 robot f  zone 1  (uncovered: 7% of target)
    voronoi warm-start: IoU 0.566 → 0.572 ✓
    [parallel] 10 worker threads, one renderer clone each
    init sampling: best coverage score 46.0px of uncovered area  (8 samples)
[staged]   → robot f: IoU 0.566 → 0.579  ✓
    ↑ new global best IoU 0.579  [phase Ph1 robot f]
[staged]   Ph1 robot g  zone 5  (uncovered: 0% of target)
    voronoi warm-start: IoU 0.546 ≤ 0.579, kept current
    [parallel] 10 worker threads, one renderer clone each
    init sampling: best loss 21.6285 (16 samples)
[staged]   → robot g: IoU 0.579 → 0.615  ✓
    ↑ new global best IoU 0.615  [phase Ph1 robot g]
[staged] Phase 1 done — composite IoU: 0.615

[staged] Phase 2 — backward pass  (8 iters × 7 robots, sigma=0.300)
[staged]   contributions before Phase 2:
[staged]     robot a: +0.070 IoU
[staged]     robot b: +0.084 IoU
[staged]     robot c: +0.041 IoU  ← low
[staged]     robot d: +0.036 IoU  ← low
[staged]     robot e: +0.039 IoU  ← low
[staged]     robot f: +0.035 IoU  ← low
[staged]     robot g: +0.036 IoU  ← low
[staged]   Ph2 robot g  zone 5  (uncovered: 5% of target)
    [parallel] 10 worker threads, one renderer clone each
    init sampling: best coverage score 1.0px of uncovered area  (16 samples)
[staged]   → robot g: candidate 0.609 < current 0.615  ✗ rejected
[staged]   Ph2 robot f  zone 1  (uncovered: 5% of target)
    [parallel] 10 worker threads, one renderer clone each
    init sampling: best coverage score 14.0px of uncovered area  (16 samples)
[staged]   → robot f: IoU 0.615 → 0.625  ✓
    ↑ new global best IoU 0.625  [phase Ph2 robot f]
[staged]   Ph2 robot e  zone 2  (uncovered: 4% of target)
    [parallel] 10 worker threads, one renderer clone each
    init sampling: best coverage score 13.0px of uncovered area  (16 samples)
[staged]   → robot e: IoU 0.625 → 0.627  ✓
    ↑ new global best IoU 0.627  [phase Ph2 robot e]
[staged]   Ph2 robot d  zone 4  (uncovered: 4% of target)
    [parallel] 10 worker threads, one renderer clone each
    init sampling: best coverage score 26.0px of uncovered area  (16 samples)
[staged]   → robot d: IoU 0.627 → 0.630  ✓
    ↑ new global best IoU 0.630  [phase Ph2 robot d]
[staged]   Ph2 robot c  zone 6  (uncovered: 6% of target)
    [parallel] 10 worker threads, one renderer clone each
    init sampling: best coverage score 50.0px of uncovered area  (16 samples)
[staged]   → robot c: candidate 0.626 < current 0.630  ✗ rejected
[staged]   Ph2 robot b  zone 3  (uncovered: 15% of target)
    [parallel] 10 worker threads, one renderer clone each
    init sampling: best coverage score 315.0px of uncovered area  (16 samples)
[staged]   → robot b: candidate 0.628 < current 0.630  ✗ rejected
[staged]   Ph2 robot a  zone 0  (uncovered: 8% of target)
    [parallel] 10 worker threads, one renderer clone each
    init sampling: best coverage score 112.0px of uncovered area  (16 samples)
[staged]   → robot a: IoU 0.630 → 0.654  ✓
    ↑ new global best IoU 0.654  [phase Ph2 robot a]
[staged] Phase 2 done — composite IoU: 0.654

[staged] Best snapshot: Phase 2  IoU=0.654
[staged] Manifold final pass — computing Jacobian  (ε=0.020, 84 renders)
[staged] Manifold basis: k=12D / 42D  (variance≥85%, top eigenvalues: ['173495.69', '141706.91', '112926.95', '98815.80', '82184.54'])
    ↑ new global best IoU 0.662  [manifold final pass]
[staged] Manifold done — IoU: 0.662  (Δ=+0.008)  ✓
[staged] FD refinement — 5 Adam steps  (420 renders, lr=0.01, ε=0.02)
    ↑ new global best IoU 0.681  [FD refinement]
[staged] FD done — IoU: 0.681  (Δ=+0.019)  ✓
[staged] Done — final IoU: 0.681  loss: 0.3210
[staged] Popsize: per-robot phases=32  final=32  (theory optimum for 6 DOF = 10)

[staged] Hungarian pre-assignment  (7×7 cost matrix, 8 samples/entry = 392 renders)...
[staged]   robot_a → zone 4  robot_b → zone 1  robot_c → zone 3  robot_d → zone 5  robot_e → zone 0  robot_f → zone 2  robot_g → zone 6

[staged] Phase 1 — forward greedy  (8 iters × 7 robot(s), sigma=0.40×1.00, popsize=32)
[staged]   Ph1 robot a  zone 4  (uncovered: 14% of target)
    voronoi warm-start: IoU 0.084 → 0.203 ✓
    [parallel] 10 worker threads, one renderer clone each
    init sampling: best coverage score 333.0px of uncovered area  (8 samples)
[staged]   → robot a: IoU 0.084 → 0.456  ✓
    ↑ new global best IoU 0.456  [phase Ph1 robot a]
[staged]   Ph1 robot b  zone 1  (uncovered: 4% of target)
    voronoi warm-start: IoU 0.456 → 0.467 ✓
    [parallel] 10 worker threads, one renderer clone each
    init sampling: best coverage score 51.0px of uncovered area  (8 samples)
[staged]   → robot b: IoU 0.456 → 0.520  ✓
    ↑ new global best IoU 0.520  [phase Ph1 robot b]
[staged]   Ph1 robot c  zone 3  (uncovered: 2% of target)
    voronoi warm-start: IoU 0.455 ≤ 0.520, kept current
    [parallel] 10 worker threads, one renderer clone each
    init sampling: best coverage score 1.0px of uncovered area  (16 samples)
[staged]   → robot c: IoU 0.520 → 0.541  ✓
    ↑ new global best IoU 0.541  [phase Ph1 robot c]
[staged]   Ph1 robot d  zone 5  (uncovered: 1% of target)
    voronoi warm-start: IoU 0.485 ≤ 0.541, kept current
    [parallel] 10 worker threads, one renderer clone each
    init sampling: best coverage score 22.0px of uncovered area  (16 samples)
[staged]   → robot d: IoU 0.541 → 0.566  ✓
    ↑ new global best IoU 0.566  [phase Ph1 robot d]
[staged]   Ph1 robot e  zone 0  (uncovered: 0% of target)
    voronoi warm-start: IoU 0.525 ≤ 0.566, kept current
    [parallel] 10 worker threads, one renderer clone each
    init sampling: best coverage score 2.0px of uncovered area  (16 samples)
[staged]   → robot e: IoU 0.566 → 0.578  ✓
    ↑ new global best IoU 0.578  [phase Ph1 robot e]
[staged]   Ph1 robot f  zone 2  (uncovered: 4% of target)
    voronoi warm-start: IoU 0.578 → 0.582 ✓
    [parallel] 10 worker threads, one renderer clone each
    init sampling: best coverage score 14.0px of uncovered area  (8 samples)
[staged]   → robot f: IoU 0.578 → 0.588  ✓
    ↑ new global best IoU 0.588  [phase Ph1 robot f]
[staged]   Ph1 robot g  zone 6  (uncovered: 3% of target)
    voronoi warm-start: IoU 0.583 ≤ 0.588, kept current
    [parallel] 10 worker threads, one renderer clone each
    init sampling: best coverage score 0.0px of uncovered area  (16 samples)
[staged]   → robot g: IoU 0.588 → 0.615  ✓
    ↑ new global best IoU 0.615  [phase Ph1 robot g]
[staged] Phase 1 done — composite IoU: 0.615

[staged] Phase 2 — backward pass  (8 iters × 7 robots, sigma=0.300)
[staged]   contributions before Phase 2:
[staged]     robot a: +0.077 IoU
[staged]     robot b: +0.046 IoU  ← low
[staged]     robot c: +0.048 IoU  ← low
[staged]     robot d: +0.042 IoU  ← low
[staged]     robot e: +0.036 IoU  ← low
[staged]     robot f: +0.031 IoU  ← low
[staged]     robot g: +0.028 IoU  ← low
[staged]   Ph2 robot g  zone 6  (uncovered: 3% of target)
    [parallel] 10 worker threads, one renderer clone each
    init sampling: best coverage score 2.0px of uncovered area  (16 samples)
[staged]   → robot g: IoU 0.615 → 0.616  ✓
    ↑ new global best IoU 0.616  [phase Ph2 robot g]
[staged]   Ph2 robot f  zone 2  (uncovered: 4% of target)
    [parallel] 10 worker threads, one renderer clone each
    init sampling: best coverage score 6.0px of uncovered area  (16 samples)
[staged]   → robot f: IoU 0.616 → 0.616  ✓
    ↑ new global best IoU 0.616  [phase Ph2 robot f]
[staged]   Ph2 robot e  zone 0  (uncovered: 4% of target)
    [parallel] 10 worker threads, one renderer clone each
    init sampling: best coverage score 6.0px of uncovered area  (16 samples)
[staged]   → robot e: candidate 0.614 < current 0.616  ✗ rejected
[staged]   Ph2 robot d  zone 5  (uncovered: 5% of target)
    [parallel] 10 worker threads, one renderer clone each
    init sampling: best coverage score 16.0px of uncovered area  (16 samples)
[staged]   → robot d: IoU 0.616 → 0.617  ✓
    ↑ new global best IoU 0.617  [phase Ph2 robot d]
[staged]   Ph2 robot c  zone 3  (uncovered: 4% of target)
    [parallel] 10 worker threads, one renderer clone each
    init sampling: best coverage score 42.0px of uncovered area  (16 samples)
[staged]   → robot c: candidate 0.613 < current 0.617  ✗ rejected
[staged]   Ph2 robot b  zone 1  (uncovered: 8% of target)
    [parallel] 10 worker threads, one renderer clone each
    init sampling: best coverage score 166.0px of uncovered area  (16 samples)
[staged]   → robot b: IoU 0.617 → 0.666  ✓
    ↑ new global best IoU 0.666  [phase Ph2 robot b]
[staged]   Ph2 robot a  zone 4  (uncovered: 15% of target)
    [parallel] 10 worker threads, one renderer clone each
    init sampling: best coverage score 329.0px of uncovered area  (16 samples)
[staged]   → robot a: IoU 0.666 → 0.676  ✓
    ↑ new global best IoU 0.676  [phase Ph2 robot a]
[staged] Phase 2 done — composite IoU: 0.676

[staged] Best snapshot: Phase 2  IoU=0.676
[staged] Manifold final pass — computing Jacobian  (ε=0.020, 84 renders)
[staged] Manifold basis: k=11D / 42D  (variance≥85%, top eigenvalues: ['213884.33', '213235.55', '147713.05', '96583.07', '80403.00'])
    ↑ new global best IoU 0.747  [manifold final pass]
[staged] Manifold done — IoU: 0.747  (Δ=+0.071)  ✓
[staged] FD refinement — 5 Adam steps  (420 renders, lr=0.01, ε=0.02)
    ↑ new global best IoU 0.786  [FD refinement]
[staged] FD done — IoU: 0.786  (Δ=+0.038)  ✓
[staged] Done — final IoU: 0.786  loss: 0.2148
[staged] Popsize: per-robot phases=32  final=32  (theory optimum for 6 DOF = 10)

[staged] Hungarian pre-assignment  (7×7 cost matrix, 8 samples/entry = 392 renders)...
[staged]   robot_a → zone 4  robot_b → zone 3  robot_c → zone 5  robot_d → zone 6  robot_e → zone 0  robot_f → zone 1  robot_g → zone 2

[staged] Phase 1 — forward greedy  (8 iters × 7 robot(s), sigma=0.40×1.00, popsize=32)
[staged]   Ph1 robot a  zone 4  (uncovered: 10% of target)
    voronoi warm-start: IoU 0.084 → 0.196 ✓
    [parallel] 10 worker threads, one renderer clone each
    init sampling: best coverage score 203.0px of uncovered area  (8 samples)
[staged]   → robot a: IoU 0.084 → 0.473  ✓
    ↑ new global best IoU 0.473  [phase Ph1 robot a]
[staged]   Ph1 robot b  zone 3  (uncovered: 3% of target)
    voronoi warm-start: IoU 0.446 ≤ 0.473, kept current
    [parallel] 10 worker threads, one renderer clone each
    init sampling: best coverage score 0.0px of uncovered area  (16 samples)
[staged]   → robot b: IoU 0.473 → 0.525  ✓
    ↑ new global best IoU 0.525  [phase Ph1 robot b]
[staged]   Ph1 robot c  zone 5  (uncovered: 0% of target)
    voronoi warm-start: IoU 0.449 ≤ 0.525, kept current
    [parallel] 10 worker threads, one renderer clone each
    init sampling: best coverage score 3.0px of uncovered area  (16 samples)
[staged]   → robot c: IoU 0.525 → 0.581  ✓
    ↑ new global best IoU 0.581  [phase Ph1 robot c]
[staged]   Ph1 robot d  zone 6  (uncovered: 1% of target)
    voronoi warm-start: IoU 0.565 ≤ 0.581, kept current
    [parallel] 10 worker threads, one renderer clone each
    init sampling: best coverage score 0.0px of uncovered area  (16 samples)
[staged]   → robot d: IoU 0.581 → 0.604  ✓
    ↑ new global best IoU 0.604  [phase Ph1 robot d]
[staged]   Ph1 robot e  zone 0  (uncovered: 0% of target)
    voronoi warm-start: IoU 0.553 ≤ 0.604, kept current
    [parallel] 10 worker threads, one renderer clone each
    init sampling: best coverage score 6.0px of uncovered area  (16 samples)
[staged]   → robot e: IoU 0.604 → 0.618  ✓
    ↑ new global best IoU 0.618  [phase Ph1 robot e]
[staged]   Ph1 robot f  zone 1  (uncovered: 0% of target)
    voronoi warm-start: IoU 0.597 ≤ 0.618, kept current
    [parallel] 10 worker threads, one renderer clone each
    init sampling: best coverage score 1.0px of uncovered area  (16 samples)
[staged]   → robot f: IoU 0.618 → 0.633  ✓
    ↑ new global best IoU 0.633  [phase Ph1 robot f]
[staged]   Ph1 robot g  zone 2  (uncovered: 7% of target)
    voronoi warm-start: IoU 0.609 ≤ 0.633, kept current
    [parallel] 10 worker threads, one renderer clone each
    init sampling: best coverage score 18.0px of uncovered area  (16 samples)
[staged]   → robot g: IoU 0.633 → 0.676  ✓
    ↑ new global best IoU 0.676  [phase Ph1 robot g]
[staged] Phase 1 done — composite IoU: 0.676

[staged] Phase 2 — backward pass  (8 iters × 7 robots, sigma=0.300)
[staged]   contributions before Phase 2:
[staged]     robot a: +0.153 IoU
[staged]     robot b: +0.086 IoU
[staged]     robot c: +0.094 IoU
[staged]     robot d: +0.063 IoU
[staged]     robot e: +0.051 IoU
[staged]     robot f: +0.048 IoU  ← low
[staged]     robot g: +0.043 IoU  ← low
[staged]   Ph2 robot g  zone 2  (uncovered: 7% of target)
    [parallel] 10 worker threads, one renderer clone each
    init sampling: best coverage score 6.0px of uncovered area  (16 samples)
[staged]   → robot g: IoU 0.676 → 0.677  ✓
    ↑ new global best IoU 0.677  [phase Ph2 robot g]
[staged]   Ph2 robot f  zone 1  (uncovered: 8% of target)
    [parallel] 10 worker threads, one renderer clone each
    init sampling: best coverage score 1.0px of uncovered area  (16 samples)
[staged]   → robot f: candidate 0.674 < current 0.677  ✗ rejected
[staged]   Ph2 robot e  zone 0  (uncovered: 7% of target)
    [parallel] 10 worker threads, one renderer clone each
    init sampling: best coverage score 15.0px of uncovered area  (16 samples)
[staged]   → robot e: IoU 0.677 → 0.686  ✓
    ↑ new global best IoU 0.686  [phase Ph2 robot e]
[staged]   Ph2 robot d  zone 6  (uncovered: 5% of target)
    [parallel] 10 worker threads, one renderer clone each
    init sampling: best coverage score 8.0px of uncovered area  (16 samples)
[staged]   → robot d: IoU 0.686 → 0.690  ✓
    ↑ new global best IoU 0.690  [phase Ph2 robot d]
[staged]   Ph2 robot c  zone 5  (uncovered: 11% of target)
    [parallel] 10 worker threads, one renderer clone each
    init sampling: best coverage score 57.0px of uncovered area  (16 samples)
[staged]   → robot c: candidate 0.679 < current 0.690  ✗ rejected
[staged]   Ph2 robot b  zone 3  (uncovered: 6% of target)
    [parallel] 10 worker threads, one renderer clone each
    init sampling: best coverage score 69.0px of uncovered area  (16 samples)
[staged]   → robot b: IoU 0.690 → 0.705  ✓
    ↑ new global best IoU 0.705  [phase Ph2 robot b]
[staged]   Ph2 robot a  zone 4  (uncovered: 23% of target)
    [parallel] 10 worker threads, one renderer clone each
    init sampling: best coverage score 324.0px of uncovered area  (16 samples)
[staged]   → robot a: IoU 0.705 → 0.720  ✓
    ↑ new global best IoU 0.720  [phase Ph2 robot a]
[staged] Phase 2 done — composite IoU: 0.720

[staged] Best snapshot: Phase 2  IoU=0.720
[staged] Manifold final pass — computing Jacobian  (ε=0.020, 84 renders)
[staged] Manifold basis: k=8D / 42D  (variance≥85%, top eigenvalues: ['362744.34', '313117.50', '259687.33', '99067.21', '47642.87'])
[staged] Manifold did not improve (0.718 vs 0.720), keeping best snapshot
[staged] FD refinement — 5 Adam steps  (420 renders, lr=0.01, ε=0.02)
    ↑ new global best IoU 0.734  [FD refinement]
[staged] FD done — IoU: 0.734  (Δ=+0.014)  ✓
[staged] Done — final IoU: 0.734  loss: 0.2663
[shard 0] 9/10 digits/7_dejavusans-bold  best=0.786 mean=0.732±0.046  218s  eta 0.1h
[staged] Popsize: per-robot phases=32  final=32  (theory optimum for 6 DOF = 10)

[staged] Hungarian pre-assignment  (7×7 cost matrix, 8 samples/entry = 392 renders)...
[staged]   robot_a → zone 3  robot_b → zone 1  robot_c → zone 0  robot_d → zone 2  robot_e → zone 5  robot_f → zone 4  robot_g → zone 6

[staged] Phase 1 — forward greedy  (8 iters × 7 robot(s), sigma=0.40×1.00, popsize=32)
[staged]   Ph1 robot a  zone 3  (uncovered: 14% of target)
    voronoi warm-start: IoU 0.139 → 0.278 ✓
    [parallel] 10 worker threads, one renderer clone each
    init sampling: best coverage score 643.0px of uncovered area  (8 samples)
[staged]   → robot a: IoU 0.139 → 0.421  ✓
    ↑ new global best IoU 0.421  [phase Ph1 robot a]
[staged]   Ph1 robot b  zone 1  (uncovered: 11% of target)
    voronoi warm-start: IoU 0.421 → 0.473 ✓
    [parallel] 10 worker threads, one renderer clone each
    init sampling: best coverage score 392.0px of uncovered area  (8 samples)
[staged]   → robot b: IoU 0.421 → 0.573  ✓
    ↑ new global best IoU 0.573  [phase Ph1 robot b]
[staged]   Ph1 robot c  zone 0  (uncovered: 3% of target)
    voronoi warm-start: IoU 0.545 ≤ 0.573, kept current
    [parallel] 10 worker threads, one renderer clone each
    init sampling: best coverage score 13.0px of uncovered area  (16 samples)
[staged]   → robot c: IoU 0.573 → 0.601  ✓
    ↑ new global best IoU 0.601  [phase Ph1 robot c]
[staged]   Ph1 robot d  zone 2  (uncovered: 1% of target)
    voronoi warm-start: IoU 0.562 ≤ 0.601, kept current
    [parallel] 10 worker threads, one renderer clone each
    init sampling: best coverage score 45.0px of uncovered area  (16 samples)
[staged]   → robot d: IoU 0.601 → 0.622  ✓
    ↑ new global best IoU 0.622  [phase Ph1 robot d]
[staged]   Ph1 robot e  zone 5  (uncovered: 1% of target)
    voronoi warm-start: IoU 0.583 ≤ 0.622, kept current
    [parallel] 10 worker threads, one renderer clone each
    init sampling: best coverage score 26.0px of uncovered area  (16 samples)
[staged]   → robot e: IoU 0.622 → 0.625  ✓
    ↑ new global best IoU 0.625  [phase Ph1 robot e]
[staged]   Ph1 robot f  zone 4  (uncovered: 5% of target)
    voronoi warm-start: IoU 0.588 ≤ 0.625, kept current
    [parallel] 10 worker threads, one renderer clone each
    init sampling: best coverage score 43.0px of uncovered area  (16 samples)
[staged]   → robot f: IoU 0.625 → 0.627  ✓
    ↑ new global best IoU 0.627  [phase Ph1 robot f]
[staged]   Ph1 robot g  zone 6  (uncovered: 0% of target)
    voronoi warm-start: IoU 0.600 ≤ 0.627, kept current
    [parallel] 10 worker threads, one renderer clone each
    init sampling: best coverage score 21.0px of uncovered area  (16 samples)
[staged]   → robot g: IoU 0.627 → 0.644  ✓
    ↑ new global best IoU 0.644  [phase Ph1 robot g]
[staged] Phase 1 done — composite IoU: 0.644

[staged] Phase 2 — backward pass  (8 iters × 7 robots, sigma=0.300)
[staged]   contributions before Phase 2:
[staged]     robot a: +0.125 IoU
[staged]     robot b: +0.129 IoU
[staged]     robot c: +0.027 IoU  ← low
[staged]     robot d: +0.034 IoU  ← low
[staged]     robot e: +0.017 IoU  ← low
[staged]     robot f: +0.015 IoU  ← low
[staged]     robot g: +0.017 IoU  ← low
[staged]   Ph2 robot g  zone 6  (uncovered: 5% of target)
    [parallel] 10 worker threads, one renderer clone each
    init sampling: best coverage score 40.0px of uncovered area  (16 samples)
[staged]   → robot g: IoU 0.644 → 0.645  ✓
    ↑ new global best IoU 0.645  [phase Ph2 robot g]
[staged]   Ph2 robot f  zone 4  (uncovered: 4% of target)
    [parallel] 10 worker threads, one renderer clone each
    init sampling: best coverage score 38.0px of uncovered area  (16 samples)
[staged]   → robot f: IoU 0.645 → 0.649  ✓
    ↑ new global best IoU 0.649  [phase Ph2 robot f]
[staged]   Ph2 robot e  zone 5  (uncovered: 3% of target)
    [parallel] 10 worker threads, one renderer clone each
    init sampling: best coverage score 25.0px of uncovered area  (16 samples)
[staged]   → robot e: IoU 0.649 → 0.652  ✓
    ↑ new global best IoU 0.652  [phase Ph2 robot e]
[staged]   Ph2 robot d  zone 2  (uncovered: 5% of target)
    [parallel] 10 worker threads, one renderer clone each
    init sampling: best coverage score 16.0px of uncovered area  (16 samples)
[staged]   → robot d: candidate 0.644 < current 0.652  ✗ rejected
[staged]   Ph2 robot c  zone 0  (uncovered: 4% of target)
    [parallel] 10 worker threads, one renderer clone each
    init sampling: best coverage score 66.0px of uncovered area  (16 samples)
[staged]   → robot c: IoU 0.652 → 0.653  ✓
    ↑ new global best IoU 0.653  [phase Ph2 robot c]
[staged]   Ph2 robot b  zone 1  (uncovered: 13% of target)
    [parallel] 10 worker threads, one renderer clone each
    init sampling: best coverage score 320.0px of uncovered area  (16 samples)
[staged]   → robot b: candidate 0.643 < current 0.653  ✗ rejected
[staged]   Ph2 robot a  zone 3  (uncovered: 38% of target)
    [parallel] 10 worker threads, one renderer clone each
    init sampling: best coverage score 235.0px of uncovered area  (16 samples)
[staged]   → robot a: candidate 0.625 < current 0.653  ✗ rejected
[staged] Phase 2 done — composite IoU: 0.653

[staged] Best snapshot: Phase 2  IoU=0.653
[staged] Manifold final pass — computing Jacobian  (ε=0.020, 84 renders)
[staged] Manifold basis: k=7D / 42D  (variance≥85%, top eigenvalues: ['1512370.25', '399711.88', '154229.36', '144960.48', '131980.30'])
    ↑ new global best IoU 0.690  [manifold final pass]
[staged] Manifold done — IoU: 0.690  (Δ=+0.037)  ✓
[staged] FD refinement — 5 Adam steps  (420 renders, lr=0.01, ε=0.02)
    ↑ new global best IoU 0.699  [FD refinement]
[staged] FD done — IoU: 0.699  (Δ=+0.009)  ✓
[staged] Done — final IoU: 0.699  loss: 0.3027
[staged] Popsize: per-robot phases=32  final=32  (theory optimum for 6 DOF = 10)

[staged] Hungarian pre-assignment  (7×7 cost matrix, 8 samples/entry = 392 renders)...
[staged]   robot_a → zone 6  robot_b → zone 1  robot_c → zone 4  robot_d → zone 3  robot_e → zone 2  robot_f → zone 0  robot_g → zone 5

[staged] Phase 1 — forward greedy  (8 iters × 7 robot(s), sigma=0.40×1.00, popsize=32)
[staged]   Ph1 robot a  zone 6  (uncovered: 19% of target)
    voronoi warm-start: IoU 0.139 → 0.142 ✓
    [parallel] 10 worker threads, one renderer clone each
    init sampling: best coverage score 0.0px of uncovered area  (8 samples)
[staged]   → robot a: IoU 0.139 → 0.368  ✓
    ↑ new global best IoU 0.368  [phase Ph1 robot a]
[staged]   Ph1 robot b  zone 1  (uncovered: 0% of target)
    voronoi warm-start: IoU 0.338 ≤ 0.368, kept current
    [parallel] 10 worker threads, one renderer clone each
    init sampling: best coverage score 19.0px of uncovered area  (16 samples)
[staged]   → robot b: IoU 0.368 → 0.532  ✓
    ↑ new global best IoU 0.532  [phase Ph1 robot b]
[staged]   Ph1 robot c  zone 4  (uncovered: 3% of target)
    voronoi warm-start: IoU 0.506 ≤ 0.532, kept current
    [parallel] 10 worker threads, one renderer clone each
    init sampling: best coverage score 86.0px of uncovered area  (16 samples)
[staged]   → robot c: IoU 0.532 → 0.632  ✓
    ↑ new global best IoU 0.632  [phase Ph1 robot c]
[staged]   Ph1 robot d  zone 3  (uncovered: 3% of target)
    voronoi warm-start: IoU 0.616 ≤ 0.632, kept current
    [parallel] 10 worker threads, one renderer clone each
    init sampling: best coverage score 72.0px of uncovered area  (16 samples)
[staged]   → robot d: IoU 0.632 → 0.653  ✓
    ↑ new global best IoU 0.653  [phase Ph1 robot d]
[staged]   Ph1 robot e  zone 2  (uncovered: 1% of target)
    voronoi warm-start: IoU 0.643 ≤ 0.653, kept current
    [parallel] 10 worker threads, one renderer clone each
    init sampling: best coverage score 20.0px of uncovered area  (16 samples)
[staged]   → robot e: IoU 0.653 → 0.660  ✓
    ↑ new global best IoU 0.660  [phase Ph1 robot e]
[staged]   Ph1 robot f  zone 0  (uncovered: 0% of target)
    voronoi warm-start: IoU 0.644 ≤ 0.660, kept current
    [parallel] 10 worker threads, one renderer clone each
    init sampling: best coverage score 6.0px of uncovered area  (16 samples)
[staged]   → robot f: IoU 0.660 → 0.676  ✓
    ↑ new global best IoU 0.676  [phase Ph1 robot f]
[staged]   Ph1 robot g  zone 5  (uncovered: 0% of target)
    voronoi warm-start: IoU 0.670 ≤ 0.676, kept current
    [parallel] 10 worker threads, one renderer clone each
    init sampling: best coverage score 5.0px of uncovered area  (16 samples)
[staged]   → robot g: IoU 0.676 → 0.698  ✓
    ↑ new global best IoU 0.698  [phase Ph1 robot g]
[staged] Phase 1 done — composite IoU: 0.698

[staged] Phase 2 — backward pass  (8 iters × 7 robots, sigma=0.300)
[staged]   contributions before Phase 2:
[staged]     robot a: +0.132 IoU
[staged]     robot b: +0.103 IoU
[staged]     robot c: +0.088 IoU
[staged]     robot d: +0.039 IoU  ← low
[staged]     robot e: +0.024 IoU  ← low
[staged]     robot f: +0.029 IoU  ← low
[staged]     robot g: +0.023 IoU  ← low
[staged]   Ph2 robot g  zone 5  (uncovered: 7% of target)
    [parallel] 10 worker threads, one renderer clone each
    init sampling: best coverage score 81.0px of uncovered area  (16 samples)
[staged]   → robot g: IoU 0.698 → 0.699  ✓
    ↑ new global best IoU 0.699  [phase Ph2 robot g]
[staged]   Ph2 robot f  zone 0  (uncovered: 8% of target)
    [parallel] 10 worker threads, one renderer clone each
    init sampling: best coverage score 80.0px of uncovered area  (16 samples)
[staged]   → robot f: candidate 0.691 < current 0.699  ✗ rejected
[staged]   Ph2 robot e  zone 2  (uncovered: 7% of target)
    [parallel] 10 worker threads, one renderer clone each
    init sampling: best coverage score 72.0px of uncovered area  (16 samples)
[staged]   → robot e: candidate 0.698 < current 0.699  ✗ rejected
[staged]   Ph2 robot d  zone 3  (uncovered: 9% of target)
    [parallel] 10 worker threads, one renderer clone each
    init sampling: best coverage score 94.0px of uncovered area  (16 samples)
[staged]   → robot d: candidate 0.697 < current 0.699  ✗ rejected
[staged]   Ph2 robot c  zone 4  (uncovered: 18% of target)
    [parallel] 10 worker threads, one renderer clone each
    init sampling: best coverage score 273.0px of uncovered area  (16 samples)
[staged]   → robot c: candidate 0.684 < current 0.699  ✗ rejected
[staged]   Ph2 robot b  zone 1  (uncovered: 18% of target)
    [parallel] 10 worker threads, one renderer clone each
    init sampling: best coverage score 623.0px of uncovered area  (16 samples)
[staged]   → robot b: IoU 0.699 → 0.711  ✓
    ↑ new global best IoU 0.711  [phase Ph2 robot b]
[staged]   Ph2 robot a  zone 6  (uncovered: 17% of target)
    [parallel] 10 worker threads, one renderer clone each
    init sampling: best coverage score 348.0px of uncovered area  (16 samples)
[staged]   → robot a: candidate 0.684 < current 0.711  ✗ rejected
[staged] Phase 2 done — composite IoU: 0.711

[staged] Best snapshot: Phase 2  IoU=0.711
[staged] Manifold final pass — computing Jacobian  (ε=0.020, 84 renders)
[staged] Manifold basis: k=10D / 42D  (variance≥85%, top eigenvalues: ['708243.12', '407534.91', '190448.94', '103705.57', '101535.27'])
[staged] Manifold did not improve (0.673 vs 0.711), keeping best snapshot
[staged] FD refinement — 5 Adam steps  (420 renders, lr=0.01, ε=0.02)
    ↑ new global best IoU 0.729  [FD refinement]
[staged] FD done — IoU: 0.729  (Δ=+0.018)  ✓
[staged] Done — final IoU: 0.729  loss: 0.2730
[staged] Popsize: per-robot phases=32  final=32  (theory optimum for 6 DOF = 10)

[staged] Hungarian pre-assignment  (7×7 cost matrix, 8 samples/entry = 392 renders)...
[staged]   robot_a → zone 5  robot_b → zone 0  robot_c → zone 3  robot_d → zone 6  robot_e → zone 2  robot_f → zone 4  robot_g → zone 1

[staged] Phase 1 — forward greedy  (8 iters × 7 robot(s), sigma=0.40×1.00, popsize=32)
[staged]   Ph1 robot a  zone 5  (uncovered: 10% of target)
    voronoi warm-start: IoU 0.139 → 0.278 ✓
    [parallel] 10 worker threads, one renderer clone each
    init sampling: best coverage score 321.0px of uncovered area  (8 samples)
[staged]   → robot a: IoU 0.139 → 0.432  ✓
    ↑ new global best IoU 0.432  [phase Ph1 robot a]
[staged]   Ph1 robot b  zone 0  (uncovered: 5% of target)
    voronoi warm-start: IoU 0.432 → 0.488 ✓
    [parallel] 10 worker threads, one renderer clone each
    init sampling: best coverage score 239.0px of uncovered area  (8 samples)
[staged]   → robot b: IoU 0.432 → 0.565  ✓
    ↑ new global best IoU 0.565  [phase Ph1 robot b]
[staged]   Ph1 robot c  zone 3  (uncovered: 2% of target)
    voronoi warm-start: IoU 0.537 ≤ 0.565, kept current
    [parallel] 10 worker threads, one renderer clone each
    init sampling: best coverage score 75.0px of uncovered area  (16 samples)
[staged]   → robot c: IoU 0.565 → 0.603  ✓
    ↑ new global best IoU 0.603  [phase Ph1 robot c]
[staged]   Ph1 robot d  zone 6  (uncovered: 0% of target)
    voronoi warm-start: IoU 0.578 ≤ 0.603, kept current
    [parallel] 10 worker threads, one renderer clone each
    init sampling: best coverage score 10.0px of uncovered area  (16 samples)
[staged]   → robot d: IoU 0.603 → 0.619  ✓
    ↑ new global best IoU 0.619  [phase Ph1 robot d]
[staged]   Ph1 robot e  zone 2  (uncovered: 1% of target)
    voronoi warm-start: IoU 0.601 ≤ 0.619, kept current
    [parallel] 10 worker threads, one renderer clone each
    init sampling: best coverage score 10.0px of uncovered area  (16 samples)
[staged]   → robot e: IoU 0.619 → 0.628  ✓
    ↑ new global best IoU 0.628  [phase Ph1 robot e]
[staged]   Ph1 robot f  zone 4  (uncovered: 0% of target)
    voronoi warm-start: IoU 0.613 ≤ 0.628, kept current
    [parallel] 10 worker threads, one renderer clone each
    init sampling: best coverage score 1.0px of uncovered area  (16 samples)
[staged]   → robot f: IoU 0.628 → 0.641  ✓
    ↑ new global best IoU 0.641  [phase Ph1 robot f]
[staged]   Ph1 robot g  zone 1  (uncovered: 1% of target)
    voronoi warm-start: IoU 0.611 ≤ 0.641, kept current
    [parallel] 10 worker threads, one renderer clone each
    init sampling: best coverage score 11.0px of uncovered area  (16 samples)
[staged]   → robot g: IoU 0.641 → 0.657  ✓
    ↑ new global best IoU 0.657  [phase Ph1 robot g]
[staged] Phase 1 done — composite IoU: 0.657

[staged] Phase 2 — backward pass  (8 iters × 7 robots, sigma=0.300)
[staged]   contributions before Phase 2:
[staged]     robot a: +0.086 IoU
[staged]     robot b: +0.043 IoU  ← low
[staged]     robot c: +0.042 IoU  ← low
[staged]     robot d: +0.028 IoU  ← low
[staged]     robot e: +0.025 IoU  ← low
[staged]     robot f: +0.027 IoU  ← low
[staged]     robot g: +0.017 IoU  ← low
[staged]   Ph2 robot g  zone 1  (uncovered: 4% of target)
    [parallel] 10 worker threads, one renderer clone each
    init sampling: best coverage score 61.0px of uncovered area  (16 samples)
[staged]   → robot g: IoU 0.657 → 0.660  ✓
    ↑ new global best IoU 0.660  [phase Ph2 robot g]
[staged]   Ph2 robot f  zone 4  (uncovered: 5% of target)
    [parallel] 10 worker threads, one renderer clone each
    init sampling: best coverage score 26.0px of uncovered area  (16 samples)
[staged]   → robot f: candidate 0.658 < current 0.660  ✗ rejected
[staged]   Ph2 robot e  zone 2  (uncovered: 4% of target)
    [parallel] 10 worker threads, one renderer clone each
    init sampling: best coverage score 25.0px of uncovered area  (16 samples)
[staged]   → robot e: candidate 0.659 < current 0.660  ✗ rejected
[staged]   Ph2 robot d  zone 6  (uncovered: 5% of target)
    [parallel] 10 worker threads, one renderer clone each
    init sampling: best coverage score 53.0px of uncovered area  (16 samples)
[staged]   → robot d: IoU 0.660 → 0.668  ✓
    ↑ new global best IoU 0.668  [phase Ph2 robot d]
[staged]   Ph2 robot c  zone 3  (uncovered: 8% of target)
    [parallel] 10 worker threads, one renderer clone each
    init sampling: best coverage score 166.0px of uncovered area  (16 samples)
[staged]   → robot c: IoU 0.668 → 0.668  ✓
    ↑ new global best IoU 0.668  [phase Ph2 robot c]
[staged]   Ph2 robot b  zone 0  (uncovered: 8% of target)
    [parallel] 10 worker threads, one renderer clone each
    init sampling: best coverage score 239.0px of uncovered area  (16 samples)
[staged]   → robot b: IoU 0.668 → 0.679  ✓
    ↑ new global best IoU 0.679  [phase Ph2 robot b]
[staged]   Ph2 robot a  zone 5  (uncovered: 26% of target)
    [parallel] 10 worker threads, one renderer clone each
    init sampling: best coverage score 551.0px of uncovered area  (16 samples)
[staged]   → robot a: IoU 0.679 → 0.699  ✓
    ↑ new global best IoU 0.699  [phase Ph2 robot a]
[staged] Phase 2 done — composite IoU: 0.699

[staged] Best snapshot: Phase 2  IoU=0.699
[staged] Manifold final pass — computing Jacobian  (ε=0.020, 84 renders)
[staged] Manifold basis: k=12D / 42D  (variance≥85%, top eigenvalues: ['416043.84', '188850.67', '105361.17', '97771.86', '72922.77'])
    ↑ new global best IoU 0.713  [manifold final pass]
[staged] Manifold done — IoU: 0.713  (Δ=+0.014)  ✓
[staged] FD refinement — 5 Adam steps  (420 renders, lr=0.01, ε=0.02)
    ↑ new global best IoU 0.737  [FD refinement]
[staged] FD done — IoU: 0.737  (Δ=+0.024)  ✓
[staged] Done — final IoU: 0.737  loss: 0.2643
[staged] Popsize: per-robot phases=32  final=32  (theory optimum for 6 DOF = 10)

[staged] Hungarian pre-assignment  (7×7 cost matrix, 8 samples/entry = 392 renders)...
[staged]   robot_a → zone 0  robot_b → zone 3  robot_c → zone 1  robot_d → zone 2  robot_e → zone 5  robot_f → zone 6  robot_g → zone 4

[staged] Phase 1 — forward greedy  (8 iters × 7 robot(s), sigma=0.40×1.00, popsize=32)
[staged]   Ph1 robot a  zone 0  (uncovered: 14% of target)
    voronoi warm-start: IoU 0.139 → 0.277 ✓
    [parallel] 10 worker threads, one renderer clone each
    init sampling: best coverage score 549.0px of uncovered area  (8 samples)
[staged]   → robot a: IoU 0.139 → 0.383  ✓
    ↑ new global best IoU 0.383  [phase Ph1 robot a]
[staged]   Ph1 robot b  zone 3  (uncovered: 2% of target)
    voronoi warm-start: IoU 0.383 → 0.385 ✓
    [parallel] 10 worker threads, one renderer clone each
    init sampling: best coverage score 87.0px of uncovered area  (8 samples)
[staged]   → robot b: IoU 0.383 → 0.541  ✓
    ↑ new global best IoU 0.541  [phase Ph1 robot b]
[staged]   Ph1 robot c  zone 1  (uncovered: 4% of target)
    voronoi warm-start: IoU 0.509 ≤ 0.541, kept current
    [parallel] 10 worker threads, one renderer clone each
    init sampling: best coverage score 20.0px of uncovered area  (16 samples)
[staged]   → robot c: IoU 0.541 → 0.605  ✓
    ↑ new global best IoU 0.605  [phase Ph1 robot c]
[staged]   Ph1 robot d  zone 2  (uncovered: 0% of target)
    voronoi warm-start: IoU 0.576 ≤ 0.605, kept current
    [parallel] 10 worker threads, one renderer clone each
    init sampling: best coverage score 17.0px of uncovered area  (16 samples)
[staged]   → robot d: IoU 0.605 → 0.629  ✓
    ↑ new global best IoU 0.629  [phase Ph1 robot d]
[staged]   Ph1 robot e  zone 5  (uncovered: 0% of target)
    voronoi warm-start: IoU 0.623 ≤ 0.629, kept current
    [parallel] 10 worker threads, one renderer clone each
    init sampling: best coverage score 16.0px of uncovered area  (16 samples)
[staged]   → robot e: IoU 0.629 → 0.641  ✓
    ↑ new global best IoU 0.641  [phase Ph1 robot e]
[staged]   Ph1 robot f  zone 6  (uncovered: 1% of target)
    voronoi warm-start: IoU 0.603 ≤ 0.641, kept current
    [parallel] 10 worker threads, one renderer clone each
    init sampling: best coverage score 8.0px of uncovered area  (16 samples)
[staged]   → robot f: IoU 0.641 → 0.649  ✓
    ↑ new global best IoU 0.649  [phase Ph1 robot f]
[staged]   Ph1 robot g  zone 4  (uncovered: 1% of target)
    voronoi warm-start: IoU 0.649 → 0.649 ✓
    [parallel] 10 worker threads, one renderer clone each
    init sampling: best coverage score 0.0px of uncovered area  (8 samples)
[staged]   → robot g: IoU 0.649 → 0.668  ✓
    ↑ new global best IoU 0.668  [phase Ph1 robot g]
[staged] Phase 1 done — composite IoU: 0.668

[staged] Phase 2 — backward pass  (8 iters × 7 robots, sigma=0.300)
[staged]   contributions before Phase 2:
[staged]     robot a: +0.091 IoU
[staged]     robot b: +0.085 IoU
[staged]     robot c: +0.054 IoU
[staged]     robot d: +0.025 IoU  ← low
[staged]     robot e: +0.028 IoU  ← low
[staged]     robot f: +0.020 IoU  ← low
[staged]     robot g: +0.019 IoU  ← low
[staged]   Ph2 robot g  zone 4  (uncovered: 3% of target)
    [parallel] 10 worker threads, one renderer clone each
    init sampling: best coverage score 25.0px of uncovered area  (16 samples)
[staged]   → robot g: candidate 0.667 < current 0.668  ✗ rejected
[staged]   Ph2 robot f  zone 6  (uncovered: 3% of target)
    [parallel] 10 worker threads, one renderer clone each
    init sampling: best coverage score 24.0px of uncovered area  (16 samples)
[staged]   → robot f: candidate 0.666 < current 0.668  ✗ rejected
[staged]   Ph2 robot e  zone 5  (uncovered: 5% of target)
    [parallel] 10 worker threads, one renderer clone each
    init sampling: best coverage score 26.0px of uncovered area  (16 samples)
[staged]   → robot e: IoU 0.668 → 0.668  ✓
    ↑ new global best IoU 0.668  [phase Ph2 robot e]
[staged]   Ph2 robot d  zone 2  (uncovered: 3% of target)
    [parallel] 10 worker threads, one renderer clone each
    init sampling: best coverage score 37.0px of uncovered area  (16 samples)
[staged]   → robot d: candidate 0.668 < current 0.668  ✗ rejected
[staged]   Ph2 robot c  zone 1  (uncovered: 9% of target)
    [parallel] 10 worker threads, one renderer clone each
    init sampling: best coverage score 201.0px of uncovered area  (16 samples)
[staged]   → robot c: candidate 0.658 < current 0.668  ✗ rejected
[staged]   Ph2 robot b  zone 3  (uncovered: 13% of target)
    [parallel] 10 worker threads, one renderer clone each
    init sampling: best coverage score 307.0px of uncovered area  (16 samples)
[staged]   → robot b: candidate 0.664 < current 0.668  ✗ rejected
[staged]   Ph2 robot a  zone 0  (uncovered: 15% of target)
    [parallel] 10 worker threads, one renderer clone each
    init sampling: best coverage score 173.0px of uncovered area  (16 samples)
[staged]   → robot a: IoU 0.668 → 0.703  ✓
    ↑ new global best IoU 0.703  [phase Ph2 robot a]
[staged] Phase 2 done — composite IoU: 0.703

[staged] Best snapshot: Phase 2  IoU=0.703
[staged] Manifold final pass — computing Jacobian  (ε=0.020, 84 renders)
[staged] Manifold basis: k=13D / 42D  (variance≥85%, top eigenvalues: ['178305.95', '154622.86', '141730.81', '139522.22', '107599.35'])
[staged] Manifold did not improve (0.693 vs 0.703), keeping best snapshot
[staged] FD refinement — 5 Adam steps  (420 renders, lr=0.01, ε=0.02)
    ↑ new global best IoU 0.721  [FD refinement]
[staged] FD done — IoU: 0.721  (Δ=+0.019)  ✓
[staged] Done — final IoU: 0.721  loss: 0.2804
[staged] Popsize: per-robot phases=32  final=32  (theory optimum for 6 DOF = 10)

[staged] Hungarian pre-assignment  (7×7 cost matrix, 8 samples/entry = 392 renders)...
[staged]   robot_a → zone 0  robot_b → zone 5  robot_c → zone 3  robot_d → zone 6  robot_e → zone 1  robot_f → zone 4  robot_g → zone 2

[staged] Phase 1 — forward greedy  (8 iters × 7 robot(s), sigma=0.40×1.00, popsize=32)
[staged]   Ph1 robot a  zone 0  (uncovered: 15% of target)
    voronoi warm-start: IoU 0.136 ≤ 0.139, kept current
    [parallel] 10 worker threads, one renderer clone each
    init sampling: best coverage score 685.0px of uncovered area  (16 samples)
[staged]   → robot a: IoU 0.139 → 0.480  ✓
    ↑ new global best IoU 0.480  [phase Ph1 robot a]
[staged]   Ph1 robot b  zone 5  (uncovered: 1% of target)
    voronoi warm-start: IoU 0.480 → 0.480 ✓
    [parallel] 10 worker threads, one renderer clone each
    init sampling: best coverage score 0.0px of uncovered area  (8 samples)
[staged]   → robot b: IoU 0.480 → 0.570  ✓
    ↑ new global best IoU 0.570  [phase Ph1 robot b]
[staged]   Ph1 robot c  zone 3  (uncovered: 1% of target)
    voronoi warm-start: IoU 0.552 ≤ 0.570, kept current
    [parallel] 10 worker threads, one renderer clone each
    init sampling: best coverage score 34.0px of uncovered area  (16 samples)
[staged]   → robot c: IoU 0.570 → 0.598  ✓
    ↑ new global best IoU 0.598  [phase Ph1 robot c]
[staged]   Ph1 robot d  zone 6  (uncovered: 1% of target)
    voronoi warm-start: IoU 0.571 ≤ 0.598, kept current
    [parallel] 10 worker threads, one renderer clone each
    init sampling: best coverage score 9.0px of uncovered area  (16 samples)
[staged]   → robot d: IoU 0.598 → 0.631  ✓
    ↑ new global best IoU 0.631  [phase Ph1 robot d]
[staged]   Ph1 robot e  zone 1  (uncovered: 1% of target)
    voronoi warm-start: IoU 0.576 ≤ 0.631, kept current
    [parallel] 10 worker threads, one renderer clone each
    init sampling: best coverage score 24.0px of uncovered area  (16 samples)
[staged]   → robot e: IoU 0.631 → 0.648  ✓
    ↑ new global best IoU 0.648  [phase Ph1 robot e]
[staged]   Ph1 robot f  zone 4  (uncovered: 0% of target)
    voronoi warm-start: IoU 0.615 ≤ 0.648, kept current
    [parallel] 10 worker threads, one renderer clone each
    init sampling: best coverage score 18.0px of uncovered area  (16 samples)
[staged]   → robot f: IoU 0.648 → 0.655  ✓
    ↑ new global best IoU 0.655  [phase Ph1 robot f]
[staged]   Ph1 robot g  zone 2  (uncovered: 2% of target)
    voronoi warm-start: IoU 0.614 ≤ 0.655, kept current
    [parallel] 10 worker threads, one renderer clone each
    init sampling: best coverage score 43.0px of uncovered area  (16 samples)
[staged]   → robot g: IoU 0.655 → 0.677  ✓
    ↑ new global best IoU 0.677  [phase Ph1 robot g]
[staged] Phase 1 done — composite IoU: 0.677

[staged] Phase 2 — backward pass  (8 iters × 7 robots, sigma=0.300)
[staged]   contributions before Phase 2:
[staged]     robot a: +0.075 IoU
[staged]     robot b: +0.027 IoU  ← low
[staged]     robot c: +0.031 IoU  ← low
[staged]     robot d: +0.050 IoU  ← low
[staged]     robot e: +0.029 IoU  ← low
[staged]     robot f: +0.021 IoU  ← low
[staged]     robot g: +0.022 IoU  ← low
[staged]   Ph2 robot g  zone 2  (uncovered: 4% of target)
    [parallel] 10 worker threads, one renderer clone each
    init sampling: best coverage score 103.0px of uncovered area  (16 samples)
[staged]   → robot g: candidate 0.673 < current 0.677  ✗ rejected
[staged]   Ph2 robot f  zone 4  (uncovered: 4% of target)
    [parallel] 10 worker threads, one renderer clone each
    init sampling: best coverage score 22.0px of uncovered area  (16 samples)
[staged]   → robot f: IoU 0.677 → 0.678  ✓
    ↑ new global best IoU 0.678  [phase Ph2 robot f]
[staged]   Ph2 robot e  zone 1  (uncovered: 5% of target)
    [parallel] 10 worker threads, one renderer clone each
    init sampling: best coverage score 85.0px of uncovered area  (16 samples)
[staged]   → robot e: IoU 0.678 → 0.680  ✓
    ↑ new global best IoU 0.680  [phase Ph2 robot e]
[staged]   Ph2 robot d  zone 6  (uncovered: 8% of target)
    [parallel] 10 worker threads, one renderer clone each
    init sampling: best coverage score 120.0px of uncovered area  (16 samples)
[staged]   → robot d: IoU 0.680 → 0.686  ✓
    ↑ new global best IoU 0.686  [phase Ph2 robot d]
[staged]   Ph2 robot c  zone 3  (uncovered: 5% of target)
    [parallel] 10 worker threads, one renderer clone each
    init sampling: best coverage score 36.0px of uncovered area  (16 samples)
[staged]   → robot c: IoU 0.686 → 0.695  ✓
    ↑ new global best IoU 0.695  [phase Ph2 robot c]
[staged]   Ph2 robot b  zone 5  (uncovered: 14% of target)
    [parallel] 10 worker threads, one renderer clone each
    init sampling: best coverage score 387.0px of uncovered area  (16 samples)
[staged]   → robot b: candidate 0.691 < current 0.695  ✗ rejected
[staged]   Ph2 robot a  zone 0  (uncovered: 11% of target)
    [parallel] 10 worker threads, one renderer clone each
    init sampling: best coverage score 198.0px of uncovered area  (16 samples)
[staged]   → robot a: IoU 0.695 → 0.718  ✓
    ↑ new global best IoU 0.718  [phase Ph2 robot a]
[staged] Phase 2 done — composite IoU: 0.718

[staged] Best snapshot: Phase 2  IoU=0.718
[staged] Manifold final pass — computing Jacobian  (ε=0.020, 84 renders)
[staged] Manifold basis: k=12D / 42D  (variance≥85%, top eigenvalues: ['382486.75', '275492.16', '114190.91', '76787.33', '75639.78'])
[staged] Manifold did not improve (0.713 vs 0.718), keeping best snapshot
[staged] FD refinement — 5 Adam steps  (420 renders, lr=0.01, ε=0.02)
    ↑ new global best IoU 0.741  [FD refinement]
[staged] FD done — IoU: 0.741  (Δ=+0.023)  ✓
[staged] Done — final IoU: 0.741  loss: 0.2609
[shard 0] 10/10 digits/9_dejavusans-bold  best=0.741 mean=0.725±0.015  218s  eta 0.0h
[shard 0] DONE 10 targets in 0.61h
