[shard 0/1] 10 targets × 5 runs
[scene] so101 ×5: light_y=1.00 wall_y=-2.80 throw=3.80m table_len=0.80m | magnification 2.1x–3.8x
[shard 0] n_dof=30 arm_gap=0.2
[shard 0] variant=staged+use_voronoi_warmstart=false
[shard 0] wrote /home/souju/dev/umbra-bench-grounded/optimized/aimed-start-probe10/no_aimed-tiny-n5/BUDGET.md
[staged] Popsize: per-robot phases=32  final=16  (theory optimum for 6 DOF = 10)

[staged] Hungarian pre-assignment  (5×5 cost matrix, 8 samples/entry = 200 renders)...
[staged]   robot_a → zone 3  robot_b → zone 1  robot_c → zone 4  robot_d → zone 2  robot_e → zone 0

[staged] Phase 1 — forward greedy  (4 iters × 5 robot(s), sigma=0.40×1.00, popsize=32)
[staged]   Ph1 robot a  zone 3  (uncovered: 13% of target)
    [parallel] 10 worker threads, one renderer clone each
    init sampling: best coverage score 469.0px of uncovered area  (16 samples)
[staged]   → robot a: IoU 0.208 → 0.469  ✓
    ↑ new global best IoU 0.469  [phase Ph1 robot a]
[staged]   Ph1 robot b  zone 1  (uncovered: 11% of target)
    [parallel] 10 worker threads, one renderer clone each
    init sampling: best coverage score 217.0px of uncovered area  (16 samples)
[staged]   → robot b: IoU 0.469 → 0.585  ✓
    ↑ new global best IoU 0.585  [phase Ph1 robot b]
[staged]   Ph1 robot c  zone 4  (uncovered: 3% of target)
    [parallel] 10 worker threads, one renderer clone each
    init sampling: best coverage score 62.0px of uncovered area  (16 samples)
[staged]   → robot c: IoU 0.585 → 0.614  ✓
    ↑ new global best IoU 0.614  [phase Ph1 robot c]
[staged]   Ph1 robot d  zone 2  (uncovered: 10% of target)
    [parallel] 10 worker threads, one renderer clone each
    init sampling: best coverage score 121.0px of uncovered area  (16 samples)
[staged]   → robot d: IoU 0.614 → 0.669  ✓
    ↑ new global best IoU 0.669  [phase Ph1 robot d]
[staged]   Ph1 robot e  zone 0  (uncovered: 1% of target)
    [parallel] 10 worker threads, one renderer clone each
    init sampling: best coverage score 27.0px of uncovered area  (16 samples)
[staged]   → robot e: IoU 0.669 → 0.670  ✓
    ↑ new global best IoU 0.670  [phase Ph1 robot e]
[staged] Phase 1 done — composite IoU: 0.670

[staged] Phase 2 — backward pass  (4 iters × 5 robots, sigma=0.300)
[staged]   contributions before Phase 2:
[staged]     robot a: +0.097 IoU
[staged]     robot b: +0.053 IoU
[staged]     robot c: +0.028 IoU  ← low
[staged]     robot d: +0.067 IoU
[staged]     robot e: +0.001 IoU  ← low
[staged]   Ph2 robot e  zone 0  (uncovered: 14% of target)
    [parallel] 10 worker threads, one renderer clone each
    init sampling: best coverage score 56.0px of uncovered area  (16 samples)
[staged]   → robot e: IoU 0.670 → 0.688  ✓
    ↑ new global best IoU 0.688  [phase Ph2 robot e]
[staged]   Ph2 robot d  zone 2  (uncovered: 20% of target)
    [parallel] 10 worker threads, one renderer clone each
    init sampling: best coverage score 88.0px of uncovered area  (16 samples)
[staged]   → robot d: candidate 0.661 < current 0.688  ✗ rejected
[staged]   Ph2 robot c  zone 4  (uncovered: 16% of target)
    [parallel] 10 worker threads, one renderer clone each
    init sampling: best coverage score 255.0px of uncovered area  (16 samples)
[staged]   → robot c: IoU 0.688 → 0.700  ✓
    ↑ new global best IoU 0.700  [phase Ph2 robot c]
[staged]   Ph2 robot b  zone 1  (uncovered: 26% of target)
    [parallel] 10 worker threads, one renderer clone each
    init sampling: best coverage score 382.0px of uncovered area  (16 samples)
[staged]   → robot b: candidate 0.684 < current 0.700  ✗ rejected
[staged]   Ph2 robot a  zone 3  (uncovered: 23% of target)
    [parallel] 10 worker threads, one renderer clone each
    init sampling: best coverage score 364.0px of uncovered area  (16 samples)
[staged]   → robot a: candidate 0.677 < current 0.700  ✗ rejected
[staged] Phase 2 done — composite IoU: 0.700

[staged] Best snapshot: Phase 2  IoU=0.700
[staged] Manifold final pass — computing Jacobian  (ε=0.020, 60 renders)
[staged] Manifold basis: k=8D / 30D  (variance≥85%, top eigenvalues: ['600108.19', '208013.62', '166839.34', '107225.30', '60874.07'])
    ↑ new global best IoU 0.700  [manifold final pass]
[staged] Manifold done — IoU: 0.700  (Δ=+0.000)  ✓
[staged] FD refinement — 5 Adam steps  (300 renders, lr=0.01, ε=0.02)
    ↑ new global best IoU 0.722  [FD refinement]
[staged] FD done — IoU: 0.722  (Δ=+0.022)  ✓
[staged] Done — final IoU: 0.722  loss: 0.2801
[staged] Popsize: per-robot phases=32  final=16  (theory optimum for 6 DOF = 10)

[staged] Hungarian pre-assignment  (5×5 cost matrix, 8 samples/entry = 200 renders)...
[staged]   robot_a → zone 0  robot_b → zone 1  robot_c → zone 3  robot_d → zone 4  robot_e → zone 2

[staged] Phase 1 — forward greedy  (4 iters × 5 robot(s), sigma=0.40×1.00, popsize=32)
[staged]   Ph1 robot a  zone 0  (uncovered: 14% of target)
    [parallel] 10 worker threads, one renderer clone each
    init sampling: best coverage score 335.0px of uncovered area  (16 samples)
[staged]   → robot a: IoU 0.208 → 0.443  ✓
    ↑ new global best IoU 0.443  [phase Ph1 robot a]
[staged]   Ph1 robot b  zone 1  (uncovered: 9% of target)
    [parallel] 10 worker threads, one renderer clone each
    init sampling: best coverage score 207.0px of uncovered area  (16 samples)
[staged]   → robot b: IoU 0.443 → 0.511  ✓
    ↑ new global best IoU 0.511  [phase Ph1 robot b]
[staged]   Ph1 robot c  zone 3  (uncovered: 4% of target)
    [parallel] 10 worker threads, one renderer clone each
    init sampling: best coverage score 116.0px of uncovered area  (16 samples)
[staged]   → robot c: IoU 0.511 → 0.581  ✓
    ↑ new global best IoU 0.581  [phase Ph1 robot c]
[staged]   Ph1 robot d  zone 4  (uncovered: 6% of target)
    [parallel] 10 worker threads, one renderer clone each
    init sampling: best coverage score 119.0px of uncovered area  (16 samples)
[staged]   → robot d: IoU 0.581 → 0.629  ✓
    ↑ new global best IoU 0.629  [phase Ph1 robot d]
[staged]   Ph1 robot e  zone 2  (uncovered: 5% of target)
    [parallel] 10 worker threads, one renderer clone each
    init sampling: best coverage score 200.0px of uncovered area  (16 samples)
[staged]   → robot e: IoU 0.629 → 0.676  ✓
    ↑ new global best IoU 0.676  [phase Ph1 robot e]
[staged] Phase 1 done — composite IoU: 0.676

[staged] Phase 2 — backward pass  (4 iters × 5 robots, sigma=0.300)
[staged]   contributions before Phase 2:
[staged]     robot a: +0.056 IoU
[staged]     robot b: +0.079 IoU
[staged]     robot c: +0.085 IoU
[staged]     robot d: +0.063 IoU
[staged]     robot e: +0.047 IoU  ← low
[staged]   Ph2 robot e  zone 2  (uncovered: 21% of target)
    [parallel] 10 worker threads, one renderer clone each
    init sampling: best coverage score 306.0px of uncovered area  (16 samples)
[staged]   → robot e: IoU 0.676 → 0.686  ✓
    ↑ new global best IoU 0.686  [phase Ph2 robot e]
[staged]   Ph2 robot d  zone 4  (uncovered: 21% of target)
    [parallel] 10 worker threads, one renderer clone each
    init sampling: best coverage score 208.0px of uncovered area  (16 samples)
[staged]   → robot d: candidate 0.671 < current 0.686  ✗ rejected
[staged]   Ph2 robot c  zone 3  (uncovered: 24% of target)
    [parallel] 10 worker threads, one renderer clone each
    init sampling: best coverage score 178.0px of uncovered area  (16 samples)
[staged]   → robot c: candidate 0.671 < current 0.686  ✗ rejected
[staged]   Ph2 robot b  zone 1  (uncovered: 24% of target)
    [parallel] 10 worker threads, one renderer clone each
    init sampling: best coverage score 457.0px of uncovered area  (16 samples)
[staged]   → robot b: candidate 0.665 < current 0.686  ✗ rejected
[staged]   Ph2 robot a  zone 0  (uncovered: 20% of target)
    [parallel] 10 worker threads, one renderer clone each
    init sampling: best coverage score 331.0px of uncovered area  (16 samples)
[staged]   → robot a: IoU 0.686 → 0.716  ✓
    ↑ new global best IoU 0.716  [phase Ph2 robot a]
[staged] Phase 2 done — composite IoU: 0.716

[staged] Best snapshot: Phase 2  IoU=0.716
[staged] Manifold final pass — computing Jacobian  (ε=0.020, 60 renders)
[staged] Manifold basis: k=11D / 30D  (variance≥85%, top eigenvalues: ['390655.31', '228112.98', '194558.56', '143075.95', '108371.31'])
[staged] Manifold did not improve (0.691 vs 0.716), keeping best snapshot
[staged] FD refinement — 5 Adam steps  (300 renders, lr=0.01, ε=0.02)
    ↑ new global best IoU 0.737  [FD refinement]
[staged] FD done — IoU: 0.737  (Δ=+0.020)  ✓
[staged] Done — final IoU: 0.737  loss: 0.2644
[staged] Popsize: per-robot phases=32  final=16  (theory optimum for 6 DOF = 10)

[staged] Hungarian pre-assignment  (5×5 cost matrix, 8 samples/entry = 200 renders)...
[staged]   robot_a → zone 1  robot_b → zone 2  robot_c → zone 0  robot_d → zone 4  robot_e → zone 3

[staged] Phase 1 — forward greedy  (4 iters × 5 robot(s), sigma=0.40×1.00, popsize=32)
[staged]   Ph1 robot a  zone 1  (uncovered: 17% of target)
    [parallel] 10 worker threads, one renderer clone each
    init sampling: best coverage score 450.0px of uncovered area  (16 samples)
[staged]   → robot a: IoU 0.208 → 0.466  ✓
    ↑ new global best IoU 0.466  [phase Ph1 robot a]
[staged]   Ph1 robot b  zone 2  (uncovered: 13% of target)
    [parallel] 10 worker threads, one renderer clone each
    init sampling: best coverage score 274.0px of uncovered area  (16 samples)
[staged]   → robot b: IoU 0.466 → 0.549  ✓
    ↑ new global best IoU 0.549  [phase Ph1 robot b]
[staged]   Ph1 robot c  zone 0  (uncovered: 5% of target)
    [parallel] 10 worker threads, one renderer clone each
    init sampling: best coverage score 218.0px of uncovered area  (16 samples)
[staged]   → robot c: IoU 0.549 → 0.571  ✓
    ↑ new global best IoU 0.571  [phase Ph1 robot c]
[staged]   Ph1 robot d  zone 4  (uncovered: 2% of target)
    [parallel] 10 worker threads, one renderer clone each
    init sampling: best coverage score 16.0px of uncovered area  (16 samples)
[staged]   → robot d: IoU 0.571 → 0.603  ✓
    ↑ new global best IoU 0.603  [phase Ph1 robot d]
[staged]   Ph1 robot e  zone 3  (uncovered: 4% of target)
    [parallel] 10 worker threads, one renderer clone each
    init sampling: best coverage score 31.0px of uncovered area  (16 samples)
[staged]   → robot e: IoU 0.603 → 0.631  ✓
    ↑ new global best IoU 0.631  [phase Ph1 robot e]
[staged] Phase 1 done — composite IoU: 0.631

[staged] Phase 2 — backward pass  (4 iters × 5 robots, sigma=0.300)
[staged]   contributions before Phase 2:
[staged]     robot a: +0.124 IoU
[staged]     robot b: +0.076 IoU
[staged]     robot c: +0.038 IoU  ← low
[staged]     robot d: +0.044 IoU  ← low
[staged]     robot e: +0.028 IoU  ← low
[staged]   Ph2 robot e  zone 3  (uncovered: 22% of target)
    [parallel] 10 worker threads, one renderer clone each
    init sampling: best coverage score 182.0px of uncovered area  (16 samples)
[staged]   → robot e: IoU 0.631 → 0.641  ✓
    ↑ new global best IoU 0.641  [phase Ph2 robot e]
[staged]   Ph2 robot d  zone 4  (uncovered: 23% of target)
    [parallel] 10 worker threads, one renderer clone each
    init sampling: best coverage score 219.0px of uncovered area  (16 samples)
[staged]   → robot d: IoU 0.641 → 0.653  ✓
    ↑ new global best IoU 0.653  [phase Ph2 robot d]
[staged]   Ph2 robot c  zone 0  (uncovered: 20% of target)
    [parallel] 10 worker threads, one renderer clone each
    init sampling: best coverage score 155.0px of uncovered area  (16 samples)
[staged]   → robot c: IoU 0.653 → 0.654  ✓
    ↑ new global best IoU 0.654  [phase Ph2 robot c]
[staged]   Ph2 robot b  zone 2  (uncovered: 33% of target)
    [parallel] 10 worker threads, one renderer clone each
    init sampling: best coverage score 502.0px of uncovered area  (16 samples)
[staged]   → robot b: candidate 0.631 < current 0.654  ✗ rejected
[staged]   Ph2 robot a  zone 1  (uncovered: 31% of target)
    [parallel] 10 worker threads, one renderer clone each
    init sampling: best coverage score 710.0px of uncovered area  (16 samples)
[staged]   → robot a: IoU 0.654 → 0.682  ✓
    ↑ new global best IoU 0.682  [phase Ph2 robot a]
[staged] Phase 2 done — composite IoU: 0.682

[staged] Best snapshot: Phase 2  IoU=0.682
[staged] Manifold final pass — computing Jacobian  (ε=0.020, 60 renders)
[staged] Manifold basis: k=10D / 30D  (variance≥85%, top eigenvalues: ['537347.44', '198365.94', '100059.20', '82672.83', '64618.87'])
[staged] Manifold did not improve (0.651 vs 0.682), keeping best snapshot
[staged] FD refinement — 5 Adam steps  (300 renders, lr=0.01, ε=0.02)
    ↑ new global best IoU 0.694  [FD refinement]
[staged] FD done — IoU: 0.694  (Δ=+0.012)  ✓
[staged] Done — final IoU: 0.694  loss: 0.3069
[staged] Popsize: per-robot phases=32  final=16  (theory optimum for 6 DOF = 10)

[staged] Hungarian pre-assignment  (5×5 cost matrix, 8 samples/entry = 200 renders)...
[staged]   robot_a → zone 2  robot_b → zone 3  robot_c → zone 4  robot_d → zone 1  robot_e → zone 0

[staged] Phase 1 — forward greedy  (4 iters × 5 robot(s), sigma=0.40×1.00, popsize=32)
[staged]   Ph1 robot a  zone 2  (uncovered: 20% of target)
    [parallel] 10 worker threads, one renderer clone each
    init sampling: best coverage score 601.0px of uncovered area  (16 samples)
[staged]   → robot a: IoU 0.208 → 0.419  ✓
    ↑ new global best IoU 0.419  [phase Ph1 robot a]
[staged]   Ph1 robot b  zone 3  (uncovered: 9% of target)
    [parallel] 10 worker threads, one renderer clone each
    init sampling: best coverage score 179.0px of uncovered area  (16 samples)
[staged]   → robot b: IoU 0.419 → 0.492  ✓
    ↑ new global best IoU 0.492  [phase Ph1 robot b]
[staged]   Ph1 robot c  zone 4  (uncovered: 2% of target)
    [parallel] 10 worker threads, one renderer clone each
    init sampling: best coverage score 42.0px of uncovered area  (16 samples)
[staged]   → robot c: IoU 0.492 → 0.530  ✓
    ↑ new global best IoU 0.530  [phase Ph1 robot c]
[staged]   Ph1 robot d  zone 1  (uncovered: 7% of target)
    [parallel] 10 worker threads, one renderer clone each
    init sampling: best coverage score 201.0px of uncovered area  (16 samples)
[staged]   → robot d: IoU 0.530 → 0.566  ✓
    ↑ new global best IoU 0.566  [phase Ph1 robot d]
[staged]   Ph1 robot e  zone 0  (uncovered: 2% of target)
    [parallel] 10 worker threads, one renderer clone each
    init sampling: best coverage score 48.0px of uncovered area  (16 samples)
[staged]   → robot e: IoU 0.566 → 0.590  ✓
    ↑ new global best IoU 0.590  [phase Ph1 robot e]
[staged] Phase 1 done — composite IoU: 0.590

[staged] Phase 2 — backward pass  (4 iters × 5 robots, sigma=0.300)
[staged]   contributions before Phase 2:
[staged]     robot a: +0.172 IoU
[staged]     robot b: +0.069 IoU
[staged]     robot c: +0.057 IoU
[staged]     robot d: +0.033 IoU  ← low
[staged]     robot e: +0.025 IoU  ← low
[staged]   Ph2 robot e  zone 0  (uncovered: 23% of target)
    [parallel] 10 worker threads, one renderer clone each
    init sampling: best coverage score 90.0px of uncovered area  (16 samples)
[staged]   → robot e: candidate 0.586 < current 0.590  ✗ rejected
[staged]   Ph2 robot d  zone 1  (uncovered: 24% of target)
    [parallel] 10 worker threads, one renderer clone each
    init sampling: best coverage score 189.0px of uncovered area  (16 samples)
[staged]   → robot d: candidate 0.580 < current 0.590  ✗ rejected
[staged]   Ph2 robot c  zone 4  (uncovered: 29% of target)
    [parallel] 10 worker threads, one renderer clone each
    init sampling: best coverage score 241.0px of uncovered area  (16 samples)
[staged]   → robot c: candidate 0.564 < current 0.590  ✗ rejected
[staged]   Ph2 robot b  zone 3  (uncovered: 33% of target)
    [parallel] 10 worker threads, one renderer clone each
    init sampling: best coverage score 486.0px of uncovered area  (16 samples)
[staged]   → robot b: IoU 0.590 → 0.594  ✓
    ↑ new global best IoU 0.594  [phase Ph2 robot b]
[staged]   Ph2 robot a  zone 2  (uncovered: 45% of target)
    [parallel] 10 worker threads, one renderer clone each
    init sampling: best coverage score 1125.0px of uncovered area  (16 samples)
[staged]   → robot a: IoU 0.594 → 0.641  ✓
    ↑ new global best IoU 0.641  [phase Ph2 robot a]
[staged] Phase 2 done — composite IoU: 0.641

[staged] Best snapshot: Phase 2  IoU=0.641
[staged] Manifold final pass — computing Jacobian  (ε=0.020, 60 renders)
[staged] Manifold basis: k=7D / 30D  (variance≥85%, top eigenvalues: ['408453.22', '205317.75', '176224.58', '80437.98', '62312.45'])
    ↑ new global best IoU 0.666  [manifold final pass]
[staged] Manifold done — IoU: 0.666  (Δ=+0.025)  ✓
[staged] FD refinement — 5 Adam steps  (300 renders, lr=0.01, ε=0.02)
    ↑ new global best IoU 0.689  [FD refinement]
[staged] FD done — IoU: 0.689  (Δ=+0.023)  ✓
[staged] Done — final IoU: 0.689  loss: 0.3119
[staged] Popsize: per-robot phases=32  final=16  (theory optimum for 6 DOF = 10)

[staged] Hungarian pre-assignment  (5×5 cost matrix, 8 samples/entry = 200 renders)...
[staged]   robot_a → zone 3  robot_b → zone 4  robot_c → zone 1  robot_d → zone 2  robot_e → zone 0

[staged] Phase 1 — forward greedy  (4 iters × 5 robot(s), sigma=0.40×1.00, popsize=32)
[staged]   Ph1 robot a  zone 3  (uncovered: 26% of target)
    [parallel] 10 worker threads, one renderer clone each
    init sampling: best coverage score 1156.0px of uncovered area  (16 samples)
[staged]   → robot a: IoU 0.208 → 0.489  ✓
    ↑ new global best IoU 0.489  [phase Ph1 robot a]
[staged]   Ph1 robot b  zone 4  (uncovered: 13% of target)
    [parallel] 10 worker threads, one renderer clone each
    init sampling: best coverage score 300.0px of uncovered area  (16 samples)
[staged]   → robot b: candidate 0.480 < current 0.489  ✗ rejected
[staged]   Ph1 robot c  zone 1  (uncovered: 4% of target)
    [parallel] 10 worker threads, one renderer clone each
    init sampling: best coverage score 123.0px of uncovered area  (16 samples)
[staged]   → robot c: IoU 0.489 → 0.544  ✓
    ↑ new global best IoU 0.544  [phase Ph1 robot c]
[staged]   Ph1 robot d  zone 2  (uncovered: 7% of target)
    [parallel] 10 worker threads, one renderer clone each
    init sampling: best coverage score 26.0px of uncovered area  (16 samples)
[staged]   → robot d: IoU 0.544 → 0.571  ✓
    ↑ new global best IoU 0.571  [phase Ph1 robot d]
[staged]   Ph1 robot e  zone 0  (uncovered: 3% of target)
    [parallel] 10 worker threads, one renderer clone each
    init sampling: best coverage score 38.0px of uncovered area  (16 samples)
[staged]   → robot e: IoU 0.571 → 0.598  ✓
    ↑ new global best IoU 0.598  [phase Ph1 robot e]
[staged] Phase 1 done — composite IoU: 0.598

[staged] Phase 2 — backward pass  (4 iters × 5 robots, sigma=0.300)
[staged]   contributions before Phase 2:
[staged]     robot a: +0.201 IoU
[staged]     robot b: +0.000 IoU  ← low
[staged]     robot c: +0.054 IoU
[staged]     robot d: +0.035 IoU  ← low
[staged]     robot e: +0.026 IoU  ← low
[staged]   Ph2 robot e  zone 0  (uncovered: 24% of target)
    [parallel] 10 worker threads, one renderer clone each
    init sampling: best coverage score 332.0px of uncovered area  (16 samples)
[staged]   → robot e: IoU 0.598 → 0.623  ✓
    ↑ new global best IoU 0.623  [phase Ph2 robot e]
[staged]   Ph2 robot d  zone 2  (uncovered: 24% of target)
    [parallel] 10 worker threads, one renderer clone each
    init sampling: best coverage score 184.0px of uncovered area  (16 samples)
[staged]   → robot d: IoU 0.623 → 0.638  ✓
    ↑ new global best IoU 0.638  [phase Ph2 robot d]
[staged]   Ph2 robot c  zone 1  (uncovered: 28% of target)
    [parallel] 10 worker threads, one renderer clone each
    init sampling: best coverage score 336.0px of uncovered area  (16 samples)
[staged]   → robot c: IoU 0.638 → 0.647  ✓
    ↑ new global best IoU 0.647  [phase Ph2 robot c]
[staged]   Ph2 robot b  zone 4  (uncovered: 16% of target)
    [parallel] 10 worker threads, one renderer clone each
    init sampling: best coverage score 250.0px of uncovered area  (16 samples)
[staged]   → robot b: IoU 0.647 → 0.713  ✓
    ↑ new global best IoU 0.713  [phase Ph2 robot b]
[staged]   Ph2 robot a  zone 3  (uncovered: 30% of target)
    [parallel] 10 worker threads, one renderer clone each
    init sampling: best coverage score 808.0px of uncovered area  (16 samples)
[staged]   → robot a: candidate 0.698 < current 0.713  ✗ rejected
[staged] Phase 2 done — composite IoU: 0.713

[staged] Best snapshot: Phase 2  IoU=0.713
[staged] Manifold final pass — computing Jacobian  (ε=0.020, 60 renders)
[staged] Manifold basis: k=8D / 30D  (variance≥85%, top eigenvalues: ['544689.00', '279413.28', '244814.33', '231913.69', '154356.72'])
[staged] Manifold did not improve (0.642 vs 0.713), keeping best snapshot
[staged] FD refinement — 5 Adam steps  (300 renders, lr=0.01, ε=0.02)
    ↑ new global best IoU 0.725  [FD refinement]
[staged] FD done — IoU: 0.725  (Δ=+0.012)  ✓
[staged] Done — final IoU: 0.725  loss: 0.2768
[shard 0] 1/10 letters_upper/E_dejavusans-bold  best=0.737 mean=0.713±0.018  120s  eta 0.3h
[staged] Popsize: per-robot phases=32  final=16  (theory optimum for 6 DOF = 10)

[staged] Hungarian pre-assignment  (5×5 cost matrix, 8 samples/entry = 200 renders)...
[staged]   robot_a → zone 3  robot_b → zone 4  robot_c → zone 1  robot_d → zone 0  robot_e → zone 2

[staged] Phase 1 — forward greedy  (4 iters × 5 robot(s), sigma=0.40×1.00, popsize=32)
[staged]   Ph1 robot a  zone 3  (uncovered: 17% of target)
    [parallel] 10 worker threads, one renderer clone each
    init sampling: best coverage score 275.0px of uncovered area  (16 samples)
[staged]   → robot a: IoU 0.195 → 0.386  ✓
    ↑ new global best IoU 0.386  [phase Ph1 robot a]
[staged]   Ph1 robot b  zone 4  (uncovered: 20% of target)
    [parallel] 10 worker threads, one renderer clone each
    init sampling: best coverage score 647.0px of uncovered area  (16 samples)
[staged]   → robot b: IoU 0.386 → 0.487  ✓
    ↑ new global best IoU 0.487  [phase Ph1 robot b]
[staged]   Ph1 robot c  zone 1  (uncovered: 6% of target)
    [parallel] 10 worker threads, one renderer clone each
    init sampling: best coverage score 124.0px of uncovered area  (16 samples)
[staged]   → robot c: IoU 0.487 → 0.496  ✓
    ↑ new global best IoU 0.496  [phase Ph1 robot c]
[staged]   Ph1 robot d  zone 0  (uncovered: 2% of target)
    [parallel] 10 worker threads, one renderer clone each
    init sampling: best coverage score 77.0px of uncovered area  (16 samples)
[staged]   → robot d: IoU 0.496 → 0.548  ✓
    ↑ new global best IoU 0.548  [phase Ph1 robot d]
[staged]   Ph1 robot e  zone 2  (uncovered: 7% of target)
    [parallel] 10 worker threads, one renderer clone each
    init sampling: best coverage score 31.0px of uncovered area  (16 samples)
[staged]   → robot e: IoU 0.548 → 0.576  ✓
    ↑ new global best IoU 0.576  [phase Ph1 robot e]
[staged] Phase 1 done — composite IoU: 0.576

[staged] Phase 2 — backward pass  (4 iters × 5 robots, sigma=0.300)
[staged]   contributions before Phase 2:
[staged]     robot a: +0.138 IoU
[staged]     robot b: +0.063 IoU
[staged]     robot c: +0.016 IoU  ← low
[staged]     robot d: +0.059 IoU
[staged]     robot e: +0.028 IoU  ← low
[staged]   Ph2 robot e  zone 2  (uncovered: 18% of target)
    [parallel] 10 worker threads, one renderer clone each
    init sampling: best coverage score 123.0px of uncovered area  (16 samples)
[staged]   → robot e: candidate 0.573 < current 0.576  ✗ rejected
[staged]   Ph2 robot d  zone 0  (uncovered: 23% of target)
    [parallel] 10 worker threads, one renderer clone each
    init sampling: best coverage score 104.0px of uncovered area  (16 samples)
[staged]   → robot d: candidate 0.569 < current 0.576  ✗ rejected
[staged]   Ph2 robot c  zone 1  (uncovered: 18% of target)
    [parallel] 10 worker threads, one renderer clone each
    init sampling: best coverage score 264.0px of uncovered area  (16 samples)
[staged]   → robot c: IoU 0.576 → 0.614  ✓
    ↑ new global best IoU 0.614  [phase Ph2 robot c]
[staged]   Ph2 robot b  zone 4  (uncovered: 25% of target)
    [parallel] 10 worker threads, one renderer clone each
    init sampling: best coverage score 180.0px of uncovered area  (16 samples)
[staged]   → robot b: candidate 0.588 < current 0.614  ✗ rejected
[staged]   Ph2 robot a  zone 3  (uncovered: 38% of target)
    [parallel] 10 worker threads, one renderer clone each
    init sampling: best coverage score 99.0px of uncovered area  (16 samples)
[staged]   → robot a: candidate 0.573 < current 0.614  ✗ rejected
[staged] Phase 2 done — composite IoU: 0.614

[staged] Best snapshot: Phase 2  IoU=0.614
[staged] Manifold final pass — computing Jacobian  (ε=0.020, 60 renders)
[staged] Manifold basis: k=8D / 30D  (variance≥85%, top eigenvalues: ['411932.25', '297440.53', '243185.59', '234413.20', '89049.16'])
[staged] Manifold did not improve (0.602 vs 0.614), keeping best snapshot
[staged] FD refinement — 5 Adam steps  (300 renders, lr=0.01, ε=0.02)
    ↑ new global best IoU 0.632  [FD refinement]
[staged] FD done — IoU: 0.632  (Δ=+0.018)  ✓
[staged] Done — final IoU: 0.632  loss: 0.3711
[staged] Popsize: per-robot phases=32  final=16  (theory optimum for 6 DOF = 10)

[staged] Hungarian pre-assignment  (5×5 cost matrix, 8 samples/entry = 200 renders)...
[staged]   robot_a → zone 0  robot_b → zone 4  robot_c → zone 1  robot_d → zone 2  robot_e → zone 3

[staged] Phase 1 — forward greedy  (4 iters × 5 robot(s), sigma=0.40×1.00, popsize=32)
[staged]   Ph1 robot a  zone 0  (uncovered: 23% of target)
    [parallel] 10 worker threads, one renderer clone each
    init sampling: best coverage score 252.0px of uncovered area  (16 samples)
[staged]   → robot a: IoU 0.195 → 0.394  ✓
    ↑ new global best IoU 0.394  [phase Ph1 robot a]
[staged]   Ph1 robot b  zone 4  (uncovered: 16% of target)
    [parallel] 10 worker threads, one renderer clone each
    init sampling: best coverage score 211.0px of uncovered area  (16 samples)
[staged]   → robot b: IoU 0.394 → 0.486  ✓
    ↑ new global best IoU 0.486  [phase Ph1 robot b]
[staged]   Ph1 robot c  zone 1  (uncovered: 7% of target)
    [parallel] 10 worker threads, one renderer clone each
    init sampling: best coverage score 230.0px of uncovered area  (16 samples)
[staged]   → robot c: IoU 0.486 → 0.509  ✓
    ↑ new global best IoU 0.509  [phase Ph1 robot c]
[staged]   Ph1 robot d  zone 2  (uncovered: 10% of target)
    [parallel] 10 worker threads, one renderer clone each
    init sampling: best coverage score 389.0px of uncovered area  (16 samples)
[staged]   → robot d: IoU 0.509 → 0.581  ✓
    ↑ new global best IoU 0.581  [phase Ph1 robot d]
[staged]   Ph1 robot e  zone 3  (uncovered: 2% of target)
    [parallel] 10 worker threads, one renderer clone each
    init sampling: best coverage score 23.0px of uncovered area  (16 samples)
[staged]   → robot e: IoU 0.581 → 0.611  ✓
    ↑ new global best IoU 0.611  [phase Ph1 robot e]
[staged] Phase 1 done — composite IoU: 0.611

[staged] Phase 2 — backward pass  (4 iters × 5 robots, sigma=0.300)
[staged]   contributions before Phase 2:
[staged]     robot a: +0.130 IoU
[staged]     robot b: +0.137 IoU
[staged]     robot c: +0.007 IoU  ← low
[staged]     robot d: +0.077 IoU
[staged]     robot e: +0.030 IoU  ← low
[staged]   Ph2 robot e  zone 3  (uncovered: 17% of target)
    [parallel] 10 worker threads, one renderer clone each
    init sampling: best coverage score 223.0px of uncovered area  (16 samples)
[staged]   → robot e: IoU 0.611 → 0.615  ✓
    ↑ new global best IoU 0.615  [phase Ph2 robot e]
[staged]   Ph2 robot d  zone 2  (uncovered: 22% of target)
    [parallel] 10 worker threads, one renderer clone each
    init sampling: best coverage score 441.0px of uncovered area  (16 samples)
[staged]   → robot d: candidate 0.612 < current 0.615  ✗ rejected
[staged]   Ph2 robot c  zone 1  (uncovered: 19% of target)
    [parallel] 10 worker threads, one renderer clone each
    init sampling: best coverage score 177.0px of uncovered area  (16 samples)
[staged]   → robot c: candidate 0.604 < current 0.615  ✗ rejected
[staged]   Ph2 robot b  zone 4  (uncovered: 31% of target)
    [parallel] 10 worker threads, one renderer clone each
    init sampling: best coverage score 661.0px of uncovered area  (16 samples)
[staged]   → robot b: candidate 0.611 < current 0.615  ✗ rejected
[staged]   Ph2 robot a  zone 0  (uncovered: 32% of target)
    [parallel] 10 worker threads, one renderer clone each
    init sampling: best coverage score 204.0px of uncovered area  (16 samples)
[staged]   → robot a: candidate 0.549 < current 0.615  ✗ rejected
[staged] Phase 2 done — composite IoU: 0.615

[staged] Best snapshot: Phase 2  IoU=0.615
[staged] Manifold final pass — computing Jacobian  (ε=0.020, 60 renders)
[staged] Manifold basis: k=9D / 30D  (variance≥85%, top eigenvalues: ['446875.00', '433829.56', '190019.52', '127197.56', '61162.37'])
[staged] Manifold did not improve (0.598 vs 0.615), keeping best snapshot
[staged] FD refinement — 5 Adam steps  (300 renders, lr=0.01, ε=0.02)
    ↑ new global best IoU 0.624  [FD refinement]
[staged] FD done — IoU: 0.624  (Δ=+0.009)  ✓
[staged] Done — final IoU: 0.624  loss: 0.3790
[staged] Popsize: per-robot phases=32  final=16  (theory optimum for 6 DOF = 10)

[staged] Hungarian pre-assignment  (5×5 cost matrix, 8 samples/entry = 200 renders)...
[staged]   robot_a → zone 2  robot_b → zone 4  robot_c → zone 0  robot_d → zone 1  robot_e → zone 3

[staged] Phase 1 — forward greedy  (4 iters × 5 robot(s), sigma=0.40×1.00, popsize=32)
[staged]   Ph1 robot a  zone 2  (uncovered: 23% of target)
    [parallel] 10 worker threads, one renderer clone each
    init sampling: best coverage score 27.0px of uncovered area  (16 samples)
[staged]   → robot a: IoU 0.195 → 0.374  ✓
    ↑ new global best IoU 0.374  [phase Ph1 robot a]
[staged]   Ph1 robot b  zone 4  (uncovered: 7% of target)
    [parallel] 10 worker threads, one renderer clone each
    init sampling: best coverage score 337.0px of uncovered area  (16 samples)
[staged]   → robot b: IoU 0.374 → 0.451  ✓
    ↑ new global best IoU 0.451  [phase Ph1 robot b]
[staged]   Ph1 robot c  zone 0  (uncovered: 8% of target)
    [parallel] 10 worker threads, one renderer clone each
    init sampling: best coverage score 228.0px of uncovered area  (16 samples)
[staged]   → robot c: IoU 0.451 → 0.471  ✓
    ↑ new global best IoU 0.471  [phase Ph1 robot c]
[staged]   Ph1 robot d  zone 1  (uncovered: 3% of target)
    [parallel] 10 worker threads, one renderer clone each
    init sampling: best coverage score 60.0px of uncovered area  (16 samples)
[staged]   → robot d: IoU 0.471 → 0.498  ✓
    ↑ new global best IoU 0.498  [phase Ph1 robot d]
[staged]   Ph1 robot e  zone 3  (uncovered: 3% of target)
    [parallel] 10 worker threads, one renderer clone each
    init sampling: best coverage score 42.0px of uncovered area  (16 samples)
[staged]   → robot e: IoU 0.498 → 0.542  ✓
    ↑ new global best IoU 0.542  [phase Ph1 robot e]
[staged] Phase 1 done — composite IoU: 0.542

[staged] Phase 2 — backward pass  (4 iters × 5 robots, sigma=0.300)
[staged]   contributions before Phase 2:
[staged]     robot a: +0.088 IoU
[staged]     robot b: +0.073 IoU
[staged]     robot c: +0.033 IoU  ← low
[staged]     robot d: +0.036 IoU  ← low
[staged]     robot e: +0.044 IoU  ← low
[staged]   Ph2 robot e  zone 3  (uncovered: 29% of target)
    [parallel] 10 worker threads, one renderer clone each
    init sampling: best coverage score 341.0px of uncovered area  (16 samples)
[staged]   → robot e: IoU 0.542 → 0.557  ✓
    ↑ new global best IoU 0.557  [phase Ph2 robot e]
[staged]   Ph2 robot d  zone 1  (uncovered: 23% of target)
    [parallel] 10 worker threads, one renderer clone each
    init sampling: best coverage score 247.0px of uncovered area  (16 samples)
[staged]   → robot d: IoU 0.557 → 0.567  ✓
    ↑ new global best IoU 0.567  [phase Ph2 robot d]
[staged]   Ph2 robot c  zone 0  (uncovered: 22% of target)
    [parallel] 10 worker threads, one renderer clone each
    init sampling: best coverage score 141.0px of uncovered area  (16 samples)
[staged]   → robot c: candidate 0.557 < current 0.567  ✗ rejected
[staged]   Ph2 robot b  zone 4  (uncovered: 35% of target)
    [parallel] 10 worker threads, one renderer clone each
    init sampling: best coverage score 595.0px of uncovered area  (16 samples)
[staged]   → robot b: IoU 0.567 → 0.575  ✓
    ↑ new global best IoU 0.575  [phase Ph2 robot b]
[staged]   Ph2 robot a  zone 2  (uncovered: 46% of target)
    [parallel] 10 worker threads, one renderer clone each
    init sampling: best coverage score 566.0px of uncovered area  (16 samples)
[staged]   → robot a: candidate 0.540 < current 0.575  ✗ rejected
[staged] Phase 2 done — composite IoU: 0.575

[staged] Best snapshot: Phase 2  IoU=0.575
[staged] Manifold final pass — computing Jacobian  (ε=0.020, 60 renders)
[staged] Manifold basis: k=9D / 30D  (variance≥85%, top eigenvalues: ['779701.62', '204236.59', '146103.41', '92469.86', '71386.92'])
[staged] Manifold did not improve (0.572 vs 0.575), keeping best snapshot
[staged] FD refinement — 5 Adam steps  (300 renders, lr=0.01, ε=0.02)
    ↑ new global best IoU 0.602  [FD refinement]
[staged] FD done — IoU: 0.602  (Δ=+0.028)  ✓
[staged] Done — final IoU: 0.602  loss: 0.4004
[staged] Popsize: per-robot phases=32  final=16  (theory optimum for 6 DOF = 10)

[staged] Hungarian pre-assignment  (5×5 cost matrix, 8 samples/entry = 200 renders)...
[staged]   robot_a → zone 4  robot_b → zone 1  robot_c → zone 0  robot_d → zone 3  robot_e → zone 2

[staged] Phase 1 — forward greedy  (4 iters × 5 robot(s), sigma=0.40×1.00, popsize=32)
[staged]   Ph1 robot a  zone 4  (uncovered: 24% of target)
    [parallel] 10 worker threads, one renderer clone each
    init sampling: best coverage score 490.0px of uncovered area  (16 samples)
[staged]   → robot a: IoU 0.195 → 0.409  ✓
    ↑ new global best IoU 0.409  [phase Ph1 robot a]
[staged]   Ph1 robot b  zone 1  (uncovered: 7% of target)
    [parallel] 10 worker threads, one renderer clone each
    init sampling: best coverage score 284.0px of uncovered area  (16 samples)
[staged]   → robot b: IoU 0.409 → 0.532  ✓
    ↑ new global best IoU 0.532  [phase Ph1 robot b]
[staged]   Ph1 robot c  zone 0  (uncovered: 10% of target)
    [parallel] 10 worker threads, one renderer clone each
    init sampling: best coverage score 299.0px of uncovered area  (16 samples)
[staged]   → robot c: IoU 0.532 → 0.569  ✓
    ↑ new global best IoU 0.569  [phase Ph1 robot c]
[staged]   Ph1 robot d  zone 3  (uncovered: 5% of target)
    [parallel] 10 worker threads, one renderer clone each
    init sampling: best coverage score 36.0px of uncovered area  (16 samples)
[staged]   → robot d: IoU 0.569 → 0.583  ✓
    ↑ new global best IoU 0.583  [phase Ph1 robot d]
[staged]   Ph1 robot e  zone 2  (uncovered: 0% of target)
    [parallel] 10 worker threads, one renderer clone each
    init sampling: best coverage score 11.0px of uncovered area  (16 samples)
[staged]   → robot e: IoU 0.583 → 0.591  ✓
    ↑ new global best IoU 0.591  [phase Ph1 robot e]
[staged] Phase 1 done — composite IoU: 0.591

[staged] Phase 2 — backward pass  (4 iters × 5 robots, sigma=0.300)
[staged]   contributions before Phase 2:
[staged]     robot a: +0.203 IoU
[staged]     robot b: +0.047 IoU  ← low
[staged]     robot c: +0.044 IoU  ← low
[staged]     robot d: +0.024 IoU  ← low
[staged]     robot e: +0.008 IoU  ← low
[staged]   Ph2 robot e  zone 2  (uncovered: 15% of target)
    [parallel] 10 worker threads, one renderer clone each
    init sampling: best coverage score 177.0px of uncovered area  (16 samples)
[staged]   → robot e: IoU 0.591 → 0.622  ✓
    ↑ new global best IoU 0.622  [phase Ph2 robot e]
[staged]   Ph2 robot d  zone 3  (uncovered: 14% of target)
    [parallel] 10 worker threads, one renderer clone each
    init sampling: best coverage score 95.0px of uncovered area  (16 samples)
[staged]   → robot d: IoU 0.622 → 0.637  ✓
    ↑ new global best IoU 0.637  [phase Ph2 robot d]
[staged]   Ph2 robot c  zone 0  (uncovered: 19% of target)
    [parallel] 10 worker threads, one renderer clone each
    init sampling: best coverage score 357.0px of uncovered area  (16 samples)
[staged]   → robot c: candidate 0.619 < current 0.637  ✗ rejected
[staged]   Ph2 robot b  zone 1  (uncovered: 27% of target)
    [parallel] 10 worker threads, one renderer clone each
    init sampling: best coverage score 321.0px of uncovered area  (16 samples)
[staged]   → robot b: candidate 0.615 < current 0.637  ✗ rejected
[staged]   Ph2 robot a  zone 4  (uncovered: 45% of target)
    [parallel] 10 worker threads, one renderer clone each
    init sampling: best coverage score 555.0px of uncovered area  (16 samples)
[staged]   → robot a: candidate 0.622 < current 0.637  ✗ rejected
[staged] Phase 2 done — composite IoU: 0.637

[staged] Best snapshot: Phase 2  IoU=0.637
[staged] Manifold final pass — computing Jacobian  (ε=0.020, 60 renders)
[staged] Manifold basis: k=9D / 30D  (variance≥85%, top eigenvalues: ['723832.94', '153369.03', '119714.31', '112025.88', '84934.41'])
[staged] Manifold did not improve (0.620 vs 0.637), keeping best snapshot
[staged] FD refinement — 5 Adam steps  (300 renders, lr=0.01, ε=0.02)
    ↑ new global best IoU 0.648  [FD refinement]
[staged] FD done — IoU: 0.648  (Δ=+0.011)  ✓
[staged] Done — final IoU: 0.648  loss: 0.3552
[staged] Popsize: per-robot phases=32  final=16  (theory optimum for 6 DOF = 10)

[staged] Hungarian pre-assignment  (5×5 cost matrix, 8 samples/entry = 200 renders)...
[staged]   robot_a → zone 3  robot_b → zone 0  robot_c → zone 4  robot_d → zone 2  robot_e → zone 1

[staged] Phase 1 — forward greedy  (4 iters × 5 robot(s), sigma=0.40×1.00, popsize=32)
[staged]   Ph1 robot a  zone 3  (uncovered: 19% of target)
    [parallel] 10 worker threads, one renderer clone each
    init sampling: best coverage score 591.0px of uncovered area  (16 samples)
[staged]   → robot a: IoU 0.195 → 0.342  ✓
    ↑ new global best IoU 0.342  [phase Ph1 robot a]
[staged]   Ph1 robot b  zone 0  (uncovered: 7% of target)
    [parallel] 10 worker threads, one renderer clone each
    init sampling: best coverage score 336.0px of uncovered area  (16 samples)
[staged]   → robot b: IoU 0.342 → 0.451  ✓
    ↑ new global best IoU 0.451  [phase Ph1 robot b]
[staged]   Ph1 robot c  zone 4  (uncovered: 7% of target)
    [parallel] 10 worker threads, one renderer clone each
    init sampling: best coverage score 4.0px of uncovered area  (16 samples)
[staged]   → robot c: IoU 0.451 → 0.505  ✓
    ↑ new global best IoU 0.505  [phase Ph1 robot c]
[staged]   Ph1 robot d  zone 2  (uncovered: 2% of target)
    [parallel] 10 worker threads, one renderer clone each
    init sampling: best coverage score 7.0px of uncovered area  (16 samples)
[staged]   → robot d: IoU 0.505 → 0.545  ✓
    ↑ new global best IoU 0.545  [phase Ph1 robot d]
[staged]   Ph1 robot e  zone 1  (uncovered: 4% of target)
    [parallel] 10 worker threads, one renderer clone each
    init sampling: best coverage score 72.0px of uncovered area  (16 samples)
[staged]   → robot e: IoU 0.545 → 0.569  ✓
    ↑ new global best IoU 0.569  [phase Ph1 robot e]
[staged] Phase 1 done — composite IoU: 0.569

[staged] Phase 2 — backward pass  (4 iters × 5 robots, sigma=0.300)
[staged]   contributions before Phase 2:
[staged]     robot a: +0.099 IoU
[staged]     robot b: +0.078 IoU
[staged]     robot c: +0.062 IoU
[staged]     robot d: +0.031 IoU  ← low
[staged]     robot e: +0.025 IoU  ← low
[staged]   Ph2 robot e  zone 1  (uncovered: 22% of target)
    [parallel] 10 worker threads, one renderer clone each
    init sampling: best coverage score 217.0px of uncovered area  (16 samples)
[staged]   → robot e: IoU 0.569 → 0.584  ✓
    ↑ new global best IoU 0.584  [phase Ph2 robot e]
[staged]   Ph2 robot d  zone 2  (uncovered: 23% of target)
    [parallel] 10 worker threads, one renderer clone each
    init sampling: best coverage score 270.0px of uncovered area  (16 samples)
[staged]   → robot d: IoU 0.584 → 0.587  ✓
    ↑ new global best IoU 0.587  [phase Ph2 robot d]
[staged]   Ph2 robot c  zone 4  (uncovered: 26% of target)
    [parallel] 10 worker threads, one renderer clone each
    init sampling: best coverage score 310.0px of uncovered area  (16 samples)
[staged]   → robot c: candidate 0.569 < current 0.587  ✗ rejected
[staged]   Ph2 robot b  zone 0  (uncovered: 31% of target)
    [parallel] 10 worker threads, one renderer clone each
    init sampling: best coverage score 274.0px of uncovered area  (16 samples)
[staged]   → robot b: candidate 0.572 < current 0.587  ✗ rejected
[staged]   Ph2 robot a  zone 3  (uncovered: 34% of target)
    [parallel] 10 worker threads, one renderer clone each
    init sampling: best coverage score 571.0px of uncovered area  (16 samples)
[staged]   → robot a: IoU 0.587 → 0.593  ✓
    ↑ new global best IoU 0.593  [phase Ph2 robot a]
[staged] Phase 2 done — composite IoU: 0.593

[staged] Best snapshot: Phase 2  IoU=0.593
[staged] Manifold final pass — computing Jacobian  (ε=0.020, 60 renders)
[staged] Manifold basis: k=9D / 30D  (variance≥85%, top eigenvalues: ['329099.12', '202727.75', '187168.62', '109259.83', '74054.37'])
[staged] Manifold did not improve (0.567 vs 0.593), keeping best snapshot
[staged] FD refinement — 5 Adam steps  (300 renders, lr=0.01, ε=0.02)
    ↑ new global best IoU 0.609  [FD refinement]
[staged] FD done — IoU: 0.609  (Δ=+0.015)  ✓
[staged] Done — final IoU: 0.609  loss: 0.3937
[shard 0] 2/10 letters_upper/H_dejavusans-bold  best=0.648 mean=0.623±0.016  119s  eta 0.3h
[staged] Popsize: per-robot phases=32  final=16  (theory optimum for 6 DOF = 10)

[staged] Hungarian pre-assignment  (5×5 cost matrix, 8 samples/entry = 200 renders)...
[staged]   robot_a → zone 4  robot_b → zone 2  robot_c → zone 0  robot_d → zone 3  robot_e → zone 1

[staged] Phase 1 — forward greedy  (4 iters × 5 robot(s), sigma=0.40×1.00, popsize=32)
[staged]   Ph1 robot a  zone 4  (uncovered: 17% of target)
    [parallel] 10 worker threads, one renderer clone each
    init sampling: best coverage score 401.0px of uncovered area  (16 samples)
[staged]   → robot a: IoU 0.198 → 0.349  ✓
    ↑ new global best IoU 0.349  [phase Ph1 robot a]
[staged]   Ph1 robot b  zone 2  (uncovered: 20% of target)
    [parallel] 10 worker threads, one renderer clone each
    init sampling: best coverage score 665.0px of uncovered area  (16 samples)
[staged]   → robot b: IoU 0.349 → 0.473  ✓
    ↑ new global best IoU 0.473  [phase Ph1 robot b]
[staged]   Ph1 robot c  zone 0  (uncovered: 18% of target)
    [parallel] 10 worker threads, one renderer clone each
    init sampling: best coverage score 127.0px of uncovered area  (16 samples)
[staged]   → robot c: IoU 0.473 → 0.535  ✓
    ↑ new global best IoU 0.535  [phase Ph1 robot c]
[staged]   Ph1 robot d  zone 3  (uncovered: 6% of target)
    [parallel] 10 worker threads, one renderer clone each
    init sampling: best coverage score 250.0px of uncovered area  (16 samples)
[staged]   → robot d: IoU 0.535 → 0.573  ✓
    ↑ new global best IoU 0.573  [phase Ph1 robot d]
[staged]   Ph1 robot e  zone 1  (uncovered: 3% of target)
    [parallel] 10 worker threads, one renderer clone each
    init sampling: best coverage score 95.0px of uncovered area  (16 samples)
[staged]   → robot e: IoU 0.573 → 0.609  ✓
    ↑ new global best IoU 0.609  [phase Ph1 robot e]
[staged] Phase 1 done — composite IoU: 0.609

[staged] Phase 2 — backward pass  (4 iters × 5 robots, sigma=0.300)
[staged]   contributions before Phase 2:
[staged]     robot a: +0.095 IoU
[staged]     robot b: +0.109 IoU
[staged]     robot c: +0.061 IoU
[staged]     robot d: +0.049 IoU  ← low
[staged]     robot e: +0.037 IoU  ← low
[staged]   Ph2 robot e  zone 1  (uncovered: 24% of target)
    [parallel] 10 worker threads, one renderer clone each
    init sampling: best coverage score 153.0px of uncovered area  (16 samples)
[staged]   → robot e: candidate 0.607 < current 0.609  ✗ rejected
[staged]   Ph2 robot d  zone 3  (uncovered: 25% of target)
    [parallel] 10 worker threads, one renderer clone each
    init sampling: best coverage score 212.0px of uncovered area  (16 samples)
[staged]   → robot d: candidate 0.583 < current 0.609  ✗ rejected
[staged]   Ph2 robot c  zone 0  (uncovered: 27% of target)
    [parallel] 10 worker threads, one renderer clone each
    init sampling: best coverage score 256.0px of uncovered area  (16 samples)
[staged]   → robot c: IoU 0.609 → 0.625  ✓
    ↑ new global best IoU 0.625  [phase Ph2 robot c]
[staged]   Ph2 robot b  zone 2  (uncovered: 35% of target)
    [parallel] 10 worker threads, one renderer clone each
    init sampling: best coverage score 597.0px of uncovered area  (16 samples)
[staged]   → robot b: candidate 0.592 < current 0.625  ✗ rejected
[staged]   Ph2 robot a  zone 4  (uncovered: 34% of target)
    [parallel] 10 worker threads, one renderer clone each
    init sampling: best coverage score 276.0px of uncovered area  (16 samples)
[staged]   → robot a: IoU 0.625 → 0.630  ✓
    ↑ new global best IoU 0.630  [phase Ph2 robot a]
[staged] Phase 2 done — composite IoU: 0.630

[staged] Best snapshot: Phase 2  IoU=0.630
[staged] Manifold final pass — computing Jacobian  (ε=0.020, 60 renders)
[staged] Manifold basis: k=10D / 30D  (variance≥85%, top eigenvalues: ['436511.28', '247559.05', '132252.80', '115909.30', '71333.59'])
[staged] Manifold did not improve (0.625 vs 0.630), keeping best snapshot
[staged] FD refinement — 5 Adam steps  (300 renders, lr=0.01, ε=0.02)
    ↑ new global best IoU 0.654  [FD refinement]
[staged] FD done — IoU: 0.654  (Δ=+0.024)  ✓
[staged] Done — final IoU: 0.654  loss: 0.3483
[staged] Popsize: per-robot phases=32  final=16  (theory optimum for 6 DOF = 10)

[staged] Hungarian pre-assignment  (5×5 cost matrix, 8 samples/entry = 200 renders)...
[staged]   robot_a → zone 4  robot_b → zone 3  robot_c → zone 1  robot_d → zone 2  robot_e → zone 0

[staged] Phase 1 — forward greedy  (4 iters × 5 robot(s), sigma=0.40×1.00, popsize=32)
[staged]   Ph1 robot a  zone 4  (uncovered: 17% of target)
    [parallel] 10 worker threads, one renderer clone each
    init sampling: best coverage score 115.0px of uncovered area  (16 samples)
[staged]   → robot a: IoU 0.198 → 0.392  ✓
    ↑ new global best IoU 0.392  [phase Ph1 robot a]
[staged]   Ph1 robot b  zone 3  (uncovered: 9% of target)
    [parallel] 10 worker threads, one renderer clone each
    init sampling: best coverage score 181.0px of uncovered area  (16 samples)
[staged]   → robot b: IoU 0.392 → 0.432  ✓
    ↑ new global best IoU 0.432  [phase Ph1 robot b]
[staged]   Ph1 robot c  zone 1  (uncovered: 13% of target)
    [parallel] 10 worker threads, one renderer clone each
    init sampling: best coverage score 48.0px of uncovered area  (16 samples)
[staged]   → robot c: IoU 0.432 → 0.523  ✓
    ↑ new global best IoU 0.523  [phase Ph1 robot c]
[staged]   Ph1 robot d  zone 2  (uncovered: 3% of target)
    [parallel] 10 worker threads, one renderer clone each
    init sampling: best coverage score 66.0px of uncovered area  (16 samples)
[staged]   → robot d: IoU 0.523 → 0.565  ✓
    ↑ new global best IoU 0.565  [phase Ph1 robot d]
[staged]   Ph1 robot e  zone 0  (uncovered: 1% of target)
    [parallel] 10 worker threads, one renderer clone each
    init sampling: best coverage score 42.0px of uncovered area  (16 samples)
[staged]   → robot e: IoU 0.565 → 0.569  ✓
    ↑ new global best IoU 0.569  [phase Ph1 robot e]
[staged] Phase 1 done — composite IoU: 0.569

[staged] Phase 2 — backward pass  (4 iters × 5 robots, sigma=0.300)
[staged]   contributions before Phase 2:
[staged]     robot a: +0.096 IoU
[staged]     robot b: +0.042 IoU  ← low
[staged]     robot c: +0.090 IoU
[staged]     robot d: +0.049 IoU  ← low
[staged]     robot e: +0.004 IoU  ← low
[staged]   Ph2 robot e  zone 0  (uncovered: 22% of target)
    [parallel] 10 worker threads, one renderer clone each
    init sampling: best coverage score 74.0px of uncovered area  (16 samples)
[staged]   → robot e: IoU 0.569 → 0.591  ✓
    ↑ new global best IoU 0.591  [phase Ph2 robot e]
[staged]   Ph2 robot d  zone 2  (uncovered: 23% of target)
    [parallel] 10 worker threads, one renderer clone each
    init sampling: best coverage score 126.0px of uncovered area  (16 samples)
[staged]   → robot d: IoU 0.591 → 0.595  ✓
    ↑ new global best IoU 0.595  [phase Ph2 robot d]
[staged]   Ph2 robot c  zone 1  (uncovered: 34% of target)
    [parallel] 10 worker threads, one renderer clone each
    init sampling: best coverage score 446.0px of uncovered area  (16 samples)
[staged]   → robot c: candidate 0.587 < current 0.595  ✗ rejected
[staged]   Ph2 robot b  zone 3  (uncovered: 26% of target)
    [parallel] 10 worker threads, one renderer clone each
    init sampling: best coverage score 268.0px of uncovered area  (16 samples)
[staged]   → robot b: IoU 0.595 → 0.607  ✓
    ↑ new global best IoU 0.607  [phase Ph2 robot b]
[staged]   Ph2 robot a  zone 4  (uncovered: 33% of target)
    [parallel] 10 worker threads, one renderer clone each
    init sampling: best coverage score 531.0px of uncovered area  (16 samples)
[staged]   → robot a: IoU 0.607 → 0.633  ✓
    ↑ new global best IoU 0.633  [phase Ph2 robot a]
[staged] Phase 2 done — composite IoU: 0.633

[staged] Best snapshot: Phase 2  IoU=0.633
[staged] Manifold final pass — computing Jacobian  (ε=0.020, 60 renders)
[staged] Manifold basis: k=9D / 30D  (variance≥85%, top eigenvalues: ['526378.12', '303305.69', '77937.18', '75287.51', '55496.32'])
[staged] Manifold did not improve (0.625 vs 0.633), keeping best snapshot
[staged] FD refinement — 5 Adam steps  (300 renders, lr=0.01, ε=0.02)
    ↑ new global best IoU 0.663  [FD refinement]
[staged] FD done — IoU: 0.663  (Δ=+0.030)  ✓
[staged] Done — final IoU: 0.663  loss: 0.3386
[staged] Popsize: per-robot phases=32  final=16  (theory optimum for 6 DOF = 10)

[staged] Hungarian pre-assignment  (5×5 cost matrix, 8 samples/entry = 200 renders)...
[staged]   robot_a → zone 2  robot_b → zone 4  robot_c → zone 0  robot_d → zone 1  robot_e → zone 3

[staged] Phase 1 — forward greedy  (4 iters × 5 robot(s), sigma=0.40×1.00, popsize=32)
[staged]   Ph1 robot a  zone 2  (uncovered: 18% of target)
    [parallel] 10 worker threads, one renderer clone each
    init sampling: best coverage score 159.0px of uncovered area  (16 samples)
[staged]   → robot a: IoU 0.198 → 0.399  ✓
    ↑ new global best IoU 0.399  [phase Ph1 robot a]
[staged]   Ph1 robot b  zone 4  (uncovered: 6% of target)
    [parallel] 10 worker threads, one renderer clone each
    init sampling: best coverage score 304.0px of uncovered area  (16 samples)
[staged]   → robot b: IoU 0.399 → 0.517  ✓
    ↑ new global best IoU 0.517  [phase Ph1 robot b]
[staged]   Ph1 robot c  zone 0  (uncovered: 7% of target)
    [parallel] 10 worker threads, one renderer clone each
    init sampling: best coverage score 246.0px of uncovered area  (16 samples)
[staged]   → robot c: IoU 0.517 → 0.564  ✓
    ↑ new global best IoU 0.564  [phase Ph1 robot c]
[staged]   Ph1 robot d  zone 1  (uncovered: 1% of target)
    [parallel] 10 worker threads, one renderer clone each
    init sampling: best coverage score 40.0px of uncovered area  (16 samples)
[staged]   → robot d: IoU 0.564 → 0.587  ✓
    ↑ new global best IoU 0.587  [phase Ph1 robot d]
[staged]   Ph1 robot e  zone 3  (uncovered: 1% of target)
    [parallel] 10 worker threads, one renderer clone each
    init sampling: best coverage score 15.0px of uncovered area  (16 samples)
[staged]   → robot e: IoU 0.587 → 0.599  ✓
    ↑ new global best IoU 0.599  [phase Ph1 robot e]
[staged] Phase 1 done — composite IoU: 0.599

[staged] Phase 2 — backward pass  (4 iters × 5 robots, sigma=0.300)
[staged]   contributions before Phase 2:
[staged]     robot a: +0.121 IoU
[staged]     robot b: +0.051 IoU
[staged]     robot c: +0.031 IoU  ← low
[staged]     robot d: +0.016 IoU  ← low
[staged]     robot e: +0.013 IoU  ← low
[staged]   Ph2 robot e  zone 3  (uncovered: 18% of target)
    [parallel] 10 worker threads, one renderer clone each
    init sampling: best coverage score 47.0px of uncovered area  (16 samples)
[staged]   → robot e: IoU 0.599 → 0.601  ✓
    ↑ new global best IoU 0.601  [phase Ph2 robot e]
[staged]   Ph2 robot d  zone 1  (uncovered: 20% of target)
    [parallel] 10 worker threads, one renderer clone each
    init sampling: best coverage score 85.0px of uncovered area  (16 samples)
[staged]   → robot d: candidate 0.599 < current 0.601  ✗ rejected
[staged]   Ph2 robot c  zone 0  (uncovered: 20% of target)
    [parallel] 10 worker threads, one renderer clone each
    init sampling: best coverage score 125.0px of uncovered area  (16 samples)
[staged]   → robot c: candidate 0.600 < current 0.601  ✗ rejected
[staged]   Ph2 robot b  zone 4  (uncovered: 25% of target)
    [parallel] 10 worker threads, one renderer clone each
    init sampling: best coverage score 182.0px of uncovered area  (16 samples)
[staged]   → robot b: IoU 0.601 → 0.635  ✓
    ↑ new global best IoU 0.635  [phase Ph2 robot b]
[staged]   Ph2 robot a  zone 2  (uncovered: 39% of target)
    [parallel] 10 worker threads, one renderer clone each
    init sampling: best coverage score 741.0px of uncovered area  (16 samples)
[staged]   → robot a: candidate 0.625 < current 0.635  ✗ rejected
[staged] Phase 2 done — composite IoU: 0.635

[staged] Best snapshot: Phase 2  IoU=0.635
[staged] Manifold final pass — computing Jacobian  (ε=0.020, 60 renders)
[staged] Manifold basis: k=8D / 30D  (variance≥85%, top eigenvalues: ['439313.00', '167162.11', '79813.73', '57133.48', '55361.38'])
    ↑ new global best IoU 0.644  [manifold final pass]
[staged] Manifold done — IoU: 0.644  (Δ=+0.009)  ✓
[staged] FD refinement — 5 Adam steps  (300 renders, lr=0.01, ε=0.02)
    ↑ new global best IoU 0.659  [FD refinement]
[staged] FD done — IoU: 0.659  (Δ=+0.015)  ✓
[staged] Done — final IoU: 0.659  loss: 0.3416
[staged] Popsize: per-robot phases=32  final=16  (theory optimum for 6 DOF = 10)

[staged] Hungarian pre-assignment  (5×5 cost matrix, 8 samples/entry = 200 renders)...
[staged]   robot_a → zone 3  robot_b → zone 2  robot_c → zone 0  robot_d → zone 1  robot_e → zone 4

[staged] Phase 1 — forward greedy  (4 iters × 5 robot(s), sigma=0.40×1.00, popsize=32)
[staged]   Ph1 robot a  zone 3  (uncovered: 18% of target)
    [parallel] 10 worker threads, one renderer clone each
    init sampling: best coverage score 451.0px of uncovered area  (16 samples)
[staged]   → robot a: IoU 0.198 → 0.390  ✓
    ↑ new global best IoU 0.390  [phase Ph1 robot a]
[staged]   Ph1 robot b  zone 2  (uncovered: 20% of target)
    [parallel] 10 worker threads, one renderer clone each
    init sampling: best coverage score 390.0px of uncovered area  (16 samples)
[staged]   → robot b: IoU 0.390 → 0.493  ✓
    ↑ new global best IoU 0.493  [phase Ph1 robot b]
[staged]   Ph1 robot c  zone 0  (uncovered: 1% of target)
    [parallel] 10 worker threads, one renderer clone each
    init sampling: best coverage score 30.0px of uncovered area  (16 samples)
[staged]   → robot c: IoU 0.493 → 0.573  ✓
    ↑ new global best IoU 0.573  [phase Ph1 robot c]
[staged]   Ph1 robot d  zone 1  (uncovered: 1% of target)
    [parallel] 10 worker threads, one renderer clone each
    init sampling: best coverage score 21.0px of uncovered area  (16 samples)
[staged]   → robot d: IoU 0.573 → 0.594  ✓
    ↑ new global best IoU 0.594  [phase Ph1 robot d]
[staged]   Ph1 robot e  zone 4  (uncovered: 1% of target)
    [parallel] 10 worker threads, one renderer clone each
    init sampling: best coverage score 3.0px of uncovered area  (16 samples)
[staged]   → robot e: IoU 0.594 → 0.632  ✓
    ↑ new global best IoU 0.632  [phase Ph1 robot e]
[staged] Phase 1 done — composite IoU: 0.632

[staged] Phase 2 — backward pass  (4 iters × 5 robots, sigma=0.300)
[staged]   contributions before Phase 2:
[staged]     robot a: +0.126 IoU
[staged]     robot b: +0.065 IoU
[staged]     robot c: +0.082 IoU
[staged]     robot d: +0.035 IoU  ← low
[staged]     robot e: +0.038 IoU  ← low
[staged]   Ph2 robot e  zone 4  (uncovered: 21% of target)
    [parallel] 10 worker threads, one renderer clone each
    init sampling: best coverage score 29.0px of uncovered area  (16 samples)
[staged]   → robot e: candidate 0.612 < current 0.632  ✗ rejected
[staged]   Ph2 robot d  zone 1  (uncovered: 20% of target)
    [parallel] 10 worker threads, one renderer clone each
    init sampling: best coverage score 118.0px of uncovered area  (16 samples)
[staged]   → robot d: candidate 0.624 < current 0.632  ✗ rejected
[staged]   Ph2 robot c  zone 0  (uncovered: 26% of target)
    [parallel] 10 worker threads, one renderer clone each
    init sampling: best coverage score 374.0px of uncovered area  (16 samples)
[staged]   → robot c: candidate 0.614 < current 0.632  ✗ rejected
[staged]   Ph2 robot b  zone 2  (uncovered: 26% of target)
    [parallel] 10 worker threads, one renderer clone each
    init sampling: best coverage score 260.0px of uncovered area  (16 samples)
[staged]   → robot b: IoU 0.632 → 0.632  ✓
    ↑ new global best IoU 0.632  [phase Ph2 robot b]
[staged]   Ph2 robot a  zone 3  (uncovered: 36% of target)
    [parallel] 10 worker threads, one renderer clone each
    init sampling: best coverage score 897.0px of uncovered area  (16 samples)
[staged]   → robot a: candidate 0.625 < current 0.632  ✗ rejected
[staged] Phase 2 done — composite IoU: 0.632

[staged] Best snapshot: Phase 2  IoU=0.632
[staged] Manifold final pass — computing Jacobian  (ε=0.020, 60 renders)
[staged] Manifold basis: k=9D / 30D  (variance≥85%, top eigenvalues: ['627676.12', '163865.64', '157039.05', '132050.28', '69214.12'])
[staged] Manifold did not improve (0.608 vs 0.632), keeping best snapshot
[staged] FD refinement — 5 Adam steps  (300 renders, lr=0.01, ε=0.02)
    ↑ new global best IoU 0.650  [FD refinement]
[staged] FD done — IoU: 0.650  (Δ=+0.018)  ✓
[staged] Done — final IoU: 0.650  loss: 0.3513
[staged] Popsize: per-robot phases=32  final=16  (theory optimum for 6 DOF = 10)

[staged] Hungarian pre-assignment  (5×5 cost matrix, 8 samples/entry = 200 renders)...
[staged]   robot_a → zone 3  robot_b → zone 4  robot_c → zone 0  robot_d → zone 2  robot_e → zone 1

[staged] Phase 1 — forward greedy  (4 iters × 5 robot(s), sigma=0.40×1.00, popsize=32)
[staged]   Ph1 robot a  zone 3  (uncovered: 20% of target)
    [parallel] 10 worker threads, one renderer clone each
    init sampling: best coverage score 612.0px of uncovered area  (16 samples)
[staged]   → robot a: IoU 0.198 → 0.374  ✓
    ↑ new global best IoU 0.374  [phase Ph1 robot a]
[staged]   Ph1 robot b  zone 4  (uncovered: 6% of target)
    [parallel] 10 worker threads, one renderer clone each
    init sampling: best coverage score 303.0px of uncovered area  (16 samples)
[staged]   → robot b: IoU 0.374 → 0.467  ✓
    ↑ new global best IoU 0.467  [phase Ph1 robot b]
[staged]   Ph1 robot c  zone 0  (uncovered: 1% of target)
    [parallel] 10 worker threads, one renderer clone each
    init sampling: best coverage score 21.0px of uncovered area  (16 samples)
[staged]   → robot c: IoU 0.467 → 0.520  ✓
    ↑ new global best IoU 0.520  [phase Ph1 robot c]
[staged]   Ph1 robot d  zone 2  (uncovered: 0% of target)
    [parallel] 10 worker threads, one renderer clone each
    init sampling: best coverage score 0.0px of uncovered area  (16 samples)
[staged]   → robot d: IoU 0.520 → 0.529  ✓
    ↑ new global best IoU 0.529  [phase Ph1 robot d]
[staged]   Ph1 robot e  zone 1  (uncovered: 14% of target)
    [parallel] 10 worker threads, one renderer clone each
    init sampling: best coverage score 147.0px of uncovered area  (16 samples)
[staged]   → robot e: IoU 0.529 → 0.564  ✓
    ↑ new global best IoU 0.564  [phase Ph1 robot e]
[staged] Phase 1 done — composite IoU: 0.564

[staged] Phase 2 — backward pass  (4 iters × 5 robots, sigma=0.300)
[staged]   contributions before Phase 2:
[staged]     robot a: +0.097 IoU
[staged]     robot b: +0.107 IoU
[staged]     robot c: +0.044 IoU  ← low
[staged]     robot d: +0.019 IoU  ← low
[staged]     robot e: +0.035 IoU  ← low
[staged]   Ph2 robot e  zone 1  (uncovered: 20% of target)
    [parallel] 10 worker threads, one renderer clone each
    init sampling: best coverage score 422.0px of uncovered area  (16 samples)
[staged]   → robot e: IoU 0.564 → 0.596  ✓
    ↑ new global best IoU 0.596  [phase Ph2 robot e]
[staged]   Ph2 robot d  zone 2  (uncovered: 13% of target)
    [parallel] 10 worker threads, one renderer clone each
    init sampling: best coverage score 91.0px of uncovered area  (16 samples)
[staged]   → robot d: candidate 0.595 < current 0.596  ✗ rejected
[staged]   Ph2 robot c  zone 0  (uncovered: 18% of target)
    [parallel] 10 worker threads, one renderer clone each
    init sampling: best coverage score 265.0px of uncovered area  (16 samples)
[staged]   → robot c: IoU 0.596 → 0.620  ✓
    ↑ new global best IoU 0.620  [phase Ph2 robot c]
[staged]   Ph2 robot b  zone 4  (uncovered: 28% of target)
    [parallel] 10 worker threads, one renderer clone each
    init sampling: best coverage score 380.0px of uncovered area  (16 samples)
[staged]   → robot b: IoU 0.620 → 0.625  ✓
    ↑ new global best IoU 0.625  [phase Ph2 robot b]
[staged]   Ph2 robot a  zone 3  (uncovered: 41% of target)
    [parallel] 10 worker threads, one renderer clone each
    init sampling: best coverage score 1198.0px of uncovered area  (16 samples)
[staged]   → robot a: IoU 0.625 → 0.680  ✓
    ↑ new global best IoU 0.680  [phase Ph2 robot a]
[staged] Phase 2 done — composite IoU: 0.680

[staged] Best snapshot: Phase 2  IoU=0.680
[staged] Manifold final pass — computing Jacobian  (ε=0.020, 60 renders)
[staged] Manifold basis: k=9D / 30D  (variance≥85%, top eigenvalues: ['439608.50', '137858.80', '132823.83', '79040.52', '52072.50'])
[staged] Manifold did not improve (0.670 vs 0.680), keeping best snapshot
[staged] FD refinement — 5 Adam steps  (300 renders, lr=0.01, ε=0.02)
    ↑ new global best IoU 0.705  [FD refinement]
[staged] FD done — IoU: 0.705  (Δ=+0.025)  ✓
[staged] Done — final IoU: 0.705  loss: 0.2960
[shard 0] 3/10 letters_upper/K_dejavusans-bold  best=0.705 mean=0.666±0.020  120s  eta 0.2h
[staged] Popsize: per-robot phases=32  final=16  (theory optimum for 6 DOF = 10)

[staged] Hungarian pre-assignment  (5×5 cost matrix, 8 samples/entry = 200 renders)...
[staged]   robot_a → zone 0  robot_b → zone 2  robot_c → zone 3  robot_d → zone 1  robot_e → zone 4

[staged] Phase 1 — forward greedy  (4 iters × 5 robot(s), sigma=0.40×1.00, popsize=32)
[staged]   Ph1 robot a  zone 0  (uncovered: 12% of target)
    [parallel] 10 worker threads, one renderer clone each
    init sampling: best coverage score 539.0px of uncovered area  (16 samples)
[staged]   → robot a: IoU 0.217 → 0.354  ✓
    ↑ new global best IoU 0.354  [phase Ph1 robot a]
[staged]   Ph1 robot b  zone 2  (uncovered: 22% of target)
    [parallel] 10 worker threads, one renderer clone each
    init sampling: best coverage score 710.0px of uncovered area  (16 samples)
[staged]   → robot b: IoU 0.354 → 0.471  ✓
    ↑ new global best IoU 0.471  [phase Ph1 robot b]
[staged]   Ph1 robot c  zone 3  (uncovered: 3% of target)
    [parallel] 10 worker threads, one renderer clone each
    init sampling: best coverage score 120.0px of uncovered area  (16 samples)
[staged]   → robot c: IoU 0.471 → 0.528  ✓
    ↑ new global best IoU 0.528  [phase Ph1 robot c]
[staged]   Ph1 robot d  zone 1  (uncovered: 0% of target)
    [parallel] 10 worker threads, one renderer clone each
    init sampling: best coverage score 0.0px of uncovered area  (16 samples)
[staged]   → robot d: IoU 0.528 → 0.540  ✓
    ↑ new global best IoU 0.540  [phase Ph1 robot d]
[staged]   Ph1 robot e  zone 4  (uncovered: 14% of target)
    [parallel] 10 worker threads, one renderer clone each
    init sampling: best coverage score 145.0px of uncovered area  (16 samples)
[staged]   → robot e: IoU 0.540 → 0.594  ✓
    ↑ new global best IoU 0.594  [phase Ph1 robot e]
[staged] Phase 1 done — composite IoU: 0.594

[staged] Phase 2 — backward pass  (4 iters × 5 robots, sigma=0.300)
[staged]   contributions before Phase 2:
[staged]     robot a: +0.035 IoU  ← low
[staged]     robot b: +0.117 IoU
[staged]     robot c: +0.059 IoU
[staged]     robot d: +0.023 IoU  ← low
[staged]     robot e: +0.054 IoU
[staged]   Ph2 robot e  zone 4  (uncovered: 21% of target)
    [parallel] 10 worker threads, one renderer clone each
    init sampling: best coverage score 101.0px of uncovered area  (16 samples)
[staged]   → robot e: candidate 0.594 < current 0.594  ✗ rejected
[staged]   Ph2 robot d  zone 1  (uncovered: 17% of target)
    [parallel] 10 worker threads, one renderer clone each
    init sampling: best coverage score 84.0px of uncovered area  (16 samples)
[staged]   → robot d: IoU 0.594 → 0.612  ✓
    ↑ new global best IoU 0.612  [phase Ph2 robot d]
[staged]   Ph2 robot c  zone 3  (uncovered: 20% of target)
    [parallel] 10 worker threads, one renderer clone each
    init sampling: best coverage score 210.0px of uncovered area  (16 samples)
[staged]   → robot c: IoU 0.612 → 0.621  ✓
    ↑ new global best IoU 0.621  [phase Ph2 robot c]
[staged]   Ph2 robot b  zone 2  (uncovered: 23% of target)
    [parallel] 10 worker threads, one renderer clone each
    init sampling: best coverage score 323.0px of uncovered area  (16 samples)
[staged]   → robot b: candidate 0.575 < current 0.621  ✗ rejected
[staged]   Ph2 robot a  zone 0  (uncovered: 31% of target)
    [parallel] 10 worker threads, one renderer clone each
    init sampling: best coverage score 95.0px of uncovered area  (16 samples)
[staged]   → robot a: IoU 0.621 → 0.650  ✓
    ↑ new global best IoU 0.650  [phase Ph2 robot a]
[staged] Phase 2 done — composite IoU: 0.650

[staged] Best snapshot: Phase 2  IoU=0.650
[staged] Manifold final pass — computing Jacobian  (ε=0.020, 60 renders)
[staged] Manifold basis: k=11D / 30D  (variance≥85%, top eigenvalues: ['473236.91', '219641.45', '187411.64', '103185.33', '76624.20'])
    ↑ new global best IoU 0.692  [manifold final pass]
[staged] Manifold done — IoU: 0.692  (Δ=+0.042)  ✓
[staged] FD refinement — 5 Adam steps  (300 renders, lr=0.01, ε=0.02)
    ↑ new global best IoU 0.715  [FD refinement]
[staged] FD done — IoU: 0.715  (Δ=+0.023)  ✓
[staged] Done — final IoU: 0.715  loss: 0.2866
[staged] Popsize: per-robot phases=32  final=16  (theory optimum for 6 DOF = 10)

[staged] Hungarian pre-assignment  (5×5 cost matrix, 8 samples/entry = 200 renders)...
[staged]   robot_a → zone 1  robot_b → zone 3  robot_c → zone 0  robot_d → zone 2  robot_e → zone 4

[staged] Phase 1 — forward greedy  (4 iters × 5 robot(s), sigma=0.40×1.00, popsize=32)
[staged]   Ph1 robot a  zone 1  (uncovered: 20% of target)
    [parallel] 10 worker threads, one renderer clone each
    init sampling: best coverage score 494.0px of uncovered area  (16 samples)
[staged]   → robot a: IoU 0.217 → 0.478  ✓
    ↑ new global best IoU 0.478  [phase Ph1 robot a]
[staged]   Ph1 robot b  zone 3  (uncovered: 21% of target)
    [parallel] 10 worker threads, one renderer clone each
    init sampling: best coverage score 373.0px of uncovered area  (16 samples)
[staged]   → robot b: IoU 0.478 → 0.587  ✓
    ↑ new global best IoU 0.587  [phase Ph1 robot b]
[staged]   Ph1 robot c  zone 0  (uncovered: 4% of target)
    [parallel] 10 worker threads, one renderer clone each
    init sampling: best coverage score 108.0px of uncovered area  (16 samples)
[staged]   → robot c: IoU 0.587 → 0.605  ✓
    ↑ new global best IoU 0.605  [phase Ph1 robot c]
[staged]   Ph1 robot d  zone 2  (uncovered: 3% of target)
    [parallel] 10 worker threads, one renderer clone each
    init sampling: best coverage score 62.0px of uncovered area  (16 samples)
[staged]   → robot d: IoU 0.605 → 0.606  ✓
    ↑ new global best IoU 0.606  [phase Ph1 robot d]
[staged]   Ph1 robot e  zone 4  (uncovered: 4% of target)
    [parallel] 10 worker threads, one renderer clone each
    init sampling: best coverage score 30.0px of uncovered area  (16 samples)
[staged]   → robot e: IoU 0.606 → 0.647  ✓
    ↑ new global best IoU 0.647  [phase Ph1 robot e]
[staged] Phase 1 done — composite IoU: 0.647

[staged] Phase 2 — backward pass  (4 iters × 5 robots, sigma=0.300)
[staged]   contributions before Phase 2:
[staged]     robot a: +0.211 IoU
[staged]     robot b: +0.016 IoU  ← low
[staged]     robot c: +0.017 IoU  ← low
[staged]     robot d: -0.000 IoU  ← low
[staged]     robot e: +0.040 IoU  ← low
[staged]   Ph2 robot e  zone 4  (uncovered: 21% of target)
    [parallel] 10 worker threads, one renderer clone each
    init sampling: best coverage score 87.0px of uncovered area  (16 samples)
[staged]   → robot e: candidate 0.606 < current 0.647  ✗ rejected
[staged]   Ph2 robot d  zone 2  (uncovered: 15% of target)
    [parallel] 10 worker threads, one renderer clone each
    init sampling: best coverage score 95.0px of uncovered area  (16 samples)
[staged]   → robot d: candidate 0.645 < current 0.647  ✗ rejected
[staged]   Ph2 robot c  zone 0  (uncovered: 17% of target)
    [parallel] 10 worker threads, one renderer clone each
    init sampling: best coverage score 177.0px of uncovered area  (16 samples)
[staged]   → robot c: IoU 0.647 → 0.671  ✓
    ↑ new global best IoU 0.671  [phase Ph2 robot c]
[staged]   Ph2 robot b  zone 3  (uncovered: 29% of target)
    [parallel] 10 worker threads, one renderer clone each
    init sampling: best coverage score 560.0px of uncovered area  (16 samples)
[staged]   → robot b: IoU 0.671 → 0.697  ✓
    ↑ new global best IoU 0.697  [phase Ph2 robot b]
[staged]   Ph2 robot a  zone 1  (uncovered: 37% of target)
    [parallel] 10 worker threads, one renderer clone each
    init sampling: best coverage score 428.0px of uncovered area  (16 samples)
[staged]   → robot a: candidate 0.635 < current 0.697  ✗ rejected
[staged] Phase 2 done — composite IoU: 0.697

[staged] Best snapshot: Phase 2  IoU=0.697
[staged] Manifold final pass — computing Jacobian  (ε=0.020, 60 renders)
[staged] Manifold basis: k=7D / 30D  (variance≥85%, top eigenvalues: ['565909.75', '461833.59', '181968.08', '86706.18', '69108.54'])
[staged] Manifold did not improve (0.673 vs 0.697), keeping best snapshot
[staged] FD refinement — 5 Adam steps  (300 renders, lr=0.01, ε=0.02)
    ↑ new global best IoU 0.727  [FD refinement]
[staged] FD done — IoU: 0.727  (Δ=+0.031)  ✓
[staged] Done — final IoU: 0.727  loss: 0.2744
[staged] Popsize: per-robot phases=32  final=16  (theory optimum for 6 DOF = 10)

[staged] Hungarian pre-assignment  (5×5 cost matrix, 8 samples/entry = 200 renders)...
[staged]   robot_a → zone 4  robot_b → zone 0  robot_c → zone 2  robot_d → zone 1  robot_e → zone 3

[staged] Phase 1 — forward greedy  (4 iters × 5 robot(s), sigma=0.40×1.00, popsize=32)
[staged]   Ph1 robot a  zone 4  (uncovered: 21% of target)
    [parallel] 10 worker threads, one renderer clone each
    init sampling: best coverage score 9.0px of uncovered area  (16 samples)
[staged]   → robot a: IoU 0.217 → 0.520  ✓
    ↑ new global best IoU 0.520  [phase Ph1 robot a]
[staged]   Ph1 robot b  zone 0  (uncovered: 5% of target)
    [parallel] 10 worker threads, one renderer clone each
    init sampling: best coverage score 156.0px of uncovered area  (16 samples)
[staged]   → robot b: IoU 0.520 → 0.548  ✓
    ↑ new global best IoU 0.548  [phase Ph1 robot b]
[staged]   Ph1 robot c  zone 2  (uncovered: 3% of target)
    [parallel] 10 worker threads, one renderer clone each
    init sampling: best coverage score 119.0px of uncovered area  (16 samples)
[staged]   → robot c: IoU 0.548 → 0.663  ✓
    ↑ new global best IoU 0.663  [phase Ph1 robot c]
[staged]   Ph1 robot d  zone 1  (uncovered: 4% of target)
    [parallel] 10 worker threads, one renderer clone each
    init sampling: best coverage score 112.0px of uncovered area  (16 samples)
[staged]   → robot d: IoU 0.663 → 0.678  ✓
    ↑ new global best IoU 0.678  [phase Ph1 robot d]
[staged]   Ph1 robot e  zone 3  (uncovered: 2% of target)
    [parallel] 10 worker threads, one renderer clone each
    init sampling: best coverage score 34.0px of uncovered area  (16 samples)
[staged]   → robot e: IoU 0.678 → 0.711  ✓
    ↑ new global best IoU 0.711  [phase Ph1 robot e]
[staged] Phase 1 done — composite IoU: 0.711

[staged] Phase 2 — backward pass  (4 iters × 5 robots, sigma=0.300)
[staged]   contributions before Phase 2:
[staged]     robot a: +0.208 IoU
[staged]     robot b: +0.032 IoU  ← low
[staged]     robot c: +0.027 IoU  ← low
[staged]     robot d: +0.029 IoU  ← low
[staged]     robot e: +0.033 IoU  ← low
[staged]   Ph2 robot e  zone 3  (uncovered: 13% of target)
    [parallel] 10 worker threads, one renderer clone each
    init sampling: best coverage score 46.0px of uncovered area  (16 samples)
[staged]   → robot e: candidate 0.693 < current 0.711  ✗ rejected
[staged]   Ph2 robot d  zone 1  (uncovered: 12% of target)
    [parallel] 10 worker threads, one renderer clone each
    init sampling: best coverage score 102.0px of uncovered area  (16 samples)
[staged]   → robot d: candidate 0.701 < current 0.711  ✗ rejected
[staged]   Ph2 robot c  zone 2  (uncovered: 18% of target)
    [parallel] 10 worker threads, one renderer clone each
    init sampling: best coverage score 338.0px of uncovered area  (16 samples)
[staged]   → robot c: IoU 0.711 → 0.750  ✓
    ↑ new global best IoU 0.750  [phase Ph2 robot c]
[staged]   Ph2 robot b  zone 0  (uncovered: 13% of target)
    [parallel] 10 worker threads, one renderer clone each
    init sampling: best coverage score 184.0px of uncovered area  (16 samples)
[staged]   → robot b: candidate 0.713 < current 0.750  ✗ rejected
[staged]   Ph2 robot a  zone 4  (uncovered: 38% of target)
    [parallel] 10 worker threads, one renderer clone each
    init sampling: best coverage score 412.0px of uncovered area  (16 samples)
[staged]   → robot a: candidate 0.723 < current 0.750  ✗ rejected
[staged] Phase 2 done — composite IoU: 0.750

[staged] Best snapshot: Phase 2  IoU=0.750
[staged] Manifold final pass — computing Jacobian  (ε=0.020, 60 renders)
[staged] Manifold basis: k=7D / 30D  (variance≥85%, top eigenvalues: ['683514.44', '139923.56', '96794.14', '90304.80', '56562.38'])
[staged] Manifold did not improve (0.747 vs 0.750), keeping best snapshot
[staged] FD refinement — 5 Adam steps  (300 renders, lr=0.01, ε=0.02)
    ↑ new global best IoU 0.763  [FD refinement]
[staged] FD done — IoU: 0.763  (Δ=+0.014)  ✓
[staged] Done — final IoU: 0.763  loss: 0.2372
[staged] Popsize: per-robot phases=32  final=16  (theory optimum for 6 DOF = 10)

[staged] Hungarian pre-assignment  (5×5 cost matrix, 8 samples/entry = 200 renders)...
[staged]   robot_a → zone 1  robot_b → zone 3  robot_c → zone 4  robot_d → zone 0  robot_e → zone 2

[staged] Phase 1 — forward greedy  (4 iters × 5 robot(s), sigma=0.40×1.00, popsize=32)
[staged]   Ph1 robot a  zone 1  (uncovered: 20% of target)
    [parallel] 10 worker threads, one renderer clone each
    init sampling: best coverage score 576.0px of uncovered area  (16 samples)
[staged]   → robot a: IoU 0.217 → 0.446  ✓
    ↑ new global best IoU 0.446  [phase Ph1 robot a]
[staged]   Ph1 robot b  zone 3  (uncovered: 5% of target)
    [parallel] 10 worker threads, one renderer clone each
    init sampling: best coverage score 188.0px of uncovered area  (16 samples)
[staged]   → robot b: IoU 0.446 → 0.562  ✓
    ↑ new global best IoU 0.562  [phase Ph1 robot b]
[staged]   Ph1 robot c  zone 4  (uncovered: 8% of target)
    [parallel] 10 worker threads, one renderer clone each
    init sampling: best coverage score 175.0px of uncovered area  (16 samples)
[staged]   → robot c: IoU 0.562 → 0.608  ✓
    ↑ new global best IoU 0.608  [phase Ph1 robot c]
[staged]   Ph1 robot d  zone 0  (uncovered: 14% of target)
    [parallel] 10 worker threads, one renderer clone each
    init sampling: best coverage score 108.0px of uncovered area  (16 samples)
[staged]   → robot d: IoU 0.608 → 0.654  ✓
    ↑ new global best IoU 0.654  [phase Ph1 robot d]
[staged]   Ph1 robot e  zone 2  (uncovered: 3% of target)
    [parallel] 10 worker threads, one renderer clone each
    init sampling: best coverage score 8.0px of uncovered area  (16 samples)
[staged]   → robot e: IoU 0.654 → 0.676  ✓
    ↑ new global best IoU 0.676  [phase Ph1 robot e]
[staged] Phase 1 done — composite IoU: 0.676

[staged] Phase 2 — backward pass  (4 iters × 5 robots, sigma=0.300)
[staged]   contributions before Phase 2:
[staged]     robot a: +0.106 IoU
[staged]     robot b: +0.057 IoU
[staged]     robot c: +0.057 IoU
[staged]     robot d: +0.052 IoU
[staged]     robot e: +0.022 IoU  ← low
[staged]   Ph2 robot e  zone 2  (uncovered: 7% of target)
    [parallel] 10 worker threads, one renderer clone each
    init sampling: best coverage score 79.0px of uncovered area  (16 samples)
[staged]   → robot e: candidate 0.668 < current 0.676  ✗ rejected
[staged]   Ph2 robot d  zone 0  (uncovered: 11% of target)
    [parallel] 10 worker threads, one renderer clone each
    init sampling: best coverage score 87.0px of uncovered area  (16 samples)
[staged]   → robot d: candidate 0.645 < current 0.676  ✗ rejected
[staged]   Ph2 robot c  zone 4  (uncovered: 14% of target)
    [parallel] 10 worker threads, one renderer clone each
    init sampling: best coverage score 182.0px of uncovered area  (16 samples)
[staged]   → robot c: candidate 0.660 < current 0.676  ✗ rejected
[staged]   Ph2 robot b  zone 3  (uncovered: 14% of target)
    [parallel] 10 worker threads, one renderer clone each
    init sampling: best coverage score 316.0px of uncovered area  (16 samples)
[staged]   → robot b: IoU 0.676 → 0.678  ✓
    ↑ new global best IoU 0.678  [phase Ph2 robot b]
[staged]   Ph2 robot a  zone 1  (uncovered: 27% of target)
    [parallel] 10 worker threads, one renderer clone each
    init sampling: best coverage score 131.0px of uncovered area  (16 samples)
[staged]   → robot a: IoU 0.678 → 0.710  ✓
    ↑ new global best IoU 0.710  [phase Ph2 robot a]
[staged] Phase 2 done — composite IoU: 0.710

[staged] Best snapshot: Phase 2  IoU=0.710
[staged] Manifold final pass — computing Jacobian  (ε=0.020, 60 renders)
[staged] Manifold basis: k=10D / 30D  (variance≥85%, top eigenvalues: ['333213.75', '182925.22', '182012.89', '135226.34', '129829.23'])
[staged] Manifold did not improve (0.700 vs 0.710), keeping best snapshot
[staged] FD refinement — 5 Adam steps  (300 renders, lr=0.01, ε=0.02)
    ↑ new global best IoU 0.742  [FD refinement]
[staged] FD done — IoU: 0.742  (Δ=+0.032)  ✓
[staged] Done — final IoU: 0.742  loss: 0.2593
[staged] Popsize: per-robot phases=32  final=16  (theory optimum for 6 DOF = 10)

[staged] Hungarian pre-assignment  (5×5 cost matrix, 8 samples/entry = 200 renders)...
[staged]   robot_a → zone 0  robot_b → zone 1  robot_c → zone 4  robot_d → zone 2  robot_e → zone 3

[staged] Phase 1 — forward greedy  (4 iters × 5 robot(s), sigma=0.40×1.00, popsize=32)
[staged]   Ph1 robot a  zone 0  (uncovered: 22% of target)
    [parallel] 10 worker threads, one renderer clone each
    init sampling: best coverage score 658.0px of uncovered area  (16 samples)
[staged]   → robot a: IoU 0.217 → 0.483  ✓
    ↑ new global best IoU 0.483  [phase Ph1 robot a]
[staged]   Ph1 robot b  zone 1  (uncovered: 0% of target)
    [parallel] 10 worker threads, one renderer clone each
    init sampling: best coverage score 10.0px of uncovered area  (16 samples)
[staged]   → robot b: IoU 0.483 → 0.561  ✓
    ↑ new global best IoU 0.561  [phase Ph1 robot b]
[staged]   Ph1 robot c  zone 4  (uncovered: 7% of target)
    [parallel] 10 worker threads, one renderer clone each
    init sampling: best coverage score 172.0px of uncovered area  (16 samples)
[staged]   → robot c: IoU 0.561 → 0.581  ✓
    ↑ new global best IoU 0.581  [phase Ph1 robot c]
[staged]   Ph1 robot d  zone 2  (uncovered: 2% of target)
    [parallel] 10 worker threads, one renderer clone each
    init sampling: best coverage score 7.0px of uncovered area  (16 samples)
[staged]   → robot d: IoU 0.581 → 0.591  ✓
    ↑ new global best IoU 0.591  [phase Ph1 robot d]
[staged]   Ph1 robot e  zone 3  (uncovered: 1% of target)
    [parallel] 10 worker threads, one renderer clone each
    init sampling: best coverage score 27.0px of uncovered area  (16 samples)
[staged]   → robot e: IoU 0.591 → 0.603  ✓
    ↑ new global best IoU 0.603  [phase Ph1 robot e]
[staged] Phase 1 done — composite IoU: 0.603

[staged] Phase 2 — backward pass  (4 iters × 5 robots, sigma=0.300)
[staged]   contributions before Phase 2:
[staged]     robot a: +0.129 IoU
[staged]     robot b: +0.057 IoU
[staged]     robot c: +0.026 IoU  ← low
[staged]     robot d: +0.014 IoU  ← low
[staged]     robot e: +0.012 IoU  ← low
[staged]   Ph2 robot e  zone 3  (uncovered: 10% of target)
    [parallel] 10 worker threads, one renderer clone each
    init sampling: best coverage score 55.0px of uncovered area  (16 samples)
[staged]   → robot e: IoU 0.603 → 0.604  ✓
    ↑ new global best IoU 0.604  [phase Ph2 robot e]
[staged]   Ph2 robot d  zone 2  (uncovered: 13% of target)
    [parallel] 10 worker threads, one renderer clone each
    init sampling: best coverage score 138.0px of uncovered area  (16 samples)
[staged]   → robot d: candidate 0.600 < current 0.604  ✗ rejected
[staged]   Ph2 robot c  zone 4  (uncovered: 11% of target)
    [parallel] 10 worker threads, one renderer clone each
    init sampling: best coverage score 157.0px of uncovered area  (16 samples)
[staged]   → robot c: IoU 0.604 → 0.615  ✓
    ↑ new global best IoU 0.615  [phase Ph2 robot c]
[staged]   Ph2 robot b  zone 1  (uncovered: 16% of target)
    [parallel] 10 worker threads, one renderer clone each
    init sampling: best coverage score 241.0px of uncovered area  (16 samples)
[staged]   → robot b: candidate 0.601 < current 0.615  ✗ rejected
[staged]   Ph2 robot a  zone 0  (uncovered: 53% of target)
    [parallel] 10 worker threads, one renderer clone each
    init sampling: best coverage score 992.0px of uncovered area  (16 samples)
[staged]   → robot a: IoU 0.615 → 0.680  ✓
    ↑ new global best IoU 0.680  [phase Ph2 robot a]
[staged] Phase 2 done — composite IoU: 0.680

[staged] Best snapshot: Phase 2  IoU=0.680
[staged] Manifold final pass — computing Jacobian  (ε=0.020, 60 renders)
[staged] Manifold basis: k=9D / 30D  (variance≥85%, top eigenvalues: ['557208.62', '223452.72', '145824.64', '97126.68', '78918.16'])
[staged] Manifold did not improve (0.669 vs 0.680), keeping best snapshot
[staged] FD refinement — 5 Adam steps  (300 renders, lr=0.01, ε=0.02)
    ↑ new global best IoU 0.693  [FD refinement]
[staged] FD done — IoU: 0.693  (Δ=+0.013)  ✓
[staged] Done — final IoU: 0.693  loss: 0.3083
[shard 0] 4/10 letters_upper/U_dejavusans-bold  best=0.763 mean=0.728±0.024  119s  eta 0.2h
[staged] Popsize: per-robot phases=32  final=16  (theory optimum for 6 DOF = 10)

[staged] Hungarian pre-assignment  (5×5 cost matrix, 8 samples/entry = 200 renders)...
[staged]   robot_a → zone 3  robot_b → zone 4  robot_c → zone 1  robot_d → zone 0  robot_e → zone 2

[staged] Phase 1 — forward greedy  (4 iters × 5 robot(s), sigma=0.40×1.00, popsize=32)
[staged]   Ph1 robot a  zone 3  (uncovered: 16% of target)
    [parallel] 10 worker threads, one renderer clone each
    init sampling: best coverage score 50.0px of uncovered area  (16 samples)
[staged]   → robot a: IoU 0.213 → 0.435  ✓
    ↑ new global best IoU 0.435  [phase Ph1 robot a]
[staged]   Ph1 robot b  zone 4  (uncovered: 9% of target)
    [parallel] 10 worker threads, one renderer clone each
    init sampling: best coverage score 108.0px of uncovered area  (16 samples)
[staged]   → robot b: IoU 0.435 → 0.505  ✓
    ↑ new global best IoU 0.505  [phase Ph1 robot b]
[staged]   Ph1 robot c  zone 1  (uncovered: 4% of target)
    [parallel] 10 worker threads, one renderer clone each
    init sampling: best coverage score 19.0px of uncovered area  (16 samples)
[staged]   → robot c: IoU 0.505 → 0.525  ✓
    ↑ new global best IoU 0.525  [phase Ph1 robot c]
[staged]   Ph1 robot d  zone 0  (uncovered: 4% of target)
    [parallel] 10 worker threads, one renderer clone each
    init sampling: best coverage score 126.0px of uncovered area  (16 samples)
[staged]   → robot d: IoU 0.525 → 0.544  ✓
    ↑ new global best IoU 0.544  [phase Ph1 robot d]
[staged]   Ph1 robot e  zone 2  (uncovered: 2% of target)
    [parallel] 10 worker threads, one renderer clone each
    init sampling: best coverage score 57.0px of uncovered area  (16 samples)
[staged]   → robot e: IoU 0.544 → 0.562  ✓
    ↑ new global best IoU 0.562  [phase Ph1 robot e]
[staged] Phase 1 done — composite IoU: 0.562

[staged] Phase 2 — backward pass  (4 iters × 5 robots, sigma=0.300)
[staged]   contributions before Phase 2:
[staged]     robot a: +0.153 IoU
[staged]     robot b: +0.027 IoU  ← low
[staged]     robot c: +0.004 IoU  ← low
[staged]     robot d: +0.021 IoU  ← low
[staged]     robot e: +0.018 IoU  ← low
[staged]   Ph2 robot e  zone 2  (uncovered: 13% of target)
    [parallel] 10 worker threads, one renderer clone each
    init sampling: best coverage score 64.0px of uncovered area  (16 samples)
[staged]   → robot e: IoU 0.562 → 0.562  ✓
    ↑ new global best IoU 0.562  [phase Ph2 robot e]
[staged]   Ph2 robot d  zone 0  (uncovered: 12% of target)
    [parallel] 10 worker threads, one renderer clone each
    init sampling: best coverage score 126.0px of uncovered area  (16 samples)
[staged]   → robot d: IoU 0.562 → 0.569  ✓
    ↑ new global best IoU 0.569  [phase Ph2 robot d]
[staged]   Ph2 robot c  zone 1  (uncovered: 13% of target)
    [parallel] 10 worker threads, one renderer clone each
    init sampling: best coverage score 68.0px of uncovered area  (16 samples)
[staged]   → robot c: IoU 0.569 → 0.574  ✓
    ↑ new global best IoU 0.574  [phase Ph2 robot c]
[staged]   Ph2 robot b  zone 4  (uncovered: 21% of target)
    [parallel] 10 worker threads, one renderer clone each
    init sampling: best coverage score 107.0px of uncovered area  (16 samples)
[staged]   → robot b: candidate 0.561 < current 0.574  ✗ rejected
[staged]   Ph2 robot a  zone 3  (uncovered: 35% of target)
    [parallel] 10 worker threads, one renderer clone each
    init sampling: best coverage score 230.0px of uncovered area  (16 samples)
[staged]   → robot a: candidate 0.522 < current 0.574  ✗ rejected
[staged] Phase 2 done — composite IoU: 0.574

[staged] Best snapshot: Phase 2  IoU=0.574
[staged] Manifold final pass — computing Jacobian  (ε=0.020, 60 renders)
[staged] Manifold basis: k=9D / 30D  (variance≥85%, top eigenvalues: ['379149.69', '274760.09', '163728.12', '142577.11', '82503.96'])
    ↑ new global best IoU 0.592  [manifold final pass]
[staged] Manifold done — IoU: 0.592  (Δ=+0.018)  ✓
[staged] FD refinement — 5 Adam steps  (300 renders, lr=0.01, ε=0.02)
    ↑ new global best IoU 0.608  [FD refinement]
[staged] FD done — IoU: 0.608  (Δ=+0.016)  ✓
[staged] Done — final IoU: 0.608  loss: 0.3941
[staged] Popsize: per-robot phases=32  final=16  (theory optimum for 6 DOF = 10)

[staged] Hungarian pre-assignment  (5×5 cost matrix, 8 samples/entry = 200 renders)...
[staged]   robot_a → zone 1  robot_b → zone 4  robot_c → zone 0  robot_d → zone 2  robot_e → zone 3

[staged] Phase 1 — forward greedy  (4 iters × 5 robot(s), sigma=0.40×1.00, popsize=32)
[staged]   Ph1 robot a  zone 1  (uncovered: 24% of target)
    [parallel] 10 worker threads, one renderer clone each
    init sampling: best coverage score 285.0px of uncovered area  (16 samples)
[staged]   → robot a: IoU 0.213 → 0.387  ✓
    ↑ new global best IoU 0.387  [phase Ph1 robot a]
[staged]   Ph1 robot b  zone 4  (uncovered: 9% of target)
    [parallel] 10 worker threads, one renderer clone each
    init sampling: best coverage score 247.0px of uncovered area  (16 samples)
[staged]   → robot b: IoU 0.387 → 0.512  ✓
    ↑ new global best IoU 0.512  [phase Ph1 robot b]
[staged]   Ph1 robot c  zone 0  (uncovered: 1% of target)
    [parallel] 10 worker threads, one renderer clone each
    init sampling: best coverage score 33.0px of uncovered area  (16 samples)
[staged]   → robot c: IoU 0.512 → 0.554  ✓
    ↑ new global best IoU 0.554  [phase Ph1 robot c]
[staged]   Ph1 robot d  zone 2  (uncovered: 10% of target)
    [parallel] 10 worker threads, one renderer clone each
    init sampling: best coverage score 301.0px of uncovered area  (16 samples)
[staged]   → robot d: IoU 0.554 → 0.603  ✓
    ↑ new global best IoU 0.603  [phase Ph1 robot d]
[staged]   Ph1 robot e  zone 3  (uncovered: 6% of target)
    [parallel] 10 worker threads, one renderer clone each
    init sampling: best coverage score 106.0px of uncovered area  (16 samples)
[staged]   → robot e: IoU 0.603 → 0.639  ✓
    ↑ new global best IoU 0.639  [phase Ph1 robot e]
[staged] Phase 1 done — composite IoU: 0.639

[staged] Phase 2 — backward pass  (4 iters × 5 robots, sigma=0.300)
[staged]   contributions before Phase 2:
[staged]     robot a: +0.094 IoU
[staged]     robot b: +0.112 IoU
[staged]     robot c: +0.062 IoU
[staged]     robot d: +0.059 IoU
[staged]     robot e: +0.036 IoU  ← low
[staged]   Ph2 robot e  zone 3  (uncovered: 15% of target)
    [parallel] 10 worker threads, one renderer clone each
    init sampling: best coverage score 86.0px of uncovered area  (16 samples)
[staged]   → robot e: candidate 0.630 < current 0.639  ✗ rejected
[staged]   Ph2 robot d  zone 2  (uncovered: 19% of target)
    [parallel] 10 worker threads, one renderer clone each
    init sampling: best coverage score 373.0px of uncovered area  (16 samples)
[staged]   → robot d: candidate 0.635 < current 0.639  ✗ rejected
[staged]   Ph2 robot c  zone 0  (uncovered: 18% of target)
    [parallel] 10 worker threads, one renderer clone each
    init sampling: best coverage score 240.0px of uncovered area  (16 samples)
[staged]   → robot c: candidate 0.585 < current 0.639  ✗ rejected
[staged]   Ph2 robot b  zone 4  (uncovered: 27% of target)
    [parallel] 10 worker threads, one renderer clone each
    init sampling: best coverage score 642.0px of uncovered area  (16 samples)
[staged]   → robot b: IoU 0.639 → 0.644  ✓
    ↑ new global best IoU 0.644  [phase Ph2 robot b]
[staged]   Ph2 robot a  zone 1  (uncovered: 26% of target)
    [parallel] 10 worker threads, one renderer clone each
    init sampling: best coverage score 138.0px of uncovered area  (16 samples)
[staged]   → robot a: IoU 0.644 → 0.657  ✓
    ↑ new global best IoU 0.657  [phase Ph2 robot a]
[staged] Phase 2 done — composite IoU: 0.657

[staged] Best snapshot: Phase 2  IoU=0.657
[staged] Manifold final pass — computing Jacobian  (ε=0.020, 60 renders)
[staged] Manifold basis: k=10D / 30D  (variance≥85%, top eigenvalues: ['429622.44', '292132.66', '241122.95', '111433.34', '109131.79'])
[staged] Manifold did not improve (0.593 vs 0.657), keeping best snapshot
[staged] FD refinement — 5 Adam steps  (300 renders, lr=0.01, ε=0.02)
    ↑ new global best IoU 0.679  [FD refinement]
[staged] FD done — IoU: 0.679  (Δ=+0.023)  ✓
[staged] Done — final IoU: 0.679  loss: 0.3218
[staged] Popsize: per-robot phases=32  final=16  (theory optimum for 6 DOF = 10)

[staged] Hungarian pre-assignment  (5×5 cost matrix, 8 samples/entry = 200 renders)...
[staged]   robot_a → zone 2  robot_b → zone 4  robot_c → zone 0  robot_d → zone 1  robot_e → zone 3

[staged] Phase 1 — forward greedy  (4 iters × 5 robot(s), sigma=0.40×1.00, popsize=32)
[staged]   Ph1 robot a  zone 2  (uncovered: 21% of target)
    [parallel] 10 worker threads, one renderer clone each
    init sampling: best coverage score 550.0px of uncovered area  (16 samples)
[staged]   → robot a: IoU 0.213 → 0.362  ✓
    ↑ new global best IoU 0.362  [phase Ph1 robot a]
[staged]   Ph1 robot b  zone 4  (uncovered: 2% of target)
    [parallel] 10 worker threads, one renderer clone each
    init sampling: best coverage score 3.0px of uncovered area  (16 samples)
[staged]   → robot b: IoU 0.362 → 0.437  ✓
    ↑ new global best IoU 0.437  [phase Ph1 robot b]
[staged]   Ph1 robot c  zone 0  (uncovered: 9% of target)
    [parallel] 10 worker threads, one renderer clone each
    init sampling: best coverage score 296.0px of uncovered area  (16 samples)
[staged]   → robot c: IoU 0.437 → 0.479  ✓
    ↑ new global best IoU 0.479  [phase Ph1 robot c]
[staged]   Ph1 robot d  zone 1  (uncovered: 8% of target)
    [parallel] 10 worker threads, one renderer clone each
    init sampling: best coverage score 93.0px of uncovered area  (16 samples)
[staged]   → robot d: IoU 0.479 → 0.495  ✓
    ↑ new global best IoU 0.495  [phase Ph1 robot d]
[staged]   Ph1 robot e  zone 3  (uncovered: 10% of target)
    [parallel] 10 worker threads, one renderer clone each
    init sampling: best coverage score 66.0px of uncovered area  (16 samples)
[staged]   → robot e: IoU 0.495 → 0.526  ✓
    ↑ new global best IoU 0.526  [phase Ph1 robot e]
[staged] Phase 1 done — composite IoU: 0.526

[staged] Phase 2 — backward pass  (4 iters × 5 robots, sigma=0.300)
[staged]   contributions before Phase 2:
[staged]     robot a: +0.081 IoU
[staged]     robot b: +0.047 IoU  ← low
[staged]     robot c: +0.045 IoU  ← low
[staged]     robot d: +0.021 IoU  ← low
[staged]     robot e: +0.031 IoU  ← low
[staged]   Ph2 robot e  zone 3  (uncovered: 17% of target)
    [parallel] 10 worker threads, one renderer clone each
    init sampling: best coverage score 192.0px of uncovered area  (16 samples)
[staged]   → robot e: IoU 0.526 → 0.537  ✓
    ↑ new global best IoU 0.537  [phase Ph2 robot e]
[staged]   Ph2 robot d  zone 1  (uncovered: 16% of target)
    [parallel] 10 worker threads, one renderer clone each
    init sampling: best coverage score 121.0px of uncovered area  (16 samples)
[staged]   → robot d: IoU 0.537 → 0.538  ✓
    ↑ new global best IoU 0.538  [phase Ph2 robot d]
[staged]   Ph2 robot c  zone 0  (uncovered: 19% of target)
    [parallel] 10 worker threads, one renderer clone each
    init sampling: best coverage score 236.0px of uncovered area  (16 samples)
[staged]   → robot c: IoU 0.538 → 0.554  ✓
    ↑ new global best IoU 0.554  [phase Ph2 robot c]
[staged]   Ph2 robot b  zone 4  (uncovered: 25% of target)
    [parallel] 10 worker threads, one renderer clone each
    init sampling: best coverage score 581.0px of uncovered area  (16 samples)
[staged]   → robot b: IoU 0.554 → 0.565  ✓
    ↑ new global best IoU 0.565  [phase Ph2 robot b]
[staged]   Ph2 robot a  zone 2  (uncovered: 27% of target)
    [parallel] 10 worker threads, one renderer clone each
    init sampling: best coverage score 292.0px of uncovered area  (16 samples)
[staged]   → robot a: candidate 0.552 < current 0.565  ✗ rejected
[staged] Phase 2 done — composite IoU: 0.565

[staged] Best snapshot: Phase 2  IoU=0.565
[staged] Manifold final pass — computing Jacobian  (ε=0.020, 60 renders)
[staged] Manifold basis: k=9D / 30D  (variance≥85%, top eigenvalues: ['413023.53', '350908.75', '125102.16', '99939.65', '86980.09'])
[staged] Manifold did not improve (0.548 vs 0.565), keeping best snapshot
[staged] FD refinement — 5 Adam steps  (300 renders, lr=0.01, ε=0.02)
    ↑ new global best IoU 0.569  [FD refinement]
[staged] FD done — IoU: 0.569  (Δ=+0.003)  ✓
[staged] Done — final IoU: 0.569  loss: 0.4338
[staged] Popsize: per-robot phases=32  final=16  (theory optimum for 6 DOF = 10)

[staged] Hungarian pre-assignment  (5×5 cost matrix, 8 samples/entry = 200 renders)...
[staged]   robot_a → zone 3  robot_b → zone 1  robot_c → zone 0  robot_d → zone 2  robot_e → zone 4

[staged] Phase 1 — forward greedy  (4 iters × 5 robot(s), sigma=0.40×1.00, popsize=32)
[staged]   Ph1 robot a  zone 3  (uncovered: 16% of target)
    [parallel] 10 worker threads, one renderer clone each
    init sampling: best coverage score 252.0px of uncovered area  (16 samples)
[staged]   → robot a: IoU 0.213 → 0.366  ✓
    ↑ new global best IoU 0.366  [phase Ph1 robot a]
[staged]   Ph1 robot b  zone 1  (uncovered: 9% of target)
    [parallel] 10 worker threads, one renderer clone each
    init sampling: best coverage score 107.0px of uncovered area  (16 samples)
[staged]   → robot b: IoU 0.366 → 0.443  ✓
    ↑ new global best IoU 0.443  [phase Ph1 robot b]
[staged]   Ph1 robot c  zone 0  (uncovered: 18% of target)
    [parallel] 10 worker threads, one renderer clone each
    init sampling: best coverage score 85.0px of uncovered area  (16 samples)
[staged]   → robot c: IoU 0.443 → 0.548  ✓
    ↑ new global best IoU 0.548  [phase Ph1 robot c]
[staged]   Ph1 robot d  zone 2  (uncovered: 2% of target)
    [parallel] 10 worker threads, one renderer clone each
    init sampling: best coverage score 46.0px of uncovered area  (16 samples)
[staged]   → robot d: IoU 0.548 → 0.565  ✓
    ↑ new global best IoU 0.565  [phase Ph1 robot d]
[staged]   Ph1 robot e  zone 4  (uncovered: 2% of target)
    [parallel] 10 worker threads, one renderer clone each
    init sampling: best coverage score 44.0px of uncovered area  (16 samples)
[staged]   → robot e: IoU 0.565 → 0.590  ✓
    ↑ new global best IoU 0.590  [phase Ph1 robot e]
[staged] Phase 1 done — composite IoU: 0.590

[staged] Phase 2 — backward pass  (4 iters × 5 robots, sigma=0.300)
[staged]   contributions before Phase 2:
[staged]     robot a: +0.046 IoU  ← low
[staged]     robot b: +0.100 IoU
[staged]     robot c: +0.122 IoU
[staged]     robot d: +0.034 IoU  ← low
[staged]     robot e: +0.024 IoU  ← low
[staged]   Ph2 robot e  zone 4  (uncovered: 13% of target)
    [parallel] 10 worker threads, one renderer clone each
    init sampling: best coverage score 55.0px of uncovered area  (16 samples)
[staged]   → robot e: IoU 0.590 → 0.620  ✓
    ↑ new global best IoU 0.620  [phase Ph2 robot e]
[staged]   Ph2 robot d  zone 2  (uncovered: 9% of target)
    [parallel] 10 worker threads, one renderer clone each
    init sampling: best coverage score 65.0px of uncovered area  (16 samples)
[staged]   → robot d: candidate 0.615 < current 0.620  ✗ rejected
[staged]   Ph2 robot c  zone 0  (uncovered: 12% of target)
    [parallel] 10 worker threads, one renderer clone each
    init sampling: best coverage score 50.0px of uncovered area  (16 samples)
[staged]   → robot c: candidate 0.594 < current 0.620  ✗ rejected
[staged]   Ph2 robot b  zone 1  (uncovered: 22% of target)
    [parallel] 10 worker threads, one renderer clone each
    init sampling: best coverage score 243.0px of uncovered area  (16 samples)
[staged]   → robot b: candidate 0.566 < current 0.620  ✗ rejected
[staged]   Ph2 robot a  zone 3  (uncovered: 28% of target)
    [parallel] 10 worker threads, one renderer clone each
    init sampling: best coverage score 677.0px of uncovered area  (16 samples)
[staged]   → robot a: candidate 0.608 < current 0.620  ✗ rejected
[staged] Phase 2 done — composite IoU: 0.620

[staged] Best snapshot: Phase 2  IoU=0.620
[staged] Manifold final pass — computing Jacobian  (ε=0.020, 60 renders)
[staged] Manifold basis: k=8D / 30D  (variance≥85%, top eigenvalues: ['647380.81', '533549.44', '135256.19', '102453.60', '93841.96'])
[staged] Manifold did not improve (0.599 vs 0.620), keeping best snapshot
[staged] FD refinement — 5 Adam steps  (300 renders, lr=0.01, ε=0.02)
    ↑ new global best IoU 0.646  [FD refinement]
[staged] FD done — IoU: 0.646  (Δ=+0.026)  ✓
[staged] Done — final IoU: 0.646  loss: 0.3553
[staged] Popsize: per-robot phases=32  final=16  (theory optimum for 6 DOF = 10)

[staged] Hungarian pre-assignment  (5×5 cost matrix, 8 samples/entry = 200 renders)...
[staged]   robot_a → zone 3  robot_b → zone 4  robot_c → zone 0  robot_d → zone 2  robot_e → zone 1

[staged] Phase 1 — forward greedy  (4 iters × 5 robot(s), sigma=0.40×1.00, popsize=32)
[staged]   Ph1 robot a  zone 3  (uncovered: 8% of target)
    [parallel] 10 worker threads, one renderer clone each
    init sampling: best coverage score 107.0px of uncovered area  (16 samples)
[staged]   → robot a: IoU 0.213 → 0.366  ✓
    ↑ new global best IoU 0.366  [phase Ph1 robot a]
[staged]   Ph1 robot b  zone 4  (uncovered: 19% of target)
    [parallel] 10 worker threads, one renderer clone each
    init sampling: best coverage score 182.0px of uncovered area  (16 samples)
[staged]   → robot b: IoU 0.366 → 0.519  ✓
    ↑ new global best IoU 0.519  [phase Ph1 robot b]
[staged]   Ph1 robot c  zone 0  (uncovered: 2% of target)
    [parallel] 10 worker threads, one renderer clone each
    init sampling: best coverage score 53.0px of uncovered area  (16 samples)
[staged]   → robot c: IoU 0.519 → 0.551  ✓
    ↑ new global best IoU 0.551  [phase Ph1 robot c]
[staged]   Ph1 robot d  zone 2  (uncovered: 2% of target)
    [parallel] 10 worker threads, one renderer clone each
    init sampling: best coverage score 49.0px of uncovered area  (16 samples)
[staged]   → robot d: IoU 0.551 → 0.558  ✓
    ↑ new global best IoU 0.558  [phase Ph1 robot d]
[staged]   Ph1 robot e  zone 1  (uncovered: 0% of target)
    [parallel] 10 worker threads, one renderer clone each
    init sampling: best coverage score 0.0px of uncovered area  (16 samples)
[staged]   → robot e: IoU 0.558 → 0.568  ✓
    ↑ new global best IoU 0.568  [phase Ph1 robot e]
[staged] Phase 1 done — composite IoU: 0.568

[staged] Phase 2 — backward pass  (4 iters × 5 robots, sigma=0.300)
[staged]   contributions before Phase 2:
[staged]     robot a: +0.063 IoU
[staged]     robot b: +0.115 IoU
[staged]     robot c: +0.054 IoU
[staged]     robot d: +0.022 IoU  ← low
[staged]     robot e: +0.010 IoU  ← low
[staged]   Ph2 robot e  zone 1  (uncovered: 12% of target)
    [parallel] 10 worker threads, one renderer clone each
    init sampling: best coverage score 185.0px of uncovered area  (16 samples)
[staged]   → robot e: IoU 0.568 → 0.609  ✓
    ↑ new global best IoU 0.609  [phase Ph2 robot e]
[staged]   Ph2 robot d  zone 2  (uncovered: 8% of target)
    [parallel] 10 worker threads, one renderer clone each
    init sampling: best coverage score 52.0px of uncovered area  (16 samples)
[staged]   → robot d: IoU 0.609 → 0.615  ✓
    ↑ new global best IoU 0.615  [phase Ph2 robot d]
[staged]   Ph2 robot c  zone 0  (uncovered: 21% of target)
    [parallel] 10 worker threads, one renderer clone each
    init sampling: best coverage score 354.0px of uncovered area  (16 samples)
[staged]   → robot c: IoU 0.615 → 0.618  ✓
    ↑ new global best IoU 0.618  [phase Ph2 robot c]
[staged]   Ph2 robot b  zone 4  (uncovered: 35% of target)
    [parallel] 10 worker threads, one renderer clone each
    init sampling: best coverage score 214.0px of uncovered area  (16 samples)
[staged]   → robot b: candidate 0.597 < current 0.618  ✗ rejected
[staged]   Ph2 robot a  zone 3  (uncovered: 22% of target)
    [parallel] 10 worker threads, one renderer clone each
    init sampling: best coverage score 398.0px of uncovered area  (16 samples)
[staged]   → robot a: candidate 0.594 < current 0.618  ✗ rejected
[staged] Phase 2 done — composite IoU: 0.618

[staged] Best snapshot: Phase 2  IoU=0.618
[staged] Manifold final pass — computing Jacobian  (ε=0.020, 60 renders)
[staged] Manifold basis: k=8D / 30D  (variance≥85%, top eigenvalues: ['454286.56', '231938.62', '118410.83', '109790.91', '98891.79'])
[staged] Manifold did not improve (0.606 vs 0.618), keeping best snapshot
[staged] FD refinement — 5 Adam steps  (300 renders, lr=0.01, ε=0.02)
    ↑ new global best IoU 0.635  [FD refinement]
[staged] FD done — IoU: 0.635  (Δ=+0.017)  ✓
[staged] Done — final IoU: 0.635  loss: 0.3658
[shard 0] 5/10 letters_upper/W_dejavusans-bold  best=0.679 mean=0.627±0.037  120s  eta 0.2h
[staged] Popsize: per-robot phases=32  final=16  (theory optimum for 6 DOF = 10)

[staged] Hungarian pre-assignment  (5×5 cost matrix, 8 samples/entry = 200 renders)...
[staged]   robot_a → zone 0  robot_b → zone 3  robot_c → zone 1  robot_d → zone 4  robot_e → zone 2

[staged] Phase 1 — forward greedy  (4 iters × 5 robot(s), sigma=0.40×1.00, popsize=32)
[staged]   Ph1 robot a  zone 0  (uncovered: 14% of target)
    [parallel] 10 worker threads, one renderer clone each
    init sampling: best coverage score 440.0px of uncovered area  (16 samples)
[staged]   → robot a: IoU 0.157 → 0.398  ✓
    ↑ new global best IoU 0.398  [phase Ph1 robot a]
[staged]   Ph1 robot b  zone 3  (uncovered: 5% of target)
    [parallel] 10 worker threads, one renderer clone each
    init sampling: best coverage score 147.0px of uncovered area  (16 samples)
[staged]   → robot b: IoU 0.398 → 0.426  ✓
    ↑ new global best IoU 0.426  [phase Ph1 robot b]
[staged]   Ph1 robot c  zone 1  (uncovered: 3% of target)
    [parallel] 10 worker threads, one renderer clone each
    init sampling: best coverage score 19.0px of uncovered area  (16 samples)
[staged]   → robot c: IoU 0.426 → 0.481  ✓
    ↑ new global best IoU 0.481  [phase Ph1 robot c]
[staged]   Ph1 robot d  zone 4  (uncovered: 7% of target)
    [parallel] 10 worker threads, one renderer clone each
    init sampling: best coverage score 83.0px of uncovered area  (16 samples)
[staged]   → robot d: IoU 0.481 → 0.539  ✓
    ↑ new global best IoU 0.539  [phase Ph1 robot d]
[staged]   Ph1 robot e  zone 2  (uncovered: 1% of target)
    [parallel] 10 worker threads, one renderer clone each
    init sampling: best coverage score 1.0px of uncovered area  (16 samples)
[staged]   → robot e: IoU 0.539 → 0.570  ✓
    ↑ new global best IoU 0.570  [phase Ph1 robot e]
[staged] Phase 1 done — composite IoU: 0.570

[staged] Phase 2 — backward pass  (4 iters × 5 robots, sigma=0.300)
[staged]   contributions before Phase 2:
[staged]     robot a: +0.007 IoU  ← low
[staged]     robot b: +0.024 IoU  ← low
[staged]     robot c: +0.067 IoU
[staged]     robot d: +0.074 IoU
[staged]     robot e: +0.032 IoU  ← low
[staged]   Ph2 robot e  zone 2  (uncovered: 13% of target)
    [parallel] 10 worker threads, one renderer clone each
    init sampling: best coverage score 209.0px of uncovered area  (16 samples)
[staged]   → robot e: IoU 0.570 → 0.583  ✓
    ↑ new global best IoU 0.583  [phase Ph2 robot e]
[staged]   Ph2 robot d  zone 4  (uncovered: 17% of target)
    [parallel] 10 worker threads, one renderer clone each
    init sampling: best coverage score 111.0px of uncovered area  (16 samples)
[staged]   → robot d: candidate 0.552 < current 0.583  ✗ rejected
[staged]   Ph2 robot c  zone 1  (uncovered: 18% of target)
    [parallel] 10 worker threads, one renderer clone each
    init sampling: best coverage score 120.0px of uncovered area  (16 samples)
[staged]   → robot c: candidate 0.564 < current 0.583  ✗ rejected
[staged]   Ph2 robot b  zone 3  (uncovered: 20% of target)
    [parallel] 10 worker threads, one renderer clone each
    init sampling: best coverage score 289.0px of uncovered area  (16 samples)
[staged]   → robot b: candidate 0.553 < current 0.583  ✗ rejected
[staged]   Ph2 robot a  zone 0  (uncovered: 23% of target)
    [parallel] 10 worker threads, one renderer clone each
    init sampling: best coverage score 292.0px of uncovered area  (16 samples)
[staged]   → robot a: candidate 0.571 < current 0.583  ✗ rejected
[staged] Phase 2 done — composite IoU: 0.583

[staged] Best snapshot: Phase 2  IoU=0.583
[staged] Manifold final pass — computing Jacobian  (ε=0.020, 60 renders)
[staged] Manifold basis: k=9D / 30D  (variance≥85%, top eigenvalues: ['506104.66', '351761.38', '173430.83', '169298.08', '139337.62'])
[staged] Manifold did not improve (0.578 vs 0.583), keeping best snapshot
[staged] FD refinement — 5 Adam steps  (300 renders, lr=0.01, ε=0.02)
    ↑ new global best IoU 0.606  [FD refinement]
[staged] FD done — IoU: 0.606  (Δ=+0.023)  ✓
[staged] Done — final IoU: 0.606  loss: 0.3978
[staged] Popsize: per-robot phases=32  final=16  (theory optimum for 6 DOF = 10)

[staged] Hungarian pre-assignment  (5×5 cost matrix, 8 samples/entry = 200 renders)...
[staged]   robot_a → zone 4  robot_b → zone 3  robot_c → zone 0  robot_d → zone 2  robot_e → zone 1

[staged] Phase 1 — forward greedy  (4 iters × 5 robot(s), sigma=0.40×1.00, popsize=32)
[staged]   Ph1 robot a  zone 4  (uncovered: 24% of target)
    [parallel] 10 worker threads, one renderer clone each
    init sampling: best coverage score 288.0px of uncovered area  (16 samples)
[staged]   → robot a: IoU 0.157 → 0.478  ✓
    ↑ new global best IoU 0.478  [phase Ph1 robot a]
[staged]   Ph1 robot b  zone 3  (uncovered: 13% of target)
    [parallel] 10 worker threads, one renderer clone each
    init sampling: best coverage score 280.0px of uncovered area  (16 samples)
[staged]   → robot b: IoU 0.478 → 0.499  ✓
    ↑ new global best IoU 0.499  [phase Ph1 robot b]
[staged]   Ph1 robot c  zone 0  (uncovered: 11% of target)
    [parallel] 10 worker threads, one renderer clone each
    init sampling: best coverage score 66.0px of uncovered area  (16 samples)
[staged]   → robot c: IoU 0.499 → 0.546  ✓
    ↑ new global best IoU 0.546  [phase Ph1 robot c]
[staged]   Ph1 robot d  zone 2  (uncovered: 1% of target)
    [parallel] 10 worker threads, one renderer clone each
    init sampling: best coverage score 44.0px of uncovered area  (16 samples)
[staged]   → robot d: IoU 0.546 → 0.573  ✓
    ↑ new global best IoU 0.573  [phase Ph1 robot d]
[staged]   Ph1 robot e  zone 1  (uncovered: 8% of target)
    [parallel] 10 worker threads, one renderer clone each
    init sampling: best coverage score 299.0px of uncovered area  (16 samples)
[staged]   → robot e: IoU 0.573 → 0.659  ✓
    ↑ new global best IoU 0.659  [phase Ph1 robot e]
[staged] Phase 1 done — composite IoU: 0.659

[staged] Phase 2 — backward pass  (4 iters × 5 robots, sigma=0.300)
[staged]   contributions before Phase 2:
[staged]     robot a: +0.192 IoU
[staged]     robot b: +0.048 IoU  ← low
[staged]     robot c: +0.090 IoU
[staged]     robot d: +0.054 IoU
[staged]     robot e: +0.086 IoU
[staged]   Ph2 robot e  zone 1  (uncovered: 28% of target)
    [parallel] 10 worker threads, one renderer clone each
    init sampling: best coverage score 263.0px of uncovered area  (16 samples)
[staged]   → robot e: candidate 0.623 < current 0.659  ✗ rejected
[staged]   Ph2 robot d  zone 2  (uncovered: 23% of target)
    [parallel] 10 worker threads, one renderer clone each
    init sampling: best coverage score 229.0px of uncovered area  (16 samples)
[staged]   → robot d: candidate 0.651 < current 0.659  ✗ rejected
[staged]   Ph2 robot c  zone 0  (uncovered: 29% of target)
    [parallel] 10 worker threads, one renderer clone each
    init sampling: best coverage score 223.0px of uncovered area  (16 samples)
[staged]   → robot c: candidate 0.607 < current 0.659  ✗ rejected
[staged]   Ph2 robot b  zone 3  (uncovered: 21% of target)
    [parallel] 10 worker threads, one renderer clone each
    init sampling: best coverage score 390.0px of uncovered area  (16 samples)
[staged]   → robot b: IoU 0.659 → 0.666  ✓
    ↑ new global best IoU 0.666  [phase Ph2 robot b]
[staged]   Ph2 robot a  zone 4  (uncovered: 41% of target)
    [parallel] 10 worker threads, one renderer clone each
    init sampling: best coverage score 448.0px of uncovered area  (16 samples)
[staged]   → robot a: candidate 0.641 < current 0.666  ✗ rejected
[staged] Phase 2 done — composite IoU: 0.666

[staged] Best snapshot: Phase 2  IoU=0.666
[staged] Manifold final pass — computing Jacobian  (ε=0.020, 60 renders)
[staged] Manifold basis: k=9D / 30D  (variance≥85%, top eigenvalues: ['434628.34', '149416.09', '105256.22', '83403.62', '75819.09'])
    ↑ new global best IoU 0.676  [manifold final pass]
[staged] Manifold done — IoU: 0.676  (Δ=+0.010)  ✓
[staged] FD refinement — 5 Adam steps  (300 renders, lr=0.01, ε=0.02)
    ↑ new global best IoU 0.715  [FD refinement]
[staged] FD done — IoU: 0.715  (Δ=+0.040)  ✓
[staged] Done — final IoU: 0.715  loss: 0.2856
[staged] Popsize: per-robot phases=32  final=16  (theory optimum for 6 DOF = 10)

[staged] Hungarian pre-assignment  (5×5 cost matrix, 8 samples/entry = 200 renders)...
[staged]   robot_a → zone 1  robot_b → zone 4  robot_c → zone 2  robot_d → zone 3  robot_e → zone 0

[staged] Phase 1 — forward greedy  (4 iters × 5 robot(s), sigma=0.40×1.00, popsize=32)
[staged]   Ph1 robot a  zone 1  (uncovered: 18% of target)
    [parallel] 10 worker threads, one renderer clone each
    init sampling: best coverage score 563.0px of uncovered area  (16 samples)
[staged]   → robot a: IoU 0.157 → 0.423  ✓
    ↑ new global best IoU 0.423  [phase Ph1 robot a]
[staged]   Ph1 robot b  zone 4  (uncovered: 12% of target)
    [parallel] 10 worker threads, one renderer clone each
    init sampling: best coverage score 163.0px of uncovered area  (16 samples)
[staged]   → robot b: IoU 0.423 → 0.481  ✓
    ↑ new global best IoU 0.481  [phase Ph1 robot b]
[staged]   Ph1 robot c  zone 2  (uncovered: 7% of target)
    [parallel] 10 worker threads, one renderer clone each
    init sampling: best coverage score 230.0px of uncovered area  (16 samples)
[staged]   → robot c: IoU 0.481 → 0.505  ✓
    ↑ new global best IoU 0.505  [phase Ph1 robot c]
[staged]   Ph1 robot d  zone 3  (uncovered: 7% of target)
    [parallel] 10 worker threads, one renderer clone each
    init sampling: best coverage score 103.0px of uncovered area  (16 samples)
[staged]   → robot d: IoU 0.505 → 0.579  ✓
    ↑ new global best IoU 0.579  [phase Ph1 robot d]
[staged]   Ph1 robot e  zone 0  (uncovered: 4% of target)
    [parallel] 10 worker threads, one renderer clone each
    init sampling: best coverage score 19.0px of uncovered area  (16 samples)
[staged]   → robot e: IoU 0.579 → 0.612  ✓
    ↑ new global best IoU 0.612  [phase Ph1 robot e]
[staged] Phase 1 done — composite IoU: 0.612

[staged] Phase 2 — backward pass  (4 iters × 5 robots, sigma=0.300)
[staged]   contributions before Phase 2:
[staged]     robot a: +0.210 IoU
[staged]     robot b: +0.084 IoU
[staged]     robot c: +0.047 IoU  ← low
[staged]     robot d: +0.084 IoU
[staged]     robot e: +0.032 IoU  ← low
[staged]   Ph2 robot e  zone 0  (uncovered: 18% of target)
    [parallel] 10 worker threads, one renderer clone each
    init sampling: best coverage score 77.0px of uncovered area  (16 samples)
[staged]   → robot e: IoU 0.612 → 0.616  ✓
    ↑ new global best IoU 0.616  [phase Ph2 robot e]
[staged]   Ph2 robot d  zone 3  (uncovered: 26% of target)
    [parallel] 10 worker threads, one renderer clone each
    init sampling: best coverage score 215.0px of uncovered area  (16 samples)
[staged]   → robot d: candidate 0.570 < current 0.616  ✗ rejected
[staged]   Ph2 robot c  zone 2  (uncovered: 21% of target)
    [parallel] 10 worker threads, one renderer clone each
    init sampling: best coverage score 252.0px of uncovered area  (16 samples)
[staged]   → robot c: IoU 0.616 → 0.643  ✓
    ↑ new global best IoU 0.643  [phase Ph2 robot c]
[staged]   Ph2 robot b  zone 4  (uncovered: 29% of target)
    [parallel] 10 worker threads, one renderer clone each
    init sampling: best coverage score 302.0px of uncovered area  (16 samples)
[staged]   → robot b: candidate 0.607 < current 0.643  ✗ rejected
[staged]   Ph2 robot a  zone 1  (uncovered: 28% of target)
    [parallel] 10 worker threads, one renderer clone each
    init sampling: best coverage score 490.0px of uncovered area  (16 samples)
[staged]   → robot a: candidate 0.620 < current 0.643  ✗ rejected
[staged] Phase 2 done — composite IoU: 0.643

[staged] Best snapshot: Phase 2  IoU=0.643
[staged] Manifold final pass — computing Jacobian  (ε=0.020, 60 renders)
[staged] Manifold basis: k=8D / 30D  (variance≥85%, top eigenvalues: ['582866.94', '298765.22', '209809.28', '69135.76', '67227.90'])
    ↑ new global best IoU 0.644  [manifold final pass]
[staged] Manifold done — IoU: 0.644  (Δ=+0.001)  ✓
[staged] FD refinement — 5 Adam steps  (300 renders, lr=0.01, ε=0.02)
    ↑ new global best IoU 0.661  [FD refinement]
[staged] FD done — IoU: 0.661  (Δ=+0.017)  ✓
[staged] Done — final IoU: 0.661  loss: 0.3410
[staged] Popsize: per-robot phases=32  final=16  (theory optimum for 6 DOF = 10)

[staged] Hungarian pre-assignment  (5×5 cost matrix, 8 samples/entry = 200 renders)...
[staged]   robot_a → zone 0  robot_b → zone 2  robot_c → zone 1  robot_d → zone 3  robot_e → zone 4

[staged] Phase 1 — forward greedy  (4 iters × 5 robot(s), sigma=0.40×1.00, popsize=32)
[staged]   Ph1 robot a  zone 0  (uncovered: 18% of target)
    [parallel] 10 worker threads, one renderer clone each
    init sampling: best coverage score 602.0px of uncovered area  (16 samples)
[staged]   → robot a: IoU 0.157 → 0.438  ✓
    ↑ new global best IoU 0.438  [phase Ph1 robot a]
[staged]   Ph1 robot b  zone 2  (uncovered: 15% of target)
    [parallel] 10 worker threads, one renderer clone each
    init sampling: best coverage score 384.0px of uncovered area  (16 samples)
[staged]   → robot b: IoU 0.438 → 0.473  ✓
    ↑ new global best IoU 0.473  [phase Ph1 robot b]
[staged]   Ph1 robot c  zone 1  (uncovered: 8% of target)
    [parallel] 10 worker threads, one renderer clone each
    init sampling: best coverage score 133.0px of uncovered area  (16 samples)
[staged]   → robot c: IoU 0.473 → 0.525  ✓
    ↑ new global best IoU 0.525  [phase Ph1 robot c]
[staged]   Ph1 robot d  zone 3  (uncovered: 4% of target)
    [parallel] 10 worker threads, one renderer clone each
    init sampling: best coverage score 92.0px of uncovered area  (16 samples)
[staged]   → robot d: IoU 0.525 → 0.554  ✓
    ↑ new global best IoU 0.554  [phase Ph1 robot d]
[staged]   Ph1 robot e  zone 4  (uncovered: 3% of target)
    [parallel] 10 worker threads, one renderer clone each
    init sampling: best coverage score 47.0px of uncovered area  (16 samples)
[staged]   → robot e: IoU 0.554 → 0.575  ✓
    ↑ new global best IoU 0.575  [phase Ph1 robot e]
[staged] Phase 1 done — composite IoU: 0.575

[staged] Phase 2 — backward pass  (4 iters × 5 robots, sigma=0.300)
[staged]   contributions before Phase 2:
[staged]     robot a: +0.122 IoU
[staged]     robot b: +0.038 IoU  ← low
[staged]     robot c: +0.062 IoU
[staged]     robot d: +0.043 IoU  ← low
[staged]     robot e: +0.021 IoU  ← low
[staged]   Ph2 robot e  zone 4  (uncovered: 14% of target)
    [parallel] 10 worker threads, one renderer clone each
    init sampling: best coverage score 143.0px of uncovered area  (16 samples)
[staged]   → robot e: candidate 0.573 < current 0.575  ✗ rejected
[staged]   Ph2 robot d  zone 3  (uncovered: 17% of target)
    [parallel] 10 worker threads, one renderer clone each
    init sampling: best coverage score 136.0px of uncovered area  (16 samples)
[staged]   → robot d: candidate 0.543 < current 0.575  ✗ rejected
[staged]   Ph2 robot c  zone 1  (uncovered: 28% of target)
    [parallel] 10 worker threads, one renderer clone each
    init sampling: best coverage score 399.0px of uncovered area  (16 samples)
[staged]   → robot c: candidate 0.573 < current 0.575  ✗ rejected
[staged]   Ph2 robot b  zone 2  (uncovered: 16% of target)
    [parallel] 10 worker threads, one renderer clone each
    init sampling: best coverage score 162.0px of uncovered area  (16 samples)
[staged]   → robot b: IoU 0.575 → 0.580  ✓
    ↑ new global best IoU 0.580  [phase Ph2 robot b]
[staged]   Ph2 robot a  zone 0  (uncovered: 37% of target)
    [parallel] 10 worker threads, one renderer clone each
    init sampling: best coverage score 985.0px of uncovered area  (16 samples)
[staged]   → robot a: candidate 0.580 < current 0.580  ✗ rejected
[staged] Phase 2 done — composite IoU: 0.580

[staged] Best snapshot: Phase 2  IoU=0.580
[staged] Manifold final pass — computing Jacobian  (ε=0.020, 60 renders)
[staged] Manifold basis: k=7D / 30D  (variance≥85%, top eigenvalues: ['887110.62', '249456.72', '247619.81', '106021.48', '79431.40'])
    ↑ new global best IoU 0.588  [manifold final pass]
[staged] Manifold done — IoU: 0.588  (Δ=+0.008)  ✓
[staged] FD refinement — 5 Adam steps  (300 renders, lr=0.01, ε=0.02)
    ↑ new global best IoU 0.608  [FD refinement]
[staged] FD done — IoU: 0.608  (Δ=+0.020)  ✓
[staged] Done — final IoU: 0.608  loss: 0.3954
[staged] Popsize: per-robot phases=32  final=16  (theory optimum for 6 DOF = 10)

[staged] Hungarian pre-assignment  (5×5 cost matrix, 8 samples/entry = 200 renders)...
[staged]   robot_a → zone 3  robot_b → zone 4  robot_c → zone 1  robot_d → zone 2  robot_e → zone 0

[staged] Phase 1 — forward greedy  (4 iters × 5 robot(s), sigma=0.40×1.00, popsize=32)
[staged]   Ph1 robot a  zone 3  (uncovered: 17% of target)
    [parallel] 10 worker threads, one renderer clone each
    init sampling: best coverage score 486.0px of uncovered area  (16 samples)
[staged]   → robot a: IoU 0.157 → 0.439  ✓
    ↑ new global best IoU 0.439  [phase Ph1 robot a]
[staged]   Ph1 robot b  zone 4  (uncovered: 14% of target)
    [parallel] 10 worker threads, one renderer clone each
    init sampling: best coverage score 254.0px of uncovered area  (16 samples)
[staged]   → robot b: IoU 0.439 → 0.442  ✓
    ↑ new global best IoU 0.442  [phase Ph1 robot b]
[staged]   Ph1 robot c  zone 1  (uncovered: 5% of target)
    [parallel] 10 worker threads, one renderer clone each
    init sampling: best coverage score 190.0px of uncovered area  (16 samples)
[staged]   → robot c: IoU 0.442 → 0.491  ✓
    ↑ new global best IoU 0.491  [phase Ph1 robot c]
[staged]   Ph1 robot d  zone 2  (uncovered: 3% of target)
    [parallel] 10 worker threads, one renderer clone each
    init sampling: best coverage score 43.0px of uncovered area  (16 samples)
[staged]   → robot d: IoU 0.491 → 0.531  ✓
    ↑ new global best IoU 0.531  [phase Ph1 robot d]
[staged]   Ph1 robot e  zone 0  (uncovered: 0% of target)
    [parallel] 10 worker threads, one renderer clone each
    init sampling: best coverage score 5.0px of uncovered area  (16 samples)
[staged]   → robot e: IoU 0.531 → 0.565  ✓
    ↑ new global best IoU 0.565  [phase Ph1 robot e]
[staged] Phase 1 done — composite IoU: 0.565

[staged] Phase 2 — backward pass  (4 iters × 5 robots, sigma=0.300)
[staged]   contributions before Phase 2:
[staged]     robot a: +0.136 IoU
[staged]     robot b: +0.008 IoU  ← low
[staged]     robot c: +0.061 IoU
[staged]     robot d: +0.043 IoU  ← low
[staged]     robot e: +0.034 IoU  ← low
[staged]   Ph2 robot e  zone 0  (uncovered: 23% of target)
    [parallel] 10 worker threads, one renderer clone each
    init sampling: best coverage score 175.0px of uncovered area  (16 samples)
[staged]   → robot e: IoU 0.565 → 0.586  ✓
    ↑ new global best IoU 0.586  [phase Ph2 robot e]
[staged]   Ph2 robot d  zone 2  (uncovered: 24% of target)
    [parallel] 10 worker threads, one renderer clone each
    init sampling: best coverage score 181.0px of uncovered area  (16 samples)
[staged]   → robot d: candidate 0.555 < current 0.586  ✗ rejected
[staged]   Ph2 robot c  zone 1  (uncovered: 22% of target)
    [parallel] 10 worker threads, one renderer clone each
    init sampling: best coverage score 139.0px of uncovered area  (16 samples)
[staged]   → robot c: candidate 0.562 < current 0.586  ✗ rejected
[staged]   Ph2 robot b  zone 4  (uncovered: 16% of target)
    [parallel] 10 worker threads, one renderer clone each
    init sampling: best coverage score 253.0px of uncovered area  (16 samples)
[staged]   → robot b: IoU 0.586 → 0.606  ✓
    ↑ new global best IoU 0.606  [phase Ph2 robot b]
[staged]   Ph2 robot a  zone 3  (uncovered: 33% of target)
    [parallel] 10 worker threads, one renderer clone each
    init sampling: best coverage score 697.0px of uncovered area  (16 samples)
[staged]   → robot a: candidate 0.569 < current 0.606  ✗ rejected
[staged] Phase 2 done — composite IoU: 0.606

[staged] Best snapshot: Phase 2  IoU=0.606
[staged] Manifold final pass — computing Jacobian  (ε=0.020, 60 renders)
[staged] Manifold basis: k=8D / 30D  (variance≥85%, top eigenvalues: ['624874.50', '123807.68', '100699.51', '85038.90', '73318.95'])
[staged] Manifold did not improve (0.565 vs 0.606), keeping best snapshot
[staged] FD refinement — 5 Adam steps  (300 renders, lr=0.01, ε=0.02)
    ↑ new global best IoU 0.616  [FD refinement]
[staged] FD done — IoU: 0.616  (Δ=+0.010)  ✓
[staged] Done — final IoU: 0.616  loss: 0.3868
[shard 0] 6/10 digits/2_dejavusans-bold  best=0.715 mean=0.641±0.042  119s  eta 0.1h
[staged] Popsize: per-robot phases=32  final=16  (theory optimum for 6 DOF = 10)

[staged] Hungarian pre-assignment  (5×5 cost matrix, 8 samples/entry = 200 renders)...
[staged]   robot_a → zone 1  robot_b → zone 0  robot_c → zone 4  robot_d → zone 3  robot_e → zone 2

[staged] Phase 1 — forward greedy  (4 iters × 5 robot(s), sigma=0.40×1.00, popsize=32)
[staged]   Ph1 robot a  zone 1  (uncovered: 15% of target)
    [parallel] 10 worker threads, one renderer clone each
    init sampling: best coverage score 442.0px of uncovered area  (16 samples)
[staged]   → robot a: IoU 0.113 → 0.402  ✓
    ↑ new global best IoU 0.402  [phase Ph1 robot a]
[staged]   Ph1 robot b  zone 0  (uncovered: 8% of target)
    [parallel] 10 worker threads, one renderer clone each
    init sampling: best coverage score 18.0px of uncovered area  (16 samples)
[staged]   → robot b: IoU 0.402 → 0.495  ✓
    ↑ new global best IoU 0.495  [phase Ph1 robot b]
[staged]   Ph1 robot c  zone 4  (uncovered: 2% of target)
    [parallel] 10 worker threads, one renderer clone each
    init sampling: best coverage score 3.0px of uncovered area  (16 samples)
[staged]   → robot c: IoU 0.495 → 0.530  ✓
    ↑ new global best IoU 0.530  [phase Ph1 robot c]
[staged]   Ph1 robot d  zone 3  (uncovered: 6% of target)
    [parallel] 10 worker threads, one renderer clone each
    init sampling: best coverage score 238.0px of uncovered area  (16 samples)
[staged]   → robot d: IoU 0.530 → 0.560  ✓
    ↑ new global best IoU 0.560  [phase Ph1 robot d]
[staged]   Ph1 robot e  zone 2  (uncovered: 4% of target)
    [parallel] 10 worker threads, one renderer clone each
    init sampling: best coverage score 114.0px of uncovered area  (16 samples)
[staged]   → robot e: IoU 0.560 → 0.596  ✓
    ↑ new global best IoU 0.596  [phase Ph1 robot e]
[staged] Phase 1 done — composite IoU: 0.596

[staged] Phase 2 — backward pass  (4 iters × 5 robots, sigma=0.300)
[staged]   contributions before Phase 2:
[staged]     robot a: +0.181 IoU
[staged]     robot b: +0.098 IoU
[staged]     robot c: +0.056 IoU
[staged]     robot d: +0.045 IoU  ← low
[staged]     robot e: +0.036 IoU  ← low
[staged]   Ph2 robot e  zone 2  (uncovered: 19% of target)
    [parallel] 10 worker threads, one renderer clone each
    init sampling: best coverage score 158.0px of uncovered area  (16 samples)
[staged]   → robot e: IoU 0.596 → 0.609  ✓
    ↑ new global best IoU 0.609  [phase Ph2 robot e]
[staged]   Ph2 robot d  zone 3  (uncovered: 19% of target)
    [parallel] 10 worker threads, one renderer clone each
    init sampling: best coverage score 205.0px of uncovered area  (16 samples)
[staged]   → robot d: candidate 0.608 < current 0.609  ✗ rejected
[staged]   Ph2 robot c  zone 4  (uncovered: 19% of target)
    [parallel] 10 worker threads, one renderer clone each
    init sampling: best coverage score 143.0px of uncovered area  (16 samples)
[staged]   → robot c: IoU 0.609 → 0.612  ✓
    ↑ new global best IoU 0.612  [phase Ph2 robot c]
[staged]   Ph2 robot b  zone 0  (uncovered: 31% of target)
    [parallel] 10 worker threads, one renderer clone each
    init sampling: best coverage score 398.0px of uncovered area  (16 samples)
[staged]   → robot b: candidate 0.586 < current 0.612  ✗ rejected
[staged]   Ph2 robot a  zone 1  (uncovered: 36% of target)
    [parallel] 10 worker threads, one renderer clone each
    init sampling: best coverage score 225.0px of uncovered area  (16 samples)
[staged]   → robot a: candidate 0.532 < current 0.612  ✗ rejected
[staged] Phase 2 done — composite IoU: 0.612

[staged] Best snapshot: Phase 2  IoU=0.612
[staged] Manifold final pass — computing Jacobian  (ε=0.020, 60 renders)
[staged] Manifold basis: k=9D / 30D  (variance≥85%, top eigenvalues: ['607668.44', '144589.39', '142697.78', '105010.19', '92470.47'])
    ↑ new global best IoU 0.629  [manifold final pass]
[staged] Manifold done — IoU: 0.629  (Δ=+0.017)  ✓
[staged] FD refinement — 5 Adam steps  (300 renders, lr=0.01, ε=0.02)
    ↑ new global best IoU 0.639  [FD refinement]
[staged] FD done — IoU: 0.639  (Δ=+0.010)  ✓
[staged] Done — final IoU: 0.639  loss: 0.3642
[staged] Popsize: per-robot phases=32  final=16  (theory optimum for 6 DOF = 10)

[staged] Hungarian pre-assignment  (5×5 cost matrix, 8 samples/entry = 200 renders)...
[staged]   robot_a → zone 3  robot_b → zone 4  robot_c → zone 2  robot_d → zone 1  robot_e → zone 0

[staged] Phase 1 — forward greedy  (4 iters × 5 robot(s), sigma=0.40×1.00, popsize=32)
[staged]   Ph1 robot a  zone 3  (uncovered: 22% of target)
    [parallel] 10 worker threads, one renderer clone each
    init sampling: best coverage score 222.0px of uncovered area  (16 samples)
[staged]   → robot a: IoU 0.113 → 0.400  ✓
    ↑ new global best IoU 0.400  [phase Ph1 robot a]
[staged]   Ph1 robot b  zone 4  (uncovered: 12% of target)
    [parallel] 10 worker threads, one renderer clone each
    init sampling: best coverage score 244.0px of uncovered area  (16 samples)
[staged]   → robot b: IoU 0.400 → 0.454  ✓
    ↑ new global best IoU 0.454  [phase Ph1 robot b]
[staged]   Ph1 robot c  zone 2  (uncovered: 14% of target)
    [parallel] 10 worker threads, one renderer clone each
    init sampling: best coverage score 165.0px of uncovered area  (16 samples)
[staged]   → robot c: IoU 0.454 → 0.510  ✓
    ↑ new global best IoU 0.510  [phase Ph1 robot c]
[staged]   Ph1 robot d  zone 1  (uncovered: 2% of target)
    [parallel] 10 worker threads, one renderer clone each
    init sampling: best coverage score 74.0px of uncovered area  (16 samples)
[staged]   → robot d: IoU 0.510 → 0.534  ✓
    ↑ new global best IoU 0.534  [phase Ph1 robot d]
[staged]   Ph1 robot e  zone 0  (uncovered: 5% of target)
    [parallel] 10 worker threads, one renderer clone each
    init sampling: best coverage score 209.0px of uncovered area  (16 samples)
[staged]   → robot e: IoU 0.534 → 0.575  ✓
    ↑ new global best IoU 0.575  [phase Ph1 robot e]
[staged] Phase 1 done — composite IoU: 0.575

[staged] Phase 2 — backward pass  (4 iters × 5 robots, sigma=0.300)
[staged]   contributions before Phase 2:
[staged]     robot a: +0.158 IoU
[staged]     robot b: +0.077 IoU
[staged]     robot c: +0.075 IoU
[staged]     robot d: +0.041 IoU  ← low
[staged]     robot e: +0.042 IoU  ← low
[staged]   Ph2 robot e  zone 0  (uncovered: 19% of target)
    [parallel] 10 worker threads, one renderer clone each
    init sampling: best coverage score 167.0px of uncovered area  (16 samples)
[staged]   → robot e: candidate 0.565 < current 0.575  ✗ rejected
[staged]   Ph2 robot d  zone 1  (uncovered: 18% of target)
    [parallel] 10 worker threads, one renderer clone each
    init sampling: best coverage score 80.0px of uncovered area  (16 samples)
[staged]   → robot d: candidate 0.574 < current 0.575  ✗ rejected
[staged]   Ph2 robot c  zone 2  (uncovered: 23% of target)
    [parallel] 10 worker threads, one renderer clone each
    init sampling: best coverage score 67.0px of uncovered area  (16 samples)
[staged]   → robot c: candidate 0.532 < current 0.575  ✗ rejected
[staged]   Ph2 robot b  zone 4  (uncovered: 30% of target)
    [parallel] 10 worker threads, one renderer clone each
    init sampling: best coverage score 644.0px of uncovered area  (16 samples)
[staged]   → robot b: IoU 0.575 → 0.578  ✓
    ↑ new global best IoU 0.578  [phase Ph2 robot b]
[staged]   Ph2 robot a  zone 3  (uncovered: 38% of target)
    [parallel] 10 worker threads, one renderer clone each
    init sampling: best coverage score 294.0px of uncovered area  (16 samples)
[staged]   → robot a: candidate 0.567 < current 0.578  ✗ rejected
[staged] Phase 2 done — composite IoU: 0.578

[staged] Best snapshot: Phase 2  IoU=0.578
[staged] Manifold final pass — computing Jacobian  (ε=0.020, 60 renders)
[staged] Manifold basis: k=9D / 30D  (variance≥85%, top eigenvalues: ['494498.06', '206723.86', '104697.06', '89692.23', '61069.51'])
[staged] Manifold did not improve (0.574 vs 0.578), keeping best snapshot
[staged] FD refinement — 5 Adam steps  (300 renders, lr=0.01, ε=0.02)
    ↑ new global best IoU 0.594  [FD refinement]
[staged] FD done — IoU: 0.594  (Δ=+0.016)  ✓
[staged] Done — final IoU: 0.594  loss: 0.4090
[staged] Popsize: per-robot phases=32  final=16  (theory optimum for 6 DOF = 10)

[staged] Hungarian pre-assignment  (5×5 cost matrix, 8 samples/entry = 200 renders)...
[staged]   robot_a → zone 4  robot_b → zone 0  robot_c → zone 2  robot_d → zone 3  robot_e → zone 1

[staged] Phase 1 — forward greedy  (4 iters × 5 robot(s), sigma=0.40×1.00, popsize=32)
[staged]   Ph1 robot a  zone 4  (uncovered: 12% of target)
    [parallel] 10 worker threads, one renderer clone each
    init sampling: best coverage score 254.0px of uncovered area  (16 samples)
[staged]   → robot a: IoU 0.113 → 0.381  ✓
    ↑ new global best IoU 0.381  [phase Ph1 robot a]
[staged]   Ph1 robot b  zone 0  (uncovered: 10% of target)
    [parallel] 10 worker threads, one renderer clone each
    init sampling: best coverage score 200.0px of uncovered area  (16 samples)
[staged]   → robot b: IoU 0.381 → 0.453  ✓
    ↑ new global best IoU 0.453  [phase Ph1 robot b]
[staged]   Ph1 robot c  zone 2  (uncovered: 5% of target)
    [parallel] 10 worker threads, one renderer clone each
    init sampling: best coverage score 199.0px of uncovered area  (16 samples)
[staged]   → robot c: IoU 0.453 → 0.479  ✓
    ↑ new global best IoU 0.479  [phase Ph1 robot c]
[staged]   Ph1 robot d  zone 3  (uncovered: 3% of target)
    [parallel] 10 worker threads, one renderer clone each
    init sampling: best coverage score 9.0px of uncovered area  (16 samples)
[staged]   → robot d: IoU 0.479 → 0.527  ✓
    ↑ new global best IoU 0.527  [phase Ph1 robot d]
[staged]   Ph1 robot e  zone 1  (uncovered: 4% of target)
    [parallel] 10 worker threads, one renderer clone each
    init sampling: best coverage score 61.0px of uncovered area  (16 samples)
[staged]   → robot e: IoU 0.527 → 0.570  ✓
    ↑ new global best IoU 0.570  [phase Ph1 robot e]
[staged] Phase 1 done — composite IoU: 0.570

[staged] Phase 2 — backward pass  (4 iters × 5 robots, sigma=0.300)
[staged]   contributions before Phase 2:
[staged]     robot a: +0.114 IoU
[staged]     robot b: +0.085 IoU
[staged]     robot c: +0.043 IoU  ← low
[staged]     robot d: +0.048 IoU  ← low
[staged]     robot e: +0.043 IoU  ← low
[staged]   Ph2 robot e  zone 1  (uncovered: 17% of target)
    [parallel] 10 worker threads, one renderer clone each
    init sampling: best coverage score 208.0px of uncovered area  (16 samples)
[staged]   → robot e: candidate 0.552 < current 0.570  ✗ rejected
[staged]   Ph2 robot d  zone 3  (uncovered: 18% of target)
    [parallel] 10 worker threads, one renderer clone each
    init sampling: best coverage score 213.0px of uncovered area  (16 samples)
[staged]   → robot d: candidate 0.566 < current 0.570  ✗ rejected
[staged]   Ph2 robot c  zone 2  (uncovered: 17% of target)
    [parallel] 10 worker threads, one renderer clone each
    init sampling: best coverage score 224.0px of uncovered area  (16 samples)
[staged]   → robot c: IoU 0.570 → 0.576  ✓
    ↑ new global best IoU 0.576  [phase Ph2 robot c]
[staged]   Ph2 robot b  zone 0  (uncovered: 28% of target)
    [parallel] 10 worker threads, one renderer clone each
    init sampling: best coverage score 621.0px of uncovered area  (16 samples)
[staged]   → robot b: candidate 0.572 < current 0.576  ✗ rejected
[staged]   Ph2 robot a  zone 4  (uncovered: 39% of target)
    [parallel] 10 worker threads, one renderer clone each
    init sampling: best coverage score 937.0px of uncovered area  (16 samples)
[staged]   → robot a: IoU 0.576 → 0.593  ✓
    ↑ new global best IoU 0.593  [phase Ph2 robot a]
[staged] Phase 2 done — composite IoU: 0.593

[staged] Best snapshot: Phase 2  IoU=0.593
[staged] Manifold final pass — computing Jacobian  (ε=0.020, 60 renders)
[staged] Manifold basis: k=9D / 30D  (variance≥85%, top eigenvalues: ['679638.06', '224317.14', '108374.30', '106545.11', '61788.67'])
[staged] Manifold did not improve (0.588 vs 0.593), keeping best snapshot
[staged] FD refinement — 5 Adam steps  (300 renders, lr=0.01, ε=0.02)
    ↑ new global best IoU 0.610  [FD refinement]
[staged] FD done — IoU: 0.610  (Δ=+0.017)  ✓
[staged] Done — final IoU: 0.610  loss: 0.3922
[staged] Popsize: per-robot phases=32  final=16  (theory optimum for 6 DOF = 10)

[staged] Hungarian pre-assignment  (5×5 cost matrix, 8 samples/entry = 200 renders)...
[staged]   robot_a → zone 0  robot_b → zone 4  robot_c → zone 3  robot_d → zone 1  robot_e → zone 2

[staged] Phase 1 — forward greedy  (4 iters × 5 robot(s), sigma=0.40×1.00, popsize=32)
[staged]   Ph1 robot a  zone 0  (uncovered: 18% of target)
    [parallel] 10 worker threads, one renderer clone each
    init sampling: best coverage score 569.0px of uncovered area  (16 samples)
[staged]   → robot a: IoU 0.113 → 0.383  ✓
    ↑ new global best IoU 0.383  [phase Ph1 robot a]
[staged]   Ph1 robot b  zone 4  (uncovered: 17% of target)
    [parallel] 10 worker threads, one renderer clone each
    init sampling: best coverage score 386.0px of uncovered area  (16 samples)
[staged]   → robot b: IoU 0.383 → 0.458  ✓
    ↑ new global best IoU 0.458  [phase Ph1 robot b]
[staged]   Ph1 robot c  zone 3  (uncovered: 2% of target)
    [parallel] 10 worker threads, one renderer clone each
    init sampling: best coverage score 6.0px of uncovered area  (16 samples)
[staged]   → robot c: IoU 0.458 → 0.499  ✓
    ↑ new global best IoU 0.499  [phase Ph1 robot c]
[staged]   Ph1 robot d  zone 1  (uncovered: 6% of target)
    [parallel] 10 worker threads, one renderer clone each
    init sampling: best coverage score 133.0px of uncovered area  (16 samples)
[staged]   → robot d: IoU 0.499 → 0.524  ✓
    ↑ new global best IoU 0.524  [phase Ph1 robot d]
[staged]   Ph1 robot e  zone 2  (uncovered: 2% of target)
    [parallel] 10 worker threads, one renderer clone each
    init sampling: best coverage score 54.0px of uncovered area  (16 samples)
[staged]   → robot e: IoU 0.524 → 0.550  ✓
    ↑ new global best IoU 0.550  [phase Ph1 robot e]
[staged] Phase 1 done — composite IoU: 0.550

[staged] Phase 2 — backward pass  (4 iters × 5 robots, sigma=0.300)
[staged]   contributions before Phase 2:
[staged]     robot a: +0.117 IoU
[staged]     robot b: +0.071 IoU
[staged]     robot c: +0.056 IoU
[staged]     robot d: +0.042 IoU  ← low
[staged]     robot e: +0.026 IoU  ← low
[staged]   Ph2 robot e  zone 2  (uncovered: 12% of target)
    [parallel] 10 worker threads, one renderer clone each
    init sampling: best coverage score 58.0px of uncovered area  (16 samples)
[staged]   → robot e: candidate 0.548 < current 0.550  ✗ rejected
[staged]   Ph2 robot d  zone 1  (uncovered: 15% of target)
    [parallel] 10 worker threads, one renderer clone each
    init sampling: best coverage score 181.0px of uncovered area  (16 samples)
[staged]   → robot d: IoU 0.550 → 0.559  ✓
    ↑ new global best IoU 0.559  [phase Ph2 robot d]
[staged]   Ph2 robot c  zone 3  (uncovered: 19% of target)
    [parallel] 10 worker threads, one renderer clone each
    init sampling: best coverage score 117.0px of uncovered area  (16 samples)
[staged]   → robot c: candidate 0.534 < current 0.559  ✗ rejected
[staged]   Ph2 robot b  zone 4  (uncovered: 21% of target)
    [parallel] 10 worker threads, one renderer clone each
    init sampling: best coverage score 484.0px of uncovered area  (16 samples)
[staged]   → robot b: IoU 0.559 → 0.569  ✓
    ↑ new global best IoU 0.569  [phase Ph2 robot b]
[staged]   Ph2 robot a  zone 0  (uncovered: 31% of target)
    [parallel] 10 worker threads, one renderer clone each
    init sampling: best coverage score 709.0px of uncovered area  (16 samples)
[staged]   → robot a: IoU 0.569 → 0.582  ✓
    ↑ new global best IoU 0.582  [phase Ph2 robot a]
[staged] Phase 2 done — composite IoU: 0.582

[staged] Best snapshot: Phase 2  IoU=0.582
[staged] Manifold final pass — computing Jacobian  (ε=0.020, 60 renders)
[staged] Manifold basis: k=10D / 30D  (variance≥85%, top eigenvalues: ['374980.88', '203851.56', '167723.89', '119447.27', '63145.96'])
    ↑ new global best IoU 0.583  [manifold final pass]
[staged] Manifold done — IoU: 0.583  (Δ=+0.002)  ✓
[staged] FD refinement — 5 Adam steps  (300 renders, lr=0.01, ε=0.02)
    ↑ new global best IoU 0.612  [FD refinement]
[staged] FD done — IoU: 0.612  (Δ=+0.029)  ✓
[staged] Done — final IoU: 0.612  loss: 0.3904
[staged] Popsize: per-robot phases=32  final=16  (theory optimum for 6 DOF = 10)

[staged] Hungarian pre-assignment  (5×5 cost matrix, 8 samples/entry = 200 renders)...
[staged]   robot_a → zone 4  robot_b → zone 0  robot_c → zone 2  robot_d → zone 3  robot_e → zone 1

[staged] Phase 1 — forward greedy  (4 iters × 5 robot(s), sigma=0.40×1.00, popsize=32)
[staged]   Ph1 robot a  zone 4  (uncovered: 4% of target)
    [parallel] 10 worker threads, one renderer clone each
    init sampling: best coverage score 165.0px of uncovered area  (16 samples)
[staged]   → robot a: IoU 0.113 → 0.343  ✓
    ↑ new global best IoU 0.343  [phase Ph1 robot a]
[staged]   Ph1 robot b  zone 0  (uncovered: 7% of target)
    [parallel] 10 worker threads, one renderer clone each
    init sampling: best coverage score 82.0px of uncovered area  (16 samples)
[staged]   → robot b: IoU 0.343 → 0.471  ✓
    ↑ new global best IoU 0.471  [phase Ph1 robot b]
[staged]   Ph1 robot c  zone 2  (uncovered: 5% of target)
    [parallel] 10 worker threads, one renderer clone each
    init sampling: best coverage score 103.0px of uncovered area  (16 samples)
[staged]   → robot c: IoU 0.471 → 0.515  ✓
    ↑ new global best IoU 0.515  [phase Ph1 robot c]
[staged]   Ph1 robot d  zone 3  (uncovered: 6% of target)
    [parallel] 10 worker threads, one renderer clone each
    init sampling: best coverage score 20.0px of uncovered area  (16 samples)
[staged]   → robot d: IoU 0.515 → 0.552  ✓
    ↑ new global best IoU 0.552  [phase Ph1 robot d]
[staged]   Ph1 robot e  zone 1  (uncovered: 2% of target)
    [parallel] 10 worker threads, one renderer clone each
    init sampling: best coverage score 89.0px of uncovered area  (16 samples)
[staged]   → robot e: IoU 0.552 → 0.594  ✓
    ↑ new global best IoU 0.594  [phase Ph1 robot e]
[staged] Phase 1 done — composite IoU: 0.594

[staged] Phase 2 — backward pass  (4 iters × 5 robots, sigma=0.300)
[staged]   contributions before Phase 2:
[staged]     robot a: +0.090 IoU
[staged]     robot b: +0.077 IoU
[staged]     robot c: +0.067 IoU
[staged]     robot d: +0.048 IoU  ← low
[staged]     robot e: +0.042 IoU  ← low
[staged]   Ph2 robot e  zone 1  (uncovered: 21% of target)
    [parallel] 10 worker threads, one renderer clone each
    init sampling: best coverage score 143.0px of uncovered area  (16 samples)
[staged]   → robot e: candidate 0.549 < current 0.594  ✗ rejected
[staged]   Ph2 robot d  zone 3  (uncovered: 24% of target)
    [parallel] 10 worker threads, one renderer clone each
    init sampling: best coverage score 160.0px of uncovered area  (16 samples)
[staged]   → robot d: candidate 0.568 < current 0.594  ✗ rejected
[staged]   Ph2 robot c  zone 2  (uncovered: 24% of target)
    [parallel] 10 worker threads, one renderer clone each
    init sampling: best coverage score 252.0px of uncovered area  (16 samples)
[staged]   → robot c: IoU 0.594 → 0.604  ✓
    ↑ new global best IoU 0.604  [phase Ph2 robot c]
[staged]   Ph2 robot b  zone 0  (uncovered: 22% of target)
    [parallel] 10 worker threads, one renderer clone each
    init sampling: best coverage score 204.0px of uncovered area  (16 samples)
[staged]   → robot b: candidate 0.601 < current 0.604  ✗ rejected
[staged]   Ph2 robot a  zone 4  (uncovered: 34% of target)
    [parallel] 10 worker threads, one renderer clone each
    init sampling: best coverage score 696.0px of uncovered area  (16 samples)
[staged]   → robot a: IoU 0.604 → 0.611  ✓
    ↑ new global best IoU 0.611  [phase Ph2 robot a]
[staged] Phase 2 done — composite IoU: 0.611

[staged] Best snapshot: Phase 2  IoU=0.611
[staged] Manifold final pass — computing Jacobian  (ε=0.020, 60 renders)
[staged] Manifold basis: k=9D / 30D  (variance≥85%, top eigenvalues: ['423653.44', '236661.81', '140315.00', '98620.48', '51244.72'])
[staged] Manifold did not improve (0.605 vs 0.611), keeping best snapshot
[staged] FD refinement — 5 Adam steps  (300 renders, lr=0.01, ε=0.02)
    ↑ new global best IoU 0.626  [FD refinement]
[staged] FD done — IoU: 0.626  (Δ=+0.014)  ✓
[staged] Done — final IoU: 0.626  loss: 0.3766
[shard 0] 7/10 digits/3_dejavusans-bold  best=0.639 mean=0.616±0.015  120s  eta 0.1h
[staged] Popsize: per-robot phases=32  final=16  (theory optimum for 6 DOF = 10)

[staged] Hungarian pre-assignment  (5×5 cost matrix, 8 samples/entry = 200 renders)...
[staged]   robot_a → zone 4  robot_b → zone 0  robot_c → zone 2  robot_d → zone 3  robot_e → zone 1

[staged] Phase 1 — forward greedy  (4 iters × 5 robot(s), sigma=0.40×1.00, popsize=32)
[staged]   Ph1 robot a  zone 4  (uncovered: 12% of target)
    [parallel] 10 worker threads, one renderer clone each
    init sampling: best coverage score 422.0px of uncovered area  (16 samples)
[staged]   → robot a: IoU 0.128 → 0.401  ✓
    ↑ new global best IoU 0.401  [phase Ph1 robot a]
[staged]   Ph1 robot b  zone 0  (uncovered: 13% of target)
    [parallel] 10 worker threads, one renderer clone each
    init sampling: best coverage score 26.0px of uncovered area  (16 samples)
[staged]   → robot b: IoU 0.401 → 0.496  ✓
    ↑ new global best IoU 0.496  [phase Ph1 robot b]
[staged]   Ph1 robot c  zone 2  (uncovered: 8% of target)
    [parallel] 10 worker threads, one renderer clone each
    init sampling: best coverage score 47.0px of uncovered area  (16 samples)
[staged]   → robot c: IoU 0.496 → 0.533  ✓
    ↑ new global best IoU 0.533  [phase Ph1 robot c]
[staged]   Ph1 robot d  zone 3  (uncovered: 10% of target)
    [parallel] 10 worker threads, one renderer clone each
    init sampling: best coverage score 368.0px of uncovered area  (16 samples)
[staged]   → robot d: IoU 0.533 → 0.581  ✓
    ↑ new global best IoU 0.581  [phase Ph1 robot d]
[staged]   Ph1 robot e  zone 1  (uncovered: 1% of target)
    [parallel] 10 worker threads, one renderer clone each
    init sampling: best coverage score 19.0px of uncovered area  (16 samples)
[staged]   → robot e: IoU 0.581 → 0.608  ✓
    ↑ new global best IoU 0.608  [phase Ph1 robot e]
[staged] Phase 1 done — composite IoU: 0.608

[staged] Phase 2 — backward pass  (4 iters × 5 robots, sigma=0.300)
[staged]   contributions before Phase 2:
[staged]     robot a: +0.107 IoU
[staged]     robot b: +0.070 IoU
[staged]     robot c: +0.060 IoU
[staged]     robot d: +0.057 IoU
[staged]     robot e: +0.027 IoU  ← low
[staged]   Ph2 robot e  zone 1  (uncovered: 22% of target)
    [parallel] 10 worker threads, one renderer clone each
    init sampling: best coverage score 204.0px of uncovered area  (16 samples)
[staged]   → robot e: IoU 0.608 → 0.612  ✓
    ↑ new global best IoU 0.612  [phase Ph2 robot e]
[staged]   Ph2 robot d  zone 3  (uncovered: 21% of target)
    [parallel] 10 worker threads, one renderer clone each
    init sampling: best coverage score 132.0px of uncovered area  (16 samples)
[staged]   → robot d: IoU 0.612 → 0.615  ✓
    ↑ new global best IoU 0.615  [phase Ph2 robot d]
[staged]   Ph2 robot c  zone 2  (uncovered: 25% of target)
    [parallel] 10 worker threads, one renderer clone each
    init sampling: best coverage score 164.0px of uncovered area  (16 samples)
[staged]   → robot c: candidate 0.596 < current 0.615  ✗ rejected
[staged]   Ph2 robot b  zone 0  (uncovered: 32% of target)
    [parallel] 10 worker threads, one renderer clone each
    init sampling: best coverage score 453.0px of uncovered area  (16 samples)
[staged]   → robot b: candidate 0.593 < current 0.615  ✗ rejected
[staged]   Ph2 robot a  zone 4  (uncovered: 45% of target)
    [parallel] 10 worker threads, one renderer clone each
    init sampling: best coverage score 359.0px of uncovered area  (16 samples)
[staged]   → robot a: candidate 0.554 < current 0.615  ✗ rejected
[staged] Phase 2 done — composite IoU: 0.615

[staged] Best snapshot: Phase 2  IoU=0.615
[staged] Manifold final pass — computing Jacobian  (ε=0.020, 60 renders)
[staged] Manifold basis: k=10D / 30D  (variance≥85%, top eigenvalues: ['491007.03', '360489.84', '117886.70', '113075.31', '76255.90'])
[staged] Manifold did not improve (0.602 vs 0.615), keeping best snapshot
[staged] FD refinement — 5 Adam steps  (300 renders, lr=0.01, ε=0.02)
    ↑ new global best IoU 0.647  [FD refinement]
[staged] FD done — IoU: 0.647  (Δ=+0.031)  ✓
[staged] Done — final IoU: 0.647  loss: 0.3552
[staged] Popsize: per-robot phases=32  final=16  (theory optimum for 6 DOF = 10)

[staged] Hungarian pre-assignment  (5×5 cost matrix, 8 samples/entry = 200 renders)...
[staged]   robot_a → zone 2  robot_b → zone 3  robot_c → zone 0  robot_d → zone 1  robot_e → zone 4

[staged] Phase 1 — forward greedy  (4 iters × 5 robot(s), sigma=0.40×1.00, popsize=32)
[staged]   Ph1 robot a  zone 2  (uncovered: 19% of target)
    [parallel] 10 worker threads, one renderer clone each
    init sampling: best coverage score 538.0px of uncovered area  (16 samples)
[staged]   → robot a: IoU 0.128 → 0.437  ✓
    ↑ new global best IoU 0.437  [phase Ph1 robot a]
[staged]   Ph1 robot b  zone 3  (uncovered: 12% of target)
    [parallel] 10 worker threads, one renderer clone each
    init sampling: best coverage score 483.0px of uncovered area  (16 samples)
[staged]   → robot b: IoU 0.437 → 0.524  ✓
    ↑ new global best IoU 0.524  [phase Ph1 robot b]
[staged]   Ph1 robot c  zone 0  (uncovered: 14% of target)
    [parallel] 10 worker threads, one renderer clone each
    init sampling: best coverage score 93.0px of uncovered area  (16 samples)
[staged]   → robot c: IoU 0.524 → 0.594  ✓
    ↑ new global best IoU 0.594  [phase Ph1 robot c]
[staged]   Ph1 robot d  zone 1  (uncovered: 8% of target)
    [parallel] 10 worker threads, one renderer clone each
    init sampling: best coverage score 196.0px of uncovered area  (16 samples)
[staged]   → robot d: IoU 0.594 → 0.626  ✓
    ↑ new global best IoU 0.626  [phase Ph1 robot d]
[staged]   Ph1 robot e  zone 4  (uncovered: 3% of target)
    [parallel] 10 worker threads, one renderer clone each
    init sampling: best coverage score 14.0px of uncovered area  (16 samples)
[staged]   → robot e: IoU 0.626 → 0.642  ✓
    ↑ new global best IoU 0.642  [phase Ph1 robot e]
[staged] Phase 1 done — composite IoU: 0.642

[staged] Phase 2 — backward pass  (4 iters × 5 robots, sigma=0.300)
[staged]   contributions before Phase 2:
[staged]     robot a: +0.155 IoU
[staged]     robot b: +0.048 IoU  ← low
[staged]     robot c: +0.071 IoU
[staged]     robot d: +0.035 IoU  ← low
[staged]     robot e: +0.017 IoU  ← low
[staged]   Ph2 robot e  zone 4  (uncovered: 14% of target)
    [parallel] 10 worker threads, one renderer clone each
    init sampling: best coverage score 81.0px of uncovered area  (16 samples)
[staged]   → robot e: candidate 0.624 < current 0.642  ✗ rejected
[staged]   Ph2 robot d  zone 1  (uncovered: 16% of target)
    [parallel] 10 worker threads, one renderer clone each
    init sampling: best coverage score 255.0px of uncovered area  (16 samples)
[staged]   → robot d: candidate 0.631 < current 0.642  ✗ rejected
[staged]   Ph2 robot c  zone 0  (uncovered: 24% of target)
    [parallel] 10 worker threads, one renderer clone each
    init sampling: best coverage score 99.0px of uncovered area  (16 samples)
[staged]   → robot c: candidate 0.579 < current 0.642  ✗ rejected
[staged]   Ph2 robot b  zone 3  (uncovered: 18% of target)
    [parallel] 10 worker threads, one renderer clone each
    init sampling: best coverage score 301.0px of uncovered area  (16 samples)
[staged]   → robot b: candidate 0.632 < current 0.642  ✗ rejected
[staged]   Ph2 robot a  zone 2  (uncovered: 34% of target)
    [parallel] 10 worker threads, one renderer clone each
    init sampling: best coverage score 160.0px of uncovered area  (16 samples)
[staged]   → robot a: candidate 0.548 < current 0.642  ✗ rejected
[staged] Phase 2 done — composite IoU: 0.642

[staged] Best snapshot: Phase 1  IoU=0.642
[staged] Manifold final pass — computing Jacobian  (ε=0.020, 60 renders)
[staged] Manifold basis: k=10D / 30D  (variance≥85%, top eigenvalues: ['608091.62', '427005.38', '85201.39', '82731.98', '81877.53'])
[staged] Manifold did not improve (0.640 vs 0.642), keeping best snapshot
[staged] FD refinement — 5 Adam steps  (300 renders, lr=0.01, ε=0.02)
    ↑ new global best IoU 0.677  [FD refinement]
[staged] FD done — IoU: 0.677  (Δ=+0.035)  ✓
[staged] Done — final IoU: 0.677  loss: 0.3250
[staged] Popsize: per-robot phases=32  final=16  (theory optimum for 6 DOF = 10)

[staged] Hungarian pre-assignment  (5×5 cost matrix, 8 samples/entry = 200 renders)...
[staged]   robot_a → zone 2  robot_b → zone 1  robot_c → zone 4  robot_d → zone 0  robot_e → zone 3

[staged] Phase 1 — forward greedy  (4 iters × 5 robot(s), sigma=0.40×1.00, popsize=32)
[staged]   Ph1 robot a  zone 2  (uncovered: 26% of target)
    [parallel] 10 worker threads, one renderer clone each
    init sampling: best coverage score 321.0px of uncovered area  (16 samples)
[staged]   → robot a: IoU 0.128 → 0.455  ✓
    ↑ new global best IoU 0.455  [phase Ph1 robot a]
[staged]   Ph1 robot b  zone 1  (uncovered: 4% of target)
    [parallel] 10 worker threads, one renderer clone each
    init sampling: best coverage score 197.0px of uncovered area  (16 samples)
[staged]   → robot b: IoU 0.455 → 0.534  ✓
    ↑ new global best IoU 0.534  [phase Ph1 robot b]
[staged]   Ph1 robot c  zone 4  (uncovered: 8% of target)
    [parallel] 10 worker threads, one renderer clone each
    init sampling: best coverage score 217.0px of uncovered area  (16 samples)
[staged]   → robot c: IoU 0.534 → 0.550  ✓
    ↑ new global best IoU 0.550  [phase Ph1 robot c]
[staged]   Ph1 robot d  zone 0  (uncovered: 0% of target)
    [parallel] 10 worker threads, one renderer clone each
    init sampling: best coverage score 10.0px of uncovered area  (16 samples)
[staged]   → robot d: IoU 0.550 → 0.580  ✓
    ↑ new global best IoU 0.580  [phase Ph1 robot d]
[staged]   Ph1 robot e  zone 3  (uncovered: 2% of target)
    [parallel] 10 worker threads, one renderer clone each
    init sampling: best coverage score 20.0px of uncovered area  (16 samples)
[staged]   → robot e: IoU 0.580 → 0.606  ✓
    ↑ new global best IoU 0.606  [phase Ph1 robot e]
[staged] Phase 1 done — composite IoU: 0.606

[staged] Phase 2 — backward pass  (4 iters × 5 robots, sigma=0.300)
[staged]   contributions before Phase 2:
[staged]     robot a: +0.172 IoU
[staged]     robot b: +0.039 IoU  ← low
[staged]     robot c: +0.019 IoU  ← low
[staged]     robot d: +0.040 IoU  ← low
[staged]     robot e: +0.027 IoU  ← low
[staged]   Ph2 robot e  zone 3  (uncovered: 20% of target)
    [parallel] 10 worker threads, one renderer clone each
    init sampling: best coverage score 260.0px of uncovered area  (16 samples)
[staged]   → robot e: IoU 0.606 → 0.632  ✓
    ↑ new global best IoU 0.632  [phase Ph2 robot e]
[staged]   Ph2 robot d  zone 0  (uncovered: 18% of target)
    [parallel] 10 worker threads, one renderer clone each
    init sampling: best coverage score 214.0px of uncovered area  (16 samples)
[staged]   → robot d: IoU 0.632 → 0.637  ✓
    ↑ new global best IoU 0.637  [phase Ph2 robot d]
[staged]   Ph2 robot c  zone 4  (uncovered: 15% of target)
    [parallel] 10 worker threads, one renderer clone each
    init sampling: best coverage score 92.0px of uncovered area  (16 samples)
[staged]   → robot c: candidate 0.630 < current 0.637  ✗ rejected
[staged]   Ph2 robot b  zone 1  (uncovered: 18% of target)
    [parallel] 10 worker threads, one renderer clone each
    init sampling: best coverage score 276.0px of uncovered area  (16 samples)
[staged]   → robot b: IoU 0.637 → 0.648  ✓
    ↑ new global best IoU 0.648  [phase Ph2 robot b]
[staged]   Ph2 robot a  zone 2  (uncovered: 27% of target)
    [parallel] 10 worker threads, one renderer clone each
    init sampling: best coverage score 383.0px of uncovered area  (16 samples)
[staged]   → robot a: candidate 0.599 < current 0.648  ✗ rejected
[staged] Phase 2 done — composite IoU: 0.648

[staged] Best snapshot: Phase 2  IoU=0.648
[staged] Manifold final pass — computing Jacobian  (ε=0.020, 60 renders)
[staged] Manifold basis: k=11D / 30D  (variance≥85%, top eigenvalues: ['279595.00', '222579.72', '186255.59', '183028.78', '115570.88'])
[staged] Manifold did not improve (0.641 vs 0.648), keeping best snapshot
[staged] FD refinement — 5 Adam steps  (300 renders, lr=0.01, ε=0.02)
    ↑ new global best IoU 0.680  [FD refinement]
[staged] FD done — IoU: 0.680  (Δ=+0.031)  ✓
[staged] Done — final IoU: 0.680  loss: 0.3219
[staged] Popsize: per-robot phases=32  final=16  (theory optimum for 6 DOF = 10)

[staged] Hungarian pre-assignment  (5×5 cost matrix, 8 samples/entry = 200 renders)...
[staged]   robot_a → zone 0  robot_b → zone 1  robot_c → zone 4  robot_d → zone 3  robot_e → zone 2

[staged] Phase 1 — forward greedy  (4 iters × 5 robot(s), sigma=0.40×1.00, popsize=32)
[staged]   Ph1 robot a  zone 0  (uncovered: 19% of target)
    [parallel] 10 worker threads, one renderer clone each
    init sampling: best coverage score 673.0px of uncovered area  (16 samples)
[staged]   → robot a: IoU 0.128 → 0.445  ✓
    ↑ new global best IoU 0.445  [phase Ph1 robot a]
[staged]   Ph1 robot b  zone 1  (uncovered: 8% of target)
    [parallel] 10 worker threads, one renderer clone each
    init sampling: best coverage score 170.0px of uncovered area  (16 samples)
[staged]   → robot b: IoU 0.445 → 0.520  ✓
    ↑ new global best IoU 0.520  [phase Ph1 robot b]
[staged]   Ph1 robot c  zone 4  (uncovered: 4% of target)
    [parallel] 10 worker threads, one renderer clone each
    init sampling: best coverage score 112.0px of uncovered area  (16 samples)
[staged]   → robot c: IoU 0.520 → 0.543  ✓
    ↑ new global best IoU 0.543  [phase Ph1 robot c]
[staged]   Ph1 robot d  zone 3  (uncovered: 8% of target)
    [parallel] 10 worker threads, one renderer clone each
    init sampling: best coverage score 29.0px of uncovered area  (16 samples)
[staged]   → robot d: IoU 0.543 → 0.571  ✓
    ↑ new global best IoU 0.571  [phase Ph1 robot d]
[staged]   Ph1 robot e  zone 2  (uncovered: 6% of target)
    [parallel] 10 worker threads, one renderer clone each
    init sampling: best coverage score 216.0px of uncovered area  (16 samples)
[staged]   → robot e: IoU 0.571 → 0.616  ✓
    ↑ new global best IoU 0.616  [phase Ph1 robot e]
[staged] Phase 1 done — composite IoU: 0.616

[staged] Phase 2 — backward pass  (4 iters × 5 robots, sigma=0.300)
[staged]   contributions before Phase 2:
[staged]     robot a: +0.232 IoU
[staged]     robot b: +0.071 IoU
[staged]     robot c: +0.016 IoU  ← low
[staged]     robot d: +0.041 IoU  ← low
[staged]     robot e: +0.045 IoU  ← low
[staged]   Ph2 robot e  zone 2  (uncovered: 20% of target)
    [parallel] 10 worker threads, one renderer clone each
    init sampling: best coverage score 166.0px of uncovered area  (16 samples)
[staged]   → robot e: candidate 0.607 < current 0.616  ✗ rejected
[staged]   Ph2 robot d  zone 3  (uncovered: 20% of target)
    [parallel] 10 worker threads, one renderer clone each
    init sampling: best coverage score 214.0px of uncovered area  (16 samples)
[staged]   → robot d: IoU 0.616 → 0.625  ✓
    ↑ new global best IoU 0.625  [phase Ph2 robot d]
[staged]   Ph2 robot c  zone 4  (uncovered: 18% of target)
    [parallel] 10 worker threads, one renderer clone each
    init sampling: best coverage score 117.0px of uncovered area  (16 samples)
[staged]   → robot c: IoU 0.625 → 0.644  ✓
    ↑ new global best IoU 0.644  [phase Ph2 robot c]
[staged]   Ph2 robot b  zone 1  (uncovered: 24% of target)
    [parallel] 10 worker threads, one renderer clone each
    init sampling: best coverage score 470.0px of uncovered area  (16 samples)
[staged]   → robot b: IoU 0.644 → 0.645  ✓
    ↑ new global best IoU 0.645  [phase Ph2 robot b]
[staged]   Ph2 robot a  zone 0  (uncovered: 46% of target)
    [parallel] 10 worker threads, one renderer clone each
    init sampling: best coverage score 902.0px of uncovered area  (16 samples)
[staged]   → robot a: candidate 0.639 < current 0.645  ✗ rejected
[staged] Phase 2 done — composite IoU: 0.645

[staged] Best snapshot: Phase 2  IoU=0.645
[staged] Manifold final pass — computing Jacobian  (ε=0.020, 60 renders)
[staged] Manifold basis: k=10D / 30D  (variance≥85%, top eigenvalues: ['435070.25', '118310.02', '112769.65', '84230.63', '72906.30'])
[staged] Manifold did not improve (0.643 vs 0.645), keeping best snapshot
[staged] FD refinement — 5 Adam steps  (300 renders, lr=0.01, ε=0.02)
    ↑ new global best IoU 0.667  [FD refinement]
[staged] FD done — IoU: 0.667  (Δ=+0.022)  ✓
[staged] Done — final IoU: 0.667  loss: 0.3350
[staged] Popsize: per-robot phases=32  final=16  (theory optimum for 6 DOF = 10)

[staged] Hungarian pre-assignment  (5×5 cost matrix, 8 samples/entry = 200 renders)...
[staged]   robot_a → zone 4  robot_b → zone 0  robot_c → zone 3  robot_d → zone 2  robot_e → zone 1

[staged] Phase 1 — forward greedy  (4 iters × 5 robot(s), sigma=0.40×1.00, popsize=32)
[staged]   Ph1 robot a  zone 4  (uncovered: 24% of target)
    [parallel] 10 worker threads, one renderer clone each
    init sampling: best coverage score 876.0px of uncovered area  (16 samples)
[staged]   → robot a: IoU 0.128 → 0.504  ✓
    ↑ new global best IoU 0.504  [phase Ph1 robot a]
[staged]   Ph1 robot b  zone 0  (uncovered: 9% of target)
    [parallel] 10 worker threads, one renderer clone each
    init sampling: best coverage score 363.0px of uncovered area  (16 samples)
[staged]   → robot b: IoU 0.504 → 0.571  ✓
    ↑ new global best IoU 0.571  [phase Ph1 robot b]
[staged]   Ph1 robot c  zone 3  (uncovered: 6% of target)
    [parallel] 10 worker threads, one renderer clone each
    init sampling: best coverage score 217.0px of uncovered area  (16 samples)
[staged]   → robot c: IoU 0.571 → 0.607  ✓
    ↑ new global best IoU 0.607  [phase Ph1 robot c]
[staged]   Ph1 robot d  zone 2  (uncovered: 3% of target)
    [parallel] 10 worker threads, one renderer clone each
    init sampling: best coverage score 86.0px of uncovered area  (16 samples)
[staged]   → robot d: IoU 0.607 → 0.635  ✓
    ↑ new global best IoU 0.635  [phase Ph1 robot d]
[staged]   Ph1 robot e  zone 1  (uncovered: 1% of target)
    [parallel] 10 worker threads, one renderer clone each
    init sampling: best coverage score 16.0px of uncovered area  (16 samples)
[staged]   → robot e: IoU 0.635 → 0.662  ✓
    ↑ new global best IoU 0.662  [phase Ph1 robot e]
[staged] Phase 1 done — composite IoU: 0.662

[staged] Phase 2 — backward pass  (4 iters × 5 robots, sigma=0.300)
[staged]   contributions before Phase 2:
[staged]     robot a: +0.220 IoU
[staged]     robot b: +0.049 IoU  ← low
[staged]     robot c: +0.045 IoU  ← low
[staged]     robot d: +0.041 IoU  ← low
[staged]     robot e: +0.028 IoU  ← low
[staged]   Ph2 robot e  zone 1  (uncovered: 13% of target)
    [parallel] 10 worker threads, one renderer clone each
    init sampling: best coverage score 124.0px of uncovered area  (16 samples)
[staged]   → robot e: IoU 0.662 → 0.668  ✓
    ↑ new global best IoU 0.668  [phase Ph2 robot e]
[staged]   Ph2 robot d  zone 2  (uncovered: 15% of target)
    [parallel] 10 worker threads, one renderer clone each
    init sampling: best coverage score 81.0px of uncovered area  (16 samples)
[staged]   → robot d: candidate 0.653 < current 0.668  ✗ rejected
[staged]   Ph2 robot c  zone 3  (uncovered: 17% of target)
    [parallel] 10 worker threads, one renderer clone each
    init sampling: best coverage score 171.0px of uncovered area  (16 samples)
[staged]   → robot c: candidate 0.655 < current 0.668  ✗ rejected
[staged]   Ph2 robot b  zone 0  (uncovered: 16% of target)
    [parallel] 10 worker threads, one renderer clone each
    init sampling: best coverage score 182.0px of uncovered area  (16 samples)
[staged]   → robot b: candidate 0.657 < current 0.668  ✗ rejected
[staged]   Ph2 robot a  zone 4  (uncovered: 34% of target)
    [parallel] 10 worker threads, one renderer clone each
    init sampling: best coverage score 972.0px of uncovered area  (16 samples)
[staged]   → robot a: candidate 0.650 < current 0.668  ✗ rejected
[staged] Phase 2 done — composite IoU: 0.668

[staged] Best snapshot: Phase 2  IoU=0.668
[staged] Manifold final pass — computing Jacobian  (ε=0.020, 60 renders)
[staged] Manifold basis: k=10D / 30D  (variance≥85%, top eigenvalues: ['443034.94', '209807.95', '142344.97', '122292.95', '89854.94'])
[staged] Manifold did not improve (0.627 vs 0.668), keeping best snapshot
[staged] FD refinement — 5 Adam steps  (300 renders, lr=0.01, ε=0.02)
    ↑ new global best IoU 0.696  [FD refinement]
[staged] FD done — IoU: 0.696  (Δ=+0.028)  ✓
[staged] Done — final IoU: 0.696  loss: 0.3056
[shard 0] 8/10 digits/4_dejavusans-bold  best=0.696 mean=0.674±0.016  120s  eta 0.1h
[staged] Popsize: per-robot phases=32  final=16  (theory optimum for 6 DOF = 10)

[staged] Hungarian pre-assignment  (5×5 cost matrix, 8 samples/entry = 200 renders)...
[staged]   robot_a → zone 2  robot_b → zone 1  robot_c → zone 4  robot_d → zone 0  robot_e → zone 3

[staged] Phase 1 — forward greedy  (4 iters × 5 robot(s), sigma=0.40×1.00, popsize=32)
[staged]   Ph1 robot a  zone 2  (uncovered: 22% of target)
    [parallel] 10 worker threads, one renderer clone each
    init sampling: best coverage score 209.0px of uncovered area  (16 samples)
[staged]   → robot a: IoU 0.067 → 0.454  ✓
    ↑ new global best IoU 0.454  [phase Ph1 robot a]
[staged]   Ph1 robot b  zone 1  (uncovered: 14% of target)
    [parallel] 10 worker threads, one renderer clone each
    init sampling: best coverage score 363.0px of uncovered area  (16 samples)
[staged]   → robot b: IoU 0.454 → 0.524  ✓
    ↑ new global best IoU 0.524  [phase Ph1 robot b]
[staged]   Ph1 robot c  zone 4  (uncovered: 1% of target)
    [parallel] 10 worker threads, one renderer clone each
    init sampling: best coverage score 2.0px of uncovered area  (16 samples)
[staged]   → robot c: IoU 0.524 → 0.549  ✓
    ↑ new global best IoU 0.549  [phase Ph1 robot c]
[staged]   Ph1 robot d  zone 0  (uncovered: 1% of target)
    [parallel] 10 worker threads, one renderer clone each
    init sampling: best coverage score 39.0px of uncovered area  (16 samples)
[staged]   → robot d: IoU 0.549 → 0.588  ✓
    ↑ new global best IoU 0.588  [phase Ph1 robot d]
[staged]   Ph1 robot e  zone 3  (uncovered: 1% of target)
    [parallel] 10 worker threads, one renderer clone each
    init sampling: best coverage score 18.0px of uncovered area  (16 samples)
[staged]   → robot e: IoU 0.588 → 0.626  ✓
    ↑ new global best IoU 0.626  [phase Ph1 robot e]
[staged] Phase 1 done — composite IoU: 0.626

[staged] Phase 2 — backward pass  (4 iters × 5 robots, sigma=0.300)
[staged]   contributions before Phase 2:
[staged]     robot a: +0.114 IoU
[staged]     robot b: +0.111 IoU
[staged]     robot c: +0.047 IoU  ← low
[staged]     robot d: +0.060 IoU
[staged]     robot e: +0.037 IoU  ← low
[staged]   Ph2 robot e  zone 3  (uncovered: 13% of target)
    [parallel] 10 worker threads, one renderer clone each
    init sampling: best coverage score 36.0px of uncovered area  (16 samples)
[staged]   → robot e: candidate 0.598 < current 0.626  ✗ rejected
[staged]   Ph2 robot d  zone 0  (uncovered: 17% of target)
    [parallel] 10 worker threads, one renderer clone each
    init sampling: best coverage score 227.0px of uncovered area  (16 samples)
[staged]   → robot d: candidate 0.611 < current 0.626  ✗ rejected
[staged]   Ph2 robot c  zone 4  (uncovered: 13% of target)
    [parallel] 10 worker threads, one renderer clone each
    init sampling: best coverage score 169.0px of uncovered area  (16 samples)
[staged]   → robot c: candidate 0.611 < current 0.626  ✗ rejected
[staged]   Ph2 robot b  zone 1  (uncovered: 24% of target)
    [parallel] 10 worker threads, one renderer clone each
    init sampling: best coverage score 278.0px of uncovered area  (16 samples)
[staged]   → robot b: candidate 0.599 < current 0.626  ✗ rejected
[staged]   Ph2 robot a  zone 2  (uncovered: 20% of target)
    [parallel] 10 worker threads, one renderer clone each
    init sampling: best coverage score 121.0px of uncovered area  (16 samples)
[staged]   → robot a: candidate 0.619 < current 0.626  ✗ rejected
[staged] Phase 2 done — composite IoU: 0.626

[staged] Best snapshot: Phase 1  IoU=0.626
[staged] Manifold final pass — computing Jacobian  (ε=0.020, 60 renders)
[staged] Manifold basis: k=11D / 30D  (variance≥85%, top eigenvalues: ['253113.98', '182705.67', '160365.47', '100395.24', '76765.51'])
    ↑ new global best IoU 0.627  [manifold final pass]
[staged] Manifold done — IoU: 0.627  (Δ=+0.001)  ✓
[staged] FD refinement — 5 Adam steps  (300 renders, lr=0.01, ε=0.02)
    ↑ new global best IoU 0.655  [FD refinement]
[staged] FD done — IoU: 0.655  (Δ=+0.028)  ✓
[staged] Done — final IoU: 0.655  loss: 0.3479
[staged] Popsize: per-robot phases=32  final=16  (theory optimum for 6 DOF = 10)

[staged] Hungarian pre-assignment  (5×5 cost matrix, 8 samples/entry = 200 renders)...
[staged]   robot_a → zone 1  robot_b → zone 3  robot_c → zone 4  robot_d → zone 2  robot_e → zone 0

[staged] Phase 1 — forward greedy  (4 iters × 5 robot(s), sigma=0.40×1.00, popsize=32)
[staged]   Ph1 robot a  zone 1  (uncovered: 19% of target)
    [parallel] 10 worker threads, one renderer clone each
    init sampling: best coverage score 222.0px of uncovered area  (16 samples)
[staged]   → robot a: IoU 0.067 → 0.463  ✓
    ↑ new global best IoU 0.463  [phase Ph1 robot a]
[staged]   Ph1 robot b  zone 3  (uncovered: 20% of target)
    [parallel] 10 worker threads, one renderer clone each
    init sampling: best coverage score 313.0px of uncovered area  (16 samples)
[staged]   → robot b: IoU 0.463 → 0.538  ✓
    ↑ new global best IoU 0.538  [phase Ph1 robot b]
[staged]   Ph1 robot c  zone 4  (uncovered: 9% of target)
    [parallel] 10 worker threads, one renderer clone each
    init sampling: best coverage score 9.0px of uncovered area  (16 samples)
[staged]   → robot c: IoU 0.538 → 0.596  ✓
    ↑ new global best IoU 0.596  [phase Ph1 robot c]
[staged]   Ph1 robot d  zone 2  (uncovered: 1% of target)
    [parallel] 10 worker threads, one renderer clone each
    init sampling: best coverage score 27.0px of uncovered area  (16 samples)
[staged]   → robot d: IoU 0.596 → 0.611  ✓
    ↑ new global best IoU 0.611  [phase Ph1 robot d]
[staged]   Ph1 robot e  zone 0  (uncovered: 7% of target)
    [parallel] 10 worker threads, one renderer clone each
    init sampling: best coverage score 66.0px of uncovered area  (16 samples)
[staged]   → robot e: IoU 0.611 → 0.659  ✓
    ↑ new global best IoU 0.659  [phase Ph1 robot e]
[staged] Phase 1 done — composite IoU: 0.659

[staged] Phase 2 — backward pass  (4 iters × 5 robots, sigma=0.300)
[staged]   contributions before Phase 2:
[staged]     robot a: +0.139 IoU
[staged]     robot b: +0.083 IoU
[staged]     robot c: +0.083 IoU
[staged]     robot d: +0.042 IoU  ← low
[staged]     robot e: +0.048 IoU  ← low
[staged]   Ph2 robot e  zone 0  (uncovered: 7% of target)
    [parallel] 10 worker threads, one renderer clone each
    init sampling: best coverage score 61.0px of uncovered area  (16 samples)
[staged]   → robot e: candidate 0.643 < current 0.659  ✗ rejected
[staged]   Ph2 robot d  zone 2  (uncovered: 5% of target)
    [parallel] 10 worker threads, one renderer clone each
    init sampling: best coverage score 38.0px of uncovered area  (16 samples)
[staged]   → robot d: IoU 0.659 → 0.659  ✓
    ↑ new global best IoU 0.659  [phase Ph2 robot d]
[staged]   Ph2 robot c  zone 4  (uncovered: 8% of target)
    [parallel] 10 worker threads, one renderer clone each
    init sampling: best coverage score 30.0px of uncovered area  (16 samples)
[staged]   → robot c: candidate 0.658 < current 0.659  ✗ rejected
[staged]   Ph2 robot b  zone 3  (uncovered: 17% of target)
    [parallel] 10 worker threads, one renderer clone each
    init sampling: best coverage score 457.0px of uncovered area  (16 samples)
[staged]   → robot b: candidate 0.642 < current 0.659  ✗ rejected
[staged]   Ph2 robot a  zone 1  (uncovered: 14% of target)
    [parallel] 10 worker threads, one renderer clone each
    init sampling: best coverage score 109.0px of uncovered area  (16 samples)
[staged]   → robot a: candidate 0.606 < current 0.659  ✗ rejected
[staged] Phase 2 done — composite IoU: 0.659

[staged] Best snapshot: Phase 2  IoU=0.659
[staged] Manifold final pass — computing Jacobian  (ε=0.020, 60 renders)
[staged] Manifold basis: k=9D / 30D  (variance≥85%, top eigenvalues: ['325774.69', '278036.09', '180129.70', '113455.09', '86261.70'])
[staged] Manifold did not improve (0.615 vs 0.659), keeping best snapshot
[staged] FD refinement — 5 Adam steps  (300 renders, lr=0.01, ε=0.02)
    ↑ new global best IoU 0.676  [FD refinement]
[staged] FD done — IoU: 0.676  (Δ=+0.017)  ✓
[staged] Done — final IoU: 0.676  loss: 0.3266
[staged] Popsize: per-robot phases=32  final=16  (theory optimum for 6 DOF = 10)

[staged] Hungarian pre-assignment  (5×5 cost matrix, 8 samples/entry = 200 renders)...
[staged]   robot_a → zone 2  robot_b → zone 3  robot_c → zone 4  robot_d → zone 1  robot_e → zone 0

[staged] Phase 1 — forward greedy  (4 iters × 5 robot(s), sigma=0.40×1.00, popsize=32)
[staged]   Ph1 robot a  zone 2  (uncovered: 7% of target)
    [parallel] 10 worker threads, one renderer clone each
    init sampling: best coverage score 232.0px of uncovered area  (16 samples)
[staged]   → robot a: IoU 0.067 → 0.443  ✓
    ↑ new global best IoU 0.443  [phase Ph1 robot a]
[staged]   Ph1 robot b  zone 3  (uncovered: 8% of target)
    [parallel] 10 worker threads, one renderer clone each
    init sampling: best coverage score 276.0px of uncovered area  (16 samples)
[staged]   → robot b: IoU 0.443 → 0.520  ✓
    ↑ new global best IoU 0.520  [phase Ph1 robot b]
[staged]   Ph1 robot c  zone 4  (uncovered: 3% of target)
    [parallel] 10 worker threads, one renderer clone each
    init sampling: best coverage score 81.0px of uncovered area  (16 samples)
[staged]   → robot c: IoU 0.520 → 0.562  ✓
    ↑ new global best IoU 0.562  [phase Ph1 robot c]
[staged]   Ph1 robot d  zone 1  (uncovered: 12% of target)
    [parallel] 10 worker threads, one renderer clone each
    init sampling: best coverage score 108.0px of uncovered area  (16 samples)
[staged]   → robot d: IoU 0.562 → 0.587  ✓
    ↑ new global best IoU 0.587  [phase Ph1 robot d]
[staged]   Ph1 robot e  zone 0  (uncovered: 0% of target)
    [parallel] 10 worker threads, one renderer clone each
    init sampling: best coverage score 2.0px of uncovered area  (16 samples)
[staged]   → robot e: IoU 0.587 → 0.658  ✓
    ↑ new global best IoU 0.658  [phase Ph1 robot e]
[staged] Phase 1 done — composite IoU: 0.658

[staged] Phase 2 — backward pass  (4 iters × 5 robots, sigma=0.300)
[staged]   contributions before Phase 2:
[staged]     robot a: +0.155 IoU
[staged]     robot b: +0.104 IoU
[staged]     robot c: +0.084 IoU
[staged]     robot d: +0.070 IoU
[staged]     robot e: +0.071 IoU
[staged]   Ph2 robot e  zone 0  (uncovered: 17% of target)
    [parallel] 10 worker threads, one renderer clone each
    init sampling: best coverage score 57.0px of uncovered area  (16 samples)
[staged]   → robot e: candidate 0.658 < current 0.658  ✗ rejected
[staged]   Ph2 robot d  zone 1  (uncovered: 17% of target)
    [parallel] 10 worker threads, one renderer clone each
    init sampling: best coverage score 160.0px of uncovered area  (16 samples)
[staged]   → robot d: IoU 0.658 → 0.668  ✓
    ↑ new global best IoU 0.668  [phase Ph2 robot d]
[staged]   Ph2 robot c  zone 4  (uncovered: 17% of target)
    [parallel] 10 worker threads, one renderer clone each
    init sampling: best coverage score 273.0px of uncovered area  (16 samples)
[staged]   → robot c: IoU 0.668 → 0.670  ✓
    ↑ new global best IoU 0.670  [phase Ph2 robot c]
[staged]   Ph2 robot b  zone 3  (uncovered: 20% of target)
    [parallel] 10 worker threads, one renderer clone each
    init sampling: best coverage score 301.0px of uncovered area  (16 samples)
[staged]   → robot b: candidate 0.633 < current 0.670  ✗ rejected
[staged]   Ph2 robot a  zone 2  (uncovered: 35% of target)
    [parallel] 10 worker threads, one renderer clone each
    init sampling: best coverage score 715.0px of uncovered area  (16 samples)
[staged]   → robot a: candidate 0.620 < current 0.670  ✗ rejected
[staged] Phase 2 done — composite IoU: 0.670

[staged] Best snapshot: Phase 2  IoU=0.670
[staged] Manifold final pass — computing Jacobian  (ε=0.020, 60 renders)
[staged] Manifold basis: k=7D / 30D  (variance≥85%, top eigenvalues: ['474220.03', '436182.56', '133242.38', '58747.90', '57311.50'])
[staged] Manifold did not improve (0.660 vs 0.670), keeping best snapshot
[staged] FD refinement — 5 Adam steps  (300 renders, lr=0.01, ε=0.02)
    ↑ new global best IoU 0.693  [FD refinement]
[staged] FD done — IoU: 0.693  (Δ=+0.024)  ✓
[staged] Done — final IoU: 0.693  loss: 0.3080
[staged] Popsize: per-robot phases=32  final=16  (theory optimum for 6 DOF = 10)

[staged] Hungarian pre-assignment  (5×5 cost matrix, 8 samples/entry = 200 renders)...
[staged]   robot_a → zone 1  robot_b → zone 2  robot_c → zone 4  robot_d → zone 3  robot_e → zone 0

[staged] Phase 1 — forward greedy  (4 iters × 5 robot(s), sigma=0.40×1.00, popsize=32)
[staged]   Ph1 robot a  zone 1  (uncovered: 19% of target)
    [parallel] 10 worker threads, one renderer clone each
    init sampling: best coverage score 587.0px of uncovered area  (16 samples)
[staged]   → robot a: IoU 0.067 → 0.441  ✓
    ↑ new global best IoU 0.441  [phase Ph1 robot a]
[staged]   Ph1 robot b  zone 2  (uncovered: 21% of target)
    [parallel] 10 worker threads, one renderer clone each
    init sampling: best coverage score 419.0px of uncovered area  (16 samples)
[staged]   → robot b: IoU 0.441 → 0.505  ✓
    ↑ new global best IoU 0.505  [phase Ph1 robot b]
[staged]   Ph1 robot c  zone 4  (uncovered: 4% of target)
    [parallel] 10 worker threads, one renderer clone each
    init sampling: best coverage score 3.0px of uncovered area  (16 samples)
[staged]   → robot c: IoU 0.505 → 0.545  ✓
    ↑ new global best IoU 0.545  [phase Ph1 robot c]
[staged]   Ph1 robot d  zone 3  (uncovered: 1% of target)
    [parallel] 10 worker threads, one renderer clone each
    init sampling: best coverage score 20.0px of uncovered area  (16 samples)
[staged]   → robot d: IoU 0.545 → 0.560  ✓
    ↑ new global best IoU 0.560  [phase Ph1 robot d]
[staged]   Ph1 robot e  zone 0  (uncovered: 0% of target)
    [parallel] 10 worker threads, one renderer clone each
    init sampling: best coverage score 3.0px of uncovered area  (16 samples)
[staged]   → robot e: IoU 0.560 → 0.581  ✓
    ↑ new global best IoU 0.581  [phase Ph1 robot e]
[staged] Phase 1 done — composite IoU: 0.581

[staged] Phase 2 — backward pass  (4 iters × 5 robots, sigma=0.300)
[staged]   contributions before Phase 2:
[staged]     robot a: +0.142 IoU
[staged]     robot b: +0.064 IoU
[staged]     robot c: +0.045 IoU  ← low
[staged]     robot d: +0.033 IoU  ← low
[staged]     robot e: +0.021 IoU  ← low
[staged]   Ph2 robot e  zone 0  (uncovered: 6% of target)
    [parallel] 10 worker threads, one renderer clone each
    init sampling: best coverage score 69.0px of uncovered area  (16 samples)
[staged]   → robot e: IoU 0.581 → 0.590  ✓
    ↑ new global best IoU 0.590  [phase Ph2 robot e]
[staged]   Ph2 robot d  zone 3  (uncovered: 5% of target)
    [parallel] 10 worker threads, one renderer clone each
    init sampling: best coverage score 20.0px of uncovered area  (16 samples)
[staged]   → robot d: IoU 0.590 → 0.590  ✓
[staged]   Ph2 robot c  zone 4  (uncovered: 9% of target)
    [parallel] 10 worker threads, one renderer clone each
    init sampling: best coverage score 89.0px of uncovered area  (16 samples)
[staged]   → robot c: candidate 0.579 < current 0.590  ✗ rejected
[staged]   Ph2 robot b  zone 2  (uncovered: 18% of target)
    [parallel] 10 worker threads, one renderer clone each
    init sampling: best coverage score 425.0px of uncovered area  (16 samples)
[staged]   → robot b: IoU 0.590 → 0.647  ✓
    ↑ new global best IoU 0.647  [phase Ph2 robot b]
[staged]   Ph2 robot a  zone 1  (uncovered: 24% of target)
    [parallel] 10 worker threads, one renderer clone each
    init sampling: best coverage score 344.0px of uncovered area  (16 samples)
[staged]   → robot a: candidate 0.627 < current 0.647  ✗ rejected
[staged] Phase 2 done — composite IoU: 0.647

[staged] Best snapshot: Phase 2  IoU=0.647
[staged] Manifold final pass — computing Jacobian  (ε=0.020, 60 renders)
[staged] Manifold basis: k=6D / 30D  (variance≥85%, top eigenvalues: ['744541.19', '292162.69', '138383.31', '120204.00', '89244.11'])
    ↑ new global best IoU 0.685  [manifold final pass]
[staged] Manifold done — IoU: 0.685  (Δ=+0.038)  ✓
[staged] FD refinement — 5 Adam steps  (300 renders, lr=0.01, ε=0.02)
    ↑ new global best IoU 0.705  [FD refinement]
[staged] FD done — IoU: 0.705  (Δ=+0.020)  ✓
[staged] Done — final IoU: 0.705  loss: 0.2967
[staged] Popsize: per-robot phases=32  final=16  (theory optimum for 6 DOF = 10)

[staged] Hungarian pre-assignment  (5×5 cost matrix, 8 samples/entry = 200 renders)...
[staged]   robot_a → zone 4  robot_b → zone 3  robot_c → zone 2  robot_d → zone 1  robot_e → zone 0

[staged] Phase 1 — forward greedy  (4 iters × 5 robot(s), sigma=0.40×1.00, popsize=32)
[staged]   Ph1 robot a  zone 4  (uncovered: 14% of target)
    [parallel] 10 worker threads, one renderer clone each
    init sampling: best coverage score 452.0px of uncovered area  (16 samples)
[staged]   → robot a: IoU 0.067 → 0.460  ✓
    ↑ new global best IoU 0.460  [phase Ph1 robot a]
[staged]   Ph1 robot b  zone 3  (uncovered: 12% of target)
    [parallel] 10 worker threads, one renderer clone each
    init sampling: best coverage score 297.0px of uncovered area  (16 samples)
[staged]   → robot b: IoU 0.460 → 0.511  ✓
    ↑ new global best IoU 0.511  [phase Ph1 robot b]
[staged]   Ph1 robot c  zone 2  (uncovered: 1% of target)
    [parallel] 10 worker threads, one renderer clone each
    init sampling: best coverage score 11.0px of uncovered area  (16 samples)
[staged]   → robot c: IoU 0.511 → 0.535  ✓
    ↑ new global best IoU 0.535  [phase Ph1 robot c]
[staged]   Ph1 robot d  zone 1  (uncovered: 3% of target)
    [parallel] 10 worker threads, one renderer clone each
    init sampling: best coverage score 13.0px of uncovered area  (16 samples)
[staged]   → robot d: candidate 0.507 < current 0.535  ✗ rejected
[staged]   Ph1 robot e  zone 0  (uncovered: 1% of target)
    [parallel] 10 worker threads, one renderer clone each
    init sampling: best coverage score 18.0px of uncovered area  (16 samples)
[staged]   → robot e: IoU 0.535 → 0.546  ✓
    ↑ new global best IoU 0.546  [phase Ph1 robot e]
[staged] Phase 1 done — composite IoU: 0.546

[staged] Phase 2 — backward pass  (4 iters × 5 robots, sigma=0.300)
[staged]   contributions before Phase 2:
[staged]     robot a: +0.155 IoU
[staged]     robot b: +0.060 IoU
[staged]     robot c: +0.025 IoU  ← low
[staged]     robot d: +0.000 IoU  ← low
[staged]     robot e: +0.011 IoU  ← low
[staged]   Ph2 robot e  zone 0  (uncovered: 17% of target)
    [parallel] 10 worker threads, one renderer clone each
    init sampling: best coverage score 32.0px of uncovered area  (16 samples)
[staged]   → robot e: IoU 0.546 → 0.554  ✓
    ↑ new global best IoU 0.554  [phase Ph2 robot e]
[staged]   Ph2 robot d  zone 1  (uncovered: 9% of target)
    [parallel] 10 worker threads, one renderer clone each
    init sampling: best coverage score 44.0px of uncovered area  (16 samples)
[staged]   → robot d: IoU 0.554 → 0.577  ✓
    ↑ new global best IoU 0.577  [phase Ph2 robot d]
[staged]   Ph2 robot c  zone 2  (uncovered: 7% of target)
    [parallel] 10 worker threads, one renderer clone each
    init sampling: best coverage score 26.0px of uncovered area  (16 samples)
[staged]   → robot c: IoU 0.577 → 0.584  ✓
    ↑ new global best IoU 0.584  [phase Ph2 robot c]
[staged]   Ph2 robot b  zone 3  (uncovered: 11% of target)
    [parallel] 10 worker threads, one renderer clone each
    init sampling: best coverage score 155.0px of uncovered area  (16 samples)
[staged]   → robot b: IoU 0.584 → 0.621  ✓
    ↑ new global best IoU 0.621  [phase Ph2 robot b]
[staged]   Ph2 robot a  zone 4  (uncovered: 24% of target)
    [parallel] 10 worker threads, one renderer clone each
    init sampling: best coverage score 341.0px of uncovered area  (16 samples)
[staged]   → robot a: candidate 0.589 < current 0.621  ✗ rejected
[staged] Phase 2 done — composite IoU: 0.621

[staged] Best snapshot: Phase 2  IoU=0.621
[staged] Manifold final pass — computing Jacobian  (ε=0.020, 60 renders)
[staged] Manifold basis: k=9D / 30D  (variance≥85%, top eigenvalues: ['474875.12', '191012.62', '189623.78', '184304.44', '133064.20'])
    ↑ new global best IoU 0.633  [manifold final pass]
[staged] Manifold done — IoU: 0.633  (Δ=+0.012)  ✓
[staged] FD refinement — 5 Adam steps  (300 renders, lr=0.01, ε=0.02)
    ↑ new global best IoU 0.660  [FD refinement]
[staged] FD done — IoU: 0.660  (Δ=+0.026)  ✓
[staged] Done — final IoU: 0.660  loss: 0.3435
[shard 0] 9/10 digits/7_dejavusans-bold  best=0.705 mean=0.678±0.019  120s  eta 0.0h
[staged] Popsize: per-robot phases=32  final=16  (theory optimum for 6 DOF = 10)

[staged] Hungarian pre-assignment  (5×5 cost matrix, 8 samples/entry = 200 renders)...
[staged]   robot_a → zone 3  robot_b → zone 1  robot_c → zone 4  robot_d → zone 0  robot_e → zone 2

[staged] Phase 1 — forward greedy  (4 iters × 5 robot(s), sigma=0.40×1.00, popsize=32)
[staged]   Ph1 robot a  zone 3  (uncovered: 6% of target)
    [parallel] 10 worker threads, one renderer clone each
    init sampling: best coverage score 275.0px of uncovered area  (16 samples)
[staged]   → robot a: IoU 0.119 → 0.341  ✓
    ↑ new global best IoU 0.341  [phase Ph1 robot a]
[staged]   Ph1 robot b  zone 1  (uncovered: 6% of target)
    [parallel] 10 worker threads, one renderer clone each
    init sampling: best coverage score 153.0px of uncovered area  (16 samples)
[staged]   → robot b: IoU 0.341 → 0.434  ✓
    ↑ new global best IoU 0.434  [phase Ph1 robot b]
[staged]   Ph1 robot c  zone 4  (uncovered: 1% of target)
    [parallel] 10 worker threads, one renderer clone each
    init sampling: best coverage score 7.0px of uncovered area  (16 samples)
[staged]   → robot c: IoU 0.434 → 0.478  ✓
    ↑ new global best IoU 0.478  [phase Ph1 robot c]
[staged]   Ph1 robot d  zone 0  (uncovered: 14% of target)
    [parallel] 10 worker threads, one renderer clone each
    init sampling: best coverage score 298.0px of uncovered area  (16 samples)
[staged]   → robot d: IoU 0.478 → 0.490  ✓
    ↑ new global best IoU 0.490  [phase Ph1 robot d]
[staged]   Ph1 robot e  zone 2  (uncovered: 14% of target)
    [parallel] 10 worker threads, one renderer clone each
    init sampling: best coverage score 231.0px of uncovered area  (16 samples)
[staged]   → robot e: IoU 0.490 → 0.535  ✓
    ↑ new global best IoU 0.535  [phase Ph1 robot e]
[staged] Phase 1 done — composite IoU: 0.535

[staged] Phase 2 — backward pass  (4 iters × 5 robots, sigma=0.300)
[staged]   contributions before Phase 2:
[staged]     robot a: +0.135 IoU
[staged]     robot b: +0.047 IoU  ← low
[staged]     robot c: +0.026 IoU  ← low
[staged]     robot d: +0.020 IoU  ← low
[staged]     robot e: +0.045 IoU  ← low
[staged]   Ph2 robot e  zone 2  (uncovered: 30% of target)
    [parallel] 10 worker threads, one renderer clone each
    init sampling: best coverage score 91.0px of uncovered area  (16 samples)
[staged]   → robot e: IoU 0.535 → 0.539  ✓
    ↑ new global best IoU 0.539  [phase Ph2 robot e]
[staged]   Ph2 robot d  zone 0  (uncovered: 26% of target)
    [parallel] 10 worker threads, one renderer clone each
    init sampling: best coverage score 106.0px of uncovered area  (16 samples)
[staged]   → robot d: IoU 0.539 → 0.551  ✓
    ↑ new global best IoU 0.551  [phase Ph2 robot d]
[staged]   Ph2 robot c  zone 4  (uncovered: 26% of target)
    [parallel] 10 worker threads, one renderer clone each
    init sampling: best coverage score 275.0px of uncovered area  (16 samples)
[staged]   → robot c: candidate 0.520 < current 0.551  ✗ rejected
[staged]   Ph2 robot b  zone 1  (uncovered: 26% of target)
    [parallel] 10 worker threads, one renderer clone each
    init sampling: best coverage score 117.0px of uncovered area  (16 samples)
[staged]   → robot b: IoU 0.551 → 0.612  ✓
    ↑ new global best IoU 0.612  [phase Ph2 robot b]
[staged]   Ph2 robot a  zone 3  (uncovered: 40% of target)
    [parallel] 10 worker threads, one renderer clone each
    init sampling: best coverage score 974.0px of uncovered area  (16 samples)
[staged]   → robot a: IoU 0.612 → 0.635  ✓
    ↑ new global best IoU 0.635  [phase Ph2 robot a]
[staged] Phase 2 done — composite IoU: 0.635

[staged] Best snapshot: Phase 2  IoU=0.635
[staged] Manifold final pass — computing Jacobian  (ε=0.020, 60 renders)
[staged] Manifold basis: k=9D / 30D  (variance≥85%, top eigenvalues: ['463068.03', '286525.62', '281598.91', '207227.31', '103348.09'])
    ↑ new global best IoU 0.647  [manifold final pass]
[staged] Manifold done — IoU: 0.647  (Δ=+0.012)  ✓
[staged] FD refinement — 5 Adam steps  (300 renders, lr=0.01, ε=0.02)
    ↑ new global best IoU 0.688  [FD refinement]
[staged] FD done — IoU: 0.688  (Δ=+0.041)  ✓
[staged] Done — final IoU: 0.688  loss: 0.3136
[staged] Popsize: per-robot phases=32  final=16  (theory optimum for 6 DOF = 10)

[staged] Hungarian pre-assignment  (5×5 cost matrix, 8 samples/entry = 200 renders)...
[staged]   robot_a → zone 2  robot_b → zone 1  robot_c → zone 3  robot_d → zone 4  robot_e → zone 0

[staged] Phase 1 — forward greedy  (4 iters × 5 robot(s), sigma=0.40×1.00, popsize=32)
[staged]   Ph1 robot a  zone 2  (uncovered: 26% of target)
    [parallel] 10 worker threads, one renderer clone each
    init sampling: best coverage score 742.0px of uncovered area  (16 samples)
[staged]   → robot a: IoU 0.119 → 0.419  ✓
    ↑ new global best IoU 0.419  [phase Ph1 robot a]
[staged]   Ph1 robot b  zone 1  (uncovered: 15% of target)
    [parallel] 10 worker threads, one renderer clone each
    init sampling: best coverage score 423.0px of uncovered area  (16 samples)
[staged]   → robot b: IoU 0.419 → 0.583  ✓
    ↑ new global best IoU 0.583  [phase Ph1 robot b]
[staged]   Ph1 robot c  zone 3  (uncovered: 10% of target)
    [parallel] 10 worker threads, one renderer clone each
    init sampling: best coverage score 292.0px of uncovered area  (16 samples)
[staged]   → robot c: IoU 0.583 → 0.652  ✓
    ↑ new global best IoU 0.652  [phase Ph1 robot c]
[staged]   Ph1 robot d  zone 4  (uncovered: 1% of target)
    [parallel] 10 worker threads, one renderer clone each
    init sampling: best coverage score 9.0px of uncovered area  (16 samples)
[staged]   → robot d: IoU 0.652 → 0.685  ✓
    ↑ new global best IoU 0.685  [phase Ph1 robot d]
[staged]   Ph1 robot e  zone 0  (uncovered: 3% of target)
    [parallel] 10 worker threads, one renderer clone each
    init sampling: best coverage score 152.0px of uncovered area  (16 samples)
[staged]   → robot e: IoU 0.685 → 0.709  ✓
    ↑ new global best IoU 0.709  [phase Ph1 robot e]
[staged] Phase 1 done — composite IoU: 0.709

[staged] Phase 2 — backward pass  (4 iters × 5 robots, sigma=0.300)
[staged]   contributions before Phase 2:
[staged]     robot a: +0.260 IoU
[staged]     robot b: +0.125 IoU
[staged]     robot c: +0.077 IoU
[staged]     robot d: +0.037 IoU  ← low
[staged]     robot e: +0.024 IoU  ← low
[staged]   Ph2 robot e  zone 0  (uncovered: 12% of target)
    [parallel] 10 worker threads, one renderer clone each
    init sampling: best coverage score 157.0px of uncovered area  (16 samples)
[staged]   → robot e: IoU 0.709 → 0.711  ✓
    ↑ new global best IoU 0.711  [phase Ph2 robot e]
[staged]   Ph2 robot d  zone 4  (uncovered: 15% of target)
    [parallel] 10 worker threads, one renderer clone each
    init sampling: best coverage score 186.0px of uncovered area  (16 samples)
[staged]   → robot d: IoU 0.711 → 0.718  ✓
    ↑ new global best IoU 0.718  [phase Ph2 robot d]
[staged]   Ph2 robot c  zone 3  (uncovered: 14% of target)
    [parallel] 10 worker threads, one renderer clone each
    init sampling: best coverage score 187.0px of uncovered area  (16 samples)
[staged]   → robot c: IoU 0.718 → 0.719  ✓
    ↑ new global best IoU 0.719  [phase Ph2 robot c]
[staged]   Ph2 robot b  zone 1  (uncovered: 23% of target)
    [parallel] 10 worker threads, one renderer clone each
    init sampling: best coverage score 358.0px of uncovered area  (16 samples)
[staged]   → robot b: IoU 0.719 → 0.726  ✓
    ↑ new global best IoU 0.726  [phase Ph2 robot b]
[staged]   Ph2 robot a  zone 2  (uncovered: 32% of target)
    [parallel] 10 worker threads, one renderer clone each
    init sampling: best coverage score 414.0px of uncovered area  (16 samples)
[staged]   → robot a: candidate 0.664 < current 0.726  ✗ rejected
[staged] Phase 2 done — composite IoU: 0.726

[staged] Best snapshot: Phase 2  IoU=0.726
[staged] Manifold final pass — computing Jacobian  (ε=0.020, 60 renders)
[staged] Manifold basis: k=8D / 30D  (variance≥85%, top eigenvalues: ['360873.81', '172691.14', '136196.52', '77748.54', '66287.46'])
[staged] Manifold did not improve (0.686 vs 0.726), keeping best snapshot
[staged] FD refinement — 5 Adam steps  (300 renders, lr=0.01, ε=0.02)
    ↑ new global best IoU 0.741  [FD refinement]
[staged] FD done — IoU: 0.741  (Δ=+0.015)  ✓
[staged] Done — final IoU: 0.741  loss: 0.2601
[staged] Popsize: per-robot phases=32  final=16  (theory optimum for 6 DOF = 10)

[staged] Hungarian pre-assignment  (5×5 cost matrix, 8 samples/entry = 200 renders)...
[staged]   robot_a → zone 2  robot_b → zone 1  robot_c → zone 4  robot_d → zone 3  robot_e → zone 0

[staged] Phase 1 — forward greedy  (4 iters × 5 robot(s), sigma=0.40×1.00, popsize=32)
[staged]   Ph1 robot a  zone 2  (uncovered: 25% of target)
    [parallel] 10 worker threads, one renderer clone each
    init sampling: best coverage score 379.0px of uncovered area  (16 samples)
[staged]   → robot a: IoU 0.119 → 0.349  ✓
    ↑ new global best IoU 0.349  [phase Ph1 robot a]
[staged]   Ph1 robot b  zone 1  (uncovered: 6% of target)
    [parallel] 10 worker threads, one renderer clone each
    init sampling: best coverage score 220.0px of uncovered area  (16 samples)
[staged]   → robot b: IoU 0.349 → 0.506  ✓
    ↑ new global best IoU 0.506  [phase Ph1 robot b]
[staged]   Ph1 robot c  zone 4  (uncovered: 3% of target)
    [parallel] 10 worker threads, one renderer clone each
    init sampling: best coverage score 135.0px of uncovered area  (16 samples)
[staged]   → robot c: IoU 0.506 → 0.531  ✓
    ↑ new global best IoU 0.531  [phase Ph1 robot c]
[staged]   Ph1 robot d  zone 3  (uncovered: 8% of target)
    [parallel] 10 worker threads, one renderer clone each
    init sampling: best coverage score 118.0px of uncovered area  (16 samples)
[staged]   → robot d: IoU 0.531 → 0.580  ✓
    ↑ new global best IoU 0.580  [phase Ph1 robot d]
[staged]   Ph1 robot e  zone 0  (uncovered: 4% of target)
    [parallel] 10 worker threads, one renderer clone each
    init sampling: best coverage score 59.0px of uncovered area  (16 samples)
[staged]   → robot e: IoU 0.580 → 0.628  ✓
    ↑ new global best IoU 0.628  [phase Ph1 robot e]
[staged] Phase 1 done — composite IoU: 0.628

[staged] Phase 2 — backward pass  (4 iters × 5 robots, sigma=0.300)
[staged]   contributions before Phase 2:
[staged]     robot a: +0.209 IoU
[staged]     robot b: +0.110 IoU
[staged]     robot c: +0.040 IoU  ← low
[staged]     robot d: +0.063 IoU
[staged]     robot e: +0.048 IoU  ← low
[staged]   Ph2 robot e  zone 0  (uncovered: 25% of target)
    [parallel] 10 worker threads, one renderer clone each
    init sampling: best coverage score 265.0px of uncovered area  (16 samples)
[staged]   → robot e: IoU 0.628 → 0.636  ✓
    ↑ new global best IoU 0.636  [phase Ph2 robot e]
[staged]   Ph2 robot d  zone 3  (uncovered: 24% of target)
    [parallel] 10 worker threads, one renderer clone each
    init sampling: best coverage score 169.0px of uncovered area  (16 samples)
[staged]   → robot d: candidate 0.627 < current 0.636  ✗ rejected
[staged]   Ph2 robot c  zone 4  (uncovered: 21% of target)
    [parallel] 10 worker threads, one renderer clone each
    init sampling: best coverage score 148.0px of uncovered area  (16 samples)
[staged]   → robot c: IoU 0.636 → 0.641  ✓
    ↑ new global best IoU 0.641  [phase Ph2 robot c]
[staged]   Ph2 robot b  zone 1  (uncovered: 30% of target)
    [parallel] 10 worker threads, one renderer clone each
    init sampling: best coverage score 355.0px of uncovered area  (16 samples)
[staged]   → robot b: candidate 0.631 < current 0.641  ✗ rejected
[staged]   Ph2 robot a  zone 2  (uncovered: 41% of target)
    [parallel] 10 worker threads, one renderer clone each
    init sampling: best coverage score 757.0px of uncovered area  (16 samples)
[staged]   → robot a: candidate 0.595 < current 0.641  ✗ rejected
[staged] Phase 2 done — composite IoU: 0.641

[staged] Best snapshot: Phase 2  IoU=0.641
[staged] Manifold final pass — computing Jacobian  (ε=0.020, 60 renders)
[staged] Manifold basis: k=9D / 30D  (variance≥85%, top eigenvalues: ['397372.00', '396557.69', '188679.25', '188460.39', '84135.62'])
    ↑ new global best IoU 0.664  [manifold final pass]
[staged] Manifold done — IoU: 0.664  (Δ=+0.023)  ✓
[staged] FD refinement — 5 Adam steps  (300 renders, lr=0.01, ε=0.02)
    ↑ new global best IoU 0.695  [FD refinement]
[staged] FD done — IoU: 0.695  (Δ=+0.031)  ✓
[staged] Done — final IoU: 0.695  loss: 0.3064
[staged] Popsize: per-robot phases=32  final=16  (theory optimum for 6 DOF = 10)

[staged] Hungarian pre-assignment  (5×5 cost matrix, 8 samples/entry = 200 renders)...
[staged]   robot_a → zone 1  robot_b → zone 2  robot_c → zone 4  robot_d → zone 3  robot_e → zone 0

[staged] Phase 1 — forward greedy  (4 iters × 5 robot(s), sigma=0.40×1.00, popsize=32)
[staged]   Ph1 robot a  zone 1  (uncovered: 26% of target)
    [parallel] 10 worker threads, one renderer clone each
    init sampling: best coverage score 739.0px of uncovered area  (16 samples)
[staged]   → robot a: IoU 0.119 → 0.392  ✓
    ↑ new global best IoU 0.392  [phase Ph1 robot a]
[staged]   Ph1 robot b  zone 2  (uncovered: 7% of target)
    [parallel] 10 worker threads, one renderer clone each
    init sampling: best coverage score 102.0px of uncovered area  (16 samples)
[staged]   → robot b: IoU 0.392 → 0.577  ✓
    ↑ new global best IoU 0.577  [phase Ph1 robot b]
[staged]   Ph1 robot c  zone 4  (uncovered: 2% of target)
    [parallel] 10 worker threads, one renderer clone each
    init sampling: best coverage score 35.0px of uncovered area  (16 samples)
[staged]   → robot c: IoU 0.577 → 0.643  ✓
    ↑ new global best IoU 0.643  [phase Ph1 robot c]
[staged]   Ph1 robot d  zone 3  (uncovered: 3% of target)
    [parallel] 10 worker threads, one renderer clone each
    init sampling: best coverage score 94.0px of uncovered area  (16 samples)
[staged]   → robot d: IoU 0.643 → 0.670  ✓
    ↑ new global best IoU 0.670  [phase Ph1 robot d]
[staged]   Ph1 robot e  zone 0  (uncovered: 2% of target)
    [parallel] 10 worker threads, one renderer clone each
    init sampling: best coverage score 44.0px of uncovered area  (16 samples)
[staged]   → robot e: IoU 0.670 → 0.699  ✓
    ↑ new global best IoU 0.699  [phase Ph1 robot e]
[staged] Phase 1 done — composite IoU: 0.699

[staged] Phase 2 — backward pass  (4 iters × 5 robots, sigma=0.300)
[staged]   contributions before Phase 2:
[staged]     robot a: +0.106 IoU
[staged]     robot b: +0.169 IoU
[staged]     robot c: +0.080 IoU
[staged]     robot d: +0.043 IoU  ← low
[staged]     robot e: +0.029 IoU  ← low
[staged]   Ph2 robot e  zone 0  (uncovered: 10% of target)
    [parallel] 10 worker threads, one renderer clone each
    init sampling: best coverage score 106.0px of uncovered area  (16 samples)
[staged]   → robot e: candidate 0.693 < current 0.699  ✗ rejected
[staged]   Ph2 robot d  zone 3  (uncovered: 11% of target)
    [parallel] 10 worker threads, one renderer clone each
    init sampling: best coverage score 168.0px of uncovered area  (16 samples)
[staged]   → robot d: IoU 0.699 → 0.699  ✓
    ↑ new global best IoU 0.699  [phase Ph2 robot d]
[staged]   Ph2 robot c  zone 4  (uncovered: 14% of target)
    [parallel] 10 worker threads, one renderer clone each
    init sampling: best coverage score 214.0px of uncovered area  (16 samples)
[staged]   → robot c: candidate 0.690 < current 0.699  ✗ rejected
[staged]   Ph2 robot b  zone 2  (uncovered: 25% of target)
    [parallel] 10 worker threads, one renderer clone each
    init sampling: best coverage score 680.0px of uncovered area  (16 samples)
[staged]   → robot b: candidate 0.681 < current 0.699  ✗ rejected
[staged]   Ph2 robot a  zone 1  (uncovered: 22% of target)
    [parallel] 10 worker threads, one renderer clone each
    init sampling: best coverage score 362.0px of uncovered area  (16 samples)
[staged]   → robot a: IoU 0.699 → 0.732  ✓
    ↑ new global best IoU 0.732  [phase Ph2 robot a]
[staged] Phase 2 done — composite IoU: 0.732

[staged] Best snapshot: Phase 2  IoU=0.732
[staged] Manifold final pass — computing Jacobian  (ε=0.020, 60 renders)
[staged] Manifold basis: k=10D / 30D  (variance≥85%, top eigenvalues: ['329645.56', '314370.00', '198955.66', '113381.83', '63046.04'])
[staged] Manifold did not improve (0.692 vs 0.732), keeping best snapshot
[staged] FD refinement — 5 Adam steps  (300 renders, lr=0.01, ε=0.02)
    ↑ new global best IoU 0.756  [FD refinement]
[staged] FD done — IoU: 0.756  (Δ=+0.024)  ✓
[staged] Done — final IoU: 0.756  loss: 0.2447
[staged] Popsize: per-robot phases=32  final=16  (theory optimum for 6 DOF = 10)

[staged] Hungarian pre-assignment  (5×5 cost matrix, 8 samples/entry = 200 renders)...
[staged]   robot_a → zone 0  robot_b → zone 4  robot_c → zone 2  robot_d → zone 3  robot_e → zone 1

[staged] Phase 1 — forward greedy  (4 iters × 5 robot(s), sigma=0.40×1.00, popsize=32)
[staged]   Ph1 robot a  zone 0  (uncovered: 15% of target)
    [parallel] 10 worker threads, one renderer clone each
    init sampling: best coverage score 531.0px of uncovered area  (16 samples)
[staged]   → robot a: IoU 0.119 → 0.412  ✓
    ↑ new global best IoU 0.412  [phase Ph1 robot a]
[staged]   Ph1 robot b  zone 4  (uncovered: 1% of target)
    [parallel] 10 worker threads, one renderer clone each
    init sampling: best coverage score 73.0px of uncovered area  (16 samples)
[staged]   → robot b: IoU 0.412 → 0.532  ✓
    ↑ new global best IoU 0.532  [phase Ph1 robot b]
[staged]   Ph1 robot c  zone 2  (uncovered: 6% of target)
    [parallel] 10 worker threads, one renderer clone each
    init sampling: best coverage score 188.0px of uncovered area  (16 samples)
[staged]   → robot c: IoU 0.532 → 0.567  ✓
    ↑ new global best IoU 0.567  [phase Ph1 robot c]
[staged]   Ph1 robot d  zone 3  (uncovered: 5% of target)
    [parallel] 10 worker threads, one renderer clone each
    init sampling: best coverage score 74.0px of uncovered area  (16 samples)
[staged]   → robot d: IoU 0.567 → 0.594  ✓
    ↑ new global best IoU 0.594  [phase Ph1 robot d]
[staged]   Ph1 robot e  zone 1  (uncovered: 6% of target)
    [parallel] 10 worker threads, one renderer clone each
    init sampling: best coverage score 15.0px of uncovered area  (16 samples)
[staged]   → robot e: IoU 0.594 → 0.639  ✓
    ↑ new global best IoU 0.639  [phase Ph1 robot e]
[staged] Phase 1 done — composite IoU: 0.639

[staged] Phase 2 — backward pass  (4 iters × 5 robots, sigma=0.300)
[staged]   contributions before Phase 2:
[staged]     robot a: +0.169 IoU
[staged]     robot b: +0.034 IoU  ← low
[staged]     robot c: +0.048 IoU  ← low
[staged]     robot d: +0.039 IoU  ← low
[staged]     robot e: +0.046 IoU  ← low
[staged]   Ph2 robot e  zone 1  (uncovered: 16% of target)
    [parallel] 10 worker threads, one renderer clone each
    init sampling: best coverage score 86.0px of uncovered area  (16 samples)
[staged]   → robot e: candidate 0.627 < current 0.639  ✗ rejected
[staged]   Ph2 robot d  zone 3  (uncovered: 14% of target)
    [parallel] 10 worker threads, one renderer clone each
    init sampling: best coverage score 126.0px of uncovered area  (16 samples)
[staged]   → robot d: candidate 0.622 < current 0.639  ✗ rejected
[staged]   Ph2 robot c  zone 2  (uncovered: 16% of target)
    [parallel] 10 worker threads, one renderer clone each
    init sampling: best coverage score 175.0px of uncovered area  (16 samples)
[staged]   → robot c: candidate 0.637 < current 0.639  ✗ rejected
[staged]   Ph2 robot b  zone 4  (uncovered: 13% of target)
    [parallel] 10 worker threads, one renderer clone each
    init sampling: best coverage score 163.0px of uncovered area  (16 samples)
[staged]   → robot b: IoU 0.639 → 0.651  ✓
    ↑ new global best IoU 0.651  [phase Ph2 robot b]
[staged]   Ph2 robot a  zone 0  (uncovered: 21% of target)
    [parallel] 10 worker threads, one renderer clone each
    init sampling: best coverage score 378.0px of uncovered area  (16 samples)
[staged]   → robot a: candidate 0.636 < current 0.651  ✗ rejected
[staged] Phase 2 done — composite IoU: 0.651

[staged] Best snapshot: Phase 2  IoU=0.651
[staged] Manifold final pass — computing Jacobian  (ε=0.020, 60 renders)
[staged] Manifold basis: k=7D / 30D  (variance≥85%, top eigenvalues: ['780569.06', '213467.56', '209366.94', '119859.16', '118793.70'])
    ↑ new global best IoU 0.672  [manifold final pass]
[staged] Manifold done — IoU: 0.672  (Δ=+0.021)  ✓
[staged] FD refinement — 5 Adam steps  (300 renders, lr=0.01, ε=0.02)
    ↑ new global best IoU 0.689  [FD refinement]
[staged] FD done — IoU: 0.689  (Δ=+0.017)  ✓
[staged] Done — final IoU: 0.689  loss: 0.3123
[shard 0] 10/10 digits/9_dejavusans-bold  best=0.756 mean=0.714±0.029  120s  eta 0.0h
[shard 0] DONE 10 targets in 0.33h
