[shard 0/1] 10 targets × 5 runs
[scene] so101 ×5: light_y=1.00 wall_y=-2.80 throw=3.80m table_len=0.80m | magnification 2.1x–3.8x
[shard 0] n_dof=30 arm_gap=0.2
[shard 0] variant=staged+init_samples=4,use_voronoi_warmstart=false
[shard 0] wrote /home/souju/dev/umbra-bench-grounded/optimized/aimed-start-probe10/no_aimed-small-init4-n5/BUDGET.md
[staged] Popsize: per-robot phases=32  final=32  (theory optimum for 6 DOF = 10)

[staged] Hungarian pre-assignment  (5×5 cost matrix, 8 samples/entry = 200 renders)...
[staged]   robot_a → zone 3  robot_b → zone 1  robot_c → zone 4  robot_d → zone 2  robot_e → zone 0

[staged] Phase 1 — forward greedy  (8 iters × 5 robot(s), sigma=0.40×1.00, popsize=32)
[staged]   Ph1 robot a  zone 3  (uncovered: 13% of target)
    [parallel] 10 worker threads, one renderer clone each
    init sampling: best coverage score 215.0px of uncovered area  (4 samples)
[staged]   → robot a: IoU 0.208 → 0.490  ✓
    ↑ new global best IoU 0.490  [phase Ph1 robot a]
[staged]   Ph1 robot b  zone 1  (uncovered: 7% of target)
    [parallel] 10 worker threads, one renderer clone each
    init sampling: best coverage score 6.0px of uncovered area  (4 samples)
[staged]   → robot b: IoU 0.490 → 0.570  ✓
    ↑ new global best IoU 0.570  [phase Ph1 robot b]
[staged]   Ph1 robot c  zone 4  (uncovered: 2% of target)
    [parallel] 10 worker threads, one renderer clone each
    init sampling: best coverage score 0.0px of uncovered area  (4 samples)
[staged]   → robot c: IoU 0.570 → 0.601  ✓
    ↑ new global best IoU 0.601  [phase Ph1 robot c]
[staged]   Ph1 robot d  zone 2  (uncovered: 12% of target)
    [parallel] 10 worker threads, one renderer clone each
    init sampling: best coverage score 67.0px of uncovered area  (4 samples)
[staged]   → robot d: IoU 0.601 → 0.619  ✓
    ↑ new global best IoU 0.619  [phase Ph1 robot d]
[staged]   Ph1 robot e  zone 0  (uncovered: 6% of target)
    [parallel] 10 worker threads, one renderer clone each
    init sampling: best coverage score 233.0px of uncovered area  (4 samples)
[staged]   → robot e: IoU 0.619 → 0.619  ✓
    ↑ new global best IoU 0.619  [phase Ph1 robot e]
[staged] Phase 1 done — composite IoU: 0.619

[staged] Phase 2 — backward pass  (8 iters × 5 robots, sigma=0.300)
[staged]   contributions before Phase 2:
[staged]     robot a: +0.183 IoU
[staged]     robot b: +0.036 IoU  ← low
[staged]     robot c: +0.036 IoU  ← low
[staged]     robot d: +0.030 IoU  ← low
[staged]     robot e: +0.001 IoU  ← low
[staged]   Ph2 robot e  zone 0  (uncovered: 24% of target)
    [parallel] 10 worker threads, one renderer clone each
    init sampling: best coverage score 145.0px of uncovered area  (4 samples)
[staged]   → robot e: IoU 0.619 → 0.659  ✓
    ↑ new global best IoU 0.659  [phase Ph2 robot e]
[staged]   Ph2 robot d  zone 2  (uncovered: 21% of target)
    [parallel] 10 worker threads, one renderer clone each
    init sampling: best coverage score 78.0px of uncovered area  (4 samples)
[staged]   → robot d: IoU 0.659 → 0.686  ✓
    ↑ new global best IoU 0.686  [phase Ph2 robot d]
[staged]   Ph2 robot c  zone 4  (uncovered: 20% of target)
    [parallel] 10 worker threads, one renderer clone each
    init sampling: best coverage score 226.0px of uncovered area  (4 samples)
[staged]   → robot c: candidate 0.671 < current 0.686  ✗ rejected
[staged]   Ph2 robot b  zone 1  (uncovered: 25% of target)
    [parallel] 10 worker threads, one renderer clone each
    init sampling: best coverage score 263.0px of uncovered area  (4 samples)
[staged]   → robot b: IoU 0.686 → 0.695  ✓
    ↑ new global best IoU 0.695  [phase Ph2 robot b]
[staged]   Ph2 robot a  zone 3  (uncovered: 36% of target)
    [parallel] 10 worker threads, one renderer clone each
    init sampling: best coverage score 222.0px of uncovered area  (4 samples)
[staged]   → robot a: candidate 0.655 < current 0.695  ✗ rejected
[staged] Phase 2 done — composite IoU: 0.695

[staged] Best snapshot: Phase 2  IoU=0.695
[staged] Manifold final pass — computing Jacobian  (ε=0.020, 60 renders)
[staged] Manifold basis: k=11D / 30D  (variance≥85%, top eigenvalues: ['210175.67', '144306.55', '106932.73', '68306.77', '61213.94'])
    ↑ new global best IoU 0.696  [manifold final pass]
[staged] Manifold done — IoU: 0.696  (Δ=+0.001)  ✓
[staged] FD refinement — 5 Adam steps  (300 renders, lr=0.01, ε=0.02)
    ↑ new global best IoU 0.732  [FD refinement]
[staged] FD done — IoU: 0.732  (Δ=+0.035)  ✓
[staged] Done — final IoU: 0.732  loss: 0.2697
[staged] Popsize: per-robot phases=32  final=32  (theory optimum for 6 DOF = 10)

[staged] Hungarian pre-assignment  (5×5 cost matrix, 8 samples/entry = 200 renders)...
[staged]   robot_a → zone 0  robot_b → zone 1  robot_c → zone 3  robot_d → zone 4  robot_e → zone 2

[staged] Phase 1 — forward greedy  (8 iters × 5 robot(s), sigma=0.40×1.00, popsize=32)
[staged]   Ph1 robot a  zone 0  (uncovered: 14% of target)
    [parallel] 10 worker threads, one renderer clone each
    init sampling: best coverage score 1.0px of uncovered area  (4 samples)
[staged]   → robot a: IoU 0.208 → 0.487  ✓
    ↑ new global best IoU 0.487  [phase Ph1 robot a]
[staged]   Ph1 robot b  zone 1  (uncovered: 10% of target)
    [parallel] 10 worker threads, one renderer clone each
    init sampling: best coverage score 7.0px of uncovered area  (4 samples)
[staged]   → robot b: IoU 0.487 → 0.585  ✓
    ↑ new global best IoU 0.585  [phase Ph1 robot b]
[staged]   Ph1 robot c  zone 3  (uncovered: 2% of target)
    [parallel] 10 worker threads, one renderer clone each
    init sampling: best coverage score 14.0px of uncovered area  (4 samples)
[staged]   → robot c: IoU 0.585 → 0.621  ✓
    ↑ new global best IoU 0.621  [phase Ph1 robot c]
[staged]   Ph1 robot d  zone 4  (uncovered: 3% of target)
    [parallel] 10 worker threads, one renderer clone each
    init sampling: best coverage score 30.0px of uncovered area  (4 samples)
[staged]   → robot d: IoU 0.621 → 0.645  ✓
    ↑ new global best IoU 0.645  [phase Ph1 robot d]
[staged]   Ph1 robot e  zone 2  (uncovered: 1% of target)
    [parallel] 10 worker threads, one renderer clone each
    init sampling: best coverage score 20.0px of uncovered area  (4 samples)
[staged]   → robot e: IoU 0.645 → 0.667  ✓
    ↑ new global best IoU 0.667  [phase Ph1 robot e]
[staged] Phase 1 done — composite IoU: 0.667

[staged] Phase 2 — backward pass  (8 iters × 5 robots, sigma=0.300)
[staged]   contributions before Phase 2:
[staged]     robot a: +0.209 IoU
[staged]     robot b: +0.076 IoU
[staged]     robot c: +0.045 IoU  ← low
[staged]     robot d: +0.036 IoU  ← low
[staged]     robot e: +0.021 IoU  ← low
[staged]   Ph2 robot e  zone 2  (uncovered: 13% of target)
    [parallel] 10 worker threads, one renderer clone each
    init sampling: best coverage score 55.0px of uncovered area  (4 samples)
[staged]   → robot e: candidate 0.664 < current 0.667  ✗ rejected
[staged]   Ph2 robot d  zone 4  (uncovered: 14% of target)
    [parallel] 10 worker threads, one renderer clone each
    init sampling: best coverage score 124.0px of uncovered area  (4 samples)
[staged]   → robot d: candidate 0.658 < current 0.667  ✗ rejected
[staged]   Ph2 robot c  zone 3  (uncovered: 22% of target)
    [parallel] 10 worker threads, one renderer clone each
    init sampling: best coverage score 128.0px of uncovered area  (4 samples)
[staged]   → robot c: IoU 0.667 → 0.674  ✓
    ↑ new global best IoU 0.674  [phase Ph2 robot c]
[staged]   Ph2 robot b  zone 1  (uncovered: 28% of target)
    [parallel] 10 worker threads, one renderer clone each
    init sampling: best coverage score 314.0px of uncovered area  (4 samples)
[staged]   → robot b: candidate 0.666 < current 0.674  ✗ rejected
[staged]   Ph2 robot a  zone 0  (uncovered: 41% of target)
    [parallel] 10 worker threads, one renderer clone each
    init sampling: best coverage score 1100.0px of uncovered area  (4 samples)
[staged]   → robot a: candidate 0.621 < current 0.674  ✗ rejected
[staged] Phase 2 done — composite IoU: 0.674

[staged] Best snapshot: Phase 2  IoU=0.674
[staged] Manifold final pass — computing Jacobian  (ε=0.020, 60 renders)
[staged] Manifold basis: k=9D / 30D  (variance≥85%, top eigenvalues: ['565169.00', '362042.41', '154093.05', '97393.20', '72619.47'])
    ↑ new global best IoU 0.675  [manifold final pass]
[staged] Manifold done — IoU: 0.675  (Δ=+0.001)  ✓
[staged] FD refinement — 5 Adam steps  (300 renders, lr=0.01, ε=0.02)
    ↑ new global best IoU 0.692  [FD refinement]
[staged] FD done — IoU: 0.692  (Δ=+0.017)  ✓
[staged] Done — final IoU: 0.692  loss: 0.3097
[staged] Popsize: per-robot phases=32  final=32  (theory optimum for 6 DOF = 10)

[staged] Hungarian pre-assignment  (5×5 cost matrix, 8 samples/entry = 200 renders)...
[staged]   robot_a → zone 1  robot_b → zone 2  robot_c → zone 0  robot_d → zone 4  robot_e → zone 3

[staged] Phase 1 — forward greedy  (8 iters × 5 robot(s), sigma=0.40×1.00, popsize=32)
[staged]   Ph1 robot a  zone 1  (uncovered: 17% of target)
    [parallel] 10 worker threads, one renderer clone each
    init sampling: best coverage score 0.0px of uncovered area  (4 samples)
[staged]   → robot a: IoU 0.208 → 0.463  ✓
    ↑ new global best IoU 0.463  [phase Ph1 robot a]
[staged]   Ph1 robot b  zone 2  (uncovered: 13% of target)
    [parallel] 10 worker threads, one renderer clone each
    init sampling: best coverage score 274.0px of uncovered area  (4 samples)
[staged]   → robot b: IoU 0.463 → 0.565  ✓
    ↑ new global best IoU 0.565  [phase Ph1 robot b]
[staged]   Ph1 robot c  zone 0  (uncovered: 3% of target)
    [parallel] 10 worker threads, one renderer clone each
    init sampling: best coverage score 95.0px of uncovered area  (4 samples)
[staged]   → robot c: IoU 0.565 → 0.609  ✓
    ↑ new global best IoU 0.609  [phase Ph1 robot c]
[staged]   Ph1 robot d  zone 4  (uncovered: 2% of target)
    [parallel] 10 worker threads, one renderer clone each
    init sampling: best coverage score 24.0px of uncovered area  (4 samples)
[staged]   → robot d: IoU 0.609 → 0.651  ✓
    ↑ new global best IoU 0.651  [phase Ph1 robot d]
[staged]   Ph1 robot e  zone 3  (uncovered: 4% of target)
    [parallel] 10 worker threads, one renderer clone each
    init sampling: best coverage score 3.0px of uncovered area  (4 samples)
[staged]   → robot e: IoU 0.651 → 0.670  ✓
    ↑ new global best IoU 0.670  [phase Ph1 robot e]
[staged] Phase 1 done — composite IoU: 0.670

[staged] Phase 2 — backward pass  (8 iters × 5 robots, sigma=0.300)
[staged]   contributions before Phase 2:
[staged]     robot a: +0.167 IoU
[staged]     robot b: +0.115 IoU
[staged]     robot c: +0.032 IoU  ← low
[staged]     robot d: +0.045 IoU  ← low
[staged]     robot e: +0.020 IoU  ← low
[staged]   Ph2 robot e  zone 3  (uncovered: 16% of target)
    [parallel] 10 worker threads, one renderer clone each
    init sampling: best coverage score 25.0px of uncovered area  (4 samples)
[staged]   → robot e: IoU 0.670 → 0.674  ✓
    ↑ new global best IoU 0.674  [phase Ph2 robot e]
[staged]   Ph2 robot d  zone 4  (uncovered: 21% of target)
    [parallel] 10 worker threads, one renderer clone each
    init sampling: best coverage score 87.0px of uncovered area  (4 samples)
[staged]   → robot d: candidate 0.670 < current 0.674  ✗ rejected
[staged]   Ph2 robot c  zone 0  (uncovered: 22% of target)
    [parallel] 10 worker threads, one renderer clone each
    init sampling: best coverage score 240.0px of uncovered area  (4 samples)
[staged]   → robot c: candidate 0.665 < current 0.674  ✗ rejected
[staged]   Ph2 robot b  zone 2  (uncovered: 30% of target)
    [parallel] 10 worker threads, one renderer clone each
    init sampling: best coverage score 63.0px of uncovered area  (4 samples)
[staged]   → robot b: candidate 0.579 < current 0.674  ✗ rejected
[staged]   Ph2 robot a  zone 1  (uncovered: 25% of target)
    [parallel] 10 worker threads, one renderer clone each
    init sampling: best coverage score 113.0px of uncovered area  (4 samples)
[staged]   → robot a: candidate 0.621 < current 0.674  ✗ rejected
[staged] Phase 2 done — composite IoU: 0.674

[staged] Best snapshot: Phase 2  IoU=0.674
[staged] Manifold final pass — computing Jacobian  (ε=0.020, 60 renders)
[staged] Manifold basis: k=9D / 30D  (variance≥85%, top eigenvalues: ['388038.69', '99536.61', '83303.06', '79786.84', '76865.55'])
    ↑ new global best IoU 0.687  [manifold final pass]
[staged] Manifold done — IoU: 0.687  (Δ=+0.014)  ✓
[staged] FD refinement — 5 Adam steps  (300 renders, lr=0.01, ε=0.02)
    ↑ new global best IoU 0.699  [FD refinement]
[staged] FD done — IoU: 0.699  (Δ=+0.012)  ✓
[staged] Done — final IoU: 0.699  loss: 0.3024
[staged] Popsize: per-robot phases=32  final=32  (theory optimum for 6 DOF = 10)

[staged] Hungarian pre-assignment  (5×5 cost matrix, 8 samples/entry = 200 renders)...
[staged]   robot_a → zone 2  robot_b → zone 3  robot_c → zone 4  robot_d → zone 1  robot_e → zone 0

[staged] Phase 1 — forward greedy  (8 iters × 5 robot(s), sigma=0.40×1.00, popsize=32)
[staged]   Ph1 robot a  zone 2  (uncovered: 20% of target)
    [parallel] 10 worker threads, one renderer clone each
    init sampling: best coverage score 601.0px of uncovered area  (4 samples)
[staged]   → robot a: IoU 0.208 → 0.437  ✓
    ↑ new global best IoU 0.437  [phase Ph1 robot a]
[staged]   Ph1 robot b  zone 3  (uncovered: 10% of target)
    [parallel] 10 worker threads, one renderer clone each
    init sampling: best coverage score 228.0px of uncovered area  (4 samples)
[staged]   → robot b: IoU 0.437 → 0.513  ✓
    ↑ new global best IoU 0.513  [phase Ph1 robot b]
[staged]   Ph1 robot c  zone 4  (uncovered: 3% of target)
    [parallel] 10 worker threads, one renderer clone each
    init sampling: best coverage score 6.0px of uncovered area  (4 samples)
[staged]   → robot c: IoU 0.513 → 0.570  ✓
    ↑ new global best IoU 0.570  [phase Ph1 robot c]
[staged]   Ph1 robot d  zone 1  (uncovered: 5% of target)
    [parallel] 10 worker threads, one renderer clone each
    init sampling: best coverage score 68.0px of uncovered area  (4 samples)
[staged]   → robot d: IoU 0.570 → 0.604  ✓
    ↑ new global best IoU 0.604  [phase Ph1 robot d]
[staged]   Ph1 robot e  zone 0  (uncovered: 2% of target)
    [parallel] 10 worker threads, one renderer clone each
    init sampling: best coverage score 0.0px of uncovered area  (4 samples)
[staged]   → robot e: IoU 0.604 → 0.626  ✓
    ↑ new global best IoU 0.626  [phase Ph1 robot e]
[staged] Phase 1 done — composite IoU: 0.626

[staged] Phase 2 — backward pass  (8 iters × 5 robots, sigma=0.300)
[staged]   contributions before Phase 2:
[staged]     robot a: +0.097 IoU
[staged]     robot b: +0.082 IoU
[staged]     robot c: +0.065 IoU
[staged]     robot d: +0.044 IoU  ← low
[staged]     robot e: +0.022 IoU  ← low
[staged]   Ph2 robot e  zone 0  (uncovered: 19% of target)
    [parallel] 10 worker threads, one renderer clone each
    init sampling: best coverage score 65.0px of uncovered area  (4 samples)
[staged]   → robot e: IoU 0.626 → 0.631  ✓
    ↑ new global best IoU 0.631  [phase Ph2 robot e]
[staged]   Ph2 robot d  zone 1  (uncovered: 22% of target)
    [parallel] 10 worker threads, one renderer clone each
    init sampling: best coverage score 52.0px of uncovered area  (4 samples)
[staged]   → robot d: candidate 0.617 < current 0.631  ✗ rejected
[staged]   Ph2 robot c  zone 4  (uncovered: 30% of target)
    [parallel] 10 worker threads, one renderer clone each
    init sampling: best coverage score 334.0px of uncovered area  (4 samples)
[staged]   → robot c: IoU 0.631 → 0.634  ✓
    ↑ new global best IoU 0.634  [phase Ph2 robot c]
[staged]   Ph2 robot b  zone 3  (uncovered: 27% of target)
    [parallel] 10 worker threads, one renderer clone each
    init sampling: best coverage score 391.0px of uncovered area  (4 samples)
[staged]   → robot b: IoU 0.634 → 0.644  ✓
    ↑ new global best IoU 0.644  [phase Ph2 robot b]
[staged]   Ph2 robot a  zone 2  (uncovered: 35% of target)
    [parallel] 10 worker threads, one renderer clone each
    init sampling: best coverage score 861.0px of uncovered area  (4 samples)
[staged]   → robot a: IoU 0.644 → 0.671  ✓
    ↑ new global best IoU 0.671  [phase Ph2 robot a]
[staged] Phase 2 done — composite IoU: 0.671

[staged] Best snapshot: Phase 2  IoU=0.671
[staged] Manifold final pass — computing Jacobian  (ε=0.020, 60 renders)
[staged] Manifold basis: k=9D / 30D  (variance≥85%, top eigenvalues: ['578346.00', '137971.73', '134419.05', '113366.09', '78786.91'])
    ↑ new global best IoU 0.671  [manifold final pass]
[staged] Manifold done — IoU: 0.671  (Δ=+0.000)  ✓
[staged] FD refinement — 5 Adam steps  (300 renders, lr=0.01, ε=0.02)
    ↑ new global best IoU 0.688  [FD refinement]
[staged] FD done — IoU: 0.688  (Δ=+0.017)  ✓
[staged] Done — final IoU: 0.688  loss: 0.3131
[staged] Popsize: per-robot phases=32  final=32  (theory optimum for 6 DOF = 10)

[staged] Hungarian pre-assignment  (5×5 cost matrix, 8 samples/entry = 200 renders)...
[staged]   robot_a → zone 3  robot_b → zone 4  robot_c → zone 1  robot_d → zone 2  robot_e → zone 0

[staged] Phase 1 — forward greedy  (8 iters × 5 robot(s), sigma=0.40×1.00, popsize=32)
[staged]   Ph1 robot a  zone 3  (uncovered: 26% of target)
    [parallel] 10 worker threads, one renderer clone each
    init sampling: best coverage score 674.0px of uncovered area  (4 samples)
[staged]   → robot a: IoU 0.208 → 0.445  ✓
    ↑ new global best IoU 0.445  [phase Ph1 robot a]
[staged]   Ph1 robot b  zone 4  (uncovered: 13% of target)
    [parallel] 10 worker threads, one renderer clone each
    init sampling: best coverage score 234.0px of uncovered area  (4 samples)
[staged]   → robot b: IoU 0.445 → 0.541  ✓
    ↑ new global best IoU 0.541  [phase Ph1 robot b]
[staged]   Ph1 robot c  zone 1  (uncovered: 4% of target)
    [parallel] 10 worker threads, one renderer clone each
    init sampling: best coverage score 99.0px of uncovered area  (4 samples)
[staged]   → robot c: IoU 0.541 → 0.596  ✓
    ↑ new global best IoU 0.596  [phase Ph1 robot c]
[staged]   Ph1 robot d  zone 2  (uncovered: 6% of target)
    [parallel] 10 worker threads, one renderer clone each
    init sampling: best coverage score 120.0px of uncovered area  (4 samples)
[staged]   → robot d: IoU 0.596 → 0.637  ✓
    ↑ new global best IoU 0.637  [phase Ph1 robot d]
[staged]   Ph1 robot e  zone 0  (uncovered: 8% of target)
    [parallel] 10 worker threads, one renderer clone each
    init sampling: best coverage score 45.0px of uncovered area  (4 samples)
[staged]   → robot e: IoU 0.637 → 0.678  ✓
    ↑ new global best IoU 0.678  [phase Ph1 robot e]
[staged] Phase 1 done — composite IoU: 0.678

[staged] Phase 2 — backward pass  (8 iters × 5 robots, sigma=0.300)
[staged]   contributions before Phase 2:
[staged]     robot a: +0.137 IoU
[staged]     robot b: +0.012 IoU  ← low
[staged]     robot c: +0.066 IoU
[staged]     robot d: +0.057 IoU
[staged]     robot e: +0.041 IoU  ← low
[staged]   Ph2 robot e  zone 0  (uncovered: 21% of target)
    [parallel] 10 worker threads, one renderer clone each
    init sampling: best coverage score 165.0px of uncovered area  (4 samples)
[staged]   → robot e: IoU 0.678 → 0.678  ✓
    ↑ new global best IoU 0.678  [phase Ph2 robot e]
[staged]   Ph2 robot d  zone 2  (uncovered: 21% of target)
    [parallel] 10 worker threads, one renderer clone each
    init sampling: best coverage score 106.0px of uncovered area  (4 samples)
[staged]   → robot d: candidate 0.669 < current 0.678  ✗ rejected
[staged]   Ph2 robot c  zone 1  (uncovered: 23% of target)
    [parallel] 10 worker threads, one renderer clone each
    init sampling: best coverage score 66.0px of uncovered area  (4 samples)
[staged]   → robot c: candidate 0.672 < current 0.678  ✗ rejected
[staged]   Ph2 robot b  zone 4  (uncovered: 28% of target)
    [parallel] 10 worker threads, one renderer clone each
    init sampling: best coverage score 544.0px of uncovered area  (4 samples)
[staged]   → robot b: IoU 0.678 → 0.687  ✓
    ↑ new global best IoU 0.687  [phase Ph2 robot b]
[staged]   Ph2 robot a  zone 3  (uncovered: 35% of target)
    [parallel] 10 worker threads, one renderer clone each
    init sampling: best coverage score 573.0px of uncovered area  (4 samples)
[staged]   → robot a: candidate 0.683 < current 0.687  ✗ rejected
[staged] Phase 2 done — composite IoU: 0.687

[staged] Best snapshot: Phase 2  IoU=0.687
[staged] Manifold final pass — computing Jacobian  (ε=0.020, 60 renders)
[staged] Manifold basis: k=10D / 30D  (variance≥85%, top eigenvalues: ['242549.77', '127928.96', '119534.16', '76658.23', '71776.41'])
    ↑ new global best IoU 0.697  [manifold final pass]
[staged] Manifold done — IoU: 0.697  (Δ=+0.010)  ✓
[staged] FD refinement — 5 Adam steps  (300 renders, lr=0.01, ε=0.02)
    ↑ new global best IoU 0.717  [FD refinement]
[staged] FD done — IoU: 0.717  (Δ=+0.019)  ✓
[staged] Done — final IoU: 0.717  loss: 0.2838
[shard 0] 1/10 letters_upper/E_dejavusans-bold  best=0.732 mean=0.705±0.016  140s  eta 0.4h
[staged] Popsize: per-robot phases=32  final=32  (theory optimum for 6 DOF = 10)

[staged] Hungarian pre-assignment  (5×5 cost matrix, 8 samples/entry = 200 renders)...
[staged]   robot_a → zone 3  robot_b → zone 4  robot_c → zone 1  robot_d → zone 0  robot_e → zone 2

[staged] Phase 1 — forward greedy  (8 iters × 5 robot(s), sigma=0.40×1.00, popsize=32)
[staged]   Ph1 robot a  zone 3  (uncovered: 17% of target)
    [parallel] 10 worker threads, one renderer clone each
    init sampling: best coverage score 7.0px of uncovered area  (4 samples)
[staged]   → robot a: IoU 0.195 → 0.394  ✓
    ↑ new global best IoU 0.394  [phase Ph1 robot a]
[staged]   Ph1 robot b  zone 4  (uncovered: 20% of target)
    [parallel] 10 worker threads, one renderer clone each
    init sampling: best coverage score 140.0px of uncovered area  (4 samples)
[staged]   → robot b: IoU 0.394 → 0.533  ✓
    ↑ new global best IoU 0.533  [phase Ph1 robot b]
[staged]   Ph1 robot c  zone 1  (uncovered: 2% of target)
    [parallel] 10 worker threads, one renderer clone each
    init sampling: best coverage score 65.0px of uncovered area  (4 samples)
[staged]   → robot c: IoU 0.533 → 0.551  ✓
    ↑ new global best IoU 0.551  [phase Ph1 robot c]
[staged]   Ph1 robot d  zone 0  (uncovered: 10% of target)
    [parallel] 10 worker threads, one renderer clone each
    init sampling: best coverage score 221.0px of uncovered area  (4 samples)
[staged]   → robot d: IoU 0.551 → 0.563  ✓
    ↑ new global best IoU 0.563  [phase Ph1 robot d]
[staged]   Ph1 robot e  zone 2  (uncovered: 1% of target)
    [parallel] 10 worker threads, one renderer clone each
    init sampling: best coverage score 12.0px of uncovered area  (4 samples)
[staged]   → robot e: IoU 0.563 → 0.592  ✓
    ↑ new global best IoU 0.592  [phase Ph1 robot e]
[staged] Phase 1 done — composite IoU: 0.592

[staged] Phase 2 — backward pass  (8 iters × 5 robots, sigma=0.300)
[staged]   contributions before Phase 2:
[staged]     robot a: +0.125 IoU
[staged]     robot b: +0.059 IoU
[staged]     robot c: +0.021 IoU  ← low
[staged]     robot d: +0.034 IoU  ← low
[staged]     robot e: +0.030 IoU  ← low
[staged]   Ph2 robot e  zone 2  (uncovered: 15% of target)
    [parallel] 10 worker threads, one renderer clone each
    init sampling: best coverage score 174.0px of uncovered area  (4 samples)
[staged]   → robot e: IoU 0.592 → 0.594  ✓
    ↑ new global best IoU 0.594  [phase Ph2 robot e]
[staged]   Ph2 robot d  zone 0  (uncovered: 16% of target)
    [parallel] 10 worker threads, one renderer clone each
    init sampling: best coverage score 201.0px of uncovered area  (4 samples)
[staged]   → robot d: IoU 0.594 → 0.597  ✓
    ↑ new global best IoU 0.597  [phase Ph2 robot d]
[staged]   Ph2 robot c  zone 1  (uncovered: 13% of target)
    [parallel] 10 worker threads, one renderer clone each
    init sampling: best coverage score 95.0px of uncovered area  (4 samples)
[staged]   → robot c: candidate 0.591 < current 0.597  ✗ rejected
[staged]   Ph2 robot b  zone 4  (uncovered: 21% of target)
    [parallel] 10 worker threads, one renderer clone each
    init sampling: best coverage score 337.0px of uncovered area  (4 samples)
[staged]   → robot b: IoU 0.597 → 0.608  ✓
    ↑ new global best IoU 0.608  [phase Ph2 robot b]
[staged]   Ph2 robot a  zone 3  (uncovered: 41% of target)
    [parallel] 10 worker threads, one renderer clone each
    init sampling: best coverage score 48.0px of uncovered area  (4 samples)
[staged]   → robot a: candidate 0.563 < current 0.608  ✗ rejected
[staged] Phase 2 done — composite IoU: 0.608

[staged] Best snapshot: Phase 2  IoU=0.608
[staged] Manifold final pass — computing Jacobian  (ε=0.020, 60 renders)
[staged] Manifold basis: k=7D / 30D  (variance≥85%, top eigenvalues: ['873531.81', '173528.75', '94828.77', '89798.45', '80574.52'])
    ↑ new global best IoU 0.651  [manifold final pass]
[staged] Manifold done — IoU: 0.651  (Δ=+0.044)  ✓
[staged] FD refinement — 5 Adam steps  (300 renders, lr=0.01, ε=0.02)
    ↑ new global best IoU 0.663  [FD refinement]
[staged] FD done — IoU: 0.663  (Δ=+0.012)  ✓
[staged] Done — final IoU: 0.663  loss: 0.3393
[staged] Popsize: per-robot phases=32  final=32  (theory optimum for 6 DOF = 10)

[staged] Hungarian pre-assignment  (5×5 cost matrix, 8 samples/entry = 200 renders)...
[staged]   robot_a → zone 0  robot_b → zone 4  robot_c → zone 1  robot_d → zone 2  robot_e → zone 3

[staged] Phase 1 — forward greedy  (8 iters × 5 robot(s), sigma=0.40×1.00, popsize=32)
[staged]   Ph1 robot a  zone 0  (uncovered: 23% of target)
    [parallel] 10 worker threads, one renderer clone each
    init sampling: best coverage score 0.0px of uncovered area  (4 samples)
[staged]   → robot a: IoU 0.195 → 0.329  ✓
    ↑ new global best IoU 0.329  [phase Ph1 robot a]
[staged]   Ph1 robot b  zone 4  (uncovered: 3% of target)
    [parallel] 10 worker threads, one renderer clone each
    init sampling: best coverage score 0.0px of uncovered area  (4 samples)
[staged]   → robot b: IoU 0.329 → 0.537  ✓
    ↑ new global best IoU 0.537  [phase Ph1 robot b]
[staged]   Ph1 robot c  zone 1  (uncovered: 6% of target)
    [parallel] 10 worker threads, one renderer clone each
    init sampling: best coverage score 159.0px of uncovered area  (4 samples)
[staged]   → robot c: IoU 0.537 → 0.584  ✓
    ↑ new global best IoU 0.584  [phase Ph1 robot c]
[staged]   Ph1 robot d  zone 2  (uncovered: 15% of target)
    [parallel] 10 worker threads, one renderer clone each
    init sampling: best coverage score 195.0px of uncovered area  (4 samples)
[staged]   → robot d: IoU 0.584 → 0.600  ✓
    ↑ new global best IoU 0.600  [phase Ph1 robot d]
[staged]   Ph1 robot e  zone 3  (uncovered: 4% of target)
    [parallel] 10 worker threads, one renderer clone each
    init sampling: best coverage score 16.0px of uncovered area  (4 samples)
[staged]   → robot e: IoU 0.600 → 0.623  ✓
    ↑ new global best IoU 0.623  [phase Ph1 robot e]
[staged] Phase 1 done — composite IoU: 0.623

[staged] Phase 2 — backward pass  (8 iters × 5 robots, sigma=0.300)
[staged]   contributions before Phase 2:
[staged]     robot a: +0.126 IoU
[staged]     robot b: +0.166 IoU
[staged]     robot c: +0.021 IoU  ← low
[staged]     robot d: +0.031 IoU  ← low
[staged]     robot e: +0.022 IoU  ← low
[staged]   Ph2 robot e  zone 3  (uncovered: 10% of target)
    [parallel] 10 worker threads, one renderer clone each
    init sampling: best coverage score 75.0px of uncovered area  (4 samples)
[staged]   → robot e: candidate 0.622 < current 0.623  ✗ rejected
[staged]   Ph2 robot d  zone 2  (uncovered: 11% of target)
    [parallel] 10 worker threads, one renderer clone each
    init sampling: best coverage score 157.0px of uncovered area  (4 samples)
[staged]   → robot d: candidate 0.623 < current 0.623  ✗ rejected
[staged]   Ph2 robot c  zone 1  (uncovered: 10% of target)
    [parallel] 10 worker threads, one renderer clone each
    init sampling: best coverage score 36.0px of uncovered area  (4 samples)
[staged]   → robot c: candidate 0.620 < current 0.623  ✗ rejected
[staged]   Ph2 robot b  zone 4  (uncovered: 32% of target)
    [parallel] 10 worker threads, one renderer clone each
    init sampling: best coverage score 112.0px of uncovered area  (4 samples)
[staged]   → robot b: candidate 0.594 < current 0.623  ✗ rejected
[staged]   Ph2 robot a  zone 0  (uncovered: 28% of target)
    [parallel] 10 worker threads, one renderer clone each
    init sampling: best coverage score 461.0px of uncovered area  (4 samples)
[staged]   → robot a: candidate 0.583 < current 0.623  ✗ rejected
[staged] Phase 2 done — composite IoU: 0.623

[staged] Best snapshot: Phase 1  IoU=0.623
[staged] Manifold final pass — computing Jacobian  (ε=0.020, 60 renders)
[staged] Manifold basis: k=9D / 30D  (variance≥85%, top eigenvalues: ['362710.88', '339175.25', '251115.17', '158366.59', '136308.83'])
    ↑ new global best IoU 0.644  [manifold final pass]
[staged] Manifold done — IoU: 0.644  (Δ=+0.021)  ✓
[staged] FD refinement — 5 Adam steps  (300 renders, lr=0.01, ε=0.02)
    ↑ new global best IoU 0.663  [FD refinement]
[staged] FD done — IoU: 0.663  (Δ=+0.019)  ✓
[staged] Done — final IoU: 0.663  loss: 0.3398
[staged] Popsize: per-robot phases=32  final=32  (theory optimum for 6 DOF = 10)

[staged] Hungarian pre-assignment  (5×5 cost matrix, 8 samples/entry = 200 renders)...
[staged]   robot_a → zone 2  robot_b → zone 4  robot_c → zone 0  robot_d → zone 1  robot_e → zone 3

[staged] Phase 1 — forward greedy  (8 iters × 5 robot(s), sigma=0.40×1.00, popsize=32)
[staged]   Ph1 robot a  zone 2  (uncovered: 23% of target)
    [parallel] 10 worker threads, one renderer clone each
    init sampling: best coverage score 0.0px of uncovered area  (4 samples)
[staged]   → robot a: IoU 0.195 → 0.383  ✓
    ↑ new global best IoU 0.383  [phase Ph1 robot a]
[staged]   Ph1 robot b  zone 4  (uncovered: 7% of target)
    [parallel] 10 worker threads, one renderer clone each
    init sampling: best coverage score 316.0px of uncovered area  (4 samples)
[staged]   → robot b: IoU 0.383 → 0.493  ✓
    ↑ new global best IoU 0.493  [phase Ph1 robot b]
[staged]   Ph1 robot c  zone 0  (uncovered: 8% of target)
    [parallel] 10 worker threads, one renderer clone each
    init sampling: best coverage score 204.0px of uncovered area  (4 samples)
[staged]   → robot c: IoU 0.493 → 0.537  ✓
    ↑ new global best IoU 0.537  [phase Ph1 robot c]
[staged]   Ph1 robot d  zone 1  (uncovered: 27% of target)
    [parallel] 10 worker threads, one renderer clone each
    init sampling: best coverage score 289.0px of uncovered area  (4 samples)
[staged]   → robot d: IoU 0.537 → 0.604  ✓
    ↑ new global best IoU 0.604  [phase Ph1 robot d]
[staged]   Ph1 robot e  zone 3  (uncovered: 3% of target)
    [parallel] 10 worker threads, one renderer clone each
    init sampling: best coverage score 19.0px of uncovered area  (4 samples)
[staged]   → robot e: IoU 0.604 → 0.643  ✓
    ↑ new global best IoU 0.643  [phase Ph1 robot e]
[staged] Phase 1 done — composite IoU: 0.643

[staged] Phase 2 — backward pass  (8 iters × 5 robots, sigma=0.300)
[staged]   contributions before Phase 2:
[staged]     robot a: +0.167 IoU
[staged]     robot b: +0.076 IoU
[staged]     robot c: +0.048 IoU  ← low
[staged]     robot d: +0.072 IoU
[staged]     robot e: +0.039 IoU  ← low
[staged]   Ph2 robot e  zone 3  (uncovered: 15% of target)
    [parallel] 10 worker threads, one renderer clone each
    init sampling: best coverage score 109.0px of uncovered area  (4 samples)
[staged]   → robot e: candidate 0.631 < current 0.643  ✗ rejected
[staged]   Ph2 robot d  zone 1  (uncovered: 22% of target)
    [parallel] 10 worker threads, one renderer clone each
    init sampling: best coverage score 283.0px of uncovered area  (4 samples)
[staged]   → robot d: candidate 0.642 < current 0.643  ✗ rejected
[staged]   Ph2 robot c  zone 0  (uncovered: 20% of target)
    [parallel] 10 worker threads, one renderer clone each
    init sampling: best coverage score 210.0px of uncovered area  (4 samples)
[staged]   → robot c: IoU 0.643 → 0.644  ✓
    ↑ new global best IoU 0.644  [phase Ph2 robot c]
[staged]   Ph2 robot b  zone 4  (uncovered: 18% of target)
    [parallel] 10 worker threads, one renderer clone each
    init sampling: best coverage score 175.0px of uncovered area  (4 samples)
[staged]   → robot b: IoU 0.644 → 0.664  ✓
    ↑ new global best IoU 0.664  [phase Ph2 robot b]
[staged]   Ph2 robot a  zone 2  (uncovered: 36% of target)
    [parallel] 10 worker threads, one renderer clone each
    init sampling: best coverage score 127.0px of uncovered area  (4 samples)
[staged]   → robot a: candidate 0.618 < current 0.664  ✗ rejected
[staged] Phase 2 done — composite IoU: 0.664

[staged] Best snapshot: Phase 2  IoU=0.664
[staged] Manifold final pass — computing Jacobian  (ε=0.020, 60 renders)
[staged] Manifold basis: k=10D / 30D  (variance≥85%, top eigenvalues: ['382876.28', '345791.88', '212069.20', '96217.48', '62792.43'])
    ↑ new global best IoU 0.689  [manifold final pass]
[staged] Manifold done — IoU: 0.689  (Δ=+0.026)  ✓
[staged] FD refinement — 5 Adam steps  (300 renders, lr=0.01, ε=0.02)
    ↑ new global best IoU 0.709  [FD refinement]
[staged] FD done — IoU: 0.709  (Δ=+0.020)  ✓
[staged] Done — final IoU: 0.709  loss: 0.2931
[staged] Popsize: per-robot phases=32  final=32  (theory optimum for 6 DOF = 10)

[staged] Hungarian pre-assignment  (5×5 cost matrix, 8 samples/entry = 200 renders)...
[staged]   robot_a → zone 4  robot_b → zone 1  robot_c → zone 0  robot_d → zone 3  robot_e → zone 2

[staged] Phase 1 — forward greedy  (8 iters × 5 robot(s), sigma=0.40×1.00, popsize=32)
[staged]   Ph1 robot a  zone 4  (uncovered: 24% of target)
    [parallel] 10 worker threads, one renderer clone each
    init sampling: best coverage score 490.0px of uncovered area  (4 samples)
[staged]   → robot a: IoU 0.195 → 0.409  ✓
    ↑ new global best IoU 0.409  [phase Ph1 robot a]
[staged]   Ph1 robot b  zone 1  (uncovered: 7% of target)
    [parallel] 10 worker threads, one renderer clone each
    init sampling: best coverage score 134.0px of uncovered area  (4 samples)
[staged]   → robot b: IoU 0.409 → 0.435  ✓
    ↑ new global best IoU 0.435  [phase Ph1 robot b]
[staged]   Ph1 robot c  zone 0  (uncovered: 7% of target)
    [parallel] 10 worker threads, one renderer clone each
    init sampling: best coverage score 33.0px of uncovered area  (4 samples)
[staged]   → robot c: IoU 0.435 → 0.510  ✓
    ↑ new global best IoU 0.510  [phase Ph1 robot c]
[staged]   Ph1 robot d  zone 3  (uncovered: 7% of target)
    [parallel] 10 worker threads, one renderer clone each
    init sampling: best coverage score 48.0px of uncovered area  (4 samples)
[staged]   → robot d: IoU 0.510 → 0.555  ✓
    ↑ new global best IoU 0.555  [phase Ph1 robot d]
[staged]   Ph1 robot e  zone 2  (uncovered: 6% of target)
    [parallel] 10 worker threads, one renderer clone each
    init sampling: best coverage score 0.0px of uncovered area  (4 samples)
[staged]   → robot e: IoU 0.555 → 0.570  ✓
    ↑ new global best IoU 0.570  [phase Ph1 robot e]
[staged] Phase 1 done — composite IoU: 0.570

[staged] Phase 2 — backward pass  (8 iters × 5 robots, sigma=0.300)
[staged]   contributions before Phase 2:
[staged]     robot a: +0.219 IoU
[staged]     robot b: +0.035 IoU  ← low
[staged]     robot c: +0.075 IoU
[staged]     robot d: +0.043 IoU  ← low
[staged]     robot e: +0.015 IoU  ← low
[staged]   Ph2 robot e  zone 2  (uncovered: 20% of target)
    [parallel] 10 worker threads, one renderer clone each
    init sampling: best coverage score 156.0px of uncovered area  (4 samples)
[staged]   → robot e: IoU 0.570 → 0.602  ✓
    ↑ new global best IoU 0.602  [phase Ph2 robot e]
[staged]   Ph2 robot d  zone 3  (uncovered: 21% of target)
    [parallel] 10 worker threads, one renderer clone each
    init sampling: best coverage score 223.0px of uncovered area  (4 samples)
[staged]   → robot d: IoU 0.602 → 0.607  ✓
    ↑ new global best IoU 0.607  [phase Ph2 robot d]
[staged]   Ph2 robot c  zone 0  (uncovered: 24% of target)
    [parallel] 10 worker threads, one renderer clone each
    init sampling: best coverage score 414.0px of uncovered area  (4 samples)
[staged]   → robot c: candidate 0.598 < current 0.607  ✗ rejected
[staged]   Ph2 robot b  zone 1  (uncovered: 25% of target)
    [parallel] 10 worker threads, one renderer clone each
    init sampling: best coverage score 489.0px of uncovered area  (4 samples)
[staged]   → robot b: IoU 0.607 → 0.655  ✓
    ↑ new global best IoU 0.655  [phase Ph2 robot b]
[staged]   Ph2 robot a  zone 4  (uncovered: 45% of target)
    [parallel] 10 worker threads, one renderer clone each
    init sampling: best coverage score 75.0px of uncovered area  (4 samples)
[staged]   → robot a: IoU 0.655 → 0.673  ✓
    ↑ new global best IoU 0.673  [phase Ph2 robot a]
[staged] Phase 2 done — composite IoU: 0.673

[staged] Best snapshot: Phase 2  IoU=0.673
[staged] Manifold final pass — computing Jacobian  (ε=0.020, 60 renders)
[staged] Manifold basis: k=9D / 30D  (variance≥85%, top eigenvalues: ['594705.31', '158238.78', '110746.81', '77389.29', '73585.09'])
[staged] Manifold did not improve (0.664 vs 0.673), keeping best snapshot
[staged] FD refinement — 5 Adam steps  (300 renders, lr=0.01, ε=0.02)
    ↑ new global best IoU 0.686  [FD refinement]
[staged] FD done — IoU: 0.686  (Δ=+0.012)  ✓
[staged] Done — final IoU: 0.686  loss: 0.3166
[staged] Popsize: per-robot phases=32  final=32  (theory optimum for 6 DOF = 10)

[staged] Hungarian pre-assignment  (5×5 cost matrix, 8 samples/entry = 200 renders)...
[staged]   robot_a → zone 3  robot_b → zone 0  robot_c → zone 4  robot_d → zone 2  robot_e → zone 1

[staged] Phase 1 — forward greedy  (8 iters × 5 robot(s), sigma=0.40×1.00, popsize=32)
[staged]   Ph1 robot a  zone 3  (uncovered: 19% of target)
    [parallel] 10 worker threads, one renderer clone each
    init sampling: best coverage score 394.0px of uncovered area  (4 samples)
[staged]   → robot a: IoU 0.195 → 0.393  ✓
    ↑ new global best IoU 0.393  [phase Ph1 robot a]
[staged]   Ph1 robot b  zone 0  (uncovered: 7% of target)
    [parallel] 10 worker threads, one renderer clone each
    init sampling: best coverage score 336.0px of uncovered area  (4 samples)
[staged]   → robot b: IoU 0.393 → 0.444  ✓
    ↑ new global best IoU 0.444  [phase Ph1 robot b]
[staged]   Ph1 robot c  zone 4  (uncovered: 8% of target)
    [parallel] 10 worker threads, one renderer clone each
    init sampling: best coverage score 7.0px of uncovered area  (4 samples)
[staged]   → robot c: IoU 0.444 → 0.549  ✓
    ↑ new global best IoU 0.549  [phase Ph1 robot c]
[staged]   Ph1 robot d  zone 2  (uncovered: 5% of target)
    [parallel] 10 worker threads, one renderer clone each
    init sampling: best coverage score 38.0px of uncovered area  (4 samples)
[staged]   → robot d: IoU 0.549 → 0.592  ✓
    ↑ new global best IoU 0.592  [phase Ph1 robot d]
[staged]   Ph1 robot e  zone 1  (uncovered: 2% of target)
    [parallel] 10 worker threads, one renderer clone each
    init sampling: best coverage score 47.0px of uncovered area  (4 samples)
[staged]   → robot e: IoU 0.592 → 0.608  ✓
    ↑ new global best IoU 0.608  [phase Ph1 robot e]
[staged] Phase 1 done — composite IoU: 0.608

[staged] Phase 2 — backward pass  (8 iters × 5 robots, sigma=0.300)
[staged]   contributions before Phase 2:
[staged]     robot a: +0.090 IoU
[staged]     robot b: +0.066 IoU
[staged]     robot c: +0.103 IoU
[staged]     robot d: +0.026 IoU  ← low
[staged]     robot e: +0.016 IoU  ← low
[staged]   Ph2 robot e  zone 1  (uncovered: 19% of target)
    [parallel] 10 worker threads, one renderer clone each
    init sampling: best coverage score 25.0px of uncovered area  (4 samples)
[staged]   → robot e: IoU 0.608 → 0.612  ✓
    ↑ new global best IoU 0.612  [phase Ph2 robot e]
[staged]   Ph2 robot d  zone 2  (uncovered: 22% of target)
    [parallel] 10 worker threads, one renderer clone each
    init sampling: best coverage score 50.0px of uncovered area  (4 samples)
[staged]   → robot d: IoU 0.612 → 0.613  ✓
    ↑ new global best IoU 0.613  [phase Ph2 robot d]
[staged]   Ph2 robot c  zone 4  (uncovered: 33% of target)
    [parallel] 10 worker threads, one renderer clone each
    init sampling: best coverage score 100.0px of uncovered area  (4 samples)
[staged]   → robot c: candidate 0.504 < current 0.613  ✗ rejected
[staged]   Ph2 robot b  zone 0  (uncovered: 25% of target)
    [parallel] 10 worker threads, one renderer clone each
    init sampling: best coverage score 283.0px of uncovered area  (4 samples)
[staged]   → robot b: candidate 0.568 < current 0.613  ✗ rejected
[staged]   Ph2 robot a  zone 3  (uncovered: 33% of target)
    [parallel] 10 worker threads, one renderer clone each
    init sampling: best coverage score 571.0px of uncovered area  (4 samples)
[staged]   → robot a: IoU 0.613 → 0.640  ✓
    ↑ new global best IoU 0.640  [phase Ph2 robot a]
[staged] Phase 2 done — composite IoU: 0.640

[staged] Best snapshot: Phase 2  IoU=0.640
[staged] Manifold final pass — computing Jacobian  (ε=0.020, 60 renders)
[staged] Manifold basis: k=10D / 30D  (variance≥85%, top eigenvalues: ['372948.03', '212635.28', '142522.83', '87141.73', '59808.18'])
    ↑ new global best IoU 0.663  [manifold final pass]
[staged] Manifold done — IoU: 0.663  (Δ=+0.024)  ✓
[staged] FD refinement — 5 Adam steps  (300 renders, lr=0.01, ε=0.02)
    ↑ new global best IoU 0.680  [FD refinement]
[staged] FD done — IoU: 0.680  (Δ=+0.017)  ✓
[staged] Done — final IoU: 0.680  loss: 0.3216
[shard 0] 2/10 letters_upper/H_dejavusans-bold  best=0.709 mean=0.680±0.017  139s  eta 0.3h
[staged] Popsize: per-robot phases=32  final=32  (theory optimum for 6 DOF = 10)

[staged] Hungarian pre-assignment  (5×5 cost matrix, 8 samples/entry = 200 renders)...
[staged]   robot_a → zone 4  robot_b → zone 2  robot_c → zone 0  robot_d → zone 3  robot_e → zone 1

[staged] Phase 1 — forward greedy  (8 iters × 5 robot(s), sigma=0.40×1.00, popsize=32)
[staged]   Ph1 robot a  zone 4  (uncovered: 17% of target)
    [parallel] 10 worker threads, one renderer clone each
    init sampling: best coverage score 0.0px of uncovered area  (4 samples)
[staged]   → robot a: IoU 0.198 → 0.408  ✓
    ↑ new global best IoU 0.408  [phase Ph1 robot a]
[staged]   Ph1 robot b  zone 2  (uncovered: 7% of target)
    [parallel] 10 worker threads, one renderer clone each
    init sampling: best coverage score 54.0px of uncovered area  (4 samples)
[staged]   → robot b: IoU 0.408 → 0.497  ✓
    ↑ new global best IoU 0.497  [phase Ph1 robot b]
[staged]   Ph1 robot c  zone 0  (uncovered: 11% of target)
    [parallel] 10 worker threads, one renderer clone each
    init sampling: best coverage score 0.0px of uncovered area  (4 samples)
[staged]   → robot c: IoU 0.497 → 0.561  ✓
    ↑ new global best IoU 0.561  [phase Ph1 robot c]
[staged]   Ph1 robot d  zone 3  (uncovered: 3% of target)
    [parallel] 10 worker threads, one renderer clone each
    init sampling: best coverage score 80.0px of uncovered area  (4 samples)
[staged]   → robot d: IoU 0.561 → 0.581  ✓
    ↑ new global best IoU 0.581  [phase Ph1 robot d]
[staged]   Ph1 robot e  zone 1  (uncovered: 21% of target)
    [parallel] 10 worker threads, one renderer clone each
    init sampling: best coverage score 118.0px of uncovered area  (4 samples)
[staged]   → robot e: IoU 0.581 → 0.596  ✓
    ↑ new global best IoU 0.596  [phase Ph1 robot e]
[staged] Phase 1 done — composite IoU: 0.596

[staged] Phase 2 — backward pass  (8 iters × 5 robots, sigma=0.300)
[staged]   contributions before Phase 2:
[staged]     robot a: +0.092 IoU
[staged]     robot b: +0.076 IoU
[staged]     robot c: +0.069 IoU
[staged]     robot d: +0.031 IoU  ← low
[staged]     robot e: +0.015 IoU  ← low
[staged]   Ph2 robot e  zone 1  (uncovered: 21% of target)
    [parallel] 10 worker threads, one renderer clone each
    init sampling: best coverage score 84.0px of uncovered area  (4 samples)
[staged]   → robot e: IoU 0.596 → 0.599  ✓
    ↑ new global best IoU 0.599  [phase Ph2 robot e]
[staged]   Ph2 robot d  zone 3  (uncovered: 24% of target)
    [parallel] 10 worker threads, one renderer clone each
    init sampling: best coverage score 61.0px of uncovered area  (4 samples)
[staged]   → robot d: IoU 0.599 → 0.600  ✓
    ↑ new global best IoU 0.600  [phase Ph2 robot d]
[staged]   Ph2 robot c  zone 0  (uncovered: 27% of target)
    [parallel] 10 worker threads, one renderer clone each
    init sampling: best coverage score 288.0px of uncovered area  (4 samples)
[staged]   → robot c: IoU 0.600 → 0.625  ✓
    ↑ new global best IoU 0.625  [phase Ph2 robot c]
[staged]   Ph2 robot b  zone 2  (uncovered: 25% of target)
    [parallel] 10 worker threads, one renderer clone each
    init sampling: best coverage score 192.0px of uncovered area  (4 samples)
[staged]   → robot b: candidate 0.599 < current 0.625  ✗ rejected
[staged]   Ph2 robot a  zone 4  (uncovered: 28% of target)
    [parallel] 10 worker threads, one renderer clone each
    init sampling: best coverage score 42.0px of uncovered area  (4 samples)
[staged]   → robot a: IoU 0.625 → 0.660  ✓
    ↑ new global best IoU 0.660  [phase Ph2 robot a]
[staged] Phase 2 done — composite IoU: 0.660

[staged] Best snapshot: Phase 2  IoU=0.660
[staged] Manifold final pass — computing Jacobian  (ε=0.020, 60 renders)
[staged] Manifold basis: k=9D / 30D  (variance≥85%, top eigenvalues: ['398998.22', '223546.75', '160051.05', '93294.47', '68343.30'])
    ↑ new global best IoU 0.694  [manifold final pass]
[staged] Manifold done — IoU: 0.694  (Δ=+0.034)  ✓
[staged] FD refinement — 5 Adam steps  (300 renders, lr=0.01, ε=0.02)
    ↑ new global best IoU 0.710  [FD refinement]
[staged] FD done — IoU: 0.710  (Δ=+0.016)  ✓
[staged] Done — final IoU: 0.710  loss: 0.2912
[staged] Popsize: per-robot phases=32  final=32  (theory optimum for 6 DOF = 10)

[staged] Hungarian pre-assignment  (5×5 cost matrix, 8 samples/entry = 200 renders)...
[staged]   robot_a → zone 4  robot_b → zone 3  robot_c → zone 1  robot_d → zone 2  robot_e → zone 0

[staged] Phase 1 — forward greedy  (8 iters × 5 robot(s), sigma=0.40×1.00, popsize=32)
[staged]   Ph1 robot a  zone 4  (uncovered: 17% of target)
    [parallel] 10 worker threads, one renderer clone each
    init sampling: best coverage score 0.0px of uncovered area  (4 samples)
[staged]   → robot a: IoU 0.198 → 0.396  ✓
    ↑ new global best IoU 0.396  [phase Ph1 robot a]
[staged]   Ph1 robot b  zone 3  (uncovered: 17% of target)
    [parallel] 10 worker threads, one renderer clone each
    init sampling: best coverage score 85.0px of uncovered area  (4 samples)
[staged]   → robot b: IoU 0.396 → 0.506  ✓
    ↑ new global best IoU 0.506  [phase Ph1 robot b]
[staged]   Ph1 robot c  zone 1  (uncovered: 13% of target)
    [parallel] 10 worker threads, one renderer clone each
    init sampling: best coverage score 68.0px of uncovered area  (4 samples)
[staged]   → robot c: IoU 0.506 → 0.569  ✓
    ↑ new global best IoU 0.569  [phase Ph1 robot c]
[staged]   Ph1 robot d  zone 2  (uncovered: 1% of target)
    [parallel] 10 worker threads, one renderer clone each
    init sampling: best coverage score 19.0px of uncovered area  (4 samples)
[staged]   → robot d: IoU 0.569 → 0.604  ✓
    ↑ new global best IoU 0.604  [phase Ph1 robot d]
[staged]   Ph1 robot e  zone 0  (uncovered: 2% of target)
    [parallel] 10 worker threads, one renderer clone each
    init sampling: best coverage score 33.0px of uncovered area  (4 samples)
[staged]   → robot e: IoU 0.604 → 0.629  ✓
    ↑ new global best IoU 0.629  [phase Ph1 robot e]
[staged] Phase 1 done — composite IoU: 0.629

[staged] Phase 2 — backward pass  (8 iters × 5 robots, sigma=0.300)
[staged]   contributions before Phase 2:
[staged]     robot a: +0.060 IoU
[staged]     robot b: +0.127 IoU
[staged]     robot c: +0.076 IoU
[staged]     robot d: +0.041 IoU  ← low
[staged]     robot e: +0.025 IoU  ← low
[staged]   Ph2 robot e  zone 0  (uncovered: 19% of target)
    [parallel] 10 worker threads, one renderer clone each
    init sampling: best coverage score 50.0px of uncovered area  (4 samples)
[staged]   → robot e: candidate 0.627 < current 0.629  ✗ rejected
[staged]   Ph2 robot d  zone 2  (uncovered: 22% of target)
    [parallel] 10 worker threads, one renderer clone each
    init sampling: best coverage score 101.0px of uncovered area  (4 samples)
[staged]   → robot d: candidate 0.619 < current 0.629  ✗ rejected
[staged]   Ph2 robot c  zone 1  (uncovered: 27% of target)
    [parallel] 10 worker threads, one renderer clone each
    init sampling: best coverage score 112.0px of uncovered area  (4 samples)
[staged]   → robot c: candidate 0.628 < current 0.629  ✗ rejected
[staged]   Ph2 robot b  zone 3  (uncovered: 34% of target)
    [parallel] 10 worker threads, one renderer clone each
    init sampling: best coverage score 31.0px of uncovered area  (4 samples)
[staged]   → robot b: candidate 0.489 < current 0.629  ✗ rejected
[staged]   Ph2 robot a  zone 4  (uncovered: 29% of target)
    [parallel] 10 worker threads, one renderer clone each
    init sampling: best coverage score 364.0px of uncovered area  (4 samples)
[staged]   → robot a: IoU 0.629 → 0.643  ✓
    ↑ new global best IoU 0.643  [phase Ph2 robot a]
[staged] Phase 2 done — composite IoU: 0.643

[staged] Best snapshot: Phase 2  IoU=0.643
[staged] Manifold final pass — computing Jacobian  (ε=0.020, 60 renders)
[staged] Manifold basis: k=10D / 30D  (variance≥85%, top eigenvalues: ['412869.75', '193155.47', '125680.55', '59701.61', '44906.95'])
    ↑ new global best IoU 0.652  [manifold final pass]
[staged] Manifold done — IoU: 0.652  (Δ=+0.009)  ✓
[staged] FD refinement — 5 Adam steps  (300 renders, lr=0.01, ε=0.02)
    ↑ new global best IoU 0.662  [FD refinement]
[staged] FD done — IoU: 0.662  (Δ=+0.011)  ✓
[staged] Done — final IoU: 0.662  loss: 0.3389
[staged] Popsize: per-robot phases=32  final=32  (theory optimum for 6 DOF = 10)

[staged] Hungarian pre-assignment  (5×5 cost matrix, 8 samples/entry = 200 renders)...
[staged]   robot_a → zone 2  robot_b → zone 4  robot_c → zone 0  robot_d → zone 1  robot_e → zone 3

[staged] Phase 1 — forward greedy  (8 iters × 5 robot(s), sigma=0.40×1.00, popsize=32)
[staged]   Ph1 robot a  zone 2  (uncovered: 18% of target)
    [parallel] 10 worker threads, one renderer clone each
    init sampling: best coverage score 0.0px of uncovered area  (4 samples)
[staged]   → robot a: IoU 0.198 → 0.440  ✓
    ↑ new global best IoU 0.440  [phase Ph1 robot a]
[staged]   Ph1 robot b  zone 4  (uncovered: 6% of target)
    [parallel] 10 worker threads, one renderer clone each
    init sampling: best coverage score 287.0px of uncovered area  (4 samples)
[staged]   → robot b: IoU 0.440 → 0.472  ✓
    ↑ new global best IoU 0.472  [phase Ph1 robot b]
[staged]   Ph1 robot c  zone 0  (uncovered: 4% of target)
    [parallel] 10 worker threads, one renderer clone each
    init sampling: best coverage score 79.0px of uncovered area  (4 samples)
[staged]   → robot c: IoU 0.472 → 0.541  ✓
    ↑ new global best IoU 0.541  [phase Ph1 robot c]
[staged]   Ph1 robot d  zone 1  (uncovered: 4% of target)
    [parallel] 10 worker threads, one renderer clone each
    init sampling: best coverage score 29.0px of uncovered area  (4 samples)
[staged]   → robot d: IoU 0.541 → 0.580  ✓
    ↑ new global best IoU 0.580  [phase Ph1 robot d]
[staged]   Ph1 robot e  zone 3  (uncovered: 6% of target)
    [parallel] 10 worker threads, one renderer clone each
    init sampling: best coverage score 3.0px of uncovered area  (4 samples)
[staged]   → robot e: IoU 0.580 → 0.598  ✓
    ↑ new global best IoU 0.598  [phase Ph1 robot e]
[staged] Phase 1 done — composite IoU: 0.598

[staged] Phase 2 — backward pass  (8 iters × 5 robots, sigma=0.300)
[staged]   contributions before Phase 2:
[staged]     robot a: +0.112 IoU
[staged]     robot b: +0.054 IoU
[staged]     robot c: +0.082 IoU
[staged]     robot d: +0.043 IoU  ← low
[staged]     robot e: +0.018 IoU  ← low
[staged]   Ph2 robot e  zone 3  (uncovered: 23% of target)
    [parallel] 10 worker threads, one renderer clone each
    init sampling: best coverage score 32.0px of uncovered area  (4 samples)
[staged]   → robot e: IoU 0.598 → 0.615  ✓
    ↑ new global best IoU 0.615  [phase Ph2 robot e]
[staged]   Ph2 robot d  zone 1  (uncovered: 24% of target)
    [parallel] 10 worker threads, one renderer clone each
    init sampling: best coverage score 178.0px of uncovered area  (4 samples)
[staged]   → robot d: IoU 0.615 → 0.625  ✓
    ↑ new global best IoU 0.625  [phase Ph2 robot d]
[staged]   Ph2 robot c  zone 0  (uncovered: 28% of target)
    [parallel] 10 worker threads, one renderer clone each
    init sampling: best coverage score 305.0px of uncovered area  (4 samples)
[staged]   → robot c: IoU 0.625 → 0.625  ✓
    ↑ new global best IoU 0.625  [phase Ph2 robot c]
[staged]   Ph2 robot b  zone 4  (uncovered: 25% of target)
    [parallel] 10 worker threads, one renderer clone each
    init sampling: best coverage score 193.0px of uncovered area  (4 samples)
[staged]   → robot b: IoU 0.625 → 0.633  ✓
    ↑ new global best IoU 0.633  [phase Ph2 robot b]
[staged]   Ph2 robot a  zone 2  (uncovered: 38% of target)
    [parallel] 10 worker threads, one renderer clone each
    init sampling: best coverage score 387.0px of uncovered area  (4 samples)
[staged]   → robot a: candidate 0.616 < current 0.633  ✗ rejected
[staged] Phase 2 done — composite IoU: 0.633

[staged] Best snapshot: Phase 2  IoU=0.633
[staged] Manifold final pass — computing Jacobian  (ε=0.020, 60 renders)
[staged] Manifold basis: k=10D / 30D  (variance≥85%, top eigenvalues: ['320832.56', '241152.80', '101725.09', '100025.48', '52247.84'])
    ↑ new global best IoU 0.634  [manifold final pass]
[staged] Manifold done — IoU: 0.634  (Δ=+0.001)  ✓
[staged] FD refinement — 5 Adam steps  (300 renders, lr=0.01, ε=0.02)
    ↑ new global best IoU 0.652  [FD refinement]
[staged] FD done — IoU: 0.652  (Δ=+0.017)  ✓
[staged] Done — final IoU: 0.652  loss: 0.3500
[staged] Popsize: per-robot phases=32  final=32  (theory optimum for 6 DOF = 10)

[staged] Hungarian pre-assignment  (5×5 cost matrix, 8 samples/entry = 200 renders)...
[staged]   robot_a → zone 3  robot_b → zone 2  robot_c → zone 0  robot_d → zone 1  robot_e → zone 4

[staged] Phase 1 — forward greedy  (8 iters × 5 robot(s), sigma=0.40×1.00, popsize=32)
[staged]   Ph1 robot a  zone 3  (uncovered: 18% of target)
    [parallel] 10 worker threads, one renderer clone each
    init sampling: best coverage score 390.0px of uncovered area  (4 samples)
[staged]   → robot a: IoU 0.198 → 0.423  ✓
    ↑ new global best IoU 0.423  [phase Ph1 robot a]
[staged]   Ph1 robot b  zone 2  (uncovered: 6% of target)
    [parallel] 10 worker threads, one renderer clone each
    init sampling: best coverage score 176.0px of uncovered area  (4 samples)
[staged]   → robot b: IoU 0.423 → 0.458  ✓
    ↑ new global best IoU 0.458  [phase Ph1 robot b]
[staged]   Ph1 robot c  zone 0  (uncovered: 2% of target)
    [parallel] 10 worker threads, one renderer clone each
    init sampling: best coverage score 67.0px of uncovered area  (4 samples)
[staged]   → robot c: IoU 0.458 → 0.483  ✓
    ↑ new global best IoU 0.483  [phase Ph1 robot c]
[staged]   Ph1 robot d  zone 1  (uncovered: 5% of target)
    [parallel] 10 worker threads, one renderer clone each
    init sampling: best coverage score 28.0px of uncovered area  (4 samples)
[staged]   → robot d: IoU 0.483 → 0.510  ✓
    ↑ new global best IoU 0.510  [phase Ph1 robot d]
[staged]   Ph1 robot e  zone 4  (uncovered: 11% of target)
    [parallel] 10 worker threads, one renderer clone each
    init sampling: best coverage score 0.0px of uncovered area  (4 samples)
[staged]   → robot e: IoU 0.510 → 0.540  ✓
    ↑ new global best IoU 0.540  [phase Ph1 robot e]
[staged] Phase 1 done — composite IoU: 0.540

[staged] Phase 2 — backward pass  (8 iters × 5 robots, sigma=0.300)
[staged]   contributions before Phase 2:
[staged]     robot a: +0.057 IoU
[staged]     robot b: +0.047 IoU  ← low
[staged]     robot c: +0.002 IoU  ← low
[staged]     robot d: +0.039 IoU  ← low
[staged]     robot e: +0.030 IoU  ← low
[staged]   Ph2 robot e  zone 4  (uncovered: 31% of target)
    [parallel] 10 worker threads, one renderer clone each
    init sampling: best coverage score 138.0px of uncovered area  (4 samples)
[staged]   → robot e: candidate 0.537 < current 0.540  ✗ rejected
[staged]   Ph2 robot d  zone 1  (uncovered: 31% of target)
    [parallel] 10 worker threads, one renderer clone each
    init sampling: best coverage score 41.0px of uncovered area  (4 samples)
[staged]   → robot d: candidate 0.532 < current 0.540  ✗ rejected
[staged]   Ph2 robot c  zone 0  (uncovered: 28% of target)
    [parallel] 10 worker threads, one renderer clone each
    init sampling: best coverage score 312.0px of uncovered area  (4 samples)
[staged]   → robot c: IoU 0.540 → 0.560  ✓
    ↑ new global best IoU 0.560  [phase Ph2 robot c]
[staged]   Ph2 robot b  zone 2  (uncovered: 31% of target)
    [parallel] 10 worker threads, one renderer clone each
    init sampling: best coverage score 503.0px of uncovered area  (4 samples)
[staged]   → robot b: candidate 0.559 < current 0.560  ✗ rejected
[staged]   Ph2 robot a  zone 3  (uncovered: 33% of target)
    [parallel] 10 worker threads, one renderer clone each
    init sampling: best coverage score 404.0px of uncovered area  (4 samples)
[staged]   → robot a: IoU 0.560 → 0.560  ✓
    ↑ new global best IoU 0.560  [phase Ph2 robot a]
[staged] Phase 2 done — composite IoU: 0.560

[staged] Best snapshot: Phase 2  IoU=0.560
[staged] Manifold final pass — computing Jacobian  (ε=0.020, 60 renders)
[staged] Manifold basis: k=9D / 30D  (variance≥85%, top eigenvalues: ['282710.59', '153524.83', '150263.17', '129645.43', '88805.74'])
    ↑ new global best IoU 0.588  [manifold final pass]
[staged] Manifold done — IoU: 0.588  (Δ=+0.028)  ✓
[staged] FD refinement — 5 Adam steps  (300 renders, lr=0.01, ε=0.02)
    ↑ new global best IoU 0.603  [FD refinement]
[staged] FD done — IoU: 0.603  (Δ=+0.015)  ✓
[staged] Done — final IoU: 0.603  loss: 0.3990
[staged] Popsize: per-robot phases=32  final=32  (theory optimum for 6 DOF = 10)

[staged] Hungarian pre-assignment  (5×5 cost matrix, 8 samples/entry = 200 renders)...
[staged]   robot_a → zone 3  robot_b → zone 4  robot_c → zone 0  robot_d → zone 2  robot_e → zone 1

[staged] Phase 1 — forward greedy  (8 iters × 5 robot(s), sigma=0.40×1.00, popsize=32)
[staged]   Ph1 robot a  zone 3  (uncovered: 20% of target)
    [parallel] 10 worker threads, one renderer clone each
    init sampling: best coverage score 438.0px of uncovered area  (4 samples)
[staged]   → robot a: IoU 0.198 → 0.426  ✓
    ↑ new global best IoU 0.426  [phase Ph1 robot a]
[staged]   Ph1 robot b  zone 4  (uncovered: 6% of target)
    [parallel] 10 worker threads, one renderer clone each
    init sampling: best coverage score 303.0px of uncovered area  (4 samples)
[staged]   → robot b: IoU 0.426 → 0.473  ✓
    ↑ new global best IoU 0.473  [phase Ph1 robot b]
[staged]   Ph1 robot c  zone 0  (uncovered: 4% of target)
    [parallel] 10 worker threads, one renderer clone each
    init sampling: best coverage score 121.0px of uncovered area  (4 samples)
[staged]   → robot c: IoU 0.473 → 0.549  ✓
    ↑ new global best IoU 0.549  [phase Ph1 robot c]
[staged]   Ph1 robot d  zone 2  (uncovered: 5% of target)
    [parallel] 10 worker threads, one renderer clone each
    init sampling: best coverage score 0.0px of uncovered area  (4 samples)
[staged]   → robot d: IoU 0.549 → 0.584  ✓
    ↑ new global best IoU 0.584  [phase Ph1 robot d]
[staged]   Ph1 robot e  zone 1  (uncovered: 13% of target)
    [parallel] 10 worker threads, one renderer clone each
    init sampling: best coverage score 5.0px of uncovered area  (4 samples)
[staged]   → robot e: IoU 0.584 → 0.595  ✓
    ↑ new global best IoU 0.595  [phase Ph1 robot e]
[staged] Phase 1 done — composite IoU: 0.595

[staged] Phase 2 — backward pass  (8 iters × 5 robots, sigma=0.300)
[staged]   contributions before Phase 2:
[staged]     robot a: +0.068 IoU
[staged]     robot b: +0.069 IoU
[staged]     robot c: +0.052 IoU
[staged]     robot d: +0.037 IoU  ← low
[staged]     robot e: +0.011 IoU  ← low
[staged]   Ph2 robot e  zone 1  (uncovered: 20% of target)
    [parallel] 10 worker threads, one renderer clone each
    init sampling: best coverage score 16.0px of uncovered area  (4 samples)
[staged]   → robot e: IoU 0.595 → 0.604  ✓
    ↑ new global best IoU 0.604  [phase Ph2 robot e]
[staged]   Ph2 robot d  zone 2  (uncovered: 26% of target)
    [parallel] 10 worker threads, one renderer clone each
    init sampling: best coverage score 83.0px of uncovered area  (4 samples)
[staged]   → robot d: candidate 0.599 < current 0.604  ✗ rejected
[staged]   Ph2 robot c  zone 0  (uncovered: 29% of target)
    [parallel] 10 worker threads, one renderer clone each
    init sampling: best coverage score 92.0px of uncovered area  (4 samples)
[staged]   → robot c: candidate 0.593 < current 0.604  ✗ rejected
[staged]   Ph2 robot b  zone 4  (uncovered: 27% of target)
    [parallel] 10 worker threads, one renderer clone each
    init sampling: best coverage score 264.0px of uncovered area  (4 samples)
[staged]   → robot b: IoU 0.604 → 0.606  ✓
    ↑ new global best IoU 0.606  [phase Ph2 robot b]
[staged]   Ph2 robot a  zone 3  (uncovered: 33% of target)
    [parallel] 10 worker threads, one renderer clone each
    init sampling: best coverage score 513.0px of uncovered area  (4 samples)
[staged]   → robot a: IoU 0.606 → 0.634  ✓
    ↑ new global best IoU 0.634  [phase Ph2 robot a]
[staged] Phase 2 done — composite IoU: 0.634

[staged] Best snapshot: Phase 2  IoU=0.634
[staged] Manifold final pass — computing Jacobian  (ε=0.020, 60 renders)
[staged] Manifold basis: k=9D / 30D  (variance≥85%, top eigenvalues: ['254355.97', '250729.45', '194966.59', '113509.20', '60453.86'])
    ↑ new global best IoU 0.649  [manifold final pass]
[staged] Manifold done — IoU: 0.649  (Δ=+0.014)  ✓
[staged] FD refinement — 5 Adam steps  (300 renders, lr=0.01, ε=0.02)
    ↑ new global best IoU 0.656  [FD refinement]
[staged] FD done — IoU: 0.656  (Δ=+0.008)  ✓
[staged] Done — final IoU: 0.656  loss: 0.3454
[shard 0] 3/10 letters_upper/K_dejavusans-bold  best=0.710 mean=0.657±0.034  140s  eta 0.3h
[staged] Popsize: per-robot phases=32  final=32  (theory optimum for 6 DOF = 10)

[staged] Hungarian pre-assignment  (5×5 cost matrix, 8 samples/entry = 200 renders)...
[staged]   robot_a → zone 0  robot_b → zone 2  robot_c → zone 3  robot_d → zone 1  robot_e → zone 4

[staged] Phase 1 — forward greedy  (8 iters × 5 robot(s), sigma=0.40×1.00, popsize=32)
[staged]   Ph1 robot a  zone 0  (uncovered: 12% of target)
    [parallel] 10 worker threads, one renderer clone each
    init sampling: best coverage score 259.0px of uncovered area  (4 samples)
[staged]   → robot a: IoU 0.217 → 0.533  ✓
    ↑ new global best IoU 0.533  [phase Ph1 robot a]
[staged]   Ph1 robot b  zone 2  (uncovered: 22% of target)
    [parallel] 10 worker threads, one renderer clone each
    init sampling: best coverage score 69.0px of uncovered area  (4 samples)
[staged]   → robot b: IoU 0.533 → 0.658  ✓
    ↑ new global best IoU 0.658  [phase Ph1 robot b]
[staged]   Ph1 robot c  zone 3  (uncovered: 4% of target)
    [parallel] 10 worker threads, one renderer clone each
    init sampling: best coverage score 129.0px of uncovered area  (4 samples)
[staged]   → robot c: IoU 0.658 → 0.707  ✓
    ↑ new global best IoU 0.707  [phase Ph1 robot c]
[staged]   Ph1 robot d  zone 1  (uncovered: 1% of target)
    [parallel] 10 worker threads, one renderer clone each
    init sampling: best coverage score 0.0px of uncovered area  (4 samples)
[staged]   → robot d: IoU 0.707 → 0.720  ✓
    ↑ new global best IoU 0.720  [phase Ph1 robot d]
[staged]   Ph1 robot e  zone 4  (uncovered: 2% of target)
    [parallel] 10 worker threads, one renderer clone each
    init sampling: best coverage score 6.0px of uncovered area  (4 samples)
[staged]   → robot e: IoU 0.720 → 0.744  ✓
    ↑ new global best IoU 0.744  [phase Ph1 robot e]
[staged] Phase 1 done — composite IoU: 0.744

[staged] Phase 2 — backward pass  (8 iters × 5 robots, sigma=0.300)
[staged]   contributions before Phase 2:
[staged]     robot a: +0.200 IoU
[staged]     robot b: +0.053 IoU
[staged]     robot c: +0.028 IoU  ← low
[staged]     robot d: +0.029 IoU  ← low
[staged]     robot e: +0.024 IoU  ← low
[staged]   Ph2 robot e  zone 4  (uncovered: 8% of target)
    [parallel] 10 worker threads, one renderer clone each
    init sampling: best coverage score 119.0px of uncovered area  (4 samples)
[staged]   → robot e: candidate 0.732 < current 0.744  ✗ rejected
[staged]   Ph2 robot d  zone 1  (uncovered: 10% of target)
    [parallel] 10 worker threads, one renderer clone each
    init sampling: best coverage score 42.0px of uncovered area  (4 samples)
[staged]   → robot d: candidate 0.740 < current 0.744  ✗ rejected
[staged]   Ph2 robot c  zone 3  (uncovered: 9% of target)
    [parallel] 10 worker threads, one renderer clone each
    init sampling: best coverage score 37.0px of uncovered area  (4 samples)
[staged]   → robot c: candidate 0.739 < current 0.744  ✗ rejected
[staged]   Ph2 robot b  zone 2  (uncovered: 12% of target)
    [parallel] 10 worker threads, one renderer clone each
    init sampling: best coverage score 51.0px of uncovered area  (4 samples)
[staged]   → robot b: candidate 0.706 < current 0.744  ✗ rejected
[staged]   Ph2 robot a  zone 0  (uncovered: 34% of target)
    [parallel] 10 worker threads, one renderer clone each
    init sampling: best coverage score 16.0px of uncovered area  (4 samples)
[staged]   → robot a: candidate 0.684 < current 0.744  ✗ rejected
[staged] Phase 2 done — composite IoU: 0.744

[staged] Best snapshot: Phase 1  IoU=0.744
[staged] Manifold final pass — computing Jacobian  (ε=0.020, 60 renders)
[staged] Manifold basis: k=7D / 30D  (variance≥85%, top eigenvalues: ['915563.06', '135845.73', '126578.10', '120197.73', '90185.19'])
    ↑ new global best IoU 0.745  [manifold final pass]
[staged] Manifold done — IoU: 0.745  (Δ=+0.001)  ✓
[staged] FD refinement — 5 Adam steps  (300 renders, lr=0.01, ε=0.02)
    ↑ new global best IoU 0.760  [FD refinement]
[staged] FD done — IoU: 0.760  (Δ=+0.015)  ✓
[staged] Done — final IoU: 0.760  loss: 0.2410
[staged] Popsize: per-robot phases=32  final=32  (theory optimum for 6 DOF = 10)

[staged] Hungarian pre-assignment  (5×5 cost matrix, 8 samples/entry = 200 renders)...
[staged]   robot_a → zone 1  robot_b → zone 3  robot_c → zone 0  robot_d → zone 2  robot_e → zone 4

[staged] Phase 1 — forward greedy  (8 iters × 5 robot(s), sigma=0.40×1.00, popsize=32)
[staged]   Ph1 robot a  zone 1  (uncovered: 20% of target)
    [parallel] 10 worker threads, one renderer clone each
    init sampling: best coverage score 0.0px of uncovered area  (4 samples)
[staged]   → robot a: IoU 0.217 → 0.403  ✓
    ↑ new global best IoU 0.403  [phase Ph1 robot a]
[staged]   Ph1 robot b  zone 3  (uncovered: 21% of target)
    [parallel] 10 worker threads, one renderer clone each
    init sampling: best coverage score 66.0px of uncovered area  (4 samples)
[staged]   → robot b: IoU 0.403 → 0.538  ✓
    ↑ new global best IoU 0.538  [phase Ph1 robot b]
[staged]   Ph1 robot c  zone 0  (uncovered: 2% of target)
    [parallel] 10 worker threads, one renderer clone each
    init sampling: best coverage score 44.0px of uncovered area  (4 samples)
[staged]   → robot c: IoU 0.538 → 0.556  ✓
    ↑ new global best IoU 0.556  [phase Ph1 robot c]
[staged]   Ph1 robot d  zone 2  (uncovered: 2% of target)
    [parallel] 10 worker threads, one renderer clone each
    init sampling: best coverage score 73.0px of uncovered area  (4 samples)
[staged]   → robot d: candidate 0.545 < current 0.556  ✗ rejected
[staged]   Ph1 robot e  zone 4  (uncovered: 11% of target)
    [parallel] 10 worker threads, one renderer clone each
    init sampling: best coverage score 80.0px of uncovered area  (4 samples)
[staged]   → robot e: IoU 0.556 → 0.601  ✓
    ↑ new global best IoU 0.601  [phase Ph1 robot e]
[staged] Phase 1 done — composite IoU: 0.601

[staged] Phase 2 — backward pass  (8 iters × 5 robots, sigma=0.300)
[staged]   contributions before Phase 2:
[staged]     robot a: +0.151 IoU
[staged]     robot b: +0.113 IoU
[staged]     robot c: +0.019 IoU  ← low
[staged]     robot d: +0.000 IoU  ← low
[staged]     robot e: +0.045 IoU  ← low
[staged]   Ph2 robot e  zone 4  (uncovered: 23% of target)
    [parallel] 10 worker threads, one renderer clone each
    init sampling: best coverage score 148.0px of uncovered area  (4 samples)
[staged]   → robot e: candidate 0.600 < current 0.601  ✗ rejected
[staged]   Ph2 robot d  zone 2  (uncovered: 17% of target)
    [parallel] 10 worker threads, one renderer clone each
    init sampling: best coverage score 115.0px of uncovered area  (4 samples)
[staged]   → robot d: IoU 0.601 → 0.623  ✓
    ↑ new global best IoU 0.623  [phase Ph2 robot d]
[staged]   Ph2 robot c  zone 0  (uncovered: 16% of target)
    [parallel] 10 worker threads, one renderer clone each
    init sampling: best coverage score 48.0px of uncovered area  (4 samples)
[staged]   → robot c: candidate 0.609 < current 0.623  ✗ rejected
[staged]   Ph2 robot b  zone 3  (uncovered: 22% of target)
    [parallel] 10 worker threads, one renderer clone each
    init sampling: best coverage score 58.0px of uncovered area  (4 samples)
[staged]   → robot b: candidate 0.570 < current 0.623  ✗ rejected
[staged]   Ph2 robot a  zone 1  (uncovered: 39% of target)
    [parallel] 10 worker threads, one renderer clone each
    init sampling: best coverage score 195.0px of uncovered area  (4 samples)
[staged]   → robot a: IoU 0.623 → 0.707  ✓
    ↑ new global best IoU 0.707  [phase Ph2 robot a]
[staged] Phase 2 done — composite IoU: 0.707

[staged] Best snapshot: Phase 2  IoU=0.707
[staged] Manifold final pass — computing Jacobian  (ε=0.020, 60 renders)
[staged] Manifold basis: k=8D / 30D  (variance≥85%, top eigenvalues: ['654600.31', '156209.17', '142874.55', '96283.67', '62962.75'])
    ↑ new global best IoU 0.749  [manifold final pass]
[staged] Manifold done — IoU: 0.749  (Δ=+0.042)  ✓
[staged] FD refinement — 5 Adam steps  (300 renders, lr=0.01, ε=0.02)
    ↑ new global best IoU 0.764  [FD refinement]
[staged] FD done — IoU: 0.764  (Δ=+0.014)  ✓
[staged] Done — final IoU: 0.764  loss: 0.2374
[staged] Popsize: per-robot phases=32  final=32  (theory optimum for 6 DOF = 10)

[staged] Hungarian pre-assignment  (5×5 cost matrix, 8 samples/entry = 200 renders)...
[staged]   robot_a → zone 4  robot_b → zone 0  robot_c → zone 2  robot_d → zone 1  robot_e → zone 3

[staged] Phase 1 — forward greedy  (8 iters × 5 robot(s), sigma=0.40×1.00, popsize=32)
[staged]   Ph1 robot a  zone 4  (uncovered: 21% of target)
    [parallel] 10 worker threads, one renderer clone each
    init sampling: best coverage score 0.0px of uncovered area  (4 samples)
[staged]   → robot a: IoU 0.217 → 0.483  ✓
    ↑ new global best IoU 0.483  [phase Ph1 robot a]
[staged]   Ph1 robot b  zone 0  (uncovered: 5% of target)
    [parallel] 10 worker threads, one renderer clone each
    init sampling: best coverage score 151.0px of uncovered area  (4 samples)
[staged]   → robot b: IoU 0.483 → 0.605  ✓
    ↑ new global best IoU 0.605  [phase Ph1 robot b]
[staged]   Ph1 robot c  zone 2  (uncovered: 5% of target)
    [parallel] 10 worker threads, one renderer clone each
    init sampling: best coverage score 206.0px of uncovered area  (4 samples)
[staged]   → robot c: IoU 0.605 → 0.630  ✓
    ↑ new global best IoU 0.630  [phase Ph1 robot c]
[staged]   Ph1 robot d  zone 1  (uncovered: 4% of target)
    [parallel] 10 worker threads, one renderer clone each
    init sampling: best coverage score 85.0px of uncovered area  (4 samples)
[staged]   → robot d: IoU 0.630 → 0.687  ✓
    ↑ new global best IoU 0.687  [phase Ph1 robot d]
[staged]   Ph1 robot e  zone 3  (uncovered: 5% of target)
    [parallel] 10 worker threads, one renderer clone each
    init sampling: best coverage score 0.0px of uncovered area  (4 samples)
[staged]   → robot e: IoU 0.687 → 0.694  ✓
    ↑ new global best IoU 0.694  [phase Ph1 robot e]
[staged] Phase 1 done — composite IoU: 0.694

[staged] Phase 2 — backward pass  (8 iters × 5 robots, sigma=0.300)
[staged]   contributions before Phase 2:
[staged]     robot a: +0.160 IoU
[staged]     robot b: +0.068 IoU
[staged]     robot c: +0.016 IoU  ← low
[staged]     robot d: +0.068 IoU
[staged]     robot e: +0.006 IoU  ← low
[staged]   Ph2 robot e  zone 3  (uncovered: 12% of target)
    [parallel] 10 worker threads, one renderer clone each
    init sampling: best coverage score 20.0px of uncovered area  (4 samples)
[staged]   → robot e: IoU 0.694 → 0.704  ✓
    ↑ new global best IoU 0.704  [phase Ph2 robot e]
[staged]   Ph2 robot d  zone 1  (uncovered: 19% of target)
    [parallel] 10 worker threads, one renderer clone each
    init sampling: best coverage score 99.0px of uncovered area  (4 samples)
[staged]   → robot d: candidate 0.699 < current 0.704  ✗ rejected
[staged]   Ph2 robot c  zone 2  (uncovered: 14% of target)
    [parallel] 10 worker threads, one renderer clone each
    init sampling: best coverage score 111.0px of uncovered area  (4 samples)
[staged]   → robot c: IoU 0.704 → 0.743  ✓
    ↑ new global best IoU 0.743  [phase Ph2 robot c]
[staged]   Ph2 robot b  zone 0  (uncovered: 32% of target)
    [parallel] 10 worker threads, one renderer clone each
    init sampling: best coverage score 520.0px of uncovered area  (4 samples)
[staged]   → robot b: IoU 0.743 → 0.801  ✓
    ↑ new global best IoU 0.801  [phase Ph2 robot b]
[staged]   Ph2 robot a  zone 4  (uncovered: 16% of target)
    [parallel] 10 worker threads, one renderer clone each
    init sampling: best coverage score 92.0px of uncovered area  (4 samples)
[staged]   → robot a: candidate 0.760 < current 0.801  ✗ rejected
[staged] Phase 2 done — composite IoU: 0.801

[staged] Best snapshot: Phase 2  IoU=0.801
[staged] Manifold final pass — computing Jacobian  (ε=0.020, 60 renders)
[staged] Manifold basis: k=10D / 30D  (variance≥85%, top eigenvalues: ['258975.66', '243613.09', '207508.00', '190282.38', '64062.08'])
[staged] Manifold did not improve (0.797 vs 0.801), keeping best snapshot
[staged] FD refinement — 5 Adam steps  (300 renders, lr=0.01, ε=0.02)
    ↑ new global best IoU 0.823  [FD refinement]
[staged] FD done — IoU: 0.823  (Δ=+0.022)  ✓
[staged] Done — final IoU: 0.823  loss: 0.1769
[staged] Popsize: per-robot phases=32  final=32  (theory optimum for 6 DOF = 10)

[staged] Hungarian pre-assignment  (5×5 cost matrix, 8 samples/entry = 200 renders)...
[staged]   robot_a → zone 1  robot_b → zone 3  robot_c → zone 4  robot_d → zone 0  robot_e → zone 2

[staged] Phase 1 — forward greedy  (8 iters × 5 robot(s), sigma=0.40×1.00, popsize=32)
[staged]   Ph1 robot a  zone 1  (uncovered: 20% of target)
    [parallel] 10 worker threads, one renderer clone each
    init sampling: best coverage score 150.0px of uncovered area  (4 samples)
[staged]   → robot a: IoU 0.217 → 0.490  ✓
    ↑ new global best IoU 0.490  [phase Ph1 robot a]
[staged]   Ph1 robot b  zone 3  (uncovered: 5% of target)
    [parallel] 10 worker threads, one renderer clone each
    init sampling: best coverage score 15.0px of uncovered area  (4 samples)
[staged]   → robot b: IoU 0.490 → 0.598  ✓
    ↑ new global best IoU 0.598  [phase Ph1 robot b]
[staged]   Ph1 robot c  zone 4  (uncovered: 10% of target)
    [parallel] 10 worker threads, one renderer clone each
    init sampling: best coverage score 106.0px of uncovered area  (4 samples)
[staged]   → robot c: IoU 0.598 → 0.633  ✓
    ↑ new global best IoU 0.633  [phase Ph1 robot c]
[staged]   Ph1 robot d  zone 0  (uncovered: 2% of target)
    [parallel] 10 worker threads, one renderer clone each
    init sampling: best coverage score 49.0px of uncovered area  (4 samples)
[staged]   → robot d: IoU 0.633 → 0.649  ✓
    ↑ new global best IoU 0.649  [phase Ph1 robot d]
[staged]   Ph1 robot e  zone 2  (uncovered: 1% of target)
    [parallel] 10 worker threads, one renderer clone each
    init sampling: best coverage score 21.0px of uncovered area  (4 samples)
[staged]   → robot e: IoU 0.649 → 0.692  ✓
    ↑ new global best IoU 0.692  [phase Ph1 robot e]
[staged] Phase 1 done — composite IoU: 0.692

[staged] Phase 2 — backward pass  (8 iters × 5 robots, sigma=0.300)
[staged]   contributions before Phase 2:
[staged]     robot a: +0.082 IoU
[staged]     robot b: +0.074 IoU
[staged]     robot c: +0.037 IoU  ← low
[staged]     robot d: +0.027 IoU  ← low
[staged]     robot e: +0.043 IoU  ← low
[staged]   Ph2 robot e  zone 2  (uncovered: 19% of target)
    [parallel] 10 worker threads, one renderer clone each
    init sampling: best coverage score 28.0px of uncovered area  (4 samples)
[staged]   → robot e: candidate 0.689 < current 0.692  ✗ rejected
[staged]   Ph2 robot d  zone 0  (uncovered: 16% of target)
    [parallel] 10 worker threads, one renderer clone each
    init sampling: best coverage score 32.0px of uncovered area  (4 samples)
[staged]   → robot d: candidate 0.688 < current 0.692  ✗ rejected
[staged]   Ph2 robot c  zone 4  (uncovered: 18% of target)
    [parallel] 10 worker threads, one renderer clone each
    init sampling: best coverage score 148.0px of uncovered area  (4 samples)
[staged]   → robot c: IoU 0.692 → 0.695  ✓
    ↑ new global best IoU 0.695  [phase Ph2 robot c]
[staged]   Ph2 robot b  zone 3  (uncovered: 22% of target)
    [parallel] 10 worker threads, one renderer clone each
    init sampling: best coverage score 332.0px of uncovered area  (4 samples)
[staged]   → robot b: IoU 0.695 → 0.727  ✓
    ↑ new global best IoU 0.727  [phase Ph2 robot b]
[staged]   Ph2 robot a  zone 1  (uncovered: 20% of target)
    [parallel] 10 worker threads, one renderer clone each
    init sampling: best coverage score 68.0px of uncovered area  (4 samples)
[staged]   → robot a: candidate 0.722 < current 0.727  ✗ rejected
[staged] Phase 2 done — composite IoU: 0.727

[staged] Best snapshot: Phase 2  IoU=0.727
[staged] Manifold final pass — computing Jacobian  (ε=0.020, 60 renders)
[staged] Manifold basis: k=9D / 30D  (variance≥85%, top eigenvalues: ['534767.94', '351844.34', '219262.30', '158095.52', '88221.07'])
    ↑ new global best IoU 0.736  [manifold final pass]
[staged] Manifold done — IoU: 0.736  (Δ=+0.009)  ✓
[staged] FD refinement — 5 Adam steps  (300 renders, lr=0.01, ε=0.02)
    ↑ new global best IoU 0.752  [FD refinement]
[staged] FD done — IoU: 0.752  (Δ=+0.016)  ✓
[staged] Done — final IoU: 0.752  loss: 0.2491
[staged] Popsize: per-robot phases=32  final=32  (theory optimum for 6 DOF = 10)

[staged] Hungarian pre-assignment  (5×5 cost matrix, 8 samples/entry = 200 renders)...
[staged]   robot_a → zone 0  robot_b → zone 1  robot_c → zone 4  robot_d → zone 2  robot_e → zone 3

[staged] Phase 1 — forward greedy  (8 iters × 5 robot(s), sigma=0.40×1.00, popsize=32)
[staged]   Ph1 robot a  zone 0  (uncovered: 22% of target)
    [parallel] 10 worker threads, one renderer clone each
    init sampling: best coverage score 482.0px of uncovered area  (4 samples)
[staged]   → robot a: IoU 0.217 → 0.483  ✓
    ↑ new global best IoU 0.483  [phase Ph1 robot a]
[staged]   Ph1 robot b  zone 1  (uncovered: 5% of target)
    [parallel] 10 worker threads, one renderer clone each
    init sampling: best coverage score 136.0px of uncovered area  (4 samples)
[staged]   → robot b: IoU 0.483 → 0.534  ✓
    ↑ new global best IoU 0.534  [phase Ph1 robot b]
[staged]   Ph1 robot c  zone 4  (uncovered: 8% of target)
    [parallel] 10 worker threads, one renderer clone each
    init sampling: best coverage score 155.0px of uncovered area  (4 samples)
[staged]   → robot c: IoU 0.534 → 0.642  ✓
    ↑ new global best IoU 0.642  [phase Ph1 robot c]
[staged]   Ph1 robot d  zone 2  (uncovered: 2% of target)
    [parallel] 10 worker threads, one renderer clone each
    init sampling: best coverage score 4.0px of uncovered area  (4 samples)
[staged]   → robot d: IoU 0.642 → 0.655  ✓
    ↑ new global best IoU 0.655  [phase Ph1 robot d]
[staged]   Ph1 robot e  zone 3  (uncovered: 1% of target)
    [parallel] 10 worker threads, one renderer clone each
    init sampling: best coverage score 0.0px of uncovered area  (4 samples)
[staged]   → robot e: IoU 0.655 → 0.697  ✓
    ↑ new global best IoU 0.697  [phase Ph1 robot e]
[staged] Phase 1 done — composite IoU: 0.697

[staged] Phase 2 — backward pass  (8 iters × 5 robots, sigma=0.300)
[staged]   contributions before Phase 2:
[staged]     robot a: +0.102 IoU
[staged]     robot b: +0.027 IoU  ← low
[staged]     robot c: +0.114 IoU
[staged]     robot d: +0.020 IoU  ← low
[staged]     robot e: +0.042 IoU  ← low
[staged]   Ph2 robot e  zone 3  (uncovered: 19% of target)
    [parallel] 10 worker threads, one renderer clone each
    init sampling: best coverage score 169.0px of uncovered area  (4 samples)
[staged]   → robot e: candidate 0.696 < current 0.697  ✗ rejected
[staged]   Ph2 robot d  zone 2  (uncovered: 14% of target)
    [parallel] 10 worker threads, one renderer clone each
    init sampling: best coverage score 170.0px of uncovered area  (4 samples)
[staged]   → robot d: IoU 0.697 → 0.709  ✓
    ↑ new global best IoU 0.709  [phase Ph2 robot d]
[staged]   Ph2 robot c  zone 4  (uncovered: 26% of target)
    [parallel] 10 worker threads, one renderer clone each
    init sampling: best coverage score 47.0px of uncovered area  (4 samples)
[staged]   → robot c: candidate 0.679 < current 0.709  ✗ rejected
[staged]   Ph2 robot b  zone 1  (uncovered: 21% of target)
    [parallel] 10 worker threads, one renderer clone each
    init sampling: best coverage score 293.0px of uncovered area  (4 samples)
[staged]   → robot b: IoU 0.709 → 0.727  ✓
    ↑ new global best IoU 0.727  [phase Ph2 robot b]
[staged]   Ph2 robot a  zone 0  (uncovered: 23% of target)
    [parallel] 10 worker threads, one renderer clone each
    init sampling: best coverage score 348.0px of uncovered area  (4 samples)
[staged]   → robot a: IoU 0.727 → 0.734  ✓
    ↑ new global best IoU 0.734  [phase Ph2 robot a]
[staged] Phase 2 done — composite IoU: 0.734

[staged] Best snapshot: Phase 2  IoU=0.734
[staged] Manifold final pass — computing Jacobian  (ε=0.020, 60 renders)
[staged] Manifold basis: k=10D / 30D  (variance≥85%, top eigenvalues: ['347969.03', '236692.84', '231978.95', '138334.27', '56068.57'])
[staged] Manifold did not improve (0.722 vs 0.734), keeping best snapshot
[staged] FD refinement — 5 Adam steps  (300 renders, lr=0.01, ε=0.02)
    ↑ new global best IoU 0.748  [FD refinement]
[staged] FD done — IoU: 0.748  (Δ=+0.015)  ✓
[staged] Done — final IoU: 0.748  loss: 0.2523
[shard 0] 4/10 letters_upper/U_dejavusans-bold  best=0.823 mean=0.770±0.028  139s  eta 0.2h
[staged] Popsize: per-robot phases=32  final=32  (theory optimum for 6 DOF = 10)

[staged] Hungarian pre-assignment  (5×5 cost matrix, 8 samples/entry = 200 renders)...
[staged]   robot_a → zone 3  robot_b → zone 4  robot_c → zone 1  robot_d → zone 0  robot_e → zone 2

[staged] Phase 1 — forward greedy  (8 iters × 5 robot(s), sigma=0.40×1.00, popsize=32)
[staged]   Ph1 robot a  zone 3  (uncovered: 16% of target)
    [parallel] 10 worker threads, one renderer clone each
    init sampling: best coverage score 0.0px of uncovered area  (4 samples)
[staged]   → robot a: IoU 0.213 → 0.458  ✓
    ↑ new global best IoU 0.458  [phase Ph1 robot a]
[staged]   Ph1 robot b  zone 4  (uncovered: 9% of target)
    [parallel] 10 worker threads, one renderer clone each
    init sampling: best coverage score 32.0px of uncovered area  (4 samples)
[staged]   → robot b: IoU 0.458 → 0.491  ✓
    ↑ new global best IoU 0.491  [phase Ph1 robot b]
[staged]   Ph1 robot c  zone 1  (uncovered: 3% of target)
    [parallel] 10 worker threads, one renderer clone each
    init sampling: best coverage score 0.0px of uncovered area  (4 samples)
[staged]   → robot c: IoU 0.491 → 0.534  ✓
    ↑ new global best IoU 0.534  [phase Ph1 robot c]
[staged]   Ph1 robot d  zone 0  (uncovered: 1% of target)
    [parallel] 10 worker threads, one renderer clone each
    init sampling: best coverage score 33.0px of uncovered area  (4 samples)
[staged]   → robot d: IoU 0.534 → 0.555  ✓
    ↑ new global best IoU 0.555  [phase Ph1 robot d]
[staged]   Ph1 robot e  zone 2  (uncovered: 1% of target)
    [parallel] 10 worker threads, one renderer clone each
    init sampling: best coverage score 19.0px of uncovered area  (4 samples)
[staged]   → robot e: IoU 0.555 → 0.579  ✓
    ↑ new global best IoU 0.579  [phase Ph1 robot e]
[staged] Phase 1 done — composite IoU: 0.579

[staged] Phase 2 — backward pass  (8 iters × 5 robots, sigma=0.300)
[staged]   contributions before Phase 2:
[staged]     robot a: +0.048 IoU  ← low
[staged]     robot b: +0.045 IoU  ← low
[staged]     robot c: +0.061 IoU
[staged]     robot d: +0.034 IoU  ← low
[staged]     robot e: +0.024 IoU  ← low
[staged]   Ph2 robot e  zone 2  (uncovered: 9% of target)
    [parallel] 10 worker threads, one renderer clone each
    init sampling: best coverage score 25.0px of uncovered area  (4 samples)
[staged]   → robot e: candidate 0.575 < current 0.579  ✗ rejected
[staged]   Ph2 robot d  zone 0  (uncovered: 11% of target)
    [parallel] 10 worker threads, one renderer clone each
    init sampling: best coverage score 48.0px of uncovered area  (4 samples)
[staged]   → robot d: candidate 0.571 < current 0.579  ✗ rejected
[staged]   Ph2 robot c  zone 1  (uncovered: 17% of target)
    [parallel] 10 worker threads, one renderer clone each
    init sampling: best coverage score 20.0px of uncovered area  (4 samples)
[staged]   → robot c: candidate 0.570 < current 0.579  ✗ rejected
[staged]   Ph2 robot b  zone 4  (uncovered: 15% of target)
    [parallel] 10 worker threads, one renderer clone each
    init sampling: best coverage score 111.0px of uncovered area  (4 samples)
[staged]   → robot b: candidate 0.567 < current 0.579  ✗ rejected
[staged]   Ph2 robot a  zone 3  (uncovered: 20% of target)
    [parallel] 10 worker threads, one renderer clone each
    init sampling: best coverage score 75.0px of uncovered area  (4 samples)
[staged]   → robot a: IoU 0.579 → 0.601  ✓
    ↑ new global best IoU 0.601  [phase Ph2 robot a]
[staged] Phase 2 done — composite IoU: 0.601

[staged] Best snapshot: Phase 2  IoU=0.601
[staged] Manifold final pass — computing Jacobian  (ε=0.020, 60 renders)
[staged] Manifold basis: k=11D / 30D  (variance≥85%, top eigenvalues: ['281080.03', '133561.97', '133550.03', '113319.68', '93479.07'])
[staged] Manifold did not improve (0.597 vs 0.601), keeping best snapshot
[staged] FD refinement — 5 Adam steps  (300 renders, lr=0.01, ε=0.02)
    ↑ new global best IoU 0.609  [FD refinement]
[staged] FD done — IoU: 0.609  (Δ=+0.009)  ✓
[staged] Done — final IoU: 0.609  loss: 0.3924
[staged] Popsize: per-robot phases=32  final=32  (theory optimum for 6 DOF = 10)

[staged] Hungarian pre-assignment  (5×5 cost matrix, 8 samples/entry = 200 renders)...
[staged]   robot_a → zone 1  robot_b → zone 4  robot_c → zone 0  robot_d → zone 2  robot_e → zone 3

[staged] Phase 1 — forward greedy  (8 iters × 5 robot(s), sigma=0.40×1.00, popsize=32)
[staged]   Ph1 robot a  zone 1  (uncovered: 24% of target)
    [parallel] 10 worker threads, one renderer clone each
    init sampling: best coverage score 0.0px of uncovered area  (4 samples)
[staged]   → robot a: IoU 0.213 → 0.372  ✓
    ↑ new global best IoU 0.372  [phase Ph1 robot a]
[staged]   Ph1 robot b  zone 4  (uncovered: 9% of target)
    [parallel] 10 worker threads, one renderer clone each
    init sampling: best coverage score 141.0px of uncovered area  (4 samples)
[staged]   → robot b: IoU 0.372 → 0.404  ✓
    ↑ new global best IoU 0.404  [phase Ph1 robot b]
[staged]   Ph1 robot c  zone 0  (uncovered: 11% of target)
    [parallel] 10 worker threads, one renderer clone each
    init sampling: best coverage score 116.0px of uncovered area  (4 samples)
[staged]   → robot c: IoU 0.404 → 0.461  ✓
    ↑ new global best IoU 0.461  [phase Ph1 robot c]
[staged]   Ph1 robot d  zone 2  (uncovered: 6% of target)
    [parallel] 10 worker threads, one renderer clone each
    init sampling: best coverage score 179.0px of uncovered area  (4 samples)
[staged]   → robot d: IoU 0.461 → 0.491  ✓
    ↑ new global best IoU 0.491  [phase Ph1 robot d]
[staged]   Ph1 robot e  zone 3  (uncovered: 1% of target)
    [parallel] 10 worker threads, one renderer clone each
    init sampling: best coverage score 9.0px of uncovered area  (4 samples)
[staged]   → robot e: IoU 0.491 → 0.518  ✓
    ↑ new global best IoU 0.518  [phase Ph1 robot e]
[staged] Phase 1 done — composite IoU: 0.518

[staged] Phase 2 — backward pass  (8 iters × 5 robots, sigma=0.300)
[staged]   contributions before Phase 2:
[staged]     robot a: +0.035 IoU  ← low
[staged]     robot b: +0.032 IoU  ← low
[staged]     robot c: +0.074 IoU
[staged]     robot d: +0.024 IoU  ← low
[staged]     robot e: +0.027 IoU  ← low
[staged]   Ph2 robot e  zone 3  (uncovered: 20% of target)
    [parallel] 10 worker threads, one renderer clone each
    init sampling: best coverage score 171.0px of uncovered area  (4 samples)
[staged]   → robot e: IoU 0.518 → 0.526  ✓
    ↑ new global best IoU 0.526  [phase Ph2 robot e]
[staged]   Ph2 robot d  zone 2  (uncovered: 21% of target)
    [parallel] 10 worker threads, one renderer clone each
    init sampling: best coverage score 148.0px of uncovered area  (4 samples)
[staged]   → robot d: IoU 0.526 → 0.561  ✓
    ↑ new global best IoU 0.561  [phase Ph2 robot d]
[staged]   Ph2 robot c  zone 0  (uncovered: 22% of target)
    [parallel] 10 worker threads, one renderer clone each
    init sampling: best coverage score 169.0px of uncovered area  (4 samples)
[staged]   → robot c: candidate 0.548 < current 0.561  ✗ rejected
[staged]   Ph2 robot b  zone 4  (uncovered: 20% of target)
    [parallel] 10 worker threads, one renderer clone each
    init sampling: best coverage score 22.0px of uncovered area  (4 samples)
[staged]   → robot b: candidate 0.559 < current 0.561  ✗ rejected
[staged]   Ph2 robot a  zone 1  (uncovered: 27% of target)
    [parallel] 10 worker threads, one renderer clone each
    init sampling: best coverage score 78.0px of uncovered area  (4 samples)
[staged]   → robot a: candidate 0.523 < current 0.561  ✗ rejected
[staged] Phase 2 done — composite IoU: 0.561

[staged] Best snapshot: Phase 2  IoU=0.561
[staged] Manifold final pass — computing Jacobian  (ε=0.020, 60 renders)
[staged] Manifold basis: k=9D / 30D  (variance≥85%, top eigenvalues: ['414641.31', '218220.45', '190829.00', '162721.75', '57478.39'])
    ↑ new global best IoU 0.601  [manifold final pass]
[staged] Manifold done — IoU: 0.601  (Δ=+0.040)  ✓
[staged] FD refinement — 5 Adam steps  (300 renders, lr=0.01, ε=0.02)
    ↑ new global best IoU 0.622  [FD refinement]
[staged] FD done — IoU: 0.622  (Δ=+0.021)  ✓
[staged] Done — final IoU: 0.622  loss: 0.3792
[staged] Popsize: per-robot phases=32  final=32  (theory optimum for 6 DOF = 10)

[staged] Hungarian pre-assignment  (5×5 cost matrix, 8 samples/entry = 200 renders)...
[staged]   robot_a → zone 2  robot_b → zone 4  robot_c → zone 0  robot_d → zone 1  robot_e → zone 3

[staged] Phase 1 — forward greedy  (8 iters × 5 robot(s), sigma=0.40×1.00, popsize=32)
[staged]   Ph1 robot a  zone 2  (uncovered: 21% of target)
    [parallel] 10 worker threads, one renderer clone each
    init sampling: best coverage score 0.0px of uncovered area  (4 samples)
[staged]   → robot a: IoU 0.213 → 0.401  ✓
    ↑ new global best IoU 0.401  [phase Ph1 robot a]
[staged]   Ph1 robot b  zone 4  (uncovered: 13% of target)
    [parallel] 10 worker threads, one renderer clone each
    init sampling: best coverage score 0.0px of uncovered area  (4 samples)
[staged]   → robot b: IoU 0.401 → 0.467  ✓
    ↑ new global best IoU 0.467  [phase Ph1 robot b]
[staged]   Ph1 robot c  zone 0  (uncovered: 1% of target)
    [parallel] 10 worker threads, one renderer clone each
    init sampling: best coverage score 16.0px of uncovered area  (4 samples)
[staged]   → robot c: IoU 0.467 → 0.490  ✓
    ↑ new global best IoU 0.490  [phase Ph1 robot c]
[staged]   Ph1 robot d  zone 1  (uncovered: 5% of target)
    [parallel] 10 worker threads, one renderer clone each
    init sampling: best coverage score 0.0px of uncovered area  (4 samples)
[staged]   → robot d: IoU 0.490 → 0.499  ✓
    ↑ new global best IoU 0.499  [phase Ph1 robot d]
[staged]   Ph1 robot e  zone 3  (uncovered: 1% of target)
    [parallel] 10 worker threads, one renderer clone each
    init sampling: best coverage score 0.0px of uncovered area  (4 samples)
[staged]   → robot e: IoU 0.499 → 0.509  ✓
    ↑ new global best IoU 0.509  [phase Ph1 robot e]
[staged] Phase 1 done — composite IoU: 0.509

[staged] Phase 2 — backward pass  (8 iters × 5 robots, sigma=0.300)
[staged]   contributions before Phase 2:
[staged]     robot a: +0.077 IoU
[staged]     robot b: +0.048 IoU  ← low
[staged]     robot c: +0.032 IoU  ← low
[staged]     robot d: +0.016 IoU  ← low
[staged]     robot e: +0.010 IoU  ← low
[staged]   Ph2 robot e  zone 3  (uncovered: 21% of target)
    [parallel] 10 worker threads, one renderer clone each
    init sampling: best coverage score 13.0px of uncovered area  (4 samples)
[staged]   → robot e: IoU 0.509 → 0.509  ✓
[staged]   Ph2 robot d  zone 1  (uncovered: 22% of target)
    [parallel] 10 worker threads, one renderer clone each
    init sampling: best coverage score 31.0px of uncovered area  (4 samples)
[staged]   → robot d: IoU 0.509 → 0.572  ✓
    ↑ new global best IoU 0.572  [phase Ph2 robot d]
[staged]   Ph2 robot c  zone 0  (uncovered: 15% of target)
    [parallel] 10 worker threads, one renderer clone each
    init sampling: best coverage score 77.0px of uncovered area  (4 samples)
[staged]   → robot c: candidate 0.566 < current 0.572  ✗ rejected
[staged]   Ph2 robot b  zone 4  (uncovered: 24% of target)
    [parallel] 10 worker threads, one renderer clone each
    init sampling: best coverage score 197.0px of uncovered area  (4 samples)
[staged]   → robot b: candidate 0.557 < current 0.572  ✗ rejected
[staged]   Ph2 robot a  zone 2  (uncovered: 27% of target)
    [parallel] 10 worker threads, one renderer clone each
    init sampling: best coverage score 545.0px of uncovered area  (4 samples)
[staged]   → robot a: candidate 0.555 < current 0.572  ✗ rejected
[staged] Phase 2 done — composite IoU: 0.572

[staged] Best snapshot: Phase 2  IoU=0.572
[staged] Manifold final pass — computing Jacobian  (ε=0.020, 60 renders)
[staged] Manifold basis: k=8D / 30D  (variance≥85%, top eigenvalues: ['307254.19', '264037.03', '213474.55', '121713.91', '115460.98'])
    ↑ new global best IoU 0.590  [manifold final pass]
[staged] Manifold done — IoU: 0.590  (Δ=+0.018)  ✓
[staged] FD refinement — 5 Adam steps  (300 renders, lr=0.01, ε=0.02)
    ↑ new global best IoU 0.597  [FD refinement]
[staged] FD done — IoU: 0.597  (Δ=+0.007)  ✓
[staged] Done — final IoU: 0.597  loss: 0.4059
[staged] Popsize: per-robot phases=32  final=32  (theory optimum for 6 DOF = 10)

[staged] Hungarian pre-assignment  (5×5 cost matrix, 8 samples/entry = 200 renders)...
[staged]   robot_a → zone 3  robot_b → zone 1  robot_c → zone 0  robot_d → zone 2  robot_e → zone 4

[staged] Phase 1 — forward greedy  (8 iters × 5 robot(s), sigma=0.40×1.00, popsize=32)
[staged]   Ph1 robot a  zone 3  (uncovered: 16% of target)
    [parallel] 10 worker threads, one renderer clone each
    init sampling: best coverage score 0.0px of uncovered area  (4 samples)
[staged]   → robot a: IoU 0.213 → 0.461  ✓
    ↑ new global best IoU 0.461  [phase Ph1 robot a]
[staged]   Ph1 robot b  zone 1  (uncovered: 9% of target)
    [parallel] 10 worker threads, one renderer clone each
    init sampling: best coverage score 63.0px of uncovered area  (4 samples)
[staged]   → robot b: IoU 0.461 → 0.495  ✓
    ↑ new global best IoU 0.495  [phase Ph1 robot b]
[staged]   Ph1 robot c  zone 0  (uncovered: 3% of target)
    [parallel] 10 worker threads, one renderer clone each
    init sampling: best coverage score 3.0px of uncovered area  (4 samples)
[staged]   → robot c: IoU 0.495 → 0.544  ✓
    ↑ new global best IoU 0.544  [phase Ph1 robot c]
[staged]   Ph1 robot d  zone 2  (uncovered: 1% of target)
    [parallel] 10 worker threads, one renderer clone each
    init sampling: best coverage score 15.0px of uncovered area  (4 samples)
[staged]   → robot d: IoU 0.544 → 0.570  ✓
    ↑ new global best IoU 0.570  [phase Ph1 robot d]
[staged]   Ph1 robot e  zone 4  (uncovered: 3% of target)
    [parallel] 10 worker threads, one renderer clone each
    init sampling: best coverage score 51.0px of uncovered area  (4 samples)
[staged]   → robot e: IoU 0.570 → 0.592  ✓
    ↑ new global best IoU 0.592  [phase Ph1 robot e]
[staged] Phase 1 done — composite IoU: 0.592

[staged] Phase 2 — backward pass  (8 iters × 5 robots, sigma=0.300)
[staged]   contributions before Phase 2:
[staged]     robot a: +0.117 IoU
[staged]     robot b: +0.007 IoU  ← low
[staged]     robot c: +0.050 IoU
[staged]     robot d: +0.030 IoU  ← low
[staged]     robot e: +0.022 IoU  ← low
[staged]   Ph2 robot e  zone 4  (uncovered: 11% of target)
    [parallel] 10 worker threads, one renderer clone each
    init sampling: best coverage score 82.0px of uncovered area  (4 samples)
[staged]   → robot e: candidate 0.590 < current 0.592  ✗ rejected
[staged]   Ph2 robot d  zone 2  (uncovered: 15% of target)
    [parallel] 10 worker threads, one renderer clone each
    init sampling: best coverage score 15.0px of uncovered area  (4 samples)
[staged]   → robot d: IoU 0.592 → 0.605  ✓
    ↑ new global best IoU 0.605  [phase Ph2 robot d]
[staged]   Ph2 robot c  zone 0  (uncovered: 19% of target)
    [parallel] 10 worker threads, one renderer clone each
    init sampling: best coverage score 21.0px of uncovered area  (4 samples)
[staged]   → robot c: candidate 0.572 < current 0.605  ✗ rejected
[staged]   Ph2 robot b  zone 1  (uncovered: 15% of target)
    [parallel] 10 worker threads, one renderer clone each
    init sampling: best coverage score 29.0px of uncovered area  (4 samples)
[staged]   → robot b: candidate 0.589 < current 0.605  ✗ rejected
[staged]   Ph2 robot a  zone 3  (uncovered: 30% of target)
    [parallel] 10 worker threads, one renderer clone each
    init sampling: best coverage score 43.0px of uncovered area  (4 samples)
[staged]   → robot a: candidate 0.590 < current 0.605  ✗ rejected
[staged] Phase 2 done — composite IoU: 0.605

[staged] Best snapshot: Phase 2  IoU=0.605
[staged] Manifold final pass — computing Jacobian  (ε=0.020, 60 renders)
[staged] Manifold basis: k=9D / 30D  (variance≥85%, top eigenvalues: ['223094.33', '215345.86', '145126.03', '84106.72', '75173.58'])
    ↑ new global best IoU 0.621  [manifold final pass]
[staged] Manifold done — IoU: 0.621  (Δ=+0.016)  ✓
[staged] FD refinement — 5 Adam steps  (300 renders, lr=0.01, ε=0.02)
    ↑ new global best IoU 0.639  [FD refinement]
[staged] FD done — IoU: 0.639  (Δ=+0.018)  ✓
[staged] Done — final IoU: 0.639  loss: 0.3625
[staged] Popsize: per-robot phases=32  final=32  (theory optimum for 6 DOF = 10)

[staged] Hungarian pre-assignment  (5×5 cost matrix, 8 samples/entry = 200 renders)...
[staged]   robot_a → zone 3  robot_b → zone 4  robot_c → zone 0  robot_d → zone 2  robot_e → zone 1

[staged] Phase 1 — forward greedy  (8 iters × 5 robot(s), sigma=0.40×1.00, popsize=32)
[staged]   Ph1 robot a  zone 3  (uncovered: 8% of target)
    [parallel] 10 worker threads, one renderer clone each
    init sampling: best coverage score 30.0px of uncovered area  (4 samples)
[staged]   → robot a: IoU 0.213 → 0.441  ✓
    ↑ new global best IoU 0.441  [phase Ph1 robot a]
[staged]   Ph1 robot b  zone 4  (uncovered: 9% of target)
    [parallel] 10 worker threads, one renderer clone each
    init sampling: best coverage score 197.0px of uncovered area  (4 samples)
[staged]   → robot b: IoU 0.441 → 0.470  ✓
    ↑ new global best IoU 0.470  [phase Ph1 robot b]
[staged]   Ph1 robot c  zone 0  (uncovered: 5% of target)
    [parallel] 10 worker threads, one renderer clone each
    init sampling: best coverage score 9.0px of uncovered area  (4 samples)
[staged]   → robot c: IoU 0.470 → 0.515  ✓
    ↑ new global best IoU 0.515  [phase Ph1 robot c]
[staged]   Ph1 robot d  zone 2  (uncovered: 1% of target)
    [parallel] 10 worker threads, one renderer clone each
    init sampling: best coverage score 26.0px of uncovered area  (4 samples)
[staged]   → robot d: IoU 0.515 → 0.539  ✓
    ↑ new global best IoU 0.539  [phase Ph1 robot d]
[staged]   Ph1 robot e  zone 1  (uncovered: 6% of target)
    [parallel] 10 worker threads, one renderer clone each
    init sampling: best coverage score 10.0px of uncovered area  (4 samples)
[staged]   → robot e: IoU 0.539 → 0.558  ✓
    ↑ new global best IoU 0.558  [phase Ph1 robot e]
[staged] Phase 1 done — composite IoU: 0.558

[staged] Phase 2 — backward pass  (8 iters × 5 robots, sigma=0.300)
[staged]   contributions before Phase 2:
[staged]     robot a: +0.099 IoU
[staged]     robot b: +0.054 IoU
[staged]     robot c: +0.016 IoU  ← low
[staged]     robot d: +0.021 IoU  ← low
[staged]     robot e: +0.019 IoU  ← low
[staged]   Ph2 robot e  zone 1  (uncovered: 18% of target)
    [parallel] 10 worker threads, one renderer clone each
    init sampling: best coverage score 175.0px of uncovered area  (4 samples)
[staged]   → robot e: IoU 0.558 → 0.561  ✓
    ↑ new global best IoU 0.561  [phase Ph2 robot e]
[staged]   Ph2 robot d  zone 2  (uncovered: 18% of target)
    [parallel] 10 worker threads, one renderer clone each
    init sampling: best coverage score 93.0px of uncovered area  (4 samples)
[staged]   → robot d: IoU 0.561 → 0.573  ✓
    ↑ new global best IoU 0.573  [phase Ph2 robot d]
[staged]   Ph2 robot c  zone 0  (uncovered: 15% of target)
    [parallel] 10 worker threads, one renderer clone each
    init sampling: best coverage score 113.0px of uncovered area  (4 samples)
[staged]   → robot c: candidate 0.562 < current 0.573  ✗ rejected
[staged]   Ph2 robot b  zone 4  (uncovered: 26% of target)
    [parallel] 10 worker threads, one renderer clone each
    init sampling: best coverage score 249.0px of uncovered area  (4 samples)
[staged]   → robot b: IoU 0.573 → 0.593  ✓
    ↑ new global best IoU 0.593  [phase Ph2 robot b]
[staged]   Ph2 robot a  zone 3  (uncovered: 35% of target)
    [parallel] 10 worker threads, one renderer clone each
    init sampling: best coverage score 320.0px of uncovered area  (4 samples)
[staged]   → robot a: candidate 0.551 < current 0.593  ✗ rejected
[staged] Phase 2 done — composite IoU: 0.593

[staged] Best snapshot: Phase 2  IoU=0.593
[staged] Manifold final pass — computing Jacobian  (ε=0.020, 60 renders)
[staged] Manifold basis: k=9D / 30D  (variance≥85%, top eigenvalues: ['352337.44', '182012.45', '131074.97', '80273.66', '49859.23'])
    ↑ new global best IoU 0.605  [manifold final pass]
[staged] Manifold done — IoU: 0.605  (Δ=+0.012)  ✓
[staged] FD refinement — 5 Adam steps  (300 renders, lr=0.01, ε=0.02)
    ↑ new global best IoU 0.623  [FD refinement]
[staged] FD done — IoU: 0.623  (Δ=+0.018)  ✓
[staged] Done — final IoU: 0.623  loss: 0.3792
[shard 0] 5/10 letters_upper/W_dejavusans-bold  best=0.639 mean=0.618±0.014  138s  eta 0.2h
[staged] Popsize: per-robot phases=32  final=32  (theory optimum for 6 DOF = 10)

[staged] Hungarian pre-assignment  (5×5 cost matrix, 8 samples/entry = 200 renders)...
[staged]   robot_a → zone 0  robot_b → zone 3  robot_c → zone 1  robot_d → zone 4  robot_e → zone 2

[staged] Phase 1 — forward greedy  (8 iters × 5 robot(s), sigma=0.40×1.00, popsize=32)
[staged]   Ph1 robot a  zone 0  (uncovered: 14% of target)
    [parallel] 10 worker threads, one renderer clone each
    init sampling: best coverage score 197.0px of uncovered area  (4 samples)
[staged]   → robot a: IoU 0.157 → 0.411  ✓
    ↑ new global best IoU 0.411  [phase Ph1 robot a]
[staged]   Ph1 robot b  zone 3  (uncovered: 8% of target)
    [parallel] 10 worker threads, one renderer clone each
    init sampling: best coverage score 266.0px of uncovered area  (4 samples)
[staged]   → robot b: IoU 0.411 → 0.485  ✓
    ↑ new global best IoU 0.485  [phase Ph1 robot b]
[staged]   Ph1 robot c  zone 1  (uncovered: 17% of target)
    [parallel] 10 worker threads, one renderer clone each
    init sampling: best coverage score 0.0px of uncovered area  (4 samples)
[staged]   → robot c: IoU 0.485 → 0.554  ✓
    ↑ new global best IoU 0.554  [phase Ph1 robot c]
[staged]   Ph1 robot d  zone 4  (uncovered: 6% of target)
    [parallel] 10 worker threads, one renderer clone each
    init sampling: best coverage score 12.0px of uncovered area  (4 samples)
[staged]   → robot d: IoU 0.554 → 0.581  ✓
    ↑ new global best IoU 0.581  [phase Ph1 robot d]
[staged]   Ph1 robot e  zone 2  (uncovered: 0% of target)
    [parallel] 10 worker threads, one renderer clone each
    init sampling: best coverage score 0.0px of uncovered area  (4 samples)
[staged]   → robot e: IoU 0.581 → 0.627  ✓
    ↑ new global best IoU 0.627  [phase Ph1 robot e]
[staged] Phase 1 done — composite IoU: 0.627

[staged] Phase 2 — backward pass  (8 iters × 5 robots, sigma=0.300)
[staged]   contributions before Phase 2:
[staged]     robot a: +0.091 IoU
[staged]     robot b: +0.065 IoU
[staged]     robot c: +0.088 IoU
[staged]     robot d: +0.055 IoU
[staged]     robot e: +0.046 IoU  ← low
[staged]   Ph2 robot e  zone 2  (uncovered: 24% of target)
    [parallel] 10 worker threads, one renderer clone each
    init sampling: best coverage score 86.0px of uncovered area  (4 samples)
[staged]   → robot e: candidate 0.618 < current 0.627  ✗ rejected
[staged]   Ph2 robot d  zone 4  (uncovered: 25% of target)
    [parallel] 10 worker threads, one renderer clone each
    init sampling: best coverage score 202.0px of uncovered area  (4 samples)
[staged]   → robot d: IoU 0.627 → 0.638  ✓
    ↑ new global best IoU 0.638  [phase Ph2 robot d]
[staged]   Ph2 robot c  zone 1  (uncovered: 29% of target)
    [parallel] 10 worker threads, one renderer clone each
    init sampling: best coverage score 72.0px of uncovered area  (4 samples)
[staged]   → robot c: candidate 0.626 < current 0.638  ✗ rejected
[staged]   Ph2 robot b  zone 3  (uncovered: 27% of target)
    [parallel] 10 worker threads, one renderer clone each
    init sampling: best coverage score 322.0px of uncovered area  (4 samples)
[staged]   → robot b: candidate 0.617 < current 0.638  ✗ rejected
[staged]   Ph2 robot a  zone 0  (uncovered: 31% of target)
    [parallel] 10 worker threads, one renderer clone each
    init sampling: best coverage score 102.0px of uncovered area  (4 samples)
[staged]   → robot a: IoU 0.638 → 0.645  ✓
    ↑ new global best IoU 0.645  [phase Ph2 robot a]
[staged] Phase 2 done — composite IoU: 0.645

[staged] Best snapshot: Phase 2  IoU=0.645
[staged] Manifold final pass — computing Jacobian  (ε=0.020, 60 renders)
[staged] Manifold basis: k=10D / 30D  (variance≥85%, top eigenvalues: ['219092.30', '203332.58', '194205.83', '116386.95', '69268.87'])
    ↑ new global best IoU 0.665  [manifold final pass]
[staged] Manifold done — IoU: 0.665  (Δ=+0.019)  ✓
[staged] FD refinement — 5 Adam steps  (300 renders, lr=0.01, ε=0.02)
    ↑ new global best IoU 0.698  [FD refinement]
[staged] FD done — IoU: 0.698  (Δ=+0.033)  ✓
[staged] Done — final IoU: 0.698  loss: 0.3026
[staged] Popsize: per-robot phases=32  final=32  (theory optimum for 6 DOF = 10)

[staged] Hungarian pre-assignment  (5×5 cost matrix, 8 samples/entry = 200 renders)...
[staged]   robot_a → zone 4  robot_b → zone 3  robot_c → zone 0  robot_d → zone 2  robot_e → zone 1

[staged] Phase 1 — forward greedy  (8 iters × 5 robot(s), sigma=0.40×1.00, popsize=32)
[staged]   Ph1 robot a  zone 4  (uncovered: 24% of target)
    [parallel] 10 worker threads, one renderer clone each
    init sampling: best coverage score 0.0px of uncovered area  (4 samples)
[staged]   → robot a: IoU 0.157 → 0.438  ✓
    ↑ new global best IoU 0.438  [phase Ph1 robot a]
[staged]   Ph1 robot b  zone 3  (uncovered: 17% of target)
    [parallel] 10 worker threads, one renderer clone each
    init sampling: best coverage score 0.0px of uncovered area  (4 samples)
[staged]   → robot b: IoU 0.438 → 0.493  ✓
    ↑ new global best IoU 0.493  [phase Ph1 robot b]
[staged]   Ph1 robot c  zone 0  (uncovered: 11% of target)
    [parallel] 10 worker threads, one renderer clone each
    init sampling: best coverage score 79.0px of uncovered area  (4 samples)
[staged]   → robot c: IoU 0.493 → 0.518  ✓
    ↑ new global best IoU 0.518  [phase Ph1 robot c]
[staged]   Ph1 robot d  zone 2  (uncovered: 0% of target)
    [parallel] 10 worker threads, one renderer clone each
    init sampling: best coverage score 3.0px of uncovered area  (4 samples)
[staged]   → robot d: IoU 0.518 → 0.535  ✓
    ↑ new global best IoU 0.535  [phase Ph1 robot d]
[staged]   Ph1 robot e  zone 1  (uncovered: 8% of target)
    [parallel] 10 worker threads, one renderer clone each
    init sampling: best coverage score 150.0px of uncovered area  (4 samples)
[staged]   → robot e: IoU 0.535 → 0.609  ✓
    ↑ new global best IoU 0.609  [phase Ph1 robot e]
[staged] Phase 1 done — composite IoU: 0.609

[staged] Phase 2 — backward pass  (8 iters × 5 robots, sigma=0.300)
[staged]   contributions before Phase 2:
[staged]     robot a: +0.071 IoU
[staged]     robot b: +0.081 IoU
[staged]     robot c: +0.060 IoU
[staged]     robot d: +0.045 IoU  ← low
[staged]     robot e: +0.074 IoU
[staged]   Ph2 robot e  zone 1  (uncovered: 20% of target)
    [parallel] 10 worker threads, one renderer clone each
    init sampling: best coverage score 280.0px of uncovered area  (4 samples)
[staged]   → robot e: candidate 0.594 < current 0.609  ✗ rejected
[staged]   Ph2 robot d  zone 2  (uncovered: 19% of target)
    [parallel] 10 worker threads, one renderer clone each
    init sampling: best coverage score 77.0px of uncovered area  (4 samples)
[staged]   → robot d: IoU 0.609 → 0.611  ✓
    ↑ new global best IoU 0.611  [phase Ph2 robot d]
[staged]   Ph2 robot c  zone 0  (uncovered: 19% of target)
    [parallel] 10 worker threads, one renderer clone each
    init sampling: best coverage score 45.0px of uncovered area  (4 samples)
[staged]   → robot c: IoU 0.611 → 0.615  ✓
    ↑ new global best IoU 0.615  [phase Ph2 robot c]
[staged]   Ph2 robot b  zone 3  (uncovered: 28% of target)
    [parallel] 10 worker threads, one renderer clone each
    init sampling: best coverage score 54.0px of uncovered area  (4 samples)
[staged]   → robot b: candidate 0.580 < current 0.615  ✗ rejected
[staged]   Ph2 robot a  zone 4  (uncovered: 24% of target)
    [parallel] 10 worker threads, one renderer clone each
    init sampling: best coverage score 343.0px of uncovered area  (4 samples)
[staged]   → robot a: IoU 0.615 → 0.663  ✓
    ↑ new global best IoU 0.663  [phase Ph2 robot a]
[staged] Phase 2 done — composite IoU: 0.663

[staged] Best snapshot: Phase 2  IoU=0.663
[staged] Manifold final pass — computing Jacobian  (ε=0.020, 60 renders)
[staged] Manifold basis: k=9D / 30D  (variance≥85%, top eigenvalues: ['282252.12', '214774.14', '196825.56', '109938.91', '59782.92'])
    ↑ new global best IoU 0.673  [manifold final pass]
[staged] Manifold done — IoU: 0.673  (Δ=+0.010)  ✓
[staged] FD refinement — 5 Adam steps  (300 renders, lr=0.01, ε=0.02)
    ↑ new global best IoU 0.702  [FD refinement]
[staged] FD done — IoU: 0.702  (Δ=+0.028)  ✓
[staged] Done — final IoU: 0.702  loss: 0.2995
[staged] Popsize: per-robot phases=32  final=32  (theory optimum for 6 DOF = 10)

[staged] Hungarian pre-assignment  (5×5 cost matrix, 8 samples/entry = 200 renders)...
[staged]   robot_a → zone 1  robot_b → zone 4  robot_c → zone 2  robot_d → zone 3  robot_e → zone 0

[staged] Phase 1 — forward greedy  (8 iters × 5 robot(s), sigma=0.40×1.00, popsize=32)
[staged]   Ph1 robot a  zone 1  (uncovered: 18% of target)
    [parallel] 10 worker threads, one renderer clone each
    init sampling: best coverage score 0.0px of uncovered area  (4 samples)
[staged]   → robot a: IoU 0.157 → 0.467  ✓
    ↑ new global best IoU 0.467  [phase Ph1 robot a]
[staged]   Ph1 robot b  zone 4  (uncovered: 10% of target)
    [parallel] 10 worker threads, one renderer clone each
    init sampling: best coverage score 92.0px of uncovered area  (4 samples)
[staged]   → robot b: IoU 0.467 → 0.529  ✓
    ↑ new global best IoU 0.529  [phase Ph1 robot b]
[staged]   Ph1 robot c  zone 2  (uncovered: 7% of target)
    [parallel] 10 worker threads, one renderer clone each
    init sampling: best coverage score 191.0px of uncovered area  (4 samples)
[staged]   → robot c: IoU 0.529 → 0.553  ✓
    ↑ new global best IoU 0.553  [phase Ph1 robot c]
[staged]   Ph1 robot d  zone 3  (uncovered: 5% of target)
    [parallel] 10 worker threads, one renderer clone each
    init sampling: best coverage score 54.0px of uncovered area  (4 samples)
[staged]   → robot d: IoU 0.553 → 0.603  ✓
    ↑ new global best IoU 0.603  [phase Ph1 robot d]
[staged]   Ph1 robot e  zone 0  (uncovered: 4% of target)
    [parallel] 10 worker threads, one renderer clone each
    init sampling: best coverage score 15.0px of uncovered area  (4 samples)
[staged]   → robot e: IoU 0.603 → 0.656  ✓
    ↑ new global best IoU 0.656  [phase Ph1 robot e]
[staged] Phase 1 done — composite IoU: 0.656

[staged] Phase 2 — backward pass  (8 iters × 5 robots, sigma=0.300)
[staged]   contributions before Phase 2:
[staged]     robot a: +0.107 IoU
[staged]     robot b: +0.042 IoU  ← low
[staged]     robot c: +0.043 IoU  ← low
[staged]     robot d: +0.068 IoU
[staged]     robot e: +0.053 IoU
[staged]   Ph2 robot e  zone 0  (uncovered: 16% of target)
    [parallel] 10 worker threads, one renderer clone each
    init sampling: best coverage score 3.0px of uncovered area  (4 samples)
[staged]   → robot e: candidate 0.631 < current 0.656  ✗ rejected
[staged]   Ph2 robot d  zone 3  (uncovered: 18% of target)
    [parallel] 10 worker threads, one renderer clone each
    init sampling: best coverage score 153.0px of uncovered area  (4 samples)
[staged]   → robot d: candidate 0.632 < current 0.656  ✗ rejected
[staged]   Ph2 robot c  zone 2  (uncovered: 16% of target)
    [parallel] 10 worker threads, one renderer clone each
    init sampling: best coverage score 173.0px of uncovered area  (4 samples)
[staged]   → robot c: candidate 0.599 < current 0.656  ✗ rejected
[staged]   Ph2 robot b  zone 4  (uncovered: 16% of target)
    [parallel] 10 worker threads, one renderer clone each
    init sampling: best coverage score 57.0px of uncovered area  (4 samples)
[staged]   → robot b: candidate 0.639 < current 0.656  ✗ rejected
[staged]   Ph2 robot a  zone 1  (uncovered: 27% of target)
    [parallel] 10 worker threads, one renderer clone each
    init sampling: best coverage score 336.0px of uncovered area  (4 samples)
[staged]   → robot a: candidate 0.608 < current 0.656  ✗ rejected
[staged] Phase 2 done — composite IoU: 0.656

[staged] Best snapshot: Phase 1  IoU=0.656
[staged] Manifold final pass — computing Jacobian  (ε=0.020, 60 renders)
[staged] Manifold basis: k=9D / 30D  (variance≥85%, top eigenvalues: ['399915.22', '244700.27', '104566.28', '102209.61', '101124.53'])
    ↑ new global best IoU 0.699  [manifold final pass]
[staged] Manifold done — IoU: 0.699  (Δ=+0.043)  ✓
[staged] FD refinement — 5 Adam steps  (300 renders, lr=0.01, ε=0.02)
    ↑ new global best IoU 0.709  [FD refinement]
[staged] FD done — IoU: 0.709  (Δ=+0.010)  ✓
[staged] Done — final IoU: 0.709  loss: 0.2926
[staged] Popsize: per-robot phases=32  final=32  (theory optimum for 6 DOF = 10)

[staged] Hungarian pre-assignment  (5×5 cost matrix, 8 samples/entry = 200 renders)...
[staged]   robot_a → zone 0  robot_b → zone 2  robot_c → zone 1  robot_d → zone 3  robot_e → zone 4

[staged] Phase 1 — forward greedy  (8 iters × 5 robot(s), sigma=0.40×1.00, popsize=32)
[staged]   Ph1 robot a  zone 0  (uncovered: 18% of target)
    [parallel] 10 worker threads, one renderer clone each
    init sampling: best coverage score 498.0px of uncovered area  (4 samples)
[staged]   → robot a: IoU 0.157 → 0.429  ✓
    ↑ new global best IoU 0.429  [phase Ph1 robot a]
[staged]   Ph1 robot b  zone 2  (uncovered: 17% of target)
    [parallel] 10 worker threads, one renderer clone each
    init sampling: best coverage score 181.0px of uncovered area  (4 samples)
[staged]   → robot b: IoU 0.429 → 0.514  ✓
    ↑ new global best IoU 0.514  [phase Ph1 robot b]
[staged]   Ph1 robot c  zone 1  (uncovered: 9% of target)
    [parallel] 10 worker threads, one renderer clone each
    init sampling: best coverage score 7.0px of uncovered area  (4 samples)
[staged]   → robot c: IoU 0.514 → 0.552  ✓
    ↑ new global best IoU 0.552  [phase Ph1 robot c]
[staged]   Ph1 robot d  zone 3  (uncovered: 8% of target)
    [parallel] 10 worker threads, one renderer clone each
    init sampling: best coverage score 144.0px of uncovered area  (4 samples)
[staged]   → robot d: IoU 0.552 → 0.600  ✓
    ↑ new global best IoU 0.600  [phase Ph1 robot d]
[staged]   Ph1 robot e  zone 4  (uncovered: 2% of target)
    [parallel] 10 worker threads, one renderer clone each
    init sampling: best coverage score 12.0px of uncovered area  (4 samples)
[staged]   → robot e: IoU 0.600 → 0.634  ✓
    ↑ new global best IoU 0.634  [phase Ph1 robot e]
[staged] Phase 1 done — composite IoU: 0.634

[staged] Phase 2 — backward pass  (8 iters × 5 robots, sigma=0.300)
[staged]   contributions before Phase 2:
[staged]     robot a: +0.062 IoU
[staged]     robot b: +0.083 IoU
[staged]     robot c: +0.039 IoU  ← low
[staged]     robot d: +0.070 IoU
[staged]     robot e: +0.034 IoU  ← low
[staged]   Ph2 robot e  zone 4  (uncovered: 18% of target)
    [parallel] 10 worker threads, one renderer clone each
    init sampling: best coverage score 56.0px of uncovered area  (4 samples)
[staged]   → robot e: candidate 0.632 < current 0.634  ✗ rejected
[staged]   Ph2 robot d  zone 3  (uncovered: 23% of target)
    [parallel] 10 worker threads, one renderer clone each
    init sampling: best coverage score 61.0px of uncovered area  (4 samples)
[staged]   → robot d: IoU 0.634 → 0.656  ✓
    ↑ new global best IoU 0.656  [phase Ph2 robot d]
[staged]   Ph2 robot c  zone 1  (uncovered: 19% of target)
    [parallel] 10 worker threads, one renderer clone each
    init sampling: best coverage score 88.0px of uncovered area  (4 samples)
[staged]   → robot c: IoU 0.656 → 0.666  ✓
    ↑ new global best IoU 0.666  [phase Ph2 robot c]
[staged]   Ph2 robot b  zone 2  (uncovered: 29% of target)
    [parallel] 10 worker threads, one renderer clone each
    init sampling: best coverage score 440.0px of uncovered area  (4 samples)
[staged]   → robot b: candidate 0.614 < current 0.666  ✗ rejected
[staged]   Ph2 robot a  zone 0  (uncovered: 25% of target)
    [parallel] 10 worker threads, one renderer clone each
    init sampling: best coverage score 83.0px of uncovered area  (4 samples)
[staged]   → robot a: candidate 0.564 < current 0.666  ✗ rejected
[staged] Phase 2 done — composite IoU: 0.666

[staged] Best snapshot: Phase 2  IoU=0.666
[staged] Manifold final pass — computing Jacobian  (ε=0.020, 60 renders)
[staged] Manifold basis: k=9D / 30D  (variance≥85%, top eigenvalues: ['422260.53', '244155.72', '157724.50', '114749.70', '76122.12'])
    ↑ new global best IoU 0.671  [manifold final pass]
[staged] Manifold done — IoU: 0.671  (Δ=+0.005)  ✓
[staged] FD refinement — 5 Adam steps  (300 renders, lr=0.01, ε=0.02)
    ↑ new global best IoU 0.686  [FD refinement]
[staged] FD done — IoU: 0.686  (Δ=+0.015)  ✓
[staged] Done — final IoU: 0.686  loss: 0.3150
[staged] Popsize: per-robot phases=32  final=32  (theory optimum for 6 DOF = 10)

[staged] Hungarian pre-assignment  (5×5 cost matrix, 8 samples/entry = 200 renders)...
[staged]   robot_a → zone 3  robot_b → zone 4  robot_c → zone 1  robot_d → zone 2  robot_e → zone 0

[staged] Phase 1 — forward greedy  (8 iters × 5 robot(s), sigma=0.40×1.00, popsize=32)
[staged]   Ph1 robot a  zone 3  (uncovered: 17% of target)
    [parallel] 10 worker threads, one renderer clone each
    init sampling: best coverage score 317.0px of uncovered area  (4 samples)
[staged]   → robot a: IoU 0.157 → 0.470  ✓
    ↑ new global best IoU 0.470  [phase Ph1 robot a]
[staged]   Ph1 robot b  zone 4  (uncovered: 10% of target)
    [parallel] 10 worker threads, one renderer clone each
    init sampling: best coverage score 24.0px of uncovered area  (4 samples)
[staged]   → robot b: IoU 0.470 → 0.541  ✓
    ↑ new global best IoU 0.541  [phase Ph1 robot b]
[staged]   Ph1 robot c  zone 1  (uncovered: 6% of target)
    [parallel] 10 worker threads, one renderer clone each
    init sampling: best coverage score 174.0px of uncovered area  (4 samples)
[staged]   → robot c: IoU 0.541 → 0.585  ✓
    ↑ new global best IoU 0.585  [phase Ph1 robot c]
[staged]   Ph1 robot d  zone 2  (uncovered: 4% of target)
    [parallel] 10 worker threads, one renderer clone each
    init sampling: best coverage score 20.0px of uncovered area  (4 samples)
[staged]   → robot d: IoU 0.585 → 0.608  ✓
    ↑ new global best IoU 0.608  [phase Ph1 robot d]
[staged]   Ph1 robot e  zone 0  (uncovered: 0% of target)
    [parallel] 10 worker threads, one renderer clone each
    init sampling: best coverage score 3.0px of uncovered area  (4 samples)
[staged]   → robot e: IoU 0.608 → 0.636  ✓
    ↑ new global best IoU 0.636  [phase Ph1 robot e]
[staged] Phase 1 done — composite IoU: 0.636

[staged] Phase 2 — backward pass  (8 iters × 5 robots, sigma=0.300)
[staged]   contributions before Phase 2:
[staged]     robot a: +0.113 IoU
[staged]     robot b: +0.063 IoU
[staged]     robot c: +0.064 IoU
[staged]     robot d: +0.042 IoU  ← low
[staged]     robot e: +0.028 IoU  ← low
[staged]   Ph2 robot e  zone 0  (uncovered: 17% of target)
    [parallel] 10 worker threads, one renderer clone each
    init sampling: best coverage score 4.0px of uncovered area  (4 samples)
[staged]   → robot e: IoU 0.636 → 0.658  ✓
    ↑ new global best IoU 0.658  [phase Ph2 robot e]
[staged]   Ph2 robot d  zone 2  (uncovered: 21% of target)
    [parallel] 10 worker threads, one renderer clone each
    init sampling: best coverage score 3.0px of uncovered area  (4 samples)
[staged]   → robot d: candidate 0.653 < current 0.658  ✗ rejected
[staged]   Ph2 robot c  zone 1  (uncovered: 21% of target)
    [parallel] 10 worker threads, one renderer clone each
    init sampling: best coverage score 88.0px of uncovered area  (4 samples)
[staged]   → robot c: IoU 0.658 → 0.672  ✓
    ↑ new global best IoU 0.672  [phase Ph2 robot c]
[staged]   Ph2 robot b  zone 4  (uncovered: 19% of target)
    [parallel] 10 worker threads, one renderer clone each
    init sampling: best coverage score 200.0px of uncovered area  (4 samples)
[staged]   → robot b: IoU 0.672 → 0.676  ✓
    ↑ new global best IoU 0.676  [phase Ph2 robot b]
[staged]   Ph2 robot a  zone 3  (uncovered: 30% of target)
    [parallel] 10 worker threads, one renderer clone each
    init sampling: best coverage score 375.0px of uncovered area  (4 samples)
[staged]   → robot a: IoU 0.676 → 0.691  ✓
    ↑ new global best IoU 0.691  [phase Ph2 robot a]
[staged] Phase 2 done — composite IoU: 0.691

[staged] Best snapshot: Phase 2  IoU=0.691
[staged] Manifold final pass — computing Jacobian  (ε=0.020, 60 renders)
[staged] Manifold basis: k=9D / 30D  (variance≥85%, top eigenvalues: ['474472.72', '237383.80', '220969.72', '108568.73', '83238.88'])
    ↑ new global best IoU 0.693  [manifold final pass]
[staged] Manifold done — IoU: 0.693  (Δ=+0.002)  ✓
[staged] FD refinement — 5 Adam steps  (300 renders, lr=0.01, ε=0.02)
    ↑ new global best IoU 0.704  [FD refinement]
[staged] FD done — IoU: 0.704  (Δ=+0.011)  ✓
[staged] Done — final IoU: 0.704  loss: 0.2974
[shard 0] 6/10 digits/2_dejavusans-bold  best=0.709 mean=0.700±0.008  139s  eta 0.2h
[staged] Popsize: per-robot phases=32  final=32  (theory optimum for 6 DOF = 10)

[staged] Hungarian pre-assignment  (5×5 cost matrix, 8 samples/entry = 200 renders)...
[staged]   robot_a → zone 1  robot_b → zone 0  robot_c → zone 4  robot_d → zone 3  robot_e → zone 2

[staged] Phase 1 — forward greedy  (8 iters × 5 robot(s), sigma=0.40×1.00, popsize=32)
[staged]   Ph1 robot a  zone 1  (uncovered: 15% of target)
    [parallel] 10 worker threads, one renderer clone each
    init sampling: best coverage score 442.0px of uncovered area  (4 samples)
[staged]   → robot a: IoU 0.113 → 0.402  ✓
    ↑ new global best IoU 0.402  [phase Ph1 robot a]
[staged]   Ph1 robot b  zone 0  (uncovered: 8% of target)
    [parallel] 10 worker threads, one renderer clone each
    init sampling: best coverage score 1.0px of uncovered area  (4 samples)
[staged]   → robot b: IoU 0.402 → 0.496  ✓
    ↑ new global best IoU 0.496  [phase Ph1 robot b]
[staged]   Ph1 robot c  zone 4  (uncovered: 2% of target)
    [parallel] 10 worker threads, one renderer clone each
    init sampling: best coverage score 0.0px of uncovered area  (4 samples)
[staged]   → robot c: IoU 0.496 → 0.528  ✓
    ↑ new global best IoU 0.528  [phase Ph1 robot c]
[staged]   Ph1 robot d  zone 3  (uncovered: 6% of target)
    [parallel] 10 worker threads, one renderer clone each
    init sampling: best coverage score 95.0px of uncovered area  (4 samples)
[staged]   → robot d: IoU 0.528 → 0.553  ✓
    ↑ new global best IoU 0.553  [phase Ph1 robot d]
[staged]   Ph1 robot e  zone 2  (uncovered: 3% of target)
    [parallel] 10 worker threads, one renderer clone each
    init sampling: best coverage score 28.0px of uncovered area  (4 samples)
[staged]   → robot e: IoU 0.553 → 0.588  ✓
    ↑ new global best IoU 0.588  [phase Ph1 robot e]
[staged] Phase 1 done — composite IoU: 0.588

[staged] Phase 2 — backward pass  (8 iters × 5 robots, sigma=0.300)
[staged]   contributions before Phase 2:
[staged]     robot a: +0.135 IoU
[staged]     robot b: +0.113 IoU
[staged]     robot c: +0.062 IoU
[staged]     robot d: +0.047 IoU  ← low
[staged]     robot e: +0.035 IoU  ← low
[staged]   Ph2 robot e  zone 2  (uncovered: 15% of target)
    [parallel] 10 worker threads, one renderer clone each
    init sampling: best coverage score 106.0px of uncovered area  (4 samples)
[staged]   → robot e: candidate 0.584 < current 0.588  ✗ rejected
[staged]   Ph2 robot d  zone 3  (uncovered: 16% of target)
    [parallel] 10 worker threads, one renderer clone each
    init sampling: best coverage score 94.0px of uncovered area  (4 samples)
[staged]   → robot d: candidate 0.585 < current 0.588  ✗ rejected
[staged]   Ph2 robot c  zone 4  (uncovered: 20% of target)
    [parallel] 10 worker threads, one renderer clone each
    init sampling: best coverage score 36.0px of uncovered area  (4 samples)
[staged]   → robot c: IoU 0.588 → 0.591  ✓
    ↑ new global best IoU 0.591  [phase Ph2 robot c]
[staged]   Ph2 robot b  zone 0  (uncovered: 32% of target)
    [parallel] 10 worker threads, one renderer clone each
    init sampling: best coverage score 552.0px of uncovered area  (4 samples)
[staged]   → robot b: candidate 0.562 < current 0.591  ✗ rejected
[staged]   Ph2 robot a  zone 1  (uncovered: 32% of target)
    [parallel] 10 worker threads, one renderer clone each
    init sampling: best coverage score 85.0px of uncovered area  (4 samples)
[staged]   → robot a: candidate 0.555 < current 0.591  ✗ rejected
[staged] Phase 2 done — composite IoU: 0.591

[staged] Best snapshot: Phase 2  IoU=0.591
[staged] Manifold final pass — computing Jacobian  (ε=0.020, 60 renders)
[staged] Manifold basis: k=9D / 30D  (variance≥85%, top eigenvalues: ['594519.12', '384051.19', '196096.80', '147289.94', '100100.17'])
    ↑ new global best IoU 0.601  [manifold final pass]
[staged] Manifold done — IoU: 0.601  (Δ=+0.009)  ✓
[staged] FD refinement — 5 Adam steps  (300 renders, lr=0.01, ε=0.02)
    ↑ new global best IoU 0.616  [FD refinement]
[staged] FD done — IoU: 0.616  (Δ=+0.015)  ✓
[staged] Done — final IoU: 0.616  loss: 0.3870
[staged] Popsize: per-robot phases=32  final=32  (theory optimum for 6 DOF = 10)

[staged] Hungarian pre-assignment  (5×5 cost matrix, 8 samples/entry = 200 renders)...
[staged]   robot_a → zone 3  robot_b → zone 4  robot_c → zone 2  robot_d → zone 1  robot_e → zone 0

[staged] Phase 1 — forward greedy  (8 iters × 5 robot(s), sigma=0.40×1.00, popsize=32)
[staged]   Ph1 robot a  zone 3  (uncovered: 22% of target)
    [parallel] 10 worker threads, one renderer clone each
    init sampling: best coverage score 0.0px of uncovered area  (4 samples)
[staged]   → robot a: IoU 0.113 → 0.375  ✓
    ↑ new global best IoU 0.375  [phase Ph1 robot a]
[staged]   Ph1 robot b  zone 4  (uncovered: 10% of target)
    [parallel] 10 worker threads, one renderer clone each
    init sampling: best coverage score 0.0px of uncovered area  (4 samples)
[staged]   → robot b: IoU 0.375 → 0.463  ✓
    ↑ new global best IoU 0.463  [phase Ph1 robot b]
[staged]   Ph1 robot c  zone 2  (uncovered: 4% of target)
    [parallel] 10 worker threads, one renderer clone each
    init sampling: best coverage score 27.0px of uncovered area  (4 samples)
[staged]   → robot c: IoU 0.463 → 0.530  ✓
    ↑ new global best IoU 0.530  [phase Ph1 robot c]
[staged]   Ph1 robot d  zone 1  (uncovered: 4% of target)
    [parallel] 10 worker threads, one renderer clone each
    init sampling: best coverage score 23.0px of uncovered area  (4 samples)
[staged]   → robot d: IoU 0.530 → 0.556  ✓
    ↑ new global best IoU 0.556  [phase Ph1 robot d]
[staged]   Ph1 robot e  zone 0  (uncovered: 6% of target)
    [parallel] 10 worker threads, one renderer clone each
    init sampling: best coverage score 106.0px of uncovered area  (4 samples)
[staged]   → robot e: IoU 0.556 → 0.597  ✓
    ↑ new global best IoU 0.597  [phase Ph1 robot e]
[staged] Phase 1 done — composite IoU: 0.597

[staged] Phase 2 — backward pass  (8 iters × 5 robots, sigma=0.300)
[staged]   contributions before Phase 2:
[staged]     robot a: +0.155 IoU
[staged]     robot b: +0.105 IoU
[staged]     robot c: +0.056 IoU
[staged]     robot d: +0.046 IoU  ← low
[staged]     robot e: +0.041 IoU  ← low
[staged]   Ph2 robot e  zone 0  (uncovered: 19% of target)
    [parallel] 10 worker threads, one renderer clone each
    init sampling: best coverage score 180.0px of uncovered area  (4 samples)
[staged]   → robot e: candidate 0.587 < current 0.597  ✗ rejected
[staged]   Ph2 robot d  zone 1  (uncovered: 19% of target)
    [parallel] 10 worker threads, one renderer clone each
    init sampling: best coverage score 170.0px of uncovered area  (4 samples)
[staged]   → robot d: IoU 0.597 → 0.603  ✓
    ↑ new global best IoU 0.603  [phase Ph2 robot d]
[staged]   Ph2 robot c  zone 2  (uncovered: 19% of target)
    [parallel] 10 worker threads, one renderer clone each
    init sampling: best coverage score 206.0px of uncovered area  (4 samples)
[staged]   → robot c: IoU 0.603 → 0.609  ✓
    ↑ new global best IoU 0.609  [phase Ph2 robot c]
[staged]   Ph2 robot b  zone 4  (uncovered: 22% of target)
    [parallel] 10 worker threads, one renderer clone each
    init sampling: best coverage score 246.0px of uncovered area  (4 samples)
[staged]   → robot b: IoU 0.609 → 0.609  ✓
    ↑ new global best IoU 0.609  [phase Ph2 robot b]
[staged]   Ph2 robot a  zone 3  (uncovered: 23% of target)
    [parallel] 10 worker threads, one renderer clone each
    init sampling: best coverage score 125.0px of uncovered area  (4 samples)
[staged]   → robot a: candidate 0.603 < current 0.609  ✗ rejected
[staged] Phase 2 done — composite IoU: 0.609

[staged] Best snapshot: Phase 2  IoU=0.609
[staged] Manifold final pass — computing Jacobian  (ε=0.020, 60 renders)
[staged] Manifold basis: k=10D / 30D  (variance≥85%, top eigenvalues: ['316653.91', '283346.00', '258745.23', '160928.62', '123205.00'])
[staged] Manifold did not improve (0.607 vs 0.609), keeping best snapshot
[staged] FD refinement — 5 Adam steps  (300 renders, lr=0.01, ε=0.02)
    ↑ new global best IoU 0.629  [FD refinement]
[staged] FD done — IoU: 0.629  (Δ=+0.020)  ✓
[staged] Done — final IoU: 0.629  loss: 0.3735
[staged] Popsize: per-robot phases=32  final=32  (theory optimum for 6 DOF = 10)

[staged] Hungarian pre-assignment  (5×5 cost matrix, 8 samples/entry = 200 renders)...
[staged]   robot_a → zone 4  robot_b → zone 0  robot_c → zone 2  robot_d → zone 3  robot_e → zone 1

[staged] Phase 1 — forward greedy  (8 iters × 5 robot(s), sigma=0.40×1.00, popsize=32)
[staged]   Ph1 robot a  zone 4  (uncovered: 12% of target)
    [parallel] 10 worker threads, one renderer clone each
    init sampling: best coverage score 0.0px of uncovered area  (4 samples)
[staged]   → robot a: IoU 0.113 → 0.396  ✓
    ↑ new global best IoU 0.396  [phase Ph1 robot a]
[staged]   Ph1 robot b  zone 0  (uncovered: 11% of target)
    [parallel] 10 worker threads, one renderer clone each
    init sampling: best coverage score 3.0px of uncovered area  (4 samples)
[staged]   → robot b: IoU 0.396 → 0.450  ✓
    ↑ new global best IoU 0.450  [phase Ph1 robot b]
[staged]   Ph1 robot c  zone 2  (uncovered: 6% of target)
    [parallel] 10 worker threads, one renderer clone each
    init sampling: best coverage score 190.0px of uncovered area  (4 samples)
[staged]   → robot c: IoU 0.450 → 0.477  ✓
    ↑ new global best IoU 0.477  [phase Ph1 robot c]
[staged]   Ph1 robot d  zone 3  (uncovered: 3% of target)
    [parallel] 10 worker threads, one renderer clone each
    init sampling: best coverage score 8.0px of uncovered area  (4 samples)
[staged]   → robot d: IoU 0.477 → 0.525  ✓
    ↑ new global best IoU 0.525  [phase Ph1 robot d]
[staged]   Ph1 robot e  zone 1  (uncovered: 4% of target)
    [parallel] 10 worker threads, one renderer clone each
    init sampling: best coverage score 13.0px of uncovered area  (4 samples)
[staged]   → robot e: IoU 0.525 → 0.560  ✓
    ↑ new global best IoU 0.560  [phase Ph1 robot e]
[staged] Phase 1 done — composite IoU: 0.560

[staged] Phase 2 — backward pass  (8 iters × 5 robots, sigma=0.300)
[staged]   contributions before Phase 2:
[staged]     robot a: +0.101 IoU
[staged]     robot b: +0.062 IoU
[staged]     robot c: +0.050 IoU  ← low
[staged]     robot d: +0.067 IoU
[staged]     robot e: +0.036 IoU  ← low
[staged]   Ph2 robot e  zone 1  (uncovered: 16% of target)
    [parallel] 10 worker threads, one renderer clone each
    init sampling: best coverage score 2.0px of uncovered area  (4 samples)
[staged]   → robot e: IoU 0.560 → 0.561  ✓
    ↑ new global best IoU 0.561  [phase Ph2 robot e]
[staged]   Ph2 robot d  zone 3  (uncovered: 20% of target)
    [parallel] 10 worker threads, one renderer clone each
    init sampling: best coverage score 216.0px of uncovered area  (4 samples)
[staged]   → robot d: candidate 0.529 < current 0.561  ✗ rejected
[staged]   Ph2 robot c  zone 2  (uncovered: 22% of target)
    [parallel] 10 worker threads, one renderer clone each
    init sampling: best coverage score 160.0px of uncovered area  (4 samples)
[staged]   → robot c: IoU 0.561 → 0.574  ✓
    ↑ new global best IoU 0.574  [phase Ph2 robot c]
[staged]   Ph2 robot b  zone 0  (uncovered: 26% of target)
    [parallel] 10 worker threads, one renderer clone each
    init sampling: best coverage score 287.0px of uncovered area  (4 samples)
[staged]   → robot b: IoU 0.574 → 0.581  ✓
    ↑ new global best IoU 0.581  [phase Ph2 robot b]
[staged]   Ph2 robot a  zone 4  (uncovered: 31% of target)
    [parallel] 10 worker threads, one renderer clone each
    init sampling: best coverage score 425.0px of uncovered area  (4 samples)
[staged]   → robot a: candidate 0.572 < current 0.581  ✗ rejected
[staged] Phase 2 done — composite IoU: 0.581

[staged] Best snapshot: Phase 2  IoU=0.581
[staged] Manifold final pass — computing Jacobian  (ε=0.020, 60 renders)
[staged] Manifold basis: k=8D / 30D  (variance≥85%, top eigenvalues: ['345393.09', '255908.78', '216401.20', '136260.56', '52578.73'])
    ↑ new global best IoU 0.619  [manifold final pass]
[staged] Manifold done — IoU: 0.619  (Δ=+0.038)  ✓
[staged] FD refinement — 5 Adam steps  (300 renders, lr=0.01, ε=0.02)
    ↑ new global best IoU 0.633  [FD refinement]
[staged] FD done — IoU: 0.633  (Δ=+0.014)  ✓
[staged] Done — final IoU: 0.633  loss: 0.3683
[staged] Popsize: per-robot phases=32  final=32  (theory optimum for 6 DOF = 10)

[staged] Hungarian pre-assignment  (5×5 cost matrix, 8 samples/entry = 200 renders)...
[staged]   robot_a → zone 0  robot_b → zone 4  robot_c → zone 3  robot_d → zone 1  robot_e → zone 2

[staged] Phase 1 — forward greedy  (8 iters × 5 robot(s), sigma=0.40×1.00, popsize=32)
[staged]   Ph1 robot a  zone 0  (uncovered: 18% of target)
    [parallel] 10 worker threads, one renderer clone each
    init sampling: best coverage score 292.0px of uncovered area  (4 samples)
[staged]   → robot a: IoU 0.113 → 0.428  ✓
    ↑ new global best IoU 0.428  [phase Ph1 robot a]
[staged]   Ph1 robot b  zone 4  (uncovered: 14% of target)
    [parallel] 10 worker threads, one renderer clone each
    init sampling: best coverage score 88.0px of uncovered area  (4 samples)
[staged]   → robot b: IoU 0.428 → 0.496  ✓
    ↑ new global best IoU 0.496  [phase Ph1 robot b]
[staged]   Ph1 robot c  zone 3  (uncovered: 4% of target)
    [parallel] 10 worker threads, one renderer clone each
    init sampling: best coverage score 127.0px of uncovered area  (4 samples)
[staged]   → robot c: IoU 0.496 → 0.555  ✓
    ↑ new global best IoU 0.555  [phase Ph1 robot c]
[staged]   Ph1 robot d  zone 1  (uncovered: 7% of target)
    [parallel] 10 worker threads, one renderer clone each
    init sampling: best coverage score 107.0px of uncovered area  (4 samples)
[staged]   → robot d: IoU 0.555 → 0.586  ✓
    ↑ new global best IoU 0.586  [phase Ph1 robot d]
[staged]   Ph1 robot e  zone 2  (uncovered: 6% of target)
    [parallel] 10 worker threads, one renderer clone each
    init sampling: best coverage score 87.0px of uncovered area  (4 samples)
[staged]   → robot e: IoU 0.586 → 0.634  ✓
    ↑ new global best IoU 0.634  [phase Ph1 robot e]
[staged] Phase 1 done — composite IoU: 0.634

[staged] Phase 2 — backward pass  (8 iters × 5 robots, sigma=0.300)
[staged]   contributions before Phase 2:
[staged]     robot a: +0.192 IoU
[staged]     robot b: +0.085 IoU
[staged]     robot c: +0.088 IoU
[staged]     robot d: +0.059 IoU
[staged]     robot e: +0.048 IoU  ← low
[staged]   Ph2 robot e  zone 2  (uncovered: 22% of target)
    [parallel] 10 worker threads, one renderer clone each
    init sampling: best coverage score 96.0px of uncovered area  (4 samples)
[staged]   → robot e: candidate 0.610 < current 0.634  ✗ rejected
[staged]   Ph2 robot d  zone 1  (uncovered: 23% of target)
    [parallel] 10 worker threads, one renderer clone each
    init sampling: best coverage score 99.0px of uncovered area  (4 samples)
[staged]   → robot d: candidate 0.619 < current 0.634  ✗ rejected
[staged]   Ph2 robot c  zone 3  (uncovered: 23% of target)
    [parallel] 10 worker threads, one renderer clone each
    init sampling: best coverage score 263.0px of uncovered area  (4 samples)
[staged]   → robot c: candidate 0.599 < current 0.634  ✗ rejected
[staged]   Ph2 robot b  zone 4  (uncovered: 25% of target)
    [parallel] 10 worker threads, one renderer clone each
    init sampling: best coverage score 450.0px of uncovered area  (4 samples)
[staged]   → robot b: candidate 0.622 < current 0.634  ✗ rejected
[staged]   Ph2 robot a  zone 0  (uncovered: 40% of target)
    [parallel] 10 worker threads, one renderer clone each
    init sampling: best coverage score 425.0px of uncovered area  (4 samples)
[staged]   → robot a: candidate 0.489 < current 0.634  ✗ rejected
[staged] Phase 2 done — composite IoU: 0.634

[staged] Best snapshot: Phase 1  IoU=0.634
[staged] Manifold final pass — computing Jacobian  (ε=0.020, 60 renders)
[staged] Manifold basis: k=9D / 30D  (variance≥85%, top eigenvalues: ['593103.50', '234731.69', '181710.11', '94545.62', '80310.80'])
    ↑ new global best IoU 0.643  [manifold final pass]
[staged] Manifold done — IoU: 0.643  (Δ=+0.010)  ✓
[staged] FD refinement — 5 Adam steps  (300 renders, lr=0.01, ε=0.02)
    ↑ new global best IoU 0.664  [FD refinement]
[staged] FD done — IoU: 0.664  (Δ=+0.020)  ✓
[staged] Done — final IoU: 0.664  loss: 0.3380
[staged] Popsize: per-robot phases=32  final=32  (theory optimum for 6 DOF = 10)

[staged] Hungarian pre-assignment  (5×5 cost matrix, 8 samples/entry = 200 renders)...
[staged]   robot_a → zone 4  robot_b → zone 0  robot_c → zone 2  robot_d → zone 3  robot_e → zone 1

[staged] Phase 1 — forward greedy  (8 iters × 5 robot(s), sigma=0.40×1.00, popsize=32)
[staged]   Ph1 robot a  zone 4  (uncovered: 4% of target)
    [parallel] 10 worker threads, one renderer clone each
    init sampling: best coverage score 137.0px of uncovered area  (4 samples)
[staged]   → robot a: IoU 0.113 → 0.409  ✓
    ↑ new global best IoU 0.409  [phase Ph1 robot a]
[staged]   Ph1 robot b  zone 0  (uncovered: 2% of target)
    [parallel] 10 worker threads, one renderer clone each
    init sampling: best coverage score 12.0px of uncovered area  (4 samples)
[staged]   → robot b: IoU 0.409 → 0.517  ✓
    ↑ new global best IoU 0.517  [phase Ph1 robot b]
[staged]   Ph1 robot c  zone 2  (uncovered: 9% of target)
    [parallel] 10 worker threads, one renderer clone each
    init sampling: best coverage score 121.0px of uncovered area  (4 samples)
[staged]   → robot c: IoU 0.517 → 0.551  ✓
    ↑ new global best IoU 0.551  [phase Ph1 robot c]
[staged]   Ph1 robot d  zone 3  (uncovered: 5% of target)
    [parallel] 10 worker threads, one renderer clone each
    init sampling: best coverage score 12.0px of uncovered area  (4 samples)
[staged]   → robot d: IoU 0.551 → 0.573  ✓
    ↑ new global best IoU 0.573  [phase Ph1 robot d]
[staged]   Ph1 robot e  zone 1  (uncovered: 0% of target)
    [parallel] 10 worker threads, one renderer clone each
    init sampling: best coverage score 6.0px of uncovered area  (4 samples)
[staged]   → robot e: IoU 0.573 → 0.604  ✓
    ↑ new global best IoU 0.604  [phase Ph1 robot e]
[staged] Phase 1 done — composite IoU: 0.604

[staged] Phase 2 — backward pass  (8 iters × 5 robots, sigma=0.300)
[staged]   contributions before Phase 2:
[staged]     robot a: +0.198 IoU
[staged]     robot b: +0.072 IoU
[staged]     robot c: +0.050 IoU
[staged]     robot d: +0.041 IoU  ← low
[staged]     robot e: +0.031 IoU  ← low
[staged]   Ph2 robot e  zone 1  (uncovered: 12% of target)
    [parallel] 10 worker threads, one renderer clone each
    init sampling: best coverage score 1.0px of uncovered area  (4 samples)
[staged]   → robot e: candidate 0.600 < current 0.604  ✗ rejected
[staged]   Ph2 robot d  zone 3  (uncovered: 14% of target)
    [parallel] 10 worker threads, one renderer clone each
    init sampling: best coverage score 10.0px of uncovered area  (4 samples)
[staged]   → robot d: IoU 0.604 → 0.606  ✓
    ↑ new global best IoU 0.606  [phase Ph2 robot d]
[staged]   Ph2 robot c  zone 2  (uncovered: 17% of target)
    [parallel] 10 worker threads, one renderer clone each
    init sampling: best coverage score 66.0px of uncovered area  (4 samples)
[staged]   → robot c: candidate 0.572 < current 0.606  ✗ rejected
[staged]   Ph2 robot b  zone 0  (uncovered: 22% of target)
    [parallel] 10 worker threads, one renderer clone each
    init sampling: best coverage score 415.0px of uncovered area  (4 samples)
[staged]   → robot b: IoU 0.606 → 0.612  ✓
    ↑ new global best IoU 0.612  [phase Ph2 robot b]
[staged]   Ph2 robot a  zone 4  (uncovered: 36% of target)
    [parallel] 10 worker threads, one renderer clone each
    init sampling: best coverage score 569.0px of uncovered area  (4 samples)
[staged]   → robot a: candidate 0.597 < current 0.612  ✗ rejected
[staged] Phase 2 done — composite IoU: 0.612

[staged] Best snapshot: Phase 2  IoU=0.612
[staged] Manifold final pass — computing Jacobian  (ε=0.020, 60 renders)
[staged] Manifold basis: k=8D / 30D  (variance≥85%, top eigenvalues: ['519989.47', '215386.42', '207165.27', '150758.78', '89697.75'])
[staged] Manifold did not improve (0.610 vs 0.612), keeping best snapshot
[staged] FD refinement — 5 Adam steps  (300 renders, lr=0.01, ε=0.02)
    ↑ new global best IoU 0.633  [FD refinement]
[staged] FD done — IoU: 0.633  (Δ=+0.022)  ✓
[staged] Done — final IoU: 0.633  loss: 0.3689
[shard 0] 7/10 digits/3_dejavusans-bold  best=0.664 mean=0.635±0.016  139s  eta 0.1h
[staged] Popsize: per-robot phases=32  final=32  (theory optimum for 6 DOF = 10)

[staged] Hungarian pre-assignment  (5×5 cost matrix, 8 samples/entry = 200 renders)...
[staged]   robot_a → zone 4  robot_b → zone 0  robot_c → zone 2  robot_d → zone 3  robot_e → zone 1

[staged] Phase 1 — forward greedy  (8 iters × 5 robot(s), sigma=0.40×1.00, popsize=32)
[staged]   Ph1 robot a  zone 4  (uncovered: 12% of target)
    [parallel] 10 worker threads, one renderer clone each
    init sampling: best coverage score 422.0px of uncovered area  (4 samples)
[staged]   → robot a: IoU 0.128 → 0.451  ✓
    ↑ new global best IoU 0.451  [phase Ph1 robot a]
[staged]   Ph1 robot b  zone 0  (uncovered: 12% of target)
    [parallel] 10 worker threads, one renderer clone each
    init sampling: best coverage score 31.0px of uncovered area  (4 samples)
[staged]   → robot b: IoU 0.451 → 0.536  ✓
    ↑ new global best IoU 0.536  [phase Ph1 robot b]
[staged]   Ph1 robot c  zone 2  (uncovered: 6% of target)
    [parallel] 10 worker threads, one renderer clone each
    init sampling: best coverage score 0.0px of uncovered area  (4 samples)
[staged]   → robot c: IoU 0.536 → 0.580  ✓
    ↑ new global best IoU 0.580  [phase Ph1 robot c]
[staged]   Ph1 robot d  zone 3  (uncovered: 9% of target)
    [parallel] 10 worker threads, one renderer clone each
    init sampling: best coverage score 189.0px of uncovered area  (4 samples)
[staged]   → robot d: IoU 0.580 → 0.622  ✓
    ↑ new global best IoU 0.622  [phase Ph1 robot d]
[staged]   Ph1 robot e  zone 1  (uncovered: 1% of target)
    [parallel] 10 worker threads, one renderer clone each
    init sampling: best coverage score 13.0px of uncovered area  (4 samples)
[staged]   → robot e: IoU 0.622 → 0.654  ✓
    ↑ new global best IoU 0.654  [phase Ph1 robot e]
[staged] Phase 1 done — composite IoU: 0.654

[staged] Phase 2 — backward pass  (8 iters × 5 robots, sigma=0.300)
[staged]   contributions before Phase 2:
[staged]     robot a: +0.148 IoU
[staged]     robot b: +0.079 IoU
[staged]     robot c: +0.059 IoU
[staged]     robot d: +0.047 IoU  ← low
[staged]     robot e: +0.033 IoU  ← low
[staged]   Ph2 robot e  zone 1  (uncovered: 16% of target)
    [parallel] 10 worker threads, one renderer clone each
    init sampling: best coverage score 99.0px of uncovered area  (4 samples)
[staged]   → robot e: IoU 0.654 → 0.656  ✓
    ↑ new global best IoU 0.656  [phase Ph2 robot e]
[staged]   Ph2 robot d  zone 3  (uncovered: 17% of target)
    [parallel] 10 worker threads, one renderer clone each
    init sampling: best coverage score 192.0px of uncovered area  (4 samples)
[staged]   → robot d: candidate 0.630 < current 0.656  ✗ rejected
[staged]   Ph2 robot c  zone 2  (uncovered: 19% of target)
    [parallel] 10 worker threads, one renderer clone each
    init sampling: best coverage score 39.0px of uncovered area  (4 samples)
[staged]   → robot c: candidate 0.627 < current 0.656  ✗ rejected
[staged]   Ph2 robot b  zone 0  (uncovered: 19% of target)
    [parallel] 10 worker threads, one renderer clone each
    init sampling: best coverage score 267.0px of uncovered area  (4 samples)
[staged]   → robot b: IoU 0.656 → 0.656  ✓
    ↑ new global best IoU 0.656  [phase Ph2 robot b]
[staged]   Ph2 robot a  zone 4  (uncovered: 46% of target)
    [parallel] 10 worker threads, one renderer clone each
    init sampling: best coverage score 112.0px of uncovered area  (4 samples)
[staged]   → robot a: candidate 0.635 < current 0.656  ✗ rejected
[staged] Phase 2 done — composite IoU: 0.656

[staged] Best snapshot: Phase 2  IoU=0.656
[staged] Manifold final pass — computing Jacobian  (ε=0.020, 60 renders)
[staged] Manifold basis: k=11D / 30D  (variance≥85%, top eigenvalues: ['568032.81', '170743.38', '119488.27', '87049.97', '78425.44'])
    ↑ new global best IoU 0.657  [manifold final pass]
[staged] Manifold done — IoU: 0.657  (Δ=+0.000)  ✓
[staged] FD refinement — 5 Adam steps  (300 renders, lr=0.01, ε=0.02)
    ↑ new global best IoU 0.671  [FD refinement]
[staged] FD done — IoU: 0.671  (Δ=+0.015)  ✓
[staged] Done — final IoU: 0.671  loss: 0.3307
[staged] Popsize: per-robot phases=32  final=32  (theory optimum for 6 DOF = 10)

[staged] Hungarian pre-assignment  (5×5 cost matrix, 8 samples/entry = 200 renders)...
[staged]   robot_a → zone 2  robot_b → zone 3  robot_c → zone 0  robot_d → zone 1  robot_e → zone 4

[staged] Phase 1 — forward greedy  (8 iters × 5 robot(s), sigma=0.40×1.00, popsize=32)
[staged]   Ph1 robot a  zone 2  (uncovered: 19% of target)
    [parallel] 10 worker threads, one renderer clone each
    init sampling: best coverage score 1.0px of uncovered area  (4 samples)
[staged]   → robot a: IoU 0.128 → 0.425  ✓
    ↑ new global best IoU 0.425  [phase Ph1 robot a]
[staged]   Ph1 robot b  zone 3  (uncovered: 12% of target)
    [parallel] 10 worker threads, one renderer clone each
    init sampling: best coverage score 36.0px of uncovered area  (4 samples)
[staged]   → robot b: IoU 0.425 → 0.510  ✓
    ↑ new global best IoU 0.510  [phase Ph1 robot b]
[staged]   Ph1 robot c  zone 0  (uncovered: 9% of target)
    [parallel] 10 worker threads, one renderer clone each
    init sampling: best coverage score 36.0px of uncovered area  (4 samples)
[staged]   → robot c: IoU 0.510 → 0.579  ✓
    ↑ new global best IoU 0.579  [phase Ph1 robot c]
[staged]   Ph1 robot d  zone 1  (uncovered: 5% of target)
    [parallel] 10 worker threads, one renderer clone each
    init sampling: best coverage score 115.0px of uncovered area  (4 samples)
[staged]   → robot d: candidate 0.576 < current 0.579  ✗ rejected
[staged]   Ph1 robot e  zone 4  (uncovered: 6% of target)
    [parallel] 10 worker threads, one renderer clone each
    init sampling: best coverage score 18.0px of uncovered area  (4 samples)
[staged]   → robot e: IoU 0.579 → 0.625  ✓
    ↑ new global best IoU 0.625  [phase Ph1 robot e]
[staged] Phase 1 done — composite IoU: 0.625

[staged] Phase 2 — backward pass  (8 iters × 5 robots, sigma=0.300)
[staged]   contributions before Phase 2:
[staged]     robot a: +0.179 IoU
[staged]     robot b: +0.081 IoU
[staged]     robot c: +0.073 IoU
[staged]     robot d: +0.000 IoU  ← low
[staged]     robot e: +0.046 IoU  ← low
[staged]   Ph2 robot e  zone 4  (uncovered: 25% of target)
    [parallel] 10 worker threads, one renderer clone each
    init sampling: best coverage score 143.0px of uncovered area  (4 samples)
[staged]   → robot e: candidate 0.604 < current 0.625  ✗ rejected
[staged]   Ph2 robot d  zone 1  (uncovered: 18% of target)
    [parallel] 10 worker threads, one renderer clone each
    init sampling: best coverage score 208.0px of uncovered area  (4 samples)
[staged]   → robot d: IoU 0.625 → 0.665  ✓
    ↑ new global best IoU 0.665  [phase Ph2 robot d]
[staged]   Ph2 robot c  zone 0  (uncovered: 20% of target)
    [parallel] 10 worker threads, one renderer clone each
    init sampling: best coverage score 222.0px of uncovered area  (4 samples)
[staged]   → robot c: candidate 0.625 < current 0.665  ✗ rejected
[staged]   Ph2 robot b  zone 3  (uncovered: 20% of target)
    [parallel] 10 worker threads, one renderer clone each
    init sampling: best coverage score 102.0px of uncovered area  (4 samples)
[staged]   → robot b: IoU 0.665 → 0.677  ✓
    ↑ new global best IoU 0.677  [phase Ph2 robot b]
[staged]   Ph2 robot a  zone 2  (uncovered: 25% of target)
    [parallel] 10 worker threads, one renderer clone each
    init sampling: best coverage score 113.0px of uncovered area  (4 samples)
[staged]   → robot a: candidate 0.659 < current 0.677  ✗ rejected
[staged] Phase 2 done — composite IoU: 0.677

[staged] Best snapshot: Phase 2  IoU=0.677
[staged] Manifold final pass — computing Jacobian  (ε=0.020, 60 renders)
[staged] Manifold basis: k=11D / 30D  (variance≥85%, top eigenvalues: ['381598.97', '331185.88', '120078.27', '105375.74', '96101.10'])
    ↑ new global best IoU 0.688  [manifold final pass]
[staged] Manifold done — IoU: 0.688  (Δ=+0.011)  ✓
[staged] FD refinement — 5 Adam steps  (300 renders, lr=0.01, ε=0.02)
    ↑ new global best IoU 0.699  [FD refinement]
[staged] FD done — IoU: 0.699  (Δ=+0.010)  ✓
[staged] Done — final IoU: 0.699  loss: 0.3029
[staged] Popsize: per-robot phases=32  final=32  (theory optimum for 6 DOF = 10)

[staged] Hungarian pre-assignment  (5×5 cost matrix, 8 samples/entry = 200 renders)...
[staged]   robot_a → zone 2  robot_b → zone 1  robot_c → zone 4  robot_d → zone 0  robot_e → zone 3

[staged] Phase 1 — forward greedy  (8 iters × 5 robot(s), sigma=0.40×1.00, popsize=32)
[staged]   Ph1 robot a  zone 2  (uncovered: 26% of target)
    [parallel] 10 worker threads, one renderer clone each
    init sampling: best coverage score 0.0px of uncovered area  (4 samples)
[staged]   → robot a: IoU 0.128 → 0.440  ✓
    ↑ new global best IoU 0.440  [phase Ph1 robot a]
[staged]   Ph1 robot b  zone 1  (uncovered: 3% of target)
    [parallel] 10 worker threads, one renderer clone each
    init sampling: best coverage score 64.0px of uncovered area  (4 samples)
[staged]   → robot b: IoU 0.440 → 0.507  ✓
    ↑ new global best IoU 0.507  [phase Ph1 robot b]
[staged]   Ph1 robot c  zone 4  (uncovered: 7% of target)
    [parallel] 10 worker threads, one renderer clone each
    init sampling: best coverage score 82.0px of uncovered area  (4 samples)
[staged]   → robot c: IoU 0.507 → 0.551  ✓
    ↑ new global best IoU 0.551  [phase Ph1 robot c]
[staged]   Ph1 robot d  zone 0  (uncovered: 4% of target)
    [parallel] 10 worker threads, one renderer clone each
    init sampling: best coverage score 33.0px of uncovered area  (4 samples)
[staged]   → robot d: IoU 0.551 → 0.580  ✓
    ↑ new global best IoU 0.580  [phase Ph1 robot d]
[staged]   Ph1 robot e  zone 3  (uncovered: 2% of target)
    [parallel] 10 worker threads, one renderer clone each
    init sampling: best coverage score 0.0px of uncovered area  (4 samples)
[staged]   → robot e: IoU 0.580 → 0.612  ✓
    ↑ new global best IoU 0.612  [phase Ph1 robot e]
[staged] Phase 1 done — composite IoU: 0.612

[staged] Phase 2 — backward pass  (8 iters × 5 robots, sigma=0.300)
[staged]   contributions before Phase 2:
[staged]     robot a: +0.084 IoU
[staged]     robot b: +0.071 IoU
[staged]     robot c: +0.052 IoU
[staged]     robot d: +0.040 IoU  ← low
[staged]     robot e: +0.031 IoU  ← low
[staged]   Ph2 robot e  zone 3  (uncovered: 22% of target)
    [parallel] 10 worker threads, one renderer clone each
    init sampling: best coverage score 168.0px of uncovered area  (4 samples)
[staged]   → robot e: IoU 0.612 → 0.623  ✓
    ↑ new global best IoU 0.623  [phase Ph2 robot e]
[staged]   Ph2 robot d  zone 0  (uncovered: 22% of target)
    [parallel] 10 worker threads, one renderer clone each
    init sampling: best coverage score 131.0px of uncovered area  (4 samples)
[staged]   → robot d: IoU 0.623 → 0.623  ✓
    ↑ new global best IoU 0.623  [phase Ph2 robot d]
[staged]   Ph2 robot c  zone 4  (uncovered: 25% of target)
    [parallel] 10 worker threads, one renderer clone each
    init sampling: best coverage score 85.0px of uncovered area  (4 samples)
[staged]   → robot c: candidate 0.588 < current 0.623  ✗ rejected
[staged]   Ph2 robot b  zone 1  (uncovered: 26% of target)
    [parallel] 10 worker threads, one renderer clone each
    init sampling: best coverage score 448.0px of uncovered area  (4 samples)
[staged]   → robot b: IoU 0.623 → 0.626  ✓
    ↑ new global best IoU 0.626  [phase Ph2 robot b]
[staged]   Ph2 robot a  zone 2  (uncovered: 27% of target)
    [parallel] 10 worker threads, one renderer clone each
    init sampling: best coverage score 364.0px of uncovered area  (4 samples)
[staged]   → robot a: candidate 0.623 < current 0.626  ✗ rejected
[staged] Phase 2 done — composite IoU: 0.626

[staged] Best snapshot: Phase 2  IoU=0.626
[staged] Manifold final pass — computing Jacobian  (ε=0.020, 60 renders)
[staged] Manifold basis: k=11D / 30D  (variance≥85%, top eigenvalues: ['315573.06', '204722.77', '122004.39', '108211.59', '101345.22'])
    ↑ new global best IoU 0.673  [manifold final pass]
[staged] Manifold done — IoU: 0.673  (Δ=+0.047)  ✓
[staged] FD refinement — 5 Adam steps  (300 renders, lr=0.01, ε=0.02)
    ↑ new global best IoU 0.691  [FD refinement]
[staged] FD done — IoU: 0.691  (Δ=+0.017)  ✓
[staged] Done — final IoU: 0.691  loss: 0.3116
[staged] Popsize: per-robot phases=32  final=32  (theory optimum for 6 DOF = 10)

[staged] Hungarian pre-assignment  (5×5 cost matrix, 8 samples/entry = 200 renders)...
[staged]   robot_a → zone 0  robot_b → zone 1  robot_c → zone 4  robot_d → zone 3  robot_e → zone 2

[staged] Phase 1 — forward greedy  (8 iters × 5 robot(s), sigma=0.40×1.00, popsize=32)
[staged]   Ph1 robot a  zone 0  (uncovered: 19% of target)
    [parallel] 10 worker threads, one renderer clone each
    init sampling: best coverage score 673.0px of uncovered area  (4 samples)
[staged]   → robot a: IoU 0.128 → 0.459  ✓
    ↑ new global best IoU 0.459  [phase Ph1 robot a]
[staged]   Ph1 robot b  zone 1  (uncovered: 11% of target)
    [parallel] 10 worker threads, one renderer clone each
    init sampling: best coverage score 22.0px of uncovered area  (4 samples)
[staged]   → robot b: IoU 0.459 → 0.529  ✓
    ↑ new global best IoU 0.529  [phase Ph1 robot b]
[staged]   Ph1 robot c  zone 4  (uncovered: 3% of target)
    [parallel] 10 worker threads, one renderer clone each
    init sampling: best coverage score 1.0px of uncovered area  (4 samples)
[staged]   → robot c: IoU 0.529 → 0.567  ✓
    ↑ new global best IoU 0.567  [phase Ph1 robot c]
[staged]   Ph1 robot d  zone 3  (uncovered: 8% of target)
    [parallel] 10 worker threads, one renderer clone each
    init sampling: best coverage score 2.0px of uncovered area  (4 samples)
[staged]   → robot d: IoU 0.567 → 0.589  ✓
    ↑ new global best IoU 0.589  [phase Ph1 robot d]
[staged]   Ph1 robot e  zone 2  (uncovered: 7% of target)
    [parallel] 10 worker threads, one renderer clone each
    init sampling: best coverage score 124.0px of uncovered area  (4 samples)
[staged]   → robot e: IoU 0.589 → 0.632  ✓
    ↑ new global best IoU 0.632  [phase Ph1 robot e]
[staged] Phase 1 done — composite IoU: 0.632

[staged] Phase 2 — backward pass  (8 iters × 5 robots, sigma=0.300)
[staged]   contributions before Phase 2:
[staged]     robot a: +0.141 IoU
[staged]     robot b: +0.058 IoU
[staged]     robot c: +0.047 IoU  ← low
[staged]     robot d: +0.033 IoU  ← low
[staged]     robot e: +0.043 IoU  ← low
[staged]   Ph2 robot e  zone 2  (uncovered: 21% of target)
    [parallel] 10 worker threads, one renderer clone each
    init sampling: best coverage score 120.0px of uncovered area  (4 samples)
[staged]   → robot e: candidate 0.621 < current 0.632  ✗ rejected
[staged]   Ph2 robot d  zone 3  (uncovered: 20% of target)
    [parallel] 10 worker threads, one renderer clone each
    init sampling: best coverage score 51.0px of uncovered area  (4 samples)
[staged]   → robot d: candidate 0.622 < current 0.632  ✗ rejected
[staged]   Ph2 robot c  zone 4  (uncovered: 22% of target)
    [parallel] 10 worker threads, one renderer clone each
    init sampling: best coverage score 254.0px of uncovered area  (4 samples)
[staged]   → robot c: IoU 0.632 → 0.636  ✓
    ↑ new global best IoU 0.636  [phase Ph2 robot c]
[staged]   Ph2 robot b  zone 1  (uncovered: 25% of target)
    [parallel] 10 worker threads, one renderer clone each
    init sampling: best coverage score 384.0px of uncovered area  (4 samples)
[staged]   → robot b: IoU 0.636 → 0.649  ✓
    ↑ new global best IoU 0.649  [phase Ph2 robot b]
[staged]   Ph2 robot a  zone 0  (uncovered: 29% of target)
    [parallel] 10 worker threads, one renderer clone each
    init sampling: best coverage score 233.0px of uncovered area  (4 samples)
[staged]   → robot a: IoU 0.649 → 0.662  ✓
    ↑ new global best IoU 0.662  [phase Ph2 robot a]
[staged] Phase 2 done — composite IoU: 0.662

[staged] Best snapshot: Phase 2  IoU=0.662
[staged] Manifold final pass — computing Jacobian  (ε=0.020, 60 renders)
[staged] Manifold basis: k=10D / 30D  (variance≥85%, top eigenvalues: ['388790.50', '327886.59', '170995.78', '80671.68', '75560.10'])
[staged] Manifold did not improve (0.661 vs 0.662), keeping best snapshot
[staged] FD refinement — 5 Adam steps  (300 renders, lr=0.01, ε=0.02)
    ↑ new global best IoU 0.680  [FD refinement]
[staged] FD done — IoU: 0.680  (Δ=+0.017)  ✓
[staged] Done — final IoU: 0.680  loss: 0.3228
[staged] Popsize: per-robot phases=32  final=32  (theory optimum for 6 DOF = 10)

[staged] Hungarian pre-assignment  (5×5 cost matrix, 8 samples/entry = 200 renders)...
[staged]   robot_a → zone 4  robot_b → zone 0  robot_c → zone 3  robot_d → zone 2  robot_e → zone 1

[staged] Phase 1 — forward greedy  (8 iters × 5 robot(s), sigma=0.40×1.00, popsize=32)
[staged]   Ph1 robot a  zone 4  (uncovered: 24% of target)
    [parallel] 10 worker threads, one renderer clone each
    init sampling: best coverage score 876.0px of uncovered area  (4 samples)
[staged]   → robot a: IoU 0.128 → 0.504  ✓
    ↑ new global best IoU 0.504  [phase Ph1 robot a]
[staged]   Ph1 robot b  zone 0  (uncovered: 9% of target)
    [parallel] 10 worker threads, one renderer clone each
    init sampling: best coverage score 186.0px of uncovered area  (4 samples)
[staged]   → robot b: IoU 0.504 → 0.558  ✓
    ↑ new global best IoU 0.558  [phase Ph1 robot b]
[staged]   Ph1 robot c  zone 3  (uncovered: 1% of target)
    [parallel] 10 worker threads, one renderer clone each
    init sampling: best coverage score 0.0px of uncovered area  (4 samples)
[staged]   → robot c: IoU 0.558 → 0.605  ✓
    ↑ new global best IoU 0.605  [phase Ph1 robot c]
[staged]   Ph1 robot d  zone 2  (uncovered: 4% of target)
    [parallel] 10 worker threads, one renderer clone each
    init sampling: best coverage score 125.0px of uncovered area  (4 samples)
[staged]   → robot d: IoU 0.605 → 0.636  ✓
    ↑ new global best IoU 0.636  [phase Ph1 robot d]
[staged]   Ph1 robot e  zone 1  (uncovered: 0% of target)
    [parallel] 10 worker threads, one renderer clone each
    init sampling: best coverage score 2.0px of uncovered area  (4 samples)
[staged]   → robot e: IoU 0.636 → 0.663  ✓
    ↑ new global best IoU 0.663  [phase Ph1 robot e]
[staged] Phase 1 done — composite IoU: 0.663

[staged] Phase 2 — backward pass  (8 iters × 5 robots, sigma=0.300)
[staged]   contributions before Phase 2:
[staged]     robot a: +0.231 IoU
[staged]     robot b: +0.027 IoU  ← low
[staged]     robot c: +0.056 IoU
[staged]     robot d: +0.038 IoU  ← low
[staged]     robot e: +0.026 IoU  ← low
[staged]   Ph2 robot e  zone 1  (uncovered: 10% of target)
    [parallel] 10 worker threads, one renderer clone each
    init sampling: best coverage score 22.0px of uncovered area  (4 samples)
[staged]   → robot e: candidate 0.654 < current 0.663  ✗ rejected
[staged]   Ph2 robot d  zone 2  (uncovered: 13% of target)
    [parallel] 10 worker threads, one renderer clone each
    init sampling: best coverage score 37.0px of uncovered area  (4 samples)
[staged]   → robot d: candidate 0.656 < current 0.663  ✗ rejected
[staged]   Ph2 robot c  zone 3  (uncovered: 14% of target)
    [parallel] 10 worker threads, one renderer clone each
    init sampling: best coverage score 130.0px of uncovered area  (4 samples)
[staged]   → robot c: candidate 0.643 < current 0.663  ✗ rejected
[staged]   Ph2 robot b  zone 0  (uncovered: 13% of target)
    [parallel] 10 worker threads, one renderer clone each
    init sampling: best coverage score 150.0px of uncovered area  (4 samples)
[staged]   → robot b: IoU 0.663 → 0.690  ✓
    ↑ new global best IoU 0.690  [phase Ph2 robot b]
[staged]   Ph2 robot a  zone 4  (uncovered: 40% of target)
    [parallel] 10 worker threads, one renderer clone each
    init sampling: best coverage score 1205.0px of uncovered area  (4 samples)
[staged]   → robot a: IoU 0.690 → 0.690  ✓
[staged] Phase 2 done — composite IoU: 0.690

[staged] Best snapshot: global best  IoU=0.690
[staged] Manifold final pass — computing Jacobian  (ε=0.020, 60 renders)
[staged] Manifold basis: k=9D / 30D  (variance≥85%, top eigenvalues: ['471948.75', '168438.14', '138201.61', '131835.55', '101150.35'])
    ↑ new global best IoU 0.701  [manifold final pass]
[staged] Manifold done — IoU: 0.701  (Δ=+0.011)  ✓
[staged] FD refinement — 5 Adam steps  (300 renders, lr=0.01, ε=0.02)
    ↑ new global best IoU 0.715  [FD refinement]
[staged] FD done — IoU: 0.715  (Δ=+0.015)  ✓
[staged] Done — final IoU: 0.715  loss: 0.2864
[shard 0] 8/10 digits/4_dejavusans-bold  best=0.715 mean=0.691±0.015  139s  eta 0.1h
[staged] Popsize: per-robot phases=32  final=32  (theory optimum for 6 DOF = 10)

[staged] Hungarian pre-assignment  (5×5 cost matrix, 8 samples/entry = 200 renders)...
[staged]   robot_a → zone 2  robot_b → zone 1  robot_c → zone 4  robot_d → zone 0  robot_e → zone 3

[staged] Phase 1 — forward greedy  (8 iters × 5 robot(s), sigma=0.40×1.00, popsize=32)
[staged]   Ph1 robot a  zone 2  (uncovered: 22% of target)
    [parallel] 10 worker threads, one renderer clone each
    init sampling: best coverage score 0.0px of uncovered area  (4 samples)
[staged]   → robot a: IoU 0.067 → 0.446  ✓
    ↑ new global best IoU 0.446  [phase Ph1 robot a]
[staged]   Ph1 robot b  zone 1  (uncovered: 14% of target)
    [parallel] 10 worker threads, one renderer clone each
    init sampling: best coverage score 17.0px of uncovered area  (4 samples)
[staged]   → robot b: IoU 0.446 → 0.485  ✓
    ↑ new global best IoU 0.485  [phase Ph1 robot b]
[staged]   Ph1 robot c  zone 4  (uncovered: 2% of target)
    [parallel] 10 worker threads, one renderer clone each
    init sampling: best coverage score 0.0px of uncovered area  (4 samples)
[staged]   → robot c: IoU 0.485 → 0.562  ✓
    ↑ new global best IoU 0.562  [phase Ph1 robot c]
[staged]   Ph1 robot d  zone 0  (uncovered: 0% of target)
    [parallel] 10 worker threads, one renderer clone each
    init sampling: best coverage score 0.0px of uncovered area  (4 samples)
[staged]   → robot d: IoU 0.562 → 0.581  ✓
    ↑ new global best IoU 0.581  [phase Ph1 robot d]
[staged]   Ph1 robot e  zone 3  (uncovered: 5% of target)
    [parallel] 10 worker threads, one renderer clone each
    init sampling: best coverage score 16.0px of uncovered area  (4 samples)
[staged]   → robot e: IoU 0.581 → 0.619  ✓
    ↑ new global best IoU 0.619  [phase Ph1 robot e]
[staged] Phase 1 done — composite IoU: 0.619

[staged] Phase 2 — backward pass  (8 iters × 5 robots, sigma=0.300)
[staged]   contributions before Phase 2:
[staged]     robot a: +0.074 IoU
[staged]     robot b: +0.064 IoU
[staged]     robot c: +0.094 IoU
[staged]     robot d: +0.044 IoU  ← low
[staged]     robot e: +0.038 IoU  ← low
[staged]   Ph2 robot e  zone 3  (uncovered: 5% of target)
    [parallel] 10 worker threads, one renderer clone each
    init sampling: best coverage score 9.0px of uncovered area  (4 samples)
[staged]   → robot e: candidate 0.612 < current 0.619  ✗ rejected
[staged]   Ph2 robot d  zone 0  (uncovered: 5% of target)
    [parallel] 10 worker threads, one renderer clone each
    init sampling: best coverage score 51.0px of uncovered area  (4 samples)
[staged]   → robot d: IoU 0.619 → 0.624  ✓
    ↑ new global best IoU 0.624  [phase Ph2 robot d]
[staged]   Ph2 robot c  zone 4  (uncovered: 9% of target)
    [parallel] 10 worker threads, one renderer clone each
    init sampling: best coverage score 44.0px of uncovered area  (4 samples)
[staged]   → robot c: IoU 0.624 → 0.628  ✓
    ↑ new global best IoU 0.628  [phase Ph2 robot c]
[staged]   Ph2 robot b  zone 1  (uncovered: 7% of target)
    [parallel] 10 worker threads, one renderer clone each
    init sampling: best coverage score 76.0px of uncovered area  (4 samples)
[staged]   → robot b: IoU 0.628 → 0.630  ✓
    ↑ new global best IoU 0.630  [phase Ph2 robot b]
[staged]   Ph2 robot a  zone 2  (uncovered: 27% of target)
    [parallel] 10 worker threads, one renderer clone each
    init sampling: best coverage score 3.0px of uncovered area  (4 samples)
[staged]   → robot a: candidate 0.586 < current 0.630  ✗ rejected
[staged] Phase 2 done — composite IoU: 0.630

[staged] Best snapshot: Phase 2  IoU=0.630
[staged] Manifold final pass — computing Jacobian  (ε=0.020, 60 renders)
[staged] Manifold basis: k=7D / 30D  (variance≥85%, top eigenvalues: ['821782.75', '524469.44', '188062.17', '118367.07', '104729.18'])
[staged] Manifold did not improve (0.616 vs 0.630), keeping best snapshot
[staged] FD refinement — 5 Adam steps  (300 renders, lr=0.01, ε=0.02)
    ↑ new global best IoU 0.650  [FD refinement]
[staged] FD done — IoU: 0.650  (Δ=+0.020)  ✓
[staged] Done — final IoU: 0.650  loss: 0.3534
[staged] Popsize: per-robot phases=32  final=32  (theory optimum for 6 DOF = 10)

[staged] Hungarian pre-assignment  (5×5 cost matrix, 8 samples/entry = 200 renders)...
[staged]   robot_a → zone 1  robot_b → zone 3  robot_c → zone 4  robot_d → zone 2  robot_e → zone 0

[staged] Phase 1 — forward greedy  (8 iters × 5 robot(s), sigma=0.40×1.00, popsize=32)
[staged]   Ph1 robot a  zone 1  (uncovered: 19% of target)
    [parallel] 10 worker threads, one renderer clone each
    init sampling: best coverage score 0.0px of uncovered area  (4 samples)
[staged]   → robot a: IoU 0.067 → 0.465  ✓
    ↑ new global best IoU 0.465  [phase Ph1 robot a]
[staged]   Ph1 robot b  zone 3  (uncovered: 9% of target)
    [parallel] 10 worker threads, one renderer clone each
    init sampling: best coverage score 0.0px of uncovered area  (4 samples)
[staged]   → robot b: IoU 0.465 → 0.527  ✓
    ↑ new global best IoU 0.527  [phase Ph1 robot b]
[staged]   Ph1 robot c  zone 4  (uncovered: 9% of target)
    [parallel] 10 worker threads, one renderer clone each
    init sampling: best coverage score 16.0px of uncovered area  (4 samples)
[staged]   → robot c: IoU 0.527 → 0.575  ✓
    ↑ new global best IoU 0.575  [phase Ph1 robot c]
[staged]   Ph1 robot d  zone 2  (uncovered: 0% of target)
    [parallel] 10 worker threads, one renderer clone each
    init sampling: best coverage score 14.0px of uncovered area  (4 samples)
[staged]   → robot d: IoU 0.575 → 0.611  ✓
    ↑ new global best IoU 0.611  [phase Ph1 robot d]
[staged]   Ph1 robot e  zone 0  (uncovered: 11% of target)
    [parallel] 10 worker threads, one renderer clone each
    init sampling: best coverage score 66.0px of uncovered area  (4 samples)
[staged]   → robot e: IoU 0.611 → 0.675  ✓
    ↑ new global best IoU 0.675  [phase Ph1 robot e]
[staged] Phase 1 done — composite IoU: 0.675

[staged] Phase 2 — backward pass  (8 iters × 5 robots, sigma=0.300)
[staged]   contributions before Phase 2:
[staged]     robot a: +0.096 IoU
[staged]     robot b: +0.098 IoU
[staged]     robot c: +0.090 IoU
[staged]     robot d: +0.081 IoU
[staged]     robot e: +0.064 IoU
[staged]   Ph2 robot e  zone 0  (uncovered: 11% of target)
    [parallel] 10 worker threads, one renderer clone each
    init sampling: best coverage score 10.0px of uncovered area  (4 samples)
[staged]   → robot e: IoU 0.675 → 0.677  ✓
    ↑ new global best IoU 0.677  [phase Ph2 robot e]
[staged]   Ph2 robot d  zone 2  (uncovered: 12% of target)
    [parallel] 10 worker threads, one renderer clone each
    init sampling: best coverage score 115.0px of uncovered area  (4 samples)
[staged]   → robot d: candidate 0.663 < current 0.677  ✗ rejected
[staged]   Ph2 robot c  zone 4  (uncovered: 11% of target)
    [parallel] 10 worker threads, one renderer clone each
    init sampling: best coverage score 80.0px of uncovered area  (4 samples)
[staged]   → robot c: candidate 0.675 < current 0.677  ✗ rejected
[staged]   Ph2 robot b  zone 3  (uncovered: 12% of target)
    [parallel] 10 worker threads, one renderer clone each
    init sampling: best coverage score 132.0px of uncovered area  (4 samples)
[staged]   → robot b: candidate 0.666 < current 0.677  ✗ rejected
[staged]   Ph2 robot a  zone 1  (uncovered: 19% of target)
    [parallel] 10 worker threads, one renderer clone each
    init sampling: best coverage score 220.0px of uncovered area  (4 samples)
[staged]   → robot a: IoU 0.677 → 0.734  ✓
    ↑ new global best IoU 0.734  [phase Ph2 robot a]
[staged] Phase 2 done — composite IoU: 0.734

[staged] Best snapshot: Phase 2  IoU=0.734
[staged] Manifold final pass — computing Jacobian  (ε=0.020, 60 renders)
[staged] Manifold basis: k=8D / 30D  (variance≥85%, top eigenvalues: ['269003.19', '268358.84', '138771.47', '127178.66', '75283.86'])
    ↑ new global best IoU 0.778  [manifold final pass]
[staged] Manifold done — IoU: 0.778  (Δ=+0.044)  ✓
[staged] FD refinement — 5 Adam steps  (300 renders, lr=0.01, ε=0.02)
    ↑ new global best IoU 0.804  [FD refinement]
[staged] FD done — IoU: 0.804  (Δ=+0.027)  ✓
[staged] Done — final IoU: 0.804  loss: 0.1961
[staged] Popsize: per-robot phases=32  final=32  (theory optimum for 6 DOF = 10)

[staged] Hungarian pre-assignment  (5×5 cost matrix, 8 samples/entry = 200 renders)...
[staged]   robot_a → zone 2  robot_b → zone 3  robot_c → zone 4  robot_d → zone 1  robot_e → zone 0

[staged] Phase 1 — forward greedy  (8 iters × 5 robot(s), sigma=0.40×1.00, popsize=32)
[staged]   Ph1 robot a  zone 2  (uncovered: 7% of target)
    [parallel] 10 worker threads, one renderer clone each
    init sampling: best coverage score 3.0px of uncovered area  (4 samples)
[staged]   → robot a: IoU 0.067 → 0.394  ✓
    ↑ new global best IoU 0.394  [phase Ph1 robot a]
[staged]   Ph1 robot b  zone 3  (uncovered: 11% of target)
    [parallel] 10 worker threads, one renderer clone each
    init sampling: best coverage score 117.0px of uncovered area  (4 samples)
[staged]   → robot b: IoU 0.394 → 0.497  ✓
    ↑ new global best IoU 0.497  [phase Ph1 robot b]
[staged]   Ph1 robot c  zone 4  (uncovered: 0% of target)
    [parallel] 10 worker threads, one renderer clone each
    init sampling: best coverage score 6.0px of uncovered area  (4 samples)
[staged]   → robot c: IoU 0.497 → 0.582  ✓
    ↑ new global best IoU 0.582  [phase Ph1 robot c]
[staged]   Ph1 robot d  zone 1  (uncovered: 9% of target)
    [parallel] 10 worker threads, one renderer clone each
    init sampling: best coverage score 32.0px of uncovered area  (4 samples)
[staged]   → robot d: IoU 0.582 → 0.615  ✓
    ↑ new global best IoU 0.615  [phase Ph1 robot d]
[staged]   Ph1 robot e  zone 0  (uncovered: 1% of target)
    [parallel] 10 worker threads, one renderer clone each
    init sampling: best coverage score 15.0px of uncovered area  (4 samples)
[staged]   → robot e: IoU 0.615 → 0.679  ✓
    ↑ new global best IoU 0.679  [phase Ph1 robot e]
[staged] Phase 1 done — composite IoU: 0.679

[staged] Phase 2 — backward pass  (8 iters × 5 robots, sigma=0.300)
[staged]   contributions before Phase 2:
[staged]     robot a: +0.091 IoU
[staged]     robot b: +0.085 IoU
[staged]     robot c: +0.135 IoU
[staged]     robot d: +0.064 IoU
[staged]     robot e: +0.063 IoU
[staged]   Ph2 robot e  zone 0  (uncovered: 11% of target)
    [parallel] 10 worker threads, one renderer clone each
    init sampling: best coverage score 0.0px of uncovered area  (4 samples)
[staged]   → robot e: candidate 0.674 < current 0.679  ✗ rejected
[staged]   Ph2 robot d  zone 1  (uncovered: 10% of target)
    [parallel] 10 worker threads, one renderer clone each
    init sampling: best coverage score 85.0px of uncovered area  (4 samples)
[staged]   → robot d: IoU 0.679 → 0.688  ✓
    ↑ new global best IoU 0.688  [phase Ph2 robot d]
[staged]   Ph2 robot c  zone 4  (uncovered: 12% of target)
    [parallel] 10 worker threads, one renderer clone each
    init sampling: best coverage score 113.0px of uncovered area  (4 samples)
[staged]   → robot c: IoU 0.688 → 0.692  ✓
    ↑ new global best IoU 0.692  [phase Ph2 robot c]
[staged]   Ph2 robot b  zone 3  (uncovered: 13% of target)
    [parallel] 10 worker threads, one renderer clone each
    init sampling: best coverage score 39.0px of uncovered area  (4 samples)
[staged]   → robot b: candidate 0.684 < current 0.692  ✗ rejected
[staged]   Ph2 robot a  zone 2  (uncovered: 17% of target)
    [parallel] 10 worker threads, one renderer clone each
    init sampling: best coverage score 156.0px of uncovered area  (4 samples)
[staged]   → robot a: IoU 0.692 → 0.718  ✓
    ↑ new global best IoU 0.718  [phase Ph2 robot a]
[staged] Phase 2 done — composite IoU: 0.718

[staged] Best snapshot: Phase 2  IoU=0.718
[staged] Manifold final pass — computing Jacobian  (ε=0.020, 60 renders)
[staged] Manifold basis: k=9D / 30D  (variance≥85%, top eigenvalues: ['246240.67', '196801.09', '184422.47', '132087.95', '94455.41'])
    ↑ new global best IoU 0.729  [manifold final pass]
[staged] Manifold done — IoU: 0.729  (Δ=+0.011)  ✓
[staged] FD refinement — 5 Adam steps  (300 renders, lr=0.01, ε=0.02)
    ↑ new global best IoU 0.753  [FD refinement]
[staged] FD done — IoU: 0.753  (Δ=+0.024)  ✓
[staged] Done — final IoU: 0.753  loss: 0.2476
[staged] Popsize: per-robot phases=32  final=32  (theory optimum for 6 DOF = 10)

[staged] Hungarian pre-assignment  (5×5 cost matrix, 8 samples/entry = 200 renders)...
[staged]   robot_a → zone 1  robot_b → zone 2  robot_c → zone 4  robot_d → zone 3  robot_e → zone 0

[staged] Phase 1 — forward greedy  (8 iters × 5 robot(s), sigma=0.40×1.00, popsize=32)
[staged]   Ph1 robot a  zone 1  (uncovered: 19% of target)
    [parallel] 10 worker threads, one renderer clone each
    init sampling: best coverage score 407.0px of uncovered area  (4 samples)
[staged]   → robot a: IoU 0.067 → 0.414  ✓
    ↑ new global best IoU 0.414  [phase Ph1 robot a]
[staged]   Ph1 robot b  zone 2  (uncovered: 19% of target)
    [parallel] 10 worker threads, one renderer clone each
    init sampling: best coverage score 137.0px of uncovered area  (4 samples)
[staged]   → robot b: IoU 0.414 → 0.541  ✓
    ↑ new global best IoU 0.541  [phase Ph1 robot b]
[staged]   Ph1 robot c  zone 4  (uncovered: 12% of target)
    [parallel] 10 worker threads, one renderer clone each
    init sampling: best coverage score 33.0px of uncovered area  (4 samples)
[staged]   → robot c: IoU 0.541 → 0.609  ✓
    ↑ new global best IoU 0.609  [phase Ph1 robot c]
[staged]   Ph1 robot d  zone 3  (uncovered: 1% of target)
    [parallel] 10 worker threads, one renderer clone each
    init sampling: best coverage score 15.0px of uncovered area  (4 samples)
[staged]   → robot d: IoU 0.609 → 0.641  ✓
    ↑ new global best IoU 0.641  [phase Ph1 robot d]
[staged]   Ph1 robot e  zone 0  (uncovered: 0% of target)
    [parallel] 10 worker threads, one renderer clone each
    init sampling: best coverage score 0.0px of uncovered area  (4 samples)
[staged]   → robot e: IoU 0.641 → 0.701  ✓
    ↑ new global best IoU 0.701  [phase Ph1 robot e]
[staged] Phase 1 done — composite IoU: 0.701

[staged] Phase 2 — backward pass  (8 iters × 5 robots, sigma=0.300)
[staged]   contributions before Phase 2:
[staged]     robot a: +0.106 IoU
[staged]     robot b: +0.146 IoU
[staged]     robot c: +0.101 IoU
[staged]     robot d: +0.075 IoU
[staged]     robot e: +0.060 IoU
[staged]   Ph2 robot e  zone 0  (uncovered: 10% of target)
    [parallel] 10 worker threads, one renderer clone each
    init sampling: best coverage score 16.0px of uncovered area  (4 samples)
[staged]   → robot e: IoU 0.701 → 0.706  ✓
    ↑ new global best IoU 0.706  [phase Ph2 robot e]
[staged]   Ph2 robot d  zone 3  (uncovered: 11% of target)
    [parallel] 10 worker threads, one renderer clone each
    init sampling: best coverage score 2.0px of uncovered area  (4 samples)
[staged]   → robot d: candidate 0.703 < current 0.706  ✗ rejected
[staged]   Ph2 robot c  zone 4  (uncovered: 15% of target)
    [parallel] 10 worker threads, one renderer clone each
    init sampling: best coverage score 82.0px of uncovered area  (4 samples)
[staged]   → robot c: candidate 0.704 < current 0.706  ✗ rejected
[staged]   Ph2 robot b  zone 2  (uncovered: 25% of target)
    [parallel] 10 worker threads, one renderer clone each
    init sampling: best coverage score 457.0px of uncovered area  (4 samples)
[staged]   → robot b: candidate 0.637 < current 0.706  ✗ rejected
[staged]   Ph2 robot a  zone 1  (uncovered: 14% of target)
    [parallel] 10 worker threads, one renderer clone each
    init sampling: best coverage score 74.0px of uncovered area  (4 samples)
[staged]   → robot a: candidate 0.698 < current 0.706  ✗ rejected
[staged] Phase 2 done — composite IoU: 0.706

[staged] Best snapshot: Phase 2  IoU=0.706
[staged] Manifold final pass — computing Jacobian  (ε=0.020, 60 renders)
[staged] Manifold basis: k=8D / 30D  (variance≥85%, top eigenvalues: ['393003.06', '236251.31', '128451.15', '115774.48', '69249.16'])
    ↑ new global best IoU 0.718  [manifold final pass]
[staged] Manifold done — IoU: 0.718  (Δ=+0.012)  ✓
[staged] FD refinement — 5 Adam steps  (300 renders, lr=0.01, ε=0.02)
    ↑ new global best IoU 0.746  [FD refinement]
[staged] FD done — IoU: 0.746  (Δ=+0.028)  ✓
[staged] Done — final IoU: 0.746  loss: 0.2547
[staged] Popsize: per-robot phases=32  final=32  (theory optimum for 6 DOF = 10)

[staged] Hungarian pre-assignment  (5×5 cost matrix, 8 samples/entry = 200 renders)...
[staged]   robot_a → zone 4  robot_b → zone 3  robot_c → zone 2  robot_d → zone 1  robot_e → zone 0

[staged] Phase 1 — forward greedy  (8 iters × 5 robot(s), sigma=0.40×1.00, popsize=32)
[staged]   Ph1 robot a  zone 4  (uncovered: 14% of target)
    [parallel] 10 worker threads, one renderer clone each
    init sampling: best coverage score 452.0px of uncovered area  (4 samples)
[staged]   → robot a: IoU 0.067 → 0.467  ✓
    ↑ new global best IoU 0.467  [phase Ph1 robot a]
[staged]   Ph1 robot b  zone 3  (uncovered: 6% of target)
    [parallel] 10 worker threads, one renderer clone each
    init sampling: best coverage score 0.0px of uncovered area  (4 samples)
[staged]   → robot b: IoU 0.467 → 0.538  ✓
    ↑ new global best IoU 0.538  [phase Ph1 robot b]
[staged]   Ph1 robot c  zone 2  (uncovered: 2% of target)
    [parallel] 10 worker threads, one renderer clone each
    init sampling: best coverage score 0.0px of uncovered area  (4 samples)
[staged]   → robot c: IoU 0.538 → 0.560  ✓
    ↑ new global best IoU 0.560  [phase Ph1 robot c]
[staged]   Ph1 robot d  zone 1  (uncovered: 13% of target)
    [parallel] 10 worker threads, one renderer clone each
    init sampling: best coverage score 9.0px of uncovered area  (4 samples)
[staged]   → robot d: IoU 0.560 → 0.566  ✓
    ↑ new global best IoU 0.566  [phase Ph1 robot d]
[staged]   Ph1 robot e  zone 0  (uncovered: 1% of target)
    [parallel] 10 worker threads, one renderer clone each
    init sampling: best coverage score 5.0px of uncovered area  (4 samples)
[staged]   → robot e: IoU 0.566 → 0.653  ✓
    ↑ new global best IoU 0.653  [phase Ph1 robot e]
[staged] Phase 1 done — composite IoU: 0.653

[staged] Phase 2 — backward pass  (8 iters × 5 robots, sigma=0.300)
[staged]   contributions before Phase 2:
[staged]     robot a: +0.167 IoU
[staged]     robot b: +0.100 IoU
[staged]     robot c: +0.060 IoU
[staged]     robot d: +0.036 IoU  ← low
[staged]     robot e: +0.087 IoU
[staged]   Ph2 robot e  zone 0  (uncovered: 21% of target)
    [parallel] 10 worker threads, one renderer clone each
    init sampling: best coverage score 27.0px of uncovered area  (4 samples)
[staged]   → robot e: candidate 0.613 < current 0.653  ✗ rejected
[staged]   Ph2 robot d  zone 1  (uncovered: 16% of target)
    [parallel] 10 worker threads, one renderer clone each
    init sampling: best coverage score 16.0px of uncovered area  (4 samples)
[staged]   → robot d: IoU 0.653 → 0.659  ✓
    ↑ new global best IoU 0.659  [phase Ph2 robot d]
[staged]   Ph2 robot c  zone 2  (uncovered: 16% of target)
    [parallel] 10 worker threads, one renderer clone each
    init sampling: best coverage score 9.0px of uncovered area  (4 samples)
[staged]   → robot c: candidate 0.612 < current 0.659  ✗ rejected
[staged]   Ph2 robot b  zone 3  (uncovered: 21% of target)
    [parallel] 10 worker threads, one renderer clone each
    init sampling: best coverage score 290.0px of uncovered area  (4 samples)
[staged]   → robot b: IoU 0.659 → 0.683  ✓
    ↑ new global best IoU 0.683  [phase Ph2 robot b]
[staged]   Ph2 robot a  zone 4  (uncovered: 34% of target)
    [parallel] 10 worker threads, one renderer clone each
    init sampling: best coverage score 519.0px of uncovered area  (4 samples)
[staged]   → robot a: candidate 0.612 < current 0.683  ✗ rejected
[staged] Phase 2 done — composite IoU: 0.683

[staged] Best snapshot: Phase 2  IoU=0.683
[staged] Manifold final pass — computing Jacobian  (ε=0.020, 60 renders)
[staged] Manifold basis: k=6D / 30D  (variance≥85%, top eigenvalues: ['582079.50', '266429.81', '166680.94', '114194.20', '66268.42'])
    ↑ new global best IoU 0.708  [manifold final pass]
[staged] Manifold done — IoU: 0.708  (Δ=+0.025)  ✓
[staged] FD refinement — 5 Adam steps  (300 renders, lr=0.01, ε=0.02)
    ↑ new global best IoU 0.729  [FD refinement]
[staged] FD done — IoU: 0.729  (Δ=+0.021)  ✓
[staged] Done — final IoU: 0.729  loss: 0.2723
[shard 0] 9/10 digits/7_dejavusans-bold  best=0.804 mean=0.736±0.050  139s  eta 0.0h
[staged] Popsize: per-robot phases=32  final=32  (theory optimum for 6 DOF = 10)

[staged] Hungarian pre-assignment  (5×5 cost matrix, 8 samples/entry = 200 renders)...
[staged]   robot_a → zone 3  robot_b → zone 1  robot_c → zone 4  robot_d → zone 0  robot_e → zone 2

[staged] Phase 1 — forward greedy  (8 iters × 5 robot(s), sigma=0.40×1.00, popsize=32)
[staged]   Ph1 robot a  zone 3  (uncovered: 6% of target)
    [parallel] 10 worker threads, one renderer clone each
    init sampling: best coverage score 206.0px of uncovered area  (4 samples)
[staged]   → robot a: IoU 0.119 → 0.349  ✓
    ↑ new global best IoU 0.349  [phase Ph1 robot a]
[staged]   Ph1 robot b  zone 1  (uncovered: 3% of target)
    [parallel] 10 worker threads, one renderer clone each
    init sampling: best coverage score 5.0px of uncovered area  (4 samples)
[staged]   → robot b: IoU 0.349 → 0.480  ✓
    ↑ new global best IoU 0.480  [phase Ph1 robot b]
[staged]   Ph1 robot c  zone 4  (uncovered: 7% of target)
    [parallel] 10 worker threads, one renderer clone each
    init sampling: best coverage score 0.0px of uncovered area  (4 samples)
[staged]   → robot c: IoU 0.480 → 0.573  ✓
    ↑ new global best IoU 0.573  [phase Ph1 robot c]
[staged]   Ph1 robot d  zone 0  (uncovered: 5% of target)
    [parallel] 10 worker threads, one renderer clone each
    init sampling: best coverage score 18.0px of uncovered area  (4 samples)
[staged]   → robot d: IoU 0.573 → 0.616  ✓
    ↑ new global best IoU 0.616  [phase Ph1 robot d]
[staged]   Ph1 robot e  zone 2  (uncovered: 3% of target)
    [parallel] 10 worker threads, one renderer clone each
    init sampling: best coverage score 14.0px of uncovered area  (4 samples)
[staged]   → robot e: IoU 0.616 → 0.655  ✓
    ↑ new global best IoU 0.655  [phase Ph1 robot e]
[staged] Phase 1 done — composite IoU: 0.655

[staged] Phase 2 — backward pass  (8 iters × 5 robots, sigma=0.300)
[staged]   contributions before Phase 2:
[staged]     robot a: +0.134 IoU
[staged]     robot b: +0.069 IoU
[staged]     robot c: +0.072 IoU
[staged]     robot d: +0.061 IoU
[staged]     robot e: +0.039 IoU  ← low
[staged]   Ph2 robot e  zone 2  (uncovered: 19% of target)
    [parallel] 10 worker threads, one renderer clone each
    init sampling: best coverage score 75.0px of uncovered area  (4 samples)
[staged]   → robot e: candidate 0.652 < current 0.655  ✗ rejected
[staged]   Ph2 robot d  zone 0  (uncovered: 21% of target)
    [parallel] 10 worker threads, one renderer clone each
    init sampling: best coverage score 104.0px of uncovered area  (4 samples)
[staged]   → robot d: candidate 0.648 < current 0.655  ✗ rejected
[staged]   Ph2 robot c  zone 4  (uncovered: 21% of target)
    [parallel] 10 worker threads, one renderer clone each
    init sampling: best coverage score 91.0px of uncovered area  (4 samples)
[staged]   → robot c: IoU 0.655 → 0.657  ✓
    ↑ new global best IoU 0.657  [phase Ph2 robot c]
[staged]   Ph2 robot b  zone 1  (uncovered: 21% of target)
    [parallel] 10 worker threads, one renderer clone each
    init sampling: best coverage score 204.0px of uncovered area  (4 samples)
[staged]   → robot b: IoU 0.657 → 0.672  ✓
    ↑ new global best IoU 0.672  [phase Ph2 robot b]
[staged]   Ph2 robot a  zone 3  (uncovered: 29% of target)
    [parallel] 10 worker threads, one renderer clone each
    init sampling: best coverage score 295.0px of uncovered area  (4 samples)
[staged]   → robot a: candidate 0.650 < current 0.672  ✗ rejected
[staged] Phase 2 done — composite IoU: 0.672

[staged] Best snapshot: Phase 2  IoU=0.672
[staged] Manifold final pass — computing Jacobian  (ε=0.020, 60 renders)
[staged] Manifold basis: k=9D / 30D  (variance≥85%, top eigenvalues: ['370520.44', '283693.00', '117834.88', '105401.57', '51131.80'])
    ↑ new global best IoU 0.734  [manifold final pass]
[staged] Manifold done — IoU: 0.734  (Δ=+0.062)  ✓
[staged] FD refinement — 5 Adam steps  (300 renders, lr=0.01, ε=0.02)
    ↑ new global best IoU 0.741  [FD refinement]
[staged] FD done — IoU: 0.741  (Δ=+0.007)  ✓
[staged] Done — final IoU: 0.741  loss: 0.2599
[staged] Popsize: per-robot phases=32  final=32  (theory optimum for 6 DOF = 10)

[staged] Hungarian pre-assignment  (5×5 cost matrix, 8 samples/entry = 200 renders)...
[staged]   robot_a → zone 2  robot_b → zone 1  robot_c → zone 3  robot_d → zone 4  robot_e → zone 0

[staged] Phase 1 — forward greedy  (8 iters × 5 robot(s), sigma=0.40×1.00, popsize=32)
[staged]   Ph1 robot a  zone 2  (uncovered: 26% of target)
    [parallel] 10 worker threads, one renderer clone each
    init sampling: best coverage score 0.0px of uncovered area  (4 samples)
[staged]   → robot a: IoU 0.119 → 0.409  ✓
    ↑ new global best IoU 0.409  [phase Ph1 robot a]
[staged]   Ph1 robot b  zone 1  (uncovered: 15% of target)
    [parallel] 10 worker threads, one renderer clone each
    init sampling: best coverage score 86.0px of uncovered area  (4 samples)
[staged]   → robot b: IoU 0.409 → 0.544  ✓
    ↑ new global best IoU 0.544  [phase Ph1 robot b]
[staged]   Ph1 robot c  zone 3  (uncovered: 6% of target)
    [parallel] 10 worker threads, one renderer clone each
    init sampling: best coverage score 29.0px of uncovered area  (4 samples)
[staged]   → robot c: IoU 0.544 → 0.589  ✓
    ↑ new global best IoU 0.589  [phase Ph1 robot c]
[staged]   Ph1 robot d  zone 4  (uncovered: 2% of target)
    [parallel] 10 worker threads, one renderer clone each
    init sampling: best coverage score 31.0px of uncovered area  (4 samples)
[staged]   → robot d: IoU 0.589 → 0.605  ✓
    ↑ new global best IoU 0.605  [phase Ph1 robot d]
[staged]   Ph1 robot e  zone 0  (uncovered: 3% of target)
    [parallel] 10 worker threads, one renderer clone each
    init sampling: best coverage score 60.0px of uncovered area  (4 samples)
[staged]   → robot e: IoU 0.605 → 0.626  ✓
    ↑ new global best IoU 0.626  [phase Ph1 robot e]
[staged] Phase 1 done — composite IoU: 0.626

[staged] Phase 2 — backward pass  (8 iters × 5 robots, sigma=0.300)
[staged]   contributions before Phase 2:
[staged]     robot a: +0.091 IoU
[staged]     robot b: +0.074 IoU
[staged]     robot c: +0.033 IoU  ← low
[staged]     robot d: +0.028 IoU  ← low
[staged]     robot e: +0.021 IoU  ← low
[staged]   Ph2 robot e  zone 0  (uncovered: 12% of target)
    [parallel] 10 worker threads, one renderer clone each
    init sampling: best coverage score 125.0px of uncovered area  (4 samples)
[staged]   → robot e: IoU 0.626 → 0.627  ✓
    ↑ new global best IoU 0.627  [phase Ph2 robot e]
[staged]   Ph2 robot d  zone 4  (uncovered: 11% of target)
    [parallel] 10 worker threads, one renderer clone each
    init sampling: best coverage score 120.0px of uncovered area  (4 samples)
[staged]   → robot d: candidate 0.625 < current 0.627  ✗ rejected
[staged]   Ph2 robot c  zone 3  (uncovered: 16% of target)
    [parallel] 10 worker threads, one renderer clone each
    init sampling: best coverage score 230.0px of uncovered area  (4 samples)
[staged]   → robot c: candidate 0.620 < current 0.627  ✗ rejected
[staged]   Ph2 robot b  zone 1  (uncovered: 25% of target)
    [parallel] 10 worker threads, one renderer clone each
    init sampling: best coverage score 121.0px of uncovered area  (4 samples)
[staged]   → robot b: candidate 0.622 < current 0.627  ✗ rejected
[staged]   Ph2 robot a  zone 2  (uncovered: 31% of target)
    [parallel] 10 worker threads, one renderer clone each
    init sampling: best coverage score 103.0px of uncovered area  (4 samples)
[staged]   → robot a: candidate 0.609 < current 0.627  ✗ rejected
[staged] Phase 2 done — composite IoU: 0.627

[staged] Best snapshot: Phase 2  IoU=0.627
[staged] Manifold final pass — computing Jacobian  (ε=0.020, 60 renders)
[staged] Manifold basis: k=7D / 30D  (variance≥85%, top eigenvalues: ['1264029.25', '325230.78', '184893.78', '127125.17', '100158.13'])
    ↑ new global best IoU 0.668  [manifold final pass]
[staged] Manifold done — IoU: 0.668  (Δ=+0.042)  ✓
[staged] FD refinement — 5 Adam steps  (300 renders, lr=0.01, ε=0.02)
    ↑ new global best IoU 0.683  [FD refinement]
[staged] FD done — IoU: 0.683  (Δ=+0.014)  ✓
[staged] Done — final IoU: 0.683  loss: 0.3198
[staged] Popsize: per-robot phases=32  final=32  (theory optimum for 6 DOF = 10)

[staged] Hungarian pre-assignment  (5×5 cost matrix, 8 samples/entry = 200 renders)...
[staged]   robot_a → zone 2  robot_b → zone 1  robot_c → zone 4  robot_d → zone 3  robot_e → zone 0

[staged] Phase 1 — forward greedy  (8 iters × 5 robot(s), sigma=0.40×1.00, popsize=32)
[staged]   Ph1 robot a  zone 2  (uncovered: 25% of target)
    [parallel] 10 worker threads, one renderer clone each
    init sampling: best coverage score 0.0px of uncovered area  (4 samples)
[staged]   → robot a: IoU 0.119 → 0.341  ✓
    ↑ new global best IoU 0.341  [phase Ph1 robot a]
[staged]   Ph1 robot b  zone 1  (uncovered: 18% of target)
    [parallel] 10 worker threads, one renderer clone each
    init sampling: best coverage score 390.0px of uncovered area  (4 samples)
[staged]   → robot b: IoU 0.341 → 0.544  ✓
    ↑ new global best IoU 0.544  [phase Ph1 robot b]
[staged]   Ph1 robot c  zone 4  (uncovered: 2% of target)
    [parallel] 10 worker threads, one renderer clone each
    init sampling: best coverage score 55.0px of uncovered area  (4 samples)
[staged]   → robot c: candidate 0.534 < current 0.544  ✗ rejected
[staged]   Ph1 robot d  zone 3  (uncovered: 2% of target)
    [parallel] 10 worker threads, one renderer clone each
    init sampling: best coverage score 13.0px of uncovered area  (4 samples)
[staged]   → robot d: IoU 0.544 → 0.590  ✓
    ↑ new global best IoU 0.590  [phase Ph1 robot d]
[staged]   Ph1 robot e  zone 0  (uncovered: 6% of target)
    [parallel] 10 worker threads, one renderer clone each
    init sampling: best coverage score 16.0px of uncovered area  (4 samples)
[staged]   → robot e: IoU 0.590 → 0.625  ✓
    ↑ new global best IoU 0.625  [phase Ph1 robot e]
[staged] Phase 1 done — composite IoU: 0.625

[staged] Phase 2 — backward pass  (8 iters × 5 robots, sigma=0.300)
[staged]   contributions before Phase 2:
[staged]     robot a: +0.140 IoU
[staged]     robot b: +0.143 IoU
[staged]     robot c: +0.000 IoU  ← low
[staged]     robot d: +0.052 IoU
[staged]     robot e: +0.035 IoU  ← low
[staged]   Ph2 robot e  zone 0  (uncovered: 21% of target)
    [parallel] 10 worker threads, one renderer clone each
    init sampling: best coverage score 118.0px of uncovered area  (4 samples)
[staged]   → robot e: candidate 0.617 < current 0.625  ✗ rejected
[staged]   Ph2 robot d  zone 3  (uncovered: 25% of target)
    [parallel] 10 worker threads, one renderer clone each
    init sampling: best coverage score 473.0px of uncovered area  (4 samples)
[staged]   → robot d: IoU 0.625 → 0.631  ✓
    ↑ new global best IoU 0.631  [phase Ph2 robot d]
[staged]   Ph2 robot c  zone 4  (uncovered: 15% of target)
    [parallel] 10 worker threads, one renderer clone each
    init sampling: best coverage score 82.0px of uncovered area  (4 samples)
[staged]   → robot c: IoU 0.631 → 0.694  ✓
    ↑ new global best IoU 0.694  [phase Ph2 robot c]
[staged]   Ph2 robot b  zone 1  (uncovered: 17% of target)
    [parallel] 10 worker threads, one renderer clone each
    init sampling: best coverage score 66.0px of uncovered area  (4 samples)
[staged]   → robot b: candidate 0.687 < current 0.694  ✗ rejected
[staged]   Ph2 robot a  zone 2  (uncovered: 30% of target)
    [parallel] 10 worker threads, one renderer clone each
    init sampling: best coverage score 424.0px of uncovered area  (4 samples)
[staged]   → robot a: IoU 0.694 → 0.703  ✓
    ↑ new global best IoU 0.703  [phase Ph2 robot a]
[staged] Phase 2 done — composite IoU: 0.703

[staged] Best snapshot: Phase 2  IoU=0.703
[staged] Manifold final pass — computing Jacobian  (ε=0.020, 60 renders)
[staged] Manifold basis: k=9D / 30D  (variance≥85%, top eigenvalues: ['450872.94', '246852.98', '157394.66', '115090.90', '93269.02'])
    ↑ new global best IoU 0.711  [manifold final pass]
[staged] Manifold done — IoU: 0.711  (Δ=+0.008)  ✓
[staged] FD refinement — 5 Adam steps  (300 renders, lr=0.01, ε=0.02)
    ↑ new global best IoU 0.725  [FD refinement]
[staged] FD done — IoU: 0.725  (Δ=+0.014)  ✓
[staged] Done — final IoU: 0.725  loss: 0.2765
[staged] Popsize: per-robot phases=32  final=32  (theory optimum for 6 DOF = 10)

[staged] Hungarian pre-assignment  (5×5 cost matrix, 8 samples/entry = 200 renders)...
[staged]   robot_a → zone 1  robot_b → zone 2  robot_c → zone 4  robot_d → zone 3  robot_e → zone 0

[staged] Phase 1 — forward greedy  (8 iters × 5 robot(s), sigma=0.40×1.00, popsize=32)
[staged]   Ph1 robot a  zone 1  (uncovered: 26% of target)
    [parallel] 10 worker threads, one renderer clone each
    init sampling: best coverage score 621.0px of uncovered area  (4 samples)
[staged]   → robot a: IoU 0.119 → 0.388  ✓
    ↑ new global best IoU 0.388  [phase Ph1 robot a]
[staged]   Ph1 robot b  zone 2  (uncovered: 4% of target)
    [parallel] 10 worker threads, one renderer clone each
    init sampling: best coverage score 69.0px of uncovered area  (4 samples)
[staged]   → robot b: IoU 0.388 → 0.557  ✓
    ↑ new global best IoU 0.557  [phase Ph1 robot b]
[staged]   Ph1 robot c  zone 4  (uncovered: 5% of target)
    [parallel] 10 worker threads, one renderer clone each
    init sampling: best coverage score 12.0px of uncovered area  (4 samples)
[staged]   → robot c: IoU 0.557 → 0.610  ✓
    ↑ new global best IoU 0.610  [phase Ph1 robot c]
[staged]   Ph1 robot d  zone 3  (uncovered: 2% of target)
    [parallel] 10 worker threads, one renderer clone each
    init sampling: best coverage score 46.0px of uncovered area  (4 samples)
[staged]   → robot d: IoU 0.610 → 0.660  ✓
    ↑ new global best IoU 0.660  [phase Ph1 robot d]
[staged]   Ph1 robot e  zone 0  (uncovered: 1% of target)
    [parallel] 10 worker threads, one renderer clone each
    init sampling: best coverage score 12.0px of uncovered area  (4 samples)
[staged]   → robot e: IoU 0.660 → 0.699  ✓
    ↑ new global best IoU 0.699  [phase Ph1 robot e]
[staged] Phase 1 done — composite IoU: 0.699

[staged] Phase 2 — backward pass  (8 iters × 5 robots, sigma=0.300)
[staged]   contributions before Phase 2:
[staged]     robot a: +0.130 IoU
[staged]     robot b: +0.139 IoU
[staged]     robot c: +0.065 IoU
[staged]     robot d: +0.049 IoU  ← low
[staged]     robot e: +0.039 IoU  ← low
[staged]   Ph2 robot e  zone 0  (uncovered: 12% of target)
    [parallel] 10 worker threads, one renderer clone each
    init sampling: best coverage score 33.0px of uncovered area  (4 samples)
[staged]   → robot e: candidate 0.679 < current 0.699  ✗ rejected
[staged]   Ph2 robot d  zone 3  (uncovered: 13% of target)
    [parallel] 10 worker threads, one renderer clone each
    init sampling: best coverage score 163.0px of uncovered area  (4 samples)
[staged]   → robot d: candidate 0.693 < current 0.699  ✗ rejected
[staged]   Ph2 robot c  zone 4  (uncovered: 16% of target)
    [parallel] 10 worker threads, one renderer clone each
    init sampling: best coverage score 104.0px of uncovered area  (4 samples)
[staged]   → robot c: IoU 0.699 → 0.715  ✓
    ↑ new global best IoU 0.715  [phase Ph2 robot c]
[staged]   Ph2 robot b  zone 2  (uncovered: 26% of target)
    [parallel] 10 worker threads, one renderer clone each
    init sampling: best coverage score 486.0px of uncovered area  (4 samples)
[staged]   → robot b: IoU 0.715 → 0.727  ✓
    ↑ new global best IoU 0.727  [phase Ph2 robot b]
[staged]   Ph2 robot a  zone 1  (uncovered: 23% of target)
    [parallel] 10 worker threads, one renderer clone each
    init sampling: best coverage score 63.0px of uncovered area  (4 samples)
[staged]   → robot a: IoU 0.727 → 0.727  ✓
    ↑ new global best IoU 0.727  [phase Ph2 robot a]
[staged] Phase 2 done — composite IoU: 0.727

[staged] Best snapshot: Phase 2  IoU=0.727
[staged] Manifold final pass — computing Jacobian  (ε=0.020, 60 renders)
[staged] Manifold basis: k=9D / 30D  (variance≥85%, top eigenvalues: ['488091.84', '211035.64', '202412.66', '92339.42', '85220.10'])
[staged] Manifold did not improve (0.727 vs 0.727), keeping best snapshot
[staged] FD refinement — 5 Adam steps  (300 renders, lr=0.01, ε=0.02)
    ↑ new global best IoU 0.737  [FD refinement]
[staged] FD done — IoU: 0.737  (Δ=+0.010)  ✓
[staged] Done — final IoU: 0.737  loss: 0.2639
[staged] Popsize: per-robot phases=32  final=32  (theory optimum for 6 DOF = 10)

[staged] Hungarian pre-assignment  (5×5 cost matrix, 8 samples/entry = 200 renders)...
[staged]   robot_a → zone 0  robot_b → zone 4  robot_c → zone 2  robot_d → zone 3  robot_e → zone 1

[staged] Phase 1 — forward greedy  (8 iters × 5 robot(s), sigma=0.40×1.00, popsize=32)
[staged]   Ph1 robot a  zone 0  (uncovered: 15% of target)
    [parallel] 10 worker threads, one renderer clone each
    init sampling: best coverage score 336.0px of uncovered area  (4 samples)
[staged]   → robot a: IoU 0.119 → 0.407  ✓
    ↑ new global best IoU 0.407  [phase Ph1 robot a]
[staged]   Ph1 robot b  zone 4  (uncovered: 4% of target)
    [parallel] 10 worker threads, one renderer clone each
    init sampling: best coverage score 96.0px of uncovered area  (4 samples)
[staged]   → robot b: IoU 0.407 → 0.548  ✓
    ↑ new global best IoU 0.548  [phase Ph1 robot b]
[staged]   Ph1 robot c  zone 2  (uncovered: 4% of target)
    [parallel] 10 worker threads, one renderer clone each
    init sampling: best coverage score 66.0px of uncovered area  (4 samples)
[staged]   → robot c: IoU 0.548 → 0.612  ✓
    ↑ new global best IoU 0.612  [phase Ph1 robot c]
[staged]   Ph1 robot d  zone 3  (uncovered: 2% of target)
    [parallel] 10 worker threads, one renderer clone each
    init sampling: best coverage score 1.0px of uncovered area  (4 samples)
[staged]   → robot d: IoU 0.612 → 0.644  ✓
    ↑ new global best IoU 0.644  [phase Ph1 robot d]
[staged]   Ph1 robot e  zone 1  (uncovered: 7% of target)
    [parallel] 10 worker threads, one renderer clone each
    init sampling: best coverage score 0.0px of uncovered area  (4 samples)
[staged]   → robot e: IoU 0.644 → 0.683  ✓
    ↑ new global best IoU 0.683  [phase Ph1 robot e]
[staged] Phase 1 done — composite IoU: 0.683

[staged] Phase 2 — backward pass  (8 iters × 5 robots, sigma=0.300)
[staged]   contributions before Phase 2:
[staged]     robot a: +0.197 IoU
[staged]     robot b: +0.071 IoU
[staged]     robot c: +0.073 IoU
[staged]     robot d: +0.047 IoU  ← low
[staged]     robot e: +0.039 IoU  ← low
[staged]   Ph2 robot e  zone 1  (uncovered: 13% of target)
    [parallel] 10 worker threads, one renderer clone each
    init sampling: best coverage score 41.0px of uncovered area  (4 samples)
[staged]   → robot e: candidate 0.676 < current 0.683  ✗ rejected
[staged]   Ph2 robot d  zone 3  (uncovered: 12% of target)
    [parallel] 10 worker threads, one renderer clone each
    init sampling: best coverage score 55.0px of uncovered area  (4 samples)
[staged]   → robot d: IoU 0.683 → 0.686  ✓
    ↑ new global best IoU 0.686  [phase Ph2 robot d]
[staged]   Ph2 robot c  zone 2  (uncovered: 17% of target)
    [parallel] 10 worker threads, one renderer clone each
    init sampling: best coverage score 144.0px of uncovered area  (4 samples)
[staged]   → robot c: candidate 0.679 < current 0.686  ✗ rejected
[staged]   Ph2 robot b  zone 4  (uncovered: 16% of target)
    [parallel] 10 worker threads, one renderer clone each
    init sampling: best coverage score 296.0px of uncovered area  (4 samples)
[staged]   → robot b: IoU 0.686 → 0.694  ✓
    ↑ new global best IoU 0.694  [phase Ph2 robot b]
[staged]   Ph2 robot a  zone 0  (uncovered: 33% of target)
    [parallel] 10 worker threads, one renderer clone each
    init sampling: best coverage score 1022.0px of uncovered area  (4 samples)
[staged]   → robot a: IoU 0.694 → 0.697  ✓
    ↑ new global best IoU 0.697  [phase Ph2 robot a]
[staged] Phase 2 done — composite IoU: 0.697

[staged] Best snapshot: Phase 2  IoU=0.697
[staged] Manifold final pass — computing Jacobian  (ε=0.020, 60 renders)
[staged] Manifold basis: k=10D / 30D  (variance≥85%, top eigenvalues: ['396744.00', '197234.67', '137750.16', '128155.45', '105260.77'])
    ↑ new global best IoU 0.718  [manifold final pass]
[staged] Manifold done — IoU: 0.718  (Δ=+0.022)  ✓
[staged] FD refinement — 5 Adam steps  (300 renders, lr=0.01, ε=0.02)
    ↑ new global best IoU 0.730  [FD refinement]
[staged] FD done — IoU: 0.730  (Δ=+0.012)  ✓
[staged] Done — final IoU: 0.730  loss: 0.2713
[shard 0] 10/10 digits/9_dejavusans-bold  best=0.741 mean=0.723±0.021  139s  eta 0.0h
[shard 0] DONE 10 targets in 0.39h
