[shard 0/1] 10 targets × 5 runs
[scene] so101 ×3: light_y=1.00 wall_y=-2.40 throw=3.40m table_len=0.40m | magnification 2.4x–3.4x
[shard 0] n_dof=18 arm_gap=0.2
[shard 0] variant=staged+use_voronoi_warmstart=false
[shard 0] wrote /home/souju/dev/umbra-bench-grounded/optimized/aimed-start-probe10/no_aimed-tiny-n3/BUDGET.md
[staged] Popsize: per-robot phases=32  final=16  (theory optimum for 6 DOF = 10)

[staged] Hungarian pre-assignment  (3×3 cost matrix, 8 samples/entry = 72 renders)...
[staged]   robot_a → zone 2  robot_b → zone 0  robot_c → zone 1

[staged] Phase 1 — forward greedy  (4 iters × 3 robot(s), sigma=0.40×1.00, popsize=32)
[staged]   Ph1 robot a  zone 2  (uncovered: 23% of target)
    [parallel] 10 worker threads, one renderer clone each
    init sampling: best coverage score 516.0px of uncovered area  (16 samples)
[staged]   → robot a: IoU 0.148 → 0.430  ✓
    ↑ new global best IoU 0.430  [phase Ph1 robot a]
[staged]   Ph1 robot b  zone 0  (uncovered: 9% of target)
    [parallel] 10 worker threads, one renderer clone each
    init sampling: best coverage score 244.0px of uncovered area  (16 samples)
[staged]   → robot b: IoU 0.430 → 0.536  ✓
    ↑ new global best IoU 0.536  [phase Ph1 robot b]
[staged]   Ph1 robot c  zone 1  (uncovered: 16% of target)
    [parallel] 10 worker threads, one renderer clone each
    init sampling: best coverage score 147.0px of uncovered area  (16 samples)
[staged]   → robot c: IoU 0.536 → 0.613  ✓
    ↑ new global best IoU 0.613  [phase Ph1 robot c]
[staged] Phase 1 done — composite IoU: 0.613

[staged] Phase 2 — backward pass  (4 iters × 3 robots, sigma=0.300)
[staged]   contributions before Phase 2:
[staged]     robot a: +0.251 IoU
[staged]     robot b: +0.096 IoU
[staged]     robot c: +0.076 IoU
[staged]   Ph2 robot c  zone 1  (uncovered: 38% of target)
    [parallel] 10 worker threads, one renderer clone each
    init sampling: best coverage score 449.0px of uncovered area  (16 samples)
[staged]   → robot c: candidate 0.599 < current 0.613  ✗ rejected
[staged]   Ph2 robot b  zone 0  (uncovered: 42% of target)
    [parallel] 10 worker threads, one renderer clone each
    init sampling: best coverage score 462.0px of uncovered area  (16 samples)
[staged]   → robot b: candidate 0.606 < current 0.613  ✗ rejected
[staged]   Ph2 robot a  zone 2  (uncovered: 59% of target)
    [parallel] 10 worker threads, one renderer clone each
    init sampling: best coverage score 1095.0px of uncovered area  (16 samples)
[staged]   → robot a: candidate 0.566 < current 0.613  ✗ rejected
[staged] Phase 2 done — composite IoU: 0.613

[staged] Best snapshot: Phase 1  IoU=0.613
[staged] Final refinement — all joints  (6 iters, popsize=16, sigma=0.160)
    [parallel] 10 worker threads, one renderer clone each
    ↑ new global best IoU 0.633  [final refinement]
[staged] Final done — IoU: 0.633  ✓
[staged] FD refinement — 5 Adam steps  (180 renders, lr=0.01, ε=0.02)
    ↑ new global best IoU 0.666  [FD refinement]
[staged] FD done — IoU: 0.666  (Δ=+0.033)  ✓
[staged] Done — final IoU: 0.666  loss: 0.3348
[staged] Popsize: per-robot phases=32  final=16  (theory optimum for 6 DOF = 10)

[staged] Hungarian pre-assignment  (3×3 cost matrix, 8 samples/entry = 72 renders)...
[staged]   robot_a → zone 1  robot_b → zone 2  robot_c → zone 0

[staged] Phase 1 — forward greedy  (4 iters × 3 robot(s), sigma=0.40×1.00, popsize=32)
[staged]   Ph1 robot a  zone 1  (uncovered: 26% of target)
    [parallel] 10 worker threads, one renderer clone each
    init sampling: best coverage score 399.0px of uncovered area  (16 samples)
[staged]   → robot a: IoU 0.148 → 0.392  ✓
    ↑ new global best IoU 0.392  [phase Ph1 robot a]
[staged]   Ph1 robot b  zone 2  (uncovered: 23% of target)
    [parallel] 10 worker threads, one renderer clone each
    init sampling: best coverage score 597.0px of uncovered area  (16 samples)
[staged]   → robot b: IoU 0.392 → 0.483  ✓
    ↑ new global best IoU 0.483  [phase Ph1 robot b]
[staged]   Ph1 robot c  zone 0  (uncovered: 5% of target)
    [parallel] 10 worker threads, one renderer clone each
    init sampling: best coverage score 129.0px of uncovered area  (16 samples)
[staged]   → robot c: IoU 0.483 → 0.543  ✓
    ↑ new global best IoU 0.543  [phase Ph1 robot c]
[staged] Phase 1 done — composite IoU: 0.543

[staged] Phase 2 — backward pass  (4 iters × 3 robots, sigma=0.300)
[staged]   contributions before Phase 2:
[staged]     robot a: +0.088 IoU
[staged]     robot b: +0.093 IoU
[staged]     robot c: +0.060 IoU
[staged]   Ph2 robot c  zone 0  (uncovered: 42% of target)
    [parallel] 10 worker threads, one renderer clone each
    init sampling: best coverage score 244.0px of uncovered area  (16 samples)
[staged]   → robot c: candidate 0.535 < current 0.543  ✗ rejected
[staged]   Ph2 robot b  zone 2  (uncovered: 49% of target)
    [parallel] 10 worker threads, one renderer clone each
    init sampling: best coverage score 758.0px of uncovered area  (16 samples)
[staged]   → robot b: IoU 0.543 → 0.569  ✓
    ↑ new global best IoU 0.569  [phase Ph2 robot b]
[staged]   Ph2 robot a  zone 1  (uncovered: 44% of target)
    [parallel] 10 worker threads, one renderer clone each
    init sampling: best coverage score 747.0px of uncovered area  (16 samples)
[staged]   → robot a: IoU 0.569 → 0.582  ✓
    ↑ new global best IoU 0.582  [phase Ph2 robot a]
[staged] Phase 2 done — composite IoU: 0.582

[staged] Best snapshot: Phase 2  IoU=0.582
[staged] Final refinement — all joints  (6 iters, popsize=16, sigma=0.160)
    [parallel] 10 worker threads, one renderer clone each
    ↑ new global best IoU 0.593  [final refinement]
[staged] Final done — IoU: 0.593  ✓
[staged] FD refinement — 5 Adam steps  (180 renders, lr=0.01, ε=0.02)
    ↑ new global best IoU 0.602  [FD refinement]
[staged] FD done — IoU: 0.602  (Δ=+0.008)  ✓
[staged] Done — final IoU: 0.602  loss: 0.4006
[staged] Popsize: per-robot phases=32  final=16  (theory optimum for 6 DOF = 10)

[staged] Hungarian pre-assignment  (3×3 cost matrix, 8 samples/entry = 72 renders)...
[staged]   robot_a → zone 0  robot_b → zone 1  robot_c → zone 2

[staged] Phase 1 — forward greedy  (4 iters × 3 robot(s), sigma=0.40×1.00, popsize=32)
[staged]   Ph1 robot a  zone 0  (uncovered: 23% of target)
    [parallel] 10 worker threads, one renderer clone each
    init sampling: best coverage score 331.0px of uncovered area  (16 samples)
[staged]   → robot a: IoU 0.148 → 0.411  ✓
    ↑ new global best IoU 0.411  [phase Ph1 robot a]
[staged]   Ph1 robot b  zone 1  (uncovered: 24% of target)
    [parallel] 10 worker threads, one renderer clone each
    init sampling: best coverage score 535.0px of uncovered area  (16 samples)
[staged]   → robot b: IoU 0.411 → 0.537  ✓
    ↑ new global best IoU 0.537  [phase Ph1 robot b]
[staged]   Ph1 robot c  zone 2  (uncovered: 7% of target)
    [parallel] 10 worker threads, one renderer clone each
    init sampling: best coverage score 145.0px of uncovered area  (16 samples)
[staged]   → robot c: IoU 0.537 → 0.606  ✓
    ↑ new global best IoU 0.606  [phase Ph1 robot c]
[staged] Phase 1 done — composite IoU: 0.606

[staged] Phase 2 — backward pass  (4 iters × 3 robots, sigma=0.300)
[staged]   contributions before Phase 2:
[staged]     robot a: +0.175 IoU
[staged]     robot b: +0.102 IoU
[staged]     robot c: +0.069 IoU
[staged]   Ph2 robot c  zone 2  (uncovered: 35% of target)
    [parallel] 10 worker threads, one renderer clone each
    init sampling: best coverage score 442.0px of uncovered area  (16 samples)
[staged]   → robot c: candidate 0.604 < current 0.606  ✗ rejected
[staged]   Ph2 robot b  zone 1  (uncovered: 42% of target)
    [parallel] 10 worker threads, one renderer clone each
    init sampling: best coverage score 458.0px of uncovered area  (16 samples)
[staged]   → robot b: candidate 0.592 < current 0.606  ✗ rejected
[staged]   Ph2 robot a  zone 0  (uncovered: 46% of target)
    [parallel] 10 worker threads, one renderer clone each
    init sampling: best coverage score 1079.0px of uncovered area  (16 samples)
[staged]   → robot a: IoU 0.606 → 0.623  ✓
    ↑ new global best IoU 0.623  [phase Ph2 robot a]
[staged] Phase 2 done — composite IoU: 0.623

[staged] Best snapshot: Phase 2  IoU=0.623
[staged] Final refinement — all joints  (6 iters, popsize=16, sigma=0.160)
    [parallel] 10 worker threads, one renderer clone each
[staged] Final done — IoU: 0.623  ✓
[staged] FD refinement — 5 Adam steps  (180 renders, lr=0.01, ε=0.02)
    ↑ new global best IoU 0.630  [FD refinement]
[staged] FD done — IoU: 0.630  (Δ=+0.008)  ✓
[staged] Done — final IoU: 0.630  loss: 0.3712
[staged] Popsize: per-robot phases=32  final=16  (theory optimum for 6 DOF = 10)

[staged] Hungarian pre-assignment  (3×3 cost matrix, 8 samples/entry = 72 renders)...
[staged]   robot_a → zone 2  robot_b → zone 1  robot_c → zone 0

[staged] Phase 1 — forward greedy  (4 iters × 3 robot(s), sigma=0.40×1.00, popsize=32)
[staged]   Ph1 robot a  zone 2  (uncovered: 44% of target)
    [parallel] 10 worker threads, one renderer clone each
    init sampling: best coverage score 981.0px of uncovered area  (16 samples)
[staged]   → robot a: IoU 0.148 → 0.407  ✓
    ↑ new global best IoU 0.407  [phase Ph1 robot a]
[staged]   Ph1 robot b  zone 1  (uncovered: 22% of target)
    [parallel] 10 worker threads, one renderer clone each
    init sampling: best coverage score 531.0px of uncovered area  (16 samples)
[staged]   → robot b: IoU 0.407 → 0.512  ✓
    ↑ new global best IoU 0.512  [phase Ph1 robot b]
[staged]   Ph1 robot c  zone 0  (uncovered: 9% of target)
    [parallel] 10 worker threads, one renderer clone each
    init sampling: best coverage score 207.0px of uncovered area  (16 samples)
[staged]   → robot c: IoU 0.512 → 0.547  ✓
    ↑ new global best IoU 0.547  [phase Ph1 robot c]
[staged] Phase 1 done — composite IoU: 0.547

[staged] Phase 2 — backward pass  (4 iters × 3 robots, sigma=0.300)
[staged]   contributions before Phase 2:
[staged]     robot a: +0.166 IoU
[staged]     robot b: +0.110 IoU
[staged]     robot c: +0.035 IoU  ← low
[staged]   Ph2 robot c  zone 0  (uncovered: 41% of target)
    [parallel] 10 worker threads, one renderer clone each
    init sampling: best coverage score 322.0px of uncovered area  (16 samples)
[staged]   → robot c: IoU 0.547 → 0.578  ✓
    ↑ new global best IoU 0.578  [phase Ph2 robot c]
[staged]   Ph2 robot b  zone 1  (uncovered: 44% of target)
    [parallel] 10 worker threads, one renderer clone each
    init sampling: best coverage score 511.0px of uncovered area  (16 samples)
[staged]   → robot b: candidate 0.566 < current 0.578  ✗ rejected
[staged]   Ph2 robot a  zone 2  (uncovered: 54% of target)
    [parallel] 10 worker threads, one renderer clone each
    init sampling: best coverage score 1185.0px of uncovered area  (16 samples)
[staged]   → robot a: candidate 0.560 < current 0.578  ✗ rejected
[staged] Phase 2 done — composite IoU: 0.578

[staged] Best snapshot: Phase 2  IoU=0.578
[staged] Final refinement — all joints  (6 iters, popsize=16, sigma=0.160)
    [parallel] 10 worker threads, one renderer clone each
    ↑ new global best IoU 0.607  [final refinement]
[staged] Final done — IoU: 0.607  ✓
[staged] FD refinement — 5 Adam steps  (180 renders, lr=0.01, ε=0.02)
    ↑ new global best IoU 0.617  [FD refinement]
[staged] FD done — IoU: 0.617  (Δ=+0.011)  ✓
[staged] Done — final IoU: 0.617  loss: 0.3836
[staged] Popsize: per-robot phases=32  final=16  (theory optimum for 6 DOF = 10)

[staged] Hungarian pre-assignment  (3×3 cost matrix, 8 samples/entry = 72 renders)...
[staged]   robot_a → zone 0  robot_b → zone 2  robot_c → zone 1

[staged] Phase 1 — forward greedy  (4 iters × 3 robot(s), sigma=0.40×1.00, popsize=32)
[staged]   Ph1 robot a  zone 0  (uncovered: 26% of target)
    [parallel] 10 worker threads, one renderer clone each
    init sampling: best coverage score 479.0px of uncovered area  (16 samples)
[staged]   → robot a: IoU 0.148 → 0.418  ✓
    ↑ new global best IoU 0.418  [phase Ph1 robot a]
[staged]   Ph1 robot b  zone 2  (uncovered: 8% of target)
    [parallel] 10 worker threads, one renderer clone each
    init sampling: best coverage score 152.0px of uncovered area  (16 samples)
[staged]   → robot b: IoU 0.418 → 0.533  ✓
    ↑ new global best IoU 0.533  [phase Ph1 robot b]
[staged]   Ph1 robot c  zone 1  (uncovered: 14% of target)
    [parallel] 10 worker threads, one renderer clone each
    init sampling: best coverage score 81.0px of uncovered area  (16 samples)
[staged]   → robot c: IoU 0.533 → 0.583  ✓
    ↑ new global best IoU 0.583  [phase Ph1 robot c]
[staged] Phase 1 done — composite IoU: 0.583

[staged] Phase 2 — backward pass  (4 iters × 3 robots, sigma=0.300)
[staged]   contributions before Phase 2:
[staged]     robot a: +0.192 IoU
[staged]     robot b: +0.127 IoU
[staged]     robot c: +0.050 IoU
[staged]   Ph2 robot c  zone 1  (uncovered: 38% of target)
    [parallel] 10 worker threads, one renderer clone each
    init sampling: best coverage score 490.0px of uncovered area  (16 samples)
[staged]   → robot c: IoU 0.583 → 0.603  ✓
    ↑ new global best IoU 0.603  [phase Ph2 robot c]
[staged]   Ph2 robot b  zone 2  (uncovered: 42% of target)
    [parallel] 10 worker threads, one renderer clone each
    init sampling: best coverage score 636.0px of uncovered area  (16 samples)
[staged]   → robot b: candidate 0.569 < current 0.603  ✗ rejected
[staged]   Ph2 robot a  zone 0  (uncovered: 54% of target)
    [parallel] 10 worker threads, one renderer clone each
    init sampling: best coverage score 1379.0px of uncovered area  (16 samples)
[staged]   → robot a: IoU 0.603 → 0.622  ✓
    ↑ new global best IoU 0.622  [phase Ph2 robot a]
[staged] Phase 2 done — composite IoU: 0.622

[staged] Best snapshot: Phase 2  IoU=0.622
[staged] Final refinement — all joints  (6 iters, popsize=16, sigma=0.160)
    [parallel] 10 worker threads, one renderer clone each
[staged] Final done — IoU: 0.622  ✓
[staged] FD refinement — 5 Adam steps  (180 renders, lr=0.01, ε=0.02)
    ↑ new global best IoU 0.632  [FD refinement]
[staged] FD done — IoU: 0.632  (Δ=+0.010)  ✓
[staged] Done — final IoU: 0.632  loss: 0.3691
[shard 0] 1/10 letters_upper/E_dejavusans-bold  best=0.666 mean=0.629±0.021  77s  eta 0.2h
[staged] Popsize: per-robot phases=32  final=16  (theory optimum for 6 DOF = 10)

[staged] Hungarian pre-assignment  (3×3 cost matrix, 8 samples/entry = 72 renders)...
[staged]   robot_a → zone 1  robot_b → zone 0  robot_c → zone 2

[staged] Phase 1 — forward greedy  (4 iters × 3 robot(s), sigma=0.40×1.00, popsize=32)
[staged]   Ph1 robot a  zone 1  (uncovered: 24% of target)
    [parallel] 10 worker threads, one renderer clone each
    init sampling: best coverage score 799.0px of uncovered area  (16 samples)
[staged]   → robot a: IoU 0.170 → 0.295  ✓
    ↑ new global best IoU 0.295  [phase Ph1 robot a]
[staged]   Ph1 robot b  zone 0  (uncovered: 7% of target)
    [parallel] 10 worker threads, one renderer clone each
    init sampling: best coverage score 212.0px of uncovered area  (16 samples)
[staged]   → robot b: IoU 0.295 → 0.437  ✓
    ↑ new global best IoU 0.437  [phase Ph1 robot b]
[staged]   Ph1 robot c  zone 2  (uncovered: 30% of target)
    [parallel] 10 worker threads, one renderer clone each
    init sampling: best coverage score 298.0px of uncovered area  (16 samples)
[staged]   → robot c: IoU 0.437 → 0.504  ✓
    ↑ new global best IoU 0.504  [phase Ph1 robot c]
[staged] Phase 1 done — composite IoU: 0.504

[staged] Phase 2 — backward pass  (4 iters × 3 robots, sigma=0.300)
[staged]   contributions before Phase 2:
[staged]     robot a: +0.148 IoU
[staged]     robot b: +0.124 IoU
[staged]     robot c: +0.067 IoU
[staged]   Ph2 robot c  zone 2  (uncovered: 42% of target)
    [parallel] 10 worker threads, one renderer clone each
    init sampling: best coverage score 354.0px of uncovered area  (16 samples)
[staged]   → robot c: candidate 0.499 < current 0.504  ✗ rejected
[staged]   Ph2 robot b  zone 0  (uncovered: 50% of target)
    [parallel] 10 worker threads, one renderer clone each
    init sampling: best coverage score 237.0px of uncovered area  (16 samples)
[staged]   → robot b: candidate 0.426 < current 0.504  ✗ rejected
[staged]   Ph2 robot a  zone 1  (uncovered: 55% of target)
    [parallel] 10 worker threads, one renderer clone each
    init sampling: best coverage score 803.0px of uncovered area  (16 samples)
[staged]   → robot a: candidate 0.487 < current 0.504  ✗ rejected
[staged] Phase 2 done — composite IoU: 0.504

[staged] Best snapshot: Phase 1  IoU=0.504
[staged] Final refinement — all joints  (6 iters, popsize=16, sigma=0.160)
    [parallel] 10 worker threads, one renderer clone each
    ↑ new global best IoU 0.511  [final refinement]
[staged] Final done — IoU: 0.511  ✓
[staged] FD refinement — 5 Adam steps  (180 renders, lr=0.01, ε=0.02)
    ↑ new global best IoU 0.539  [FD refinement]
[staged] FD done — IoU: 0.539  (Δ=+0.027)  ✓
[staged] Done — final IoU: 0.539  loss: 0.4636
[staged] Popsize: per-robot phases=32  final=16  (theory optimum for 6 DOF = 10)

[staged] Hungarian pre-assignment  (3×3 cost matrix, 8 samples/entry = 72 renders)...
[staged]   robot_a → zone 0  robot_b → zone 1  robot_c → zone 2

[staged] Phase 1 — forward greedy  (4 iters × 3 robot(s), sigma=0.40×1.00, popsize=32)
[staged]   Ph1 robot a  zone 0  (uncovered: 23% of target)
    [parallel] 10 worker threads, one renderer clone each
    init sampling: best coverage score 162.0px of uncovered area  (16 samples)
[staged]   → robot a: IoU 0.170 → 0.376  ✓
    ↑ new global best IoU 0.376  [phase Ph1 robot a]
[staged]   Ph1 robot b  zone 1  (uncovered: 12% of target)
    [parallel] 10 worker threads, one renderer clone each
    init sampling: best coverage score 218.0px of uncovered area  (16 samples)
[staged]   → robot b: IoU 0.376 → 0.452  ✓
    ↑ new global best IoU 0.452  [phase Ph1 robot b]
[staged]   Ph1 robot c  zone 2  (uncovered: 22% of target)
    [parallel] 10 worker threads, one renderer clone each
    init sampling: best coverage score 621.0px of uncovered area  (16 samples)
[staged]   → robot c: IoU 0.452 → 0.531  ✓
    ↑ new global best IoU 0.531  [phase Ph1 robot c]
[staged] Phase 1 done — composite IoU: 0.531

[staged] Phase 2 — backward pass  (4 iters × 3 robots, sigma=0.300)
[staged]   contributions before Phase 2:
[staged]     robot a: +0.208 IoU
[staged]     robot b: +0.104 IoU
[staged]     robot c: +0.079 IoU
[staged]   Ph2 robot c  zone 2  (uncovered: 43% of target)
    [parallel] 10 worker threads, one renderer clone each
    init sampling: best coverage score 402.0px of uncovered area  (16 samples)
[staged]   → robot c: IoU 0.531 → 0.544  ✓
    ↑ new global best IoU 0.544  [phase Ph2 robot c]
[staged]   Ph2 robot b  zone 1  (uncovered: 47% of target)
    [parallel] 10 worker threads, one renderer clone each
    init sampling: best coverage score 461.0px of uncovered area  (16 samples)
[staged]   → robot b: IoU 0.544 → 0.567  ✓
    ↑ new global best IoU 0.567  [phase Ph2 robot b]
[staged]   Ph2 robot a  zone 0  (uncovered: 56% of target)
    [parallel] 10 worker threads, one renderer clone each
    init sampling: best coverage score 606.0px of uncovered area  (16 samples)
[staged]   → robot a: candidate 0.524 < current 0.567  ✗ rejected
[staged] Phase 2 done — composite IoU: 0.567

[staged] Best snapshot: Phase 2  IoU=0.567
[staged] Final refinement — all joints  (6 iters, popsize=16, sigma=0.160)
    [parallel] 10 worker threads, one renderer clone each
[staged] Final done — IoU: 0.567  ✓
[staged] FD refinement — 5 Adam steps  (180 renders, lr=0.01, ε=0.02)
    ↑ new global best IoU 0.591  [FD refinement]
[staged] FD done — IoU: 0.591  (Δ=+0.024)  ✓
[staged] Done — final IoU: 0.591  loss: 0.4105
[staged] Popsize: per-robot phases=32  final=16  (theory optimum for 6 DOF = 10)

[staged] Hungarian pre-assignment  (3×3 cost matrix, 8 samples/entry = 72 renders)...
[staged]   robot_a → zone 0  robot_b → zone 2  robot_c → zone 1

[staged] Phase 1 — forward greedy  (4 iters × 3 robot(s), sigma=0.40×1.00, popsize=32)
[staged]   Ph1 robot a  zone 0  (uncovered: 23% of target)
    [parallel] 10 worker threads, one renderer clone each
    init sampling: best coverage score 42.0px of uncovered area  (16 samples)
[staged]   → robot a: IoU 0.170 → 0.329  ✓
    ↑ new global best IoU 0.329  [phase Ph1 robot a]
[staged]   Ph1 robot b  zone 2  (uncovered: 11% of target)
    [parallel] 10 worker threads, one renderer clone each
    init sampling: best coverage score 214.0px of uncovered area  (16 samples)
[staged]   → robot b: IoU 0.329 → 0.410  ✓
    ↑ new global best IoU 0.410  [phase Ph1 robot b]
[staged]   Ph1 robot c  zone 1  (uncovered: 24% of target)
    [parallel] 10 worker threads, one renderer clone each
    init sampling: best coverage score 475.0px of uncovered area  (16 samples)
[staged]   → robot c: IoU 0.410 → 0.481  ✓
    ↑ new global best IoU 0.481  [phase Ph1 robot c]
[staged] Phase 1 done — composite IoU: 0.481

[staged] Phase 2 — backward pass  (4 iters × 3 robots, sigma=0.300)
[staged]   contributions before Phase 2:
[staged]     robot a: +0.191 IoU
[staged]     robot b: +0.095 IoU
[staged]     robot c: +0.071 IoU
[staged]   Ph2 robot c  zone 1  (uncovered: 48% of target)
    [parallel] 10 worker threads, one renderer clone each
    init sampling: best coverage score 459.0px of uncovered area  (16 samples)
[staged]   → robot c: IoU 0.481 → 0.494  ✓
    ↑ new global best IoU 0.494  [phase Ph2 robot c]
[staged]   Ph2 robot b  zone 2  (uncovered: 51% of target)
    [parallel] 10 worker threads, one renderer clone each
    init sampling: best coverage score 495.0px of uncovered area  (16 samples)
[staged]   → robot b: IoU 0.494 → 0.501  ✓
    ↑ new global best IoU 0.501  [phase Ph2 robot b]
[staged]   Ph2 robot a  zone 0  (uncovered: 60% of target)
    [parallel] 10 worker threads, one renderer clone each
    init sampling: best coverage score 506.0px of uncovered area  (16 samples)
[staged]   → robot a: candidate 0.434 < current 0.501  ✗ rejected
[staged] Phase 2 done — composite IoU: 0.501

[staged] Best snapshot: Phase 2  IoU=0.501
[staged] Final refinement — all joints  (6 iters, popsize=16, sigma=0.160)
    [parallel] 10 worker threads, one renderer clone each
    ↑ new global best IoU 0.508  [final refinement]
[staged] Final done — IoU: 0.508  ✓
[staged] FD refinement — 5 Adam steps  (180 renders, lr=0.01, ε=0.02)
    ↑ new global best IoU 0.524  [FD refinement]
[staged] FD done — IoU: 0.524  (Δ=+0.016)  ✓
[staged] Done — final IoU: 0.524  loss: 0.4778
[staged] Popsize: per-robot phases=32  final=16  (theory optimum for 6 DOF = 10)

[staged] Hungarian pre-assignment  (3×3 cost matrix, 8 samples/entry = 72 renders)...
[staged]   robot_a → zone 2  robot_b → zone 0  robot_c → zone 1

[staged] Phase 1 — forward greedy  (4 iters × 3 robot(s), sigma=0.40×1.00, popsize=32)
[staged]   Ph1 robot a  zone 2  (uncovered: 26% of target)
    [parallel] 10 worker threads, one renderer clone each
    init sampling: best coverage score 460.0px of uncovered area  (16 samples)
[staged]   → robot a: IoU 0.170 → 0.351  ✓
    ↑ new global best IoU 0.351  [phase Ph1 robot a]
[staged]   Ph1 robot b  zone 0  (uncovered: 37% of target)
    [parallel] 10 worker threads, one renderer clone each
    init sampling: best coverage score 596.0px of uncovered area  (16 samples)
[staged]   → robot b: IoU 0.351 → 0.453  ✓
    ↑ new global best IoU 0.453  [phase Ph1 robot b]
[staged]   Ph1 robot c  zone 1  (uncovered: 13% of target)
    [parallel] 10 worker threads, one renderer clone each
    init sampling: best coverage score 159.0px of uncovered area  (16 samples)
[staged]   → robot c: IoU 0.453 → 0.482  ✓
    ↑ new global best IoU 0.482  [phase Ph1 robot c]
[staged] Phase 1 done — composite IoU: 0.482

[staged] Phase 2 — backward pass  (4 iters × 3 robots, sigma=0.300)
[staged]   contributions before Phase 2:
[staged]     robot a: +0.189 IoU
[staged]     robot b: +0.118 IoU
[staged]     robot c: +0.030 IoU  ← low
[staged]   Ph2 robot c  zone 1  (uncovered: 39% of target)
    [parallel] 10 worker threads, one renderer clone each
    init sampling: best coverage score 334.0px of uncovered area  (16 samples)
[staged]   → robot c: IoU 0.482 → 0.494  ✓
    ↑ new global best IoU 0.494  [phase Ph2 robot c]
[staged]   Ph2 robot b  zone 0  (uncovered: 49% of target)
    [parallel] 10 worker threads, one renderer clone each
    init sampling: best coverage score 456.0px of uncovered area  (16 samples)
[staged]   → robot b: IoU 0.494 → 0.534  ✓
    ↑ new global best IoU 0.534  [phase Ph2 robot b]
[staged]   Ph2 robot a  zone 2  (uncovered: 56% of target)
    [parallel] 10 worker threads, one renderer clone each
    init sampling: best coverage score 513.0px of uncovered area  (16 samples)
[staged]   → robot a: candidate 0.531 < current 0.534  ✗ rejected
[staged] Phase 2 done — composite IoU: 0.534

[staged] Best snapshot: Phase 2  IoU=0.534
[staged] Final refinement — all joints  (6 iters, popsize=16, sigma=0.160)
    [parallel] 10 worker threads, one renderer clone each
    ↑ new global best IoU 0.544  [final refinement]
[staged] Final done — IoU: 0.544  ✓
[staged] FD refinement — 5 Adam steps  (180 renders, lr=0.01, ε=0.02)
    ↑ new global best IoU 0.570  [FD refinement]
[staged] FD done — IoU: 0.570  (Δ=+0.026)  ✓
[staged] Done — final IoU: 0.570  loss: 0.4315
[staged] Popsize: per-robot phases=32  final=16  (theory optimum for 6 DOF = 10)

[staged] Hungarian pre-assignment  (3×3 cost matrix, 8 samples/entry = 72 renders)...
[staged]   robot_a → zone 0  robot_b → zone 2  robot_c → zone 1

[staged] Phase 1 — forward greedy  (4 iters × 3 robot(s), sigma=0.40×1.00, popsize=32)
[staged]   Ph1 robot a  zone 0  (uncovered: 26% of target)
    [parallel] 10 worker threads, one renderer clone each
    init sampling: best coverage score 867.0px of uncovered area  (16 samples)
[staged]   → robot a: IoU 0.170 → 0.400  ✓
    ↑ new global best IoU 0.400  [phase Ph1 robot a]
[staged]   Ph1 robot b  zone 2  (uncovered: 37% of target)
    [parallel] 10 worker threads, one renderer clone each
    init sampling: best coverage score 552.0px of uncovered area  (16 samples)
[staged]   → robot b: IoU 0.400 → 0.527  ✓
    ↑ new global best IoU 0.527  [phase Ph1 robot b]
[staged]   Ph1 robot c  zone 1  (uncovered: 3% of target)
    [parallel] 10 worker threads, one renderer clone each
    init sampling: best coverage score 43.0px of uncovered area  (16 samples)
[staged]   → robot c: IoU 0.527 → 0.570  ✓
    ↑ new global best IoU 0.570  [phase Ph1 robot c]
[staged] Phase 1 done — composite IoU: 0.570

[staged] Phase 2 — backward pass  (4 iters × 3 robots, sigma=0.300)
[staged]   contributions before Phase 2:
[staged]     robot a: +0.205 IoU
[staged]     robot b: +0.142 IoU
[staged]     robot c: +0.043 IoU  ← low
[staged]   Ph2 robot c  zone 1  (uncovered: 37% of target)
    [parallel] 10 worker threads, one renderer clone each
    init sampling: best coverage score 396.0px of uncovered area  (16 samples)
[staged]   → robot c: candidate 0.569 < current 0.570  ✗ rejected
[staged]   Ph2 robot b  zone 2  (uncovered: 44% of target)
    [parallel] 10 worker threads, one renderer clone each
    init sampling: best coverage score 457.0px of uncovered area  (16 samples)
[staged]   → robot b: candidate 0.541 < current 0.570  ✗ rejected
[staged]   Ph2 robot a  zone 0  (uncovered: 54% of target)
    [parallel] 10 worker threads, one renderer clone each
    init sampling: best coverage score 437.0px of uncovered area  (16 samples)
[staged]   → robot a: candidate 0.501 < current 0.570  ✗ rejected
[staged] Phase 2 done — composite IoU: 0.570

[staged] Best snapshot: Phase 1  IoU=0.570
[staged] Final refinement — all joints  (6 iters, popsize=16, sigma=0.160)
    [parallel] 10 worker threads, one renderer clone each
    ↑ new global best IoU 0.573  [final refinement]
[staged] Final done — IoU: 0.573  ✓
[staged] FD refinement — 5 Adam steps  (180 renders, lr=0.01, ε=0.02)
    ↑ new global best IoU 0.589  [FD refinement]
[staged] FD done — IoU: 0.589  (Δ=+0.016)  ✓
[staged] Done — final IoU: 0.589  loss: 0.4129
[shard 0] 2/10 letters_upper/H_dejavusans-bold  best=0.591 mean=0.563±0.027  77s  eta 0.2h
[staged] Popsize: per-robot phases=32  final=16  (theory optimum for 6 DOF = 10)

[staged] Hungarian pre-assignment  (3×3 cost matrix, 8 samples/entry = 72 renders)...
[staged]   robot_a → zone 0  robot_b → zone 2  robot_c → zone 1

[staged] Phase 1 — forward greedy  (4 iters × 3 robot(s), sigma=0.40×1.00, popsize=32)
[staged]   Ph1 robot a  zone 0  (uncovered: 21% of target)
    [parallel] 10 worker threads, one renderer clone each
    init sampling: best coverage score 539.0px of uncovered area  (16 samples)
[staged]   → robot a: IoU 0.174 → 0.344  ✓
    ↑ new global best IoU 0.344  [phase Ph1 robot a]
[staged]   Ph1 robot b  zone 2  (uncovered: 16% of target)
    [parallel] 10 worker threads, one renderer clone each
    init sampling: best coverage score 345.0px of uncovered area  (16 samples)
[staged]   → robot b: IoU 0.344 → 0.478  ✓
    ↑ new global best IoU 0.478  [phase Ph1 robot b]
[staged]   Ph1 robot c  zone 1  (uncovered: 5% of target)
    [parallel] 10 worker threads, one renderer clone each
    init sampling: best coverage score 49.0px of uncovered area  (16 samples)
[staged]   → robot c: IoU 0.478 → 0.587  ✓
    ↑ new global best IoU 0.587  [phase Ph1 robot c]
[staged] Phase 1 done — composite IoU: 0.587

[staged] Phase 2 — backward pass  (4 iters × 3 robots, sigma=0.300)
[staged]   contributions before Phase 2:
[staged]     robot a: +0.133 IoU
[staged]     robot b: +0.150 IoU
[staged]     robot c: +0.110 IoU
[staged]   Ph2 robot c  zone 1  (uncovered: 34% of target)
    [parallel] 10 worker threads, one renderer clone each
    init sampling: best coverage score 374.0px of uncovered area  (16 samples)
[staged]   → robot c: candidate 0.539 < current 0.587  ✗ rejected
[staged]   Ph2 robot b  zone 2  (uncovered: 42% of target)
    [parallel] 10 worker threads, one renderer clone each
    init sampling: best coverage score 548.0px of uncovered area  (16 samples)
[staged]   → robot b: candidate 0.534 < current 0.587  ✗ rejected
[staged]   Ph2 robot a  zone 0  (uncovered: 44% of target)
    [parallel] 10 worker threads, one renderer clone each
    init sampling: best coverage score 521.0px of uncovered area  (16 samples)
[staged]   → robot a: candidate 0.557 < current 0.587  ✗ rejected
[staged] Phase 2 done — composite IoU: 0.587

[staged] Best snapshot: Phase 1  IoU=0.587
[staged] Final refinement — all joints  (6 iters, popsize=16, sigma=0.160)
    [parallel] 10 worker threads, one renderer clone each
[staged] Final done — IoU: 0.587  ✓
[staged] FD refinement — 5 Adam steps  (180 renders, lr=0.01, ε=0.02)
    ↑ new global best IoU 0.605  [FD refinement]
[staged] FD done — IoU: 0.605  (Δ=+0.018)  ✓
[staged] Done — final IoU: 0.605  loss: 0.3974
[staged] Popsize: per-robot phases=32  final=16  (theory optimum for 6 DOF = 10)

[staged] Hungarian pre-assignment  (3×3 cost matrix, 8 samples/entry = 72 renders)...
[staged]   robot_a → zone 2  robot_b → zone 1  robot_c → zone 0

[staged] Phase 1 — forward greedy  (4 iters × 3 robot(s), sigma=0.40×1.00, popsize=32)
[staged]   Ph1 robot a  zone 2  (uncovered: 31% of target)
    [parallel] 10 worker threads, one renderer clone each
    init sampling: best coverage score 400.0px of uncovered area  (16 samples)
[staged]   → robot a: IoU 0.174 → 0.346  ✓
    ↑ new global best IoU 0.346  [phase Ph1 robot a]
[staged]   Ph1 robot b  zone 1  (uncovered: 16% of target)
    [parallel] 10 worker threads, one renderer clone each
    init sampling: best coverage score 514.0px of uncovered area  (16 samples)
[staged]   → robot b: IoU 0.346 → 0.423  ✓
    ↑ new global best IoU 0.423  [phase Ph1 robot b]
[staged]   Ph1 robot c  zone 0  (uncovered: 18% of target)
    [parallel] 10 worker threads, one renderer clone each
    init sampling: best coverage score 419.0px of uncovered area  (16 samples)
[staged]   → robot c: IoU 0.423 → 0.534  ✓
    ↑ new global best IoU 0.534  [phase Ph1 robot c]
[staged] Phase 1 done — composite IoU: 0.534

[staged] Phase 2 — backward pass  (4 iters × 3 robots, sigma=0.300)
[staged]   contributions before Phase 2:
[staged]     robot a: +0.051 IoU
[staged]     robot b: +0.111 IoU
[staged]     robot c: +0.111 IoU
[staged]   Ph2 robot c  zone 0  (uncovered: 47% of target)
    [parallel] 10 worker threads, one renderer clone each
    init sampling: best coverage score 379.0px of uncovered area  (16 samples)
[staged]   → robot c: candidate 0.498 < current 0.534  ✗ rejected
[staged]   Ph2 robot b  zone 1  (uncovered: 46% of target)
    [parallel] 10 worker threads, one renderer clone each
    init sampling: best coverage score 528.0px of uncovered area  (16 samples)
[staged]   → robot b: IoU 0.534 → 0.535  ✓
    ↑ new global best IoU 0.535  [phase Ph2 robot b]
[staged]   Ph2 robot a  zone 2  (uncovered: 38% of target)
    [parallel] 10 worker threads, one renderer clone each
    init sampling: best coverage score 454.0px of uncovered area  (16 samples)
[staged]   → robot a: IoU 0.535 → 0.573  ✓
    ↑ new global best IoU 0.573  [phase Ph2 robot a]
[staged] Phase 2 done — composite IoU: 0.573

[staged] Best snapshot: Phase 2  IoU=0.573
[staged] Final refinement — all joints  (6 iters, popsize=16, sigma=0.160)
    [parallel] 10 worker threads, one renderer clone each
[staged] Final done — IoU: 0.573  ✓
[staged] FD refinement — 5 Adam steps  (180 renders, lr=0.01, ε=0.02)
    ↑ new global best IoU 0.595  [FD refinement]
[staged] FD done — IoU: 0.595  (Δ=+0.023)  ✓
[staged] Done — final IoU: 0.595  loss: 0.4058
[staged] Popsize: per-robot phases=32  final=16  (theory optimum for 6 DOF = 10)

[staged] Hungarian pre-assignment  (3×3 cost matrix, 8 samples/entry = 72 renders)...
[staged]   robot_a → zone 2  robot_b → zone 0  robot_c → zone 1

[staged] Phase 1 — forward greedy  (4 iters × 3 robot(s), sigma=0.40×1.00, popsize=32)
[staged]   Ph1 robot a  zone 2  (uncovered: 21% of target)
    [parallel] 10 worker threads, one renderer clone each
    init sampling: best coverage score 253.0px of uncovered area  (16 samples)
[staged]   → robot a: IoU 0.174 → 0.395  ✓
    ↑ new global best IoU 0.395  [phase Ph1 robot a]
[staged]   Ph1 robot b  zone 0  (uncovered: 18% of target)
    [parallel] 10 worker threads, one renderer clone each
    init sampling: best coverage score 422.0px of uncovered area  (16 samples)
[staged]   → robot b: IoU 0.395 → 0.483  ✓
    ↑ new global best IoU 0.483  [phase Ph1 robot b]
[staged]   Ph1 robot c  zone 1  (uncovered: 11% of target)
    [parallel] 10 worker threads, one renderer clone each
    init sampling: best coverage score 219.0px of uncovered area  (16 samples)
[staged]   → robot c: IoU 0.483 → 0.577  ✓
    ↑ new global best IoU 0.577  [phase Ph1 robot c]
[staged] Phase 1 done — composite IoU: 0.577

[staged] Phase 2 — backward pass  (4 iters × 3 robots, sigma=0.300)
[staged]   contributions before Phase 2:
[staged]     robot a: +0.229 IoU
[staged]     robot b: +0.098 IoU
[staged]     robot c: +0.094 IoU
[staged]   Ph2 robot c  zone 1  (uncovered: 39% of target)
    [parallel] 10 worker threads, one renderer clone each
    init sampling: best coverage score 342.0px of uncovered area  (16 samples)
[staged]   → robot c: candidate 0.547 < current 0.577  ✗ rejected
[staged]   Ph2 robot b  zone 0  (uncovered: 41% of target)
    [parallel] 10 worker threads, one renderer clone each
    init sampling: best coverage score 540.0px of uncovered area  (16 samples)
[staged]   → robot b: IoU 0.577 → 0.582  ✓
    ↑ new global best IoU 0.582  [phase Ph2 robot b]
[staged]   Ph2 robot a  zone 2  (uncovered: 49% of target)
    [parallel] 10 worker threads, one renderer clone each
    init sampling: best coverage score 857.0px of uncovered area  (16 samples)
[staged]   → robot a: candidate 0.535 < current 0.582  ✗ rejected
[staged] Phase 2 done — composite IoU: 0.582

[staged] Best snapshot: Phase 2  IoU=0.582
[staged] Final refinement — all joints  (6 iters, popsize=16, sigma=0.160)
    [parallel] 10 worker threads, one renderer clone each
[staged] Final done — IoU: 0.582  ✓
[staged] FD refinement — 5 Adam steps  (180 renders, lr=0.01, ε=0.02)
    ↑ new global best IoU 0.595  [FD refinement]
[staged] FD done — IoU: 0.595  (Δ=+0.013)  ✓
[staged] Done — final IoU: 0.595  loss: 0.4060
[staged] Popsize: per-robot phases=32  final=16  (theory optimum for 6 DOF = 10)

[staged] Hungarian pre-assignment  (3×3 cost matrix, 8 samples/entry = 72 renders)...
[staged]   robot_a → zone 2  robot_b → zone 0  robot_c → zone 1

[staged] Phase 1 — forward greedy  (4 iters × 3 robot(s), sigma=0.40×1.00, popsize=32)
[staged]   Ph1 robot a  zone 2  (uncovered: 42% of target)
    [parallel] 10 worker threads, one renderer clone each
    init sampling: best coverage score 672.0px of uncovered area  (16 samples)
[staged]   → robot a: IoU 0.174 → 0.412  ✓
    ↑ new global best IoU 0.412  [phase Ph1 robot a]
[staged]   Ph1 robot b  zone 0  (uncovered: 17% of target)
    [parallel] 10 worker threads, one renderer clone each
    init sampling: best coverage score 366.0px of uncovered area  (16 samples)
[staged]   → robot b: IoU 0.412 → 0.525  ✓
    ↑ new global best IoU 0.525  [phase Ph1 robot b]
[staged]   Ph1 robot c  zone 1  (uncovered: 13% of target)
    [parallel] 10 worker threads, one renderer clone each
    init sampling: best coverage score 177.0px of uncovered area  (16 samples)
[staged]   → robot c: IoU 0.525 → 0.581  ✓
    ↑ new global best IoU 0.581  [phase Ph1 robot c]
[staged] Phase 1 done — composite IoU: 0.581

[staged] Phase 2 — backward pass  (4 iters × 3 robots, sigma=0.300)
[staged]   contributions before Phase 2:
[staged]     robot a: +0.185 IoU
[staged]     robot b: +0.157 IoU
[staged]     robot c: +0.056 IoU
[staged]   Ph2 robot c  zone 1  (uncovered: 33% of target)
    [parallel] 10 worker threads, one renderer clone each
    init sampling: best coverage score 489.0px of uncovered area  (16 samples)
[staged]   → robot c: IoU 0.581 → 0.594  ✓
    ↑ new global best IoU 0.594  [phase Ph2 robot c]
[staged]   Ph2 robot b  zone 0  (uncovered: 43% of target)
    [parallel] 10 worker threads, one renderer clone each
    init sampling: best coverage score 452.0px of uncovered area  (16 samples)
[staged]   → robot b: IoU 0.594 → 0.609  ✓
    ↑ new global best IoU 0.609  [phase Ph2 robot b]
[staged]   Ph2 robot a  zone 2  (uncovered: 53% of target)
    [parallel] 10 worker threads, one renderer clone each
    init sampling: best coverage score 1315.0px of uncovered area  (16 samples)
[staged]   → robot a: candidate 0.569 < current 0.609  ✗ rejected
[staged] Phase 2 done — composite IoU: 0.609

[staged] Best snapshot: Phase 2  IoU=0.609
[staged] Final refinement — all joints  (6 iters, popsize=16, sigma=0.160)
    [parallel] 10 worker threads, one renderer clone each
[staged] Final done — IoU: 0.609  ✓
[staged] FD refinement — 5 Adam steps  (180 renders, lr=0.01, ε=0.02)
    ↑ new global best IoU 0.633  [FD refinement]
[staged] FD done — IoU: 0.633  (Δ=+0.024)  ✓
[staged] Done — final IoU: 0.633  loss: 0.3681
[staged] Popsize: per-robot phases=32  final=16  (theory optimum for 6 DOF = 10)

[staged] Hungarian pre-assignment  (3×3 cost matrix, 8 samples/entry = 72 renders)...
[staged]   robot_a → zone 0  robot_b → zone 2  robot_c → zone 1

[staged] Phase 1 — forward greedy  (4 iters × 3 robot(s), sigma=0.40×1.00, popsize=32)
[staged]   Ph1 robot a  zone 0  (uncovered: 19% of target)
    [parallel] 10 worker threads, one renderer clone each
    init sampling: best coverage score 440.0px of uncovered area  (16 samples)
[staged]   → robot a: IoU 0.174 → 0.390  ✓
    ↑ new global best IoU 0.390  [phase Ph1 robot a]
[staged]   Ph1 robot b  zone 2  (uncovered: 25% of target)
    [parallel] 10 worker threads, one renderer clone each
    init sampling: best coverage score 586.0px of uncovered area  (16 samples)
[staged]   → robot b: IoU 0.390 → 0.508  ✓
    ↑ new global best IoU 0.508  [phase Ph1 robot b]
[staged]   Ph1 robot c  zone 1  (uncovered: 21% of target)
    [parallel] 10 worker threads, one renderer clone each
    init sampling: best coverage score 133.0px of uncovered area  (16 samples)
[staged]   → robot c: IoU 0.508 → 0.566  ✓
    ↑ new global best IoU 0.566  [phase Ph1 robot c]
[staged] Phase 1 done — composite IoU: 0.566

[staged] Phase 2 — backward pass  (4 iters × 3 robots, sigma=0.300)
[staged]   contributions before Phase 2:
[staged]     robot a: +0.201 IoU
[staged]     robot b: +0.112 IoU
[staged]     robot c: +0.057 IoU
[staged]   Ph2 robot c  zone 1  (uncovered: 33% of target)
    [parallel] 10 worker threads, one renderer clone each
    init sampling: best coverage score 248.0px of uncovered area  (16 samples)
[staged]   → robot c: IoU 0.566 → 0.570  ✓
    ↑ new global best IoU 0.570  [phase Ph2 robot c]
[staged]   Ph2 robot b  zone 2  (uncovered: 44% of target)
    [parallel] 10 worker threads, one renderer clone each
    init sampling: best coverage score 396.0px of uncovered area  (16 samples)
[staged]   → robot b: IoU 0.570 → 0.581  ✓
    ↑ new global best IoU 0.581  [phase Ph2 robot b]
[staged]   Ph2 robot a  zone 0  (uncovered: 56% of target)
    [parallel] 10 worker threads, one renderer clone each
    init sampling: best coverage score 1356.0px of uncovered area  (16 samples)
[staged]   → robot a: IoU 0.581 → 0.631  ✓
    ↑ new global best IoU 0.631  [phase Ph2 robot a]
[staged] Phase 2 done — composite IoU: 0.631

[staged] Best snapshot: Phase 2  IoU=0.631
[staged] Final refinement — all joints  (6 iters, popsize=16, sigma=0.160)
    [parallel] 10 worker threads, one renderer clone each
[staged] Final done — IoU: 0.631  ✓
[staged] FD refinement — 5 Adam steps  (180 renders, lr=0.01, ε=0.02)
    ↑ new global best IoU 0.644  [FD refinement]
[staged] FD done — IoU: 0.644  (Δ=+0.014)  ✓
[staged] Done — final IoU: 0.644  loss: 0.3571
[shard 0] 3/10 letters_upper/K_dejavusans-bold  best=0.644 mean=0.615±0.020  77s  eta 0.1h
[staged] Popsize: per-robot phases=32  final=16  (theory optimum for 6 DOF = 10)

[staged] Hungarian pre-assignment  (3×3 cost matrix, 8 samples/entry = 72 renders)...
[staged]   robot_a → zone 2  robot_b → zone 0  robot_c → zone 1

[staged] Phase 1 — forward greedy  (4 iters × 3 robot(s), sigma=0.40×1.00, popsize=32)
[staged]   Ph1 robot a  zone 2  (uncovered: 26% of target)
    [parallel] 10 worker threads, one renderer clone each
    init sampling: best coverage score 837.0px of uncovered area  (16 samples)
[staged]   → robot a: IoU 0.162 → 0.335  ✓
    ↑ new global best IoU 0.335  [phase Ph1 robot a]
[staged]   Ph1 robot b  zone 0  (uncovered: 21% of target)
    [parallel] 10 worker threads, one renderer clone each
    init sampling: best coverage score 447.0px of uncovered area  (16 samples)
[staged]   → robot b: IoU 0.335 → 0.502  ✓
    ↑ new global best IoU 0.502  [phase Ph1 robot b]
[staged]   Ph1 robot c  zone 1  (uncovered: 6% of target)
    [parallel] 10 worker threads, one renderer clone each
    init sampling: best coverage score 93.0px of uncovered area  (16 samples)
[staged]   → robot c: IoU 0.502 → 0.522  ✓
    ↑ new global best IoU 0.522  [phase Ph1 robot c]
[staged] Phase 1 done — composite IoU: 0.522

[staged] Phase 2 — backward pass  (4 iters × 3 robots, sigma=0.300)
[staged]   contributions before Phase 2:
[staged]     robot a: +0.144 IoU
[staged]     robot b: +0.102 IoU
[staged]     robot c: +0.021 IoU  ← low
[staged]   Ph2 robot c  zone 1  (uncovered: 34% of target)
    [parallel] 10 worker threads, one renderer clone each
    init sampling: best coverage score 225.0px of uncovered area  (16 samples)
[staged]   → robot c: IoU 0.522 → 0.569  ✓
    ↑ new global best IoU 0.569  [phase Ph2 robot c]
[staged]   Ph2 robot b  zone 0  (uncovered: 47% of target)
    [parallel] 10 worker threads, one renderer clone each
    init sampling: best coverage score 493.0px of uncovered area  (16 samples)
[staged]   → robot b: candidate 0.467 < current 0.569  ✗ rejected
[staged]   Ph2 robot a  zone 2  (uncovered: 44% of target)
    [parallel] 10 worker threads, one renderer clone each
    init sampling: best coverage score 410.0px of uncovered area  (16 samples)
[staged]   → robot a: IoU 0.569 → 0.616  ✓
    ↑ new global best IoU 0.616  [phase Ph2 robot a]
[staged] Phase 2 done — composite IoU: 0.616

[staged] Best snapshot: Phase 2  IoU=0.616
[staged] Final refinement — all joints  (6 iters, popsize=16, sigma=0.160)
    [parallel] 10 worker threads, one renderer clone each
    ↑ new global best IoU 0.655  [final refinement]
[staged] Final done — IoU: 0.655  ✓
[staged] FD refinement — 5 Adam steps  (180 renders, lr=0.01, ε=0.02)
    ↑ new global best IoU 0.666  [FD refinement]
[staged] FD done — IoU: 0.666  (Δ=+0.010)  ✓
[staged] Done — final IoU: 0.666  loss: 0.3362
[staged] Popsize: per-robot phases=32  final=16  (theory optimum for 6 DOF = 10)

[staged] Hungarian pre-assignment  (3×3 cost matrix, 8 samples/entry = 72 renders)...
[staged]   robot_a → zone 2  robot_b → zone 1  robot_c → zone 0

[staged] Phase 1 — forward greedy  (4 iters × 3 robot(s), sigma=0.40×1.00, popsize=32)
[staged]   Ph1 robot a  zone 2  (uncovered: 26% of target)
    [parallel] 10 worker threads, one renderer clone each
    init sampling: best coverage score 498.0px of uncovered area  (16 samples)
[staged]   → robot a: IoU 0.162 → 0.341  ✓
    ↑ new global best IoU 0.341  [phase Ph1 robot a]
[staged]   Ph1 robot b  zone 1  (uncovered: 14% of target)
    [parallel] 10 worker threads, one renderer clone each
    init sampling: best coverage score 3.0px of uncovered area  (16 samples)
[staged]   → robot b: IoU 0.341 → 0.415  ✓
    ↑ new global best IoU 0.415  [phase Ph1 robot b]
[staged]   Ph1 robot c  zone 0  (uncovered: 27% of target)
    [parallel] 10 worker threads, one renderer clone each
    init sampling: best coverage score 706.0px of uncovered area  (16 samples)
[staged]   → robot c: IoU 0.415 → 0.595  ✓
    ↑ new global best IoU 0.595  [phase Ph1 robot c]
[staged] Phase 1 done — composite IoU: 0.595

[staged] Phase 2 — backward pass  (4 iters × 3 robots, sigma=0.300)
[staged]   contributions before Phase 2:
[staged]     robot a: +0.086 IoU
[staged]     robot b: +0.075 IoU
[staged]     robot c: +0.180 IoU
[staged]   Ph2 robot c  zone 0  (uncovered: 47% of target)
    [parallel] 10 worker threads, one renderer clone each
    init sampling: best coverage score 488.0px of uncovered area  (16 samples)
[staged]   → robot c: candidate 0.553 < current 0.595  ✗ rejected
[staged]   Ph2 robot b  zone 1  (uncovered: 34% of target)
    [parallel] 10 worker threads, one renderer clone each
    init sampling: best coverage score 290.0px of uncovered area  (16 samples)
[staged]   → robot b: IoU 0.595 → 0.604  ✓
    ↑ new global best IoU 0.604  [phase Ph2 robot b]
[staged]   Ph2 robot a  zone 2  (uncovered: 37% of target)
    [parallel] 10 worker threads, one renderer clone each
    init sampling: best coverage score 240.0px of uncovered area  (16 samples)
[staged]   → robot a: candidate 0.558 < current 0.604  ✗ rejected
[staged] Phase 2 done — composite IoU: 0.604

[staged] Best snapshot: Phase 2  IoU=0.604
[staged] Final refinement — all joints  (6 iters, popsize=16, sigma=0.160)
    [parallel] 10 worker threads, one renderer clone each
    ↑ new global best IoU 0.636  [final refinement]
[staged] Final done — IoU: 0.636  ✓
[staged] FD refinement — 5 Adam steps  (180 renders, lr=0.01, ε=0.02)
    ↑ new global best IoU 0.689  [FD refinement]
[staged] FD done — IoU: 0.689  (Δ=+0.053)  ✓
[staged] Done — final IoU: 0.689  loss: 0.3117
[staged] Popsize: per-robot phases=32  final=16  (theory optimum for 6 DOF = 10)

[staged] Hungarian pre-assignment  (3×3 cost matrix, 8 samples/entry = 72 renders)...
[staged]   robot_a → zone 0  robot_b → zone 1  robot_c → zone 2

[staged] Phase 1 — forward greedy  (4 iters × 3 robot(s), sigma=0.40×1.00, popsize=32)
[staged]   Ph1 robot a  zone 0  (uncovered: 26% of target)
    [parallel] 10 worker threads, one renderer clone each
    init sampling: best coverage score 376.0px of uncovered area  (16 samples)
[staged]   → robot a: IoU 0.162 → 0.450  ✓
    ↑ new global best IoU 0.450  [phase Ph1 robot a]
[staged]   Ph1 robot b  zone 1  (uncovered: 26% of target)
    [parallel] 10 worker threads, one renderer clone each
    init sampling: best coverage score 829.0px of uncovered area  (16 samples)
[staged]   → robot b: IoU 0.450 → 0.695  ✓
    ↑ new global best IoU 0.695  [phase Ph1 robot b]
[staged]   Ph1 robot c  zone 2  (uncovered: 9% of target)
    [parallel] 10 worker threads, one renderer clone each
    init sampling: best coverage score 181.0px of uncovered area  (16 samples)
[staged]   → robot c: IoU 0.695 → 0.748  ✓
    ↑ new global best IoU 0.748  [phase Ph1 robot c]
[staged] Phase 1 done — composite IoU: 0.748

[staged] Phase 2 — backward pass  (4 iters × 3 robots, sigma=0.300)
[staged]   contributions before Phase 2:
[staged]     robot a: +0.240 IoU
[staged]     robot b: +0.232 IoU
[staged]     robot c: +0.053 IoU
[staged]   Ph2 robot c  zone 2  (uncovered: 21% of target)
    [parallel] 10 worker threads, one renderer clone each
    init sampling: best coverage score 206.0px of uncovered area  (16 samples)
[staged]   → robot c: candidate 0.741 < current 0.748  ✗ rejected
[staged]   Ph2 robot b  zone 1  (uncovered: 42% of target)
    [parallel] 10 worker threads, one renderer clone each
    init sampling: best coverage score 442.0px of uncovered area  (16 samples)
[staged]   → robot b: IoU 0.748 → 0.752  ✓
    ↑ new global best IoU 0.752  [phase Ph2 robot b]
[staged]   Ph2 robot a  zone 0  (uncovered: 41% of target)
    [parallel] 10 worker threads, one renderer clone each
    init sampling: best coverage score 444.0px of uncovered area  (16 samples)
[staged]   → robot a: candidate 0.598 < current 0.752  ✗ rejected
[staged] Phase 2 done — composite IoU: 0.752

[staged] Best snapshot: Phase 2  IoU=0.752
[staged] Final refinement — all joints  (6 iters, popsize=16, sigma=0.160)
    [parallel] 10 worker threads, one renderer clone each
[staged] Final done — IoU: 0.752  ✓
[staged] FD refinement — 5 Adam steps  (180 renders, lr=0.01, ε=0.02)
    ↑ new global best IoU 0.773  [FD refinement]
[staged] FD done — IoU: 0.773  (Δ=+0.022)  ✓
[staged] Done — final IoU: 0.773  loss: 0.2269
[staged] Popsize: per-robot phases=32  final=16  (theory optimum for 6 DOF = 10)

[staged] Hungarian pre-assignment  (3×3 cost matrix, 8 samples/entry = 72 renders)...
[staged]   robot_a → zone 2  robot_b → zone 1  robot_c → zone 0

[staged] Phase 1 — forward greedy  (4 iters × 3 robot(s), sigma=0.40×1.00, popsize=32)
[staged]   Ph1 robot a  zone 2  (uncovered: 32% of target)
    [parallel] 10 worker threads, one renderer clone each
    init sampling: best coverage score 384.0px of uncovered area  (16 samples)
[staged]   → robot a: IoU 0.162 → 0.385  ✓
    ↑ new global best IoU 0.385  [phase Ph1 robot a]
[staged]   Ph1 robot b  zone 1  (uncovered: 26% of target)
    [parallel] 10 worker threads, one renderer clone each
    init sampling: best coverage score 396.0px of uncovered area  (16 samples)
[staged]   → robot b: IoU 0.385 → 0.517  ✓
    ↑ new global best IoU 0.517  [phase Ph1 robot b]
[staged]   Ph1 robot c  zone 0  (uncovered: 14% of target)
    [parallel] 10 worker threads, one renderer clone each
    init sampling: best coverage score 210.0px of uncovered area  (16 samples)
[staged]   → robot c: IoU 0.517 → 0.561  ✓
    ↑ new global best IoU 0.561  [phase Ph1 robot c]
[staged] Phase 1 done — composite IoU: 0.561

[staged] Phase 2 — backward pass  (4 iters × 3 robots, sigma=0.300)
[staged]   contributions before Phase 2:
[staged]     robot a: +0.207 IoU
[staged]     robot b: +0.140 IoU
[staged]     robot c: +0.044 IoU  ← low
[staged]   Ph2 robot c  zone 0  (uncovered: 33% of target)
    [parallel] 10 worker threads, one renderer clone each
    init sampling: best coverage score 264.0px of uncovered area  (16 samples)
[staged]   → robot c: candidate 0.561 < current 0.561  ✗ rejected
[staged]   Ph2 robot b  zone 1  (uncovered: 47% of target)
    [parallel] 10 worker threads, one renderer clone each
    init sampling: best coverage score 567.0px of uncovered area  (16 samples)
[staged]   → robot b: IoU 0.561 → 0.591  ✓
    ↑ new global best IoU 0.591  [phase Ph2 robot b]
[staged]   Ph2 robot a  zone 2  (uncovered: 54% of target)
    [parallel] 10 worker threads, one renderer clone each
    init sampling: best coverage score 547.0px of uncovered area  (16 samples)
[staged]   → robot a: IoU 0.591 → 0.627  ✓
    ↑ new global best IoU 0.627  [phase Ph2 robot a]
[staged] Phase 2 done — composite IoU: 0.627

[staged] Best snapshot: Phase 2  IoU=0.627
[staged] Final refinement — all joints  (6 iters, popsize=16, sigma=0.160)
    [parallel] 10 worker threads, one renderer clone each
    ↑ new global best IoU 0.684  [final refinement]
[staged] Final done — IoU: 0.684  ✓
[staged] FD refinement — 5 Adam steps  (180 renders, lr=0.01, ε=0.02)
    ↑ new global best IoU 0.718  [FD refinement]
[staged] FD done — IoU: 0.718  (Δ=+0.034)  ✓
[staged] Done — final IoU: 0.718  loss: 0.2833
[staged] Popsize: per-robot phases=32  final=16  (theory optimum for 6 DOF = 10)

[staged] Hungarian pre-assignment  (3×3 cost matrix, 8 samples/entry = 72 renders)...
[staged]   robot_a → zone 0  robot_b → zone 2  robot_c → zone 1

[staged] Phase 1 — forward greedy  (4 iters × 3 robot(s), sigma=0.40×1.00, popsize=32)
[staged]   Ph1 robot a  zone 0  (uncovered: 32% of target)
    [parallel] 10 worker threads, one renderer clone each
    init sampling: best coverage score 1037.0px of uncovered area  (16 samples)
[staged]   → robot a: IoU 0.162 → 0.463  ✓
    ↑ new global best IoU 0.463  [phase Ph1 robot a]
[staged]   Ph1 robot b  zone 2  (uncovered: 26% of target)
    [parallel] 10 worker threads, one renderer clone each
    init sampling: best coverage score 533.0px of uncovered area  (16 samples)
[staged]   → robot b: IoU 0.463 → 0.629  ✓
    ↑ new global best IoU 0.629  [phase Ph1 robot b]
[staged]   Ph1 robot c  zone 1  (uncovered: 9% of target)
    [parallel] 10 worker threads, one renderer clone each
    init sampling: best coverage score 215.0px of uncovered area  (16 samples)
[staged]   → robot c: IoU 0.629 → 0.671  ✓
    ↑ new global best IoU 0.671  [phase Ph1 robot c]
[staged] Phase 1 done — composite IoU: 0.671

[staged] Phase 2 — backward pass  (4 iters × 3 robots, sigma=0.300)
[staged]   contributions before Phase 2:
[staged]     robot a: +0.304 IoU
[staged]     robot b: +0.107 IoU
[staged]     robot c: +0.042 IoU  ← low
[staged]   Ph2 robot c  zone 1  (uncovered: 24% of target)
    [parallel] 10 worker threads, one renderer clone each
    init sampling: best coverage score 170.0px of uncovered area  (16 samples)
[staged]   → robot c: candidate 0.663 < current 0.671  ✗ rejected
[staged]   Ph2 robot b  zone 2  (uncovered: 31% of target)
    [parallel] 10 worker threads, one renderer clone each
    init sampling: best coverage score 356.0px of uncovered area  (16 samples)
[staged]   → robot b: candidate 0.667 < current 0.671  ✗ rejected
[staged]   Ph2 robot a  zone 0  (uncovered: 56% of target)
    [parallel] 10 worker threads, one renderer clone each
    init sampling: best coverage score 859.0px of uncovered area  (16 samples)
[staged]   → robot a: candidate 0.668 < current 0.671  ✗ rejected
[staged] Phase 2 done — composite IoU: 0.671

[staged] Best snapshot: Phase 1  IoU=0.671
[staged] Final refinement — all joints  (6 iters, popsize=16, sigma=0.160)
    [parallel] 10 worker threads, one renderer clone each
[staged] Final done — IoU: 0.671  ✓
[staged] FD refinement — 5 Adam steps  (180 renders, lr=0.01, ε=0.02)
    ↑ new global best IoU 0.693  [FD refinement]
[staged] FD done — IoU: 0.693  (Δ=+0.022)  ✓
[staged] Done — final IoU: 0.693  loss: 0.3081
[shard 0] 4/10 letters_upper/U_dejavusans-bold  best=0.773 mean=0.708±0.037  77s  eta 0.1h
[staged] Popsize: per-robot phases=32  final=16  (theory optimum for 6 DOF = 10)

[staged] Hungarian pre-assignment  (3×3 cost matrix, 8 samples/entry = 72 renders)...
[staged]   robot_a → zone 1  robot_b → zone 2  robot_c → zone 0

[staged] Phase 1 — forward greedy  (4 iters × 3 robot(s), sigma=0.40×1.00, popsize=32)
[staged]   Ph1 robot a  zone 1  (uncovered: 45% of target)
    [parallel] 10 worker threads, one renderer clone each
    init sampling: best coverage score 455.0px of uncovered area  (16 samples)
[staged]   → robot a: IoU 0.176 → 0.407  ✓
    ↑ new global best IoU 0.407  [phase Ph1 robot a]
[staged]   Ph1 robot b  zone 2  (uncovered: 9% of target)
    [parallel] 10 worker threads, one renderer clone each
    init sampling: best coverage score 119.0px of uncovered area  (16 samples)
[staged]   → robot b: IoU 0.407 → 0.464  ✓
    ↑ new global best IoU 0.464  [phase Ph1 robot b]
[staged]   Ph1 robot c  zone 0  (uncovered: 2% of target)
    [parallel] 10 worker threads, one renderer clone each
    init sampling: best coverage score 63.0px of uncovered area  (16 samples)
[staged]   → robot c: IoU 0.464 → 0.485  ✓
    ↑ new global best IoU 0.485  [phase Ph1 robot c]
[staged] Phase 1 done — composite IoU: 0.485

[staged] Phase 2 — backward pass  (4 iters × 3 robots, sigma=0.300)
[staged]   contributions before Phase 2:
[staged]     robot a: +0.197 IoU
[staged]     robot b: +0.047 IoU  ← low
[staged]     robot c: +0.022 IoU  ← low
[staged]   Ph2 robot c  zone 0  (uncovered: 30% of target)
    [parallel] 10 worker threads, one renderer clone each
    init sampling: best coverage score 240.0px of uncovered area  (16 samples)
[staged]   → robot c: IoU 0.485 → 0.545  ✓
    ↑ new global best IoU 0.545  [phase Ph2 robot c]
[staged]   Ph2 robot b  zone 2  (uncovered: 36% of target)
    [parallel] 10 worker threads, one renderer clone each
    init sampling: best coverage score 336.0px of uncovered area  (16 samples)
[staged]   → robot b: candidate 0.530 < current 0.545  ✗ rejected
[staged]   Ph2 robot a  zone 1  (uncovered: 49% of target)
    [parallel] 10 worker threads, one renderer clone each
    init sampling: best coverage score 532.0px of uncovered area  (16 samples)
[staged]   → robot a: candidate 0.346 < current 0.545  ✗ rejected
[staged] Phase 2 done — composite IoU: 0.545

[staged] Best snapshot: Phase 2  IoU=0.545
[staged] Final refinement — all joints  (6 iters, popsize=16, sigma=0.160)
    [parallel] 10 worker threads, one renderer clone each
[staged] Final done — IoU: 0.545  ✓
[staged] FD refinement — 5 Adam steps  (180 renders, lr=0.01, ε=0.02)
    ↑ new global best IoU 0.552  [FD refinement]
[staged] FD done — IoU: 0.552  (Δ=+0.008)  ✓
[staged] Done — final IoU: 0.552  loss: 0.4501
[staged] Popsize: per-robot phases=32  final=16  (theory optimum for 6 DOF = 10)

[staged] Hungarian pre-assignment  (3×3 cost matrix, 8 samples/entry = 72 renders)...
[staged]   robot_a → zone 2  robot_b → zone 0  robot_c → zone 1

[staged] Phase 1 — forward greedy  (4 iters × 3 robot(s), sigma=0.40×1.00, popsize=32)
[staged]   Ph1 robot a  zone 2  (uncovered: 26% of target)
    [parallel] 10 worker threads, one renderer clone each
    init sampling: best coverage score 224.0px of uncovered area  (16 samples)
[staged]   → robot a: IoU 0.176 → 0.349  ✓
    ↑ new global best IoU 0.349  [phase Ph1 robot a]
[staged]   Ph1 robot b  zone 0  (uncovered: 17% of target)
    [parallel] 10 worker threads, one renderer clone each
    init sampling: best coverage score 388.0px of uncovered area  (16 samples)
[staged]   → robot b: IoU 0.349 → 0.450  ✓
    ↑ new global best IoU 0.450  [phase Ph1 robot b]
[staged]   Ph1 robot c  zone 1  (uncovered: 25% of target)
    [parallel] 10 worker threads, one renderer clone each
    init sampling: best coverage score 527.0px of uncovered area  (16 samples)
[staged]   → robot c: IoU 0.450 → 0.536  ✓
    ↑ new global best IoU 0.536  [phase Ph1 robot c]
[staged] Phase 1 done — composite IoU: 0.536

[staged] Phase 2 — backward pass  (4 iters × 3 robots, sigma=0.300)
[staged]   contributions before Phase 2:
[staged]     robot a: +0.196 IoU
[staged]     robot b: +0.062 IoU
[staged]     robot c: +0.086 IoU
[staged]   Ph2 robot c  zone 1  (uncovered: 41% of target)
    [parallel] 10 worker threads, one renderer clone each
    init sampling: best coverage score 349.0px of uncovered area  (16 samples)
[staged]   → robot c: IoU 0.536 → 0.551  ✓
    ↑ new global best IoU 0.551  [phase Ph2 robot c]
[staged]   Ph2 robot b  zone 0  (uncovered: 40% of target)
    [parallel] 10 worker threads, one renderer clone each
    init sampling: best coverage score 565.0px of uncovered area  (16 samples)
[staged]   → robot b: IoU 0.551 → 0.572  ✓
    ↑ new global best IoU 0.572  [phase Ph2 robot b]
[staged]   Ph2 robot a  zone 2  (uncovered: 53% of target)
    [parallel] 10 worker threads, one renderer clone each
    init sampling: best coverage score 253.0px of uncovered area  (16 samples)
[staged]   → robot a: candidate 0.555 < current 0.572  ✗ rejected
[staged] Phase 2 done — composite IoU: 0.572

[staged] Best snapshot: Phase 2  IoU=0.572
[staged] Final refinement — all joints  (6 iters, popsize=16, sigma=0.160)
    [parallel] 10 worker threads, one renderer clone each
[staged] Final done — IoU: 0.572  ✓
[staged] FD refinement — 5 Adam steps  (180 renders, lr=0.01, ε=0.02)
    ↑ new global best IoU 0.580  [FD refinement]
[staged] FD done — IoU: 0.580  (Δ=+0.008)  ✓
[staged] Done — final IoU: 0.580  loss: 0.4212
[staged] Popsize: per-robot phases=32  final=16  (theory optimum for 6 DOF = 10)

[staged] Hungarian pre-assignment  (3×3 cost matrix, 8 samples/entry = 72 renders)...
[staged]   robot_a → zone 2  robot_b → zone 0  robot_c → zone 1

[staged] Phase 1 — forward greedy  (4 iters × 3 robot(s), sigma=0.40×1.00, popsize=32)
[staged]   Ph1 robot a  zone 2  (uncovered: 24% of target)
    [parallel] 10 worker threads, one renderer clone each
    init sampling: best coverage score 325.0px of uncovered area  (16 samples)
[staged]   → robot a: IoU 0.176 → 0.304  ✓
    ↑ new global best IoU 0.304  [phase Ph1 robot a]
[staged]   Ph1 robot b  zone 0  (uncovered: 18% of target)
    [parallel] 10 worker threads, one renderer clone each
    init sampling: best coverage score 267.0px of uncovered area  (16 samples)
[staged]   → robot b: IoU 0.304 → 0.418  ✓
    ↑ new global best IoU 0.418  [phase Ph1 robot b]
[staged]   Ph1 robot c  zone 1  (uncovered: 11% of target)
    [parallel] 10 worker threads, one renderer clone each
    init sampling: best coverage score 298.0px of uncovered area  (16 samples)
[staged]   → robot c: IoU 0.418 → 0.475  ✓
    ↑ new global best IoU 0.475  [phase Ph1 robot c]
[staged] Phase 1 done — composite IoU: 0.475

[staged] Phase 2 — backward pass  (4 iters × 3 robots, sigma=0.300)
[staged]   contributions before Phase 2:
[staged]     robot a: +0.125 IoU
[staged]     robot b: +0.109 IoU
[staged]     robot c: +0.057 IoU
[staged]   Ph2 robot c  zone 1  (uncovered: 43% of target)
    [parallel] 10 worker threads, one renderer clone each
    init sampling: best coverage score 317.0px of uncovered area  (16 samples)
[staged]   → robot c: candidate 0.462 < current 0.475  ✗ rejected
[staged]   Ph2 robot b  zone 0  (uncovered: 49% of target)
    [parallel] 10 worker threads, one renderer clone each
    init sampling: best coverage score 719.0px of uncovered area  (16 samples)
[staged]   → robot b: candidate 0.467 < current 0.475  ✗ rejected
[staged]   Ph2 robot a  zone 2  (uncovered: 56% of target)
    [parallel] 10 worker threads, one renderer clone each
    init sampling: best coverage score 524.0px of uncovered area  (16 samples)
[staged]   → robot a: candidate 0.458 < current 0.475  ✗ rejected
[staged] Phase 2 done — composite IoU: 0.475

[staged] Best snapshot: Phase 1  IoU=0.475
[staged] Final refinement — all joints  (6 iters, popsize=16, sigma=0.160)
    [parallel] 10 worker threads, one renderer clone each
    ↑ new global best IoU 0.511  [final refinement]
[staged] Final done — IoU: 0.511  ✓
[staged] FD refinement — 5 Adam steps  (180 renders, lr=0.01, ε=0.02)
    ↑ new global best IoU 0.536  [FD refinement]
[staged] FD done — IoU: 0.536  (Δ=+0.025)  ✓
[staged] Done — final IoU: 0.536  loss: 0.4656
[staged] Popsize: per-robot phases=32  final=16  (theory optimum for 6 DOF = 10)

[staged] Hungarian pre-assignment  (3×3 cost matrix, 8 samples/entry = 72 renders)...
[staged]   robot_a → zone 2  robot_b → zone 1  robot_c → zone 0

[staged] Phase 1 — forward greedy  (4 iters × 3 robot(s), sigma=0.40×1.00, popsize=32)
[staged]   Ph1 robot a  zone 2  (uncovered: 24% of target)
    [parallel] 10 worker threads, one renderer clone each
    init sampling: best coverage score 371.0px of uncovered area  (16 samples)
[staged]   → robot a: IoU 0.176 → 0.329  ✓
    ↑ new global best IoU 0.329  [phase Ph1 robot a]
[staged]   Ph1 robot b  zone 1  (uncovered: 13% of target)
    [parallel] 10 worker threads, one renderer clone each
    init sampling: best coverage score 288.0px of uncovered area  (16 samples)
[staged]   → robot b: IoU 0.329 → 0.432  ✓
    ↑ new global best IoU 0.432  [phase Ph1 robot b]
[staged]   Ph1 robot c  zone 0  (uncovered: 5% of target)
    [parallel] 10 worker threads, one renderer clone each
    init sampling: best coverage score 130.0px of uncovered area  (16 samples)
[staged]   → robot c: IoU 0.432 → 0.467  ✓
    ↑ new global best IoU 0.467  [phase Ph1 robot c]
[staged] Phase 1 done — composite IoU: 0.467

[staged] Phase 2 — backward pass  (4 iters × 3 robots, sigma=0.300)
[staged]   contributions before Phase 2:
[staged]     robot a: +0.182 IoU
[staged]     robot b: +0.036 IoU  ← low
[staged]     robot c: +0.035 IoU  ← low
[staged]   Ph2 robot c  zone 0  (uncovered: 37% of target)
    [parallel] 10 worker threads, one renderer clone each
    init sampling: best coverage score 395.0px of uncovered area  (16 samples)
[staged]   → robot c: IoU 0.467 → 0.501  ✓
    ↑ new global best IoU 0.501  [phase Ph2 robot c]
[staged]   Ph2 robot b  zone 1  (uncovered: 34% of target)
    [parallel] 10 worker threads, one renderer clone each
    init sampling: best coverage score 358.0px of uncovered area  (16 samples)
[staged]   → robot b: IoU 0.501 → 0.501  ✓
    ↑ new global best IoU 0.501  [phase Ph2 robot b]
[staged]   Ph2 robot a  zone 2  (uncovered: 58% of target)
    [parallel] 10 worker threads, one renderer clone each
    init sampling: best coverage score 378.0px of uncovered area  (16 samples)
[staged]   → robot a: candidate 0.463 < current 0.501  ✗ rejected
[staged] Phase 2 done — composite IoU: 0.501

[staged] Best snapshot: Phase 2  IoU=0.501
[staged] Final refinement — all joints  (6 iters, popsize=16, sigma=0.160)
    [parallel] 10 worker threads, one renderer clone each
[staged] Final done — IoU: 0.501  ✓
[staged] FD refinement — 5 Adam steps  (180 renders, lr=0.01, ε=0.02)
    ↑ new global best IoU 0.506  [FD refinement]
[staged] FD done — IoU: 0.506  (Δ=+0.005)  ✓
[staged] Done — final IoU: 0.506  loss: 0.4973
[staged] Popsize: per-robot phases=32  final=16  (theory optimum for 6 DOF = 10)

[staged] Hungarian pre-assignment  (3×3 cost matrix, 8 samples/entry = 72 renders)...
[staged]   robot_a → zone 1  robot_b → zone 2  robot_c → zone 0

[staged] Phase 1 — forward greedy  (4 iters × 3 robot(s), sigma=0.40×1.00, popsize=32)
[staged]   Ph1 robot a  zone 1  (uncovered: 26% of target)
    [parallel] 10 worker threads, one renderer clone each
    init sampling: best coverage score 557.0px of uncovered area  (16 samples)
[staged]   → robot a: IoU 0.176 → 0.424  ✓
    ↑ new global best IoU 0.424  [phase Ph1 robot a]
[staged]   Ph1 robot b  zone 2  (uncovered: 30% of target)
    [parallel] 10 worker threads, one renderer clone each
    init sampling: best coverage score 565.0px of uncovered area  (16 samples)
[staged]   → robot b: IoU 0.424 → 0.553  ✓
    ↑ new global best IoU 0.553  [phase Ph1 robot b]
[staged]   Ph1 robot c  zone 0  (uncovered: 14% of target)
    [parallel] 10 worker threads, one renderer clone each
    init sampling: best coverage score 252.0px of uncovered area  (16 samples)
[staged]   → robot c: IoU 0.553 → 0.576  ✓
    ↑ new global best IoU 0.576  [phase Ph1 robot c]
[staged] Phase 1 done — composite IoU: 0.576

[staged] Phase 2 — backward pass  (4 iters × 3 robots, sigma=0.300)
[staged]   contributions before Phase 2:
[staged]     robot a: +0.189 IoU
[staged]     robot b: +0.123 IoU
[staged]     robot c: +0.023 IoU  ← low
[staged]   Ph2 robot c  zone 0  (uncovered: 28% of target)
    [parallel] 10 worker threads, one renderer clone each
    init sampling: best coverage score 350.0px of uncovered area  (16 samples)
[staged]   → robot c: IoU 0.576 → 0.587  ✓
    ↑ new global best IoU 0.587  [phase Ph2 robot c]
[staged]   Ph2 robot b  zone 2  (uncovered: 28% of target)
    [parallel] 10 worker threads, one renderer clone each
    init sampling: best coverage score 358.0px of uncovered area  (16 samples)
[staged]   → robot b: candidate 0.586 < current 0.587  ✗ rejected
[staged]   Ph2 robot a  zone 1  (uncovered: 52% of target)
    [parallel] 10 worker threads, one renderer clone each
    init sampling: best coverage score 468.0px of uncovered area  (16 samples)
[staged]   → robot a: candidate 0.537 < current 0.587  ✗ rejected
[staged] Phase 2 done — composite IoU: 0.587

[staged] Best snapshot: Phase 2  IoU=0.587
[staged] Final refinement — all joints  (6 iters, popsize=16, sigma=0.160)
    [parallel] 10 worker threads, one renderer clone each
[staged] Final done — IoU: 0.587  ✓
[staged] FD refinement — 5 Adam steps  (180 renders, lr=0.01, ε=0.02)
    ↑ new global best IoU 0.601  [FD refinement]
[staged] FD done — IoU: 0.601  (Δ=+0.015)  ✓
[staged] Done — final IoU: 0.601  loss: 0.3998
[shard 0] 5/10 letters_upper/W_dejavusans-bold  best=0.601 mean=0.555±0.033  77s  eta 0.1h
[staged] Popsize: per-robot phases=32  final=16  (theory optimum for 6 DOF = 10)

[staged] Hungarian pre-assignment  (3×3 cost matrix, 8 samples/entry = 72 renders)...
[staged]   robot_a → zone 2  robot_b → zone 1  robot_c → zone 0

[staged] Phase 1 — forward greedy  (4 iters × 3 robot(s), sigma=0.40×1.00, popsize=32)
[staged]   Ph1 robot a  zone 2  (uncovered: 15% of target)
    [parallel] 10 worker threads, one renderer clone each
    init sampling: best coverage score 426.0px of uncovered area  (16 samples)
[staged]   → robot a: IoU 0.100 → 0.278  ✓
    ↑ new global best IoU 0.278  [phase Ph1 robot a]
[staged]   Ph1 robot b  zone 1  (uncovered: 41% of target)
    [parallel] 10 worker threads, one renderer clone each
    init sampling: best coverage score 523.0px of uncovered area  (16 samples)
[staged]   → robot b: IoU 0.278 → 0.395  ✓
    ↑ new global best IoU 0.395  [phase Ph1 robot b]
[staged]   Ph1 robot c  zone 0  (uncovered: 18% of target)
    [parallel] 10 worker threads, one renderer clone each
    init sampling: best coverage score 178.0px of uncovered area  (16 samples)
[staged]   → robot c: IoU 0.395 → 0.478  ✓
    ↑ new global best IoU 0.478  [phase Ph1 robot c]
[staged] Phase 1 done — composite IoU: 0.478

[staged] Phase 2 — backward pass  (4 iters × 3 robots, sigma=0.300)
[staged]   contributions before Phase 2:
[staged]     robot a: +0.145 IoU
[staged]     robot b: +0.108 IoU
[staged]     robot c: +0.083 IoU
[staged]   Ph2 robot c  zone 0  (uncovered: 49% of target)
    [parallel] 10 worker threads, one renderer clone each
    init sampling: best coverage score 549.0px of uncovered area  (16 samples)
[staged]   → robot c: IoU 0.478 → 0.516  ✓
    ↑ new global best IoU 0.516  [phase Ph2 robot c]
[staged]   Ph2 robot b  zone 1  (uncovered: 51% of target)
    [parallel] 10 worker threads, one renderer clone each
    init sampling: best coverage score 441.0px of uncovered area  (16 samples)
[staged]   → robot b: candidate 0.478 < current 0.516  ✗ rejected
[staged]   Ph2 robot a  zone 2  (uncovered: 42% of target)
    [parallel] 10 worker threads, one renderer clone each
    init sampling: best coverage score 454.0px of uncovered area  (16 samples)
[staged]   → robot a: IoU 0.516 → 0.536  ✓
    ↑ new global best IoU 0.536  [phase Ph2 robot a]
[staged] Phase 2 done — composite IoU: 0.536

[staged] Best snapshot: Phase 2  IoU=0.536
[staged] Final refinement — all joints  (6 iters, popsize=16, sigma=0.160)
    [parallel] 10 worker threads, one renderer clone each
    ↑ new global best IoU 0.560  [final refinement]
[staged] Final done — IoU: 0.560  ✓
[staged] FD refinement — 5 Adam steps  (180 renders, lr=0.01, ε=0.02)
    ↑ new global best IoU 0.585  [FD refinement]
[staged] FD done — IoU: 0.585  (Δ=+0.024)  ✓
[staged] Done — final IoU: 0.585  loss: 0.4173
[staged] Popsize: per-robot phases=32  final=16  (theory optimum for 6 DOF = 10)

[staged] Hungarian pre-assignment  (3×3 cost matrix, 8 samples/entry = 72 renders)...
[staged]   robot_a → zone 1  robot_b → zone 0  robot_c → zone 2

[staged] Phase 1 — forward greedy  (4 iters × 3 robot(s), sigma=0.40×1.00, popsize=32)
[staged]   Ph1 robot a  zone 1  (uncovered: 20% of target)
    [parallel] 10 worker threads, one renderer clone each
    init sampling: best coverage score 572.0px of uncovered area  (16 samples)
[staged]   → robot a: IoU 0.100 → 0.338  ✓
    ↑ new global best IoU 0.338  [phase Ph1 robot a]
[staged]   Ph1 robot b  zone 0  (uncovered: 11% of target)
    [parallel] 10 worker threads, one renderer clone each
    init sampling: best coverage score 20.0px of uncovered area  (16 samples)
[staged]   → robot b: IoU 0.338 → 0.434  ✓
    ↑ new global best IoU 0.434  [phase Ph1 robot b]
[staged]   Ph1 robot c  zone 2  (uncovered: 17% of target)
    [parallel] 10 worker threads, one renderer clone each
    init sampling: best coverage score 300.0px of uncovered area  (16 samples)
[staged]   → robot c: IoU 0.434 → 0.515  ✓
    ↑ new global best IoU 0.515  [phase Ph1 robot c]
[staged] Phase 1 done — composite IoU: 0.515

[staged] Phase 2 — backward pass  (4 iters × 3 robots, sigma=0.300)
[staged]   contributions before Phase 2:
[staged]     robot a: +0.129 IoU
[staged]     robot b: +0.128 IoU
[staged]     robot c: +0.081 IoU
[staged]   Ph2 robot c  zone 2  (uncovered: 38% of target)
    [parallel] 10 worker threads, one renderer clone each
    init sampling: best coverage score 379.0px of uncovered area  (16 samples)
[staged]   → robot c: candidate 0.510 < current 0.515  ✗ rejected
[staged]   Ph2 robot b  zone 0  (uncovered: 47% of target)
    [parallel] 10 worker threads, one renderer clone each
    init sampling: best coverage score 464.0px of uncovered area  (16 samples)
[staged]   → robot b: candidate 0.511 < current 0.515  ✗ rejected
[staged]   Ph2 robot a  zone 1  (uncovered: 53% of target)
    [parallel] 10 worker threads, one renderer clone each
    init sampling: best coverage score 480.0px of uncovered area  (16 samples)
[staged]   → robot a: IoU 0.515 → 0.602  ✓
    ↑ new global best IoU 0.602  [phase Ph2 robot a]
[staged] Phase 2 done — composite IoU: 0.602

[staged] Best snapshot: Phase 2  IoU=0.602
[staged] Final refinement — all joints  (6 iters, popsize=16, sigma=0.160)
    [parallel] 10 worker threads, one renderer clone each
    ↑ new global best IoU 0.604  [final refinement]
[staged] Final done — IoU: 0.604  ✓
[staged] FD refinement — 5 Adam steps  (180 renders, lr=0.01, ε=0.02)
    ↑ new global best IoU 0.622  [FD refinement]
[staged] FD done — IoU: 0.622  (Δ=+0.018)  ✓
[staged] Done — final IoU: 0.622  loss: 0.3783
[staged] Popsize: per-robot phases=32  final=16  (theory optimum for 6 DOF = 10)

[staged] Hungarian pre-assignment  (3×3 cost matrix, 8 samples/entry = 72 renders)...
[staged]   robot_a → zone 1  robot_b → zone 0  robot_c → zone 2

[staged] Phase 1 — forward greedy  (4 iters × 3 robot(s), sigma=0.40×1.00, popsize=32)
[staged]   Ph1 robot a  zone 1  (uncovered: 20% of target)
    [parallel] 10 worker threads, one renderer clone each
    init sampling: best coverage score 424.0px of uncovered area  (16 samples)
[staged]   → robot a: IoU 0.100 → 0.423  ✓
    ↑ new global best IoU 0.423  [phase Ph1 robot a]
[staged]   Ph1 robot b  zone 0  (uncovered: 5% of target)
    [parallel] 10 worker threads, one renderer clone each
    init sampling: best coverage score 82.0px of uncovered area  (16 samples)
[staged]   → robot b: IoU 0.423 → 0.490  ✓
    ↑ new global best IoU 0.490  [phase Ph1 robot b]
[staged]   Ph1 robot c  zone 2  (uncovered: 16% of target)
    [parallel] 10 worker threads, one renderer clone each
    init sampling: best coverage score 287.0px of uncovered area  (16 samples)
[staged]   → robot c: IoU 0.490 → 0.546  ✓
    ↑ new global best IoU 0.546  [phase Ph1 robot c]
[staged] Phase 1 done — composite IoU: 0.546

[staged] Phase 2 — backward pass  (4 iters × 3 robots, sigma=0.300)
[staged]   contributions before Phase 2:
[staged]     robot a: +0.203 IoU
[staged]     robot b: +0.098 IoU
[staged]     robot c: +0.056 IoU
[staged]   Ph2 robot c  zone 2  (uncovered: 34% of target)
    [parallel] 10 worker threads, one renderer clone each
    init sampling: best coverage score 336.0px of uncovered area  (16 samples)
[staged]   → robot c: IoU 0.546 → 0.590  ✓
    ↑ new global best IoU 0.590  [phase Ph2 robot c]
[staged]   Ph2 robot b  zone 0  (uncovered: 37% of target)
    [parallel] 10 worker threads, one renderer clone each
    init sampling: best coverage score 340.0px of uncovered area  (16 samples)
[staged]   → robot b: candidate 0.569 < current 0.590  ✗ rejected
[staged]   Ph2 robot a  zone 1  (uncovered: 48% of target)
    [parallel] 10 worker threads, one renderer clone each
    init sampling: best coverage score 632.0px of uncovered area  (16 samples)
[staged]   → robot a: candidate 0.590 < current 0.590  ✗ rejected
[staged] Phase 2 done — composite IoU: 0.590

[staged] Best snapshot: Phase 2  IoU=0.590
[staged] Final refinement — all joints  (6 iters, popsize=16, sigma=0.160)
    [parallel] 10 worker threads, one renderer clone each
[staged] Final done — IoU: 0.590  ✓
[staged] FD refinement — 5 Adam steps  (180 renders, lr=0.01, ε=0.02)
    ↑ new global best IoU 0.605  [FD refinement]
[staged] FD done — IoU: 0.605  (Δ=+0.015)  ✓
[staged] Done — final IoU: 0.605  loss: 0.3964
[staged] Popsize: per-robot phases=32  final=16  (theory optimum for 6 DOF = 10)

[staged] Hungarian pre-assignment  (3×3 cost matrix, 8 samples/entry = 72 renders)...
[staged]   robot_a → zone 2  robot_b → zone 1  robot_c → zone 0

[staged] Phase 1 — forward greedy  (4 iters × 3 robot(s), sigma=0.40×1.00, popsize=32)
[staged]   Ph1 robot a  zone 2  (uncovered: 44% of target)
    [parallel] 10 worker threads, one renderer clone each
    init sampling: best coverage score 806.0px of uncovered area  (16 samples)
[staged]   → robot a: IoU 0.100 → 0.380  ✓
    ↑ new global best IoU 0.380  [phase Ph1 robot a]
[staged]   Ph1 robot b  zone 1  (uncovered: 15% of target)
    [parallel] 10 worker threads, one renderer clone each
    init sampling: best coverage score 169.0px of uncovered area  (16 samples)
[staged]   → robot b: IoU 0.380 → 0.475  ✓
    ↑ new global best IoU 0.475  [phase Ph1 robot b]
[staged]   Ph1 robot c  zone 0  (uncovered: 6% of target)
    [parallel] 10 worker threads, one renderer clone each
    init sampling: best coverage score 249.0px of uncovered area  (16 samples)
[staged]   → robot c: IoU 0.475 → 0.553  ✓
    ↑ new global best IoU 0.553  [phase Ph1 robot c]
[staged] Phase 1 done — composite IoU: 0.553

[staged] Phase 2 — backward pass  (4 iters × 3 robots, sigma=0.300)
[staged]   contributions before Phase 2:
[staged]     robot a: +0.256 IoU
[staged]     robot b: +0.064 IoU
[staged]     robot c: +0.078 IoU
[staged]   Ph2 robot c  zone 0  (uncovered: 37% of target)
    [parallel] 10 worker threads, one renderer clone each
    init sampling: best coverage score 251.0px of uncovered area  (16 samples)
[staged]   → robot c: candidate 0.535 < current 0.553  ✗ rejected
[staged]   Ph2 robot b  zone 1  (uncovered: 42% of target)
    [parallel] 10 worker threads, one renderer clone each
    init sampling: best coverage score 416.0px of uncovered area  (16 samples)
[staged]   → robot b: candidate 0.542 < current 0.553  ✗ rejected
[staged]   Ph2 robot a  zone 2  (uncovered: 61% of target)
    [parallel] 10 worker threads, one renderer clone each
    init sampling: best coverage score 1294.0px of uncovered area  (16 samples)
[staged]   → robot a: IoU 0.553 → 0.558  ✓
    ↑ new global best IoU 0.558  [phase Ph2 robot a]
[staged] Phase 2 done — composite IoU: 0.558

[staged] Best snapshot: Phase 2  IoU=0.558
[staged] Final refinement — all joints  (6 iters, popsize=16, sigma=0.160)
    [parallel] 10 worker threads, one renderer clone each
[staged] Final done — IoU: 0.558  ✓
[staged] FD refinement — 5 Adam steps  (180 renders, lr=0.01, ε=0.02)
    ↑ new global best IoU 0.568  [FD refinement]
[staged] FD done — IoU: 0.568  (Δ=+0.010)  ✓
[staged] Done — final IoU: 0.568  loss: 0.4352
[staged] Popsize: per-robot phases=32  final=16  (theory optimum for 6 DOF = 10)

[staged] Hungarian pre-assignment  (3×3 cost matrix, 8 samples/entry = 72 renders)...
[staged]   robot_a → zone 2  robot_b → zone 0  robot_c → zone 1

[staged] Phase 1 — forward greedy  (4 iters × 3 robot(s), sigma=0.40×1.00, popsize=32)
[staged]   Ph1 robot a  zone 2  (uncovered: 31% of target)
    [parallel] 10 worker threads, one renderer clone each
    init sampling: best coverage score 818.0px of uncovered area  (16 samples)
[staged]   → robot a: IoU 0.100 → 0.393  ✓
    ↑ new global best IoU 0.393  [phase Ph1 robot a]
[staged]   Ph1 robot b  zone 0  (uncovered: 19% of target)
    [parallel] 10 worker threads, one renderer clone each
    init sampling: best coverage score 375.0px of uncovered area  (16 samples)
[staged]   → robot b: IoU 0.393 → 0.494  ✓
    ↑ new global best IoU 0.494  [phase Ph1 robot b]
[staged]   Ph1 robot c  zone 1  (uncovered: 19% of target)
    [parallel] 10 worker threads, one renderer clone each
    init sampling: best coverage score 151.0px of uncovered area  (16 samples)
[staged]   → robot c: IoU 0.494 → 0.555  ✓
    ↑ new global best IoU 0.555  [phase Ph1 robot c]
[staged] Phase 1 done — composite IoU: 0.555

[staged] Phase 2 — backward pass  (4 iters × 3 robots, sigma=0.300)
[staged]   contributions before Phase 2:
[staged]     robot a: +0.248 IoU
[staged]     robot b: +0.077 IoU
[staged]     robot c: +0.061 IoU
[staged]   Ph2 robot c  zone 1  (uncovered: 27% of target)
    [parallel] 10 worker threads, one renderer clone each
    init sampling: best coverage score 159.0px of uncovered area  (16 samples)
[staged]   → robot c: candidate 0.531 < current 0.555  ✗ rejected
[staged]   Ph2 robot b  zone 0  (uncovered: 35% of target)
    [parallel] 10 worker threads, one renderer clone each
    init sampling: best coverage score 390.0px of uncovered area  (16 samples)
[staged]   → robot b: IoU 0.555 → 0.573  ✓
    ↑ new global best IoU 0.573  [phase Ph2 robot b]
[staged]   Ph2 robot a  zone 2  (uncovered: 53% of target)
    [parallel] 10 worker threads, one renderer clone each
    init sampling: best coverage score 1239.0px of uncovered area  (16 samples)
[staged]   → robot a: IoU 0.573 → 0.612  ✓
    ↑ new global best IoU 0.612  [phase Ph2 robot a]
[staged] Phase 2 done — composite IoU: 0.612

[staged] Best snapshot: Phase 2  IoU=0.612
[staged] Final refinement — all joints  (6 iters, popsize=16, sigma=0.160)
    [parallel] 10 worker threads, one renderer clone each
[staged] Final done — IoU: 0.612  ✓
[staged] FD refinement — 5 Adam steps  (180 renders, lr=0.01, ε=0.02)
    ↑ new global best IoU 0.629  [FD refinement]
[staged] FD done — IoU: 0.629  (Δ=+0.017)  ✓
[staged] Done — final IoU: 0.629  loss: 0.3724
[shard 0] 6/10 digits/2_dejavusans-bold  best=0.629 mean=0.602±0.023  77s  eta 0.1h
[staged] Popsize: per-robot phases=32  final=16  (theory optimum for 6 DOF = 10)

[staged] Hungarian pre-assignment  (3×3 cost matrix, 8 samples/entry = 72 renders)...
[staged]   robot_a → zone 2  robot_b → zone 1  robot_c → zone 0

[staged] Phase 1 — forward greedy  (4 iters × 3 robot(s), sigma=0.40×1.00, popsize=32)
[staged]   Ph1 robot a  zone 2  (uncovered: 14% of target)
    [parallel] 10 worker threads, one renderer clone each
    init sampling: best coverage score 497.0px of uncovered area  (16 samples)
[staged]   → robot a: IoU 0.063 → 0.305  ✓
    ↑ new global best IoU 0.305  [phase Ph1 robot a]
[staged]   Ph1 robot b  zone 1  (uncovered: 37% of target)
    [parallel] 10 worker threads, one renderer clone each
    init sampling: best coverage score 561.0px of uncovered area  (16 samples)
[staged]   → robot b: IoU 0.305 → 0.416  ✓
    ↑ new global best IoU 0.416  [phase Ph1 robot b]
[staged]   Ph1 robot c  zone 0  (uncovered: 9% of target)
    [parallel] 10 worker threads, one renderer clone each
    init sampling: best coverage score 86.0px of uncovered area  (16 samples)
[staged]   → robot c: IoU 0.416 → 0.536  ✓
    ↑ new global best IoU 0.536  [phase Ph1 robot c]
[staged] Phase 1 done — composite IoU: 0.536

[staged] Phase 2 — backward pass  (4 iters × 3 robots, sigma=0.300)
[staged]   contributions before Phase 2:
[staged]     robot a: +0.130 IoU
[staged]     robot b: +0.121 IoU
[staged]     robot c: +0.120 IoU
[staged]   Ph2 robot c  zone 0  (uncovered: 38% of target)
    [parallel] 10 worker threads, one renderer clone each
    init sampling: best coverage score 330.0px of uncovered area  (16 samples)
[staged]   → robot c: candidate 0.526 < current 0.536  ✗ rejected
[staged]   Ph2 robot b  zone 1  (uncovered: 43% of target)
    [parallel] 10 worker threads, one renderer clone each
    init sampling: best coverage score 527.0px of uncovered area  (16 samples)
[staged]   → robot b: candidate 0.518 < current 0.536  ✗ rejected
[staged]   Ph2 robot a  zone 2  (uncovered: 43% of target)
    [parallel] 10 worker threads, one renderer clone each
    init sampling: best coverage score 414.0px of uncovered area  (16 samples)
[staged]   → robot a: candidate 0.529 < current 0.536  ✗ rejected
[staged] Phase 2 done — composite IoU: 0.536

[staged] Best snapshot: Phase 1  IoU=0.536
[staged] Final refinement — all joints  (6 iters, popsize=16, sigma=0.160)
    [parallel] 10 worker threads, one renderer clone each
    ↑ new global best IoU 0.546  [final refinement]
[staged] Final done — IoU: 0.546  ✓
[staged] FD refinement — 5 Adam steps  (180 renders, lr=0.01, ε=0.02)
    ↑ new global best IoU 0.567  [FD refinement]
[staged] FD done — IoU: 0.567  (Δ=+0.021)  ✓
[staged] Done — final IoU: 0.567  loss: 0.4350
[staged] Popsize: per-robot phases=32  final=16  (theory optimum for 6 DOF = 10)

[staged] Hungarian pre-assignment  (3×3 cost matrix, 8 samples/entry = 72 renders)...
[staged]   robot_a → zone 2  robot_b → zone 0  robot_c → zone 1

[staged] Phase 1 — forward greedy  (4 iters × 3 robot(s), sigma=0.40×1.00, popsize=32)
[staged]   Ph1 robot a  zone 2  (uncovered: 20% of target)
    [parallel] 10 worker threads, one renderer clone each
    init sampling: best coverage score 458.0px of uncovered area  (16 samples)
[staged]   → robot a: IoU 0.063 → 0.383  ✓
    ↑ new global best IoU 0.383  [phase Ph1 robot a]
[staged]   Ph1 robot b  zone 0  (uncovered: 10% of target)
    [parallel] 10 worker threads, one renderer clone each
    init sampling: best coverage score 246.0px of uncovered area  (16 samples)
[staged]   → robot b: IoU 0.383 → 0.503  ✓
    ↑ new global best IoU 0.503  [phase Ph1 robot b]
[staged]   Ph1 robot c  zone 1  (uncovered: 17% of target)
    [parallel] 10 worker threads, one renderer clone each
    init sampling: best coverage score 247.0px of uncovered area  (16 samples)
[staged]   → robot c: IoU 0.503 → 0.567  ✓
    ↑ new global best IoU 0.567  [phase Ph1 robot c]
[staged] Phase 1 done — composite IoU: 0.567

[staged] Phase 2 — backward pass  (4 iters × 3 robots, sigma=0.300)
[staged]   contributions before Phase 2:
[staged]     robot a: +0.259 IoU
[staged]     robot b: +0.118 IoU
[staged]     robot c: +0.065 IoU
[staged]   Ph2 robot c  zone 1  (uncovered: 29% of target)
    [parallel] 10 worker threads, one renderer clone each
    init sampling: best coverage score 228.0px of uncovered area  (16 samples)
[staged]   → robot c: candidate 0.563 < current 0.567  ✗ rejected
[staged]   Ph2 robot b  zone 0  (uncovered: 39% of target)
    [parallel] 10 worker threads, one renderer clone each
    init sampling: best coverage score 768.0px of uncovered area  (16 samples)
[staged]   → robot b: candidate 0.564 < current 0.567  ✗ rejected
[staged]   Ph2 robot a  zone 2  (uncovered: 57% of target)
    [parallel] 10 worker threads, one renderer clone each
    init sampling: best coverage score 447.0px of uncovered area  (16 samples)
[staged]   → robot a: candidate 0.537 < current 0.567  ✗ rejected
[staged] Phase 2 done — composite IoU: 0.567

[staged] Best snapshot: Phase 1  IoU=0.567
[staged] Final refinement — all joints  (6 iters, popsize=16, sigma=0.160)
    [parallel] 10 worker threads, one renderer clone each
    ↑ new global best IoU 0.590  [final refinement]
[staged] Final done — IoU: 0.590  ✓
[staged] FD refinement — 5 Adam steps  (180 renders, lr=0.01, ε=0.02)
    ↑ new global best IoU 0.610  [FD refinement]
[staged] FD done — IoU: 0.610  (Δ=+0.020)  ✓
[staged] Done — final IoU: 0.610  loss: 0.3916
[staged] Popsize: per-robot phases=32  final=16  (theory optimum for 6 DOF = 10)

[staged] Hungarian pre-assignment  (3×3 cost matrix, 8 samples/entry = 72 renders)...
[staged]   robot_a → zone 0  robot_b → zone 2  robot_c → zone 1

[staged] Phase 1 — forward greedy  (4 iters × 3 robot(s), sigma=0.40×1.00, popsize=32)
[staged]   Ph1 robot a  zone 0  (uncovered: 20% of target)
    [parallel] 10 worker threads, one renderer clone each
    init sampling: best coverage score 395.0px of uncovered area  (16 samples)
[staged]   → robot a: IoU 0.063 → 0.374  ✓
    ↑ new global best IoU 0.374  [phase Ph1 robot a]
[staged]   Ph1 robot b  zone 2  (uncovered: 17% of target)
    [parallel] 10 worker threads, one renderer clone each
    init sampling: best coverage score 376.0px of uncovered area  (16 samples)
[staged]   → robot b: IoU 0.374 → 0.473  ✓
    ↑ new global best IoU 0.473  [phase Ph1 robot b]
[staged]   Ph1 robot c  zone 1  (uncovered: 17% of target)
    [parallel] 10 worker threads, one renderer clone each
    init sampling: best coverage score 159.0px of uncovered area  (16 samples)
[staged]   → robot c: IoU 0.473 → 0.519  ✓
    ↑ new global best IoU 0.519  [phase Ph1 robot c]
[staged] Phase 1 done — composite IoU: 0.519

[staged] Phase 2 — backward pass  (4 iters × 3 robots, sigma=0.300)
[staged]   contributions before Phase 2:
[staged]     robot a: +0.273 IoU
[staged]     robot b: +0.094 IoU
[staged]     robot c: +0.047 IoU  ← low
[staged]   Ph2 robot c  zone 1  (uncovered: 34% of target)
    [parallel] 10 worker threads, one renderer clone each
    init sampling: best coverage score 273.0px of uncovered area  (16 samples)
[staged]   → robot c: IoU 0.519 → 0.527  ✓
    ↑ new global best IoU 0.527  [phase Ph2 robot c]
[staged]   Ph2 robot b  zone 2  (uncovered: 37% of target)
    [parallel] 10 worker threads, one renderer clone each
    init sampling: best coverage score 332.0px of uncovered area  (16 samples)
[staged]   → robot b: candidate 0.510 < current 0.527  ✗ rejected
[staged]   Ph2 robot a  zone 0  (uncovered: 62% of target)
    [parallel] 10 worker threads, one renderer clone each
    init sampling: best coverage score 807.0px of uncovered area  (16 samples)
[staged]   → robot a: candidate 0.507 < current 0.527  ✗ rejected
[staged] Phase 2 done — composite IoU: 0.527

[staged] Best snapshot: Phase 2  IoU=0.527
[staged] Final refinement — all joints  (6 iters, popsize=16, sigma=0.160)
    [parallel] 10 worker threads, one renderer clone each
    ↑ new global best IoU 0.548  [final refinement]
[staged] Final done — IoU: 0.548  ✓
[staged] FD refinement — 5 Adam steps  (180 renders, lr=0.01, ε=0.02)
    ↑ new global best IoU 0.557  [FD refinement]
[staged] FD done — IoU: 0.557  (Δ=+0.009)  ✓
[staged] Done — final IoU: 0.557  loss: 0.4439
[staged] Popsize: per-robot phases=32  final=16  (theory optimum for 6 DOF = 10)

[staged] Hungarian pre-assignment  (3×3 cost matrix, 8 samples/entry = 72 renders)...
[staged]   robot_a → zone 2  robot_b → zone 0  robot_c → zone 1

[staged] Phase 1 — forward greedy  (4 iters × 3 robot(s), sigma=0.40×1.00, popsize=32)
[staged]   Ph1 robot a  zone 2  (uncovered: 41% of target)
    [parallel] 10 worker threads, one renderer clone each
    init sampling: best coverage score 740.0px of uncovered area  (16 samples)
[staged]   → robot a: IoU 0.063 → 0.371  ✓
    ↑ new global best IoU 0.371  [phase Ph1 robot a]
[staged]   Ph1 robot b  zone 0  (uncovered: 21% of target)
    [parallel] 10 worker threads, one renderer clone each
    init sampling: best coverage score 227.0px of uncovered area  (16 samples)
[staged]   → robot b: IoU 0.371 → 0.464  ✓
    ↑ new global best IoU 0.464  [phase Ph1 robot b]
[staged]   Ph1 robot c  zone 1  (uncovered: 7% of target)
    [parallel] 10 worker threads, one renderer clone each
    init sampling: best coverage score 191.0px of uncovered area  (16 samples)
[staged]   → robot c: IoU 0.464 → 0.510  ✓
    ↑ new global best IoU 0.510  [phase Ph1 robot c]
[staged] Phase 1 done — composite IoU: 0.510

[staged] Phase 2 — backward pass  (4 iters × 3 robots, sigma=0.300)
[staged]   contributions before Phase 2:
[staged]     robot a: +0.255 IoU
[staged]     robot b: +0.115 IoU
[staged]     robot c: +0.045 IoU  ← low
[staged]   Ph2 robot c  zone 1  (uncovered: 36% of target)
    [parallel] 10 worker threads, one renderer clone each
    init sampling: best coverage score 207.0px of uncovered area  (16 samples)
[staged]   → robot c: IoU 0.510 → 0.518  ✓
    ↑ new global best IoU 0.518  [phase Ph2 robot c]
[staged]   Ph2 robot b  zone 0  (uncovered: 44% of target)
    [parallel] 10 worker threads, one renderer clone each
    init sampling: best coverage score 387.0px of uncovered area  (16 samples)
[staged]   → robot b: IoU 0.518 → 0.526  ✓
    ↑ new global best IoU 0.526  [phase Ph2 robot b]
[staged]   Ph2 robot a  zone 2  (uncovered: 61% of target)
    [parallel] 10 worker threads, one renderer clone each
    init sampling: best coverage score 749.0px of uncovered area  (16 samples)
[staged]   → robot a: IoU 0.526 → 0.575  ✓
    ↑ new global best IoU 0.575  [phase Ph2 robot a]
[staged] Phase 2 done — composite IoU: 0.575

[staged] Best snapshot: Phase 2  IoU=0.575
[staged] Final refinement — all joints  (6 iters, popsize=16, sigma=0.160)
    [parallel] 10 worker threads, one renderer clone each
[staged] Final done — IoU: 0.575  ✓
[staged] FD refinement — 5 Adam steps  (180 renders, lr=0.01, ε=0.02)
    ↑ new global best IoU 0.603  [FD refinement]
[staged] FD done — IoU: 0.603  (Δ=+0.029)  ✓
[staged] Done — final IoU: 0.603  loss: 0.3979
[staged] Popsize: per-robot phases=32  final=16  (theory optimum for 6 DOF = 10)

[staged] Hungarian pre-assignment  (3×3 cost matrix, 8 samples/entry = 72 renders)...
[staged]   robot_a → zone 0  robot_b → zone 2  robot_c → zone 1

[staged] Phase 1 — forward greedy  (4 iters × 3 robot(s), sigma=0.40×1.00, popsize=32)
[staged]   Ph1 robot a  zone 0  (uncovered: 32% of target)
    [parallel] 10 worker threads, one renderer clone each
    init sampling: best coverage score 424.0px of uncovered area  (16 samples)
[staged]   → robot a: IoU 0.063 → 0.357  ✓
    ↑ new global best IoU 0.357  [phase Ph1 robot a]
[staged]   Ph1 robot b  zone 2  (uncovered: 13% of target)
    [parallel] 10 worker threads, one renderer clone each
    init sampling: best coverage score 273.0px of uncovered area  (16 samples)
[staged]   → robot b: IoU 0.357 → 0.460  ✓
    ↑ new global best IoU 0.460  [phase Ph1 robot b]
[staged]   Ph1 robot c  zone 1  (uncovered: 7% of target)
    [parallel] 10 worker threads, one renderer clone each
    init sampling: best coverage score 140.0px of uncovered area  (16 samples)
[staged]   → robot c: IoU 0.460 → 0.524  ✓
    ↑ new global best IoU 0.524  [phase Ph1 robot c]
[staged] Phase 1 done — composite IoU: 0.524

[staged] Phase 2 — backward pass  (4 iters × 3 robots, sigma=0.300)
[staged]   contributions before Phase 2:
[staged]     robot a: +0.167 IoU
[staged]     robot b: +0.131 IoU
[staged]     robot c: +0.064 IoU
[staged]   Ph2 robot c  zone 1  (uncovered: 35% of target)
    [parallel] 10 worker threads, one renderer clone each
    init sampling: best coverage score 222.0px of uncovered area  (16 samples)
[staged]   → robot c: IoU 0.524 → 0.541  ✓
    ↑ new global best IoU 0.541  [phase Ph2 robot c]
[staged]   Ph2 robot b  zone 2  (uncovered: 36% of target)
    [parallel] 10 worker threads, one renderer clone each
    init sampling: best coverage score 438.0px of uncovered area  (16 samples)
[staged]   → robot b: candidate 0.532 < current 0.541  ✗ rejected
[staged]   Ph2 robot a  zone 0  (uncovered: 45% of target)
    [parallel] 10 worker threads, one renderer clone each
    init sampling: best coverage score 578.0px of uncovered area  (16 samples)
[staged]   → robot a: candidate 0.517 < current 0.541  ✗ rejected
[staged] Phase 2 done — composite IoU: 0.541

[staged] Best snapshot: Phase 2  IoU=0.541
[staged] Final refinement — all joints  (6 iters, popsize=16, sigma=0.160)
    [parallel] 10 worker threads, one renderer clone each
    ↑ new global best IoU 0.547  [final refinement]
[staged] Final done — IoU: 0.547  ✓
[staged] FD refinement — 5 Adam steps  (180 renders, lr=0.01, ε=0.02)
    ↑ new global best IoU 0.579  [FD refinement]
[staged] FD done — IoU: 0.579  (Δ=+0.032)  ✓
[staged] Done — final IoU: 0.579  loss: 0.4231
[shard 0] 7/10 digits/3_dejavusans-bold  best=0.610 mean=0.583±0.020  77s  eta 0.1h
[staged] Popsize: per-robot phases=32  final=16  (theory optimum for 6 DOF = 10)

[staged] Hungarian pre-assignment  (3×3 cost matrix, 8 samples/entry = 72 renders)...
[staged]   robot_a → zone 0  robot_b → zone 1  robot_c → zone 2

[staged] Phase 1 — forward greedy  (4 iters × 3 robot(s), sigma=0.40×1.00, popsize=32)
[staged]   Ph1 robot a  zone 0  (uncovered: 36% of target)
    [parallel] 10 worker threads, one renderer clone each
    init sampling: best coverage score 789.0px of uncovered area  (16 samples)
[staged]   → robot a: IoU 0.105 → 0.348  ✓
    ↑ new global best IoU 0.348  [phase Ph1 robot a]
[staged]   Ph1 robot b  zone 1  (uncovered: 36% of target)
    [parallel] 10 worker threads, one renderer clone each
    init sampling: best coverage score 401.0px of uncovered area  (16 samples)
[staged]   → robot b: IoU 0.348 → 0.441  ✓
    ↑ new global best IoU 0.441  [phase Ph1 robot b]
[staged]   Ph1 robot c  zone 2  (uncovered: 11% of target)
    [parallel] 10 worker threads, one renderer clone each
    init sampling: best coverage score 396.0px of uncovered area  (16 samples)
[staged]   → robot c: IoU 0.441 → 0.479  ✓
    ↑ new global best IoU 0.479  [phase Ph1 robot c]
[staged] Phase 1 done — composite IoU: 0.479

[staged] Phase 2 — backward pass  (4 iters × 3 robots, sigma=0.300)
[staged]   contributions before Phase 2:
[staged]     robot a: +0.226 IoU
[staged]     robot b: +0.100 IoU
[staged]     robot c: +0.037 IoU  ← low
[staged]   Ph2 robot c  zone 2  (uncovered: 43% of target)
    [parallel] 10 worker threads, one renderer clone each
    init sampling: best coverage score 504.0px of uncovered area  (16 samples)
[staged]   → robot c: IoU 0.479 → 0.543  ✓
    ↑ new global best IoU 0.543  [phase Ph2 robot c]
[staged]   Ph2 robot b  zone 1  (uncovered: 45% of target)
    [parallel] 10 worker threads, one renderer clone each
    init sampling: best coverage score 538.0px of uncovered area  (16 samples)
[staged]   → robot b: candidate 0.529 < current 0.543  ✗ rejected
[staged]   Ph2 robot a  zone 0  (uncovered: 51% of target)
    [parallel] 10 worker threads, one renderer clone each
    init sampling: best coverage score 582.0px of uncovered area  (16 samples)
[staged]   → robot a: candidate 0.541 < current 0.543  ✗ rejected
[staged] Phase 2 done — composite IoU: 0.543

[staged] Best snapshot: Phase 2  IoU=0.543
[staged] Final refinement — all joints  (6 iters, popsize=16, sigma=0.160)
    [parallel] 10 worker threads, one renderer clone each
    ↑ new global best IoU 0.562  [final refinement]
[staged] Final done — IoU: 0.562  ✓
[staged] FD refinement — 5 Adam steps  (180 renders, lr=0.01, ε=0.02)
    ↑ new global best IoU 0.569  [FD refinement]
[staged] FD done — IoU: 0.569  (Δ=+0.007)  ✓
[staged] Done — final IoU: 0.569  loss: 0.4321
[staged] Popsize: per-robot phases=32  final=16  (theory optimum for 6 DOF = 10)

[staged] Hungarian pre-assignment  (3×3 cost matrix, 8 samples/entry = 72 renders)...
[staged]   robot_a → zone 2  robot_b → zone 1  robot_c → zone 0

[staged] Phase 1 — forward greedy  (4 iters × 3 robot(s), sigma=0.40×1.00, popsize=32)
[staged]   Ph1 robot a  zone 2  (uncovered: 36% of target)
    [parallel] 10 worker threads, one renderer clone each
    init sampling: best coverage score 889.0px of uncovered area  (16 samples)
[staged]   → robot a: IoU 0.105 → 0.395  ✓
    ↑ new global best IoU 0.395  [phase Ph1 robot a]
[staged]   Ph1 robot b  zone 1  (uncovered: 17% of target)
    [parallel] 10 worker threads, one renderer clone each
    init sampling: best coverage score 438.0px of uncovered area  (16 samples)
[staged]   → robot b: IoU 0.395 → 0.494  ✓
    ↑ new global best IoU 0.494  [phase Ph1 robot b]
[staged]   Ph1 robot c  zone 0  (uncovered: 3% of target)
    [parallel] 10 worker threads, one renderer clone each
    init sampling: best coverage score 90.0px of uncovered area  (16 samples)
[staged]   → robot c: IoU 0.494 → 0.545  ✓
    ↑ new global best IoU 0.545  [phase Ph1 robot c]
[staged] Phase 1 done — composite IoU: 0.545

[staged] Phase 2 — backward pass  (4 iters × 3 robots, sigma=0.300)
[staged]   contributions before Phase 2:
[staged]     robot a: +0.255 IoU
[staged]     robot b: +0.096 IoU
[staged]     robot c: +0.051 IoU
[staged]   Ph2 robot c  zone 0  (uncovered: 38% of target)
    [parallel] 10 worker threads, one renderer clone each
    init sampling: best coverage score 371.0px of uncovered area  (16 samples)
[staged]   → robot c: IoU 0.545 → 0.566  ✓
    ↑ new global best IoU 0.566  [phase Ph2 robot c]
[staged]   Ph2 robot b  zone 1  (uncovered: 39% of target)
    [parallel] 10 worker threads, one renderer clone each
    init sampling: best coverage score 291.0px of uncovered area  (16 samples)
[staged]   → robot b: candidate 0.516 < current 0.566  ✗ rejected
[staged]   Ph2 robot a  zone 2  (uncovered: 64% of target)
    [parallel] 10 worker threads, one renderer clone each
    init sampling: best coverage score 737.0px of uncovered area  (16 samples)
[staged]   → robot a: candidate 0.524 < current 0.566  ✗ rejected
[staged] Phase 2 done — composite IoU: 0.566

[staged] Best snapshot: Phase 2  IoU=0.566
[staged] Final refinement — all joints  (6 iters, popsize=16, sigma=0.160)
    [parallel] 10 worker threads, one renderer clone each
[staged] Final done — IoU: 0.566  ✓
[staged] FD refinement — 5 Adam steps  (180 renders, lr=0.01, ε=0.02)
    ↑ new global best IoU 0.581  [FD refinement]
[staged] FD done — IoU: 0.581  (Δ=+0.016)  ✓
[staged] Done — final IoU: 0.581  loss: 0.4201
[staged] Popsize: per-robot phases=32  final=16  (theory optimum for 6 DOF = 10)

[staged] Hungarian pre-assignment  (3×3 cost matrix, 8 samples/entry = 72 renders)...
[staged]   robot_a → zone 1  robot_b → zone 2  robot_c → zone 0

[staged] Phase 1 — forward greedy  (4 iters × 3 robot(s), sigma=0.40×1.00, popsize=32)
[staged]   Ph1 robot a  zone 1  (uncovered: 37% of target)
    [parallel] 10 worker threads, one renderer clone each
    init sampling: best coverage score 743.0px of uncovered area  (16 samples)
[staged]   → robot a: IoU 0.105 → 0.380  ✓
    ↑ new global best IoU 0.380  [phase Ph1 robot a]
[staged]   Ph1 robot b  zone 2  (uncovered: 17% of target)
    [parallel] 10 worker threads, one renderer clone each
    init sampling: best coverage score 346.0px of uncovered area  (16 samples)
[staged]   → robot b: IoU 0.380 → 0.488  ✓
    ↑ new global best IoU 0.488  [phase Ph1 robot b]
[staged]   Ph1 robot c  zone 0  (uncovered: 15% of target)
    [parallel] 10 worker threads, one renderer clone each
    init sampling: best coverage score 45.0px of uncovered area  (16 samples)
[staged]   → robot c: IoU 0.488 → 0.544  ✓
    ↑ new global best IoU 0.544  [phase Ph1 robot c]
[staged] Phase 1 done — composite IoU: 0.544

[staged] Phase 2 — backward pass  (4 iters × 3 robots, sigma=0.300)
[staged]   contributions before Phase 2:
[staged]     robot a: +0.261 IoU
[staged]     robot b: +0.101 IoU
[staged]     robot c: +0.056 IoU
[staged]   Ph2 robot c  zone 0  (uncovered: 39% of target)
    [parallel] 10 worker threads, one renderer clone each
    init sampling: best coverage score 299.0px of uncovered area  (16 samples)
[staged]   → robot c: candidate 0.527 < current 0.544  ✗ rejected
[staged]   Ph2 robot b  zone 2  (uncovered: 46% of target)
    [parallel] 10 worker threads, one renderer clone each
    init sampling: best coverage score 631.0px of uncovered area  (16 samples)
[staged]   → robot b: IoU 0.544 → 0.546  ✓
    ↑ new global best IoU 0.546  [phase Ph2 robot b]
[staged]   Ph2 robot a  zone 1  (uncovered: 64% of target)
    [parallel] 10 worker threads, one renderer clone each
    init sampling: best coverage score 1105.0px of uncovered area  (16 samples)
[staged]   → robot a: candidate 0.535 < current 0.546  ✗ rejected
[staged] Phase 2 done — composite IoU: 0.546

[staged] Best snapshot: Phase 2  IoU=0.546
[staged] Final refinement — all joints  (6 iters, popsize=16, sigma=0.160)
    [parallel] 10 worker threads, one renderer clone each
    ↑ new global best IoU 0.550  [final refinement]
[staged] Final done — IoU: 0.550  ✓
[staged] FD refinement — 5 Adam steps  (180 renders, lr=0.01, ε=0.02)
    ↑ new global best IoU 0.581  [FD refinement]
[staged] FD done — IoU: 0.581  (Δ=+0.031)  ✓
[staged] Done — final IoU: 0.581  loss: 0.4206
[staged] Popsize: per-robot phases=32  final=16  (theory optimum for 6 DOF = 10)

[staged] Hungarian pre-assignment  (3×3 cost matrix, 8 samples/entry = 72 renders)...
[staged]   robot_a → zone 0  robot_b → zone 1  robot_c → zone 2

[staged] Phase 1 — forward greedy  (4 iters × 3 robot(s), sigma=0.40×1.00, popsize=32)
[staged]   Ph1 robot a  zone 0  (uncovered: 37% of target)
    [parallel] 10 worker threads, one renderer clone each
    init sampling: best coverage score 956.0px of uncovered area  (16 samples)
[staged]   → robot a: IoU 0.105 → 0.421  ✓
    ↑ new global best IoU 0.421  [phase Ph1 robot a]
[staged]   Ph1 robot b  zone 1  (uncovered: 17% of target)
    [parallel] 10 worker threads, one renderer clone each
    init sampling: best coverage score 266.0px of uncovered area  (16 samples)
[staged]   → robot b: IoU 0.421 → 0.500  ✓
    ↑ new global best IoU 0.500  [phase Ph1 robot b]
[staged]   Ph1 robot c  zone 2  (uncovered: 15% of target)
    [parallel] 10 worker threads, one renderer clone each
    init sampling: best coverage score 297.0px of uncovered area  (16 samples)
[staged]   → robot c: IoU 0.500 → 0.572  ✓
    ↑ new global best IoU 0.572  [phase Ph1 robot c]
[staged] Phase 1 done — composite IoU: 0.572

[staged] Phase 2 — backward pass  (4 iters × 3 robots, sigma=0.300)
[staged]   contributions before Phase 2:
[staged]     robot a: +0.273 IoU
[staged]     robot b: +0.074 IoU
[staged]     robot c: +0.072 IoU
[staged]   Ph2 robot c  zone 2  (uncovered: 37% of target)
    [parallel] 10 worker threads, one renderer clone each
    init sampling: best coverage score 344.0px of uncovered area  (16 samples)
[staged]   → robot c: candidate 0.537 < current 0.572  ✗ rejected
[staged]   Ph2 robot b  zone 1  (uncovered: 41% of target)
    [parallel] 10 worker threads, one renderer clone each
    init sampling: best coverage score 527.0px of uncovered area  (16 samples)
[staged]   → robot b: IoU 0.572 → 0.611  ✓
    ↑ new global best IoU 0.611  [phase Ph2 robot b]
[staged]   Ph2 robot a  zone 0  (uncovered: 61% of target)
    [parallel] 10 worker threads, one renderer clone each
    init sampling: best coverage score 1148.0px of uncovered area  (16 samples)
[staged]   → robot a: candidate 0.589 < current 0.611  ✗ rejected
[staged] Phase 2 done — composite IoU: 0.611

[staged] Best snapshot: Phase 2  IoU=0.611
[staged] Final refinement — all joints  (6 iters, popsize=16, sigma=0.160)
    [parallel] 10 worker threads, one renderer clone each
    ↑ new global best IoU 0.618  [final refinement]
[staged] Final done — IoU: 0.618  ✓
[staged] FD refinement — 5 Adam steps  (180 renders, lr=0.01, ε=0.02)
    ↑ new global best IoU 0.631  [FD refinement]
[staged] FD done — IoU: 0.631  (Δ=+0.014)  ✓
[staged] Done — final IoU: 0.631  loss: 0.3700
[staged] Popsize: per-robot phases=32  final=16  (theory optimum for 6 DOF = 10)

[staged] Hungarian pre-assignment  (3×3 cost matrix, 8 samples/entry = 72 renders)...
[staged]   robot_a → zone 1  robot_b → zone 2  robot_c → zone 0

[staged] Phase 1 — forward greedy  (4 iters × 3 robot(s), sigma=0.40×1.00, popsize=32)
[staged]   Ph1 robot a  zone 1  (uncovered: 36% of target)
    [parallel] 10 worker threads, one renderer clone each
    init sampling: best coverage score 1127.0px of uncovered area  (16 samples)
[staged]   → robot a: IoU 0.105 → 0.478  ✓
    ↑ new global best IoU 0.478  [phase Ph1 robot a]
[staged]   Ph1 robot b  zone 2  (uncovered: 16% of target)
    [parallel] 10 worker threads, one renderer clone each
    init sampling: best coverage score 410.0px of uncovered area  (16 samples)
[staged]   → robot b: IoU 0.478 → 0.547  ✓
    ↑ new global best IoU 0.547  [phase Ph1 robot b]
[staged]   Ph1 robot c  zone 0  (uncovered: 11% of target)
    [parallel] 10 worker threads, one renderer clone each
    init sampling: best coverage score 160.0px of uncovered area  (16 samples)
[staged]   → robot c: IoU 0.547 → 0.586  ✓
    ↑ new global best IoU 0.586  [phase Ph1 robot c]
[staged] Phase 1 done — composite IoU: 0.586

[staged] Phase 2 — backward pass  (4 iters × 3 robots, sigma=0.300)
[staged]   contributions before Phase 2:
[staged]     robot a: +0.356 IoU
[staged]     robot b: +0.052 IoU
[staged]     robot c: +0.039 IoU  ← low
[staged]   Ph2 robot c  zone 0  (uncovered: 33% of target)
    [parallel] 10 worker threads, one renderer clone each
    init sampling: best coverage score 226.0px of uncovered area  (16 samples)
[staged]   → robot c: candidate 0.584 < current 0.586  ✗ rejected
[staged]   Ph2 robot b  zone 2  (uncovered: 36% of target)
    [parallel] 10 worker threads, one renderer clone each
    init sampling: best coverage score 331.0px of uncovered area  (16 samples)
[staged]   → robot b: candidate 0.557 < current 0.586  ✗ rejected
[staged]   Ph2 robot a  zone 1  (uncovered: 72% of target)
    [parallel] 10 worker threads, one renderer clone each
    init sampling: best coverage score 1582.0px of uncovered area  (16 samples)
[staged]   → robot a: candidate 0.535 < current 0.586  ✗ rejected
[staged] Phase 2 done — composite IoU: 0.586

[staged] Best snapshot: Phase 1  IoU=0.586
[staged] Final refinement — all joints  (6 iters, popsize=16, sigma=0.160)
    [parallel] 10 worker threads, one renderer clone each
[staged] Final done — IoU: 0.586  ✓
[staged] FD refinement — 5 Adam steps  (180 renders, lr=0.01, ε=0.02)
    ↑ new global best IoU 0.593  [FD refinement]
[staged] FD done — IoU: 0.593  (Δ=+0.007)  ✓
[staged] Done — final IoU: 0.593  loss: 0.4083
[shard 0] 8/10 digits/4_dejavusans-bold  best=0.631 mean=0.591±0.021  77s  eta 0.0h
[staged] Popsize: per-robot phases=32  final=16  (theory optimum for 6 DOF = 10)

[staged] Hungarian pre-assignment  (3×3 cost matrix, 8 samples/entry = 72 renders)...
[staged]   robot_a → zone 1  robot_b → zone 0  robot_c → zone 2

[staged] Phase 1 — forward greedy  (4 iters × 3 robot(s), sigma=0.40×1.00, popsize=32)
[staged]   Ph1 robot a  zone 1  (uncovered: 22% of target)
    [parallel] 10 worker threads, one renderer clone each
    init sampling: best coverage score 471.0px of uncovered area  (16 samples)
[staged]   → robot a: IoU 0.038 → 0.386  ✓
    ↑ new global best IoU 0.386  [phase Ph1 robot a]
[staged]   Ph1 robot b  zone 0  (uncovered: 18% of target)
    [parallel] 10 worker threads, one renderer clone each
    init sampling: best coverage score 412.0px of uncovered area  (16 samples)
[staged]   → robot b: IoU 0.386 → 0.525  ✓
    ↑ new global best IoU 0.525  [phase Ph1 robot b]
[staged]   Ph1 robot c  zone 2  (uncovered: 3% of target)
    [parallel] 10 worker threads, one renderer clone each
    init sampling: best coverage score 73.0px of uncovered area  (16 samples)
[staged]   → robot c: IoU 0.525 → 0.616  ✓
    ↑ new global best IoU 0.616  [phase Ph1 robot c]
[staged] Phase 1 done — composite IoU: 0.616

[staged] Phase 2 — backward pass  (4 iters × 3 robots, sigma=0.300)
[staged]   contributions before Phase 2:
[staged]     robot a: +0.182 IoU
[staged]     robot b: +0.165 IoU
[staged]     robot c: +0.090 IoU
[staged]   Ph2 robot c  zone 2  (uncovered: 31% of target)
    [parallel] 10 worker threads, one renderer clone each
    init sampling: best coverage score 388.0px of uncovered area  (16 samples)
[staged]   → robot c: IoU 0.616 → 0.617  ✓
    ↑ new global best IoU 0.617  [phase Ph2 robot c]
[staged]   Ph2 robot b  zone 0  (uncovered: 35% of target)
    [parallel] 10 worker threads, one renderer clone each
    init sampling: best coverage score 321.0px of uncovered area  (16 samples)
[staged]   → robot b: candidate 0.595 < current 0.617  ✗ rejected
[staged]   Ph2 robot a  zone 1  (uncovered: 43% of target)
    [parallel] 10 worker threads, one renderer clone each
    init sampling: best coverage score 343.0px of uncovered area  (16 samples)
[staged]   → robot a: IoU 0.617 → 0.629  ✓
    ↑ new global best IoU 0.629  [phase Ph2 robot a]
[staged] Phase 2 done — composite IoU: 0.629

[staged] Best snapshot: Phase 2  IoU=0.629
[staged] Final refinement — all joints  (6 iters, popsize=16, sigma=0.160)
    [parallel] 10 worker threads, one renderer clone each
    ↑ new global best IoU 0.635  [final refinement]
[staged] Final done — IoU: 0.635  ✓
[staged] FD refinement — 5 Adam steps  (180 renders, lr=0.01, ε=0.02)
    ↑ new global best IoU 0.653  [FD refinement]
[staged] FD done — IoU: 0.653  (Δ=+0.018)  ✓
[staged] Done — final IoU: 0.653  loss: 0.3482
[staged] Popsize: per-robot phases=32  final=16  (theory optimum for 6 DOF = 10)

[staged] Hungarian pre-assignment  (3×3 cost matrix, 8 samples/entry = 72 renders)...
[staged]   robot_a → zone 2  robot_b → zone 1  robot_c → zone 0

[staged] Phase 1 — forward greedy  (4 iters × 3 robot(s), sigma=0.40×1.00, popsize=32)
[staged]   Ph1 robot a  zone 2  (uncovered: 32% of target)
    [parallel] 10 worker threads, one renderer clone each
    init sampling: best coverage score 581.0px of uncovered area  (16 samples)
[staged]   → robot a: IoU 0.038 → 0.472  ✓
    ↑ new global best IoU 0.472  [phase Ph1 robot a]
[staged]   Ph1 robot b  zone 1  (uncovered: 16% of target)
    [parallel] 10 worker threads, one renderer clone each
    init sampling: best coverage score 170.0px of uncovered area  (16 samples)
[staged]   → robot b: IoU 0.472 → 0.567  ✓
    ↑ new global best IoU 0.567  [phase Ph1 robot b]
[staged]   Ph1 robot c  zone 0  (uncovered: 20% of target)
    [parallel] 10 worker threads, one renderer clone each
    init sampling: best coverage score 354.0px of uncovered area  (16 samples)
[staged]   → robot c: IoU 0.567 → 0.680  ✓
    ↑ new global best IoU 0.680  [phase Ph1 robot c]
[staged] Phase 1 done — composite IoU: 0.680

[staged] Phase 2 — backward pass  (4 iters × 3 robots, sigma=0.300)
[staged]   contributions before Phase 2:
[staged]     robot a: +0.194 IoU
[staged]     robot b: +0.138 IoU
[staged]     robot c: +0.113 IoU
[staged]   Ph2 robot c  zone 0  (uncovered: 28% of target)
    [parallel] 10 worker threads, one renderer clone each
    init sampling: best coverage score 415.0px of uncovered area  (16 samples)
[staged]   → robot c: IoU 0.680 → 0.684  ✓
    ↑ new global best IoU 0.684  [phase Ph2 robot c]
[staged]   Ph2 robot b  zone 1  (uncovered: 29% of target)
    [parallel] 10 worker threads, one renderer clone each
    init sampling: best coverage score 298.0px of uncovered area  (16 samples)
[staged]   → robot b: candidate 0.684 < current 0.684  ✗ rejected
[staged]   Ph2 robot a  zone 2  (uncovered: 38% of target)
    [parallel] 10 worker threads, one renderer clone each
    init sampling: best coverage score 341.0px of uncovered area  (16 samples)
[staged]   → robot a: candidate 0.632 < current 0.684  ✗ rejected
[staged] Phase 2 done — composite IoU: 0.684

[staged] Best snapshot: Phase 2  IoU=0.684
[staged] Final refinement — all joints  (6 iters, popsize=16, sigma=0.160)
    [parallel] 10 worker threads, one renderer clone each
    ↑ new global best IoU 0.689  [final refinement]
[staged] Final done — IoU: 0.689  ✓
[staged] FD refinement — 5 Adam steps  (180 renders, lr=0.01, ε=0.02)
    ↑ new global best IoU 0.717  [FD refinement]
[staged] FD done — IoU: 0.717  (Δ=+0.027)  ✓
[staged] Done — final IoU: 0.717  loss: 0.2834
[staged] Popsize: per-robot phases=32  final=16  (theory optimum for 6 DOF = 10)

[staged] Hungarian pre-assignment  (3×3 cost matrix, 8 samples/entry = 72 renders)...
[staged]   robot_a → zone 1  robot_b → zone 2  robot_c → zone 0

[staged] Phase 1 — forward greedy  (4 iters × 3 robot(s), sigma=0.40×1.00, popsize=32)
[staged]   Ph1 robot a  zone 1  (uncovered: 22% of target)
    [parallel] 10 worker threads, one renderer clone each
    init sampling: best coverage score 416.0px of uncovered area  (16 samples)
[staged]   → robot a: IoU 0.038 → 0.494  ✓
    ↑ new global best IoU 0.494  [phase Ph1 robot a]
[staged]   Ph1 robot b  zone 2  (uncovered: 12% of target)
    [parallel] 10 worker threads, one renderer clone each
    init sampling: best coverage score 144.0px of uncovered area  (16 samples)
[staged]   → robot b: IoU 0.494 → 0.604  ✓
    ↑ new global best IoU 0.604  [phase Ph1 robot b]
[staged]   Ph1 robot c  zone 0  (uncovered: 3% of target)
    [parallel] 10 worker threads, one renderer clone each
    init sampling: best coverage score 77.0px of uncovered area  (16 samples)
[staged]   → robot c: IoU 0.604 → 0.697  ✓
    ↑ new global best IoU 0.697  [phase Ph1 robot c]
[staged] Phase 1 done — composite IoU: 0.697

[staged] Phase 2 — backward pass  (4 iters × 3 robots, sigma=0.300)
[staged]   contributions before Phase 2:
[staged]     robot a: +0.240 IoU
[staged]     robot b: +0.152 IoU
[staged]     robot c: +0.093 IoU
[staged]   Ph2 robot c  zone 0  (uncovered: 18% of target)
    [parallel] 10 worker threads, one renderer clone each
    init sampling: best coverage score 155.0px of uncovered area  (16 samples)
[staged]   → robot c: candidate 0.676 < current 0.697  ✗ rejected
[staged]   Ph2 robot b  zone 2  (uncovered: 26% of target)
    [parallel] 10 worker threads, one renderer clone each
    init sampling: best coverage score 179.0px of uncovered area  (16 samples)
[staged]   → robot b: candidate 0.694 < current 0.697  ✗ rejected
[staged]   Ph2 robot a  zone 1  (uncovered: 36% of target)
    [parallel] 10 worker threads, one renderer clone each
    init sampling: best coverage score 643.0px of uncovered area  (16 samples)
[staged]   → robot a: candidate 0.635 < current 0.697  ✗ rejected
[staged] Phase 2 done — composite IoU: 0.697

[staged] Best snapshot: Phase 1  IoU=0.697
[staged] Final refinement — all joints  (6 iters, popsize=16, sigma=0.160)
    [parallel] 10 worker threads, one renderer clone each
    ↑ new global best IoU 0.704  [final refinement]
[staged] Final done — IoU: 0.704  ✓
[staged] FD refinement — 5 Adam steps  (180 renders, lr=0.01, ε=0.02)
    ↑ new global best IoU 0.741  [FD refinement]
[staged] FD done — IoU: 0.741  (Δ=+0.037)  ✓
[staged] Done — final IoU: 0.741  loss: 0.2601
[staged] Popsize: per-robot phases=32  final=16  (theory optimum for 6 DOF = 10)

[staged] Hungarian pre-assignment  (3×3 cost matrix, 8 samples/entry = 72 renders)...
[staged]   robot_a → zone 0  robot_b → zone 2  robot_c → zone 1

[staged] Phase 1 — forward greedy  (4 iters × 3 robot(s), sigma=0.40×1.00, popsize=32)
[staged]   Ph1 robot a  zone 0  (uncovered: 42% of target)
    [parallel] 10 worker threads, one renderer clone each
    init sampling: best coverage score 923.0px of uncovered area  (16 samples)
[staged]   → robot a: IoU 0.038 → 0.380  ✓
    ↑ new global best IoU 0.380  [phase Ph1 robot a]
[staged]   Ph1 robot b  zone 2  (uncovered: 19% of target)
    [parallel] 10 worker threads, one renderer clone each
    init sampling: best coverage score 318.0px of uncovered area  (16 samples)
[staged]   → robot b: IoU 0.380 → 0.501  ✓
    ↑ new global best IoU 0.501  [phase Ph1 robot b]
[staged]   Ph1 robot c  zone 1  (uncovered: 3% of target)
    [parallel] 10 worker threads, one renderer clone each
    init sampling: best coverage score 62.0px of uncovered area  (16 samples)
[staged]   → robot c: IoU 0.501 → 0.570  ✓
    ↑ new global best IoU 0.570  [phase Ph1 robot c]
[staged] Phase 1 done — composite IoU: 0.570

[staged] Phase 2 — backward pass  (4 iters × 3 robots, sigma=0.300)
[staged]   contributions before Phase 2:
[staged]     robot a: +0.201 IoU
[staged]     robot b: +0.088 IoU
[staged]     robot c: +0.069 IoU
[staged]   Ph2 robot c  zone 1  (uncovered: 25% of target)
    [parallel] 10 worker threads, one renderer clone each
    init sampling: best coverage score 152.0px of uncovered area  (16 samples)
[staged]   → robot c: IoU 0.570 → 0.572  ✓
    ↑ new global best IoU 0.572  [phase Ph2 robot c]
[staged]   Ph2 robot b  zone 2  (uncovered: 28% of target)
    [parallel] 10 worker threads, one renderer clone each
    init sampling: best coverage score 203.0px of uncovered area  (16 samples)
[staged]   → robot b: IoU 0.572 → 0.572  ✓
[staged]   Ph2 robot a  zone 0  (uncovered: 55% of target)
    [parallel] 10 worker threads, one renderer clone each
    init sampling: best coverage score 1240.0px of uncovered area  (16 samples)
[staged]   → robot a: IoU 0.572 → 0.614  ✓
    ↑ new global best IoU 0.614  [phase Ph2 robot a]
[staged] Phase 2 done — composite IoU: 0.614

[staged] Best snapshot: Phase 2  IoU=0.614
[staged] Final refinement — all joints  (6 iters, popsize=16, sigma=0.160)
    [parallel] 10 worker threads, one renderer clone each
    ↑ new global best IoU 0.629  [final refinement]
[staged] Final done — IoU: 0.629  ✓
[staged] FD refinement — 5 Adam steps  (180 renders, lr=0.01, ε=0.02)
    ↑ new global best IoU 0.657  [FD refinement]
[staged] FD done — IoU: 0.657  (Δ=+0.028)  ✓
[staged] Done — final IoU: 0.657  loss: 0.3445
[staged] Popsize: per-robot phases=32  final=16  (theory optimum for 6 DOF = 10)

[staged] Hungarian pre-assignment  (3×3 cost matrix, 8 samples/entry = 72 renders)...
[staged]   robot_a → zone 2  robot_b → zone 0  robot_c → zone 1

[staged] Phase 1 — forward greedy  (4 iters × 3 robot(s), sigma=0.40×1.00, popsize=32)
[staged]   Ph1 robot a  zone 2  (uncovered: 42% of target)
    [parallel] 10 worker threads, one renderer clone each
    init sampling: best coverage score 688.0px of uncovered area  (16 samples)
[staged]   → robot a: IoU 0.038 → 0.425  ✓
    ↑ new global best IoU 0.425  [phase Ph1 robot a]
[staged]   Ph1 robot b  zone 0  (uncovered: 22% of target)
    [parallel] 10 worker threads, one renderer clone each
    init sampling: best coverage score 387.0px of uncovered area  (16 samples)
[staged]   → robot b: IoU 0.425 → 0.528  ✓
    ↑ new global best IoU 0.528  [phase Ph1 robot b]
[staged]   Ph1 robot c  zone 1  (uncovered: 2% of target)
    [parallel] 10 worker threads, one renderer clone each
    init sampling: best coverage score 49.0px of uncovered area  (16 samples)
[staged]   → robot c: IoU 0.528 → 0.607  ✓
    ↑ new global best IoU 0.607  [phase Ph1 robot c]
[staged] Phase 1 done — composite IoU: 0.607

[staged] Phase 2 — backward pass  (4 iters × 3 robots, sigma=0.300)
[staged]   contributions before Phase 2:
[staged]     robot a: +0.246 IoU
[staged]     robot b: +0.122 IoU
[staged]     robot c: +0.079 IoU
[staged]   Ph2 robot c  zone 1  (uncovered: 26% of target)
    [parallel] 10 worker threads, one renderer clone each
    init sampling: best coverage score 112.0px of uncovered area  (16 samples)
[staged]   → robot c: IoU 0.607 → 0.625  ✓
    ↑ new global best IoU 0.625  [phase Ph2 robot c]
[staged]   Ph2 robot b  zone 0  (uncovered: 34% of target)
    [parallel] 10 worker threads, one renderer clone each
    init sampling: best coverage score 490.0px of uncovered area  (16 samples)
[staged]   → robot b: IoU 0.625 → 0.655  ✓
    ↑ new global best IoU 0.655  [phase Ph2 robot b]
[staged]   Ph2 robot a  zone 2  (uncovered: 35% of target)
    [parallel] 10 worker threads, one renderer clone each
    init sampling: best coverage score 527.0px of uncovered area  (16 samples)
[staged]   → robot a: IoU 0.655 → 0.677  ✓
    ↑ new global best IoU 0.677  [phase Ph2 robot a]
[staged] Phase 2 done — composite IoU: 0.677

[staged] Best snapshot: Phase 2  IoU=0.677
[staged] Final refinement — all joints  (6 iters, popsize=16, sigma=0.160)
    [parallel] 10 worker threads, one renderer clone each
    ↑ new global best IoU 0.712  [final refinement]
[staged] Final done — IoU: 0.712  ✓
[staged] FD refinement — 5 Adam steps  (180 renders, lr=0.01, ε=0.02)
    ↑ new global best IoU 0.744  [FD refinement]
[staged] FD done — IoU: 0.744  (Δ=+0.032)  ✓
[staged] Done — final IoU: 0.744  loss: 0.2562
[shard 0] 9/10 digits/7_dejavusans-bold  best=0.744 mean=0.702±0.040  77s  eta 0.0h
[staged] Popsize: per-robot phases=32  final=16  (theory optimum for 6 DOF = 10)

[staged] Hungarian pre-assignment  (3×3 cost matrix, 8 samples/entry = 72 renders)...
[staged]   robot_a → zone 2  robot_b → zone 0  robot_c → zone 1

[staged] Phase 1 — forward greedy  (4 iters × 3 robot(s), sigma=0.40×1.00, popsize=32)
[staged]   Ph1 robot a  zone 2  (uncovered: 26% of target)
    [parallel] 10 worker threads, one renderer clone each
    init sampling: best coverage score 799.0px of uncovered area  (16 samples)
[staged]   → robot a: IoU 0.075 → 0.347  ✓
    ↑ new global best IoU 0.347  [phase Ph1 robot a]
[staged]   Ph1 robot b  zone 0  (uncovered: 10% of target)
    [parallel] 10 worker threads, one renderer clone each
    init sampling: best coverage score 75.0px of uncovered area  (16 samples)
[staged]   → robot b: IoU 0.347 → 0.475  ✓
    ↑ new global best IoU 0.475  [phase Ph1 robot b]
[staged]   Ph1 robot c  zone 1  (uncovered: 15% of target)
    [parallel] 10 worker threads, one renderer clone each
    init sampling: best coverage score 180.0px of uncovered area  (16 samples)
[staged]   → robot c: IoU 0.475 → 0.529  ✓
    ↑ new global best IoU 0.529  [phase Ph1 robot c]
[staged] Phase 1 done — composite IoU: 0.529

[staged] Phase 2 — backward pass  (4 iters × 3 robots, sigma=0.300)
[staged]   contributions before Phase 2:
[staged]     robot a: +0.235 IoU
[staged]     robot b: +0.073 IoU
[staged]     robot c: +0.054 IoU
[staged]   Ph2 robot c  zone 1  (uncovered: 40% of target)
    [parallel] 10 worker threads, one renderer clone each
    init sampling: best coverage score 154.0px of uncovered area  (16 samples)
[staged]   → robot c: IoU 0.529 → 0.539  ✓
    ↑ new global best IoU 0.539  [phase Ph2 robot c]
[staged]   Ph2 robot b  zone 0  (uncovered: 51% of target)
    [parallel] 10 worker threads, one renderer clone each
    init sampling: best coverage score 774.0px of uncovered area  (16 samples)
[staged]   → robot b: IoU 0.539 → 0.588  ✓
    ↑ new global best IoU 0.588  [phase Ph2 robot b]
[staged]   Ph2 robot a  zone 2  (uncovered: 43% of target)
    [parallel] 10 worker threads, one renderer clone each
    init sampling: best coverage score 439.0px of uncovered area  (16 samples)
[staged]   → robot a: candidate 0.517 < current 0.588  ✗ rejected
[staged] Phase 2 done — composite IoU: 0.588

[staged] Best snapshot: Phase 2  IoU=0.588
[staged] Final refinement — all joints  (6 iters, popsize=16, sigma=0.160)
    [parallel] 10 worker threads, one renderer clone each
[staged] Final done — IoU: 0.588  ✓
[staged] FD refinement — 5 Adam steps  (180 renders, lr=0.01, ε=0.02)
    ↑ new global best IoU 0.608  [FD refinement]
[staged] FD done — IoU: 0.608  (Δ=+0.020)  ✓
[staged] Done — final IoU: 0.608  loss: 0.3927
[staged] Popsize: per-robot phases=32  final=16  (theory optimum for 6 DOF = 10)

[staged] Hungarian pre-assignment  (3×3 cost matrix, 8 samples/entry = 72 renders)...
[staged]   robot_a → zone 2  robot_b → zone 1  robot_c → zone 0

[staged] Phase 1 — forward greedy  (4 iters × 3 robot(s), sigma=0.40×1.00, popsize=32)
[staged]   Ph1 robot a  zone 2  (uncovered: 28% of target)
    [parallel] 10 worker threads, one renderer clone each
    init sampling: best coverage score 613.0px of uncovered area  (16 samples)
[staged]   → robot a: IoU 0.075 → 0.339  ✓
    ↑ new global best IoU 0.339  [phase Ph1 robot a]
[staged]   Ph1 robot b  zone 1  (uncovered: 13% of target)
    [parallel] 10 worker threads, one renderer clone each
    init sampling: best coverage score 214.0px of uncovered area  (16 samples)
[staged]   → robot b: IoU 0.339 → 0.539  ✓
    ↑ new global best IoU 0.539  [phase Ph1 robot b]
[staged]   Ph1 robot c  zone 0  (uncovered: 9% of target)
    [parallel] 10 worker threads, one renderer clone each
    init sampling: best coverage score 124.0px of uncovered area  (16 samples)
[staged]   → robot c: IoU 0.539 → 0.636  ✓
    ↑ new global best IoU 0.636  [phase Ph1 robot c]
[staged] Phase 1 done — composite IoU: 0.636

[staged] Phase 2 — backward pass  (4 iters × 3 robots, sigma=0.300)
[staged]   contributions before Phase 2:
[staged]     robot a: +0.194 IoU
[staged]     robot b: +0.199 IoU
[staged]     robot c: +0.098 IoU
[staged]   Ph2 robot c  zone 0  (uncovered: 34% of target)
    [parallel] 10 worker threads, one renderer clone each
    init sampling: best coverage score 443.0px of uncovered area  (16 samples)
[staged]   → robot c: candidate 0.623 < current 0.636  ✗ rejected
[staged]   Ph2 robot b  zone 1  (uncovered: 46% of target)
    [parallel] 10 worker threads, one renderer clone each
    init sampling: best coverage score 1082.0px of uncovered area  (16 samples)
[staged]   → robot b: IoU 0.636 → 0.653  ✓
    ↑ new global best IoU 0.653  [phase Ph2 robot b]
[staged]   Ph2 robot a  zone 2  (uncovered: 42% of target)
    [parallel] 10 worker threads, one renderer clone each
    init sampling: best coverage score 544.0px of uncovered area  (16 samples)
[staged]   → robot a: candidate 0.621 < current 0.653  ✗ rejected
[staged] Phase 2 done — composite IoU: 0.653

[staged] Best snapshot: Phase 2  IoU=0.653
[staged] Final refinement — all joints  (6 iters, popsize=16, sigma=0.160)
    [parallel] 10 worker threads, one renderer clone each
    ↑ new global best IoU 0.659  [final refinement]
[staged] Final done — IoU: 0.659  ✓
[staged] FD refinement — 5 Adam steps  (180 renders, lr=0.01, ε=0.02)
    ↑ new global best IoU 0.687  [FD refinement]
[staged] FD done — IoU: 0.687  (Δ=+0.029)  ✓
[staged] Done — final IoU: 0.687  loss: 0.3134
[staged] Popsize: per-robot phases=32  final=16  (theory optimum for 6 DOF = 10)

[staged] Hungarian pre-assignment  (3×3 cost matrix, 8 samples/entry = 72 renders)...
[staged]   robot_a → zone 1  robot_b → zone 2  robot_c → zone 0

[staged] Phase 1 — forward greedy  (4 iters × 3 robot(s), sigma=0.40×1.00, popsize=32)
[staged]   Ph1 robot a  zone 1  (uncovered: 31% of target)
    [parallel] 10 worker threads, one renderer clone each
    init sampling: best coverage score 707.0px of uncovered area  (16 samples)
[staged]   → robot a: IoU 0.075 → 0.306  ✓
    ↑ new global best IoU 0.306  [phase Ph1 robot a]
[staged]   Ph1 robot b  zone 2  (uncovered: 12% of target)
    [parallel] 10 worker threads, one renderer clone each
    init sampling: best coverage score 171.0px of uncovered area  (16 samples)
[staged]   → robot b: IoU 0.306 → 0.439  ✓
    ↑ new global best IoU 0.439  [phase Ph1 robot b]
[staged]   Ph1 robot c  zone 0  (uncovered: 13% of target)
    [parallel] 10 worker threads, one renderer clone each
    init sampling: best coverage score 149.0px of uncovered area  (16 samples)
[staged]   → robot c: candidate 0.435 < current 0.439  ✗ rejected
[staged] Phase 1 done — composite IoU: 0.439

[staged] Phase 2 — backward pass  (4 iters × 3 robots, sigma=0.300)
[staged]   contributions before Phase 2:
[staged]     robot a: +0.190 IoU
[staged]     robot b: +0.133 IoU
[staged]     robot c: +0.000 IoU  ← low
[staged]   Ph2 robot c  zone 0  (uncovered: 43% of target)
    [parallel] 10 worker threads, one renderer clone each
    init sampling: best coverage score 520.0px of uncovered area  (16 samples)
[staged]   → robot c: IoU 0.439 → 0.539  ✓
    ↑ new global best IoU 0.539  [phase Ph2 robot c]
[staged]   Ph2 robot b  zone 2  (uncovered: 43% of target)
    [parallel] 10 worker threads, one renderer clone each
    init sampling: best coverage score 309.0px of uncovered area  (16 samples)
[staged]   → robot b: candidate 0.516 < current 0.539  ✗ rejected
[staged]   Ph2 robot a  zone 1  (uncovered: 55% of target)
    [parallel] 10 worker threads, one renderer clone each
    init sampling: best coverage score 889.0px of uncovered area  (16 samples)
[staged]   → robot a: IoU 0.539 → 0.539  ✓
    ↑ new global best IoU 0.539  [phase Ph2 robot a]
[staged] Phase 2 done — composite IoU: 0.539

[staged] Best snapshot: Phase 2  IoU=0.539
[staged] Final refinement — all joints  (6 iters, popsize=16, sigma=0.160)
    [parallel] 10 worker threads, one renderer clone each
    ↑ new global best IoU 0.561  [final refinement]
[staged] Final done — IoU: 0.561  ✓
[staged] FD refinement — 5 Adam steps  (180 renders, lr=0.01, ε=0.02)
    ↑ new global best IoU 0.582  [FD refinement]
[staged] FD done — IoU: 0.582  (Δ=+0.021)  ✓
[staged] Done — final IoU: 0.582  loss: 0.4201
[staged] Popsize: per-robot phases=32  final=16  (theory optimum for 6 DOF = 10)

[staged] Hungarian pre-assignment  (3×3 cost matrix, 8 samples/entry = 72 renders)...
[staged]   robot_a → zone 2  robot_b → zone 0  robot_c → zone 1

[staged] Phase 1 — forward greedy  (4 iters × 3 robot(s), sigma=0.40×1.00, popsize=32)
[staged]   Ph1 robot a  zone 2  (uncovered: 33% of target)
    [parallel] 10 worker threads, one renderer clone each
    init sampling: best coverage score 769.0px of uncovered area  (16 samples)
[staged]   → robot a: IoU 0.075 → 0.332  ✓
    ↑ new global best IoU 0.332  [phase Ph1 robot a]
[staged]   Ph1 robot b  zone 0  (uncovered: 30% of target)
    [parallel] 10 worker threads, one renderer clone each
    init sampling: best coverage score 681.0px of uncovered area  (16 samples)
[staged]   → robot b: IoU 0.332 → 0.502  ✓
    ↑ new global best IoU 0.502  [phase Ph1 robot b]
[staged]   Ph1 robot c  zone 1  (uncovered: 13% of target)
    [parallel] 10 worker threads, one renderer clone each
    init sampling: best coverage score 207.0px of uncovered area  (16 samples)
[staged]   → robot c: IoU 0.502 → 0.528  ✓
    ↑ new global best IoU 0.528  [phase Ph1 robot c]
[staged] Phase 1 done — composite IoU: 0.528

[staged] Phase 2 — backward pass  (4 iters × 3 robots, sigma=0.300)
[staged]   contributions before Phase 2:
[staged]     robot a: +0.252 IoU
[staged]     robot b: +0.179 IoU
[staged]     robot c: +0.025 IoU  ← low
[staged]   Ph2 robot c  zone 1  (uncovered: 36% of target)
    [parallel] 10 worker threads, one renderer clone each
    init sampling: best coverage score 435.0px of uncovered area  (16 samples)
[staged]   → robot c: IoU 0.528 → 0.576  ✓
    ↑ new global best IoU 0.576  [phase Ph2 robot c]
[staged]   Ph2 robot b  zone 0  (uncovered: 51% of target)
    [parallel] 10 worker threads, one renderer clone each
    init sampling: best coverage score 1113.0px of uncovered area  (16 samples)
[staged]   → robot b: IoU 0.576 → 0.617  ✓
    ↑ new global best IoU 0.617  [phase Ph2 robot b]
[staged]   Ph2 robot a  zone 2  (uncovered: 48% of target)
    [parallel] 10 worker threads, one renderer clone each
    init sampling: best coverage score 554.0px of uncovered area  (16 samples)
[staged]   → robot a: IoU 0.617 → 0.660  ✓
    ↑ new global best IoU 0.660  [phase Ph2 robot a]
[staged] Phase 2 done — composite IoU: 0.660

[staged] Best snapshot: Phase 2  IoU=0.660
[staged] Final refinement — all joints  (6 iters, popsize=16, sigma=0.160)
    [parallel] 10 worker threads, one renderer clone each
    ↑ new global best IoU 0.666  [final refinement]
[staged] Final done — IoU: 0.666  ✓
[staged] FD refinement — 5 Adam steps  (180 renders, lr=0.01, ε=0.02)
    ↑ new global best IoU 0.693  [FD refinement]
[staged] FD done — IoU: 0.693  (Δ=+0.028)  ✓
[staged] Done — final IoU: 0.693  loss: 0.3075
[staged] Popsize: per-robot phases=32  final=16  (theory optimum for 6 DOF = 10)

[staged] Hungarian pre-assignment  (3×3 cost matrix, 8 samples/entry = 72 renders)...
[staged]   robot_a → zone 0  robot_b → zone 2  robot_c → zone 1

[staged] Phase 1 — forward greedy  (4 iters × 3 robot(s), sigma=0.40×1.00, popsize=32)
[staged]   Ph1 robot a  zone 0  (uncovered: 33% of target)
    [parallel] 10 worker threads, one renderer clone each
    init sampling: best coverage score 1036.0px of uncovered area  (16 samples)
[staged]   → robot a: IoU 0.075 → 0.405  ✓
    ↑ new global best IoU 0.405  [phase Ph1 robot a]
[staged]   Ph1 robot b  zone 2  (uncovered: 29% of target)
    [parallel] 10 worker threads, one renderer clone each
    init sampling: best coverage score 803.0px of uncovered area  (16 samples)
[staged]   → robot b: IoU 0.405 → 0.606  ✓
    ↑ new global best IoU 0.606  [phase Ph1 robot b]
[staged]   Ph1 robot c  zone 1  (uncovered: 10% of target)
    [parallel] 10 worker threads, one renderer clone each
    init sampling: best coverage score 302.0px of uncovered area  (16 samples)
[staged]   → robot c: IoU 0.606 → 0.666  ✓
    ↑ new global best IoU 0.666  [phase Ph1 robot c]
[staged] Phase 1 done — composite IoU: 0.666

[staged] Phase 2 — backward pass  (4 iters × 3 robots, sigma=0.300)
[staged]   contributions before Phase 2:
[staged]     robot a: +0.284 IoU
[staged]     robot b: +0.202 IoU
[staged]     robot c: +0.060 IoU
[staged]   Ph2 robot c  zone 1  (uncovered: 26% of target)
    [parallel] 10 worker threads, one renderer clone each
    init sampling: best coverage score 431.0px of uncovered area  (16 samples)
[staged]   → robot c: candidate 0.664 < current 0.666  ✗ rejected
[staged]   Ph2 robot b  zone 2  (uncovered: 42% of target)
    [parallel] 10 worker threads, one renderer clone each
    init sampling: best coverage score 651.0px of uncovered area  (16 samples)
[staged]   → robot b: candidate 0.641 < current 0.666  ✗ rejected
[staged]   Ph2 robot a  zone 0  (uncovered: 51% of target)
    [parallel] 10 worker threads, one renderer clone each
    init sampling: best coverage score 974.0px of uncovered area  (16 samples)
[staged]   → robot a: candidate 0.626 < current 0.666  ✗ rejected
[staged] Phase 2 done — composite IoU: 0.666

[staged] Best snapshot: Phase 1  IoU=0.666
[staged] Final refinement — all joints  (6 iters, popsize=16, sigma=0.160)
    [parallel] 10 worker threads, one renderer clone each
[staged] Final done — IoU: 0.666  ✓
[staged] FD refinement — 5 Adam steps  (180 renders, lr=0.01, ε=0.02)
    ↑ new global best IoU 0.688  [FD refinement]
[staged] FD done — IoU: 0.688  (Δ=+0.022)  ✓
[staged] Done — final IoU: 0.688  loss: 0.3135
[shard 0] 10/10 digits/9_dejavusans-bold  best=0.693 mean=0.652±0.047  77s  eta 0.0h
[shard 0] DONE 10 targets in 0.21h
