[shard 0/1] 10 targets × 5 runs
[scene] so101 ×7: light_y=1.00 wall_y=-3.20 throw=4.20m table_len=1.20m | magnification 1.9x–4.2x
[scene] WARNING front-robot magnification 4.2x exceeds soft cap 4.0x — clearances kept fixed as requested.
[shard 0] n_dof=42 arm_gap=0.2
[shard 0] variant=staged+use_voronoi_warmstart=false
[shard 0] wrote /home/souju/dev/umbra-bench-grounded/optimized/aimed-start-probe10/no_aimed-small-n7/BUDGET.md
[staged] Popsize: per-robot phases=32  final=32  (theory optimum for 6 DOF = 10)

[staged] Hungarian pre-assignment  (7×7 cost matrix, 8 samples/entry = 392 renders)...
[staged]   robot_a → zone 4  robot_b → zone 3  robot_c → zone 5  robot_d → zone 0  robot_e → zone 2  robot_f → zone 1  robot_g → zone 6

[staged] Phase 1 — forward greedy  (8 iters × 7 robot(s), sigma=0.40×1.00, popsize=32)
[staged]   Ph1 robot a  zone 4  (uncovered: 19% of target)
    [parallel] 10 worker threads, one renderer clone each
    init sampling: best coverage score 774.0px of uncovered area  (16 samples)
[staged]   → robot a: IoU 0.232 → 0.527  ✓
    ↑ new global best IoU 0.527  [phase Ph1 robot a]
[staged]   Ph1 robot b  zone 3  (uncovered: 2% of target)
    [parallel] 10 worker threads, one renderer clone each
    init sampling: best coverage score 40.0px of uncovered area  (16 samples)
[staged]   → robot b: IoU 0.527 → 0.571  ✓
    ↑ new global best IoU 0.571  [phase Ph1 robot b]
[staged]   Ph1 robot c  zone 5  (uncovered: 5% of target)
    [parallel] 10 worker threads, one renderer clone each
    init sampling: best coverage score 75.0px of uncovered area  (16 samples)
[staged]   → robot c: IoU 0.571 → 0.611  ✓
    ↑ new global best IoU 0.611  [phase Ph1 robot c]
[staged]   Ph1 robot d  zone 0  (uncovered: 15% of target)
    [parallel] 10 worker threads, one renderer clone each
    init sampling: best coverage score 163.0px of uncovered area  (16 samples)
[staged]   → robot d: IoU 0.611 → 0.637  ✓
    ↑ new global best IoU 0.637  [phase Ph1 robot d]
[staged]   Ph1 robot e  zone 2  (uncovered: 5% of target)
    [parallel] 10 worker threads, one renderer clone each
    init sampling: best coverage score 9.0px of uncovered area  (16 samples)
[staged]   → robot e: IoU 0.637 → 0.649  ✓
    ↑ new global best IoU 0.649  [phase Ph1 robot e]
[staged]   Ph1 robot f  zone 1  (uncovered: 1% of target)
    [parallel] 10 worker threads, one renderer clone each
    init sampling: best coverage score 39.0px of uncovered area  (16 samples)
[staged]   → robot f: IoU 0.649 → 0.654  ✓
    ↑ new global best IoU 0.654  [phase Ph1 robot f]
[staged]   Ph1 robot g  zone 6  (uncovered: 0% of target)
    [parallel] 10 worker threads, one renderer clone each
    init sampling: best coverage score 1.0px of uncovered area  (16 samples)
[staged]   → robot g: IoU 0.654 → 0.673  ✓
    ↑ new global best IoU 0.673  [phase Ph1 robot g]
[staged] Phase 1 done — composite IoU: 0.673

[staged] Phase 2 — backward pass  (8 iters × 7 robots, sigma=0.300)
[staged]   contributions before Phase 2:
[staged]     robot a: +0.120 IoU
[staged]     robot b: +0.069 IoU
[staged]     robot c: +0.048 IoU  ← low
[staged]     robot d: +0.043 IoU  ← low
[staged]     robot e: +0.023 IoU  ← low
[staged]     robot f: +0.017 IoU  ← low
[staged]     robot g: +0.019 IoU  ← low
[staged]   Ph2 robot g  zone 6  (uncovered: 9% of target)
    [parallel] 10 worker threads, one renderer clone each
    init sampling: best coverage score 33.0px of uncovered area  (16 samples)
[staged]   → robot g: IoU 0.673 → 0.676  ✓
    ↑ new global best IoU 0.676  [phase Ph2 robot g]
[staged]   Ph2 robot f  zone 1  (uncovered: 9% of target)
    [parallel] 10 worker threads, one renderer clone each
    init sampling: best coverage score 44.0px of uncovered area  (16 samples)
[staged]   → robot f: candidate 0.675 < current 0.676  ✗ rejected
[staged]   Ph2 robot e  zone 2  (uncovered: 10% of target)
    [parallel] 10 worker threads, one renderer clone each
    init sampling: best coverage score 22.0px of uncovered area  (16 samples)
[staged]   → robot e: candidate 0.673 < current 0.676  ✗ rejected
[staged]   Ph2 robot d  zone 0  (uncovered: 13% of target)
    [parallel] 10 worker threads, one renderer clone each
    init sampling: best coverage score 186.0px of uncovered area  (16 samples)
[staged]   → robot d: candidate 0.673 < current 0.676  ✗ rejected
[staged]   Ph2 robot c  zone 5  (uncovered: 15% of target)
    [parallel] 10 worker threads, one renderer clone each
    init sampling: best coverage score 189.0px of uncovered area  (16 samples)
[staged]   → robot c: candidate 0.671 < current 0.676  ✗ rejected
[staged]   Ph2 robot b  zone 3  (uncovered: 19% of target)
    [parallel] 10 worker threads, one renderer clone each
    init sampling: best coverage score 219.0px of uncovered area  (16 samples)
[staged]   → robot b: candidate 0.673 < current 0.676  ✗ rejected
[staged]   Ph2 robot a  zone 4  (uncovered: 24% of target)
    [parallel] 10 worker threads, one renderer clone each
    init sampling: best coverage score 624.0px of uncovered area  (16 samples)
[staged]   → robot a: candidate 0.666 < current 0.676  ✗ rejected
[staged] Phase 2 done — composite IoU: 0.676

[staged] Best snapshot: Phase 2  IoU=0.676
[staged] Manifold final pass — computing Jacobian  (ε=0.020, 84 renders)
[staged] Manifold basis: k=13D / 42D  (variance≥85%, top eigenvalues: ['270033.78', '157335.52', '143787.47', '125044.29', '113551.41'])
    ↑ new global best IoU 0.681  [manifold final pass]
[staged] Manifold done — IoU: 0.681  (Δ=+0.005)  ✓
[staged] FD refinement — 5 Adam steps  (420 renders, lr=0.01, ε=0.02)
    ↑ new global best IoU 0.711  [FD refinement]
[staged] FD done — IoU: 0.711  (Δ=+0.030)  ✓
[staged] Done — final IoU: 0.711  loss: 0.2911
[staged] Popsize: per-robot phases=32  final=32  (theory optimum for 6 DOF = 10)

[staged] Hungarian pre-assignment  (7×7 cost matrix, 8 samples/entry = 392 renders)...
[staged]   robot_a → zone 0  robot_b → zone 1  robot_c → zone 3  robot_d → zone 4  robot_e → zone 2  robot_f → zone 6  robot_g → zone 5

[staged] Phase 1 — forward greedy  (8 iters × 7 robot(s), sigma=0.40×1.00, popsize=32)
[staged]   Ph1 robot a  zone 0  (uncovered: 13% of target)
    [parallel] 10 worker threads, one renderer clone each
    init sampling: best coverage score 349.0px of uncovered area  (16 samples)
[staged]   → robot a: IoU 0.232 → 0.479  ✓
    ↑ new global best IoU 0.479  [phase Ph1 robot a]
[staged]   Ph1 robot b  zone 1  (uncovered: 12% of target)
    [parallel] 10 worker threads, one renderer clone each
    init sampling: best coverage score 93.0px of uncovered area  (16 samples)
[staged]   → robot b: IoU 0.479 → 0.559  ✓
    ↑ new global best IoU 0.559  [phase Ph1 robot b]
[staged]   Ph1 robot c  zone 3  (uncovered: 0% of target)
    [parallel] 10 worker threads, one renderer clone each
    init sampling: best coverage score 7.0px of uncovered area  (16 samples)
[staged]   → robot c: IoU 0.559 → 0.601  ✓
    ↑ new global best IoU 0.601  [phase Ph1 robot c]
[staged]   Ph1 robot d  zone 4  (uncovered: 0% of target)
    [parallel] 10 worker threads, one renderer clone each
    init sampling: best coverage score 0.0px of uncovered area  (16 samples)
[staged]   → robot d: IoU 0.601 → 0.656  ✓
    ↑ new global best IoU 0.656  [phase Ph1 robot d]
[staged]   Ph1 robot e  zone 2  (uncovered: 1% of target)
    [parallel] 10 worker threads, one renderer clone each
    init sampling: best coverage score 13.0px of uncovered area  (16 samples)
[staged]   → robot e: IoU 0.656 → 0.675  ✓
    ↑ new global best IoU 0.675  [phase Ph1 robot e]
[staged]   Ph1 robot f  zone 6  (uncovered: 1% of target)
    [parallel] 10 worker threads, one renderer clone each
    init sampling: best coverage score 36.0px of uncovered area  (16 samples)
[staged]   → robot f: IoU 0.675 → 0.685  ✓
    ↑ new global best IoU 0.685  [phase Ph1 robot f]
[staged]   Ph1 robot g  zone 5  (uncovered: 5% of target)
    [parallel] 10 worker threads, one renderer clone each
    init sampling: best coverage score 15.0px of uncovered area  (16 samples)
[staged]   → robot g: IoU 0.685 → 0.704  ✓
    ↑ new global best IoU 0.704  [phase Ph1 robot g]
[staged] Phase 1 done — composite IoU: 0.704

[staged] Phase 2 — backward pass  (8 iters × 7 robots, sigma=0.300)
[staged]   contributions before Phase 2:
[staged]     robot a: +0.083 IoU
[staged]     robot b: +0.036 IoU  ← low
[staged]     robot c: +0.040 IoU  ← low
[staged]     robot d: +0.072 IoU
[staged]     robot e: +0.035 IoU  ← low
[staged]     robot f: +0.025 IoU  ← low
[staged]     robot g: +0.019 IoU  ← low
[staged]   Ph2 robot g  zone 5  (uncovered: 5% of target)
    [parallel] 10 worker threads, one renderer clone each
    init sampling: best coverage score 114.0px of uncovered area  (16 samples)
[staged]   → robot g: IoU 0.704 → 0.712  ✓
    ↑ new global best IoU 0.712  [phase Ph2 robot g]
[staged]   Ph2 robot f  zone 6  (uncovered: 4% of target)
    [parallel] 10 worker threads, one renderer clone each
    init sampling: best coverage score 65.0px of uncovered area  (16 samples)
[staged]   → robot f: IoU 0.712 → 0.714  ✓
    ↑ new global best IoU 0.714  [phase Ph2 robot f]
[staged]   Ph2 robot e  zone 2  (uncovered: 4% of target)
    [parallel] 10 worker threads, one renderer clone each
    init sampling: best coverage score 50.0px of uncovered area  (16 samples)
[staged]   → robot e: IoU 0.714 → 0.716  ✓
    ↑ new global best IoU 0.716  [phase Ph2 robot e]
[staged]   Ph2 robot d  zone 4  (uncovered: 11% of target)
    [parallel] 10 worker threads, one renderer clone each
    init sampling: best coverage score 17.0px of uncovered area  (16 samples)
[staged]   → robot d: candidate 0.675 < current 0.716  ✗ rejected
[staged]   Ph2 robot c  zone 3  (uncovered: 8% of target)
    [parallel] 10 worker threads, one renderer clone each
    init sampling: best coverage score 107.0px of uncovered area  (16 samples)
[staged]   → robot c: candidate 0.701 < current 0.716  ✗ rejected
[staged]   Ph2 robot b  zone 1  (uncovered: 12% of target)
    [parallel] 10 worker threads, one renderer clone each
    init sampling: best coverage score 451.0px of uncovered area  (16 samples)
[staged]   → robot b: candidate 0.710 < current 0.716  ✗ rejected
[staged]   Ph2 robot a  zone 0  (uncovered: 20% of target)
    [parallel] 10 worker threads, one renderer clone each
    init sampling: best coverage score 716.0px of uncovered area  (16 samples)
[staged]   → robot a: candidate 0.682 < current 0.716  ✗ rejected
[staged] Phase 2 done — composite IoU: 0.716

[staged] Best snapshot: Phase 2  IoU=0.716
[staged] Manifold final pass — computing Jacobian  (ε=0.020, 84 renders)
[staged] Manifold basis: k=12D / 42D  (variance≥85%, top eigenvalues: ['343009.38', '282132.81', '131204.00', '96182.66', '93584.28'])
[staged] Manifold did not improve (0.715 vs 0.716), keeping best snapshot
[staged] FD refinement — 5 Adam steps  (420 renders, lr=0.01, ε=0.02)
    ↑ new global best IoU 0.728  [FD refinement]
[staged] FD done — IoU: 0.728  (Δ=+0.012)  ✓
[staged] Done — final IoU: 0.728  loss: 0.2742
[staged] Popsize: per-robot phases=32  final=32  (theory optimum for 6 DOF = 10)

[staged] Hungarian pre-assignment  (7×7 cost matrix, 8 samples/entry = 392 renders)...
[staged]   robot_a → zone 3  robot_b → zone 0  robot_c → zone 5  robot_d → zone 6  robot_e → zone 2  robot_f → zone 4  robot_g → zone 1

[staged] Phase 1 — forward greedy  (8 iters × 7 robot(s), sigma=0.40×1.00, popsize=32)
[staged]   Ph1 robot a  zone 3  (uncovered: 14% of target)
    [parallel] 10 worker threads, one renderer clone each
    init sampling: best coverage score 432.0px of uncovered area  (16 samples)
[staged]   → robot a: IoU 0.232 → 0.518  ✓
    ↑ new global best IoU 0.518  [phase Ph1 robot a]
[staged]   Ph1 robot b  zone 0  (uncovered: 5% of target)
    [parallel] 10 worker threads, one renderer clone each
    init sampling: best coverage score 187.0px of uncovered area  (16 samples)
[staged]   → robot b: IoU 0.518 → 0.573  ✓
    ↑ new global best IoU 0.573  [phase Ph1 robot b]
[staged]   Ph1 robot c  zone 5  (uncovered: 2% of target)
    [parallel] 10 worker threads, one renderer clone each
    init sampling: best coverage score 28.0px of uncovered area  (16 samples)
[staged]   → robot c: IoU 0.573 → 0.623  ✓
    ↑ new global best IoU 0.623  [phase Ph1 robot c]
[staged]   Ph1 robot d  zone 6  (uncovered: 9% of target)
    [parallel] 10 worker threads, one renderer clone each
    init sampling: best coverage score 220.0px of uncovered area  (16 samples)
[staged]   → robot d: IoU 0.623 → 0.700  ✓
    ↑ new global best IoU 0.700  [phase Ph1 robot d]
[staged]   Ph1 robot e  zone 2  (uncovered: 3% of target)
    [parallel] 10 worker threads, one renderer clone each
    init sampling: best coverage score 113.0px of uncovered area  (16 samples)
[staged]   → robot e: IoU 0.700 → 0.722  ✓
    ↑ new global best IoU 0.722  [phase Ph1 robot e]
[staged]   Ph1 robot f  zone 4  (uncovered: 2% of target)
    [parallel] 10 worker threads, one renderer clone each
    init sampling: best coverage score 74.0px of uncovered area  (16 samples)
[staged]   → robot f: IoU 0.722 → 0.733  ✓
    ↑ new global best IoU 0.733  [phase Ph1 robot f]
[staged]   Ph1 robot g  zone 1  (uncovered: 0% of target)
    [parallel] 10 worker threads, one renderer clone each
    init sampling: best coverage score 9.0px of uncovered area  (16 samples)
[staged]   → robot g: IoU 0.733 → 0.755  ✓
    ↑ new global best IoU 0.755  [phase Ph1 robot g]
[staged] Phase 1 done — composite IoU: 0.755

[staged] Phase 2 — backward pass  (8 iters × 7 robots, sigma=0.300)
[staged]   contributions before Phase 2:
[staged]     robot a: +0.150 IoU
[staged]     robot b: +0.054 IoU
[staged]     robot c: +0.067 IoU
[staged]     robot d: +0.096 IoU
[staged]     robot e: +0.038 IoU  ← low
[staged]     robot f: +0.028 IoU  ← low
[staged]     robot g: +0.022 IoU  ← low
[staged]   Ph2 robot g  zone 1  (uncovered: 10% of target)
    [parallel] 10 worker threads, one renderer clone each
    init sampling: best coverage score 25.0px of uncovered area  (16 samples)
[staged]   → robot g: IoU 0.755 → 0.756  ✓
    ↑ new global best IoU 0.756  [phase Ph2 robot g]
[staged]   Ph2 robot f  zone 4  (uncovered: 10% of target)
    [parallel] 10 worker threads, one renderer clone each
    init sampling: best coverage score 64.0px of uncovered area  (16 samples)
[staged]   → robot f: IoU 0.756 → 0.759  ✓
    ↑ new global best IoU 0.759  [phase Ph2 robot f]
[staged]   Ph2 robot e  zone 2  (uncovered: 9% of target)
    [parallel] 10 worker threads, one renderer clone each
    init sampling: best coverage score 119.0px of uncovered area  (16 samples)
[staged]   → robot e: candidate 0.749 < current 0.759  ✗ rejected
[staged]   Ph2 robot d  zone 6  (uncovered: 19% of target)
    [parallel] 10 worker threads, one renderer clone each
    init sampling: best coverage score 187.0px of uncovered area  (16 samples)
[staged]   → robot d: candidate 0.723 < current 0.759  ✗ rejected
[staged]   Ph2 robot c  zone 5  (uncovered: 14% of target)
    [parallel] 10 worker threads, one renderer clone each
    init sampling: best coverage score 136.0px of uncovered area  (16 samples)
[staged]   → robot c: candidate 0.717 < current 0.759  ✗ rejected
[staged]   Ph2 robot b  zone 0  (uncovered: 17% of target)
    [parallel] 10 worker threads, one renderer clone each
    init sampling: best coverage score 497.0px of uncovered area  (16 samples)
[staged]   → robot b: candidate 0.750 < current 0.759  ✗ rejected
[staged]   Ph2 robot a  zone 3  (uncovered: 20% of target)
    [parallel] 10 worker threads, one renderer clone each
    init sampling: best coverage score 372.0px of uncovered area  (16 samples)
[staged]   → robot a: IoU 0.759 → 0.759  ✓
    ↑ new global best IoU 0.759  [phase Ph2 robot a]
[staged] Phase 2 done — composite IoU: 0.759

[staged] Best snapshot: Phase 2  IoU=0.759
[staged] Manifold final pass — computing Jacobian  (ε=0.020, 84 renders)
[staged] Manifold basis: k=11D / 42D  (variance≥85%, top eigenvalues: ['439992.34', '252607.28', '242785.05', '203204.58', '122711.77'])
[staged] Manifold did not improve (0.746 vs 0.759), keeping best snapshot
[staged] FD refinement — 5 Adam steps  (420 renders, lr=0.01, ε=0.02)
    ↑ new global best IoU 0.773  [FD refinement]
[staged] FD done — IoU: 0.773  (Δ=+0.014)  ✓/home/souju/miniconda3/envs/fleet-shadow/lib/python3.11/site-packages/scipy/_lib/_util.py:365: UserWarning: One of the clusters is empty. Re-run kmeans with a different initialization.
  return fun(*args, **kwargs)

[staged] Done — final IoU: 0.773  loss: 0.2279
[staged] Popsize: per-robot phases=32  final=32  (theory optimum for 6 DOF = 10)

[staged] Hungarian pre-assignment  (7×7 cost matrix, 8 samples/entry = 392 renders)...
[staged]   robot_a → zone 1  robot_b → zone 6  robot_c → zone 3  robot_d → zone 5  robot_e → zone 0  robot_f → zone 2  robot_g → zone 4

[staged] Phase 1 — forward greedy  (8 iters × 7 robot(s), sigma=0.40×1.00, popsize=32)
[staged]   Ph1 robot a  zone 1  (uncovered: 19% of target)
    [parallel] 10 worker threads, one renderer clone each
    init sampling: best coverage score 860.0px of uncovered area  (16 samples)
[staged]   → robot a: IoU 0.232 → 0.491  ✓
    ↑ new global best IoU 0.491  [phase Ph1 robot a]
[staged]   Ph1 robot b  zone 6  (uncovered: 10% of target)
    [parallel] 10 worker threads, one renderer clone each
    init sampling: best coverage score 202.0px of uncovered area  (16 samples)
[staged]   → robot b: IoU 0.491 → 0.576  ✓
    ↑ new global best IoU 0.576  [phase Ph1 robot b]
[staged]   Ph1 robot c  zone 3  (uncovered: 3% of target)
    [parallel] 10 worker threads, one renderer clone each
    init sampling: best coverage score 21.0px of uncovered area  (16 samples)
[staged]   → robot c: IoU 0.576 → 0.615  ✓
    ↑ new global best IoU 0.615  [phase Ph1 robot c]
[staged]   Ph1 robot d  zone 5  (uncovered: 1% of target)
    [parallel] 10 worker threads, one renderer clone each
    init sampling: best coverage score 11.0px of uncovered area  (16 samples)
[staged]   → robot d: IoU 0.615 → 0.634  ✓
    ↑ new global best IoU 0.634  [phase Ph1 robot d]
[staged]   Ph1 robot e  zone 0  (uncovered: 13% of target)
    [parallel] 10 worker threads, one renderer clone each
    init sampling: best coverage score 84.0px of uncovered area  (16 samples)
[staged]   → robot e: IoU 0.634 → 0.647  ✓
    ↑ new global best IoU 0.647  [phase Ph1 robot e]
[staged]   Ph1 robot f  zone 2  (uncovered: 0% of target)
    [parallel] 10 worker threads, one renderer clone each
    init sampling: best coverage score 18.0px of uncovered area  (16 samples)
[staged]   → robot f: IoU 0.647 → 0.658  ✓
    ↑ new global best IoU 0.658  [phase Ph1 robot f]
[staged]   Ph1 robot g  zone 4  (uncovered: 3% of target)
    [parallel] 10 worker threads, one renderer clone each
    init sampling: best coverage score 22.0px of uncovered area  (16 samples)
[staged]   → robot g: IoU 0.658 → 0.680  ✓
    ↑ new global best IoU 0.680  [phase Ph1 robot g]
[staged] Phase 1 done — composite IoU: 0.680

[staged] Phase 2 — backward pass  (8 iters × 7 robots, sigma=0.300)
[staged]   contributions before Phase 2:
[staged]     robot a: +0.196 IoU
[staged]     robot b: +0.037 IoU  ← low
[staged]     robot c: +0.047 IoU  ← low
[staged]     robot d: +0.037 IoU  ← low
[staged]     robot e: +0.028 IoU  ← low
[staged]     robot f: +0.024 IoU  ← low
[staged]     robot g: +0.022 IoU  ← low
[staged]   Ph2 robot g  zone 4  (uncovered: 10% of target)
    [parallel] 10 worker threads, one renderer clone each
    init sampling: best coverage score 66.0px of uncovered area  (16 samples)
[staged]   → robot g: IoU 0.680 → 0.681  ✓
    ↑ new global best IoU 0.681  [phase Ph2 robot g]
[staged]   Ph2 robot f  zone 2  (uncovered: 10% of target)
    [parallel] 10 worker threads, one renderer clone each
    init sampling: best coverage score 190.0px of uncovered area  (16 samples)
[staged]   → robot f: IoU 0.681 → 0.707  ✓
    ↑ new global best IoU 0.707  [phase Ph2 robot f]
[staged]   Ph2 robot e  zone 0  (uncovered: 8% of target)
    [parallel] 10 worker threads, one renderer clone each
    init sampling: best coverage score 62.0px of uncovered area  (16 samples)
[staged]   → robot e: candidate 0.705 < current 0.707  ✗ rejected
[staged]   Ph2 robot d  zone 5  (uncovered: 8% of target)
    [parallel] 10 worker threads, one renderer clone each
    init sampling: best coverage score 92.0px of uncovered area  (16 samples)
[staged]   → robot d: IoU 0.707 → 0.719  ✓
    ↑ new global best IoU 0.719  [phase Ph2 robot d]
[staged]   Ph2 robot c  zone 3  (uncovered: 8% of target)
    [parallel] 10 worker threads, one renderer clone each
    init sampling: best coverage score 174.0px of uncovered area  (16 samples)
[staged]   → robot c: IoU 0.719 → 0.729  ✓
    ↑ new global best IoU 0.729  [phase Ph2 robot c]
[staged]   Ph2 robot b  zone 6  (uncovered: 12% of target)
    [parallel] 10 worker threads, one renderer clone each
    init sampling: best coverage score 255.0px of uncovered area  (16 samples)
[staged]   → robot b: candidate 0.727 < current 0.729  ✗ rejected
[staged]   Ph2 robot a  zone 1  (uncovered: 24% of target)
    [parallel] 10 worker threads, one renderer clone each
    init sampling: best coverage score 1040.0px of uncovered area  (16 samples)
[staged]   → robot a: candidate 0.711 < current 0.729  ✗ rejected
[staged] Phase 2 done — composite IoU: 0.729

[staged] Best snapshot: Phase 2  IoU=0.729
[staged] Manifold final pass — computing Jacobian  (ε=0.020, 84 renders)
[staged] Manifold basis: k=10D / 42D  (variance≥85%, top eigenvalues: ['362952.50', '195833.09', '176446.03', '115407.06', '107427.05'])
[staged] Manifold did not improve (0.710 vs 0.729), keeping best snapshot
[staged] FD refinement — 5 Adam steps  (420 renders, lr=0.01, ε=0.02)
    ↑ new global best IoU 0.739  [FD refinement]
[staged] FD done — IoU: 0.739  (Δ=+0.010)  ✓
[staged] Done — final IoU: 0.739  loss: 0.2630
[staged] Popsize: per-robot phases=32  final=32  (theory optimum for 6 DOF = 10)

[staged] Hungarian pre-assignment  (7×7 cost matrix, 8 samples/entry = 392 renders)...
[staged]   robot_a → zone 2  robot_b → zone 3  robot_c → zone 6  robot_d → zone 1  robot_e → zone 5  robot_f → zone 4  robot_g → zone 0

[staged] Phase 1 — forward greedy  (8 iters × 7 robot(s), sigma=0.40×1.00, popsize=32)
[staged]   Ph1 robot a  zone 2  (uncovered: 12% of target)
    [parallel] 10 worker threads, one renderer clone each
    init sampling: best coverage score 568.0px of uncovered area  (16 samples)
[staged]   → robot a: IoU 0.232 → 0.477  ✓
    ↑ new global best IoU 0.477  [phase Ph1 robot a]
[staged]   Ph1 robot b  zone 3  (uncovered: 9% of target)
    [parallel] 10 worker threads, one renderer clone each
    init sampling: best coverage score 0.0px of uncovered area  (16 samples)
[staged]   → robot b: IoU 0.477 → 0.523  ✓
    ↑ new global best IoU 0.523  [phase Ph1 robot b]
[staged]   Ph1 robot c  zone 6  (uncovered: 3% of target)
    [parallel] 10 worker threads, one renderer clone each
    init sampling: best coverage score 115.0px of uncovered area  (16 samples)
[staged]   → robot c: IoU 0.523 → 0.570  ✓
    ↑ new global best IoU 0.570  [phase Ph1 robot c]
[staged]   Ph1 robot d  zone 1  (uncovered: 8% of target)
    [parallel] 10 worker threads, one renderer clone each
    init sampling: best coverage score 240.0px of uncovered area  (16 samples)
[staged]   → robot d: IoU 0.570 → 0.617  ✓
    ↑ new global best IoU 0.617  [phase Ph1 robot d]
[staged]   Ph1 robot e  zone 5  (uncovered: 0% of target)
    [parallel] 10 worker threads, one renderer clone each
    init sampling: best coverage score 16.0px of uncovered area  (16 samples)
[staged]   → robot e: IoU 0.617 → 0.628  ✓
    ↑ new global best IoU 0.628  [phase Ph1 robot e]
[staged]   Ph1 robot f  zone 4  (uncovered: 1% of target)
    [parallel] 10 worker threads, one renderer clone each
    init sampling: best coverage score 5.0px of uncovered area  (16 samples)
[staged]   → robot f: IoU 0.628 → 0.632  ✓
    ↑ new global best IoU 0.632  [phase Ph1 robot f]
[staged]   Ph1 robot g  zone 0  (uncovered: 3% of target)
    [parallel] 10 worker threads, one renderer clone each
    init sampling: best coverage score 53.0px of uncovered area  (16 samples)
[staged]   → robot g: IoU 0.632 → 0.655  ✓
    ↑ new global best IoU 0.655  [phase Ph1 robot g]
[staged] Phase 1 done — composite IoU: 0.655

[staged] Phase 2 — backward pass  (8 iters × 7 robots, sigma=0.300)
[staged]   contributions before Phase 2:
[staged]     robot a: +0.025 IoU  ← low
[staged]     robot b: +0.057 IoU
[staged]     robot c: +0.059 IoU
[staged]     robot d: +0.043 IoU  ← low
[staged]     robot e: +0.017 IoU  ← low
[staged]     robot f: +0.014 IoU  ← low
[staged]     robot g: +0.023 IoU  ← low
[staged]   Ph2 robot g  zone 0  (uncovered: 16% of target)
    [parallel] 10 worker threads, one renderer clone each
    init sampling: best coverage score 128.0px of uncovered area  (16 samples)
[staged]   → robot g: candidate 0.653 < current 0.655  ✗ rejected
[staged]   Ph2 robot f  zone 4  (uncovered: 14% of target)
    [parallel] 10 worker threads, one renderer clone each
    init sampling: best coverage score 59.0px of uncovered area  (16 samples)
[staged]   → robot f: IoU 0.655 → 0.663  ✓
    ↑ new global best IoU 0.663  [phase Ph2 robot f]
[staged]   Ph2 robot e  zone 5  (uncovered: 13% of target)
    [parallel] 10 worker threads, one renderer clone each
    init sampling: best coverage score 336.0px of uncovered area  (16 samples)
[staged]   → robot e: IoU 0.663 → 0.696  ✓
    ↑ new global best IoU 0.696  [phase Ph2 robot e]
[staged]   Ph2 robot d  zone 1  (uncovered: 11% of target)
    [parallel] 10 worker threads, one renderer clone each
    init sampling: best coverage score 70.0px of uncovered area  (16 samples)
[staged]   → robot d: candidate 0.680 < current 0.696  ✗ rejected
[staged]   Ph2 robot c  zone 6  (uncovered: 14% of target)
    [parallel] 10 worker threads, one renderer clone each
    init sampling: best coverage score 178.0px of uncovered area  (16 samples)
[staged]   → robot c: candidate 0.688 < current 0.696  ✗ rejected
[staged]   Ph2 robot b  zone 3  (uncovered: 19% of target)
    [parallel] 10 worker threads, one renderer clone each
    init sampling: best coverage score 407.0px of uncovered area  (16 samples)
[staged]   → robot b: IoU 0.696 → 0.697  ✓
    ↑ new global best IoU 0.697  [phase Ph2 robot b]
[staged]   Ph2 robot a  zone 2  (uncovered: 14% of target)
    [parallel] 10 worker threads, one renderer clone each
    init sampling: best coverage score 387.0px of uncovered area  (16 samples)
[staged]   → robot a: IoU 0.697 → 0.722  ✓
    ↑ new global best IoU 0.722  [phase Ph2 robot a]
[staged] Phase 2 done — composite IoU: 0.722

[staged] Best snapshot: Phase 2  IoU=0.722
[staged] Manifold final pass — computing Jacobian  (ε=0.020, 84 renders)
[staged] Manifold basis: k=13D / 42D  (variance≥85%, top eigenvalues: ['254991.47', '149690.16', '109263.44', '99346.32', '68780.96'])
[staged] Manifold did not improve (0.694 vs 0.722), keeping best snapshot
[staged] FD refinement — 5 Adam steps  (420 renders, lr=0.01, ε=0.02)
    ↑ new global best IoU 0.756  [FD refinement]
[staged] FD done — IoU: 0.756  (Δ=+0.034)  ✓
[staged] Done — final IoU: 0.756  loss: 0.2445
[shard 0] 1/10 letters_upper/E_dejavusans-bold  best=0.773 mean=0.742±0.022  219s  eta 0.5h
[staged] Popsize: per-robot phases=32  final=32  (theory optimum for 6 DOF = 10)

[staged] Hungarian pre-assignment  (7×7 cost matrix, 8 samples/entry = 392 renders)...
[staged]   robot_a → zone 1  robot_b → zone 3  robot_c → zone 5  robot_d → zone 0  robot_e → zone 6  robot_f → zone 4  robot_g → zone 2

[staged] Phase 1 — forward greedy  (8 iters × 7 robot(s), sigma=0.40×1.00, popsize=32)
[staged]   Ph1 robot a  zone 1  (uncovered: 15% of target)
    [parallel] 10 worker threads, one renderer clone each
    init sampling: best coverage score 642.0px of uncovered area  (16 samples)
[staged]   → robot a: IoU 0.213 → 0.338  ✓
    ↑ new global best IoU 0.338  [phase Ph1 robot a]
[staged]   Ph1 robot b  zone 3  (uncovered: 4% of target)
    [parallel] 10 worker threads, one renderer clone each
    init sampling: best coverage score 146.0px of uncovered area  (16 samples)
[staged]   → robot b: IoU 0.338 → 0.445  ✓
    ↑ new global best IoU 0.445  [phase Ph1 robot b]
[staged]   Ph1 robot c  zone 5  (uncovered: 14% of target)
    [parallel] 10 worker threads, one renderer clone each
    init sampling: best coverage score 31.0px of uncovered area  (16 samples)
[staged]   → robot c: IoU 0.445 → 0.503  ✓
    ↑ new global best IoU 0.503  [phase Ph1 robot c]
[staged]   Ph1 robot d  zone 0  (uncovered: 4% of target)
    [parallel] 10 worker threads, one renderer clone each
    init sampling: best coverage score 193.0px of uncovered area  (16 samples)
[staged]   → robot d: IoU 0.503 → 0.544  ✓
    ↑ new global best IoU 0.544  [phase Ph1 robot d]
[staged]   Ph1 robot e  zone 6  (uncovered: 2% of target)
    [parallel] 10 worker threads, one renderer clone each
    init sampling: best coverage score 0.0px of uncovered area  (16 samples)
[staged]   → robot e: IoU 0.544 → 0.595  ✓
    ↑ new global best IoU 0.595  [phase Ph1 robot e]
[staged]   Ph1 robot f  zone 4  (uncovered: 2% of target)
    [parallel] 10 worker threads, one renderer clone each
    init sampling: best coverage score 0.0px of uncovered area  (16 samples)
[staged]   → robot f: IoU 0.595 → 0.607  ✓
    ↑ new global best IoU 0.607  [phase Ph1 robot f]
[staged]   Ph1 robot g  zone 2  (uncovered: 0% of target)
    [parallel] 10 worker threads, one renderer clone each
    init sampling: best coverage score 10.0px of uncovered area  (16 samples)
[staged]   → robot g: IoU 0.607 → 0.625  ✓
    ↑ new global best IoU 0.625  [phase Ph1 robot g]
[staged] Phase 1 done — composite IoU: 0.625

[staged] Phase 2 — backward pass  (8 iters × 7 robots, sigma=0.300)
[staged]   contributions before Phase 2:
[staged]     robot a: +0.102 IoU
[staged]     robot b: +0.090 IoU
[staged]     robot c: +0.044 IoU  ← low
[staged]     robot d: +0.049 IoU  ← low
[staged]     robot e: +0.065 IoU
[staged]     robot f: +0.026 IoU  ← low
[staged]     robot g: +0.018 IoU  ← low
[staged]   Ph2 robot g  zone 2  (uncovered: 7% of target)
    [parallel] 10 worker threads, one renderer clone each
    init sampling: best coverage score 55.0px of uncovered area  (16 samples)
[staged]   → robot g: IoU 0.625 → 0.627  ✓
    ↑ new global best IoU 0.627  [phase Ph2 robot g]
[staged]   Ph2 robot f  zone 4  (uncovered: 8% of target)
    [parallel] 10 worker threads, one renderer clone each
    init sampling: best coverage score 57.0px of uncovered area  (16 samples)
[staged]   → robot f: IoU 0.627 → 0.631  ✓
    ↑ new global best IoU 0.631  [phase Ph2 robot f]
[staged]   Ph2 robot e  zone 6  (uncovered: 15% of target)
    [parallel] 10 worker threads, one renderer clone each
    init sampling: best coverage score 46.0px of uncovered area  (16 samples)
[staged]   → robot e: candidate 0.586 < current 0.631  ✗ rejected
[staged]   Ph2 robot d  zone 0  (uncovered: 10% of target)
    [parallel] 10 worker threads, one renderer clone each
    init sampling: best coverage score 132.0px of uncovered area  (16 samples)
[staged]   → robot d: candidate 0.628 < current 0.631  ✗ rejected
[staged]   Ph2 robot c  zone 5  (uncovered: 13% of target)
    [parallel] 10 worker threads, one renderer clone each
    init sampling: best coverage score 142.0px of uncovered area  (16 samples)
[staged]   → robot c: candidate 0.628 < current 0.631  ✗ rejected
[staged]   Ph2 robot b  zone 3  (uncovered: 20% of target)
    [parallel] 10 worker threads, one renderer clone each
    init sampling: best coverage score 458.0px of uncovered area  (16 samples)
[staged]   → robot b: candidate 0.620 < current 0.631  ✗ rejected
[staged]   Ph2 robot a  zone 1  (uncovered: 24% of target)
    [parallel] 10 worker threads, one renderer clone each
    init sampling: best coverage score 60.0px of uncovered area  (16 samples)
[staged]   → robot a: candidate 0.552 < current 0.631  ✗ rejected
[staged] Phase 2 done — composite IoU: 0.631

[staged] Best snapshot: Phase 2  IoU=0.631
[staged] Manifold final pass — computing Jacobian  (ε=0.020, 84 renders)
[staged] Manifold basis: k=11D / 42D  (variance≥85%, top eigenvalues: ['439346.25', '223586.97', '216411.31', '116602.87', '87370.75'])
    ↑ new global best IoU 0.639  [manifold final pass]
[staged] Manifold done — IoU: 0.639  (Δ=+0.008)  ✓
[staged] FD refinement — 5 Adam steps  (420 renders, lr=0.01, ε=0.02)
    ↑ new global best IoU 0.655  [FD refinement]
[staged] FD done — IoU: 0.655  (Δ=+0.016)  ✓
[staged] Done — final IoU: 0.655  loss: 0.3479
[staged] Popsize: per-robot phases=32  final=32  (theory optimum for 6 DOF = 10)

[staged] Hungarian pre-assignment  (7×7 cost matrix, 8 samples/entry = 392 renders)...
[staged]   robot_a → zone 2  robot_b → zone 1  robot_c → zone 5  robot_d → zone 4  robot_e → zone 3  robot_f → zone 6  robot_g → zone 0

[staged] Phase 1 — forward greedy  (8 iters × 7 robot(s), sigma=0.40×1.00, popsize=32)
[staged]   Ph1 robot a  zone 2  (uncovered: 16% of target)
    [parallel] 10 worker threads, one renderer clone each
    init sampling: best coverage score 634.0px of uncovered area  (16 samples)
[staged]   → robot a: IoU 0.213 → 0.413  ✓
    ↑ new global best IoU 0.413  [phase Ph1 robot a]
[staged]   Ph1 robot b  zone 1  (uncovered: 4% of target)
    [parallel] 10 worker threads, one renderer clone each
    init sampling: best coverage score 201.0px of uncovered area  (16 samples)
[staged]   → robot b: IoU 0.413 → 0.447  ✓
    ↑ new global best IoU 0.447  [phase Ph1 robot b]
[staged]   Ph1 robot c  zone 5  (uncovered: 4% of target)
    [parallel] 10 worker threads, one renderer clone each
    init sampling: best coverage score 134.0px of uncovered area  (16 samples)
[staged]   → robot c: IoU 0.447 → 0.533  ✓
    ↑ new global best IoU 0.533  [phase Ph1 robot c]
[staged]   Ph1 robot d  zone 4  (uncovered: 4% of target)
    [parallel] 10 worker threads, one renderer clone each
    init sampling: best coverage score 59.0px of uncovered area  (16 samples)
[staged]   → robot d: IoU 0.533 → 0.590  ✓
    ↑ new global best IoU 0.590  [phase Ph1 robot d]
[staged]   Ph1 robot e  zone 3  (uncovered: 1% of target)
    [parallel] 10 worker threads, one renderer clone each
    init sampling: best coverage score 33.0px of uncovered area  (16 samples)
[staged]   → robot e: IoU 0.590 → 0.596  ✓
    ↑ new global best IoU 0.596  [phase Ph1 robot e]
[staged]   Ph1 robot f  zone 6  (uncovered: 5% of target)
    [parallel] 10 worker threads, one renderer clone each
    init sampling: best coverage score 167.0px of uncovered area  (16 samples)
[staged]   → robot f: IoU 0.596 → 0.607  ✓
    ↑ new global best IoU 0.607  [phase Ph1 robot f]
[staged]   Ph1 robot g  zone 0  (uncovered: 4% of target)
    [parallel] 10 worker threads, one renderer clone each
    init sampling: best coverage score 0.0px of uncovered area  (16 samples)
[staged]   → robot g: IoU 0.607 → 0.621  ✓
    ↑ new global best IoU 0.621  [phase Ph1 robot g]
[staged] Phase 1 done — composite IoU: 0.621

[staged] Phase 2 — backward pass  (8 iters × 7 robots, sigma=0.300)
[staged]   contributions before Phase 2:
[staged]     robot a: +0.130 IoU
[staged]     robot b: +0.043 IoU  ← low
[staged]     robot c: +0.010 IoU  ← low
[staged]     robot d: +0.043 IoU  ← low
[staged]     robot e: +0.019 IoU  ← low
[staged]     robot f: +0.016 IoU  ← low
[staged]     robot g: +0.014 IoU  ← low
[staged]   Ph2 robot g  zone 0  (uncovered: 11% of target)
    [parallel] 10 worker threads, one renderer clone each
    init sampling: best coverage score 87.0px of uncovered area  (16 samples)
[staged]   → robot g: candidate 0.620 < current 0.621  ✗ rejected
[staged]   Ph2 robot f  zone 6  (uncovered: 13% of target)
    [parallel] 10 worker threads, one renderer clone each
    init sampling: best coverage score 122.0px of uncovered area  (16 samples)
[staged]   → robot f: candidate 0.618 < current 0.621  ✗ rejected
[staged]   Ph2 robot e  zone 3  (uncovered: 11% of target)
    [parallel] 10 worker threads, one renderer clone each
    init sampling: best coverage score 125.0px of uncovered area  (16 samples)
[staged]   → robot e: IoU 0.621 → 0.627  ✓
    ↑ new global best IoU 0.627  [phase Ph2 robot e]
[staged]   Ph2 robot d  zone 4  (uncovered: 14% of target)
    [parallel] 10 worker threads, one renderer clone each
    init sampling: best coverage score 145.0px of uncovered area  (16 samples)
[staged]   → robot d: candidate 0.619 < current 0.627  ✗ rejected
[staged]   Ph2 robot c  zone 5  (uncovered: 24% of target)
    [parallel] 10 worker threads, one renderer clone each
    init sampling: best coverage score 317.0px of uncovered area  (16 samples)
[staged]   → robot c: IoU 0.627 → 0.653  ✓
    ↑ new global best IoU 0.653  [phase Ph2 robot c]
[staged]   Ph2 robot b  zone 1  (uncovered: 15% of target)
    [parallel] 10 worker threads, one renderer clone each
    init sampling: best coverage score 177.0px of uncovered area  (16 samples)
[staged]   → robot b: IoU 0.653 → 0.655  ✓
    ↑ new global best IoU 0.655  [phase Ph2 robot b]
[staged]   Ph2 robot a  zone 2  (uncovered: 24% of target)
    [parallel] 10 worker threads, one renderer clone each
    init sampling: best coverage score 134.0px of uncovered area  (16 samples)
[staged]   → robot a: candidate 0.577 < current 0.655  ✗ rejected
[staged] Phase 2 done — composite IoU: 0.655

[staged] Best snapshot: Phase 2  IoU=0.655
[staged] Manifold final pass — computing Jacobian  (ε=0.020, 84 renders)
[staged] Manifold basis: k=12D / 42D  (variance≥85%, top eigenvalues: ['509239.91', '181676.20', '116845.52', '104649.41', '75104.29'])
    ↑ new global best IoU 0.657  [manifold final pass]
[staged] Manifold done — IoU: 0.657  (Δ=+0.003)  ✓
[staged] FD refinement — 5 Adam steps  (420 renders, lr=0.01, ε=0.02)
    ↑ new global best IoU 0.679  [FD refinement]
[staged] FD done — IoU: 0.679  (Δ=+0.022)  ✓
[staged] Done — final IoU: 0.679  loss: 0.3228
[staged] Popsize: per-robot phases=32  final=32  (theory optimum for 6 DOF = 10)

[staged] Hungarian pre-assignment  (7×7 cost matrix, 8 samples/entry = 392 renders)...
[staged]   robot_a → zone 5  robot_b → zone 3  robot_c → zone 2  robot_d → zone 1  robot_e → zone 0  robot_f → zone 6  robot_g → zone 4

[staged] Phase 1 — forward greedy  (8 iters × 7 robot(s), sigma=0.40×1.00, popsize=32)
[staged]   Ph1 robot a  zone 5  (uncovered: 5% of target)
    [parallel] 10 worker threads, one renderer clone each
    init sampling: best coverage score 176.0px of uncovered area  (16 samples)
[staged]   → robot a: IoU 0.213 → 0.385  ✓
    ↑ new global best IoU 0.385  [phase Ph1 robot a]
[staged]   Ph1 robot b  zone 3  (uncovered: 6% of target)
    [parallel] 10 worker threads, one renderer clone each
    init sampling: best coverage score 193.0px of uncovered area  (16 samples)
[staged]   → robot b: IoU 0.385 → 0.494  ✓
    ↑ new global best IoU 0.494  [phase Ph1 robot b]
[staged]   Ph1 robot c  zone 2  (uncovered: 2% of target)
    [parallel] 10 worker threads, one renderer clone each
    init sampling: best coverage score 89.0px of uncovered area  (16 samples)
[staged]   → robot c: IoU 0.494 → 0.527  ✓
    ↑ new global best IoU 0.527  [phase Ph1 robot c]
[staged]   Ph1 robot d  zone 1  (uncovered: 8% of target)
    [parallel] 10 worker threads, one renderer clone each
    init sampling: best coverage score 137.0px of uncovered area  (16 samples)
[staged]   → robot d: IoU 0.527 → 0.532  ✓
    ↑ new global best IoU 0.532  [phase Ph1 robot d]
[staged]   Ph1 robot e  zone 0  (uncovered: 1% of target)
    [parallel] 10 worker threads, one renderer clone each
    init sampling: best coverage score 1.0px of uncovered area  (16 samples)
[staged]   → robot e: IoU 0.532 → 0.570  ✓
    ↑ new global best IoU 0.570  [phase Ph1 robot e]
[staged]   Ph1 robot f  zone 6  (uncovered: 2% of target)
    [parallel] 10 worker threads, one renderer clone each
    init sampling: best coverage score 57.0px of uncovered area  (16 samples)
[staged]   → robot f: IoU 0.570 → 0.572  ✓
    ↑ new global best IoU 0.572  [phase Ph1 robot f]
[staged]   Ph1 robot g  zone 4  (uncovered: 0% of target)
    [parallel] 10 worker threads, one renderer clone each
    init sampling: best coverage score 0.0px of uncovered area  (16 samples)
[staged]   → robot g: IoU 0.572 → 0.580  ✓
    ↑ new global best IoU 0.580  [phase Ph1 robot g]
[staged] Phase 1 done — composite IoU: 0.580

[staged] Phase 2 — backward pass  (8 iters × 7 robots, sigma=0.300)
[staged]   contributions before Phase 2:
[staged]     robot a: +0.138 IoU
[staged]     robot b: +0.022 IoU  ← low
[staged]     robot c: +0.028 IoU  ← low
[staged]     robot d: +0.020 IoU  ← low
[staged]     robot e: +0.046 IoU  ← low
[staged]     robot f: +0.008 IoU  ← low
[staged]     robot g: +0.008 IoU  ← low
[staged]   Ph2 robot g  zone 4  (uncovered: 8% of target)
    [parallel] 10 worker threads, one renderer clone each
    init sampling: best coverage score 108.0px of uncovered area  (16 samples)
[staged]   → robot g: IoU 0.580 → 0.596  ✓
    ↑ new global best IoU 0.596  [phase Ph2 robot g]
[staged]   Ph2 robot f  zone 6  (uncovered: 6% of target)
    [parallel] 10 worker threads, one renderer clone each
    init sampling: best coverage score 72.0px of uncovered area  (16 samples)
[staged]   → robot f: IoU 0.596 → 0.607  ✓
    ↑ new global best IoU 0.607  [phase Ph2 robot f]
[staged]   Ph2 robot e  zone 0  (uncovered: 9% of target)
    [parallel] 10 worker threads, one renderer clone each
    init sampling: best coverage score 48.0px of uncovered area  (16 samples)
[staged]   → robot e: candidate 0.590 < current 0.607  ✗ rejected
[staged]   Ph2 robot d  zone 1  (uncovered: 6% of target)
    [parallel] 10 worker threads, one renderer clone each
    init sampling: best coverage score 105.0px of uncovered area  (16 samples)
[staged]   → robot d: IoU 0.607 → 0.608  ✓
    ↑ new global best IoU 0.608  [phase Ph2 robot d]
[staged]   Ph2 robot c  zone 2  (uncovered: 8% of target)
    [parallel] 10 worker threads, one renderer clone each
    init sampling: best coverage score 213.0px of uncovered area  (16 samples)
[staged]   → robot c: IoU 0.608 → 0.609  ✓
    ↑ new global best IoU 0.609  [phase Ph2 robot c]
[staged]   Ph2 robot b  zone 3  (uncovered: 10% of target)
    [parallel] 10 worker threads, one renderer clone each
    init sampling: best coverage score 238.0px of uncovered area  (16 samples)
[staged]   → robot b: IoU 0.609 → 0.615  ✓
    ↑ new global best IoU 0.615  [phase Ph2 robot b]
[staged]   Ph2 robot a  zone 5  (uncovered: 23% of target)
    [parallel] 10 worker threads, one renderer clone each
    init sampling: best coverage score 253.0px of uncovered area  (16 samples)
[staged]   → robot a: IoU 0.615 → 0.646  ✓
    ↑ new global best IoU 0.646  [phase Ph2 robot a]
[staged] Phase 2 done — composite IoU: 0.646

[staged] Best snapshot: Phase 2  IoU=0.646
[staged] Manifold final pass — computing Jacobian  (ε=0.020, 84 renders)
[staged] Manifold basis: k=13D / 42D  (variance≥85%, top eigenvalues: ['387802.78', '170007.28', '155283.94', '107371.99', '84456.36'])
[staged] Manifold did not improve (0.629 vs 0.646), keeping best snapshot
[staged] FD refinement — 5 Adam steps  (420 renders, lr=0.01, ε=0.02)
    ↑ new global best IoU 0.660  [FD refinement]
[staged] FD done — IoU: 0.660  (Δ=+0.014)  ✓
[staged] Done — final IoU: 0.660  loss: 0.3433
[staged] Popsize: per-robot phases=32  final=32  (theory optimum for 6 DOF = 10)

[staged] Hungarian pre-assignment  (7×7 cost matrix, 8 samples/entry = 392 renders)...
[staged]   robot_a → zone 4  robot_b → zone 5  robot_c → zone 1  robot_d → zone 2  robot_e → zone 6  robot_f → zone 0  robot_g → zone 3

[staged] Phase 1 — forward greedy  (8 iters × 7 robot(s), sigma=0.40×1.00, popsize=32)
[staged]   Ph1 robot a  zone 4  (uncovered: 15% of target)
    [parallel] 10 worker threads, one renderer clone each
    init sampling: best coverage score 539.0px of uncovered area  (16 samples)
[staged]   → robot a: IoU 0.213 → 0.421  ✓
    ↑ new global best IoU 0.421  [phase Ph1 robot a]
[staged]   Ph1 robot b  zone 5  (uncovered: 0% of target)
    [parallel] 10 worker threads, one renderer clone each
    init sampling: best loss 21.7756 (16 samples)
[staged]   → robot b: IoU 0.421 → 0.528  ✓
    ↑ new global best IoU 0.528  [phase Ph1 robot b]
[staged]   Ph1 robot c  zone 1  (uncovered: 10% of target)
    [parallel] 10 worker threads, one renderer clone each
    init sampling: best coverage score 135.0px of uncovered area  (16 samples)
[staged]   → robot c: IoU 0.528 → 0.575  ✓
    ↑ new global best IoU 0.575  [phase Ph1 robot c]
[staged]   Ph1 robot d  zone 2  (uncovered: 2% of target)
    [parallel] 10 worker threads, one renderer clone each
    init sampling: best coverage score 8.0px of uncovered area  (16 samples)
[staged]   → robot d: IoU 0.575 → 0.595  ✓
    ↑ new global best IoU 0.595  [phase Ph1 robot d]
[staged]   Ph1 robot e  zone 6  (uncovered: 0% of target)
    [parallel] 10 worker threads, one renderer clone each
    init sampling: best coverage score 13.0px of uncovered area  (16 samples)
[staged]   → robot e: IoU 0.595 → 0.606  ✓
    ↑ new global best IoU 0.606  [phase Ph1 robot e]
[staged]   Ph1 robot f  zone 0  (uncovered: 0% of target)
    [parallel] 10 worker threads, one renderer clone each
    init sampling: best coverage score 4.0px of uncovered area  (16 samples)
[staged]   → robot f: IoU 0.606 → 0.624  ✓
    ↑ new global best IoU 0.624  [phase Ph1 robot f]
[staged]   Ph1 robot g  zone 3  (uncovered: 6% of target)
    [parallel] 10 worker threads, one renderer clone each
    init sampling: best coverage score 37.0px of uncovered area  (16 samples)
[staged]   → robot g: IoU 0.624 → 0.637  ✓
    ↑ new global best IoU 0.637  [phase Ph1 robot g]
[staged] Phase 1 done — composite IoU: 0.637

[staged] Phase 2 — backward pass  (8 iters × 7 robots, sigma=0.300)
[staged]   contributions before Phase 2:
[staged]     robot a: +0.145 IoU
[staged]     robot b: +0.056 IoU
[staged]     robot c: +0.059 IoU
[staged]     robot d: +0.026 IoU  ← low
[staged]     robot e: +0.018 IoU  ← low
[staged]     robot f: +0.027 IoU  ← low
[staged]     robot g: +0.013 IoU  ← low
[staged]   Ph2 robot g  zone 3  (uncovered: 6% of target)
    [parallel] 10 worker threads, one renderer clone each
    init sampling: best coverage score 13.0px of uncovered area  (16 samples)
[staged]   → robot g: candidate 0.637 < current 0.637  ✗ rejected
[staged]   Ph2 robot f  zone 0  (uncovered: 9% of target)
    [parallel] 10 worker threads, one renderer clone each
    init sampling: best coverage score 71.0px of uncovered area  (16 samples)
[staged]   → robot f: candidate 0.637 < current 0.637  ✗ rejected
[staged]   Ph2 robot e  zone 6  (uncovered: 7% of target)
    [parallel] 10 worker threads, one renderer clone each
    init sampling: best coverage score 45.0px of uncovered area  (16 samples)
[staged]   → robot e: IoU 0.637 → 0.638  ✓
    ↑ new global best IoU 0.638  [phase Ph2 robot e]
[staged]   Ph2 robot d  zone 2  (uncovered: 8% of target)
    [parallel] 10 worker threads, one renderer clone each
    init sampling: best coverage score 71.0px of uncovered area  (16 samples)
[staged]   → robot d: candidate 0.635 < current 0.638  ✗ rejected
[staged]   Ph2 robot c  zone 1  (uncovered: 15% of target)
    [parallel] 10 worker threads, one renderer clone each
    init sampling: best coverage score 218.0px of uncovered area  (16 samples)
[staged]   → robot c: candidate 0.636 < current 0.638  ✗ rejected
[staged]   Ph2 robot b  zone 5  (uncovered: 11% of target)
    [parallel] 10 worker threads, one renderer clone each
    init sampling: best coverage score 227.0px of uncovered area  (16 samples)
[staged]   → robot b: candidate 0.630 < current 0.638  ✗ rejected
[staged]   Ph2 robot a  zone 4  (uncovered: 33% of target)
    [parallel] 10 worker threads, one renderer clone each
    init sampling: best coverage score 482.0px of uncovered area  (16 samples)
[staged]   → robot a: IoU 0.638 → 0.653  ✓
    ↑ new global best IoU 0.653  [phase Ph2 robot a]
[staged] Phase 2 done — composite IoU: 0.653

[staged] Best snapshot: Phase 2  IoU=0.653
[staged] Manifold final pass — computing Jacobian  (ε=0.020, 84 renders)
[staged] Manifold basis: k=11D / 42D  (variance≥85%, top eigenvalues: ['307405.78', '258283.14', '143063.78', '127075.48', '85474.72'])
    ↑ new global best IoU 0.659  [manifold final pass]
[staged] Manifold done — IoU: 0.659  (Δ=+0.006)  ✓
[staged] FD refinement — 5 Adam steps  (420 renders, lr=0.01, ε=0.02)
    ↑ new global best IoU 0.676  [FD refinement]
[staged] FD done — IoU: 0.676  (Δ=+0.017)  ✓
[staged] Done — final IoU: 0.676  loss: 0.3269
[staged] Popsize: per-robot phases=32  final=32  (theory optimum for 6 DOF = 10)

[staged] Hungarian pre-assignment  (7×7 cost matrix, 8 samples/entry = 392 renders)...
[staged]   robot_a → zone 2  robot_b → zone 3  robot_c → zone 6  robot_d → zone 5  robot_e → zone 1  robot_f → zone 4  robot_g → zone 0

[staged] Phase 1 — forward greedy  (8 iters × 7 robot(s), sigma=0.40×1.00, popsize=32)
[staged]   Ph1 robot a  zone 2  (uncovered: 14% of target)
    [parallel] 10 worker threads, one renderer clone each
    init sampling: best coverage score 579.0px of uncovered area  (16 samples)
[staged]   → robot a: IoU 0.213 → 0.451  ✓
    ↑ new global best IoU 0.451  [phase Ph1 robot a]
[staged]   Ph1 robot b  zone 3  (uncovered: 6% of target)
    [parallel] 10 worker threads, one renderer clone each
    init sampling: best coverage score 68.0px of uncovered area  (16 samples)
[staged]   → robot b: IoU 0.451 → 0.478  ✓
    ↑ new global best IoU 0.478  [phase Ph1 robot b]
[staged]   Ph1 robot c  zone 6  (uncovered: 1% of target)
    [parallel] 10 worker threads, one renderer clone each
    init sampling: best coverage score 40.0px of uncovered area  (16 samples)
[staged]   → robot c: IoU 0.478 → 0.526  ✓
    ↑ new global best IoU 0.526  [phase Ph1 robot c]
[staged]   Ph1 robot d  zone 5  (uncovered: 2% of target)
    [parallel] 10 worker threads, one renderer clone each
    init sampling: best coverage score 30.0px of uncovered area  (16 samples)
[staged]   → robot d: IoU 0.526 → 0.542  ✓
    ↑ new global best IoU 0.542  [phase Ph1 robot d]
[staged]   Ph1 robot e  zone 1  (uncovered: 1% of target)
    [parallel] 10 worker threads, one renderer clone each
    init sampling: best coverage score 57.0px of uncovered area  (16 samples)
[staged]   → robot e: IoU 0.542 → 0.551  ✓
    ↑ new global best IoU 0.551  [phase Ph1 robot e]
[staged]   Ph1 robot f  zone 4  (uncovered: 2% of target)
    [parallel] 10 worker threads, one renderer clone each
    init sampling: best coverage score 13.0px of uncovered area  (16 samples)
[staged]   → robot f: IoU 0.551 → 0.565  ✓
    ↑ new global best IoU 0.565  [phase Ph1 robot f]
[staged]   Ph1 robot g  zone 0  (uncovered: 0% of target)
    [parallel] 10 worker threads, one renderer clone each
    init sampling: best coverage score 3.0px of uncovered area  (16 samples)
[staged]   → robot g: IoU 0.565 → 0.576  ✓
    ↑ new global best IoU 0.576  [phase Ph1 robot g]
[staged] Phase 1 done — composite IoU: 0.576

[staged] Phase 2 — backward pass  (8 iters × 7 robots, sigma=0.300)
[staged]   contributions before Phase 2:
[staged]     robot a: +0.135 IoU
[staged]     robot b: +0.032 IoU  ← low
[staged]     robot c: +0.055 IoU
[staged]     robot d: +0.040 IoU  ← low
[staged]     robot e: +0.017 IoU  ← low
[staged]     robot f: +0.012 IoU  ← low
[staged]     robot g: +0.011 IoU  ← low
[staged]   Ph2 robot g  zone 0  (uncovered: 9% of target)
    [parallel] 10 worker threads, one renderer clone each
    init sampling: best coverage score 51.0px of uncovered area  (16 samples)
[staged]   → robot g: IoU 0.576 → 0.582  ✓
    ↑ new global best IoU 0.582  [phase Ph2 robot g]
[staged]   Ph2 robot f  zone 4  (uncovered: 9% of target)
    [parallel] 10 worker threads, one renderer clone each
    init sampling: best coverage score 44.0px of uncovered area  (16 samples)
[staged]   → robot f: candidate 0.575 < current 0.582  ✗ rejected
[staged]   Ph2 robot e  zone 1  (uncovered: 8% of target)
    [parallel] 10 worker threads, one renderer clone each
    init sampling: best coverage score 47.0px of uncovered area  (16 samples)
[staged]   → robot e: candidate 0.564 < current 0.582  ✗ rejected
[staged]   Ph2 robot d  zone 5  (uncovered: 13% of target)
    [parallel] 10 worker threads, one renderer clone each
    init sampling: best coverage score 127.0px of uncovered area  (16 samples)
[staged]   → robot d: candidate 0.573 < current 0.582  ✗ rejected
[staged]   Ph2 robot c  zone 6  (uncovered: 15% of target)
    [parallel] 10 worker threads, one renderer clone each
    init sampling: best coverage score 285.0px of uncovered area  (16 samples)
[staged]   → robot c: IoU 0.582 → 0.593  ✓
    ↑ new global best IoU 0.593  [phase Ph2 robot c]
[staged]   Ph2 robot b  zone 3  (uncovered: 14% of target)
    [parallel] 10 worker threads, one renderer clone each
    init sampling: best coverage score 171.0px of uncovered area  (16 samples)
[staged]   → robot b: IoU 0.593 → 0.617  ✓
    ↑ new global best IoU 0.617  [phase Ph2 robot b]
[staged]   Ph2 robot a  zone 2  (uncovered: 35% of target)
    [parallel] 10 worker threads, one renderer clone each
    init sampling: best coverage score 496.0px of uncovered area  (16 samples)
[staged]   → robot a: IoU 0.617 → 0.637  ✓
    ↑ new global best IoU 0.637  [phase Ph2 robot a]
[staged] Phase 2 done — composite IoU: 0.637

[staged] Best snapshot: Phase 2  IoU=0.637
[staged] Manifold final pass — computing Jacobian  (ε=0.020, 84 renders)
[staged] Manifold basis: k=12D / 42D  (variance≥85%, top eigenvalues: ['294684.50', '232978.27', '178204.41', '99195.38', '96865.85'])
[staged] Manifold did not improve (0.609 vs 0.637), keeping best snapshot
[staged] FD refinement — 5 Adam steps  (420 renders, lr=0.01, ε=0.02)
    ↑ new global best IoU 0.655  [FD refinement]
[staged] FD done — IoU: 0.655  (Δ=+0.018)  ✓
[staged] Done — final IoU: 0.655  loss: 0.3475
[shard 0] 2/10 letters_upper/H_dejavusans-bold  best=0.679 mean=0.665±0.010  218s  eta 0.5h
[staged] Popsize: per-robot phases=32  final=32  (theory optimum for 6 DOF = 10)

[staged] Hungarian pre-assignment  (7×7 cost matrix, 8 samples/entry = 392 renders)...
[staged]   robot_a → zone 4  robot_b → zone 2  robot_c → zone 0  robot_d → zone 5  robot_e → zone 3  robot_f → zone 1  robot_g → zone 6

[staged] Phase 1 — forward greedy  (8 iters × 7 robot(s), sigma=0.40×1.00, popsize=32)
[staged]   Ph1 robot a  zone 4  (uncovered: 15% of target)
    [parallel] 10 worker threads, one renderer clone each
    init sampling: best coverage score 631.0px of uncovered area  (16 samples)
[staged]   → robot a: IoU 0.213 → 0.413  ✓
    ↑ new global best IoU 0.413  [phase Ph1 robot a]
[staged]   Ph1 robot b  zone 2  (uncovered: 2% of target)
    [parallel] 10 worker threads, one renderer clone each
    init sampling: best coverage score 57.0px of uncovered area  (16 samples)
[staged]   → robot b: IoU 0.413 → 0.504  ✓
    ↑ new global best IoU 0.504  [phase Ph1 robot b]
[staged]   Ph1 robot c  zone 0  (uncovered: 10% of target)
    [parallel] 10 worker threads, one renderer clone each
    init sampling: best coverage score 1.0px of uncovered area  (16 samples)
[staged]   → robot c: IoU 0.504 → 0.566  ✓
    ↑ new global best IoU 0.566  [phase Ph1 robot c]
[staged]   Ph1 robot d  zone 5  (uncovered: 4% of target)
    [parallel] 10 worker threads, one renderer clone each
    init sampling: best coverage score 187.0px of uncovered area  (16 samples)
[staged]   → robot d: IoU 0.566 → 0.600  ✓
    ↑ new global best IoU 0.600  [phase Ph1 robot d]
[staged]   Ph1 robot e  zone 3  (uncovered: 2% of target)
    [parallel] 10 worker threads, one renderer clone each
    init sampling: best coverage score 57.0px of uncovered area  (16 samples)
[staged]   → robot e: IoU 0.600 → 0.606  ✓
    ↑ new global best IoU 0.606  [phase Ph1 robot e]
[staged]   Ph1 robot f  zone 1  (uncovered: 1% of target)
    [parallel] 10 worker threads, one renderer clone each
    init sampling: best coverage score 0.0px of uncovered area  (16 samples)
[staged]   → robot f: IoU 0.606 → 0.621  ✓
    ↑ new global best IoU 0.621  [phase Ph1 robot f]
[staged]   Ph1 robot g  zone 6  (uncovered: 1% of target)
    [parallel] 10 worker threads, one renderer clone each
    init sampling: best coverage score 0.0px of uncovered area  (16 samples)
[staged]   → robot g: IoU 0.621 → 0.636  ✓
    ↑ new global best IoU 0.636  [phase Ph1 robot g]
[staged] Phase 1 done — composite IoU: 0.636

[staged] Phase 2 — backward pass  (8 iters × 7 robots, sigma=0.300)
[staged]   contributions before Phase 2:
[staged]     robot a: +0.038 IoU  ← low
[staged]     robot b: +0.052 IoU
[staged]     robot c: +0.040 IoU  ← low
[staged]     robot d: +0.045 IoU  ← low
[staged]     robot e: +0.017 IoU  ← low
[staged]     robot f: +0.023 IoU  ← low
[staged]     robot g: +0.015 IoU  ← low
[staged]   Ph2 robot g  zone 6  (uncovered: 14% of target)
    [parallel] 10 worker threads, one renderer clone each
    init sampling: best coverage score 30.0px of uncovered area  (16 samples)
[staged]   → robot g: IoU 0.636 → 0.637  ✓
    ↑ new global best IoU 0.637  [phase Ph2 robot g]
[staged]   Ph2 robot f  zone 1  (uncovered: 15% of target)
    [parallel] 10 worker threads, one renderer clone each
    init sampling: best coverage score 80.0px of uncovered area  (16 samples)
[staged]   → robot f: candidate 0.632 < current 0.637  ✗ rejected
[staged]   Ph2 robot e  zone 3  (uncovered: 14% of target)
    [parallel] 10 worker threads, one renderer clone each
    init sampling: best coverage score 83.0px of uncovered area  (16 samples)
[staged]   → robot e: IoU 0.637 → 0.645  ✓
    ↑ new global best IoU 0.645  [phase Ph2 robot e]
[staged]   Ph2 robot d  zone 5  (uncovered: 14% of target)
    [parallel] 10 worker threads, one renderer clone each
    init sampling: best coverage score 54.0px of uncovered area  (16 samples)
[staged]   → robot d: IoU 0.645 → 0.648  ✓
    ↑ new global best IoU 0.648  [phase Ph2 robot d]
[staged]   Ph2 robot c  zone 0  (uncovered: 22% of target)
    [parallel] 10 worker threads, one renderer clone each
    init sampling: best coverage score 204.0px of uncovered area  (16 samples)
[staged]   → robot c: IoU 0.648 → 0.654  ✓
    ↑ new global best IoU 0.654  [phase Ph2 robot c]
[staged]   Ph2 robot b  zone 2  (uncovered: 21% of target)
    [parallel] 10 worker threads, one renderer clone each
    init sampling: best coverage score 52.0px of uncovered area  (16 samples)
[staged]   → robot b: candidate 0.630 < current 0.654  ✗ rejected
[staged]   Ph2 robot a  zone 4  (uncovered: 13% of target)
    [parallel] 10 worker threads, one renderer clone each
    init sampling: best coverage score 108.0px of uncovered area  (16 samples)
[staged]   → robot a: IoU 0.654 → 0.673  ✓
    ↑ new global best IoU 0.673  [phase Ph2 robot a]
[staged] Phase 2 done — composite IoU: 0.673

[staged] Best snapshot: Phase 2  IoU=0.673
[staged] Manifold final pass — computing Jacobian  (ε=0.020, 84 renders)
[staged] Manifold basis: k=12D / 42D  (variance≥85%, top eigenvalues: ['507322.81', '297459.88', '134422.72', '91389.52', '84961.77'])
[staged] Manifold did not improve (0.667 vs 0.673), keeping best snapshot
[staged] FD refinement — 5 Adam steps  (420 renders, lr=0.01, ε=0.02)
    ↑ new global best IoU 0.701  [FD refinement]
[staged] FD done — IoU: 0.701  (Δ=+0.029)  ✓
[staged] Done — final IoU: 0.701  loss: 0.3009
[staged] Popsize: per-robot phases=32  final=32  (theory optimum for 6 DOF = 10)

[staged] Hungarian pre-assignment  (7×7 cost matrix, 8 samples/entry = 392 renders)...
[staged]   robot_a → zone 0  robot_b → zone 1  robot_c → zone 2  robot_d → zone 6  robot_e → zone 4  robot_f → zone 5  robot_g → zone 3

[staged] Phase 1 — forward greedy  (8 iters × 7 robot(s), sigma=0.40×1.00, popsize=32)
[staged]   Ph1 robot a  zone 0  (uncovered: 14% of target)
    [parallel] 10 worker threads, one renderer clone each
    init sampling: best coverage score 355.0px of uncovered area  (16 samples)
[staged]   → robot a: IoU 0.213 → 0.429  ✓
    ↑ new global best IoU 0.429  [phase Ph1 robot a]
[staged]   Ph1 robot b  zone 1  (uncovered: 4% of target)
    [parallel] 10 worker threads, one renderer clone each
    init sampling: best coverage score 172.0px of uncovered area  (16 samples)
[staged]   → robot b: IoU 0.429 → 0.518  ✓
    ↑ new global best IoU 0.518  [phase Ph1 robot b]
[staged]   Ph1 robot c  zone 2  (uncovered: 1% of target)
    [parallel] 10 worker threads, one renderer clone each
    init sampling: best coverage score 32.0px of uncovered area  (16 samples)
[staged]   → robot c: IoU 0.518 → 0.563  ✓
    ↑ new global best IoU 0.563  [phase Ph1 robot c]
[staged]   Ph1 robot d  zone 6  (uncovered: 10% of target)
    [parallel] 10 worker threads, one renderer clone each
    init sampling: best coverage score 6.0px of uncovered area  (16 samples)
[staged]   → robot d: IoU 0.563 → 0.579  ✓
    ↑ new global best IoU 0.579  [phase Ph1 robot d]
[staged]   Ph1 robot e  zone 4  (uncovered: 2% of target)
    [parallel] 10 worker threads, one renderer clone each
    init sampling: best coverage score 51.0px of uncovered area  (16 samples)
[staged]   → robot e: IoU 0.579 → 0.597  ✓
    ↑ new global best IoU 0.597  [phase Ph1 robot e]
[staged]   Ph1 robot f  zone 5  (uncovered: 1% of target)
    [parallel] 10 worker threads, one renderer clone each
    init sampling: best coverage score 40.0px of uncovered area  (16 samples)
[staged]   → robot f: IoU 0.597 → 0.612  ✓
    ↑ new global best IoU 0.612  [phase Ph1 robot f]
[staged]   Ph1 robot g  zone 3  (uncovered: 1% of target)
    [parallel] 10 worker threads, one renderer clone each
    init sampling: best coverage score 1.0px of uncovered area  (16 samples)
[staged]   → robot g: IoU 0.612 → 0.633  ✓
    ↑ new global best IoU 0.633  [phase Ph1 robot g]
[staged] Phase 1 done — composite IoU: 0.633

[staged] Phase 2 — backward pass  (8 iters × 7 robots, sigma=0.300)
[staged]   contributions before Phase 2:
[staged]     robot a: +0.024 IoU  ← low
[staged]     robot b: +0.057 IoU
[staged]     robot c: +0.056 IoU
[staged]     robot d: +0.016 IoU  ← low
[staged]     robot e: +0.017 IoU  ← low
[staged]     robot f: +0.027 IoU  ← low
[staged]     robot g: +0.021 IoU  ← low
[staged]   Ph2 robot g  zone 3  (uncovered: 18% of target)
    [parallel] 10 worker threads, one renderer clone each
    init sampling: best coverage score 48.0px of uncovered area  (16 samples)
[staged]   → robot g: IoU 0.633 → 0.692  ✓
    ↑ new global best IoU 0.692  [phase Ph2 robot g]
[staged]   Ph2 robot f  zone 5  (uncovered: 11% of target)
    [parallel] 10 worker threads, one renderer clone each
    init sampling: best coverage score 122.0px of uncovered area  (16 samples)
[staged]   → robot f: IoU 0.692 → 0.697  ✓
    ↑ new global best IoU 0.697  [phase Ph2 robot f]
[staged]   Ph2 robot e  zone 4  (uncovered: 11% of target)
    [parallel] 10 worker threads, one renderer clone each
    init sampling: best coverage score 56.0px of uncovered area  (16 samples)
[staged]   → robot e: candidate 0.688 < current 0.697  ✗ rejected
[staged]   Ph2 robot d  zone 6  (uncovered: 9% of target)
    [parallel] 10 worker threads, one renderer clone each
    init sampling: best coverage score 62.0px of uncovered area  (16 samples)
[staged]   → robot d: IoU 0.697 → 0.701  ✓
    ↑ new global best IoU 0.701  [phase Ph2 robot d]
[staged]   Ph2 robot c  zone 2  (uncovered: 13% of target)
    [parallel] 10 worker threads, one renderer clone each
    init sampling: best coverage score 151.0px of uncovered area  (16 samples)
[staged]   → robot c: candidate 0.693 < current 0.701  ✗ rejected
[staged]   Ph2 robot b  zone 1  (uncovered: 11% of target)
    [parallel] 10 worker threads, one renderer clone each
    init sampling: best coverage score 129.0px of uncovered area  (16 samples)
[staged]   → robot b: candidate 0.683 < current 0.701  ✗ rejected
[staged]   Ph2 robot a  zone 0  (uncovered: 12% of target)
    [parallel] 10 worker threads, one renderer clone each
    init sampling: best coverage score 156.0px of uncovered area  (16 samples)
[staged]   → robot a: IoU 0.701 → 0.721  ✓
    ↑ new global best IoU 0.721  [phase Ph2 robot a]
[staged] Phase 2 done — composite IoU: 0.721

[staged] Best snapshot: Phase 2  IoU=0.721
[staged] Manifold final pass — computing Jacobian  (ε=0.020, 84 renders)
[staged] Manifold basis: k=11D / 42D  (variance≥85%, top eigenvalues: ['306803.75', '281890.44', '136911.09', '106968.38', '85950.49'])
[staged] Manifold did not improve (0.704 vs 0.721), keeping best snapshot
[staged] FD refinement — 5 Adam steps  (420 renders, lr=0.01, ε=0.02)
    ↑ new global best IoU 0.745  [FD refinement]
[staged] FD done — IoU: 0.745  (Δ=+0.024)  ✓
[staged] Done — final IoU: 0.745  loss: 0.2559
[staged] Popsize: per-robot phases=32  final=32  (theory optimum for 6 DOF = 10)

[staged] Hungarian pre-assignment  (7×7 cost matrix, 8 samples/entry = 392 renders)...
[staged]   robot_a → zone 2  robot_b → zone 5  robot_c → zone 3  robot_d → zone 6  robot_e → zone 0  robot_f → zone 1  robot_g → zone 4

[staged] Phase 1 — forward greedy  (8 iters × 7 robot(s), sigma=0.40×1.00, popsize=32)
[staged]   Ph1 robot a  zone 2  (uncovered: 14% of target)
    [parallel] 10 worker threads, one renderer clone each
    init sampling: best coverage score 438.0px of uncovered area  (16 samples)
[staged]   → robot a: IoU 0.213 → 0.429  ✓
    ↑ new global best IoU 0.429  [phase Ph1 robot a]
[staged]   Ph1 robot b  zone 5  (uncovered: 6% of target)
    [parallel] 10 worker threads, one renderer clone each
    init sampling: best coverage score 173.0px of uncovered area  (16 samples)
[staged]   → robot b: IoU 0.429 → 0.582  ✓
    ↑ new global best IoU 0.582  [phase Ph1 robot b]
[staged]   Ph1 robot c  zone 3  (uncovered: 2% of target)
    [parallel] 10 worker threads, one renderer clone each
    init sampling: best coverage score 41.0px of uncovered area  (16 samples)
[staged]   → robot c: IoU 0.582 → 0.616  ✓
    ↑ new global best IoU 0.616  [phase Ph1 robot c]
[staged]   Ph1 robot d  zone 6  (uncovered: 7% of target)
    [parallel] 10 worker threads, one renderer clone each
    init sampling: best coverage score 180.0px of uncovered area  (16 samples)
[staged]   → robot d: IoU 0.616 → 0.641  ✓
    ↑ new global best IoU 0.641  [phase Ph1 robot d]
[staged]   Ph1 robot e  zone 0  (uncovered: 1% of target)
    [parallel] 10 worker threads, one renderer clone each
    init sampling: best coverage score 12.0px of uncovered area  (16 samples)
[staged]   → robot e: IoU 0.641 → 0.662  ✓
    ↑ new global best IoU 0.662  [phase Ph1 robot e]
[staged]   Ph1 robot f  zone 1  (uncovered: 1% of target)
    [parallel] 10 worker threads, one renderer clone each
    init sampling: best coverage score 17.0px of uncovered area  (16 samples)
[staged]   → robot f: IoU 0.662 → 0.669  ✓
    ↑ new global best IoU 0.669  [phase Ph1 robot f]
[staged]   Ph1 robot g  zone 4  (uncovered: 0% of target)
    [parallel] 10 worker threads, one renderer clone each
    init sampling: best loss 21.5475 (16 samples)
[staged]   → robot g: IoU 0.669 → 0.687  ✓
    ↑ new global best IoU 0.687  [phase Ph1 robot g]
[staged] Phase 1 done — composite IoU: 0.687

[staged] Phase 2 — backward pass  (8 iters × 7 robots, sigma=0.300)
[staged]   contributions before Phase 2:
[staged]     robot a: +0.082 IoU
[staged]     robot b: +0.127 IoU
[staged]     robot c: +0.055 IoU
[staged]     robot d: +0.028 IoU  ← low
[staged]     robot e: +0.028 IoU  ← low
[staged]     robot f: +0.020 IoU  ← low
[staged]     robot g: +0.018 IoU  ← low
[staged]   Ph2 robot g  zone 4  (uncovered: 10% of target)
    [parallel] 10 worker threads, one renderer clone each
    init sampling: best coverage score 163.0px of uncovered area  (16 samples)
[staged]   → robot g: IoU 0.687 → 0.724  ✓
    ↑ new global best IoU 0.724  [phase Ph2 robot g]
[staged]   Ph2 robot f  zone 1  (uncovered: 5% of target)
    [parallel] 10 worker threads, one renderer clone each
    init sampling: best coverage score 23.0px of uncovered area  (16 samples)
[staged]   → robot f: IoU 0.724 → 0.726  ✓
    ↑ new global best IoU 0.726  [phase Ph2 robot f]
[staged]   Ph2 robot e  zone 0  (uncovered: 5% of target)
    [parallel] 10 worker threads, one renderer clone each
    init sampling: best coverage score 62.0px of uncovered area  (16 samples)
[staged]   → robot e: candidate 0.722 < current 0.726  ✗ rejected
[staged]   Ph2 robot d  zone 6  (uncovered: 8% of target)
    [parallel] 10 worker threads, one renderer clone each
    init sampling: best coverage score 135.0px of uncovered area  (16 samples)
[staged]   → robot d: IoU 0.726 → 0.734  ✓
    ↑ new global best IoU 0.734  [phase Ph2 robot d]
[staged]   Ph2 robot c  zone 3  (uncovered: 6% of target)
    [parallel] 10 worker threads, one renderer clone each
    init sampling: best coverage score 86.0px of uncovered area  (16 samples)
[staged]   → robot c: candidate 0.727 < current 0.734  ✗ rejected
[staged]   Ph2 robot b  zone 5  (uncovered: 25% of target)
    [parallel] 10 worker threads, one renderer clone each
    init sampling: best coverage score 512.0px of uncovered area  (16 samples)
[staged]   → robot b: candidate 0.709 < current 0.734  ✗ rejected
[staged]   Ph2 robot a  zone 2  (uncovered: 28% of target)
    [parallel] 10 worker threads, one renderer clone each
    init sampling: best coverage score 989.0px of uncovered area  (16 samples)
[staged]   → robot a: IoU 0.734 → 0.748  ✓
    ↑ new global best IoU 0.748  [phase Ph2 robot a]
[staged] Phase 2 done — composite IoU: 0.748

[staged] Best snapshot: Phase 2  IoU=0.748
[staged] Manifold final pass — computing Jacobian  (ε=0.020, 84 renders)
[staged] Manifold basis: k=10D / 42D  (variance≥85%, top eigenvalues: ['451836.19', '187892.45', '116465.24', '86314.90', '83365.99'])
[staged] Manifold did not improve (0.741 vs 0.748), keeping best snapshot
[staged] FD refinement — 5 Adam steps  (420 renders, lr=0.01, ε=0.02)
    ↑ new global best IoU 0.763  [FD refinement]
[staged] FD done — IoU: 0.763  (Δ=+0.015)  ✓
[staged] Done — final IoU: 0.763  loss: 0.2382
[staged] Popsize: per-robot phases=32  final=32  (theory optimum for 6 DOF = 10)

[staged] Hungarian pre-assignment  (7×7 cost matrix, 8 samples/entry = 392 renders)...
[staged]   robot_a → zone 1  robot_b → zone 6  robot_c → zone 2  robot_d → zone 5  robot_e → zone 0  robot_f → zone 4  robot_g → zone 3

[staged] Phase 1 — forward greedy  (8 iters × 7 robot(s), sigma=0.40×1.00, popsize=32)
[staged]   Ph1 robot a  zone 1  (uncovered: 15% of target)
    [parallel] 10 worker threads, one renderer clone each
    init sampling: best coverage score 613.0px of uncovered area  (16 samples)
[staged]   → robot a: IoU 0.213 → 0.429  ✓
    ↑ new global best IoU 0.429  [phase Ph1 robot a]
[staged]   Ph1 robot b  zone 6  (uncovered: 4% of target)
    [parallel] 10 worker threads, one renderer clone each
    init sampling: best coverage score 2.0px of uncovered area  (16 samples)
[staged]   → robot b: IoU 0.429 → 0.556  ✓
    ↑ new global best IoU 0.556  [phase Ph1 robot b]
[staged]   Ph1 robot c  zone 2  (uncovered: 19% of target)
    [parallel] 10 worker threads, one renderer clone each
    init sampling: best coverage score 58.0px of uncovered area  (16 samples)
[staged]   → robot c: IoU 0.556 → 0.605  ✓
    ↑ new global best IoU 0.605  [phase Ph1 robot c]
[staged]   Ph1 robot d  zone 5  (uncovered: 2% of target)
    [parallel] 10 worker threads, one renderer clone each
    init sampling: best coverage score 51.0px of uncovered area  (16 samples)
[staged]   → robot d: IoU 0.605 → 0.620  ✓
    ↑ new global best IoU 0.620  [phase Ph1 robot d]
[staged]   Ph1 robot e  zone 0  (uncovered: 1% of target)
    [parallel] 10 worker threads, one renderer clone each
    init sampling: best coverage score 51.0px of uncovered area  (16 samples)
[staged]   → robot e: IoU 0.620 → 0.633  ✓
    ↑ new global best IoU 0.633  [phase Ph1 robot e]
[staged]   Ph1 robot f  zone 4  (uncovered: 0% of target)
    [parallel] 10 worker threads, one renderer clone each
    init sampling: best coverage score 4.0px of uncovered area  (16 samples)
[staged]   → robot f: IoU 0.633 → 0.638  ✓
    ↑ new global best IoU 0.638  [phase Ph1 robot f]
[staged]   Ph1 robot g  zone 3  (uncovered: 0% of target)
    [parallel] 10 worker threads, one renderer clone each
    init sampling: best coverage score 6.0px of uncovered area  (16 samples)
[staged]   → robot g: IoU 0.638 → 0.658  ✓
    ↑ new global best IoU 0.658  [phase Ph1 robot g]
[staged] Phase 1 done — composite IoU: 0.658

[staged] Phase 2 — backward pass  (8 iters × 7 robots, sigma=0.300)
[staged]   contributions before Phase 2:
[staged]     robot a: +0.047 IoU  ← low
[staged]     robot b: +0.131 IoU
[staged]     robot c: +0.053 IoU
[staged]     robot d: +0.027 IoU  ← low
[staged]     robot e: +0.026 IoU  ← low
[staged]     robot f: +0.016 IoU  ← low
[staged]     robot g: +0.021 IoU  ← low
[staged]   Ph2 robot g  zone 3  (uncovered: 4% of target)
    [parallel] 10 worker threads, one renderer clone each
    init sampling: best coverage score 64.0px of uncovered area  (16 samples)
[staged]   → robot g: IoU 0.658 → 0.660  ✓
    ↑ new global best IoU 0.660  [phase Ph2 robot g]
[staged]   Ph2 robot f  zone 4  (uncovered: 3% of target)
    [parallel] 10 worker threads, one renderer clone each
    init sampling: best coverage score 21.0px of uncovered area  (16 samples)
[staged]   → robot f: IoU 0.660 → 0.661  ✓
    ↑ new global best IoU 0.661  [phase Ph2 robot f]
[staged]   Ph2 robot e  zone 0  (uncovered: 3% of target)
    [parallel] 10 worker threads, one renderer clone each
    init sampling: best coverage score 54.0px of uncovered area  (16 samples)
[staged]   → robot e: IoU 0.661 → 0.661  ✓
    ↑ new global best IoU 0.661  [phase Ph2 robot e]
[staged]   Ph2 robot d  zone 5  (uncovered: 6% of target)
    [parallel] 10 worker threads, one renderer clone each
    init sampling: best coverage score 5.0px of uncovered area  (16 samples)
[staged]   → robot d: candidate 0.654 < current 0.661  ✗ rejected
[staged]   Ph2 robot c  zone 2  (uncovered: 10% of target)
    [parallel] 10 worker threads, one renderer clone each
    init sampling: best coverage score 262.0px of uncovered area  (16 samples)
[staged]   → robot c: candidate 0.659 < current 0.661  ✗ rejected
[staged]   Ph2 robot b  zone 6  (uncovered: 13% of target)
    [parallel] 10 worker threads, one renderer clone each
    init sampling: best coverage score 227.0px of uncovered area  (16 samples)
[staged]   → robot b: candidate 0.659 < current 0.661  ✗ rejected
[staged]   Ph2 robot a  zone 1  (uncovered: 12% of target)
    [parallel] 10 worker threads, one renderer clone each
    init sampling: best coverage score 211.0px of uncovered area  (16 samples)
[staged]   → robot a: IoU 0.661 → 0.662  ✓
    ↑ new global best IoU 0.662  [phase Ph2 robot a]
[staged] Phase 2 done — composite IoU: 0.662

[staged] Best snapshot: Phase 2  IoU=0.662
[staged] Manifold final pass — computing Jacobian  (ε=0.020, 84 renders)
[staged] Manifold basis: k=11D / 42D  (variance≥85%, top eigenvalues: ['335902.75', '249705.08', '193367.64', '185757.61', '121598.66'])
    ↑ new global best IoU 0.667  [manifold final pass]
[staged] Manifold done — IoU: 0.667  (Δ=+0.005)  ✓
[staged] FD refinement — 5 Adam steps  (420 renders, lr=0.01, ε=0.02)
    ↑ new global best IoU 0.686  [FD refinement]
[staged] FD done — IoU: 0.686  (Δ=+0.019)  ✓
[staged] Done — final IoU: 0.686  loss: 0.3154
[staged] Popsize: per-robot phases=32  final=32  (theory optimum for 6 DOF = 10)

[staged] Hungarian pre-assignment  (7×7 cost matrix, 8 samples/entry = 392 renders)...
[staged]   robot_a → zone 5  robot_b → zone 4  robot_c → zone 3  robot_d → zone 0  robot_e → zone 6  robot_f → zone 1  robot_g → zone 2

[staged] Phase 1 — forward greedy  (8 iters × 7 robot(s), sigma=0.40×1.00, popsize=32)
[staged]   Ph1 robot a  zone 5  (uncovered: 15% of target)
    [parallel] 10 worker threads, one renderer clone each
    init sampling: best coverage score 621.0px of uncovered area  (16 samples)
[staged]   → robot a: IoU 0.213 → 0.464  ✓
    ↑ new global best IoU 0.464  [phase Ph1 robot a]
[staged]   Ph1 robot b  zone 4  (uncovered: 7% of target)
    [parallel] 10 worker threads, one renderer clone each
    init sampling: best coverage score 49.0px of uncovered area  (16 samples)
[staged]   → robot b: IoU 0.464 → 0.543  ✓
    ↑ new global best IoU 0.543  [phase Ph1 robot b]
[staged]   Ph1 robot c  zone 3  (uncovered: 2% of target)
    [parallel] 10 worker threads, one renderer clone each
    init sampling: best coverage score 45.0px of uncovered area  (16 samples)
[staged]   → robot c: IoU 0.543 → 0.565  ✓
    ↑ new global best IoU 0.565  [phase Ph1 robot c]
[staged]   Ph1 robot d  zone 0  (uncovered: 10% of target)
    [parallel] 10 worker threads, one renderer clone each
    init sampling: best coverage score 16.0px of uncovered area  (16 samples)
[staged]   → robot d: IoU 0.565 → 0.626  ✓
    ↑ new global best IoU 0.626  [phase Ph1 robot d]
[staged]   Ph1 robot e  zone 6  (uncovered: 0% of target)
    [parallel] 10 worker threads, one renderer clone each
    init sampling: best coverage score 6.0px of uncovered area  (16 samples)
[staged]   → robot e: IoU 0.626 → 0.665  ✓
    ↑ new global best IoU 0.665  [phase Ph1 robot e]
[staged]   Ph1 robot f  zone 1  (uncovered: 1% of target)
    [parallel] 10 worker threads, one renderer clone each
    init sampling: best coverage score 39.0px of uncovered area  (16 samples)
[staged]   → robot f: IoU 0.665 → 0.675  ✓
    ↑ new global best IoU 0.675  [phase Ph1 robot f]
[staged]   Ph1 robot g  zone 2  (uncovered: 2% of target)
    [parallel] 10 worker threads, one renderer clone each
    init sampling: best coverage score 35.0px of uncovered area  (16 samples)
[staged]   → robot g: IoU 0.675 → 0.688  ✓
    ↑ new global best IoU 0.688  [phase Ph1 robot g]
[staged] Phase 1 done — composite IoU: 0.688

[staged] Phase 2 — backward pass  (8 iters × 7 robots, sigma=0.300)
[staged]   contributions before Phase 2:
[staged]     robot a: +0.080 IoU
[staged]     robot b: +0.020 IoU  ← low
[staged]     robot c: +0.028 IoU  ← low
[staged]     robot d: +0.064 IoU
[staged]     robot e: +0.046 IoU  ← low
[staged]     robot f: +0.016 IoU  ← low
[staged]     robot g: +0.013 IoU  ← low
[staged]   Ph2 robot g  zone 2  (uncovered: 8% of target)
    [parallel] 10 worker threads, one renderer clone each
    init sampling: best coverage score 102.0px of uncovered area  (16 samples)
[staged]   → robot g: IoU 0.688 → 0.697  ✓
    ↑ new global best IoU 0.697  [phase Ph2 robot g]
[staged]   Ph2 robot f  zone 1  (uncovered: 7% of target)
    [parallel] 10 worker threads, one renderer clone each
    init sampling: best coverage score 35.0px of uncovered area  (16 samples)
[staged]   → robot f: candidate 0.692 < current 0.697  ✗ rejected
[staged]   Ph2 robot e  zone 6  (uncovered: 12% of target)
    [parallel] 10 worker threads, one renderer clone each
    init sampling: best coverage score 43.0px of uncovered area  (16 samples)
[staged]   → robot e: candidate 0.666 < current 0.697  ✗ rejected
[staged]   Ph2 robot d  zone 0  (uncovered: 16% of target)
    [parallel] 10 worker threads, one renderer clone each
    init sampling: best coverage score 79.0px of uncovered area  (16 samples)
[staged]   → robot d: IoU 0.697 → 0.707  ✓
    ↑ new global best IoU 0.707  [phase Ph2 robot d]
[staged]   Ph2 robot c  zone 3  (uncovered: 7% of target)
    [parallel] 10 worker threads, one renderer clone each
    init sampling: best coverage score 52.0px of uncovered area  (16 samples)
[staged]   → robot c: IoU 0.707 → 0.709  ✓
    ↑ new global best IoU 0.709  [phase Ph2 robot c]
[staged]   Ph2 robot b  zone 4  (uncovered: 9% of target)
    [parallel] 10 worker threads, one renderer clone each
    init sampling: best coverage score 125.0px of uncovered area  (16 samples)
[staged]   → robot b: IoU 0.709 → 0.736  ✓
    ↑ new global best IoU 0.736  [phase Ph2 robot b]
[staged]   Ph2 robot a  zone 5  (uncovered: 20% of target)
    [parallel] 10 worker threads, one renderer clone each
    init sampling: best coverage score 537.0px of uncovered area  (16 samples)
[staged]   → robot a: candidate 0.729 < current 0.736  ✗ rejected
[staged] Phase 2 done — composite IoU: 0.736

[staged] Best snapshot: Phase 2  IoU=0.736
[staged] Manifold final pass — computing Jacobian  (ε=0.020, 84 renders)
[staged] Manifold basis: k=10D / 42D  (variance≥85%, top eigenvalues: ['484609.00', '333060.03', '186775.61', '153607.28', '77636.22'])
[staged] Manifold did not improve (0.703 vs 0.736), keeping best snapshot
[staged] FD refinement — 5 Adam steps  (420 renders, lr=0.01, ε=0.02)
    ↑ new global best IoU 0.745  [FD refinement]
[staged] FD done — IoU: 0.745  (Δ=+0.010)  ✓
[staged] Done — final IoU: 0.745  loss: 0.2560
[shard 0] 3/10 letters_upper/K_dejavusans-bold  best=0.763 mean=0.728±0.029  219s  eta 0.4h
[staged] Popsize: per-robot phases=32  final=32  (theory optimum for 6 DOF = 10)

[staged] Hungarian pre-assignment  (7×7 cost matrix, 8 samples/entry = 392 renders)...
[staged]   robot_a → zone 2  robot_b → zone 5  robot_c → zone 3  robot_d → zone 6  robot_e → zone 1  robot_f → zone 4  robot_g → zone 0

[staged] Phase 1 — forward greedy  (8 iters × 7 robot(s), sigma=0.40×1.00, popsize=32)
[staged]   Ph1 robot a  zone 2  (uncovered: 16% of target)
    [parallel] 10 worker threads, one renderer clone each
    init sampling: best coverage score 653.0px of uncovered area  (16 samples)
[staged]   → robot a: IoU 0.233 → 0.356  ✓
    ↑ new global best IoU 0.356  [phase Ph1 robot a]
[staged]   Ph1 robot b  zone 5  (uncovered: 0% of target)
    [parallel] 10 worker threads, one renderer clone each
    init sampling: best coverage score 9.0px of uncovered area  (16 samples)
[staged]   → robot b: IoU 0.356 → 0.484  ✓
    ↑ new global best IoU 0.484  [phase Ph1 robot b]
[staged]   Ph1 robot c  zone 3  (uncovered: 4% of target)
    [parallel] 10 worker threads, one renderer clone each
    init sampling: best coverage score 0.0px of uncovered area  (16 samples)
[staged]   → robot c: IoU 0.484 → 0.573  ✓
    ↑ new global best IoU 0.573  [phase Ph1 robot c]
[staged]   Ph1 robot d  zone 6  (uncovered: 2% of target)
    [parallel] 10 worker threads, one renderer clone each
    init sampling: best coverage score 2.0px of uncovered area  (16 samples)
[staged]   → robot d: IoU 0.573 → 0.581  ✓
    ↑ new global best IoU 0.581  [phase Ph1 robot d]
[staged]   Ph1 robot e  zone 1  (uncovered: 1% of target)
    [parallel] 10 worker threads, one renderer clone each
    init sampling: best coverage score 53.0px of uncovered area  (16 samples)
[staged]   → robot e: IoU 0.581 → 0.602  ✓
    ↑ new global best IoU 0.602  [phase Ph1 robot e]
[staged]   Ph1 robot f  zone 4  (uncovered: 6% of target)
    [parallel] 10 worker threads, one renderer clone each
    init sampling: best coverage score 7.0px of uncovered area  (16 samples)
[staged]   → robot f: IoU 0.602 → 0.611  ✓
    ↑ new global best IoU 0.611  [phase Ph1 robot f]
[staged]   Ph1 robot g  zone 0  (uncovered: 1% of target)
    [parallel] 10 worker threads, one renderer clone each
    init sampling: best coverage score 26.0px of uncovered area  (16 samples)
[staged]   → robot g: IoU 0.611 → 0.627  ✓
    ↑ new global best IoU 0.627  [phase Ph1 robot g]
[staged] Phase 1 done — composite IoU: 0.627

[staged] Phase 2 — backward pass  (8 iters × 7 robots, sigma=0.300)
[staged]   contributions before Phase 2:
[staged]     robot a: +0.066 IoU
[staged]     robot b: -0.005 IoU  ← low
[staged]     robot c: +0.062 IoU
[staged]     robot d: +0.020 IoU  ← low
[staged]     robot e: +0.034 IoU  ← low
[staged]     robot f: +0.020 IoU  ← low
[staged]     robot g: +0.017 IoU  ← low
[staged]   Ph2 robot g  zone 0  (uncovered: 9% of target)
    [parallel] 10 worker threads, one renderer clone each
    init sampling: best coverage score 39.0px of uncovered area  (16 samples)
[staged]   → robot g: IoU 0.627 → 0.631  ✓
    ↑ new global best IoU 0.631  [phase Ph2 robot g]
[staged]   Ph2 robot f  zone 4  (uncovered: 8% of target)
    [parallel] 10 worker threads, one renderer clone each
    init sampling: best coverage score 91.0px of uncovered area  (16 samples)
[staged]   → robot f: IoU 0.631 → 0.643  ✓
    ↑ new global best IoU 0.643  [phase Ph2 robot f]
[staged]   Ph2 robot e  zone 1  (uncovered: 9% of target)
    [parallel] 10 worker threads, one renderer clone each
    init sampling: best coverage score 48.0px of uncovered area  (16 samples)
[staged]   → robot e: candidate 0.636 < current 0.643  ✗ rejected
[staged]   Ph2 robot d  zone 6  (uncovered: 7% of target)
    [parallel] 10 worker threads, one renderer clone each
    init sampling: best coverage score 53.0px of uncovered area  (16 samples)
[staged]   → robot d: candidate 0.628 < current 0.643  ✗ rejected
[staged]   Ph2 robot c  zone 3  (uncovered: 11% of target)
    [parallel] 10 worker threads, one renderer clone each
    init sampling: best coverage score 170.0px of uncovered area  (16 samples)
[staged]   → robot c: candidate 0.605 < current 0.643  ✗ rejected
[staged]   Ph2 robot b  zone 5  (uncovered: 7% of target)
    [parallel] 10 worker threads, one renderer clone each
    init sampling: best coverage score 29.0px of uncovered area  (16 samples)
[staged]   → robot b: IoU 0.643 → 0.678  ✓
    ↑ new global best IoU 0.678  [phase Ph2 robot b]
[staged]   Ph2 robot a  zone 2  (uncovered: 21% of target)
    [parallel] 10 worker threads, one renderer clone each
    init sampling: best coverage score 560.0px of uncovered area  (16 samples)
[staged]   → robot a: IoU 0.678 → 0.712  ✓
    ↑ new global best IoU 0.712  [phase Ph2 robot a]
[staged] Phase 2 done — composite IoU: 0.712

[staged] Best snapshot: Phase 2  IoU=0.712
[staged] Manifold final pass — computing Jacobian  (ε=0.020, 84 renders)
[staged] Manifold basis: k=12D / 42D  (variance≥85%, top eigenvalues: ['314248.75', '209633.75', '169748.95', '128637.64', '125921.97'])
[staged] Manifold did not improve (0.693 vs 0.712), keeping best snapshot
[staged] FD refinement — 5 Adam steps  (420 renders, lr=0.01, ε=0.02)
    ↑ new global best IoU 0.731  [FD refinement]
[staged] FD done — IoU: 0.731  (Δ=+0.019)  ✓
[staged] Done — final IoU: 0.731  loss: 0.2711
[staged] Popsize: per-robot phases=32  final=32  (theory optimum for 6 DOF = 10)

[staged] Hungarian pre-assignment  (7×7 cost matrix, 8 samples/entry = 392 renders)...
[staged]   robot_a → zone 3  robot_b → zone 5  robot_c → zone 2  robot_d → zone 4  robot_e → zone 6  robot_f → zone 0  robot_g → zone 1

[staged] Phase 1 — forward greedy  (8 iters × 7 robot(s), sigma=0.40×1.00, popsize=32)
[staged]   Ph1 robot a  zone 3  (uncovered: 14% of target)
    [parallel] 10 worker threads, one renderer clone each
    init sampling: best coverage score 570.0px of uncovered area  (16 samples)
[staged]   → robot a: IoU 0.233 → 0.538  ✓
    ↑ new global best IoU 0.538  [phase Ph1 robot a]
[staged]   Ph1 robot b  zone 5  (uncovered: 2% of target)
    [parallel] 10 worker threads, one renderer clone each
    init sampling: best coverage score 92.0px of uncovered area  (16 samples)
[staged]   → robot b: IoU 0.538 → 0.666  ✓
    ↑ new global best IoU 0.666  [phase Ph1 robot b]
[staged]   Ph1 robot c  zone 2  (uncovered: 4% of target)
    [parallel] 10 worker threads, one renderer clone each
    init sampling: best coverage score 151.0px of uncovered area  (16 samples)
[staged]   → robot c: IoU 0.666 → 0.680  ✓
    ↑ new global best IoU 0.680  [phase Ph1 robot c]
[staged]   Ph1 robot d  zone 4  (uncovered: 2% of target)
    [parallel] 10 worker threads, one renderer clone each
    init sampling: best coverage score 27.0px of uncovered area  (16 samples)
[staged]   → robot d: IoU 0.680 → 0.688  ✓
    ↑ new global best IoU 0.688  [phase Ph1 robot d]
[staged]   Ph1 robot e  zone 6  (uncovered: 2% of target)
    [parallel] 10 worker threads, one renderer clone each
    init sampling: best coverage score 13.0px of uncovered area  (16 samples)
[staged]   → robot e: IoU 0.688 → 0.697  ✓
    ↑ new global best IoU 0.697  [phase Ph1 robot e]
[staged]   Ph1 robot f  zone 0  (uncovered: 2% of target)
    [parallel] 10 worker threads, one renderer clone each
    init sampling: best coverage score 58.0px of uncovered area  (16 samples)
[staged]   → robot f: IoU 0.697 → 0.700  ✓
    ↑ new global best IoU 0.700  [phase Ph1 robot f]
[staged]   Ph1 robot g  zone 1  (uncovered: 1% of target)
    [parallel] 10 worker threads, one renderer clone each
    init sampling: best coverage score 57.0px of uncovered area  (16 samples)
[staged]   → robot g: IoU 0.700 → 0.709  ✓
    ↑ new global best IoU 0.709  [phase Ph1 robot g]
[staged] Phase 1 done — composite IoU: 0.709

[staged] Phase 2 — backward pass  (8 iters × 7 robots, sigma=0.300)
[staged]   contributions before Phase 2:
[staged]     robot a: +0.292 IoU
[staged]     robot b: +0.039 IoU  ← low
[staged]     robot c: +0.028 IoU  ← low
[staged]     robot d: +0.025 IoU  ← low
[staged]     robot e: +0.008 IoU  ← low
[staged]     robot f: +0.003 IoU  ← low
[staged]     robot g: +0.009 IoU  ← low
[staged]   Ph2 robot g  zone 1  (uncovered: 8% of target)
    [parallel] 10 worker threads, one renderer clone each
    init sampling: best coverage score 72.0px of uncovered area  (16 samples)
[staged]   → robot g: candidate 0.696 < current 0.709  ✗ rejected
[staged]   Ph2 robot f  zone 0  (uncovered: 8% of target)
    [parallel] 10 worker threads, one renderer clone each
    init sampling: best coverage score 62.0px of uncovered area  (16 samples)
[staged]   → robot f: IoU 0.709 → 0.730  ✓
    ↑ new global best IoU 0.730  [phase Ph2 robot f]
[staged]   Ph2 robot e  zone 6  (uncovered: 7% of target)
    [parallel] 10 worker threads, one renderer clone each
    init sampling: best coverage score 45.0px of uncovered area  (16 samples)
[staged]   → robot e: IoU 0.730 → 0.736  ✓
    ↑ new global best IoU 0.736  [phase Ph2 robot e]
[staged]   Ph2 robot d  zone 4  (uncovered: 11% of target)
    [parallel] 10 worker threads, one renderer clone each
    init sampling: best coverage score 116.0px of uncovered area  (16 samples)
[staged]   → robot d: candidate 0.715 < current 0.736  ✗ rejected
[staged]   Ph2 robot c  zone 2  (uncovered: 7% of target)
    [parallel] 10 worker threads, one renderer clone each
    init sampling: best coverage score 38.0px of uncovered area  (16 samples)
[staged]   → robot c: IoU 0.736 → 0.737  ✓
    ↑ new global best IoU 0.737  [phase Ph2 robot c]
[staged]   Ph2 robot b  zone 5  (uncovered: 13% of target)
    [parallel] 10 worker threads, one renderer clone each
    init sampling: best coverage score 325.0px of uncovered area  (16 samples)
[staged]   → robot b: candidate 0.726 < current 0.737  ✗ rejected
[staged]   Ph2 robot a  zone 3  (uncovered: 30% of target)
    [parallel] 10 worker threads, one renderer clone each
    init sampling: best coverage score 267.0px of uncovered area  (16 samples)
[staged]   → robot a: candidate 0.625 < current 0.737  ✗ rejected
[staged] Phase 2 done — composite IoU: 0.737

[staged] Best snapshot: Phase 2  IoU=0.737
[staged] Manifold final pass — computing Jacobian  (ε=0.020, 84 renders)
[staged] Manifold basis: k=9D / 42D  (variance≥85%, top eigenvalues: ['620873.44', '109119.16', '103956.48', '98152.24', '86637.58'])
    ↑ new global best IoU 0.744  [manifold final pass]
[staged] Manifold done — IoU: 0.744  (Δ=+0.007)  ✓
[staged] FD refinement — 5 Adam steps  (420 renders, lr=0.01, ε=0.02)
    ↑ new global best IoU 0.766  [FD refinement]
[staged] FD done — IoU: 0.766  (Δ=+0.022)  ✓
[staged] Done — final IoU: 0.766  loss: 0.2354
[staged] Popsize: per-robot phases=32  final=32  (theory optimum for 6 DOF = 10)

[staged] Hungarian pre-assignment  (7×7 cost matrix, 8 samples/entry = 392 renders)...
[staged]   robot_a → zone 0  robot_b → zone 2  robot_c → zone 5  robot_d → zone 4  robot_e → zone 3  robot_f → zone 6  robot_g → zone 1

[staged] Phase 1 — forward greedy  (8 iters × 7 robot(s), sigma=0.40×1.00, popsize=32)
[staged]   Ph1 robot a  zone 0  (uncovered: 14% of target)
    [parallel] 10 worker threads, one renderer clone each
    init sampling: best coverage score 540.0px of uncovered area  (16 samples)
[staged]   → robot a: IoU 0.233 → 0.527  ✓
    ↑ new global best IoU 0.527  [phase Ph1 robot a]
[staged]   Ph1 robot b  zone 2  (uncovered: 15% of target)
    [parallel] 10 worker threads, one renderer clone each
    init sampling: best coverage score 419.0px of uncovered area  (16 samples)
[staged]   → robot b: IoU 0.527 → 0.667  ✓
    ↑ new global best IoU 0.667  [phase Ph1 robot b]
[staged]   Ph1 robot c  zone 5  (uncovered: 1% of target)
    [parallel] 10 worker threads, one renderer clone each
    init sampling: best coverage score 28.0px of uncovered area  (16 samples)
[staged]   → robot c: IoU 0.667 → 0.686  ✓
    ↑ new global best IoU 0.686  [phase Ph1 robot c]
[staged]   Ph1 robot d  zone 4  (uncovered: 2% of target)
    [parallel] 10 worker threads, one renderer clone each
    init sampling: best coverage score 76.0px of uncovered area  (16 samples)
[staged]   → robot d: IoU 0.686 → 0.699  ✓
    ↑ new global best IoU 0.699  [phase Ph1 robot d]
[staged]   Ph1 robot e  zone 3  (uncovered: 2% of target)
    [parallel] 10 worker threads, one renderer clone each
    init sampling: best coverage score 64.0px of uncovered area  (16 samples)
[staged]   → robot e: IoU 0.699 → 0.704  ✓
    ↑ new global best IoU 0.704  [phase Ph1 robot e]
[staged]   Ph1 robot f  zone 6  (uncovered: 7% of target)
    [parallel] 10 worker threads, one renderer clone each
    init sampling: best coverage score 64.0px of uncovered area  (16 samples)
[staged]   → robot f: candidate 0.703 < current 0.704  ✗ rejected
[staged]   Ph1 robot g  zone 1  (uncovered: 1% of target)
    [parallel] 10 worker threads, one renderer clone each
    init sampling: best coverage score 28.0px of uncovered area  (16 samples)
[staged]   → robot g: IoU 0.704 → 0.707  ✓
    ↑ new global best IoU 0.707  [phase Ph1 robot g]
[staged] Phase 1 done — composite IoU: 0.707

[staged] Phase 2 — backward pass  (8 iters × 7 robots, sigma=0.300)
[staged]   contributions before Phase 2:
[staged]     robot a: +0.155 IoU
[staged]     robot b: +0.069 IoU
[staged]     robot c: +0.023 IoU  ← low
[staged]     robot d: +0.010 IoU  ← low
[staged]     robot e: +0.004 IoU  ← low
[staged]     robot f: +0.000 IoU  ← low
[staged]     robot g: +0.003 IoU  ← low
[staged]   Ph2 robot g  zone 1  (uncovered: 7% of target)
    [parallel] 10 worker threads, one renderer clone each
    init sampling: best coverage score 19.0px of uncovered area  (16 samples)
[staged]   → robot g: candidate 0.704 < current 0.707  ✗ rejected
[staged]   Ph2 robot f  zone 6  (uncovered: 6% of target)
    [parallel] 10 worker threads, one renderer clone each
    init sampling: best coverage score 13.0px of uncovered area  (16 samples)
[staged]   → robot f: IoU 0.707 → 0.728  ✓
    ↑ new global best IoU 0.728  [phase Ph2 robot f]
[staged]   Ph2 robot e  zone 3  (uncovered: 5% of target)
    [parallel] 10 worker threads, one renderer clone each
    init sampling: best coverage score 25.0px of uncovered area  (16 samples)
[staged]   → robot e: candidate 0.726 < current 0.728  ✗ rejected
[staged]   Ph2 robot d  zone 4  (uncovered: 7% of target)
    [parallel] 10 worker threads, one renderer clone each
    init sampling: best coverage score 120.0px of uncovered area  (16 samples)
[staged]   → robot d: IoU 0.728 → 0.735  ✓
    ↑ new global best IoU 0.735  [phase Ph2 robot d]
[staged]   Ph2 robot c  zone 5  (uncovered: 9% of target)
    [parallel] 10 worker threads, one renderer clone each
    init sampling: best coverage score 89.0px of uncovered area  (16 samples)
[staged]   → robot c: IoU 0.735 → 0.756  ✓
    ↑ new global best IoU 0.756  [phase Ph2 robot c]
[staged]   Ph2 robot b  zone 2  (uncovered: 9% of target)
    [parallel] 10 worker threads, one renderer clone each
    init sampling: best coverage score 128.0px of uncovered area  (16 samples)
[staged]   → robot b: candidate 0.750 < current 0.756  ✗ rejected
[staged]   Ph2 robot a  zone 0  (uncovered: 25% of target)
    [parallel] 10 worker threads, one renderer clone each
    init sampling: best coverage score 381.0px of uncovered area  (16 samples)
[staged]   → robot a: candidate 0.674 < current 0.756  ✗ rejected
[staged] Phase 2 done — composite IoU: 0.756

[staged] Best snapshot: Phase 2  IoU=0.756
[staged] Manifold final pass — computing Jacobian  (ε=0.020, 84 renders)
[staged] Manifold basis: k=11D / 42D  (variance≥85%, top eigenvalues: ['509278.53', '98858.80', '88998.68', '84381.65', '79171.45'])
    ↑ new global best IoU 0.799  [manifold final pass]
[staged] Manifold done — IoU: 0.799  (Δ=+0.043)  ✓
[staged] FD refinement — 5 Adam steps  (420 renders, lr=0.01, ε=0.02)
    ↑ new global best IoU 0.818  [FD refinement]
[staged] FD done — IoU: 0.818  (Δ=+0.019)  ✓
[staged] Done — final IoU: 0.818  loss: 0.1823
[staged] Popsize: per-robot phases=32  final=32  (theory optimum for 6 DOF = 10)

[staged] Hungarian pre-assignment  (7×7 cost matrix, 8 samples/entry = 392 renders)...
[staged]   robot_a → zone 5  robot_b → zone 3  robot_c → zone 1  robot_d → zone 2  robot_e → zone 4  robot_f → zone 0  robot_g → zone 6

[staged] Phase 1 — forward greedy  (8 iters × 7 robot(s), sigma=0.40×1.00, popsize=32)
[staged]   Ph1 robot a  zone 5  (uncovered: 8% of target)
    [parallel] 10 worker threads, one renderer clone each
    init sampling: best coverage score 264.0px of uncovered area  (16 samples)
[staged]   → robot a: IoU 0.233 → 0.409  ✓
    ↑ new global best IoU 0.409  [phase Ph1 robot a]
[staged]   Ph1 robot b  zone 3  (uncovered: 1% of target)
    [parallel] 10 worker threads, one renderer clone each
    init sampling: best coverage score 50.0px of uncovered area  (16 samples)
[staged]   → robot b: IoU 0.409 → 0.531  ✓
    ↑ new global best IoU 0.531  [phase Ph1 robot b]
[staged]   Ph1 robot c  zone 1  (uncovered: 2% of target)
    [parallel] 10 worker threads, one renderer clone each
    init sampling: best coverage score 10.0px of uncovered area  (16 samples)
[staged]   → robot c: IoU 0.531 → 0.541  ✓
    ↑ new global best IoU 0.541  [phase Ph1 robot c]
[staged]   Ph1 robot d  zone 2  (uncovered: 0% of target)
    [parallel] 10 worker threads, one renderer clone each
    init sampling: best loss 21.6889 (16 samples)
[staged]   → robot d: IoU 0.541 → 0.597  ✓
    ↑ new global best IoU 0.597  [phase Ph1 robot d]
[staged]   Ph1 robot e  zone 4  (uncovered: 5% of target)
    [parallel] 10 worker threads, one renderer clone each
    init sampling: best coverage score 63.0px of uncovered area  (16 samples)
[staged]   → robot e: IoU 0.597 → 0.617  ✓
    ↑ new global best IoU 0.617  [phase Ph1 robot e]
[staged]   Ph1 robot f  zone 0  (uncovered: 0% of target)
    [parallel] 10 worker threads, one renderer clone each
    init sampling: best coverage score 20.0px of uncovered area  (16 samples)
[staged]   → robot f: IoU 0.617 → 0.622  ✓
    ↑ new global best IoU 0.622  [phase Ph1 robot f]
[staged]   Ph1 robot g  zone 6  (uncovered: 4% of target)
    [parallel] 10 worker threads, one renderer clone each
    init sampling: best coverage score 29.0px of uncovered area  (16 samples)
[staged]   → robot g: IoU 0.622 → 0.638  ✓
    ↑ new global best IoU 0.638  [phase Ph1 robot g]
[staged] Phase 1 done — composite IoU: 0.638

[staged] Phase 2 — backward pass  (8 iters × 7 robots, sigma=0.300)
[staged]   contributions before Phase 2:
[staged]     robot a: +0.103 IoU
[staged]     robot b: +0.043 IoU  ← low
[staged]     robot c: +0.023 IoU  ← low
[staged]     robot d: +0.042 IoU  ← low
[staged]     robot e: +0.027 IoU  ← low
[staged]     robot f: +0.016 IoU  ← low
[staged]     robot g: +0.016 IoU  ← low
[staged]   Ph2 robot g  zone 6  (uncovered: 4% of target)
    [parallel] 10 worker threads, one renderer clone each
    init sampling: best coverage score 20.0px of uncovered area  (16 samples)
[staged]   → robot g: IoU 0.638 → 0.638  ✓
    ↑ new global best IoU 0.638  [phase Ph2 robot g]
[staged]   Ph2 robot f  zone 0  (uncovered: 5% of target)
    [parallel] 10 worker threads, one renderer clone each
    init sampling: best coverage score 19.0px of uncovered area  (16 samples)
[staged]   → robot f: candidate 0.637 < current 0.638  ✗ rejected
[staged]   Ph2 robot e  zone 4  (uncovered: 7% of target)
    [parallel] 10 worker threads, one renderer clone each
    init sampling: best coverage score 43.0px of uncovered area  (16 samples)
[staged]   → robot e: IoU 0.638 → 0.639  ✓
    ↑ new global best IoU 0.639  [phase Ph2 robot e]
[staged]   Ph2 robot d  zone 2  (uncovered: 9% of target)
    [parallel] 10 worker threads, one renderer clone each
    init sampling: best coverage score 116.0px of uncovered area  (16 samples)
[staged]   → robot d: IoU 0.639 → 0.646  ✓
    ↑ new global best IoU 0.646  [phase Ph2 robot d]
[staged]   Ph2 robot c  zone 1  (uncovered: 4% of target)
    [parallel] 10 worker threads, one renderer clone each
    init sampling: best coverage score 73.0px of uncovered area  (16 samples)
[staged]   → robot c: candidate 0.641 < current 0.646  ✗ rejected
[staged]   Ph2 robot b  zone 3  (uncovered: 10% of target)
    [parallel] 10 worker threads, one renderer clone each
    init sampling: best coverage score 280.0px of uncovered area  (16 samples)
[staged]   → robot b: candidate 0.639 < current 0.646  ✗ rejected
[staged]   Ph2 robot a  zone 5  (uncovered: 27% of target)
    [parallel] 10 worker threads, one renderer clone each
    init sampling: best coverage score 275.0px of uncovered area  (16 samples)
[staged]   → robot a: IoU 0.646 → 0.665  ✓
    ↑ new global best IoU 0.665  [phase Ph2 robot a]
[staged] Phase 2 done — composite IoU: 0.665

[staged] Best snapshot: Phase 2  IoU=0.665
[staged] Manifold final pass — computing Jacobian  (ε=0.020, 84 renders)
[staged] Manifold basis: k=12D / 42D  (variance≥85%, top eigenvalues: ['408182.16', '242785.28', '135545.77', '128572.15', '123638.80'])
    ↑ new global best IoU 0.671  [manifold final pass]
[staged] Manifold done — IoU: 0.671  (Δ=+0.006)  ✓
[staged] FD refinement — 5 Adam steps  (420 renders, lr=0.01, ε=0.02)
    ↑ new global best IoU 0.698  [FD refinement]
[staged] FD done — IoU: 0.698  (Δ=+0.027)  ✓
[staged] Done — final IoU: 0.698  loss: 0.3036
[staged] Popsize: per-robot phases=32  final=32  (theory optimum for 6 DOF = 10)

[staged] Hungarian pre-assignment  (7×7 cost matrix, 8 samples/entry = 392 renders)...
[staged]   robot_a → zone 0  robot_b → zone 3  robot_c → zone 5  robot_d → zone 1  robot_e → zone 4  robot_f → zone 6  robot_g → zone 2

[staged] Phase 1 — forward greedy  (8 iters × 7 robot(s), sigma=0.40×1.00, popsize=32)
[staged]   Ph1 robot a  zone 0  (uncovered: 15% of target)
    [parallel] 10 worker threads, one renderer clone each
    init sampling: best coverage score 655.0px of uncovered area  (16 samples)
[staged]   → robot a: IoU 0.233 → 0.516  ✓
    ↑ new global best IoU 0.516  [phase Ph1 robot a]
[staged]   Ph1 robot b  zone 3  (uncovered: 2% of target)
    [parallel] 10 worker threads, one renderer clone each
    init sampling: best coverage score 29.0px of uncovered area  (16 samples)
[staged]   → robot b: IoU 0.516 → 0.568  ✓
    ↑ new global best IoU 0.568  [phase Ph1 robot b]
[staged]   Ph1 robot c  zone 5  (uncovered: 10% of target)
    [parallel] 10 worker threads, one renderer clone each
    init sampling: best coverage score 260.0px of uncovered area  (16 samples)
[staged]   → robot c: IoU 0.568 → 0.606  ✓
    ↑ new global best IoU 0.606  [phase Ph1 robot c]
[staged]   Ph1 robot d  zone 1  (uncovered: 2% of target)
    [parallel] 10 worker threads, one renderer clone each
    init sampling: best coverage score 71.0px of uncovered area  (16 samples)
[staged]   → robot d: IoU 0.606 → 0.608  ✓
    ↑ new global best IoU 0.608  [phase Ph1 robot d]
[staged]   Ph1 robot e  zone 4  (uncovered: 0% of target)
    [parallel] 10 worker threads, one renderer clone each
    init sampling: best coverage score 4.0px of uncovered area  (16 samples)
[staged]   → robot e: IoU 0.608 → 0.608  ✓
    ↑ new global best IoU 0.608  [phase Ph1 robot e]
[staged]   Ph1 robot f  zone 6  (uncovered: 1% of target)
    [parallel] 10 worker threads, one renderer clone each
    init sampling: best coverage score 0.0px of uncovered area  (16 samples)
[staged]   → robot f: IoU 0.608 → 0.610  ✓
    ↑ new global best IoU 0.610  [phase Ph1 robot f]
[staged]   Ph1 robot g  zone 2  (uncovered: 1% of target)
    [parallel] 10 worker threads, one renderer clone each
    init sampling: best coverage score 26.0px of uncovered area  (16 samples)
[staged]   → robot g: IoU 0.610 → 0.621  ✓
    ↑ new global best IoU 0.621  [phase Ph1 robot g]
[staged] Phase 1 done — composite IoU: 0.621

[staged] Phase 2 — backward pass  (8 iters × 7 robots, sigma=0.300)
[staged]   contributions before Phase 2:
[staged]     robot a: +0.243 IoU
[staged]     robot b: +0.020 IoU  ← low
[staged]     robot c: +0.018 IoU  ← low
[staged]     robot d: +0.002 IoU  ← low
[staged]     robot e: +0.004 IoU  ← low
[staged]     robot f: +0.008 IoU  ← low
[staged]     robot g: +0.012 IoU  ← low
[staged]   Ph2 robot g  zone 2  (uncovered: 6% of target)
    [parallel] 10 worker threads, one renderer clone each
    init sampling: best coverage score 76.0px of uncovered area  (16 samples)
[staged]   → robot g: candidate 0.615 < current 0.621  ✗ rejected
[staged]   Ph2 robot f  zone 6  (uncovered: 5% of target)
    [parallel] 10 worker threads, one renderer clone each
    init sampling: best coverage score 56.0px of uncovered area  (16 samples)
[staged]   → robot f: IoU 0.621 → 0.628  ✓
    ↑ new global best IoU 0.628  [phase Ph2 robot f]
[staged]   Ph2 robot e  zone 4  (uncovered: 3% of target)
    [parallel] 10 worker threads, one renderer clone each
    init sampling: best coverage score 18.0px of uncovered area  (16 samples)
[staged]   → robot e: IoU 0.628 → 0.629  ✓
    ↑ new global best IoU 0.629  [phase Ph2 robot e]
[staged]   Ph2 robot d  zone 1  (uncovered: 3% of target)
    [parallel] 10 worker threads, one renderer clone each
    init sampling: best coverage score 16.0px of uncovered area  (16 samples)
[staged]   → robot d: IoU 0.629 → 0.634  ✓
    ↑ new global best IoU 0.634  [phase Ph2 robot d]
[staged]   Ph2 robot c  zone 5  (uncovered: 11% of target)
    [parallel] 10 worker threads, one renderer clone each
    init sampling: best coverage score 42.0px of uncovered area  (16 samples)
[staged]   → robot c: candidate 0.625 < current 0.634  ✗ rejected
[staged]   Ph2 robot b  zone 3  (uncovered: 11% of target)
    [parallel] 10 worker threads, one renderer clone each
    init sampling: best coverage score 90.0px of uncovered area  (16 samples)
[staged]   → robot b: IoU 0.634 → 0.660  ✓
    ↑ new global best IoU 0.660  [phase Ph2 robot b]
[staged]   Ph2 robot a  zone 0  (uncovered: 36% of target)
    [parallel] 10 worker threads, one renderer clone each
    init sampling: best coverage score 989.0px of uncovered area  (16 samples)
[staged]   → robot a: IoU 0.660 → 0.719  ✓
    ↑ new global best IoU 0.719  [phase Ph2 robot a]
[staged] Phase 2 done — composite IoU: 0.719

[staged] Best snapshot: Phase 2  IoU=0.719
[staged] Manifold final pass — computing Jacobian  (ε=0.020, 84 renders)
[staged] Manifold basis: k=11D / 42D  (variance≥85%, top eigenvalues: ['376836.72', '208615.39', '127144.22', '101319.11', '73919.16'])
[staged] Manifold did not improve (0.715 vs 0.719), keeping best snapshot
[staged] FD refinement — 5 Adam steps  (420 renders, lr=0.01, ε=0.02)
    ↑ new global best IoU 0.739  [FD refinement]
[staged] FD done — IoU: 0.739  (Δ=+0.020)  ✓
[staged] Done — final IoU: 0.739  loss: 0.2616
[shard 0] 4/10 letters_upper/U_dejavusans-bold  best=0.818 mean=0.750±0.040  219s  eta 0.4h
[staged] Popsize: per-robot phases=32  final=32  (theory optimum for 6 DOF = 10)

[staged] Hungarian pre-assignment  (7×7 cost matrix, 8 samples/entry = 392 renders)...
[staged]   robot_a → zone 4  robot_b → zone 1  robot_c → zone 5  robot_d → zone 3  robot_e → zone 2  robot_f → zone 0  robot_g → zone 6

[staged] Phase 1 — forward greedy  (8 iters × 7 robot(s), sigma=0.40×1.00, popsize=32)
[staged]   Ph1 robot a  zone 4  (uncovered: 7% of target)
    [parallel] 10 worker threads, one renderer clone each
    init sampling: best coverage score 232.0px of uncovered area  (16 samples)
[staged]   → robot a: IoU 0.225 → 0.504  ✓
    ↑ new global best IoU 0.504  [phase Ph1 robot a]
[staged]   Ph1 robot b  zone 1  (uncovered: 2% of target)
    [parallel] 10 worker threads, one renderer clone each
    init sampling: best coverage score 59.0px of uncovered area  (16 samples)
[staged]   → robot b: IoU 0.504 → 0.534  ✓
    ↑ new global best IoU 0.534  [phase Ph1 robot b]
[staged]   Ph1 robot c  zone 5  (uncovered: 1% of target)
    [parallel] 10 worker threads, one renderer clone each
    init sampling: best coverage score 17.0px of uncovered area  (16 samples)
[staged]   → robot c: IoU 0.534 → 0.590  ✓
    ↑ new global best IoU 0.590  [phase Ph1 robot c]
[staged]   Ph1 robot d  zone 3  (uncovered: 2% of target)
    [parallel] 10 worker threads, one renderer clone each
    init sampling: best coverage score 21.0px of uncovered area  (16 samples)
[staged]   → robot d: IoU 0.590 → 0.597  ✓
    ↑ new global best IoU 0.597  [phase Ph1 robot d]
[staged]   Ph1 robot e  zone 2  (uncovered: 0% of target)
    [parallel] 10 worker threads, one renderer clone each
    init sampling: best coverage score 15.0px of uncovered area  (16 samples)
[staged]   → robot e: IoU 0.597 → 0.608  ✓
    ↑ new global best IoU 0.608  [phase Ph1 robot e]
[staged]   Ph1 robot f  zone 0  (uncovered: 1% of target)
    [parallel] 10 worker threads, one renderer clone each
    init sampling: best coverage score 51.0px of uncovered area  (16 samples)
[staged]   → robot f: IoU 0.608 → 0.623  ✓
    ↑ new global best IoU 0.623  [phase Ph1 robot f]
[staged]   Ph1 robot g  zone 6  (uncovered: 5% of target)
    [parallel] 10 worker threads, one renderer clone each
    init sampling: best coverage score 13.0px of uncovered area  (16 samples)
[staged]   → robot g: IoU 0.623 → 0.634  ✓
    ↑ new global best IoU 0.634  [phase Ph1 robot g]
[staged] Phase 1 done — composite IoU: 0.634

[staged] Phase 2 — backward pass  (8 iters × 7 robots, sigma=0.300)
[staged]   contributions before Phase 2:
[staged]     robot a: +0.167 IoU
[staged]     robot b: +0.050 IoU  ← low
[staged]     robot c: +0.055 IoU
[staged]     robot d: +0.022 IoU  ← low
[staged]     robot e: +0.014 IoU  ← low
[staged]     robot f: +0.025 IoU  ← low
[staged]     robot g: +0.011 IoU  ← low
[staged]   Ph2 robot g  zone 6  (uncovered: 5% of target)
    [parallel] 10 worker threads, one renderer clone each
    init sampling: best coverage score 50.0px of uncovered area  (16 samples)
[staged]   → robot g: IoU 0.634 → 0.644  ✓
    ↑ new global best IoU 0.644  [phase Ph2 robot g]
[staged]   Ph2 robot f  zone 0  (uncovered: 6% of target)
    [parallel] 10 worker threads, one renderer clone each
    init sampling: best coverage score 61.0px of uncovered area  (16 samples)
[staged]   → robot f: candidate 0.642 < current 0.644  ✗ rejected
[staged]   Ph2 robot e  zone 2  (uncovered: 5% of target)
    [parallel] 10 worker threads, one renderer clone each
    init sampling: best coverage score 45.0px of uncovered area  (16 samples)
[staged]   → robot e: candidate 0.640 < current 0.644  ✗ rejected
[staged]   Ph2 robot d  zone 3  (uncovered: 4% of target)
    [parallel] 10 worker threads, one renderer clone each
    init sampling: best coverage score 30.0px of uncovered area  (16 samples)
[staged]   → robot d: candidate 0.628 < current 0.644  ✗ rejected
[staged]   Ph2 robot c  zone 5  (uncovered: 12% of target)
    [parallel] 10 worker threads, one renderer clone each
    init sampling: best coverage score 36.0px of uncovered area  (16 samples)
[staged]   → robot c: candidate 0.609 < current 0.644  ✗ rejected
[staged]   Ph2 robot b  zone 1  (uncovered: 6% of target)
    [parallel] 10 worker threads, one renderer clone each
    init sampling: best coverage score 45.0px of uncovered area  (16 samples)
[staged]   → robot b: candidate 0.628 < current 0.644  ✗ rejected
[staged]   Ph2 robot a  zone 4  (uncovered: 26% of target)
    [parallel] 10 worker threads, one renderer clone each
    init sampling: best coverage score 147.0px of uncovered area  (16 samples)
[staged]   → robot a: candidate 0.597 < current 0.644  ✗ rejected
[staged] Phase 2 done — composite IoU: 0.644

[staged] Best snapshot: Phase 2  IoU=0.644
[staged] Manifold final pass — computing Jacobian  (ε=0.020, 84 renders)
[staged] Manifold basis: k=11D / 42D  (variance≥85%, top eigenvalues: ['193695.23', '157087.56', '80152.93', '66107.61', '51674.88'])
    ↑ new global best IoU 0.645  [manifold final pass]
[staged] Manifold done — IoU: 0.645  (Δ=+0.001)  ✓
[staged] FD refinement — 5 Adam steps  (420 renders, lr=0.01, ε=0.02)
    ↑ new global best IoU 0.667  [FD refinement]
[staged] FD done — IoU: 0.667  (Δ=+0.022)  ✓
[staged] Done — final IoU: 0.667  loss: 0.3342
[staged] Popsize: per-robot phases=32  final=32  (theory optimum for 6 DOF = 10)

[staged] Hungarian pre-assignment  (7×7 cost matrix, 8 samples/entry = 392 renders)...
[staged]   robot_a → zone 0  robot_b → zone 4  robot_c → zone 3  robot_d → zone 2  robot_e → zone 6  robot_f → zone 1  robot_g → zone 5

[staged] Phase 1 — forward greedy  (8 iters × 7 robot(s), sigma=0.40×1.00, popsize=32)
[staged]   Ph1 robot a  zone 0  (uncovered: 12% of target)
    [parallel] 10 worker threads, one renderer clone each
    init sampling: best coverage score 191.0px of uncovered area  (16 samples)
[staged]   → robot a: IoU 0.225 → 0.421  ✓
    ↑ new global best IoU 0.421  [phase Ph1 robot a]
[staged]   Ph1 robot b  zone 4  (uncovered: 2% of target)
    [parallel] 10 worker threads, one renderer clone each
    init sampling: best coverage score 61.0px of uncovered area  (16 samples)
[staged]   → robot b: IoU 0.421 → 0.483  ✓
    ↑ new global best IoU 0.483  [phase Ph1 robot b]
[staged]   Ph1 robot c  zone 3  (uncovered: 7% of target)
    [parallel] 10 worker threads, one renderer clone each
    init sampling: best coverage score 217.0px of uncovered area  (16 samples)
[staged]   → robot c: IoU 0.483 → 0.514  ✓
    ↑ new global best IoU 0.514  [phase Ph1 robot c]
[staged]   Ph1 robot d  zone 2  (uncovered: 2% of target)
    [parallel] 10 worker threads, one renderer clone each
    init sampling: best coverage score 47.0px of uncovered area  (16 samples)
[staged]   → robot d: IoU 0.514 → 0.549  ✓
    ↑ new global best IoU 0.549  [phase Ph1 robot d]
[staged]   Ph1 robot e  zone 6  (uncovered: 2% of target)
    [parallel] 10 worker threads, one renderer clone each
    init sampling: best coverage score 16.0px of uncovered area  (16 samples)
[staged]   → robot e: candidate 0.541 < current 0.549  ✗ rejected
[staged]   Ph1 robot f  zone 1  (uncovered: 2% of target)
    [parallel] 10 worker threads, one renderer clone each
    init sampling: best coverage score 59.0px of uncovered area  (16 samples)
[staged]   → robot f: IoU 0.549 → 0.568  ✓
    ↑ new global best IoU 0.568  [phase Ph1 robot f]
[staged]   Ph1 robot g  zone 5  (uncovered: 0% of target)
    [parallel] 10 worker threads, one renderer clone each
    init sampling: best coverage score 9.0px of uncovered area  (16 samples)
[staged]   → robot g: IoU 0.568 → 0.585  ✓
    ↑ new global best IoU 0.585  [phase Ph1 robot g]
[staged] Phase 1 done — composite IoU: 0.585

[staged] Phase 2 — backward pass  (8 iters × 7 robots, sigma=0.300)
[staged]   contributions before Phase 2:
[staged]     robot a: +0.102 IoU
[staged]     robot b: +0.073 IoU
[staged]     robot c: +0.025 IoU  ← low
[staged]     robot d: +0.008 IoU  ← low
[staged]     robot e: +0.000 IoU  ← low
[staged]     robot f: +0.021 IoU  ← low
[staged]     robot g: +0.017 IoU  ← low
[staged]   Ph2 robot g  zone 5  (uncovered: 10% of target)
    [parallel] 10 worker threads, one renderer clone each
    init sampling: best coverage score 79.0px of uncovered area  (16 samples)
[staged]   → robot g: IoU 0.585 → 0.586  ✓
    ↑ new global best IoU 0.586  [phase Ph2 robot g]
[staged]   Ph2 robot f  zone 1  (uncovered: 11% of target)
    [parallel] 10 worker threads, one renderer clone each
    init sampling: best coverage score 121.0px of uncovered area  (16 samples)
[staged]   → robot f: IoU 0.586 → 0.586  ✓
    ↑ new global best IoU 0.586  [phase Ph2 robot f]
[staged]   Ph2 robot e  zone 6  (uncovered: 7% of target)
    [parallel] 10 worker threads, one renderer clone each
    init sampling: best coverage score 86.0px of uncovered area  (16 samples)
[staged]   → robot e: IoU 0.586 → 0.604  ✓
    ↑ new global best IoU 0.604  [phase Ph2 robot e]
[staged]   Ph2 robot d  zone 2  (uncovered: 15% of target)
    [parallel] 10 worker threads, one renderer clone each
    init sampling: best coverage score 303.0px of uncovered area  (16 samples)
[staged]   → robot d: candidate 0.585 < current 0.604  ✗ rejected
[staged]   Ph2 robot c  zone 3  (uncovered: 13% of target)
    [parallel] 10 worker threads, one renderer clone each
    init sampling: best coverage score 178.0px of uncovered area  (16 samples)
[staged]   → robot c: IoU 0.604 → 0.613  ✓
    ↑ new global best IoU 0.613  [phase Ph2 robot c]
[staged]   Ph2 robot b  zone 4  (uncovered: 11% of target)
    [parallel] 10 worker threads, one renderer clone each
    init sampling: best coverage score 201.0px of uncovered area  (16 samples)
[staged]   → robot b: candidate 0.606 < current 0.613  ✗ rejected
[staged]   Ph2 robot a  zone 0  (uncovered: 34% of target)
    [parallel] 10 worker threads, one renderer clone each
    init sampling: best coverage score 451.0px of uncovered area  (16 samples)
[staged]   → robot a: IoU 0.613 → 0.614  ✓
    ↑ new global best IoU 0.614  [phase Ph2 robot a]
[staged] Phase 2 done — composite IoU: 0.614

[staged] Best snapshot: Phase 2  IoU=0.614
[staged] Manifold final pass — computing Jacobian  (ε=0.020, 84 renders)
[staged] Manifold basis: k=10D / 42D  (variance≥85%, top eigenvalues: ['598823.31', '172338.88', '133838.75', '92619.30', '86683.20'])
[staged] Manifold did not improve (0.580 vs 0.614), keeping best snapshot
[staged] FD refinement — 5 Adam steps  (420 renders, lr=0.01, ε=0.02)
    ↑ new global best IoU 0.620  [FD refinement]
[staged] FD done — IoU: 0.620  (Δ=+0.006)  ✓
[staged] Done — final IoU: 0.620  loss: 0.3824
[staged] Popsize: per-robot phases=32  final=32  (theory optimum for 6 DOF = 10)

[staged] Hungarian pre-assignment  (7×7 cost matrix, 8 samples/entry = 392 renders)...
[staged]   robot_a → zone 0  robot_b → zone 6  robot_c → zone 3  robot_d → zone 1  robot_e → zone 4  robot_f → zone 2  robot_g → zone 5

[staged] Phase 1 — forward greedy  (8 iters × 7 robot(s), sigma=0.40×1.00, popsize=32)
[staged]   Ph1 robot a  zone 0  (uncovered: 13% of target)
    [parallel] 10 worker threads, one renderer clone each
    init sampling: best coverage score 337.0px of uncovered area  (16 samples)
[staged]   → robot a: IoU 0.225 → 0.400  ✓
    ↑ new global best IoU 0.400  [phase Ph1 robot a]
[staged]   Ph1 robot b  zone 6  (uncovered: 4% of target)
    [parallel] 10 worker threads, one renderer clone each
    init sampling: best coverage score 18.0px of uncovered area  (16 samples)
[staged]   → robot b: IoU 0.400 → 0.483  ✓
    ↑ new global best IoU 0.483  [phase Ph1 robot b]
[staged]   Ph1 robot c  zone 3  (uncovered: 8% of target)
    [parallel] 10 worker threads, one renderer clone each
    init sampling: best coverage score 84.0px of uncovered area  (16 samples)
[staged]   → robot c: IoU 0.483 → 0.541  ✓
    ↑ new global best IoU 0.541  [phase Ph1 robot c]
[staged]   Ph1 robot d  zone 1  (uncovered: 7% of target)
    [parallel] 10 worker threads, one renderer clone each
    init sampling: best coverage score 104.0px of uncovered area  (16 samples)
[staged]   → robot d: IoU 0.541 → 0.586  ✓
    ↑ new global best IoU 0.586  [phase Ph1 robot d]
[staged]   Ph1 robot e  zone 4  (uncovered: 2% of target)
    [parallel] 10 worker threads, one renderer clone each
    init sampling: best coverage score 10.0px of uncovered area  (16 samples)
[staged]   → robot e: IoU 0.586 → 0.597  ✓
    ↑ new global best IoU 0.597  [phase Ph1 robot e]
[staged]   Ph1 robot f  zone 2  (uncovered: 2% of target)
    [parallel] 10 worker threads, one renderer clone each
    init sampling: best coverage score 0.0px of uncovered area  (16 samples)
[staged]   → robot f: candidate 0.597 < current 0.597  ✗ rejected
[staged]   Ph1 robot g  zone 5  (uncovered: 0% of target)
    [parallel] 10 worker threads, one renderer clone each
    init sampling: best coverage score 15.0px of uncovered area  (16 samples)
[staged]   → robot g: IoU 0.597 → 0.604  ✓
    ↑ new global best IoU 0.604  [phase Ph1 robot g]
[staged] Phase 1 done — composite IoU: 0.604

[staged] Phase 2 — backward pass  (8 iters × 7 robots, sigma=0.300)
[staged]   contributions before Phase 2:
[staged]     robot a: +0.153 IoU
[staged]     robot b: +0.049 IoU  ← low
[staged]     robot c: +0.041 IoU  ← low
[staged]     robot d: +0.048 IoU  ← low
[staged]     robot e: +0.005 IoU  ← low
[staged]     robot f: +0.000 IoU  ← low
[staged]     robot g: +0.006 IoU  ← low
[staged]   Ph2 robot g  zone 5  (uncovered: 15% of target)
    [parallel] 10 worker threads, one renderer clone each
    init sampling: best coverage score 97.0px of uncovered area  (16 samples)
[staged]   → robot g: IoU 0.604 → 0.609  ✓
    ↑ new global best IoU 0.609  [phase Ph2 robot g]
[staged]   Ph2 robot f  zone 2  (uncovered: 12% of target)
    [parallel] 10 worker threads, one renderer clone each
    init sampling: best coverage score 76.0px of uncovered area  (16 samples)
[staged]   → robot f: IoU 0.609 → 0.628  ✓
    ↑ new global best IoU 0.628  [phase Ph2 robot f]
[staged]   Ph2 robot e  zone 4  (uncovered: 11% of target)
    [parallel] 10 worker threads, one renderer clone each
    init sampling: best coverage score 122.0px of uncovered area  (16 samples)
[staged]   → robot e: candidate 0.612 < current 0.628  ✗ rejected
[staged]   Ph2 robot d  zone 1  (uncovered: 13% of target)
    [parallel] 10 worker threads, one renderer clone each
    init sampling: best coverage score 152.0px of uncovered area  (16 samples)
[staged]   → robot d: candidate 0.611 < current 0.628  ✗ rejected
[staged]   Ph2 robot c  zone 3  (uncovered: 19% of target)
    [parallel] 10 worker threads, one renderer clone each
    init sampling: best coverage score 185.0px of uncovered area  (16 samples)
[staged]   → robot c: candidate 0.581 < current 0.628  ✗ rejected
[staged]   Ph2 robot b  zone 6  (uncovered: 15% of target)
    [parallel] 10 worker threads, one renderer clone each
    init sampling: best coverage score 279.0px of uncovered area  (16 samples)
[staged]   → robot b: candidate 0.612 < current 0.628  ✗ rejected
[staged]   Ph2 robot a  zone 0  (uncovered: 15% of target)
    [parallel] 10 worker threads, one renderer clone each
    init sampling: best coverage score 156.0px of uncovered area  (16 samples)
[staged]   → robot a: IoU 0.628 → 0.642  ✓
    ↑ new global best IoU 0.642  [phase Ph2 robot a]
[staged] Phase 2 done — composite IoU: 0.642

[staged] Best snapshot: Phase 2  IoU=0.642
[staged] Manifold final pass — computing Jacobian  (ε=0.020, 84 renders)
[staged] Manifold basis: k=12D / 42D  (variance≥85%, top eigenvalues: ['225208.31', '204215.53', '104547.17', '70138.73', '52838.97'])
[staged] Manifold did not improve (0.638 vs 0.642), keeping best snapshot
[staged] FD refinement — 5 Adam steps  (420 renders, lr=0.01, ε=0.02)
    ↑ new global best IoU 0.669  [FD refinement]
[staged] FD done — IoU: 0.669  (Δ=+0.027)  ✓
[staged] Done — final IoU: 0.669  loss: 0.3321
[staged] Popsize: per-robot phases=32  final=32  (theory optimum for 6 DOF = 10)

[staged] Hungarian pre-assignment  (7×7 cost matrix, 8 samples/entry = 392 renders)...
[staged]   robot_a → zone 5  robot_b → zone 2  robot_c → zone 1  robot_d → zone 6  robot_e → zone 4  robot_f → zone 0  robot_g → zone 3

[staged] Phase 1 — forward greedy  (8 iters × 7 robot(s), sigma=0.40×1.00, popsize=32)
[staged]   Ph1 robot a  zone 5  (uncovered: 7% of target)
    [parallel] 10 worker threads, one renderer clone each
    init sampling: best coverage score 177.0px of uncovered area  (16 samples)
[staged]   → robot a: IoU 0.225 → 0.394  ✓
    ↑ new global best IoU 0.394  [phase Ph1 robot a]
[staged]   Ph1 robot b  zone 2  (uncovered: 16% of target)
    [parallel] 10 worker threads, one renderer clone each
    init sampling: best coverage score 397.0px of uncovered area  (16 samples)
[staged]   → robot b: IoU 0.394 → 0.510  ✓
    ↑ new global best IoU 0.510  [phase Ph1 robot b]
[staged]   Ph1 robot c  zone 1  (uncovered: 4% of target)
    [parallel] 10 worker threads, one renderer clone each
    init sampling: best coverage score 115.0px of uncovered area  (16 samples)
[staged]   → robot c: candidate 0.509 < current 0.510  ✗ rejected
[staged]   Ph1 robot d  zone 6  (uncovered: 0% of target)
    [parallel] 10 worker threads, one renderer clone each
    init sampling: best coverage score 4.0px of uncovered area  (16 samples)
[staged]   → robot d: IoU 0.510 → 0.550  ✓
    ↑ new global best IoU 0.550  [phase Ph1 robot d]
[staged]   Ph1 robot e  zone 4  (uncovered: 0% of target)
    [parallel] 10 worker threads, one renderer clone each
    init sampling: best coverage score 3.0px of uncovered area  (16 samples)
[staged]   → robot e: IoU 0.550 → 0.580  ✓
    ↑ new global best IoU 0.580  [phase Ph1 robot e]
[staged]   Ph1 robot f  zone 0  (uncovered: 1% of target)
    [parallel] 10 worker threads, one renderer clone each
    init sampling: best coverage score 0.0px of uncovered area  (16 samples)
[staged]   → robot f: IoU 0.580 → 0.601  ✓
    ↑ new global best IoU 0.601  [phase Ph1 robot f]
[staged]   Ph1 robot g  zone 3  (uncovered: 6% of target)
    [parallel] 10 worker threads, one renderer clone each
    init sampling: best coverage score 16.0px of uncovered area  (16 samples)
[staged]   → robot g: IoU 0.601 → 0.625  ✓
    ↑ new global best IoU 0.625  [phase Ph1 robot g]
[staged] Phase 1 done — composite IoU: 0.625

[staged] Phase 2 — backward pass  (8 iters × 7 robots, sigma=0.300)
[staged]   contributions before Phase 2:
[staged]     robot a: +0.051 IoU
[staged]     robot b: +0.084 IoU
[staged]     robot c: +0.000 IoU  ← low
[staged]     robot d: +0.042 IoU  ← low
[staged]     robot e: +0.044 IoU  ← low
[staged]     robot f: +0.031 IoU  ← low
[staged]     robot g: +0.024 IoU  ← low
[staged]   Ph2 robot g  zone 3  (uncovered: 6% of target)
    [parallel] 10 worker threads, one renderer clone each
    init sampling: best coverage score 21.0px of uncovered area  (16 samples)
[staged]   → robot g: candidate 0.623 < current 0.625  ✗ rejected
[staged]   Ph2 robot f  zone 0  (uncovered: 7% of target)
    [parallel] 10 worker threads, one renderer clone each
    init sampling: best coverage score 89.0px of uncovered area  (16 samples)
[staged]   → robot f: candidate 0.619 < current 0.625  ✗ rejected
[staged]   Ph2 robot e  zone 4  (uncovered: 12% of target)
    [parallel] 10 worker threads, one renderer clone each
    init sampling: best coverage score 188.0px of uncovered area  (16 samples)
[staged]   → robot e: IoU 0.625 → 0.625  ✓
    ↑ new global best IoU 0.625  [phase Ph2 robot e]
[staged]   Ph2 robot d  zone 6  (uncovered: 14% of target)
    [parallel] 10 worker threads, one renderer clone each
    init sampling: best coverage score 178.0px of uncovered area  (16 samples)
[staged]   → robot d: IoU 0.625 → 0.634  ✓
    ↑ new global best IoU 0.634  [phase Ph2 robot d]
[staged]   Ph2 robot c  zone 1  (uncovered: 6% of target)
    [parallel] 10 worker threads, one renderer clone each
    init sampling: best coverage score 46.0px of uncovered area  (16 samples)
[staged]   → robot c: IoU 0.634 → 0.635  ✓
    ↑ new global best IoU 0.635  [phase Ph2 robot c]
[staged]   Ph2 robot b  zone 2  (uncovered: 23% of target)
    [parallel] 10 worker threads, one renderer clone each
    init sampling: best coverage score 154.0px of uncovered area  (16 samples)
[staged]   → robot b: candidate 0.550 < current 0.635  ✗ rejected
[staged]   Ph2 robot a  zone 5  (uncovered: 11% of target)
    [parallel] 10 worker threads, one renderer clone each
    init sampling: best coverage score 156.0px of uncovered area  (16 samples)
[staged]   → robot a: candidate 0.628 < current 0.635  ✗ rejected
[staged] Phase 2 done — composite IoU: 0.635

[staged] Best snapshot: Phase 2  IoU=0.635
[staged] Manifold final pass — computing Jacobian  (ε=0.020, 84 renders)
[staged] Manifold basis: k=11D / 42D  (variance≥85%, top eigenvalues: ['284159.94', '219502.98', '103250.73', '71109.77', '57604.96'])
[staged] Manifold did not improve (0.613 vs 0.635), keeping best snapshot
[staged] FD refinement — 5 Adam steps  (420 renders, lr=0.01, ε=0.02)
    ↑ new global best IoU 0.646  [FD refinement]
[staged] FD done — IoU: 0.646  (Δ=+0.011)  ✓
[staged] Done — final IoU: 0.646  loss: 0.3555
[staged] Popsize: per-robot phases=32  final=32  (theory optimum for 6 DOF = 10)

[staged] Hungarian pre-assignment  (7×7 cost matrix, 8 samples/entry = 392 renders)...
[staged]   robot_a → zone 4  robot_b → zone 6  robot_c → zone 3  robot_d → zone 2  robot_e → zone 1  robot_f → zone 0  robot_g → zone 5

[staged] Phase 1 — forward greedy  (8 iters × 7 robot(s), sigma=0.40×1.00, popsize=32)
[staged]   Ph1 robot a  zone 4  (uncovered: 7% of target)
    [parallel] 10 worker threads, one renderer clone each
    init sampling: best coverage score 104.0px of uncovered area  (16 samples)
[staged]   → robot a: IoU 0.225 → 0.468  ✓
    ↑ new global best IoU 0.468  [phase Ph1 robot a]
[staged]   Ph1 robot b  zone 6  (uncovered: 2% of target)
    [parallel] 10 worker threads, one renderer clone each
    init sampling: best coverage score 59.0px of uncovered area  (16 samples)
[staged]   → robot b: IoU 0.468 → 0.549  ✓
    ↑ new global best IoU 0.549  [phase Ph1 robot b]
[staged]   Ph1 robot c  zone 3  (uncovered: 2% of target)
    [parallel] 10 worker threads, one renderer clone each
    init sampling: best coverage score 63.0px of uncovered area  (16 samples)
[staged]   → robot c: IoU 0.549 → 0.553  ✓
    ↑ new global best IoU 0.553  [phase Ph1 robot c]
[staged]   Ph1 robot d  zone 2  (uncovered: 0% of target)
    [parallel] 10 worker threads, one renderer clone each
    init sampling: best coverage score 0.0px of uncovered area  (16 samples)
[staged]   → robot d: IoU 0.553 → 0.555  ✓
    ↑ new global best IoU 0.555  [phase Ph1 robot d]
[staged]   Ph1 robot e  zone 1  (uncovered: 0% of target)
    [parallel] 10 worker threads, one renderer clone each
    init sampling: best coverage score 11.0px of uncovered area  (16 samples)
[staged]   → robot e: IoU 0.555 → 0.574  ✓
    ↑ new global best IoU 0.574  [phase Ph1 robot e]
[staged]   Ph1 robot f  zone 0  (uncovered: 13% of target)
    [parallel] 10 worker threads, one renderer clone each
    init sampling: best coverage score 68.0px of uncovered area  (16 samples)
[staged]   → robot f: IoU 0.574 → 0.599  ✓
    ↑ new global best IoU 0.599  [phase Ph1 robot f]
[staged]   Ph1 robot g  zone 5  (uncovered: 2% of target)
    [parallel] 10 worker threads, one renderer clone each
    init sampling: best coverage score 4.0px of uncovered area  (16 samples)
[staged]   → robot g: IoU 0.599 → 0.606  ✓
    ↑ new global best IoU 0.606  [phase Ph1 robot g]
[staged] Phase 1 done — composite IoU: 0.606

[staged] Phase 2 — backward pass  (8 iters × 7 robots, sigma=0.300)
[staged]   contributions before Phase 2:
[staged]     robot a: +0.154 IoU
[staged]     robot b: +0.009 IoU  ← low
[staged]     robot c: +0.016 IoU  ← low
[staged]     robot d: +0.002 IoU  ← low
[staged]     robot e: +0.022 IoU  ← low
[staged]     robot f: +0.029 IoU  ← low
[staged]     robot g: +0.007 IoU  ← low
[staged]   Ph2 robot g  zone 5  (uncovered: 8% of target)
    [parallel] 10 worker threads, one renderer clone each
    init sampling: best coverage score 109.0px of uncovered area  (16 samples)
[staged]   → robot g: IoU 0.606 → 0.624  ✓
    ↑ new global best IoU 0.624  [phase Ph2 robot g]
[staged]   Ph2 robot f  zone 0  (uncovered: 12% of target)
    [parallel] 10 worker threads, one renderer clone each
    init sampling: best coverage score 217.0px of uncovered area  (16 samples)
[staged]   → robot f: candidate 0.617 < current 0.624  ✗ rejected
[staged]   Ph2 robot e  zone 1  (uncovered: 9% of target)
    [parallel] 10 worker threads, one renderer clone each
    init sampling: best coverage score 23.0px of uncovered area  (16 samples)
[staged]   → robot e: candidate 0.605 < current 0.624  ✗ rejected
[staged]   Ph2 robot d  zone 2  (uncovered: 7% of target)
    [parallel] 10 worker threads, one renderer clone each
    init sampling: best coverage score 66.0px of uncovered area  (16 samples)
[staged]   → robot d: IoU 0.624 → 0.667  ✓
    ↑ new global best IoU 0.667  [phase Ph2 robot d]
[staged]   Ph2 robot c  zone 3  (uncovered: 6% of target)
    [parallel] 10 worker threads, one renderer clone each
    init sampling: best coverage score 73.0px of uncovered area  (16 samples)
[staged]   → robot c: candidate 0.664 < current 0.667  ✗ rejected
[staged]   Ph2 robot b  zone 6  (uncovered: 6% of target)
    [parallel] 10 worker threads, one renderer clone each
    init sampling: best coverage score 77.0px of uncovered area  (16 samples)
[staged]   → robot b: IoU 0.667 → 0.675  ✓
    ↑ new global best IoU 0.675  [phase Ph2 robot b]
[staged]   Ph2 robot a  zone 4  (uncovered: 30% of target)
    [parallel] 10 worker threads, one renderer clone each
    init sampling: best coverage score 311.0px of uncovered area  (16 samples)
[staged]   → robot a: candidate 0.586 < current 0.675  ✗ rejected
[staged] Phase 2 done — composite IoU: 0.675

[staged] Best snapshot: Phase 2  IoU=0.675
[staged] Manifold final pass — computing Jacobian  (ε=0.020, 84 renders)
[staged] Manifold basis: k=10D / 42D  (variance≥85%, top eigenvalues: ['454010.81', '184119.69', '145571.00', '113556.79', '105370.74'])
[staged] Manifold did not improve (0.674 vs 0.675), keeping best snapshot
[staged] FD refinement — 5 Adam steps  (420 renders, lr=0.01, ε=0.02)
    ↑ new global best IoU 0.696  [FD refinement]
[staged] FD done — IoU: 0.696  (Δ=+0.021)  ✓
[staged] Done — final IoU: 0.696  loss: 0.3050
[shard 0] 5/10 letters_upper/W_dejavusans-bold  best=0.696 mean=0.660±0.025  219s  eta 0.3h
[staged] Popsize: per-robot phases=32  final=32  (theory optimum for 6 DOF = 10)

[staged] Hungarian pre-assignment  (7×7 cost matrix, 8 samples/entry = 392 renders)...
[staged]   robot_a → zone 3  robot_b → zone 1  robot_c → zone 0  robot_d → zone 5  robot_e → zone 4  robot_f → zone 2  robot_g → zone 6

[staged] Phase 1 — forward greedy  (8 iters × 7 robot(s), sigma=0.40×1.00, popsize=32)
[staged]   Ph1 robot a  zone 3  (uncovered: 11% of target)
    [parallel] 10 worker threads, one renderer clone each
    init sampling: best coverage score 407.0px of uncovered area  (16 samples)
[staged]   → robot a: IoU 0.179 → 0.440  ✓
    ↑ new global best IoU 0.440  [phase Ph1 robot a]
[staged]   Ph1 robot b  zone 1  (uncovered: 1% of target)
    [parallel] 10 worker threads, one renderer clone each
    init sampling: best coverage score 40.0px of uncovered area  (16 samples)
[staged]   → robot b: IoU 0.440 → 0.513  ✓
    ↑ new global best IoU 0.513  [phase Ph1 robot b]
[staged]   Ph1 robot c  zone 0  (uncovered: 9% of target)
    [parallel] 10 worker threads, one renderer clone each
    init sampling: best coverage score 55.0px of uncovered area  (16 samples)
[staged]   → robot c: IoU 0.513 → 0.554  ✓
    ↑ new global best IoU 0.554  [phase Ph1 robot c]
[staged]   Ph1 robot d  zone 5  (uncovered: 0% of target)
    [parallel] 10 worker threads, one renderer clone each
    init sampling: best coverage score 18.0px of uncovered area  (16 samples)
[staged]   → robot d: IoU 0.554 → 0.593  ✓
    ↑ new global best IoU 0.593  [phase Ph1 robot d]
[staged]   Ph1 robot e  zone 4  (uncovered: 1% of target)
    [parallel] 10 worker threads, one renderer clone each
    init sampling: best coverage score 0.0px of uncovered area  (16 samples)
[staged]   → robot e: IoU 0.593 → 0.617  ✓
    ↑ new global best IoU 0.617  [phase Ph1 robot e]
[staged]   Ph1 robot f  zone 2  (uncovered: 0% of target)
    [parallel] 10 worker threads, one renderer clone each
    init sampling: best coverage score 5.0px of uncovered area  (16 samples)
[staged]   → robot f: IoU 0.617 → 0.632  ✓
    ↑ new global best IoU 0.632  [phase Ph1 robot f]
[staged]   Ph1 robot g  zone 6  (uncovered: 0% of target)
    [parallel] 10 worker threads, one renderer clone each
    init sampling: best coverage score 2.0px of uncovered area  (16 samples)
[staged]   → robot g: IoU 0.632 → 0.669  ✓
    ↑ new global best IoU 0.669  [phase Ph1 robot g]
[staged] Phase 1 done — composite IoU: 0.669

[staged] Phase 2 — backward pass  (8 iters × 7 robots, sigma=0.300)
[staged]   contributions before Phase 2:
[staged]     robot a: +0.090 IoU
[staged]     robot b: +0.100 IoU
[staged]     robot c: +0.078 IoU
[staged]     robot d: +0.068 IoU
[staged]     robot e: +0.054 IoU
[staged]     robot f: +0.040 IoU  ← low
[staged]     robot g: +0.037 IoU  ← low
[staged]   Ph2 robot g  zone 6  (uncovered: 12% of target)
    [parallel] 10 worker threads, one renderer clone each
    init sampling: best coverage score 20.0px of uncovered area  (16 samples)
[staged]   → robot g: candidate 0.666 < current 0.669  ✗ rejected
[staged]   Ph2 robot f  zone 2  (uncovered: 12% of target)
    [parallel] 10 worker threads, one renderer clone each
    init sampling: best coverage score 133.0px of uncovered area  (16 samples)
[staged]   → robot f: candidate 0.665 < current 0.669  ✗ rejected
[staged]   Ph2 robot e  zone 4  (uncovered: 13% of target)
    [parallel] 10 worker threads, one renderer clone each
    init sampling: best coverage score 28.0px of uncovered area  (16 samples)
[staged]   → robot e: candidate 0.668 < current 0.669  ✗ rejected
[staged]   Ph2 robot d  zone 5  (uncovered: 16% of target)
    [parallel] 10 worker threads, one renderer clone each
    init sampling: best coverage score 99.0px of uncovered area  (16 samples)
[staged]   → robot d: candidate 0.665 < current 0.669  ✗ rejected
[staged]   Ph2 robot c  zone 0  (uncovered: 16% of target)
    [parallel] 10 worker threads, one renderer clone each
    init sampling: best coverage score 215.0px of uncovered area  (16 samples)
[staged]   → robot c: IoU 0.669 → 0.670  ✓
    ↑ new global best IoU 0.670  [phase Ph2 robot c]
[staged]   Ph2 robot b  zone 1  (uncovered: 25% of target)
    [parallel] 10 worker threads, one renderer clone each
    init sampling: best coverage score 559.0px of uncovered area  (16 samples)
[staged]   → robot b: candidate 0.664 < current 0.670  ✗ rejected
[staged]   Ph2 robot a  zone 3  (uncovered: 20% of target)
    [parallel] 10 worker threads, one renderer clone each
    init sampling: best coverage score 224.0px of uncovered area  (16 samples)
[staged]   → robot a: candidate 0.648 < current 0.670  ✗ rejected
[staged] Phase 2 done — composite IoU: 0.670

[staged] Best snapshot: Phase 2  IoU=0.670
[staged] Manifold final pass — computing Jacobian  (ε=0.020, 84 renders)
[staged] Manifold basis: k=11D / 42D  (variance≥85%, top eigenvalues: ['427724.31', '285650.81', '82347.45', '65772.94', '64170.38'])
    ↑ new global best IoU 0.691  [manifold final pass]
[staged] Manifold done — IoU: 0.691  (Δ=+0.021)  ✓
[staged] FD refinement — 5 Adam steps  (420 renders, lr=0.01, ε=0.02)
    ↑ new global best IoU 0.712  [FD refinement]
[staged] FD done — IoU: 0.712  (Δ=+0.021)  ✓
[staged] Done — final IoU: 0.712  loss: 0.2892
[staged] Popsize: per-robot phases=32  final=32  (theory optimum for 6 DOF = 10)

[staged] Hungarian pre-assignment  (7×7 cost matrix, 8 samples/entry = 392 renders)...
[staged]   robot_a → zone 3  robot_b → zone 6  robot_c → zone 2  robot_d → zone 4  robot_e → zone 1  robot_f → zone 0  robot_g → zone 5

[staged] Phase 1 — forward greedy  (8 iters × 7 robot(s), sigma=0.40×1.00, popsize=32)
[staged]   Ph1 robot a  zone 3  (uncovered: 17% of target)
    [parallel] 10 worker threads, one renderer clone each
    init sampling: best coverage score 379.0px of uncovered area  (16 samples)
[staged]   → robot a: IoU 0.179 → 0.454  ✓
    ↑ new global best IoU 0.454  [phase Ph1 robot a]
[staged]   Ph1 robot b  zone 6  (uncovered: 2% of target)
    [parallel] 10 worker threads, one renderer clone each
    init sampling: best coverage score 83.0px of uncovered area  (16 samples)
[staged]   → robot b: IoU 0.454 → 0.483  ✓
    ↑ new global best IoU 0.483  [phase Ph1 robot b]
[staged]   Ph1 robot c  zone 2  (uncovered: 13% of target)
    [parallel] 10 worker threads, one renderer clone each
    init sampling: best coverage score 411.0px of uncovered area  (16 samples)
[staged]   → robot c: IoU 0.483 → 0.544  ✓
    ↑ new global best IoU 0.544  [phase Ph1 robot c]
[staged]   Ph1 robot d  zone 4  (uncovered: 2% of target)
    [parallel] 10 worker threads, one renderer clone each
    init sampling: best coverage score 30.0px of uncovered area  (16 samples)
[staged]   → robot d: IoU 0.544 → 0.560  ✓
    ↑ new global best IoU 0.560  [phase Ph1 robot d]
[staged]   Ph1 robot e  zone 1  (uncovered: 9% of target)
    [parallel] 10 worker threads, one renderer clone each
    init sampling: best coverage score 225.0px of uncovered area  (16 samples)
[staged]   → robot e: IoU 0.560 → 0.577  ✓
    ↑ new global best IoU 0.577  [phase Ph1 robot e]
[staged]   Ph1 robot f  zone 0  (uncovered: 0% of target)
    [parallel] 10 worker threads, one renderer clone each
    init sampling: best coverage score 13.0px of uncovered area  (16 samples)
[staged]   → robot f: IoU 0.577 → 0.597  ✓
    ↑ new global best IoU 0.597  [phase Ph1 robot f]
[staged]   Ph1 robot g  zone 5  (uncovered: 15% of target)
    [parallel] 10 worker threads, one renderer clone each
    init sampling: best coverage score 72.0px of uncovered area  (16 samples)
[staged]   → robot g: IoU 0.597 → 0.631  ✓
    ↑ new global best IoU 0.631  [phase Ph1 robot g]
[staged] Phase 1 done — composite IoU: 0.631

[staged] Phase 2 — backward pass  (8 iters × 7 robots, sigma=0.300)
[staged]   contributions before Phase 2:
[staged]     robot a: +0.062 IoU
[staged]     robot b: +0.055 IoU
[staged]     robot c: +0.074 IoU
[staged]     robot d: +0.033 IoU  ← low
[staged]     robot e: +0.028 IoU  ← low
[staged]     robot f: +0.039 IoU  ← low
[staged]     robot g: +0.034 IoU  ← low
[staged]   Ph2 robot g  zone 5  (uncovered: 15% of target)
    [parallel] 10 worker threads, one renderer clone each
    init sampling: best coverage score 50.0px of uncovered area  (16 samples)
[staged]   → robot g: candidate 0.624 < current 0.631  ✗ rejected
[staged]   Ph2 robot f  zone 0  (uncovered: 16% of target)
    [parallel] 10 worker threads, one renderer clone each
    init sampling: best coverage score 60.0px of uncovered area  (16 samples)
[staged]   → robot f: candidate 0.617 < current 0.631  ✗ rejected
[staged]   Ph2 robot e  zone 1  (uncovered: 14% of target)
    [parallel] 10 worker threads, one renderer clone each
    init sampling: best coverage score 51.0px of uncovered area  (16 samples)
[staged]   → robot e: candidate 0.623 < current 0.631  ✗ rejected
[staged]   Ph2 robot d  zone 4  (uncovered: 14% of target)
    [parallel] 10 worker threads, one renderer clone each
    init sampling: best coverage score 63.0px of uncovered area  (16 samples)
[staged]   → robot d: IoU 0.631 → 0.638  ✓
    ↑ new global best IoU 0.638  [phase Ph2 robot d]
[staged]   Ph2 robot c  zone 2  (uncovered: 26% of target)
    [parallel] 10 worker threads, one renderer clone each
    init sampling: best coverage score 392.0px of uncovered area  (16 samples)
[staged]   → robot c: candidate 0.628 < current 0.638  ✗ rejected
[staged]   Ph2 robot b  zone 6  (uncovered: 15% of target)
    [parallel] 10 worker threads, one renderer clone each
    init sampling: best coverage score 178.0px of uncovered area  (16 samples)
[staged]   → robot b: IoU 0.638 → 0.677  ✓
    ↑ new global best IoU 0.677  [phase Ph2 robot b]
[staged]   Ph2 robot a  zone 3  (uncovered: 15% of target)
    [parallel] 10 worker threads, one renderer clone each
    init sampling: best coverage score 177.0px of uncovered area  (16 samples)
[staged]   → robot a: candidate 0.672 < current 0.677  ✗ rejected
[staged] Phase 2 done — composite IoU: 0.677

[staged] Best snapshot: Phase 2  IoU=0.677
[staged] Manifold final pass — computing Jacobian  (ε=0.020, 84 renders)
[staged] Manifold basis: k=12D / 42D  (variance≥85%, top eigenvalues: ['409373.56', '286672.84', '108008.05', '85174.74', '67779.05'])
    ↑ new global best IoU 0.696  [manifold final pass]
[staged] Manifold done — IoU: 0.696  (Δ=+0.019)  ✓
[staged] FD refinement — 5 Adam steps  (420 renders, lr=0.01, ε=0.02)
    ↑ new global best IoU 0.719  [FD refinement]
[staged] FD done — IoU: 0.719  (Δ=+0.023)  ✓
[staged] Done — final IoU: 0.719  loss: 0.2830
[staged] Popsize: per-robot phases=32  final=32  (theory optimum for 6 DOF = 10)

[staged] Hungarian pre-assignment  (7×7 cost matrix, 8 samples/entry = 392 renders)...
[staged]   robot_a → zone 3  robot_b → zone 0  robot_c → zone 1  robot_d → zone 4  robot_e → zone 2  robot_f → zone 6  robot_g → zone 5

[staged] Phase 1 — forward greedy  (8 iters × 7 robot(s), sigma=0.40×1.00, popsize=32)
[staged]   Ph1 robot a  zone 3  (uncovered: 21% of target)
    [parallel] 10 worker threads, one renderer clone each
    init sampling: best coverage score 599.0px of uncovered area  (16 samples)
[staged]   → robot a: IoU 0.179 → 0.458  ✓
    ↑ new global best IoU 0.458  [phase Ph1 robot a]
[staged]   Ph1 robot b  zone 0  (uncovered: 16% of target)
    [parallel] 10 worker threads, one renderer clone each
    init sampling: best coverage score 491.0px of uncovered area  (16 samples)
[staged]   → robot b: IoU 0.458 → 0.501  ✓
    ↑ new global best IoU 0.501  [phase Ph1 robot b]
[staged]   Ph1 robot c  zone 1  (uncovered: 1% of target)
    [parallel] 10 worker threads, one renderer clone each
    init sampling: best coverage score 27.0px of uncovered area  (16 samples)
[staged]   → robot c: IoU 0.501 → 0.544  ✓
    ↑ new global best IoU 0.544  [phase Ph1 robot c]
[staged]   Ph1 robot d  zone 4  (uncovered: 2% of target)
    [parallel] 10 worker threads, one renderer clone each
    init sampling: best coverage score 52.0px of uncovered area  (16 samples)
[staged]   → robot d: IoU 0.544 → 0.585  ✓
    ↑ new global best IoU 0.585  [phase Ph1 robot d]
[staged]   Ph1 robot e  zone 2  (uncovered: 0% of target)
    [parallel] 10 worker threads, one renderer clone each
    init sampling: best loss 21.6492 (16 samples)
[staged]   → robot e: IoU 0.585 → 0.601  ✓
    ↑ new global best IoU 0.601  [phase Ph1 robot e]
[staged]   Ph1 robot f  zone 6  (uncovered: 3% of target)
    [parallel] 10 worker threads, one renderer clone each
    init sampling: best coverage score 119.0px of uncovered area  (16 samples)
[staged]   → robot f: IoU 0.601 → 0.621  ✓
    ↑ new global best IoU 0.621  [phase Ph1 robot f]
[staged]   Ph1 robot g  zone 5  (uncovered: 3% of target)
    [parallel] 10 worker threads, one renderer clone each
    init sampling: best coverage score 20.0px of uncovered area  (16 samples)
[staged]   → robot g: IoU 0.621 → 0.643  ✓
    ↑ new global best IoU 0.643  [phase Ph1 robot g]
[staged] Phase 1 done — composite IoU: 0.643

[staged] Phase 2 — backward pass  (8 iters × 7 robots, sigma=0.300)
[staged]   contributions before Phase 2:
[staged]     robot a: +0.064 IoU
[staged]     robot b: +0.036 IoU  ← low
[staged]     robot c: +0.051 IoU
[staged]     robot d: +0.012 IoU  ← low
[staged]     robot e: +0.033 IoU  ← low
[staged]     robot f: +0.035 IoU  ← low
[staged]     robot g: +0.022 IoU  ← low
[staged]   Ph2 robot g  zone 5  (uncovered: 3% of target)
    [parallel] 10 worker threads, one renderer clone each
    init sampling: best coverage score 37.0px of uncovered area  (16 samples)
[staged]   → robot g: candidate 0.643 < current 0.643  ✗ rejected
[staged]   Ph2 robot f  zone 6  (uncovered: 6% of target)
    [parallel] 10 worker threads, one renderer clone each
    init sampling: best coverage score 115.0px of uncovered area  (16 samples)
[staged]   → robot f: candidate 0.630 < current 0.643  ✗ rejected
[staged]   Ph2 robot e  zone 2  (uncovered: 4% of target)
    [parallel] 10 worker threads, one renderer clone each
    init sampling: best coverage score 17.0px of uncovered area  (16 samples)
[staged]   → robot e: candidate 0.636 < current 0.643  ✗ rejected
[staged]   Ph2 robot d  zone 4  (uncovered: 5% of target)
    [parallel] 10 worker threads, one renderer clone each
    init sampling: best coverage score 33.0px of uncovered area  (16 samples)
[staged]   → robot d: IoU 0.643 → 0.663  ✓
    ↑ new global best IoU 0.663  [phase Ph2 robot d]
[staged]   Ph2 robot c  zone 1  (uncovered: 11% of target)
    [parallel] 10 worker threads, one renderer clone each
    init sampling: best coverage score 124.0px of uncovered area  (16 samples)
[staged]   → robot c: candidate 0.650 < current 0.663  ✗ rejected
[staged]   Ph2 robot b  zone 0  (uncovered: 18% of target)
    [parallel] 10 worker threads, one renderer clone each
    init sampling: best coverage score 470.0px of uncovered area  (16 samples)
[staged]   → robot b: candidate 0.662 < current 0.663  ✗ rejected
[staged]   Ph2 robot a  zone 3  (uncovered: 12% of target)
    [parallel] 10 worker threads, one renderer clone each
    init sampling: best coverage score 285.0px of uncovered area  (16 samples)
[staged]   → robot a: IoU 0.663 → 0.671  ✓
    ↑ new global best IoU 0.671  [phase Ph2 robot a]
[staged] Phase 2 done — composite IoU: 0.671

[staged] Best snapshot: Phase 2  IoU=0.671
[staged] Manifold final pass — computing Jacobian  (ε=0.020, 84 renders)
[staged] Manifold basis: k=11D / 42D  (variance≥85%, top eigenvalues: ['233705.67', '228961.17', '152912.69', '100959.82', '71894.84'])
    ↑ new global best IoU 0.674  [manifold final pass]
[staged] Manifold done — IoU: 0.674  (Δ=+0.003)  ✓
[staged] FD refinement — 5 Adam steps  (420 renders, lr=0.01, ε=0.02)
    ↑ new global best IoU 0.691  [FD refinement]
[staged] FD done — IoU: 0.691  (Δ=+0.017)  ✓
[staged] Done — final IoU: 0.691  loss: 0.3116
[staged] Popsize: per-robot phases=32  final=32  (theory optimum for 6 DOF = 10)

[staged] Hungarian pre-assignment  (7×7 cost matrix, 8 samples/entry = 392 renders)...
[staged]   robot_a → zone 4  robot_b → zone 0  robot_c → zone 5  robot_d → zone 1  robot_e → zone 3  robot_f → zone 6  robot_g → zone 2

[staged] Phase 1 — forward greedy  (8 iters × 7 robot(s), sigma=0.40×1.00, popsize=32)
[staged]   Ph1 robot a  zone 4  (uncovered: 14% of target)
    [parallel] 10 worker threads, one renderer clone each
    init sampling: best coverage score 582.0px of uncovered area  (16 samples)
[staged]   → robot a: IoU 0.179 → 0.436  ✓
    ↑ new global best IoU 0.436  [phase Ph1 robot a]
[staged]   Ph1 robot b  zone 0  (uncovered: 11% of target)
    [parallel] 10 worker threads, one renderer clone each
    init sampling: best coverage score 202.0px of uncovered area  (16 samples)
[staged]   → robot b: IoU 0.436 → 0.500  ✓
    ↑ new global best IoU 0.500  [phase Ph1 robot b]
[staged]   Ph1 robot c  zone 5  (uncovered: 4% of target)
    [parallel] 10 worker threads, one renderer clone each
    init sampling: best coverage score 0.0px of uncovered area  (16 samples)
[staged]   → robot c: IoU 0.500 → 0.532  ✓
    ↑ new global best IoU 0.532  [phase Ph1 robot c]
[staged]   Ph1 robot d  zone 1  (uncovered: 0% of target)
    [parallel] 10 worker threads, one renderer clone each
    init sampling: best coverage score 0.0px of uncovered area  (16 samples)
[staged]   → robot d: IoU 0.532 → 0.564  ✓
    ↑ new global best IoU 0.564  [phase Ph1 robot d]
[staged]   Ph1 robot e  zone 3  (uncovered: 0% of target)
    [parallel] 10 worker threads, one renderer clone each
    init sampling: best coverage score 2.0px of uncovered area  (16 samples)
[staged]   → robot e: IoU 0.564 → 0.572  ✓
    ↑ new global best IoU 0.572  [phase Ph1 robot e]
[staged]   Ph1 robot f  zone 6  (uncovered: 7% of target)
    [parallel] 10 worker threads, one renderer clone each
    init sampling: best coverage score 63.0px of uncovered area  (16 samples)
[staged]   → robot f: IoU 0.572 → 0.584  ✓
    ↑ new global best IoU 0.584  [phase Ph1 robot f]
[staged]   Ph1 robot g  zone 2  (uncovered: 6% of target)
    [parallel] 10 worker threads, one renderer clone each
    init sampling: best coverage score 2.0px of uncovered area  (16 samples)
[staged]   → robot g: IoU 0.584 → 0.611  ✓
    ↑ new global best IoU 0.611  [phase Ph1 robot g]
[staged] Phase 1 done — composite IoU: 0.611

[staged] Phase 2 — backward pass  (8 iters × 7 robots, sigma=0.300)
[staged]   contributions before Phase 2:
[staged]     robot a: +0.133 IoU
[staged]     robot b: +0.075 IoU
[staged]     robot c: +0.041 IoU  ← low
[staged]     robot d: +0.045 IoU  ← low
[staged]     robot e: +0.015 IoU  ← low
[staged]     robot f: +0.028 IoU  ← low
[staged]     robot g: +0.027 IoU  ← low
[staged]   Ph2 robot g  zone 2  (uncovered: 6% of target)
    [parallel] 10 worker threads, one renderer clone each
    init sampling: best coverage score 43.0px of uncovered area  (16 samples)
[staged]   → robot g: candidate 0.611 < current 0.611  ✗ rejected
[staged]   Ph2 robot f  zone 6  (uncovered: 6% of target)
    [parallel] 10 worker threads, one renderer clone each
    init sampling: best coverage score 47.0px of uncovered area  (16 samples)
[staged]   → robot f: candidate 0.611 < current 0.611  ✗ rejected
[staged]   Ph2 robot e  zone 3  (uncovered: 6% of target)
    [parallel] 10 worker threads, one renderer clone each
    init sampling: best coverage score 14.0px of uncovered area  (16 samples)
[staged]   → robot e: IoU 0.611 → 0.625  ✓
    ↑ new global best IoU 0.625  [phase Ph2 robot e]
[staged]   Ph2 robot d  zone 1  (uncovered: 11% of target)
    [parallel] 10 worker threads, one renderer clone each
    init sampling: best coverage score 156.0px of uncovered area  (16 samples)
[staged]   → robot d: candidate 0.622 < current 0.625  ✗ rejected
[staged]   Ph2 robot c  zone 5  (uncovered: 8% of target)
    [parallel] 10 worker threads, one renderer clone each
    init sampling: best coverage score 96.0px of uncovered area  (16 samples)
[staged]   → robot c: IoU 0.625 → 0.635  ✓
    ↑ new global best IoU 0.635  [phase Ph2 robot c]
[staged]   Ph2 robot b  zone 0  (uncovered: 14% of target)
    [parallel] 10 worker threads, one renderer clone each
    init sampling: best coverage score 139.0px of uncovered area  (16 samples)
[staged]   → robot b: candidate 0.592 < current 0.635  ✗ rejected
[staged]   Ph2 robot a  zone 4  (uncovered: 25% of target)
    [parallel] 10 worker threads, one renderer clone each
    init sampling: best coverage score 775.0px of uncovered area  (16 samples)
[staged]   → robot a: IoU 0.635 → 0.645  ✓
    ↑ new global best IoU 0.645  [phase Ph2 robot a]
[staged] Phase 2 done — composite IoU: 0.645

[staged] Best snapshot: Phase 2  IoU=0.645
[staged] Manifold final pass — computing Jacobian  (ε=0.020, 84 renders)
[staged] Manifold basis: k=11D / 42D  (variance≥85%, top eigenvalues: ['499642.09', '157049.92', '100008.14', '93381.66', '76787.54'])
[staged] Manifold did not improve (0.640 vs 0.645), keeping best snapshot
[staged] FD refinement — 5 Adam steps  (420 renders, lr=0.01, ε=0.02)
    ↑ new global best IoU 0.668  [FD refinement]
[staged] FD done — IoU: 0.668  (Δ=+0.023)  ✓
[staged] Done — final IoU: 0.668  loss: 0.3346
[staged] Popsize: per-robot phases=32  final=32  (theory optimum for 6 DOF = 10)

[staged] Hungarian pre-assignment  (7×7 cost matrix, 8 samples/entry = 392 renders)...
[staged]   robot_a → zone 2  robot_b → zone 5  robot_c → zone 3  robot_d → zone 1  robot_e → zone 6  robot_f → zone 4  robot_g → zone 0

[staged] Phase 1 — forward greedy  (8 iters × 7 robot(s), sigma=0.40×1.00, popsize=32)
[staged]   Ph1 robot a  zone 2  (uncovered: 13% of target)
    [parallel] 10 worker threads, one renderer clone each
    init sampling: best coverage score 514.0px of uncovered area  (16 samples)
[staged]   → robot a: IoU 0.179 → 0.536  ✓
    ↑ new global best IoU 0.536  [phase Ph1 robot a]
[staged]   Ph1 robot b  zone 5  (uncovered: 2% of target)
    [parallel] 10 worker threads, one renderer clone each
    init sampling: best coverage score 6.0px of uncovered area  (16 samples)
[staged]   → robot b: IoU 0.536 → 0.558  ✓
    ↑ new global best IoU 0.558  [phase Ph1 robot b]
[staged]   Ph1 robot c  zone 3  (uncovered: 0% of target)
    [parallel] 10 worker threads, one renderer clone each
    init sampling: best coverage score 4.0px of uncovered area  (16 samples)
[staged]   → robot c: IoU 0.558 → 0.569  ✓
    ↑ new global best IoU 0.569  [phase Ph1 robot c]
[staged]   Ph1 robot d  zone 1  (uncovered: 1% of target)
    [parallel] 10 worker threads, one renderer clone each
    init sampling: best coverage score 47.0px of uncovered area  (16 samples)
[staged]   → robot d: IoU 0.569 → 0.578  ✓
    ↑ new global best IoU 0.578  [phase Ph1 robot d]
[staged]   Ph1 robot e  zone 6  (uncovered: 9% of target)
    [parallel] 10 worker threads, one renderer clone each
    init sampling: best coverage score 34.0px of uncovered area  (16 samples)
[staged]   → robot e: IoU 0.578 → 0.586  ✓
    ↑ new global best IoU 0.586  [phase Ph1 robot e]
[staged]   Ph1 robot f  zone 4  (uncovered: 4% of target)
    [parallel] 10 worker threads, one renderer clone each
    init sampling: best coverage score 34.0px of uncovered area  (16 samples)
[staged]   → robot f: IoU 0.586 → 0.593  ✓
    ↑ new global best IoU 0.593  [phase Ph1 robot f]
[staged]   Ph1 robot g  zone 0  (uncovered: 0% of target)
    [parallel] 10 worker threads, one renderer clone each
    init sampling: best loss 21.6143 (16 samples)
[staged]   → robot g: IoU 0.593 → 0.624  ✓
    ↑ new global best IoU 0.624  [phase Ph1 robot g]
[staged] Phase 1 done — composite IoU: 0.624

[staged] Phase 2 — backward pass  (8 iters × 7 robots, sigma=0.300)
[staged]   contributions before Phase 2:
[staged]     robot a: +0.129 IoU
[staged]     robot b: +0.047 IoU  ← low
[staged]     robot c: +0.002 IoU  ← low
[staged]     robot d: +0.028 IoU  ← low
[staged]     robot e: +0.032 IoU  ← low
[staged]     robot f: +0.030 IoU  ← low
[staged]     robot g: +0.031 IoU  ← low
[staged]   Ph2 robot g  zone 0  (uncovered: 8% of target)
    [parallel] 10 worker threads, one renderer clone each
    init sampling: best coverage score 25.0px of uncovered area  (16 samples)
[staged]   → robot g: IoU 0.624 → 0.625  ✓
    ↑ new global best IoU 0.625  [phase Ph2 robot g]
[staged]   Ph2 robot f  zone 4  (uncovered: 8% of target)
    [parallel] 10 worker threads, one renderer clone each
    init sampling: best coverage score 16.0px of uncovered area  (16 samples)
[staged]   → robot f: candidate 0.624 < current 0.625  ✗ rejected
[staged]   Ph2 robot e  zone 6  (uncovered: 8% of target)
    [parallel] 10 worker threads, one renderer clone each
    init sampling: best coverage score 112.0px of uncovered area  (16 samples)
[staged]   → robot e: IoU 0.625 → 0.633  ✓
    ↑ new global best IoU 0.633  [phase Ph2 robot e]
[staged]   Ph2 robot d  zone 1  (uncovered: 7% of target)
    [parallel] 10 worker threads, one renderer clone each
    init sampling: best coverage score 20.0px of uncovered area  (16 samples)
[staged]   → robot d: IoU 0.633 → 0.633  ✓
    ↑ new global best IoU 0.633  [phase Ph2 robot d]
[staged]   Ph2 robot c  zone 3  (uncovered: 11% of target)
    [parallel] 10 worker threads, one renderer clone each
    init sampling: best coverage score 155.0px of uncovered area  (16 samples)
[staged]   → robot c: IoU 0.633 → 0.654  ✓
    ↑ new global best IoU 0.654  [phase Ph2 robot c]
[staged]   Ph2 robot b  zone 5  (uncovered: 10% of target)
    [parallel] 10 worker threads, one renderer clone each
    init sampling: best coverage score 96.0px of uncovered area  (16 samples)
[staged]   → robot b: IoU 0.654 → 0.682  ✓
    ↑ new global best IoU 0.682  [phase Ph2 robot b]
[staged]   Ph2 robot a  zone 2  (uncovered: 35% of target)
    [parallel] 10 worker threads, one renderer clone each
    init sampling: best coverage score 588.0px of uncovered area  (16 samples)
[staged]   → robot a: IoU 0.682 → 0.683  ✓
    ↑ new global best IoU 0.683  [phase Ph2 robot a]
[staged] Phase 2 done — composite IoU: 0.683

[staged] Best snapshot: Phase 2  IoU=0.683
[staged] Manifold final pass — computing Jacobian  (ε=0.020, 84 renders)
[staged] Manifold basis: k=10D / 42D  (variance≥85%, top eigenvalues: ['456152.94', '152582.64', '84542.21', '75160.66', '68412.01'])
[staged] Manifold did not improve (0.670 vs 0.683), keeping best snapshot
[staged] FD refinement — 5 Adam steps  (420 renders, lr=0.01, ε=0.02)
    ↑ new global best IoU 0.702  [FD refinement]
[staged] FD done — IoU: 0.702  (Δ=+0.019)  ✓
[staged] Done — final IoU: 0.702  loss: 0.2996
[shard 0] 6/10 digits/2_dejavusans-bold  best=0.719 mean=0.698±0.018  219s  eta 0.2h
[staged] Popsize: per-robot phases=32  final=32  (theory optimum for 6 DOF = 10)

[staged] Hungarian pre-assignment  (7×7 cost matrix, 8 samples/entry = 392 renders)...
[staged]   robot_a → zone 4  robot_b → zone 5  robot_c → zone 6  robot_d → zone 0  robot_e → zone 1  robot_f → zone 2  robot_g → zone 3

[staged] Phase 1 — forward greedy  (8 iters × 7 robot(s), sigma=0.40×1.00, popsize=32)
[staged]   Ph1 robot a  zone 4  (uncovered: 11% of target)
    [parallel] 10 worker threads, one renderer clone each
    init sampling: best coverage score 447.0px of uncovered area  (16 samples)
[staged]   → robot a: IoU 0.136 → 0.434  ✓
    ↑ new global best IoU 0.434  [phase Ph1 robot a]
[staged]   Ph1 robot b  zone 5  (uncovered: 3% of target)
    [parallel] 10 worker threads, one renderer clone each
    init sampling: best coverage score 100.0px of uncovered area  (16 samples)
[staged]   → robot b: IoU 0.434 → 0.510  ✓
    ↑ new global best IoU 0.510  [phase Ph1 robot b]
[staged]   Ph1 robot c  zone 6  (uncovered: 1% of target)
    [parallel] 10 worker threads, one renderer clone each
    init sampling: best coverage score 0.0px of uncovered area  (16 samples)
[staged]   → robot c: IoU 0.510 → 0.535  ✓
    ↑ new global best IoU 0.535  [phase Ph1 robot c]
[staged]   Ph1 robot d  zone 0  (uncovered: 1% of target)
    [parallel] 10 worker threads, one renderer clone each
    init sampling: best coverage score 12.0px of uncovered area  (16 samples)
[staged]   → robot d: IoU 0.535 → 0.565  ✓
    ↑ new global best IoU 0.565  [phase Ph1 robot d]
[staged]   Ph1 robot e  zone 1  (uncovered: 1% of target)
    [parallel] 10 worker threads, one renderer clone each
    init sampling: best coverage score 7.0px of uncovered area  (16 samples)
[staged]   → robot e: IoU 0.565 → 0.582  ✓
    ↑ new global best IoU 0.582  [phase Ph1 robot e]
[staged]   Ph1 robot f  zone 2  (uncovered: 0% of target)
    [parallel] 10 worker threads, one renderer clone each
    init sampling: best loss 21.6471 (16 samples)
[staged]   → robot f: IoU 0.582 → 0.599  ✓
    ↑ new global best IoU 0.599  [phase Ph1 robot f]
[staged]   Ph1 robot g  zone 3  (uncovered: 0% of target)
    [parallel] 10 worker threads, one renderer clone each
    init sampling: best coverage score 5.0px of uncovered area  (16 samples)
[staged]   → robot g: IoU 0.599 → 0.633  ✓
    ↑ new global best IoU 0.633  [phase Ph1 robot g]
[staged] Phase 1 done — composite IoU: 0.633

[staged] Phase 2 — backward pass  (8 iters × 7 robots, sigma=0.300)
[staged]   contributions before Phase 2:
[staged]     robot a: +0.091 IoU
[staged]     robot b: +0.076 IoU
[staged]     robot c: +0.046 IoU  ← low
[staged]     robot d: +0.057 IoU
[staged]     robot e: +0.039 IoU  ← low
[staged]     robot f: +0.036 IoU  ← low
[staged]     robot g: +0.034 IoU  ← low
[staged]   Ph2 robot g  zone 3  (uncovered: 12% of target)
    [parallel] 10 worker threads, one renderer clone each
    init sampling: best coverage score 180.0px of uncovered area  (16 samples)
[staged]   → robot g: candidate 0.627 < current 0.633  ✗ rejected
[staged]   Ph2 robot f  zone 2  (uncovered: 9% of target)
    [parallel] 10 worker threads, one renderer clone each
    init sampling: best coverage score 67.0px of uncovered area  (16 samples)
[staged]   → robot f: candidate 0.632 < current 0.633  ✗ rejected
[staged]   Ph2 robot e  zone 1  (uncovered: 9% of target)
    [parallel] 10 worker threads, one renderer clone each
    init sampling: best coverage score 53.0px of uncovered area  (16 samples)
[staged]   → robot e: candidate 0.630 < current 0.633  ✗ rejected
[staged]   Ph2 robot d  zone 0  (uncovered: 13% of target)
    [parallel] 10 worker threads, one renderer clone each
    init sampling: best coverage score 206.0px of uncovered area  (16 samples)
[staged]   → robot d: IoU 0.633 → 0.642  ✓
    ↑ new global best IoU 0.642  [phase Ph2 robot d]
[staged]   Ph2 robot c  zone 6  (uncovered: 10% of target)
    [parallel] 10 worker threads, one renderer clone each
    init sampling: best coverage score 111.0px of uncovered area  (16 samples)
[staged]   → robot c: candidate 0.632 < current 0.642  ✗ rejected
[staged]   Ph2 robot b  zone 5  (uncovered: 13% of target)
    [parallel] 10 worker threads, one renderer clone each
    init sampling: best coverage score 287.0px of uncovered area  (16 samples)
[staged]   → robot b: candidate 0.638 < current 0.642  ✗ rejected
[staged]   Ph2 robot a  zone 4  (uncovered: 16% of target)
    [parallel] 10 worker threads, one renderer clone each
    init sampling: best coverage score 292.0px of uncovered area  (16 samples)
[staged]   → robot a: candidate 0.596 < current 0.642  ✗ rejected
[staged] Phase 2 done — composite IoU: 0.642

[staged] Best snapshot: Phase 2  IoU=0.642
[staged] Manifold final pass — computing Jacobian  (ε=0.020, 84 renders)
[staged] Manifold basis: k=13D / 42D  (variance≥85%, top eigenvalues: ['278343.50', '210042.94', '167981.58', '141878.69', '105403.62'])
    ↑ new global best IoU 0.656  [manifold final pass]
[staged] Manifold done — IoU: 0.656  (Δ=+0.014)  ✓
[staged] FD refinement — 5 Adam steps  (420 renders, lr=0.01, ε=0.02)
    ↑ new global best IoU 0.665  [FD refinement]
[staged] FD done — IoU: 0.665  (Δ=+0.008)  ✓
[staged] Done — final IoU: 0.665  loss: 0.3370
[staged] Popsize: per-robot phases=32  final=32  (theory optimum for 6 DOF = 10)

[staged] Hungarian pre-assignment  (7×7 cost matrix, 8 samples/entry = 392 renders)...
[staged]   robot_a → zone 2  robot_b → zone 5  robot_c → zone 3  robot_d → zone 1  robot_e → zone 6  robot_f → zone 0  robot_g → zone 4

[staged] Phase 1 — forward greedy  (8 iters × 7 robot(s), sigma=0.40×1.00, popsize=32)
[staged]   Ph1 robot a  zone 2  (uncovered: 15% of target)
    [parallel] 10 worker threads, one renderer clone each
    init sampling: best coverage score 207.0px of uncovered area  (16 samples)
[staged]   → robot a: IoU 0.136 → 0.462  ✓
    ↑ new global best IoU 0.462  [phase Ph1 robot a]
[staged]   Ph1 robot b  zone 5  (uncovered: 2% of target)
    [parallel] 10 worker threads, one renderer clone each
    init sampling: best coverage score 41.0px of uncovered area  (16 samples)
[staged]   → robot b: IoU 0.462 → 0.509  ✓
    ↑ new global best IoU 0.509  [phase Ph1 robot b]
[staged]   Ph1 robot c  zone 3  (uncovered: 7% of target)
    [parallel] 10 worker threads, one renderer clone each
    init sampling: best coverage score 252.0px of uncovered area  (16 samples)
[staged]   → robot c: IoU 0.509 → 0.518  ✓
    ↑ new global best IoU 0.518  [phase Ph1 robot c]
[staged]   Ph1 robot d  zone 1  (uncovered: 4% of target)
    [parallel] 10 worker threads, one renderer clone each
    init sampling: best coverage score 165.0px of uncovered area  (16 samples)
[staged]   → robot d: IoU 0.518 → 0.531  ✓
    ↑ new global best IoU 0.531  [phase Ph1 robot d]
[staged]   Ph1 robot e  zone 6  (uncovered: 4% of target)
    [parallel] 10 worker threads, one renderer clone each
    init sampling: best coverage score 1.0px of uncovered area  (16 samples)
[staged]   → robot e: IoU 0.531 → 0.568  ✓
    ↑ new global best IoU 0.568  [phase Ph1 robot e]
[staged]   Ph1 robot f  zone 0  (uncovered: 0% of target)
    [parallel] 10 worker threads, one renderer clone each
    init sampling: best coverage score 19.0px of uncovered area  (16 samples)
[staged]   → robot f: IoU 0.568 → 0.583  ✓
    ↑ new global best IoU 0.583  [phase Ph1 robot f]
[staged]   Ph1 robot g  zone 4  (uncovered: 1% of target)
    [parallel] 10 worker threads, one renderer clone each
    init sampling: best coverage score 0.0px of uncovered area  (16 samples)
[staged]   → robot g: IoU 0.583 → 0.601  ✓
    ↑ new global best IoU 0.601  [phase Ph1 robot g]
[staged] Phase 1 done — composite IoU: 0.601

[staged] Phase 2 — backward pass  (8 iters × 7 robots, sigma=0.300)
[staged]   contributions before Phase 2:
[staged]     robot a: +0.179 IoU
[staged]     robot b: +0.042 IoU  ← low
[staged]     robot c: +0.015 IoU  ← low
[staged]     robot d: +0.032 IoU  ← low
[staged]     robot e: +0.053 IoU
[staged]     robot f: +0.030 IoU  ← low
[staged]     robot g: +0.018 IoU  ← low
[staged]   Ph2 robot g  zone 4  (uncovered: 5% of target)
    [parallel] 10 worker threads, one renderer clone each
    init sampling: best coverage score 21.0px of uncovered area  (16 samples)
[staged]   → robot g: IoU 0.601 → 0.601  ✓
    ↑ new global best IoU 0.601  [phase Ph2 robot g]
[staged]   Ph2 robot f  zone 0  (uncovered: 8% of target)
    [parallel] 10 worker threads, one renderer clone each
    init sampling: best coverage score 159.0px of uncovered area  (16 samples)
[staged]   → robot f: candidate 0.598 < current 0.601  ✗ rejected
[staged]   Ph2 robot e  zone 6  (uncovered: 10% of target)
    [parallel] 10 worker threads, one renderer clone each
    init sampling: best coverage score 36.0px of uncovered area  (16 samples)
[staged]   → robot e: candidate 0.576 < current 0.601  ✗ rejected
[staged]   Ph2 robot d  zone 1  (uncovered: 6% of target)
    [parallel] 10 worker threads, one renderer clone each
    init sampling: best coverage score 96.0px of uncovered area  (16 samples)
[staged]   → robot d: IoU 0.601 → 0.603  ✓
    ↑ new global best IoU 0.603  [phase Ph2 robot d]
[staged]   Ph2 robot c  zone 3  (uncovered: 13% of target)
    [parallel] 10 worker threads, one renderer clone each
    init sampling: best coverage score 206.0px of uncovered area  (16 samples)
[staged]   → robot c: IoU 0.603 → 0.616  ✓
    ↑ new global best IoU 0.616  [phase Ph2 robot c]
[staged]   Ph2 robot b  zone 5  (uncovered: 13% of target)
    [parallel] 10 worker threads, one renderer clone each
    init sampling: best coverage score 216.0px of uncovered area  (16 samples)
[staged]   → robot b: candidate 0.614 < current 0.616  ✗ rejected
[staged]   Ph2 robot a  zone 2  (uncovered: 41% of target)
    [parallel] 10 worker threads, one renderer clone each
    init sampling: best coverage score 364.0px of uncovered area  (16 samples)
[staged]   → robot a: candidate 0.576 < current 0.616  ✗ rejected
[staged] Phase 2 done — composite IoU: 0.616

[staged] Best snapshot: Phase 2  IoU=0.616
[staged] Manifold final pass — computing Jacobian  (ε=0.020, 84 renders)
[staged] Manifold basis: k=10D / 42D  (variance≥85%, top eigenvalues: ['442085.94', '255794.02', '123266.96', '104365.46', '70252.77'])
[staged] Manifold did not improve (0.615 vs 0.616), keeping best snapshot
[staged] FD refinement — 5 Adam steps  (420 renders, lr=0.01, ε=0.02)
    ↑ new global best IoU 0.631  [FD refinement]
[staged] FD done — IoU: 0.631  (Δ=+0.015)  ✓
[staged] Done — final IoU: 0.631  loss: 0.3716
[staged] Popsize: per-robot phases=32  final=32  (theory optimum for 6 DOF = 10)

[staged] Hungarian pre-assignment  (7×7 cost matrix, 8 samples/entry = 392 renders)...
[staged]   robot_a → zone 2  robot_b → zone 0  robot_c → zone 6  robot_d → zone 1  robot_e → zone 3  robot_f → zone 4  robot_g → zone 5

[staged] Phase 1 — forward greedy  (8 iters × 7 robot(s), sigma=0.40×1.00, popsize=32)
[staged]   Ph1 robot a  zone 2  (uncovered: 9% of target)
    [parallel] 10 worker threads, one renderer clone each
    init sampling: best coverage score 243.0px of uncovered area  (16 samples)
[staged]   → robot a: IoU 0.136 → 0.375  ✓
    ↑ new global best IoU 0.375  [phase Ph1 robot a]
[staged]   Ph1 robot b  zone 0  (uncovered: 8% of target)
    [parallel] 10 worker threads, one renderer clone each
    init sampling: best coverage score 237.0px of uncovered area  (16 samples)
[staged]   → robot b: IoU 0.375 → 0.495  ✓
    ↑ new global best IoU 0.495  [phase Ph1 robot b]
[staged]   Ph1 robot c  zone 6  (uncovered: 4% of target)
    [parallel] 10 worker threads, one renderer clone each
    init sampling: best coverage score 181.0px of uncovered area  (16 samples)
[staged]   → robot c: IoU 0.495 → 0.524  ✓
    ↑ new global best IoU 0.524  [phase Ph1 robot c]
[staged]   Ph1 robot d  zone 1  (uncovered: 1% of target)
    [parallel] 10 worker threads, one renderer clone each
    init sampling: best coverage score 26.0px of uncovered area  (16 samples)
[staged]   → robot d: IoU 0.524 → 0.541  ✓
    ↑ new global best IoU 0.541  [phase Ph1 robot d]
[staged]   Ph1 robot e  zone 3  (uncovered: 1% of target)
    [parallel] 10 worker threads, one renderer clone each
    init sampling: best coverage score 22.0px of uncovered area  (16 samples)
[staged]   → robot e: IoU 0.541 → 0.557  ✓
    ↑ new global best IoU 0.557  [phase Ph1 robot e]
[staged]   Ph1 robot f  zone 4  (uncovered: 3% of target)
    [parallel] 10 worker threads, one renderer clone each
    init sampling: best coverage score 10.0px of uncovered area  (16 samples)
[staged]   → robot f: IoU 0.557 → 0.566  ✓
    ↑ new global best IoU 0.566  [phase Ph1 robot f]
[staged]   Ph1 robot g  zone 5  (uncovered: 0% of target)
    [parallel] 10 worker threads, one renderer clone each
    init sampling: best coverage score 6.0px of uncovered area  (16 samples)
[staged]   → robot g: IoU 0.566 → 0.592  ✓
    ↑ new global best IoU 0.592  [phase Ph1 robot g]
[staged] Phase 1 done — composite IoU: 0.592

[staged] Phase 2 — backward pass  (8 iters × 7 robots, sigma=0.300)
[staged]   contributions before Phase 2:
[staged]     robot a: +0.090 IoU
[staged]     robot b: +0.098 IoU
[staged]     robot c: +0.053 IoU
[staged]     robot d: +0.039 IoU  ← low
[staged]     robot e: +0.040 IoU  ← low
[staged]     robot f: +0.026 IoU  ← low
[staged]     robot g: +0.026 IoU  ← low
[staged]   Ph2 robot g  zone 5  (uncovered: 11% of target)
    [parallel] 10 worker threads, one renderer clone each
    init sampling: best coverage score 63.0px of uncovered area  (16 samples)
[staged]   → robot g: candidate 0.590 < current 0.592  ✗ rejected
[staged]   Ph2 robot f  zone 4  (uncovered: 11% of target)
    [parallel] 10 worker threads, one renderer clone each
    init sampling: best coverage score 26.0px of uncovered area  (16 samples)
[staged]   → robot f: candidate 0.590 < current 0.592  ✗ rejected
[staged]   Ph2 robot e  zone 3  (uncovered: 13% of target)
    [parallel] 10 worker threads, one renderer clone each
    init sampling: best coverage score 25.0px of uncovered area  (16 samples)
[staged]   → robot e: IoU 0.592 → 0.596  ✓
    ↑ new global best IoU 0.596  [phase Ph2 robot e]
[staged]   Ph2 robot d  zone 1  (uncovered: 11% of target)
    [parallel] 10 worker threads, one renderer clone each
    init sampling: best coverage score 116.0px of uncovered area  (16 samples)
[staged]   → robot d: IoU 0.596 → 0.608  ✓
    ↑ new global best IoU 0.608  [phase Ph2 robot d]
[staged]   Ph2 robot c  zone 6  (uncovered: 12% of target)
    [parallel] 10 worker threads, one renderer clone each
    init sampling: best coverage score 180.0px of uncovered area  (16 samples)
[staged]   → robot c: IoU 0.608 → 0.609  ✓
    ↑ new global best IoU 0.609  [phase Ph2 robot c]
[staged]   Ph2 robot b  zone 0  (uncovered: 21% of target)
    [parallel] 10 worker threads, one renderer clone each
    init sampling: best coverage score 162.0px of uncovered area  (16 samples)
[staged]   → robot b: IoU 0.609 → 0.625  ✓
    ↑ new global best IoU 0.625  [phase Ph2 robot b]
[staged]   Ph2 robot a  zone 2  (uncovered: 18% of target)
    [parallel] 10 worker threads, one renderer clone each
    init sampling: best coverage score 441.0px of uncovered area  (16 samples)
[staged]   → robot a: IoU 0.625 → 0.647  ✓
    ↑ new global best IoU 0.647  [phase Ph2 robot a]
[staged] Phase 2 done — composite IoU: 0.647

[staged] Best snapshot: Phase 2  IoU=0.647
[staged] Manifold final pass — computing Jacobian  (ε=0.020, 84 renders)
[staged] Manifold basis: k=13D / 42D  (variance≥85%, top eigenvalues: ['299734.72', '197683.88', '159037.39', '94459.70', '63424.40'])
[staged] Manifold did not improve (0.636 vs 0.647), keeping best snapshot
[staged] FD refinement — 5 Adam steps  (420 renders, lr=0.01, ε=0.02)
    ↑ new global best IoU 0.666  [FD refinement]
[staged] FD done — IoU: 0.666  (Δ=+0.020)  ✓
[staged] Done — final IoU: 0.666  loss: 0.3356
[staged] Popsize: per-robot phases=32  final=32  (theory optimum for 6 DOF = 10)

[staged] Hungarian pre-assignment  (7×7 cost matrix, 8 samples/entry = 392 renders)...
[staged]   robot_a → zone 1  robot_b → zone 6  robot_c → zone 4  robot_d → zone 0  robot_e → zone 5  robot_f → zone 2  robot_g → zone 3

[staged] Phase 1 — forward greedy  (8 iters × 7 robot(s), sigma=0.40×1.00, popsize=32)
[staged]   Ph1 robot a  zone 1  (uncovered: 15% of target)
    [parallel] 10 worker threads, one renderer clone each
    init sampling: best coverage score 496.0px of uncovered area  (16 samples)
[staged]   → robot a: IoU 0.136 → 0.397  ✓
    ↑ new global best IoU 0.397  [phase Ph1 robot a]
[staged]   Ph1 robot b  zone 6  (uncovered: 2% of target)
    [parallel] 10 worker threads, one renderer clone each
    init sampling: best coverage score 22.0px of uncovered area  (16 samples)
[staged]   → robot b: IoU 0.397 → 0.521  ✓
    ↑ new global best IoU 0.521  [phase Ph1 robot b]
[staged]   Ph1 robot c  zone 4  (uncovered: 2% of target)
    [parallel] 10 worker threads, one renderer clone each
    init sampling: best coverage score 69.0px of uncovered area  (16 samples)
[staged]   → robot c: IoU 0.521 → 0.541  ✓
    ↑ new global best IoU 0.541  [phase Ph1 robot c]
[staged]   Ph1 robot d  zone 0  (uncovered: 0% of target)
    [parallel] 10 worker threads, one renderer clone each
    init sampling: best coverage score 9.0px of uncovered area  (16 samples)
[staged]   → robot d: IoU 0.541 → 0.569  ✓
    ↑ new global best IoU 0.569  [phase Ph1 robot d]
[staged]   Ph1 robot e  zone 5  (uncovered: 2% of target)
    [parallel] 10 worker threads, one renderer clone each
    init sampling: best coverage score 95.0px of uncovered area  (16 samples)
[staged]   → robot e: IoU 0.569 → 0.584  ✓
    ↑ new global best IoU 0.584  [phase Ph1 robot e]
[staged]   Ph1 robot f  zone 2  (uncovered: 0% of target)
    [parallel] 10 worker threads, one renderer clone each
    init sampling: best coverage score 2.0px of uncovered area  (16 samples)
[staged]   → robot f: IoU 0.584 → 0.593  ✓
    ↑ new global best IoU 0.593  [phase Ph1 robot f]
[staged]   Ph1 robot g  zone 3  (uncovered: 5% of target)
    [parallel] 10 worker threads, one renderer clone each
    init sampling: best coverage score 0.0px of uncovered area  (16 samples)
[staged]   → robot g: IoU 0.593 → 0.633  ✓
    ↑ new global best IoU 0.633  [phase Ph1 robot g]
[staged] Phase 1 done — composite IoU: 0.633

[staged] Phase 2 — backward pass  (8 iters × 7 robots, sigma=0.300)
[staged]   contributions before Phase 2:
[staged]     robot a: +0.101 IoU
[staged]     robot b: +0.108 IoU
[staged]     robot c: +0.043 IoU  ← low
[staged]     robot d: +0.051 IoU
[staged]     robot e: +0.037 IoU  ← low
[staged]     robot f: +0.029 IoU  ← low
[staged]     robot g: +0.041 IoU  ← low
[staged]   Ph2 robot g  zone 3  (uncovered: 9% of target)
    [parallel] 10 worker threads, one renderer clone each
    init sampling: best coverage score 29.0px of uncovered area  (16 samples)
[staged]   → robot g: candidate 0.616 < current 0.633  ✗ rejected
[staged]   Ph2 robot f  zone 2  (uncovered: 7% of target)
    [parallel] 10 worker threads, one renderer clone each
    init sampling: best coverage score 41.0px of uncovered area  (16 samples)
[staged]   → robot f: IoU 0.633 → 0.636  ✓
    ↑ new global best IoU 0.636  [phase Ph2 robot f]
[staged]   Ph2 robot e  zone 5  (uncovered: 8% of target)
    [parallel] 10 worker threads, one renderer clone each
    init sampling: best coverage score 89.0px of uncovered area  (16 samples)
[staged]   → robot e: candidate 0.630 < current 0.636  ✗ rejected
[staged]   Ph2 robot d  zone 0  (uncovered: 10% of target)
    [parallel] 10 worker threads, one renderer clone each
    init sampling: best coverage score 34.0px of uncovered area  (16 samples)
[staged]   → robot d: candidate 0.624 < current 0.636  ✗ rejected
[staged]   Ph2 robot c  zone 4  (uncovered: 8% of target)
    [parallel] 10 worker threads, one renderer clone each
    init sampling: best coverage score 119.0px of uncovered area  (16 samples)
[staged]   → robot c: candidate 0.631 < current 0.636  ✗ rejected
[staged]   Ph2 robot b  zone 6  (uncovered: 21% of target)
    [parallel] 10 worker threads, one renderer clone each
    init sampling: best coverage score 397.0px of uncovered area  (16 samples)
[staged]   → robot b: IoU 0.636 → 0.643  ✓
    ↑ new global best IoU 0.643  [phase Ph2 robot b]
[staged]   Ph2 robot a  zone 1  (uncovered: 26% of target)
    [parallel] 10 worker threads, one renderer clone each
    init sampling: best coverage score 266.0px of uncovered area  (16 samples)
[staged]   → robot a: candidate 0.631 < current 0.643  ✗ rejected
[staged] Phase 2 done — composite IoU: 0.643

[staged] Best snapshot: Phase 2  IoU=0.643
[staged] Manifold final pass — computing Jacobian  (ε=0.020, 84 renders)
[staged] Manifold basis: k=12D / 42D  (variance≥85%, top eigenvalues: ['202535.89', '191609.44', '186976.56', '125140.49', '80016.08'])
[staged] Manifold did not improve (0.635 vs 0.643), keeping best snapshot
[staged] FD refinement — 5 Adam steps  (420 renders, lr=0.01, ε=0.02)
    ↑ new global best IoU 0.661  [FD refinement]
[staged] FD done — IoU: 0.661  (Δ=+0.018)  ✓
[staged] Done — final IoU: 0.661  loss: 0.3410
[staged] Popsize: per-robot phases=32  final=32  (theory optimum for 6 DOF = 10)

[staged] Hungarian pre-assignment  (7×7 cost matrix, 8 samples/entry = 392 renders)...
[staged]   robot_a → zone 1  robot_b → zone 6  robot_c → zone 4  robot_d → zone 5  robot_e → zone 0  robot_f → zone 3  robot_g → zone 2

[staged] Phase 1 — forward greedy  (8 iters × 7 robot(s), sigma=0.40×1.00, popsize=32)
[staged]   Ph1 robot a  zone 1  (uncovered: 17% of target)
    [parallel] 10 worker threads, one renderer clone each
    init sampling: best coverage score 655.0px of uncovered area  (16 samples)
[staged]   → robot a: IoU 0.136 → 0.495  ✓
    ↑ new global best IoU 0.495  [phase Ph1 robot a]
[staged]   Ph1 robot b  zone 6  (uncovered: 1% of target)
    [parallel] 10 worker threads, one renderer clone each
    init sampling: best coverage score 6.0px of uncovered area  (16 samples)
[staged]   → robot b: IoU 0.495 → 0.560  ✓
    ↑ new global best IoU 0.560  [phase Ph1 robot b]
[staged]   Ph1 robot c  zone 4  (uncovered: 2% of target)
    [parallel] 10 worker threads, one renderer clone each
    init sampling: best coverage score 54.0px of uncovered area  (16 samples)
[staged]   → robot c: IoU 0.560 → 0.575  ✓
    ↑ new global best IoU 0.575  [phase Ph1 robot c]
[staged]   Ph1 robot d  zone 5  (uncovered: 0% of target)
    [parallel] 10 worker threads, one renderer clone each
    init sampling: best loss 21.6441 (16 samples)
[staged]   → robot d: IoU 0.575 → 0.612  ✓
    ↑ new global best IoU 0.612  [phase Ph1 robot d]
[staged]   Ph1 robot e  zone 0  (uncovered: 1% of target)
    [parallel] 10 worker threads, one renderer clone each
    init sampling: best coverage score 33.0px of uncovered area  (16 samples)
[staged]   → robot e: IoU 0.612 → 0.628  ✓
    ↑ new global best IoU 0.628  [phase Ph1 robot e]
[staged]   Ph1 robot f  zone 3  (uncovered: 2% of target)
    [parallel] 10 worker threads, one renderer clone each
    init sampling: best coverage score 3.0px of uncovered area  (16 samples)
[staged]   → robot f: IoU 0.628 → 0.644  ✓
    ↑ new global best IoU 0.644  [phase Ph1 robot f]
[staged]   Ph1 robot g  zone 2  (uncovered: 1% of target)
    [parallel] 10 worker threads, one renderer clone each
    init sampling: best coverage score 11.0px of uncovered area  (16 samples)
[staged]   → robot g: IoU 0.644 → 0.675  ✓
    ↑ new global best IoU 0.675  [phase Ph1 robot g]
[staged] Phase 1 done — composite IoU: 0.675

[staged] Phase 2 — backward pass  (8 iters × 7 robots, sigma=0.300)
[staged]   contributions before Phase 2:
[staged]     robot a: +0.198 IoU
[staged]     robot b: +0.107 IoU
[staged]     robot c: +0.055 IoU
[staged]     robot d: +0.071 IoU
[staged]     robot e: +0.047 IoU  ← low
[staged]     robot f: +0.040 IoU  ← low
[staged]     robot g: +0.031 IoU  ← low
[staged]   Ph2 robot g  zone 2  (uncovered: 6% of target)
    [parallel] 10 worker threads, one renderer clone each
    init sampling: best coverage score 32.0px of uncovered area  (16 samples)
[staged]   → robot g: IoU 0.675 → 0.676  ✓
    ↑ new global best IoU 0.676  [phase Ph2 robot g]
[staged]   Ph2 robot f  zone 3  (uncovered: 6% of target)
    [parallel] 10 worker threads, one renderer clone each
    init sampling: best coverage score 31.0px of uncovered area  (16 samples)
[staged]   → robot f: candidate 0.669 < current 0.676  ✗ rejected
[staged]   Ph2 robot e  zone 0  (uncovered: 7% of target)
    [parallel] 10 worker threads, one renderer clone each
    init sampling: best coverage score 63.0px of uncovered area  (16 samples)
[staged]   → robot e: candidate 0.670 < current 0.676  ✗ rejected
[staged]   Ph2 robot d  zone 5  (uncovered: 10% of target)
    [parallel] 10 worker threads, one renderer clone each
    init sampling: best coverage score 182.0px of uncovered area  (16 samples)
[staged]   → robot d: candidate 0.653 < current 0.676  ✗ rejected
[staged]   Ph2 robot c  zone 4  (uncovered: 6% of target)
    [parallel] 10 worker threads, one renderer clone each
    init sampling: best coverage score 35.0px of uncovered area  (16 samples)
[staged]   → robot c: candidate 0.675 < current 0.676  ✗ rejected
[staged]   Ph2 robot b  zone 6  (uncovered: 19% of target)
    [parallel] 10 worker threads, one renderer clone each
    init sampling: best coverage score 458.0px of uncovered area  (16 samples)
[staged]   → robot b: candidate 0.669 < current 0.676  ✗ rejected
[staged]   Ph2 robot a  zone 1  (uncovered: 26% of target)
    [parallel] 10 worker threads, one renderer clone each
    init sampling: best coverage score 642.0px of uncovered area  (16 samples)
[staged]   → robot a: candidate 0.634 < current 0.676  ✗ rejected
[staged] Phase 2 done — composite IoU: 0.676

[staged] Best snapshot: Phase 2  IoU=0.676
[staged] Manifold final pass — computing Jacobian  (ε=0.020, 84 renders)
[staged] Manifold basis: k=10D / 42D  (variance≥85%, top eigenvalues: ['401991.31', '233518.19', '171037.69', '89316.22', '77209.15'])
[staged] Manifold did not improve (0.666 vs 0.676), keeping best snapshot
[staged] FD refinement — 5 Adam steps  (420 renders, lr=0.01, ε=0.02)
    ↑ new global best IoU 0.683  [FD refinement]
[staged] FD done — IoU: 0.683  (Δ=+0.007)  ✓
[staged] Done — final IoU: 0.683  loss: 0.3188
[shard 0] 7/10 digits/3_dejavusans-bold  best=0.683 mean=0.661±0.017  218s  eta 0.2h
[staged] Popsize: per-robot phases=32  final=32  (theory optimum for 6 DOF = 10)

[staged] Hungarian pre-assignment  (7×7 cost matrix, 8 samples/entry = 392 renders)...
[staged]   robot_a → zone 1  robot_b → zone 2  robot_c → zone 6  robot_d → zone 5  robot_e → zone 4  robot_f → zone 3  robot_g → zone 0

[staged] Phase 1 — forward greedy  (8 iters × 7 robot(s), sigma=0.40×1.00, popsize=32)
[staged]   Ph1 robot a  zone 1  (uncovered: 8% of target)
    [parallel] 10 worker threads, one renderer clone each
    init sampling: best coverage score 342.0px of uncovered area  (16 samples)
[staged]   → robot a: IoU 0.140 → 0.435  ✓
    ↑ new global best IoU 0.435  [phase Ph1 robot a]
[staged]   Ph1 robot b  zone 2  (uncovered: 1% of target)
    [parallel] 10 worker threads, one renderer clone each
    init sampling: best coverage score 6.0px of uncovered area  (16 samples)
[staged]   → robot b: IoU 0.435 → 0.504  ✓
    ↑ new global best IoU 0.504  [phase Ph1 robot b]
[staged]   Ph1 robot c  zone 6  (uncovered: 2% of target)
    [parallel] 10 worker threads, one renderer clone each
    init sampling: best coverage score 0.0px of uncovered area  (16 samples)
[staged]   → robot c: IoU 0.504 → 0.580  ✓
    ↑ new global best IoU 0.580  [phase Ph1 robot c]
[staged]   Ph1 robot d  zone 5  (uncovered: 6% of target)
    [parallel] 10 worker threads, one renderer clone each
    init sampling: best coverage score 271.0px of uncovered area  (16 samples)
[staged]   → robot d: IoU 0.580 → 0.632  ✓
    ↑ new global best IoU 0.632  [phase Ph1 robot d]
[staged]   Ph1 robot e  zone 4  (uncovered: 0% of target)
    [parallel] 10 worker threads, one renderer clone each
    init sampling: best coverage score 6.0px of uncovered area  (16 samples)
[staged]   → robot e: IoU 0.632 → 0.653  ✓
    ↑ new global best IoU 0.653  [phase Ph1 robot e]
[staged]   Ph1 robot f  zone 3  (uncovered: 2% of target)
    [parallel] 10 worker threads, one renderer clone each
    init sampling: best coverage score 65.0px of uncovered area  (16 samples)
[staged]   → robot f: IoU 0.653 → 0.669  ✓
    ↑ new global best IoU 0.669  [phase Ph1 robot f]
[staged]   Ph1 robot g  zone 0  (uncovered: 6% of target)
    [parallel] 10 worker threads, one renderer clone each
    init sampling: best coverage score 44.0px of uncovered area  (16 samples)
[staged]   → robot g: IoU 0.669 → 0.692  ✓
    ↑ new global best IoU 0.692  [phase Ph1 robot g]
[staged] Phase 1 done — composite IoU: 0.692

[staged] Phase 2 — backward pass  (8 iters × 7 robots, sigma=0.300)
[staged]   contributions before Phase 2:
[staged]     robot a: +0.122 IoU
[staged]     robot b: +0.094 IoU
[staged]     robot c: +0.088 IoU
[staged]     robot d: +0.038 IoU  ← low
[staged]     robot e: +0.023 IoU  ← low
[staged]     robot f: +0.029 IoU  ← low
[staged]     robot g: +0.023 IoU  ← low
[staged]   Ph2 robot g  zone 0  (uncovered: 6% of target)
    [parallel] 10 worker threads, one renderer clone each
    init sampling: best coverage score 79.0px of uncovered area  (16 samples)
[staged]   → robot g: IoU 0.692 → 0.696  ✓
    ↑ new global best IoU 0.696  [phase Ph2 robot g]
[staged]   Ph2 robot f  zone 3  (uncovered: 6% of target)
    [parallel] 10 worker threads, one renderer clone each
    init sampling: best coverage score 39.0px of uncovered area  (16 samples)
[staged]   → robot f: candidate 0.690 < current 0.696  ✗ rejected
[staged]   Ph2 robot e  zone 4  (uncovered: 5% of target)
    [parallel] 10 worker threads, one renderer clone each
    init sampling: best coverage score 50.0px of uncovered area  (16 samples)
[staged]   → robot e: candidate 0.692 < current 0.696  ✗ rejected
[staged]   Ph2 robot d  zone 5  (uncovered: 9% of target)
    [parallel] 10 worker threads, one renderer clone each
    init sampling: best coverage score 217.0px of uncovered area  (16 samples)
[staged]   → robot d: candidate 0.691 < current 0.696  ✗ rejected
[staged]   Ph2 robot c  zone 6  (uncovered: 14% of target)
    [parallel] 10 worker threads, one renderer clone each
    init sampling: best coverage score 425.0px of uncovered area  (16 samples)
[staged]   → robot c: candidate 0.686 < current 0.696  ✗ rejected
[staged]   Ph2 robot b  zone 2  (uncovered: 14% of target)
    [parallel] 10 worker threads, one renderer clone each
    init sampling: best coverage score 48.0px of uncovered area  (16 samples)
[staged]   → robot b: candidate 0.620 < current 0.696  ✗ rejected
[staged]   Ph2 robot a  zone 1  (uncovered: 21% of target)
    [parallel] 10 worker threads, one renderer clone each
    init sampling: best coverage score 275.0px of uncovered area  (16 samples)
[staged]   → robot a: candidate 0.684 < current 0.696  ✗ rejected
[staged] Phase 2 done — composite IoU: 0.696

[staged] Best snapshot: Phase 2  IoU=0.696
[staged] Manifold final pass — computing Jacobian  (ε=0.020, 84 renders)
[staged] Manifold basis: k=10D / 42D  (variance≥85%, top eigenvalues: ['702766.56', '199180.62', '121165.28', '77747.52', '70627.58'])
[staged] Manifold did not improve (0.677 vs 0.696), keeping best snapshot
[staged] FD refinement — 5 Adam steps  (420 renders, lr=0.01, ε=0.02)
    ↑ new global best IoU 0.701  [FD refinement]
[staged] FD done — IoU: 0.701  (Δ=+0.005)  ✓
[staged] Done — final IoU: 0.701  loss: 0.3013
[staged] Popsize: per-robot phases=32  final=32  (theory optimum for 6 DOF = 10)

[staged] Hungarian pre-assignment  (7×7 cost matrix, 8 samples/entry = 392 renders)...
[staged]   robot_a → zone 0  robot_b → zone 4  robot_c → zone 2  robot_d → zone 6  robot_e → zone 5  robot_f → zone 3  robot_g → zone 1

[staged] Phase 1 — forward greedy  (8 iters × 7 robot(s), sigma=0.40×1.00, popsize=32)
[staged]   Ph1 robot a  zone 0  (uncovered: 17% of target)
    [parallel] 10 worker threads, one renderer clone each
    init sampling: best coverage score 364.0px of uncovered area  (16 samples)
[staged]   → robot a: IoU 0.140 → 0.496  ✓
    ↑ new global best IoU 0.496  [phase Ph1 robot a]
[staged]   Ph1 robot b  zone 4  (uncovered: 3% of target)
    [parallel] 10 worker threads, one renderer clone each
    init sampling: best coverage score 76.0px of uncovered area  (16 samples)
[staged]   → robot b: IoU 0.496 → 0.568  ✓
    ↑ new global best IoU 0.568  [phase Ph1 robot b]
[staged]   Ph1 robot c  zone 2  (uncovered: 1% of target)
    [parallel] 10 worker threads, one renderer clone each
    init sampling: best coverage score 15.0px of uncovered area  (16 samples)
[staged]   → robot c: IoU 0.568 → 0.583  ✓
    ↑ new global best IoU 0.583  [phase Ph1 robot c]
[staged]   Ph1 robot d  zone 6  (uncovered: 8% of target)
    [parallel] 10 worker threads, one renderer clone each
    init sampling: best coverage score 229.0px of uncovered area  (16 samples)
[staged]   → robot d: IoU 0.583 → 0.604  ✓
    ↑ new global best IoU 0.604  [phase Ph1 robot d]
[staged]   Ph1 robot e  zone 5  (uncovered: 2% of target)
    [parallel] 10 worker threads, one renderer clone each
    init sampling: best coverage score 4.0px of uncovered area  (16 samples)
[staged]   → robot e: IoU 0.604 → 0.614  ✓
    ↑ new global best IoU 0.614  [phase Ph1 robot e]
[staged]   Ph1 robot f  zone 3  (uncovered: 2% of target)
    [parallel] 10 worker threads, one renderer clone each
    init sampling: best coverage score 18.0px of uncovered area  (16 samples)
[staged]   → robot f: IoU 0.614 → 0.630  ✓
    ↑ new global best IoU 0.630  [phase Ph1 robot f]
[staged]   Ph1 robot g  zone 1  (uncovered: 1% of target)
    [parallel] 10 worker threads, one renderer clone each
    init sampling: best coverage score 2.0px of uncovered area  (16 samples)
[staged]   → robot g: IoU 0.630 → 0.644  ✓
    ↑ new global best IoU 0.644  [phase Ph1 robot g]
[staged] Phase 1 done — composite IoU: 0.644

[staged] Phase 2 — backward pass  (8 iters × 7 robots, sigma=0.300)
[staged]   contributions before Phase 2:
[staged]     robot a: +0.147 IoU
[staged]     robot b: +0.052 IoU
[staged]     robot c: +0.033 IoU  ← low
[staged]     robot d: +0.001 IoU  ← low
[staged]     robot e: +0.009 IoU  ← low
[staged]     robot f: +0.018 IoU  ← low
[staged]     robot g: +0.014 IoU  ← low
[staged]   Ph2 robot g  zone 1  (uncovered: 8% of target)
    [parallel] 10 worker threads, one renderer clone each
    init sampling: best coverage score 90.0px of uncovered area  (16 samples)
[staged]   → robot g: candidate 0.644 < current 0.644  ✗ rejected
[staged]   Ph2 robot f  zone 3  (uncovered: 9% of target)
    [parallel] 10 worker threads, one renderer clone each
    init sampling: best coverage score 148.0px of uncovered area  (16 samples)
[staged]   → robot f: candidate 0.643 < current 0.644  ✗ rejected
[staged]   Ph2 robot e  zone 5  (uncovered: 7% of target)
    [parallel] 10 worker threads, one renderer clone each
    init sampling: best coverage score 57.0px of uncovered area  (16 samples)
[staged]   → robot e: candidate 0.642 < current 0.644  ✗ rejected
[staged]   Ph2 robot d  zone 6  (uncovered: 7% of target)
    [parallel] 10 worker threads, one renderer clone each
    init sampling: best coverage score 57.0px of uncovered area  (16 samples)
[staged]   → robot d: IoU 0.644 → 0.657  ✓
    ↑ new global best IoU 0.657  [phase Ph2 robot d]
[staged]   Ph2 robot c  zone 2  (uncovered: 13% of target)
    [parallel] 10 worker threads, one renderer clone each
    init sampling: best coverage score 64.0px of uncovered area  (16 samples)
[staged]   → robot c: candidate 0.649 < current 0.657  ✗ rejected
[staged]   Ph2 robot b  zone 4  (uncovered: 9% of target)
    [parallel] 10 worker threads, one renderer clone each
    init sampling: best coverage score 138.0px of uncovered area  (16 samples)
[staged]   → robot b: IoU 0.657 → 0.676  ✓
    ↑ new global best IoU 0.676  [phase Ph2 robot b]
[staged]   Ph2 robot a  zone 0  (uncovered: 38% of target)
    [parallel] 10 worker threads, one renderer clone each
    init sampling: best coverage score 576.0px of uncovered area  (16 samples)
[staged]   → robot a: candidate 0.648 < current 0.676  ✗ rejected
[staged] Phase 2 done — composite IoU: 0.676

[staged] Best snapshot: Phase 2  IoU=0.676
[staged] Manifold final pass — computing Jacobian  (ε=0.020, 84 renders)
[staged] Manifold basis: k=12D / 42D  (variance≥85%, top eigenvalues: ['723934.50', '209611.17', '113967.66', '93683.42', '71765.64'])
    ↑ new global best IoU 0.694  [manifold final pass]
[staged] Manifold done — IoU: 0.694  (Δ=+0.018)  ✓
[staged] FD refinement — 5 Adam steps  (420 renders, lr=0.01, ε=0.02)
    ↑ new global best IoU 0.708  [FD refinement]
[staged] FD done — IoU: 0.708  (Δ=+0.014)  ✓
[staged] Done — final IoU: 0.708  loss: 0.2942
[staged] Popsize: per-robot phases=32  final=32  (theory optimum for 6 DOF = 10)

[staged] Hungarian pre-assignment  (7×7 cost matrix, 8 samples/entry = 392 renders)...
[staged]   robot_a → zone 0  robot_b → zone 3  robot_c → zone 5  robot_d → zone 1  robot_e → zone 6  robot_f → zone 4  robot_g → zone 2

[staged] Phase 1 — forward greedy  (8 iters × 7 robot(s), sigma=0.40×1.00, popsize=32)
[staged]   Ph1 robot a  zone 0  (uncovered: 14% of target)
    [parallel] 10 worker threads, one renderer clone each
    init sampling: best coverage score 482.0px of uncovered area  (16 samples)
[staged]   → robot a: IoU 0.140 → 0.474  ✓
    ↑ new global best IoU 0.474  [phase Ph1 robot a]
[staged]   Ph1 robot b  zone 3  (uncovered: 3% of target)
    [parallel] 10 worker threads, one renderer clone each
    init sampling: best coverage score 106.0px of uncovered area  (16 samples)
[staged]   → robot b: IoU 0.474 → 0.543  ✓
    ↑ new global best IoU 0.543  [phase Ph1 robot b]
[staged]   Ph1 robot c  zone 5  (uncovered: 0% of target)
    [parallel] 10 worker threads, one renderer clone each
    init sampling: best coverage score 0.0px of uncovered area  (16 samples)
[staged]   → robot c: IoU 0.543 → 0.594  ✓
    ↑ new global best IoU 0.594  [phase Ph1 robot c]
[staged]   Ph1 robot d  zone 1  (uncovered: 3% of target)
    [parallel] 10 worker threads, one renderer clone each
    init sampling: best coverage score 0.0px of uncovered area  (16 samples)
[staged]   → robot d: IoU 0.594 → 0.615  ✓
    ↑ new global best IoU 0.615  [phase Ph1 robot d]
[staged]   Ph1 robot e  zone 6  (uncovered: 1% of target)
    [parallel] 10 worker threads, one renderer clone each
    init sampling: best coverage score 13.0px of uncovered area  (16 samples)
[staged]   → robot e: IoU 0.615 → 0.633  ✓
    ↑ new global best IoU 0.633  [phase Ph1 robot e]
[staged]   Ph1 robot f  zone 4  (uncovered: 2% of target)
    [parallel] 10 worker threads, one renderer clone each
    init sampling: best coverage score 28.0px of uncovered area  (16 samples)
[staged]   → robot f: IoU 0.633 → 0.647  ✓
    ↑ new global best IoU 0.647  [phase Ph1 robot f]
[staged]   Ph1 robot g  zone 2  (uncovered: 1% of target)
    [parallel] 10 worker threads, one renderer clone each
    init sampling: best coverage score 19.0px of uncovered area  (16 samples)
[staged]   → robot g: IoU 0.647 → 0.665  ✓
    ↑ new global best IoU 0.665  [phase Ph1 robot g]
[staged] Phase 1 done — composite IoU: 0.665

[staged] Phase 2 — backward pass  (8 iters × 7 robots, sigma=0.300)
[staged]   contributions before Phase 2:
[staged]     robot a: +0.104 IoU
[staged]     robot b: +0.078 IoU
[staged]     robot c: +0.049 IoU  ← low
[staged]     robot d: +0.027 IoU  ← low
[staged]     robot e: +0.033 IoU  ← low
[staged]     robot f: +0.026 IoU  ← low
[staged]     robot g: +0.018 IoU  ← low
[staged]   Ph2 robot g  zone 2  (uncovered: 8% of target)
    [parallel] 10 worker threads, one renderer clone each
    init sampling: best coverage score 28.0px of uncovered area  (16 samples)
[staged]   → robot g: IoU 0.665 → 0.671  ✓
    ↑ new global best IoU 0.671  [phase Ph2 robot g]
[staged]   Ph2 robot f  zone 4  (uncovered: 8% of target)
    [parallel] 10 worker threads, one renderer clone each
    init sampling: best coverage score 62.0px of uncovered area  (16 samples)
[staged]   → robot f: candidate 0.654 < current 0.671  ✗ rejected
[staged]   Ph2 robot e  zone 6  (uncovered: 8% of target)
    [parallel] 10 worker threads, one renderer clone each
    init sampling: best coverage score 87.0px of uncovered area  (16 samples)
[staged]   → robot e: IoU 0.671 → 0.671  ✓
    ↑ new global best IoU 0.671  [phase Ph2 robot e]
[staged]   Ph2 robot d  zone 1  (uncovered: 10% of target)
    [parallel] 10 worker threads, one renderer clone each
    init sampling: best coverage score 143.0px of uncovered area  (16 samples)
[staged]   → robot d: candidate 0.671 < current 0.671  ✗ rejected
[staged]   Ph2 robot c  zone 5  (uncovered: 17% of target)
    [parallel] 10 worker threads, one renderer clone each
    init sampling: best coverage score 67.0px of uncovered area  (16 samples)
[staged]   → robot c: candidate 0.634 < current 0.671  ✗ rejected
[staged]   Ph2 robot b  zone 3  (uncovered: 18% of target)
    [parallel] 10 worker threads, one renderer clone each
    init sampling: best coverage score 441.0px of uncovered area  (16 samples)
[staged]   → robot b: candidate 0.659 < current 0.671  ✗ rejected
[staged]   Ph2 robot a  zone 0  (uncovered: 20% of target)
    [parallel] 10 worker threads, one renderer clone each
    init sampling: best coverage score 411.0px of uncovered area  (16 samples)
[staged]   → robot a: IoU 0.671 → 0.672  ✓
    ↑ new global best IoU 0.672  [phase Ph2 robot a]
[staged] Phase 2 done — composite IoU: 0.672

[staged] Best snapshot: Phase 2  IoU=0.672
[staged] Manifold final pass — computing Jacobian  (ε=0.020, 84 renders)
[staged] Manifold basis: k=13D / 42D  (variance≥85%, top eigenvalues: ['577327.25', '194082.44', '124988.97', '89896.27', '84099.61'])
    ↑ new global best IoU 0.682  [manifold final pass]
[staged] Manifold done — IoU: 0.682  (Δ=+0.011)  ✓
[staged] FD refinement — 5 Adam steps  (420 renders, lr=0.01, ε=0.02)
    ↑ new global best IoU 0.709  [FD refinement]
[staged] FD done — IoU: 0.709  (Δ=+0.027)  ✓
[staged] Done — final IoU: 0.709  loss: 0.2934
[staged] Popsize: per-robot phases=32  final=32  (theory optimum for 6 DOF = 10)

[staged] Hungarian pre-assignment  (7×7 cost matrix, 8 samples/entry = 392 renders)...
[staged]   robot_a → zone 4  robot_b → zone 6  robot_c → zone 3  robot_d → zone 1  robot_e → zone 5  robot_f → zone 0  robot_g → zone 2

[staged] Phase 1 — forward greedy  (8 iters × 7 robot(s), sigma=0.40×1.00, popsize=32)
[staged]   Ph1 robot a  zone 4  (uncovered: 12% of target)
    [parallel] 10 worker threads, one renderer clone each
    init sampling: best coverage score 379.0px of uncovered area  (16 samples)
[staged]   → robot a: IoU 0.140 → 0.458  ✓
    ↑ new global best IoU 0.458  [phase Ph1 robot a]
[staged]   Ph1 robot b  zone 6  (uncovered: 7% of target)
    [parallel] 10 worker threads, one renderer clone each
    init sampling: best coverage score 216.0px of uncovered area  (16 samples)
[staged]   → robot b: IoU 0.458 → 0.520  ✓
    ↑ new global best IoU 0.520  [phase Ph1 robot b]
[staged]   Ph1 robot c  zone 3  (uncovered: 2% of target)
    [parallel] 10 worker threads, one renderer clone each
    init sampling: best coverage score 92.0px of uncovered area  (16 samples)
[staged]   → robot c: IoU 0.520 → 0.573  ✓
    ↑ new global best IoU 0.573  [phase Ph1 robot c]
[staged]   Ph1 robot d  zone 1  (uncovered: 2% of target)
    [parallel] 10 worker threads, one renderer clone each
    init sampling: best coverage score 97.0px of uncovered area  (16 samples)
[staged]   → robot d: IoU 0.573 → 0.608  ✓
    ↑ new global best IoU 0.608  [phase Ph1 robot d]
[staged]   Ph1 robot e  zone 5  (uncovered: 3% of target)
    [parallel] 10 worker threads, one renderer clone each
    init sampling: best coverage score 88.0px of uncovered area  (16 samples)
[staged]   → robot e: IoU 0.608 → 0.623  ✓
    ↑ new global best IoU 0.623  [phase Ph1 robot e]
[staged]   Ph1 robot f  zone 0  (uncovered: 3% of target)
    [parallel] 10 worker threads, one renderer clone each
    init sampling: best coverage score 75.0px of uncovered area  (16 samples)
[staged]   → robot f: IoU 0.623 → 0.636  ✓
    ↑ new global best IoU 0.636  [phase Ph1 robot f]
[staged]   Ph1 robot g  zone 2  (uncovered: 9% of target)
    [parallel] 10 worker threads, one renderer clone each
    init sampling: best coverage score 79.0px of uncovered area  (16 samples)
[staged]   → robot g: IoU 0.636 → 0.663  ✓
    ↑ new global best IoU 0.663  [phase Ph1 robot g]
[staged] Phase 1 done — composite IoU: 0.663

[staged] Phase 2 — backward pass  (8 iters × 7 robots, sigma=0.300)
[staged]   contributions before Phase 2:
[staged]     robot a: +0.090 IoU
[staged]     robot b: +0.033 IoU  ← low
[staged]     robot c: +0.071 IoU
[staged]     robot d: +0.034 IoU  ← low
[staged]     robot e: +0.028 IoU  ← low
[staged]     robot f: +0.025 IoU  ← low
[staged]     robot g: +0.027 IoU  ← low
[staged]   Ph2 robot g  zone 2  (uncovered: 9% of target)
    [parallel] 10 worker threads, one renderer clone each
    init sampling: best coverage score 89.0px of uncovered area  (16 samples)
[staged]   → robot g: candidate 0.660 < current 0.663  ✗ rejected
[staged]   Ph2 robot f  zone 0  (uncovered: 10% of target)
    [parallel] 10 worker threads, one renderer clone each
    init sampling: best coverage score 101.0px of uncovered area  (16 samples)
[staged]   → robot f: IoU 0.663 → 0.670  ✓
    ↑ new global best IoU 0.670  [phase Ph2 robot f]
[staged]   Ph2 robot e  zone 5  (uncovered: 8% of target)
    [parallel] 10 worker threads, one renderer clone each
    init sampling: best coverage score 49.0px of uncovered area  (16 samples)
[staged]   → robot e: IoU 0.670 → 0.670  ✓
    ↑ new global best IoU 0.670  [phase Ph2 robot e]
[staged]   Ph2 robot d  zone 1  (uncovered: 10% of target)
    [parallel] 10 worker threads, one renderer clone each
    init sampling: best coverage score 154.0px of uncovered area  (16 samples)
[staged]   → robot d: candidate 0.658 < current 0.670  ✗ rejected
[staged]   Ph2 robot c  zone 3  (uncovered: 14% of target)
    [parallel] 10 worker threads, one renderer clone each
    init sampling: best coverage score 92.0px of uncovered area  (16 samples)
[staged]   → robot c: candidate 0.624 < current 0.670  ✗ rejected
[staged]   Ph2 robot b  zone 6  (uncovered: 14% of target)
    [parallel] 10 worker threads, one renderer clone each
    init sampling: best coverage score 240.0px of uncovered area  (16 samples)
[staged]   → robot b: IoU 0.670 → 0.671  ✓
    ↑ new global best IoU 0.671  [phase Ph2 robot b]
[staged]   Ph2 robot a  zone 4  (uncovered: 22% of target)
    [parallel] 10 worker threads, one renderer clone each
    init sampling: best coverage score 674.0px of uncovered area  (16 samples)
[staged]   → robot a: IoU 0.671 → 0.686  ✓
    ↑ new global best IoU 0.686  [phase Ph2 robot a]
[staged] Phase 2 done — composite IoU: 0.686

[staged] Best snapshot: Phase 2  IoU=0.686
[staged] Manifold final pass — computing Jacobian  (ε=0.020, 84 renders)
[staged] Manifold basis: k=12D / 42D  (variance≥85%, top eigenvalues: ['412022.88', '357160.81', '182589.03', '149866.92', '148391.66'])
[staged] Manifold did not improve (0.674 vs 0.686), keeping best snapshot
[staged] FD refinement — 5 Adam steps  (420 renders, lr=0.01, ε=0.02)
    ↑ new global best IoU 0.705  [FD refinement]
[staged] FD done — IoU: 0.705  (Δ=+0.019)  ✓
[staged] Done — final IoU: 0.705  loss: 0.2974
[staged] Popsize: per-robot phases=32  final=32  (theory optimum for 6 DOF = 10)

[staged] Hungarian pre-assignment  (7×7 cost matrix, 8 samples/entry = 392 renders)...
[staged]   robot_a → zone 0  robot_b → zone 3  robot_c → zone 4  robot_d → zone 5  robot_e → zone 2  robot_f → zone 1  robot_g → zone 6

[staged] Phase 1 — forward greedy  (8 iters × 7 robot(s), sigma=0.40×1.00, popsize=32)
[staged]   Ph1 robot a  zone 0  (uncovered: 16% of target)
    [parallel] 10 worker threads, one renderer clone each
    init sampling: best coverage score 742.0px of uncovered area  (16 samples)
[staged]   → robot a: IoU 0.140 → 0.527  ✓
    ↑ new global best IoU 0.527  [phase Ph1 robot a]
[staged]   Ph1 robot b  zone 3  (uncovered: 6% of target)
    [parallel] 10 worker threads, one renderer clone each
    init sampling: best coverage score 10.0px of uncovered area  (16 samples)
[staged]   → robot b: IoU 0.527 → 0.602  ✓
    ↑ new global best IoU 0.602  [phase Ph1 robot b]
[staged]   Ph1 robot c  zone 4  (uncovered: 2% of target)
    [parallel] 10 worker threads, one renderer clone each
    init sampling: best coverage score 100.0px of uncovered area  (16 samples)
[staged]   → robot c: candidate 0.598 < current 0.602  ✗ rejected
[staged]   Ph1 robot d  zone 5  (uncovered: 5% of target)
    [parallel] 10 worker threads, one renderer clone each
    init sampling: best coverage score 222.0px of uncovered area  (16 samples)
[staged]   → robot d: IoU 0.602 → 0.614  ✓
    ↑ new global best IoU 0.614  [phase Ph1 robot d]
[staged]   Ph1 robot e  zone 2  (uncovered: 0% of target)
    [parallel] 10 worker threads, one renderer clone each
    init sampling: best coverage score 15.0px of uncovered area  (16 samples)
[staged]   → robot e: IoU 0.614 → 0.627  ✓
    ↑ new global best IoU 0.627  [phase Ph1 robot e]
[staged]   Ph1 robot f  zone 1  (uncovered: 3% of target)
    [parallel] 10 worker threads, one renderer clone each
    init sampling: best coverage score 49.0px of uncovered area  (16 samples)
[staged]   → robot f: IoU 0.627 → 0.648  ✓
    ↑ new global best IoU 0.648  [phase Ph1 robot f]
[staged]   Ph1 robot g  zone 6  (uncovered: 0% of target)
    [parallel] 10 worker threads, one renderer clone each
    init sampling: best coverage score 0.0px of uncovered area  (16 samples)
[staged]   → robot g: IoU 0.648 → 0.673  ✓
    ↑ new global best IoU 0.673  [phase Ph1 robot g]
[staged] Phase 1 done — composite IoU: 0.673

[staged] Phase 2 — backward pass  (8 iters × 7 robots, sigma=0.300)
[staged]   contributions before Phase 2:
[staged]     robot a: +0.137 IoU
[staged]     robot b: +0.038 IoU  ← low
[staged]     robot c: +0.000 IoU  ← low
[staged]     robot d: +0.016 IoU  ← low
[staged]     robot e: +0.024 IoU  ← low
[staged]     robot f: +0.035 IoU  ← low
[staged]     robot g: +0.025 IoU  ← low
[staged]   Ph2 robot g  zone 6  (uncovered: 8% of target)
    [parallel] 10 worker threads, one renderer clone each
    init sampling: best coverage score 51.0px of uncovered area  (16 samples)
[staged]   → robot g: candidate 0.668 < current 0.673  ✗ rejected
[staged]   Ph2 robot f  zone 1  (uncovered: 10% of target)
    [parallel] 10 worker threads, one renderer clone each
    init sampling: best coverage score 85.0px of uncovered area  (16 samples)
[staged]   → robot f: candidate 0.655 < current 0.673  ✗ rejected
[staged]   Ph2 robot e  zone 2  (uncovered: 9% of target)
    [parallel] 10 worker threads, one renderer clone each
    init sampling: best coverage score 97.0px of uncovered area  (16 samples)
[staged]   → robot e: candidate 0.662 < current 0.673  ✗ rejected
[staged]   Ph2 robot d  zone 5  (uncovered: 12% of target)
    [parallel] 10 worker threads, one renderer clone each
    init sampling: best coverage score 182.0px of uncovered area  (16 samples)
[staged]   → robot d: candidate 0.669 < current 0.673  ✗ rejected
[staged]   Ph2 robot c  zone 4  (uncovered: 8% of target)
    [parallel] 10 worker threads, one renderer clone each
    init sampling: best coverage score 123.0px of uncovered area  (16 samples)
[staged]   → robot c: IoU 0.673 → 0.684  ✓
    ↑ new global best IoU 0.684  [phase Ph2 robot c]
[staged]   Ph2 robot b  zone 3  (uncovered: 11% of target)
    [parallel] 10 worker threads, one renderer clone each
    init sampling: best coverage score 250.0px of uncovered area  (16 samples)
[staged]   → robot b: IoU 0.684 → 0.690  ✓
    ↑ new global best IoU 0.690  [phase Ph2 robot b]
[staged]   Ph2 robot a  zone 0  (uncovered: 24% of target)
    [parallel] 10 worker threads, one renderer clone each
    init sampling: best coverage score 463.0px of uncovered area  (16 samples)
[staged]   → robot a: candidate 0.675 < current 0.690  ✗ rejected
[staged] Phase 2 done — composite IoU: 0.690

[staged] Best snapshot: Phase 2  IoU=0.690
[staged] Manifold final pass — computing Jacobian  (ε=0.020, 84 renders)
[staged] Manifold basis: k=13D / 42D  (variance≥85%, top eigenvalues: ['269486.69', '268070.62', '127534.86', '108364.66', '66367.48'])
[staged] Manifold did not improve (0.676 vs 0.690), keeping best snapshot
[staged] FD refinement — 5 Adam steps  (420 renders, lr=0.01, ε=0.02)
    ↑ new global best IoU 0.707  [FD refinement]
[staged] FD done — IoU: 0.707  (Δ=+0.016)  ✓
[staged] Done — final IoU: 0.707  loss: 0.2956
[shard 0] 8/10 digits/4_dejavusans-bold  best=0.709 mean=0.706±0.003  218s  eta 0.1h
[staged] Popsize: per-robot phases=32  final=32  (theory optimum for 6 DOF = 10)

[staged] Hungarian pre-assignment  (7×7 cost matrix, 8 samples/entry = 392 renders)...
[staged]   robot_a → zone 3  robot_b → zone 4  robot_c → zone 0  robot_d → zone 5  robot_e → zone 1  robot_f → zone 2  robot_g → zone 6

[staged] Phase 1 — forward greedy  (8 iters × 7 robot(s), sigma=0.40×1.00, popsize=32)
[staged]   Ph1 robot a  zone 3  (uncovered: 14% of target)
    [parallel] 10 worker threads, one renderer clone each
    init sampling: best coverage score 385.0px of uncovered area  (16 samples)
[staged]   → robot a: IoU 0.084 → 0.442  ✓
    ↑ new global best IoU 0.442  [phase Ph1 robot a]
[staged]   Ph1 robot b  zone 4  (uncovered: 0% of target)
    [parallel] 10 worker threads, one renderer clone each
    init sampling: best coverage score 2.0px of uncovered area  (16 samples)
[staged]   → robot b: IoU 0.442 → 0.549  ✓
    ↑ new global best IoU 0.549  [phase Ph1 robot b]
[staged]   Ph1 robot c  zone 0  (uncovered: 0% of target)
    [parallel] 10 worker threads, one renderer clone each
    init sampling: best coverage score 1.0px of uncovered area  (16 samples)
[staged]   → robot c: IoU 0.549 → 0.576  ✓
    ↑ new global best IoU 0.576  [phase Ph1 robot c]
[staged]   Ph1 robot d  zone 5  (uncovered: 5% of target)
    [parallel] 10 worker threads, one renderer clone each
    init sampling: best coverage score 39.0px of uncovered area  (16 samples)
[staged]   → robot d: IoU 0.576 → 0.601  ✓
    ↑ new global best IoU 0.601  [phase Ph1 robot d]
[staged]   Ph1 robot e  zone 1  (uncovered: 1% of target)
    [parallel] 10 worker threads, one renderer clone each
    init sampling: best coverage score 16.0px of uncovered area  (16 samples)
[staged]   → robot e: IoU 0.601 → 0.619  ✓
    ↑ new global best IoU 0.619  [phase Ph1 robot e]
[staged]   Ph1 robot f  zone 2  (uncovered: 0% of target)
    [parallel] 10 worker threads, one renderer clone each
    init sampling: best coverage score 14.0px of uncovered area  (16 samples)
[staged]   → robot f: IoU 0.619 → 0.635  ✓
    ↑ new global best IoU 0.635  [phase Ph1 robot f]
[staged]   Ph1 robot g  zone 6  (uncovered: 3% of target)
    [parallel] 10 worker threads, one renderer clone each
    init sampling: best coverage score 6.0px of uncovered area  (16 samples)
[staged]   → robot g: IoU 0.635 → 0.684  ✓
    ↑ new global best IoU 0.684  [phase Ph1 robot g]
[staged] Phase 1 done — composite IoU: 0.684

[staged] Phase 2 — backward pass  (8 iters × 7 robots, sigma=0.300)
[staged]   contributions before Phase 2:
[staged]     robot a: +0.150 IoU
[staged]     robot b: +0.151 IoU
[staged]     robot c: +0.077 IoU
[staged]     robot d: +0.069 IoU
[staged]     robot e: +0.061 IoU
[staged]     robot f: +0.053 IoU
[staged]     robot g: +0.050 IoU  ← low
[staged]   Ph2 robot g  zone 6  (uncovered: 3% of target)
    [parallel] 10 worker threads, one renderer clone each
    init sampling: best coverage score 15.0px of uncovered area  (16 samples)
[staged]   → robot g: candidate 0.682 < current 0.684  ✗ rejected
[staged]   Ph2 robot f  zone 2  (uncovered: 4% of target)
    [parallel] 10 worker threads, one renderer clone each
    init sampling: best coverage score 31.0px of uncovered area  (16 samples)
[staged]   → robot f: candidate 0.684 < current 0.684  ✗ rejected
[staged]   Ph2 robot e  zone 1  (uncovered: 3% of target)
    [parallel] 10 worker threads, one renderer clone each
    init sampling: best coverage score 24.0px of uncovered area  (16 samples)
[staged]   → robot e: IoU 0.684 → 0.684  ✓
    ↑ new global best IoU 0.684  [phase Ph2 robot e]
[staged]   Ph2 robot d  zone 5  (uncovered: 3% of target)
    [parallel] 10 worker threads, one renderer clone each
    init sampling: best coverage score 49.0px of uncovered area  (16 samples)
[staged]   → robot d: IoU 0.684 → 0.686  ✓
    ↑ new global best IoU 0.686  [phase Ph2 robot d]
[staged]   Ph2 robot c  zone 0  (uncovered: 7% of target)
    [parallel] 10 worker threads, one renderer clone each
    init sampling: best coverage score 30.0px of uncovered area  (16 samples)
[staged]   → robot c: IoU 0.686 → 0.690  ✓
    ↑ new global best IoU 0.690  [phase Ph2 robot c]
[staged]   Ph2 robot b  zone 4  (uncovered: 24% of target)
    [parallel] 10 worker threads, one renderer clone each
    init sampling: best coverage score 440.0px of uncovered area  (16 samples)
[staged]   → robot b: IoU 0.690 → 0.710  ✓
    ↑ new global best IoU 0.710  [phase Ph2 robot b]
[staged]   Ph2 robot a  zone 3  (uncovered: 23% of target)
    [parallel] 10 worker threads, one renderer clone each
    init sampling: best coverage score 159.0px of uncovered area  (16 samples)
[staged]   → robot a: candidate 0.660 < current 0.710  ✗ rejected
[staged] Phase 2 done — composite IoU: 0.710

[staged] Best snapshot: Phase 2  IoU=0.710
[staged] Manifold final pass — computing Jacobian  (ε=0.020, 84 renders)
[staged] Manifold basis: k=8D / 42D  (variance≥85%, top eigenvalues: ['489044.84', '205907.64', '113733.28', '88326.77', '72700.76'])
    ↑ new global best IoU 0.718  [manifold final pass]
[staged] Manifold done — IoU: 0.718  (Δ=+0.009)  ✓
[staged] FD refinement — 5 Adam steps  (420 renders, lr=0.01, ε=0.02)
    ↑ new global best IoU 0.730  [FD refinement]
[staged] FD done — IoU: 0.730  (Δ=+0.011)  ✓
[staged] Done — final IoU: 0.730  loss: 0.2712
[staged] Popsize: per-robot phases=32  final=32  (theory optimum for 6 DOF = 10)

[staged] Hungarian pre-assignment  (7×7 cost matrix, 8 samples/entry = 392 renders)...
[staged]   robot_a → zone 6  robot_b → zone 0  robot_c → zone 2  robot_d → zone 4  robot_e → zone 1  robot_f → zone 3  robot_g → zone 5

[staged] Phase 1 — forward greedy  (8 iters × 7 robot(s), sigma=0.40×1.00, popsize=32)
[staged]   Ph1 robot a  zone 6  (uncovered: 15% of target)
    [parallel] 10 worker threads, one renderer clone each
    init sampling: best coverage score 140.0px of uncovered area  (16 samples)
[staged]   → robot a: IoU 0.084 → 0.444  ✓
    ↑ new global best IoU 0.444  [phase Ph1 robot a]
[staged]   Ph1 robot b  zone 0  (uncovered: 1% of target)
    [parallel] 10 worker threads, one renderer clone each
    init sampling: best coverage score 0.0px of uncovered area  (16 samples)
[staged]   → robot b: IoU 0.444 → 0.513  ✓
    ↑ new global best IoU 0.513  [phase Ph1 robot b]
[staged]   Ph1 robot c  zone 2  (uncovered: 14% of target)
    [parallel] 10 worker threads, one renderer clone each
    init sampling: best coverage score 390.0px of uncovered area  (16 samples)
[staged]   → robot c: IoU 0.513 → 0.572  ✓
    ↑ new global best IoU 0.572  [phase Ph1 robot c]
[staged]   Ph1 robot d  zone 4  (uncovered: 2% of target)
    [parallel] 10 worker threads, one renderer clone each
    init sampling: best coverage score 0.0px of uncovered area  (16 samples)
[staged]   → robot d: IoU 0.572 → 0.603  ✓
    ↑ new global best IoU 0.603  [phase Ph1 robot d]
[staged]   Ph1 robot e  zone 1  (uncovered: 7% of target)
    [parallel] 10 worker threads, one renderer clone each
    init sampling: best coverage score 46.0px of uncovered area  (16 samples)
[staged]   → robot e: IoU 0.603 → 0.615  ✓
    ↑ new global best IoU 0.615  [phase Ph1 robot e]
[staged]   Ph1 robot f  zone 3  (uncovered: 1% of target)
    [parallel] 10 worker threads, one renderer clone each
    init sampling: best coverage score 33.0px of uncovered area  (16 samples)
[staged]   → robot f: IoU 0.615 → 0.622  ✓
    ↑ new global best IoU 0.622  [phase Ph1 robot f]
[staged]   Ph1 robot g  zone 5  (uncovered: 5% of target)
    [parallel] 10 worker threads, one renderer clone each
    init sampling: best coverage score 53.0px of uncovered area  (16 samples)
[staged]   → robot g: IoU 0.622 → 0.651  ✓
    ↑ new global best IoU 0.651  [phase Ph1 robot g]
[staged] Phase 1 done — composite IoU: 0.651

[staged] Phase 2 — backward pass  (8 iters × 7 robots, sigma=0.300)
[staged]   contributions before Phase 2:
[staged]     robot a: +0.107 IoU
[staged]     robot b: +0.095 IoU
[staged]     robot c: +0.080 IoU
[staged]     robot d: +0.057 IoU
[staged]     robot e: +0.036 IoU  ← low
[staged]     robot f: +0.027 IoU  ← low
[staged]     robot g: +0.029 IoU  ← low
[staged]   Ph2 robot g  zone 5  (uncovered: 5% of target)
    [parallel] 10 worker threads, one renderer clone each
    init sampling: best coverage score 24.0px of uncovered area  (16 samples)
[staged]   → robot g: IoU 0.651 → 0.651  ✓
    ↑ new global best IoU 0.651  [phase Ph2 robot g]
[staged]   Ph2 robot f  zone 3  (uncovered: 7% of target)
    [parallel] 10 worker threads, one renderer clone each
    init sampling: best coverage score 10.0px of uncovered area  (16 samples)
[staged]   → robot f: IoU 0.651 → 0.658  ✓
    ↑ new global best IoU 0.658  [phase Ph2 robot f]
[staged]   Ph2 robot e  zone 1  (uncovered: 5% of target)
    [parallel] 10 worker threads, one renderer clone each
    init sampling: best coverage score 70.0px of uncovered area  (16 samples)
[staged]   → robot e: IoU 0.658 → 0.662  ✓
    ↑ new global best IoU 0.662  [phase Ph2 robot e]
[staged]   Ph2 robot d  zone 4  (uncovered: 6% of target)
    [parallel] 10 worker threads, one renderer clone each
    init sampling: best coverage score 56.0px of uncovered area  (16 samples)
[staged]   → robot d: candidate 0.658 < current 0.662  ✗ rejected
[staged]   Ph2 robot c  zone 2  (uncovered: 12% of target)
    [parallel] 10 worker threads, one renderer clone each
    init sampling: best coverage score 260.0px of uncovered area  (16 samples)
[staged]   → robot c: candidate 0.659 < current 0.662  ✗ rejected
[staged]   Ph2 robot b  zone 0  (uncovered: 7% of target)
    [parallel] 10 worker threads, one renderer clone each
    init sampling: best coverage score 84.0px of uncovered area  (16 samples)
[staged]   → robot b: candidate 0.629 < current 0.662  ✗ rejected
[staged]   Ph2 robot a  zone 6  (uncovered: 12% of target)
    [parallel] 10 worker threads, one renderer clone each
    init sampling: best coverage score 98.0px of uncovered area  (16 samples)
[staged]   → robot a: candidate 0.603 < current 0.662  ✗ rejected
[staged] Phase 2 done — composite IoU: 0.662

[staged] Best snapshot: Phase 2  IoU=0.662
[staged] Manifold final pass — computing Jacobian  (ε=0.020, 84 renders)
[staged] Manifold basis: k=12D / 42D  (variance≥85%, top eigenvalues: ['343071.31', '258850.97', '196503.08', '156770.03', '142473.47'])
    ↑ new global best IoU 0.675  [manifold final pass]
[staged] Manifold done — IoU: 0.675  (Δ=+0.013)  ✓
[staged] FD refinement — 5 Adam steps  (420 renders, lr=0.01, ε=0.02)
    ↑ new global best IoU 0.704  [FD refinement]
[staged] FD done — IoU: 0.704  (Δ=+0.029)  ✓
[staged] Done — final IoU: 0.704  loss: 0.2982
[staged] Popsize: per-robot phases=32  final=32  (theory optimum for 6 DOF = 10)

[staged] Hungarian pre-assignment  (7×7 cost matrix, 8 samples/entry = 392 renders)...
[staged]   robot_a → zone 0  robot_b → zone 3  robot_c → zone 6  robot_d → zone 4  robot_e → zone 2  robot_f → zone 1  robot_g → zone 5

[staged] Phase 1 — forward greedy  (8 iters × 7 robot(s), sigma=0.40×1.00, popsize=32)
[staged]   Ph1 robot a  zone 0  (uncovered: 20% of target)
    [parallel] 10 worker threads, one renderer clone each
    init sampling: best coverage score 451.0px of uncovered area  (16 samples)
[staged]   → robot a: IoU 0.084 → 0.452  ✓
    ↑ new global best IoU 0.452  [phase Ph1 robot a]
[staged]   Ph1 robot b  zone 3  (uncovered: 21% of target)
    [parallel] 10 worker threads, one renderer clone each
    init sampling: best coverage score 498.0px of uncovered area  (16 samples)
[staged]   → robot b: IoU 0.452 → 0.542  ✓
    ↑ new global best IoU 0.542  [phase Ph1 robot b]
[staged]   Ph1 robot c  zone 6  (uncovered: 0% of target)
    [parallel] 10 worker threads, one renderer clone each
    init sampling: best coverage score 5.0px of uncovered area  (16 samples)
[staged]   → robot c: IoU 0.542 → 0.580  ✓
    ↑ new global best IoU 0.580  [phase Ph1 robot c]
[staged]   Ph1 robot d  zone 4  (uncovered: 1% of target)
    [parallel] 10 worker threads, one renderer clone each
    init sampling: best coverage score 30.0px of uncovered area  (16 samples)
[staged]   → robot d: IoU 0.580 → 0.617  ✓
    ↑ new global best IoU 0.617  [phase Ph1 robot d]
[staged]   Ph1 robot e  zone 2  (uncovered: 1% of target)
    [parallel] 10 worker threads, one renderer clone each
    init sampling: best coverage score 16.0px of uncovered area  (16 samples)
[staged]   → robot e: IoU 0.617 → 0.630  ✓
    ↑ new global best IoU 0.630  [phase Ph1 robot e]
[staged]   Ph1 robot f  zone 1  (uncovered: 3% of target)
    [parallel] 10 worker threads, one renderer clone each
    init sampling: best coverage score 24.0px of uncovered area  (16 samples)
[staged]   → robot f: IoU 0.630 → 0.643  ✓
    ↑ new global best IoU 0.643  [phase Ph1 robot f]
[staged]   Ph1 robot g  zone 5  (uncovered: 0% of target)
    [parallel] 10 worker threads, one renderer clone each
    init sampling: best loss 21.5577 (16 samples)
[staged]   → robot g: IoU 0.643 → 0.675  ✓
    ↑ new global best IoU 0.675  [phase Ph1 robot g]
[staged] Phase 1 done — composite IoU: 0.675

[staged] Phase 2 — backward pass  (8 iters × 7 robots, sigma=0.300)
[staged]   contributions before Phase 2:
[staged]     robot a: +0.116 IoU
[staged]     robot b: +0.052 IoU
[staged]     robot c: +0.074 IoU
[staged]     robot d: +0.066 IoU
[staged]     robot e: +0.042 IoU  ← low
[staged]     robot f: +0.039 IoU  ← low
[staged]     robot g: +0.032 IoU  ← low
[staged]   Ph2 robot g  zone 5  (uncovered: 3% of target)
    [parallel] 10 worker threads, one renderer clone each
    init sampling: best coverage score 1.0px of uncovered area  (16 samples)
[staged]   → robot g: candidate 0.674 < current 0.675  ✗ rejected
[staged]   Ph2 robot f  zone 1  (uncovered: 3% of target)
    [parallel] 10 worker threads, one renderer clone each
    init sampling: best coverage score 3.0px of uncovered area  (16 samples)
[staged]   → robot f: candidate 0.675 < current 0.675  ✗ rejected
[staged]   Ph2 robot e  zone 2  (uncovered: 3% of target)
    [parallel] 10 worker threads, one renderer clone each
    init sampling: best coverage score 8.0px of uncovered area  (16 samples)
[staged]   → robot e: IoU 0.675 → 0.676  ✓
    ↑ new global best IoU 0.676  [phase Ph2 robot e]
[staged]   Ph2 robot d  zone 4  (uncovered: 5% of target)
    [parallel] 10 worker threads, one renderer clone each
    init sampling: best coverage score 96.0px of uncovered area  (16 samples)
[staged]   → robot d: candidate 0.673 < current 0.676  ✗ rejected
[staged]   Ph2 robot c  zone 6  (uncovered: 6% of target)
    [parallel] 10 worker threads, one renderer clone each
    init sampling: best coverage score 70.0px of uncovered area  (16 samples)
[staged]   → robot c: candidate 0.663 < current 0.676  ✗ rejected
[staged]   Ph2 robot b  zone 3  (uncovered: 11% of target)
    [parallel] 10 worker threads, one renderer clone each
    init sampling: best coverage score 155.0px of uncovered area  (16 samples)
[staged]   → robot b: candidate 0.656 < current 0.676  ✗ rejected
[staged]   Ph2 robot a  zone 0  (uncovered: 9% of target)
    [parallel] 10 worker threads, one renderer clone each
    init sampling: best coverage score 160.0px of uncovered area  (16 samples)
[staged]   → robot a: candidate 0.655 < current 0.676  ✗ rejected
[staged] Phase 2 done — composite IoU: 0.676

[staged] Best snapshot: Phase 2  IoU=0.676
[staged] Manifold final pass — computing Jacobian  (ε=0.020, 84 renders)
[staged] Manifold basis: k=10D / 42D  (variance≥85%, top eigenvalues: ['303422.28', '280086.41', '109858.94', '59641.24', '56324.78'])
    ↑ new global best IoU 0.679  [manifold final pass]
[staged] Manifold done — IoU: 0.679  (Δ=+0.003)  ✓
[staged] FD refinement — 5 Adam steps  (420 renders, lr=0.01, ε=0.02)
    ↑ new global best IoU 0.701  [FD refinement]
[staged] FD done — IoU: 0.701  (Δ=+0.022)  ✓
[staged] Done — final IoU: 0.701  loss: 0.3001
[staged] Popsize: per-robot phases=32  final=32  (theory optimum for 6 DOF = 10)

[staged] Hungarian pre-assignment  (7×7 cost matrix, 8 samples/entry = 392 renders)...
[staged]   robot_a → zone 4  robot_b → zone 1  robot_c → zone 3  robot_d → zone 5  robot_e → zone 0  robot_f → zone 2  robot_g → zone 6

[staged] Phase 1 — forward greedy  (8 iters × 7 robot(s), sigma=0.40×1.00, popsize=32)
[staged]   Ph1 robot a  zone 4  (uncovered: 14% of target)
    [parallel] 10 worker threads, one renderer clone each
    init sampling: best coverage score 333.0px of uncovered area  (16 samples)
[staged]   → robot a: IoU 0.084 → 0.456  ✓
    ↑ new global best IoU 0.456  [phase Ph1 robot a]
[staged]   Ph1 robot b  zone 1  (uncovered: 4% of target)
    [parallel] 10 worker threads, one renderer clone each
    init sampling: best coverage score 51.0px of uncovered area  (16 samples)
[staged]   → robot b: IoU 0.456 → 0.520  ✓
    ↑ new global best IoU 0.520  [phase Ph1 robot b]
[staged]   Ph1 robot c  zone 3  (uncovered: 2% of target)
    [parallel] 10 worker threads, one renderer clone each
    init sampling: best coverage score 1.0px of uncovered area  (16 samples)
[staged]   → robot c: IoU 0.520 → 0.541  ✓
    ↑ new global best IoU 0.541  [phase Ph1 robot c]
[staged]   Ph1 robot d  zone 5  (uncovered: 1% of target)
    [parallel] 10 worker threads, one renderer clone each
    init sampling: best coverage score 22.0px of uncovered area  (16 samples)
[staged]   → robot d: IoU 0.541 → 0.566  ✓
    ↑ new global best IoU 0.566  [phase Ph1 robot d]
[staged]   Ph1 robot e  zone 0  (uncovered: 0% of target)
    [parallel] 10 worker threads, one renderer clone each
    init sampling: best coverage score 2.0px of uncovered area  (16 samples)
[staged]   → robot e: IoU 0.566 → 0.578  ✓
    ↑ new global best IoU 0.578  [phase Ph1 robot e]
[staged]   Ph1 robot f  zone 2  (uncovered: 4% of target)
    [parallel] 10 worker threads, one renderer clone each
    init sampling: best coverage score 14.0px of uncovered area  (16 samples)
[staged]   → robot f: IoU 0.578 → 0.588  ✓
    ↑ new global best IoU 0.588  [phase Ph1 robot f]
[staged]   Ph1 robot g  zone 6  (uncovered: 3% of target)
    [parallel] 10 worker threads, one renderer clone each
    init sampling: best coverage score 0.0px of uncovered area  (16 samples)
[staged]   → robot g: IoU 0.588 → 0.615  ✓
    ↑ new global best IoU 0.615  [phase Ph1 robot g]
[staged] Phase 1 done — composite IoU: 0.615

[staged] Phase 2 — backward pass  (8 iters × 7 robots, sigma=0.300)
[staged]   contributions before Phase 2:
[staged]     robot a: +0.077 IoU
[staged]     robot b: +0.046 IoU  ← low
[staged]     robot c: +0.048 IoU  ← low
[staged]     robot d: +0.042 IoU  ← low
[staged]     robot e: +0.036 IoU  ← low
[staged]     robot f: +0.031 IoU  ← low
[staged]     robot g: +0.028 IoU  ← low
[staged]   Ph2 robot g  zone 6  (uncovered: 3% of target)
    [parallel] 10 worker threads, one renderer clone each
    init sampling: best coverage score 2.0px of uncovered area  (16 samples)
[staged]   → robot g: IoU 0.615 → 0.616  ✓
    ↑ new global best IoU 0.616  [phase Ph2 robot g]
[staged]   Ph2 robot f  zone 2  (uncovered: 4% of target)
    [parallel] 10 worker threads, one renderer clone each
    init sampling: best coverage score 6.0px of uncovered area  (16 samples)
[staged]   → robot f: IoU 0.616 → 0.616  ✓
    ↑ new global best IoU 0.616  [phase Ph2 robot f]
[staged]   Ph2 robot e  zone 0  (uncovered: 4% of target)
    [parallel] 10 worker threads, one renderer clone each
    init sampling: best coverage score 6.0px of uncovered area  (16 samples)
[staged]   → robot e: candidate 0.614 < current 0.616  ✗ rejected
[staged]   Ph2 robot d  zone 5  (uncovered: 5% of target)
    [parallel] 10 worker threads, one renderer clone each
    init sampling: best coverage score 16.0px of uncovered area  (16 samples)
[staged]   → robot d: IoU 0.616 → 0.617  ✓
    ↑ new global best IoU 0.617  [phase Ph2 robot d]
[staged]   Ph2 robot c  zone 3  (uncovered: 4% of target)
    [parallel] 10 worker threads, one renderer clone each
    init sampling: best coverage score 42.0px of uncovered area  (16 samples)
[staged]   → robot c: candidate 0.613 < current 0.617  ✗ rejected
[staged]   Ph2 robot b  zone 1  (uncovered: 8% of target)
    [parallel] 10 worker threads, one renderer clone each
    init sampling: best coverage score 166.0px of uncovered area  (16 samples)
[staged]   → robot b: IoU 0.617 → 0.666  ✓
    ↑ new global best IoU 0.666  [phase Ph2 robot b]
[staged]   Ph2 robot a  zone 4  (uncovered: 15% of target)
    [parallel] 10 worker threads, one renderer clone each
    init sampling: best coverage score 329.0px of uncovered area  (16 samples)
[staged]   → robot a: IoU 0.666 → 0.676  ✓
    ↑ new global best IoU 0.676  [phase Ph2 robot a]
[staged] Phase 2 done — composite IoU: 0.676

[staged] Best snapshot: Phase 2  IoU=0.676
[staged] Manifold final pass — computing Jacobian  (ε=0.020, 84 renders)
[staged] Manifold basis: k=11D / 42D  (variance≥85%, top eigenvalues: ['213884.33', '213235.55', '147713.05', '96583.07', '80403.00'])
    ↑ new global best IoU 0.747  [manifold final pass]
[staged] Manifold done — IoU: 0.747  (Δ=+0.071)  ✓
[staged] FD refinement — 5 Adam steps  (420 renders, lr=0.01, ε=0.02)
    ↑ new global best IoU 0.786  [FD refinement]
[staged] FD done — IoU: 0.786  (Δ=+0.038)  ✓
[staged] Done — final IoU: 0.786  loss: 0.2148
[staged] Popsize: per-robot phases=32  final=32  (theory optimum for 6 DOF = 10)

[staged] Hungarian pre-assignment  (7×7 cost matrix, 8 samples/entry = 392 renders)...
[staged]   robot_a → zone 4  robot_b → zone 3  robot_c → zone 5  robot_d → zone 6  robot_e → zone 0  robot_f → zone 1  robot_g → zone 2

[staged] Phase 1 — forward greedy  (8 iters × 7 robot(s), sigma=0.40×1.00, popsize=32)
[staged]   Ph1 robot a  zone 4  (uncovered: 10% of target)
    [parallel] 10 worker threads, one renderer clone each
    init sampling: best coverage score 268.0px of uncovered area  (16 samples)
[staged]   → robot a: IoU 0.084 → 0.452  ✓
    ↑ new global best IoU 0.452  [phase Ph1 robot a]
[staged]   Ph1 robot b  zone 3  (uncovered: 0% of target)
    [parallel] 10 worker threads, one renderer clone each
    init sampling: best coverage score 0.0px of uncovered area  (16 samples)
[staged]   → robot b: IoU 0.452 → 0.506  ✓
    ↑ new global best IoU 0.506  [phase Ph1 robot b]
[staged]   Ph1 robot c  zone 5  (uncovered: 12% of target)
    [parallel] 10 worker threads, one renderer clone each
    init sampling: best coverage score 145.0px of uncovered area  (16 samples)
[staged]   → robot c: IoU 0.506 → 0.529  ✓
    ↑ new global best IoU 0.529  [phase Ph1 robot c]
[staged]   Ph1 robot d  zone 6  (uncovered: 2% of target)
    [parallel] 10 worker threads, one renderer clone each
    init sampling: best coverage score 0.0px of uncovered area  (16 samples)
[staged]   → robot d: IoU 0.529 → 0.549  ✓
    ↑ new global best IoU 0.549  [phase Ph1 robot d]
[staged]   Ph1 robot e  zone 0  (uncovered: 10% of target)
    [parallel] 10 worker threads, one renderer clone each
    init sampling: best coverage score 12.0px of uncovered area  (16 samples)
[staged]   → robot e: IoU 0.549 → 0.565  ✓
    ↑ new global best IoU 0.565  [phase Ph1 robot e]
[staged]   Ph1 robot f  zone 1  (uncovered: 0% of target)
    [parallel] 10 worker threads, one renderer clone each
    init sampling: best coverage score 0.0px of uncovered area  (16 samples)
[staged]   → robot f: IoU 0.565 → 0.587  ✓
    ↑ new global best IoU 0.587  [phase Ph1 robot f]
[staged]   Ph1 robot g  zone 2  (uncovered: 6% of target)
    [parallel] 10 worker threads, one renderer clone each
    init sampling: best coverage score 3.0px of uncovered area  (16 samples)
[staged]   → robot g: IoU 0.587 → 0.633  ✓
    ↑ new global best IoU 0.633  [phase Ph1 robot g]
[staged] Phase 1 done — composite IoU: 0.633

[staged] Phase 2 — backward pass  (8 iters × 7 robots, sigma=0.300)
[staged]   contributions before Phase 2:
[staged]     robot a: +0.106 IoU
[staged]     robot b: +0.053 IoU
[staged]     robot c: +0.061 IoU
[staged]     robot d: +0.062 IoU
[staged]     robot e: +0.057 IoU
[staged]     robot f: +0.056 IoU
[staged]     robot g: +0.045 IoU  ← low
[staged]   Ph2 robot g  zone 2  (uncovered: 6% of target)
    [parallel] 10 worker threads, one renderer clone each
    init sampling: best coverage score 0.0px of uncovered area  (16 samples)
[staged]   → robot g: candidate 0.632 < current 0.633  ✗ rejected
[staged]   Ph2 robot f  zone 1  (uncovered: 10% of target)
    [parallel] 10 worker threads, one renderer clone each
    init sampling: best coverage score 7.0px of uncovered area  (16 samples)
[staged]   → robot f: IoU 0.633 → 0.644  ✓
    ↑ new global best IoU 0.644  [phase Ph2 robot f]
[staged]   Ph2 robot e  zone 0  (uncovered: 5% of target)
    [parallel] 10 worker threads, one renderer clone each
    init sampling: best coverage score 3.0px of uncovered area  (16 samples)
[staged]   → robot e: candidate 0.643 < current 0.644  ✗ rejected
[staged]   Ph2 robot d  zone 6  (uncovered: 4% of target)
    [parallel] 10 worker threads, one renderer clone each
    init sampling: best coverage score 3.0px of uncovered area  (16 samples)
[staged]   → robot d: candidate 0.629 < current 0.644  ✗ rejected
[staged]   Ph2 robot c  zone 5  (uncovered: 5% of target)
    [parallel] 10 worker threads, one renderer clone each
    init sampling: best coverage score 7.0px of uncovered area  (16 samples)
[staged]   → robot c: IoU 0.644 → 0.654  ✓
    ↑ new global best IoU 0.654  [phase Ph2 robot c]
[staged]   Ph2 robot b  zone 3  (uncovered: 5% of target)
    [parallel] 10 worker threads, one renderer clone each
    init sampling: best coverage score 62.0px of uncovered area  (16 samples)
[staged]   → robot b: IoU 0.654 → 0.683  ✓
    ↑ new global best IoU 0.683  [phase Ph2 robot b]
[staged]   Ph2 robot a  zone 4  (uncovered: 15% of target)
    [parallel] 10 worker threads, one renderer clone each
    init sampling: best coverage score 212.0px of uncovered area  (16 samples)
[staged]   → robot a: candidate 0.669 < current 0.683  ✗ rejected
[staged] Phase 2 done — composite IoU: 0.683

[staged] Best snapshot: Phase 2  IoU=0.683
[staged] Manifold final pass — computing Jacobian  (ε=0.020, 84 renders)
[staged] Manifold basis: k=11D / 42D  (variance≥85%, top eigenvalues: ['295146.16', '162713.14', '145254.50', '100592.05', '91331.02'])
[staged] Manifold did not improve (0.678 vs 0.683), keeping best snapshot
[staged] FD refinement — 5 Adam steps  (420 renders, lr=0.01, ε=0.02)
    ↑ new global best IoU 0.714  [FD refinement]
[staged] FD done — IoU: 0.714  (Δ=+0.032)  ✓
[staged] Done — final IoU: 0.714  loss: 0.2869
[shard 0] 9/10 digits/7_dejavusans-bold  best=0.786 mean=0.727±0.031  218s  eta 0.1h
[staged] Popsize: per-robot phases=32  final=32  (theory optimum for 6 DOF = 10)

[staged] Hungarian pre-assignment  (7×7 cost matrix, 8 samples/entry = 392 renders)...
[staged]   robot_a → zone 3  robot_b → zone 1  robot_c → zone 0  robot_d → zone 2  robot_e → zone 5  robot_f → zone 4  robot_g → zone 6

[staged] Phase 1 — forward greedy  (8 iters × 7 robot(s), sigma=0.40×1.00, popsize=32)
[staged]   Ph1 robot a  zone 3  (uncovered: 14% of target)
    [parallel] 10 worker threads, one renderer clone each
    init sampling: best coverage score 643.0px of uncovered area  (16 samples)
[staged]   → robot a: IoU 0.139 → 0.421  ✓
    ↑ new global best IoU 0.421  [phase Ph1 robot a]
[staged]   Ph1 robot b  zone 1  (uncovered: 11% of target)
    [parallel] 10 worker threads, one renderer clone each
    init sampling: best coverage score 407.0px of uncovered area  (16 samples)
[staged]   → robot b: IoU 0.421 → 0.568  ✓
    ↑ new global best IoU 0.568  [phase Ph1 robot b]
[staged]   Ph1 robot c  zone 0  (uncovered: 3% of target)
    [parallel] 10 worker threads, one renderer clone each
    init sampling: best coverage score 13.0px of uncovered area  (16 samples)
[staged]   → robot c: IoU 0.568 → 0.594  ✓
    ↑ new global best IoU 0.594  [phase Ph1 robot c]
[staged]   Ph1 robot d  zone 2  (uncovered: 8% of target)
    [parallel] 10 worker threads, one renderer clone each
    init sampling: best coverage score 183.0px of uncovered area  (16 samples)
[staged]   → robot d: IoU 0.594 → 0.621  ✓
    ↑ new global best IoU 0.621  [phase Ph1 robot d]
[staged]   Ph1 robot e  zone 5  (uncovered: 1% of target)
    [parallel] 10 worker threads, one renderer clone each
    init sampling: best coverage score 25.0px of uncovered area  (16 samples)
[staged]   → robot e: IoU 0.621 → 0.635  ✓
    ↑ new global best IoU 0.635  [phase Ph1 robot e]
[staged]   Ph1 robot f  zone 4  (uncovered: 2% of target)
    [parallel] 10 worker threads, one renderer clone each
    init sampling: best coverage score 25.0px of uncovered area  (16 samples)
[staged]   → robot f: IoU 0.635 → 0.642  ✓
    ↑ new global best IoU 0.642  [phase Ph1 robot f]
[staged]   Ph1 robot g  zone 6  (uncovered: 0% of target)
    [parallel] 10 worker threads, one renderer clone each
    init sampling: best coverage score 4.0px of uncovered area  (16 samples)
[staged]   → robot g: IoU 0.642 → 0.658  ✓
    ↑ new global best IoU 0.658  [phase Ph1 robot g]
[staged] Phase 1 done — composite IoU: 0.658

[staged] Phase 2 — backward pass  (8 iters × 7 robots, sigma=0.300)
[staged]   contributions before Phase 2:
[staged]     robot a: +0.082 IoU
[staged]     robot b: +0.057 IoU
[staged]     robot c: +0.039 IoU  ← low
[staged]     robot d: +0.039 IoU  ← low
[staged]     robot e: +0.023 IoU  ← low
[staged]     robot f: +0.019 IoU  ← low
[staged]     robot g: +0.016 IoU  ← low
[staged]   Ph2 robot g  zone 6  (uncovered: 1% of target)
    [parallel] 10 worker threads, one renderer clone each
    init sampling: best coverage score 6.0px of uncovered area  (16 samples)
[staged]   → robot g: IoU 0.658 → 0.659  ✓
    ↑ new global best IoU 0.659  [phase Ph2 robot g]
[staged]   Ph2 robot f  zone 4  (uncovered: 2% of target)
    [parallel] 10 worker threads, one renderer clone each
    init sampling: best coverage score 25.0px of uncovered area  (16 samples)
[staged]   → robot f: candidate 0.657 < current 0.659  ✗ rejected
[staged]   Ph2 robot e  zone 5  (uncovered: 2% of target)
    [parallel] 10 worker threads, one renderer clone each
    init sampling: best coverage score 30.0px of uncovered area  (16 samples)
[staged]   → robot e: candidate 0.658 < current 0.659  ✗ rejected
[staged]   Ph2 robot d  zone 2  (uncovered: 5% of target)
    [parallel] 10 worker threads, one renderer clone each
    init sampling: best coverage score 144.0px of uncovered area  (16 samples)
[staged]   → robot d: IoU 0.659 → 0.660  ✓
    ↑ new global best IoU 0.660  [phase Ph2 robot d]
[staged]   Ph2 robot c  zone 0  (uncovered: 5% of target)
    [parallel] 10 worker threads, one renderer clone each
    init sampling: best coverage score 92.0px of uncovered area  (16 samples)
[staged]   → robot c: candidate 0.644 < current 0.660  ✗ rejected
[staged]   Ph2 robot b  zone 1  (uncovered: 7% of target)
    [parallel] 10 worker threads, one renderer clone each
    init sampling: best coverage score 210.0px of uncovered area  (16 samples)
[staged]   → robot b: candidate 0.650 < current 0.660  ✗ rejected
[staged]   Ph2 robot a  zone 3  (uncovered: 20% of target)
    [parallel] 10 worker threads, one renderer clone each
    init sampling: best coverage score 188.0px of uncovered area  (16 samples)
[staged]   → robot a: candidate 0.655 < current 0.660  ✗ rejected
[staged] Phase 2 done — composite IoU: 0.660

[staged] Best snapshot: Phase 2  IoU=0.660
[staged] Manifold final pass — computing Jacobian  (ε=0.020, 84 renders)
[staged] Manifold basis: k=6D / 42D  (variance≥85%, top eigenvalues: ['1382950.62', '334470.66', '131427.73', '120911.30', '102886.59'])
    ↑ new global best IoU 0.687  [manifold final pass]
[staged] Manifold done — IoU: 0.687  (Δ=+0.027)  ✓
[staged] FD refinement — 5 Adam steps  (420 renders, lr=0.01, ε=0.02)
    ↑ new global best IoU 0.694  [FD refinement]
[staged] FD done — IoU: 0.694  (Δ=+0.007)  ✓
[staged] Done — final IoU: 0.694  loss: 0.3084
[staged] Popsize: per-robot phases=32  final=32  (theory optimum for 6 DOF = 10)

[staged] Hungarian pre-assignment  (7×7 cost matrix, 8 samples/entry = 392 renders)...
[staged]   robot_a → zone 6  robot_b → zone 1  robot_c → zone 4  robot_d → zone 3  robot_e → zone 2  robot_f → zone 0  robot_g → zone 5

[staged] Phase 1 — forward greedy  (8 iters × 7 robot(s), sigma=0.40×1.00, popsize=32)
[staged]   Ph1 robot a  zone 6  (uncovered: 19% of target)
    [parallel] 10 worker threads, one renderer clone each
    init sampling: best coverage score 699.0px of uncovered area  (16 samples)
[staged]   → robot a: IoU 0.139 → 0.439  ✓
    ↑ new global best IoU 0.439  [phase Ph1 robot a]
[staged]   Ph1 robot b  zone 1  (uncovered: 1% of target)
    [parallel] 10 worker threads, one renderer clone each
    init sampling: best coverage score 34.0px of uncovered area  (16 samples)
[staged]   → robot b: IoU 0.439 → 0.601  ✓
    ↑ new global best IoU 0.601  [phase Ph1 robot b]
[staged]   Ph1 robot c  zone 4  (uncovered: 1% of target)
    [parallel] 10 worker threads, one renderer clone each
    init sampling: best coverage score 21.0px of uncovered area  (16 samples)
[staged]   → robot c: IoU 0.601 → 0.647  ✓
    ↑ new global best IoU 0.647  [phase Ph1 robot c]
[staged]   Ph1 robot d  zone 3  (uncovered: 1% of target)
    [parallel] 10 worker threads, one renderer clone each
    init sampling: best coverage score 27.0px of uncovered area  (16 samples)
[staged]   → robot d: IoU 0.647 → 0.664  ✓
    ↑ new global best IoU 0.664  [phase Ph1 robot d]
[staged]   Ph1 robot e  zone 2  (uncovered: 2% of target)
    [parallel] 10 worker threads, one renderer clone each
    init sampling: best coverage score 49.0px of uncovered area  (16 samples)
[staged]   → robot e: IoU 0.664 → 0.680  ✓
    ↑ new global best IoU 0.680  [phase Ph1 robot e]
[staged]   Ph1 robot f  zone 0  (uncovered: 1% of target)
    [parallel] 10 worker threads, one renderer clone each
    init sampling: best coverage score 35.0px of uncovered area  (16 samples)
[staged]   → robot f: IoU 0.680 → 0.685  ✓
    ↑ new global best IoU 0.685  [phase Ph1 robot f]
[staged]   Ph1 robot g  zone 5  (uncovered: 1% of target)
    [parallel] 10 worker threads, one renderer clone each
    init sampling: best coverage score 2.0px of uncovered area  (16 samples)
[staged]   → robot g: IoU 0.685 → 0.707  ✓
    ↑ new global best IoU 0.707  [phase Ph1 robot g]
[staged] Phase 1 done — composite IoU: 0.707

[staged] Phase 2 — backward pass  (8 iters × 7 robots, sigma=0.300)
[staged]   contributions before Phase 2:
[staged]     robot a: +0.192 IoU
[staged]     robot b: +0.132 IoU
[staged]     robot c: +0.040 IoU  ← low
[staged]     robot d: +0.034 IoU  ← low
[staged]     robot e: +0.034 IoU  ← low
[staged]     robot f: +0.022 IoU  ← low
[staged]     robot g: +0.022 IoU  ← low
[staged]   Ph2 robot g  zone 5  (uncovered: 6% of target)
    [parallel] 10 worker threads, one renderer clone each
    init sampling: best coverage score 42.0px of uncovered area  (16 samples)
[staged]   → robot g: candidate 0.705 < current 0.707  ✗ rejected
[staged]   Ph2 robot f  zone 0  (uncovered: 8% of target)
    [parallel] 10 worker threads, one renderer clone each
    init sampling: best coverage score 80.0px of uncovered area  (16 samples)
[staged]   → robot f: candidate 0.684 < current 0.707  ✗ rejected
[staged]   Ph2 robot e  zone 2  (uncovered: 7% of target)
    [parallel] 10 worker threads, one renderer clone each
    init sampling: best coverage score 73.0px of uncovered area  (16 samples)
[staged]   → robot e: candidate 0.705 < current 0.707  ✗ rejected
[staged]   Ph2 robot d  zone 3  (uncovered: 7% of target)
    [parallel] 10 worker threads, one renderer clone each
    init sampling: best coverage score 56.0px of uncovered area  (16 samples)
[staged]   → robot d: candidate 0.705 < current 0.707  ✗ rejected
[staged]   Ph2 robot c  zone 4  (uncovered: 7% of target)
    [parallel] 10 worker threads, one renderer clone each
    init sampling: best coverage score 88.0px of uncovered area  (16 samples)
[staged]   → robot c: candidate 0.702 < current 0.707  ✗ rejected
[staged]   Ph2 robot b  zone 1  (uncovered: 21% of target)
    [parallel] 10 worker threads, one renderer clone each
    init sampling: best coverage score 720.0px of uncovered area  (16 samples)
[staged]   → robot b: candidate 0.693 < current 0.707  ✗ rejected
[staged]   Ph2 robot a  zone 6  (uncovered: 32% of target)
    [parallel] 10 worker threads, one renderer clone each
    init sampling: best coverage score 162.0px of uncovered area  (16 samples)
[staged]   → robot a: candidate 0.607 < current 0.707  ✗ rejected
[staged] Phase 2 done — composite IoU: 0.707

[staged] Best snapshot: Phase 1  IoU=0.707
[staged] Manifold final pass — computing Jacobian  (ε=0.020, 84 renders)
[staged] Manifold basis: k=11D / 42D  (variance≥85%, top eigenvalues: ['663475.31', '121850.89', '111152.92', '85754.87', '79732.03'])
    ↑ new global best IoU 0.726  [manifold final pass]
[staged] Manifold done — IoU: 0.726  (Δ=+0.019)  ✓
[staged] FD refinement — 5 Adam steps  (420 renders, lr=0.01, ε=0.02)
    ↑ new global best IoU 0.746  [FD refinement]
[staged] FD done — IoU: 0.746  (Δ=+0.021)  ✓
[staged] Done — final IoU: 0.746  loss: 0.2553
[staged] Popsize: per-robot phases=32  final=32  (theory optimum for 6 DOF = 10)

[staged] Hungarian pre-assignment  (7×7 cost matrix, 8 samples/entry = 392 renders)...
[staged]   robot_a → zone 5  robot_b → zone 0  robot_c → zone 3  robot_d → zone 6  robot_e → zone 2  robot_f → zone 4  robot_g → zone 1

[staged] Phase 1 — forward greedy  (8 iters × 7 robot(s), sigma=0.40×1.00, popsize=32)
[staged]   Ph1 robot a  zone 5  (uncovered: 10% of target)
    [parallel] 10 worker threads, one renderer clone each
    init sampling: best coverage score 340.0px of uncovered area  (16 samples)
[staged]   → robot a: IoU 0.139 → 0.385  ✓
    ↑ new global best IoU 0.385  [phase Ph1 robot a]
[staged]   Ph1 robot b  zone 0  (uncovered: 0% of target)
    [parallel] 10 worker threads, one renderer clone each
    init sampling: best coverage score 4.0px of uncovered area  (16 samples)
[staged]   → robot b: IoU 0.385 → 0.597  ✓
    ↑ new global best IoU 0.597  [phase Ph1 robot b]
[staged]   Ph1 robot c  zone 3  (uncovered: 3% of target)
    [parallel] 10 worker threads, one renderer clone each
    init sampling: best coverage score 87.0px of uncovered area  (16 samples)
[staged]   → robot c: IoU 0.597 → 0.655  ✓
    ↑ new global best IoU 0.655  [phase Ph1 robot c]
[staged]   Ph1 robot d  zone 6  (uncovered: 0% of target)
    [parallel] 10 worker threads, one renderer clone each
    init sampling: best coverage score 24.0px of uncovered area  (16 samples)
[staged]   → robot d: IoU 0.655 → 0.667  ✓
    ↑ new global best IoU 0.667  [phase Ph1 robot d]
[staged]   Ph1 robot e  zone 2  (uncovered: 0% of target)
    [parallel] 10 worker threads, one renderer clone each
    init sampling: best coverage score 1.0px of uncovered area  (16 samples)
[staged]   → robot e: IoU 0.667 → 0.675  ✓
    ↑ new global best IoU 0.675  [phase Ph1 robot e]
[staged]   Ph1 robot f  zone 4  (uncovered: 0% of target)
    [parallel] 10 worker threads, one renderer clone each
    init sampling: best coverage score 0.0px of uncovered area  (16 samples)
[staged]   → robot f: IoU 0.675 → 0.678  ✓
    ↑ new global best IoU 0.678  [phase Ph1 robot f]
[staged]   Ph1 robot g  zone 1  (uncovered: 0% of target)
    [parallel] 10 worker threads, one renderer clone each
    init sampling: best coverage score 15.0px of uncovered area  (16 samples)
[staged]   → robot g: IoU 0.678 → 0.706  ✓
    ↑ new global best IoU 0.706  [phase Ph1 robot g]
[staged] Phase 1 done — composite IoU: 0.706

[staged] Phase 2 — backward pass  (8 iters × 7 robots, sigma=0.300)
[staged]   contributions before Phase 2:
[staged]     robot a: +0.118 IoU
[staged]     robot b: +0.061 IoU
[staged]     robot c: +0.038 IoU  ← low
[staged]     robot d: +0.024 IoU  ← low
[staged]     robot e: +0.017 IoU  ← low
[staged]     robot f: +0.015 IoU  ← low
[staged]     robot g: +0.028 IoU  ← low
[staged]   Ph2 robot g  zone 1  (uncovered: 4% of target)
    [parallel] 10 worker threads, one renderer clone each
    init sampling: best coverage score 52.0px of uncovered area  (16 samples)
[staged]   → robot g: candidate 0.702 < current 0.706  ✗ rejected
[staged]   Ph2 robot f  zone 4  (uncovered: 3% of target)
    [parallel] 10 worker threads, one renderer clone each
    init sampling: best coverage score 45.0px of uncovered area  (16 samples)
[staged]   → robot f: IoU 0.706 → 0.712  ✓
    ↑ new global best IoU 0.712  [phase Ph2 robot f]
[staged]   Ph2 robot e  zone 2  (uncovered: 2% of target)
    [parallel] 10 worker threads, one renderer clone each
    init sampling: best coverage score 13.0px of uncovered area  (16 samples)
[staged]   → robot e: IoU 0.712 → 0.713  ✓
    ↑ new global best IoU 0.713  [phase Ph2 robot e]
[staged]   Ph2 robot d  zone 6  (uncovered: 2% of target)
    [parallel] 10 worker threads, one renderer clone each
    init sampling: best coverage score 21.0px of uncovered area  (16 samples)
[staged]   → robot d: IoU 0.713 → 0.715  ✓
    ↑ new global best IoU 0.715  [phase Ph2 robot d]
[staged]   Ph2 robot c  zone 3  (uncovered: 10% of target)
    [parallel] 10 worker threads, one renderer clone each
    init sampling: best coverage score 85.0px of uncovered area  (16 samples)
[staged]   → robot c: candidate 0.677 < current 0.715  ✗ rejected
[staged]   Ph2 robot b  zone 0  (uncovered: 13% of target)
    [parallel] 10 worker threads, one renderer clone each
    init sampling: best coverage score 376.0px of uncovered area  (16 samples)
[staged]   → robot b: candidate 0.690 < current 0.715  ✗ rejected
[staged]   Ph2 robot a  zone 5  (uncovered: 18% of target)
    [parallel] 10 worker threads, one renderer clone each
    init sampling: best coverage score 451.0px of uncovered area  (16 samples)
[staged]   → robot a: candidate 0.701 < current 0.715  ✗ rejected
[staged] Phase 2 done — composite IoU: 0.715

[staged] Best snapshot: Phase 2  IoU=0.715
[staged] Manifold final pass — computing Jacobian  (ε=0.020, 84 renders)
[staged] Manifold basis: k=10D / 42D  (variance≥85%, top eigenvalues: ['282469.72', '216072.27', '164544.47', '97337.95', '76098.94'])
    ↑ new global best IoU 0.722  [manifold final pass]
[staged] Manifold done — IoU: 0.722  (Δ=+0.007)  ✓
[staged] FD refinement — 5 Adam steps  (420 renders, lr=0.01, ε=0.02)
    ↑ new global best IoU 0.734  [FD refinement]
[staged] FD done — IoU: 0.734  (Δ=+0.012)  ✓
[staged] Done — final IoU: 0.734  loss: 0.2673
[staged] Popsize: per-robot phases=32  final=32  (theory optimum for 6 DOF = 10)

[staged] Hungarian pre-assignment  (7×7 cost matrix, 8 samples/entry = 392 renders)...
[staged]   robot_a → zone 0  robot_b → zone 3  robot_c → zone 1  robot_d → zone 2  robot_e → zone 5  robot_f → zone 6  robot_g → zone 4

[staged] Phase 1 — forward greedy  (8 iters × 7 robot(s), sigma=0.40×1.00, popsize=32)
[staged]   Ph1 robot a  zone 0  (uncovered: 14% of target)
    [parallel] 10 worker threads, one renderer clone each
    init sampling: best coverage score 549.0px of uncovered area  (16 samples)
[staged]   → robot a: IoU 0.139 → 0.383  ✓
    ↑ new global best IoU 0.383  [phase Ph1 robot a]
[staged]   Ph1 robot b  zone 3  (uncovered: 2% of target)
    [parallel] 10 worker threads, one renderer clone each
    init sampling: best coverage score 87.0px of uncovered area  (16 samples)
[staged]   → robot b: IoU 0.383 → 0.541  ✓
    ↑ new global best IoU 0.541  [phase Ph1 robot b]
[staged]   Ph1 robot c  zone 1  (uncovered: 4% of target)
    [parallel] 10 worker threads, one renderer clone each
    init sampling: best coverage score 20.0px of uncovered area  (16 samples)
[staged]   → robot c: IoU 0.541 → 0.605  ✓
    ↑ new global best IoU 0.605  [phase Ph1 robot c]
[staged]   Ph1 robot d  zone 2  (uncovered: 0% of target)
    [parallel] 10 worker threads, one renderer clone each
    init sampling: best coverage score 17.0px of uncovered area  (16 samples)
[staged]   → robot d: IoU 0.605 → 0.629  ✓
    ↑ new global best IoU 0.629  [phase Ph1 robot d]
[staged]   Ph1 robot e  zone 5  (uncovered: 0% of target)
    [parallel] 10 worker threads, one renderer clone each
    init sampling: best coverage score 16.0px of uncovered area  (16 samples)
[staged]   → robot e: IoU 0.629 → 0.641  ✓
    ↑ new global best IoU 0.641  [phase Ph1 robot e]
[staged]   Ph1 robot f  zone 6  (uncovered: 1% of target)
    [parallel] 10 worker threads, one renderer clone each
    init sampling: best coverage score 8.0px of uncovered area  (16 samples)
[staged]   → robot f: IoU 0.641 → 0.649  ✓
    ↑ new global best IoU 0.649  [phase Ph1 robot f]
[staged]   Ph1 robot g  zone 4  (uncovered: 1% of target)
    [parallel] 10 worker threads, one renderer clone each
    init sampling: best coverage score 0.0px of uncovered area  (16 samples)
[staged]   → robot g: IoU 0.649 → 0.668  ✓
    ↑ new global best IoU 0.668  [phase Ph1 robot g]
[staged] Phase 1 done — composite IoU: 0.668

[staged] Phase 2 — backward pass  (8 iters × 7 robots, sigma=0.300)
[staged]   contributions before Phase 2:
[staged]     robot a: +0.091 IoU
[staged]     robot b: +0.085 IoU
[staged]     robot c: +0.054 IoU
[staged]     robot d: +0.025 IoU  ← low
[staged]     robot e: +0.028 IoU  ← low
[staged]     robot f: +0.020 IoU  ← low
[staged]     robot g: +0.019 IoU  ← low
[staged]   Ph2 robot g  zone 4  (uncovered: 3% of target)
    [parallel] 10 worker threads, one renderer clone each
    init sampling: best coverage score 25.0px of uncovered area  (16 samples)
[staged]   → robot g: candidate 0.667 < current 0.668  ✗ rejected
[staged]   Ph2 robot f  zone 6  (uncovered: 3% of target)
    [parallel] 10 worker threads, one renderer clone each
    init sampling: best coverage score 24.0px of uncovered area  (16 samples)
[staged]   → robot f: candidate 0.666 < current 0.668  ✗ rejected
[staged]   Ph2 robot e  zone 5  (uncovered: 5% of target)
    [parallel] 10 worker threads, one renderer clone each
    init sampling: best coverage score 26.0px of uncovered area  (16 samples)
[staged]   → robot e: IoU 0.668 → 0.668  ✓
    ↑ new global best IoU 0.668  [phase Ph2 robot e]
[staged]   Ph2 robot d  zone 2  (uncovered: 3% of target)
    [parallel] 10 worker threads, one renderer clone each
    init sampling: best coverage score 37.0px of uncovered area  (16 samples)
[staged]   → robot d: candidate 0.668 < current 0.668  ✗ rejected
[staged]   Ph2 robot c  zone 1  (uncovered: 9% of target)
    [parallel] 10 worker threads, one renderer clone each
    init sampling: best coverage score 201.0px of uncovered area  (16 samples)
[staged]   → robot c: candidate 0.658 < current 0.668  ✗ rejected
[staged]   Ph2 robot b  zone 3  (uncovered: 13% of target)
    [parallel] 10 worker threads, one renderer clone each
    init sampling: best coverage score 307.0px of uncovered area  (16 samples)
[staged]   → robot b: candidate 0.664 < current 0.668  ✗ rejected
[staged]   Ph2 robot a  zone 0  (uncovered: 15% of target)
    [parallel] 10 worker threads, one renderer clone each
    init sampling: best coverage score 173.0px of uncovered area  (16 samples)
[staged]   → robot a: IoU 0.668 → 0.703  ✓
    ↑ new global best IoU 0.703  [phase Ph2 robot a]
[staged] Phase 2 done — composite IoU: 0.703

[staged] Best snapshot: Phase 2  IoU=0.703
[staged] Manifold final pass — computing Jacobian  (ε=0.020, 84 renders)
[staged] Manifold basis: k=13D / 42D  (variance≥85%, top eigenvalues: ['178305.95', '154622.86', '141730.81', '139522.22', '107599.35'])
[staged] Manifold did not improve (0.693 vs 0.703), keeping best snapshot
[staged] FD refinement — 5 Adam steps  (420 renders, lr=0.01, ε=0.02)
    ↑ new global best IoU 0.721  [FD refinement]
[staged] FD done — IoU: 0.721  (Δ=+0.019)  ✓
[staged] Done — final IoU: 0.721  loss: 0.2804
[staged] Popsize: per-robot phases=32  final=32  (theory optimum for 6 DOF = 10)

[staged] Hungarian pre-assignment  (7×7 cost matrix, 8 samples/entry = 392 renders)...
[staged]   robot_a → zone 0  robot_b → zone 5  robot_c → zone 3  robot_d → zone 6  robot_e → zone 1  robot_f → zone 4  robot_g → zone 2

[staged] Phase 1 — forward greedy  (8 iters × 7 robot(s), sigma=0.40×1.00, popsize=32)
[staged]   Ph1 robot a  zone 0  (uncovered: 15% of target)
    [parallel] 10 worker threads, one renderer clone each
    init sampling: best coverage score 685.0px of uncovered area  (16 samples)
[staged]   → robot a: IoU 0.139 → 0.480  ✓
    ↑ new global best IoU 0.480  [phase Ph1 robot a]
[staged]   Ph1 robot b  zone 5  (uncovered: 1% of target)
    [parallel] 10 worker threads, one renderer clone each
    init sampling: best coverage score 0.0px of uncovered area  (16 samples)
[staged]   → robot b: IoU 0.480 → 0.570  ✓
    ↑ new global best IoU 0.570  [phase Ph1 robot b]
[staged]   Ph1 robot c  zone 3  (uncovered: 1% of target)
    [parallel] 10 worker threads, one renderer clone each
    init sampling: best coverage score 34.0px of uncovered area  (16 samples)
[staged]   → robot c: IoU 0.570 → 0.598  ✓
    ↑ new global best IoU 0.598  [phase Ph1 robot c]
[staged]   Ph1 robot d  zone 6  (uncovered: 1% of target)
    [parallel] 10 worker threads, one renderer clone each
    init sampling: best coverage score 9.0px of uncovered area  (16 samples)
[staged]   → robot d: IoU 0.598 → 0.631  ✓
    ↑ new global best IoU 0.631  [phase Ph1 robot d]
[staged]   Ph1 robot e  zone 1  (uncovered: 1% of target)
    [parallel] 10 worker threads, one renderer clone each
    init sampling: best coverage score 24.0px of uncovered area  (16 samples)
[staged]   → robot e: IoU 0.631 → 0.648  ✓
    ↑ new global best IoU 0.648  [phase Ph1 robot e]
[staged]   Ph1 robot f  zone 4  (uncovered: 0% of target)
    [parallel] 10 worker threads, one renderer clone each
    init sampling: best coverage score 18.0px of uncovered area  (16 samples)
[staged]   → robot f: IoU 0.648 → 0.655  ✓
    ↑ new global best IoU 0.655  [phase Ph1 robot f]
[staged]   Ph1 robot g  zone 2  (uncovered: 2% of target)
    [parallel] 10 worker threads, one renderer clone each
    init sampling: best coverage score 43.0px of uncovered area  (16 samples)
[staged]   → robot g: IoU 0.655 → 0.677  ✓
    ↑ new global best IoU 0.677  [phase Ph1 robot g]
[staged] Phase 1 done — composite IoU: 0.677

[staged] Phase 2 — backward pass  (8 iters × 7 robots, sigma=0.300)
[staged]   contributions before Phase 2:
[staged]     robot a: +0.075 IoU
[staged]     robot b: +0.027 IoU  ← low
[staged]     robot c: +0.031 IoU  ← low
[staged]     robot d: +0.050 IoU  ← low
[staged]     robot e: +0.029 IoU  ← low
[staged]     robot f: +0.021 IoU  ← low
[staged]     robot g: +0.022 IoU  ← low
[staged]   Ph2 robot g  zone 2  (uncovered: 4% of target)
    [parallel] 10 worker threads, one renderer clone each
    init sampling: best coverage score 103.0px of uncovered area  (16 samples)
[staged]   → robot g: candidate 0.673 < current 0.677  ✗ rejected
[staged]   Ph2 robot f  zone 4  (uncovered: 4% of target)
    [parallel] 10 worker threads, one renderer clone each
    init sampling: best coverage score 22.0px of uncovered area  (16 samples)
[staged]   → robot f: IoU 0.677 → 0.678  ✓
    ↑ new global best IoU 0.678  [phase Ph2 robot f]
[staged]   Ph2 robot e  zone 1  (uncovered: 5% of target)
    [parallel] 10 worker threads, one renderer clone each
    init sampling: best coverage score 85.0px of uncovered area  (16 samples)
[staged]   → robot e: IoU 0.678 → 0.680  ✓
    ↑ new global best IoU 0.680  [phase Ph2 robot e]
[staged]   Ph2 robot d  zone 6  (uncovered: 8% of target)
    [parallel] 10 worker threads, one renderer clone each
    init sampling: best coverage score 120.0px of uncovered area  (16 samples)
[staged]   → robot d: IoU 0.680 → 0.686  ✓
    ↑ new global best IoU 0.686  [phase Ph2 robot d]
[staged]   Ph2 robot c  zone 3  (uncovered: 5% of target)
    [parallel] 10 worker threads, one renderer clone each
    init sampling: best coverage score 36.0px of uncovered area  (16 samples)
[staged]   → robot c: IoU 0.686 → 0.695  ✓
    ↑ new global best IoU 0.695  [phase Ph2 robot c]
[staged]   Ph2 robot b  zone 5  (uncovered: 14% of target)
    [parallel] 10 worker threads, one renderer clone each
    init sampling: best coverage score 387.0px of uncovered area  (16 samples)
[staged]   → robot b: candidate 0.691 < current 0.695  ✗ rejected
[staged]   Ph2 robot a  zone 0  (uncovered: 11% of target)
    [parallel] 10 worker threads, one renderer clone each
    init sampling: best coverage score 198.0px of uncovered area  (16 samples)
[staged]   → robot a: IoU 0.695 → 0.718  ✓
    ↑ new global best IoU 0.718  [phase Ph2 robot a]
[staged] Phase 2 done — composite IoU: 0.718

[staged] Best snapshot: Phase 2  IoU=0.718
[staged] Manifold final pass — computing Jacobian  (ε=0.020, 84 renders)
[staged] Manifold basis: k=12D / 42D  (variance≥85%, top eigenvalues: ['382486.75', '275492.16', '114190.91', '76787.33', '75639.78'])
[staged] Manifold did not improve (0.713 vs 0.718), keeping best snapshot
[staged] FD refinement — 5 Adam steps  (420 renders, lr=0.01, ε=0.02)
    ↑ new global best IoU 0.741  [FD refinement]
[staged] FD done — IoU: 0.741  (Δ=+0.023)  ✓
[staged] Done — final IoU: 0.741  loss: 0.2609
[shard 0] 10/10 digits/9_dejavusans-bold  best=0.746 mean=0.727±0.019  219s  eta 0.0h
[shard 0] DONE 10 targets in 0.61h
