[shard 0/1] 10 targets × 5 runs
[scene] so101 ×5: light_y=1.00 wall_y=-2.80 throw=3.80m table_len=0.80m | magnification 2.1x–3.8x
[shard 0] n_dof=30 arm_gap=0.2
[shard 0] variant=staged+use_voronoi_warmstart=false
[shard 0] wrote /home/souju/dev/umbra-bench-grounded/optimized/aimed-start-probe10/no_aimed-big-n5/BUDGET.md
[staged] Popsize: per-robot phases=32  final=48  (theory optimum for 6 DOF = 10)

[staged] Hungarian pre-assignment  (5×5 cost matrix, 8 samples/entry = 200 renders)...
[staged]   robot_a → zone 3  robot_b → zone 1  robot_c → zone 4  robot_d → zone 2  robot_e → zone 0

[staged] Phase 1 — forward greedy  (16 iters × 5 robot(s), sigma=0.40×1.00, popsize=32)
[staged]   Ph1 robot a  zone 3  (uncovered: 13% of target)
    [parallel] 10 worker threads, one renderer clone each
    init sampling: best coverage score 469.0px of uncovered area  (16 samples)
[staged]   → robot a: IoU 0.208 → 0.515  ✓
    ↑ new global best IoU 0.515  [phase Ph1 robot a]
[staged]   Ph1 robot b  zone 1  (uncovered: 8% of target)
    [parallel] 10 worker threads, one renderer clone each
    init sampling: best coverage score 84.0px of uncovered area  (16 samples)
[staged]   → robot b: IoU 0.515 → 0.615  ✓
    ↑ new global best IoU 0.615  [phase Ph1 robot b]
[staged]   Ph1 robot c  zone 4  (uncovered: 4% of target)
    [parallel] 10 worker threads, one renderer clone each
    init sampling: best coverage score 41.0px of uncovered area  (16 samples)
[staged]   → robot c: IoU 0.615 → 0.653  ✓
    ↑ new global best IoU 0.653  [phase Ph1 robot c]
[staged]   Ph1 robot d  zone 2  (uncovered: 8% of target)
    [parallel] 10 worker threads, one renderer clone each
    init sampling: best coverage score 133.0px of uncovered area  (16 samples)
[staged]   → robot d: IoU 0.653 → 0.749  ✓
    ↑ new global best IoU 0.749  [phase Ph1 robot d]
[staged]   Ph1 robot e  zone 0  (uncovered: 3% of target)
    [parallel] 10 worker threads, one renderer clone each
    init sampling: best coverage score 136.0px of uncovered area  (16 samples)
[staged]   → robot e: IoU 0.749 → 0.789  ✓
    ↑ new global best IoU 0.789  [phase Ph1 robot e]
[staged] Phase 1 done — composite IoU: 0.789

[staged] Phase 2 — backward pass  (16 iters × 5 robots, sigma=0.300)
[staged]   contributions before Phase 2:
[staged]     robot a: +0.189 IoU
[staged]     robot b: +0.111 IoU
[staged]     robot c: +0.060 IoU
[staged]     robot d: +0.117 IoU
[staged]     robot e: +0.039 IoU  ← low
[staged]   Ph2 robot e  zone 0  (uncovered: 16% of target)
    [parallel] 10 worker threads, one renderer clone each
    init sampling: best coverage score 136.0px of uncovered area  (16 samples)
[staged]   → robot e: IoU 0.789 → 0.792  ✓
    ↑ new global best IoU 0.792  [phase Ph2 robot e]
[staged]   Ph2 robot d  zone 2  (uncovered: 24% of target)
    [parallel] 10 worker threads, one renderer clone each
    init sampling: best coverage score 170.0px of uncovered area  (16 samples)
[staged]   → robot d: candidate 0.737 < current 0.792  ✗ rejected
[staged]   Ph2 robot c  zone 4  (uncovered: 18% of target)
    [parallel] 10 worker threads, one renderer clone each
    init sampling: best coverage score 153.0px of uncovered area  (16 samples)
[staged]   → robot c: candidate 0.790 < current 0.792  ✗ rejected
[staged]   Ph2 robot b  zone 1  (uncovered: 24% of target)
    [parallel] 10 worker threads, one renderer clone each
    init sampling: best coverage score 390.0px of uncovered area  (16 samples)
[staged]   → robot b: candidate 0.733 < current 0.792  ✗ rejected
[staged]   Ph2 robot a  zone 3  (uncovered: 32% of target)
    [parallel] 10 worker threads, one renderer clone each
    init sampling: best coverage score 813.0px of uncovered area  (16 samples)
[staged]   → robot a: IoU 0.792 → 0.792  ✓
    ↑ new global best IoU 0.792  [phase Ph2 robot a]
[staged] Phase 2 done — composite IoU: 0.792

[staged] Best snapshot: Phase 2  IoU=0.792
[staged] Manifold final pass — computing Jacobian  (ε=0.020, 60 renders)
[staged] Manifold basis: k=10D / 30D  (variance≥85%, top eigenvalues: ['381342.59', '140569.62', '118432.10', '108431.66', '71968.73'])
    ↑ new global best IoU 0.811  [manifold final pass]
[staged] Manifold done — IoU: 0.811  (Δ=+0.019)  ✓
[staged] FD refinement — 5 Adam steps  (300 renders, lr=0.01, ε=0.02)
    ↑ new global best IoU 0.812  [FD refinement]
[staged] FD done — IoU: 0.812  (Δ=+0.001)  ✓
[staged] Done — final IoU: 0.812  loss: 0.1883
[staged] Popsize: per-robot phases=32  final=48  (theory optimum for 6 DOF = 10)

[staged] Hungarian pre-assignment  (5×5 cost matrix, 8 samples/entry = 200 renders)...
[staged]   robot_a → zone 0  robot_b → zone 1  robot_c → zone 3  robot_d → zone 4  robot_e → zone 2

[staged] Phase 1 — forward greedy  (16 iters × 5 robot(s), sigma=0.40×1.00, popsize=32)
[staged]   Ph1 robot a  zone 0  (uncovered: 14% of target)
    [parallel] 10 worker threads, one renderer clone each
    init sampling: best coverage score 335.0px of uncovered area  (16 samples)
[staged]   → robot a: IoU 0.208 → 0.457  ✓
    ↑ new global best IoU 0.457  [phase Ph1 robot a]
[staged]   Ph1 robot b  zone 1  (uncovered: 11% of target)
    [parallel] 10 worker threads, one renderer clone each
    init sampling: best coverage score 358.0px of uncovered area  (16 samples)
[staged]   → robot b: IoU 0.457 → 0.571  ✓
    ↑ new global best IoU 0.571  [phase Ph1 robot b]
[staged]   Ph1 robot c  zone 3  (uncovered: 2% of target)
    [parallel] 10 worker threads, one renderer clone each
    init sampling: best coverage score 85.0px of uncovered area  (16 samples)
[staged]   → robot c: IoU 0.571 → 0.617  ✓
    ↑ new global best IoU 0.617  [phase Ph1 robot c]
[staged]   Ph1 robot d  zone 4  (uncovered: 3% of target)
    [parallel] 10 worker threads, one renderer clone each
    init sampling: best coverage score 29.0px of uncovered area  (16 samples)
[staged]   → robot d: IoU 0.617 → 0.640  ✓
    ↑ new global best IoU 0.640  [phase Ph1 robot d]
[staged]   Ph1 robot e  zone 2  (uncovered: 2% of target)
    [parallel] 10 worker threads, one renderer clone each
    init sampling: best coverage score 106.0px of uncovered area  (16 samples)
[staged]   → robot e: IoU 0.640 → 0.678  ✓
    ↑ new global best IoU 0.678  [phase Ph1 robot e]
[staged] Phase 1 done — composite IoU: 0.678

[staged] Phase 2 — backward pass  (16 iters × 5 robots, sigma=0.300)
[staged]   contributions before Phase 2:
[staged]     robot a: +0.140 IoU
[staged]     robot b: +0.096 IoU
[staged]     robot c: +0.062 IoU
[staged]     robot d: +0.039 IoU  ← low
[staged]     robot e: +0.038 IoU  ← low
[staged]   Ph2 robot e  zone 2  (uncovered: 18% of target)
    [parallel] 10 worker threads, one renderer clone each
    init sampling: best coverage score 107.0px of uncovered area  (16 samples)
[staged]   → robot e: candidate 0.674 < current 0.678  ✗ rejected
[staged]   Ph2 robot d  zone 4  (uncovered: 19% of target)
    [parallel] 10 worker threads, one renderer clone each
    init sampling: best coverage score 109.0px of uncovered area  (16 samples)
[staged]   → robot d: IoU 0.678 → 0.678  ✓
    ↑ new global best IoU 0.678  [phase Ph2 robot d]
[staged]   Ph2 robot c  zone 3  (uncovered: 22% of target)
    [parallel] 10 worker threads, one renderer clone each
    init sampling: best coverage score 138.0px of uncovered area  (16 samples)
[staged]   → robot c: IoU 0.678 → 0.688  ✓
    ↑ new global best IoU 0.688  [phase Ph2 robot c]
[staged]   Ph2 robot b  zone 1  (uncovered: 28% of target)
    [parallel] 10 worker threads, one renderer clone each
    init sampling: best coverage score 490.0px of uncovered area  (16 samples)
[staged]   → robot b: candidate 0.673 < current 0.688  ✗ rejected
[staged]   Ph2 robot a  zone 0  (uncovered: 31% of target)
    [parallel] 10 worker threads, one renderer clone each
    init sampling: best coverage score 669.0px of uncovered area  (16 samples)
[staged]   → robot a: IoU 0.688 → 0.691  ✓
    ↑ new global best IoU 0.691  [phase Ph2 robot a]
[staged] Phase 2 done — composite IoU: 0.691

[staged] Best snapshot: Phase 2  IoU=0.691
[staged] Manifold final pass — computing Jacobian  (ε=0.020, 60 renders)
[staged] Manifold basis: k=10D / 30D  (variance≥85%, top eigenvalues: ['372994.47', '201847.73', '183034.09', '72467.13', '65000.50'])
    ↑ new global best IoU 0.709  [manifold final pass]
[staged] Manifold done — IoU: 0.709  (Δ=+0.018)  ✓
[staged] FD refinement — 5 Adam steps  (300 renders, lr=0.01, ε=0.02)
    ↑ new global best IoU 0.713  [FD refinement]
[staged] FD done — IoU: 0.713  (Δ=+0.005)  ✓
[staged] Done — final IoU: 0.713  loss: 0.2881
[staged] Popsize: per-robot phases=32  final=48  (theory optimum for 6 DOF = 10)

[staged] Hungarian pre-assignment  (5×5 cost matrix, 8 samples/entry = 200 renders)...
[staged]   robot_a → zone 1  robot_b → zone 2  robot_c → zone 0  robot_d → zone 4  robot_e → zone 3

[staged] Phase 1 — forward greedy  (16 iters × 5 robot(s), sigma=0.40×1.00, popsize=32)
[staged]   Ph1 robot a  zone 1  (uncovered: 17% of target)
    [parallel] 10 worker threads, one renderer clone each
    init sampling: best coverage score 450.0px of uncovered area  (16 samples)
[staged]   → robot a: IoU 0.208 → 0.490  ✓
    ↑ new global best IoU 0.490  [phase Ph1 robot a]
[staged]   Ph1 robot b  zone 2  (uncovered: 13% of target)
    [parallel] 10 worker threads, one renderer clone each
    init sampling: best coverage score 274.0px of uncovered area  (16 samples)
[staged]   → robot b: IoU 0.490 → 0.604  ✓
    ↑ new global best IoU 0.604  [phase Ph1 robot b]
[staged]   Ph1 robot c  zone 0  (uncovered: 4% of target)
    [parallel] 10 worker threads, one renderer clone each
    init sampling: best coverage score 183.0px of uncovered area  (16 samples)
[staged]   → robot c: IoU 0.604 → 0.646  ✓
    ↑ new global best IoU 0.646  [phase Ph1 robot c]
[staged]   Ph1 robot d  zone 4  (uncovered: 4% of target)
    [parallel] 10 worker threads, one renderer clone each
    init sampling: best coverage score 57.0px of uncovered area  (16 samples)
[staged]   → robot d: IoU 0.646 → 0.679  ✓
    ↑ new global best IoU 0.679  [phase Ph1 robot d]
[staged]   Ph1 robot e  zone 3  (uncovered: 4% of target)
    [parallel] 10 worker threads, one renderer clone each
    init sampling: best coverage score 0.0px of uncovered area  (16 samples)
[staged]   → robot e: IoU 0.679 → 0.726  ✓
    ↑ new global best IoU 0.726  [phase Ph1 robot e]
[staged] Phase 1 done — composite IoU: 0.726

[staged] Phase 2 — backward pass  (16 iters × 5 robots, sigma=0.300)
[staged]   contributions before Phase 2:
[staged]     robot a: +0.194 IoU
[staged]     robot b: +0.108 IoU
[staged]     robot c: +0.058 IoU
[staged]     robot d: +0.050 IoU  ← low
[staged]     robot e: +0.048 IoU  ← low
[staged]   Ph2 robot e  zone 3  (uncovered: 18% of target)
    [parallel] 10 worker threads, one renderer clone each
    init sampling: best coverage score 195.0px of uncovered area  (16 samples)
[staged]   → robot e: IoU 0.726 → 0.728  ✓
    ↑ new global best IoU 0.728  [phase Ph2 robot e]
[staged]   Ph2 robot d  zone 4  (uncovered: 18% of target)
    [parallel] 10 worker threads, one renderer clone each
    init sampling: best coverage score 200.0px of uncovered area  (16 samples)
[staged]   → robot d: IoU 0.728 → 0.735  ✓
    ↑ new global best IoU 0.735  [phase Ph2 robot d]
[staged]   Ph2 robot c  zone 0  (uncovered: 20% of target)
    [parallel] 10 worker threads, one renderer clone each
    init sampling: best coverage score 273.0px of uncovered area  (16 samples)
[staged]   → robot c: IoU 0.735 → 0.735  ✓
    ↑ new global best IoU 0.735  [phase Ph2 robot c]
[staged]   Ph2 robot b  zone 2  (uncovered: 29% of target)
    [parallel] 10 worker threads, one renderer clone each
    init sampling: best coverage score 631.0px of uncovered area  (16 samples)
[staged]   → robot b: IoU 0.735 → 0.756  ✓
    ↑ new global best IoU 0.756  [phase Ph2 robot b]
[staged]   Ph2 robot a  zone 1  (uncovered: 37% of target)
    [parallel] 10 worker threads, one renderer clone each
    init sampling: best coverage score 1204.0px of uncovered area  (16 samples)
[staged]   → robot a: IoU 0.756 → 0.773  ✓
    ↑ new global best IoU 0.773  [phase Ph2 robot a]
[staged] Phase 2 done — composite IoU: 0.773

[staged] Best snapshot: Phase 2  IoU=0.773
[staged] Manifold final pass — computing Jacobian  (ε=0.020, 60 renders)
[staged] Manifold basis: k=9D / 30D  (variance≥85%, top eigenvalues: ['465211.75', '323335.56', '200343.14', '183908.23', '64597.14'])
    ↑ new global best IoU 0.800  [manifold final pass]
[staged] Manifold done — IoU: 0.800  (Δ=+0.027)  ✓
[staged] FD refinement — 5 Adam steps  (300 renders, lr=0.01, ε=0.02)
[staged] FD done — IoU: 0.800  (Δ=+0.000)  ✓
[staged] Done — final IoU: 0.800  loss: 0.1999
[staged] Popsize: per-robot phases=32  final=48  (theory optimum for 6 DOF = 10)

[staged] Hungarian pre-assignment  (5×5 cost matrix, 8 samples/entry = 200 renders)...
[staged]   robot_a → zone 2  robot_b → zone 3  robot_c → zone 4  robot_d → zone 1  robot_e → zone 0

[staged] Phase 1 — forward greedy  (16 iters × 5 robot(s), sigma=0.40×1.00, popsize=32)
[staged]   Ph1 robot a  zone 2  (uncovered: 20% of target)
    [parallel] 10 worker threads, one renderer clone each
    init sampling: best coverage score 601.0px of uncovered area  (16 samples)
[staged]   → robot a: IoU 0.208 → 0.438  ✓
    ↑ new global best IoU 0.438  [phase Ph1 robot a]
[staged]   Ph1 robot b  zone 3  (uncovered: 13% of target)
    [parallel] 10 worker threads, one renderer clone each
    init sampling: best coverage score 375.0px of uncovered area  (16 samples)
[staged]   → robot b: IoU 0.438 → 0.535  ✓
    ↑ new global best IoU 0.535  [phase Ph1 robot b]
[staged]   Ph1 robot c  zone 4  (uncovered: 7% of target)
    [parallel] 10 worker threads, one renderer clone each
    init sampling: best coverage score 128.0px of uncovered area  (16 samples)
[staged]   → robot c: IoU 0.535 → 0.583  ✓
    ↑ new global best IoU 0.583  [phase Ph1 robot c]
[staged]   Ph1 robot d  zone 1  (uncovered: 5% of target)
    [parallel] 10 worker threads, one renderer clone each
    init sampling: best coverage score 113.0px of uncovered area  (16 samples)
[staged]   → robot d: IoU 0.583 → 0.626  ✓
    ↑ new global best IoU 0.626  [phase Ph1 robot d]
[staged]   Ph1 robot e  zone 0  (uncovered: 4% of target)
    [parallel] 10 worker threads, one renderer clone each
    init sampling: best coverage score 62.0px of uncovered area  (16 samples)
[staged]   → robot e: IoU 0.626 → 0.660  ✓
    ↑ new global best IoU 0.660  [phase Ph1 robot e]
[staged] Phase 1 done — composite IoU: 0.660

[staged] Phase 2 — backward pass  (16 iters × 5 robots, sigma=0.300)
[staged]   contributions before Phase 2:
[staged]     robot a: +0.023 IoU  ← low
[staged]     robot b: +0.064 IoU
[staged]     robot c: +0.063 IoU
[staged]     robot d: +0.059 IoU
[staged]     robot e: +0.034 IoU  ← low
[staged]   Ph2 robot e  zone 0  (uncovered: 22% of target)
    [parallel] 10 worker threads, one renderer clone each
    init sampling: best coverage score 204.0px of uncovered area  (16 samples)
[staged]   → robot e: IoU 0.660 → 0.672  ✓
    ↑ new global best IoU 0.672  [phase Ph2 robot e]
[staged]   Ph2 robot d  zone 1  (uncovered: 24% of target)
    [parallel] 10 worker threads, one renderer clone each
    init sampling: best coverage score 290.0px of uncovered area  (16 samples)
[staged]   → robot d: IoU 0.672 → 0.681  ✓
    ↑ new global best IoU 0.681  [phase Ph2 robot d]
[staged]   Ph2 robot c  zone 4  (uncovered: 23% of target)
    [parallel] 10 worker threads, one renderer clone each
    init sampling: best coverage score 408.0px of uncovered area  (16 samples)
[staged]   → robot c: IoU 0.681 → 0.683  ✓
    ↑ new global best IoU 0.683  [phase Ph2 robot c]
[staged]   Ph2 robot b  zone 3  (uncovered: 27% of target)
    [parallel] 10 worker threads, one renderer clone each
    init sampling: best coverage score 457.0px of uncovered area  (16 samples)
[staged]   → robot b: IoU 0.683 → 0.691  ✓
    ↑ new global best IoU 0.691  [phase Ph2 robot b]
[staged]   Ph2 robot a  zone 2  (uncovered: 36% of target)
    [parallel] 10 worker threads, one renderer clone each
    init sampling: best coverage score 1185.0px of uncovered area  (16 samples)
[staged]   → robot a: IoU 0.691 → 0.724  ✓
    ↑ new global best IoU 0.724  [phase Ph2 robot a]
[staged] Phase 2 done — composite IoU: 0.724

[staged] Best snapshot: Phase 2  IoU=0.724
[staged] Manifold final pass — computing Jacobian  (ε=0.020, 60 renders)
[staged] Manifold basis: k=10D / 30D  (variance≥85%, top eigenvalues: ['610163.38', '167750.44', '123722.12', '90169.47', '71338.51'])
    ↑ new global best IoU 0.746  [manifold final pass]
[staged] Manifold done — IoU: 0.746  (Δ=+0.021)  ✓
[staged] FD refinement — 5 Adam steps  (300 renders, lr=0.01, ε=0.02)
[staged] FD done — IoU: 0.746  (Δ=+0.000)  ✓
[staged] Done — final IoU: 0.746  loss: 0.2558
[staged] Popsize: per-robot phases=32  final=48  (theory optimum for 6 DOF = 10)

[staged] Hungarian pre-assignment  (5×5 cost matrix, 8 samples/entry = 200 renders)...
[staged]   robot_a → zone 3  robot_b → zone 4  robot_c → zone 1  robot_d → zone 2  robot_e → zone 0

[staged] Phase 1 — forward greedy  (16 iters × 5 robot(s), sigma=0.40×1.00, popsize=32)
[staged]   Ph1 robot a  zone 3  (uncovered: 26% of target)
    [parallel] 10 worker threads, one renderer clone each
    init sampling: best coverage score 1156.0px of uncovered area  (16 samples)
[staged]   → robot a: IoU 0.208 → 0.489  ✓
    ↑ new global best IoU 0.489  [phase Ph1 robot a]
[staged]   Ph1 robot b  zone 4  (uncovered: 13% of target)
    [parallel] 10 worker threads, one renderer clone each
    init sampling: best coverage score 300.0px of uncovered area  (16 samples)
[staged]   → robot b: IoU 0.489 → 0.496  ✓
    ↑ new global best IoU 0.496  [phase Ph1 robot b]
[staged]   Ph1 robot c  zone 1  (uncovered: 4% of target)
    [parallel] 10 worker threads, one renderer clone each
    init sampling: best coverage score 147.0px of uncovered area  (16 samples)
[staged]   → robot c: IoU 0.496 → 0.577  ✓
    ↑ new global best IoU 0.577  [phase Ph1 robot c]
[staged]   Ph1 robot d  zone 2  (uncovered: 7% of target)
    [parallel] 10 worker threads, one renderer clone each
    init sampling: best coverage score 26.0px of uncovered area  (16 samples)
[staged]   → robot d: IoU 0.577 → 0.599  ✓
    ↑ new global best IoU 0.599  [phase Ph1 robot d]
[staged]   Ph1 robot e  zone 0  (uncovered: 4% of target)
    [parallel] 10 worker threads, one renderer clone each
    init sampling: best coverage score 71.0px of uncovered area  (16 samples)
[staged]   → robot e: IoU 0.599 → 0.640  ✓
    ↑ new global best IoU 0.640  [phase Ph1 robot e]
[staged] Phase 1 done — composite IoU: 0.640

[staged] Phase 2 — backward pass  (16 iters × 5 robots, sigma=0.300)
[staged]   contributions before Phase 2:
[staged]     robot a: +0.129 IoU
[staged]     robot b: +0.017 IoU  ← low
[staged]     robot c: +0.078 IoU
[staged]     robot d: +0.036 IoU  ← low
[staged]     robot e: +0.040 IoU  ← low
[staged]   Ph2 robot e  zone 0  (uncovered: 24% of target)
    [parallel] 10 worker threads, one renderer clone each
    init sampling: best coverage score 329.0px of uncovered area  (16 samples)
[staged]   → robot e: IoU 0.640 → 0.662  ✓
    ↑ new global best IoU 0.662  [phase Ph2 robot e]
[staged]   Ph2 robot d  zone 2  (uncovered: 21% of target)
    [parallel] 10 worker threads, one renderer clone each
    init sampling: best coverage score 189.0px of uncovered area  (16 samples)
[staged]   → robot d: IoU 0.662 → 0.686  ✓
    ↑ new global best IoU 0.686  [phase Ph2 robot d]
[staged]   Ph2 robot c  zone 1  (uncovered: 26% of target)
    [parallel] 10 worker threads, one renderer clone each
    init sampling: best coverage score 337.0px of uncovered area  (16 samples)
[staged]   → robot c: candidate 0.674 < current 0.686  ✗ rejected
[staged]   Ph2 robot b  zone 4  (uncovered: 15% of target)
    [parallel] 10 worker threads, one renderer clone each
    init sampling: best coverage score 167.0px of uncovered area  (16 samples)
[staged]   → robot b: IoU 0.686 → 0.742  ✓
    ↑ new global best IoU 0.742  [phase Ph2 robot b]
[staged]   Ph2 robot a  zone 3  (uncovered: 26% of target)
    [parallel] 10 worker threads, one renderer clone each
    init sampling: best coverage score 538.0px of uncovered area  (16 samples)
[staged]   → robot a: IoU 0.742 → 0.750  ✓
    ↑ new global best IoU 0.750  [phase Ph2 robot a]
[staged] Phase 2 done — composite IoU: 0.750

[staged] Best snapshot: Phase 2  IoU=0.750
[staged] Manifold final pass — computing Jacobian  (ε=0.020, 60 renders)
[staged] Manifold basis: k=10D / 30D  (variance≥85%, top eigenvalues: ['245486.28', '145172.83', '137634.36', '71668.45', '65572.92'])
    ↑ new global best IoU 0.772  [manifold final pass]
[staged] Manifold done — IoU: 0.772  (Δ=+0.022)  ✓
[staged] FD refinement — 5 Adam steps  (300 renders, lr=0.01, ε=0.02)
    ↑ new global best IoU 0.778  [FD refinement]
[staged] FD done — IoU: 0.778  (Δ=+0.006)  ✓
[staged] Done — final IoU: 0.778  loss: 0.2223
[shard 0] 1/10 letters_upper/E_dejavusans-bold  best=0.812 mean=0.770±0.036  194s  eta 0.5h
[staged] Popsize: per-robot phases=32  final=48  (theory optimum for 6 DOF = 10)

[staged] Hungarian pre-assignment  (5×5 cost matrix, 8 samples/entry = 200 renders)...
[staged]   robot_a → zone 3  robot_b → zone 4  robot_c → zone 1  robot_d → zone 0  robot_e → zone 2

[staged] Phase 1 — forward greedy  (16 iters × 5 robot(s), sigma=0.40×1.00, popsize=32)
[staged]   Ph1 robot a  zone 3  (uncovered: 17% of target)
    [parallel] 10 worker threads, one renderer clone each
    init sampling: best coverage score 275.0px of uncovered area  (16 samples)
[staged]   → robot a: IoU 0.195 → 0.398  ✓
    ↑ new global best IoU 0.398  [phase Ph1 robot a]
[staged]   Ph1 robot b  zone 4  (uncovered: 20% of target)
    [parallel] 10 worker threads, one renderer clone each
    init sampling: best coverage score 640.0px of uncovered area  (16 samples)
[staged]   → robot b: IoU 0.398 → 0.526  ✓
    ↑ new global best IoU 0.526  [phase Ph1 robot b]
[staged]   Ph1 robot c  zone 1  (uncovered: 6% of target)
    [parallel] 10 worker threads, one renderer clone each
    init sampling: best coverage score 157.0px of uncovered area  (16 samples)
[staged]   → robot c: IoU 0.526 → 0.562  ✓
    ↑ new global best IoU 0.562  [phase Ph1 robot c]
[staged]   Ph1 robot d  zone 0  (uncovered: 1% of target)
    [parallel] 10 worker threads, one renderer clone each
    init sampling: best coverage score 57.0px of uncovered area  (16 samples)
[staged]   → robot d: IoU 0.562 → 0.620  ✓
    ↑ new global best IoU 0.620  [phase Ph1 robot d]
[staged]   Ph1 robot e  zone 2  (uncovered: 6% of target)
    [parallel] 10 worker threads, one renderer clone each
    init sampling: best coverage score 18.0px of uncovered area  (16 samples)
[staged]   → robot e: IoU 0.620 → 0.652  ✓
    ↑ new global best IoU 0.652  [phase Ph1 robot e]
[staged] Phase 1 done — composite IoU: 0.652

[staged] Phase 2 — backward pass  (16 iters × 5 robots, sigma=0.300)
[staged]   contributions before Phase 2:
[staged]     robot a: +0.167 IoU
[staged]     robot b: +0.143 IoU
[staged]     robot c: +0.050 IoU
[staged]     robot d: +0.068 IoU
[staged]     robot e: +0.031 IoU  ← low
[staged]   Ph2 robot e  zone 2  (uncovered: 16% of target)
    [parallel] 10 worker threads, one renderer clone each
    init sampling: best coverage score 92.0px of uncovered area  (16 samples)
[staged]   → robot e: candidate 0.649 < current 0.652  ✗ rejected
[staged]   Ph2 robot d  zone 0  (uncovered: 21% of target)
    [parallel] 10 worker threads, one renderer clone each
    init sampling: best coverage score 102.0px of uncovered area  (16 samples)
[staged]   → robot d: candidate 0.622 < current 0.652  ✗ rejected
[staged]   Ph2 robot c  zone 1  (uncovered: 18% of target)
    [parallel] 10 worker threads, one renderer clone each
    init sampling: best coverage score 248.0px of uncovered area  (16 samples)
[staged]   → robot c: IoU 0.652 → 0.656  ✓
    ↑ new global best IoU 0.656  [phase Ph2 robot c]
[staged]   Ph2 robot b  zone 4  (uncovered: 31% of target)
    [parallel] 10 worker threads, one renderer clone each
    init sampling: best coverage score 550.0px of uncovered area  (16 samples)
[staged]   → robot b: candidate 0.650 < current 0.656  ✗ rejected
[staged]   Ph2 robot a  zone 3  (uncovered: 38% of target)
    [parallel] 10 worker threads, one renderer clone each
    init sampling: best coverage score 265.0px of uncovered area  (16 samples)
[staged]   → robot a: IoU 0.656 → 0.685  ✓
    ↑ new global best IoU 0.685  [phase Ph2 robot a]
[staged] Phase 2 done — composite IoU: 0.685

[staged] Best snapshot: Phase 2  IoU=0.685
[staged] Manifold final pass — computing Jacobian  (ε=0.020, 60 renders)
[staged] Manifold basis: k=11D / 30D  (variance≥85%, top eigenvalues: ['321112.56', '163788.98', '148263.78', '90993.39', '81995.81'])
    ↑ new global best IoU 0.701  [manifold final pass]
[staged] Manifold done — IoU: 0.701  (Δ=+0.016)  ✓
[staged] FD refinement — 5 Adam steps  (300 renders, lr=0.01, ε=0.02)
    ↑ new global best IoU 0.702  [FD refinement]
[staged] FD done — IoU: 0.702  (Δ=+0.001)  ✓
[staged] Done — final IoU: 0.702  loss: 0.2993
[staged] Popsize: per-robot phases=32  final=48  (theory optimum for 6 DOF = 10)

[staged] Hungarian pre-assignment  (5×5 cost matrix, 8 samples/entry = 200 renders)...
[staged]   robot_a → zone 0  robot_b → zone 4  robot_c → zone 1  robot_d → zone 2  robot_e → zone 3

[staged] Phase 1 — forward greedy  (16 iters × 5 robot(s), sigma=0.40×1.00, popsize=32)
[staged]   Ph1 robot a  zone 0  (uncovered: 23% of target)
    [parallel] 10 worker threads, one renderer clone each
    init sampling: best coverage score 252.0px of uncovered area  (16 samples)
[staged]   → robot a: IoU 0.195 → 0.425  ✓
    ↑ new global best IoU 0.425  [phase Ph1 robot a]
[staged]   Ph1 robot b  zone 4  (uncovered: 16% of target)
    [parallel] 10 worker threads, one renderer clone each
    init sampling: best coverage score 211.0px of uncovered area  (16 samples)
[staged]   → robot b: IoU 0.425 → 0.549  ✓
    ↑ new global best IoU 0.549  [phase Ph1 robot b]
[staged]   Ph1 robot c  zone 1  (uncovered: 5% of target)
    [parallel] 10 worker threads, one renderer clone each
    init sampling: best coverage score 114.0px of uncovered area  (16 samples)
[staged]   → robot c: IoU 0.549 → 0.587  ✓
    ↑ new global best IoU 0.587  [phase Ph1 robot c]
[staged]   Ph1 robot d  zone 2  (uncovered: 0% of target)
    [parallel] 10 worker threads, one renderer clone each
    init sampling: best coverage score 9.0px of uncovered area  (16 samples)
[staged]   → robot d: IoU 0.587 → 0.636  ✓
    ↑ new global best IoU 0.636  [phase Ph1 robot d]
[staged]   Ph1 robot e  zone 3  (uncovered: 6% of target)
    [parallel] 10 worker threads, one renderer clone each
    init sampling: best coverage score 33.0px of uncovered area  (16 samples)
[staged]   → robot e: IoU 0.636 → 0.664  ✓
    ↑ new global best IoU 0.664  [phase Ph1 robot e]
[staged] Phase 1 done — composite IoU: 0.664

[staged] Phase 2 — backward pass  (16 iters × 5 robots, sigma=0.300)
[staged]   contributions before Phase 2:
[staged]     robot a: +0.204 IoU
[staged]     robot b: +0.063 IoU
[staged]     robot c: +0.050 IoU  ← low
[staged]     robot d: +0.065 IoU
[staged]     robot e: +0.028 IoU  ← low
[staged]   Ph2 robot e  zone 3  (uncovered: 16% of target)
    [parallel] 10 worker threads, one renderer clone each
    init sampling: best coverage score 175.0px of uncovered area  (16 samples)
[staged]   → robot e: IoU 0.664 → 0.666  ✓
    ↑ new global best IoU 0.666  [phase Ph2 robot e]
[staged]   Ph2 robot d  zone 2  (uncovered: 21% of target)
    [parallel] 10 worker threads, one renderer clone each
    init sampling: best coverage score 184.0px of uncovered area  (16 samples)
[staged]   → robot d: candidate 0.643 < current 0.666  ✗ rejected
[staged]   Ph2 robot c  zone 1  (uncovered: 15% of target)
    [parallel] 10 worker threads, one renderer clone each
    init sampling: best coverage score 142.0px of uncovered area  (16 samples)
[staged]   → robot c: candidate 0.643 < current 0.666  ✗ rejected
[staged]   Ph2 robot b  zone 4  (uncovered: 25% of target)
    [parallel] 10 worker threads, one renderer clone each
    init sampling: best coverage score 416.0px of uncovered area  (16 samples)
[staged]   → robot b: IoU 0.666 → 0.679  ✓
    ↑ new global best IoU 0.679  [phase Ph2 robot b]
[staged]   Ph2 robot a  zone 0  (uncovered: 37% of target)
    [parallel] 10 worker threads, one renderer clone each
    init sampling: best coverage score 475.0px of uncovered area  (16 samples)
[staged]   → robot a: candidate 0.658 < current 0.679  ✗ rejected
[staged] Phase 2 done — composite IoU: 0.679

[staged] Best snapshot: Phase 2  IoU=0.679
[staged] Manifold final pass — computing Jacobian  (ε=0.020, 60 renders)
[staged] Manifold basis: k=9D / 30D  (variance≥85%, top eigenvalues: ['274332.72', '260520.70', '155090.20', '85741.31', '65630.80'])
    ↑ new global best IoU 0.692  [manifold final pass]
[staged] Manifold done — IoU: 0.692  (Δ=+0.012)  ✓
[staged] FD refinement — 5 Adam steps  (300 renders, lr=0.01, ε=0.02)
    ↑ new global best IoU 0.693  [FD refinement]
[staged] FD done — IoU: 0.693  (Δ=+0.001)  ✓
[staged] Done — final IoU: 0.693  loss: 0.3089
[staged] Popsize: per-robot phases=32  final=48  (theory optimum for 6 DOF = 10)

[staged] Hungarian pre-assignment  (5×5 cost matrix, 8 samples/entry = 200 renders)...
[staged]   robot_a → zone 2  robot_b → zone 4  robot_c → zone 0  robot_d → zone 1  robot_e → zone 3

[staged] Phase 1 — forward greedy  (16 iters × 5 robot(s), sigma=0.40×1.00, popsize=32)
[staged]   Ph1 robot a  zone 2  (uncovered: 23% of target)
    [parallel] 10 worker threads, one renderer clone each
    init sampling: best coverage score 27.0px of uncovered area  (16 samples)
[staged]   → robot a: IoU 0.195 → 0.420  ✓
    ↑ new global best IoU 0.420  [phase Ph1 robot a]
[staged]   Ph1 robot b  zone 4  (uncovered: 7% of target)
    [parallel] 10 worker threads, one renderer clone each
    init sampling: best coverage score 337.0px of uncovered area  (16 samples)
[staged]   → robot b: IoU 0.420 → 0.518  ✓
    ↑ new global best IoU 0.518  [phase Ph1 robot b]
[staged]   Ph1 robot c  zone 0  (uncovered: 9% of target)
    [parallel] 10 worker threads, one renderer clone each
    init sampling: best coverage score 233.0px of uncovered area  (16 samples)
[staged]   → robot c: IoU 0.518 → 0.574  ✓
    ↑ new global best IoU 0.574  [phase Ph1 robot c]
[staged]   Ph1 robot d  zone 1  (uncovered: 2% of target)
    [parallel] 10 worker threads, one renderer clone each
    init sampling: best coverage score 46.0px of uncovered area  (16 samples)
[staged]   → robot d: IoU 0.574 → 0.582  ✓
    ↑ new global best IoU 0.582  [phase Ph1 robot d]
[staged]   Ph1 robot e  zone 3  (uncovered: 5% of target)
    [parallel] 10 worker threads, one renderer clone each
    init sampling: best coverage score 131.0px of uncovered area  (16 samples)
[staged]   → robot e: IoU 0.582 → 0.613  ✓
    ↑ new global best IoU 0.613  [phase Ph1 robot e]
[staged] Phase 1 done — composite IoU: 0.613

[staged] Phase 2 — backward pass  (16 iters × 5 robots, sigma=0.300)
[staged]   contributions before Phase 2:
[staged]     robot a: +0.158 IoU
[staged]     robot b: +0.041 IoU  ← low
[staged]     robot c: +0.047 IoU  ← low
[staged]     robot d: +0.020 IoU  ← low
[staged]     robot e: +0.031 IoU  ← low
[staged]   Ph2 robot e  zone 3  (uncovered: 18% of target)
    [parallel] 10 worker threads, one renderer clone each
    init sampling: best coverage score 224.0px of uncovered area  (16 samples)
[staged]   → robot e: candidate 0.613 < current 0.613  ✗ rejected
[staged]   Ph2 robot d  zone 1  (uncovered: 15% of target)
    [parallel] 10 worker threads, one renderer clone each
    init sampling: best coverage score 191.0px of uncovered area  (16 samples)
[staged]   → robot d: IoU 0.613 → 0.627  ✓
    ↑ new global best IoU 0.627  [phase Ph2 robot d]
[staged]   Ph2 robot c  zone 0  (uncovered: 16% of target)
    [parallel] 10 worker threads, one renderer clone each
    init sampling: best coverage score 160.0px of uncovered area  (16 samples)
[staged]   → robot c: candidate 0.623 < current 0.627  ✗ rejected
[staged]   Ph2 robot b  zone 4  (uncovered: 29% of target)
    [parallel] 10 worker threads, one renderer clone each
    init sampling: best coverage score 438.0px of uncovered area  (16 samples)
[staged]   → robot b: IoU 0.627 → 0.668  ✓
    ↑ new global best IoU 0.668  [phase Ph2 robot b]
[staged]   Ph2 robot a  zone 2  (uncovered: 38% of target)
    [parallel] 10 worker threads, one renderer clone each
    init sampling: best coverage score 442.0px of uncovered area  (16 samples)
[staged]   → robot a: candidate 0.567 < current 0.668  ✗ rejected
[staged] Phase 2 done — composite IoU: 0.668

[staged] Best snapshot: Phase 2  IoU=0.668
[staged] Manifold final pass — computing Jacobian  (ε=0.020, 60 renders)
[staged] Manifold basis: k=10D / 30D  (variance≥85%, top eigenvalues: ['481009.03', '241307.80', '105781.91', '77347.73', '74854.76'])
    ↑ new global best IoU 0.697  [manifold final pass]
[staged] Manifold done — IoU: 0.697  (Δ=+0.029)  ✓
[staged] FD refinement — 5 Adam steps  (300 renders, lr=0.01, ε=0.02)
    ↑ new global best IoU 0.698  [FD refinement]
[staged] FD done — IoU: 0.698  (Δ=+0.001)  ✓
[staged] Done — final IoU: 0.698  loss: 0.3044
[staged] Popsize: per-robot phases=32  final=48  (theory optimum for 6 DOF = 10)

[staged] Hungarian pre-assignment  (5×5 cost matrix, 8 samples/entry = 200 renders)...
[staged]   robot_a → zone 4  robot_b → zone 1  robot_c → zone 0  robot_d → zone 3  robot_e → zone 2

[staged] Phase 1 — forward greedy  (16 iters × 5 robot(s), sigma=0.40×1.00, popsize=32)
[staged]   Ph1 robot a  zone 4  (uncovered: 24% of target)
    [parallel] 10 worker threads, one renderer clone each
    init sampling: best coverage score 490.0px of uncovered area  (16 samples)
[staged]   → robot a: IoU 0.195 → 0.429  ✓
    ↑ new global best IoU 0.429  [phase Ph1 robot a]
[staged]   Ph1 robot b  zone 1  (uncovered: 7% of target)
    [parallel] 10 worker threads, one renderer clone each
    init sampling: best coverage score 284.0px of uncovered area  (16 samples)
[staged]   → robot b: IoU 0.429 → 0.581  ✓
    ↑ new global best IoU 0.581  [phase Ph1 robot b]
[staged]   Ph1 robot c  zone 0  (uncovered: 6% of target)
    [parallel] 10 worker threads, one renderer clone each
    init sampling: best coverage score 182.0px of uncovered area  (16 samples)
[staged]   → robot c: IoU 0.581 → 0.611  ✓
    ↑ new global best IoU 0.611  [phase Ph1 robot c]
[staged]   Ph1 robot d  zone 3  (uncovered: 6% of target)
    [parallel] 10 worker threads, one renderer clone each
    init sampling: best coverage score 69.0px of uncovered area  (16 samples)
[staged]   → robot d: IoU 0.611 → 0.631  ✓
    ↑ new global best IoU 0.631  [phase Ph1 robot d]
[staged]   Ph1 robot e  zone 2  (uncovered: 1% of target)
    [parallel] 10 worker threads, one renderer clone each
    init sampling: best coverage score 15.0px of uncovered area  (16 samples)
[staged]   → robot e: IoU 0.631 → 0.646  ✓
    ↑ new global best IoU 0.646  [phase Ph1 robot e]
[staged] Phase 1 done — composite IoU: 0.646

[staged] Phase 2 — backward pass  (16 iters × 5 robots, sigma=0.300)
[staged]   contributions before Phase 2:
[staged]     robot a: +0.190 IoU
[staged]     robot b: +0.077 IoU
[staged]     robot c: +0.050 IoU  ← low
[staged]     robot d: +0.034 IoU  ← low
[staged]     robot e: +0.015 IoU  ← low
[staged]   Ph2 robot e  zone 2  (uncovered: 17% of target)
    [parallel] 10 worker threads, one renderer clone each
    init sampling: best coverage score 166.0px of uncovered area  (16 samples)
[staged]   → robot e: IoU 0.646 → 0.672  ✓
    ↑ new global best IoU 0.672  [phase Ph2 robot e]
[staged]   Ph2 robot d  zone 3  (uncovered: 17% of target)
    [parallel] 10 worker threads, one renderer clone each
    init sampling: best coverage score 107.0px of uncovered area  (16 samples)
[staged]   → robot d: candidate 0.658 < current 0.672  ✗ rejected
[staged]   Ph2 robot c  zone 0  (uncovered: 18% of target)
    [parallel] 10 worker threads, one renderer clone each
    init sampling: best coverage score 243.0px of uncovered area  (16 samples)
[staged]   → robot c: IoU 0.672 → 0.675  ✓
    ↑ new global best IoU 0.675  [phase Ph2 robot c]
[staged]   Ph2 robot b  zone 1  (uncovered: 32% of target)
    [parallel] 10 worker threads, one renderer clone each
    init sampling: best coverage score 564.0px of uncovered area  (16 samples)
[staged]   → robot b: candidate 0.657 < current 0.675  ✗ rejected
[staged]   Ph2 robot a  zone 4  (uncovered: 29% of target)
    [parallel] 10 worker threads, one renderer clone each
    init sampling: best coverage score 636.0px of uncovered area  (16 samples)
[staged]   → robot a: candidate 0.646 < current 0.675  ✗ rejected
[staged] Phase 2 done — composite IoU: 0.675

[staged] Best snapshot: Phase 2  IoU=0.675
[staged] Manifold final pass — computing Jacobian  (ε=0.020, 60 renders)
[staged] Manifold basis: k=10D / 30D  (variance≥85%, top eigenvalues: ['319657.31', '299588.12', '155094.44', '102195.41', '52521.01'])
    ↑ new global best IoU 0.689  [manifold final pass]
[staged] Manifold done — IoU: 0.689  (Δ=+0.014)  ✓
[staged] FD refinement — 5 Adam steps  (300 renders, lr=0.01, ε=0.02)
    ↑ new global best IoU 0.689  [FD refinement]
[staged] FD done — IoU: 0.689  (Δ=+0.000)  ✓
[staged] Done — final IoU: 0.689  loss: 0.3130
[staged] Popsize: per-robot phases=32  final=48  (theory optimum for 6 DOF = 10)

[staged] Hungarian pre-assignment  (5×5 cost matrix, 8 samples/entry = 200 renders)...
[staged]   robot_a → zone 3  robot_b → zone 0  robot_c → zone 4  robot_d → zone 2  robot_e → zone 1

[staged] Phase 1 — forward greedy  (16 iters × 5 robot(s), sigma=0.40×1.00, popsize=32)
[staged]   Ph1 robot a  zone 3  (uncovered: 19% of target)
    [parallel] 10 worker threads, one renderer clone each
    init sampling: best coverage score 591.0px of uncovered area  (16 samples)
[staged]   → robot a: IoU 0.195 → 0.428  ✓
    ↑ new global best IoU 0.428  [phase Ph1 robot a]
[staged]   Ph1 robot b  zone 0  (uncovered: 7% of target)
    [parallel] 10 worker threads, one renderer clone each
    init sampling: best coverage score 336.0px of uncovered area  (16 samples)
[staged]   → robot b: IoU 0.428 → 0.487  ✓
    ↑ new global best IoU 0.487  [phase Ph1 robot b]
[staged]   Ph1 robot c  zone 4  (uncovered: 1% of target)
    [parallel] 10 worker threads, one renderer clone each
    init sampling: best coverage score 4.0px of uncovered area  (16 samples)
[staged]   → robot c: IoU 0.487 → 0.583  ✓
    ↑ new global best IoU 0.583  [phase Ph1 robot c]
[staged]   Ph1 robot d  zone 2  (uncovered: 9% of target)
    [parallel] 10 worker threads, one renderer clone each
    init sampling: best coverage score 140.0px of uncovered area  (16 samples)
[staged]   → robot d: IoU 0.583 → 0.626  ✓
    ↑ new global best IoU 0.626  [phase Ph1 robot d]
[staged]   Ph1 robot e  zone 1  (uncovered: 1% of target)
    [parallel] 10 worker threads, one renderer clone each
    init sampling: best coverage score 65.0px of uncovered area  (16 samples)
[staged]   → robot e: IoU 0.626 → 0.662  ✓
    ↑ new global best IoU 0.662  [phase Ph1 robot e]
[staged] Phase 1 done — composite IoU: 0.662

[staged] Phase 2 — backward pass  (16 iters × 5 robots, sigma=0.300)
[staged]   contributions before Phase 2:
[staged]     robot a: +0.211 IoU
[staged]     robot b: +0.068 IoU
[staged]     robot c: +0.086 IoU
[staged]     robot d: +0.053 IoU
[staged]     robot e: +0.036 IoU  ← low
[staged]   Ph2 robot e  zone 1  (uncovered: 13% of target)
    [parallel] 10 worker threads, one renderer clone each
    init sampling: best coverage score 95.0px of uncovered area  (16 samples)
[staged]   → robot e: IoU 0.662 → 0.670  ✓
    ↑ new global best IoU 0.670  [phase Ph2 robot e]
[staged]   Ph2 robot d  zone 2  (uncovered: 17% of target)
    [parallel] 10 worker threads, one renderer clone each
    init sampling: best coverage score 238.0px of uncovered area  (16 samples)
[staged]   → robot d: candidate 0.669 < current 0.670  ✗ rejected
[staged]   Ph2 robot c  zone 4  (uncovered: 18% of target)
    [parallel] 10 worker threads, one renderer clone each
    init sampling: best coverage score 75.0px of uncovered area  (16 samples)
[staged]   → robot c: candidate 0.660 < current 0.670  ✗ rejected
[staged]   Ph2 robot b  zone 0  (uncovered: 16% of target)
    [parallel] 10 worker threads, one renderer clone each
    init sampling: best coverage score 279.0px of uncovered area  (16 samples)
[staged]   → robot b: IoU 0.670 → 0.673  ✓
    ↑ new global best IoU 0.673  [phase Ph2 robot b]
[staged]   Ph2 robot a  zone 3  (uncovered: 42% of target)
    [parallel] 10 worker threads, one renderer clone each
    init sampling: best coverage score 617.0px of uncovered area  (16 samples)
[staged]   → robot a: IoU 0.673 → 0.690  ✓
    ↑ new global best IoU 0.690  [phase Ph2 robot a]
[staged] Phase 2 done — composite IoU: 0.690

[staged] Best snapshot: Phase 2  IoU=0.690
[staged] Manifold final pass — computing Jacobian  (ε=0.020, 60 renders)
[staged] Manifold basis: k=10D / 30D  (variance≥85%, top eigenvalues: ['293196.25', '255053.50', '114693.80', '65663.75', '50359.19'])
    ↑ new global best IoU 0.703  [manifold final pass]
[staged] Manifold done — IoU: 0.703  (Δ=+0.013)  ✓
[staged] FD refinement — 5 Adam steps  (300 renders, lr=0.01, ε=0.02)
    ↑ new global best IoU 0.705  [FD refinement]
[staged] FD done — IoU: 0.705  (Δ=+0.002)  ✓
[staged] Done — final IoU: 0.705  loss: 0.2971
[shard 0] 2/10 letters_upper/H_dejavusans-bold  best=0.705 mean=0.697±0.006  193s  eta 0.4h
[staged] Popsize: per-robot phases=32  final=48  (theory optimum for 6 DOF = 10)

[staged] Hungarian pre-assignment  (5×5 cost matrix, 8 samples/entry = 200 renders)...
[staged]   robot_a → zone 4  robot_b → zone 2  robot_c → zone 0  robot_d → zone 3  robot_e → zone 1

[staged] Phase 1 — forward greedy  (16 iters × 5 robot(s), sigma=0.40×1.00, popsize=32)
[staged]   Ph1 robot a  zone 4  (uncovered: 17% of target)
    [parallel] 10 worker threads, one renderer clone each
    init sampling: best coverage score 401.0px of uncovered area  (16 samples)
[staged]   → robot a: IoU 0.198 → 0.371  ✓
    ↑ new global best IoU 0.371  [phase Ph1 robot a]
[staged]   Ph1 robot b  zone 2  (uncovered: 20% of target)
    [parallel] 10 worker threads, one renderer clone each
    init sampling: best coverage score 665.0px of uncovered area  (16 samples)
[staged]   → robot b: IoU 0.371 → 0.510  ✓
    ↑ new global best IoU 0.510  [phase Ph1 robot b]
[staged]   Ph1 robot c  zone 0  (uncovered: 15% of target)
    [parallel] 10 worker threads, one renderer clone each
    init sampling: best coverage score 45.0px of uncovered area  (16 samples)
[staged]   → robot c: IoU 0.510 → 0.562  ✓
    ↑ new global best IoU 0.562  [phase Ph1 robot c]
[staged]   Ph1 robot d  zone 3  (uncovered: 4% of target)
    [parallel] 10 worker threads, one renderer clone each
    init sampling: best coverage score 145.0px of uncovered area  (16 samples)
[staged]   → robot d: IoU 0.562 → 0.585  ✓
    ↑ new global best IoU 0.585  [phase Ph1 robot d]
[staged]   Ph1 robot e  zone 1  (uncovered: 0% of target)
    [parallel] 10 worker threads, one renderer clone each
    init sampling: best coverage score 7.0px of uncovered area  (16 samples)
[staged]   → robot e: IoU 0.585 → 0.617  ✓
    ↑ new global best IoU 0.617  [phase Ph1 robot e]
[staged] Phase 1 done — composite IoU: 0.617

[staged] Phase 2 — backward pass  (16 iters × 5 robots, sigma=0.300)
[staged]   contributions before Phase 2:
[staged]     robot a: +0.087 IoU
[staged]     robot b: +0.086 IoU
[staged]     robot c: +0.052 IoU
[staged]     robot d: +0.036 IoU  ← low
[staged]     robot e: +0.032 IoU  ← low
[staged]   Ph2 robot e  zone 1  (uncovered: 26% of target)
    [parallel] 10 worker threads, one renderer clone each
    init sampling: best coverage score 130.0px of uncovered area  (16 samples)
[staged]   → robot e: IoU 0.617 → 0.655  ✓
    ↑ new global best IoU 0.655  [phase Ph2 robot e]
[staged]   Ph2 robot d  zone 3  (uncovered: 21% of target)
    [parallel] 10 worker threads, one renderer clone each
    init sampling: best coverage score 95.0px of uncovered area  (16 samples)
[staged]   → robot d: candidate 0.631 < current 0.655  ✗ rejected
[staged]   Ph2 robot c  zone 0  (uncovered: 24% of target)
    [parallel] 10 worker threads, one renderer clone each
    init sampling: best coverage score 185.0px of uncovered area  (16 samples)
[staged]   → robot c: IoU 0.655 → 0.689  ✓
    ↑ new global best IoU 0.689  [phase Ph2 robot c]
[staged]   Ph2 robot b  zone 2  (uncovered: 33% of target)
    [parallel] 10 worker threads, one renderer clone each
    init sampling: best coverage score 586.0px of uncovered area  (16 samples)
[staged]   → robot b: IoU 0.689 → 0.722  ✓
    ↑ new global best IoU 0.722  [phase Ph2 robot b]
[staged]   Ph2 robot a  zone 4  (uncovered: 27% of target)
    [parallel] 10 worker threads, one renderer clone each
    init sampling: best coverage score 350.0px of uncovered area  (16 samples)
[staged]   → robot a: candidate 0.708 < current 0.722  ✗ rejected
[staged] Phase 2 done — composite IoU: 0.722

[staged] Best snapshot: Phase 2  IoU=0.722
[staged] Manifold final pass — computing Jacobian  (ε=0.020, 60 renders)
[staged] Manifold basis: k=10D / 30D  (variance≥85%, top eigenvalues: ['422065.06', '283010.16', '207906.61', '156966.56', '75941.92'])
    ↑ new global best IoU 0.747  [manifold final pass]
[staged] Manifold done — IoU: 0.747  (Δ=+0.025)  ✓
[staged] FD refinement — 5 Adam steps  (300 renders, lr=0.01, ε=0.02)
    ↑ new global best IoU 0.749  [FD refinement]
[staged] FD done — IoU: 0.749  (Δ=+0.002)  ✓
[staged] Done — final IoU: 0.749  loss: 0.2515
[staged] Popsize: per-robot phases=32  final=48  (theory optimum for 6 DOF = 10)

[staged] Hungarian pre-assignment  (5×5 cost matrix, 8 samples/entry = 200 renders)...
[staged]   robot_a → zone 4  robot_b → zone 3  robot_c → zone 1  robot_d → zone 2  robot_e → zone 0

[staged] Phase 1 — forward greedy  (16 iters × 5 robot(s), sigma=0.40×1.00, popsize=32)
[staged]   Ph1 robot a  zone 4  (uncovered: 17% of target)
    [parallel] 10 worker threads, one renderer clone each
    init sampling: best coverage score 115.0px of uncovered area  (16 samples)
[staged]   → robot a: IoU 0.198 → 0.433  ✓
    ↑ new global best IoU 0.433  [phase Ph1 robot a]
[staged]   Ph1 robot b  zone 3  (uncovered: 5% of target)
    [parallel] 10 worker threads, one renderer clone each
    init sampling: best coverage score 103.0px of uncovered area  (16 samples)
[staged]   → robot b: IoU 0.433 → 0.477  ✓
    ↑ new global best IoU 0.477  [phase Ph1 robot b]
[staged]   Ph1 robot c  zone 1  (uncovered: 12% of target)
    [parallel] 10 worker threads, one renderer clone each
    init sampling: best coverage score 16.0px of uncovered area  (16 samples)
[staged]   → robot c: IoU 0.477 → 0.563  ✓
    ↑ new global best IoU 0.563  [phase Ph1 robot c]
[staged]   Ph1 robot d  zone 2  (uncovered: 0% of target)
    [parallel] 10 worker threads, one renderer clone each
    init sampling: best coverage score 19.0px of uncovered area  (16 samples)
[staged]   → robot d: IoU 0.563 → 0.598  ✓
    ↑ new global best IoU 0.598  [phase Ph1 robot d]
[staged]   Ph1 robot e  zone 0  (uncovered: 0% of target)
    [parallel] 10 worker threads, one renderer clone each
    init sampling: best coverage score 10.0px of uncovered area  (16 samples)
[staged]   → robot e: IoU 0.598 → 0.671  ✓
    ↑ new global best IoU 0.671  [phase Ph1 robot e]
[staged] Phase 1 done — composite IoU: 0.671

[staged] Phase 2 — backward pass  (16 iters × 5 robots, sigma=0.300)
[staged]   contributions before Phase 2:
[staged]     robot a: +0.118 IoU
[staged]     robot b: +0.053 IoU
[staged]     robot c: +0.099 IoU
[staged]     robot d: +0.049 IoU  ← low
[staged]     robot e: +0.073 IoU
[staged]   Ph2 robot e  zone 0  (uncovered: 18% of target)
    [parallel] 10 worker threads, one renderer clone each
    init sampling: best coverage score 79.0px of uncovered area  (16 samples)
[staged]   → robot e: candidate 0.624 < current 0.671  ✗ rejected
[staged]   Ph2 robot d  zone 2  (uncovered: 14% of target)
    [parallel] 10 worker threads, one renderer clone each
    init sampling: best coverage score 194.0px of uncovered area  (16 samples)
[staged]   → robot d: IoU 0.671 → 0.671  ✓
    ↑ new global best IoU 0.671  [phase Ph2 robot d]
[staged]   Ph2 robot c  zone 1  (uncovered: 23% of target)
    [parallel] 10 worker threads, one renderer clone each
    init sampling: best coverage score 418.0px of uncovered area  (16 samples)
[staged]   → robot c: IoU 0.671 → 0.694  ✓
    ↑ new global best IoU 0.694  [phase Ph2 robot c]
[staged]   Ph2 robot b  zone 3  (uncovered: 16% of target)
    [parallel] 10 worker threads, one renderer clone each
    init sampling: best coverage score 159.0px of uncovered area  (16 samples)
[staged]   → robot b: IoU 0.694 → 0.713  ✓
    ↑ new global best IoU 0.713  [phase Ph2 robot b]
[staged]   Ph2 robot a  zone 4  (uncovered: 31% of target)
    [parallel] 10 worker threads, one renderer clone each
    init sampling: best coverage score 667.0px of uncovered area  (16 samples)
[staged]   → robot a: candidate 0.709 < current 0.713  ✗ rejected
[staged] Phase 2 done — composite IoU: 0.713

[staged] Best snapshot: Phase 2  IoU=0.713
[staged] Manifold final pass — computing Jacobian  (ε=0.020, 60 renders)
[staged] Manifold basis: k=9D / 30D  (variance≥85%, top eigenvalues: ['511279.25', '365716.41', '114158.52', '82723.06', '66935.67'])
    ↑ new global best IoU 0.726  [manifold final pass]
[staged] Manifold done — IoU: 0.726  (Δ=+0.013)  ✓
[staged] FD refinement — 5 Adam steps  (300 renders, lr=0.01, ε=0.02)
[staged] FD done — IoU: 0.726  (Δ=+0.000)  ✓
[staged] Done — final IoU: 0.726  loss: 0.2750
[staged] Popsize: per-robot phases=32  final=48  (theory optimum for 6 DOF = 10)

[staged] Hungarian pre-assignment  (5×5 cost matrix, 8 samples/entry = 200 renders)...
[staged]   robot_a → zone 2  robot_b → zone 4  robot_c → zone 0  robot_d → zone 1  robot_e → zone 3

[staged] Phase 1 — forward greedy  (16 iters × 5 robot(s), sigma=0.40×1.00, popsize=32)
[staged]   Ph1 robot a  zone 2  (uncovered: 18% of target)
    [parallel] 10 worker threads, one renderer clone each
    init sampling: best coverage score 159.0px of uncovered area  (16 samples)
[staged]   → robot a: IoU 0.198 → 0.427  ✓
    ↑ new global best IoU 0.427  [phase Ph1 robot a]
[staged]   Ph1 robot b  zone 4  (uncovered: 6% of target)
    [parallel] 10 worker threads, one renderer clone each
    init sampling: best coverage score 304.0px of uncovered area  (16 samples)
[staged]   → robot b: IoU 0.427 → 0.586  ✓
    ↑ new global best IoU 0.586  [phase Ph1 robot b]
[staged]   Ph1 robot c  zone 0  (uncovered: 5% of target)
    [parallel] 10 worker threads, one renderer clone each
    init sampling: best coverage score 171.0px of uncovered area  (16 samples)
[staged]   → robot c: IoU 0.586 → 0.616  ✓
    ↑ new global best IoU 0.616  [phase Ph1 robot c]
[staged]   Ph1 robot d  zone 1  (uncovered: 4% of target)
    [parallel] 10 worker threads, one renderer clone each
    init sampling: best coverage score 74.0px of uncovered area  (16 samples)
[staged]   → robot d: IoU 0.616 → 0.670  ✓
    ↑ new global best IoU 0.670  [phase Ph1 robot d]
[staged]   Ph1 robot e  zone 3  (uncovered: 2% of target)
    [parallel] 10 worker threads, one renderer clone each
    init sampling: best coverage score 14.0px of uncovered area  (16 samples)
[staged]   → robot e: IoU 0.670 → 0.700  ✓
    ↑ new global best IoU 0.700  [phase Ph1 robot e]
[staged] Phase 1 done — composite IoU: 0.700

[staged] Phase 2 — backward pass  (16 iters × 5 robots, sigma=0.300)
[staged]   contributions before Phase 2:
[staged]     robot a: +0.181 IoU
[staged]     robot b: +0.119 IoU
[staged]     robot c: +0.041 IoU  ← low
[staged]     robot d: +0.069 IoU
[staged]     robot e: +0.030 IoU  ← low
[staged]   Ph2 robot e  zone 3  (uncovered: 12% of target)
    [parallel] 10 worker threads, one renderer clone each
    init sampling: best coverage score 87.0px of uncovered area  (16 samples)
[staged]   → robot e: candidate 0.696 < current 0.700  ✗ rejected
[staged]   Ph2 robot d  zone 1  (uncovered: 17% of target)
    [parallel] 10 worker threads, one renderer clone each
    init sampling: best coverage score 76.0px of uncovered area  (16 samples)
[staged]   → robot d: candidate 0.657 < current 0.700  ✗ rejected
[staged]   Ph2 robot c  zone 0  (uncovered: 12% of target)
    [parallel] 10 worker threads, one renderer clone each
    init sampling: best coverage score 148.0px of uncovered area  (16 samples)
[staged]   → robot c: IoU 0.700 → 0.704  ✓
    ↑ new global best IoU 0.704  [phase Ph2 robot c]
[staged]   Ph2 robot b  zone 4  (uncovered: 26% of target)
    [parallel] 10 worker threads, one renderer clone each
    init sampling: best coverage score 429.0px of uncovered area  (16 samples)
[staged]   → robot b: candidate 0.679 < current 0.704  ✗ rejected
[staged]   Ph2 robot a  zone 2  (uncovered: 37% of target)
    [parallel] 10 worker threads, one renderer clone each
    init sampling: best coverage score 1068.0px of uncovered area  (16 samples)
[staged]   → robot a: IoU 0.704 → 0.724  ✓
    ↑ new global best IoU 0.724  [phase Ph2 robot a]
[staged] Phase 2 done — composite IoU: 0.724

[staged] Best snapshot: Phase 2  IoU=0.724
[staged] Manifold final pass — computing Jacobian  (ε=0.020, 60 renders)
[staged] Manifold basis: k=8D / 30D  (variance≥85%, top eigenvalues: ['460390.75', '134842.92', '113124.67', '87890.85', '81240.44'])
    ↑ new global best IoU 0.731  [manifold final pass]
[staged] Manifold done — IoU: 0.731  (Δ=+0.007)  ✓
[staged] FD refinement — 5 Adam steps  (300 renders, lr=0.01, ε=0.02)
    ↑ new global best IoU 0.735  [FD refinement]
[staged] FD done — IoU: 0.735  (Δ=+0.004)  ✓
[staged] Done — final IoU: 0.735  loss: 0.2662
[staged] Popsize: per-robot phases=32  final=48  (theory optimum for 6 DOF = 10)

[staged] Hungarian pre-assignment  (5×5 cost matrix, 8 samples/entry = 200 renders)...
[staged]   robot_a → zone 3  robot_b → zone 2  robot_c → zone 0  robot_d → zone 1  robot_e → zone 4

[staged] Phase 1 — forward greedy  (16 iters × 5 robot(s), sigma=0.40×1.00, popsize=32)
[staged]   Ph1 robot a  zone 3  (uncovered: 18% of target)
    [parallel] 10 worker threads, one renderer clone each
    init sampling: best coverage score 451.0px of uncovered area  (16 samples)
[staged]   → robot a: IoU 0.198 → 0.417  ✓
    ↑ new global best IoU 0.417  [phase Ph1 robot a]
[staged]   Ph1 robot b  zone 2  (uncovered: 19% of target)
    [parallel] 10 worker threads, one renderer clone each
    init sampling: best coverage score 381.0px of uncovered area  (16 samples)
[staged]   → robot b: IoU 0.417 → 0.522  ✓
    ↑ new global best IoU 0.522  [phase Ph1 robot b]
[staged]   Ph1 robot c  zone 0  (uncovered: 2% of target)
    [parallel] 10 worker threads, one renderer clone each
    init sampling: best coverage score 49.0px of uncovered area  (16 samples)
[staged]   → robot c: IoU 0.522 → 0.547  ✓
    ↑ new global best IoU 0.547  [phase Ph1 robot c]
[staged]   Ph1 robot d  zone 1  (uncovered: 6% of target)
    [parallel] 10 worker threads, one renderer clone each
    init sampling: best coverage score 121.0px of uncovered area  (16 samples)
[staged]   → robot d: IoU 0.547 → 0.559  ✓
    ↑ new global best IoU 0.559  [phase Ph1 robot d]
[staged]   Ph1 robot e  zone 4  (uncovered: 1% of target)
    [parallel] 10 worker threads, one renderer clone each
    init sampling: best coverage score 1.0px of uncovered area  (16 samples)
[staged]   → robot e: IoU 0.559 → 0.595  ✓
    ↑ new global best IoU 0.595  [phase Ph1 robot e]
[staged] Phase 1 done — composite IoU: 0.595

[staged] Phase 2 — backward pass  (16 iters × 5 robots, sigma=0.300)
[staged]   contributions before Phase 2:
[staged]     robot a: +0.068 IoU
[staged]     robot b: +0.136 IoU
[staged]     robot c: +0.030 IoU  ← low
[staged]     robot d: +0.017 IoU  ← low
[staged]     robot e: +0.036 IoU  ← low
[staged]   Ph2 robot e  zone 4  (uncovered: 20% of target)
    [parallel] 10 worker threads, one renderer clone each
    init sampling: best coverage score 210.0px of uncovered area  (16 samples)
[staged]   → robot e: candidate 0.593 < current 0.595  ✗ rejected
[staged]   Ph2 robot d  zone 1  (uncovered: 18% of target)
    [parallel] 10 worker threads, one renderer clone each
    init sampling: best coverage score 84.0px of uncovered area  (16 samples)
[staged]   → robot d: IoU 0.595 → 0.604  ✓
    ↑ new global best IoU 0.604  [phase Ph2 robot d]
[staged]   Ph2 robot c  zone 0  (uncovered: 19% of target)
    [parallel] 10 worker threads, one renderer clone each
    init sampling: best coverage score 119.0px of uncovered area  (16 samples)
[staged]   → robot c: candidate 0.599 < current 0.604  ✗ rejected
[staged]   Ph2 robot b  zone 2  (uncovered: 36% of target)
    [parallel] 10 worker threads, one renderer clone each
    init sampling: best coverage score 551.0px of uncovered area  (16 samples)
[staged]   → robot b: IoU 0.604 → 0.630  ✓
    ↑ new global best IoU 0.630  [phase Ph2 robot b]
[staged]   Ph2 robot a  zone 3  (uncovered: 41% of target)
    [parallel] 10 worker threads, one renderer clone each
    init sampling: best coverage score 1192.0px of uncovered area  (16 samples)
[staged]   → robot a: IoU 0.630 → 0.669  ✓
    ↑ new global best IoU 0.669  [phase Ph2 robot a]
[staged] Phase 2 done — composite IoU: 0.669

[staged] Best snapshot: Phase 2  IoU=0.669
[staged] Manifold final pass — computing Jacobian  (ε=0.020, 60 renders)
[staged] Manifold basis: k=6D / 30D  (variance≥85%, top eigenvalues: ['744137.81', '172510.73', '138027.11', '114520.78', '99788.34'])
    ↑ new global best IoU 0.701  [manifold final pass]
[staged] Manifold done — IoU: 0.701  (Δ=+0.032)  ✓
[staged] FD refinement — 5 Adam steps  (300 renders, lr=0.01, ε=0.02)
[staged] FD done — IoU: 0.701  (Δ=+0.000)  ✓
[staged] Done — final IoU: 0.701  loss: 0.3002
[staged] Popsize: per-robot phases=32  final=48  (theory optimum for 6 DOF = 10)

[staged] Hungarian pre-assignment  (5×5 cost matrix, 8 samples/entry = 200 renders)...
[staged]   robot_a → zone 3  robot_b → zone 4  robot_c → zone 0  robot_d → zone 2  robot_e → zone 1

[staged] Phase 1 — forward greedy  (16 iters × 5 robot(s), sigma=0.40×1.00, popsize=32)
[staged]   Ph1 robot a  zone 3  (uncovered: 20% of target)
    [parallel] 10 worker threads, one renderer clone each
    init sampling: best coverage score 612.0px of uncovered area  (16 samples)
[staged]   → robot a: IoU 0.198 → 0.461  ✓
    ↑ new global best IoU 0.461  [phase Ph1 robot a]
[staged]   Ph1 robot b  zone 4  (uncovered: 5% of target)
    [parallel] 10 worker threads, one renderer clone each
    init sampling: best coverage score 243.0px of uncovered area  (16 samples)
[staged]   → robot b: IoU 0.461 → 0.557  ✓
    ↑ new global best IoU 0.557  [phase Ph1 robot b]
[staged]   Ph1 robot c  zone 0  (uncovered: 2% of target)
    [parallel] 10 worker threads, one renderer clone each
    init sampling: best coverage score 62.0px of uncovered area  (16 samples)
[staged]   → robot c: IoU 0.557 → 0.605  ✓
    ↑ new global best IoU 0.605  [phase Ph1 robot c]
[staged]   Ph1 robot d  zone 2  (uncovered: 4% of target)
    [parallel] 10 worker threads, one renderer clone each
    init sampling: best coverage score 65.0px of uncovered area  (16 samples)
[staged]   → robot d: IoU 0.605 → 0.633  ✓
    ↑ new global best IoU 0.633  [phase Ph1 robot d]
[staged]   Ph1 robot e  zone 1  (uncovered: 4% of target)
    [parallel] 10 worker threads, one renderer clone each
    init sampling: best coverage score 0.0px of uncovered area  (16 samples)
[staged]   → robot e: IoU 0.633 → 0.668  ✓
    ↑ new global best IoU 0.668  [phase Ph1 robot e]
[staged] Phase 1 done — composite IoU: 0.668

[staged] Phase 2 — backward pass  (16 iters × 5 robots, sigma=0.300)
[staged]   contributions before Phase 2:
[staged]     robot a: +0.156 IoU
[staged]     robot b: +0.088 IoU
[staged]     robot c: +0.066 IoU
[staged]     robot d: +0.040 IoU  ← low
[staged]     robot e: +0.034 IoU  ← low
[staged]   Ph2 robot e  zone 1  (uncovered: 17% of target)
    [parallel] 10 worker threads, one renderer clone each
    init sampling: best coverage score 157.0px of uncovered area  (16 samples)
[staged]   → robot e: IoU 0.668 → 0.683  ✓
    ↑ new global best IoU 0.683  [phase Ph2 robot e]
[staged]   Ph2 robot d  zone 2  (uncovered: 16% of target)
    [parallel] 10 worker threads, one renderer clone each
    init sampling: best coverage score 160.0px of uncovered area  (16 samples)
[staged]   → robot d: IoU 0.683 → 0.687  ✓
    ↑ new global best IoU 0.687  [phase Ph2 robot d]
[staged]   Ph2 robot c  zone 0  (uncovered: 19% of target)
    [parallel] 10 worker threads, one renderer clone each
    init sampling: best coverage score 226.0px of uncovered area  (16 samples)
[staged]   → robot c: IoU 0.687 → 0.700  ✓
    ↑ new global best IoU 0.700  [phase Ph2 robot c]
[staged]   Ph2 robot b  zone 4  (uncovered: 20% of target)
    [parallel] 10 worker threads, one renderer clone each
    init sampling: best coverage score 234.0px of uncovered area  (16 samples)
[staged]   → robot b: candidate 0.690 < current 0.700  ✗ rejected
[staged]   Ph2 robot a  zone 3  (uncovered: 26% of target)
    [parallel] 10 worker threads, one renderer clone each
    init sampling: best coverage score 719.0px of uncovered area  (16 samples)
[staged]   → robot a: IoU 0.700 → 0.705  ✓
    ↑ new global best IoU 0.705  [phase Ph2 robot a]
[staged] Phase 2 done — composite IoU: 0.705

[staged] Best snapshot: Phase 2  IoU=0.705
[staged] Manifold final pass — computing Jacobian  (ε=0.020, 60 renders)
[staged] Manifold basis: k=9D / 30D  (variance≥85%, top eigenvalues: ['316128.22', '158148.31', '157061.33', '129688.65', '102856.82'])
    ↑ new global best IoU 0.722  [manifold final pass]
[staged] Manifold done — IoU: 0.722  (Δ=+0.017)  ✓
[staged] FD refinement — 5 Adam steps  (300 renders, lr=0.01, ε=0.02)
    ↑ new global best IoU 0.723  [FD refinement]
[staged] FD done — IoU: 0.723  (Δ=+0.001)  ✓
[staged] Done — final IoU: 0.723  loss: 0.2784
[shard 0] 3/10 letters_upper/K_dejavusans-bold  best=0.749 mean=0.727±0.016  193s  eta 0.4h
[staged] Popsize: per-robot phases=32  final=48  (theory optimum for 6 DOF = 10)

[staged] Hungarian pre-assignment  (5×5 cost matrix, 8 samples/entry = 200 renders)...
[staged]   robot_a → zone 0  robot_b → zone 2  robot_c → zone 3  robot_d → zone 1  robot_e → zone 4

[staged] Phase 1 — forward greedy  (16 iters × 5 robot(s), sigma=0.40×1.00, popsize=32)
[staged]   Ph1 robot a  zone 0  (uncovered: 12% of target)
    [parallel] 10 worker threads, one renderer clone each
    init sampling: best coverage score 539.0px of uncovered area  (16 samples)
[staged]   → robot a: IoU 0.217 → 0.372  ✓
    ↑ new global best IoU 0.372  [phase Ph1 robot a]
[staged]   Ph1 robot b  zone 2  (uncovered: 22% of target)
    [parallel] 10 worker threads, one renderer clone each
    init sampling: best coverage score 710.0px of uncovered area  (16 samples)
[staged]   → robot b: IoU 0.372 → 0.516  ✓
    ↑ new global best IoU 0.516  [phase Ph1 robot b]
[staged]   Ph1 robot c  zone 3  (uncovered: 2% of target)
    [parallel] 10 worker threads, one renderer clone each
    init sampling: best coverage score 73.0px of uncovered area  (16 samples)
[staged]   → robot c: IoU 0.516 → 0.605  ✓
    ↑ new global best IoU 0.605  [phase Ph1 robot c]
[staged]   Ph1 robot d  zone 1  (uncovered: 1% of target)
    [parallel] 10 worker threads, one renderer clone each
    init sampling: best coverage score 0.0px of uncovered area  (16 samples)
[staged]   → robot d: IoU 0.605 → 0.607  ✓
    ↑ new global best IoU 0.607  [phase Ph1 robot d]
[staged]   Ph1 robot e  zone 4  (uncovered: 4% of target)
    [parallel] 10 worker threads, one renderer clone each
    init sampling: best coverage score 21.0px of uncovered area  (16 samples)
[staged]   → robot e: IoU 0.607 → 0.611  ✓
    ↑ new global best IoU 0.611  [phase Ph1 robot e]
[staged] Phase 1 done — composite IoU: 0.611

[staged] Phase 2 — backward pass  (16 iters × 5 robots, sigma=0.300)
[staged]   contributions before Phase 2:
[staged]     robot a: +0.028 IoU  ← low
[staged]     robot b: +0.165 IoU
[staged]     robot c: +0.073 IoU
[staged]     robot d: -0.002 IoU  ← low
[staged]     robot e: +0.004 IoU  ← low
[staged]   Ph2 robot e  zone 4  (uncovered: 12% of target)
    [parallel] 10 worker threads, one renderer clone each
    init sampling: best coverage score 90.0px of uncovered area  (16 samples)
[staged]   → robot e: IoU 0.611 → 0.624  ✓
    ↑ new global best IoU 0.624  [phase Ph2 robot e]
[staged]   Ph2 robot d  zone 1  (uncovered: 9% of target)
    [parallel] 10 worker threads, one renderer clone each
    init sampling: best coverage score 81.0px of uncovered area  (16 samples)
[staged]   → robot d: IoU 0.624 → 0.647  ✓
    ↑ new global best IoU 0.647  [phase Ph2 robot d]
[staged]   Ph2 robot c  zone 3  (uncovered: 18% of target)
    [parallel] 10 worker threads, one renderer clone each
    init sampling: best coverage score 225.0px of uncovered area  (16 samples)
[staged]   → robot c: candidate 0.633 < current 0.647  ✗ rejected
[staged]   Ph2 robot b  zone 2  (uncovered: 29% of target)
    [parallel] 10 worker threads, one renderer clone each
    init sampling: best coverage score 509.0px of uncovered area  (16 samples)
[staged]   → robot b: candidate 0.613 < current 0.647  ✗ rejected
[staged]   Ph2 robot a  zone 0  (uncovered: 18% of target)
    [parallel] 10 worker threads, one renderer clone each
    init sampling: best coverage score 94.0px of uncovered area  (16 samples)
[staged]   → robot a: IoU 0.647 → 0.692  ✓
    ↑ new global best IoU 0.692  [phase Ph2 robot a]
[staged] Phase 2 done — composite IoU: 0.692

[staged] Best snapshot: Phase 2  IoU=0.692
[staged] Manifold final pass — computing Jacobian  (ε=0.020, 60 renders)
[staged] Manifold basis: k=10D / 30D  (variance≥85%, top eigenvalues: ['544740.44', '137380.92', '118770.09', '74126.19', '48568.16'])
    ↑ new global best IoU 0.723  [manifold final pass]
[staged] Manifold done — IoU: 0.723  (Δ=+0.031)  ✓
[staged] FD refinement — 5 Adam steps  (300 renders, lr=0.01, ε=0.02)
    ↑ new global best IoU 0.727  [FD refinement]
[staged] FD done — IoU: 0.727  (Δ=+0.003)  ✓
[staged] Done — final IoU: 0.727  loss: 0.2743
[staged] Popsize: per-robot phases=32  final=48  (theory optimum for 6 DOF = 10)

[staged] Hungarian pre-assignment  (5×5 cost matrix, 8 samples/entry = 200 renders)...
[staged]   robot_a → zone 1  robot_b → zone 3  robot_c → zone 0  robot_d → zone 2  robot_e → zone 4

[staged] Phase 1 — forward greedy  (16 iters × 5 robot(s), sigma=0.40×1.00, popsize=32)
[staged]   Ph1 robot a  zone 1  (uncovered: 20% of target)
    [parallel] 10 worker threads, one renderer clone each
    init sampling: best coverage score 494.0px of uncovered area  (16 samples)
[staged]   → robot a: IoU 0.217 → 0.500  ✓
    ↑ new global best IoU 0.500  [phase Ph1 robot a]
[staged]   Ph1 robot b  zone 3  (uncovered: 21% of target)
    [parallel] 10 worker threads, one renderer clone each
    init sampling: best coverage score 373.0px of uncovered area  (16 samples)
[staged]   → robot b: IoU 0.500 → 0.652  ✓
    ↑ new global best IoU 0.652  [phase Ph1 robot b]
[staged]   Ph1 robot c  zone 0  (uncovered: 4% of target)
    [parallel] 10 worker threads, one renderer clone each
    init sampling: best coverage score 93.0px of uncovered area  (16 samples)
[staged]   → robot c: IoU 0.652 → 0.703  ✓
    ↑ new global best IoU 0.703  [phase Ph1 robot c]
[staged]   Ph1 robot d  zone 2  (uncovered: 3% of target)
    [parallel] 10 worker threads, one renderer clone each
    init sampling: best coverage score 76.0px of uncovered area  (16 samples)
[staged]   → robot d: IoU 0.703 → 0.720  ✓
    ↑ new global best IoU 0.720  [phase Ph1 robot d]
[staged]   Ph1 robot e  zone 4  (uncovered: 2% of target)
    [parallel] 10 worker threads, one renderer clone each
    init sampling: best coverage score 1.0px of uncovered area  (16 samples)
[staged]   → robot e: IoU 0.720 → 0.755  ✓
    ↑ new global best IoU 0.755  [phase Ph1 robot e]
[staged] Phase 1 done — composite IoU: 0.755

[staged] Phase 2 — backward pass  (16 iters × 5 robots, sigma=0.300)
[staged]   contributions before Phase 2:
[staged]     robot a: +0.088 IoU
[staged]     robot b: +0.081 IoU
[staged]     robot c: +0.069 IoU
[staged]     robot d: +0.022 IoU  ← low
[staged]     robot e: +0.035 IoU  ← low
[staged]   Ph2 robot e  zone 4  (uncovered: 13% of target)
    [parallel] 10 worker threads, one renderer clone each
    init sampling: best coverage score 81.0px of uncovered area  (16 samples)
[staged]   → robot e: candidate 0.750 < current 0.755  ✗ rejected
[staged]   Ph2 robot d  zone 2  (uncovered: 12% of target)
    [parallel] 10 worker threads, one renderer clone each
    init sampling: best coverage score 180.0px of uncovered area  (16 samples)
[staged]   → robot d: IoU 0.755 → 0.790  ✓
    ↑ new global best IoU 0.790  [phase Ph2 robot d]
[staged]   Ph2 robot c  zone 0  (uncovered: 15% of target)
    [parallel] 10 worker threads, one renderer clone each
    init sampling: best coverage score 85.0px of uncovered area  (16 samples)
[staged]   → robot c: candidate 0.741 < current 0.790  ✗ rejected
[staged]   Ph2 robot b  zone 3  (uncovered: 20% of target)
    [parallel] 10 worker threads, one renderer clone each
    init sampling: best coverage score 275.0px of uncovered area  (16 samples)
[staged]   → robot b: IoU 0.790 → 0.813  ✓
    ↑ new global best IoU 0.813  [phase Ph2 robot b]
[staged]   Ph2 robot a  zone 1  (uncovered: 15% of target)
    [parallel] 10 worker threads, one renderer clone each
    init sampling: best coverage score 114.0px of uncovered area  (16 samples)
[staged]   → robot a: candidate 0.753 < current 0.813  ✗ rejected
[staged] Phase 2 done — composite IoU: 0.813

[staged] Best snapshot: Phase 2  IoU=0.813
[staged] Manifold final pass — computing Jacobian  (ε=0.020, 60 renders)
[staged] Manifold basis: k=10D / 30D  (variance≥85%, top eigenvalues: ['360411.75', '253865.17', '196455.36', '77270.18', '49743.30'])
    ↑ new global best IoU 0.833  [manifold final pass]
[staged] Manifold done — IoU: 0.833  (Δ=+0.020)  ✓
[staged] FD refinement — 5 Adam steps  (300 renders, lr=0.01, ε=0.02)
    ↑ new global best IoU 0.835  [FD refinement]
[staged] FD done — IoU: 0.835  (Δ=+0.002)  ✓
[staged] Done — final IoU: 0.835  loss: 0.1651
[staged] Popsize: per-robot phases=32  final=48  (theory optimum for 6 DOF = 10)

[staged] Hungarian pre-assignment  (5×5 cost matrix, 8 samples/entry = 200 renders)...
[staged]   robot_a → zone 4  robot_b → zone 0  robot_c → zone 2  robot_d → zone 1  robot_e → zone 3

[staged] Phase 1 — forward greedy  (16 iters × 5 robot(s), sigma=0.40×1.00, popsize=32)
[staged]   Ph1 robot a  zone 4  (uncovered: 21% of target)
    [parallel] 10 worker threads, one renderer clone each
    init sampling: best coverage score 9.0px of uncovered area  (16 samples)
[staged]   → robot a: IoU 0.217 → 0.529  ✓
    ↑ new global best IoU 0.529  [phase Ph1 robot a]
[staged]   Ph1 robot b  zone 0  (uncovered: 5% of target)
    [parallel] 10 worker threads, one renderer clone each
    init sampling: best coverage score 156.0px of uncovered area  (16 samples)
[staged]   → robot b: IoU 0.529 → 0.640  ✓
    ↑ new global best IoU 0.640  [phase Ph1 robot b]
[staged]   Ph1 robot c  zone 2  (uncovered: 4% of target)
    [parallel] 10 worker threads, one renderer clone each
    init sampling: best coverage score 161.0px of uncovered area  (16 samples)
[staged]   → robot c: IoU 0.640 → 0.662  ✓
    ↑ new global best IoU 0.662  [phase Ph1 robot c]
[staged]   Ph1 robot d  zone 1  (uncovered: 4% of target)
    [parallel] 10 worker threads, one renderer clone each
    init sampling: best coverage score 95.0px of uncovered area  (16 samples)
[staged]   → robot d: IoU 0.662 → 0.682  ✓
    ↑ new global best IoU 0.682  [phase Ph1 robot d]
[staged]   Ph1 robot e  zone 3  (uncovered: 2% of target)
    [parallel] 10 worker threads, one renderer clone each
    init sampling: best coverage score 10.0px of uncovered area  (16 samples)
[staged]   → robot e: IoU 0.682 → 0.699  ✓
    ↑ new global best IoU 0.699  [phase Ph1 robot e]
[staged] Phase 1 done — composite IoU: 0.699

[staged] Phase 2 — backward pass  (16 iters × 5 robots, sigma=0.300)
[staged]   contributions before Phase 2:
[staged]     robot a: +0.131 IoU
[staged]     robot b: +0.117 IoU
[staged]     robot c: +0.035 IoU  ← low
[staged]     robot d: +0.016 IoU  ← low
[staged]     robot e: +0.017 IoU  ← low
[staged]   Ph2 robot e  zone 3  (uncovered: 9% of target)
    [parallel] 10 worker threads, one renderer clone each
    init sampling: best coverage score 40.0px of uncovered area  (16 samples)
[staged]   → robot e: IoU 0.699 → 0.713  ✓
    ↑ new global best IoU 0.713  [phase Ph2 robot e]
[staged]   Ph2 robot d  zone 1  (uncovered: 11% of target)
    [parallel] 10 worker threads, one renderer clone each
    init sampling: best coverage score 174.0px of uncovered area  (16 samples)
[staged]   → robot d: IoU 0.713 → 0.732  ✓
    ↑ new global best IoU 0.732  [phase Ph2 robot d]
[staged]   Ph2 robot c  zone 2  (uncovered: 9% of target)
    [parallel] 10 worker threads, one renderer clone each
    init sampling: best coverage score 91.0px of uncovered area  (16 samples)
[staged]   → robot c: IoU 0.732 → 0.734  ✓
    ↑ new global best IoU 0.734  [phase Ph2 robot c]
[staged]   Ph2 robot b  zone 0  (uncovered: 17% of target)
    [parallel] 10 worker threads, one renderer clone each
    init sampling: best coverage score 348.0px of uncovered area  (16 samples)
[staged]   → robot b: IoU 0.734 → 0.791  ✓
    ↑ new global best IoU 0.791  [phase Ph2 robot b]
[staged]   Ph2 robot a  zone 4  (uncovered: 33% of target)
    [parallel] 10 worker threads, one renderer clone each
    init sampling: best coverage score 555.0px of uncovered area  (16 samples)
[staged]   → robot a: candidate 0.668 < current 0.791  ✗ rejected
[staged] Phase 2 done — composite IoU: 0.791

[staged] Best snapshot: Phase 2  IoU=0.791
[staged] Manifold final pass — computing Jacobian  (ε=0.020, 60 renders)
[staged] Manifold basis: k=8D / 30D  (variance≥85%, top eigenvalues: ['536903.44', '196912.09', '117224.41', '90889.18', '80282.54'])
    ↑ new global best IoU 0.809  [manifold final pass]
[staged] Manifold done — IoU: 0.809  (Δ=+0.018)  ✓
[staged] FD refinement — 5 Adam steps  (300 renders, lr=0.01, ε=0.02)
    ↑ new global best IoU 0.814  [FD refinement]
[staged] FD done — IoU: 0.814  (Δ=+0.006)  ✓
[staged] Done — final IoU: 0.814  loss: 0.1860
[staged] Popsize: per-robot phases=32  final=48  (theory optimum for 6 DOF = 10)

[staged] Hungarian pre-assignment  (5×5 cost matrix, 8 samples/entry = 200 renders)...
[staged]   robot_a → zone 1  robot_b → zone 3  robot_c → zone 4  robot_d → zone 0  robot_e → zone 2

[staged] Phase 1 — forward greedy  (16 iters × 5 robot(s), sigma=0.40×1.00, popsize=32)
[staged]   Ph1 robot a  zone 1  (uncovered: 20% of target)
    [parallel] 10 worker threads, one renderer clone each
    init sampling: best coverage score 576.0px of uncovered area  (16 samples)
[staged]   → robot a: IoU 0.217 → 0.527  ✓
    ↑ new global best IoU 0.527  [phase Ph1 robot a]
[staged]   Ph1 robot b  zone 3  (uncovered: 5% of target)
    [parallel] 10 worker threads, one renderer clone each
    init sampling: best coverage score 188.0px of uncovered area  (16 samples)
[staged]   → robot b: IoU 0.527 → 0.669  ✓
    ↑ new global best IoU 0.669  [phase Ph1 robot b]
[staged]   Ph1 robot c  zone 4  (uncovered: 6% of target)
    [parallel] 10 worker threads, one renderer clone each
    init sampling: best coverage score 124.0px of uncovered area  (16 samples)
[staged]   → robot c: IoU 0.669 → 0.698  ✓
    ↑ new global best IoU 0.698  [phase Ph1 robot c]
[staged]   Ph1 robot d  zone 0  (uncovered: 0% of target)
    [parallel] 10 worker threads, one renderer clone each
    init sampling: best loss 21.5515 (16 samples)
[staged]   → robot d: IoU 0.698 → 0.717  ✓
    ↑ new global best IoU 0.717  [phase Ph1 robot d]
[staged]   Ph1 robot e  zone 2  (uncovered: 1% of target)
    [parallel] 10 worker threads, one renderer clone each
    init sampling: best coverage score 5.0px of uncovered area  (16 samples)
[staged]   → robot e: IoU 0.717 → 0.739  ✓
    ↑ new global best IoU 0.739  [phase Ph1 robot e]
[staged] Phase 1 done — composite IoU: 0.739

[staged] Phase 2 — backward pass  (16 iters × 5 robots, sigma=0.300)
[staged]   contributions before Phase 2:
[staged]     robot a: +0.133 IoU
[staged]     robot b: +0.065 IoU
[staged]     robot c: +0.041 IoU  ← low
[staged]     robot d: +0.032 IoU  ← low
[staged]     robot e: +0.022 IoU  ← low
[staged]   Ph2 robot e  zone 2  (uncovered: 4% of target)
    [parallel] 10 worker threads, one renderer clone each
    init sampling: best coverage score 89.0px of uncovered area  (16 samples)
[staged]   → robot e: IoU 0.739 → 0.743  ✓
    ↑ new global best IoU 0.743  [phase Ph2 robot e]
[staged]   Ph2 robot d  zone 0  (uncovered: 5% of target)
    [parallel] 10 worker threads, one renderer clone each
    init sampling: best coverage score 62.0px of uncovered area  (16 samples)
[staged]   → robot d: candidate 0.736 < current 0.743  ✗ rejected
[staged]   Ph2 robot c  zone 4  (uncovered: 9% of target)
    [parallel] 10 worker threads, one renderer clone each
    init sampling: best coverage score 138.0px of uncovered area  (16 samples)
[staged]   → robot c: IoU 0.743 → 0.757  ✓
    ↑ new global best IoU 0.757  [phase Ph2 robot c]
[staged]   Ph2 robot b  zone 3  (uncovered: 12% of target)
    [parallel] 10 worker threads, one renderer clone each
    init sampling: best coverage score 282.0px of uncovered area  (16 samples)
[staged]   → robot b: IoU 0.757 → 0.781  ✓
    ↑ new global best IoU 0.781  [phase Ph2 robot b]
[staged]   Ph2 robot a  zone 1  (uncovered: 32% of target)
    [parallel] 10 worker threads, one renderer clone each
    init sampling: best coverage score 523.0px of uncovered area  (16 samples)
[staged]   → robot a: candidate 0.694 < current 0.781  ✗ rejected
[staged] Phase 2 done — composite IoU: 0.781

[staged] Best snapshot: Phase 2  IoU=0.781
[staged] Manifold final pass — computing Jacobian  (ε=0.020, 60 renders)
[staged] Manifold basis: k=7D / 30D  (variance≥85%, top eigenvalues: ['568557.31', '253497.77', '102302.76', '84523.16', '77975.04'])
    ↑ new global best IoU 0.788  [manifold final pass]
[staged] Manifold done — IoU: 0.788  (Δ=+0.006)  ✓
[staged] FD refinement — 5 Adam steps  (300 renders, lr=0.01, ε=0.02)
    ↑ new global best IoU 0.798  [FD refinement]
[staged] FD done — IoU: 0.798  (Δ=+0.011)  ✓
[staged] Done — final IoU: 0.798  loss: 0.2025
[staged] Popsize: per-robot phases=32  final=48  (theory optimum for 6 DOF = 10)

[staged] Hungarian pre-assignment  (5×5 cost matrix, 8 samples/entry = 200 renders)...
[staged]   robot_a → zone 0  robot_b → zone 1  robot_c → zone 4  robot_d → zone 2  robot_e → zone 3

[staged] Phase 1 — forward greedy  (16 iters × 5 robot(s), sigma=0.40×1.00, popsize=32)
[staged]   Ph1 robot a  zone 0  (uncovered: 22% of target)
    [parallel] 10 worker threads, one renderer clone each
    init sampling: best coverage score 658.0px of uncovered area  (16 samples)
[staged]   → robot a: IoU 0.217 → 0.504  ✓
    ↑ new global best IoU 0.504  [phase Ph1 robot a]
[staged]   Ph1 robot b  zone 1  (uncovered: 1% of target)
    [parallel] 10 worker threads, one renderer clone each
    init sampling: best coverage score 33.0px of uncovered area  (16 samples)
[staged]   → robot b: IoU 0.504 → 0.629  ✓
    ↑ new global best IoU 0.629  [phase Ph1 robot b]
[staged]   Ph1 robot c  zone 4  (uncovered: 4% of target)
    [parallel] 10 worker threads, one renderer clone each
    init sampling: best coverage score 75.0px of uncovered area  (16 samples)
[staged]   → robot c: IoU 0.629 → 0.661  ✓
    ↑ new global best IoU 0.661  [phase Ph1 robot c]
[staged]   Ph1 robot d  zone 2  (uncovered: 2% of target)
    [parallel] 10 worker threads, one renderer clone each
    init sampling: best coverage score 19.0px of uncovered area  (16 samples)
[staged]   → robot d: IoU 0.661 → 0.671  ✓
    ↑ new global best IoU 0.671  [phase Ph1 robot d]
[staged]   Ph1 robot e  zone 3  (uncovered: 0% of target)
    [parallel] 10 worker threads, one renderer clone each
    init sampling: best coverage score 3.0px of uncovered area  (16 samples)
[staged]   → robot e: IoU 0.671 → 0.686  ✓
    ↑ new global best IoU 0.686  [phase Ph1 robot e]
[staged] Phase 1 done — composite IoU: 0.686

[staged] Phase 2 — backward pass  (16 iters × 5 robots, sigma=0.300)
[staged]   contributions before Phase 2:
[staged]     robot a: +0.040 IoU  ← low
[staged]     robot b: +0.145 IoU
[staged]     robot c: +0.045 IoU  ← low
[staged]     robot d: +0.021 IoU  ← low
[staged]     robot e: +0.015 IoU  ← low
[staged]   Ph2 robot e  zone 3  (uncovered: 7% of target)
    [parallel] 10 worker threads, one renderer clone each
    init sampling: best coverage score 70.0px of uncovered area  (16 samples)
[staged]   → robot e: IoU 0.686 → 0.695  ✓
    ↑ new global best IoU 0.695  [phase Ph2 robot e]
[staged]   Ph2 robot d  zone 2  (uncovered: 6% of target)
    [parallel] 10 worker threads, one renderer clone each
    init sampling: best coverage score 64.0px of uncovered area  (16 samples)
[staged]   → robot d: candidate 0.676 < current 0.695  ✗ rejected
[staged]   Ph2 robot c  zone 4  (uncovered: 9% of target)
    [parallel] 10 worker threads, one renderer clone each
    init sampling: best coverage score 157.0px of uncovered area  (16 samples)
[staged]   → robot c: candidate 0.686 < current 0.695  ✗ rejected
[staged]   Ph2 robot b  zone 1  (uncovered: 14% of target)
    [parallel] 10 worker threads, one renderer clone each
    init sampling: best coverage score 334.0px of uncovered area  (16 samples)
[staged]   → robot b: candidate 0.687 < current 0.695  ✗ rejected
[staged]   Ph2 robot a  zone 0  (uncovered: 30% of target)
    [parallel] 10 worker threads, one renderer clone each
    init sampling: best coverage score 554.0px of uncovered area  (16 samples)
[staged]   → robot a: IoU 0.695 → 0.723  ✓
    ↑ new global best IoU 0.723  [phase Ph2 robot a]
[staged] Phase 2 done — composite IoU: 0.723

[staged] Best snapshot: Phase 2  IoU=0.723
[staged] Manifold final pass — computing Jacobian  (ε=0.020, 60 renders)
[staged] Manifold basis: k=9D / 30D  (variance≥85%, top eigenvalues: ['437943.16', '164819.33', '126979.38', '98646.87', '88870.89'])
    ↑ new global best IoU 0.788  [manifold final pass]
[staged] Manifold done — IoU: 0.788  (Δ=+0.065)  ✓
[staged] FD refinement — 5 Adam steps  (300 renders, lr=0.01, ε=0.02)
    ↑ new global best IoU 0.798  [FD refinement]
[staged] FD done — IoU: 0.798  (Δ=+0.010)  ✓
[staged] Done — final IoU: 0.798  loss: 0.2029
[shard 0] 4/10 letters_upper/U_dejavusans-bold  best=0.835 mean=0.795±0.036  192s  eta 0.3h
[staged] Popsize: per-robot phases=32  final=48  (theory optimum for 6 DOF = 10)

[staged] Hungarian pre-assignment  (5×5 cost matrix, 8 samples/entry = 200 renders)...
[staged]   robot_a → zone 3  robot_b → zone 4  robot_c → zone 1  robot_d → zone 0  robot_e → zone 2

[staged] Phase 1 — forward greedy  (16 iters × 5 robot(s), sigma=0.40×1.00, popsize=32)
[staged]   Ph1 robot a  zone 3  (uncovered: 16% of target)
    [parallel] 10 worker threads, one renderer clone each
    init sampling: best coverage score 50.0px of uncovered area  (16 samples)
[staged]   → robot a: IoU 0.213 → 0.468  ✓
    ↑ new global best IoU 0.468  [phase Ph1 robot a]
[staged]   Ph1 robot b  zone 4  (uncovered: 8% of target)
    [parallel] 10 worker threads, one renderer clone each
    init sampling: best coverage score 91.0px of uncovered area  (16 samples)
[staged]   → robot b: IoU 0.468 → 0.516  ✓
    ↑ new global best IoU 0.516  [phase Ph1 robot b]
[staged]   Ph1 robot c  zone 1  (uncovered: 6% of target)
    [parallel] 10 worker threads, one renderer clone each
    init sampling: best coverage score 32.0px of uncovered area  (16 samples)
[staged]   → robot c: IoU 0.516 → 0.556  ✓
    ↑ new global best IoU 0.556  [phase Ph1 robot c]
[staged]   Ph1 robot d  zone 0  (uncovered: 1% of target)
    [parallel] 10 worker threads, one renderer clone each
    init sampling: best coverage score 52.0px of uncovered area  (16 samples)
[staged]   → robot d: IoU 0.556 → 0.611  ✓
    ↑ new global best IoU 0.611  [phase Ph1 robot d]
[staged]   Ph1 robot e  zone 2  (uncovered: 2% of target)
    [parallel] 10 worker threads, one renderer clone each
    init sampling: best coverage score 42.0px of uncovered area  (16 samples)
[staged]   → robot e: IoU 0.611 → 0.664  ✓
    ↑ new global best IoU 0.664  [phase Ph1 robot e]
[staged] Phase 1 done — composite IoU: 0.664

[staged] Phase 2 — backward pass  (16 iters × 5 robots, sigma=0.300)
[staged]   contributions before Phase 2:
[staged]     robot a: +0.159 IoU
[staged]     robot b: +0.031 IoU  ← low
[staged]     robot c: +0.031 IoU  ← low
[staged]     robot d: +0.071 IoU
[staged]     robot e: +0.053 IoU
[staged]   Ph2 robot e  zone 2  (uncovered: 16% of target)
    [parallel] 10 worker threads, one renderer clone each
    init sampling: best coverage score 32.0px of uncovered area  (16 samples)
[staged]   → robot e: candidate 0.630 < current 0.664  ✗ rejected
[staged]   Ph2 robot d  zone 0  (uncovered: 17% of target)
    [parallel] 10 worker threads, one renderer clone each
    init sampling: best coverage score 87.0px of uncovered area  (16 samples)
[staged]   → robot d: candidate 0.651 < current 0.664  ✗ rejected
[staged]   Ph2 robot c  zone 1  (uncovered: 11% of target)
    [parallel] 10 worker threads, one renderer clone each
    init sampling: best coverage score 102.0px of uncovered area  (16 samples)
[staged]   → robot c: IoU 0.664 → 0.666  ✓
    ↑ new global best IoU 0.666  [phase Ph2 robot c]
[staged]   Ph2 robot b  zone 4  (uncovered: 11% of target)
    [parallel] 10 worker threads, one renderer clone each
    init sampling: best coverage score 207.0px of uncovered area  (16 samples)
[staged]   → robot b: IoU 0.666 → 0.669  ✓
    ↑ new global best IoU 0.669  [phase Ph2 robot b]
[staged]   Ph2 robot a  zone 3  (uncovered: 30% of target)
    [parallel] 10 worker threads, one renderer clone each
    init sampling: best coverage score 281.0px of uncovered area  (16 samples)
[staged]   → robot a: candidate 0.623 < current 0.669  ✗ rejected
[staged] Phase 2 done — composite IoU: 0.669

[staged] Best snapshot: Phase 2  IoU=0.669
[staged] Manifold final pass — computing Jacobian  (ε=0.020, 60 renders)
[staged] Manifold basis: k=11D / 30D  (variance≥85%, top eigenvalues: ['182435.08', '177138.33', '137544.64', '106524.27', '63430.15'])
    ↑ new global best IoU 0.675  [manifold final pass]
[staged] Manifold done — IoU: 0.675  (Δ=+0.006)  ✓
[staged] FD refinement — 5 Adam steps  (300 renders, lr=0.01, ε=0.02)
[staged] FD done — IoU: 0.675  (Δ=+0.000)  ✓
[staged] Done — final IoU: 0.675  loss: 0.3265
[staged] Popsize: per-robot phases=32  final=48  (theory optimum for 6 DOF = 10)

[staged] Hungarian pre-assignment  (5×5 cost matrix, 8 samples/entry = 200 renders)...
[staged]   robot_a → zone 1  robot_b → zone 4  robot_c → zone 0  robot_d → zone 2  robot_e → zone 3

[staged] Phase 1 — forward greedy  (16 iters × 5 robot(s), sigma=0.40×1.00, popsize=32)
[staged]   Ph1 robot a  zone 1  (uncovered: 24% of target)
    [parallel] 10 worker threads, one renderer clone each
    init sampling: best coverage score 285.0px of uncovered area  (16 samples)
[staged]   → robot a: IoU 0.213 → 0.434  ✓
    ↑ new global best IoU 0.434  [phase Ph1 robot a]
[staged]   Ph1 robot b  zone 4  (uncovered: 8% of target)
    [parallel] 10 worker threads, one renderer clone each
    init sampling: best coverage score 242.0px of uncovered area  (16 samples)
[staged]   → robot b: IoU 0.434 → 0.511  ✓
    ↑ new global best IoU 0.511  [phase Ph1 robot b]
[staged]   Ph1 robot c  zone 0  (uncovered: 8% of target)
    [parallel] 10 worker threads, one renderer clone each
    init sampling: best coverage score 144.0px of uncovered area  (16 samples)
[staged]   → robot c: IoU 0.511 → 0.556  ✓
    ↑ new global best IoU 0.556  [phase Ph1 robot c]
[staged]   Ph1 robot d  zone 2  (uncovered: 4% of target)
    [parallel] 10 worker threads, one renderer clone each
    init sampling: best coverage score 103.0px of uncovered area  (16 samples)
[staged]   → robot d: IoU 0.556 → 0.595  ✓
    ↑ new global best IoU 0.595  [phase Ph1 robot d]
[staged]   Ph1 robot e  zone 3  (uncovered: 2% of target)
    [parallel] 10 worker threads, one renderer clone each
    init sampling: best coverage score 18.0px of uncovered area  (16 samples)
[staged]   → robot e: IoU 0.595 → 0.605  ✓
    ↑ new global best IoU 0.605  [phase Ph1 robot e]
[staged] Phase 1 done — composite IoU: 0.605

[staged] Phase 2 — backward pass  (16 iters × 5 robots, sigma=0.300)
[staged]   contributions before Phase 2:
[staged]     robot a: +0.116 IoU
[staged]     robot b: +0.063 IoU
[staged]     robot c: +0.040 IoU  ← low
[staged]     robot d: +0.042 IoU  ← low
[staged]     robot e: +0.010 IoU  ← low
[staged]   Ph2 robot e  zone 3  (uncovered: 7% of target)
    [parallel] 10 worker threads, one renderer clone each
    init sampling: best coverage score 42.0px of uncovered area  (16 samples)
[staged]   → robot e: candidate 0.601 < current 0.605  ✗ rejected
[staged]   Ph2 robot d  zone 2  (uncovered: 13% of target)
    [parallel] 10 worker threads, one renderer clone each
    init sampling: best coverage score 273.0px of uncovered area  (16 samples)
[staged]   → robot d: IoU 0.605 → 0.608  ✓
    ↑ new global best IoU 0.608  [phase Ph2 robot d]
[staged]   Ph2 robot c  zone 0  (uncovered: 16% of target)
    [parallel] 10 worker threads, one renderer clone each
    init sampling: best coverage score 83.0px of uncovered area  (16 samples)
[staged]   → robot c: IoU 0.608 → 0.617  ✓
    ↑ new global best IoU 0.617  [phase Ph2 robot c]
[staged]   Ph2 robot b  zone 4  (uncovered: 20% of target)
    [parallel] 10 worker threads, one renderer clone each
    init sampling: best coverage score 132.0px of uncovered area  (16 samples)
[staged]   → robot b: candidate 0.603 < current 0.617  ✗ rejected
[staged]   Ph2 robot a  zone 1  (uncovered: 24% of target)
    [parallel] 10 worker threads, one renderer clone each
    init sampling: best coverage score 332.0px of uncovered area  (16 samples)
[staged]   → robot a: candidate 0.557 < current 0.617  ✗ rejected
[staged] Phase 2 done — composite IoU: 0.617

[staged] Best snapshot: Phase 2  IoU=0.617
[staged] Manifold final pass — computing Jacobian  (ε=0.020, 60 renders)
[staged] Manifold basis: k=10D / 30D  (variance≥85%, top eigenvalues: ['271530.31', '199974.61', '137953.94', '116265.95', '95289.61'])
    ↑ new global best IoU 0.635  [manifold final pass]
[staged] Manifold done — IoU: 0.635  (Δ=+0.018)  ✓
[staged] FD refinement — 5 Adam steps  (300 renders, lr=0.01, ε=0.02)
    ↑ new global best IoU 0.641  [FD refinement]
[staged] FD done — IoU: 0.641  (Δ=+0.005)  ✓
[staged] Done — final IoU: 0.641  loss: 0.3612
[staged] Popsize: per-robot phases=32  final=48  (theory optimum for 6 DOF = 10)

[staged] Hungarian pre-assignment  (5×5 cost matrix, 8 samples/entry = 200 renders)...
[staged]   robot_a → zone 2  robot_b → zone 4  robot_c → zone 0  robot_d → zone 1  robot_e → zone 3

[staged] Phase 1 — forward greedy  (16 iters × 5 robot(s), sigma=0.40×1.00, popsize=32)
[staged]   Ph1 robot a  zone 2  (uncovered: 21% of target)
    [parallel] 10 worker threads, one renderer clone each
    init sampling: best coverage score 550.0px of uncovered area  (16 samples)
[staged]   → robot a: IoU 0.213 → 0.378  ✓
    ↑ new global best IoU 0.378  [phase Ph1 robot a]
[staged]   Ph1 robot b  zone 4  (uncovered: 1% of target)
    [parallel] 10 worker threads, one renderer clone each
    init sampling: best coverage score 35.0px of uncovered area  (16 samples)
[staged]   → robot b: IoU 0.378 → 0.476  ✓
    ↑ new global best IoU 0.476  [phase Ph1 robot b]
[staged]   Ph1 robot c  zone 0  (uncovered: 10% of target)
    [parallel] 10 worker threads, one renderer clone each
    init sampling: best coverage score 306.0px of uncovered area  (16 samples)
[staged]   → robot c: IoU 0.476 → 0.563  ✓
    ↑ new global best IoU 0.563  [phase Ph1 robot c]
[staged]   Ph1 robot d  zone 1  (uncovered: 5% of target)
    [parallel] 10 worker threads, one renderer clone each
    init sampling: best coverage score 87.0px of uncovered area  (16 samples)
[staged]   → robot d: IoU 0.563 → 0.590  ✓
    ↑ new global best IoU 0.590  [phase Ph1 robot d]
[staged]   Ph1 robot e  zone 3  (uncovered: 2% of target)
    [parallel] 10 worker threads, one renderer clone each
    init sampling: best coverage score 12.0px of uncovered area  (16 samples)
[staged]   → robot e: IoU 0.590 → 0.617  ✓
    ↑ new global best IoU 0.617  [phase Ph1 robot e]
[staged] Phase 1 done — composite IoU: 0.617

[staged] Phase 2 — backward pass  (16 iters × 5 robots, sigma=0.300)
[staged]   contributions before Phase 2:
[staged]     robot a: +0.154 IoU
[staged]     robot b: +0.062 IoU
[staged]     robot c: +0.100 IoU
[staged]     robot d: +0.041 IoU  ← low
[staged]     robot e: +0.027 IoU  ← low
[staged]   Ph2 robot e  zone 3  (uncovered: 13% of target)
    [parallel] 10 worker threads, one renderer clone each
    init sampling: best coverage score 86.0px of uncovered area  (16 samples)
[staged]   → robot e: IoU 0.617 → 0.628  ✓
    ↑ new global best IoU 0.628  [phase Ph2 robot e]
[staged]   Ph2 robot d  zone 1  (uncovered: 14% of target)
    [parallel] 10 worker threads, one renderer clone each
    init sampling: best coverage score 145.0px of uncovered area  (16 samples)
[staged]   → robot d: IoU 0.628 → 0.631  ✓
    ↑ new global best IoU 0.631  [phase Ph2 robot d]
[staged]   Ph2 robot c  zone 0  (uncovered: 22% of target)
    [parallel] 10 worker threads, one renderer clone each
    init sampling: best coverage score 284.0px of uncovered area  (16 samples)
[staged]   → robot c: candidate 0.623 < current 0.631  ✗ rejected
[staged]   Ph2 robot b  zone 4  (uncovered: 27% of target)
    [parallel] 10 worker threads, one renderer clone each
    init sampling: best coverage score 655.0px of uncovered area  (16 samples)
[staged]   → robot b: candidate 0.615 < current 0.631  ✗ rejected
[staged]   Ph2 robot a  zone 2  (uncovered: 31% of target)
    [parallel] 10 worker threads, one renderer clone each
    init sampling: best coverage score 336.0px of uncovered area  (16 samples)
[staged]   → robot a: candidate 0.621 < current 0.631  ✗ rejected
[staged] Phase 2 done — composite IoU: 0.631

[staged] Best snapshot: Phase 2  IoU=0.631
[staged] Manifold final pass — computing Jacobian  (ε=0.020, 60 renders)
[staged] Manifold basis: k=8D / 30D  (variance≥85%, top eigenvalues: ['493041.62', '325224.12', '108133.41', '93265.07', '68598.05'])
    ↑ new global best IoU 0.670  [manifold final pass]
[staged] Manifold done — IoU: 0.670  (Δ=+0.039)  ✓
[staged] FD refinement — 5 Adam steps  (300 renders, lr=0.01, ε=0.02)
[staged] FD done — IoU: 0.670  (Δ=+0.000)  ✓
[staged] Done — final IoU: 0.670  loss: 0.3309
[staged] Popsize: per-robot phases=32  final=48  (theory optimum for 6 DOF = 10)

[staged] Hungarian pre-assignment  (5×5 cost matrix, 8 samples/entry = 200 renders)...
[staged]   robot_a → zone 3  robot_b → zone 1  robot_c → zone 0  robot_d → zone 2  robot_e → zone 4

[staged] Phase 1 — forward greedy  (16 iters × 5 robot(s), sigma=0.40×1.00, popsize=32)
[staged]   Ph1 robot a  zone 3  (uncovered: 16% of target)
    [parallel] 10 worker threads, one renderer clone each
    init sampling: best coverage score 252.0px of uncovered area  (16 samples)
[staged]   → robot a: IoU 0.213 → 0.444  ✓
    ↑ new global best IoU 0.444  [phase Ph1 robot a]
[staged]   Ph1 robot b  zone 1  (uncovered: 9% of target)
    [parallel] 10 worker threads, one renderer clone each
    init sampling: best coverage score 107.0px of uncovered area  (16 samples)
[staged]   → robot b: IoU 0.444 → 0.538  ✓
    ↑ new global best IoU 0.538  [phase Ph1 robot b]
[staged]   Ph1 robot c  zone 0  (uncovered: 4% of target)
    [parallel] 10 worker threads, one renderer clone each
    init sampling: best coverage score 74.0px of uncovered area  (16 samples)
[staged]   → robot c: IoU 0.538 → 0.568  ✓
    ↑ new global best IoU 0.568  [phase Ph1 robot c]
[staged]   Ph1 robot d  zone 2  (uncovered: 2% of target)
    [parallel] 10 worker threads, one renderer clone each
    init sampling: best coverage score 51.0px of uncovered area  (16 samples)
[staged]   → robot d: IoU 0.568 → 0.583  ✓
    ↑ new global best IoU 0.583  [phase Ph1 robot d]
[staged]   Ph1 robot e  zone 4  (uncovered: 0% of target)
    [parallel] 10 worker threads, one renderer clone each
    init sampling: best coverage score 6.0px of uncovered area  (16 samples)
[staged]   → robot e: IoU 0.583 → 0.628  ✓
    ↑ new global best IoU 0.628  [phase Ph1 robot e]
[staged] Phase 1 done — composite IoU: 0.628

[staged] Phase 2 — backward pass  (16 iters × 5 robots, sigma=0.300)
[staged]   contributions before Phase 2:
[staged]     robot a: +0.137 IoU
[staged]     robot b: +0.113 IoU
[staged]     robot c: +0.045 IoU  ← low
[staged]     robot d: +0.029 IoU  ← low
[staged]     robot e: +0.046 IoU  ← low
[staged]   Ph2 robot e  zone 4  (uncovered: 17% of target)
    [parallel] 10 worker threads, one renderer clone each
    init sampling: best coverage score 307.0px of uncovered area  (16 samples)
[staged]   → robot e: IoU 0.628 → 0.659  ✓
    ↑ new global best IoU 0.659  [phase Ph2 robot e]
[staged]   Ph2 robot d  zone 2  (uncovered: 9% of target)
    [parallel] 10 worker threads, one renderer clone each
    init sampling: best coverage score 42.0px of uncovered area  (16 samples)
[staged]   → robot d: IoU 0.659 → 0.675  ✓
    ↑ new global best IoU 0.675  [phase Ph2 robot d]
[staged]   Ph2 robot c  zone 0  (uncovered: 11% of target)
    [parallel] 10 worker threads, one renderer clone each
    init sampling: best coverage score 213.0px of uncovered area  (16 samples)
[staged]   → robot c: IoU 0.675 → 0.681  ✓
    ↑ new global best IoU 0.681  [phase Ph2 robot c]
[staged]   Ph2 robot b  zone 1  (uncovered: 22% of target)
    [parallel] 10 worker threads, one renderer clone each
    init sampling: best coverage score 287.0px of uncovered area  (16 samples)
[staged]   → robot b: candidate 0.657 < current 0.681  ✗ rejected
[staged]   Ph2 robot a  zone 3  (uncovered: 16% of target)
    [parallel] 10 worker threads, one renderer clone each
    init sampling: best coverage score 208.0px of uncovered area  (16 samples)
[staged]   → robot a: IoU 0.681 → 0.686  ✓
    ↑ new global best IoU 0.686  [phase Ph2 robot a]
[staged] Phase 2 done — composite IoU: 0.686

[staged] Best snapshot: Phase 2  IoU=0.686
[staged] Manifold final pass — computing Jacobian  (ε=0.020, 60 renders)
[staged] Manifold basis: k=8D / 30D  (variance≥85%, top eigenvalues: ['309046.69', '249245.31', '191162.86', '165677.08', '153141.56'])
    ↑ new global best IoU 0.711  [manifold final pass]
[staged] Manifold done — IoU: 0.711  (Δ=+0.025)  ✓
[staged] FD refinement — 5 Adam steps  (300 renders, lr=0.01, ε=0.02)
[staged] FD done — IoU: 0.711  (Δ=+0.000)  ✓
[staged] Done — final IoU: 0.711  loss: 0.2902
[staged] Popsize: per-robot phases=32  final=48  (theory optimum for 6 DOF = 10)

[staged] Hungarian pre-assignment  (5×5 cost matrix, 8 samples/entry = 200 renders)...
[staged]   robot_a → zone 3  robot_b → zone 4  robot_c → zone 0  robot_d → zone 2  robot_e → zone 1

[staged] Phase 1 — forward greedy  (16 iters × 5 robot(s), sigma=0.40×1.00, popsize=32)
[staged]   Ph1 robot a  zone 3  (uncovered: 8% of target)
    [parallel] 10 worker threads, one renderer clone each
    init sampling: best coverage score 107.0px of uncovered area  (16 samples)
[staged]   → robot a: IoU 0.213 → 0.509  ✓
    ↑ new global best IoU 0.509  [phase Ph1 robot a]
[staged]   Ph1 robot b  zone 4  (uncovered: 0% of target)
    [parallel] 10 worker threads, one renderer clone each
    init sampling: best coverage score 0.0px of uncovered area  (16 samples)
[staged]   → robot b: IoU 0.509 → 0.544  ✓
    ↑ new global best IoU 0.544  [phase Ph1 robot b]
[staged]   Ph1 robot c  zone 0  (uncovered: 8% of target)
    [parallel] 10 worker threads, one renderer clone each
    init sampling: best coverage score 261.0px of uncovered area  (16 samples)
[staged]   → robot c: IoU 0.544 → 0.577  ✓
    ↑ new global best IoU 0.577  [phase Ph1 robot c]
[staged]   Ph1 robot d  zone 2  (uncovered: 4% of target)
    [parallel] 10 worker threads, one renderer clone each
    init sampling: best coverage score 71.0px of uncovered area  (16 samples)
[staged]   → robot d: IoU 0.577 → 0.596  ✓
    ↑ new global best IoU 0.596  [phase Ph1 robot d]
[staged]   Ph1 robot e  zone 1  (uncovered: 1% of target)
    [parallel] 10 worker threads, one renderer clone each
    init sampling: best coverage score 17.0px of uncovered area  (16 samples)
[staged]   → robot e: IoU 0.596 → 0.605  ✓
    ↑ new global best IoU 0.605  [phase Ph1 robot e]
[staged] Phase 1 done — composite IoU: 0.605

[staged] Phase 2 — backward pass  (16 iters × 5 robots, sigma=0.300)
[staged]   contributions before Phase 2:
[staged]     robot a: +0.219 IoU
[staged]     robot b: +0.022 IoU  ← low
[staged]     robot c: +0.021 IoU  ← low
[staged]     robot d: -0.008 IoU  ← low
[staged]     robot e: +0.009 IoU  ← low
[staged]   Ph2 robot e  zone 1  (uncovered: 8% of target)
    [parallel] 10 worker threads, one renderer clone each
    init sampling: best coverage score 37.0px of uncovered area  (16 samples)
[staged]   → robot e: IoU 0.605 → 0.607  ✓
    ↑ new global best IoU 0.607  [phase Ph2 robot e]
[staged]   Ph2 robot d  zone 2  (uncovered: 11% of target)
    [parallel] 10 worker threads, one renderer clone each
    init sampling: best coverage score 95.0px of uncovered area  (16 samples)
[staged]   → robot d: IoU 0.607 → 0.610  ✓
    ↑ new global best IoU 0.610  [phase Ph2 robot d]
[staged]   Ph2 robot c  zone 0  (uncovered: 17% of target)
    [parallel] 10 worker threads, one renderer clone each
    init sampling: best coverage score 210.0px of uncovered area  (16 samples)
[staged]   → robot c: IoU 0.610 → 0.634  ✓
    ↑ new global best IoU 0.634  [phase Ph2 robot c]
[staged]   Ph2 robot b  zone 4  (uncovered: 13% of target)
    [parallel] 10 worker threads, one renderer clone each
    init sampling: best coverage score 171.0px of uncovered area  (16 samples)
[staged]   → robot b: IoU 0.634 → 0.645  ✓
    ↑ new global best IoU 0.645  [phase Ph2 robot b]
[staged]   Ph2 robot a  zone 3  (uncovered: 40% of target)
    [parallel] 10 worker threads, one renderer clone each
    init sampling: best coverage score 220.0px of uncovered area  (16 samples)
[staged]   → robot a: candidate 0.601 < current 0.645  ✗ rejected
[staged] Phase 2 done — composite IoU: 0.645

[staged] Best snapshot: Phase 2  IoU=0.645
[staged] Manifold final pass — computing Jacobian  (ε=0.020, 60 renders)
[staged] Manifold basis: k=9D / 30D  (variance≥85%, top eigenvalues: ['367427.72', '184890.64', '170163.08', '71705.16', '57581.43'])
    ↑ new global best IoU 0.674  [manifold final pass]
[staged] Manifold done — IoU: 0.674  (Δ=+0.029)  ✓
[staged] FD refinement — 5 Adam steps  (300 renders, lr=0.01, ε=0.02)
    ↑ new global best IoU 0.677  [FD refinement]
[staged] FD done — IoU: 0.677  (Δ=+0.003)  ✓
[staged] Done — final IoU: 0.677  loss: 0.3241
[shard 0] 5/10 letters_upper/W_dejavusans-bold  best=0.711 mean=0.675±0.022  193s  eta 0.3h
[staged] Popsize: per-robot phases=32  final=48  (theory optimum for 6 DOF = 10)

[staged] Hungarian pre-assignment  (5×5 cost matrix, 8 samples/entry = 200 renders)...
[staged]   robot_a → zone 0  robot_b → zone 3  robot_c → zone 1  robot_d → zone 4  robot_e → zone 2

[staged] Phase 1 — forward greedy  (16 iters × 5 robot(s), sigma=0.40×1.00, popsize=32)
[staged]   Ph1 robot a  zone 0  (uncovered: 14% of target)
    [parallel] 10 worker threads, one renderer clone each
    init sampling: best coverage score 440.0px of uncovered area  (16 samples)
[staged]   → robot a: IoU 0.157 → 0.439  ✓
    ↑ new global best IoU 0.439  [phase Ph1 robot a]
[staged]   Ph1 robot b  zone 3  (uncovered: 4% of target)
    [parallel] 10 worker threads, one renderer clone each
    init sampling: best coverage score 147.0px of uncovered area  (16 samples)
[staged]   → robot b: IoU 0.439 → 0.454  ✓
    ↑ new global best IoU 0.454  [phase Ph1 robot b]
[staged]   Ph1 robot c  zone 1  (uncovered: 17% of target)
    [parallel] 10 worker threads, one renderer clone each
    init sampling: best coverage score 152.0px of uncovered area  (16 samples)
[staged]   → robot c: IoU 0.454 → 0.519  ✓
    ↑ new global best IoU 0.519  [phase Ph1 robot c]
[staged]   Ph1 robot d  zone 4  (uncovered: 4% of target)
    [parallel] 10 worker threads, one renderer clone each
    init sampling: best coverage score 83.0px of uncovered area  (16 samples)
[staged]   → robot d: IoU 0.519 → 0.546  ✓
    ↑ new global best IoU 0.546  [phase Ph1 robot d]
[staged]   Ph1 robot e  zone 2  (uncovered: 0% of target)
    [parallel] 10 worker threads, one renderer clone each
    init sampling: best coverage score 5.0px of uncovered area  (16 samples)
[staged]   → robot e: IoU 0.546 → 0.586  ✓
    ↑ new global best IoU 0.586  [phase Ph1 robot e]
[staged] Phase 1 done — composite IoU: 0.586

[staged] Phase 2 — backward pass  (16 iters × 5 robots, sigma=0.300)
[staged]   contributions before Phase 2:
[staged]     robot a: +0.097 IoU
[staged]     robot b: +0.005 IoU  ← low
[staged]     robot c: +0.052 IoU
[staged]     robot d: +0.038 IoU  ← low
[staged]     robot e: +0.040 IoU  ← low
[staged]   Ph2 robot e  zone 2  (uncovered: 22% of target)
    [parallel] 10 worker threads, one renderer clone each
    init sampling: best coverage score 80.0px of uncovered area  (16 samples)
[staged]   → robot e: candidate 0.577 < current 0.586  ✗ rejected
[staged]   Ph2 robot d  zone 4  (uncovered: 22% of target)
    [parallel] 10 worker threads, one renderer clone each
    init sampling: best coverage score 90.0px of uncovered area  (16 samples)
[staged]   → robot d: candidate 0.573 < current 0.586  ✗ rejected
[staged]   Ph2 robot c  zone 1  (uncovered: 26% of target)
    [parallel] 10 worker threads, one renderer clone each
    init sampling: best coverage score 256.0px of uncovered area  (16 samples)
[staged]   → robot c: IoU 0.586 → 0.586  ✓
    ↑ new global best IoU 0.586  [phase Ph2 robot c]
[staged]   Ph2 robot b  zone 3  (uncovered: 21% of target)
    [parallel] 10 worker threads, one renderer clone each
    init sampling: best coverage score 201.0px of uncovered area  (16 samples)
[staged]   → robot b: IoU 0.586 → 0.658  ✓
    ↑ new global best IoU 0.658  [phase Ph2 robot b]
[staged]   Ph2 robot a  zone 0  (uncovered: 29% of target)
    [parallel] 10 worker threads, one renderer clone each
    init sampling: best coverage score 248.0px of uncovered area  (16 samples)
[staged]   → robot a: candidate 0.657 < current 0.658  ✗ rejected
[staged] Phase 2 done — composite IoU: 0.658

[staged] Best snapshot: Phase 2  IoU=0.658
[staged] Manifold final pass — computing Jacobian  (ε=0.020, 60 renders)
[staged] Manifold basis: k=7D / 30D  (variance≥85%, top eigenvalues: ['690042.31', '189091.47', '69766.68', '67629.18', '60629.52'])
    ↑ new global best IoU 0.666  [manifold final pass]
[staged] Manifold done — IoU: 0.666  (Δ=+0.008)  ✓
[staged] FD refinement — 5 Adam steps  (300 renders, lr=0.01, ε=0.02)
    ↑ new global best IoU 0.669  [FD refinement]
[staged] FD done — IoU: 0.669  (Δ=+0.003)  ✓
[staged] Done — final IoU: 0.669  loss: 0.3319
[staged] Popsize: per-robot phases=32  final=48  (theory optimum for 6 DOF = 10)

[staged] Hungarian pre-assignment  (5×5 cost matrix, 8 samples/entry = 200 renders)...
[staged]   robot_a → zone 4  robot_b → zone 3  robot_c → zone 0  robot_d → zone 2  robot_e → zone 1

[staged] Phase 1 — forward greedy  (16 iters × 5 robot(s), sigma=0.40×1.00, popsize=32)
[staged]   Ph1 robot a  zone 4  (uncovered: 24% of target)
    [parallel] 10 worker threads, one renderer clone each
    init sampling: best coverage score 288.0px of uncovered area  (16 samples)
[staged]   → robot a: IoU 0.157 → 0.518  ✓
    ↑ new global best IoU 0.518  [phase Ph1 robot a]
[staged]   Ph1 robot b  zone 3  (uncovered: 11% of target)
    [parallel] 10 worker threads, one renderer clone each
    init sampling: best coverage score 194.0px of uncovered area  (16 samples)
[staged]   → robot b: IoU 0.518 → 0.573  ✓
    ↑ new global best IoU 0.573  [phase Ph1 robot b]
[staged]   Ph1 robot c  zone 0  (uncovered: 5% of target)
    [parallel] 10 worker threads, one renderer clone each
    init sampling: best coverage score 17.0px of uncovered area  (16 samples)
[staged]   → robot c: IoU 0.573 → 0.616  ✓
    ↑ new global best IoU 0.616  [phase Ph1 robot c]
[staged]   Ph1 robot d  zone 2  (uncovered: 2% of target)
    [parallel] 10 worker threads, one renderer clone each
    init sampling: best coverage score 47.0px of uncovered area  (16 samples)
[staged]   → robot d: IoU 0.616 → 0.641  ✓
    ↑ new global best IoU 0.641  [phase Ph1 robot d]
[staged]   Ph1 robot e  zone 1  (uncovered: 0% of target)
    [parallel] 10 worker threads, one renderer clone each
    init sampling: best coverage score 13.0px of uncovered area  (16 samples)
[staged]   → robot e: IoU 0.641 → 0.690  ✓
    ↑ new global best IoU 0.690  [phase Ph1 robot e]
[staged] Phase 1 done — composite IoU: 0.690

[staged] Phase 2 — backward pass  (16 iters × 5 robots, sigma=0.300)
[staged]   contributions before Phase 2:
[staged]     robot a: +0.224 IoU
[staged]     robot b: +0.076 IoU
[staged]     robot c: +0.077 IoU
[staged]     robot d: +0.058 IoU
[staged]     robot e: +0.049 IoU  ← low
[staged]   Ph2 robot e  zone 1  (uncovered: 19% of target)
    [parallel] 10 worker threads, one renderer clone each
    init sampling: best coverage score 141.0px of uncovered area  (16 samples)
[staged]   → robot e: candidate 0.689 < current 0.690  ✗ rejected
[staged]   Ph2 robot d  zone 2  (uncovered: 17% of target)
    [parallel] 10 worker threads, one renderer clone each
    init sampling: best coverage score 206.0px of uncovered area  (16 samples)
[staged]   → robot d: candidate 0.682 < current 0.690  ✗ rejected
[staged]   Ph2 robot c  zone 0  (uncovered: 22% of target)
    [parallel] 10 worker threads, one renderer clone each
    init sampling: best coverage score 259.0px of uncovered area  (16 samples)
[staged]   → robot c: candidate 0.689 < current 0.690  ✗ rejected
[staged]   Ph2 robot b  zone 3  (uncovered: 19% of target)
    [parallel] 10 worker threads, one renderer clone each
    init sampling: best coverage score 313.0px of uncovered area  (16 samples)
[staged]   → robot b: candidate 0.680 < current 0.690  ✗ rejected
[staged]   Ph2 robot a  zone 4  (uncovered: 41% of target)
    [parallel] 10 worker threads, one renderer clone each
    init sampling: best coverage score 443.0px of uncovered area  (16 samples)
[staged]   → robot a: candidate 0.672 < current 0.690  ✗ rejected
[staged] Phase 2 done — composite IoU: 0.690

[staged] Best snapshot: Phase 1  IoU=0.690
[staged] Manifold final pass — computing Jacobian  (ε=0.020, 60 renders)
[staged] Manifold basis: k=10D / 30D  (variance≥85%, top eigenvalues: ['363488.66', '135727.27', '104141.98', '70134.98', '54394.25'])
    ↑ new global best IoU 0.712  [manifold final pass]
[staged] Manifold done — IoU: 0.712  (Δ=+0.021)  ✓
[staged] FD refinement — 5 Adam steps  (300 renders, lr=0.01, ε=0.02)
    ↑ new global best IoU 0.716  [FD refinement]
[staged] FD done — IoU: 0.716  (Δ=+0.004)  ✓
[staged] Done — final IoU: 0.716  loss: 0.2846
[staged] Popsize: per-robot phases=32  final=48  (theory optimum for 6 DOF = 10)

[staged] Hungarian pre-assignment  (5×5 cost matrix, 8 samples/entry = 200 renders)...
[staged]   robot_a → zone 1  robot_b → zone 4  robot_c → zone 2  robot_d → zone 3  robot_e → zone 0

[staged] Phase 1 — forward greedy  (16 iters × 5 robot(s), sigma=0.40×1.00, popsize=32)
[staged]   Ph1 robot a  zone 1  (uncovered: 18% of target)
    [parallel] 10 worker threads, one renderer clone each
    init sampling: best coverage score 563.0px of uncovered area  (16 samples)
[staged]   → robot a: IoU 0.157 → 0.473  ✓
    ↑ new global best IoU 0.473  [phase Ph1 robot a]
[staged]   Ph1 robot b  zone 4  (uncovered: 12% of target)
    [parallel] 10 worker threads, one renderer clone each
    init sampling: best coverage score 191.0px of uncovered area  (16 samples)
[staged]   → robot b: IoU 0.473 → 0.534  ✓
    ↑ new global best IoU 0.534  [phase Ph1 robot b]
[staged]   Ph1 robot c  zone 2  (uncovered: 6% of target)
    [parallel] 10 worker threads, one renderer clone each
    init sampling: best coverage score 230.0px of uncovered area  (16 samples)
[staged]   → robot c: IoU 0.534 → 0.559  ✓
    ↑ new global best IoU 0.559  [phase Ph1 robot c]
[staged]   Ph1 robot d  zone 3  (uncovered: 8% of target)
    [parallel] 10 worker threads, one renderer clone each
    init sampling: best coverage score 76.0px of uncovered area  (16 samples)
[staged]   → robot d: IoU 0.559 → 0.582  ✓
    ↑ new global best IoU 0.582  [phase Ph1 robot d]
[staged]   Ph1 robot e  zone 0  (uncovered: 4% of target)
    [parallel] 10 worker threads, one renderer clone each
    init sampling: best coverage score 7.0px of uncovered area  (16 samples)
[staged]   → robot e: IoU 0.582 → 0.623  ✓
    ↑ new global best IoU 0.623  [phase Ph1 robot e]
[staged] Phase 1 done — composite IoU: 0.623

[staged] Phase 2 — backward pass  (16 iters × 5 robots, sigma=0.300)
[staged]   contributions before Phase 2:
[staged]     robot a: +0.158 IoU
[staged]     robot b: +0.072 IoU
[staged]     robot c: +0.046 IoU  ← low
[staged]     robot d: +0.035 IoU  ← low
[staged]     robot e: +0.041 IoU  ← low
[staged]   Ph2 robot e  zone 0  (uncovered: 15% of target)
    [parallel] 10 worker threads, one renderer clone each
    init sampling: best coverage score 90.0px of uncovered area  (16 samples)
[staged]   → robot e: candidate 0.616 < current 0.623  ✗ rejected
[staged]   Ph2 robot d  zone 3  (uncovered: 20% of target)
    [parallel] 10 worker threads, one renderer clone each
    init sampling: best coverage score 192.0px of uncovered area  (16 samples)
[staged]   → robot d: IoU 0.623 → 0.629  ✓
    ↑ new global best IoU 0.629  [phase Ph2 robot d]
[staged]   Ph2 robot c  zone 2  (uncovered: 16% of target)
    [parallel] 10 worker threads, one renderer clone each
    init sampling: best coverage score 266.0px of uncovered area  (16 samples)
[staged]   → robot c: IoU 0.629 → 0.669  ✓
    ↑ new global best IoU 0.669  [phase Ph2 robot c]
[staged]   Ph2 robot b  zone 4  (uncovered: 24% of target)
    [parallel] 10 worker threads, one renderer clone each
    init sampling: best coverage score 311.0px of uncovered area  (16 samples)
[staged]   → robot b: candidate 0.645 < current 0.669  ✗ rejected
[staged]   Ph2 robot a  zone 1  (uncovered: 28% of target)
    [parallel] 10 worker threads, one renderer clone each
    init sampling: best coverage score 597.0px of uncovered area  (16 samples)
[staged]   → robot a: candidate 0.664 < current 0.669  ✗ rejected
[staged] Phase 2 done — composite IoU: 0.669

[staged] Best snapshot: Phase 2  IoU=0.669
[staged] Manifold final pass — computing Jacobian  (ε=0.020, 60 renders)
[staged] Manifold basis: k=9D / 30D  (variance≥85%, top eigenvalues: ['374018.06', '306096.25', '214793.06', '130668.65', '53770.84'])
    ↑ new global best IoU 0.677  [manifold final pass]
[staged] Manifold done — IoU: 0.677  (Δ=+0.008)  ✓
[staged] FD refinement — 5 Adam steps  (300 renders, lr=0.01, ε=0.02)
    ↑ new global best IoU 0.680  [FD refinement]
[staged] FD done — IoU: 0.680  (Δ=+0.003)  ✓
[staged] Done — final IoU: 0.680  loss: 0.3216
[staged] Popsize: per-robot phases=32  final=48  (theory optimum for 6 DOF = 10)

[staged] Hungarian pre-assignment  (5×5 cost matrix, 8 samples/entry = 200 renders)...
[staged]   robot_a → zone 0  robot_b → zone 2  robot_c → zone 1  robot_d → zone 3  robot_e → zone 4

[staged] Phase 1 — forward greedy  (16 iters × 5 robot(s), sigma=0.40×1.00, popsize=32)
[staged]   Ph1 robot a  zone 0  (uncovered: 18% of target)
    [parallel] 10 worker threads, one renderer clone each
    init sampling: best coverage score 602.0px of uncovered area  (16 samples)
[staged]   → robot a: IoU 0.157 → 0.511  ✓
    ↑ new global best IoU 0.511  [phase Ph1 robot a]
[staged]   Ph1 robot b  zone 2  (uncovered: 8% of target)
    [parallel] 10 worker threads, one renderer clone each
    init sampling: best coverage score 153.0px of uncovered area  (16 samples)
[staged]   → robot b: IoU 0.511 → 0.554  ✓
    ↑ new global best IoU 0.554  [phase Ph1 robot b]
[staged]   Ph1 robot c  zone 1  (uncovered: 10% of target)
    [parallel] 10 worker threads, one renderer clone each
    init sampling: best coverage score 130.0px of uncovered area  (16 samples)
[staged]   → robot c: IoU 0.554 → 0.600  ✓
    ↑ new global best IoU 0.600  [phase Ph1 robot c]
[staged]   Ph1 robot d  zone 3  (uncovered: 9% of target)
    [parallel] 10 worker threads, one renderer clone each
    init sampling: best coverage score 254.0px of uncovered area  (16 samples)
[staged]   → robot d: IoU 0.600 → 0.669  ✓
    ↑ new global best IoU 0.669  [phase Ph1 robot d]
[staged]   Ph1 robot e  zone 4  (uncovered: 4% of target)
    [parallel] 10 worker threads, one renderer clone each
    init sampling: best coverage score 11.0px of uncovered area  (16 samples)
[staged]   → robot e: IoU 0.669 → 0.729  ✓
    ↑ new global best IoU 0.729  [phase Ph1 robot e]
[staged] Phase 1 done — composite IoU: 0.729

[staged] Phase 2 — backward pass  (16 iters × 5 robots, sigma=0.300)
[staged]   contributions before Phase 2:
[staged]     robot a: +0.184 IoU
[staged]     robot b: +0.087 IoU
[staged]     robot c: +0.096 IoU
[staged]     robot d: +0.103 IoU
[staged]     robot e: +0.061 IoU
[staged]   Ph2 robot e  zone 4  (uncovered: 10% of target)
    [parallel] 10 worker threads, one renderer clone each
    init sampling: best coverage score 96.0px of uncovered area  (16 samples)
[staged]   → robot e: candidate 0.728 < current 0.729  ✗ rejected
[staged]   Ph2 robot d  zone 3  (uncovered: 15% of target)
    [parallel] 10 worker threads, one renderer clone each
    init sampling: best coverage score 232.0px of uncovered area  (16 samples)
[staged]   → robot d: candidate 0.688 < current 0.729  ✗ rejected
[staged]   Ph2 robot c  zone 1  (uncovered: 14% of target)
    [parallel] 10 worker threads, one renderer clone each
    init sampling: best coverage score 110.0px of uncovered area  (16 samples)
[staged]   → robot c: candidate 0.702 < current 0.729  ✗ rejected
[staged]   Ph2 robot b  zone 2  (uncovered: 15% of target)
    [parallel] 10 worker threads, one renderer clone each
    init sampling: best coverage score 364.0px of uncovered area  (16 samples)
[staged]   → robot b: candidate 0.696 < current 0.729  ✗ rejected
[staged]   Ph2 robot a  zone 0  (uncovered: 29% of target)
    [parallel] 10 worker threads, one renderer clone each
    init sampling: best coverage score 753.0px of uncovered area  (16 samples)
[staged]   → robot a: candidate 0.707 < current 0.729  ✗ rejected
[staged] Phase 2 done — composite IoU: 0.729

[staged] Best snapshot: Phase 1  IoU=0.729
[staged] Manifold final pass — computing Jacobian  (ε=0.020, 60 renders)
[staged] Manifold basis: k=10D / 30D  (variance≥85%, top eigenvalues: ['348642.66', '318707.78', '160287.61', '135788.78', '87132.11'])
[staged] Manifold did not improve (0.727 vs 0.729), keeping best snapshot
[staged] FD refinement — 5 Adam steps  (300 renders, lr=0.01, ε=0.02)
    ↑ new global best IoU 0.743  [FD refinement]
[staged] FD done — IoU: 0.743  (Δ=+0.013)  ✓
[staged] Done — final IoU: 0.743  loss: 0.2582
[staged] Popsize: per-robot phases=32  final=48  (theory optimum for 6 DOF = 10)

[staged] Hungarian pre-assignment  (5×5 cost matrix, 8 samples/entry = 200 renders)...
[staged]   robot_a → zone 3  robot_b → zone 4  robot_c → zone 1  robot_d → zone 2  robot_e → zone 0

[staged] Phase 1 — forward greedy  (16 iters × 5 robot(s), sigma=0.40×1.00, popsize=32)
[staged]   Ph1 robot a  zone 3  (uncovered: 17% of target)
    [parallel] 10 worker threads, one renderer clone each
    init sampling: best coverage score 486.0px of uncovered area  (16 samples)
[staged]   → robot a: IoU 0.157 → 0.489  ✓
    ↑ new global best IoU 0.489  [phase Ph1 robot a]
[staged]   Ph1 robot b  zone 4  (uncovered: 10% of target)
    [parallel] 10 worker threads, one renderer clone each
    init sampling: best coverage score 138.0px of uncovered area  (16 samples)
[staged]   → robot b: candidate 0.478 < current 0.489  ✗ rejected
[staged]   Ph1 robot c  zone 1  (uncovered: 4% of target)
    [parallel] 10 worker threads, one renderer clone each
    init sampling: best coverage score 161.0px of uncovered area  (16 samples)
[staged]   → robot c: IoU 0.489 → 0.528  ✓
    ↑ new global best IoU 0.528  [phase Ph1 robot c]
[staged]   Ph1 robot d  zone 2  (uncovered: 4% of target)
    [parallel] 10 worker threads, one renderer clone each
    init sampling: best coverage score 30.0px of uncovered area  (16 samples)
[staged]   → robot d: IoU 0.528 → 0.553  ✓
    ↑ new global best IoU 0.553  [phase Ph1 robot d]
[staged]   Ph1 robot e  zone 0  (uncovered: 0% of target)
    [parallel] 10 worker threads, one renderer clone each
    init sampling: best coverage score 8.0px of uncovered area  (16 samples)
[staged]   → robot e: IoU 0.553 → 0.607  ✓
    ↑ new global best IoU 0.607  [phase Ph1 robot e]
[staged] Phase 1 done — composite IoU: 0.607

[staged] Phase 2 — backward pass  (16 iters × 5 robots, sigma=0.300)
[staged]   contributions before Phase 2:
[staged]     robot a: +0.252 IoU
[staged]     robot b: +0.000 IoU  ← low
[staged]     robot c: +0.047 IoU  ← low
[staged]     robot d: +0.041 IoU  ← low
[staged]     robot e: +0.054 IoU
[staged]   Ph2 robot e  zone 0  (uncovered: 17% of target)
    [parallel] 10 worker threads, one renderer clone each
    init sampling: best coverage score 295.0px of uncovered area  (16 samples)
[staged]   → robot e: IoU 0.607 → 0.625  ✓
    ↑ new global best IoU 0.625  [phase Ph2 robot e]
[staged]   Ph2 robot d  zone 2  (uncovered: 17% of target)
    [parallel] 10 worker threads, one renderer clone each
    init sampling: best coverage score 124.0px of uncovered area  (16 samples)
[staged]   → robot d: IoU 0.625 → 0.625  ✓
    ↑ new global best IoU 0.625  [phase Ph2 robot d]
[staged]   Ph2 robot c  zone 1  (uncovered: 20% of target)
    [parallel] 10 worker threads, one renderer clone each
    init sampling: best coverage score 112.0px of uncovered area  (16 samples)
[staged]   → robot c: candidate 0.612 < current 0.625  ✗ rejected
[staged]   Ph2 robot b  zone 4  (uncovered: 14% of target)
    [parallel] 10 worker threads, one renderer clone each
    init sampling: best coverage score 240.0px of uncovered area  (16 samples)
[staged]   → robot b: IoU 0.625 → 0.701  ✓
    ↑ new global best IoU 0.701  [phase Ph2 robot b]
[staged]   Ph2 robot a  zone 3  (uncovered: 28% of target)
    [parallel] 10 worker threads, one renderer clone each
    init sampling: best coverage score 744.0px of uncovered area  (16 samples)
[staged]   → robot a: IoU 0.701 → 0.739  ✓
    ↑ new global best IoU 0.739  [phase Ph2 robot a]
[staged] Phase 2 done — composite IoU: 0.739

[staged] Best snapshot: Phase 2  IoU=0.739
[staged] Manifold final pass — computing Jacobian  (ε=0.020, 60 renders)
[staged] Manifold basis: k=11D / 30D  (variance≥85%, top eigenvalues: ['320863.72', '293850.25', '143845.92', '128114.16', '71683.41'])
    ↑ new global best IoU 0.755  [manifold final pass]
[staged] Manifold done — IoU: 0.755  (Δ=+0.016)  ✓
[staged] FD refinement — 5 Adam steps  (300 renders, lr=0.01, ε=0.02)
    ↑ new global best IoU 0.756  [FD refinement]
[staged] FD done — IoU: 0.756  (Δ=+0.001)  ✓
[staged] Done — final IoU: 0.756  loss: 0.2446
[shard 0] 6/10 digits/2_dejavusans-bold  best=0.756 mean=0.713±0.034  193s  eta 0.2h
[staged] Popsize: per-robot phases=32  final=48  (theory optimum for 6 DOF = 10)

[staged] Hungarian pre-assignment  (5×5 cost matrix, 8 samples/entry = 200 renders)...
[staged]   robot_a → zone 1  robot_b → zone 0  robot_c → zone 4  robot_d → zone 3  robot_e → zone 2

[staged] Phase 1 — forward greedy  (16 iters × 5 robot(s), sigma=0.40×1.00, popsize=32)
[staged]   Ph1 robot a  zone 1  (uncovered: 15% of target)
    [parallel] 10 worker threads, one renderer clone each
    init sampling: best coverage score 442.0px of uncovered area  (16 samples)
[staged]   → robot a: IoU 0.113 → 0.409  ✓
    ↑ new global best IoU 0.409  [phase Ph1 robot a]
[staged]   Ph1 robot b  zone 0  (uncovered: 10% of target)
    [parallel] 10 worker threads, one renderer clone each
    init sampling: best coverage score 37.0px of uncovered area  (16 samples)
[staged]   → robot b: IoU 0.409 → 0.480  ✓
    ↑ new global best IoU 0.480  [phase Ph1 robot b]
[staged]   Ph1 robot c  zone 4  (uncovered: 4% of target)
    [parallel] 10 worker threads, one renderer clone each
    init sampling: best coverage score 52.0px of uncovered area  (16 samples)
[staged]   → robot c: IoU 0.480 → 0.536  ✓
    ↑ new global best IoU 0.536  [phase Ph1 robot c]
[staged]   Ph1 robot d  zone 3  (uncovered: 6% of target)
    [parallel] 10 worker threads, one renderer clone each
    init sampling: best coverage score 234.0px of uncovered area  (16 samples)
[staged]   → robot d: IoU 0.536 → 0.569  ✓
    ↑ new global best IoU 0.569  [phase Ph1 robot d]
[staged]   Ph1 robot e  zone 2  (uncovered: 1% of target)
    [parallel] 10 worker threads, one renderer clone each
    init sampling: best coverage score 23.0px of uncovered area  (16 samples)
[staged]   → robot e: IoU 0.569 → 0.610  ✓
    ↑ new global best IoU 0.610  [phase Ph1 robot e]
[staged] Phase 1 done — composite IoU: 0.610

[staged] Phase 2 — backward pass  (16 iters × 5 robots, sigma=0.300)
[staged]   contributions before Phase 2:
[staged]     robot a: +0.191 IoU
[staged]     robot b: +0.074 IoU
[staged]     robot c: +0.084 IoU
[staged]     robot d: +0.051 IoU
[staged]     robot e: +0.041 IoU  ← low
[staged]   Ph2 robot e  zone 2  (uncovered: 14% of target)
    [parallel] 10 worker threads, one renderer clone each
    init sampling: best coverage score 223.0px of uncovered area  (16 samples)
[staged]   → robot e: IoU 0.610 → 0.616  ✓
    ↑ new global best IoU 0.616  [phase Ph2 robot e]
[staged]   Ph2 robot d  zone 3  (uncovered: 13% of target)
    [parallel] 10 worker threads, one renderer clone each
    init sampling: best coverage score 133.0px of uncovered area  (16 samples)
[staged]   → robot d: IoU 0.616 → 0.619  ✓
    ↑ new global best IoU 0.619  [phase Ph2 robot d]
[staged]   Ph2 robot c  zone 4  (uncovered: 16% of target)
    [parallel] 10 worker threads, one renderer clone each
    init sampling: best coverage score 123.0px of uncovered area  (16 samples)
[staged]   → robot c: IoU 0.619 → 0.621  ✓
    ↑ new global best IoU 0.621  [phase Ph2 robot c]
[staged]   Ph2 robot b  zone 0  (uncovered: 21% of target)
    [parallel] 10 worker threads, one renderer clone each
    init sampling: best coverage score 441.0px of uncovered area  (16 samples)
[staged]   → robot b: IoU 0.621 → 0.627  ✓
    ↑ new global best IoU 0.627  [phase Ph2 robot b]
[staged]   Ph2 robot a  zone 1  (uncovered: 36% of target)
    [parallel] 10 worker threads, one renderer clone each
    init sampling: best coverage score 340.0px of uncovered area  (16 samples)
[staged]   → robot a: IoU 0.627 → 0.631  ✓
    ↑ new global best IoU 0.631  [phase Ph2 robot a]
[staged] Phase 2 done — composite IoU: 0.631

[staged] Best snapshot: Phase 2  IoU=0.631
[staged] Manifold final pass — computing Jacobian  (ε=0.020, 60 renders)
[staged] Manifold basis: k=10D / 30D  (variance≥85%, top eigenvalues: ['464839.00', '174132.69', '108239.48', '71871.06', '66090.45'])
    ↑ new global best IoU 0.648  [manifold final pass]
[staged] Manifold done — IoU: 0.648  (Δ=+0.017)  ✓
[staged] FD refinement — 5 Adam steps  (300 renders, lr=0.01, ε=0.02)
    ↑ new global best IoU 0.648  [FD refinement]
[staged] FD done — IoU: 0.648  (Δ=+0.001)  ✓
[staged] Done — final IoU: 0.648  loss: 0.3535
[staged] Popsize: per-robot phases=32  final=48  (theory optimum for 6 DOF = 10)

[staged] Hungarian pre-assignment  (5×5 cost matrix, 8 samples/entry = 200 renders)...
[staged]   robot_a → zone 3  robot_b → zone 4  robot_c → zone 2  robot_d → zone 1  robot_e → zone 0

[staged] Phase 1 — forward greedy  (16 iters × 5 robot(s), sigma=0.40×1.00, popsize=32)
[staged]   Ph1 robot a  zone 3  (uncovered: 22% of target)
    [parallel] 10 worker threads, one renderer clone each
    init sampling: best coverage score 222.0px of uncovered area  (16 samples)
[staged]   → robot a: IoU 0.113 → 0.440  ✓
    ↑ new global best IoU 0.440  [phase Ph1 robot a]
[staged]   Ph1 robot b  zone 4  (uncovered: 9% of target)
    [parallel] 10 worker threads, one renderer clone each
    init sampling: best coverage score 83.0px of uncovered area  (16 samples)
[staged]   → robot b: IoU 0.440 → 0.496  ✓
    ↑ new global best IoU 0.496  [phase Ph1 robot b]
[staged]   Ph1 robot c  zone 2  (uncovered: 10% of target)
    [parallel] 10 worker threads, one renderer clone each
    init sampling: best coverage score 97.0px of uncovered area  (16 samples)
[staged]   → robot c: IoU 0.496 → 0.564  ✓
    ↑ new global best IoU 0.564  [phase Ph1 robot c]
[staged]   Ph1 robot d  zone 1  (uncovered: 2% of target)
    [parallel] 10 worker threads, one renderer clone each
    init sampling: best coverage score 58.0px of uncovered area  (16 samples)
[staged]   → robot d: IoU 0.564 → 0.596  ✓
    ↑ new global best IoU 0.596  [phase Ph1 robot d]
[staged]   Ph1 robot e  zone 0  (uncovered: 6% of target)
    [parallel] 10 worker threads, one renderer clone each
    init sampling: best coverage score 214.0px of uncovered area  (16 samples)
[staged]   → robot e: IoU 0.596 → 0.647  ✓
    ↑ new global best IoU 0.647  [phase Ph1 robot e]
[staged] Phase 1 done — composite IoU: 0.647

[staged] Phase 2 — backward pass  (16 iters × 5 robots, sigma=0.300)
[staged]   contributions before Phase 2:
[staged]     robot a: +0.198 IoU
[staged]     robot b: +0.086 IoU
[staged]     robot c: +0.103 IoU
[staged]     robot d: +0.055 IoU
[staged]     robot e: +0.051 IoU
[staged]   Ph2 robot e  zone 0  (uncovered: 21% of target)
    [parallel] 10 worker threads, one renderer clone each
    init sampling: best coverage score 179.0px of uncovered area  (16 samples)
[staged]   → robot e: candidate 0.637 < current 0.647  ✗ rejected
[staged]   Ph2 robot d  zone 1  (uncovered: 19% of target)
    [parallel] 10 worker threads, one renderer clone each
    init sampling: best coverage score 222.0px of uncovered area  (16 samples)
[staged]   → robot d: IoU 0.647 → 0.654  ✓
    ↑ new global best IoU 0.654  [phase Ph2 robot d]
[staged]   Ph2 robot c  zone 2  (uncovered: 24% of target)
    [parallel] 10 worker threads, one renderer clone each
    init sampling: best coverage score 209.0px of uncovered area  (16 samples)
[staged]   → robot c: candidate 0.581 < current 0.654  ✗ rejected
[staged]   Ph2 robot b  zone 4  (uncovered: 24% of target)
    [parallel] 10 worker threads, one renderer clone each
    init sampling: best coverage score 548.0px of uncovered area  (16 samples)
[staged]   → robot b: candidate 0.643 < current 0.654  ✗ rejected
[staged]   Ph2 robot a  zone 3  (uncovered: 40% of target)
    [parallel] 10 worker threads, one renderer clone each
    init sampling: best coverage score 488.0px of uncovered area  (16 samples)
[staged]   → robot a: candidate 0.628 < current 0.654  ✗ rejected
[staged] Phase 2 done — composite IoU: 0.654

[staged] Best snapshot: Phase 2  IoU=0.654
[staged] Manifold final pass — computing Jacobian  (ε=0.020, 60 renders)
[staged] Manifold basis: k=10D / 30D  (variance≥85%, top eigenvalues: ['447059.91', '161765.09', '145942.02', '143524.77', '131905.53'])
    ↑ new global best IoU 0.664  [manifold final pass]
[staged] Manifold done — IoU: 0.664  (Δ=+0.010)  ✓
[staged] FD refinement — 5 Adam steps  (300 renders, lr=0.01, ε=0.02)
[staged] FD done — IoU: 0.664  (Δ=+0.000)  ✓
[staged] Done — final IoU: 0.664  loss: 0.3375
[staged] Popsize: per-robot phases=32  final=48  (theory optimum for 6 DOF = 10)

[staged] Hungarian pre-assignment  (5×5 cost matrix, 8 samples/entry = 200 renders)...
[staged]   robot_a → zone 4  robot_b → zone 0  robot_c → zone 2  robot_d → zone 3  robot_e → zone 1

[staged] Phase 1 — forward greedy  (16 iters × 5 robot(s), sigma=0.40×1.00, popsize=32)
[staged]   Ph1 robot a  zone 4  (uncovered: 12% of target)
    [parallel] 10 worker threads, one renderer clone each
    init sampling: best coverage score 254.0px of uncovered area  (16 samples)
[staged]   → robot a: IoU 0.113 → 0.438  ✓
    ↑ new global best IoU 0.438  [phase Ph1 robot a]
[staged]   Ph1 robot b  zone 0  (uncovered: 7% of target)
    [parallel] 10 worker threads, one renderer clone each
    init sampling: best coverage score 108.0px of uncovered area  (16 samples)
[staged]   → robot b: IoU 0.438 → 0.511  ✓
    ↑ new global best IoU 0.511  [phase Ph1 robot b]
[staged]   Ph1 robot c  zone 2  (uncovered: 2% of target)
    [parallel] 10 worker threads, one renderer clone each
    init sampling: best coverage score 67.0px of uncovered area  (16 samples)
[staged]   → robot c: IoU 0.511 → 0.547  ✓
    ↑ new global best IoU 0.547  [phase Ph1 robot c]
[staged]   Ph1 robot d  zone 3  (uncovered: 10% of target)
    [parallel] 10 worker threads, one renderer clone each
    init sampling: best coverage score 185.0px of uncovered area  (16 samples)
[staged]   → robot d: IoU 0.547 → 0.571  ✓
    ↑ new global best IoU 0.571  [phase Ph1 robot d]
[staged]   Ph1 robot e  zone 1  (uncovered: 5% of target)
    [parallel] 10 worker threads, one renderer clone each
    init sampling: best coverage score 50.0px of uncovered area  (16 samples)
[staged]   → robot e: IoU 0.571 → 0.609  ✓
    ↑ new global best IoU 0.609  [phase Ph1 robot e]
[staged] Phase 1 done — composite IoU: 0.609

[staged] Phase 2 — backward pass  (16 iters × 5 robots, sigma=0.300)
[staged]   contributions before Phase 2:
[staged]     robot a: +0.223 IoU
[staged]     robot b: +0.081 IoU
[staged]     robot c: +0.039 IoU  ← low
[staged]     robot d: +0.043 IoU  ← low
[staged]     robot e: +0.037 IoU  ← low
[staged]   Ph2 robot e  zone 1  (uncovered: 17% of target)
    [parallel] 10 worker threads, one renderer clone each
    init sampling: best coverage score 73.0px of uncovered area  (16 samples)
[staged]   → robot e: candidate 0.607 < current 0.609  ✗ rejected
[staged]   Ph2 robot d  zone 3  (uncovered: 21% of target)
    [parallel] 10 worker threads, one renderer clone each
    init sampling: best coverage score 157.0px of uncovered area  (16 samples)
[staged]   → robot d: IoU 0.609 → 0.614  ✓
    ↑ new global best IoU 0.614  [phase Ph2 robot d]
[staged]   Ph2 robot c  zone 2  (uncovered: 16% of target)
    [parallel] 10 worker threads, one renderer clone each
    init sampling: best coverage score 160.0px of uncovered area  (16 samples)
[staged]   → robot c: IoU 0.614 → 0.630  ✓
    ↑ new global best IoU 0.630  [phase Ph2 robot c]
[staged]   Ph2 robot b  zone 0  (uncovered: 16% of target)
    [parallel] 10 worker threads, one renderer clone each
    init sampling: best coverage score 214.0px of uncovered area  (16 samples)
[staged]   → robot b: candidate 0.621 < current 0.630  ✗ rejected
[staged]   Ph2 robot a  zone 4  (uncovered: 33% of target)
    [parallel] 10 worker threads, one renderer clone each
    init sampling: best coverage score 422.0px of uncovered area  (16 samples)
[staged]   → robot a: candidate 0.619 < current 0.630  ✗ rejected
[staged] Phase 2 done — composite IoU: 0.630

[staged] Best snapshot: Phase 2  IoU=0.630
[staged] Manifold final pass — computing Jacobian  (ε=0.020, 60 renders)
[staged] Manifold basis: k=11D / 30D  (variance≥85%, top eigenvalues: ['416077.25', '247007.16', '228292.97', '96388.34', '88036.81'])
    ↑ new global best IoU 0.643  [manifold final pass]
[staged] Manifold done — IoU: 0.643  (Δ=+0.014)  ✓
[staged] FD refinement — 5 Adam steps  (300 renders, lr=0.01, ε=0.02)
    ↑ new global best IoU 0.643  [FD refinement]
[staged] FD done — IoU: 0.643  (Δ=+0.000)  ✓
[staged] Done — final IoU: 0.643  loss: 0.3587
[staged] Popsize: per-robot phases=32  final=48  (theory optimum for 6 DOF = 10)

[staged] Hungarian pre-assignment  (5×5 cost matrix, 8 samples/entry = 200 renders)...
[staged]   robot_a → zone 0  robot_b → zone 4  robot_c → zone 3  robot_d → zone 1  robot_e → zone 2

[staged] Phase 1 — forward greedy  (16 iters × 5 robot(s), sigma=0.40×1.00, popsize=32)
[staged]   Ph1 robot a  zone 0  (uncovered: 18% of target)
    [parallel] 10 worker threads, one renderer clone each
    init sampling: best coverage score 569.0px of uncovered area  (16 samples)
[staged]   → robot a: IoU 0.113 → 0.451  ✓
    ↑ new global best IoU 0.451  [phase Ph1 robot a]
[staged]   Ph1 robot b  zone 4  (uncovered: 19% of target)
    [parallel] 10 worker threads, one renderer clone each
    init sampling: best coverage score 386.0px of uncovered area  (16 samples)
[staged]   → robot b: IoU 0.451 → 0.537  ✓
    ↑ new global best IoU 0.537  [phase Ph1 robot b]
[staged]   Ph1 robot c  zone 3  (uncovered: 1% of target)
    [parallel] 10 worker threads, one renderer clone each
    init sampling: best coverage score 39.0px of uncovered area  (16 samples)
[staged]   → robot c: IoU 0.537 → 0.539  ✓
    ↑ new global best IoU 0.539  [phase Ph1 robot c]
[staged]   Ph1 robot d  zone 1  (uncovered: 3% of target)
    [parallel] 10 worker threads, one renderer clone each
    init sampling: best coverage score 120.0px of uncovered area  (16 samples)
[staged]   → robot d: IoU 0.539 → 0.558  ✓
    ↑ new global best IoU 0.558  [phase Ph1 robot d]
[staged]   Ph1 robot e  zone 2  (uncovered: 2% of target)
    [parallel] 10 worker threads, one renderer clone each
    init sampling: best coverage score 56.0px of uncovered area  (16 samples)
[staged]   → robot e: IoU 0.558 → 0.589  ✓
    ↑ new global best IoU 0.589  [phase Ph1 robot e]
[staged] Phase 1 done — composite IoU: 0.589

[staged] Phase 2 — backward pass  (16 iters × 5 robots, sigma=0.300)
[staged]   contributions before Phase 2:
[staged]     robot a: +0.230 IoU
[staged]     robot b: +0.085 IoU
[staged]     robot c: +0.025 IoU  ← low
[staged]     robot d: +0.036 IoU  ← low
[staged]     robot e: +0.031 IoU  ← low
[staged]   Ph2 robot e  zone 2  (uncovered: 11% of target)
    [parallel] 10 worker threads, one renderer clone each
    init sampling: best coverage score 60.0px of uncovered area  (16 samples)
[staged]   → robot e: IoU 0.589 → 0.589  ✓
    ↑ new global best IoU 0.589  [phase Ph2 robot e]
[staged]   Ph2 robot d  zone 1  (uncovered: 11% of target)
    [parallel] 10 worker threads, one renderer clone each
    init sampling: best coverage score 116.0px of uncovered area  (16 samples)
[staged]   → robot d: IoU 0.589 → 0.592  ✓
    ↑ new global best IoU 0.592  [phase Ph2 robot d]
[staged]   Ph2 robot c  zone 3  (uncovered: 10% of target)
    [parallel] 10 worker threads, one renderer clone each
    init sampling: best coverage score 108.0px of uncovered area  (16 samples)
[staged]   → robot c: IoU 0.592 → 0.627  ✓
    ↑ new global best IoU 0.627  [phase Ph2 robot c]
[staged]   Ph2 robot b  zone 4  (uncovered: 13% of target)
    [parallel] 10 worker threads, one renderer clone each
    init sampling: best coverage score 184.0px of uncovered area  (16 samples)
[staged]   → robot b: IoU 0.627 → 0.635  ✓
    ↑ new global best IoU 0.635  [phase Ph2 robot b]
[staged]   Ph2 robot a  zone 0  (uncovered: 43% of target)
    [parallel] 10 worker threads, one renderer clone each
    init sampling: best coverage score 727.0px of uncovered area  (16 samples)
[staged]   → robot a: IoU 0.635 → 0.641  ✓
    ↑ new global best IoU 0.641  [phase Ph2 robot a]
[staged] Phase 2 done — composite IoU: 0.641

[staged] Best snapshot: Phase 2  IoU=0.641
[staged] Manifold final pass — computing Jacobian  (ε=0.020, 60 renders)
[staged] Manifold basis: k=8D / 30D  (variance≥85%, top eigenvalues: ['515817.75', '271554.78', '199190.59', '155328.17', '129841.59'])
    ↑ new global best IoU 0.670  [manifold final pass]
[staged] Manifold done — IoU: 0.670  (Δ=+0.030)  ✓
[staged] FD refinement — 5 Adam steps  (300 renders, lr=0.01, ε=0.02)
    ↑ new global best IoU 0.675  [FD refinement]
[staged] FD done — IoU: 0.675  (Δ=+0.004)  ✓
[staged] Done — final IoU: 0.675  loss: 0.3273
[staged] Popsize: per-robot phases=32  final=48  (theory optimum for 6 DOF = 10)

[staged] Hungarian pre-assignment  (5×5 cost matrix, 8 samples/entry = 200 renders)...
[staged]   robot_a → zone 4  robot_b → zone 0  robot_c → zone 2  robot_d → zone 3  robot_e → zone 1

[staged] Phase 1 — forward greedy  (16 iters × 5 robot(s), sigma=0.40×1.00, popsize=32)
[staged]   Ph1 robot a  zone 4  (uncovered: 4% of target)
    [parallel] 10 worker threads, one renderer clone each
    init sampling: best coverage score 165.0px of uncovered area  (16 samples)
[staged]   → robot a: IoU 0.113 → 0.463  ✓
    ↑ new global best IoU 0.463  [phase Ph1 robot a]
[staged]   Ph1 robot b  zone 0  (uncovered: 1% of target)
    [parallel] 10 worker threads, one renderer clone each
    init sampling: best coverage score 55.0px of uncovered area  (16 samples)
[staged]   → robot b: IoU 0.463 → 0.538  ✓
    ↑ new global best IoU 0.538  [phase Ph1 robot b]
[staged]   Ph1 robot c  zone 2  (uncovered: 4% of target)
    [parallel] 10 worker threads, one renderer clone each
    init sampling: best coverage score 64.0px of uncovered area  (16 samples)
[staged]   → robot c: IoU 0.538 → 0.571  ✓
    ↑ new global best IoU 0.571  [phase Ph1 robot c]
[staged]   Ph1 robot d  zone 3  (uncovered: 2% of target)
    [parallel] 10 worker threads, one renderer clone each
    init sampling: best coverage score 2.0px of uncovered area  (16 samples)
[staged]   → robot d: IoU 0.571 → 0.588  ✓
    ↑ new global best IoU 0.588  [phase Ph1 robot d]
[staged]   Ph1 robot e  zone 1  (uncovered: 2% of target)
    [parallel] 10 worker threads, one renderer clone each
    init sampling: best coverage score 56.0px of uncovered area  (16 samples)
[staged]   → robot e: IoU 0.588 → 0.627  ✓
    ↑ new global best IoU 0.627  [phase Ph1 robot e]
[staged] Phase 1 done — composite IoU: 0.627

[staged] Phase 2 — backward pass  (16 iters × 5 robots, sigma=0.300)
[staged]   contributions before Phase 2:
[staged]     robot a: +0.186 IoU
[staged]     robot b: +0.091 IoU
[staged]     robot c: +0.061 IoU
[staged]     robot d: +0.037 IoU  ← low
[staged]     robot e: +0.039 IoU  ← low
[staged]   Ph2 robot e  zone 1  (uncovered: 14% of target)
    [parallel] 10 worker threads, one renderer clone each
    init sampling: best coverage score 153.0px of uncovered area  (16 samples)
[staged]   → robot e: candidate 0.624 < current 0.627  ✗ rejected
[staged]   Ph2 robot d  zone 3  (uncovered: 13% of target)
    [parallel] 10 worker threads, one renderer clone each
    init sampling: best coverage score 180.0px of uncovered area  (16 samples)
[staged]   → robot d: IoU 0.627 → 0.628  ✓
    ↑ new global best IoU 0.628  [phase Ph2 robot d]
[staged]   Ph2 robot c  zone 2  (uncovered: 12% of target)
    [parallel] 10 worker threads, one renderer clone each
    init sampling: best coverage score 163.0px of uncovered area  (16 samples)
[staged]   → robot c: IoU 0.628 → 0.631  ✓
    ↑ new global best IoU 0.631  [phase Ph2 robot c]
[staged]   Ph2 robot b  zone 0  (uncovered: 18% of target)
    [parallel] 10 worker threads, one renderer clone each
    init sampling: best coverage score 434.0px of uncovered area  (16 samples)
[staged]   → robot b: IoU 0.631 → 0.644  ✓
    ↑ new global best IoU 0.644  [phase Ph2 robot b]
[staged]   Ph2 robot a  zone 4  (uncovered: 40% of target)
    [parallel] 10 worker threads, one renderer clone each
    init sampling: best coverage score 875.0px of uncovered area  (16 samples)
[staged]   → robot a: candidate 0.633 < current 0.644  ✗ rejected
[staged] Phase 2 done — composite IoU: 0.644

[staged] Best snapshot: Phase 2  IoU=0.644
[staged] Manifold final pass — computing Jacobian  (ε=0.020, 60 renders)
[staged] Manifold basis: k=8D / 30D  (variance≥85%, top eigenvalues: ['529209.69', '261814.61', '228264.17', '134185.31', '71008.70'])
    ↑ new global best IoU 0.656  [manifold final pass]
[staged] Manifold done — IoU: 0.656  (Δ=+0.012)  ✓
[staged] FD refinement — 5 Adam steps  (300 renders, lr=0.01, ε=0.02)
    ↑ new global best IoU 0.658  [FD refinement]
[staged] FD done — IoU: 0.658  (Δ=+0.002)  ✓
[staged] Done — final IoU: 0.658  loss: 0.3444
[shard 0] 7/10 digits/3_dejavusans-bold  best=0.675 mean=0.658±0.011  193s  eta 0.2h
[staged] Popsize: per-robot phases=32  final=48  (theory optimum for 6 DOF = 10)

[staged] Hungarian pre-assignment  (5×5 cost matrix, 8 samples/entry = 200 renders)...
[staged]   robot_a → zone 4  robot_b → zone 0  robot_c → zone 2  robot_d → zone 3  robot_e → zone 1

[staged] Phase 1 — forward greedy  (16 iters × 5 robot(s), sigma=0.40×1.00, popsize=32)
[staged]   Ph1 robot a  zone 4  (uncovered: 12% of target)
    [parallel] 10 worker threads, one renderer clone each
    init sampling: best coverage score 422.0px of uncovered area  (16 samples)
[staged]   → robot a: IoU 0.128 → 0.465  ✓
    ↑ new global best IoU 0.465  [phase Ph1 robot a]
[staged]   Ph1 robot b  zone 0  (uncovered: 13% of target)
    [parallel] 10 worker threads, one renderer clone each
    init sampling: best coverage score 97.0px of uncovered area  (16 samples)
[staged]   → robot b: IoU 0.465 → 0.557  ✓
    ↑ new global best IoU 0.557  [phase Ph1 robot b]
[staged]   Ph1 robot c  zone 2  (uncovered: 5% of target)
    [parallel] 10 worker threads, one renderer clone each
    init sampling: best coverage score 82.0px of uncovered area  (16 samples)
[staged]   → robot c: IoU 0.557 → 0.598  ✓
    ↑ new global best IoU 0.598  [phase Ph1 robot c]
[staged]   Ph1 robot d  zone 3  (uncovered: 9% of target)
    [parallel] 10 worker threads, one renderer clone each
    init sampling: best coverage score 297.0px of uncovered area  (16 samples)
[staged]   → robot d: IoU 0.598 → 0.627  ✓
    ↑ new global best IoU 0.627  [phase Ph1 robot d]
[staged]   Ph1 robot e  zone 1  (uncovered: 2% of target)
    [parallel] 10 worker threads, one renderer clone each
    init sampling: best coverage score 65.0px of uncovered area  (16 samples)
[staged]   → robot e: IoU 0.627 → 0.652  ✓
    ↑ new global best IoU 0.652  [phase Ph1 robot e]
[staged] Phase 1 done — composite IoU: 0.652

[staged] Phase 2 — backward pass  (16 iters × 5 robots, sigma=0.300)
[staged]   contributions before Phase 2:
[staged]     robot a: +0.246 IoU
[staged]     robot b: +0.076 IoU
[staged]     robot c: +0.057 IoU
[staged]     robot d: +0.029 IoU  ← low
[staged]     robot e: +0.025 IoU  ← low
[staged]   Ph2 robot e  zone 1  (uncovered: 18% of target)
    [parallel] 10 worker threads, one renderer clone each
    init sampling: best coverage score 105.0px of uncovered area  (16 samples)
[staged]   → robot e: IoU 0.652 → 0.662  ✓
    ↑ new global best IoU 0.662  [phase Ph2 robot e]
[staged]   Ph2 robot d  zone 3  (uncovered: 20% of target)
    [parallel] 10 worker threads, one renderer clone each
    init sampling: best coverage score 209.0px of uncovered area  (16 samples)
[staged]   → robot d: IoU 0.662 → 0.686  ✓
    ↑ new global best IoU 0.686  [phase Ph2 robot d]
[staged]   Ph2 robot c  zone 2  (uncovered: 18% of target)
    [parallel] 10 worker threads, one renderer clone each
    init sampling: best coverage score 122.0px of uncovered area  (16 samples)
[staged]   → robot c: IoU 0.686 → 0.694  ✓
    ↑ new global best IoU 0.694  [phase Ph2 robot c]
[staged]   Ph2 robot b  zone 0  (uncovered: 25% of target)
    [parallel] 10 worker threads, one renderer clone each
    init sampling: best coverage score 542.0px of uncovered area  (16 samples)
[staged]   → robot b: candidate 0.692 < current 0.694  ✗ rejected
[staged]   Ph2 robot a  zone 4  (uncovered: 36% of target)
    [parallel] 10 worker threads, one renderer clone each
    init sampling: best coverage score 462.0px of uncovered area  (16 samples)
[staged]   → robot a: candidate 0.662 < current 0.694  ✗ rejected
[staged] Phase 2 done — composite IoU: 0.694

[staged] Best snapshot: Phase 2  IoU=0.694
[staged] Manifold final pass — computing Jacobian  (ε=0.020, 60 renders)
[staged] Manifold basis: k=11D / 30D  (variance≥85%, top eigenvalues: ['406608.22', '239683.66', '172907.06', '122835.60', '96735.90'])
    ↑ new global best IoU 0.721  [manifold final pass]
[staged] Manifold done — IoU: 0.721  (Δ=+0.027)  ✓
[staged] FD refinement — 5 Adam steps  (300 renders, lr=0.01, ε=0.02)
    ↑ new global best IoU 0.728  [FD refinement]
[staged] FD done — IoU: 0.728  (Δ=+0.007)  ✓
[staged] Done — final IoU: 0.728  loss: 0.2732
[staged] Popsize: per-robot phases=32  final=48  (theory optimum for 6 DOF = 10)

[staged] Hungarian pre-assignment  (5×5 cost matrix, 8 samples/entry = 200 renders)...
[staged]   robot_a → zone 2  robot_b → zone 3  robot_c → zone 0  robot_d → zone 1  robot_e → zone 4

[staged] Phase 1 — forward greedy  (16 iters × 5 robot(s), sigma=0.40×1.00, popsize=32)
[staged]   Ph1 robot a  zone 2  (uncovered: 19% of target)
    [parallel] 10 worker threads, one renderer clone each
    init sampling: best coverage score 538.0px of uncovered area  (16 samples)
[staged]   → robot a: IoU 0.128 → 0.466  ✓
    ↑ new global best IoU 0.466  [phase Ph1 robot a]
[staged]   Ph1 robot b  zone 3  (uncovered: 12% of target)
    [parallel] 10 worker threads, one renderer clone each
    init sampling: best coverage score 481.0px of uncovered area  (16 samples)
[staged]   → robot b: IoU 0.466 → 0.562  ✓
    ↑ new global best IoU 0.562  [phase Ph1 robot b]
[staged]   Ph1 robot c  zone 0  (uncovered: 11% of target)
    [parallel] 10 worker threads, one renderer clone each
    init sampling: best coverage score 135.0px of uncovered area  (16 samples)
[staged]   → robot c: IoU 0.562 → 0.616  ✓
    ↑ new global best IoU 0.616  [phase Ph1 robot c]
[staged]   Ph1 robot d  zone 1  (uncovered: 7% of target)
    [parallel] 10 worker threads, one renderer clone each
    init sampling: best coverage score 181.0px of uncovered area  (16 samples)
[staged]   → robot d: IoU 0.616 → 0.647  ✓
    ↑ new global best IoU 0.647  [phase Ph1 robot d]
[staged]   Ph1 robot e  zone 4  (uncovered: 6% of target)
    [parallel] 10 worker threads, one renderer clone each
    init sampling: best coverage score 41.0px of uncovered area  (16 samples)
[staged]   → robot e: IoU 0.647 → 0.664  ✓
    ↑ new global best IoU 0.664  [phase Ph1 robot e]
[staged] Phase 1 done — composite IoU: 0.664

[staged] Phase 2 — backward pass  (16 iters × 5 robots, sigma=0.300)
[staged]   contributions before Phase 2:
[staged]     robot a: +0.178 IoU
[staged]     robot b: +0.036 IoU  ← low
[staged]     robot c: +0.059 IoU
[staged]     robot d: +0.037 IoU  ← low
[staged]     robot e: +0.018 IoU  ← low
[staged]   Ph2 robot e  zone 4  (uncovered: 14% of target)
    [parallel] 10 worker threads, one renderer clone each
    init sampling: best coverage score 103.0px of uncovered area  (16 samples)
[staged]   → robot e: IoU 0.664 → 0.666  ✓
    ↑ new global best IoU 0.666  [phase Ph2 robot e]
[staged]   Ph2 robot d  zone 1  (uncovered: 16% of target)
    [parallel] 10 worker threads, one renderer clone each
    init sampling: best coverage score 139.0px of uncovered area  (16 samples)
[staged]   → robot d: IoU 0.666 → 0.666  ✓
    ↑ new global best IoU 0.666  [phase Ph2 robot d]
[staged]   Ph2 robot c  zone 0  (uncovered: 19% of target)
    [parallel] 10 worker threads, one renderer clone each
    init sampling: best coverage score 150.0px of uncovered area  (16 samples)
[staged]   → robot c: IoU 0.666 → 0.668  ✓
    ↑ new global best IoU 0.668  [phase Ph2 robot c]
[staged]   Ph2 robot b  zone 3  (uncovered: 20% of target)
    [parallel] 10 worker threads, one renderer clone each
    init sampling: best coverage score 409.0px of uncovered area  (16 samples)
[staged]   → robot b: IoU 0.668 → 0.677  ✓
    ↑ new global best IoU 0.677  [phase Ph2 robot b]
[staged]   Ph2 robot a  zone 2  (uncovered: 33% of target)
    [parallel] 10 worker threads, one renderer clone each
    init sampling: best coverage score 537.0px of uncovered area  (16 samples)
[staged]   → robot a: IoU 0.677 → 0.679  ✓
    ↑ new global best IoU 0.679  [phase Ph2 robot a]
[staged] Phase 2 done — composite IoU: 0.679

[staged] Best snapshot: Phase 2  IoU=0.679
[staged] Manifold final pass — computing Jacobian  (ε=0.020, 60 renders)
[staged] Manifold basis: k=10D / 30D  (variance≥85%, top eigenvalues: ['458127.66', '295690.12', '127422.31', '84421.44', '57723.39'])
    ↑ new global best IoU 0.710  [manifold final pass]
[staged] Manifold done — IoU: 0.710  (Δ=+0.031)  ✓
[staged] FD refinement — 5 Adam steps  (300 renders, lr=0.01, ε=0.02)
    ↑ new global best IoU 0.713  [FD refinement]
[staged] FD done — IoU: 0.713  (Δ=+0.004)  ✓
[staged] Done — final IoU: 0.713  loss: 0.2888
[staged] Popsize: per-robot phases=32  final=48  (theory optimum for 6 DOF = 10)

[staged] Hungarian pre-assignment  (5×5 cost matrix, 8 samples/entry = 200 renders)...
[staged]   robot_a → zone 2  robot_b → zone 1  robot_c → zone 4  robot_d → zone 0  robot_e → zone 3

[staged] Phase 1 — forward greedy  (16 iters × 5 robot(s), sigma=0.40×1.00, popsize=32)
[staged]   Ph1 robot a  zone 2  (uncovered: 26% of target)
    [parallel] 10 worker threads, one renderer clone each
    init sampling: best coverage score 321.0px of uncovered area  (16 samples)
[staged]   → robot a: IoU 0.128 → 0.473  ✓
    ↑ new global best IoU 0.473  [phase Ph1 robot a]
[staged]   Ph1 robot b  zone 1  (uncovered: 3% of target)
    [parallel] 10 worker threads, one renderer clone each
    init sampling: best coverage score 113.0px of uncovered area  (16 samples)
[staged]   → robot b: IoU 0.473 → 0.570  ✓
    ↑ new global best IoU 0.570  [phase Ph1 robot b]
[staged]   Ph1 robot c  zone 4  (uncovered: 8% of target)
    [parallel] 10 worker threads, one renderer clone each
    init sampling: best coverage score 217.0px of uncovered area  (16 samples)
[staged]   → robot c: IoU 0.570 → 0.594  ✓
    ↑ new global best IoU 0.594  [phase Ph1 robot c]
[staged]   Ph1 robot d  zone 0  (uncovered: 1% of target)
    [parallel] 10 worker threads, one renderer clone each
    init sampling: best coverage score 45.0px of uncovered area  (16 samples)
[staged]   → robot d: IoU 0.594 → 0.604  ✓
    ↑ new global best IoU 0.604  [phase Ph1 robot d]
[staged]   Ph1 robot e  zone 3  (uncovered: 4% of target)
    [parallel] 10 worker threads, one renderer clone each
    init sampling: best coverage score 38.0px of uncovered area  (16 samples)
[staged]   → robot e: IoU 0.604 → 0.623  ✓
    ↑ new global best IoU 0.623  [phase Ph1 robot e]
[staged] Phase 1 done — composite IoU: 0.623

[staged] Phase 2 — backward pass  (16 iters × 5 robots, sigma=0.300)
[staged]   contributions before Phase 2:
[staged]     robot a: +0.231 IoU
[staged]     robot b: +0.080 IoU
[staged]     robot c: +0.008 IoU  ← low
[staged]     robot d: -0.003 IoU  ← low
[staged]     robot e: +0.019 IoU  ← low
[staged]   Ph2 robot e  zone 3  (uncovered: 19% of target)
    [parallel] 10 worker threads, one renderer clone each
    init sampling: best coverage score 168.0px of uncovered area  (16 samples)
[staged]   → robot e: IoU 0.623 → 0.634  ✓
    ↑ new global best IoU 0.634  [phase Ph2 robot e]
[staged]   Ph2 robot d  zone 0  (uncovered: 17% of target)
    [parallel] 10 worker threads, one renderer clone each
    init sampling: best coverage score 112.0px of uncovered area  (16 samples)
[staged]   → robot d: IoU 0.634 → 0.649  ✓
    ↑ new global best IoU 0.649  [phase Ph2 robot d]
[staged]   Ph2 robot c  zone 4  (uncovered: 14% of target)
    [parallel] 10 worker threads, one renderer clone each
    init sampling: best coverage score 88.0px of uncovered area  (16 samples)
[staged]   → robot c: IoU 0.649 → 0.668  ✓
    ↑ new global best IoU 0.668  [phase Ph2 robot c]
[staged]   Ph2 robot b  zone 1  (uncovered: 26% of target)
    [parallel] 10 worker threads, one renderer clone each
    init sampling: best coverage score 527.0px of uncovered area  (16 samples)
[staged]   → robot b: IoU 0.668 → 0.687  ✓
    ↑ new global best IoU 0.687  [phase Ph2 robot b]
[staged]   Ph2 robot a  zone 2  (uncovered: 34% of target)
    [parallel] 10 worker threads, one renderer clone each
    init sampling: best coverage score 500.0px of uncovered area  (16 samples)
[staged]   → robot a: IoU 0.687 → 0.690  ✓
    ↑ new global best IoU 0.690  [phase Ph2 robot a]
[staged] Phase 2 done — composite IoU: 0.690

[staged] Best snapshot: Phase 2  IoU=0.690
[staged] Manifold final pass — computing Jacobian  (ε=0.020, 60 renders)
[staged] Manifold basis: k=10D / 30D  (variance≥85%, top eigenvalues: ['266168.34', '182210.47', '175493.59', '130622.95', '56554.87'])
    ↑ new global best IoU 0.712  [manifold final pass]
[staged] Manifold done — IoU: 0.712  (Δ=+0.023)  ✓
[staged] FD refinement — 5 Adam steps  (300 renders, lr=0.01, ε=0.02)
    ↑ new global best IoU 0.718  [FD refinement]
[staged] FD done — IoU: 0.718  (Δ=+0.006)  ✓
[staged] Done — final IoU: 0.718  loss: 0.2834
[staged] Popsize: per-robot phases=32  final=48  (theory optimum for 6 DOF = 10)

[staged] Hungarian pre-assignment  (5×5 cost matrix, 8 samples/entry = 200 renders)...
[staged]   robot_a → zone 0  robot_b → zone 1  robot_c → zone 4  robot_d → zone 3  robot_e → zone 2

[staged] Phase 1 — forward greedy  (16 iters × 5 robot(s), sigma=0.40×1.00, popsize=32)
[staged]   Ph1 robot a  zone 0  (uncovered: 19% of target)
    [parallel] 10 worker threads, one renderer clone each
    init sampling: best coverage score 673.0px of uncovered area  (16 samples)
[staged]   → robot a: IoU 0.128 → 0.483  ✓
    ↑ new global best IoU 0.483  [phase Ph1 robot a]
[staged]   Ph1 robot b  zone 1  (uncovered: 8% of target)
    [parallel] 10 worker threads, one renderer clone each
    init sampling: best coverage score 124.0px of uncovered area  (16 samples)
[staged]   → robot b: IoU 0.483 → 0.575  ✓
    ↑ new global best IoU 0.575  [phase Ph1 robot b]
[staged]   Ph1 robot c  zone 4  (uncovered: 3% of target)
    [parallel] 10 worker threads, one renderer clone each
    init sampling: best coverage score 84.0px of uncovered area  (16 samples)
[staged]   → robot c: IoU 0.575 → 0.602  ✓
    ↑ new global best IoU 0.602  [phase Ph1 robot c]
[staged]   Ph1 robot d  zone 3  (uncovered: 9% of target)
    [parallel] 10 worker threads, one renderer clone each
    init sampling: best coverage score 28.0px of uncovered area  (16 samples)
[staged]   → robot d: IoU 0.602 → 0.647  ✓
    ↑ new global best IoU 0.647  [phase Ph1 robot d]
[staged]   Ph1 robot e  zone 2  (uncovered: 2% of target)
    [parallel] 10 worker threads, one renderer clone each
    init sampling: best coverage score 52.0px of uncovered area  (16 samples)
[staged]   → robot e: IoU 0.647 → 0.676  ✓
    ↑ new global best IoU 0.676  [phase Ph1 robot e]
[staged] Phase 1 done — composite IoU: 0.676

[staged] Phase 2 — backward pass  (16 iters × 5 robots, sigma=0.300)
[staged]   contributions before Phase 2:
[staged]     robot a: +0.226 IoU
[staged]     robot b: +0.059 IoU
[staged]     robot c: +0.024 IoU  ← low
[staged]     robot d: +0.053 IoU
[staged]     robot e: +0.028 IoU  ← low
[staged]   Ph2 robot e  zone 2  (uncovered: 15% of target)
    [parallel] 10 worker threads, one renderer clone each
    init sampling: best coverage score 122.0px of uncovered area  (16 samples)
[staged]   → robot e: IoU 0.676 → 0.678  ✓
    ↑ new global best IoU 0.678  [phase Ph2 robot e]
[staged]   Ph2 robot d  zone 3  (uncovered: 19% of target)
    [parallel] 10 worker threads, one renderer clone each
    init sampling: best coverage score 131.0px of uncovered area  (16 samples)
[staged]   → robot d: candidate 0.675 < current 0.678  ✗ rejected
[staged]   Ph2 robot c  zone 4  (uncovered: 13% of target)
    [parallel] 10 worker threads, one renderer clone each
    init sampling: best coverage score 170.0px of uncovered area  (16 samples)
[staged]   → robot c: IoU 0.678 → 0.682  ✓
    ↑ new global best IoU 0.682  [phase Ph2 robot c]
[staged]   Ph2 robot b  zone 1  (uncovered: 18% of target)
    [parallel] 10 worker threads, one renderer clone each
    init sampling: best coverage score 191.0px of uncovered area  (16 samples)
[staged]   → robot b: IoU 0.682 → 0.709  ✓
    ↑ new global best IoU 0.709  [phase Ph2 robot b]
[staged]   Ph2 robot a  zone 0  (uncovered: 28% of target)
    [parallel] 10 worker threads, one renderer clone each
    init sampling: best coverage score 474.0px of uncovered area  (16 samples)
[staged]   → robot a: IoU 0.709 → 0.723  ✓
    ↑ new global best IoU 0.723  [phase Ph2 robot a]
[staged] Phase 2 done — composite IoU: 0.723

[staged] Best snapshot: Phase 2  IoU=0.723
[staged] Manifold final pass — computing Jacobian  (ε=0.020, 60 renders)
[staged] Manifold basis: k=12D / 30D  (variance≥85%, top eigenvalues: ['263389.31', '204092.75', '143223.77', '133580.73', '130222.53'])
    ↑ new global best IoU 0.733  [manifold final pass]
[staged] Manifold done — IoU: 0.733  (Δ=+0.010)  ✓
[staged] FD refinement — 5 Adam steps  (300 renders, lr=0.01, ε=0.02)
    ↑ new global best IoU 0.735  [FD refinement]
[staged] FD done — IoU: 0.735  (Δ=+0.002)  ✓
[staged] Done — final IoU: 0.735  loss: 0.2664
[staged] Popsize: per-robot phases=32  final=48  (theory optimum for 6 DOF = 10)

[staged] Hungarian pre-assignment  (5×5 cost matrix, 8 samples/entry = 200 renders)...
[staged]   robot_a → zone 4  robot_b → zone 0  robot_c → zone 3  robot_d → zone 2  robot_e → zone 1

[staged] Phase 1 — forward greedy  (16 iters × 5 robot(s), sigma=0.40×1.00, popsize=32)
[staged]   Ph1 robot a  zone 4  (uncovered: 24% of target)
    [parallel] 10 worker threads, one renderer clone each
    init sampling: best coverage score 876.0px of uncovered area  (16 samples)
[staged]   → robot a: IoU 0.128 → 0.521  ✓
    ↑ new global best IoU 0.521  [phase Ph1 robot a]
[staged]   Ph1 robot b  zone 0  (uncovered: 9% of target)
    [parallel] 10 worker threads, one renderer clone each
    init sampling: best coverage score 363.0px of uncovered area  (16 samples)
[staged]   → robot b: IoU 0.521 → 0.600  ✓
    ↑ new global best IoU 0.600  [phase Ph1 robot b]
[staged]   Ph1 robot c  zone 3  (uncovered: 3% of target)
    [parallel] 10 worker threads, one renderer clone each
    init sampling: best coverage score 110.0px of uncovered area  (16 samples)
[staged]   → robot c: IoU 0.600 → 0.640  ✓
    ↑ new global best IoU 0.640  [phase Ph1 robot c]
[staged]   Ph1 robot d  zone 2  (uncovered: 8% of target)
    [parallel] 10 worker threads, one renderer clone each
    init sampling: best coverage score 122.0px of uncovered area  (16 samples)
[staged]   → robot d: IoU 0.640 → 0.678  ✓
    ↑ new global best IoU 0.678  [phase Ph1 robot d]
[staged]   Ph1 robot e  zone 1  (uncovered: 1% of target)
    [parallel] 10 worker threads, one renderer clone each
    init sampling: best coverage score 11.0px of uncovered area  (16 samples)
[staged]   → robot e: IoU 0.678 → 0.709  ✓
    ↑ new global best IoU 0.709  [phase Ph1 robot e]
[staged] Phase 1 done — composite IoU: 0.709

[staged] Phase 2 — backward pass  (16 iters × 5 robots, sigma=0.300)
[staged]   contributions before Phase 2:
[staged]     robot a: +0.205 IoU
[staged]     robot b: +0.082 IoU
[staged]     robot c: +0.056 IoU
[staged]     robot d: +0.049 IoU  ← low
[staged]     robot e: +0.031 IoU  ← low
[staged]   Ph2 robot e  zone 1  (uncovered: 12% of target)
    [parallel] 10 worker threads, one renderer clone each
    init sampling: best coverage score 98.0px of uncovered area  (16 samples)
[staged]   → robot e: IoU 0.709 → 0.715  ✓
    ↑ new global best IoU 0.715  [phase Ph2 robot e]
[staged]   Ph2 robot d  zone 2  (uncovered: 15% of target)
    [parallel] 10 worker threads, one renderer clone each
    init sampling: best coverage score 163.0px of uncovered area  (16 samples)
[staged]   → robot d: candidate 0.710 < current 0.715  ✗ rejected
[staged]   Ph2 robot c  zone 3  (uncovered: 15% of target)
    [parallel] 10 worker threads, one renderer clone each
    init sampling: best coverage score 79.0px of uncovered area  (16 samples)
[staged]   → robot c: candidate 0.710 < current 0.715  ✗ rejected
[staged]   Ph2 robot b  zone 0  (uncovered: 17% of target)
    [parallel] 10 worker threads, one renderer clone each
    init sampling: best coverage score 262.0px of uncovered area  (16 samples)
[staged]   → robot b: candidate 0.662 < current 0.715  ✗ rejected
[staged]   Ph2 robot a  zone 4  (uncovered: 35% of target)
    [parallel] 10 worker threads, one renderer clone each
    init sampling: best coverage score 1142.0px of uncovered area  (16 samples)
[staged]   → robot a: IoU 0.715 → 0.718  ✓
    ↑ new global best IoU 0.718  [phase Ph2 robot a]
[staged] Phase 2 done — composite IoU: 0.718

[staged] Best snapshot: Phase 2  IoU=0.718
[staged] Manifold final pass — computing Jacobian  (ε=0.020, 60 renders)
[staged] Manifold basis: k=10D / 30D  (variance≥85%, top eigenvalues: ['473925.88', '147374.86', '124189.95', '115788.14', '95589.85'])
    ↑ new global best IoU 0.732  [manifold final pass]
[staged] Manifold done — IoU: 0.732  (Δ=+0.014)  ✓
[staged] FD refinement — 5 Adam steps  (300 renders, lr=0.01, ε=0.02)
[staged] FD done — IoU: 0.732  (Δ=+0.000)  ✓
[staged] Done — final IoU: 0.732  loss: 0.2699
[shard 0] 8/10 digits/4_dejavusans-bold  best=0.735 mean=0.725±0.008  193s  eta 0.1h
[staged] Popsize: per-robot phases=32  final=48  (theory optimum for 6 DOF = 10)

[staged] Hungarian pre-assignment  (5×5 cost matrix, 8 samples/entry = 200 renders)...
[staged]   robot_a → zone 2  robot_b → zone 1  robot_c → zone 4  robot_d → zone 0  robot_e → zone 3

[staged] Phase 1 — forward greedy  (16 iters × 5 robot(s), sigma=0.40×1.00, popsize=32)
[staged]   Ph1 robot a  zone 2  (uncovered: 22% of target)
    [parallel] 10 worker threads, one renderer clone each
    init sampling: best coverage score 209.0px of uncovered area  (16 samples)
[staged]   → robot a: IoU 0.067 → 0.466  ✓
    ↑ new global best IoU 0.466  [phase Ph1 robot a]
[staged]   Ph1 robot b  zone 1  (uncovered: 14% of target)
    [parallel] 10 worker threads, one renderer clone each
    init sampling: best coverage score 360.0px of uncovered area  (16 samples)
[staged]   → robot b: IoU 0.466 → 0.548  ✓
    ↑ new global best IoU 0.548  [phase Ph1 robot b]
[staged]   Ph1 robot c  zone 4  (uncovered: 3% of target)
    [parallel] 10 worker threads, one renderer clone each
    init sampling: best coverage score 7.0px of uncovered area  (16 samples)
[staged]   → robot c: IoU 0.548 → 0.589  ✓
    ↑ new global best IoU 0.589  [phase Ph1 robot c]
[staged]   Ph1 robot d  zone 0  (uncovered: 1% of target)
    [parallel] 10 worker threads, one renderer clone each
    init sampling: best coverage score 23.0px of uncovered area  (16 samples)
[staged]   → robot d: IoU 0.589 → 0.605  ✓
    ↑ new global best IoU 0.605  [phase Ph1 robot d]
[staged]   Ph1 robot e  zone 3  (uncovered: 1% of target)
    [parallel] 10 worker threads, one renderer clone each
    init sampling: best coverage score 21.0px of uncovered area  (16 samples)
[staged]   → robot e: IoU 0.605 → 0.667  ✓
    ↑ new global best IoU 0.667  [phase Ph1 robot e]
[staged] Phase 1 done — composite IoU: 0.667

[staged] Phase 2 — backward pass  (16 iters × 5 robots, sigma=0.300)
[staged]   contributions before Phase 2:
[staged]     robot a: +0.134 IoU
[staged]     robot b: +0.137 IoU
[staged]     robot c: +0.054 IoU
[staged]     robot d: +0.043 IoU  ← low
[staged]     robot e: +0.062 IoU
[staged]   Ph2 robot e  zone 3  (uncovered: 13% of target)
    [parallel] 10 worker threads, one renderer clone each
    init sampling: best coverage score 31.0px of uncovered area  (16 samples)
[staged]   → robot e: IoU 0.667 → 0.681  ✓
    ↑ new global best IoU 0.681  [phase Ph2 robot e]
[staged]   Ph2 robot d  zone 0  (uncovered: 9% of target)
    [parallel] 10 worker threads, one renderer clone each
    init sampling: best coverage score 48.0px of uncovered area  (16 samples)
[staged]   → robot d: IoU 0.681 → 0.699  ✓
    ↑ new global best IoU 0.699  [phase Ph2 robot d]
[staged]   Ph2 robot c  zone 4  (uncovered: 7% of target)
    [parallel] 10 worker threads, one renderer clone each
    init sampling: best coverage score 58.0px of uncovered area  (16 samples)
[staged]   → robot c: candidate 0.698 < current 0.699  ✗ rejected
[staged]   Ph2 robot b  zone 1  (uncovered: 19% of target)
    [parallel] 10 worker threads, one renderer clone each
    init sampling: best coverage score 341.0px of uncovered area  (16 samples)
[staged]   → robot b: candidate 0.689 < current 0.699  ✗ rejected
[staged]   Ph2 robot a  zone 2  (uncovered: 17% of target)
    [parallel] 10 worker threads, one renderer clone each
    init sampling: best coverage score 86.0px of uncovered area  (16 samples)
[staged]   → robot a: candidate 0.685 < current 0.699  ✗ rejected
[staged] Phase 2 done — composite IoU: 0.699

[staged] Best snapshot: Phase 2  IoU=0.699
[staged] Manifold final pass — computing Jacobian  (ε=0.020, 60 renders)
[staged] Manifold basis: k=10D / 30D  (variance≥85%, top eigenvalues: ['201571.05', '149106.44', '105426.70', '90774.34', '86803.94'])
    ↑ new global best IoU 0.716  [manifold final pass]
[staged] Manifold done — IoU: 0.716  (Δ=+0.018)  ✓
[staged] FD refinement — 5 Adam steps  (300 renders, lr=0.01, ε=0.02)
[staged] FD done — IoU: 0.716  (Δ=+0.000)  ✓
[staged] Done — final IoU: 0.716  loss: 0.2851
[staged] Popsize: per-robot phases=32  final=48  (theory optimum for 6 DOF = 10)

[staged] Hungarian pre-assignment  (5×5 cost matrix, 8 samples/entry = 200 renders)...
[staged]   robot_a → zone 1  robot_b → zone 3  robot_c → zone 4  robot_d → zone 2  robot_e → zone 0

[staged] Phase 1 — forward greedy  (16 iters × 5 robot(s), sigma=0.40×1.00, popsize=32)
[staged]   Ph1 robot a  zone 1  (uncovered: 19% of target)
    [parallel] 10 worker threads, one renderer clone each
    init sampling: best coverage score 222.0px of uncovered area  (16 samples)
[staged]   → robot a: IoU 0.067 → 0.518  ✓
    ↑ new global best IoU 0.518  [phase Ph1 robot a]
[staged]   Ph1 robot b  zone 3  (uncovered: 8% of target)
    [parallel] 10 worker threads, one renderer clone each
    init sampling: best coverage score 119.0px of uncovered area  (16 samples)
[staged]   → robot b: IoU 0.518 → 0.578  ✓
    ↑ new global best IoU 0.578  [phase Ph1 robot b]
[staged]   Ph1 robot c  zone 4  (uncovered: 12% of target)
    [parallel] 10 worker threads, one renderer clone each
    init sampling: best coverage score 59.0px of uncovered area  (16 samples)
[staged]   → robot c: IoU 0.578 → 0.607  ✓
    ↑ new global best IoU 0.607  [phase Ph1 robot c]
[staged]   Ph1 robot d  zone 2  (uncovered: 0% of target)
    [parallel] 10 worker threads, one renderer clone each
    init sampling: best coverage score 4.0px of uncovered area  (16 samples)
[staged]   → robot d: IoU 0.607 → 0.615  ✓
    ↑ new global best IoU 0.615  [phase Ph1 robot d]
[staged]   Ph1 robot e  zone 0  (uncovered: 0% of target)
    [parallel] 10 worker threads, one renderer clone each
    init sampling: best coverage score 6.0px of uncovered area  (16 samples)
[staged]   → robot e: IoU 0.615 → 0.620  ✓
    ↑ new global best IoU 0.620  [phase Ph1 robot e]
[staged] Phase 1 done — composite IoU: 0.620

[staged] Phase 2 — backward pass  (16 iters × 5 robots, sigma=0.300)
[staged]   contributions before Phase 2:
[staged]     robot a: +0.244 IoU
[staged]     robot b: +0.089 IoU
[staged]     robot c: +0.040 IoU  ← low
[staged]     robot d: -0.001 IoU  ← low
[staged]     robot e: +0.005 IoU  ← low
[staged]   Ph2 robot e  zone 0  (uncovered: 20% of target)
    [parallel] 10 worker threads, one renderer clone each
    init sampling: best coverage score 58.0px of uncovered area  (16 samples)
[staged]   → robot e: IoU 0.620 → 0.648  ✓
    ↑ new global best IoU 0.648  [phase Ph2 robot e]
[staged]   Ph2 robot d  zone 2  (uncovered: 16% of target)
    [parallel] 10 worker threads, one renderer clone each
    init sampling: best coverage score 46.0px of uncovered area  (16 samples)
[staged]   → robot d: IoU 0.648 → 0.651  ✓
    ↑ new global best IoU 0.651  [phase Ph2 robot d]
[staged]   Ph2 robot c  zone 4  (uncovered: 15% of target)
    [parallel] 10 worker threads, one renderer clone each
    init sampling: best coverage score 123.0px of uncovered area  (16 samples)
[staged]   → robot c: candidate 0.628 < current 0.651  ✗ rejected
[staged]   Ph2 robot b  zone 3  (uncovered: 17% of target)
    [parallel] 10 worker threads, one renderer clone each
    init sampling: best coverage score 165.0px of uncovered area  (16 samples)
[staged]   → robot b: IoU 0.651 → 0.651  ✓
    ↑ new global best IoU 0.651  [phase Ph2 robot b]
[staged]   Ph2 robot a  zone 1  (uncovered: 27% of target)
    [parallel] 10 worker threads, one renderer clone each
    init sampling: best coverage score 349.0px of uncovered area  (16 samples)
[staged]   → robot a: candidate 0.608 < current 0.651  ✗ rejected
[staged] Phase 2 done — composite IoU: 0.651

[staged] Best snapshot: Phase 2  IoU=0.651
[staged] Manifold final pass — computing Jacobian  (ε=0.020, 60 renders)
[staged] Manifold basis: k=9D / 30D  (variance≥85%, top eigenvalues: ['422397.06', '200918.75', '87277.90', '83358.95', '45897.78'])
    ↑ new global best IoU 0.656  [manifold final pass]
[staged] Manifold done — IoU: 0.656  (Δ=+0.005)  ✓
[staged] FD refinement — 5 Adam steps  (300 renders, lr=0.01, ε=0.02)
    ↑ new global best IoU 0.658  [FD refinement]
[staged] FD done — IoU: 0.658  (Δ=+0.002)  ✓
[staged] Done — final IoU: 0.658  loss: 0.3436
[staged] Popsize: per-robot phases=32  final=48  (theory optimum for 6 DOF = 10)

[staged] Hungarian pre-assignment  (5×5 cost matrix, 8 samples/entry = 200 renders)...
[staged]   robot_a → zone 2  robot_b → zone 3  robot_c → zone 4  robot_d → zone 1  robot_e → zone 0

[staged] Phase 1 — forward greedy  (16 iters × 5 robot(s), sigma=0.40×1.00, popsize=32)
[staged]   Ph1 robot a  zone 2  (uncovered: 7% of target)
    [parallel] 10 worker threads, one renderer clone each
    init sampling: best coverage score 232.0px of uncovered area  (16 samples)
[staged]   → robot a: IoU 0.067 → 0.495  ✓
    ↑ new global best IoU 0.495  [phase Ph1 robot a]
[staged]   Ph1 robot b  zone 3  (uncovered: 8% of target)
    [parallel] 10 worker threads, one renderer clone each
    init sampling: best coverage score 175.0px of uncovered area  (16 samples)
[staged]   → robot b: IoU 0.495 → 0.576  ✓
    ↑ new global best IoU 0.576  [phase Ph1 robot b]
[staged]   Ph1 robot c  zone 4  (uncovered: 1% of target)
    [parallel] 10 worker threads, one renderer clone each
    init sampling: best coverage score 43.0px of uncovered area  (16 samples)
[staged]   → robot c: IoU 0.576 → 0.624  ✓
    ↑ new global best IoU 0.624  [phase Ph1 robot c]
[staged]   Ph1 robot d  zone 1  (uncovered: 11% of target)
    [parallel] 10 worker threads, one renderer clone each
    init sampling: best coverage score 119.0px of uncovered area  (16 samples)
[staged]   → robot d: IoU 0.624 → 0.654  ✓
    ↑ new global best IoU 0.654  [phase Ph1 robot d]
[staged]   Ph1 robot e  zone 0  (uncovered: 0% of target)
    [parallel] 10 worker threads, one renderer clone each
    init sampling: best coverage score 2.0px of uncovered area  (16 samples)
[staged]   → robot e: IoU 0.654 → 0.729  ✓
    ↑ new global best IoU 0.729  [phase Ph1 robot e]
[staged] Phase 1 done — composite IoU: 0.729

[staged] Phase 2 — backward pass  (16 iters × 5 robots, sigma=0.300)
[staged]   contributions before Phase 2:
[staged]     robot a: +0.167 IoU
[staged]     robot b: +0.128 IoU
[staged]     robot c: +0.103 IoU
[staged]     robot d: +0.080 IoU
[staged]     robot e: +0.074 IoU
[staged]   Ph2 robot e  zone 0  (uncovered: 12% of target)
    [parallel] 10 worker threads, one renderer clone each
    init sampling: best coverage score 1.0px of uncovered area  (16 samples)
[staged]   → robot e: candidate 0.714 < current 0.729  ✗ rejected
[staged]   Ph2 robot d  zone 1  (uncovered: 11% of target)
    [parallel] 10 worker threads, one renderer clone each
    init sampling: best coverage score 85.0px of uncovered area  (16 samples)
[staged]   → robot d: candidate 0.720 < current 0.729  ✗ rejected
[staged]   Ph2 robot c  zone 4  (uncovered: 14% of target)
    [parallel] 10 worker threads, one renderer clone each
    init sampling: best coverage score 87.0px of uncovered area  (16 samples)
[staged]   → robot c: candidate 0.719 < current 0.729  ✗ rejected
[staged]   Ph2 robot b  zone 3  (uncovered: 17% of target)
    [parallel] 10 worker threads, one renderer clone each
    init sampling: best coverage score 245.0px of uncovered area  (16 samples)
[staged]   → robot b: candidate 0.696 < current 0.729  ✗ rejected
[staged]   Ph2 robot a  zone 2  (uncovered: 19% of target)
    [parallel] 10 worker threads, one renderer clone each
    init sampling: best coverage score 297.0px of uncovered area  (16 samples)
[staged]   → robot a: candidate 0.709 < current 0.729  ✗ rejected
[staged] Phase 2 done — composite IoU: 0.729

[staged] Best snapshot: Phase 1  IoU=0.729
[staged] Manifold final pass — computing Jacobian  (ε=0.020, 60 renders)
[staged] Manifold basis: k=9D / 30D  (variance≥85%, top eigenvalues: ['253543.06', '162140.52', '107758.56', '70205.28', '53161.02'])
    ↑ new global best IoU 0.738  [manifold final pass]
[staged] Manifold done — IoU: 0.738  (Δ=+0.009)  ✓
[staged] FD refinement — 5 Adam steps  (300 renders, lr=0.01, ε=0.02)
    ↑ new global best IoU 0.739  [FD refinement]
[staged] FD done — IoU: 0.739  (Δ=+0.001)  ✓
[staged] Done — final IoU: 0.739  loss: 0.2624
[staged] Popsize: per-robot phases=32  final=48  (theory optimum for 6 DOF = 10)

[staged] Hungarian pre-assignment  (5×5 cost matrix, 8 samples/entry = 200 renders)...
[staged]   robot_a → zone 1  robot_b → zone 2  robot_c → zone 4  robot_d → zone 3  robot_e → zone 0

[staged] Phase 1 — forward greedy  (16 iters × 5 robot(s), sigma=0.40×1.00, popsize=32)
[staged]   Ph1 robot a  zone 1  (uncovered: 19% of target)
    [parallel] 10 worker threads, one renderer clone each
    init sampling: best coverage score 587.0px of uncovered area  (16 samples)
[staged]   → robot a: IoU 0.067 → 0.486  ✓
    ↑ new global best IoU 0.486  [phase Ph1 robot a]
[staged]   Ph1 robot b  zone 2  (uncovered: 18% of target)
    [parallel] 10 worker threads, one renderer clone each
    init sampling: best coverage score 367.0px of uncovered area  (16 samples)
[staged]   → robot b: IoU 0.486 → 0.558  ✓
    ↑ new global best IoU 0.558  [phase Ph1 robot b]
[staged]   Ph1 robot c  zone 4  (uncovered: 2% of target)
    [parallel] 10 worker threads, one renderer clone each
    init sampling: best coverage score 3.0px of uncovered area  (16 samples)
[staged]   → robot c: IoU 0.558 → 0.608  ✓
    ↑ new global best IoU 0.608  [phase Ph1 robot c]
[staged]   Ph1 robot d  zone 3  (uncovered: 6% of target)
    [parallel] 10 worker threads, one renderer clone each
    init sampling: best coverage score 29.0px of uncovered area  (16 samples)
[staged]   → robot d: IoU 0.608 → 0.633  ✓
    ↑ new global best IoU 0.633  [phase Ph1 robot d]
[staged]   Ph1 robot e  zone 0  (uncovered: 1% of target)
    [parallel] 10 worker threads, one renderer clone each
    init sampling: best coverage score 16.0px of uncovered area  (16 samples)
[staged]   → robot e: IoU 0.633 → 0.694  ✓
    ↑ new global best IoU 0.694  [phase Ph1 robot e]
[staged] Phase 1 done — composite IoU: 0.694

[staged] Phase 2 — backward pass  (16 iters × 5 robots, sigma=0.300)
[staged]   contributions before Phase 2:
[staged]     robot a: +0.276 IoU
[staged]     robot b: +0.076 IoU
[staged]     robot c: +0.098 IoU
[staged]     robot d: +0.069 IoU
[staged]     robot e: +0.061 IoU
[staged]   Ph2 robot e  zone 0  (uncovered: 5% of target)
    [parallel] 10 worker threads, one renderer clone each
    init sampling: best coverage score 11.0px of uncovered area  (16 samples)
[staged]   → robot e: IoU 0.694 → 0.695  ✓
    ↑ new global best IoU 0.695  [phase Ph2 robot e]
[staged]   Ph2 robot d  zone 3  (uncovered: 4% of target)
    [parallel] 10 worker threads, one renderer clone each
    init sampling: best coverage score 8.0px of uncovered area  (16 samples)
[staged]   → robot d: IoU 0.695 → 0.698  ✓
    ↑ new global best IoU 0.698  [phase Ph2 robot d]
[staged]   Ph2 robot c  zone 4  (uncovered: 8% of target)
    [parallel] 10 worker threads, one renderer clone each
    init sampling: best coverage score 82.0px of uncovered area  (16 samples)
[staged]   → robot c: candidate 0.674 < current 0.698  ✗ rejected
[staged]   Ph2 robot b  zone 2  (uncovered: 4% of target)
    [parallel] 10 worker threads, one renderer clone each
    init sampling: best coverage score 36.0px of uncovered area  (16 samples)
[staged]   → robot b: IoU 0.698 → 0.714  ✓
    ↑ new global best IoU 0.714  [phase Ph2 robot b]
[staged]   Ph2 robot a  zone 1  (uncovered: 22% of target)
    [parallel] 10 worker threads, one renderer clone each
    init sampling: best coverage score 391.0px of uncovered area  (16 samples)
[staged]   → robot a: candidate 0.659 < current 0.714  ✗ rejected
[staged] Phase 2 done — composite IoU: 0.714

[staged] Best snapshot: Phase 2  IoU=0.714
[staged] Manifold final pass — computing Jacobian  (ε=0.020, 60 renders)
[staged] Manifold basis: k=7D / 30D  (variance≥85%, top eigenvalues: ['681654.56', '196850.52', '143748.88', '113241.83', '77639.24'])
    ↑ new global best IoU 0.732  [manifold final pass]
[staged] Manifold done — IoU: 0.732  (Δ=+0.018)  ✓
[staged] FD refinement — 5 Adam steps  (300 renders, lr=0.01, ε=0.02)
[staged] FD done — IoU: 0.732  (Δ=+0.000)  ✓
[staged] Done — final IoU: 0.732  loss: 0.2695
[staged] Popsize: per-robot phases=32  final=48  (theory optimum for 6 DOF = 10)

[staged] Hungarian pre-assignment  (5×5 cost matrix, 8 samples/entry = 200 renders)...
[staged]   robot_a → zone 4  robot_b → zone 3  robot_c → zone 2  robot_d → zone 1  robot_e → zone 0

[staged] Phase 1 — forward greedy  (16 iters × 5 robot(s), sigma=0.40×1.00, popsize=32)
[staged]   Ph1 robot a  zone 4  (uncovered: 14% of target)
    [parallel] 10 worker threads, one renderer clone each
    init sampling: best coverage score 452.0px of uncovered area  (16 samples)
[staged]   → robot a: IoU 0.067 → 0.493  ✓
    ↑ new global best IoU 0.493  [phase Ph1 robot a]
[staged]   Ph1 robot b  zone 3  (uncovered: 5% of target)
    [parallel] 10 worker threads, one renderer clone each
    init sampling: best coverage score 66.0px of uncovered area  (16 samples)
[staged]   → robot b: IoU 0.493 → 0.564  ✓
    ↑ new global best IoU 0.564  [phase Ph1 robot b]
[staged]   Ph1 robot c  zone 2  (uncovered: 2% of target)
    [parallel] 10 worker threads, one renderer clone each
    init sampling: best coverage score 55.0px of uncovered area  (16 samples)
[staged]   → robot c: IoU 0.564 → 0.634  ✓
    ↑ new global best IoU 0.634  [phase Ph1 robot c]
[staged]   Ph1 robot d  zone 1  (uncovered: 6% of target)
    [parallel] 10 worker threads, one renderer clone each
    init sampling: best coverage score 5.0px of uncovered area  (16 samples)
[staged]   → robot d: IoU 0.634 → 0.675  ✓
    ↑ new global best IoU 0.675  [phase Ph1 robot d]
[staged]   Ph1 robot e  zone 0  (uncovered: 0% of target)
    [parallel] 10 worker threads, one renderer clone each
    init sampling: best coverage score 9.0px of uncovered area  (16 samples)
[staged]   → robot e: IoU 0.675 → 0.743  ✓
    ↑ new global best IoU 0.743  [phase Ph1 robot e]
[staged] Phase 1 done — composite IoU: 0.743

[staged] Phase 2 — backward pass  (16 iters × 5 robots, sigma=0.300)
[staged]   contributions before Phase 2:
[staged]     robot a: +0.204 IoU
[staged]     robot b: +0.102 IoU
[staged]     robot c: +0.108 IoU
[staged]     robot d: +0.095 IoU
[staged]     robot e: +0.068 IoU
[staged]   Ph2 robot e  zone 0  (uncovered: 9% of target)
    [parallel] 10 worker threads, one renderer clone each
    init sampling: best coverage score 36.0px of uncovered area  (16 samples)
[staged]   → robot e: IoU 0.743 → 0.760  ✓
    ↑ new global best IoU 0.760  [phase Ph2 robot e]
[staged]   Ph2 robot d  zone 1  (uncovered: 10% of target)
    [parallel] 10 worker threads, one renderer clone each
    init sampling: best coverage score 55.0px of uncovered area  (16 samples)
[staged]   → robot d: IoU 0.760 → 0.760  ✓
[staged]   Ph2 robot c  zone 2  (uncovered: 11% of target)
    [parallel] 10 worker threads, one renderer clone each
    init sampling: best coverage score 61.0px of uncovered area  (16 samples)
[staged]   → robot c: candidate 0.760 < current 0.760  ✗ rejected
[staged]   Ph2 robot b  zone 3  (uncovered: 8% of target)
    [parallel] 10 worker threads, one renderer clone each
    init sampling: best coverage score 103.0px of uncovered area  (16 samples)
[staged]   → robot b: IoU 0.760 → 0.764  ✓
    ↑ new global best IoU 0.764  [phase Ph2 robot b]
[staged]   Ph2 robot a  zone 4  (uncovered: 29% of target)
    [parallel] 10 worker threads, one renderer clone each
    init sampling: best coverage score 573.0px of uncovered area  (16 samples)
[staged]   → robot a: candidate 0.648 < current 0.764  ✗ rejected
[staged] Phase 2 done — composite IoU: 0.764

[staged] Best snapshot: Phase 2  IoU=0.764
[staged] Manifold final pass — computing Jacobian  (ε=0.020, 60 renders)
[staged] Manifold basis: k=7D / 30D  (variance≥85%, top eigenvalues: ['335245.25', '196152.59', '177991.30', '101494.58', '86929.58'])
    ↑ new global best IoU 0.780  [manifold final pass]
[staged] Manifold done — IoU: 0.780  (Δ=+0.017)  ✓
[staged] FD refinement — 5 Adam steps  (300 renders, lr=0.01, ε=0.02)
    ↑ new global best IoU 0.783  [FD refinement]
[staged] FD done — IoU: 0.783  (Δ=+0.002)  ✓
[staged] Done — final IoU: 0.783  loss: 0.2178
[shard 0] 9/10 digits/7_dejavusans-bold  best=0.783 mean=0.726±0.040  193s  eta 0.1h
[staged] Popsize: per-robot phases=32  final=48  (theory optimum for 6 DOF = 10)

[staged] Hungarian pre-assignment  (5×5 cost matrix, 8 samples/entry = 200 renders)...
[staged]   robot_a → zone 3  robot_b → zone 1  robot_c → zone 4  robot_d → zone 0  robot_e → zone 2

[staged] Phase 1 — forward greedy  (16 iters × 5 robot(s), sigma=0.40×1.00, popsize=32)
[staged]   Ph1 robot a  zone 3  (uncovered: 6% of target)
    [parallel] 10 worker threads, one renderer clone each
    init sampling: best coverage score 275.0px of uncovered area  (16 samples)
[staged]   → robot a: IoU 0.119 → 0.362  ✓
    ↑ new global best IoU 0.362  [phase Ph1 robot a]
[staged]   Ph1 robot b  zone 1  (uncovered: 6% of target)
    [parallel] 10 worker threads, one renderer clone each
    init sampling: best coverage score 153.0px of uncovered area  (16 samples)
[staged]   → robot b: IoU 0.362 → 0.507  ✓
    ↑ new global best IoU 0.507  [phase Ph1 robot b]
[staged]   Ph1 robot c  zone 4  (uncovered: 1% of target)
    [parallel] 10 worker threads, one renderer clone each
    init sampling: best coverage score 4.0px of uncovered area  (16 samples)
[staged]   → robot c: IoU 0.507 → 0.610  ✓
    ↑ new global best IoU 0.610  [phase Ph1 robot c]
[staged]   Ph1 robot d  zone 0  (uncovered: 4% of target)
    [parallel] 10 worker threads, one renderer clone each
    init sampling: best coverage score 22.0px of uncovered area  (16 samples)
[staged]   → robot d: IoU 0.610 → 0.650  ✓
    ↑ new global best IoU 0.650  [phase Ph1 robot d]
[staged]   Ph1 robot e  zone 2  (uncovered: 3% of target)
    [parallel] 10 worker threads, one renderer clone each
    init sampling: best coverage score 14.0px of uncovered area  (16 samples)
[staged]   → robot e: IoU 0.650 → 0.680  ✓
    ↑ new global best IoU 0.680  [phase Ph1 robot e]
[staged] Phase 1 done — composite IoU: 0.680

[staged] Phase 2 — backward pass  (16 iters × 5 robots, sigma=0.300)
[staged]   contributions before Phase 2:
[staged]     robot a: +0.158 IoU
[staged]     robot b: +0.056 IoU
[staged]     robot c: +0.086 IoU
[staged]     robot d: +0.052 IoU
[staged]     robot e: +0.030 IoU  ← low
[staged]   Ph2 robot e  zone 2  (uncovered: 11% of target)
    [parallel] 10 worker threads, one renderer clone each
    init sampling: best coverage score 90.0px of uncovered area  (16 samples)
[staged]   → robot e: IoU 0.680 → 0.681  ✓
    ↑ new global best IoU 0.681  [phase Ph2 robot e]
[staged]   Ph2 robot d  zone 0  (uncovered: 14% of target)
    [parallel] 10 worker threads, one renderer clone each
    init sampling: best coverage score 113.0px of uncovered area  (16 samples)
[staged]   → robot d: candidate 0.654 < current 0.681  ✗ rejected
[staged]   Ph2 robot c  zone 4  (uncovered: 21% of target)
    [parallel] 10 worker threads, one renderer clone each
    init sampling: best coverage score 286.0px of uncovered area  (16 samples)
[staged]   → robot c: candidate 0.639 < current 0.681  ✗ rejected
[staged]   Ph2 robot b  zone 1  (uncovered: 15% of target)
    [parallel] 10 worker threads, one renderer clone each
    init sampling: best coverage score 118.0px of uncovered area  (16 samples)
[staged]   → robot b: IoU 0.681 → 0.682  ✓
    ↑ new global best IoU 0.682  [phase Ph2 robot b]
[staged]   Ph2 robot a  zone 3  (uncovered: 36% of target)
    [parallel] 10 worker threads, one renderer clone each
    init sampling: best coverage score 736.0px of uncovered area  (16 samples)
[staged]   → robot a: candidate 0.641 < current 0.682  ✗ rejected
[staged] Phase 2 done — composite IoU: 0.682

[staged] Best snapshot: Phase 2  IoU=0.682
[staged] Manifold final pass — computing Jacobian  (ε=0.020, 60 renders)
[staged] Manifold basis: k=9D / 30D  (variance≥85%, top eigenvalues: ['318089.19', '315840.94', '197929.61', '146098.08', '104352.14'])
    ↑ new global best IoU 0.721  [manifold final pass]
[staged] Manifold done — IoU: 0.721  (Δ=+0.040)  ✓
[staged] FD refinement — 5 Adam steps  (300 renders, lr=0.01, ε=0.02)
[staged] FD done — IoU: 0.721  (Δ=+0.000)  ✓
[staged] Done — final IoU: 0.721  loss: 0.2799
[staged] Popsize: per-robot phases=32  final=48  (theory optimum for 6 DOF = 10)

[staged] Hungarian pre-assignment  (5×5 cost matrix, 8 samples/entry = 200 renders)...
[staged]   robot_a → zone 2  robot_b → zone 1  robot_c → zone 3  robot_d → zone 4  robot_e → zone 0

[staged] Phase 1 — forward greedy  (16 iters × 5 robot(s), sigma=0.40×1.00, popsize=32)
[staged]   Ph1 robot a  zone 2  (uncovered: 26% of target)
    [parallel] 10 worker threads, one renderer clone each
    init sampling: best coverage score 742.0px of uncovered area  (16 samples)
[staged]   → robot a: IoU 0.119 → 0.431  ✓
    ↑ new global best IoU 0.431  [phase Ph1 robot a]
[staged]   Ph1 robot b  zone 1  (uncovered: 15% of target)
    [parallel] 10 worker threads, one renderer clone each
    init sampling: best coverage score 423.0px of uncovered area  (16 samples)
[staged]   → robot b: IoU 0.431 → 0.588  ✓
    ↑ new global best IoU 0.588  [phase Ph1 robot b]
[staged]   Ph1 robot c  zone 3  (uncovered: 4% of target)
    [parallel] 10 worker threads, one renderer clone each
    init sampling: best coverage score 125.0px of uncovered area  (16 samples)
[staged]   → robot c: IoU 0.588 → 0.648  ✓
    ↑ new global best IoU 0.648  [phase Ph1 robot c]
[staged]   Ph1 robot d  zone 4  (uncovered: 1% of target)
    [parallel] 10 worker threads, one renderer clone each
    init sampling: best coverage score 5.0px of uncovered area  (16 samples)
[staged]   → robot d: IoU 0.648 → 0.690  ✓
    ↑ new global best IoU 0.690  [phase Ph1 robot d]
[staged]   Ph1 robot e  zone 0  (uncovered: 3% of target)
    [parallel] 10 worker threads, one renderer clone each
    init sampling: best coverage score 119.0px of uncovered area  (16 samples)
[staged]   → robot e: IoU 0.690 → 0.724  ✓
    ↑ new global best IoU 0.724  [phase Ph1 robot e]
[staged] Phase 1 done — composite IoU: 0.724

[staged] Phase 2 — backward pass  (16 iters × 5 robots, sigma=0.300)
[staged]   contributions before Phase 2:
[staged]     robot a: +0.163 IoU
[staged]     robot b: +0.138 IoU
[staged]     robot c: +0.070 IoU
[staged]     robot d: +0.059 IoU
[staged]     robot e: +0.034 IoU  ← low
[staged]   Ph2 robot e  zone 0  (uncovered: 12% of target)
    [parallel] 10 worker threads, one renderer clone each
    init sampling: best coverage score 118.0px of uncovered area  (16 samples)
[staged]   → robot e: candidate 0.720 < current 0.724  ✗ rejected
[staged]   Ph2 robot d  zone 4  (uncovered: 14% of target)
    [parallel] 10 worker threads, one renderer clone each
    init sampling: best coverage score 132.0px of uncovered area  (16 samples)
[staged]   → robot d: candidate 0.705 < current 0.724  ✗ rejected
[staged]   Ph2 robot c  zone 3  (uncovered: 15% of target)
    [parallel] 10 worker threads, one renderer clone each
    init sampling: best coverage score 260.0px of uncovered area  (16 samples)
[staged]   → robot c: candidate 0.718 < current 0.724  ✗ rejected
[staged]   Ph2 robot b  zone 1  (uncovered: 23% of target)
    [parallel] 10 worker threads, one renderer clone each
    init sampling: best coverage score 667.0px of uncovered area  (16 samples)
[staged]   → robot b: IoU 0.724 → 0.742  ✓
    ↑ new global best IoU 0.742  [phase Ph2 robot b]
[staged]   Ph2 robot a  zone 2  (uncovered: 20% of target)
    [parallel] 10 worker threads, one renderer clone each
    init sampling: best coverage score 199.0px of uncovered area  (16 samples)
[staged]   → robot a: candidate 0.727 < current 0.742  ✗ rejected
[staged] Phase 2 done — composite IoU: 0.742

[staged] Best snapshot: Phase 2  IoU=0.742
[staged] Manifold final pass — computing Jacobian  (ε=0.020, 60 renders)
[staged] Manifold basis: k=10D / 30D  (variance≥85%, top eigenvalues: ['274138.31', '163380.55', '117164.33', '88304.94', '83665.73'])
    ↑ new global best IoU 0.761  [manifold final pass]
[staged] Manifold done — IoU: 0.761  (Δ=+0.019)  ✓
[staged] FD refinement — 5 Adam steps  (300 renders, lr=0.01, ε=0.02)
    ↑ new global best IoU 0.764  [FD refinement]
[staged] FD done — IoU: 0.764  (Δ=+0.003)  ✓
[staged] Done — final IoU: 0.764  loss: 0.2367
[staged] Popsize: per-robot phases=32  final=48  (theory optimum for 6 DOF = 10)

[staged] Hungarian pre-assignment  (5×5 cost matrix, 8 samples/entry = 200 renders)...
[staged]   robot_a → zone 2  robot_b → zone 1  robot_c → zone 4  robot_d → zone 3  robot_e → zone 0

[staged] Phase 1 — forward greedy  (16 iters × 5 robot(s), sigma=0.40×1.00, popsize=32)
[staged]   Ph1 robot a  zone 2  (uncovered: 25% of target)
    [parallel] 10 worker threads, one renderer clone each
    init sampling: best coverage score 379.0px of uncovered area  (16 samples)
[staged]   → robot a: IoU 0.119 → 0.436  ✓
    ↑ new global best IoU 0.436  [phase Ph1 robot a]
[staged]   Ph1 robot b  zone 1  (uncovered: 2% of target)
    [parallel] 10 worker threads, one renderer clone each
    init sampling: best coverage score 91.0px of uncovered area  (16 samples)
[staged]   → robot b: IoU 0.436 → 0.586  ✓
    ↑ new global best IoU 0.586  [phase Ph1 robot b]
[staged]   Ph1 robot c  zone 4  (uncovered: 4% of target)
    [parallel] 10 worker threads, one renderer clone each
    init sampling: best coverage score 133.0px of uncovered area  (16 samples)
[staged]   → robot c: IoU 0.586 → 0.636  ✓
    ↑ new global best IoU 0.636  [phase Ph1 robot c]
[staged]   Ph1 robot d  zone 3  (uncovered: 3% of target)
    [parallel] 10 worker threads, one renderer clone each
    init sampling: best coverage score 45.0px of uncovered area  (16 samples)
[staged]   → robot d: IoU 0.636 → 0.661  ✓
    ↑ new global best IoU 0.661  [phase Ph1 robot d]
[staged]   Ph1 robot e  zone 0  (uncovered: 1% of target)
    [parallel] 10 worker threads, one renderer clone each
    init sampling: best coverage score 35.0px of uncovered area  (16 samples)
[staged]   → robot e: IoU 0.661 → 0.696  ✓
    ↑ new global best IoU 0.696  [phase Ph1 robot e]
[staged] Phase 1 done — composite IoU: 0.696

[staged] Phase 2 — backward pass  (16 iters × 5 robots, sigma=0.300)
[staged]   contributions before Phase 2:
[staged]     robot a: +0.226 IoU
[staged]     robot b: +0.097 IoU
[staged]     robot c: +0.046 IoU  ← low
[staged]     robot d: +0.039 IoU  ← low
[staged]     robot e: +0.034 IoU  ← low
[staged]   Ph2 robot e  zone 0  (uncovered: 11% of target)
    [parallel] 10 worker threads, one renderer clone each
    init sampling: best coverage score 135.0px of uncovered area  (16 samples)
[staged]   → robot e: IoU 0.696 → 0.698  ✓
    ↑ new global best IoU 0.698  [phase Ph2 robot e]
[staged]   Ph2 robot d  zone 3  (uncovered: 11% of target)
    [parallel] 10 worker threads, one renderer clone each
    init sampling: best coverage score 117.0px of uncovered area  (16 samples)
[staged]   → robot d: candidate 0.690 < current 0.698  ✗ rejected
[staged]   Ph2 robot c  zone 4  (uncovered: 15% of target)
    [parallel] 10 worker threads, one renderer clone each
    init sampling: best coverage score 244.0px of uncovered area  (16 samples)
[staged]   → robot c: IoU 0.698 → 0.713  ✓
    ↑ new global best IoU 0.713  [phase Ph2 robot c]
[staged]   Ph2 robot b  zone 1  (uncovered: 21% of target)
    [parallel] 10 worker threads, one renderer clone each
    init sampling: best coverage score 560.0px of uncovered area  (16 samples)
[staged]   → robot b: IoU 0.713 → 0.756  ✓
    ↑ new global best IoU 0.756  [phase Ph2 robot b]
[staged]   Ph2 robot a  zone 2  (uncovered: 35% of target)
    [parallel] 10 worker threads, one renderer clone each
    init sampling: best coverage score 533.0px of uncovered area  (16 samples)
[staged]   → robot a: candidate 0.689 < current 0.756  ✗ rejected
[staged] Phase 2 done — composite IoU: 0.756

[staged] Best snapshot: Phase 2  IoU=0.756
[staged] Manifold final pass — computing Jacobian  (ε=0.020, 60 renders)
[staged] Manifold basis: k=9D / 30D  (variance≥85%, top eigenvalues: ['390849.56', '189051.36', '128697.73', '88458.09', '69198.18'])
    ↑ new global best IoU 0.783  [manifold final pass]
[staged] Manifold done — IoU: 0.783  (Δ=+0.027)  ✓
[staged] FD refinement — 5 Adam steps  (300 renders, lr=0.01, ε=0.02)
[staged] FD done — IoU: 0.783  (Δ=+0.000)  ✓
[staged] Done — final IoU: 0.783  loss: 0.2177
[staged] Popsize: per-robot phases=32  final=48  (theory optimum for 6 DOF = 10)

[staged] Hungarian pre-assignment  (5×5 cost matrix, 8 samples/entry = 200 renders)...
[staged]   robot_a → zone 1  robot_b → zone 2  robot_c → zone 4  robot_d → zone 3  robot_e → zone 0

[staged] Phase 1 — forward greedy  (16 iters × 5 robot(s), sigma=0.40×1.00, popsize=32)
[staged]   Ph1 robot a  zone 1  (uncovered: 26% of target)
    [parallel] 10 worker threads, one renderer clone each
    init sampling: best coverage score 739.0px of uncovered area  (16 samples)
[staged]   → robot a: IoU 0.119 → 0.421  ✓
    ↑ new global best IoU 0.421  [phase Ph1 robot a]
[staged]   Ph1 robot b  zone 2  (uncovered: 5% of target)
    [parallel] 10 worker threads, one renderer clone each
    init sampling: best coverage score 116.0px of uncovered area  (16 samples)
[staged]   → robot b: IoU 0.421 → 0.610  ✓
    ↑ new global best IoU 0.610  [phase Ph1 robot b]
[staged]   Ph1 robot c  zone 4  (uncovered: 2% of target)
    [parallel] 10 worker threads, one renderer clone each
    init sampling: best coverage score 47.0px of uncovered area  (16 samples)
[staged]   → robot c: IoU 0.610 → 0.648  ✓
    ↑ new global best IoU 0.648  [phase Ph1 robot c]
[staged]   Ph1 robot d  zone 3  (uncovered: 3% of target)
    [parallel] 10 worker threads, one renderer clone each
    init sampling: best coverage score 68.0px of uncovered area  (16 samples)
[staged]   → robot d: IoU 0.648 → 0.683  ✓
    ↑ new global best IoU 0.683  [phase Ph1 robot d]
[staged]   Ph1 robot e  zone 0  (uncovered: 2% of target)
    [parallel] 10 worker threads, one renderer clone each
    init sampling: best coverage score 71.0px of uncovered area  (16 samples)
[staged]   → robot e: IoU 0.683 → 0.714  ✓
    ↑ new global best IoU 0.714  [phase Ph1 robot e]
[staged] Phase 1 done — composite IoU: 0.714

[staged] Phase 2 — backward pass  (16 iters × 5 robots, sigma=0.300)
[staged]   contributions before Phase 2:
[staged]     robot a: +0.285 IoU
[staged]     robot b: +0.083 IoU
[staged]     robot c: +0.050 IoU  ← low
[staged]     robot d: +0.052 IoU
[staged]     robot e: +0.030 IoU  ← low
[staged]   Ph2 robot e  zone 0  (uncovered: 11% of target)
    [parallel] 10 worker threads, one renderer clone each
    init sampling: best coverage score 106.0px of uncovered area  (16 samples)
[staged]   → robot e: IoU 0.714 → 0.717  ✓
    ↑ new global best IoU 0.717  [phase Ph2 robot e]
[staged]   Ph2 robot d  zone 3  (uncovered: 11% of target)
    [parallel] 10 worker threads, one renderer clone each
    init sampling: best coverage score 155.0px of uncovered area  (16 samples)
[staged]   → robot d: candidate 0.708 < current 0.717  ✗ rejected
[staged]   Ph2 robot c  zone 4  (uncovered: 11% of target)
    [parallel] 10 worker threads, one renderer clone each
    init sampling: best coverage score 109.0px of uncovered area  (16 samples)
[staged]   → robot c: IoU 0.717 → 0.726  ✓
    ↑ new global best IoU 0.726  [phase Ph2 robot c]
[staged]   Ph2 robot b  zone 2  (uncovered: 30% of target)
    [parallel] 10 worker threads, one renderer clone each
    init sampling: best coverage score 799.0px of uncovered area  (16 samples)
[staged]   → robot b: IoU 0.726 → 0.732  ✓
    ↑ new global best IoU 0.732  [phase Ph2 robot b]
[staged]   Ph2 robot a  zone 1  (uncovered: 24% of target)
    [parallel] 10 worker threads, one renderer clone each
    init sampling: best coverage score 449.0px of uncovered area  (16 samples)
[staged]   → robot a: IoU 0.732 → 0.741  ✓
    ↑ new global best IoU 0.741  [phase Ph2 robot a]
[staged] Phase 2 done — composite IoU: 0.741

[staged] Best snapshot: Phase 2  IoU=0.741
[staged] Manifold final pass — computing Jacobian  (ε=0.020, 60 renders)
[staged] Manifold basis: k=8D / 30D  (variance≥85%, top eigenvalues: ['469661.72', '237162.50', '187082.53', '164862.28', '101594.88'])
    ↑ new global best IoU 0.766  [manifold final pass]
[staged] Manifold done — IoU: 0.766  (Δ=+0.025)  ✓
[staged] FD refinement — 5 Adam steps  (300 renders, lr=0.01, ε=0.02)
[staged] FD done — IoU: 0.766  (Δ=+0.000)  ✓
[staged] Done — final IoU: 0.766  loss: 0.2351
[staged] Popsize: per-robot phases=32  final=48  (theory optimum for 6 DOF = 10)

[staged] Hungarian pre-assignment  (5×5 cost matrix, 8 samples/entry = 200 renders)...
[staged]   robot_a → zone 0  robot_b → zone 4  robot_c → zone 2  robot_d → zone 3  robot_e → zone 1

[staged] Phase 1 — forward greedy  (16 iters × 5 robot(s), sigma=0.40×1.00, popsize=32)
[staged]   Ph1 robot a  zone 0  (uncovered: 15% of target)
    [parallel] 10 worker threads, one renderer clone each
    init sampling: best coverage score 531.0px of uncovered area  (16 samples)
[staged]   → robot a: IoU 0.119 → 0.476  ✓
    ↑ new global best IoU 0.476  [phase Ph1 robot a]
[staged]   Ph1 robot b  zone 4  (uncovered: 1% of target)
    [parallel] 10 worker threads, one renderer clone each
    init sampling: best coverage score 73.0px of uncovered area  (16 samples)
[staged]   → robot b: IoU 0.476 → 0.639  ✓
    ↑ new global best IoU 0.639  [phase Ph1 robot b]
[staged]   Ph1 robot c  zone 2  (uncovered: 1% of target)
    [parallel] 10 worker threads, one renderer clone each
    init sampling: best coverage score 40.0px of uncovered area  (16 samples)
[staged]   → robot c: IoU 0.639 → 0.674  ✓
    ↑ new global best IoU 0.674  [phase Ph1 robot c]
[staged]   Ph1 robot d  zone 3  (uncovered: 1% of target)
    [parallel] 10 worker threads, one renderer clone each
    init sampling: best coverage score 18.0px of uncovered area  (16 samples)
[staged]   → robot d: IoU 0.674 → 0.701  ✓
    ↑ new global best IoU 0.701  [phase Ph1 robot d]
[staged]   Ph1 robot e  zone 1  (uncovered: 3% of target)
    [parallel] 10 worker threads, one renderer clone each
    init sampling: best coverage score 19.0px of uncovered area  (16 samples)
[staged]   → robot e: IoU 0.701 → 0.732  ✓
    ↑ new global best IoU 0.732  [phase Ph1 robot e]
[staged] Phase 1 done — composite IoU: 0.732

[staged] Phase 2 — backward pass  (16 iters × 5 robots, sigma=0.300)
[staged]   contributions before Phase 2:
[staged]     robot a: +0.278 IoU
[staged]     robot b: +0.105 IoU
[staged]     robot c: +0.055 IoU
[staged]     robot d: +0.046 IoU  ← low
[staged]     robot e: +0.031 IoU  ← low
[staged]   Ph2 robot e  zone 1  (uncovered: 7% of target)
    [parallel] 10 worker threads, one renderer clone each
    init sampling: best coverage score 75.0px of uncovered area  (16 samples)
[staged]   → robot e: candidate 0.726 < current 0.732  ✗ rejected
[staged]   Ph2 robot d  zone 3  (uncovered: 8% of target)
    [parallel] 10 worker threads, one renderer clone each
    init sampling: best coverage score 107.0px of uncovered area  (16 samples)
[staged]   → robot d: candidate 0.725 < current 0.732  ✗ rejected
[staged]   Ph2 robot c  zone 2  (uncovered: 8% of target)
    [parallel] 10 worker threads, one renderer clone each
    init sampling: best coverage score 168.0px of uncovered area  (16 samples)
[staged]   → robot c: candidate 0.729 < current 0.732  ✗ rejected
[staged]   Ph2 robot b  zone 4  (uncovered: 17% of target)
    [parallel] 10 worker threads, one renderer clone each
    init sampling: best coverage score 558.0px of uncovered area  (16 samples)
[staged]   → robot b: IoU 0.732 → 0.745  ✓
    ↑ new global best IoU 0.745  [phase Ph2 robot b]
[staged]   Ph2 robot a  zone 0  (uncovered: 39% of target)
    [parallel] 10 worker threads, one renderer clone each
    init sampling: best coverage score 1322.0px of uncovered area  (16 samples)
[staged]   → robot a: candidate 0.742 < current 0.745  ✗ rejected
[staged] Phase 2 done — composite IoU: 0.745

[staged] Best snapshot: Phase 2  IoU=0.745
[staged] Manifold final pass — computing Jacobian  (ε=0.020, 60 renders)
[staged] Manifold basis: k=9D / 30D  (variance≥85%, top eigenvalues: ['284258.56', '121735.00', '86741.98', '74597.28', '61278.57'])
    ↑ new global best IoU 0.758  [manifold final pass]
[staged] Manifold done — IoU: 0.758  (Δ=+0.014)  ✓
[staged] FD refinement — 5 Adam steps  (300 renders, lr=0.01, ε=0.02)
    ↑ new global best IoU 0.759  [FD refinement]
[staged] FD done — IoU: 0.759  (Δ=+0.000)  ✓
[staged] Done — final IoU: 0.759  loss: 0.2426
[shard 0] 10/10 digits/9_dejavusans-bold  best=0.783 mean=0.759±0.020  192s  eta 0.0h
[shard 0] DONE 10 targets in 0.54h
