[shard 0/1] 10 targets × 5 runs
[scene] so101 ×5: light_y=1.00 wall_y=-2.80 throw=3.80m table_len=0.80m | magnification 2.1x–3.8x
[shard 0] n_dof=30 arm_gap=0.2
[shard 0] variant=staged+use_voronoi_warmstart=false
[shard 0] wrote /home/souju/dev/umbra-bench-grounded/optimized/aimed-start-probe10/no_aimed-small-n5/BUDGET.md
[staged] Popsize: per-robot phases=32  final=32  (theory optimum for 6 DOF = 10)

[staged] Hungarian pre-assignment  (5×5 cost matrix, 8 samples/entry = 200 renders)...
[staged]   robot_a → zone 3  robot_b → zone 1  robot_c → zone 4  robot_d → zone 2  robot_e → zone 0

[staged] Phase 1 — forward greedy  (8 iters × 5 robot(s), sigma=0.40×1.00, popsize=32)
[staged]   Ph1 robot a  zone 3  (uncovered: 13% of target)
    [parallel] 10 worker threads, one renderer clone each
    init sampling: best coverage score 469.0px of uncovered area  (16 samples)
[staged]   → robot a: IoU 0.208 → 0.490  ✓
    ↑ new global best IoU 0.490  [phase Ph1 robot a]
[staged]   Ph1 robot b  zone 1  (uncovered: 9% of target)
    [parallel] 10 worker threads, one renderer clone each
    init sampling: best coverage score 112.0px of uncovered area  (16 samples)
[staged]   → robot b: IoU 0.490 → 0.566  ✓
    ↑ new global best IoU 0.566  [phase Ph1 robot b]
[staged]   Ph1 robot c  zone 4  (uncovered: 5% of target)
    [parallel] 10 worker threads, one renderer clone each
    init sampling: best coverage score 50.0px of uncovered area  (16 samples)
[staged]   → robot c: IoU 0.566 → 0.618  ✓
    ↑ new global best IoU 0.618  [phase Ph1 robot c]
[staged]   Ph1 robot d  zone 2  (uncovered: 4% of target)
    [parallel] 10 worker threads, one renderer clone each
    init sampling: best coverage score 8.0px of uncovered area  (16 samples)
[staged]   → robot d: IoU 0.618 → 0.647  ✓
    ↑ new global best IoU 0.647  [phase Ph1 robot d]
[staged]   Ph1 robot e  zone 0  (uncovered: 5% of target)
    [parallel] 10 worker threads, one renderer clone each
    init sampling: best coverage score 221.0px of uncovered area  (16 samples)
[staged]   → robot e: IoU 0.647 → 0.684  ✓
    ↑ new global best IoU 0.684  [phase Ph1 robot e]
[staged] Phase 1 done — composite IoU: 0.684

[staged] Phase 2 — backward pass  (8 iters × 5 robots, sigma=0.300)
[staged]   contributions before Phase 2:
[staged]     robot a: +0.128 IoU
[staged]     robot b: +0.103 IoU
[staged]     robot c: +0.062 IoU
[staged]     robot d: +0.043 IoU  ← low
[staged]     robot e: +0.037 IoU  ← low
[staged]   Ph2 robot e  zone 0  (uncovered: 21% of target)
    [parallel] 10 worker threads, one renderer clone each
    init sampling: best coverage score 230.0px of uncovered area  (16 samples)
[staged]   → robot e: IoU 0.684 → 0.703  ✓
    ↑ new global best IoU 0.703  [phase Ph2 robot e]
[staged]   Ph2 robot d  zone 2  (uncovered: 19% of target)
    [parallel] 10 worker threads, one renderer clone each
    init sampling: best coverage score 124.0px of uncovered area  (16 samples)
[staged]   → robot d: candidate 0.689 < current 0.703  ✗ rejected
[staged]   Ph2 robot c  zone 4  (uncovered: 22% of target)
    [parallel] 10 worker threads, one renderer clone each
    init sampling: best coverage score 115.0px of uncovered area  (16 samples)
[staged]   → robot c: candidate 0.699 < current 0.703  ✗ rejected
[staged]   Ph2 robot b  zone 1  (uncovered: 27% of target)
    [parallel] 10 worker threads, one renderer clone each
    init sampling: best coverage score 371.0px of uncovered area  (16 samples)
[staged]   → robot b: candidate 0.662 < current 0.703  ✗ rejected
[staged]   Ph2 robot a  zone 3  (uncovered: 32% of target)
    [parallel] 10 worker threads, one renderer clone each
    init sampling: best coverage score 666.0px of uncovered area  (16 samples)
[staged]   → robot a: IoU 0.703 → 0.714  ✓
    ↑ new global best IoU 0.714  [phase Ph2 robot a]
[staged] Phase 2 done — composite IoU: 0.714

[staged] Best snapshot: Phase 2  IoU=0.714
[staged] Manifold final pass — computing Jacobian  (ε=0.020, 60 renders)
[staged] Manifold basis: k=10D / 30D  (variance≥85%, top eigenvalues: ['331907.53', '176120.38', '138447.77', '76647.78', '73273.75'])
[staged] Manifold did not improve (0.706 vs 0.714), keeping best snapshot
[staged] FD refinement — 5 Adam steps  (300 renders, lr=0.01, ε=0.02)
    ↑ new global best IoU 0.724  [FD refinement]
[staged] FD done — IoU: 0.724  (Δ=+0.010)  ✓
[staged] Done — final IoU: 0.724  loss: 0.2770
[staged] Popsize: per-robot phases=32  final=32  (theory optimum for 6 DOF = 10)

[staged] Hungarian pre-assignment  (5×5 cost matrix, 8 samples/entry = 200 renders)...
[staged]   robot_a → zone 0  robot_b → zone 1  robot_c → zone 3  robot_d → zone 4  robot_e → zone 2

[staged] Phase 1 — forward greedy  (8 iters × 5 robot(s), sigma=0.40×1.00, popsize=32)
[staged]   Ph1 robot a  zone 0  (uncovered: 14% of target)
    [parallel] 10 worker threads, one renderer clone each
    init sampling: best coverage score 335.0px of uncovered area  (16 samples)
[staged]   → robot a: IoU 0.208 → 0.444  ✓
    ↑ new global best IoU 0.444  [phase Ph1 robot a]
[staged]   Ph1 robot b  zone 1  (uncovered: 8% of target)
    [parallel] 10 worker threads, one renderer clone each
    init sampling: best coverage score 315.0px of uncovered area  (16 samples)
[staged]   → robot b: IoU 0.444 → 0.548  ✓
    ↑ new global best IoU 0.548  [phase Ph1 robot b]
[staged]   Ph1 robot c  zone 3  (uncovered: 6% of target)
    [parallel] 10 worker threads, one renderer clone each
    init sampling: best coverage score 209.0px of uncovered area  (16 samples)
[staged]   → robot c: IoU 0.548 → 0.622  ✓
    ↑ new global best IoU 0.622  [phase Ph1 robot c]
[staged]   Ph1 robot d  zone 4  (uncovered: 8% of target)
    [parallel] 10 worker threads, one renderer clone each
    init sampling: best coverage score 29.0px of uncovered area  (16 samples)
[staged]   → robot d: IoU 0.622 → 0.636  ✓
    ↑ new global best IoU 0.636  [phase Ph1 robot d]
[staged]   Ph1 robot e  zone 2  (uncovered: 3% of target)
    [parallel] 10 worker threads, one renderer clone each
    init sampling: best coverage score 119.0px of uncovered area  (16 samples)
[staged]   → robot e: IoU 0.636 → 0.673  ✓
    ↑ new global best IoU 0.673  [phase Ph1 robot e]
[staged] Phase 1 done — composite IoU: 0.673

[staged] Phase 2 — backward pass  (8 iters × 5 robots, sigma=0.300)
[staged]   contributions before Phase 2:
[staged]     robot a: +0.132 IoU
[staged]     robot b: +0.109 IoU
[staged]     robot c: +0.082 IoU
[staged]     robot d: +0.027 IoU  ← low
[staged]     robot e: +0.037 IoU  ← low
[staged]   Ph2 robot e  zone 2  (uncovered: 25% of target)
    [parallel] 10 worker threads, one renderer clone each
    init sampling: best coverage score 143.0px of uncovered area  (16 samples)
[staged]   → robot e: candidate 0.661 < current 0.673  ✗ rejected
[staged]   Ph2 robot d  zone 4  (uncovered: 23% of target)
    [parallel] 10 worker threads, one renderer clone each
    init sampling: best coverage score 69.0px of uncovered area  (16 samples)
[staged]   → robot d: IoU 0.673 → 0.683  ✓
    ↑ new global best IoU 0.683  [phase Ph2 robot d]
[staged]   Ph2 robot c  zone 3  (uncovered: 30% of target)
    [parallel] 10 worker threads, one renderer clone each
    init sampling: best coverage score 196.0px of uncovered area  (16 samples)
[staged]   → robot c: candidate 0.675 < current 0.683  ✗ rejected
[staged]   Ph2 robot b  zone 1  (uncovered: 32% of target)
    [parallel] 10 worker threads, one renderer clone each
    init sampling: best coverage score 458.0px of uncovered area  (16 samples)
[staged]   → robot b: candidate 0.657 < current 0.683  ✗ rejected
[staged]   Ph2 robot a  zone 0  (uncovered: 34% of target)
    [parallel] 10 worker threads, one renderer clone each
    init sampling: best coverage score 677.0px of uncovered area  (16 samples)
[staged]   → robot a: candidate 0.669 < current 0.683  ✗ rejected
[staged] Phase 2 done — composite IoU: 0.683

[staged] Best snapshot: Phase 2  IoU=0.683
[staged] Manifold final pass — computing Jacobian  (ε=0.020, 60 renders)
[staged] Manifold basis: k=10D / 30D  (variance≥85%, top eigenvalues: ['187049.59', '173394.83', '99093.48', '74223.90', '47344.29'])
[staged] Manifold did not improve (0.675 vs 0.683), keeping best snapshot
[staged] FD refinement — 5 Adam steps  (300 renders, lr=0.01, ε=0.02)
    ↑ new global best IoU 0.696  [FD refinement]
[staged] FD done — IoU: 0.696  (Δ=+0.013)  ✓
[staged] Done — final IoU: 0.696  loss: 0.3049
[staged] Popsize: per-robot phases=32  final=32  (theory optimum for 6 DOF = 10)

[staged] Hungarian pre-assignment  (5×5 cost matrix, 8 samples/entry = 200 renders)...
[staged]   robot_a → zone 1  robot_b → zone 2  robot_c → zone 0  robot_d → zone 4  robot_e → zone 3

[staged] Phase 1 — forward greedy  (8 iters × 5 robot(s), sigma=0.40×1.00, popsize=32)
[staged]   Ph1 robot a  zone 1  (uncovered: 17% of target)
    [parallel] 10 worker threads, one renderer clone each
    init sampling: best coverage score 450.0px of uncovered area  (16 samples)
[staged]   → robot a: IoU 0.208 → 0.469  ✓
    ↑ new global best IoU 0.469  [phase Ph1 robot a]
[staged]   Ph1 robot b  zone 2  (uncovered: 13% of target)
    [parallel] 10 worker threads, one renderer clone each
    init sampling: best coverage score 267.0px of uncovered area  (16 samples)
[staged]   → robot b: IoU 0.469 → 0.549  ✓
    ↑ new global best IoU 0.549  [phase Ph1 robot b]
[staged]   Ph1 robot c  zone 0  (uncovered: 7% of target)
    [parallel] 10 worker threads, one renderer clone each
    init sampling: best coverage score 268.0px of uncovered area  (16 samples)
[staged]   → robot c: IoU 0.549 → 0.575  ✓
    ↑ new global best IoU 0.575  [phase Ph1 robot c]
[staged]   Ph1 robot d  zone 4  (uncovered: 4% of target)
    [parallel] 10 worker threads, one renderer clone each
    init sampling: best coverage score 143.0px of uncovered area  (16 samples)
[staged]   → robot d: IoU 0.575 → 0.631  ✓
    ↑ new global best IoU 0.631  [phase Ph1 robot d]
[staged]   Ph1 robot e  zone 3  (uncovered: 4% of target)
    [parallel] 10 worker threads, one renderer clone each
    init sampling: best coverage score 26.0px of uncovered area  (16 samples)
[staged]   → robot e: IoU 0.631 → 0.665  ✓
    ↑ new global best IoU 0.665  [phase Ph1 robot e]
[staged] Phase 1 done — composite IoU: 0.665

[staged] Phase 2 — backward pass  (8 iters × 5 robots, sigma=0.300)
[staged]   contributions before Phase 2:
[staged]     robot a: +0.132 IoU
[staged]     robot b: +0.095 IoU
[staged]     robot c: +0.037 IoU  ← low
[staged]     robot d: +0.064 IoU
[staged]     robot e: +0.034 IoU  ← low
[staged]   Ph2 robot e  zone 3  (uncovered: 18% of target)
    [parallel] 10 worker threads, one renderer clone each
    init sampling: best coverage score 102.0px of uncovered area  (16 samples)
[staged]   → robot e: candidate 0.664 < current 0.665  ✗ rejected
[staged]   Ph2 robot d  zone 4  (uncovered: 21% of target)
    [parallel] 10 worker threads, one renderer clone each
    init sampling: best coverage score 321.0px of uncovered area  (16 samples)
[staged]   → robot d: candidate 0.646 < current 0.665  ✗ rejected
[staged]   Ph2 robot c  zone 0  (uncovered: 20% of target)
    [parallel] 10 worker threads, one renderer clone each
    init sampling: best coverage score 235.0px of uncovered area  (16 samples)
[staged]   → robot c: IoU 0.665 → 0.686  ✓
    ↑ new global best IoU 0.686  [phase Ph2 robot c]
[staged]   Ph2 robot b  zone 2  (uncovered: 33% of target)
    [parallel] 10 worker threads, one renderer clone each
    init sampling: best coverage score 252.0px of uncovered area  (16 samples)
[staged]   → robot b: IoU 0.686 → 0.706  ✓
    ↑ new global best IoU 0.706  [phase Ph2 robot b]
[staged]   Ph2 robot a  zone 1  (uncovered: 39% of target)
    [parallel] 10 worker threads, one renderer clone each
    init sampling: best coverage score 774.0px of uncovered area  (16 samples)
[staged]   → robot a: IoU 0.706 → 0.736  ✓
    ↑ new global best IoU 0.736  [phase Ph2 robot a]
[staged] Phase 2 done — composite IoU: 0.736

[staged] Best snapshot: Phase 2  IoU=0.736
[staged] Manifold final pass — computing Jacobian  (ε=0.020, 60 renders)
[staged] Manifold basis: k=9D / 30D  (variance≥85%, top eigenvalues: ['336824.03', '152826.30', '119315.60', '101853.31', '65395.09'])
    ↑ new global best IoU 0.758  [manifold final pass]
[staged] Manifold done — IoU: 0.758  (Δ=+0.021)  ✓
[staged] FD refinement — 5 Adam steps  (300 renders, lr=0.01, ε=0.02)
    ↑ new global best IoU 0.766  [FD refinement]
[staged] FD done — IoU: 0.766  (Δ=+0.008)  ✓
[staged] Done — final IoU: 0.766  loss: 0.2344
[staged] Popsize: per-robot phases=32  final=32  (theory optimum for 6 DOF = 10)

[staged] Hungarian pre-assignment  (5×5 cost matrix, 8 samples/entry = 200 renders)...
[staged]   robot_a → zone 2  robot_b → zone 3  robot_c → zone 4  robot_d → zone 1  robot_e → zone 0

[staged] Phase 1 — forward greedy  (8 iters × 5 robot(s), sigma=0.40×1.00, popsize=32)
[staged]   Ph1 robot a  zone 2  (uncovered: 20% of target)
    [parallel] 10 worker threads, one renderer clone each
    init sampling: best coverage score 601.0px of uncovered area  (16 samples)
[staged]   → robot a: IoU 0.208 → 0.437  ✓
    ↑ new global best IoU 0.437  [phase Ph1 robot a]
[staged]   Ph1 robot b  zone 3  (uncovered: 10% of target)
    [parallel] 10 worker threads, one renderer clone each
    init sampling: best coverage score 228.0px of uncovered area  (16 samples)
[staged]   → robot b: IoU 0.437 → 0.513  ✓
    ↑ new global best IoU 0.513  [phase Ph1 robot b]
[staged]   Ph1 robot c  zone 4  (uncovered: 3% of target)
    [parallel] 10 worker threads, one renderer clone each
    init sampling: best coverage score 100.0px of uncovered area  (16 samples)
[staged]   → robot c: IoU 0.513 → 0.575  ✓
    ↑ new global best IoU 0.575  [phase Ph1 robot c]
[staged]   Ph1 robot d  zone 1  (uncovered: 5% of target)
    [parallel] 10 worker threads, one renderer clone each
    init sampling: best coverage score 128.0px of uncovered area  (16 samples)
[staged]   → robot d: IoU 0.575 → 0.600  ✓
    ↑ new global best IoU 0.600  [phase Ph1 robot d]
[staged]   Ph1 robot e  zone 0  (uncovered: 3% of target)
    [parallel] 10 worker threads, one renderer clone each
    init sampling: best coverage score 73.0px of uncovered area  (16 samples)
[staged]   → robot e: IoU 0.600 → 0.632  ✓
    ↑ new global best IoU 0.632  [phase Ph1 robot e]
[staged] Phase 1 done — composite IoU: 0.632

[staged] Phase 2 — backward pass  (8 iters × 5 robots, sigma=0.300)
[staged]   contributions before Phase 2:
[staged]     robot a: +0.042 IoU  ← low
[staged]     robot b: +0.026 IoU  ← low
[staged]     robot c: +0.074 IoU
[staged]     robot d: +0.038 IoU  ← low
[staged]     robot e: +0.032 IoU  ← low
[staged]   Ph2 robot e  zone 0  (uncovered: 24% of target)
    [parallel] 10 worker threads, one renderer clone each
    init sampling: best coverage score 219.0px of uncovered area  (16 samples)
[staged]   → robot e: IoU 0.632 → 0.633  ✓
    ↑ new global best IoU 0.633  [phase Ph2 robot e]
[staged]   Ph2 robot d  zone 1  (uncovered: 28% of target)
    [parallel] 10 worker threads, one renderer clone each
    init sampling: best coverage score 126.0px of uncovered area  (16 samples)
[staged]   → robot d: IoU 0.633 → 0.635  ✓
    ↑ new global best IoU 0.635  [phase Ph2 robot d]
[staged]   Ph2 robot c  zone 4  (uncovered: 32% of target)
    [parallel] 10 worker threads, one renderer clone each
    init sampling: best coverage score 350.0px of uncovered area  (16 samples)
[staged]   → robot c: IoU 0.635 → 0.637  ✓
    ↑ new global best IoU 0.637  [phase Ph2 robot c]
[staged]   Ph2 robot b  zone 3  (uncovered: 34% of target)
    [parallel] 10 worker threads, one renderer clone each
    init sampling: best coverage score 493.0px of uncovered area  (16 samples)
[staged]   → robot b: IoU 0.637 → 0.637  ✓
    ↑ new global best IoU 0.637  [phase Ph2 robot b]
[staged]   Ph2 robot a  zone 2  (uncovered: 37% of target)
    [parallel] 10 worker threads, one renderer clone each
    init sampling: best coverage score 509.0px of uncovered area  (16 samples)
[staged]   → robot a: IoU 0.637 → 0.640  ✓
    ↑ new global best IoU 0.640  [phase Ph2 robot a]
[staged] Phase 2 done — composite IoU: 0.640

[staged] Best snapshot: Phase 2  IoU=0.640
[staged] Manifold final pass — computing Jacobian  (ε=0.020, 60 renders)
[staged] Manifold basis: k=7D / 30D  (variance≥85%, top eigenvalues: ['623786.31', '174422.53', '126663.23', '75820.81', '55670.49'])
[staged] Manifold done — IoU: 0.640  (Δ=-0.000)  ✓
[staged] FD refinement — 5 Adam steps  (300 renders, lr=0.01, ε=0.02)
    ↑ new global best IoU 0.653  [FD refinement]
[staged] FD done — IoU: 0.653  (Δ=+0.012)  ✓
[staged] Done — final IoU: 0.653  loss: 0.3483
[staged] Popsize: per-robot phases=32  final=32  (theory optimum for 6 DOF = 10)

[staged] Hungarian pre-assignment  (5×5 cost matrix, 8 samples/entry = 200 renders)...
[staged]   robot_a → zone 3  robot_b → zone 4  robot_c → zone 1  robot_d → zone 2  robot_e → zone 0

[staged] Phase 1 — forward greedy  (8 iters × 5 robot(s), sigma=0.40×1.00, popsize=32)
[staged]   Ph1 robot a  zone 3  (uncovered: 26% of target)
    [parallel] 10 worker threads, one renderer clone each
    init sampling: best coverage score 1156.0px of uncovered area  (16 samples)
[staged]   → robot a: IoU 0.208 → 0.489  ✓
    ↑ new global best IoU 0.489  [phase Ph1 robot a]
[staged]   Ph1 robot b  zone 4  (uncovered: 13% of target)
    [parallel] 10 worker threads, one renderer clone each
    init sampling: best coverage score 300.0px of uncovered area  (16 samples)
[staged]   → robot b: candidate 0.480 < current 0.489  ✗ rejected
[staged]   Ph1 robot c  zone 1  (uncovered: 4% of target)
    [parallel] 10 worker threads, one renderer clone each
    init sampling: best coverage score 123.0px of uncovered area  (16 samples)
[staged]   → robot c: IoU 0.489 → 0.548  ✓
    ↑ new global best IoU 0.548  [phase Ph1 robot c]
[staged]   Ph1 robot d  zone 2  (uncovered: 3% of target)
    [parallel] 10 worker threads, one renderer clone each
    init sampling: best coverage score 26.0px of uncovered area  (16 samples)
[staged]   → robot d: IoU 0.548 → 0.580  ✓
    ↑ new global best IoU 0.580  [phase Ph1 robot d]
[staged]   Ph1 robot e  zone 0  (uncovered: 2% of target)
    [parallel] 10 worker threads, one renderer clone each
    init sampling: best coverage score 15.0px of uncovered area  (16 samples)
[staged]   → robot e: IoU 0.580 → 0.621  ✓
    ↑ new global best IoU 0.621  [phase Ph1 robot e]
[staged] Phase 1 done — composite IoU: 0.621

[staged] Phase 2 — backward pass  (8 iters × 5 robots, sigma=0.300)
[staged]   contributions before Phase 2:
[staged]     robot a: +0.255 IoU
[staged]     robot b: +0.000 IoU  ← low
[staged]     robot c: +0.050 IoU  ← low
[staged]     robot d: +0.038 IoU  ← low
[staged]     robot e: +0.040 IoU  ← low
[staged]   Ph2 robot e  zone 0  (uncovered: 20% of target)
    [parallel] 10 worker threads, one renderer clone each
    init sampling: best coverage score 326.0px of uncovered area  (16 samples)
[staged]   → robot e: IoU 0.621 → 0.627  ✓
    ↑ new global best IoU 0.627  [phase Ph2 robot e]
[staged]   Ph2 robot d  zone 2  (uncovered: 21% of target)
    [parallel] 10 worker threads, one renderer clone each
    init sampling: best coverage score 292.0px of uncovered area  (16 samples)
[staged]   → robot d: IoU 0.627 → 0.630  ✓
    ↑ new global best IoU 0.630  [phase Ph2 robot d]
[staged]   Ph2 robot c  zone 1  (uncovered: 26% of target)
    [parallel] 10 worker threads, one renderer clone each
    init sampling: best coverage score 174.0px of uncovered area  (16 samples)
[staged]   → robot c: candidate 0.612 < current 0.630  ✗ rejected
[staged]   Ph2 robot b  zone 4  (uncovered: 16% of target)
    [parallel] 10 worker threads, one renderer clone each
    init sampling: best coverage score 156.0px of uncovered area  (16 samples)
[staged]   → robot b: IoU 0.630 → 0.692  ✓
    ↑ new global best IoU 0.692  [phase Ph2 robot b]
[staged]   Ph2 robot a  zone 3  (uncovered: 34% of target)
    [parallel] 10 worker threads, one renderer clone each
    init sampling: best coverage score 873.0px of uncovered area  (16 samples)
[staged]   → robot a: IoU 0.692 → 0.698  ✓
    ↑ new global best IoU 0.698  [phase Ph2 robot a]
[staged] Phase 2 done — composite IoU: 0.698

[staged] Best snapshot: Phase 2  IoU=0.698
[staged] Manifold final pass — computing Jacobian  (ε=0.020, 60 renders)
[staged] Manifold basis: k=11D / 30D  (variance≥85%, top eigenvalues: ['413441.47', '117906.12', '115301.25', '95395.77', '86630.50'])
[staged] Manifold did not improve (0.681 vs 0.698), keeping best snapshot
[staged] FD refinement — 5 Adam steps  (300 renders, lr=0.01, ε=0.02)
    ↑ new global best IoU 0.708  [FD refinement]
[staged] FD done — IoU: 0.708  (Δ=+0.010)  ✓
[staged] Done — final IoU: 0.708  loss: 0.2937
[shard 0] 1/10 letters_upper/E_dejavusans-bold  best=0.766 mean=0.709±0.037  142s  eta 0.4h
[staged] Popsize: per-robot phases=32  final=32  (theory optimum for 6 DOF = 10)

[staged] Hungarian pre-assignment  (5×5 cost matrix, 8 samples/entry = 200 renders)...
[staged]   robot_a → zone 3  robot_b → zone 4  robot_c → zone 1  robot_d → zone 0  robot_e → zone 2

[staged] Phase 1 — forward greedy  (8 iters × 5 robot(s), sigma=0.40×1.00, popsize=32)
[staged]   Ph1 robot a  zone 3  (uncovered: 17% of target)
    [parallel] 10 worker threads, one renderer clone each
    init sampling: best coverage score 275.0px of uncovered area  (16 samples)
[staged]   → robot a: IoU 0.195 → 0.386  ✓
    ↑ new global best IoU 0.386  [phase Ph1 robot a]
[staged]   Ph1 robot b  zone 4  (uncovered: 20% of target)
    [parallel] 10 worker threads, one renderer clone each
    init sampling: best coverage score 647.0px of uncovered area  (16 samples)
[staged]   → robot b: IoU 0.386 → 0.493  ✓
    ↑ new global best IoU 0.493  [phase Ph1 robot b]
[staged]   Ph1 robot c  zone 1  (uncovered: 7% of target)
    [parallel] 10 worker threads, one renderer clone each
    init sampling: best coverage score 179.0px of uncovered area  (16 samples)
[staged]   → robot c: IoU 0.493 → 0.536  ✓
    ↑ new global best IoU 0.536  [phase Ph1 robot c]
[staged]   Ph1 robot d  zone 0  (uncovered: 2% of target)
    [parallel] 10 worker threads, one renderer clone each
    init sampling: best coverage score 77.0px of uncovered area  (16 samples)
[staged]   → robot d: IoU 0.536 → 0.595  ✓
    ↑ new global best IoU 0.595  [phase Ph1 robot d]
[staged]   Ph1 robot e  zone 2  (uncovered: 6% of target)
    [parallel] 10 worker threads, one renderer clone each
    init sampling: best coverage score 48.0px of uncovered area  (16 samples)
[staged]   → robot e: IoU 0.595 → 0.636  ✓
    ↑ new global best IoU 0.636  [phase Ph1 robot e]
[staged] Phase 1 done — composite IoU: 0.636

[staged] Phase 2 — backward pass  (8 iters × 5 robots, sigma=0.300)
[staged]   contributions before Phase 2:
[staged]     robot a: +0.168 IoU
[staged]     robot b: +0.126 IoU
[staged]     robot c: +0.053 IoU
[staged]     robot d: +0.063 IoU
[staged]     robot e: +0.042 IoU  ← low
[staged]   Ph2 robot e  zone 2  (uncovered: 16% of target)
    [parallel] 10 worker threads, one renderer clone each
    init sampling: best coverage score 82.0px of uncovered area  (16 samples)
[staged]   → robot e: candidate 0.618 < current 0.636  ✗ rejected
[staged]   Ph2 robot d  zone 0  (uncovered: 20% of target)
    [parallel] 10 worker threads, one renderer clone each
    init sampling: best coverage score 111.0px of uncovered area  (16 samples)
[staged]   → robot d: candidate 0.611 < current 0.636  ✗ rejected
[staged]   Ph2 robot c  zone 1  (uncovered: 17% of target)
    [parallel] 10 worker threads, one renderer clone each
    init sampling: best coverage score 312.0px of uncovered area  (16 samples)
[staged]   → robot c: IoU 0.636 → 0.648  ✓
    ↑ new global best IoU 0.648  [phase Ph2 robot c]
[staged]   Ph2 robot b  zone 4  (uncovered: 29% of target)
    [parallel] 10 worker threads, one renderer clone each
    init sampling: best coverage score 577.0px of uncovered area  (16 samples)
[staged]   → robot b: IoU 0.648 → 0.660  ✓
    ↑ new global best IoU 0.660  [phase Ph2 robot b]
[staged]   Ph2 robot a  zone 3  (uncovered: 36% of target)
    [parallel] 10 worker threads, one renderer clone each
    init sampling: best coverage score 208.0px of uncovered area  (16 samples)
[staged]   → robot a: candidate 0.611 < current 0.660  ✗ rejected
[staged] Phase 2 done — composite IoU: 0.660

[staged] Best snapshot: Phase 2  IoU=0.660
[staged] Manifold final pass — computing Jacobian  (ε=0.020, 60 renders)
[staged] Manifold basis: k=10D / 30D  (variance≥85%, top eigenvalues: ['274918.12', '269539.00', '250680.59', '219081.88', '124334.67'])
    ↑ new global best IoU 0.671  [manifold final pass]
[staged] Manifold done — IoU: 0.671  (Δ=+0.011)  ✓
[staged] FD refinement — 5 Adam steps  (300 renders, lr=0.01, ε=0.02)
    ↑ new global best IoU 0.685  [FD refinement]
[staged] FD done — IoU: 0.685  (Δ=+0.014)  ✓
[staged] Done — final IoU: 0.685  loss: 0.3171
[staged] Popsize: per-robot phases=32  final=32  (theory optimum for 6 DOF = 10)

[staged] Hungarian pre-assignment  (5×5 cost matrix, 8 samples/entry = 200 renders)...
[staged]   robot_a → zone 0  robot_b → zone 4  robot_c → zone 1  robot_d → zone 2  robot_e → zone 3

[staged] Phase 1 — forward greedy  (8 iters × 5 robot(s), sigma=0.40×1.00, popsize=32)
[staged]   Ph1 robot a  zone 0  (uncovered: 23% of target)
    [parallel] 10 worker threads, one renderer clone each
    init sampling: best coverage score 252.0px of uncovered area  (16 samples)
[staged]   → robot a: IoU 0.195 → 0.406  ✓
    ↑ new global best IoU 0.406  [phase Ph1 robot a]
[staged]   Ph1 robot b  zone 4  (uncovered: 16% of target)
    [parallel] 10 worker threads, one renderer clone each
    init sampling: best coverage score 211.0px of uncovered area  (16 samples)
[staged]   → robot b: IoU 0.406 → 0.491  ✓
    ↑ new global best IoU 0.491  [phase Ph1 robot b]
[staged]   Ph1 robot c  zone 1  (uncovered: 7% of target)
    [parallel] 10 worker threads, one renderer clone each
    init sampling: best coverage score 222.0px of uncovered area  (16 samples)
[staged]   → robot c: IoU 0.491 → 0.513  ✓
    ↑ new global best IoU 0.513  [phase Ph1 robot c]
[staged]   Ph1 robot d  zone 2  (uncovered: 11% of target)
    [parallel] 10 worker threads, one renderer clone each
    init sampling: best coverage score 428.0px of uncovered area  (16 samples)
[staged]   → robot d: IoU 0.513 → 0.596  ✓
    ↑ new global best IoU 0.596  [phase Ph1 robot d]
[staged]   Ph1 robot e  zone 3  (uncovered: 2% of target)
    [parallel] 10 worker threads, one renderer clone each
    init sampling: best coverage score 14.0px of uncovered area  (16 samples)
[staged]   → robot e: IoU 0.596 → 0.611  ✓
    ↑ new global best IoU 0.611  [phase Ph1 robot e]
[staged] Phase 1 done — composite IoU: 0.611

[staged] Phase 2 — backward pass  (8 iters × 5 robots, sigma=0.300)
[staged]   contributions before Phase 2:
[staged]     robot a: +0.133 IoU
[staged]     robot b: +0.143 IoU
[staged]     robot c: +0.028 IoU  ← low
[staged]     robot d: +0.088 IoU
[staged]     robot e: +0.015 IoU  ← low
[staged]   Ph2 robot e  zone 3  (uncovered: 11% of target)
    [parallel] 10 worker threads, one renderer clone each
    init sampling: best coverage score 77.0px of uncovered area  (16 samples)
[staged]   → robot e: IoU 0.611 → 0.624  ✓
    ↑ new global best IoU 0.624  [phase Ph2 robot e]
[staged]   Ph2 robot d  zone 2  (uncovered: 19% of target)
    [parallel] 10 worker threads, one renderer clone each
    init sampling: best coverage score 428.0px of uncovered area  (16 samples)
[staged]   → robot d: candidate 0.617 < current 0.624  ✗ rejected
[staged]   Ph2 robot c  zone 1  (uncovered: 18% of target)
    [parallel] 10 worker threads, one renderer clone each
    init sampling: best coverage score 322.0px of uncovered area  (16 samples)
[staged]   → robot c: IoU 0.624 → 0.643  ✓
    ↑ new global best IoU 0.643  [phase Ph2 robot c]
[staged]   Ph2 robot b  zone 4  (uncovered: 27% of target)
    [parallel] 10 worker threads, one renderer clone each
    init sampling: best coverage score 471.0px of uncovered area  (16 samples)
[staged]   → robot b: candidate 0.614 < current 0.643  ✗ rejected
[staged]   Ph2 robot a  zone 0  (uncovered: 38% of target)
    [parallel] 10 worker threads, one renderer clone each
    init sampling: best coverage score 347.0px of uncovered area  (16 samples)
[staged]   → robot a: IoU 0.643 → 0.657  ✓
    ↑ new global best IoU 0.657  [phase Ph2 robot a]
[staged] Phase 2 done — composite IoU: 0.657

[staged] Best snapshot: Phase 2  IoU=0.657
[staged] Manifold final pass — computing Jacobian  (ε=0.020, 60 renders)
[staged] Manifold basis: k=8D / 30D  (variance≥85%, top eigenvalues: ['770389.12', '181220.80', '169053.30', '146344.81', '137188.70'])
    ↑ new global best IoU 0.689  [manifold final pass]
[staged] Manifold done — IoU: 0.689  (Δ=+0.033)  ✓
[staged] FD refinement — 5 Adam steps  (300 renders, lr=0.01, ε=0.02)
    ↑ new global best IoU 0.700  [FD refinement]
[staged] FD done — IoU: 0.700  (Δ=+0.011)  ✓
[staged] Done — final IoU: 0.700  loss: 0.3019
[staged] Popsize: per-robot phases=32  final=32  (theory optimum for 6 DOF = 10)

[staged] Hungarian pre-assignment  (5×5 cost matrix, 8 samples/entry = 200 renders)...
[staged]   robot_a → zone 2  robot_b → zone 4  robot_c → zone 0  robot_d → zone 1  robot_e → zone 3

[staged] Phase 1 — forward greedy  (8 iters × 5 robot(s), sigma=0.40×1.00, popsize=32)
[staged]   Ph1 robot a  zone 2  (uncovered: 23% of target)
    [parallel] 10 worker threads, one renderer clone each
    init sampling: best coverage score 27.0px of uncovered area  (16 samples)
[staged]   → robot a: IoU 0.195 → 0.397  ✓
    ↑ new global best IoU 0.397  [phase Ph1 robot a]
[staged]   Ph1 robot b  zone 4  (uncovered: 7% of target)
    [parallel] 10 worker threads, one renderer clone each
    init sampling: best coverage score 337.0px of uncovered area  (16 samples)
[staged]   → robot b: IoU 0.397 → 0.468  ✓
    ↑ new global best IoU 0.468  [phase Ph1 robot b]
[staged]   Ph1 robot c  zone 0  (uncovered: 10% of target)
    [parallel] 10 worker threads, one renderer clone each
    init sampling: best coverage score 233.0px of uncovered area  (16 samples)
[staged]   → robot c: IoU 0.468 → 0.507  ✓
    ↑ new global best IoU 0.507  [phase Ph1 robot c]
[staged]   Ph1 robot d  zone 1  (uncovered: 9% of target)
    [parallel] 10 worker threads, one renderer clone each
    init sampling: best coverage score 189.0px of uncovered area  (16 samples)
[staged]   → robot d: IoU 0.507 → 0.541  ✓
    ↑ new global best IoU 0.541  [phase Ph1 robot d]
[staged]   Ph1 robot e  zone 3  (uncovered: 5% of target)
    [parallel] 10 worker threads, one renderer clone each
    init sampling: best coverage score 100.0px of uncovered area  (16 samples)
[staged]   → robot e: IoU 0.541 → 0.568  ✓
    ↑ new global best IoU 0.568  [phase Ph1 robot e]
[staged] Phase 1 done — composite IoU: 0.568

[staged] Phase 2 — backward pass  (8 iters × 5 robots, sigma=0.300)
[staged]   contributions before Phase 2:
[staged]     robot a: +0.126 IoU
[staged]     robot b: +0.017 IoU  ← low
[staged]     robot c: +0.039 IoU  ← low
[staged]     robot d: +0.040 IoU  ← low
[staged]     robot e: +0.027 IoU  ← low
[staged]   Ph2 robot e  zone 3  (uncovered: 20% of target)
    [parallel] 10 worker threads, one renderer clone each
    init sampling: best coverage score 155.0px of uncovered area  (16 samples)
[staged]   → robot e: candidate 0.556 < current 0.568  ✗ rejected
[staged]   Ph2 robot d  zone 1  (uncovered: 20% of target)
    [parallel] 10 worker threads, one renderer clone each
    init sampling: best coverage score 174.0px of uncovered area  (16 samples)
[staged]   → robot d: IoU 0.568 → 0.569  ✓
    ↑ new global best IoU 0.569  [phase Ph2 robot d]
[staged]   Ph2 robot c  zone 0  (uncovered: 19% of target)
    [parallel] 10 worker threads, one renderer clone each
    init sampling: best coverage score 204.0px of uncovered area  (16 samples)
[staged]   → robot c: candidate 0.563 < current 0.569  ✗ rejected
[staged]   Ph2 robot b  zone 4  (uncovered: 26% of target)
    [parallel] 10 worker threads, one renderer clone each
    init sampling: best coverage score 236.0px of uncovered area  (16 samples)
[staged]   → robot b: IoU 0.569 → 0.593  ✓
    ↑ new global best IoU 0.593  [phase Ph2 robot b]
[staged]   Ph2 robot a  zone 2  (uncovered: 45% of target)
    [parallel] 10 worker threads, one renderer clone each
    init sampling: best coverage score 415.0px of uncovered area  (16 samples)
[staged]   → robot a: candidate 0.558 < current 0.593  ✗ rejected
[staged] Phase 2 done — composite IoU: 0.593

[staged] Best snapshot: Phase 2  IoU=0.593
[staged] Manifold final pass — computing Jacobian  (ε=0.020, 60 renders)
[staged] Manifold basis: k=8D / 30D  (variance≥85%, top eigenvalues: ['651421.75', '108693.83', '97594.75', '95582.66', '46754.30'])
    ↑ new global best IoU 0.633  [manifold final pass]
[staged] Manifold done — IoU: 0.633  (Δ=+0.040)  ✓
[staged] FD refinement — 5 Adam steps  (300 renders, lr=0.01, ε=0.02)
    ↑ new global best IoU 0.656  [FD refinement]
[staged] FD done — IoU: 0.656  (Δ=+0.023)  ✓
[staged] Done — final IoU: 0.656  loss: 0.3464
[staged] Popsize: per-robot phases=32  final=32  (theory optimum for 6 DOF = 10)

[staged] Hungarian pre-assignment  (5×5 cost matrix, 8 samples/entry = 200 renders)...
[staged]   robot_a → zone 4  robot_b → zone 1  robot_c → zone 0  robot_d → zone 3  robot_e → zone 2

[staged] Phase 1 — forward greedy  (8 iters × 5 robot(s), sigma=0.40×1.00, popsize=32)
[staged]   Ph1 robot a  zone 4  (uncovered: 24% of target)
    [parallel] 10 worker threads, one renderer clone each
    init sampling: best coverage score 490.0px of uncovered area  (16 samples)
[staged]   → robot a: IoU 0.195 → 0.409  ✓
    ↑ new global best IoU 0.409  [phase Ph1 robot a]
[staged]   Ph1 robot b  zone 1  (uncovered: 7% of target)
    [parallel] 10 worker threads, one renderer clone each
    init sampling: best coverage score 284.0px of uncovered area  (16 samples)
[staged]   → robot b: IoU 0.409 → 0.536  ✓
    ↑ new global best IoU 0.536  [phase Ph1 robot b]
[staged]   Ph1 robot c  zone 0  (uncovered: 10% of target)
    [parallel] 10 worker threads, one renderer clone each
    init sampling: best coverage score 299.0px of uncovered area  (16 samples)
[staged]   → robot c: IoU 0.536 → 0.570  ✓
    ↑ new global best IoU 0.570  [phase Ph1 robot c]
[staged]   Ph1 robot d  zone 3  (uncovered: 5% of target)
    [parallel] 10 worker threads, one renderer clone each
    init sampling: best coverage score 17.0px of uncovered area  (16 samples)
[staged]   → robot d: IoU 0.570 → 0.590  ✓
    ↑ new global best IoU 0.590  [phase Ph1 robot d]
[staged]   Ph1 robot e  zone 2  (uncovered: 1% of target)
    [parallel] 10 worker threads, one renderer clone each
    init sampling: best coverage score 13.0px of uncovered area  (16 samples)
[staged]   → robot e: IoU 0.590 → 0.603  ✓
    ↑ new global best IoU 0.603  [phase Ph1 robot e]
[staged] Phase 1 done — composite IoU: 0.603

[staged] Phase 2 — backward pass  (8 iters × 5 robots, sigma=0.300)
[staged]   contributions before Phase 2:
[staged]     robot a: +0.190 IoU
[staged]     robot b: +0.041 IoU  ← low
[staged]     robot c: +0.042 IoU  ← low
[staged]     robot d: +0.042 IoU  ← low
[staged]     robot e: +0.013 IoU  ← low
[staged]   Ph2 robot e  zone 2  (uncovered: 14% of target)
    [parallel] 10 worker threads, one renderer clone each
    init sampling: best coverage score 136.0px of uncovered area  (16 samples)
[staged]   → robot e: IoU 0.603 → 0.611  ✓
    ↑ new global best IoU 0.611  [phase Ph2 robot e]
[staged]   Ph2 robot d  zone 3  (uncovered: 17% of target)
    [parallel] 10 worker threads, one renderer clone each
    init sampling: best coverage score 163.0px of uncovered area  (16 samples)
[staged]   → robot d: IoU 0.611 → 0.616  ✓
    ↑ new global best IoU 0.616  [phase Ph2 robot d]
[staged]   Ph2 robot c  zone 0  (uncovered: 22% of target)
    [parallel] 10 worker threads, one renderer clone each
    init sampling: best coverage score 371.0px of uncovered area  (16 samples)
[staged]   → robot c: IoU 0.616 → 0.619  ✓
    ↑ new global best IoU 0.619  [phase Ph2 robot c]
[staged]   Ph2 robot b  zone 1  (uncovered: 28% of target)
    [parallel] 10 worker threads, one renderer clone each
    init sampling: best coverage score 309.0px of uncovered area  (16 samples)
[staged]   → robot b: candidate 0.612 < current 0.619  ✗ rejected
[staged]   Ph2 robot a  zone 4  (uncovered: 42% of target)
    [parallel] 10 worker threads, one renderer clone each
    init sampling: best coverage score 478.0px of uncovered area  (16 samples)
[staged]   → robot a: IoU 0.619 → 0.630  ✓
    ↑ new global best IoU 0.630  [phase Ph2 robot a]
[staged] Phase 2 done — composite IoU: 0.630

[staged] Best snapshot: Phase 2  IoU=0.630
[staged] Manifold final pass — computing Jacobian  (ε=0.020, 60 renders)
[staged] Manifold basis: k=6D / 30D  (variance≥85%, top eigenvalues: ['639935.44', '257651.25', '154478.11', '94164.81', '70978.58'])
[staged] Manifold did not improve (0.627 vs 0.630), keeping best snapshot
[staged] FD refinement — 5 Adam steps  (300 renders, lr=0.01, ε=0.02)
    ↑ new global best IoU 0.658  [FD refinement]
[staged] FD done — IoU: 0.658  (Δ=+0.028)  ✓
[staged] Done — final IoU: 0.658  loss: 0.3450
[staged] Popsize: per-robot phases=32  final=32  (theory optimum for 6 DOF = 10)

[staged] Hungarian pre-assignment  (5×5 cost matrix, 8 samples/entry = 200 renders)...
[staged]   robot_a → zone 3  robot_b → zone 0  robot_c → zone 4  robot_d → zone 2  robot_e → zone 1

[staged] Phase 1 — forward greedy  (8 iters × 5 robot(s), sigma=0.40×1.00, popsize=32)
[staged]   Ph1 robot a  zone 3  (uncovered: 19% of target)
    [parallel] 10 worker threads, one renderer clone each
    init sampling: best coverage score 591.0px of uncovered area  (16 samples)
[staged]   → robot a: IoU 0.195 → 0.360  ✓
    ↑ new global best IoU 0.360  [phase Ph1 robot a]
[staged]   Ph1 robot b  zone 0  (uncovered: 7% of target)
    [parallel] 10 worker threads, one renderer clone each
    init sampling: best coverage score 336.0px of uncovered area  (16 samples)
[staged]   → robot b: IoU 0.360 → 0.451  ✓
    ↑ new global best IoU 0.451  [phase Ph1 robot b]
[staged]   Ph1 robot c  zone 4  (uncovered: 2% of target)
    [parallel] 10 worker threads, one renderer clone each
    init sampling: best coverage score 0.0px of uncovered area  (16 samples)
[staged]   → robot c: IoU 0.451 → 0.492  ✓
    ↑ new global best IoU 0.492  [phase Ph1 robot c]
[staged]   Ph1 robot d  zone 2  (uncovered: 7% of target)
    [parallel] 10 worker threads, one renderer clone each
    init sampling: best coverage score 16.0px of uncovered area  (16 samples)
[staged]   → robot d: IoU 0.492 → 0.540  ✓
    ↑ new global best IoU 0.540  [phase Ph1 robot d]
[staged]   Ph1 robot e  zone 1  (uncovered: 5% of target)
    [parallel] 10 worker threads, one renderer clone each
    init sampling: best coverage score 129.0px of uncovered area  (16 samples)
[staged]   → robot e: IoU 0.540 → 0.565  ✓
    ↑ new global best IoU 0.565  [phase Ph1 robot e]
[staged] Phase 1 done — composite IoU: 0.565

[staged] Phase 2 — backward pass  (8 iters × 5 robots, sigma=0.300)
[staged]   contributions before Phase 2:
[staged]     robot a: +0.141 IoU
[staged]     robot b: +0.117 IoU
[staged]     robot c: +0.051 IoU
[staged]     robot d: +0.033 IoU  ← low
[staged]     robot e: +0.025 IoU  ← low
[staged]   Ph2 robot e  zone 1  (uncovered: 13% of target)
    [parallel] 10 worker threads, one renderer clone each
    init sampling: best coverage score 178.0px of uncovered area  (16 samples)
[staged]   → robot e: IoU 0.565 → 0.574  ✓
    ↑ new global best IoU 0.574  [phase Ph2 robot e]
[staged]   Ph2 robot d  zone 2  (uncovered: 16% of target)
    [parallel] 10 worker threads, one renderer clone each
    init sampling: best coverage score 186.0px of uncovered area  (16 samples)
[staged]   → robot d: IoU 0.574 → 0.576  ✓
    ↑ new global best IoU 0.576  [phase Ph2 robot d]
[staged]   Ph2 robot c  zone 4  (uncovered: 15% of target)
    [parallel] 10 worker threads, one renderer clone each
    init sampling: best coverage score 306.0px of uncovered area  (16 samples)
[staged]   → robot c: IoU 0.576 → 0.597  ✓
    ↑ new global best IoU 0.597  [phase Ph2 robot c]
[staged]   Ph2 robot b  zone 0  (uncovered: 26% of target)
    [parallel] 10 worker threads, one renderer clone each
    init sampling: best coverage score 287.0px of uncovered area  (16 samples)
[staged]   → robot b: candidate 0.588 < current 0.597  ✗ rejected
[staged]   Ph2 robot a  zone 3  (uncovered: 37% of target)
    [parallel] 10 worker threads, one renderer clone each
    init sampling: best coverage score 349.0px of uncovered area  (16 samples)
[staged]   → robot a: IoU 0.597 → 0.644  ✓
    ↑ new global best IoU 0.644  [phase Ph2 robot a]
[staged] Phase 2 done — composite IoU: 0.644

[staged] Best snapshot: Phase 2  IoU=0.644
[staged] Manifold final pass — computing Jacobian  (ε=0.020, 60 renders)
[staged] Manifold basis: k=9D / 30D  (variance≥85%, top eigenvalues: ['405310.91', '394796.62', '230559.44', '121866.18', '75804.76'])
    ↑ new global best IoU 0.653  [manifold final pass]
[staged] Manifold done — IoU: 0.653  (Δ=+0.008)  ✓
[staged] FD refinement — 5 Adam steps  (300 renders, lr=0.01, ε=0.02)
    ↑ new global best IoU 0.660  [FD refinement]
[staged] FD done — IoU: 0.660  (Δ=+0.008)  ✓
[staged] Done — final IoU: 0.660  loss: 0.3421
[shard 0] 2/10 letters_upper/H_dejavusans-bold  best=0.700 mean=0.672±0.018  141s  eta 0.3h
[staged] Popsize: per-robot phases=32  final=32  (theory optimum for 6 DOF = 10)

[staged] Hungarian pre-assignment  (5×5 cost matrix, 8 samples/entry = 200 renders)...
[staged]   robot_a → zone 4  robot_b → zone 2  robot_c → zone 0  robot_d → zone 3  robot_e → zone 1

[staged] Phase 1 — forward greedy  (8 iters × 5 robot(s), sigma=0.40×1.00, popsize=32)
[staged]   Ph1 robot a  zone 4  (uncovered: 17% of target)
    [parallel] 10 worker threads, one renderer clone each
    init sampling: best coverage score 401.0px of uncovered area  (16 samples)
[staged]   → robot a: IoU 0.198 → 0.358  ✓
    ↑ new global best IoU 0.358  [phase Ph1 robot a]
[staged]   Ph1 robot b  zone 2  (uncovered: 20% of target)
    [parallel] 10 worker threads, one renderer clone each
    init sampling: best coverage score 665.0px of uncovered area  (16 samples)
[staged]   → robot b: IoU 0.358 → 0.487  ✓
    ↑ new global best IoU 0.487  [phase Ph1 robot b]
[staged]   Ph1 robot c  zone 0  (uncovered: 18% of target)
    [parallel] 10 worker threads, one renderer clone each
    init sampling: best coverage score 127.0px of uncovered area  (16 samples)
[staged]   → robot c: IoU 0.487 → 0.563  ✓
    ↑ new global best IoU 0.563  [phase Ph1 robot c]
[staged]   Ph1 robot d  zone 3  (uncovered: 7% of target)
    [parallel] 10 worker threads, one renderer clone each
    init sampling: best coverage score 302.0px of uncovered area  (16 samples)
[staged]   → robot d: IoU 0.563 → 0.610  ✓
    ↑ new global best IoU 0.610  [phase Ph1 robot d]
[staged]   Ph1 robot e  zone 1  (uncovered: 0% of target)
    [parallel] 10 worker threads, one renderer clone each
    init sampling: best coverage score 10.0px of uncovered area  (16 samples)
[staged]   → robot e: IoU 0.610 → 0.630  ✓
    ↑ new global best IoU 0.630  [phase Ph1 robot e]
[staged] Phase 1 done — composite IoU: 0.630

[staged] Phase 2 — backward pass  (8 iters × 5 robots, sigma=0.300)
[staged]   contributions before Phase 2:
[staged]     robot a: +0.114 IoU
[staged]     robot b: +0.099 IoU
[staged]     robot c: +0.076 IoU
[staged]     robot d: +0.040 IoU  ← low
[staged]     robot e: +0.020 IoU  ← low
[staged]   Ph2 robot e  zone 1  (uncovered: 23% of target)
    [parallel] 10 worker threads, one renderer clone each
    init sampling: best coverage score 46.0px of uncovered area  (16 samples)
[staged]   → robot e: IoU 0.630 → 0.631  ✓
    ↑ new global best IoU 0.631  [phase Ph2 robot e]
[staged]   Ph2 robot d  zone 3  (uncovered: 23% of target)
    [parallel] 10 worker threads, one renderer clone each
    init sampling: best coverage score 96.0px of uncovered area  (16 samples)
[staged]   → robot d: IoU 0.631 → 0.645  ✓
    ↑ new global best IoU 0.645  [phase Ph2 robot d]
[staged]   Ph2 robot c  zone 0  (uncovered: 28% of target)
    [parallel] 10 worker threads, one renderer clone each
    init sampling: best coverage score 252.0px of uncovered area  (16 samples)
[staged]   → robot c: candidate 0.641 < current 0.645  ✗ rejected
[staged]   Ph2 robot b  zone 2  (uncovered: 31% of target)
    [parallel] 10 worker threads, one renderer clone each
    init sampling: best coverage score 338.0px of uncovered area  (16 samples)
[staged]   → robot b: candidate 0.621 < current 0.645  ✗ rejected
[staged]   Ph2 robot a  zone 4  (uncovered: 26% of target)
    [parallel] 10 worker threads, one renderer clone each
    init sampling: best coverage score 165.0px of uncovered area  (16 samples)
[staged]   → robot a: IoU 0.645 → 0.650  ✓
    ↑ new global best IoU 0.650  [phase Ph2 robot a]
[staged] Phase 2 done — composite IoU: 0.650

[staged] Best snapshot: Phase 2  IoU=0.650
[staged] Manifold final pass — computing Jacobian  (ε=0.020, 60 renders)
[staged] Manifold basis: k=9D / 30D  (variance≥85%, top eigenvalues: ['464896.44', '179660.08', '135231.55', '71023.80', '59933.57'])
    ↑ new global best IoU 0.654  [manifold final pass]
[staged] Manifold done — IoU: 0.654  (Δ=+0.004)  ✓
[staged] FD refinement — 5 Adam steps  (300 renders, lr=0.01, ε=0.02)
    ↑ new global best IoU 0.671  [FD refinement]
[staged] FD done — IoU: 0.671  (Δ=+0.017)  ✓
[staged] Done — final IoU: 0.671  loss: 0.3305
[staged] Popsize: per-robot phases=32  final=32  (theory optimum for 6 DOF = 10)

[staged] Hungarian pre-assignment  (5×5 cost matrix, 8 samples/entry = 200 renders)...
[staged]   robot_a → zone 4  robot_b → zone 3  robot_c → zone 1  robot_d → zone 2  robot_e → zone 0

[staged] Phase 1 — forward greedy  (8 iters × 5 robot(s), sigma=0.40×1.00, popsize=32)
[staged]   Ph1 robot a  zone 4  (uncovered: 17% of target)
    [parallel] 10 worker threads, one renderer clone each
    init sampling: best coverage score 115.0px of uncovered area  (16 samples)
[staged]   → robot a: IoU 0.198 → 0.409  ✓
    ↑ new global best IoU 0.409  [phase Ph1 robot a]
[staged]   Ph1 robot b  zone 3  (uncovered: 9% of target)
    [parallel] 10 worker threads, one renderer clone each
    init sampling: best coverage score 214.0px of uncovered area  (16 samples)
[staged]   → robot b: IoU 0.409 → 0.475  ✓
    ↑ new global best IoU 0.475  [phase Ph1 robot b]
[staged]   Ph1 robot c  zone 1  (uncovered: 12% of target)
    [parallel] 10 worker threads, one renderer clone each
    init sampling: best coverage score 2.0px of uncovered area  (16 samples)
[staged]   → robot c: IoU 0.475 → 0.530  ✓
    ↑ new global best IoU 0.530  [phase Ph1 robot c]
[staged]   Ph1 robot d  zone 2  (uncovered: 0% of target)
    [parallel] 10 worker threads, one renderer clone each
    init sampling: best coverage score 7.0px of uncovered area  (16 samples)
[staged]   → robot d: IoU 0.530 → 0.573  ✓
    ↑ new global best IoU 0.573  [phase Ph1 robot d]
[staged]   Ph1 robot e  zone 0  (uncovered: 4% of target)
    [parallel] 10 worker threads, one renderer clone each
    init sampling: best coverage score 58.0px of uncovered area  (16 samples)
[staged]   → robot e: IoU 0.573 → 0.601  ✓
    ↑ new global best IoU 0.601  [phase Ph1 robot e]
[staged] Phase 1 done — composite IoU: 0.601

[staged] Phase 2 — backward pass  (8 iters × 5 robots, sigma=0.300)
[staged]   contributions before Phase 2:
[staged]     robot a: +0.045 IoU  ← low
[staged]     robot b: +0.086 IoU
[staged]     robot c: +0.064 IoU
[staged]     robot d: +0.050 IoU
[staged]     robot e: +0.029 IoU  ← low
[staged]   Ph2 robot e  zone 0  (uncovered: 20% of target)
    [parallel] 10 worker threads, one renderer clone each
    init sampling: best coverage score 131.0px of uncovered area  (16 samples)
[staged]   → robot e: IoU 0.601 → 0.608  ✓
    ↑ new global best IoU 0.608  [phase Ph2 robot e]
[staged]   Ph2 robot d  zone 2  (uncovered: 24% of target)
    [parallel] 10 worker threads, one renderer clone each
    init sampling: best coverage score 119.0px of uncovered area  (16 samples)
[staged]   → robot d: candidate 0.604 < current 0.608  ✗ rejected
[staged]   Ph2 robot c  zone 1  (uncovered: 21% of target)
    [parallel] 10 worker threads, one renderer clone each
    init sampling: best coverage score 148.0px of uncovered area  (16 samples)
[staged]   → robot c: IoU 0.608 → 0.612  ✓
    ↑ new global best IoU 0.612  [phase Ph2 robot c]
[staged]   Ph2 robot b  zone 3  (uncovered: 33% of target)
    [parallel] 10 worker threads, one renderer clone each
    init sampling: best coverage score 587.0px of uncovered area  (16 samples)
[staged]   → robot b: IoU 0.612 → 0.639  ✓
    ↑ new global best IoU 0.639  [phase Ph2 robot b]
[staged]   Ph2 robot a  zone 4  (uncovered: 27% of target)
    [parallel] 10 worker threads, one renderer clone each
    init sampling: best coverage score 378.0px of uncovered area  (16 samples)
[staged]   → robot a: IoU 0.639 → 0.656  ✓
    ↑ new global best IoU 0.656  [phase Ph2 robot a]
[staged] Phase 2 done — composite IoU: 0.656

[staged] Best snapshot: Phase 2  IoU=0.656
[staged] Manifold final pass — computing Jacobian  (ε=0.020, 60 renders)
[staged] Manifold basis: k=8D / 30D  (variance≥85%, top eigenvalues: ['547676.38', '361668.97', '121625.83', '91193.49', '53713.52'])
    ↑ new global best IoU 0.674  [manifold final pass]
[staged] Manifold done — IoU: 0.674  (Δ=+0.018)  ✓
[staged] FD refinement — 5 Adam steps  (300 renders, lr=0.01, ε=0.02)
[staged] FD done — IoU: 0.674  (Δ=+0.000)  ✓
[staged] Done — final IoU: 0.674  loss: 0.3271
[staged] Popsize: per-robot phases=32  final=32  (theory optimum for 6 DOF = 10)

[staged] Hungarian pre-assignment  (5×5 cost matrix, 8 samples/entry = 200 renders)...
[staged]   robot_a → zone 2  robot_b → zone 4  robot_c → zone 0  robot_d → zone 1  robot_e → zone 3

[staged] Phase 1 — forward greedy  (8 iters × 5 robot(s), sigma=0.40×1.00, popsize=32)
[staged]   Ph1 robot a  zone 2  (uncovered: 18% of target)
    [parallel] 10 worker threads, one renderer clone each
    init sampling: best coverage score 159.0px of uncovered area  (16 samples)
[staged]   → robot a: IoU 0.198 → 0.399  ✓
    ↑ new global best IoU 0.399  [phase Ph1 robot a]
[staged]   Ph1 robot b  zone 4  (uncovered: 6% of target)
    [parallel] 10 worker threads, one renderer clone each
    init sampling: best coverage score 304.0px of uncovered area  (16 samples)
[staged]   → robot b: IoU 0.399 → 0.517  ✓
    ↑ new global best IoU 0.517  [phase Ph1 robot b]
[staged]   Ph1 robot c  zone 0  (uncovered: 7% of target)
    [parallel] 10 worker threads, one renderer clone each
    init sampling: best coverage score 246.0px of uncovered area  (16 samples)
[staged]   → robot c: IoU 0.517 → 0.564  ✓
    ↑ new global best IoU 0.564  [phase Ph1 robot c]
[staged]   Ph1 robot d  zone 1  (uncovered: 1% of target)
    [parallel] 10 worker threads, one renderer clone each
    init sampling: best coverage score 40.0px of uncovered area  (16 samples)
[staged]   → robot d: IoU 0.564 → 0.590  ✓
    ↑ new global best IoU 0.590  [phase Ph1 robot d]
[staged]   Ph1 robot e  zone 3  (uncovered: 1% of target)
    [parallel] 10 worker threads, one renderer clone each
    init sampling: best coverage score 15.0px of uncovered area  (16 samples)
[staged]   → robot e: IoU 0.590 → 0.602  ✓
    ↑ new global best IoU 0.602  [phase Ph1 robot e]
[staged] Phase 1 done — composite IoU: 0.602

[staged] Phase 2 — backward pass  (8 iters × 5 robots, sigma=0.300)
[staged]   contributions before Phase 2:
[staged]     robot a: +0.130 IoU
[staged]     robot b: +0.014 IoU  ← low
[staged]     robot c: +0.038 IoU  ← low
[staged]     robot d: +0.031 IoU  ← low
[staged]     robot e: +0.012 IoU  ← low
[staged]   Ph2 robot e  zone 3  (uncovered: 18% of target)
    [parallel] 10 worker threads, one renderer clone each
    init sampling: best coverage score 39.0px of uncovered area  (16 samples)
[staged]   → robot e: IoU 0.602 → 0.609  ✓
    ↑ new global best IoU 0.609  [phase Ph2 robot e]
[staged]   Ph2 robot d  zone 1  (uncovered: 17% of target)
    [parallel] 10 worker threads, one renderer clone each
    init sampling: best coverage score 102.0px of uncovered area  (16 samples)
[staged]   → robot d: IoU 0.609 → 0.614  ✓
    ↑ new global best IoU 0.614  [phase Ph2 robot d]
[staged]   Ph2 robot c  zone 0  (uncovered: 19% of target)
    [parallel] 10 worker threads, one renderer clone each
    init sampling: best coverage score 147.0px of uncovered area  (16 samples)
[staged]   → robot c: IoU 0.614 → 0.616  ✓
    ↑ new global best IoU 0.616  [phase Ph2 robot c]
[staged]   Ph2 robot b  zone 4  (uncovered: 23% of target)
    [parallel] 10 worker threads, one renderer clone each
    init sampling: best coverage score 201.0px of uncovered area  (16 samples)
[staged]   → robot b: IoU 0.616 → 0.637  ✓
    ↑ new global best IoU 0.637  [phase Ph2 robot b]
[staged]   Ph2 robot a  zone 2  (uncovered: 42% of target)
    [parallel] 10 worker threads, one renderer clone each
    init sampling: best coverage score 996.0px of uncovered area  (16 samples)
[staged]   → robot a: candidate 0.625 < current 0.637  ✗ rejected
[staged] Phase 2 done — composite IoU: 0.637

[staged] Best snapshot: Phase 2  IoU=0.637
[staged] Manifold final pass — computing Jacobian  (ε=0.020, 60 renders)
[staged] Manifold basis: k=8D / 30D  (variance≥85%, top eigenvalues: ['436872.03', '265673.34', '100712.15', '87237.77', '82950.48'])
    ↑ new global best IoU 0.668  [manifold final pass]
[staged] Manifold done — IoU: 0.668  (Δ=+0.030)  ✓
[staged] FD refinement — 5 Adam steps  (300 renders, lr=0.01, ε=0.02)
    ↑ new global best IoU 0.679  [FD refinement]
[staged] FD done — IoU: 0.679  (Δ=+0.012)  ✓
[staged] Done — final IoU: 0.679  loss: 0.3218
[staged] Popsize: per-robot phases=32  final=32  (theory optimum for 6 DOF = 10)

[staged] Hungarian pre-assignment  (5×5 cost matrix, 8 samples/entry = 200 renders)...
[staged]   robot_a → zone 3  robot_b → zone 2  robot_c → zone 0  robot_d → zone 1  robot_e → zone 4

[staged] Phase 1 — forward greedy  (8 iters × 5 robot(s), sigma=0.40×1.00, popsize=32)
[staged]   Ph1 robot a  zone 3  (uncovered: 18% of target)
    [parallel] 10 worker threads, one renderer clone each
    init sampling: best coverage score 451.0px of uncovered area  (16 samples)
[staged]   → robot a: IoU 0.198 → 0.397  ✓
    ↑ new global best IoU 0.397  [phase Ph1 robot a]
[staged]   Ph1 robot b  zone 2  (uncovered: 19% of target)
    [parallel] 10 worker threads, one renderer clone each
    init sampling: best coverage score 389.0px of uncovered area  (16 samples)
[staged]   → robot b: IoU 0.397 → 0.479  ✓
    ↑ new global best IoU 0.479  [phase Ph1 robot b]
[staged]   Ph1 robot c  zone 0  (uncovered: 1% of target)
    [parallel] 10 worker threads, one renderer clone each
    init sampling: best coverage score 18.0px of uncovered area  (16 samples)
[staged]   → robot c: IoU 0.479 → 0.542  ✓
    ↑ new global best IoU 0.542  [phase Ph1 robot c]
[staged]   Ph1 robot d  zone 1  (uncovered: 7% of target)
    [parallel] 10 worker threads, one renderer clone each
    init sampling: best coverage score 106.0px of uncovered area  (16 samples)
[staged]   → robot d: IoU 0.542 → 0.560  ✓
    ↑ new global best IoU 0.560  [phase Ph1 robot d]
[staged]   Ph1 robot e  zone 4  (uncovered: 10% of target)
    [parallel] 10 worker threads, one renderer clone each
    init sampling: best coverage score 44.0px of uncovered area  (16 samples)
[staged]   → robot e: IoU 0.560 → 0.589  ✓
    ↑ new global best IoU 0.589  [phase Ph1 robot e]
[staged] Phase 1 done — composite IoU: 0.589

[staged] Phase 2 — backward pass  (8 iters × 5 robots, sigma=0.300)
[staged]   contributions before Phase 2:
[staged]     robot a: +0.088 IoU
[staged]     robot b: +0.075 IoU
[staged]     robot c: +0.073 IoU
[staged]     robot d: +0.031 IoU  ← low
[staged]     robot e: +0.030 IoU  ← low
[staged]   Ph2 robot e  zone 4  (uncovered: 28% of target)
    [parallel] 10 worker threads, one renderer clone each
    init sampling: best coverage score 202.0px of uncovered area  (16 samples)
[staged]   → robot e: candidate 0.588 < current 0.589  ✗ rejected
[staged]   Ph2 robot d  zone 1  (uncovered: 28% of target)
    [parallel] 10 worker threads, one renderer clone each
    init sampling: best coverage score 211.0px of uncovered area  (16 samples)
[staged]   → robot d: IoU 0.589 → 0.611  ✓
    ↑ new global best IoU 0.611  [phase Ph2 robot d]
[staged]   Ph2 robot c  zone 0  (uncovered: 28% of target)
    [parallel] 10 worker threads, one renderer clone each
    init sampling: best coverage score 399.0px of uncovered area  (16 samples)
[staged]   → robot c: IoU 0.611 → 0.640  ✓
    ↑ new global best IoU 0.640  [phase Ph2 robot c]
[staged]   Ph2 robot b  zone 2  (uncovered: 32% of target)
    [parallel] 10 worker threads, one renderer clone each
    init sampling: best coverage score 498.0px of uncovered area  (16 samples)
[staged]   → robot b: IoU 0.640 → 0.682  ✓
    ↑ new global best IoU 0.682  [phase Ph2 robot b]
[staged]   Ph2 robot a  zone 3  (uncovered: 30% of target)
    [parallel] 10 worker threads, one renderer clone each
    init sampling: best coverage score 503.0px of uncovered area  (16 samples)
[staged]   → robot a: candidate 0.621 < current 0.682  ✗ rejected
[staged] Phase 2 done — composite IoU: 0.682

[staged] Best snapshot: Phase 2  IoU=0.682
[staged] Manifold final pass — computing Jacobian  (ε=0.020, 60 renders)
[staged] Manifold basis: k=8D / 30D  (variance≥85%, top eigenvalues: ['459568.72', '323324.91', '135493.83', '122163.39', '117523.61'])
    ↑ new global best IoU 0.695  [manifold final pass]
[staged] Manifold done — IoU: 0.695  (Δ=+0.013)  ✓
[staged] FD refinement — 5 Adam steps  (300 renders, lr=0.01, ε=0.02)
    ↑ new global best IoU 0.709  [FD refinement]
[staged] FD done — IoU: 0.709  (Δ=+0.015)  ✓
[staged] Done — final IoU: 0.709  loss: 0.2918
[staged] Popsize: per-robot phases=32  final=32  (theory optimum for 6 DOF = 10)

[staged] Hungarian pre-assignment  (5×5 cost matrix, 8 samples/entry = 200 renders)...
[staged]   robot_a → zone 3  robot_b → zone 4  robot_c → zone 0  robot_d → zone 2  robot_e → zone 1

[staged] Phase 1 — forward greedy  (8 iters × 5 robot(s), sigma=0.40×1.00, popsize=32)
[staged]   Ph1 robot a  zone 3  (uncovered: 20% of target)
    [parallel] 10 worker threads, one renderer clone each
    init sampling: best coverage score 612.0px of uncovered area  (16 samples)
[staged]   → robot a: IoU 0.198 → 0.378  ✓
    ↑ new global best IoU 0.378  [phase Ph1 robot a]
[staged]   Ph1 robot b  zone 4  (uncovered: 6% of target)
    [parallel] 10 worker threads, one renderer clone each
    init sampling: best coverage score 303.0px of uncovered area  (16 samples)
[staged]   → robot b: IoU 0.378 → 0.463  ✓
    ↑ new global best IoU 0.463  [phase Ph1 robot b]
[staged]   Ph1 robot c  zone 0  (uncovered: 1% of target)
    [parallel] 10 worker threads, one renderer clone each
    init sampling: best coverage score 25.0px of uncovered area  (16 samples)
[staged]   → robot c: IoU 0.463 → 0.504  ✓
    ↑ new global best IoU 0.504  [phase Ph1 robot c]
[staged]   Ph1 robot d  zone 2  (uncovered: 7% of target)
    [parallel] 10 worker threads, one renderer clone each
    init sampling: best coverage score 12.0px of uncovered area  (16 samples)
[staged]   → robot d: IoU 0.504 → 0.538  ✓
    ↑ new global best IoU 0.538  [phase Ph1 robot d]
[staged]   Ph1 robot e  zone 1  (uncovered: 11% of target)
    [parallel] 10 worker threads, one renderer clone each
    init sampling: best coverage score 62.0px of uncovered area  (16 samples)
[staged]   → robot e: IoU 0.538 → 0.571  ✓
    ↑ new global best IoU 0.571  [phase Ph1 robot e]
[staged] Phase 1 done — composite IoU: 0.571

[staged] Phase 2 — backward pass  (8 iters × 5 robots, sigma=0.300)
[staged]   contributions before Phase 2:
[staged]     robot a: +0.079 IoU
[staged]     robot b: +0.055 IoU
[staged]     robot c: +0.026 IoU  ← low
[staged]     robot d: +0.044 IoU  ← low
[staged]     robot e: +0.034 IoU  ← low
[staged]   Ph2 robot e  zone 1  (uncovered: 25% of target)
    [parallel] 10 worker threads, one renderer clone each
    init sampling: best coverage score 381.0px of uncovered area  (16 samples)
[staged]   → robot e: IoU 0.571 → 0.612  ✓
    ↑ new global best IoU 0.612  [phase Ph2 robot e]
[staged]   Ph2 robot d  zone 2  (uncovered: 21% of target)
    [parallel] 10 worker threads, one renderer clone each
    init sampling: best coverage score 195.0px of uncovered area  (16 samples)
[staged]   → robot d: IoU 0.612 → 0.618  ✓
    ↑ new global best IoU 0.618  [phase Ph2 robot d]
[staged]   Ph2 robot c  zone 0  (uncovered: 18% of target)
    [parallel] 10 worker threads, one renderer clone each
    init sampling: best coverage score 155.0px of uncovered area  (16 samples)
[staged]   → robot c: IoU 0.618 → 0.648  ✓
    ↑ new global best IoU 0.648  [phase Ph2 robot c]
[staged]   Ph2 robot b  zone 4  (uncovered: 19% of target)
    [parallel] 10 worker threads, one renderer clone each
    init sampling: best coverage score 260.0px of uncovered area  (16 samples)
[staged]   → robot b: IoU 0.648 → 0.666  ✓
    ↑ new global best IoU 0.666  [phase Ph2 robot b]
[staged]   Ph2 robot a  zone 3  (uncovered: 28% of target)
    [parallel] 10 worker threads, one renderer clone each
    init sampling: best coverage score 781.0px of uncovered area  (16 samples)
[staged]   → robot a: IoU 0.666 → 0.703  ✓
    ↑ new global best IoU 0.703  [phase Ph2 robot a]
[staged] Phase 2 done — composite IoU: 0.703

[staged] Best snapshot: Phase 2  IoU=0.703
[staged] Manifold final pass — computing Jacobian  (ε=0.020, 60 renders)
[staged] Manifold basis: k=9D / 30D  (variance≥85%, top eigenvalues: ['325353.53', '183383.88', '151711.77', '129221.12', '67716.36'])
    ↑ new global best IoU 0.708  [manifold final pass]
[staged] Manifold done — IoU: 0.708  (Δ=+0.005)  ✓
[staged] FD refinement — 5 Adam steps  (300 renders, lr=0.01, ε=0.02)
    ↑ new global best IoU 0.714  [FD refinement]
[staged] FD done — IoU: 0.714  (Δ=+0.006)  ✓
[staged] Done — final IoU: 0.714  loss: 0.2874
[shard 0] 3/10 letters_upper/K_dejavusans-bold  best=0.714 mean=0.690±0.018  142s  eta 0.3h
[staged] Popsize: per-robot phases=32  final=32  (theory optimum for 6 DOF = 10)

[staged] Hungarian pre-assignment  (5×5 cost matrix, 8 samples/entry = 200 renders)...
[staged]   robot_a → zone 0  robot_b → zone 2  robot_c → zone 3  robot_d → zone 1  robot_e → zone 4

[staged] Phase 1 — forward greedy  (8 iters × 5 robot(s), sigma=0.40×1.00, popsize=32)
[staged]   Ph1 robot a  zone 0  (uncovered: 12% of target)
    [parallel] 10 worker threads, one renderer clone each
    init sampling: best coverage score 539.0px of uncovered area  (16 samples)
[staged]   → robot a: IoU 0.217 → 0.365  ✓
    ↑ new global best IoU 0.365  [phase Ph1 robot a]
[staged]   Ph1 robot b  zone 2  (uncovered: 22% of target)
    [parallel] 10 worker threads, one renderer clone each
    init sampling: best coverage score 710.0px of uncovered area  (16 samples)
[staged]   → robot b: IoU 0.365 → 0.504  ✓
    ↑ new global best IoU 0.504  [phase Ph1 robot b]
[staged]   Ph1 robot c  zone 3  (uncovered: 3% of target)
    [parallel] 10 worker threads, one renderer clone each
    init sampling: best coverage score 107.0px of uncovered area  (16 samples)
[staged]   → robot c: IoU 0.504 → 0.625  ✓
    ↑ new global best IoU 0.625  [phase Ph1 robot c]
[staged]   Ph1 robot d  zone 1  (uncovered: 3% of target)
    [parallel] 10 worker threads, one renderer clone each
    init sampling: best coverage score 94.0px of uncovered area  (16 samples)
[staged]   → robot d: IoU 0.625 → 0.643  ✓
    ↑ new global best IoU 0.643  [phase Ph1 robot d]
[staged]   Ph1 robot e  zone 4  (uncovered: 7% of target)
    [parallel] 10 worker threads, one renderer clone each
    init sampling: best coverage score 80.0px of uncovered area  (16 samples)
[staged]   → robot e: IoU 0.643 → 0.673  ✓
    ↑ new global best IoU 0.673  [phase Ph1 robot e]
[staged] Phase 1 done — composite IoU: 0.673

[staged] Phase 2 — backward pass  (8 iters × 5 robots, sigma=0.300)
[staged]   contributions before Phase 2:
[staged]     robot a: +0.076 IoU
[staged]     robot b: +0.068 IoU
[staged]     robot c: +0.091 IoU
[staged]     robot d: +0.031 IoU  ← low
[staged]     robot e: +0.030 IoU  ← low
[staged]   Ph2 robot e  zone 4  (uncovered: 15% of target)
    [parallel] 10 worker threads, one renderer clone each
    init sampling: best coverage score 147.0px of uncovered area  (16 samples)
[staged]   → robot e: IoU 0.673 → 0.679  ✓
    ↑ new global best IoU 0.679  [phase Ph2 robot e]
[staged]   Ph2 robot d  zone 1  (uncovered: 14% of target)
    [parallel] 10 worker threads, one renderer clone each
    init sampling: best coverage score 81.0px of uncovered area  (16 samples)
[staged]   → robot d: IoU 0.679 → 0.699  ✓
    ↑ new global best IoU 0.699  [phase Ph2 robot d]
[staged]   Ph2 robot c  zone 3  (uncovered: 24% of target)
    [parallel] 10 worker threads, one renderer clone each
    init sampling: best coverage score 227.0px of uncovered area  (16 samples)
[staged]   → robot c: candidate 0.693 < current 0.699  ✗ rejected
[staged]   Ph2 robot b  zone 2  (uncovered: 23% of target)
    [parallel] 10 worker threads, one renderer clone each
    init sampling: best coverage score 348.0px of uncovered area  (16 samples)
[staged]   → robot b: candidate 0.621 < current 0.699  ✗ rejected
[staged]   Ph2 robot a  zone 0  (uncovered: 21% of target)
    [parallel] 10 worker threads, one renderer clone each
    init sampling: best coverage score 102.0px of uncovered area  (16 samples)
[staged]   → robot a: IoU 0.699 → 0.718  ✓
    ↑ new global best IoU 0.718  [phase Ph2 robot a]
[staged] Phase 2 done — composite IoU: 0.718

[staged] Best snapshot: Phase 2  IoU=0.718
[staged] Manifold final pass — computing Jacobian  (ε=0.020, 60 renders)
[staged] Manifold basis: k=11D / 30D  (variance≥85%, top eigenvalues: ['334576.03', '221514.17', '128941.18', '83705.52', '74885.18'])
    ↑ new global best IoU 0.748  [manifold final pass]
[staged] Manifold done — IoU: 0.748  (Δ=+0.030)  ✓
[staged] FD refinement — 5 Adam steps  (300 renders, lr=0.01, ε=0.02)
    ↑ new global best IoU 0.764  [FD refinement]
[staged] FD done — IoU: 0.764  (Δ=+0.016)  ✓
[staged] Done — final IoU: 0.764  loss: 0.2374
[staged] Popsize: per-robot phases=32  final=32  (theory optimum for 6 DOF = 10)

[staged] Hungarian pre-assignment  (5×5 cost matrix, 8 samples/entry = 200 renders)...
[staged]   robot_a → zone 1  robot_b → zone 3  robot_c → zone 0  robot_d → zone 2  robot_e → zone 4

[staged] Phase 1 — forward greedy  (8 iters × 5 robot(s), sigma=0.40×1.00, popsize=32)
[staged]   Ph1 robot a  zone 1  (uncovered: 20% of target)
    [parallel] 10 worker threads, one renderer clone each
    init sampling: best coverage score 494.0px of uncovered area  (16 samples)
[staged]   → robot a: IoU 0.217 → 0.490  ✓
    ↑ new global best IoU 0.490  [phase Ph1 robot a]
[staged]   Ph1 robot b  zone 3  (uncovered: 21% of target)
    [parallel] 10 worker threads, one renderer clone each
    init sampling: best coverage score 373.0px of uncovered area  (16 samples)
[staged]   → robot b: IoU 0.490 → 0.588  ✓
    ↑ new global best IoU 0.588  [phase Ph1 robot b]
[staged]   Ph1 robot c  zone 0  (uncovered: 3% of target)
    [parallel] 10 worker threads, one renderer clone each
    init sampling: best coverage score 78.0px of uncovered area  (16 samples)
[staged]   → robot c: IoU 0.588 → 0.637  ✓
    ↑ new global best IoU 0.637  [phase Ph1 robot c]
[staged]   Ph1 robot d  zone 2  (uncovered: 2% of target)
    [parallel] 10 worker threads, one renderer clone each
    init sampling: best coverage score 50.0px of uncovered area  (16 samples)
[staged]   → robot d: candidate 0.627 < current 0.637  ✗ rejected
[staged]   Ph1 robot e  zone 4  (uncovered: 5% of target)
    [parallel] 10 worker threads, one renderer clone each
    init sampling: best coverage score 32.0px of uncovered area  (16 samples)
[staged]   → robot e: IoU 0.637 → 0.667  ✓
    ↑ new global best IoU 0.667  [phase Ph1 robot e]
[staged] Phase 1 done — composite IoU: 0.667

[staged] Phase 2 — backward pass  (8 iters × 5 robots, sigma=0.300)
[staged]   contributions before Phase 2:
[staged]     robot a: +0.221 IoU
[staged]     robot b: -0.005 IoU  ← low
[staged]     robot c: +0.048 IoU  ← low
[staged]     robot d: +0.000 IoU  ← low
[staged]     robot e: +0.030 IoU  ← low
[staged]   Ph2 robot e  zone 4  (uncovered: 20% of target)
    [parallel] 10 worker threads, one renderer clone each
    init sampling: best coverage score 148.0px of uncovered area  (16 samples)
[staged]   → robot e: candidate 0.664 < current 0.667  ✗ rejected
[staged]   Ph2 robot d  zone 2  (uncovered: 15% of target)
    [parallel] 10 worker threads, one renderer clone each
    init sampling: best coverage score 120.0px of uncovered area  (16 samples)
[staged]   → robot d: IoU 0.667 → 0.694  ✓
    ↑ new global best IoU 0.694  [phase Ph2 robot d]
[staged]   Ph2 robot c  zone 0  (uncovered: 13% of target)
    [parallel] 10 worker threads, one renderer clone each
    init sampling: best coverage score 97.0px of uncovered area  (16 samples)
[staged]   → robot c: candidate 0.691 < current 0.694  ✗ rejected
[staged]   Ph2 robot b  zone 3  (uncovered: 13% of target)
    [parallel] 10 worker threads, one renderer clone each
    init sampling: best coverage score 157.0px of uncovered area  (16 samples)
[staged]   → robot b: IoU 0.694 → 0.726  ✓
    ↑ new global best IoU 0.726  [phase Ph2 robot b]
[staged]   Ph2 robot a  zone 1  (uncovered: 37% of target)
    [parallel] 10 worker threads, one renderer clone each
    init sampling: best coverage score 421.0px of uncovered area  (16 samples)
[staged]   → robot a: candidate 0.533 < current 0.726  ✗ rejected
[staged] Phase 2 done — composite IoU: 0.726

[staged] Best snapshot: Phase 2  IoU=0.726
[staged] Manifold final pass — computing Jacobian  (ε=0.020, 60 renders)
[staged] Manifold basis: k=9D / 30D  (variance≥85%, top eigenvalues: ['611069.88', '267979.06', '157200.64', '84933.59', '65054.60'])
    ↑ new global best IoU 0.753  [manifold final pass]
[staged] Manifold done — IoU: 0.753  (Δ=+0.027)  ✓
[staged] FD refinement — 5 Adam steps  (300 renders, lr=0.01, ε=0.02)
    ↑ new global best IoU 0.760  [FD refinement]
[staged] FD done — IoU: 0.760  (Δ=+0.007)  ✓
[staged] Done — final IoU: 0.760  loss: 0.2405
[staged] Popsize: per-robot phases=32  final=32  (theory optimum for 6 DOF = 10)

[staged] Hungarian pre-assignment  (5×5 cost matrix, 8 samples/entry = 200 renders)...
[staged]   robot_a → zone 4  robot_b → zone 0  robot_c → zone 2  robot_d → zone 1  robot_e → zone 3

[staged] Phase 1 — forward greedy  (8 iters × 5 robot(s), sigma=0.40×1.00, popsize=32)
[staged]   Ph1 robot a  zone 4  (uncovered: 21% of target)
    [parallel] 10 worker threads, one renderer clone each
    init sampling: best coverage score 9.0px of uncovered area  (16 samples)
[staged]   → robot a: IoU 0.217 → 0.526  ✓
    ↑ new global best IoU 0.526  [phase Ph1 robot a]
[staged]   Ph1 robot b  zone 0  (uncovered: 5% of target)
    [parallel] 10 worker threads, one renderer clone each
    init sampling: best coverage score 156.0px of uncovered area  (16 samples)
[staged]   → robot b: IoU 0.526 → 0.587  ✓
    ↑ new global best IoU 0.587  [phase Ph1 robot b]
[staged]   Ph1 robot c  zone 2  (uncovered: 2% of target)
    [parallel] 10 worker threads, one renderer clone each
    init sampling: best coverage score 50.0px of uncovered area  (16 samples)
[staged]   → robot c: IoU 0.587 → 0.618  ✓
    ↑ new global best IoU 0.618  [phase Ph1 robot c]
[staged]   Ph1 robot d  zone 1  (uncovered: 5% of target)
    [parallel] 10 worker threads, one renderer clone each
    init sampling: best coverage score 113.0px of uncovered area  (16 samples)
[staged]   → robot d: IoU 0.618 → 0.632  ✓
    ↑ new global best IoU 0.632  [phase Ph1 robot d]
[staged]   Ph1 robot e  zone 3  (uncovered: 4% of target)
    [parallel] 10 worker threads, one renderer clone each
    init sampling: best coverage score 32.0px of uncovered area  (16 samples)
[staged]   → robot e: IoU 0.632 → 0.647  ✓
    ↑ new global best IoU 0.647  [phase Ph1 robot e]
[staged] Phase 1 done — composite IoU: 0.647

[staged] Phase 2 — backward pass  (8 iters × 5 robots, sigma=0.300)
[staged]   contributions before Phase 2:
[staged]     robot a: +0.188 IoU
[staged]     robot b: -0.001 IoU  ← low
[staged]     robot c: +0.031 IoU  ← low
[staged]     robot d: +0.020 IoU  ← low
[staged]     robot e: +0.015 IoU  ← low
[staged]   Ph2 robot e  zone 3  (uncovered: 15% of target)
    [parallel] 10 worker threads, one renderer clone each
    init sampling: best coverage score 116.0px of uncovered area  (16 samples)
[staged]   → robot e: IoU 0.647 → 0.659  ✓
    ↑ new global best IoU 0.659  [phase Ph2 robot e]
[staged]   Ph2 robot d  zone 1  (uncovered: 15% of target)
    [parallel] 10 worker threads, one renderer clone each
    init sampling: best coverage score 241.0px of uncovered area  (16 samples)
[staged]   → robot d: IoU 0.659 → 0.674  ✓
    ↑ new global best IoU 0.674  [phase Ph2 robot d]
[staged]   Ph2 robot c  zone 2  (uncovered: 12% of target)
    [parallel] 10 worker threads, one renderer clone each
    init sampling: best coverage score 100.0px of uncovered area  (16 samples)
[staged]   → robot c: IoU 0.674 → 0.701  ✓
    ↑ new global best IoU 0.701  [phase Ph2 robot c]
[staged]   Ph2 robot b  zone 0  (uncovered: 17% of target)
    [parallel] 10 worker threads, one renderer clone each
    init sampling: best coverage score 334.0px of uncovered area  (16 samples)
[staged]   → robot b: IoU 0.701 → 0.770  ✓
    ↑ new global best IoU 0.770  [phase Ph2 robot b]
[staged]   Ph2 robot a  zone 4  (uncovered: 34% of target)
    [parallel] 10 worker threads, one renderer clone each
    init sampling: best coverage score 604.0px of uncovered area  (16 samples)
[staged]   → robot a: candidate 0.696 < current 0.770  ✗ rejected
[staged] Phase 2 done — composite IoU: 0.770

[staged] Best snapshot: Phase 2  IoU=0.770
[staged] Manifold final pass — computing Jacobian  (ε=0.020, 60 renders)
[staged] Manifold basis: k=9D / 30D  (variance≥85%, top eigenvalues: ['613291.00', '163774.28', '117247.47', '108026.53', '90753.48'])
[staged] Manifold did not improve (0.764 vs 0.770), keeping best snapshot
[staged] FD refinement — 5 Adam steps  (300 renders, lr=0.01, ε=0.02)
    ↑ new global best IoU 0.787  [FD refinement]
[staged] FD done — IoU: 0.787  (Δ=+0.017)  ✓
[staged] Done — final IoU: 0.787  loss: 0.2132
[staged] Popsize: per-robot phases=32  final=32  (theory optimum for 6 DOF = 10)

[staged] Hungarian pre-assignment  (5×5 cost matrix, 8 samples/entry = 200 renders)...
[staged]   robot_a → zone 1  robot_b → zone 3  robot_c → zone 4  robot_d → zone 0  robot_e → zone 2

[staged] Phase 1 — forward greedy  (8 iters × 5 robot(s), sigma=0.40×1.00, popsize=32)
[staged]   Ph1 robot a  zone 1  (uncovered: 20% of target)
    [parallel] 10 worker threads, one renderer clone each
    init sampling: best coverage score 576.0px of uncovered area  (16 samples)
[staged]   → robot a: IoU 0.217 → 0.509  ✓
    ↑ new global best IoU 0.509  [phase Ph1 robot a]
[staged]   Ph1 robot b  zone 3  (uncovered: 5% of target)
    [parallel] 10 worker threads, one renderer clone each
    init sampling: best coverage score 188.0px of uncovered area  (16 samples)
[staged]   → robot b: IoU 0.509 → 0.645  ✓
    ↑ new global best IoU 0.645  [phase Ph1 robot b]
[staged]   Ph1 robot c  zone 4  (uncovered: 8% of target)
    [parallel] 10 worker threads, one renderer clone each
    init sampling: best coverage score 227.0px of uncovered area  (16 samples)
[staged]   → robot c: IoU 0.645 → 0.680  ✓
    ↑ new global best IoU 0.680  [phase Ph1 robot c]
[staged]   Ph1 robot d  zone 0  (uncovered: 0% of target)
    [parallel] 10 worker threads, one renderer clone each
    init sampling: best coverage score 1.0px of uncovered area  (16 samples)
[staged]   → robot d: IoU 0.680 → 0.684  ✓
    ↑ new global best IoU 0.684  [phase Ph1 robot d]
[staged]   Ph1 robot e  zone 2  (uncovered: 1% of target)
    [parallel] 10 worker threads, one renderer clone each
    init sampling: best coverage score 24.0px of uncovered area  (16 samples)
[staged]   → robot e: IoU 0.684 → 0.698  ✓
    ↑ new global best IoU 0.698  [phase Ph1 robot e]
[staged] Phase 1 done — composite IoU: 0.698

[staged] Phase 2 — backward pass  (8 iters × 5 robots, sigma=0.300)
[staged]   contributions before Phase 2:
[staged]     robot a: +0.208 IoU
[staged]     robot b: +0.070 IoU
[staged]     robot c: +0.047 IoU  ← low
[staged]     robot d: +0.020 IoU  ← low
[staged]     robot e: +0.013 IoU  ← low
[staged]   Ph2 robot e  zone 2  (uncovered: 8% of target)
    [parallel] 10 worker threads, one renderer clone each
    init sampling: best coverage score 57.0px of uncovered area  (16 samples)
[staged]   → robot e: IoU 0.698 → 0.701  ✓
    ↑ new global best IoU 0.701  [phase Ph2 robot e]
[staged]   Ph2 robot d  zone 0  (uncovered: 7% of target)
    [parallel] 10 worker threads, one renderer clone each
    init sampling: best coverage score 61.0px of uncovered area  (16 samples)
[staged]   → robot d: candidate 0.699 < current 0.701  ✗ rejected
[staged]   Ph2 robot c  zone 4  (uncovered: 11% of target)
    [parallel] 10 worker threads, one renderer clone each
    init sampling: best coverage score 123.0px of uncovered area  (16 samples)
[staged]   → robot c: candidate 0.690 < current 0.701  ✗ rejected
[staged]   Ph2 robot b  zone 3  (uncovered: 14% of target)
    [parallel] 10 worker threads, one renderer clone each
    init sampling: best coverage score 281.0px of uncovered area  (16 samples)
[staged]   → robot b: candidate 0.698 < current 0.701  ✗ rejected
[staged]   Ph2 robot a  zone 1  (uncovered: 47% of target)
    [parallel] 10 worker threads, one renderer clone each
    init sampling: best coverage score 718.0px of uncovered area  (16 samples)
[staged]   → robot a: IoU 0.701 → 0.713  ✓
    ↑ new global best IoU 0.713  [phase Ph2 robot a]
[staged] Phase 2 done — composite IoU: 0.713

[staged] Best snapshot: Phase 2  IoU=0.713
[staged] Manifold final pass — computing Jacobian  (ε=0.020, 60 renders)
[staged] Manifold basis: k=7D / 30D  (variance≥85%, top eigenvalues: ['779499.25', '249003.36', '131273.03', '116216.35', '91004.38'])
    ↑ new global best IoU 0.717  [manifold final pass]
[staged] Manifold done — IoU: 0.717  (Δ=+0.004)  ✓
[staged] FD refinement — 5 Adam steps  (300 renders, lr=0.01, ε=0.02)
    ↑ new global best IoU 0.728  [FD refinement]
[staged] FD done — IoU: 0.728  (Δ=+0.011)  ✓
[staged] Done — final IoU: 0.728  loss: 0.2737
[staged] Popsize: per-robot phases=32  final=32  (theory optimum for 6 DOF = 10)

[staged] Hungarian pre-assignment  (5×5 cost matrix, 8 samples/entry = 200 renders)...
[staged]   robot_a → zone 0  robot_b → zone 1  robot_c → zone 4  robot_d → zone 2  robot_e → zone 3

[staged] Phase 1 — forward greedy  (8 iters × 5 robot(s), sigma=0.40×1.00, popsize=32)
[staged]   Ph1 robot a  zone 0  (uncovered: 22% of target)
    [parallel] 10 worker threads, one renderer clone each
    init sampling: best coverage score 658.0px of uncovered area  (16 samples)
[staged]   → robot a: IoU 0.217 → 0.492  ✓
    ↑ new global best IoU 0.492  [phase Ph1 robot a]
[staged]   Ph1 robot b  zone 1  (uncovered: 0% of target)
    [parallel] 10 worker threads, one renderer clone each
    init sampling: best coverage score 0.0px of uncovered area  (16 samples)
[staged]   → robot b: IoU 0.492 → 0.557  ✓
    ↑ new global best IoU 0.557  [phase Ph1 robot b]
[staged]   Ph1 robot c  zone 4  (uncovered: 7% of target)
    [parallel] 10 worker threads, one renderer clone each
    init sampling: best coverage score 177.0px of uncovered area  (16 samples)
[staged]   → robot c: IoU 0.557 → 0.588  ✓
    ↑ new global best IoU 0.588  [phase Ph1 robot c]
[staged]   Ph1 robot d  zone 2  (uncovered: 6% of target)
    [parallel] 10 worker threads, one renderer clone each
    init sampling: best coverage score 20.0px of uncovered area  (16 samples)
[staged]   → robot d: IoU 0.588 → 0.620  ✓
    ↑ new global best IoU 0.620  [phase Ph1 robot d]
[staged]   Ph1 robot e  zone 3  (uncovered: 0% of target)
    [parallel] 10 worker threads, one renderer clone each
    init sampling: best coverage score 0.0px of uncovered area  (16 samples)
[staged]   → robot e: IoU 0.620 → 0.630  ✓
    ↑ new global best IoU 0.630  [phase Ph1 robot e]
[staged] Phase 1 done — composite IoU: 0.630

[staged] Phase 2 — backward pass  (8 iters × 5 robots, sigma=0.300)
[staged]   contributions before Phase 2:
[staged]     robot a: +0.249 IoU
[staged]     robot b: +0.057 IoU
[staged]     robot c: +0.043 IoU  ← low
[staged]     robot d: +0.041 IoU  ← low
[staged]     robot e: +0.010 IoU  ← low
[staged]   Ph2 robot e  zone 3  (uncovered: 11% of target)
    [parallel] 10 worker threads, one renderer clone each
    init sampling: best coverage score 50.0px of uncovered area  (16 samples)
[staged]   → robot e: IoU 0.630 → 0.642  ✓
    ↑ new global best IoU 0.642  [phase Ph2 robot e]
[staged]   Ph2 robot d  zone 2  (uncovered: 14% of target)
    [parallel] 10 worker threads, one renderer clone each
    init sampling: best coverage score 140.0px of uncovered area  (16 samples)
[staged]   → robot d: candidate 0.640 < current 0.642  ✗ rejected
[staged]   Ph2 robot c  zone 4  (uncovered: 14% of target)
    [parallel] 10 worker threads, one renderer clone each
    init sampling: best coverage score 272.0px of uncovered area  (16 samples)
[staged]   → robot c: IoU 0.642 → 0.646  ✓
    ↑ new global best IoU 0.646  [phase Ph2 robot c]
[staged]   Ph2 robot b  zone 1  (uncovered: 14% of target)
    [parallel] 10 worker threads, one renderer clone each
    init sampling: best coverage score 181.0px of uncovered area  (16 samples)
[staged]   → robot b: candidate 0.644 < current 0.646  ✗ rejected
[staged]   Ph2 robot a  zone 0  (uncovered: 51% of target)
    [parallel] 10 worker threads, one renderer clone each
    init sampling: best coverage score 984.0px of uncovered area  (16 samples)
[staged]   → robot a: IoU 0.646 → 0.704  ✓
    ↑ new global best IoU 0.704  [phase Ph2 robot a]
[staged] Phase 2 done — composite IoU: 0.704

[staged] Best snapshot: Phase 2  IoU=0.704
[staged] Manifold final pass — computing Jacobian  (ε=0.020, 60 renders)
[staged] Manifold basis: k=8D / 30D  (variance≥85%, top eigenvalues: ['675873.50', '150094.72', '121460.78', '100578.16', '75905.70'])
    ↑ new global best IoU 0.718  [manifold final pass]
[staged] Manifold done — IoU: 0.718  (Δ=+0.014)  ✓
[staged] FD refinement — 5 Adam steps  (300 renders, lr=0.01, ε=0.02)
    ↑ new global best IoU 0.730  [FD refinement]
[staged] FD done — IoU: 0.730  (Δ=+0.012)  ✓
[staged] Done — final IoU: 0.730  loss: 0.2710
[shard 0] 4/10 letters_upper/U_dejavusans-bold  best=0.787 mean=0.754±0.022  141s  eta 0.2h
[staged] Popsize: per-robot phases=32  final=32  (theory optimum for 6 DOF = 10)

[staged] Hungarian pre-assignment  (5×5 cost matrix, 8 samples/entry = 200 renders)...
[staged]   robot_a → zone 3  robot_b → zone 4  robot_c → zone 1  robot_d → zone 0  robot_e → zone 2

[staged] Phase 1 — forward greedy  (8 iters × 5 robot(s), sigma=0.40×1.00, popsize=32)
[staged]   Ph1 robot a  zone 3  (uncovered: 16% of target)
    [parallel] 10 worker threads, one renderer clone each
    init sampling: best coverage score 50.0px of uncovered area  (16 samples)
[staged]   → robot a: IoU 0.213 → 0.458  ✓
    ↑ new global best IoU 0.458  [phase Ph1 robot a]
[staged]   Ph1 robot b  zone 4  (uncovered: 9% of target)
    [parallel] 10 worker threads, one renderer clone each
    init sampling: best coverage score 108.0px of uncovered area  (16 samples)
[staged]   → robot b: IoU 0.458 → 0.529  ✓
    ↑ new global best IoU 0.529  [phase Ph1 robot b]
[staged]   Ph1 robot c  zone 1  (uncovered: 5% of target)
    [parallel] 10 worker threads, one renderer clone each
    init sampling: best coverage score 24.0px of uncovered area  (16 samples)
[staged]   → robot c: IoU 0.529 → 0.573  ✓
    ↑ new global best IoU 0.573  [phase Ph1 robot c]
[staged]   Ph1 robot d  zone 0  (uncovered: 2% of target)
    [parallel] 10 worker threads, one renderer clone each
    init sampling: best coverage score 86.0px of uncovered area  (16 samples)
[staged]   → robot d: IoU 0.573 → 0.581  ✓
    ↑ new global best IoU 0.581  [phase Ph1 robot d]
[staged]   Ph1 robot e  zone 2  (uncovered: 0% of target)
    [parallel] 10 worker threads, one renderer clone each
    init sampling: best coverage score 11.0px of uncovered area  (16 samples)
[staged]   → robot e: IoU 0.581 → 0.598  ✓
    ↑ new global best IoU 0.598  [phase Ph1 robot e]
[staged] Phase 1 done — composite IoU: 0.598

[staged] Phase 2 — backward pass  (8 iters × 5 robots, sigma=0.300)
[staged]   contributions before Phase 2:
[staged]     robot a: +0.100 IoU
[staged]     robot b: +0.029 IoU  ← low
[staged]     robot c: +0.046 IoU  ← low
[staged]     robot d: +0.009 IoU  ← low
[staged]     robot e: +0.017 IoU  ← low
[staged]   Ph2 robot e  zone 2  (uncovered: 11% of target)
    [parallel] 10 worker threads, one renderer clone each
    init sampling: best coverage score 34.0px of uncovered area  (16 samples)
[staged]   → robot e: candidate 0.583 < current 0.598  ✗ rejected
[staged]   Ph2 robot d  zone 0  (uncovered: 9% of target)
    [parallel] 10 worker threads, one renderer clone each
    init sampling: best coverage score 90.0px of uncovered area  (16 samples)
[staged]   → robot d: IoU 0.598 → 0.606  ✓
    ↑ new global best IoU 0.606  [phase Ph2 robot d]
[staged]   Ph2 robot c  zone 1  (uncovered: 15% of target)
    [parallel] 10 worker threads, one renderer clone each
    init sampling: best coverage score 74.0px of uncovered area  (16 samples)
[staged]   → robot c: candidate 0.599 < current 0.606  ✗ rejected
[staged]   Ph2 robot b  zone 4  (uncovered: 19% of target)
    [parallel] 10 worker threads, one renderer clone each
    init sampling: best coverage score 121.0px of uncovered area  (16 samples)
[staged]   → robot b: candidate 0.597 < current 0.606  ✗ rejected
[staged]   Ph2 robot a  zone 3  (uncovered: 25% of target)
    [parallel] 10 worker threads, one renderer clone each
    init sampling: best coverage score 254.0px of uncovered area  (16 samples)
[staged]   → robot a: candidate 0.556 < current 0.606  ✗ rejected
[staged] Phase 2 done — composite IoU: 0.606

[staged] Best snapshot: Phase 2  IoU=0.606
[staged] Manifold final pass — computing Jacobian  (ε=0.020, 60 renders)
[staged] Manifold basis: k=9D / 30D  (variance≥85%, top eigenvalues: ['391701.62', '206780.23', '159243.42', '143968.91', '86097.34'])
    ↑ new global best IoU 0.610  [manifold final pass]
[staged] Manifold done — IoU: 0.610  (Δ=+0.005)  ✓
[staged] FD refinement — 5 Adam steps  (300 renders, lr=0.01, ε=0.02)
    ↑ new global best IoU 0.620  [FD refinement]
[staged] FD done — IoU: 0.620  (Δ=+0.010)  ✓
[staged] Done — final IoU: 0.620  loss: 0.3819
[staged] Popsize: per-robot phases=32  final=32  (theory optimum for 6 DOF = 10)

[staged] Hungarian pre-assignment  (5×5 cost matrix, 8 samples/entry = 200 renders)...
[staged]   robot_a → zone 1  robot_b → zone 4  robot_c → zone 0  robot_d → zone 2  robot_e → zone 3

[staged] Phase 1 — forward greedy  (8 iters × 5 robot(s), sigma=0.40×1.00, popsize=32)
[staged]   Ph1 robot a  zone 1  (uncovered: 24% of target)
    [parallel] 10 worker threads, one renderer clone each
    init sampling: best coverage score 285.0px of uncovered area  (16 samples)
[staged]   → robot a: IoU 0.213 → 0.387  ✓
    ↑ new global best IoU 0.387  [phase Ph1 robot a]
[staged]   Ph1 robot b  zone 4  (uncovered: 9% of target)
    [parallel] 10 worker threads, one renderer clone each
    init sampling: best coverage score 247.0px of uncovered area  (16 samples)
[staged]   → robot b: IoU 0.387 → 0.512  ✓
    ↑ new global best IoU 0.512  [phase Ph1 robot b]
[staged]   Ph1 robot c  zone 0  (uncovered: 1% of target)
    [parallel] 10 worker threads, one renderer clone each
    init sampling: best coverage score 33.0px of uncovered area  (16 samples)
[staged]   → robot c: IoU 0.512 → 0.585  ✓
    ↑ new global best IoU 0.585  [phase Ph1 robot c]
[staged]   Ph1 robot d  zone 2  (uncovered: 3% of target)
    [parallel] 10 worker threads, one renderer clone each
    init sampling: best coverage score 113.0px of uncovered area  (16 samples)
[staged]   → robot d: candidate 0.570 < current 0.585  ✗ rejected
[staged]   Ph1 robot e  zone 3  (uncovered: 6% of target)
    [parallel] 10 worker threads, one renderer clone each
    init sampling: best coverage score 106.0px of uncovered area  (16 samples)
[staged]   → robot e: IoU 0.585 → 0.606  ✓
    ↑ new global best IoU 0.606  [phase Ph1 robot e]
[staged] Phase 1 done — composite IoU: 0.606

[staged] Phase 2 — backward pass  (8 iters × 5 robots, sigma=0.300)
[staged]   contributions before Phase 2:
[staged]     robot a: +0.086 IoU
[staged]     robot b: +0.125 IoU
[staged]     robot c: +0.077 IoU
[staged]     robot d: +0.000 IoU  ← low
[staged]     robot e: +0.021 IoU  ← low
[staged]   Ph2 robot e  zone 3  (uncovered: 20% of target)
    [parallel] 10 worker threads, one renderer clone each
    init sampling: best coverage score 141.0px of uncovered area  (16 samples)
[staged]   → robot e: IoU 0.606 → 0.613  ✓
    ↑ new global best IoU 0.613  [phase Ph2 robot e]
[staged]   Ph2 robot d  zone 2  (uncovered: 16% of target)
    [parallel] 10 worker threads, one renderer clone each
    init sampling: best coverage score 121.0px of uncovered area  (16 samples)
[staged]   → robot d: IoU 0.613 → 0.634  ✓
    ↑ new global best IoU 0.634  [phase Ph2 robot d]
[staged]   Ph2 robot c  zone 0  (uncovered: 17% of target)
    [parallel] 10 worker threads, one renderer clone each
    init sampling: best coverage score 83.0px of uncovered area  (16 samples)
[staged]   → robot c: candidate 0.617 < current 0.634  ✗ rejected
[staged]   Ph2 robot b  zone 4  (uncovered: 29% of target)
    [parallel] 10 worker threads, one renderer clone each
    init sampling: best coverage score 523.0px of uncovered area  (16 samples)
[staged]   → robot b: IoU 0.634 → 0.639  ✓
    ↑ new global best IoU 0.639  [phase Ph2 robot b]
[staged]   Ph2 robot a  zone 1  (uncovered: 39% of target)
    [parallel] 10 worker threads, one renderer clone each
    init sampling: best coverage score 319.0px of uncovered area  (16 samples)
[staged]   → robot a: IoU 0.639 → 0.656  ✓
    ↑ new global best IoU 0.656  [phase Ph2 robot a]
[staged] Phase 2 done — composite IoU: 0.656

[staged] Best snapshot: Phase 2  IoU=0.656
[staged] Manifold final pass — computing Jacobian  (ε=0.020, 60 renders)
[staged] Manifold basis: k=7D / 30D  (variance≥85%, top eigenvalues: ['983470.31', '119085.21', '113444.55', '90301.30', '78164.82'])
[staged] Manifold did not improve (0.638 vs 0.656), keeping best snapshot
[staged] FD refinement — 5 Adam steps  (300 renders, lr=0.01, ε=0.02)
    ↑ new global best IoU 0.679  [FD refinement]
[staged] FD done — IoU: 0.679  (Δ=+0.023)  ✓
[staged] Done — final IoU: 0.679  loss: 0.3224
[staged] Popsize: per-robot phases=32  final=32  (theory optimum for 6 DOF = 10)

[staged] Hungarian pre-assignment  (5×5 cost matrix, 8 samples/entry = 200 renders)...
[staged]   robot_a → zone 2  robot_b → zone 4  robot_c → zone 0  robot_d → zone 1  robot_e → zone 3

[staged] Phase 1 — forward greedy  (8 iters × 5 robot(s), sigma=0.40×1.00, popsize=32)
[staged]   Ph1 robot a  zone 2  (uncovered: 21% of target)
    [parallel] 10 worker threads, one renderer clone each
    init sampling: best coverage score 550.0px of uncovered area  (16 samples)
[staged]   → robot a: IoU 0.213 → 0.364  ✓
    ↑ new global best IoU 0.364  [phase Ph1 robot a]
[staged]   Ph1 robot b  zone 4  (uncovered: 3% of target)
    [parallel] 10 worker threads, one renderer clone each
    init sampling: best coverage score 26.0px of uncovered area  (16 samples)
[staged]   → robot b: IoU 0.364 → 0.485  ✓
    ↑ new global best IoU 0.485  [phase Ph1 robot b]
[staged]   Ph1 robot c  zone 0  (uncovered: 9% of target)
    [parallel] 10 worker threads, one renderer clone each
    init sampling: best coverage score 301.0px of uncovered area  (16 samples)
[staged]   → robot c: IoU 0.485 → 0.539  ✓
    ↑ new global best IoU 0.539  [phase Ph1 robot c]
[staged]   Ph1 robot d  zone 1  (uncovered: 6% of target)
    [parallel] 10 worker threads, one renderer clone each
    init sampling: best coverage score 97.0px of uncovered area  (16 samples)
[staged]   → robot d: IoU 0.539 → 0.567  ✓
    ↑ new global best IoU 0.567  [phase Ph1 robot d]
[staged]   Ph1 robot e  zone 3  (uncovered: 10% of target)
    [parallel] 10 worker threads, one renderer clone each
    init sampling: best coverage score 60.0px of uncovered area  (16 samples)
[staged]   → robot e: IoU 0.567 → 0.600  ✓
    ↑ new global best IoU 0.600  [phase Ph1 robot e]
[staged] Phase 1 done — composite IoU: 0.600

[staged] Phase 2 — backward pass  (8 iters × 5 robots, sigma=0.300)
[staged]   contributions before Phase 2:
[staged]     robot a: +0.059 IoU
[staged]     robot b: +0.112 IoU
[staged]     robot c: +0.060 IoU
[staged]     robot d: +0.038 IoU  ← low
[staged]     robot e: +0.033 IoU  ← low
[staged]   Ph2 robot e  zone 3  (uncovered: 16% of target)
    [parallel] 10 worker threads, one renderer clone each
    init sampling: best coverage score 156.0px of uncovered area  (16 samples)
[staged]   → robot e: IoU 0.600 → 0.615  ✓
    ↑ new global best IoU 0.615  [phase Ph2 robot e]
[staged]   Ph2 robot d  zone 1  (uncovered: 13% of target)
    [parallel] 10 worker threads, one renderer clone each
    init sampling: best coverage score 60.0px of uncovered area  (16 samples)
[staged]   → robot d: candidate 0.593 < current 0.615  ✗ rejected
[staged]   Ph2 robot c  zone 0  (uncovered: 17% of target)
    [parallel] 10 worker threads, one renderer clone each
    init sampling: best coverage score 245.0px of uncovered area  (16 samples)
[staged]   → robot c: IoU 0.615 → 0.621  ✓
    ↑ new global best IoU 0.621  [phase Ph2 robot c]
[staged]   Ph2 robot b  zone 4  (uncovered: 28% of target)
    [parallel] 10 worker threads, one renderer clone each
    init sampling: best coverage score 688.0px of uncovered area  (16 samples)
[staged]   → robot b: candidate 0.587 < current 0.621  ✗ rejected
[staged]   Ph2 robot a  zone 2  (uncovered: 21% of target)
    [parallel] 10 worker threads, one renderer clone each
    init sampling: best coverage score 134.0px of uncovered area  (16 samples)
[staged]   → robot a: candidate 0.592 < current 0.621  ✗ rejected
[staged] Phase 2 done — composite IoU: 0.621

[staged] Best snapshot: Phase 2  IoU=0.621
[staged] Manifold final pass — computing Jacobian  (ε=0.020, 60 renders)
[staged] Manifold basis: k=9D / 30D  (variance≥85%, top eigenvalues: ['461999.53', '98871.92', '97995.66', '84235.38', '81660.30'])
    ↑ new global best IoU 0.632  [manifold final pass]
[staged] Manifold done — IoU: 0.632  (Δ=+0.011)  ✓
[staged] FD refinement — 5 Adam steps  (300 renders, lr=0.01, ε=0.02)
    ↑ new global best IoU 0.657  [FD refinement]
[staged] FD done — IoU: 0.657  (Δ=+0.026)  ✓
[staged] Done — final IoU: 0.657  loss: 0.3441
[staged] Popsize: per-robot phases=32  final=32  (theory optimum for 6 DOF = 10)

[staged] Hungarian pre-assignment  (5×5 cost matrix, 8 samples/entry = 200 renders)...
[staged]   robot_a → zone 3  robot_b → zone 1  robot_c → zone 0  robot_d → zone 2  robot_e → zone 4

[staged] Phase 1 — forward greedy  (8 iters × 5 robot(s), sigma=0.40×1.00, popsize=32)
[staged]   Ph1 robot a  zone 3  (uncovered: 16% of target)
    [parallel] 10 worker threads, one renderer clone each
    init sampling: best coverage score 252.0px of uncovered area  (16 samples)
[staged]   → robot a: IoU 0.213 → 0.392  ✓
    ↑ new global best IoU 0.392  [phase Ph1 robot a]
[staged]   Ph1 robot b  zone 1  (uncovered: 9% of target)
    [parallel] 10 worker threads, one renderer clone each
    init sampling: best coverage score 107.0px of uncovered area  (16 samples)
[staged]   → robot b: IoU 0.392 → 0.461  ✓
    ↑ new global best IoU 0.461  [phase Ph1 robot b]
[staged]   Ph1 robot c  zone 0  (uncovered: 11% of target)
    [parallel] 10 worker threads, one renderer clone each
    init sampling: best coverage score 77.0px of uncovered area  (16 samples)
[staged]   → robot c: IoU 0.461 → 0.477  ✓
    ↑ new global best IoU 0.477  [phase Ph1 robot c]
[staged]   Ph1 robot d  zone 2  (uncovered: 3% of target)
    [parallel] 10 worker threads, one renderer clone each
    init sampling: best coverage score 79.0px of uncovered area  (16 samples)
[staged]   → robot d: IoU 0.477 → 0.497  ✓
    ↑ new global best IoU 0.497  [phase Ph1 robot d]
[staged]   Ph1 robot e  zone 4  (uncovered: 4% of target)
    [parallel] 10 worker threads, one renderer clone each
    init sampling: best coverage score 88.0px of uncovered area  (16 samples)
[staged]   → robot e: IoU 0.497 → 0.530  ✓
    ↑ new global best IoU 0.530  [phase Ph1 robot e]
[staged] Phase 1 done — composite IoU: 0.530

[staged] Phase 2 — backward pass  (8 iters × 5 robots, sigma=0.300)
[staged]   contributions before Phase 2:
[staged]     robot a: +0.114 IoU
[staged]     robot b: +0.067 IoU
[staged]     robot c: +0.030 IoU  ← low
[staged]     robot d: +0.034 IoU  ← low
[staged]     robot e: +0.033 IoU  ← low
[staged]   Ph2 robot e  zone 4  (uncovered: 25% of target)
    [parallel] 10 worker threads, one renderer clone each
    init sampling: best coverage score 279.0px of uncovered area  (16 samples)
[staged]   → robot e: IoU 0.530 → 0.550  ✓
    ↑ new global best IoU 0.550  [phase Ph2 robot e]
[staged]   Ph2 robot d  zone 2  (uncovered: 22% of target)
    [parallel] 10 worker threads, one renderer clone each
    init sampling: best coverage score 126.0px of uncovered area  (16 samples)
[staged]   → robot d: IoU 0.550 → 0.553  ✓
    ↑ new global best IoU 0.553  [phase Ph2 robot d]
[staged]   Ph2 robot c  zone 0  (uncovered: 18% of target)
    [parallel] 10 worker threads, one renderer clone each
    init sampling: best coverage score 73.0px of uncovered area  (16 samples)
[staged]   → robot c: candidate 0.549 < current 0.553  ✗ rejected
[staged]   Ph2 robot b  zone 1  (uncovered: 31% of target)
    [parallel] 10 worker threads, one renderer clone each
    init sampling: best coverage score 289.0px of uncovered area  (16 samples)
[staged]   → robot b: candidate 0.537 < current 0.553  ✗ rejected
[staged]   Ph2 robot a  zone 3  (uncovered: 32% of target)
    [parallel] 10 worker threads, one renderer clone each
    init sampling: best coverage score 334.0px of uncovered area  (16 samples)
[staged]   → robot a: IoU 0.553 → 0.577  ✓
    ↑ new global best IoU 0.577  [phase Ph2 robot a]
[staged] Phase 2 done — composite IoU: 0.577

[staged] Best snapshot: Phase 2  IoU=0.577
[staged] Manifold final pass — computing Jacobian  (ε=0.020, 60 renders)
[staged] Manifold basis: k=8D / 30D  (variance≥85%, top eigenvalues: ['542378.44', '458136.53', '170076.11', '125683.96', '100945.55'])
    ↑ new global best IoU 0.608  [manifold final pass]
[staged] Manifold done — IoU: 0.608  (Δ=+0.031)  ✓
[staged] FD refinement — 5 Adam steps  (300 renders, lr=0.01, ε=0.02)
    ↑ new global best IoU 0.647  [FD refinement]
[staged] FD done — IoU: 0.647  (Δ=+0.039)  ✓
[staged] Done — final IoU: 0.647  loss: 0.3537
[staged] Popsize: per-robot phases=32  final=32  (theory optimum for 6 DOF = 10)

[staged] Hungarian pre-assignment  (5×5 cost matrix, 8 samples/entry = 200 renders)...
[staged]   robot_a → zone 3  robot_b → zone 4  robot_c → zone 0  robot_d → zone 2  robot_e → zone 1

[staged] Phase 1 — forward greedy  (8 iters × 5 robot(s), sigma=0.40×1.00, popsize=32)
[staged]   Ph1 robot a  zone 3  (uncovered: 8% of target)
    [parallel] 10 worker threads, one renderer clone each
    init sampling: best coverage score 107.0px of uncovered area  (16 samples)
[staged]   → robot a: IoU 0.213 → 0.405  ✓
    ↑ new global best IoU 0.405  [phase Ph1 robot a]
[staged]   Ph1 robot b  zone 4  (uncovered: 7% of target)
    [parallel] 10 worker threads, one renderer clone each
    init sampling: best coverage score 42.0px of uncovered area  (16 samples)
[staged]   → robot b: candidate 0.376 < current 0.405  ✗ rejected
[staged]   Ph1 robot c  zone 0  (uncovered: 11% of target)
    [parallel] 10 worker threads, one renderer clone each
    init sampling: best coverage score 333.0px of uncovered area  (16 samples)
[staged]   → robot c: IoU 0.405 → 0.459  ✓
    ↑ new global best IoU 0.459  [phase Ph1 robot c]
[staged]   Ph1 robot d  zone 2  (uncovered: 3% of target)
    [parallel] 10 worker threads, one renderer clone each
    init sampling: best coverage score 28.0px of uncovered area  (16 samples)
[staged]   → robot d: IoU 0.459 → 0.479  ✓
    ↑ new global best IoU 0.479  [phase Ph1 robot d]
[staged]   Ph1 robot e  zone 1  (uncovered: 5% of target)
    [parallel] 10 worker threads, one renderer clone each
    init sampling: best coverage score 114.0px of uncovered area  (16 samples)
[staged]   → robot e: IoU 0.479 → 0.513  ✓
    ↑ new global best IoU 0.513  [phase Ph1 robot e]
[staged] Phase 1 done — composite IoU: 0.513

[staged] Phase 2 — backward pass  (8 iters × 5 robots, sigma=0.300)
[staged]   contributions before Phase 2:
[staged]     robot a: +0.128 IoU
[staged]     robot b: +0.000 IoU  ← low
[staged]     robot c: +0.038 IoU  ← low
[staged]     robot d: +0.032 IoU  ← low
[staged]     robot e: +0.035 IoU  ← low
[staged]   Ph2 robot e  zone 1  (uncovered: 18% of target)
    [parallel] 10 worker threads, one renderer clone each
    init sampling: best coverage score 139.0px of uncovered area  (16 samples)
[staged]   → robot e: IoU 0.513 → 0.514  ✓
    ↑ new global best IoU 0.514  [phase Ph2 robot e]
[staged]   Ph2 robot d  zone 2  (uncovered: 19% of target)
    [parallel] 10 worker threads, one renderer clone each
    init sampling: best coverage score 138.0px of uncovered area  (16 samples)
[staged]   → robot d: IoU 0.514 → 0.516  ✓
    ↑ new global best IoU 0.516  [phase Ph2 robot d]
[staged]   Ph2 robot c  zone 0  (uncovered: 25% of target)
    [parallel] 10 worker threads, one renderer clone each
    init sampling: best coverage score 338.0px of uncovered area  (16 samples)
[staged]   → robot c: candidate 0.512 < current 0.516  ✗ rejected
[staged]   Ph2 robot b  zone 4  (uncovered: 15% of target)
    [parallel] 10 worker threads, one renderer clone each
    init sampling: best coverage score 162.0px of uncovered area  (16 samples)
[staged]   → robot b: IoU 0.516 → 0.519  ✓
    ↑ new global best IoU 0.519  [phase Ph2 robot b]
[staged]   Ph2 robot a  zone 3  (uncovered: 44% of target)
    [parallel] 10 worker threads, one renderer clone each
    init sampling: best coverage score 325.0px of uncovered area  (16 samples)
[staged]   → robot a: IoU 0.519 → 0.565  ✓
    ↑ new global best IoU 0.565  [phase Ph2 robot a]
[staged] Phase 2 done — composite IoU: 0.565

[staged] Best snapshot: Phase 2  IoU=0.565
[staged] Manifold final pass — computing Jacobian  (ε=0.020, 60 renders)
[staged] Manifold basis: k=9D / 30D  (variance≥85%, top eigenvalues: ['449260.81', '421297.25', '266443.94', '99757.50', '74411.24'])
[staged] Manifold did not improve (0.561 vs 0.565), keeping best snapshot
[staged] FD refinement — 5 Adam steps  (300 renders, lr=0.01, ε=0.02)
    ↑ new global best IoU 0.596  [FD refinement]
[staged] FD done — IoU: 0.596  (Δ=+0.031)  ✓
[staged] Done — final IoU: 0.596  loss: 0.4059
[shard 0] 5/10 letters_upper/W_dejavusans-bold  best=0.679 mean=0.640±0.029  142s  eta 0.2h
[staged] Popsize: per-robot phases=32  final=32  (theory optimum for 6 DOF = 10)

[staged] Hungarian pre-assignment  (5×5 cost matrix, 8 samples/entry = 200 renders)...
[staged]   robot_a → zone 0  robot_b → zone 3  robot_c → zone 1  robot_d → zone 4  robot_e → zone 2

[staged] Phase 1 — forward greedy  (8 iters × 5 robot(s), sigma=0.40×1.00, popsize=32)
[staged]   Ph1 robot a  zone 0  (uncovered: 14% of target)
    [parallel] 10 worker threads, one renderer clone each
    init sampling: best coverage score 440.0px of uncovered area  (16 samples)
[staged]   → robot a: IoU 0.157 → 0.398  ✓
    ↑ new global best IoU 0.398  [phase Ph1 robot a]
[staged]   Ph1 robot b  zone 3  (uncovered: 5% of target)
    [parallel] 10 worker threads, one renderer clone each
    init sampling: best coverage score 147.0px of uncovered area  (16 samples)
[staged]   → robot b: IoU 0.398 → 0.426  ✓
    ↑ new global best IoU 0.426  [phase Ph1 robot b]
[staged]   Ph1 robot c  zone 1  (uncovered: 3% of target)
    [parallel] 10 worker threads, one renderer clone each
    init sampling: best coverage score 19.0px of uncovered area  (16 samples)
[staged]   → robot c: IoU 0.426 → 0.493  ✓
    ↑ new global best IoU 0.493  [phase Ph1 robot c]
[staged]   Ph1 robot d  zone 4  (uncovered: 7% of target)
    [parallel] 10 worker threads, one renderer clone each
    init sampling: best coverage score 83.0px of uncovered area  (16 samples)
[staged]   → robot d: IoU 0.493 → 0.551  ✓
    ↑ new global best IoU 0.551  [phase Ph1 robot d]
[staged]   Ph1 robot e  zone 2  (uncovered: 1% of target)
    [parallel] 10 worker threads, one renderer clone each
    init sampling: best coverage score 3.0px of uncovered area  (16 samples)
[staged]   → robot e: IoU 0.551 → 0.583  ✓
    ↑ new global best IoU 0.583  [phase Ph1 robot e]
[staged] Phase 1 done — composite IoU: 0.583

[staged] Phase 2 — backward pass  (8 iters × 5 robots, sigma=0.300)
[staged]   contributions before Phase 2:
[staged]     robot a: +0.006 IoU  ← low
[staged]     robot b: +0.019 IoU  ← low
[staged]     robot c: +0.084 IoU
[staged]     robot d: +0.071 IoU
[staged]     robot e: +0.032 IoU  ← low
[staged]   Ph2 robot e  zone 2  (uncovered: 13% of target)
    [parallel] 10 worker threads, one renderer clone each
    init sampling: best coverage score 210.0px of uncovered area  (16 samples)
[staged]   → robot e: IoU 0.583 → 0.599  ✓
    ↑ new global best IoU 0.599  [phase Ph2 robot e]
[staged]   Ph2 robot d  zone 4  (uncovered: 18% of target)
    [parallel] 10 worker threads, one renderer clone each
    init sampling: best coverage score 111.0px of uncovered area  (16 samples)
[staged]   → robot d: candidate 0.576 < current 0.599  ✗ rejected
[staged]   Ph2 robot c  zone 1  (uncovered: 18% of target)
    [parallel] 10 worker threads, one renderer clone each
    init sampling: best coverage score 142.0px of uncovered area  (16 samples)
[staged]   → robot c: candidate 0.567 < current 0.599  ✗ rejected
[staged]   Ph2 robot b  zone 3  (uncovered: 20% of target)
    [parallel] 10 worker threads, one renderer clone each
    init sampling: best coverage score 290.0px of uncovered area  (16 samples)
[staged]   → robot b: IoU 0.599 → 0.634  ✓
    ↑ new global best IoU 0.634  [phase Ph2 robot b]
[staged]   Ph2 robot a  zone 0  (uncovered: 22% of target)
    [parallel] 10 worker threads, one renderer clone each
    init sampling: best coverage score 249.0px of uncovered area  (16 samples)
[staged]   → robot a: IoU 0.634 → 0.643  ✓
    ↑ new global best IoU 0.643  [phase Ph2 robot a]
[staged] Phase 2 done — composite IoU: 0.643

[staged] Best snapshot: Phase 2  IoU=0.643
[staged] Manifold final pass — computing Jacobian  (ε=0.020, 60 renders)
[staged] Manifold basis: k=10D / 30D  (variance≥85%, top eigenvalues: ['296994.66', '242569.28', '217936.92', '100385.58', '89297.19'])
    ↑ new global best IoU 0.652  [manifold final pass]
[staged] Manifold done — IoU: 0.652  (Δ=+0.008)  ✓
[staged] FD refinement — 5 Adam steps  (300 renders, lr=0.01, ε=0.02)
    ↑ new global best IoU 0.671  [FD refinement]
[staged] FD done — IoU: 0.671  (Δ=+0.020)  ✓
[staged] Done — final IoU: 0.671  loss: 0.3309
[staged] Popsize: per-robot phases=32  final=32  (theory optimum for 6 DOF = 10)

[staged] Hungarian pre-assignment  (5×5 cost matrix, 8 samples/entry = 200 renders)...
[staged]   robot_a → zone 4  robot_b → zone 3  robot_c → zone 0  robot_d → zone 2  robot_e → zone 1

[staged] Phase 1 — forward greedy  (8 iters × 5 robot(s), sigma=0.40×1.00, popsize=32)
[staged]   Ph1 robot a  zone 4  (uncovered: 24% of target)
    [parallel] 10 worker threads, one renderer clone each
    init sampling: best coverage score 288.0px of uncovered area  (16 samples)
[staged]   → robot a: IoU 0.157 → 0.488  ✓
    ↑ new global best IoU 0.488  [phase Ph1 robot a]
[staged]   Ph1 robot b  zone 3  (uncovered: 11% of target)
    [parallel] 10 worker threads, one renderer clone each
    init sampling: best coverage score 231.0px of uncovered area  (16 samples)
[staged]   → robot b: IoU 0.488 → 0.524  ✓
    ↑ new global best IoU 0.524  [phase Ph1 robot b]
[staged]   Ph1 robot c  zone 0  (uncovered: 12% of target)
    [parallel] 10 worker threads, one renderer clone each
    init sampling: best coverage score 93.0px of uncovered area  (16 samples)
[staged]   → robot c: IoU 0.524 → 0.557  ✓
    ↑ new global best IoU 0.557  [phase Ph1 robot c]
[staged]   Ph1 robot d  zone 2  (uncovered: 3% of target)
    [parallel] 10 worker threads, one renderer clone each
    init sampling: best coverage score 52.0px of uncovered area  (16 samples)
[staged]   → robot d: IoU 0.557 → 0.573  ✓
    ↑ new global best IoU 0.573  [phase Ph1 robot d]
[staged]   Ph1 robot e  zone 1  (uncovered: 3% of target)
    [parallel] 10 worker threads, one renderer clone each
    init sampling: best coverage score 109.0px of uncovered area  (16 samples)
[staged]   → robot e: IoU 0.573 → 0.608  ✓
    ↑ new global best IoU 0.608  [phase Ph1 robot e]
[staged] Phase 1 done — composite IoU: 0.608

[staged] Phase 2 — backward pass  (8 iters × 5 robots, sigma=0.300)
[staged]   contributions before Phase 2:
[staged]     robot a: +0.110 IoU
[staged]     robot b: +0.022 IoU  ← low
[staged]     robot c: +0.048 IoU  ← low
[staged]     robot d: +0.021 IoU  ← low
[staged]     robot e: +0.035 IoU  ← low
[staged]   Ph2 robot e  zone 1  (uncovered: 17% of target)
    [parallel] 10 worker threads, one renderer clone each
    init sampling: best coverage score 71.0px of uncovered area  (16 samples)
[staged]   → robot e: candidate 0.598 < current 0.608  ✗ rejected
[staged]   Ph2 robot d  zone 2  (uncovered: 15% of target)
    [parallel] 10 worker threads, one renderer clone each
    init sampling: best coverage score 22.0px of uncovered area  (16 samples)
[staged]   → robot d: candidate 0.606 < current 0.608  ✗ rejected
[staged]   Ph2 robot c  zone 0  (uncovered: 20% of target)
    [parallel] 10 worker threads, one renderer clone each
    init sampling: best coverage score 110.0px of uncovered area  (16 samples)
[staged]   → robot c: candidate 0.607 < current 0.608  ✗ rejected
[staged]   Ph2 robot b  zone 3  (uncovered: 25% of target)
    [parallel] 10 worker threads, one renderer clone each
    init sampling: best coverage score 316.0px of uncovered area  (16 samples)
[staged]   → robot b: IoU 0.608 → 0.623  ✓
    ↑ new global best IoU 0.623  [phase Ph2 robot b]
[staged]   Ph2 robot a  zone 4  (uncovered: 29% of target)
    [parallel] 10 worker threads, one renderer clone each
    init sampling: best coverage score 247.0px of uncovered area  (16 samples)
[staged]   → robot a: candidate 0.605 < current 0.623  ✗ rejected
[staged] Phase 2 done — composite IoU: 0.623

[staged] Best snapshot: Phase 2  IoU=0.623
[staged] Manifold final pass — computing Jacobian  (ε=0.020, 60 renders)
[staged] Manifold basis: k=7D / 30D  (variance≥85%, top eigenvalues: ['389996.28', '262010.39', '165584.69', '92864.12', '70497.91'])
    ↑ new global best IoU 0.649  [manifold final pass]
[staged] Manifold done — IoU: 0.649  (Δ=+0.026)  ✓
[staged] FD refinement — 5 Adam steps  (300 renders, lr=0.01, ε=0.02)
    ↑ new global best IoU 0.654  [FD refinement]
[staged] FD done — IoU: 0.654  (Δ=+0.006)  ✓
[staged] Done — final IoU: 0.654  loss: 0.3479
[staged] Popsize: per-robot phases=32  final=32  (theory optimum for 6 DOF = 10)

[staged] Hungarian pre-assignment  (5×5 cost matrix, 8 samples/entry = 200 renders)...
[staged]   robot_a → zone 1  robot_b → zone 4  robot_c → zone 2  robot_d → zone 3  robot_e → zone 0

[staged] Phase 1 — forward greedy  (8 iters × 5 robot(s), sigma=0.40×1.00, popsize=32)
[staged]   Ph1 robot a  zone 1  (uncovered: 18% of target)
    [parallel] 10 worker threads, one renderer clone each
    init sampling: best coverage score 563.0px of uncovered area  (16 samples)
[staged]   → robot a: IoU 0.157 → 0.439  ✓
    ↑ new global best IoU 0.439  [phase Ph1 robot a]
[staged]   Ph1 robot b  zone 4  (uncovered: 12% of target)
    [parallel] 10 worker threads, one renderer clone each
    init sampling: best coverage score 185.0px of uncovered area  (16 samples)
[staged]   → robot b: IoU 0.439 → 0.494  ✓
    ↑ new global best IoU 0.494  [phase Ph1 robot b]
[staged]   Ph1 robot c  zone 2  (uncovered: 6% of target)
    [parallel] 10 worker threads, one renderer clone each
    init sampling: best coverage score 228.0px of uncovered area  (16 samples)
[staged]   → robot c: IoU 0.494 → 0.545  ✓
    ↑ new global best IoU 0.545  [phase Ph1 robot c]
[staged]   Ph1 robot d  zone 3  (uncovered: 5% of target)
    [parallel] 10 worker threads, one renderer clone each
    init sampling: best coverage score 36.0px of uncovered area  (16 samples)
[staged]   → robot d: IoU 0.545 → 0.568  ✓
    ↑ new global best IoU 0.568  [phase Ph1 robot d]
[staged]   Ph1 robot e  zone 0  (uncovered: 2% of target)
    [parallel] 10 worker threads, one renderer clone each
    init sampling: best coverage score 53.0px of uncovered area  (16 samples)
[staged]   → robot e: IoU 0.568 → 0.631  ✓
    ↑ new global best IoU 0.631  [phase Ph1 robot e]
[staged] Phase 1 done — composite IoU: 0.631

[staged] Phase 2 — backward pass  (8 iters × 5 robots, sigma=0.300)
[staged]   contributions before Phase 2:
[staged]     robot a: +0.096 IoU
[staged]     robot b: +0.037 IoU  ← low
[staged]     robot c: +0.075 IoU
[staged]     robot d: +0.039 IoU  ← low
[staged]     robot e: +0.062 IoU
[staged]   Ph2 robot e  zone 0  (uncovered: 17% of target)
    [parallel] 10 worker threads, one renderer clone each
    init sampling: best coverage score 223.0px of uncovered area  (16 samples)
[staged]   → robot e: candidate 0.604 < current 0.631  ✗ rejected
[staged]   Ph2 robot d  zone 3  (uncovered: 15% of target)
    [parallel] 10 worker threads, one renderer clone each
    init sampling: best coverage score 213.0px of uncovered area  (16 samples)
[staged]   → robot d: IoU 0.631 → 0.644  ✓
    ↑ new global best IoU 0.644  [phase Ph2 robot d]
[staged]   Ph2 robot c  zone 2  (uncovered: 22% of target)
    [parallel] 10 worker threads, one renderer clone each
    init sampling: best coverage score 383.0px of uncovered area  (16 samples)
[staged]   → robot c: IoU 0.644 → 0.666  ✓
    ↑ new global best IoU 0.666  [phase Ph2 robot c]
[staged]   Ph2 robot b  zone 4  (uncovered: 23% of target)
    [parallel] 10 worker threads, one renderer clone each
    init sampling: best coverage score 273.0px of uncovered area  (16 samples)
[staged]   → robot b: candidate 0.634 < current 0.666  ✗ rejected
[staged]   Ph2 robot a  zone 1  (uncovered: 22% of target)
    [parallel] 10 worker threads, one renderer clone each
    init sampling: best coverage score 461.0px of uncovered area  (16 samples)
[staged]   → robot a: candidate 0.640 < current 0.666  ✗ rejected
[staged] Phase 2 done — composite IoU: 0.666

[staged] Best snapshot: Phase 2  IoU=0.666
[staged] Manifold final pass — computing Jacobian  (ε=0.020, 60 renders)
[staged] Manifold basis: k=11D / 30D  (variance≥85%, top eigenvalues: ['268507.03', '236587.58', '212461.38', '125563.37', '64763.63'])
[staged] Manifold did not improve (0.653 vs 0.666), keeping best snapshot
[staged] FD refinement — 5 Adam steps  (300 renders, lr=0.01, ε=0.02)
    ↑ new global best IoU 0.686  [FD refinement]
[staged] FD done — IoU: 0.686  (Δ=+0.020)  ✓
[staged] Done — final IoU: 0.686  loss: 0.3145
[staged] Popsize: per-robot phases=32  final=32  (theory optimum for 6 DOF = 10)

[staged] Hungarian pre-assignment  (5×5 cost matrix, 8 samples/entry = 200 renders)...
[staged]   robot_a → zone 0  robot_b → zone 2  robot_c → zone 1  robot_d → zone 3  robot_e → zone 4

[staged] Phase 1 — forward greedy  (8 iters × 5 robot(s), sigma=0.40×1.00, popsize=32)
[staged]   Ph1 robot a  zone 0  (uncovered: 18% of target)
    [parallel] 10 worker threads, one renderer clone each
    init sampling: best coverage score 602.0px of uncovered area  (16 samples)
[staged]   → robot a: IoU 0.157 → 0.438  ✓
    ↑ new global best IoU 0.438  [phase Ph1 robot a]
[staged]   Ph1 robot b  zone 2  (uncovered: 15% of target)
    [parallel] 10 worker threads, one renderer clone each
    init sampling: best coverage score 384.0px of uncovered area  (16 samples)
[staged]   → robot b: IoU 0.438 → 0.486  ✓
    ↑ new global best IoU 0.486  [phase Ph1 robot b]
[staged]   Ph1 robot c  zone 1  (uncovered: 8% of target)
    [parallel] 10 worker threads, one renderer clone each
    init sampling: best coverage score 81.0px of uncovered area  (16 samples)
[staged]   → robot c: IoU 0.486 → 0.524  ✓
    ↑ new global best IoU 0.524  [phase Ph1 robot c]
[staged]   Ph1 robot d  zone 3  (uncovered: 4% of target)
    [parallel] 10 worker threads, one renderer clone each
    init sampling: best coverage score 57.0px of uncovered area  (16 samples)
[staged]   → robot d: IoU 0.524 → 0.558  ✓
    ↑ new global best IoU 0.558  [phase Ph1 robot d]
[staged]   Ph1 robot e  zone 4  (uncovered: 3% of target)
    [parallel] 10 worker threads, one renderer clone each
    init sampling: best coverage score 47.0px of uncovered area  (16 samples)
[staged]   → robot e: IoU 0.558 → 0.594  ✓
    ↑ new global best IoU 0.594  [phase Ph1 robot e]
[staged] Phase 1 done — composite IoU: 0.594

[staged] Phase 2 — backward pass  (8 iters × 5 robots, sigma=0.300)
[staged]   contributions before Phase 2:
[staged]     robot a: +0.164 IoU
[staged]     robot b: +0.068 IoU
[staged]     robot c: +0.056 IoU
[staged]     robot d: +0.051 IoU
[staged]     robot e: +0.036 IoU  ← low
[staged]   Ph2 robot e  zone 4  (uncovered: 15% of target)
    [parallel] 10 worker threads, one renderer clone each
    init sampling: best coverage score 30.0px of uncovered area  (16 samples)
[staged]   → robot e: candidate 0.585 < current 0.594  ✗ rejected
[staged]   Ph2 robot d  zone 3  (uncovered: 16% of target)
    [parallel] 10 worker threads, one renderer clone each
    init sampling: best coverage score 124.0px of uncovered area  (16 samples)
[staged]   → robot d: candidate 0.571 < current 0.594  ✗ rejected
[staged]   Ph2 robot c  zone 1  (uncovered: 25% of target)
    [parallel] 10 worker threads, one renderer clone each
    init sampling: best coverage score 373.0px of uncovered area  (16 samples)
[staged]   → robot c: IoU 0.594 → 0.631  ✓
    ↑ new global best IoU 0.631  [phase Ph2 robot c]
[staged]   Ph2 robot b  zone 2  (uncovered: 21% of target)
    [parallel] 10 worker threads, one renderer clone each
    init sampling: best coverage score 184.0px of uncovered area  (16 samples)
[staged]   → robot b: candidate 0.627 < current 0.631  ✗ rejected
[staged]   Ph2 robot a  zone 0  (uncovered: 42% of target)
    [parallel] 10 worker threads, one renderer clone each
    init sampling: best coverage score 1040.0px of uncovered area  (16 samples)
[staged]   → robot a: IoU 0.631 → 0.664  ✓
    ↑ new global best IoU 0.664  [phase Ph2 robot a]
[staged] Phase 2 done — composite IoU: 0.664

[staged] Best snapshot: Phase 2  IoU=0.664
[staged] Manifold final pass — computing Jacobian  (ε=0.020, 60 renders)
[staged] Manifold basis: k=9D / 30D  (variance≥85%, top eigenvalues: ['396692.03', '193654.03', '123606.11', '75803.62', '68978.06'])
[staged] Manifold did not improve (0.664 vs 0.664), keeping best snapshot
[staged] FD refinement — 5 Adam steps  (300 renders, lr=0.01, ε=0.02)
    ↑ new global best IoU 0.687  [FD refinement]
[staged] FD done — IoU: 0.687  (Δ=+0.023)  ✓
[staged] Done — final IoU: 0.687  loss: 0.3144
[staged] Popsize: per-robot phases=32  final=32  (theory optimum for 6 DOF = 10)

[staged] Hungarian pre-assignment  (5×5 cost matrix, 8 samples/entry = 200 renders)...
[staged]   robot_a → zone 3  robot_b → zone 4  robot_c → zone 1  robot_d → zone 2  robot_e → zone 0

[staged] Phase 1 — forward greedy  (8 iters × 5 robot(s), sigma=0.40×1.00, popsize=32)
[staged]   Ph1 robot a  zone 3  (uncovered: 17% of target)
    [parallel] 10 worker threads, one renderer clone each
    init sampling: best coverage score 486.0px of uncovered area  (16 samples)
[staged]   → robot a: IoU 0.157 → 0.452  ✓
    ↑ new global best IoU 0.452  [phase Ph1 robot a]
[staged]   Ph1 robot b  zone 4  (uncovered: 14% of target)
    [parallel] 10 worker threads, one renderer clone each
    init sampling: best coverage score 254.0px of uncovered area  (16 samples)
[staged]   → robot b: IoU 0.452 → 0.455  ✓
    ↑ new global best IoU 0.455  [phase Ph1 robot b]
[staged]   Ph1 robot c  zone 1  (uncovered: 5% of target)
    [parallel] 10 worker threads, one renderer clone each
    init sampling: best coverage score 190.0px of uncovered area  (16 samples)
[staged]   → robot c: IoU 0.455 → 0.522  ✓
    ↑ new global best IoU 0.522  [phase Ph1 robot c]
[staged]   Ph1 robot d  zone 2  (uncovered: 5% of target)
    [parallel] 10 worker threads, one renderer clone each
    init sampling: best coverage score 58.0px of uncovered area  (16 samples)
[staged]   → robot d: IoU 0.522 → 0.552  ✓
    ↑ new global best IoU 0.552  [phase Ph1 robot d]
[staged]   Ph1 robot e  zone 0  (uncovered: 1% of target)
    [parallel] 10 worker threads, one renderer clone each
    init sampling: best coverage score 25.0px of uncovered area  (16 samples)
[staged]   → robot e: IoU 0.552 → 0.598  ✓
    ↑ new global best IoU 0.598  [phase Ph1 robot e]
[staged] Phase 1 done — composite IoU: 0.598

[staged] Phase 2 — backward pass  (8 iters × 5 robots, sigma=0.300)
[staged]   contributions before Phase 2:
[staged]     robot a: +0.136 IoU
[staged]     robot b: +0.007 IoU  ← low
[staged]     robot c: +0.097 IoU
[staged]     robot d: +0.036 IoU  ← low
[staged]     robot e: +0.045 IoU  ← low
[staged]   Ph2 robot e  zone 0  (uncovered: 22% of target)
    [parallel] 10 worker threads, one renderer clone each
    init sampling: best coverage score 145.0px of uncovered area  (16 samples)
[staged]   → robot e: IoU 0.598 → 0.621  ✓
    ↑ new global best IoU 0.621  [phase Ph2 robot e]
[staged]   Ph2 robot d  zone 2  (uncovered: 20% of target)
    [parallel] 10 worker threads, one renderer clone each
    init sampling: best coverage score 85.0px of uncovered area  (16 samples)
[staged]   → robot d: candidate 0.618 < current 0.621  ✗ rejected
[staged]   Ph2 robot c  zone 1  (uncovered: 26% of target)
    [parallel] 10 worker threads, one renderer clone each
    init sampling: best coverage score 49.0px of uncovered area  (16 samples)
[staged]   → robot c: IoU 0.621 → 0.624  ✓
    ↑ new global best IoU 0.624  [phase Ph2 robot c]
[staged]   Ph2 robot b  zone 4  (uncovered: 17% of target)
    [parallel] 10 worker threads, one renderer clone each
    init sampling: best coverage score 250.0px of uncovered area  (16 samples)
[staged]   → robot b: IoU 0.624 → 0.672  ✓
    ↑ new global best IoU 0.672  [phase Ph2 robot b]
[staged]   Ph2 robot a  zone 3  (uncovered: 31% of target)
    [parallel] 10 worker threads, one renderer clone each
    init sampling: best coverage score 908.0px of uncovered area  (16 samples)
[staged]   → robot a: IoU 0.672 → 0.703  ✓
    ↑ new global best IoU 0.703  [phase Ph2 robot a]
[staged] Phase 2 done — composite IoU: 0.703

[staged] Best snapshot: Phase 2  IoU=0.703
[staged] Manifold final pass — computing Jacobian  (ε=0.020, 60 renders)
[staged] Manifold basis: k=11D / 30D  (variance≥85%, top eigenvalues: ['375757.41', '187721.70', '112301.55', '87573.86', '78679.02'])
    ↑ new global best IoU 0.716  [manifold final pass]
[staged] Manifold done — IoU: 0.716  (Δ=+0.013)  ✓
[staged] FD refinement — 5 Adam steps  (300 renders, lr=0.01, ε=0.02)
    ↑ new global best IoU 0.750  [FD refinement]
[staged] FD done — IoU: 0.750  (Δ=+0.034)  ✓
[staged] Done — final IoU: 0.750  loss: 0.2510
[shard 0] 6/10 digits/2_dejavusans-bold  best=0.750 mean=0.690±0.032  141s  eta 0.2h
[staged] Popsize: per-robot phases=32  final=32  (theory optimum for 6 DOF = 10)

[staged] Hungarian pre-assignment  (5×5 cost matrix, 8 samples/entry = 200 renders)...
[staged]   robot_a → zone 1  robot_b → zone 0  robot_c → zone 4  robot_d → zone 3  robot_e → zone 2

[staged] Phase 1 — forward greedy  (8 iters × 5 robot(s), sigma=0.40×1.00, popsize=32)
[staged]   Ph1 robot a  zone 1  (uncovered: 15% of target)
    [parallel] 10 worker threads, one renderer clone each
    init sampling: best coverage score 442.0px of uncovered area  (16 samples)
[staged]   → robot a: IoU 0.113 → 0.402  ✓
    ↑ new global best IoU 0.402  [phase Ph1 robot a]
[staged]   Ph1 robot b  zone 0  (uncovered: 8% of target)
    [parallel] 10 worker threads, one renderer clone each
    init sampling: best coverage score 18.0px of uncovered area  (16 samples)
[staged]   → robot b: IoU 0.402 → 0.506  ✓
    ↑ new global best IoU 0.506  [phase Ph1 robot b]
[staged]   Ph1 robot c  zone 4  (uncovered: 2% of target)
    [parallel] 10 worker threads, one renderer clone each
    init sampling: best coverage score 3.0px of uncovered area  (16 samples)
[staged]   → robot c: IoU 0.506 → 0.559  ✓
    ↑ new global best IoU 0.559  [phase Ph1 robot c]
[staged]   Ph1 robot d  zone 3  (uncovered: 6% of target)
    [parallel] 10 worker threads, one renderer clone each
    init sampling: best coverage score 234.0px of uncovered area  (16 samples)
[staged]   → robot d: IoU 0.559 → 0.589  ✓
    ↑ new global best IoU 0.589  [phase Ph1 robot d]
[staged]   Ph1 robot e  zone 2  (uncovered: 1% of target)
    [parallel] 10 worker threads, one renderer clone each
    init sampling: best coverage score 34.0px of uncovered area  (16 samples)
[staged]   → robot e: IoU 0.589 → 0.629  ✓
    ↑ new global best IoU 0.629  [phase Ph1 robot e]
[staged] Phase 1 done — composite IoU: 0.629

[staged] Phase 2 — backward pass  (8 iters × 5 robots, sigma=0.300)
[staged]   contributions before Phase 2:
[staged]     robot a: +0.172 IoU
[staged]     robot b: +0.097 IoU
[staged]     robot c: +0.087 IoU
[staged]     robot d: +0.056 IoU
[staged]     robot e: +0.040 IoU  ← low
[staged]   Ph2 robot e  zone 2  (uncovered: 15% of target)
    [parallel] 10 worker threads, one renderer clone each
    init sampling: best coverage score 231.0px of uncovered area  (16 samples)
[staged]   → robot e: IoU 0.629 → 0.639  ✓
    ↑ new global best IoU 0.639  [phase Ph2 robot e]
[staged]   Ph2 robot d  zone 3  (uncovered: 13% of target)
    [parallel] 10 worker threads, one renderer clone each
    init sampling: best coverage score 167.0px of uncovered area  (16 samples)
[staged]   → robot d: IoU 0.639 → 0.653  ✓
    ↑ new global best IoU 0.653  [phase Ph2 robot d]
[staged]   Ph2 robot c  zone 4  (uncovered: 16% of target)
    [parallel] 10 worker threads, one renderer clone each
    init sampling: best coverage score 107.0px of uncovered area  (16 samples)
[staged]   → robot c: candidate 0.638 < current 0.653  ✗ rejected
[staged]   Ph2 robot b  zone 0  (uncovered: 25% of target)
    [parallel] 10 worker threads, one renderer clone each
    init sampling: best coverage score 375.0px of uncovered area  (16 samples)
[staged]   → robot b: candidate 0.642 < current 0.653  ✗ rejected
[staged]   Ph2 robot a  zone 1  (uncovered: 36% of target)
    [parallel] 10 worker threads, one renderer clone each
    init sampling: best coverage score 233.0px of uncovered area  (16 samples)
[staged]   → robot a: candidate 0.648 < current 0.653  ✗ rejected
[staged] Phase 2 done — composite IoU: 0.653

[staged] Best snapshot: Phase 2  IoU=0.653
[staged] Manifold final pass — computing Jacobian  (ε=0.020, 60 renders)
[staged] Manifold basis: k=9D / 30D  (variance≥85%, top eigenvalues: ['613887.75', '254518.80', '106814.55', '77007.33', '63823.83'])
    ↑ new global best IoU 0.655  [manifold final pass]
[staged] Manifold done — IoU: 0.655  (Δ=+0.002)  ✓
[staged] FD refinement — 5 Adam steps  (300 renders, lr=0.01, ε=0.02)
    ↑ new global best IoU 0.666  [FD refinement]
[staged] FD done — IoU: 0.666  (Δ=+0.011)  ✓
[staged] Done — final IoU: 0.666  loss: 0.3360
[staged] Popsize: per-robot phases=32  final=32  (theory optimum for 6 DOF = 10)

[staged] Hungarian pre-assignment  (5×5 cost matrix, 8 samples/entry = 200 renders)...
[staged]   robot_a → zone 3  robot_b → zone 4  robot_c → zone 2  robot_d → zone 1  robot_e → zone 0

[staged] Phase 1 — forward greedy  (8 iters × 5 robot(s), sigma=0.40×1.00, popsize=32)
[staged]   Ph1 robot a  zone 3  (uncovered: 22% of target)
    [parallel] 10 worker threads, one renderer clone each
    init sampling: best coverage score 222.0px of uncovered area  (16 samples)
[staged]   → robot a: IoU 0.113 → 0.426  ✓
    ↑ new global best IoU 0.426  [phase Ph1 robot a]
[staged]   Ph1 robot b  zone 4  (uncovered: 10% of target)
    [parallel] 10 worker threads, one renderer clone each
    init sampling: best coverage score 83.0px of uncovered area  (16 samples)
[staged]   → robot b: IoU 0.426 → 0.479  ✓
    ↑ new global best IoU 0.479  [phase Ph1 robot b]
[staged]   Ph1 robot c  zone 2  (uncovered: 9% of target)
    [parallel] 10 worker threads, one renderer clone each
    init sampling: best coverage score 67.0px of uncovered area  (16 samples)
[staged]   → robot c: IoU 0.479 → 0.518  ✓
    ↑ new global best IoU 0.518  [phase Ph1 robot c]
[staged]   Ph1 robot d  zone 1  (uncovered: 5% of target)
    [parallel] 10 worker threads, one renderer clone each
    init sampling: best coverage score 144.0px of uncovered area  (16 samples)
[staged]   → robot d: IoU 0.518 → 0.554  ✓
    ↑ new global best IoU 0.554  [phase Ph1 robot d]
[staged]   Ph1 robot e  zone 0  (uncovered: 6% of target)
    [parallel] 10 worker threads, one renderer clone each
    init sampling: best coverage score 222.0px of uncovered area  (16 samples)
[staged]   → robot e: IoU 0.554 → 0.597  ✓
    ↑ new global best IoU 0.597  [phase Ph1 robot e]
[staged] Phase 1 done — composite IoU: 0.597

[staged] Phase 2 — backward pass  (8 iters × 5 robots, sigma=0.300)
[staged]   contributions before Phase 2:
[staged]     robot a: +0.167 IoU
[staged]     robot b: +0.063 IoU
[staged]     robot c: +0.054 IoU
[staged]     robot d: +0.053 IoU
[staged]     robot e: +0.044 IoU  ← low
[staged]   Ph2 robot e  zone 0  (uncovered: 17% of target)
    [parallel] 10 worker threads, one renderer clone each
    init sampling: best coverage score 182.0px of uncovered area  (16 samples)
[staged]   → robot e: IoU 0.597 → 0.599  ✓
    ↑ new global best IoU 0.599  [phase Ph2 robot e]
[staged]   Ph2 robot d  zone 1  (uncovered: 18% of target)
    [parallel] 10 worker threads, one renderer clone each
    init sampling: best coverage score 147.0px of uncovered area  (16 samples)
[staged]   → robot d: candidate 0.591 < current 0.599  ✗ rejected
[staged]   Ph2 robot c  zone 2  (uncovered: 20% of target)
    [parallel] 10 worker threads, one renderer clone each
    init sampling: best coverage score 140.0px of uncovered area  (16 samples)
[staged]   → robot c: candidate 0.586 < current 0.599  ✗ rejected
[staged]   Ph2 robot b  zone 4  (uncovered: 25% of target)
    [parallel] 10 worker threads, one renderer clone each
    init sampling: best coverage score 571.0px of uncovered area  (16 samples)
[staged]   → robot b: IoU 0.599 → 0.601  ✓
    ↑ new global best IoU 0.601  [phase Ph2 robot b]
[staged]   Ph2 robot a  zone 3  (uncovered: 33% of target)
    [parallel] 10 worker threads, one renderer clone each
    init sampling: best coverage score 284.0px of uncovered area  (16 samples)
[staged]   → robot a: candidate 0.588 < current 0.601  ✗ rejected
[staged] Phase 2 done — composite IoU: 0.601

[staged] Best snapshot: Phase 2  IoU=0.601
[staged] Manifold final pass — computing Jacobian  (ε=0.020, 60 renders)
[staged] Manifold basis: k=11D / 30D  (variance≥85%, top eigenvalues: ['365134.88', '287400.00', '249413.84', '137721.33', '121384.39'])
[staged] Manifold did not improve (0.586 vs 0.601), keeping best snapshot
[staged] FD refinement — 5 Adam steps  (300 renders, lr=0.01, ε=0.02)
    ↑ new global best IoU 0.613  [FD refinement]
[staged] FD done — IoU: 0.613  (Δ=+0.011)  ✓
[staged] Done — final IoU: 0.613  loss: 0.3896
[staged] Popsize: per-robot phases=32  final=32  (theory optimum for 6 DOF = 10)

[staged] Hungarian pre-assignment  (5×5 cost matrix, 8 samples/entry = 200 renders)...
[staged]   robot_a → zone 4  robot_b → zone 0  robot_c → zone 2  robot_d → zone 3  robot_e → zone 1

[staged] Phase 1 — forward greedy  (8 iters × 5 robot(s), sigma=0.40×1.00, popsize=32)
[staged]   Ph1 robot a  zone 4  (uncovered: 12% of target)
    [parallel] 10 worker threads, one renderer clone each
    init sampling: best coverage score 254.0px of uncovered area  (16 samples)
[staged]   → robot a: IoU 0.113 → 0.414  ✓
    ↑ new global best IoU 0.414  [phase Ph1 robot a]
[staged]   Ph1 robot b  zone 0  (uncovered: 5% of target)
    [parallel] 10 worker threads, one renderer clone each
    init sampling: best coverage score 77.0px of uncovered area  (16 samples)
[staged]   → robot b: IoU 0.414 → 0.501  ✓
    ↑ new global best IoU 0.501  [phase Ph1 robot b]
[staged]   Ph1 robot c  zone 2  (uncovered: 5% of target)
    [parallel] 10 worker threads, one renderer clone each
    init sampling: best coverage score 202.0px of uncovered area  (16 samples)
[staged]   → robot c: IoU 0.501 → 0.534  ✓
    ↑ new global best IoU 0.534  [phase Ph1 robot c]
[staged]   Ph1 robot d  zone 3  (uncovered: 7% of target)
    [parallel] 10 worker threads, one renderer clone each
    init sampling: best coverage score 55.0px of uncovered area  (16 samples)
[staged]   → robot d: IoU 0.534 → 0.569  ✓
    ↑ new global best IoU 0.569  [phase Ph1 robot d]
[staged]   Ph1 robot e  zone 1  (uncovered: 8% of target)
    [parallel] 10 worker threads, one renderer clone each
    init sampling: best coverage score 116.0px of uncovered area  (16 samples)
[staged]   → robot e: IoU 0.569 → 0.624  ✓
    ↑ new global best IoU 0.624  [phase Ph1 robot e]
[staged] Phase 1 done — composite IoU: 0.624

[staged] Phase 2 — backward pass  (8 iters × 5 robots, sigma=0.300)
[staged]   contributions before Phase 2:
[staged]     robot a: +0.204 IoU
[staged]     robot b: +0.089 IoU
[staged]     robot c: +0.066 IoU
[staged]     robot d: +0.067 IoU
[staged]     robot e: +0.056 IoU
[staged]   Ph2 robot e  zone 1  (uncovered: 16% of target)
    [parallel] 10 worker threads, one renderer clone each
    init sampling: best coverage score 100.0px of uncovered area  (16 samples)
[staged]   → robot e: IoU 0.624 → 0.625  ✓
    ↑ new global best IoU 0.625  [phase Ph2 robot e]
[staged]   Ph2 robot d  zone 3  (uncovered: 17% of target)
    [parallel] 10 worker threads, one renderer clone each
    init sampling: best coverage score 60.0px of uncovered area  (16 samples)
[staged]   → robot d: candidate 0.617 < current 0.625  ✗ rejected
[staged]   Ph2 robot c  zone 2  (uncovered: 18% of target)
    [parallel] 10 worker threads, one renderer clone each
    init sampling: best coverage score 209.0px of uncovered area  (16 samples)
[staged]   → robot c: IoU 0.625 → 0.629  ✓
    ↑ new global best IoU 0.629  [phase Ph2 robot c]
[staged]   Ph2 robot b  zone 0  (uncovered: 26% of target)
    [parallel] 10 worker threads, one renderer clone each
    init sampling: best coverage score 413.0px of uncovered area  (16 samples)
[staged]   → robot b: candidate 0.617 < current 0.629  ✗ rejected
[staged]   Ph2 robot a  zone 4  (uncovered: 38% of target)
    [parallel] 10 worker threads, one renderer clone each
    init sampling: best coverage score 646.0px of uncovered area  (16 samples)
[staged]   → robot a: candidate 0.616 < current 0.629  ✗ rejected
[staged] Phase 2 done — composite IoU: 0.629

[staged] Best snapshot: Phase 2  IoU=0.629
[staged] Manifold final pass — computing Jacobian  (ε=0.020, 60 renders)
[staged] Manifold basis: k=10D / 30D  (variance≥85%, top eigenvalues: ['423623.88', '147719.69', '114350.84', '51643.65', '41206.92'])
[staged] Manifold done — IoU: 0.628  (Δ=-0.000)  ✓
[staged] FD refinement — 5 Adam steps  (300 renders, lr=0.01, ε=0.02)
    ↑ new global best IoU 0.648  [FD refinement]
[staged] FD done — IoU: 0.648  (Δ=+0.019)  ✓
[staged] Done — final IoU: 0.648  loss: 0.3542
[staged] Popsize: per-robot phases=32  final=32  (theory optimum for 6 DOF = 10)

[staged] Hungarian pre-assignment  (5×5 cost matrix, 8 samples/entry = 200 renders)...
[staged]   robot_a → zone 0  robot_b → zone 4  robot_c → zone 3  robot_d → zone 1  robot_e → zone 2

[staged] Phase 1 — forward greedy  (8 iters × 5 robot(s), sigma=0.40×1.00, popsize=32)
[staged]   Ph1 robot a  zone 0  (uncovered: 18% of target)
    [parallel] 10 worker threads, one renderer clone each
    init sampling: best coverage score 569.0px of uncovered area  (16 samples)
[staged]   → robot a: IoU 0.113 → 0.383  ✓
    ↑ new global best IoU 0.383  [phase Ph1 robot a]
[staged]   Ph1 robot b  zone 4  (uncovered: 19% of target)
    [parallel] 10 worker threads, one renderer clone each
    init sampling: best coverage score 386.0px of uncovered area  (16 samples)
[staged]   → robot b: IoU 0.383 → 0.441  ✓
    ↑ new global best IoU 0.441  [phase Ph1 robot b]
[staged]   Ph1 robot c  zone 3  (uncovered: 4% of target)
    [parallel] 10 worker threads, one renderer clone each
    init sampling: best coverage score 8.0px of uncovered area  (16 samples)
[staged]   → robot c: IoU 0.441 → 0.443  ✓
    ↑ new global best IoU 0.443  [phase Ph1 robot c]
[staged]   Ph1 robot d  zone 1  (uncovered: 3% of target)
    [parallel] 10 worker threads, one renderer clone each
    init sampling: best coverage score 105.0px of uncovered area  (16 samples)
[staged]   → robot d: IoU 0.443 → 0.458  ✓
    ↑ new global best IoU 0.458  [phase Ph1 robot d]
[staged]   Ph1 robot e  zone 2  (uncovered: 3% of target)
    [parallel] 10 worker threads, one renderer clone each
    init sampling: best coverage score 3.0px of uncovered area  (16 samples)
[staged]   → robot e: IoU 0.458 → 0.513  ✓
    ↑ new global best IoU 0.513  [phase Ph1 robot e]
[staged] Phase 1 done — composite IoU: 0.513

[staged] Phase 2 — backward pass  (8 iters × 5 robots, sigma=0.300)
[staged]   contributions before Phase 2:
[staged]     robot a: +0.197 IoU
[staged]     robot b: +0.080 IoU
[staged]     robot c: +0.019 IoU  ← low
[staged]     robot d: +0.031 IoU  ← low
[staged]     robot e: +0.055 IoU
[staged]   Ph2 robot e  zone 2  (uncovered: 26% of target)
    [parallel] 10 worker threads, one renderer clone each
    init sampling: best coverage score 130.0px of uncovered area  (16 samples)
[staged]   → robot e: candidate 0.496 < current 0.513  ✗ rejected
[staged]   Ph2 robot d  zone 1  (uncovered: 21% of target)
    [parallel] 10 worker threads, one renderer clone each
    init sampling: best coverage score 107.0px of uncovered area  (16 samples)
[staged]   → robot d: IoU 0.513 → 0.519  ✓
    ↑ new global best IoU 0.519  [phase Ph2 robot d]
[staged]   Ph2 robot c  zone 3  (uncovered: 21% of target)
    [parallel] 10 worker threads, one renderer clone each
    init sampling: best coverage score 183.0px of uncovered area  (16 samples)
[staged]   → robot c: IoU 0.519 → 0.548  ✓
    ↑ new global best IoU 0.548  [phase Ph2 robot c]
[staged]   Ph2 robot b  zone 4  (uncovered: 30% of target)
    [parallel] 10 worker threads, one renderer clone each
    init sampling: best coverage score 544.0px of uncovered area  (16 samples)
[staged]   → robot b: IoU 0.548 → 0.572  ✓
    ↑ new global best IoU 0.572  [phase Ph2 robot b]
[staged]   Ph2 robot a  zone 0  (uncovered: 36% of target)
    [parallel] 10 worker threads, one renderer clone each
    init sampling: best coverage score 973.0px of uncovered area  (16 samples)
[staged]   → robot a: IoU 0.572 → 0.596  ✓
    ↑ new global best IoU 0.596  [phase Ph2 robot a]
[staged] Phase 2 done — composite IoU: 0.596

[staged] Best snapshot: Phase 2  IoU=0.596
[staged] Manifold final pass — computing Jacobian  (ε=0.020, 60 renders)
[staged] Manifold basis: k=9D / 30D  (variance≥85%, top eigenvalues: ['294581.84', '261679.64', '253956.64', '121782.36', '72500.66'])
[staged] Manifold did not improve (0.595 vs 0.596), keeping best snapshot
[staged] FD refinement — 5 Adam steps  (300 renders, lr=0.01, ε=0.02)
    ↑ new global best IoU 0.612  [FD refinement]
[staged] FD done — IoU: 0.612  (Δ=+0.016)  ✓
[staged] Done — final IoU: 0.612  loss: 0.3905
[staged] Popsize: per-robot phases=32  final=32  (theory optimum for 6 DOF = 10)

[staged] Hungarian pre-assignment  (5×5 cost matrix, 8 samples/entry = 200 renders)...
[staged]   robot_a → zone 4  robot_b → zone 0  robot_c → zone 2  robot_d → zone 3  robot_e → zone 1

[staged] Phase 1 — forward greedy  (8 iters × 5 robot(s), sigma=0.40×1.00, popsize=32)
[staged]   Ph1 robot a  zone 4  (uncovered: 4% of target)
    [parallel] 10 worker threads, one renderer clone each
    init sampling: best coverage score 165.0px of uncovered area  (16 samples)
[staged]   → robot a: IoU 0.113 → 0.370  ✓
    ↑ new global best IoU 0.370  [phase Ph1 robot a]
[staged]   Ph1 robot b  zone 0  (uncovered: 11% of target)
    [parallel] 10 worker threads, one renderer clone each
    init sampling: best coverage score 198.0px of uncovered area  (16 samples)
[staged]   → robot b: IoU 0.370 → 0.478  ✓
    ↑ new global best IoU 0.478  [phase Ph1 robot b]
[staged]   Ph1 robot c  zone 2  (uncovered: 4% of target)
    [parallel] 10 worker threads, one renderer clone each
    init sampling: best coverage score 83.0px of uncovered area  (16 samples)
[staged]   → robot c: IoU 0.478 → 0.547  ✓
    ↑ new global best IoU 0.547  [phase Ph1 robot c]
[staged]   Ph1 robot d  zone 3  (uncovered: 2% of target)
    [parallel] 10 worker threads, one renderer clone each
    init sampling: best coverage score 40.0px of uncovered area  (16 samples)
[staged]   → robot d: IoU 0.547 → 0.573  ✓
    ↑ new global best IoU 0.573  [phase Ph1 robot d]
[staged]   Ph1 robot e  zone 1  (uncovered: 2% of target)
    [parallel] 10 worker threads, one renderer clone each
    init sampling: best coverage score 48.0px of uncovered area  (16 samples)
[staged]   → robot e: IoU 0.573 → 0.613  ✓
    ↑ new global best IoU 0.613  [phase Ph1 robot e]
[staged] Phase 1 done — composite IoU: 0.613

[staged] Phase 2 — backward pass  (8 iters × 5 robots, sigma=0.300)
[staged]   contributions before Phase 2:
[staged]     robot a: +0.127 IoU
[staged]     robot b: +0.101 IoU
[staged]     robot c: +0.071 IoU
[staged]     robot d: +0.049 IoU  ← low
[staged]     robot e: +0.040 IoU  ← low
[staged]   Ph2 robot e  zone 1  (uncovered: 15% of target)
    [parallel] 10 worker threads, one renderer clone each
    init sampling: best coverage score 155.0px of uncovered area  (16 samples)
[staged]   → robot e: candidate 0.607 < current 0.613  ✗ rejected
[staged]   Ph2 robot d  zone 3  (uncovered: 15% of target)
    [parallel] 10 worker threads, one renderer clone each
    init sampling: best coverage score 184.0px of uncovered area  (16 samples)
[staged]   → robot d: candidate 0.610 < current 0.613  ✗ rejected
[staged]   Ph2 robot c  zone 2  (uncovered: 17% of target)
    [parallel] 10 worker threads, one renderer clone each
    init sampling: best coverage score 142.0px of uncovered area  (16 samples)
[staged]   → robot c: candidate 0.589 < current 0.613  ✗ rejected
[staged]   Ph2 robot b  zone 0  (uncovered: 28% of target)
    [parallel] 10 worker threads, one renderer clone each
    init sampling: best coverage score 433.0px of uncovered area  (16 samples)
[staged]   → robot b: IoU 0.613 → 0.627  ✓
    ↑ new global best IoU 0.627  [phase Ph2 robot b]
[staged]   Ph2 robot a  zone 4  (uncovered: 29% of target)
    [parallel] 10 worker threads, one renderer clone each
    init sampling: best coverage score 625.0px of uncovered area  (16 samples)
[staged]   → robot a: IoU 0.627 → 0.648  ✓
    ↑ new global best IoU 0.648  [phase Ph2 robot a]
[staged] Phase 2 done — composite IoU: 0.648

[staged] Best snapshot: Phase 2  IoU=0.648
[staged] Manifold final pass — computing Jacobian  (ε=0.020, 60 renders)
[staged] Manifold basis: k=10D / 30D  (variance≥85%, top eigenvalues: ['423412.53', '260934.62', '78951.49', '74408.88', '58115.34'])
    ↑ new global best IoU 0.663  [manifold final pass]
[staged] Manifold done — IoU: 0.663  (Δ=+0.015)  ✓
[staged] FD refinement — 5 Adam steps  (300 renders, lr=0.01, ε=0.02)
    ↑ new global best IoU 0.679  [FD refinement]
[staged] FD done — IoU: 0.679  (Δ=+0.016)  ✓
[staged] Done — final IoU: 0.679  loss: 0.3223
[shard 0] 7/10 digits/3_dejavusans-bold  best=0.679 mean=0.644±0.027  141s  eta 0.1h
[staged] Popsize: per-robot phases=32  final=32  (theory optimum for 6 DOF = 10)

[staged] Hungarian pre-assignment  (5×5 cost matrix, 8 samples/entry = 200 renders)...
[staged]   robot_a → zone 4  robot_b → zone 0  robot_c → zone 2  robot_d → zone 3  robot_e → zone 1

[staged] Phase 1 — forward greedy  (8 iters × 5 robot(s), sigma=0.40×1.00, popsize=32)
[staged]   Ph1 robot a  zone 4  (uncovered: 12% of target)
    [parallel] 10 worker threads, one renderer clone each
    init sampling: best coverage score 422.0px of uncovered area  (16 samples)
[staged]   → robot a: IoU 0.128 → 0.451  ✓
    ↑ new global best IoU 0.451  [phase Ph1 robot a]
[staged]   Ph1 robot b  zone 0  (uncovered: 12% of target)
    [parallel] 10 worker threads, one renderer clone each
    init sampling: best coverage score 57.0px of uncovered area  (16 samples)
[staged]   → robot b: IoU 0.451 → 0.543  ✓
    ↑ new global best IoU 0.543  [phase Ph1 robot b]
[staged]   Ph1 robot c  zone 2  (uncovered: 3% of target)
    [parallel] 10 worker threads, one renderer clone each
    init sampling: best coverage score 28.0px of uncovered area  (16 samples)
[staged]   → robot c: IoU 0.543 → 0.594  ✓
    ↑ new global best IoU 0.594  [phase Ph1 robot c]
[staged]   Ph1 robot d  zone 3  (uncovered: 4% of target)
    [parallel] 10 worker threads, one renderer clone each
    init sampling: best coverage score 141.0px of uncovered area  (16 samples)
[staged]   → robot d: IoU 0.594 → 0.603  ✓
    ↑ new global best IoU 0.603  [phase Ph1 robot d]
[staged]   Ph1 robot e  zone 1  (uncovered: 3% of target)
    [parallel] 10 worker threads, one renderer clone each
    init sampling: best coverage score 18.0px of uncovered area  (16 samples)
[staged]   → robot e: IoU 0.603 → 0.647  ✓
    ↑ new global best IoU 0.647  [phase Ph1 robot e]
[staged] Phase 1 done — composite IoU: 0.647

[staged] Phase 2 — backward pass  (8 iters × 5 robots, sigma=0.300)
[staged]   contributions before Phase 2:
[staged]     robot a: +0.221 IoU
[staged]     robot b: +0.081 IoU
[staged]     robot c: +0.056 IoU
[staged]     robot d: -0.000 IoU  ← low
[staged]     robot e: +0.044 IoU  ← low
[staged]   Ph2 robot e  zone 1  (uncovered: 20% of target)
    [parallel] 10 worker threads, one renderer clone each
    init sampling: best coverage score 97.0px of uncovered area  (16 samples)
[staged]   → robot e: candidate 0.611 < current 0.647  ✗ rejected
[staged]   Ph2 robot d  zone 3  (uncovered: 14% of target)
    [parallel] 10 worker threads, one renderer clone each
    init sampling: best coverage score 124.0px of uncovered area  (16 samples)
[staged]   → robot d: IoU 0.647 → 0.673  ✓
    ↑ new global best IoU 0.673  [phase Ph2 robot d]
[staged]   Ph2 robot c  zone 2  (uncovered: 17% of target)
    [parallel] 10 worker threads, one renderer clone each
    init sampling: best coverage score 228.0px of uncovered area  (16 samples)
[staged]   → robot c: candidate 0.646 < current 0.673  ✗ rejected
[staged]   Ph2 robot b  zone 0  (uncovered: 22% of target)
    [parallel] 10 worker threads, one renderer clone each
    init sampling: best coverage score 319.0px of uncovered area  (16 samples)
[staged]   → robot b: IoU 0.673 → 0.679  ✓
    ↑ new global best IoU 0.679  [phase Ph2 robot b]
[staged]   Ph2 robot a  zone 4  (uncovered: 37% of target)
    [parallel] 10 worker threads, one renderer clone each
    init sampling: best coverage score 218.0px of uncovered area  (16 samples)
[staged]   → robot a: candidate 0.570 < current 0.679  ✗ rejected
[staged] Phase 2 done — composite IoU: 0.679

[staged] Best snapshot: Phase 2  IoU=0.679
[staged] Manifold final pass — computing Jacobian  (ε=0.020, 60 renders)
[staged] Manifold basis: k=11D / 30D  (variance≥85%, top eigenvalues: ['492641.12', '269060.56', '115819.02', '93655.27', '72742.96'])
    ↑ new global best IoU 0.697  [manifold final pass]
[staged] Manifold done — IoU: 0.697  (Δ=+0.018)  ✓
[staged] FD refinement — 5 Adam steps  (300 renders, lr=0.01, ε=0.02)
    ↑ new global best IoU 0.716  [FD refinement]
[staged] FD done — IoU: 0.716  (Δ=+0.019)  ✓
[staged] Done — final IoU: 0.716  loss: 0.2855
[staged] Popsize: per-robot phases=32  final=32  (theory optimum for 6 DOF = 10)

[staged] Hungarian pre-assignment  (5×5 cost matrix, 8 samples/entry = 200 renders)...
[staged]   robot_a → zone 2  robot_b → zone 3  robot_c → zone 0  robot_d → zone 1  robot_e → zone 4

[staged] Phase 1 — forward greedy  (8 iters × 5 robot(s), sigma=0.40×1.00, popsize=32)
[staged]   Ph1 robot a  zone 2  (uncovered: 19% of target)
    [parallel] 10 worker threads, one renderer clone each
    init sampling: best coverage score 538.0px of uncovered area  (16 samples)
[staged]   → robot a: IoU 0.128 → 0.448  ✓
    ↑ new global best IoU 0.448  [phase Ph1 robot a]
[staged]   Ph1 robot b  zone 3  (uncovered: 12% of target)
    [parallel] 10 worker threads, one renderer clone each
    init sampling: best coverage score 483.0px of uncovered area  (16 samples)
[staged]   → robot b: IoU 0.448 → 0.533  ✓
    ↑ new global best IoU 0.533  [phase Ph1 robot b]
[staged]   Ph1 robot c  zone 0  (uncovered: 12% of target)
    [parallel] 10 worker threads, one renderer clone each
    init sampling: best coverage score 100.0px of uncovered area  (16 samples)
[staged]   → robot c: IoU 0.533 → 0.595  ✓
    ↑ new global best IoU 0.595  [phase Ph1 robot c]
[staged]   Ph1 robot d  zone 1  (uncovered: 7% of target)
    [parallel] 10 worker threads, one renderer clone each
    init sampling: best coverage score 187.0px of uncovered area  (16 samples)
[staged]   → robot d: IoU 0.595 → 0.627  ✓
    ↑ new global best IoU 0.627  [phase Ph1 robot d]
[staged]   Ph1 robot e  zone 4  (uncovered: 3% of target)
    [parallel] 10 worker threads, one renderer clone each
    init sampling: best coverage score 15.0px of uncovered area  (16 samples)
[staged]   → robot e: IoU 0.627 → 0.655  ✓
    ↑ new global best IoU 0.655  [phase Ph1 robot e]
[staged] Phase 1 done — composite IoU: 0.655

[staged] Phase 2 — backward pass  (8 iters × 5 robots, sigma=0.300)
[staged]   contributions before Phase 2:
[staged]     robot a: +0.147 IoU
[staged]     robot b: +0.068 IoU
[staged]     robot c: +0.060 IoU
[staged]     robot d: +0.043 IoU  ← low
[staged]     robot e: +0.028 IoU  ← low
[staged]   Ph2 robot e  zone 4  (uncovered: 13% of target)
    [parallel] 10 worker threads, one renderer clone each
    init sampling: best coverage score 97.0px of uncovered area  (16 samples)
[staged]   → robot e: candidate 0.648 < current 0.655  ✗ rejected
[staged]   Ph2 robot d  zone 1  (uncovered: 14% of target)
    [parallel] 10 worker threads, one renderer clone each
    init sampling: best coverage score 229.0px of uncovered area  (16 samples)
[staged]   → robot d: IoU 0.655 → 0.656  ✓
    ↑ new global best IoU 0.656  [phase Ph2 robot d]
[staged]   Ph2 robot c  zone 0  (uncovered: 16% of target)
    [parallel] 10 worker threads, one renderer clone each
    init sampling: best coverage score 45.0px of uncovered area  (16 samples)
[staged]   → robot c: candidate 0.621 < current 0.656  ✗ rejected
[staged]   Ph2 robot b  zone 3  (uncovered: 20% of target)
    [parallel] 10 worker threads, one renderer clone each
    init sampling: best coverage score 471.0px of uncovered area  (16 samples)
[staged]   → robot b: candidate 0.640 < current 0.656  ✗ rejected
[staged]   Ph2 robot a  zone 2  (uncovered: 30% of target)
    [parallel] 10 worker threads, one renderer clone each
    init sampling: best coverage score 199.0px of uncovered area  (16 samples)
[staged]   → robot a: candidate 0.627 < current 0.656  ✗ rejected
[staged] Phase 2 done — composite IoU: 0.656

[staged] Best snapshot: Phase 2  IoU=0.656
[staged] Manifold final pass — computing Jacobian  (ε=0.020, 60 renders)
[staged] Manifold basis: k=11D / 30D  (variance≥85%, top eigenvalues: ['622982.75', '256366.25', '149007.56', '117073.36', '109887.52'])
[staged] Manifold did not improve (0.654 vs 0.656), keeping best snapshot
[staged] FD refinement — 5 Adam steps  (300 renders, lr=0.01, ε=0.02)
    ↑ new global best IoU 0.671  [FD refinement]
[staged] FD done — IoU: 0.671  (Δ=+0.015)  ✓
[staged] Done — final IoU: 0.671  loss: 0.3315
[staged] Popsize: per-robot phases=32  final=32  (theory optimum for 6 DOF = 10)

[staged] Hungarian pre-assignment  (5×5 cost matrix, 8 samples/entry = 200 renders)...
[staged]   robot_a → zone 2  robot_b → zone 1  robot_c → zone 4  robot_d → zone 0  robot_e → zone 3

[staged] Phase 1 — forward greedy  (8 iters × 5 robot(s), sigma=0.40×1.00, popsize=32)
[staged]   Ph1 robot a  zone 2  (uncovered: 26% of target)
    [parallel] 10 worker threads, one renderer clone each
    init sampling: best coverage score 321.0px of uncovered area  (16 samples)
[staged]   → robot a: IoU 0.128 → 0.463  ✓
    ↑ new global best IoU 0.463  [phase Ph1 robot a]
[staged]   Ph1 robot b  zone 1  (uncovered: 3% of target)
    [parallel] 10 worker threads, one renderer clone each
    init sampling: best coverage score 101.0px of uncovered area  (16 samples)
[staged]   → robot b: IoU 0.463 → 0.531  ✓
    ↑ new global best IoU 0.531  [phase Ph1 robot b]
[staged]   Ph1 robot c  zone 4  (uncovered: 7% of target)
    [parallel] 10 worker threads, one renderer clone each
    init sampling: best coverage score 217.0px of uncovered area  (16 samples)
[staged]   → robot c: IoU 0.531 → 0.572  ✓
    ↑ new global best IoU 0.572  [phase Ph1 robot c]
[staged]   Ph1 robot d  zone 0  (uncovered: 1% of target)
    [parallel] 10 worker threads, one renderer clone each
    init sampling: best coverage score 30.0px of uncovered area  (16 samples)
[staged]   → robot d: IoU 0.572 → 0.613  ✓
    ↑ new global best IoU 0.613  [phase Ph1 robot d]
[staged]   Ph1 robot e  zone 3  (uncovered: 3% of target)
    [parallel] 10 worker threads, one renderer clone each
    init sampling: best coverage score 23.0px of uncovered area  (16 samples)
[staged]   → robot e: IoU 0.613 → 0.644  ✓
    ↑ new global best IoU 0.644  [phase Ph1 robot e]
[staged] Phase 1 done — composite IoU: 0.644

[staged] Phase 2 — backward pass  (8 iters × 5 robots, sigma=0.300)
[staged]   contributions before Phase 2:
[staged]     robot a: +0.182 IoU
[staged]     robot b: +0.053 IoU
[staged]     robot c: +0.050 IoU
[staged]     robot d: +0.048 IoU  ← low
[staged]     robot e: +0.031 IoU  ← low
[staged]   Ph2 robot e  zone 3  (uncovered: 15% of target)
    [parallel] 10 worker threads, one renderer clone each
    init sampling: best coverage score 71.0px of uncovered area  (16 samples)
[staged]   → robot e: IoU 0.644 → 0.655  ✓
    ↑ new global best IoU 0.655  [phase Ph2 robot e]
[staged]   Ph2 robot d  zone 0  (uncovered: 15% of target)
    [parallel] 10 worker threads, one renderer clone each
    init sampling: best coverage score 185.0px of uncovered area  (16 samples)
[staged]   → robot d: IoU 0.655 → 0.662  ✓
    ↑ new global best IoU 0.662  [phase Ph2 robot d]
[staged]   Ph2 robot c  zone 4  (uncovered: 18% of target)
    [parallel] 10 worker threads, one renderer clone each
    init sampling: best coverage score 169.0px of uncovered area  (16 samples)
[staged]   → robot c: candidate 0.655 < current 0.662  ✗ rejected
[staged]   Ph2 robot b  zone 1  (uncovered: 20% of target)
    [parallel] 10 worker threads, one renderer clone each
    init sampling: best coverage score 560.0px of uncovered area  (16 samples)
[staged]   → robot b: IoU 0.662 → 0.677  ✓
    ↑ new global best IoU 0.677  [phase Ph2 robot b]
[staged]   Ph2 robot a  zone 2  (uncovered: 35% of target)
    [parallel] 10 worker threads, one renderer clone each
    init sampling: best coverage score 695.0px of uncovered area  (16 samples)
[staged]   → robot a: candidate 0.653 < current 0.677  ✗ rejected
[staged] Phase 2 done — composite IoU: 0.677

[staged] Best snapshot: Phase 2  IoU=0.677
[staged] Manifold final pass — computing Jacobian  (ε=0.020, 60 renders)
[staged] Manifold basis: k=9D / 30D  (variance≥85%, top eigenvalues: ['507667.94', '183664.25', '164798.39', '137724.30', '125837.54'])
[staged] Manifold did not improve (0.653 vs 0.677), keeping best snapshot
[staged] FD refinement — 5 Adam steps  (300 renders, lr=0.01, ε=0.02)
    ↑ new global best IoU 0.679  [FD refinement]
[staged] FD done — IoU: 0.679  (Δ=+0.002)  ✓
[staged] Done — final IoU: 0.679  loss: 0.3231
[staged] Popsize: per-robot phases=32  final=32  (theory optimum for 6 DOF = 10)

[staged] Hungarian pre-assignment  (5×5 cost matrix, 8 samples/entry = 200 renders)...
[staged]   robot_a → zone 0  robot_b → zone 1  robot_c → zone 4  robot_d → zone 3  robot_e → zone 2

[staged] Phase 1 — forward greedy  (8 iters × 5 robot(s), sigma=0.40×1.00, popsize=32)
[staged]   Ph1 robot a  zone 0  (uncovered: 19% of target)
    [parallel] 10 worker threads, one renderer clone each
    init sampling: best coverage score 673.0px of uncovered area  (16 samples)
[staged]   → robot a: IoU 0.128 → 0.459  ✓
    ↑ new global best IoU 0.459  [phase Ph1 robot a]
[staged]   Ph1 robot b  zone 1  (uncovered: 11% of target)
    [parallel] 10 worker threads, one renderer clone each
    init sampling: best coverage score 143.0px of uncovered area  (16 samples)
[staged]   → robot b: IoU 0.459 → 0.546  ✓
    ↑ new global best IoU 0.546  [phase Ph1 robot b]
[staged]   Ph1 robot c  zone 4  (uncovered: 1% of target)
    [parallel] 10 worker threads, one renderer clone each
    init sampling: best coverage score 31.0px of uncovered area  (16 samples)
[staged]   → robot c: IoU 0.546 → 0.598  ✓
    ↑ new global best IoU 0.598  [phase Ph1 robot c]
[staged]   Ph1 robot d  zone 3  (uncovered: 2% of target)
    [parallel] 10 worker threads, one renderer clone each
    init sampling: best coverage score 1.0px of uncovered area  (16 samples)
[staged]   → robot d: IoU 0.598 → 0.621  ✓
    ↑ new global best IoU 0.621  [phase Ph1 robot d]
[staged]   Ph1 robot e  zone 2  (uncovered: 1% of target)
    [parallel] 10 worker threads, one renderer clone each
    init sampling: best coverage score 34.0px of uncovered area  (16 samples)
[staged]   → robot e: IoU 0.621 → 0.646  ✓
    ↑ new global best IoU 0.646  [phase Ph1 robot e]
[staged] Phase 1 done — composite IoU: 0.646

[staged] Phase 2 — backward pass  (8 iters × 5 robots, sigma=0.300)
[staged]   contributions before Phase 2:
[staged]     robot a: +0.148 IoU
[staged]     robot b: +0.084 IoU
[staged]     robot c: +0.067 IoU
[staged]     robot d: +0.034 IoU  ← low
[staged]     robot e: +0.025 IoU  ← low
[staged]   Ph2 robot e  zone 2  (uncovered: 16% of target)
    [parallel] 10 worker threads, one renderer clone each
    init sampling: best coverage score 163.0px of uncovered area  (16 samples)
[staged]   → robot e: IoU 0.646 → 0.659  ✓
    ↑ new global best IoU 0.659  [phase Ph2 robot e]
[staged]   Ph2 robot d  zone 3  (uncovered: 16% of target)
    [parallel] 10 worker threads, one renderer clone each
    init sampling: best coverage score 201.0px of uncovered area  (16 samples)
[staged]   → robot d: candidate 0.649 < current 0.659  ✗ rejected
[staged]   Ph2 robot c  zone 4  (uncovered: 23% of target)
    [parallel] 10 worker threads, one renderer clone each
    init sampling: best coverage score 392.0px of uncovered area  (16 samples)
[staged]   → robot c: IoU 0.659 → 0.671  ✓
    ↑ new global best IoU 0.671  [phase Ph2 robot c]
[staged]   Ph2 robot b  zone 1  (uncovered: 20% of target)
    [parallel] 10 worker threads, one renderer clone each
    init sampling: best coverage score 248.0px of uncovered area  (16 samples)
[staged]   → robot b: IoU 0.671 → 0.693  ✓
    ↑ new global best IoU 0.693  [phase Ph2 robot b]
[staged]   Ph2 robot a  zone 0  (uncovered: 35% of target)
    [parallel] 10 worker threads, one renderer clone each
    init sampling: best coverage score 563.0px of uncovered area  (16 samples)
[staged]   → robot a: candidate 0.687 < current 0.693  ✗ rejected
[staged] Phase 2 done — composite IoU: 0.693

[staged] Best snapshot: Phase 2  IoU=0.693
[staged] Manifold final pass — computing Jacobian  (ε=0.020, 60 renders)
[staged] Manifold basis: k=11D / 30D  (variance≥85%, top eigenvalues: ['332251.28', '196194.41', '182165.02', '137943.39', '112923.04'])
    ↑ new global best IoU 0.701  [manifold final pass]
[staged] Manifold done — IoU: 0.701  (Δ=+0.009)  ✓
[staged] FD refinement — 5 Adam steps  (300 renders, lr=0.01, ε=0.02)
    ↑ new global best IoU 0.716  [FD refinement]
[staged] FD done — IoU: 0.716  (Δ=+0.015)  ✓
[staged] Done — final IoU: 0.716  loss: 0.2854
[staged] Popsize: per-robot phases=32  final=32  (theory optimum for 6 DOF = 10)

[staged] Hungarian pre-assignment  (5×5 cost matrix, 8 samples/entry = 200 renders)...
[staged]   robot_a → zone 4  robot_b → zone 0  robot_c → zone 3  robot_d → zone 2  robot_e → zone 1

[staged] Phase 1 — forward greedy  (8 iters × 5 robot(s), sigma=0.40×1.00, popsize=32)
[staged]   Ph1 robot a  zone 4  (uncovered: 24% of target)
    [parallel] 10 worker threads, one renderer clone each
    init sampling: best coverage score 876.0px of uncovered area  (16 samples)
[staged]   → robot a: IoU 0.128 → 0.504  ✓
    ↑ new global best IoU 0.504  [phase Ph1 robot a]
[staged]   Ph1 robot b  zone 0  (uncovered: 9% of target)
    [parallel] 10 worker threads, one renderer clone each
    init sampling: best coverage score 363.0px of uncovered area  (16 samples)
[staged]   → robot b: IoU 0.504 → 0.583  ✓
    ↑ new global best IoU 0.583  [phase Ph1 robot b]
[staged]   Ph1 robot c  zone 3  (uncovered: 4% of target)
    [parallel] 10 worker threads, one renderer clone each
    init sampling: best coverage score 152.0px of uncovered area  (16 samples)
[staged]   → robot c: IoU 0.583 → 0.619  ✓
    ↑ new global best IoU 0.619  [phase Ph1 robot c]
[staged]   Ph1 robot d  zone 2  (uncovered: 2% of target)
    [parallel] 10 worker threads, one renderer clone each
    init sampling: best coverage score 39.0px of uncovered area  (16 samples)
[staged]   → robot d: IoU 0.619 → 0.648  ✓
    ↑ new global best IoU 0.648  [phase Ph1 robot d]
[staged]   Ph1 robot e  zone 1  (uncovered: 0% of target)
    [parallel] 10 worker threads, one renderer clone each
    init sampling: best coverage score 2.0px of uncovered area  (16 samples)
[staged]   → robot e: IoU 0.648 → 0.673  ✓
    ↑ new global best IoU 0.673  [phase Ph1 robot e]
[staged] Phase 1 done — composite IoU: 0.673

[staged] Phase 2 — backward pass  (8 iters × 5 robots, sigma=0.300)
[staged]   contributions before Phase 2:
[staged]     robot a: +0.230 IoU
[staged]     robot b: +0.061 IoU
[staged]     robot c: -0.002 IoU  ← low
[staged]     robot d: +0.044 IoU  ← low
[staged]     robot e: +0.025 IoU  ← low
[staged]   Ph2 robot e  zone 1  (uncovered: 10% of target)
    [parallel] 10 worker threads, one renderer clone each
    init sampling: best coverage score 126.0px of uncovered area  (16 samples)
[staged]   → robot e: IoU 0.673 → 0.680  ✓
    ↑ new global best IoU 0.680  [phase Ph2 robot e]
[staged]   Ph2 robot d  zone 2  (uncovered: 12% of target)
    [parallel] 10 worker threads, one renderer clone each
    init sampling: best coverage score 82.0px of uncovered area  (16 samples)
[staged]   → robot d: candidate 0.652 < current 0.680  ✗ rejected
[staged]   Ph2 robot c  zone 3  (uncovered: 14% of target)
    [parallel] 10 worker threads, one renderer clone each
    init sampling: best coverage score 130.0px of uncovered area  (16 samples)
[staged]   → robot c: IoU 0.680 → 0.684  ✓
    ↑ new global best IoU 0.684  [phase Ph2 robot c]
[staged]   Ph2 robot b  zone 0  (uncovered: 13% of target)
    [parallel] 10 worker threads, one renderer clone each
    init sampling: best coverage score 180.0px of uncovered area  (16 samples)
[staged]   → robot b: candidate 0.624 < current 0.684  ✗ rejected
[staged]   Ph2 robot a  zone 4  (uncovered: 31% of target)
    [parallel] 10 worker threads, one renderer clone each
    init sampling: best coverage score 993.0px of uncovered area  (16 samples)
[staged]   → robot a: candidate 0.677 < current 0.684  ✗ rejected
[staged] Phase 2 done — composite IoU: 0.684

[staged] Best snapshot: Phase 2  IoU=0.684
[staged] Manifold final pass — computing Jacobian  (ε=0.020, 60 renders)
[staged] Manifold basis: k=10D / 30D  (variance≥85%, top eigenvalues: ['427324.34', '196441.56', '173113.97', '96481.29', '86679.13'])
    ↑ new global best IoU 0.691  [manifold final pass]
[staged] Manifold done — IoU: 0.691  (Δ=+0.007)  ✓
[staged] FD refinement — 5 Adam steps  (300 renders, lr=0.01, ε=0.02)
    ↑ new global best IoU 0.702  [FD refinement]
[staged] FD done — IoU: 0.702  (Δ=+0.011)  ✓
[staged] Done — final IoU: 0.702  loss: 0.2998
[shard 0] 8/10 digits/4_dejavusans-bold  best=0.716 mean=0.697±0.019  141s  eta 0.1h
[staged] Popsize: per-robot phases=32  final=32  (theory optimum for 6 DOF = 10)

[staged] Hungarian pre-assignment  (5×5 cost matrix, 8 samples/entry = 200 renders)...
[staged]   robot_a → zone 2  robot_b → zone 1  robot_c → zone 4  robot_d → zone 0  robot_e → zone 3

[staged] Phase 1 — forward greedy  (8 iters × 5 robot(s), sigma=0.40×1.00, popsize=32)
[staged]   Ph1 robot a  zone 2  (uncovered: 22% of target)
    [parallel] 10 worker threads, one renderer clone each
    init sampling: best coverage score 209.0px of uncovered area  (16 samples)
[staged]   → robot a: IoU 0.067 → 0.454  ✓
    ↑ new global best IoU 0.454  [phase Ph1 robot a]
[staged]   Ph1 robot b  zone 1  (uncovered: 14% of target)
    [parallel] 10 worker threads, one renderer clone each
    init sampling: best coverage score 363.0px of uncovered area  (16 samples)
[staged]   → robot b: IoU 0.454 → 0.540  ✓
    ↑ new global best IoU 0.540  [phase Ph1 robot b]
[staged]   Ph1 robot c  zone 4  (uncovered: 4% of target)
    [parallel] 10 worker threads, one renderer clone each
    init sampling: best coverage score 0.0px of uncovered area  (16 samples)
[staged]   → robot c: IoU 0.540 → 0.592  ✓
    ↑ new global best IoU 0.592  [phase Ph1 robot c]
[staged]   Ph1 robot d  zone 0  (uncovered: 1% of target)
    [parallel] 10 worker threads, one renderer clone each
    init sampling: best coverage score 16.0px of uncovered area  (16 samples)
[staged]   → robot d: IoU 0.592 → 0.626  ✓
    ↑ new global best IoU 0.626  [phase Ph1 robot d]
[staged]   Ph1 robot e  zone 3  (uncovered: 0% of target)
    [parallel] 10 worker threads, one renderer clone each
    init sampling: best coverage score 5.0px of uncovered area  (16 samples)
[staged]   → robot e: IoU 0.626 → 0.669  ✓
    ↑ new global best IoU 0.669  [phase Ph1 robot e]
[staged] Phase 1 done — composite IoU: 0.669

[staged] Phase 2 — backward pass  (8 iters × 5 robots, sigma=0.300)
[staged]   contributions before Phase 2:
[staged]     robot a: +0.156 IoU
[staged]     robot b: +0.107 IoU
[staged]     robot c: +0.090 IoU
[staged]     robot d: +0.063 IoU
[staged]     robot e: +0.043 IoU  ← low
[staged]   Ph2 robot e  zone 3  (uncovered: 13% of target)
    [parallel] 10 worker threads, one renderer clone each
    init sampling: best coverage score 19.0px of uncovered area  (16 samples)
[staged]   → robot e: IoU 0.669 → 0.686  ✓
    ↑ new global best IoU 0.686  [phase Ph2 robot e]
[staged]   Ph2 robot d  zone 0  (uncovered: 14% of target)
    [parallel] 10 worker threads, one renderer clone each
    init sampling: best coverage score 153.0px of uncovered area  (16 samples)
[staged]   → robot d: IoU 0.686 → 0.691  ✓
    ↑ new global best IoU 0.691  [phase Ph2 robot d]
[staged]   Ph2 robot c  zone 4  (uncovered: 15% of target)
    [parallel] 10 worker threads, one renderer clone each
    init sampling: best coverage score 104.0px of uncovered area  (16 samples)
[staged]   → robot c: candidate 0.673 < current 0.691  ✗ rejected
[staged]   Ph2 robot b  zone 1  (uncovered: 25% of target)
    [parallel] 10 worker threads, one renderer clone each
    init sampling: best coverage score 425.0px of uncovered area  (16 samples)
[staged]   → robot b: IoU 0.691 → 0.694  ✓
    ↑ new global best IoU 0.694  [phase Ph2 robot b]
[staged]   Ph2 robot a  zone 2  (uncovered: 25% of target)
    [parallel] 10 worker threads, one renderer clone each
    init sampling: best coverage score 351.0px of uncovered area  (16 samples)
[staged]   → robot a: candidate 0.638 < current 0.694  ✗ rejected
[staged] Phase 2 done — composite IoU: 0.694

[staged] Best snapshot: Phase 2  IoU=0.694
[staged] Manifold final pass — computing Jacobian  (ε=0.020, 60 renders)
[staged] Manifold basis: k=10D / 30D  (variance≥85%, top eigenvalues: ['164139.14', '123490.41', '103598.80', '96571.48', '63388.76'])
[staged] Manifold did not improve (0.664 vs 0.694), keeping best snapshot
[staged] FD refinement — 5 Adam steps  (300 renders, lr=0.01, ε=0.02)
[staged] FD done — IoU: 0.694  (Δ=+0.000)  ✓
[staged] Done — final IoU: 0.694  loss: 0.3065
[staged] Popsize: per-robot phases=32  final=32  (theory optimum for 6 DOF = 10)

[staged] Hungarian pre-assignment  (5×5 cost matrix, 8 samples/entry = 200 renders)...
[staged]   robot_a → zone 1  robot_b → zone 3  robot_c → zone 4  robot_d → zone 2  robot_e → zone 0

[staged] Phase 1 — forward greedy  (8 iters × 5 robot(s), sigma=0.40×1.00, popsize=32)
[staged]   Ph1 robot a  zone 1  (uncovered: 19% of target)
    [parallel] 10 worker threads, one renderer clone each
    init sampling: best coverage score 222.0px of uncovered area  (16 samples)
[staged]   → robot a: IoU 0.067 → 0.463  ✓
    ↑ new global best IoU 0.463  [phase Ph1 robot a]
[staged]   Ph1 robot b  zone 3  (uncovered: 20% of target)
    [parallel] 10 worker threads, one renderer clone each
    init sampling: best coverage score 313.0px of uncovered area  (16 samples)
[staged]   → robot b: IoU 0.463 → 0.541  ✓
    ↑ new global best IoU 0.541  [phase Ph1 robot b]
[staged]   Ph1 robot c  zone 4  (uncovered: 9% of target)
    [parallel] 10 worker threads, one renderer clone each
    init sampling: best coverage score 5.0px of uncovered area  (16 samples)
[staged]   → robot c: IoU 0.541 → 0.600  ✓
    ↑ new global best IoU 0.600  [phase Ph1 robot c]
[staged]   Ph1 robot d  zone 2  (uncovered: 1% of target)
    [parallel] 10 worker threads, one renderer clone each
    init sampling: best coverage score 17.0px of uncovered area  (16 samples)
[staged]   → robot d: IoU 0.600 → 0.628  ✓
    ↑ new global best IoU 0.628  [phase Ph1 robot d]
[staged]   Ph1 robot e  zone 0  (uncovered: 0% of target)
    [parallel] 10 worker threads, one renderer clone each
    init sampling: best loss 21.5659 (16 samples)
[staged]   → robot e: IoU 0.628 → 0.669  ✓
    ↑ new global best IoU 0.669  [phase Ph1 robot e]
[staged] Phase 1 done — composite IoU: 0.669

[staged] Phase 2 — backward pass  (8 iters × 5 robots, sigma=0.300)
[staged]   contributions before Phase 2:
[staged]     robot a: +0.151 IoU
[staged]     robot b: +0.093 IoU
[staged]     robot c: +0.092 IoU
[staged]     robot d: +0.057 IoU
[staged]     robot e: +0.041 IoU  ← low
[staged]   Ph2 robot e  zone 0  (uncovered: 6% of target)
    [parallel] 10 worker threads, one renderer clone each
    init sampling: best coverage score 13.0px of uncovered area  (16 samples)
[staged]   → robot e: candidate 0.630 < current 0.669  ✗ rejected
[staged]   Ph2 robot d  zone 2  (uncovered: 10% of target)
    [parallel] 10 worker threads, one renderer clone each
    init sampling: best coverage score 59.0px of uncovered area  (16 samples)
[staged]   → robot d: candidate 0.663 < current 0.669  ✗ rejected
[staged]   Ph2 robot c  zone 4  (uncovered: 12% of target)
    [parallel] 10 worker threads, one renderer clone each
    init sampling: best coverage score 68.0px of uncovered area  (16 samples)
[staged]   → robot c: candidate 0.666 < current 0.669  ✗ rejected
[staged]   Ph2 robot b  zone 3  (uncovered: 15% of target)
    [parallel] 10 worker threads, one renderer clone each
    init sampling: best coverage score 336.0px of uncovered area  (16 samples)
[staged]   → robot b: candidate 0.657 < current 0.669  ✗ rejected
[staged]   Ph2 robot a  zone 1  (uncovered: 20% of target)
    [parallel] 10 worker threads, one renderer clone each
    init sampling: best coverage score 71.0px of uncovered area  (16 samples)
[staged]   → robot a: candidate 0.648 < current 0.669  ✗ rejected
[staged] Phase 2 done — composite IoU: 0.669

[staged] Best snapshot: Phase 1  IoU=0.669
[staged] Manifold final pass — computing Jacobian  (ε=0.020, 60 renders)
[staged] Manifold basis: k=10D / 30D  (variance≥85%, top eigenvalues: ['354350.28', '253005.70', '182924.30', '91984.34', '63864.66'])
    ↑ new global best IoU 0.707  [manifold final pass]
[staged] Manifold done — IoU: 0.707  (Δ=+0.038)  ✓
[staged] FD refinement — 5 Adam steps  (300 renders, lr=0.01, ε=0.02)
    ↑ new global best IoU 0.722  [FD refinement]
[staged] FD done — IoU: 0.722  (Δ=+0.015)  ✓
[staged] Done — final IoU: 0.722  loss: 0.2793
[staged] Popsize: per-robot phases=32  final=32  (theory optimum for 6 DOF = 10)

[staged] Hungarian pre-assignment  (5×5 cost matrix, 8 samples/entry = 200 renders)...
[staged]   robot_a → zone 2  robot_b → zone 3  robot_c → zone 4  robot_d → zone 1  robot_e → zone 0

[staged] Phase 1 — forward greedy  (8 iters × 5 robot(s), sigma=0.40×1.00, popsize=32)
[staged]   Ph1 robot a  zone 2  (uncovered: 7% of target)
    [parallel] 10 worker threads, one renderer clone each
    init sampling: best coverage score 232.0px of uncovered area  (16 samples)
[staged]   → robot a: IoU 0.067 → 0.463  ✓
    ↑ new global best IoU 0.463  [phase Ph1 robot a]
[staged]   Ph1 robot b  zone 3  (uncovered: 6% of target)
    [parallel] 10 worker threads, one renderer clone each
    init sampling: best coverage score 144.0px of uncovered area  (16 samples)
[staged]   → robot b: IoU 0.463 → 0.540  ✓
    ↑ new global best IoU 0.540  [phase Ph1 robot b]
[staged]   Ph1 robot c  zone 4  (uncovered: 2% of target)
    [parallel] 10 worker threads, one renderer clone each
    init sampling: best coverage score 65.0px of uncovered area  (16 samples)
[staged]   → robot c: IoU 0.540 → 0.596  ✓
    ↑ new global best IoU 0.596  [phase Ph1 robot c]
[staged]   Ph1 robot d  zone 1  (uncovered: 7% of target)
    [parallel] 10 worker threads, one renderer clone each
    init sampling: best coverage score 43.0px of uncovered area  (16 samples)
[staged]   → robot d: IoU 0.596 → 0.635  ✓
    ↑ new global best IoU 0.635  [phase Ph1 robot d]
[staged]   Ph1 robot e  zone 0  (uncovered: 1% of target)
    [parallel] 10 worker threads, one renderer clone each
    init sampling: best coverage score 26.0px of uncovered area  (16 samples)
[staged]   → robot e: IoU 0.635 → 0.703  ✓
    ↑ new global best IoU 0.703  [phase Ph1 robot e]
[staged] Phase 1 done — composite IoU: 0.703

[staged] Phase 2 — backward pass  (8 iters × 5 robots, sigma=0.300)
[staged]   contributions before Phase 2:
[staged]     robot a: +0.139 IoU
[staged]     robot b: +0.136 IoU
[staged]     robot c: +0.089 IoU
[staged]     robot d: +0.081 IoU
[staged]     robot e: +0.069 IoU
[staged]   Ph2 robot e  zone 0  (uncovered: 11% of target)
    [parallel] 10 worker threads, one renderer clone each
    init sampling: best coverage score 27.0px of uncovered area  (16 samples)
[staged]   → robot e: candidate 0.701 < current 0.703  ✗ rejected
[staged]   Ph2 robot d  zone 1  (uncovered: 12% of target)
    [parallel] 10 worker threads, one renderer clone each
    init sampling: best coverage score 110.0px of uncovered area  (16 samples)
[staged]   → robot d: candidate 0.689 < current 0.703  ✗ rejected
[staged]   Ph2 robot c  zone 4  (uncovered: 11% of target)
    [parallel] 10 worker threads, one renderer clone each
    init sampling: best coverage score 53.0px of uncovered area  (16 samples)
[staged]   → robot c: candidate 0.699 < current 0.703  ✗ rejected
[staged]   Ph2 robot b  zone 3  (uncovered: 22% of target)
    [parallel] 10 worker threads, one renderer clone each
    init sampling: best coverage score 408.0px of uncovered area  (16 samples)
[staged]   → robot b: candidate 0.703 < current 0.703  ✗ rejected
[staged]   Ph2 robot a  zone 2  (uncovered: 16% of target)
    [parallel] 10 worker threads, one renderer clone each
    init sampling: best coverage score 242.0px of uncovered area  (16 samples)
[staged]   → robot a: candidate 0.667 < current 0.703  ✗ rejected
[staged] Phase 2 done — composite IoU: 0.703

[staged] Best snapshot: Phase 1  IoU=0.703
[staged] Manifold final pass — computing Jacobian  (ε=0.020, 60 renders)
[staged] Manifold basis: k=8D / 30D  (variance≥85%, top eigenvalues: ['291749.22', '214521.89', '79578.23', '60661.62', '54794.21'])
    ↑ new global best IoU 0.750  [manifold final pass]
[staged] Manifold done — IoU: 0.750  (Δ=+0.046)  ✓
[staged] FD refinement — 5 Adam steps  (300 renders, lr=0.01, ε=0.02)
    ↑ new global best IoU 0.765  [FD refinement]
[staged] FD done — IoU: 0.765  (Δ=+0.015)  ✓
[staged] Done — final IoU: 0.765  loss: 0.2358
[staged] Popsize: per-robot phases=32  final=32  (theory optimum for 6 DOF = 10)

[staged] Hungarian pre-assignment  (5×5 cost matrix, 8 samples/entry = 200 renders)...
[staged]   robot_a → zone 1  robot_b → zone 2  robot_c → zone 4  robot_d → zone 3  robot_e → zone 0

[staged] Phase 1 — forward greedy  (8 iters × 5 robot(s), sigma=0.40×1.00, popsize=32)
[staged]   Ph1 robot a  zone 1  (uncovered: 19% of target)
    [parallel] 10 worker threads, one renderer clone each
    init sampling: best coverage score 587.0px of uncovered area  (16 samples)
[staged]   → robot a: IoU 0.067 → 0.471  ✓
    ↑ new global best IoU 0.471  [phase Ph1 robot a]
[staged]   Ph1 robot b  zone 2  (uncovered: 21% of target)
    [parallel] 10 worker threads, one renderer clone each
    init sampling: best coverage score 419.0px of uncovered area  (16 samples)
[staged]   → robot b: IoU 0.471 → 0.527  ✓
    ↑ new global best IoU 0.527  [phase Ph1 robot b]
[staged]   Ph1 robot c  zone 4  (uncovered: 1% of target)
    [parallel] 10 worker threads, one renderer clone each
    init sampling: best coverage score 3.0px of uncovered area  (16 samples)
[staged]   → robot c: IoU 0.527 → 0.557  ✓
    ↑ new global best IoU 0.557  [phase Ph1 robot c]
[staged]   Ph1 robot d  zone 3  (uncovered: 3% of target)
    [parallel] 10 worker threads, one renderer clone each
    init sampling: best coverage score 49.0px of uncovered area  (16 samples)
[staged]   → robot d: IoU 0.557 → 0.572  ✓
    ↑ new global best IoU 0.572  [phase Ph1 robot d]
[staged]   Ph1 robot e  zone 0  (uncovered: 0% of target)
    [parallel] 10 worker threads, one renderer clone each
    init sampling: best coverage score 0.0px of uncovered area  (16 samples)
[staged]   → robot e: IoU 0.572 → 0.597  ✓
    ↑ new global best IoU 0.597  [phase Ph1 robot e]
[staged] Phase 1 done — composite IoU: 0.597

[staged] Phase 2 — backward pass  (8 iters × 5 robots, sigma=0.300)
[staged]   contributions before Phase 2:
[staged]     robot a: +0.159 IoU
[staged]     robot b: +0.072 IoU
[staged]     robot c: +0.047 IoU  ← low
[staged]     robot d: +0.032 IoU  ← low
[staged]     robot e: +0.025 IoU  ← low
[staged]   Ph2 robot e  zone 0  (uncovered: 2% of target)
    [parallel] 10 worker threads, one renderer clone each
    init sampling: best coverage score 18.0px of uncovered area  (16 samples)
[staged]   → robot e: IoU 0.597 → 0.601  ✓
    ↑ new global best IoU 0.601  [phase Ph2 robot e]
[staged]   Ph2 robot d  zone 3  (uncovered: 2% of target)
    [parallel] 10 worker threads, one renderer clone each
    init sampling: best coverage score 11.0px of uncovered area  (16 samples)
[staged]   → robot d: IoU 0.601 → 0.601  ✓
    ↑ new global best IoU 0.601  [phase Ph2 robot d]
[staged]   Ph2 robot c  zone 4  (uncovered: 7% of target)
    [parallel] 10 worker threads, one renderer clone each
    init sampling: best coverage score 71.0px of uncovered area  (16 samples)
[staged]   → robot c: candidate 0.587 < current 0.601  ✗ rejected
[staged]   Ph2 robot b  zone 2  (uncovered: 11% of target)
    [parallel] 10 worker threads, one renderer clone each
    init sampling: best coverage score 274.0px of uncovered area  (16 samples)
[staged]   → robot b: IoU 0.601 → 0.615  ✓
    ↑ new global best IoU 0.615  [phase Ph2 robot b]
[staged]   Ph2 robot a  zone 1  (uncovered: 21% of target)
    [parallel] 10 worker threads, one renderer clone each
    init sampling: best coverage score 355.0px of uncovered area  (16 samples)
[staged]   → robot a: candidate 0.610 < current 0.615  ✗ rejected
[staged] Phase 2 done — composite IoU: 0.615

[staged] Best snapshot: Phase 2  IoU=0.615
[staged] Manifold final pass — computing Jacobian  (ε=0.020, 60 renders)
[staged] Manifold basis: k=7D / 30D  (variance≥85%, top eigenvalues: ['864183.00', '331269.75', '129484.76', '77862.07', '72002.83'])
    ↑ new global best IoU 0.662  [manifold final pass]
[staged] Manifold done — IoU: 0.662  (Δ=+0.047)  ✓
[staged] FD refinement — 5 Adam steps  (300 renders, lr=0.01, ε=0.02)
    ↑ new global best IoU 0.679  [FD refinement]
[staged] FD done — IoU: 0.679  (Δ=+0.017)  ✓
[staged] Done — final IoU: 0.679  loss: 0.3228
[staged] Popsize: per-robot phases=32  final=32  (theory optimum for 6 DOF = 10)

[staged] Hungarian pre-assignment  (5×5 cost matrix, 8 samples/entry = 200 renders)...
[staged]   robot_a → zone 4  robot_b → zone 3  robot_c → zone 2  robot_d → zone 1  robot_e → zone 0

[staged] Phase 1 — forward greedy  (8 iters × 5 robot(s), sigma=0.40×1.00, popsize=32)
[staged]   Ph1 robot a  zone 4  (uncovered: 14% of target)
    [parallel] 10 worker threads, one renderer clone each
    init sampling: best coverage score 452.0px of uncovered area  (16 samples)
[staged]   → robot a: IoU 0.067 → 0.467  ✓
    ↑ new global best IoU 0.467  [phase Ph1 robot a]
[staged]   Ph1 robot b  zone 3  (uncovered: 6% of target)
    [parallel] 10 worker threads, one renderer clone each
    init sampling: best coverage score 126.0px of uncovered area  (16 samples)
[staged]   → robot b: IoU 0.467 → 0.544  ✓
    ↑ new global best IoU 0.544  [phase Ph1 robot b]
[staged]   Ph1 robot c  zone 2  (uncovered: 3% of target)
    [parallel] 10 worker threads, one renderer clone each
    init sampling: best coverage score 82.0px of uncovered area  (16 samples)
[staged]   → robot c: IoU 0.544 → 0.591  ✓
    ↑ new global best IoU 0.591  [phase Ph1 robot c]
[staged]   Ph1 robot d  zone 1  (uncovered: 3% of target)
    [parallel] 10 worker threads, one renderer clone each
    init sampling: best coverage score 3.0px of uncovered area  (16 samples)
[staged]   → robot d: IoU 0.591 → 0.623  ✓
    ↑ new global best IoU 0.623  [phase Ph1 robot d]
[staged]   Ph1 robot e  zone 0  (uncovered: 10% of target)
    [parallel] 10 worker threads, one renderer clone each
    init sampling: best coverage score 19.0px of uncovered area  (16 samples)
[staged]   → robot e: IoU 0.623 → 0.689  ✓
    ↑ new global best IoU 0.689  [phase Ph1 robot e]
[staged] Phase 1 done — composite IoU: 0.689

[staged] Phase 2 — backward pass  (8 iters × 5 robots, sigma=0.300)
[staged]   contributions before Phase 2:
[staged]     robot a: +0.168 IoU
[staged]     robot b: +0.086 IoU
[staged]     robot c: +0.085 IoU
[staged]     robot d: +0.075 IoU
[staged]     robot e: +0.066 IoU
[staged]   Ph2 robot e  zone 0  (uncovered: 10% of target)
    [parallel] 10 worker threads, one renderer clone each
    init sampling: best coverage score 32.0px of uncovered area  (16 samples)
[staged]   → robot e: candidate 0.681 < current 0.689  ✗ rejected
[staged]   Ph2 robot d  zone 1  (uncovered: 11% of target)
    [parallel] 10 worker threads, one renderer clone each
    init sampling: best coverage score 62.0px of uncovered area  (16 samples)
[staged]   → robot d: candidate 0.688 < current 0.689  ✗ rejected
[staged]   Ph2 robot c  zone 2  (uncovered: 16% of target)
    [parallel] 10 worker threads, one renderer clone each
    init sampling: best coverage score 40.0px of uncovered area  (16 samples)
[staged]   → robot c: IoU 0.689 → 0.712  ✓
    ↑ new global best IoU 0.712  [phase Ph2 robot c]
[staged]   Ph2 robot b  zone 3  (uncovered: 12% of target)
    [parallel] 10 worker threads, one renderer clone each
    init sampling: best coverage score 130.0px of uncovered area  (16 samples)
[staged]   → robot b: IoU 0.712 → 0.714  ✓
    ↑ new global best IoU 0.714  [phase Ph2 robot b]
[staged]   Ph2 robot a  zone 4  (uncovered: 17% of target)
    [parallel] 10 worker threads, one renderer clone each
    init sampling: best coverage score 249.0px of uncovered area  (16 samples)
[staged]   → robot a: candidate 0.681 < current 0.714  ✗ rejected
[staged] Phase 2 done — composite IoU: 0.714

[staged] Best snapshot: Phase 2  IoU=0.714
[staged] Manifold final pass — computing Jacobian  (ε=0.020, 60 renders)
[staged] Manifold basis: k=9D / 30D  (variance≥85%, top eigenvalues: ['419251.72', '260261.98', '254059.34', '144901.92', '103445.38'])
    ↑ new global best IoU 0.735  [manifold final pass]
[staged] Manifold done — IoU: 0.735  (Δ=+0.021)  ✓
[staged] FD refinement — 5 Adam steps  (300 renders, lr=0.01, ε=0.02)
    ↑ new global best IoU 0.752  [FD refinement]
[staged] FD done — IoU: 0.752  (Δ=+0.017)  ✓
[staged] Done — final IoU: 0.752  loss: 0.2487
[shard 0] 9/10 digits/7_dejavusans-bold  best=0.765 mean=0.722±0.033  141s  eta 0.0h
[staged] Popsize: per-robot phases=32  final=32  (theory optimum for 6 DOF = 10)

[staged] Hungarian pre-assignment  (5×5 cost matrix, 8 samples/entry = 200 renders)...
[staged]   robot_a → zone 3  robot_b → zone 1  robot_c → zone 4  robot_d → zone 0  robot_e → zone 2

[staged] Phase 1 — forward greedy  (8 iters × 5 robot(s), sigma=0.40×1.00, popsize=32)
[staged]   Ph1 robot a  zone 3  (uncovered: 6% of target)
    [parallel] 10 worker threads, one renderer clone each
    init sampling: best coverage score 275.0px of uncovered area  (16 samples)
[staged]   → robot a: IoU 0.119 → 0.361  ✓
    ↑ new global best IoU 0.361  [phase Ph1 robot a]
[staged]   Ph1 robot b  zone 1  (uncovered: 13% of target)
    [parallel] 10 worker threads, one renderer clone each
    init sampling: best coverage score 445.0px of uncovered area  (16 samples)
[staged]   → robot b: IoU 0.361 → 0.550  ✓
    ↑ new global best IoU 0.550  [phase Ph1 robot b]
[staged]   Ph1 robot c  zone 4  (uncovered: 2% of target)
    [parallel] 10 worker threads, one renderer clone each
    init sampling: best coverage score 12.0px of uncovered area  (16 samples)
[staged]   → robot c: IoU 0.550 → 0.591  ✓
    ↑ new global best IoU 0.591  [phase Ph1 robot c]
[staged]   Ph1 robot d  zone 0  (uncovered: 1% of target)
    [parallel] 10 worker threads, one renderer clone each
    init sampling: best coverage score 1.0px of uncovered area  (16 samples)
[staged]   → robot d: IoU 0.591 → 0.639  ✓
    ↑ new global best IoU 0.639  [phase Ph1 robot d]
[staged]   Ph1 robot e  zone 2  (uncovered: 6% of target)
    [parallel] 10 worker threads, one renderer clone each
    init sampling: best coverage score 68.0px of uncovered area  (16 samples)
[staged]   → robot e: IoU 0.639 → 0.689  ✓
    ↑ new global best IoU 0.689  [phase Ph1 robot e]
[staged] Phase 1 done — composite IoU: 0.689

[staged] Phase 2 — backward pass  (8 iters × 5 robots, sigma=0.300)
[staged]   contributions before Phase 2:
[staged]     robot a: +0.144 IoU
[staged]     robot b: +0.154 IoU
[staged]     robot c: +0.034 IoU  ← low
[staged]     robot d: +0.064 IoU
[staged]     robot e: +0.050 IoU
[staged]   Ph2 robot e  zone 2  (uncovered: 14% of target)
    [parallel] 10 worker threads, one renderer clone each
    init sampling: best coverage score 146.0px of uncovered area  (16 samples)
[staged]   → robot e: candidate 0.685 < current 0.689  ✗ rejected
[staged]   Ph2 robot d  zone 0  (uncovered: 15% of target)
    [parallel] 10 worker threads, one renderer clone each
    init sampling: best coverage score 121.0px of uncovered area  (16 samples)
[staged]   → robot d: candidate 0.675 < current 0.689  ✗ rejected
[staged]   Ph2 robot c  zone 4  (uncovered: 11% of target)
    [parallel] 10 worker threads, one renderer clone each
    init sampling: best coverage score 162.0px of uncovered area  (16 samples)
[staged]   → robot c: IoU 0.689 → 0.705  ✓
    ↑ new global best IoU 0.705  [phase Ph2 robot c]
[staged]   Ph2 robot b  zone 1  (uncovered: 23% of target)
    [parallel] 10 worker threads, one renderer clone each
    init sampling: best coverage score 575.0px of uncovered area  (16 samples)
[staged]   → robot b: candidate 0.679 < current 0.705  ✗ rejected
[staged]   Ph2 robot a  zone 3  (uncovered: 20% of target)
    [parallel] 10 worker threads, one renderer clone each
    init sampling: best coverage score 206.0px of uncovered area  (16 samples)
[staged]   → robot a: IoU 0.705 → 0.725  ✓
    ↑ new global best IoU 0.725  [phase Ph2 robot a]
[staged] Phase 2 done — composite IoU: 0.725

[staged] Best snapshot: Phase 2  IoU=0.725
[staged] Manifold final pass — computing Jacobian  (ε=0.020, 60 renders)
[staged] Manifold basis: k=9D / 30D  (variance≥85%, top eigenvalues: ['266594.53', '237281.73', '133009.17', '114172.47', '57983.06'])
    ↑ new global best IoU 0.736  [manifold final pass]
[staged] Manifold done — IoU: 0.736  (Δ=+0.011)  ✓
[staged] FD refinement — 5 Adam steps  (300 renders, lr=0.01, ε=0.02)
    ↑ new global best IoU 0.751  [FD refinement]
[staged] FD done — IoU: 0.751  (Δ=+0.015)  ✓
[staged] Done — final IoU: 0.751  loss: 0.2496
[staged] Popsize: per-robot phases=32  final=32  (theory optimum for 6 DOF = 10)

[staged] Hungarian pre-assignment  (5×5 cost matrix, 8 samples/entry = 200 renders)...
[staged]   robot_a → zone 2  robot_b → zone 1  robot_c → zone 3  robot_d → zone 4  robot_e → zone 0

[staged] Phase 1 — forward greedy  (8 iters × 5 robot(s), sigma=0.40×1.00, popsize=32)
[staged]   Ph1 robot a  zone 2  (uncovered: 26% of target)
    [parallel] 10 worker threads, one renderer clone each
    init sampling: best coverage score 742.0px of uncovered area  (16 samples)
[staged]   → robot a: IoU 0.119 → 0.425  ✓
    ↑ new global best IoU 0.425  [phase Ph1 robot a]
[staged]   Ph1 robot b  zone 1  (uncovered: 15% of target)
    [parallel] 10 worker threads, one renderer clone each
    init sampling: best coverage score 423.0px of uncovered area  (16 samples)
[staged]   → robot b: IoU 0.425 → 0.598  ✓
    ↑ new global best IoU 0.598  [phase Ph1 robot b]
[staged]   Ph1 robot c  zone 3  (uncovered: 5% of target)
    [parallel] 10 worker threads, one renderer clone each
    init sampling: best coverage score 168.0px of uncovered area  (16 samples)
[staged]   → robot c: IoU 0.598 → 0.655  ✓
    ↑ new global best IoU 0.655  [phase Ph1 robot c]
[staged]   Ph1 robot d  zone 4  (uncovered: 4% of target)
    [parallel] 10 worker threads, one renderer clone each
    init sampling: best coverage score 63.0px of uncovered area  (16 samples)
[staged]   → robot d: IoU 0.655 → 0.689  ✓
    ↑ new global best IoU 0.689  [phase Ph1 robot d]
[staged]   Ph1 robot e  zone 0  (uncovered: 3% of target)
    [parallel] 10 worker threads, one renderer clone each
    init sampling: best coverage score 151.0px of uncovered area  (16 samples)
[staged]   → robot e: IoU 0.689 → 0.721  ✓
    ↑ new global best IoU 0.721  [phase Ph1 robot e]
[staged] Phase 1 done — composite IoU: 0.721

[staged] Phase 2 — backward pass  (8 iters × 5 robots, sigma=0.300)
[staged]   contributions before Phase 2:
[staged]     robot a: +0.295 IoU
[staged]     robot b: +0.134 IoU
[staged]     robot c: +0.071 IoU
[staged]     robot d: +0.049 IoU  ← low
[staged]     robot e: +0.032 IoU  ← low
[staged]   Ph2 robot e  zone 0  (uncovered: 14% of target)
    [parallel] 10 worker threads, one renderer clone each
    init sampling: best coverage score 156.0px of uncovered area  (16 samples)
[staged]   → robot e: candidate 0.714 < current 0.721  ✗ rejected
[staged]   Ph2 robot d  zone 4  (uncovered: 15% of target)
    [parallel] 10 worker threads, one renderer clone each
    init sampling: best coverage score 157.0px of uncovered area  (16 samples)
[staged]   → robot d: IoU 0.721 → 0.723  ✓
    ↑ new global best IoU 0.723  [phase Ph2 robot d]
[staged]   Ph2 robot c  zone 3  (uncovered: 16% of target)
    [parallel] 10 worker threads, one renderer clone each
    init sampling: best coverage score 322.0px of uncovered area  (16 samples)
[staged]   → robot c: candidate 0.722 < current 0.723  ✗ rejected
[staged]   Ph2 robot b  zone 1  (uncovered: 25% of target)
    [parallel] 10 worker threads, one renderer clone each
    init sampling: best coverage score 692.0px of uncovered area  (16 samples)
[staged]   → robot b: IoU 0.723 → 0.737  ✓
    ↑ new global best IoU 0.737  [phase Ph2 robot b]
[staged]   Ph2 robot a  zone 2  (uncovered: 39% of target)
    [parallel] 10 worker threads, one renderer clone each
    init sampling: best coverage score 547.0px of uncovered area  (16 samples)
[staged]   → robot a: IoU 0.737 → 0.737  ✓
    ↑ new global best IoU 0.737  [phase Ph2 robot a]
[staged] Phase 2 done — composite IoU: 0.737

[staged] Best snapshot: Phase 2  IoU=0.737
[staged] Manifold final pass — computing Jacobian  (ε=0.020, 60 renders)
[staged] Manifold basis: k=8D / 30D  (variance≥85%, top eigenvalues: ['611666.94', '185508.72', '172668.61', '111715.07', '63569.18'])
[staged] Manifold did not improve (0.731 vs 0.737), keeping best snapshot
[staged] FD refinement — 5 Adam steps  (300 renders, lr=0.01, ε=0.02)
    ↑ new global best IoU 0.750  [FD refinement]
[staged] FD done — IoU: 0.750  (Δ=+0.013)  ✓
[staged] Done — final IoU: 0.750  loss: 0.2507
[staged] Popsize: per-robot phases=32  final=32  (theory optimum for 6 DOF = 10)

[staged] Hungarian pre-assignment  (5×5 cost matrix, 8 samples/entry = 200 renders)...
[staged]   robot_a → zone 2  robot_b → zone 1  robot_c → zone 4  robot_d → zone 3  robot_e → zone 0

[staged] Phase 1 — forward greedy  (8 iters × 5 robot(s), sigma=0.40×1.00, popsize=32)
[staged]   Ph1 robot a  zone 2  (uncovered: 25% of target)
    [parallel] 10 worker threads, one renderer clone each
    init sampling: best coverage score 379.0px of uncovered area  (16 samples)
[staged]   → robot a: IoU 0.119 → 0.392  ✓
    ↑ new global best IoU 0.392  [phase Ph1 robot a]
[staged]   Ph1 robot b  zone 1  (uncovered: 3% of target)
    [parallel] 10 worker threads, one renderer clone each
    init sampling: best coverage score 73.0px of uncovered area  (16 samples)
[staged]   → robot b: IoU 0.392 → 0.542  ✓
    ↑ new global best IoU 0.542  [phase Ph1 robot b]
[staged]   Ph1 robot c  zone 4  (uncovered: 2% of target)
    [parallel] 10 worker threads, one renderer clone each
    init sampling: best coverage score 65.0px of uncovered area  (16 samples)
[staged]   → robot c: IoU 0.542 → 0.598  ✓
    ↑ new global best IoU 0.598  [phase Ph1 robot c]
[staged]   Ph1 robot d  zone 3  (uncovered: 5% of target)
    [parallel] 10 worker threads, one renderer clone each
    init sampling: best coverage score 15.0px of uncovered area  (16 samples)
[staged]   → robot d: IoU 0.598 → 0.631  ✓
    ↑ new global best IoU 0.631  [phase Ph1 robot d]
[staged]   Ph1 robot e  zone 0  (uncovered: 2% of target)
    [parallel] 10 worker threads, one renderer clone each
    init sampling: best coverage score 9.0px of uncovered area  (16 samples)
[staged]   → robot e: IoU 0.631 → 0.652  ✓
    ↑ new global best IoU 0.652  [phase Ph1 robot e]
[staged] Phase 1 done — composite IoU: 0.652

[staged] Phase 2 — backward pass  (8 iters × 5 robots, sigma=0.300)
[staged]   contributions before Phase 2:
[staged]     robot a: +0.267 IoU
[staged]     robot b: +0.100 IoU
[staged]     robot c: +0.055 IoU
[staged]     robot d: +0.043 IoU  ← low
[staged]     robot e: +0.021 IoU  ← low
[staged]   Ph2 robot e  zone 0  (uncovered: 18% of target)
    [parallel] 10 worker threads, one renderer clone each
    init sampling: best coverage score 101.0px of uncovered area  (16 samples)
[staged]   → robot e: IoU 0.652 → 0.658  ✓
    ↑ new global best IoU 0.658  [phase Ph2 robot e]
[staged]   Ph2 robot d  zone 3  (uncovered: 19% of target)
    [parallel] 10 worker threads, one renderer clone each
    init sampling: best coverage score 254.0px of uncovered area  (16 samples)
[staged]   → robot d: IoU 0.658 → 0.685  ✓
    ↑ new global best IoU 0.685  [phase Ph2 robot d]
[staged]   Ph2 robot c  zone 4  (uncovered: 19% of target)
    [parallel] 10 worker threads, one renderer clone each
    init sampling: best coverage score 322.0px of uncovered area  (16 samples)
[staged]   → robot c: candidate 0.676 < current 0.685  ✗ rejected
[staged]   Ph2 robot b  zone 1  (uncovered: 25% of target)
    [parallel] 10 worker threads, one renderer clone each
    init sampling: best coverage score 515.0px of uncovered area  (16 samples)
[staged]   → robot b: candidate 0.659 < current 0.685  ✗ rejected
[staged]   Ph2 robot a  zone 2  (uncovered: 40% of target)
    [parallel] 10 worker threads, one renderer clone each
    init sampling: best coverage score 751.0px of uncovered area  (16 samples)
[staged]   → robot a: candidate 0.635 < current 0.685  ✗ rejected
[staged] Phase 2 done — composite IoU: 0.685

[staged] Best snapshot: Phase 2  IoU=0.685
[staged] Manifold final pass — computing Jacobian  (ε=0.020, 60 renders)
[staged] Manifold basis: k=9D / 30D  (variance≥85%, top eigenvalues: ['653884.12', '146734.84', '96269.95', '95882.62', '91644.59'])
    ↑ new global best IoU 0.709  [manifold final pass]
[staged] Manifold done — IoU: 0.709  (Δ=+0.024)  ✓
[staged] FD refinement — 5 Adam steps  (300 renders, lr=0.01, ε=0.02)
    ↑ new global best IoU 0.730  [FD refinement]
[staged] FD done — IoU: 0.730  (Δ=+0.021)  ✓
[staged] Done — final IoU: 0.730  loss: 0.2708
[staged] Popsize: per-robot phases=32  final=32  (theory optimum for 6 DOF = 10)

[staged] Hungarian pre-assignment  (5×5 cost matrix, 8 samples/entry = 200 renders)...
[staged]   robot_a → zone 1  robot_b → zone 2  robot_c → zone 4  robot_d → zone 3  robot_e → zone 0

[staged] Phase 1 — forward greedy  (8 iters × 5 robot(s), sigma=0.40×1.00, popsize=32)
[staged]   Ph1 robot a  zone 1  (uncovered: 26% of target)
    [parallel] 10 worker threads, one renderer clone each
    init sampling: best coverage score 739.0px of uncovered area  (16 samples)
[staged]   → robot a: IoU 0.119 → 0.408  ✓
    ↑ new global best IoU 0.408  [phase Ph1 robot a]
[staged]   Ph1 robot b  zone 2  (uncovered: 3% of target)
    [parallel] 10 worker threads, one renderer clone each
    init sampling: best coverage score 113.0px of uncovered area  (16 samples)
[staged]   → robot b: IoU 0.408 → 0.585  ✓
    ↑ new global best IoU 0.585  [phase Ph1 robot b]
[staged]   Ph1 robot c  zone 4  (uncovered: 4% of target)
    [parallel] 10 worker threads, one renderer clone each
    init sampling: best coverage score 49.0px of uncovered area  (16 samples)
[staged]   → robot c: IoU 0.585 → 0.617  ✓
    ↑ new global best IoU 0.617  [phase Ph1 robot c]
[staged]   Ph1 robot d  zone 3  (uncovered: 2% of target)
    [parallel] 10 worker threads, one renderer clone each
    init sampling: best coverage score 46.0px of uncovered area  (16 samples)
[staged]   → robot d: IoU 0.617 → 0.649  ✓
    ↑ new global best IoU 0.649  [phase Ph1 robot d]
[staged]   Ph1 robot e  zone 0  (uncovered: 2% of target)
    [parallel] 10 worker threads, one renderer clone each
    init sampling: best coverage score 76.0px of uncovered area  (16 samples)
[staged]   → robot e: IoU 0.649 → 0.672  ✓
    ↑ new global best IoU 0.672  [phase Ph1 robot e]
[staged] Phase 1 done — composite IoU: 0.672

[staged] Phase 2 — backward pass  (8 iters × 5 robots, sigma=0.300)
[staged]   contributions before Phase 2:
[staged]     robot a: +0.221 IoU
[staged]     robot b: +0.054 IoU
[staged]     robot c: +0.043 IoU  ← low
[staged]     robot d: +0.042 IoU  ← low
[staged]     robot e: +0.023 IoU  ← low
[staged]   Ph2 robot e  zone 0  (uncovered: 12% of target)
    [parallel] 10 worker threads, one renderer clone each
    init sampling: best coverage score 131.0px of uncovered area  (16 samples)
[staged]   → robot e: IoU 0.672 → 0.682  ✓
    ↑ new global best IoU 0.682  [phase Ph2 robot e]
[staged]   Ph2 robot d  zone 3  (uncovered: 12% of target)
    [parallel] 10 worker threads, one renderer clone each
    init sampling: best coverage score 184.0px of uncovered area  (16 samples)
[staged]   → robot d: candidate 0.675 < current 0.682  ✗ rejected
[staged]   Ph2 robot c  zone 4  (uncovered: 12% of target)
    [parallel] 10 worker threads, one renderer clone each
    init sampling: best coverage score 155.0px of uncovered area  (16 samples)
[staged]   → robot c: candidate 0.669 < current 0.682  ✗ rejected
[staged]   Ph2 robot b  zone 2  (uncovered: 16% of target)
    [parallel] 10 worker threads, one renderer clone each
    init sampling: best coverage score 266.0px of uncovered area  (16 samples)
[staged]   → robot b: IoU 0.682 → 0.684  ✓
    ↑ new global best IoU 0.684  [phase Ph2 robot b]
[staged]   Ph2 robot a  zone 1  (uncovered: 33% of target)
    [parallel] 10 worker threads, one renderer clone each
    init sampling: best coverage score 940.0px of uncovered area  (16 samples)
[staged]   → robot a: IoU 0.684 → 0.718  ✓
    ↑ new global best IoU 0.718  [phase Ph2 robot a]
[staged] Phase 2 done — composite IoU: 0.718

[staged] Best snapshot: Phase 2  IoU=0.718
[staged] Manifold final pass — computing Jacobian  (ε=0.020, 60 renders)
[staged] Manifold basis: k=8D / 30D  (variance≥85%, top eigenvalues: ['614994.75', '197588.42', '180712.73', '162975.48', '97148.27'])
[staged] Manifold did not improve (0.708 vs 0.718), keeping best snapshot
[staged] FD refinement — 5 Adam steps  (300 renders, lr=0.01, ε=0.02)
    ↑ new global best IoU 0.751  [FD refinement]
[staged] FD done — IoU: 0.751  (Δ=+0.032)  ✓
[staged] Done — final IoU: 0.751  loss: 0.2504
[staged] Popsize: per-robot phases=32  final=32  (theory optimum for 6 DOF = 10)

[staged] Hungarian pre-assignment  (5×5 cost matrix, 8 samples/entry = 200 renders)...
[staged]   robot_a → zone 0  robot_b → zone 4  robot_c → zone 2  robot_d → zone 3  robot_e → zone 1

[staged] Phase 1 — forward greedy  (8 iters × 5 robot(s), sigma=0.40×1.00, popsize=32)
[staged]   Ph1 robot a  zone 0  (uncovered: 15% of target)
    [parallel] 10 worker threads, one renderer clone each
    init sampling: best coverage score 531.0px of uncovered area  (16 samples)
[staged]   → robot a: IoU 0.119 → 0.448  ✓
    ↑ new global best IoU 0.448  [phase Ph1 robot a]
[staged]   Ph1 robot b  zone 4  (uncovered: 2% of target)
    [parallel] 10 worker threads, one renderer clone each
    init sampling: best coverage score 73.0px of uncovered area  (16 samples)
[staged]   → robot b: IoU 0.448 → 0.582  ✓
    ↑ new global best IoU 0.582  [phase Ph1 robot b]
[staged]   Ph1 robot c  zone 2  (uncovered: 4% of target)
    [parallel] 10 worker threads, one renderer clone each
    init sampling: best coverage score 135.0px of uncovered area  (16 samples)
[staged]   → robot c: IoU 0.582 → 0.621  ✓
    ↑ new global best IoU 0.621  [phase Ph1 robot c]
[staged]   Ph1 robot d  zone 3  (uncovered: 3% of target)
    [parallel] 10 worker threads, one renderer clone each
    init sampling: best coverage score 36.0px of uncovered area  (16 samples)
[staged]   → robot d: IoU 0.621 → 0.653  ✓
    ↑ new global best IoU 0.653  [phase Ph1 robot d]
[staged]   Ph1 robot e  zone 1  (uncovered: 7% of target)
    [parallel] 10 worker threads, one renderer clone each
    init sampling: best coverage score 64.0px of uncovered area  (16 samples)
[staged]   → robot e: IoU 0.653 → 0.682  ✓
    ↑ new global best IoU 0.682  [phase Ph1 robot e]
[staged] Phase 1 done — composite IoU: 0.682

[staged] Phase 2 — backward pass  (8 iters × 5 robots, sigma=0.300)
[staged]   contributions before Phase 2:
[staged]     robot a: +0.209 IoU
[staged]     robot b: +0.074 IoU
[staged]     robot c: +0.051 IoU
[staged]     robot d: +0.052 IoU
[staged]     robot e: +0.028 IoU  ← low
[staged]   Ph2 robot e  zone 1  (uncovered: 7% of target)
    [parallel] 10 worker threads, one renderer clone each
    init sampling: best coverage score 82.0px of uncovered area  (16 samples)
[staged]   → robot e: candidate 0.680 < current 0.682  ✗ rejected
[staged]   Ph2 robot d  zone 3  (uncovered: 9% of target)
    [parallel] 10 worker threads, one renderer clone each
    init sampling: best coverage score 79.0px of uncovered area  (16 samples)
[staged]   → robot d: candidate 0.660 < current 0.682  ✗ rejected
[staged]   Ph2 robot c  zone 2  (uncovered: 11% of target)
    [parallel] 10 worker threads, one renderer clone each
    init sampling: best coverage score 323.0px of uncovered area  (16 samples)
[staged]   → robot c: IoU 0.682 → 0.687  ✓
    ↑ new global best IoU 0.687  [phase Ph2 robot c]
[staged]   Ph2 robot b  zone 4  (uncovered: 15% of target)
    [parallel] 10 worker threads, one renderer clone each
    init sampling: best coverage score 299.0px of uncovered area  (16 samples)
[staged]   → robot b: IoU 0.687 → 0.703  ✓
    ↑ new global best IoU 0.703  [phase Ph2 robot b]
[staged]   Ph2 robot a  zone 0  (uncovered: 37% of target)
    [parallel] 10 worker threads, one renderer clone each
    init sampling: best coverage score 887.0px of uncovered area  (16 samples)
[staged]   → robot a: IoU 0.703 → 0.709  ✓
    ↑ new global best IoU 0.709  [phase Ph2 robot a]
[staged] Phase 2 done — composite IoU: 0.709

[staged] Best snapshot: Phase 2  IoU=0.709
[staged] Manifold final pass — computing Jacobian  (ε=0.020, 60 renders)
[staged] Manifold basis: k=10D / 30D  (variance≥85%, top eigenvalues: ['378514.69', '289644.28', '157629.75', '72473.82', '66663.02'])
    ↑ new global best IoU 0.719  [manifold final pass]
[staged] Manifold done — IoU: 0.719  (Δ=+0.010)  ✓
[staged] FD refinement — 5 Adam steps  (300 renders, lr=0.01, ε=0.02)
    ↑ new global best IoU 0.736  [FD refinement]
[staged] FD done — IoU: 0.736  (Δ=+0.017)  ✓
[staged] Done — final IoU: 0.736  loss: 0.2652
[shard 0] 10/10 digits/9_dejavusans-bold  best=0.751 mean=0.744±0.009  141s  eta 0.0h
[shard 0] DONE 10 targets in 0.39h
