shadow_name,subset,target,best_iou,mean_iou,std_iou,min_iou,n_runs,best_run,n_robots,arm_gap_m,seconds,best_iou_vs_original,mean_iou_vs_original,fit_scale,fit_dx,fit_dy,uncastable_before,uncastable_after,best_shadow_png,q_rad_json,a_rot_deg,a_pitch_deg,a_elbow_deg,a_wristpitch_deg,a_wristroll_deg,a_grip_deg,b_rot_deg,b_pitch_deg,b_elbow_deg,b_wristpitch_deg,b_wristroll_deg,b_grip_deg,c_rot_deg,c_pitch_deg,c_elbow_deg,c_wristpitch_deg,c_wristroll_deg,c_grip_deg
objects/jar_mpeg7-04,objects,targets/objects/jar_mpeg7-04.png,0.9362,0.899,0.0223,0.8611,10,5,3,0.2,114.0,0.4039,0.3889,0.7346,-4.02,28.16,0.05109,0.14501,objects/jar_mpeg7-04/jar_mpeg7-04_best.png,"[1.25758, -1.74119, -0.428102, 1.653159, -1.703821, 0.148776, -1.91769, -0.643799, -0.04251, 1.3118, -2.06538, 0.97047, -1.919548, -1.42356, -0.451328, 1.657253, 1.556215, 1.203369]",72.05,-99.76,-24.53,94.72,-97.62,8.52,-109.88,-36.89,-2.44,75.16,-118.34,55.6,-109.98,-81.56,-25.86,94.95,89.16,68.95
figures/face_mpeg7-02,figures,targets/figures/face_mpeg7-02.png,0.9207,0.8836,0.0199,0.8444,10,0,3,0.2,112.9,0.3317,0.3239,0.7346,-8.05,28.16,0.02016,0.17473,figures/face_mpeg7-02/face_mpeg7-02_best.png,"[-1.264907, -1.574487, 0.229317, -1.65806, 0.30336, 1.731664, 1.91986, -0.486686, 1.154026, -1.645437, 0.41476, 0.998098, -1.91986, -1.544874, -0.517223, 1.65806, 0.880163, -0.060527]",-72.47,-90.21,13.14,-95.0,17.38,99.22,110.0,-27.89,66.12,-94.28,23.76,57.19,-110.0,-88.51,-29.63,95.0,50.43,-3.47
abstract/hcircle_mpeg7-03,abstract,targets/abstract/hcircle_mpeg7-03.png,0.9206,0.8825,0.0247,0.8393,10,4,3,0.2,114.6,0.3844,0.3662,0.7346,0.0,28.16,0.07257,0.05348,abstract/hcircle_mpeg7-03/hcircle_mpeg7-03_best.png,"[1.246267, -1.74533, -0.400195, 1.65806, 2.776412, -0.115382, 1.91986, 0.124053, -0.407758, 1.65806, 2.84121, 1.728049, 1.552685, -0.000164, -0.723195, 1.36898, -2.61856, 0.525475]",71.41,-100.0,-22.93,95.0,159.08,-6.61,110.0,7.11,-23.36,95.0,162.79,99.01,88.96,-0.01,-41.44,78.44,-150.03,30.11
objects/apple_mpeg7-02,objects,targets/objects/apple_mpeg7-02.png,0.9191,0.8806,0.0273,0.825,10,5,3,0.2,112.9,0.3121,0.3036,0.7346,-20.11,28.16,0.15801,0.29338,objects/apple_mpeg7-02/apple_mpeg7-02_best.png,"[-0.961864, -1.08481, 0.156862, 1.50922, -0.472535, -0.174533, -1.162299, -0.178045, 1.043189, -1.639162, -0.00194, 0.457298, -0.466809, -1.521196, 0.208066, 1.506466, 0.694394, 1.121329]",-55.11,-62.16,8.99,86.47,-27.07,-10.0,-66.59,-10.2,59.77,-93.92,-0.11,26.2,-26.75,-87.16,11.92,86.31,39.79,64.25
abstract/device9_mpeg7-03,abstract,targets/abstract/device9_mpeg7-03.png,0.9182,0.8875,0.0381,0.7867,10,3,3,0.2,112.5,0.3087,0.2979,0.7346,-20.11,28.16,0.14137,0.28902,abstract/device9_mpeg7-03/device9_mpeg7-03_best.png,"[0.876967, -0.930381, 0.066209, 1.573377, -1.862128, 0.044807, -1.075687, -0.377475, 1.186628, -1.65806, -1.597266, -0.174533, -0.841673, -1.74533, 0.094081, 1.33806, 1.239601, 0.312998]",50.25,-53.31,3.79,90.15,-106.69,2.57,-61.63,-21.63,67.99,-95.0,-91.52,-10.0,-48.22,-100.0,5.39,76.67,71.02,17.93
objects/jar_mpeg7-05,objects,targets/objects/jar_mpeg7-05.png,0.9181,0.8913,0.0192,0.8525,10,9,3,0.2,111.6,0.4031,0.3881,0.7346,-4.02,28.16,0.05198,0.14461,objects/jar_mpeg7-05/jar_mpeg7-05_best.png,"[1.234422, -1.714569, -0.313559, 1.412353, -1.719417, 0.860941, 1.91986, 0.232916, 0.295075, -1.385281, -0.126853, 1.493623, -1.774528, -1.74533, -0.995861, 0.302386, -0.085775, 0.13055]",70.73,-98.24,-17.97,80.92,-98.52,49.33,110.0,13.35,16.91,-79.37,-7.27,85.58,-101.67,-100.0,-57.06,17.33,-4.91,7.48
abstract/hcircle_mpeg7-05,abstract,targets/abstract/hcircle_mpeg7-05.png,0.9158,0.8514,0.0414,0.7825,10,1,3,0.2,116.0,0.3544,0.3267,0.6385,0.0,28.16,0.09994,0.07359,abstract/hcircle_mpeg7-05/hcircle_mpeg7-05_best.png,"[1.263847, -1.74418, -0.304555, 1.657943, -2.305717, -0.163024, 1.916079, -0.035275, 0.250496, 1.656184, 2.642578, 1.505751, 1.910633, 0.417323, -0.22895, 0.748989, 0.3476, 0.437029]",72.41,-99.93,-17.45,94.99,-132.11,-9.34,109.78,-2.02,14.35,94.89,151.41,86.27,109.47,23.91,-13.12,42.91,19.92,25.04
abstract/device4_mpeg7-01,abstract,targets/abstract/device4_mpeg7-01.png,0.9147,0.8906,0.0245,0.8366,10,2,3,0.2,114.4,0.2885,0.2816,0.7346,-16.09,28.16,0.18887,0.28819,abstract/device4_mpeg7-01/device4_mpeg7-01_best.png,"[0.606779, -1.18451, 0.94255, 1.636465, -1.861355, -0.121693, 0.608498, -1.256736, 0.323332, 1.65806, -0.898965, -0.136239, -0.819153, -0.351954, 1.404076, 0.310014, 0.304542, 1.744927]",34.77,-67.87,54.0,93.76,-106.65,-6.97,34.86,-72.01,18.53,95.0,-51.51,-7.81,-46.93,-20.17,80.45,17.76,17.45,99.98
abstract/device4_mpeg7-02,abstract,targets/abstract/device4_mpeg7-02.png,0.914,0.877,0.0262,0.8322,10,1,3,0.2,116.4,0.3706,0.358,0.9269,-16.09,20.11,0.20507,0.29307,abstract/device4_mpeg7-02/device4_mpeg7-02_best.png,"[0.478061, -1.29103, 0.612907, 1.642275, -1.584135, -0.107993, 1.0405, -0.820001, 1.177835, 0.52998, 1.295002, 1.113714, -1.563354, -1.368481, 1.173069, -1.161488, -0.276826, 0.176561]",27.39,-73.97,35.12,94.1,-90.76,-6.19,59.62,-46.98,67.48,30.37,74.2,63.81,-89.57,-78.41,67.21,-66.55,-15.86,10.12
abstract/device4_mpeg7-03,abstract,targets/abstract/device4_mpeg7-03.png,0.9138,0.8775,0.0297,0.8155,10,3,3,0.2,113.5,0.3781,0.352,0.8308,-16.09,24.14,0.18425,0.26322,abstract/device4_mpeg7-03/device4_mpeg7-03_best.png,"[0.462626, -1.220316, 0.494159, 1.65806, -0.545723, -0.050896, -0.776483, -1.182731, -0.01826, 1.650013, 1.264384, 1.508193, 1.086251, 0.896122, 0.054129, -1.021229, 1.584255, -0.070413]",26.51,-69.92,28.31,95.0,-31.27,-2.92,-44.49,-67.77,-1.05,94.54,72.44,86.41,62.24,51.34,3.1,-58.51,90.77,-4.03
abstract/device3_mpeg7-02,abstract,targets/abstract/device3_mpeg7-02.png,0.9113,0.8571,0.0372,0.7638,10,9,3,0.2,113.2,0.3309,0.3197,0.7346,-20.11,28.16,0.22072,0.24059,abstract/device3_mpeg7-02/device3_mpeg7-02_best.png,"[1.839272, -0.762387, -1.611859, -1.65806, -1.954154, -0.14751, -0.798271, -1.547058, -0.129124, 1.650017, -2.718541, 1.054007, -1.0058, -0.594317, 1.069881, 0.313105, 1.704517, 0.031477]",105.38,-43.68,-92.35,-95.0,-111.96,-8.45,-45.74,-88.64,-7.4,94.54,-155.76,60.39,-57.63,-34.05,61.3,17.94,97.66,1.8
abstract/device9_mpeg7-01,abstract,targets/abstract/device9_mpeg7-01.png,0.9085,0.8709,0.038,0.7967,10,0,3,0.2,114.7,0.3103,0.298,0.7346,-20.11,28.16,0.15694,0.27984,abstract/device9_mpeg7-01/device9_mpeg7-01_best.png,"[-0.836597, -1.022586, 0.024351, 1.592407, 0.853954, 1.52014, -1.205422, -0.154405, 0.922452, -1.656784, 0.532327, 1.281741, -1.210153, -0.927316, -1.685613, -1.633429, -1.904639, -0.136648]",-47.93,-58.59,1.4,91.24,48.93,87.1,-69.07,-8.85,52.85,-94.93,30.5,73.44,-69.34,-53.13,-96.58,-93.59,-109.13,-7.83
objects/bell_mpeg7-05,objects,targets/objects/bell_mpeg7-05.png,0.9077,0.8878,0.0214,0.8268,10,1,3,0.2,113.2,0.3626,0.34,0.8308,-16.09,24.14,0.15097,0.23152,objects/bell_mpeg7-05/bell_mpeg7-05_best.png,"[1.168619, -1.410842, -0.034709, 1.26113, 2.578921, 0.483011, 0.982704, 0.199561, 1.110052, -1.620967, 2.048557, -0.174533, 0.309867, -1.683869, 1.501078, -1.312685, -1.078488, 0.690963]",66.96,-80.84,-1.99,72.26,147.76,27.67,56.3,11.43,63.6,-92.87,117.37,-10.0,17.75,-96.48,86.01,-75.21,-61.79,39.59
abstract/hcircle_mpeg7-02,abstract,targets/abstract/hcircle_mpeg7-02.png,0.907,0.8863,0.0184,0.8466,10,7,3,0.2,115.8,0.3357,0.3225,0.7346,4.02,28.16,0.10778,0.08374,abstract/hcircle_mpeg7-02/hcircle_mpeg7-02_best.png,"[1.341805, -1.74533, -0.200854, -0.910495, 2.474952, -0.17003, -1.061136, -1.74533, -1.17166, 1.65806, -2.081188, 1.46865, -1.714115, -1.390272, 0.013974, 1.259966, -1.544105, 0.410469]",76.88,-100.0,-11.51,-52.17,141.8,-9.74,-60.8,-100.0,-67.13,95.0,-119.24,84.15,-98.21,-79.66,0.8,72.19,-88.47,23.52
abstract/device3_mpeg7-01,abstract,targets/abstract/device3_mpeg7-01.png,0.9058,0.8696,0.023,0.8289,10,8,3,0.2,113.6,0.3139,0.2961,0.7346,-24.14,28.16,0.22695,0.25118,abstract/device3_mpeg7-01/device3_mpeg7-01_best.png,"[-0.807373, -1.277968, -0.157094, 1.65806, -1.192588, 1.228186, -1.224262, 0.051382, -0.123489, 1.65806, -0.455127, 0.479586, -0.778163, -0.007689, -0.38134, 1.65806, 0.165169, 1.248968]",-46.26,-73.22,-9.0,95.0,-68.33,70.37,-70.15,2.94,-7.08,95.0,-26.08,27.48,-44.59,-0.44,-21.85,95.0,9.46,71.56
figures/face_mpeg7-04,figures,targets/figures/face_mpeg7-04.png,0.9048,0.8786,0.0195,0.8324,10,5,3,0.2,113.3,0.3281,0.3221,0.7346,-8.05,28.16,0.01994,0.1772,figures/face_mpeg7-04/face_mpeg7-04_best.png,"[1.307667, -1.6661, -0.422464, 1.627505, -1.328858, -0.171976, 1.581932, -0.929684, -1.446314, -1.654983, 2.339365, -0.106609, 1.902229, -0.45045, 0.782869, -1.394886, 0.233346, -0.170715]",74.92,-95.46,-24.21,93.25,-76.14,-9.85,90.64,-53.27,-82.87,-94.82,134.04,-6.11,108.99,-25.81,44.86,-79.92,13.37,-9.78
objects/bell_mpeg7-02,objects,targets/objects/bell_mpeg7-02.png,0.9023,0.8797,0.018,0.8484,10,8,3,0.2,111.4,0.351,0.3312,0.8308,-20.11,24.14,0.1505,0.25269,objects/bell_mpeg7-02/bell_mpeg7-02_best.png,"[0.886264, -1.126523, -0.121953, 1.65806, -1.157163, -0.174502, -1.405921, 0.433472, -0.629727, 0.951777, -0.224797, 0.63221, -0.879811, -0.750069, 0.544768, 1.319361, -2.143984, 0.424299]",50.78,-64.55,-6.99,95.0,-66.3,-10.0,-80.55,24.84,-36.08,54.53,-12.88,36.22,-50.41,-42.98,31.21,75.59,-122.84,24.31
objects/apple_mpeg7-01,objects,targets/objects/apple_mpeg7-01.png,0.9019,0.8769,0.0257,0.8123,10,7,3,0.2,117.0,0.2876,0.2769,0.7346,-20.11,28.16,0.13835,0.32238,objects/apple_mpeg7-01/apple_mpeg7-01_best.png,"[-1.915269, -0.929166, 0.454158, 1.654239, 2.676176, 1.745112, 1.120292, 0.53307, 0.382277, -1.657464, 0.701832, 1.699449, -1.24718, -0.185461, -0.137759, 0.851228, -1.62186, 0.081811]",-109.74,-53.24,26.02,94.78,153.33,99.99,64.19,30.54,21.9,-94.97,40.21,97.37,-71.46,-10.63,-7.89,48.77,-92.93,4.69
figures/face_mpeg7-01,figures,targets/figures/face_mpeg7-01.png,0.8997,0.8829,0.0125,0.8536,10,7,3,0.2,113.8,0.3264,0.3191,0.7346,-8.05,28.16,0.01642,0.17744,figures/face_mpeg7-01/face_mpeg7-01_best.png,"[1.423112, -1.175798, -1.049167, -1.485593, 2.822837, 0.062954, -1.91986, -0.743841, 0.006006, 1.596463, -2.743473, 1.111512, -1.895953, -1.71081, -0.457423, 1.577446, -2.583278, 0.748771]",81.54,-67.37,-60.11,-85.12,161.74,3.61,-110.0,-42.62,0.34,91.47,-157.19,63.68,-108.63,-98.02,-26.21,90.38,-148.01,42.9
figures/face_mpeg7-05,figures,targets/figures/face_mpeg7-05.png,0.8991,0.8618,0.0352,0.789,10,6,3,0.2,113.9,0.3289,0.3161,0.7346,-8.05,28.16,0.02272,0.17972,figures/face_mpeg7-05/face_mpeg7-05_best.png,"[1.264573, -1.392056, -0.125475, 1.65806, 2.794603, 1.050352, 1.811654, 1.145541, -1.546065, -1.651863, 2.193587, 0.402736, 1.423747, 1.049796, -0.857994, -1.102777, -1.737433, 1.181622]",72.45,-79.76,-7.19,95.0,160.12,60.18,103.8,65.63,-88.58,-94.64,125.68,23.08,81.57,60.15,-49.16,-63.18,-99.55,67.7
abstract/device3_mpeg7-03,abstract,targets/abstract/device3_mpeg7-03.png,0.8987,0.8701,0.0259,0.8053,10,0,3,0.2,111.7,0.3048,0.2924,0.7346,-24.14,28.16,0.21404,0.256,abstract/device3_mpeg7-03/device3_mpeg7-03_best.png,"[-1.408929, 0.577011, -1.475756, 1.656512, 2.216114, 1.45735, 0.886844, -1.384905, -0.13091, 1.655481, 0.815787, 0.755242, -0.767006, -0.200389, 0.478965, 1.439038, 1.960946, 0.83496]",-80.73,33.06,-84.55,94.91,126.97,83.5,50.81,-79.35,-7.5,94.85,46.74,43.27,-43.95,-11.48,27.44,82.45,112.35,47.84
objects/jar_mpeg7-01,objects,targets/objects/jar_mpeg7-01.png,0.8976,0.8668,0.0318,0.7902,10,5,3,0.2,115.5,0.3763,0.3585,0.7346,-4.02,28.16,0.03588,0.15381,objects/jar_mpeg7-01/jar_mpeg7-01_best.png,"[1.278394, -1.651791, -0.563351, 1.65806, 0.175407, -0.174533, 1.91986, -0.25281, 0.052985, 0.932902, -1.409318, -0.099248, -1.78366, -1.709515, -0.300085, -1.511798, -0.204251, 1.339153]",73.25,-94.64,-32.28,95.0,10.05,-10.0,110.0,-14.48,3.04,53.45,-80.75,-5.69,-102.2,-97.95,-17.19,-86.62,-11.7,76.73
letters_upper/J_dejavusans-bold,letters_upper,targets/letters_upper/J_dejavusans-bold.png,0.8963,0.8484,0.0319,0.7741,10,4,3,0.2,113.2,0.4669,0.4482,1.1192,-8.05,12.07,0.05837,0.09952,letters_upper/J_dejavusans-bold/J_dejavusans-bold_best.png,"[1.592508, -1.657495, -1.070026, -1.497691, 1.492289, 0.721932, -1.120225, -1.272992, -0.303385, 0.079464, -1.053542, 0.788484, -1.38545, -1.03749, -0.385417, -0.541657, -0.502859, 1.634848]",91.24,-94.97,-61.31,-85.81,85.5,41.36,-64.18,-72.94,-17.38,4.55,-60.36,45.18,-79.38,-59.44,-22.08,-31.03,-28.81,93.67
objects/bell_mpeg7-03,objects,targets/objects/bell_mpeg7-03.png,0.895,0.878,0.0191,0.8254,10,1,3,0.2,112.7,0.386,0.3685,0.8308,-12.07,24.14,0.12921,0.24113,objects/bell_mpeg7-03/bell_mpeg7-03_best.png,"[1.35464, -1.74533, -0.325892, 1.371009, -2.459329, 1.108933, 0.450381, -0.032922, 1.343479, -0.269758, -0.569031, 0.718859, 0.391356, -1.627356, 0.643888, 0.828278, -0.260898, 1.74533]",77.62,-100.0,-18.67,78.55,-140.91,63.54,25.8,-1.89,76.98,-15.46,-32.6,41.19,22.42,-93.24,36.89,47.46,-14.95,100.0
letters_upper/I_dejavusans-bold,letters_upper,targets/letters_upper/I_dejavusans-bold.png,0.8943,0.8498,0.0315,0.7711,10,4,3,0.2,112.6,0.5552,0.5286,0.9269,-4.02,16.09,0.0,0.00443,letters_upper/I_dejavusans-bold/I_dejavusans-bold_best.png,"[-1.261207, -1.74533, -0.027547, 0.957974, 2.789053, 0.620491, -1.120385, -1.74533, 0.482515, -0.92166, -0.26986, 0.071381, 1.900072, -0.233341, -1.383355, 1.260436, 1.445741, 0.970954]",-72.26,-100.0,-1.58,54.89,159.8,35.55,-64.19,-100.0,27.65,-52.81,-15.46,4.09,108.87,-13.37,-79.26,72.22,82.83,55.63
objects/apple_mpeg7-04,objects,targets/objects/apple_mpeg7-04.png,0.894,0.8658,0.0143,0.8452,10,1,3,0.2,111.3,0.3011,0.2727,0.7346,-20.11,28.16,0.1577,0.31986,objects/apple_mpeg7-04/apple_mpeg7-04_best.png,"[1.778543, -0.916688, -1.677281, -1.59119, 0.137216, 0.135011, -1.91986, -0.729225, 0.478232, 1.592724, 2.416295, -0.131565, 1.261008, -0.811854, 0.489843, 0.221511, 0.56863, 0.744099]",101.9,-52.52,-96.1,-91.17,7.86,7.74,-110.0,-41.78,27.4,91.26,138.44,-7.54,72.25,-46.52,28.07,12.69,32.58,42.63
objects/bell_mpeg7-04,objects,targets/objects/bell_mpeg7-04.png,0.8927,0.8622,0.0261,0.7943,10,8,3,0.2,111.8,0.3993,0.3717,0.9269,-16.09,20.11,0.14097,0.22402,objects/bell_mpeg7-04/bell_mpeg7-04_best.png,"[0.724361, -1.151781, -0.023128, 1.65806, -0.327947, 0.786293, -1.286931, 0.017067, 0.211344, 0.55616, 0.919462, 0.547533, -1.213592, 0.473486, -1.69, -1.596683, -1.60824, 0.803208]",41.5,-65.99,-1.33,95.0,-18.79,45.05,-73.74,0.98,12.11,31.87,52.68,31.37,-69.53,27.13,-96.83,-91.48,-92.15,46.02
figures/face_mpeg7-03,figures,targets/figures/face_mpeg7-03.png,0.8887,0.871,0.0173,0.8285,10,5,3,0.2,112.1,0.3341,0.3229,0.7346,-8.05,28.16,0.01743,0.16714,figures/face_mpeg7-03/face_mpeg7-03_best.png,"[1.280159, -1.74533, -0.118736, 1.418904, -0.360922, -0.174533, -1.867388, -0.913016, 0.892417, -0.534159, -2.683721, 1.508382, 1.221752, -1.107148, 1.444231, -1.636965, -1.770337, 0.967598]",73.35,-100.0,-6.8,81.3,-20.68,-10.0,-106.99,-52.31,51.13,-30.61,-153.77,86.42,70.0,-63.43,82.75,-93.79,-101.43,55.44
abstract/device4_mpeg7-04,abstract,targets/abstract/device4_mpeg7-04.png,0.8884,0.8692,0.0187,0.8329,10,1,3,0.2,115.4,0.3188,0.3106,0.8308,-16.09,24.14,0.18955,0.28341,abstract/device4_mpeg7-04/device4_mpeg7-04_best.png,"[0.57087, -1.259806, 0.739737, 1.65806, -1.651668, -0.172099, 1.91986, -1.369516, 0.385772, 1.619438, 0.664245, -0.112631, -1.91986, -1.627569, -0.098337, 1.559231, 0.541941, 0.209112]",32.71,-72.18,42.38,95.0,-94.63,-9.86,110.0,-78.47,22.1,92.79,38.06,-6.45,-110.0,-93.25,-5.63,89.34,31.05,11.98
abstract/misk_mpeg7-03,abstract,targets/abstract/misk_mpeg7-03.png,0.8875,0.8537,0.0206,0.8165,10,1,3,0.2,112.0,0.2968,0.284,0.7346,-16.09,28.16,0.09767,0.25595,abstract/misk_mpeg7-03/misk_mpeg7-03_best.png,"[1.614378, -0.712722, -1.69, -1.65806, -0.967133, 0.950845, 1.129827, -1.517778, -0.16951, 1.65806, -2.145923, 1.339407, -0.511264, -1.280113, 0.569349, 1.648419, -2.244103, 0.213012]",92.5,-40.84,-96.83,-95.0,-55.41,54.48,64.73,-86.96,-9.71,95.0,-122.95,76.74,-29.29,-73.35,32.62,94.45,-128.58,12.2
letters_lower/l_dejavusans-bold,letters_lower,targets/letters_lower/l_dejavusans-bold.png,0.8874,0.8644,0.019,0.8275,10,5,3,0.2,113.8,0.3942,0.3699,0.9269,-8.05,16.09,0.0,0.07592,letters_lower/l_dejavusans-bold/l_dejavusans-bold_best.png,"[-1.389682, -1.681328, -0.106094, 0.971314, -0.046026, -0.14236, -1.482197, -0.964816, -0.66203, -1.041659, -1.486178, 0.374645, 1.678834, 0.20237, -0.901321, 0.234827, 2.778915, 0.415952]",-79.62,-96.33,-6.08,55.65,-2.64,-8.16,-84.92,-55.28,-37.93,-59.68,-85.15,21.47,96.19,11.59,-51.64,13.45,159.22,23.83
abstract/comma_mpeg7-04,abstract,targets/abstract/comma_mpeg7-04.png,0.8864,0.8593,0.0213,0.8127,10,7,3,0.2,112.8,0.3466,0.32,0.7346,-8.05,28.16,0.08479,0.06608,abstract/comma_mpeg7-04/comma_mpeg7-04_best.png,"[-1.21006, -1.002983, -1.115085, -1.620763, -2.632411, 1.202806, -1.226803, -1.743333, -1.149718, 1.604951, -0.743339, 0.873411, -1.552127, -0.880509, -1.228438, -1.476877, -0.099986, 0.734369]",-69.33,-57.47,-63.89,-92.86,-150.83,68.92,-70.29,-99.89,-65.87,91.96,-42.59,50.04,-88.93,-50.45,-70.38,-84.62,-5.73,42.08
objects/bottle_mpeg7-02,objects,targets/objects/bottle_mpeg7-02.png,0.884,0.82,0.0467,0.7037,10,6,3,0.2,114.5,0.6362,0.5872,0.9269,-4.02,16.09,0.00871,0.06039,objects/bottle_mpeg7-02/bottle_mpeg7-02_best.png,"[-1.363938, -1.741056, -0.190223, -1.055054, -2.655768, 0.709178, 1.784471, 0.218025, -1.003145, 0.102246, 2.828295, 0.521702, -1.37117, -1.743938, -1.689861, 1.5345, -1.42636, 0.604775]",-78.15,-99.76,-10.9,-60.45,-152.16,40.63,102.24,12.49,-57.48,5.86,162.05,29.89,-78.56,-99.92,-96.82,87.92,-81.72,34.65
abstract/comma_mpeg7-05,abstract,targets/abstract/comma_mpeg7-05.png,0.8831,0.8201,0.0365,0.7537,10,4,3,0.2,112.6,0.3381,0.3201,0.7346,-8.05,28.16,0.06266,0.05257,abstract/comma_mpeg7-05/comma_mpeg7-05_best.png,"[-1.467113, -1.66535, -1.141837, 0.585097, 2.640487, 1.09848, -1.276874, -1.74533, -1.123835, 1.631665, 0.444624, 0.656157, -1.531848, -1.655027, -0.228041, -1.581911, -2.671397, 0.090885]",-84.06,-95.42,-65.42,33.52,151.29,62.94,-73.16,-100.0,-64.39,93.49,25.48,37.6,-87.77,-94.83,-13.07,-90.64,-153.06,5.21
abstract/hcircle_mpeg7-04,abstract,targets/abstract/hcircle_mpeg7-04.png,0.8822,0.852,0.0223,0.7965,10,6,3,0.2,114.3,0.3359,0.3089,0.7346,4.02,28.16,0.09087,0.01611,abstract/hcircle_mpeg7-04/hcircle_mpeg7-04_best.png,"[-1.203921, -1.565049, -0.127293, -1.160711, -1.648984, 1.379691, 1.91986, 0.381449, -0.011709, -1.399256, 1.707871, 1.744718, -1.579432, -1.689719, -0.592484, 1.537163, -2.716737, 0.483894]",-68.98,-89.67,-7.29,-66.5,-94.48,79.05,110.0,21.86,-0.67,-80.17,97.85,99.96,-90.49,-96.81,-33.95,88.07,-155.66,27.73
objects/apple_mpeg7-05,objects,targets/objects/apple_mpeg7-05.png,0.882,0.8599,0.0154,0.83,10,6,3,0.2,111.1,0.3054,0.2898,0.7346,-20.11,28.16,0.15438,0.32579,objects/apple_mpeg7-05/apple_mpeg7-05_best.png,"[0.810745, -0.96212, 0.308985, 1.645127, -1.517625, -0.1739, 1.252048, 0.882127, -0.627923, 0.570513, 0.374739, 0.60397, -1.919247, -1.042767, 0.650971, 1.08939, -1.366122, 1.299563]",46.45,-55.13,17.7,94.26,-86.95,-9.96,71.74,50.54,-35.98,32.69,21.47,34.6,-109.96,-59.75,37.3,62.42,-78.27,74.46
objects/hat_mpeg7-03,objects,targets/objects/hat_mpeg7-03.png,0.8798,0.853,0.0211,0.8096,10,6,3,0.2,115.1,0.3158,0.3041,0.7346,-16.09,28.16,0.1633,0.24181,objects/hat_mpeg7-03/hat_mpeg7-03_best.png,"[0.902636, -1.031495, 0.093774, 1.65806, -0.097755, 1.404254, 1.043788, 0.098044, 0.427243, 1.65806, 0.896998, 0.377008, -1.91986, -0.660646, -0.086725, 1.65806, -0.286746, 0.873641]",51.72,-59.1,5.37,95.0,-5.6,80.46,59.8,5.62,24.48,95.0,51.39,21.6,-110.0,-37.85,-4.97,95.0,-16.43,50.06
objects/apple_mpeg7-03,objects,targets/objects/apple_mpeg7-03.png,0.8796,0.8374,0.0347,0.7647,10,2,3,0.2,113.9,0.3324,0.2891,0.7346,-20.11,28.16,0.14924,0.31596,objects/apple_mpeg7-03/apple_mpeg7-03_best.png,"[0.800289, -0.944382, 0.30645, 1.65806, -1.722521, -0.14384, 1.91986, -1.090982, 0.556709, 1.214044, -1.834984, 0.173754, -0.744608, -0.313966, 0.749718, 1.586644, 1.658123, 1.609352]",45.85,-54.11,17.56,95.0,-98.69,-8.24,110.0,-62.51,31.9,69.56,-105.14,9.96,-42.66,-17.99,42.96,90.91,95.0,92.21
abstract/hcircle_mpeg7-01,abstract,targets/abstract/hcircle_mpeg7-01.png,0.8786,0.8627,0.0122,0.8364,10,8,3,0.2,113.6,0.3551,0.3319,0.7346,4.02,28.16,0.09511,0.03141,abstract/hcircle_mpeg7-01/hcircle_mpeg7-01_best.png,"[-1.258692, -1.267233, -0.710636, -1.646188, 2.178699, -0.137403, -1.142903, -1.744229, -1.27961, 1.54751, -2.585985, -0.10789, -1.59578, -0.827556, -1.347979, -1.612988, -0.235588, 0.571434]",-72.12,-72.61,-40.72,-94.32,124.83,-7.87,-65.48,-99.94,-73.32,88.67,-148.17,-6.18,-91.43,-47.42,-77.23,-92.42,-13.5,32.74
abstract/device1_mpeg7-03,abstract,targets/abstract/device1_mpeg7-03.png,0.8783,0.8498,0.0233,0.8051,10,0,3,0.2,118.5,0.2609,0.2353,0.8308,-24.14,28.16,0.07653,0.31489,abstract/device1_mpeg7-03/device1_mpeg7-03_best.png,"[-1.352691, -0.163774, -0.318626, 1.226237, -1.905467, 1.74533, -0.678394, -0.884367, 0.834777, 1.65806, 1.581798, 0.349718, 1.767454, -1.035807, 0.081303, 1.65806, 0.850845, 1.74533]",-77.5,-9.38,-18.26,70.26,-109.18,100.0,-38.87,-50.67,47.83,95.0,90.63,20.04,101.27,-59.35,4.66,95.0,48.75,100.0
abstract/device1_mpeg7-02,abstract,targets/abstract/device1_mpeg7-02.png,0.8745,0.8449,0.0183,0.8197,10,4,3,0.2,117.2,0.2923,0.2661,0.8308,-20.11,28.16,0.08664,0.29024,abstract/device1_mpeg7-02/device1_mpeg7-02_best.png,"[-1.009817, -1.085259, 1.379209, -1.655556, -1.366612, -0.171948, 0.615504, -1.206156, -0.069815, 1.658041, -2.027317, 1.735712, 0.593019, -0.273793, 1.210893, -1.592571, 1.558287, 0.786922]",-57.86,-62.18,79.02,-94.86,-78.3,-9.85,35.27,-69.11,-4.0,95.0,-116.16,99.45,33.98,-15.69,69.38,-91.25,89.28,45.09
animals/octopus_mpeg7-03,animals,targets/animals/octopus_mpeg7-03.png,0.8735,0.8463,0.0278,0.7783,10,9,3,0.2,115.5,0.295,0.2849,0.7346,-20.11,28.16,0.15389,0.26942,animals/octopus_mpeg7-03/octopus_mpeg7-03_best.png,"[-1.06827, -0.916573, 0.080487, 1.368224, -2.69424, 1.448549, 0.951706, 0.129173, 0.896628, -1.65806, -2.340526, 1.396389, 0.953311, -1.667431, -0.118279, 1.534823, 2.824576, 0.663563]",-61.21,-52.52,4.61,78.39,-154.37,83.0,54.53,7.4,51.37,-95.0,-134.1,80.01,54.62,-95.54,-6.78,87.94,161.84,38.02
abstract/comma_mpeg7-02,abstract,targets/abstract/comma_mpeg7-02.png,0.8726,0.8201,0.0522,0.704,10,6,3,0.2,113.7,0.3119,0.2925,0.7346,-12.07,28.16,0.06631,0.13318,abstract/comma_mpeg7-02/comma_mpeg7-02_best.png,"[-1.346853, -0.8751, -1.622462, -1.561651, -2.52781, 1.744603, 1.728516, 0.424181, -0.911889, 0.266004, 2.107241, 0.041187, -1.413021, -1.458922, -1.69, -0.518888, 2.821244, -0.108603]",-77.17,-50.14,-92.96,-89.48,-144.83,99.96,99.04,24.3,-52.25,15.24,120.74,2.36,-80.96,-83.59,-96.83,-29.73,161.65,-6.22
abstract/heart_mpeg7-02,abstract,targets/abstract/heart_mpeg7-02.png,0.8701,0.8065,0.034,0.7507,10,2,3,0.2,112.6,0.2366,0.2131,0.9269,-16.09,28.16,0.07845,0.2579,abstract/heart_mpeg7-02/heart_mpeg7-02_best.png,"[-1.058175, -0.757302, -1.69, -1.65806, -1.700093, -0.148018, -1.150324, 0.66238, -1.661044, 1.65806, 2.743825, 1.39783, 0.437869, -1.465353, 0.343169, 1.570808, 0.710518, 0.826648]",-60.63,-43.39,-96.83,-95.0,-97.41,-8.48,-65.91,37.95,-95.17,95.0,157.21,80.09,25.09,-83.96,19.66,90.0,40.71,47.36
abstract/device2_mpeg7-01,abstract,targets/abstract/device2_mpeg7-01.png,0.8696,0.843,0.0271,0.7864,10,2,3,0.2,116.1,0.3535,0.332,0.8308,-12.07,28.16,0.10037,0.24889,abstract/device2_mpeg7-01/device2_mpeg7-01_best.png,"[1.116457, -1.687246, -0.397322, 1.589283, 1.504976, 0.077659, -1.22552, -0.283027, -0.202768, 1.63131, -2.734993, 0.791992, 0.924404, -0.714981, 1.058296, 1.270898, 1.979129, 1.525459]",63.97,-96.67,-22.76,91.06,86.23,4.45,-70.22,-16.22,-11.62,93.47,-156.7,45.38,52.96,-40.97,60.64,72.82,113.4,87.4
abstract/device3_mpeg7-04,abstract,targets/abstract/device3_mpeg7-04.png,0.8666,0.8388,0.0168,0.8085,10,3,3,0.2,113.6,0.3306,0.3134,0.7346,-16.09,28.16,0.19889,0.23274,abstract/device3_mpeg7-04/device3_mpeg7-04_best.png,"[0.723855, -1.397523, -0.103649, 1.65806, 2.218902, 0.124821, -1.034767, -0.440699, 0.610348, 1.423348, -2.048498, 1.553463, 0.796045, -0.224088, 0.380635, -1.537114, -0.666, 1.74533]",41.47,-80.07,-5.94,95.0,127.13,7.15,-59.29,-25.25,34.97,81.55,-117.37,89.01,45.61,-12.84,21.81,-88.07,-38.16,100.0
abstract/comma_mpeg7-03,abstract,targets/abstract/comma_mpeg7-03.png,0.8663,0.829,0.0294,0.785,10,1,3,0.2,112.8,0.2965,0.2758,0.8308,-12.07,24.14,0.06358,0.06293,abstract/comma_mpeg7-03/comma_mpeg7-03_best.png,"[1.309977, -1.623438, -0.574323, 1.65806, -2.008807, 0.788978, -1.217568, -1.15478, -0.577511, -1.295633, -1.015509, 0.887848, -1.272119, -1.63605, -0.399415, -0.625378, -2.04794, 1.136724]",75.06,-93.02,-32.91,95.0,-115.1,45.21,-69.76,-66.16,-33.09,-74.23,-58.18,50.87,-72.89,-93.74,-22.88,-35.83,-117.34,65.13
objects/bell_mpeg7-01,objects,targets/objects/bell_mpeg7-01.png,0.8662,0.8406,0.0155,0.8198,10,1,3,0.2,113.1,0.3165,0.2999,0.7346,4.02,28.16,0.09751,0.14164,objects/bell_mpeg7-01/bell_mpeg7-01_best.png,"[1.167306, -1.74533, -0.37177, 1.65806, -2.225352, -0.163539, -1.808277, -0.777143, -1.542476, -1.65806, 0.354153, 0.786791, -0.967687, -1.74533, -0.666877, -1.460771, 2.813351, 0.906998]",66.88,-100.0,-21.3,95.0,-127.5,-9.37,-103.61,-44.53,-88.38,-95.0,20.29,45.08,-55.44,-100.0,-38.21,-83.7,161.19,51.97
abstract/device9_mpeg7-04,abstract,targets/abstract/device9_mpeg7-04.png,0.8657,0.8355,0.0257,0.797,10,7,3,0.2,113.3,0.3037,0.2875,0.7346,-20.11,28.16,0.15758,0.26248,abstract/device9_mpeg7-04/device9_mpeg7-04_best.png,"[1.391133, -1.162705, -0.931597, -1.65806, 1.975483, 1.385396, -1.210268, -0.091317, 0.868584, -1.65203, 1.921198, 0.483994, -0.962899, -0.47887, -0.154466, 1.386502, -1.268007, -0.122957]",79.71,-66.62,-53.38,-95.0,113.19,79.38,-69.34,-5.23,49.77,-94.65,110.08,27.73,-55.17,-27.44,-8.85,79.44,-72.65,-7.04
objects/cup_mpeg7-04,objects,targets/objects/cup_mpeg7-04.png,0.8653,0.8468,0.0128,0.8251,10,5,3,0.2,113.4,0.214,0.2065,0.8308,-24.14,28.16,0.16987,0.23739,objects/cup_mpeg7-04/cup_mpeg7-04_best.png,"[0.649847, -1.332169, -0.19746, 1.65806, 0.972557, 0.120059, 1.151113, -0.613006, 0.206478, 1.65806, -1.940385, 1.003708, 1.268555, 0.891926, -0.616358, 0.786071, 0.233658, 0.845635]",37.23,-76.33,-11.31,95.0,55.72,6.88,65.95,-35.12,11.83,95.0,-111.18,57.51,72.68,51.1,-35.31,45.04,13.39,48.45
abstract/misk_mpeg7-02,abstract,targets/abstract/misk_mpeg7-02.png,0.8635,0.8277,0.0401,0.7494,10,5,3,0.2,114.2,0.3322,0.3215,0.7346,-8.05,28.16,0.10861,0.22871,abstract/misk_mpeg7-02/misk_mpeg7-02_best.png,"[1.91986, -0.878247, 0.081107, 1.65806, -2.061632, 0.728204, -0.937434, -1.74533, 0.251575, 1.638707, -2.710281, 0.949037, -1.137554, -0.851933, -1.657118, -1.129286, -0.18657, 0.974461]",110.0,-50.32,4.65,95.0,-118.12,41.72,-53.71,-100.0,14.41,93.89,-155.29,54.38,-65.18,-48.81,-94.95,-64.7,-10.69,55.83
abstract/device6_mpeg7-01,abstract,targets/abstract/device6_mpeg7-01.png,0.8628,0.8282,0.0211,0.7836,10,2,3,0.2,112.2,0.3326,0.3111,0.7346,-16.09,28.16,0.14833,0.27472,abstract/device6_mpeg7-01/device6_mpeg7-01_best.png,"[-1.91986, -0.959384, 0.345423, 1.595673, 2.147052, -0.174533, 0.934977, -0.265914, 0.543188, 1.652456, 2.376478, 0.116904, 0.646537, -1.02338, 0.123683, 1.657474, 1.603583, 1.387252]",-110.0,-54.97,19.79,91.43,123.02,-10.0,53.57,-15.24,31.12,94.68,136.16,6.7,37.04,-58.64,7.09,94.97,91.88,79.48
abstract/comma_mpeg7-01,abstract,targets/abstract/comma_mpeg7-01.png,0.8627,0.815,0.0404,0.7419,10,9,3,0.2,112.4,0.3166,0.3046,0.7346,-8.05,28.16,0.06138,0.05417,abstract/comma_mpeg7-01/comma_mpeg7-01_best.png,"[-1.271185, -0.938134, -1.654871, -1.62712, 0.262622, -0.17172, -1.140206, -1.448135, 0.06795, -1.653154, 1.541994, -0.174533, -1.573183, -1.114147, -1.113968, -1.594884, -0.456878, 0.0261]",-72.83,-53.75,-94.82,-93.23,15.05,-9.84,-65.33,-82.97,3.89,-94.72,88.35,-10.0,-90.14,-63.84,-63.83,-91.38,-26.18,1.5
objects/cup_mpeg7-02,objects,targets/objects/cup_mpeg7-02.png,0.8611,0.8332,0.0162,0.7987,10,7,3,0.2,115.8,0.3763,0.3658,0.7346,-8.05,28.16,0.13449,0.26669,objects/cup_mpeg7-02/cup_mpeg7-02_best.png,"[-1.416734, -0.241845, -0.285504, 1.653061, 0.348607, 1.245024, -1.253981, -1.38441, -0.287076, 1.617143, -1.810954, 1.029431, 1.664953, 0.852726, -1.104951, -0.39731, -1.655464, 1.157645]",-81.17,-13.86,-16.36,94.71,19.97,71.33,-71.85,-79.32,-16.45,92.66,-103.76,58.98,95.39,48.86,-63.31,-22.76,-94.85,66.33
objects/cup_mpeg7-03,objects,targets/objects/cup_mpeg7-03.png,0.861,0.83,0.0176,0.8049,10,7,3,0.2,114.5,0.3655,0.3485,0.7346,-8.05,28.16,0.13181,0.26376,objects/cup_mpeg7-03/cup_mpeg7-03_best.png,"[-1.620241, 0.038099, -0.567035, 1.474157, 2.707562, 1.74533, 1.91986, -1.716184, -0.383358, 1.537761, 1.592, 1.404777, -1.092015, -1.679939, -0.123397, 1.415547, -1.754165, -0.093934]",-92.83,2.18,-32.49,84.46,155.13,100.0,110.0,-98.33,-21.96,88.11,91.21,80.49,-62.57,-96.25,-7.07,81.1,-100.51,-5.38
objects/bottle_mpeg7-04,objects,targets/objects/bottle_mpeg7-04.png,0.8609,0.8154,0.0449,0.6921,10,4,3,0.2,113.4,0.3388,0.312,0.9269,-8.05,16.09,0.0,0.10452,objects/bottle_mpeg7-04/bottle_mpeg7-04_best.png,"[-1.324705, -1.74533, 0.117627, 1.416014, -0.013861, 1.117525, -1.594625, -1.74533, -0.195775, 0.011056, 0.237219, 1.23862, 1.498488, 0.434341, -0.865887, -0.810777, 0.231867, 0.831024]",-75.9,-100.0,6.74,81.13,-0.79,64.03,-91.37,-100.0,-11.22,0.63,13.59,70.97,85.86,24.89,-49.61,-46.45,13.29,47.61
objects/hat_mpeg7-04,objects,targets/objects/hat_mpeg7-04.png,0.8604,0.8181,0.0286,0.7609,10,9,3,0.2,116.3,0.2823,0.2653,0.9269,-20.11,28.16,0.14514,0.22332,objects/hat_mpeg7-04/hat_mpeg7-04_best.png,"[-0.719004, -1.195152, -0.208621, 1.65806, 2.488261, 1.614839, 1.898831, -1.01371, -1.640415, -1.65806, 1.205638, 0.516189, -0.562544, -0.880909, 1.121056, -1.397553, -0.274103, -0.154926]",-41.2,-68.48,-11.95,95.0,142.57,92.52,108.8,-58.08,-93.99,-95.0,69.08,29.58,-32.23,-50.47,64.23,-80.07,-15.7,-8.88
objects/cup_mpeg7-05,objects,targets/objects/cup_mpeg7-05.png,0.8601,0.8306,0.0285,0.7848,10,8,3,0.2,112.6,0.3902,0.3661,0.8308,-8.05,28.16,0.13736,0.25433,objects/cup_mpeg7-05/cup_mpeg7-05_best.png,"[-0.96622, -1.132119, 0.127076, 1.276956, -2.742234, 1.45117, 1.052618, 0.208578, 0.34881, 1.647761, -1.568241, -0.152193, 0.927785, -1.326075, -0.351799, 1.658035, -2.527414, -0.039722]",-55.36,-64.87,7.28,73.16,-157.12,83.15,60.31,11.95,19.99,94.41,-89.85,-8.72,53.16,-75.98,-20.16,95.0,-144.81,-2.28
abstract/device8_mpeg7-01,abstract,targets/abstract/device8_mpeg7-01.png,0.8594,0.8345,0.0179,0.8014,10,2,3,0.2,111.3,0.2266,0.2158,0.8308,-8.05,28.16,0.12101,0.07502,abstract/device8_mpeg7-01/device8_mpeg7-01_best.png,"[-1.04371, -0.943498, -1.235295, -1.181315, -0.828165, -0.171483, 0.881593, -0.689019, -0.01759, 0.933606, -0.179297, 0.565544, 1.69529, -1.109098, -0.123689, 1.590139, 2.818876, 1.459542]",-59.8,-54.06,-70.78,-67.68,-47.45,-9.83,50.51,-39.48,-1.01,53.49,-10.27,32.4,97.13,-63.55,-7.09,91.11,161.51,83.63
figures/children_mpeg7-03,figures,targets/figures/children_mpeg7-03.png,0.8588,0.8389,0.0102,0.8205,10,5,3,0.2,113.2,0.4148,0.3905,1.0231,-8.05,12.07,0.0,0.04825,figures/children_mpeg7-03/children_mpeg7-03_best.png,"[1.367968, -1.736278, 0.007936, 1.084709, 0.714479, -0.156552, -1.919693, 0.105244, -1.688714, -1.173932, -0.376167, -0.137604, 1.791915, -0.654796, 1.186911, -1.268221, 2.103868, 0.553726]",78.38,-99.48,0.45,62.15,40.94,-8.97,-109.99,6.03,-96.76,-67.26,-21.55,-7.88,102.67,-37.52,68.0,-72.66,120.54,31.73
objects/bottle_mpeg7-05,objects,targets/objects/bottle_mpeg7-05.png,0.8588,0.8273,0.0242,0.773,10,8,3,0.2,113.5,0.4066,0.3815,0.9269,-8.05,16.09,0.0,0.10583,objects/bottle_mpeg7-05/bottle_mpeg7-05_best.png,"[-1.536147, -1.431027, -1.553146, 0.94617, 2.657911, 0.483765, 1.686881, 0.780402, -1.334323, -1.303818, -0.358617, 0.144834, -1.504259, -1.710361, -1.666712, 1.369498, 0.974216, 0.290802]",-88.01,-81.99,-88.99,54.21,152.29,27.72,96.65,44.71,-76.45,-74.7,-20.55,8.3,-86.19,-98.0,-95.5,78.47,55.82,16.66
animals/fish_mpeg7-01,animals,targets/animals/fish_mpeg7-01.png,0.8581,0.816,0.0204,0.783,10,8,3,0.2,111.3,0.1707,0.1559,1.1192,-4.02,28.16,0.25016,0.23345,animals/fish_mpeg7-01/fish_mpeg7-01_best.png,"[-0.753777, -0.769703, -1.647328, -0.774896, -0.256417, 1.522838, 0.886153, -0.119143, 0.932343, -0.29235, -1.740885, 1.6724, -1.035479, -1.476696, -1.466037, 0.603738, 0.2561, -0.032312]",-43.19,-44.1,-94.38,-44.4,-14.69,87.25,50.77,-6.83,53.42,-16.75,-99.75,95.82,-59.33,-84.61,-84.0,34.59,14.67,-1.85
digits/1_dejavusansmono-bold,digits,targets/digits/1_dejavusansmono-bold.png,0.8573,0.8066,0.0358,0.7549,10,3,3,0.2,113.3,0.2404,0.2108,0.9269,-12.07,16.09,0.112,0.13253,digits/1_dejavusansmono-bold/1_dejavusansmono-bold_best.png,"[-1.301656, -0.881699, -0.818649, 1.576985, -1.70102, 0.141221, -0.425474, -1.592269, 1.587416, 1.167652, 1.855952, 0.569794, 1.481226, -0.486502, -1.591549, 1.653239, 1.937125, 1.721471]",-74.58,-50.52,-46.91,90.35,-97.46,8.09,-24.38,-91.23,90.95,66.9,106.34,32.65,84.87,-27.87,-91.19,94.72,110.99,98.63
abstract/misk_mpeg7-01,abstract,targets/abstract/misk_mpeg7-01.png,0.8567,0.8406,0.0176,0.8065,10,8,3,0.2,113.1,0.3481,0.3379,0.7346,-8.05,28.16,0.09786,0.19595,abstract/misk_mpeg7-01/misk_mpeg7-01_best.png,"[1.91986, -0.878981, 0.076476, 1.655973, -0.392828, -0.157654, -0.259719, -1.52696, -0.056441, 1.580543, 0.981047, -0.031159, 1.086136, -1.122604, 1.112264, -1.616029, -1.991761, 1.543008]",110.0,-50.36,4.38,94.88,-22.51,-9.03,-14.88,-87.49,-3.23,90.56,56.21,-1.79,62.23,-64.32,63.73,-92.59,-114.12,88.41
animals/butterfly_mpeg7-03,animals,targets/animals/butterfly_mpeg7-03.png,0.8562,0.8266,0.021,0.7951,10,1,3,0.2,113.2,0.2527,0.2347,0.8308,-20.11,28.16,0.15114,0.21317,animals/butterfly_mpeg7-03/butterfly_mpeg7-03_best.png,"[1.91986, -0.730333, 0.325609, 1.300988, -1.846316, -0.174533, -0.852418, 0.927338, -1.1594, -1.25933, 0.094535, -0.165067, -1.342303, -1.482142, 0.55421, -1.65806, -0.258419, 1.737533]",110.0,-41.84,18.66,74.54,-105.79,-10.0,-48.84,53.13,-66.43,-72.15,5.42,-9.46,-76.91,-84.92,31.75,-95.0,-14.81,99.55
animals/frog_mpeg7-02,animals,targets/animals/frog_mpeg7-02.png,0.8561,0.8256,0.0222,0.7784,10,9,3,0.2,117.3,0.1729,0.1573,0.9269,-24.14,28.16,0.08283,0.29055,animals/frog_mpeg7-02/frog_mpeg7-02_best.png,"[-1.180413, -0.307623, -0.251103, 1.645926, -1.360343, 1.737897, 1.050563, 0.082135, 1.086103, -1.635916, -2.739666, 1.168354, 1.91986, 0.21879, 0.172687, 0.412426, 2.84121, 1.545268]",-67.63,-17.63,-14.39,94.3,-77.94,99.57,60.19,4.71,62.23,-93.73,-156.97,66.94,110.0,12.54,9.89,23.63,162.79,88.54
abstract/heart_mpeg7-04,abstract,targets/abstract/heart_mpeg7-04.png,0.8519,0.8062,0.0255,0.7665,10,1,3,0.2,113.9,0.2915,0.2515,0.8308,-12.07,28.16,0.08647,0.23475,abstract/heart_mpeg7-04/heart_mpeg7-04_best.png,"[1.259832, -0.786493, -1.69, -1.028196, -2.742059, -0.174533, -0.419694, -1.136007, 1.331546, -1.52054, 2.806877, -0.174533, 0.988318, -0.562863, 0.054985, 1.65806, -2.512659, 0.173146]",72.18,-45.06,-96.83,-58.91,-157.11,-10.0,-24.05,-65.09,76.29,-87.12,160.82,-10.0,56.63,-32.25,3.15,95.0,-143.96,9.92
vehicles/truck_mpeg7-05,vehicles,targets/vehicles/truck_mpeg7-05.png,0.8519,0.7877,0.0308,0.7336,10,0,3,0.2,110.1,0.1997,0.1783,1.0231,-16.09,28.16,0.1218,0.30839,vehicles/truck_mpeg7-05/truck_mpeg7-05_best.png,"[1.297324, -0.841949, -1.69, -1.176983, 1.784988, -0.174533, -1.237755, 0.552976, -0.282836, -1.254765, 0.991071, 1.74397, 0.362037, -1.549308, 0.823976, 1.050404, 2.839628, 0.303927]",74.33,-48.24,-96.83,-67.44,102.27,-10.0,-70.92,31.68,-16.21,-71.89,56.78,99.92,20.74,-88.77,47.21,60.18,162.7,17.41
animals/frog_mpeg7-01,animals,targets/animals/frog_mpeg7-01.png,0.8518,0.8307,0.0189,0.7903,10,3,3,0.2,111.9,0.2976,0.2781,0.7346,-12.07,28.16,0.15118,0.25763,animals/frog_mpeg7-01/frog_mpeg7-01_best.png,"[-1.807112, 0.001698, -0.057862, 1.200425, -0.94132, 0.961855, -1.91986, -0.624082, -1.69, -1.213996, 0.127807, 0.888025, 1.223917, 0.341629, 0.48841, -0.416901, 2.612249, -0.168378]",-103.54,0.1,-3.32,68.78,-53.93,55.11,-110.0,-35.76,-96.83,-69.56,7.32,50.88,70.13,19.57,27.98,-23.89,149.67,-9.65
objects/bottle_mpeg7-01,objects,targets/objects/bottle_mpeg7-01.png,0.8514,0.7926,0.0402,0.6994,10,8,3,0.2,111.9,0.3923,0.3515,0.8308,-8.05,24.14,0.0,0.13,objects/bottle_mpeg7-01/bottle_mpeg7-01_best.png,"[1.91986, -1.74533, 1.53117, -1.211301, -0.534463, 0.314208, -1.622925, -1.295271, 1.276402, 1.16339, 1.296273, 0.39002, -1.472485, -1.62489, -1.037031, -1.51232, 0.242745, 0.680344]",110.0,-100.0,87.73,-69.4,-30.62,18.0,-92.99,-74.21,73.13,66.66,74.27,22.35,-84.37,-93.1,-59.42,-86.65,13.91,38.98
hand_shadow/snail_hasper-01,hand_shadow,targets/hand_shadow/snail_hasper-01.png,0.8512,0.8054,0.0278,0.7417,10,1,3,0.2,113.4,0.1918,0.1781,0.8308,-24.14,28.16,0.12057,0.33257,hand_shadow/snail_hasper-01/snail_hasper-01_best.png,"[-1.91986, -0.800476, 0.473172, 1.409733, -0.068888, 1.734769, 0.487495, 0.394929, 1.260257, -1.491919, 1.698881, 1.392618, 0.767161, -0.520345, 1.052125, -1.481012, 1.566317, 1.384114]",-110.0,-45.86,27.11,80.77,-3.95,99.39,27.93,22.63,72.21,-85.48,97.34,79.79,43.96,-29.81,60.28,-84.86,89.74,79.3
figures/children_mpeg7-01,figures,targets/figures/children_mpeg7-01.png,0.8511,0.8341,0.0119,0.8144,10,5,3,0.2,111.9,0.4118,0.3931,1.0231,-8.05,12.07,0.0,0.04766,figures/children_mpeg7-01/children_mpeg7-01_best.png,"[-1.283797, -1.74533, 0.592373, -0.614714, -2.724838, 0.206294, 1.318673, -1.258855, 0.603399, -1.151467, 2.425279, 0.176972, -1.388289, -1.668265, -1.035663, 1.413809, -0.663849, 0.702071]",-73.56,-100.0,33.94,-35.22,-156.12,11.82,75.55,-72.13,34.57,-65.97,138.96,10.14,-79.54,-95.58,-59.34,81.01,-38.04,40.23
objects/hat_mpeg7-02,objects,targets/objects/hat_mpeg7-02.png,0.8509,0.8117,0.0177,0.795,10,7,3,0.2,113.9,0.2408,0.2266,1.0231,-16.09,28.16,0.13838,0.2583,objects/hat_mpeg7-02/hat_mpeg7-02_best.png,"[1.237983, -0.892822, -1.671952, -1.622857, 1.83433, 0.72465, -1.176456, 0.085891, 0.471107, -1.045485, 0.625602, 1.661886, -1.085986, -0.523362, 0.119202, 1.122477, -2.554635, 0.513021]",70.93,-51.15,-95.8,-92.98,105.1,41.52,-67.41,4.92,26.99,-59.9,35.84,95.22,-62.22,-29.99,6.83,64.31,-146.37,29.39
objects/fountain_mpeg7-03,objects,targets/objects/fountain_mpeg7-03.png,0.8506,0.8035,0.0318,0.7492,10,7,3,0.2,112.4,0.2232,0.1903,0.9269,-12.07,28.16,0.25406,0.25023,objects/fountain_mpeg7-03/fountain_mpeg7-03_best.png,"[-1.895476, -0.130082, 0.291046, 0.299594, 2.803095, 1.680595, -0.973043, -0.212757, 0.755851, 1.65806, 1.559489, 0.739669, 1.128635, -1.74533, 1.163012, -1.363262, -0.062995, 1.196602]",-108.6,-7.45,16.68,17.17,160.61,96.29,-55.75,-12.19,43.31,95.0,89.35,42.38,64.67,-100.0,66.64,-78.11,-3.61,68.56
letters_upper/I_dejavuserif-bold,letters_upper,targets/letters_upper/I_dejavuserif-bold.png,0.8502,0.7968,0.0323,0.7524,10,6,3,0.2,115.3,0.3073,0.2799,0.7346,-8.05,28.16,0.0339,0.10305,letters_upper/I_dejavuserif-bold/I_dejavuserif-bold_best.png,"[-1.344699, -1.3406, -0.23971, -1.565926, -1.110695, 0.630679, -1.502489, -1.366257, -0.592357, -0.977485, -1.759468, 1.096221, -1.572427, -1.702184, -0.891567, -1.037572, -0.342421, 0.425944]",-77.05,-76.81,-13.73,-89.72,-63.64,36.14,-86.09,-78.28,-33.94,-56.01,-100.81,62.81,-90.09,-97.53,-51.08,-59.45,-19.62,24.4
objects/fountain_mpeg7-04,objects,targets/objects/fountain_mpeg7-04.png,0.8499,0.7968,0.0327,0.7552,10,8,3,0.2,112.9,0.2347,0.1953,0.9269,-12.07,28.16,0.22575,0.2564,objects/fountain_mpeg7-04/fountain_mpeg7-04_best.png,"[-1.908976, -0.536284, 0.606893, 0.288148, -2.673125, 1.743869, -0.967119, -0.259544, 0.69734, 1.571231, 0.308315, 0.762302, -1.625184, -1.381889, -0.594928, -1.240403, 0.227285, 0.61215]",-109.38,-30.73,34.77,16.51,-153.16,99.92,-55.41,-14.87,39.95,90.02,17.67,43.68,-93.12,-79.18,-34.09,-71.07,13.02,35.07
abstract/heart_mpeg7-01,abstract,targets/abstract/heart_mpeg7-01.png,0.8492,0.7986,0.0299,0.7484,10,1,3,0.2,116.3,0.2831,0.256,0.8308,-12.07,28.16,0.0897,0.2437,abstract/heart_mpeg7-01/heart_mpeg7-01_best.png,"[1.34748, -1.376048, -1.316186, 0.128925, -1.599071, -0.170514, -1.359827, 0.182574, -0.789925, 0.954939, 2.193259, -0.17015, -0.609635, -0.946132, 1.424197, -1.479988, 2.615987, -0.047999]",77.2,-78.84,-75.41,7.39,-91.62,-9.77,-77.91,10.46,-45.26,54.71,125.66,-9.75,-34.93,-54.21,81.6,-84.8,149.89,-2.75
objects/teddy_mpeg7-05,objects,targets/objects/teddy_mpeg7-05.png,0.849,0.8192,0.0183,0.786,10,6,3,0.2,115.7,0.3338,0.3103,0.8308,-20.11,24.14,0.15645,0.25425,objects/teddy_mpeg7-05/teddy_mpeg7-05_best.png,"[0.81549, -1.05973, -0.178827, 1.649652, -2.161008, 0.208035, 1.010976, 0.563014, 0.526544, -1.583678, 1.642153, -0.173217, 0.431588, -1.3671, 0.936163, 0.607613, -2.408998, 1.506536]",46.72,-60.72,-10.25,94.52,-123.82,11.92,57.92,32.26,30.17,-90.74,94.09,-9.92,24.73,-78.33,53.64,34.81,-138.03,86.32
objects/teddy_mpeg7-01,objects,targets/objects/teddy_mpeg7-01.png,0.8487,0.8281,0.0197,0.7748,10,1,3,0.2,113.0,0.3275,0.3127,0.8308,-20.11,24.14,0.15861,0.25404,objects/teddy_mpeg7-01/teddy_mpeg7-01_best.png,"[0.868721, -1.045922, -0.255237, 1.539017, 0.835965, -0.174533, -1.298938, 0.432458, -0.791399, 1.65806, 0.913263, 0.43636, 0.548218, -1.675785, 0.903372, 0.341552, 2.771818, 0.852582]",49.77,-59.93,-14.62,88.18,47.9,-10.0,-74.42,24.78,-45.34,95.0,52.33,25.0,31.41,-96.02,51.76,19.57,158.81,48.85
abstract/heart_mpeg7-03,abstract,targets/abstract/heart_mpeg7-03.png,0.8483,0.8104,0.0166,0.7944,10,8,3,0.2,113.5,0.2726,0.2535,0.8308,-12.07,28.16,0.08764,0.23764,abstract/heart_mpeg7-03/heart_mpeg7-03_best.png,"[-1.042506, -0.754938, -1.69, -1.470301, 0.122037, 1.579496, -1.022278, -0.935081, 1.225345, -1.2995, 0.294712, -0.155713, -0.844714, -1.521446, 0.870255, 0.148766, -2.207981, 0.280974]",-59.73,-43.25,-96.83,-84.24,6.99,90.5,-58.57,-53.58,70.21,-74.46,16.89,-8.92,-48.4,-87.17,49.86,8.52,-126.51,16.1
objects/tree_mpeg7-05,objects,targets/objects/tree_mpeg7-05.png,0.8477,0.7784,0.0559,0.6634,10,5,3,0.2,116.4,0.3477,0.3053,0.8308,-4.02,28.16,0.03878,0.07213,objects/tree_mpeg7-05/tree_mpeg7-05_best.png,"[1.38582, -1.74533, -0.8782, 1.65806, 0.239931, -0.172705, -1.462148, -1.264493, -1.102344, -0.437016, -2.742739, 0.270847, 1.769964, 1.731639, -1.668019, -1.327188, 0.062084, -0.055577]",79.4,-100.0,-50.32,95.0,13.75,-9.9,-83.77,-72.45,-63.16,-25.04,-157.15,15.52,101.41,99.22,-95.57,-76.04,3.56,-3.18
abstract/misk_mpeg7-05,abstract,targets/abstract/misk_mpeg7-05.png,0.8474,0.8005,0.0226,0.7683,10,9,3,0.2,113.0,0.296,0.2818,0.7346,-8.05,28.16,0.10456,0.13285,abstract/misk_mpeg7-05/misk_mpeg7-05_best.png,"[0.926311, -1.461341, -0.234171, 1.65806, 0.043041, -0.094607, 1.887487, -1.24218, 1.126639, -0.147807, -2.392238, 1.659773, 0.878261, -1.491778, 0.734696, 0.267437, -1.107317, 1.743722]",53.07,-83.73,-13.42,95.0,2.47,-5.42,108.15,-71.17,64.55,-8.47,-137.07,95.1,50.32,-85.47,42.09,15.32,-63.44,99.91
abstract/device9_mpeg7-05,abstract,targets/abstract/device9_mpeg7-05.png,0.8468,0.8045,0.0245,0.7645,10,2,3,0.2,113.7,0.3029,0.2807,0.7346,-20.11,28.16,0.16313,0.25383,abstract/device9_mpeg7-05/device9_mpeg7-05_best.png,"[0.772067, -0.899801, 0.088591, 1.647063, -1.786243, -0.07921, 1.00181, 0.2274, 0.848105, -1.656836, 2.079338, -0.17441, -0.823491, -1.570509, -0.126786, 1.50313, 2.755887, 1.706118]",44.24,-51.55,5.08,94.37,-102.34,-4.54,57.4,13.03,48.59,-94.93,119.14,-9.99,-47.18,-89.98,-7.26,86.12,157.9,97.75
objects/jar_mpeg7-02,objects,targets/objects/jar_mpeg7-02.png,0.8455,0.8035,0.0331,0.7273,10,3,3,0.2,114.1,0.2501,0.2289,1.0231,-16.09,28.16,0.06075,0.29215,objects/jar_mpeg7-02/jar_mpeg7-02_best.png,"[-1.900556, -0.325458, 0.584839, -0.91186, -0.668407, 1.744291, -0.903099, -0.804197, 0.237001, 1.367278, 2.84121, 1.74533, -0.864386, -0.191412, 1.107091, -1.591148, 1.789631, 1.428035]",-108.89,-18.65,33.51,-52.25,-38.3,99.94,-51.74,-46.08,13.58,78.34,162.79,100.0,-49.53,-10.97,63.43,-91.17,102.54,81.82
figures/children_mpeg7-02,figures,targets/figures/children_mpeg7-02.png,0.8441,0.8323,0.0084,0.8162,10,4,3,0.2,111.6,0.4055,0.3926,1.0231,-8.05,12.07,0.0,0.04407,figures/children_mpeg7-02/children_mpeg7-02_best.png,"[-1.27205, -1.74533, 0.571659, -0.624049, -2.704558, -0.138905, -1.411764, -0.846524, 0.091562, -1.502263, 0.429213, 1.077689, 1.79975, -0.338854, 1.058346, -1.65806, 2.213018, -0.115017]",-72.88,-100.0,32.75,-35.76,-154.96,-7.96,-80.89,-48.5,5.25,-86.07,24.59,61.75,103.12,-19.41,60.64,-95.0,126.8,-6.59
animals/octopus_mpeg7-02,animals,targets/animals/octopus_mpeg7-02.png,0.844,0.8239,0.0172,0.779,10,3,3,0.2,112.9,0.3044,0.2903,0.7346,-20.11,28.16,0.15054,0.25983,animals/octopus_mpeg7-02/octopus_mpeg7-02_best.png,"[0.903695, -0.683532, 0.05482, 1.65806, -2.694146, 1.062299, -0.750785, -1.410903, -0.026191, 1.401282, 2.260947, 1.560954, -0.987056, 0.049234, 0.396193, 1.65806, 1.923406, 0.063412]",51.78,-39.16,3.14,95.0,-154.36,60.87,-43.02,-80.84,-1.5,80.29,129.54,89.44,-56.55,2.82,22.7,95.0,110.2,3.63
figures/children_mpeg7-05,figures,targets/figures/children_mpeg7-05.png,0.8435,0.8261,0.0162,0.7855,10,0,3,0.2,114.5,0.4039,0.391,1.0231,-8.05,12.07,0.0,0.04489,figures/children_mpeg7-05/children_mpeg7-05_best.png,"[1.244466, -1.74533, 0.665991, -0.883522, -1.737157, -0.174533, 1.872884, 0.138415, -1.69, -1.326016, -0.082543, 1.002728, -1.419663, -1.623013, -1.251853, 0.767191, 2.207844, -0.107362]",71.3,-100.0,38.16,-50.62,-99.53,-10.0,107.31,7.93,-96.83,-75.98,-4.73,57.45,-81.34,-92.99,-71.73,43.96,126.5,-6.15
objects/teddy_mpeg7-03,objects,targets/objects/teddy_mpeg7-03.png,0.8431,0.8115,0.0273,0.7474,10,8,3,0.2,114.6,0.3107,0.287,0.8308,-24.14,24.14,0.15577,0.27533,objects/teddy_mpeg7-03/teddy_mpeg7-03_best.png,"[0.921657, -0.984813, -0.171032, 1.320063, -0.563546, -0.119789, -1.26006, 0.082905, -0.218205, 1.202275, -0.57835, -0.174533, 0.643429, -1.034667, 1.263974, -1.63746, -1.635601, 0.766546]",52.81,-56.43,-9.8,75.63,-32.29,-6.86,-72.2,4.75,-12.5,68.89,-33.14,-10.0,36.87,-59.28,72.42,-93.82,-93.71,43.92
abstract/device6_mpeg7-05,abstract,targets/abstract/device6_mpeg7-05.png,0.843,0.8103,0.0196,0.782,10,0,3,0.2,117.0,0.3312,0.316,0.7346,-16.09,28.16,0.13944,0.29287,abstract/device6_mpeg7-05/device6_mpeg7-05_best.png,"[-1.042327, -1.180378, 1.530778, -1.584464, 0.066264, 1.481859, -0.700958, -1.149466, 0.069229, 1.65806, 1.830712, 0.196357, 1.91986, -0.541278, 0.376214, 0.797029, 1.318475, 1.537738]",-59.72,-67.63,87.71,-90.78,3.8,84.9,-40.16,-65.86,3.97,95.0,104.89,11.25,110.0,-31.01,21.56,45.67,75.54,88.11
abstract/heart_mpeg7-05,abstract,targets/abstract/heart_mpeg7-05.png,0.8425,0.7753,0.0304,0.7361,10,3,3,0.2,112.6,0.2317,0.2105,1.0231,-16.09,28.16,0.08533,0.25362,abstract/heart_mpeg7-05/heart_mpeg7-05_best.png,"[-1.842145, 0.459491, -1.17083, 1.260373, -2.74385, 0.90416, -1.256836, 0.328382, -0.020549, -1.299477, 0.38732, 1.190927, 0.82486, -0.263333, 0.069505, -0.138432, -2.276112, 0.563437]",-105.55,26.33,-67.08,72.21,-157.21,51.8,-72.01,18.81,-1.18,-74.45,22.19,68.24,47.26,-15.09,3.98,-7.93,-130.41,32.28
objects/fountain_mpeg7-02,objects,targets/objects/fountain_mpeg7-02.png,0.8421,0.7905,0.0354,0.7417,10,7,3,0.2,113.5,0.2367,0.2011,0.9269,-12.07,28.16,0.22151,0.24473,objects/fountain_mpeg7-02/fountain_mpeg7-02_best.png,"[-1.812319, 0.184448, -0.232029, 0.823081, 2.795027, 1.618513, -1.230073, -0.012625, 0.801523, -1.449794, 0.925054, 1.433082, -1.680929, -0.959505, -1.396661, -0.833291, -0.424959, 0.243596]",-103.84,10.57,-13.29,47.16,160.14,92.73,-70.48,-0.72,45.92,-83.07,53.0,82.11,-96.31,-54.98,-80.02,-47.74,-24.35,13.96
letters_lower/v_dejavusans-bold,letters_lower,targets/letters_lower/v_dejavusans-bold.png,0.8413,0.7961,0.0377,0.7158,10,9,3,0.2,112.3,0.3393,0.309,0.8308,0.0,28.16,0.11325,0.11309,letters_lower/v_dejavusans-bold/v_dejavusans-bold_best.png,"[-1.06767, -1.631731, -0.781982, 0.119148, -1.081139, 0.328901, 0.992882, -1.74533, 0.987706, 0.096205, -1.958084, 1.068878, -1.887535, -1.110527, -1.179304, -0.664847, 0.857919, 0.629094]",-61.17,-93.49,-44.8,6.83,-61.94,18.84,56.89,-100.0,56.59,5.51,-112.19,61.24,-108.15,-63.63,-67.57,-38.09,49.16,36.04
objects/fountain_mpeg7-01,objects,targets/objects/fountain_mpeg7-01.png,0.8412,0.8184,0.0218,0.7669,10,1,3,0.2,112.5,0.2372,0.2175,0.9269,-12.07,28.16,0.22403,0.24369,objects/fountain_mpeg7-01/fountain_mpeg7-01_best.png,"[-1.034533, -0.508938, 0.788428, 1.65806, 1.089236, 0.715128, -1.127849, -1.551073, -1.294324, -1.284943, -0.929611, 1.044593, -1.758828, -1.669663, 0.716551, -1.647157, -0.134948, 0.558526]",-59.27,-29.16,45.17,95.0,62.41,40.97,-64.62,-88.87,-74.16,-73.62,-53.26,59.85,-100.77,-95.66,41.06,-94.38,-7.73,32.0
letters_upper/J_dejavusansmono-bold,letters_upper,targets/letters_upper/J_dejavusansmono-bold.png,0.8409,0.8025,0.0348,0.7388,10,0,3,0.2,114.6,0.1205,0.0893,0.9269,-20.11,20.11,0.12231,0.09421,letters_upper/J_dejavusansmono-bold/J_dejavusansmono-bold_best.png,"[-1.159022, -1.005583, -0.564444, 1.440015, -1.416221, -0.064008, 0.745161, 1.511187, -0.98024, -1.163897, 1.452946, 1.551868, -1.91986, 0.011038, -1.408531, -1.575263, 1.497513, 0.842574]",-66.41,-57.62,-32.34,82.51,-81.14,-3.67,42.69,86.58,-56.16,-66.69,83.25,88.92,-110.0,0.63,-80.7,-90.26,85.8,48.28
letters_lower/o_dejavusans-bold,letters_lower,targets/letters_lower/o_dejavusans-bold.png,0.8408,0.7838,0.0393,0.7162,10,4,3,0.2,113.8,0.2098,0.1653,0.8308,-28.16,28.16,0.12549,0.20036,letters_lower/o_dejavusans-bold/o_dejavusans-bold_best.png,"[-1.153431, 0.847748, -1.669785, 1.315178, -0.899884, 1.486197, -0.770489, -0.831246, 0.00482, 1.282278, -0.243493, -0.116917, -1.240316, -1.745098, -0.256013, 1.65806, -0.861655, 1.3025]",-66.09,48.57,-95.67,75.35,-51.56,85.15,-44.15,-47.63,0.28,73.47,-13.95,-6.7,-71.06,-99.99,-14.67,95.0,-49.37,74.63
figures/children_mpeg7-04,figures,targets/figures/children_mpeg7-04.png,0.8399,0.8265,0.0105,0.8011,10,5,3,0.2,112.9,0.4144,0.399,1.0231,-8.05,12.07,0.0,0.04771,figures/children_mpeg7-04/children_mpeg7-04_best.png,"[1.361604, -1.74533, -0.188634, 0.835525, 0.544479, 1.564325, 1.278342, -1.391211, 0.676125, -1.003294, 2.825124, 0.063754, 1.7242, 0.307449, -1.328871, -1.138709, 2.493915, 1.391469]",78.01,-100.0,-10.81,47.87,31.2,89.63,73.24,-79.71,38.74,-57.48,161.87,3.65,98.79,17.62,-76.14,-65.24,142.89,79.73
vehicles/truck_mpeg7-04,vehicles,targets/vehicles/truck_mpeg7-04.png,0.8397,0.774,0.0477,0.6714,10,7,3,0.2,53.4,0.1908,0.1619,1.0231,-16.09,28.16,0.12151,0.31453,vehicles/truck_mpeg7-04/truck_mpeg7-04_best.png,"[1.275256, -0.836192, -1.69, -1.18494, 2.170855, -0.042813, -1.151751, 0.427917, -0.115578, -1.277275, 1.678609, 1.629917, 0.45757, -1.450797, 0.845087, 0.963652, 2.790706, 0.015479]",73.07,-47.91,-96.83,-67.89,124.38,-2.45,-65.99,24.52,-6.62,-73.18,96.18,93.39,26.22,-83.12,48.42,55.21,159.9,0.89
letters_upper/Y_dejavusans-bold,letters_upper,targets/letters_upper/Y_dejavusans-bold.png,0.8388,0.8018,0.0171,0.7809,10,2,3,0.2,6560.6,0.2913,0.2763,0.8308,-4.02,24.14,0.10756,0.03365,letters_upper/Y_dejavusans-bold/Y_dejavusans-bold_best.png,"[-1.121648, -0.900277, -1.69, 0.026727, -1.255333, 0.372779, 1.035854, -0.960777, 0.229521, 0.376309, 0.664296, -0.174533, 1.137283, -1.725322, 0.722125, 0.882684, 0.930477, 0.930203]",-64.27,-51.58,-96.83,1.53,-71.93,21.36,59.35,-55.05,13.15,21.56,38.06,-10.0,65.16,-98.85,41.37,50.57,53.31,53.3
letters_lower/r_dejavusans-bold,letters_lower,targets/letters_lower/r_dejavusans-bold.png,0.838,0.8001,0.022,0.7716,10,5,3,0.2,115.5,0.2731,0.2518,0.7346,4.02,24.14,0.21886,0.04611,letters_lower/r_dejavusans-bold/r_dejavusans-bold_best.png,"[-1.238629, -1.352335, -0.040251, -1.65806, 1.368872, 1.412561, -0.994547, -0.986766, -1.050179, -1.241312, 2.227235, 0.453711, 1.561608, -0.116287, -0.365199, 0.208572, -2.304199, 0.002685]",-70.97,-77.48,-2.31,-95.0,78.43,80.93,-56.98,-56.54,-60.17,-71.12,127.61,26.0,89.47,-6.66,-20.92,11.95,-132.02,0.15
objects/cup_mpeg7-01,objects,targets/objects/cup_mpeg7-01.png,0.8366,0.8107,0.0259,0.7519,10,4,3,0.2,114.9,0.3655,0.3504,0.8308,-8.05,28.16,0.14059,0.25112,objects/cup_mpeg7-01/cup_mpeg7-01_best.png,"[0.874188, -0.926906, 0.056613, 1.64976, 0.158904, -0.167004, 1.206448, 0.606176, 0.255354, -1.657982, 2.810986, 1.640821, 1.266413, -0.645656, -1.68736, -1.57872, -0.011782, 0.217326]",50.09,-53.11,3.24,94.52,9.1,-9.57,69.12,34.73,14.63,-95.0,161.06,94.01,72.56,-36.99,-96.68,-90.45,-0.68,12.45
objects/teddy_mpeg7-02,objects,targets/objects/teddy_mpeg7-02.png,0.8364,0.8075,0.0195,0.7651,10,8,3,0.2,115.8,0.3518,0.3341,0.8308,-16.09,24.14,0.1565,0.2472,objects/teddy_mpeg7-02/teddy_mpeg7-02_best.png,"[0.89688, -1.12744, -0.22042, 1.510804, -0.599253, 0.048219, -1.362615, 0.620523, -1.093764, 1.593103, 0.113496, 1.287613, 0.571943, -1.74533, 1.090847, -0.523924, -1.772086, 1.055311]",51.39,-64.6,-12.63,86.56,-34.33,2.76,-78.07,35.55,-62.67,91.28,6.5,73.77,32.77,-100.0,62.5,-30.02,-101.53,60.46
abstract/device8_mpeg7-03,abstract,targets/abstract/device8_mpeg7-03.png,0.8355,0.807,0.0192,0.7758,10,0,3,0.2,113.2,0.2763,0.2564,0.8308,-4.02,28.16,0.1283,0.05678,abstract/device8_mpeg7-03/device8_mpeg7-03_best.png,"[1.31101, -0.992336, -1.23606, -1.275582, -2.153548, 0.43243, -0.969149, -1.158477, -1.20707, -0.529954, -1.846143, 1.168776, 0.797381, -0.686914, -0.192344, 1.393078, -1.518215, 1.16843]",75.12,-56.86,-70.82,-73.09,-123.39,24.78,-55.53,-66.38,-69.16,-30.36,-105.78,66.97,45.69,-39.36,-11.02,79.82,-86.99,66.95
animals/flatfish_mpeg7-03,animals,targets/animals/flatfish_mpeg7-03.png,0.8352,0.7895,0.0315,0.7363,10,1,3,0.2,113.7,0.1737,0.1621,1.0231,-12.07,28.16,0.01119,0.3214,animals/flatfish_mpeg7-03/flatfish_mpeg7-03_best.png,"[1.258957, -0.881166, -1.69, -0.950024, -2.677891, -0.014965, -0.771436, -1.312219, 0.269258, 1.632553, 1.857799, -0.044285, 0.839226, 0.941418, -1.329684, 0.903772, 1.702984, 0.323648]",72.13,-50.49,-96.83,-54.43,-153.43,-0.86,-44.2,-75.18,15.43,93.54,106.44,-2.54,48.08,53.94,-76.19,51.78,97.57,18.54
animals/ray_mpeg7-02,animals,targets/animals/ray_mpeg7-02.png,0.8352,0.8034,0.0247,0.7604,10,7,3,0.2,115.0,0.2716,0.2526,1.0231,-20.11,28.16,0.12608,0.22178,animals/ray_mpeg7-02/ray_mpeg7-02_best.png,"[1.211085, -0.94974, -1.348671, -1.65806, 2.164902, 0.305364, 1.733817, -1.018378, -1.113371, -1.576209, 0.374363, 1.061898, -1.051474, -0.487504, 0.801523, 1.351225, -0.584541, 1.4352]",69.39,-54.42,-77.27,-95.0,124.04,17.5,99.34,-58.35,-63.79,-90.31,21.45,60.84,-60.25,-27.93,45.92,77.42,-33.49,82.23
objects/hat_mpeg7-05,objects,targets/objects/hat_mpeg7-05.png,0.8342,0.7991,0.0216,0.7625,10,0,3,0.2,113.6,0.2696,0.2535,1.0231,-20.11,28.16,0.15582,0.23028,objects/hat_mpeg7-05/hat_mpeg7-05_best.png,"[-1.237432, -0.079715, -0.442328, 1.604978, 0.922356, -0.064172, 0.742071, -1.357688, -0.158875, 1.65806, 0.520267, 0.497982, -1.192464, -0.258376, 0.689345, 0.001373, 1.37723, 0.699069]",-70.9,-4.57,-25.34,91.96,52.85,-3.68,42.52,-77.79,-9.1,95.0,29.81,28.53,-68.32,-14.8,39.5,0.08,78.91,40.05
objects/crown_mpeg7-02,objects,targets/objects/crown_mpeg7-02.png,0.8333,0.803,0.0241,0.7589,10,0,3,0.2,118.0,0.1912,0.1715,1.2154,-12.07,28.16,0.05327,0.32242,objects/crown_mpeg7-02/crown_mpeg7-02_best.png,"[-1.91986, -0.037694, 0.575484, -1.599114, 1.253901, 1.689877, -1.340471, 0.915999, -1.69, 1.304937, -0.405538, 1.30228, -1.716924, -0.743998, -1.689945, -1.513881, 1.370121, 1.404551]",-110.0,-2.16,32.97,-91.62,71.84,96.82,-76.8,52.48,-96.83,74.77,-23.24,74.62,-98.37,-42.63,-96.83,-86.74,78.5,80.47
animals/turtle_mpeg7-03,animals,targets/animals/turtle_mpeg7-03.png,0.8326,0.8103,0.0141,0.7866,10,1,3,0.2,110.8,0.1504,0.1386,1.0231,-20.11,16.09,0.0,0.19132,animals/turtle_mpeg7-03/turtle_mpeg7-03_best.png,"[1.737776, -0.5908, -1.498237, -1.181477, -0.207958, 0.728578, 1.91986, -1.045477, -0.084194, 1.65806, 0.417472, 1.458848, -0.947597, -0.665494, 1.314247, 1.00519, 2.066366, 1.258761]",99.57,-33.85,-85.84,-67.69,-11.92,41.74,110.0,-59.9,-4.82,95.0,23.92,83.59,-54.29,-38.13,75.3,57.59,118.39,72.12
objects/teddy_mpeg7-04,objects,targets/objects/teddy_mpeg7-04.png,0.8319,0.8138,0.0191,0.7688,10,0,3,0.2,115.4,0.3159,0.3019,0.8308,-20.11,24.14,0.16002,0.25822,objects/teddy_mpeg7-04/teddy_mpeg7-04_best.png,"[-0.906566, -1.320063, 1.248103, -1.65806, 1.478497, 0.579486, -0.92451, -0.499185, 0.344828, 1.65806, 1.469233, 0.086936, 0.642083, -1.450751, 0.322339, 0.628159, 2.394711, 0.788668]",-51.94,-75.63,71.51,-95.0,84.71,33.2,-52.97,-28.6,19.76,95.0,84.18,4.98,36.79,-83.12,18.47,35.99,137.21,45.19
animals/frog_mpeg7-03,animals,targets/animals/frog_mpeg7-03.png,0.8318,0.8093,0.0176,0.7821,10,1,3,0.2,113.8,0.3552,0.3249,0.9269,-16.09,28.16,0.15383,0.26745,animals/frog_mpeg7-03/frog_mpeg7-03_best.png,"[1.204949, -1.653729, -0.552854, 1.632692, 1.610022, -0.09286, -1.07754, -0.710155, 0.399891, 1.08022, 2.728832, 0.456752, -0.999834, 0.151205, 0.999742, -1.65806, 0.011553, 1.614293]",69.04,-94.75,-31.68,93.55,92.25,-5.32,-61.74,-40.69,22.91,61.89,156.35,26.17,-57.29,8.66,57.28,-95.0,0.66,92.49
animals/butterfly_mpeg7-05,animals,targets/animals/butterfly_mpeg7-05.png,0.8305,0.7943,0.0212,0.7534,10,6,3,0.2,114.6,0.3476,0.3279,0.8308,0.0,24.14,0.10608,0.24207,animals/butterfly_mpeg7-05/butterfly_mpeg7-05_best.png,"[1.125584, -1.123043, 0.37145, 1.630569, -2.632147, 1.130657, -0.988846, -1.62719, -0.964813, -1.138383, -0.667982, 1.551596, 1.048532, -0.66046, -0.502868, 1.62885, -0.335263, -0.152638]",64.49,-64.35,21.28,93.42,-150.81,64.78,-56.66,-93.23,-55.28,-65.22,-38.27,88.9,60.08,-37.84,-28.81,93.33,-19.21,-8.75
hand_shadow/dog_hasper-01,hand_shadow,targets/hand_shadow/dog_hasper-01.png,0.8293,0.7882,0.028,0.734,10,5,3,0.2,112.6,0.2087,0.1697,0.8308,4.02,28.16,0.19658,0.2447,hand_shadow/dog_hasper-01/dog_hasper-01_best.png,"[-1.91986, -0.213258, -0.062119, 0.571924, -1.542848, 1.074391, -1.095098, -0.788021, 1.329081, 0.7601, -1.095764, 1.199265, 1.659906, -1.081848, 0.210431, 0.747336, -1.585492, 1.125614]",-110.0,-12.22,-3.56,32.77,-88.4,61.56,-62.74,-45.15,76.15,43.55,-62.78,68.71,95.11,-61.99,12.06,42.82,-90.84,64.49
animals/flatfish_mpeg7-01,animals,targets/animals/flatfish_mpeg7-01.png,0.828,0.8021,0.0196,0.7661,10,9,3,0.2,112.7,0.274,0.2636,1.1192,-12.07,28.16,0.14899,0.25823,animals/flatfish_mpeg7-01/flatfish_mpeg7-01_best.png,"[-1.883719, -0.816491, 0.176408, 1.281719, 1.467062, 1.675655, -0.743517, -0.971834, 0.416273, 1.409171, -2.73594, -0.050273, 0.483587, -1.168567, 1.340673, 0.85056, 0.965122, 1.273944]",-107.93,-46.78,10.11,73.44,84.06,96.01,-42.6,-55.68,23.85,80.74,-156.76,-2.88,27.71,-66.95,76.81,48.73,55.3,72.99
objects/bottle_mpeg7-03,objects,targets/objects/bottle_mpeg7-03.png,0.828,0.7772,0.0496,0.6392,10,2,3,0.2,110.7,0.3066,0.2859,0.9269,-8.05,16.09,0.0,0.0791,objects/bottle_mpeg7-03/bottle_mpeg7-03_best.png,"[-1.480763, -1.74533, 0.410972, -1.56347, -2.725269, 0.928947, -1.613055, -1.695288, -0.293279, 0.766909, -0.283952, 0.556837, 1.732654, 0.01621, 0.582811, 1.619232, 1.445964, 0.226188]",-84.84,-100.0,23.55,-89.58,-156.15,53.22,-92.42,-97.13,-16.8,43.94,-16.27,31.9,99.27,0.93,33.39,92.78,82.85,12.96
objects/jar_mpeg7-03,objects,targets/objects/jar_mpeg7-03.png,0.8279,0.8013,0.0209,0.7617,10,3,3,0.2,116.7,0.2297,0.2151,1.0231,-16.09,28.16,0.06199,0.2975,objects/jar_mpeg7-03/jar_mpeg7-03_best.png,"[1.250919, -1.451436, -0.48539, -1.641298, 1.828511, -0.082731, -1.296304, 0.454673, -0.283697, -0.939271, 1.249228, 1.596195, 0.467815, -1.236604, 0.089703, 1.51415, -2.683675, 1.618467]",71.67,-83.16,-27.81,-94.04,104.77,-4.74,-74.27,26.05,-16.25,-53.82,71.58,91.46,26.8,-70.85,5.14,86.75,-153.76,92.73
animals/turtle_mpeg7-05,animals,targets/animals/turtle_mpeg7-05.png,0.8274,0.7875,0.0234,0.734,10,4,3,0.2,111.4,0.0952,0.0847,0.8308,-28.16,20.11,0.08816,0.1575,animals/turtle_mpeg7-05/turtle_mpeg7-05_best.png,"[-0.799156, -0.937765, 0.040484, 1.085352, -0.037657, 1.097851, -1.267644, -1.74533, -0.695846, 1.65806, -0.721641, 1.301023, 1.158256, 0.250588, 0.031851, -1.148446, 1.112792, 0.592661]",-45.79,-53.73,2.32,62.19,-2.16,62.9,-72.63,-100.0,-39.87,95.0,-41.35,74.54,66.36,14.36,1.82,-65.8,63.76,33.96
objects/crown_mpeg7-04,objects,targets/objects/crown_mpeg7-04.png,0.8273,0.7693,0.0441,0.7009,10,8,3,0.2,114.7,0.1966,0.1776,1.1192,-12.07,28.16,0.07035,0.30603,objects/crown_mpeg7-04/crown_mpeg7-04_best.png,"[-1.042644, -1.04712, -1.535936, -1.258937, -0.401523, 0.985599, -1.237019, 0.064575, 0.483655, -1.56658, -1.759414, 0.820804, -0.542353, -1.317166, 0.339373, 1.625767, 2.047655, 0.221643]",-59.74,-60.0,-88.0,-72.13,-23.01,56.47,-70.88,3.7,27.71,-89.76,-100.81,47.03,-31.07,-75.47,19.44,93.15,117.32,12.7
objects/spoon_mpeg7-05,objects,targets/objects/spoon_mpeg7-05.png,0.8271,0.7862,0.0296,0.7415,10,5,3,0.2,114.1,0.0376,0.0325,1.0231,-24.14,12.07,0.10446,0.12705,objects/spoon_mpeg7-05/spoon_mpeg7-05_best.png,"[0.10268, -0.849768, 0.10158, -0.184589, -1.654162, 1.740254, 1.919841, -0.612663, 0.865915, 1.643427, 0.988651, 1.66614, 1.895227, 0.677378, 0.58844, -1.414099, 2.753934, 0.830489]",5.88,-48.69,5.82,-10.58,-94.78,99.71,110.0,-35.1,49.61,94.16,56.65,95.46,108.59,38.81,33.72,-81.02,157.79,47.58
letters_upper/V_dejavusans-bold,letters_upper,targets/letters_upper/V_dejavusans-bold.png,0.8266,0.8042,0.0154,0.7739,10,2,3,0.2,114.6,0.4246,0.4006,0.8308,0.0,24.14,0.14533,0.09922,letters_upper/V_dejavusans-bold/V_dejavusans-bold_best.png,"[-1.013433, -1.540385, -0.799246, 0.123454, -1.053329, 0.314187, 1.018409, -1.441404, 0.922602, -0.445382, -1.000349, -0.139052, -1.91986, -1.124274, -1.046276, -0.628135, 0.264421, 1.11101]",-58.07,-88.26,-45.79,7.07,-60.35,18.0,58.35,-82.59,52.86,-25.52,-57.32,-7.97,-110.0,-64.42,-59.95,-35.99,15.15,63.66
objects/tree_mpeg7-03,objects,targets/objects/tree_mpeg7-03.png,0.8264,0.8093,0.0123,0.7799,10,8,3,0.2,114.2,0.3228,0.3069,0.9269,-8.05,28.16,0.00031,0.11363,objects/tree_mpeg7-03/tree_mpeg7-03_best.png,"[1.467038, -0.616315, -1.631362, -1.65806, -1.218388, 0.21202, 1.87019, 0.829613, -1.673878, 0.789538, -1.242754, -0.106273, -1.91986, -1.063088, -1.257371, -1.013224, 0.54983, 0.543587]",84.06,-35.31,-93.47,-95.0,-69.81,12.15,107.15,47.53,-95.91,45.24,-71.2,-6.09,-110.0,-60.91,-72.04,-58.05,31.5,31.15
objects/shoe_mpeg7-02,objects,targets/objects/shoe_mpeg7-02.png,0.8262,0.7542,0.0358,0.6986,10,1,3,0.2,113.4,0.1283,0.1085,1.0231,-16.09,28.16,0.11055,0.31063,objects/shoe_mpeg7-02/shoe_mpeg7-02_best.png,"[1.257464, -0.939541, -1.674568, -0.834671, -2.743321, -0.174533, -1.281086, 0.884467, -1.450703, 1.039483, 1.481447, 1.329359, 0.612615, -1.40187, 0.582358, 1.589153, 0.903249, 0.507205]",72.05,-53.83,-95.95,-47.82,-157.18,-10.0,-73.4,50.68,-83.12,59.56,84.88,76.17,35.1,-80.32,33.37,91.05,51.75,29.06
objects/fountain_mpeg7-05,objects,targets/objects/fountain_mpeg7-05.png,0.8253,0.8054,0.0138,0.7772,10,2,3,0.2,115.2,0.2319,0.1774,0.9269,-12.07,28.16,0.23065,0.25,objects/fountain_mpeg7-05/fountain_mpeg7-05_best.png,"[0.772856, -1.456805, 1.019797, 1.377516, -2.216538, 1.04631, 0.754577, -0.635046, 0.971176, 0.267398, -0.97925, -0.054327, -1.09659, -1.74533, -0.998352, -1.253965, 1.675298, 0.493377]",44.28,-83.47,58.43,78.93,-127.0,59.95,43.23,-36.39,55.64,15.32,-56.11,-3.11,-62.83,-100.0,-57.2,-71.85,95.99,28.27
digits/1_dejavuserif-bold,digits,targets/digits/1_dejavuserif-bold.png,0.825,0.8072,0.0163,0.7685,10,0,3,0.2,114.2,0.3465,0.3269,0.9269,-8.05,16.09,0.05091,0.06322,digits/1_dejavuserif-bold/1_dejavuserif-bold_best.png,"[-1.410888, -1.743761, -0.397511, 1.471081, -0.053996, -0.038249, -1.223719, -1.712693, 0.114591, 0.422861, -2.259889, 0.224083, 1.823043, -0.161271, -1.223274, -1.560209, 1.272123, 1.74533]",-80.84,-99.91,-22.78,84.29,-3.09,-2.19,-70.11,-98.13,6.57,24.23,-129.48,12.84,104.45,-9.24,-70.09,-89.39,72.89,100.0
abstract/misk_mpeg7-04,abstract,targets/abstract/misk_mpeg7-04.png,0.8244,0.8018,0.0152,0.7745,10,8,3,0.2,111.6,0.327,0.3102,0.7346,-12.07,28.16,0.15083,0.21779,abstract/misk_mpeg7-04/misk_mpeg7-04_best.png,"[0.861825, -1.255518, -0.100347, 1.630285, 0.020148, -0.038308, 1.147641, -0.36867, 0.490417, 1.358705, -0.237546, 0.893939, 1.277328, -1.041834, -1.569587, -0.225769, 0.053192, 1.74533]",49.38,-71.94,-5.75,93.41,1.15,-2.19,65.75,-21.12,28.1,77.85,-13.61,51.22,73.19,-59.69,-89.93,-12.94,3.05,100.0
vehicles/chopper_mpeg7-02,vehicles,targets/vehicles/chopper_mpeg7-02.png,0.824,0.7719,0.0255,0.7241,10,0,3,0.2,116.2,0.2496,0.2223,1.0231,-12.07,28.16,0.13955,0.29869,vehicles/chopper_mpeg7-02/chopper_mpeg7-02_best.png,"[-1.269362, 0.034642, -0.092456, 1.6536, 1.434077, 0.679865, 0.568813, -1.258487, 0.489424, 1.231046, 0.988326, 0.11115, -1.118919, -1.484488, -1.17909, -0.713358, -1.072584, 0.39589]",-72.73,1.98,-5.3,94.74,82.17,38.95,32.59,-72.11,28.04,70.53,56.63,6.37,-64.11,-85.05,-67.56,-40.87,-61.45,22.68
digits/1_dejavusans-bold,digits,targets/digits/1_dejavusans-bold.png,0.8235,0.7827,0.035,0.6988,10,6,3,0.2,115.4,0.2787,0.2607,0.8308,-8.05,20.11,0.12336,0.0914,digits/1_dejavusans-bold/1_dejavusans-bold_best.png,"[0.912241, -0.903873, -0.67481, 1.65806, 1.61466, -0.174533, 1.91986, -1.675444, 1.46631, -0.923365, 2.811927, 1.203472, 1.028076, -1.696341, -1.69, -0.283373, 1.788759, 0.172521]",52.27,-51.79,-38.66,95.0,92.51,-10.0,110.0,-96.0,84.01,-52.9,161.11,68.95,58.9,-97.19,-96.83,-16.24,102.49,9.88
objects/guitar_mpeg7-02,objects,targets/objects/guitar_mpeg7-02.png,0.8235,0.796,0.0382,0.6924,10,9,3,0.2,113.3,0.0869,0.0587,1.1192,16.09,28.16,0.23335,0.3532,objects/guitar_mpeg7-02/guitar_mpeg7-02_best.png,"[1.919727, -0.756542, 0.449229, 1.119944, -0.530698, 1.739322, 1.222522, 0.171681, -0.088612, 1.525851, 2.838891, 0.555622, 0.038283, -1.256052, -1.041301, -0.502473, -1.351192, 0.881292]",109.99,-43.35,25.74,64.17,-30.41,99.66,70.05,9.84,-5.08,87.42,162.66,31.83,2.19,-71.97,-59.66,-28.79,-77.42,50.49
objects/hat_mpeg7-01,objects,targets/objects/hat_mpeg7-01.png,0.823,0.7877,0.0319,0.7184,10,8,3,0.2,115.0,0.2923,0.2736,0.9269,-20.11,28.16,0.1784,0.20942,objects/hat_mpeg7-01/hat_mpeg7-01_best.png,"[0.63659, -1.084967, 0.065285, 1.630609, -0.120748, -0.174533, -1.113174, 0.221966, 0.640175, -1.620246, 1.207304, 0.772001, -0.541385, -1.281053, -0.223827, 1.640081, -2.452334, 0.829742]",36.47,-62.16,3.74,93.43,-6.92,-10.0,-63.78,12.72,36.68,-92.83,69.17,44.23,-31.02,-73.4,-12.82,93.97,-140.51,47.54
objects/crown_mpeg7-01,objects,targets/objects/crown_mpeg7-01.png,0.8224,0.7689,0.027,0.7198,10,0,3,0.2,112.7,0.3232,0.2908,0.9269,-20.11,28.16,0.10893,0.24591,objects/crown_mpeg7-01/crown_mpeg7-01_best.png,"[-1.91986, -0.463381, 0.86216, -1.473336, -0.093164, 1.338911, -0.930241, 0.762978, -1.022177, -0.091676, -0.083418, 1.561422, 1.91986, -0.722256, -1.69, -1.65806, 1.461088, 1.017341]",-110.0,-26.55,49.4,-84.42,-5.34,76.71,-53.3,43.72,-58.57,-5.25,-4.78,89.46,110.0,-41.38,-96.83,-95.0,83.71,58.29
letters_upper/O_dejavusans-bold,letters_upper,targets/letters_upper/O_dejavusans-bold.png,0.8221,0.7408,0.0572,0.6503,10,5,3,0.2,113.5,0.1758,0.1184,0.8308,-28.16,28.16,0.15498,0.17608,letters_upper/O_dejavusans-bold/O_dejavusans-bold_best.png,"[1.91986, -1.321308, 1.438162, -1.239912, 2.560511, 0.2559, -1.174814, 1.214113, -1.658355, -0.68292, 2.029848, 1.300667, -0.565413, -0.96581, -0.027754, 1.192824, 1.113023, 0.183023]",110.0,-75.71,82.4,-71.04,146.71,14.66,-67.31,69.56,-95.02,-39.13,116.3,74.52,-32.4,-55.34,-1.59,68.34,63.77,10.49
abstract/device6_mpeg7-04,abstract,targets/abstract/device6_mpeg7-04.png,0.8197,0.7861,0.0181,0.76,10,5,3,0.2,114.0,0.2962,0.2767,0.8308,-24.14,24.14,0.12228,0.26326,abstract/device6_mpeg7-04/device6_mpeg7-04_best.png,"[-0.957109, -0.90653, -0.082393, 1.516046, 1.554357, 1.409075, -1.172633, 0.173497, 0.460988, -1.65806, 1.946701, 1.422137, 1.30869, -1.610927, -0.320411, -1.518064, 2.47617, 0.019851]",-54.84,-51.94,-4.72,86.86,89.06,80.73,-67.19,9.94,26.41,-95.0,111.54,81.48,74.98,-92.3,-18.36,-86.98,141.87,1.14
letters_upper/I_dejavusansmono-bold,letters_upper,targets/letters_upper/I_dejavusansmono-bold.png,0.8185,0.7667,0.025,0.7378,10,9,3,0.2,114.8,0.3122,0.2773,0.9269,-8.05,16.09,0.11626,0.10208,letters_upper/I_dejavusansmono-bold/I_dejavusansmono-bold_best.png,"[-1.10951, -0.900546, -0.621228, -1.341629, -1.465006, 0.041037, 0.430283, -1.583257, 1.562457, 1.135608, 2.393132, 0.397388, -1.225801, -0.728413, -0.587158, 1.003275, -1.597503, 0.230097]",-63.57,-51.6,-35.59,-76.87,-83.94,2.35,24.65,-90.71,89.52,65.07,137.12,22.77,-70.23,-41.73,-33.64,57.48,-91.53,13.18
letters_lower/d_dejavusans-bold,letters_lower,targets/letters_lower/d_dejavusans-bold.png,0.8183,0.7784,0.0184,0.7511,10,8,3,0.2,112.8,0.1893,0.1662,0.8308,-28.16,24.14,0.22647,0.2224,letters_lower/d_dejavusans-bold/d_dejavusans-bold_best.png,"[-1.117649, -1.129884, 1.457425, -0.662207, 2.675252, 1.597755, 1.397251, -1.74533, 0.014714, 0.806141, -2.70544, 1.511845, -0.77454, -0.429039, 0.116598, 1.264364, -2.732108, 1.196331]",-64.04,-64.74,83.5,-37.94,153.28,91.54,80.06,-100.0,0.84,46.19,-155.01,86.62,-44.38,-24.58,6.68,72.44,-156.54,68.54
abstract/device1_mpeg7-04,abstract,targets/abstract/device1_mpeg7-04.png,0.8182,0.7794,0.0299,0.7348,10,7,3,0.2,115.2,0.2727,0.257,0.9269,-24.14,24.14,0.06966,0.28669,abstract/device1_mpeg7-04/device1_mpeg7-04_best.png,"[-1.101962, -0.495205, -0.137543, 1.65806, -0.923337, 1.566582, 1.91986, -0.895892, -0.037864, 1.65806, 1.11923, 0.305073, -0.59205, -0.890614, 1.010939, 1.264437, -1.191329, 0.23626]",-63.14,-28.37,-7.88,95.0,-52.9,89.76,110.0,-51.33,-2.17,95.0,64.13,17.48,-33.92,-51.03,57.92,72.45,-68.26,13.54
letters_lower/o_dejavusansmono-bold,letters_lower,targets/letters_lower/o_dejavusansmono-bold.png,0.8167,0.7343,0.0473,0.6584,10,2,3,0.2,112.0,0.2019,0.1666,0.7346,-28.16,28.16,0.14113,0.21584,letters_lower/o_dejavusansmono-bold/o_dejavusansmono-bold_best.png,"[1.658072, 0.636859, -1.256429, 1.557938, 0.363312, 0.345903, 1.044963, 1.513888, -1.69, -1.101122, -1.939965, -0.009523, -0.756698, -0.814878, -0.011517, 1.246552, 0.811887, -0.124365]",95.0,36.49,-71.99,89.26,20.82,19.82,59.87,86.74,-96.83,-63.09,-111.15,-0.55,-43.36,-46.69,-0.66,71.42,46.52,-7.13
letters_lower/c_dejavusans-bold,letters_lower,targets/letters_lower/c_dejavusans-bold.png,0.8151,0.7754,0.0261,0.7362,10,5,3,0.2,111.1,0.1867,0.1687,0.8308,8.05,24.14,0.20493,0.21007,letters_lower/c_dejavusans-bold/c_dejavusans-bold_best.png,"[-1.086943, -1.74533, -1.235088, -0.464152, -0.647404, 0.35642, 0.980682, -0.496218, -1.69, -1.130552, 1.400994, 0.074367, 0.944412, -1.525458, 1.500905, -1.609635, -1.929151, 0.092123]",-62.28,-100.0,-70.77,-26.59,-37.09,20.42,56.19,-28.43,-96.83,-64.78,80.27,4.26,54.11,-87.4,86.0,-92.23,-110.53,5.28
abstract/device4_mpeg7-05,abstract,targets/abstract/device4_mpeg7-05.png,0.8143,0.7928,0.0177,0.7541,10,4,3,0.2,113.2,0.2898,0.2687,0.9269,-16.09,24.14,0.21785,0.24814,abstract/device4_mpeg7-05/device4_mpeg7-05_best.png,"[-1.234969, -0.756402, 0.831242, 0.413347, 0.903254, 1.689544, 0.225049, -1.597668, 1.430331, -1.628227, 1.03888, 1.742526, 0.640471, -1.23079, 0.34103, 1.656174, -1.316902, 0.26045]",-70.76,-43.34,47.63,23.68,51.75,96.8,12.89,-91.54,81.95,-93.29,59.52,99.84,36.7,-70.52,19.54,94.89,-75.45,14.92
abstract/device9_mpeg7-02,abstract,targets/abstract/device9_mpeg7-02.png,0.8139,0.7617,0.0283,0.7009,10,4,3,0.2,113.4,0.328,0.3088,0.7346,-16.09,28.16,0.16569,0.25908,abstract/device9_mpeg7-02/device9_mpeg7-02_best.png,"[1.164719, -1.730922, -0.284832, 1.610162, 2.095939, 1.231886, -1.233277, -0.250089, 1.016245, -1.646678, 0.875437, 1.041096, 0.513976, -0.833711, -0.097508, 1.65806, -1.678638, -0.154489]",66.73,-99.17,-16.32,92.26,120.09,70.58,-70.66,-14.33,58.23,-94.35,50.16,59.65,29.45,-47.77,-5.59,95.0,-96.18,-8.85
hand_shadow/bird_hasper-01,hand_shadow,targets/hand_shadow/bird_hasper-01.png,0.8135,0.7831,0.0237,0.7421,10,2,3,0.2,115.2,0.2009,0.1791,0.9269,-24.14,28.16,0.28014,0.20903,hand_shadow/bird_hasper-01/bird_hasper-01_best.png,"[-0.226347, -1.156604, 1.154451, 0.424342, -1.178598, 0.69382, 0.560777, -0.238985, 1.347656, -1.434148, -1.627574, 1.207957, 1.232526, -1.74533, 0.096884, -1.475518, -2.74385, 0.576687]",-12.97,-66.27,66.15,24.31,-67.53,39.75,32.13,-13.69,77.22,-82.17,-93.25,69.21,70.62,-100.0,5.55,-84.54,-157.21,33.04
digits/0_dejavusans-bold,digits,targets/digits/0_dejavusans-bold.png,0.8134,0.7446,0.0378,0.6914,10,1,3,0.2,113.2,0.2201,0.159,0.8308,-28.16,24.14,0.13743,0.18084,digits/0_dejavusans-bold/0_dejavusans-bold_best.png,"[-1.317376, 1.117091, -1.68954, -0.267166, 0.793096, 1.661438, 0.818218, -0.888131, -0.337846, 1.273296, -1.65176, 0.391723, 1.651241, 0.637032, -1.106904, 0.455928, 2.402804, 0.787039]",-75.48,64.0,-96.8,-15.31,45.44,95.19,46.88,-50.89,-19.36,72.95,-94.64,22.44,94.61,36.5,-63.42,26.12,137.67,45.09
letters_upper/A_dejavusans-bold,letters_upper,targets/letters_upper/A_dejavusans-bold.png,0.8134,0.7749,0.0191,0.7353,10,9,3,0.2,113.9,0.225,0.209,0.8308,-28.16,24.14,0.19437,0.20236,letters_upper/A_dejavusans-bold/A_dejavusans-bold_best.png,"[-1.010424, -0.802102, -0.132019, 1.65806, 0.678951, -0.031885, -0.861851, -1.74533, 1.311928, 0.438444, -1.90358, 0.685071, -0.58553, 0.894272, 0.06585, -1.654528, -1.543165, 0.030473]",-57.89,-45.96,-7.56,95.0,38.9,-1.83,-49.38,-100.0,75.17,25.12,-109.07,39.25,-33.55,51.24,3.77,-94.8,-88.42,1.75
animals/chicken_mpeg7-01,animals,targets/animals/chicken_mpeg7-01.png,0.8124,0.787,0.0247,0.7396,10,2,3,0.2,115.6,0.2371,0.2145,0.8308,-16.09,28.16,0.1874,0.21849,animals/chicken_mpeg7-01/chicken_mpeg7-01_best.png,"[-1.089926, -1.008406, -1.035706, -1.610226, -2.293976, 0.539887, 0.597608, -1.74533, 0.667258, 1.518455, 0.900424, 0.12203, -1.880384, -1.605848, 0.195667, 1.477138, -1.928787, 1.297308]",-62.45,-57.78,-59.34,-92.26,-131.44,30.93,34.24,-100.0,38.23,87.0,51.59,6.99,-107.74,-92.01,11.21,84.63,-110.51,74.33
hand_shadow/chicken_hasper-01,hand_shadow,targets/hand_shadow/chicken_hasper-01.png,0.8105,0.7715,0.0376,0.6732,10,3,3,0.2,115.3,0.2057,0.179,0.6385,8.05,28.16,0.14664,0.02854,hand_shadow/chicken_hasper-01/chicken_hasper-01_best.png,"[1.253768, -1.39691, -0.428525, -1.527459, 2.018466, 0.918099, 1.91986, 0.744191, -1.49922, 1.300163, -0.202773, 0.689556, -1.639117, -1.359068, -1.333936, -0.182886, 0.580779, 1.35935]",71.84,-80.04,-24.55,-87.52,115.65,52.6,110.0,42.64,-85.9,74.49,-11.62,39.51,-93.91,-77.87,-76.43,-10.48,33.28,77.89
animals/bird_mpeg7-01,animals,targets/animals/bird_mpeg7-01.png,0.8077,0.769,0.0289,0.7267,10,0,3,0.2,113.3,0.1458,0.1259,1.1192,-12.07,28.16,0.03042,0.26713,animals/bird_mpeg7-01/bird_mpeg7-01_best.png,"[-1.179862, -0.915343, 0.342024, 0.538813, 2.517858, 1.150227, 1.280914, -1.29664, -0.912929, -1.154913, -1.765979, 0.55306, 0.859253, 0.431636, 0.006322, -1.653224, 1.620822, 0.389324]",-67.6,-52.45,19.6,30.87,144.26,65.9,73.39,-74.29,-52.31,-66.17,-101.18,31.69,49.23,24.73,0.36,-94.72,92.87,22.31
vehicles/truck_mpeg7-01,vehicles,targets/vehicles/truck_mpeg7-01.png,0.8074,0.7733,0.0249,0.7257,10,7,3,0.2,111.7,0.2175,0.1992,1.1192,-12.07,28.16,0.11626,0.30248,vehicles/truck_mpeg7-01/truck_mpeg7-01_best.png,"[1.148148, -0.788205, -1.689909, -1.571003, 1.65278, 0.627758, -1.092038, 0.268902, 0.261644, -1.65806, 1.070114, 1.587389, 0.72135, -0.197236, 0.083384, 0.527431, -1.933175, 1.676326]",65.78,-45.16,-96.82,-90.01,94.7,35.97,-62.57,15.41,14.99,-95.0,61.31,90.95,41.33,-11.3,4.78,30.22,-110.76,96.05
letters_upper/T_dejavusans-bold,letters_upper,targets/letters_upper/T_dejavusans-bold.png,0.807,0.7755,0.0186,0.7448,10,5,3,0.2,114.8,0.2473,0.2196,0.7346,-8.05,28.16,0.1179,0.05918,letters_upper/T_dejavusans-bold/T_dejavusans-bold_best.png,"[-1.710963, 1.021323, 0.378196, -1.657001, -2.413766, 0.56382, 1.004378, -0.961576, -0.015372, 1.142704, -1.769046, 0.656747, 1.885154, -0.291447, -0.281081, 0.52503, -1.799327, 1.743072]",-98.03,58.52,21.67,-94.94,-138.3,32.3,57.55,-55.09,-0.88,65.47,-101.36,37.63,108.01,-16.7,-16.1,30.08,-103.09,99.87
animals/octopus_mpeg7-01,animals,targets/animals/octopus_mpeg7-01.png,0.8067,0.7771,0.0265,0.729,10,8,3,0.2,114.2,0.3021,0.2774,0.7346,-16.09,28.16,0.13289,0.24957,animals/octopus_mpeg7-01/octopus_mpeg7-01_best.png,"[0.740009, -1.161915, -0.056618, 1.648268, -0.331029, -0.11436, -1.359742, 0.322583, -0.377403, 1.210564, 0.750244, 0.102892, -0.741713, -1.656132, 0.208352, 1.65806, -1.904593, 0.593708]",42.4,-66.57,-3.24,94.44,-18.97,-6.55,-77.91,18.48,-21.62,69.36,42.99,5.9,-42.5,-94.89,11.94,95.0,-109.13,34.02
letters_lower/y_dejavusans-bold,letters_lower,targets/letters_lower/y_dejavusans-bold.png,0.8067,0.7585,0.0351,0.6819,10,5,3,0.2,110.8,0.4519,0.3941,0.8308,-4.02,20.11,0.12322,0.09143,letters_lower/y_dejavusans-bold/y_dejavusans-bold_best.png,"[-1.157228, -1.071323, -1.368303, -0.001084, -0.770909, 1.441674, 1.112921, -1.112174, 0.36118, 0.148815, 2.72651, -0.070859, -1.333104, -1.619079, -1.161513, 0.42248, 1.040316, 0.325056]",-66.3,-61.38,-78.4,-0.06,-44.17,82.6,63.77,-63.72,20.69,8.53,156.22,-4.06,-76.38,-92.77,-66.55,24.21,59.61,18.62
letters_upper/B_dejavusans-bold,letters_upper,targets/letters_upper/B_dejavusans-bold.png,0.8066,0.7679,0.0182,0.7456,10,9,3,0.2,114.4,0.2306,0.22,0.7346,-24.14,28.16,0.16509,0.24018,letters_upper/B_dejavusans-bold/B_dejavusans-bold_best.png,"[-1.042414, -0.98614, 0.100718, 1.2129, -2.74385, 1.349318, -0.590474, -0.668959, 0.794858, 1.65806, -0.702927, 0.73847, 1.262518, -1.479446, -0.022153, 1.518137, 2.47021, 1.672795]",-59.73,-56.5,5.77,69.49,-157.21,77.31,-33.83,-38.33,45.54,95.0,-40.27,42.31,72.34,-84.77,-1.27,86.98,141.53,95.84
objects/brick_mpeg7-03,objects,targets/objects/brick_mpeg7-03.png,0.8058,0.7152,0.0441,0.6481,10,1,3,0.2,114.2,0.157,0.1272,1.2154,8.05,28.16,0.04712,0.42065,objects/brick_mpeg7-03/brick_mpeg7-03_best.png,"[0.887347, -0.891788, -1.682877, -1.132942, -2.227115, 0.157062, -1.370793, 0.16163, -0.607046, 1.255686, 1.679613, 0.501565, -1.91986, 0.215738, 0.249721, -0.862833, 2.335221, 1.513378]",50.84,-51.1,-96.42,-64.91,-127.6,9.0,-78.54,9.26,-34.78,71.95,96.23,28.74,-110.0,12.36,14.31,-49.44,133.8,86.71
animals/chicken_mpeg7-02,animals,targets/animals/chicken_mpeg7-02.png,0.8056,0.7552,0.0248,0.7231,10,3,3,0.2,114.1,0.2445,0.2274,0.8308,0.0,28.16,0.10203,0.18812,animals/chicken_mpeg7-02/chicken_mpeg7-02_best.png,"[-0.890793, -0.736463, -1.683572, -1.25647, -0.167986, 1.453822, -1.270517, -0.968994, 1.115071, -1.138943, -2.692116, -0.174533, -1.169002, -1.410016, -1.688343, 0.871923, -1.672644, 1.341368]",-51.04,-42.2,-96.46,-71.99,-9.62,83.3,-72.8,-55.52,63.89,-65.26,-154.25,-10.0,-66.98,-80.79,-96.73,49.96,-95.84,76.85
letters_lower/a_dejavusans-bold,letters_lower,targets/letters_lower/a_dejavusans-bold.png,0.8053,0.7671,0.0314,0.6905,10,1,3,0.2,115.4,0.2143,0.1854,0.8308,-24.14,28.16,0.16363,0.20387,letters_lower/a_dejavusans-bold/a_dejavusans-bold_best.png,"[-1.91986, -1.477665, 1.537389, -1.53163, -1.735353, 1.461093, -0.761509, -0.356581, 0.520246, 1.657888, 2.544889, 0.783496, -0.675963, -0.973817, 0.008094, 1.148663, -1.825643, 1.296192]",-110.0,-84.66,88.09,-87.76,-99.43,83.71,-43.63,-20.43,29.81,94.99,145.81,44.89,-38.73,-55.8,0.46,65.81,-104.6,74.27
animals/ray_mpeg7-01,animals,targets/animals/ray_mpeg7-01.png,0.8048,0.7794,0.0193,0.7487,10,0,3,0.2,112.4,0.3162,0.2972,0.9269,-12.07,24.14,0.03189,0.18004,animals/ray_mpeg7-01/ray_mpeg7-01_best.png,"[-1.45141, -0.442682, 0.450768, -0.629062, 0.547815, 1.446755, -1.027473, -0.688352, -1.677894, -1.65806, -0.21671, 1.142215, -1.354645, -0.475861, -1.550555, -1.65744, 1.091475, 0.401289]",-83.16,-25.36,25.83,-36.04,31.39,82.89,-58.87,-39.44,-96.14,-95.0,-12.42,65.44,-77.62,-27.26,-88.84,-94.96,62.54,22.99
letters_upper/B_dejavusansmono-bold,letters_upper,targets/letters_upper/B_dejavusansmono-bold.png,0.8044,0.7589,0.0257,0.7195,10,0,3,0.2,114.7,0.1917,0.1746,0.9269,-28.16,16.09,0.15406,0.1661,letters_upper/B_dejavusansmono-bold/B_dejavusansmono-bold_best.png,"[0.628357, -0.753497, -0.741087, 1.362112, -1.520621, 0.14943, -1.160203, 1.248816, -1.689752, -1.649007, 1.263333, 0.979011, -0.55109, -0.474235, 0.282267, -1.070376, -0.92495, 0.845788]",36.0,-43.17,-42.46,78.04,-87.13,8.56,-66.47,71.55,-96.82,-94.48,72.38,56.09,-31.58,-27.17,16.17,-61.33,-53.0,48.46
animals/bird_mpeg7-03,animals,targets/animals/bird_mpeg7-03.png,0.8036,0.7572,0.0204,0.7387,10,2,3,0.2,114.8,0.3896,0.3473,0.9269,-8.05,24.14,0.14642,0.21333,animals/bird_mpeg7-03/bird_mpeg7-03_best.png,"[1.441921, -1.74533, -0.111714, 1.65806, 2.490214, 0.948835, -1.91986, -0.403818, 0.457469, -1.032275, 0.740379, 1.332021, -0.976812, -1.102365, 0.788587, 1.256309, -2.516608, 1.296125]",82.62,-100.0,-6.4,95.0,142.68,54.36,-110.0,-23.14,26.21,-59.15,42.42,76.32,-55.97,-63.16,45.18,71.98,-144.19,74.26
letters_lower/x_dejavusans-bold,letters_lower,targets/letters_lower/x_dejavusans-bold.png,0.8035,0.7625,0.0348,0.7036,10,2,3,0.2,113.1,0.2383,0.2122,0.9269,-24.14,24.14,0.20191,0.17064,letters_lower/x_dejavusans-bold/x_dejavusans-bold_best.png,"[0.618685, -1.512858, 0.833761, -0.020698, 1.3691, 0.947556, -1.018693, 0.482861, 0.1468, 1.495964, -1.111637, 0.98614, -1.91986, -1.210352, 0.206418, 0.697016, 1.285289, 1.74533]",35.45,-86.68,47.77,-1.19,78.44,54.29,-58.37,27.67,8.41,85.71,-63.69,56.5,-110.0,-69.35,11.83,39.94,73.64,100.0
objects/brick_mpeg7-02,objects,targets/objects/brick_mpeg7-02.png,0.8032,0.724,0.0397,0.6645,10,1,3,0.2,115.3,0.1399,0.1184,1.2154,8.05,28.16,0.03328,0.42183,objects/brick_mpeg7-02/brick_mpeg7-02_best.png,"[1.002886, -0.885748, -1.686965, -0.984255, -1.838764, 0.354549, -1.227648, -0.482322, 0.092479, 1.266087, 2.229031, 1.329147, 0.973092, -1.356043, -1.69, -0.108252, 2.835365, -0.130767]",57.46,-50.75,-96.66,-56.39,-105.35,20.31,-70.34,-27.64,5.3,72.54,127.71,76.15,55.75,-77.7,-96.83,-6.2,162.45,-7.49
abstract/device8_mpeg7-02,abstract,targets/abstract/device8_mpeg7-02.png,0.8022,0.7598,0.0295,0.6947,10,0,3,0.2,111.5,0.223,0.2171,0.7346,-4.02,28.16,0.14406,0.03306,abstract/device8_mpeg7-02/device8_mpeg7-02_best.png,"[-1.039538, -0.825464, -1.62197, -0.936979, 2.214663, -0.174533, -1.15766, -1.152828, 0.1771, 1.132312, -1.59913, -0.062726, -1.40522, -0.841584, -1.599929, -1.65806, 1.605625, 1.66747]",-59.56,-47.3,-92.93,-53.68,126.89,-10.0,-66.33,-66.05,10.15,64.88,-91.62,-3.59,-80.51,-48.22,-91.67,-95.0,92.0,95.54
vehicles/chopper_mpeg7-04,vehicles,targets/vehicles/chopper_mpeg7-04.png,0.8016,0.7788,0.0178,0.7526,10,7,3,0.2,115.1,0.2382,0.2123,1.0231,0.0,28.16,0.13159,0.31139,vehicles/chopper_mpeg7-04/chopper_mpeg7-04_best.png,"[1.330507, -0.860716, -1.69, -1.090286, 1.803619, 0.122326, 1.0328, 0.100322, 0.826948, -1.65806, -2.718322, 1.10515, 0.565759, -1.492616, 0.715204, 0.983366, -1.19654, 1.724288]",76.23,-49.32,-96.83,-62.47,103.34,7.01,59.18,5.75,47.38,-95.0,-155.75,63.32,32.42,-85.52,40.98,56.34,-68.56,98.79
abstract/device2_mpeg7-02,abstract,targets/abstract/device2_mpeg7-02.png,0.801,0.781,0.0143,0.7591,10,1,3,0.2,115.2,0.3353,0.3064,0.9269,-12.07,28.16,0.07811,0.25402,abstract/device2_mpeg7-02/device2_mpeg7-02_best.png,"[1.129159, -1.657353, -0.494844, 1.656085, 1.386788, 0.030329, -1.305881, -0.209803, -0.247149, 1.65029, 2.838094, -0.172524, -0.781924, -1.285052, 0.724118, 1.065263, 2.832426, 1.23863]",64.7,-94.96,-28.35,94.89,79.46,1.74,-74.82,-12.02,-14.16,94.55,162.61,-9.88,-44.8,-73.63,41.49,61.04,162.29,70.97
animals/chicken_mpeg7-03,animals,targets/animals/chicken_mpeg7-03.png,0.8007,0.7659,0.0288,0.7047,10,7,3,0.2,114.7,0.2351,0.2045,0.8308,-20.11,28.16,0.14786,0.29751,animals/chicken_mpeg7-03/chicken_mpeg7-03_best.png,"[-1.91986, -0.974351, 0.76274, 0.631505, 2.807879, 1.537078, -0.88906, -1.111678, 0.808336, 1.135922, -2.350948, 1.383262, -1.109547, 0.064523, -0.698719, 1.531593, 0.084473, -0.035991]",-110.0,-55.83,43.7,36.18,160.88,88.07,-50.94,-63.69,46.31,65.08,-134.7,79.26,-63.57,3.7,-40.03,87.75,4.84,-2.06
objects/guitar_mpeg7-04,objects,targets/objects/guitar_mpeg7-04.png,0.8004,0.775,0.0181,0.7342,10,0,3,0.2,111.2,0.039,0.0339,0.9269,20.11,28.16,0.24296,0.26981,objects/guitar_mpeg7-04/guitar_mpeg7-04_best.png,"[-1.164004, -1.011391, -1.678038, -1.298652, -0.274393, 1.58009, -1.42341, -1.74533, 0.860875, 1.247375, 2.834468, 0.283819, -0.343064, -1.172873, -1.47833, -0.222716, -2.160524, 0.156592]",-66.69,-57.95,-96.14,-74.41,-15.72,90.53,-81.56,-100.0,49.32,71.47,162.4,16.26,-19.66,-67.2,-84.7,-12.76,-123.79,8.97
letters_upper/V_dejavusansmono-bold,letters_upper,targets/letters_upper/V_dejavusansmono-bold.png,0.8001,0.7757,0.0161,0.7511,10,4,3,0.2,112.6,0.5912,0.5619,0.9269,0.0,16.09,0.08498,0.05723,letters_upper/V_dejavusansmono-bold/V_dejavusansmono-bold_best.png,"[-0.916858, -1.511781, -0.481884, -0.058703, 2.773343, 1.740644, 1.311524, -0.993745, 0.495136, -0.498291, 1.001567, 0.534455, -0.881133, -1.436472, -0.829325, 0.482416, -2.018596, 0.063928]",-52.53,-86.62,-27.61,-3.36,158.9,99.73,75.14,-56.94,28.37,-28.55,57.39,30.62,-50.49,-82.3,-47.52,27.64,-115.66,3.66
vehicles/truck_mpeg7-02,vehicles,targets/vehicles/truck_mpeg7-02.png,0.7998,0.7424,0.036,0.6925,10,7,3,0.2,91.9,0.2087,0.1702,1.1192,-12.07,28.16,0.1037,0.34357,vehicles/truck_mpeg7-02/truck_mpeg7-02_best.png,"[-1.846676, 0.510889, -1.185794, 1.46094, -2.212832, 1.737098, 0.957595, 0.27041, 0.596798, -1.65806, -1.58938, 0.941307, -0.843201, -0.206756, 0.204316, 0.216722, -0.24529, 0.519928]",-105.81,29.27,-67.94,83.71,-126.79,99.53,54.87,15.49,34.19,-95.0,-91.06,53.93,-48.31,-11.85,11.71,12.42,-14.05,29.79
digits/3_dejavusans-bold,digits,targets/digits/3_dejavusans-bold.png,0.7995,0.7415,0.0386,0.6871,10,5,3,0.2,113.4,0.167,0.1381,0.9269,-24.14,16.09,0.10723,0.13492,digits/3_dejavusans-bold/3_dejavusans-bold_best.png,"[0.819669, -0.818087, -0.759354, 1.422417, 1.688895, 1.057537, 0.796909, 1.444772, -1.669843, 0.244303, 1.261795, 1.737918, -1.132753, -1.201495, 0.766043, 0.337273, 1.59947, 1.509446]",46.96,-46.87,-43.51,81.5,96.77,60.59,45.66,82.78,-95.67,14.0,72.3,99.58,-64.9,-68.84,43.89,19.32,91.64,86.48
vehicles/truck_mpeg7-03,vehicles,targets/vehicles/truck_mpeg7-03.png,0.7995,0.7526,0.0247,0.7199,10,1,3,0.2,111.6,0.1797,0.1627,1.0231,-16.09,28.16,0.11678,0.31287,vehicles/truck_mpeg7-03/truck_mpeg7-03_best.png,"[1.332889, -1.153924, -1.057423, -1.496263, -0.884348, 0.451645, -1.363806, 0.610078, -0.953038, 0.885852, 1.240241, 0.837393, 0.40618, -0.757034, 0.662123, 0.4461, -2.440856, 1.430272]",76.37,-66.11,-60.59,-85.73,-50.67,25.88,-78.14,34.95,-54.61,50.76,71.06,47.98,23.27,-43.37,37.94,25.56,-139.85,81.95
digits/9_dejavusans-bold,digits,targets/digits/9_dejavusans-bold.png,0.7994,0.7244,0.0406,0.659,10,6,3,0.2,113.3,0.1935,0.1766,0.7346,-24.14,28.16,0.0811,0.27919,digits/9_dejavusans-bold/9_dejavusans-bold_best.png,"[1.915985, -1.510087, 1.365529, -1.359343, 2.831681, 0.199094, 0.865268, -0.732153, 1.036633, -0.909721, 2.346627, -0.17447, 0.379034, -0.80605, -0.203722, 1.510868, 1.559247, 0.012205]",109.78,-86.52,78.24,-77.88,162.24,11.41,49.58,-41.95,59.39,-52.12,134.45,-10.0,21.72,-46.18,-11.67,86.57,89.34,0.7
animals/flatfish_mpeg7-02,animals,targets/animals/flatfish_mpeg7-02.png,0.7991,0.7646,0.0327,0.6941,10,7,3,0.2,112.1,0.1117,0.1058,1.1192,-12.07,28.16,0.00971,0.33744,animals/flatfish_mpeg7-02/flatfish_mpeg7-02_best.png,"[1.259228, -1.329052, -0.874193, -1.259236, 1.592263, 0.159555, -1.129065, -1.398335, 0.378819, 1.65806, -1.283315, 1.057907, 0.886969, 0.923246, -1.16259, 0.460999, 0.703169, 0.461539]",72.15,-76.15,-50.09,-72.15,91.23,9.14,-64.69,-80.12,21.7,95.0,-73.53,60.61,50.82,52.9,-66.61,26.41,40.29,26.44
objects/shoe_mpeg7-04,objects,targets/objects/shoe_mpeg7-04.png,0.7989,0.7171,0.0528,0.6046,10,1,3,0.2,115.2,0.1167,0.1018,1.3115,0.0,28.16,0.06954,0.45344,objects/shoe_mpeg7-04/shoe_mpeg7-04_best.png,"[1.089546, -0.855217, -1.69, -1.170643, -1.687079, 0.423702, -1.299807, 0.307964, -0.519308, 0.625717, 2.177118, 1.405441, 0.508234, -1.330228, -0.893355, -1.264764, 2.668311, -0.174533]",62.43,-49.0,-96.83,-67.07,-96.66,24.28,-74.47,17.65,-29.75,35.85,124.74,80.53,29.12,-76.22,-51.19,-72.47,152.88,-10.0
objects/crown_mpeg7-05,objects,targets/objects/crown_mpeg7-05.png,0.7986,0.7608,0.0229,0.7293,10,3,3,0.2,111.6,0.2214,0.1853,1.3115,-8.05,28.16,0.07443,0.34812,objects/crown_mpeg7-05/crown_mpeg7-05_best.png,"[-1.396449, 0.330918, -0.136675, -0.977756, 1.107347, 1.683368, -0.882879, -1.721364, -1.51698, 1.405761, 0.526438, 0.563796, -1.910763, 0.309367, 0.154111, -1.509181, -1.074046, 0.850213]",-80.01,18.96,-7.83,-56.02,63.45,96.45,-50.59,-98.63,-86.92,80.54,30.16,32.3,-109.48,17.73,8.83,-86.47,-61.54,48.71
objects/brick_mpeg7-01,objects,targets/objects/brick_mpeg7-01.png,0.7979,0.7021,0.049,0.6322,10,1,3,0.2,114.2,0.1387,0.0872,1.3115,-4.02,28.16,0.02969,0.42863,objects/brick_mpeg7-01/brick_mpeg7-01_best.png,"[1.098098, -0.90655, -1.69, -1.063214, -2.012276, 1.733589, -1.200323, 0.336279, -0.840358, 1.311899, 1.686326, 1.171263, 0.659846, -1.343674, 0.566498, 1.653767, -0.116497, -0.171509]",62.92,-51.94,-96.83,-60.92,-115.29,99.33,-68.77,19.27,-48.15,75.17,96.62,67.11,37.81,-76.99,32.46,94.75,-6.67,-9.83
vehicles/car_mpeg7-01,vehicles,targets/vehicles/car_mpeg7-01.png,0.7978,0.761,0.0306,0.7054,10,1,3,0.2,112.6,0.1467,0.1219,1.1192,-8.05,28.16,0.04681,0.33108,vehicles/car_mpeg7-01/car_mpeg7-01_best.png,"[1.165041, -0.857458, -1.662569, -1.175009, -1.669625, -0.068508, -1.307875, 0.686264, -1.09344, 0.717183, 1.702666, 0.194469, 0.67431, -1.360654, 0.39372, 1.65806, -1.783522, 0.213122]",66.75,-49.13,-95.26,-67.32,-95.66,-3.93,-74.94,39.32,-62.65,41.09,97.56,11.14,38.64,-77.96,22.56,95.0,-102.19,12.21
letters_lower/i_dejavuserif-bold,letters_lower,targets/letters_lower/i_dejavuserif-bold.png,0.7974,0.7539,0.0267,0.7128,10,8,3,0.2,113.2,0.3579,0.3337,0.9269,-8.05,16.09,0.01705,0.08887,letters_lower/i_dejavuserif-bold/i_dejavuserif-bold_best.png,"[0.35679, -1.74533, -1.671923, 1.200001, -2.186801, 0.108462, 1.359941, -1.74533, 0.040699, 1.621793, 0.90323, 0.479781, -1.895601, -0.144517, -1.22224, -1.555942, -1.050767, -0.035917]",20.44,-100.0,-95.79,68.75,-125.29,6.21,77.92,-100.0,2.33,92.92,51.75,27.49,-108.61,-8.28,-70.03,-89.15,-60.2,-2.06
animals/flatfish_mpeg7-04,animals,targets/animals/flatfish_mpeg7-04.png,0.7969,0.7375,0.0369,0.6812,10,1,3,0.2,113.4,0.1485,0.1152,1.1192,-12.07,28.16,0.0132,0.30541,animals/flatfish_mpeg7-04/flatfish_mpeg7-04_best.png,"[1.259778, -0.913496, -1.656412, -0.896591, -2.012137, 0.282177, -0.858982, 0.385562, -0.484803, 0.620871, 2.180157, 0.408208, 0.669054, -1.419016, 0.400502, 1.560041, -2.198418, 0.821365]",72.18,-52.34,-94.91,-51.37,-115.29,16.17,-49.22,22.09,-27.78,35.57,124.91,23.39,38.33,-81.3,22.95,89.38,-125.96,47.06
letters_lower/f_dejavuserif-bold,letters_lower,targets/letters_lower/f_dejavuserif-bold.png,0.7967,0.7581,0.0175,0.7337,10,3,3,0.2,114.9,0.5044,0.487,0.9269,0.0,16.09,0.09495,0.05089,letters_lower/f_dejavuserif-bold/f_dejavuserif-bold_best.png,"[-1.91986, 1.18997, -0.366128, -1.653732, 1.581083, 1.526152, -1.307506, -1.74533, -0.107502, 1.267688, 1.668043, 1.688173, 1.916355, -0.226752, -1.233934, 1.212185, 2.836152, 1.629197]",-110.0,68.18,-20.98,-94.75,90.59,87.44,-74.91,-100.0,-6.16,72.63,95.57,96.73,109.8,-12.99,-70.7,69.45,162.5,93.35
animals/turtle_mpeg7-02,animals,targets/animals/turtle_mpeg7-02.png,0.7963,0.7722,0.0148,0.7457,10,7,3,0.2,111.4,0.0262,0.0221,0.9269,-20.11,28.16,0.04232,0.21335,animals/turtle_mpeg7-02/turtle_mpeg7-02_best.png,"[-0.840843, -0.767519, 0.081252, 0.904953, 1.871126, 1.74533, -0.766681, -1.139317, 0.2619, 1.157766, 2.388828, 1.552227, -0.196321, -1.490678, 1.43397, -0.99221, 2.284232, 0.454959]",-48.18,-43.98,4.66,51.85,107.21,100.0,-43.93,-65.28,15.01,66.34,136.87,88.94,-11.25,-85.41,82.16,-56.85,130.88,26.07
vehicles/chopper_mpeg7-05,vehicles,targets/vehicles/chopper_mpeg7-05.png,0.7938,0.7676,0.0292,0.6893,10,9,3,0.2,115.1,0.2504,0.2249,1.0231,-4.02,28.16,0.13187,0.30999,vehicles/chopper_mpeg7-05/chopper_mpeg7-05_best.png,"[1.91986, -1.35091, 0.560057, 0.906908, -1.826388, 1.489843, -0.825747, -0.712562, 0.414617, 1.65806, 1.47368, 0.595569, -1.087686, -1.674823, -0.835815, -1.635401, 0.006869, 0.049544]",110.0,-77.4,32.09,51.96,-104.64,85.36,-47.31,-40.83,23.76,95.0,84.44,34.12,-62.32,-95.96,-47.89,-93.7,0.39,2.84
vehicles/personal-car_mpeg7-01,vehicles,targets/vehicles/personal-car_mpeg7-01.png,0.7936,0.7347,0.0292,0.6798,10,1,3,0.2,113.0,0.0734,0.0583,1.2154,-8.05,28.16,0.01385,0.37578,vehicles/personal-car_mpeg7-01/personal-car_mpeg7-01_best.png,"[1.174374, -0.905891, -1.69, -0.881957, -1.642438, -0.051992, -1.243079, 0.017783, -0.092766, 0.329419, 1.844722, 1.303028, -0.534387, -1.310077, 0.523003, 1.628425, -1.139214, 1.440235]",67.29,-51.9,-96.83,-50.53,-94.1,-2.98,-71.22,1.02,-5.32,18.87,105.69,74.66,-30.62,-75.06,29.97,93.3,-65.27,82.52
objects/spoon_mpeg7-04,objects,targets/objects/spoon_mpeg7-04.png,0.7929,0.7194,0.0648,0.583,10,8,3,0.2,115.1,0.2162,0.1028,0.9269,12.07,16.09,0.37724,0.20011,objects/spoon_mpeg7-04/spoon_mpeg7-04_best.png,"[-1.598107, -1.74381, 1.453588, 0.970227, -2.488944, 1.602829, -0.549814, -0.948465, -1.451644, 0.183689, -1.067173, 0.017993, -1.845221, -1.74533, 1.156287, 1.161367, -2.263909, -0.174533]",-91.56,-99.91,83.28,55.59,-142.61,91.84,-31.5,-54.34,-83.17,10.52,-61.14,1.03,-105.72,-100.0,66.25,66.54,-129.71,-10.0
animals/chicken_mpeg7-05,animals,targets/animals/chicken_mpeg7-05.png,0.7927,0.7579,0.0282,0.691,10,2,3,0.2,112.6,0.2741,0.2331,1.0231,-4.02,28.16,0.10501,0.30136,animals/chicken_mpeg7-05/chicken_mpeg7-05_best.png,"[-1.038211, -1.106118, -1.687898, -1.075614, -1.338514, 0.69362, 0.396518, -1.391338, 1.579889, -1.656158, 1.620514, -0.124956, 1.891509, -1.306038, -0.403258, 1.56547, -0.708491, 0.109029]",-59.49,-63.38,-96.71,-61.63,-76.69,39.74,22.72,-79.72,90.52,-94.89,92.85,-7.16,108.38,-74.83,-23.1,89.69,-40.59,6.25
letters_upper/F_dejavusans-bold,letters_upper,targets/letters_upper/F_dejavusans-bold.png,0.7925,0.7308,0.0386,0.6685,10,2,3,0.2,113.2,0.2628,0.2343,0.7346,8.05,24.14,0.1908,0.05527,letters_upper/F_dejavusans-bold/F_dejavusans-bold_best.png,"[-1.04407, -0.876653, -1.190289, -1.152643, -1.557804, 0.207007, -1.090873, -1.104428, -1.681425, -0.529141, 1.208862, -0.158129, 1.577541, -0.283467, -0.581431, 1.619131, -0.635013, 0.563987]",-59.82,-50.23,-68.2,-66.04,-89.26,11.86,-62.5,-63.28,-96.34,-30.32,69.26,-9.06,90.39,-16.24,-33.31,92.77,-36.38,32.31
vehicles/personal-car_mpeg7-02,vehicles,targets/vehicles/personal-car_mpeg7-02.png,0.7904,0.7392,0.0345,0.676,10,5,3,0.2,113.6,0.1657,0.135,1.2154,-8.05,28.16,0.04729,0.34248,vehicles/personal-car_mpeg7-02/personal-car_mpeg7-02_best.png,"[-1.919574, -0.268502, 0.434674, -0.884008, -1.424576, 1.353246, -1.142099, -0.176458, 0.628215, -1.064815, 1.015686, 1.723452, 0.488542, -1.417732, -1.69, 1.65806, -1.994361, 1.115299]",-109.98,-15.38,24.9,-50.65,-81.62,77.54,-65.44,-10.11,35.99,-61.01,58.19,98.75,27.99,-81.23,-96.83,95.0,-114.27,63.9
letters_lower/f_dejavusans-bold,letters_lower,targets/letters_lower/f_dejavusans-bold.png,0.79,0.7601,0.0229,0.7149,10,7,3,0.2,112.9,0.4671,0.4405,0.8308,-4.02,20.11,0.03178,0.02834,letters_lower/f_dejavusans-bold/f_dejavusans-bold_best.png,"[1.343952, -1.74533, 0.220383, -1.400636, 1.61206, 0.05795, -1.91986, -0.442509, -0.528423, 1.086205, -2.06393, 1.719474, -1.655798, -1.139355, -0.00488, 1.458708, -1.740376, 0.558362]",77.0,-100.0,12.63,-80.25,92.36,3.32,-110.0,-25.35,-30.28,62.23,-118.25,98.52,-94.87,-65.28,-0.28,83.58,-99.72,31.99
letters_lower/j_dejavuserif-bold,letters_lower,targets/letters_lower/j_dejavuserif-bold.png,0.7892,0.7461,0.0222,0.7187,10,5,3,0.2,112.6,0.26,0.2392,1.1192,-12.07,8.05,0.04631,0.07745,letters_lower/j_dejavuserif-bold/j_dejavuserif-bold_best.png,"[-1.429261, 1.12275, -0.822544, -0.21504, -0.301446, 0.324614, 1.289854, -1.254023, -0.362643, 0.404977, -2.377947, 0.327372, 1.667818, -0.024375, 0.512024, -0.415352, 2.526122, 1.425713]",-81.89,64.33,-47.13,-12.32,-17.27,18.6,73.9,-71.85,-20.78,23.2,-136.25,18.76,95.56,-1.4,29.34,-23.8,144.74,81.69
animals/elephant_mpeg7-02,animals,targets/animals/elephant_mpeg7-02.png,0.7887,0.7396,0.0353,0.6829,10,1,3,0.2,111.3,0.2836,0.2414,0.8308,0.0,28.16,0.10015,0.24394,animals/elephant_mpeg7-02/elephant_mpeg7-02_best.png,"[-1.862847, -0.588827, 0.118018, 1.65806, 1.351916, 0.330458, -1.317764, -0.850734, 0.34102, 1.528816, 2.112529, 0.331189, -0.927532, -0.912884, -1.326861, -1.655647, 0.919716, 0.642656]",-106.73,-33.74,6.76,95.0,77.46,18.93,-75.5,-48.74,19.54,87.59,121.04,18.98,-53.14,-52.3,-76.02,-94.86,52.7,36.82
digits/7_dejavusansmono-bold,digits,targets/digits/7_dejavusansmono-bold.png,0.7878,0.7313,0.038,0.6686,10,0,3,0.2,114.5,0.383,0.3596,0.9269,-8.05,20.11,0.07461,0.09265,digits/7_dejavusansmono-bold/7_dejavusansmono-bold_best.png,"[-1.145913, -0.889821, -1.517215, 1.65806, 1.691233, 1.189291, -0.502299, -0.799993, -1.008961, 1.65806, 1.153711, -0.053246, -1.105861, -0.910142, -1.362149, -0.190907, -1.261682, 0.270777]",-65.66,-50.98,-86.93,95.0,96.9,68.14,-28.78,-45.84,-57.81,95.0,66.1,-3.05,-63.36,-52.15,-78.05,-10.94,-72.29,15.51
animals/flatfish_mpeg7-05,animals,targets/animals/flatfish_mpeg7-05.png,0.7874,0.7525,0.0255,0.6999,10,9,3,0.2,113.3,0.1301,0.11,1.1192,-12.07,28.16,0.01441,0.31474,animals/flatfish_mpeg7-05/flatfish_mpeg7-05_best.png,"[0.872289, -0.149022, 0.380822, -0.172707, -1.437989, 1.276075, 1.118639, -1.176852, -1.338742, -1.165783, 1.055376, 1.23015, -0.618388, -1.360265, 0.416765, 1.562674, 2.658873, 0.258103]",49.98,-8.54,21.82,-9.9,-82.39,73.11,64.09,-67.43,-76.7,-66.79,60.47,70.48,-35.43,-77.94,23.88,89.53,152.34,14.79
hand_shadow/moose_hasper-01,hand_shadow,targets/hand_shadow/moose_hasper-01.png,0.7872,0.7635,0.0107,0.7506,10,5,3,0.2,113.6,0.2966,0.266,0.9269,8.05,20.11,0.19424,0.30582,hand_shadow/moose_hasper-01/moose_hasper-01_best.png,"[-1.907579, -0.548006, 0.630158, -0.870155, -2.74385, -0.019587, -0.791002, -1.028951, -1.681088, -0.878169, -0.946539, 1.709833, -1.010552, -0.634827, 0.670051, 1.48758, -2.74385, 0.125503]",-109.3,-31.4,36.11,-49.86,-157.21,-1.12,-45.32,-58.95,-96.32,-50.32,-54.23,97.97,-57.9,-36.37,38.39,85.23,-157.21,7.19
letters_lower/c_dejavusansmono-bold,letters_lower,targets/letters_lower/c_dejavusansmono-bold.png,0.7867,0.7495,0.0373,0.668,10,7,3,0.2,112.1,0.2041,0.1769,0.9269,8.05,20.11,0.17092,0.20582,letters_lower/c_dejavusansmono-bold/c_dejavusansmono-bold_best.png,"[0.924499, -0.398895, -1.69, -1.200394, 1.615145, 1.113217, -1.913288, 1.149405, -1.408899, 0.7223, -1.134692, 1.417407, 1.367986, -1.460925, 1.20064, -0.665913, -1.923953, 0.870981]",52.97,-22.85,-96.83,-68.78,92.54,63.78,-109.62,65.86,-80.72,41.38,-65.01,81.21,78.38,-83.7,68.79,-38.15,-110.23,49.9
letters_lower/u_dejavusans-bold,letters_lower,targets/letters_lower/u_dejavusans-bold.png,0.7863,0.7354,0.0292,0.6841,10,2,3,0.2,113.1,0.1336,0.093,0.8308,-28.16,28.16,0.17269,0.20877,letters_lower/u_dejavusans-bold/u_dejavusans-bold_best.png,"[1.899636, -1.216726, 1.47192, -1.633381, 2.394264, -0.038472, -1.208116, 1.174708, -1.686966, -0.669681, 1.856742, 0.731531, 1.595378, -0.317208, -0.23379, 0.771719, 2.429406, 0.20823]",108.84,-69.71,84.33,-93.59,137.18,-2.2,-69.22,67.31,-96.66,-38.37,106.38,41.91,91.41,-18.17,-13.4,44.22,139.19,11.93
objects/cellular-phone_mpeg7-01,objects,targets/objects/cellular-phone_mpeg7-01.png,0.786,0.7293,0.0392,0.6719,10,7,3,0.2,115.7,0.1083,0.0873,1.2154,-20.11,28.16,0.06304,0.31467,objects/cellular-phone_mpeg7-01/cellular-phone_mpeg7-01_best.png,"[1.272467, -1.380903, -0.786329, -1.267376, 2.840662, 0.313127, -1.214262, 0.364678, -0.169889, -1.232703, 1.301185, 1.735164, -0.696242, -1.623643, -1.582456, 1.626635, -1.604075, 0.137145]",72.91,-79.12,-45.05,-72.62,162.76,17.94,-69.57,20.89,-9.73,-70.63,74.55,99.42,-39.89,-93.03,-90.67,93.2,-91.91,7.86
objects/key_mpeg7-05,objects,targets/objects/key_mpeg7-05.png,0.786,0.7281,0.0609,0.6163,10,3,3,0.2,111.4,0.0989,0.0925,1.1192,16.09,28.16,0.07479,0.38088,objects/key_mpeg7-05/key_mpeg7-05_best.png,"[-1.763847, -1.224476, 0.438487, 1.257636, -2.360887, 0.516206, -0.887106, -1.174578, -1.69, -0.530022, 1.85706, 0.988102, 0.800004, -0.796286, 0.481122, 1.609244, -0.272421, 0.693234]",-101.06,-70.16,25.12,72.06,-135.27,29.58,-50.83,-67.3,-96.83,-30.37,106.4,56.61,45.84,-45.62,27.57,92.2,-15.61,39.72
letters_lower/v_dejavusansmono-bold,letters_lower,targets/letters_lower/v_dejavusansmono-bold.png,0.7852,0.757,0.0262,0.7041,10,5,3,0.2,113.4,0.4485,0.4124,0.8308,0.0,24.14,0.10569,0.07629,letters_lower/v_dejavusansmono-bold/v_dejavusansmono-bold_best.png,"[-1.176823, -1.5136, -1.20132, 0.691951, -0.623057, 0.172932, -0.914031, -1.742703, -0.325897, -0.176604, 1.920249, -0.173347, -1.416912, 0.297998, -1.141851, 0.973448, 2.647448, 0.862808]",-67.43,-86.72,-68.83,39.65,-35.7,9.91,-52.37,-99.85,-18.67,-10.12,110.02,-9.93,-81.18,17.07,-65.42,55.77,151.69,49.44
objects/key_mpeg7-02,objects,targets/objects/key_mpeg7-02.png,0.7852,0.7567,0.0173,0.7318,10,0,3,0.2,111.4,0.1683,0.1508,1.2154,8.05,28.16,0.08027,0.38702,objects/key_mpeg7-02/key_mpeg7-02_best.png,"[1.91986, -1.073439, 0.340797, 1.497362, -1.659097, 1.278274, 0.993409, -0.115023, -0.185584, 1.65806, 0.386399, -0.174533, -0.500258, -1.212316, -1.69, -0.533048, -2.512097, -0.164393]",110.0,-61.5,19.53,85.79,-95.06,73.24,56.92,-6.59,-10.63,95.0,22.14,-10.0,-28.66,-69.46,-96.83,-30.54,-143.93,-9.42
digits/8_dejavusansmono-bold,digits,targets/digits/8_dejavusansmono-bold.png,0.785,0.7246,0.0405,0.6364,10,4,3,0.2,114.6,0.2275,0.1939,0.9269,-28.16,20.11,0.11536,0.19728,digits/8_dejavusansmono-bold/8_dejavusansmono-bold_best.png,"[1.140494, 1.423679, -1.689516, -1.65806, -1.171106, 0.863735, 1.149474, -0.859936, -0.489415, 1.101462, 1.677167, 0.878001, 0.260186, -0.457509, 0.29907, -1.464668, 0.745465, 0.901711]",65.35,81.57,-96.8,-95.0,-67.1,49.49,65.86,-49.27,-28.04,63.11,96.09,50.31,14.91,-26.21,17.14,-83.92,42.71,51.66
animals/turtle_mpeg7-01,animals,targets/animals/turtle_mpeg7-01.png,0.7848,0.7464,0.0217,0.7151,10,0,3,0.2,114.5,0.1103,0.103,1.0231,-20.11,28.16,0.04151,0.19553,animals/turtle_mpeg7-01/turtle_mpeg7-01_best.png,"[-0.579051, -1.550291, 0.149274, 1.382884, -0.32619, 0.037167, -1.117978, -0.315461, 0.656559, -1.644779, -1.44726, 0.825698, -1.006415, -1.151473, -1.69, -1.40841, -0.376324, 0.298672]",-33.18,-88.83,8.55,79.23,-18.69,2.13,-64.06,-18.07,37.62,-94.24,-82.92,47.31,-57.66,-65.97,-96.83,-80.7,-21.56,17.11
vehicles/car_mpeg7-02,vehicles,targets/vehicles/car_mpeg7-02.png,0.7846,0.7437,0.0279,0.6957,10,6,3,0.2,115.6,0.1258,0.1083,1.2154,-8.05,28.16,0.02462,0.36774,vehicles/car_mpeg7-02/car_mpeg7-02_best.png,"[1.158124, -0.821764, -1.69, -1.050629, 1.802376, 1.74533, -1.220227, -0.173312, 0.579998, -0.791048, -2.479074, 0.765215, -1.91986, 0.665369, -0.93984, 0.80342, -1.567392, 1.723475]",66.36,-47.08,-96.83,-60.2,103.27,100.0,-69.91,-9.93,33.23,-45.32,-142.04,43.84,-110.0,38.12,-53.85,46.03,-89.8,98.75
digits/3_dejavusansmono-bold,digits,targets/digits/3_dejavusansmono-bold.png,0.7843,0.7399,0.0401,0.6717,10,8,3,0.2,111.5,0.1459,0.1215,1.0231,-28.16,12.07,0.09651,0.10571,digits/3_dejavusansmono-bold/3_dejavusansmono-bold_best.png,"[0.676413, -0.639793, -0.980005, 1.302788, 1.741948, 1.727573, -1.069981, 1.183111, -1.515397, 0.689613, 1.985522, -0.174514, -1.07019, -1.223813, 0.675042, 0.3308, 1.152639, 1.449595]",38.76,-36.66,-56.15,74.64,99.81,98.98,-61.31,67.79,-86.83,39.51,113.76,-10.0,-61.32,-70.12,38.68,18.95,66.04,83.06
objects/cellular-phone_mpeg7-02,objects,targets/objects/cellular-phone_mpeg7-02.png,0.7843,0.7101,0.0421,0.6444,10,3,3,0.2,111.2,0.1148,0.0946,1.3115,-12.07,28.16,0.06334,0.38072,objects/cellular-phone_mpeg7-02/cellular-phone_mpeg7-02_best.png,"[-1.888985, 0.478349, -0.56265, -0.40182, -1.252412, 1.613551, -1.214034, 0.086743, 0.274308, -0.909136, -2.539771, 1.502224, -0.441789, -1.390465, 0.574059, 1.056481, -2.043972, -0.149687]",-108.23,27.41,-32.24,-23.02,-71.76,92.45,-69.56,4.97,15.72,-52.09,-145.52,86.07,-25.31,-79.67,32.89,60.53,-117.11,-8.58
letters_lower/t_dejavusans-bold,letters_lower,targets/letters_lower/t_dejavusans-bold.png,0.784,0.7451,0.0235,0.6992,10,1,3,0.2,114.1,0.2971,0.2767,0.7346,-4.02,28.16,0.03533,0.09896,letters_lower/t_dejavusans-bold/t_dejavusans-bold_best.png,"[1.284127, -1.606227, 0.218593, 1.569977, 0.959263, -0.087193, 1.915862, -0.28159, 0.100816, 0.346434, -1.448763, -0.174533, 1.610047, -0.340463, -0.35198, 1.378949, 1.769186, -0.122168]",73.58,-92.03,12.52,89.95,54.96,-5.0,109.77,-16.13,5.78,19.85,-83.01,-10.0,92.25,-19.51,-20.17,79.01,101.37,-7.0
letters_lower/j_dejavusans-bold,letters_lower,targets/letters_lower/j_dejavusans-bold.png,0.7837,0.7234,0.0539,0.6211,10,4,3,0.2,112.2,0.3896,0.358,1.0231,-8.05,12.07,0.02597,0.09326,letters_lower/j_dejavusans-bold/j_dejavusans-bold_best.png,"[1.91986, -1.709922, 1.439732, -0.911207, 2.551251, 0.692842, -1.161671, 1.745321, -1.592963, -0.662233, -0.039145, 1.689393, -1.293081, -0.961987, -0.413879, -0.816006, -2.739091, 1.597378]",110.0,-97.97,82.49,-52.21,146.18,39.7,-66.56,100.0,-91.27,-37.94,-2.24,96.8,-74.09,-55.12,-23.71,-46.75,-156.94,91.52
letters_upper/X_dejavusans-bold,letters_upper,targets/letters_upper/X_dejavusans-bold.png,0.7833,0.7444,0.0282,0.6947,10,2,3,0.2,112.4,0.2383,0.2151,0.9269,-24.14,20.11,0.22263,0.14885,letters_upper/X_dejavusans-bold/X_dejavusans-bold_best.png,"[0.744016, -1.349617, 0.754185, -0.222089, 1.342841, 0.986234, -0.98161, 0.306127, 0.361423, 0.709831, -0.41627, 1.55508, -1.913463, -1.155296, 0.251172, 0.29966, 1.132652, 1.596517]",42.63,-77.33,43.21,-12.72,76.94,56.51,-56.24,17.54,20.71,40.67,-23.85,89.1,-109.63,-66.19,14.39,17.17,64.9,91.47
vehicles/car_mpeg7-05,vehicles,targets/vehicles/car_mpeg7-05.png,0.7829,0.7378,0.0243,0.6985,10,3,3,0.2,114.0,0.1576,0.1288,1.2154,-8.05,28.16,0.05772,0.36209,vehicles/car_mpeg7-05/car_mpeg7-05_best.png,"[1.208791, -1.02936, -1.334346, -1.368543, 1.711149, 0.948294, -1.322628, 0.246235, -0.459629, 0.619755, -1.284693, 1.724086, -0.564456, -1.57331, -1.69, 1.187229, -1.292448, 0.307128]",69.26,-58.98,-76.45,-78.41,98.04,54.33,-75.78,14.11,-26.33,35.51,-73.61,98.78,-32.34,-90.14,-96.83,68.02,-74.05,17.6
objects/key_mpeg7-04,objects,targets/objects/key_mpeg7-04.png,0.7828,0.7492,0.0243,0.6894,10,4,3,0.2,111.8,0.1329,0.1163,1.3115,4.02,28.16,0.03049,0.37958,objects/key_mpeg7-04/key_mpeg7-04_best.png,"[0.885142, -1.682907, 0.311533, 1.268019, 1.899594, 0.228794, -1.229084, 0.14926, 0.180885, -1.033583, 1.044148, 1.425772, 0.67314, -1.576912, -0.79246, -0.960807, 1.598574, 0.406814]",50.71,-96.42,17.85,72.65,108.84,13.11,-70.42,8.55,10.36,-59.22,59.83,81.69,38.57,-90.35,-45.4,-55.05,91.59,23.31
letters_lower/h_dejavuserif-bold,letters_lower,targets/letters_lower/h_dejavuserif-bold.png,0.7826,0.7032,0.0386,0.6378,10,7,3,0.2,115.4,0.1682,0.1319,0.9269,-28.16,16.09,0.19872,0.12353,letters_lower/h_dejavuserif-bold/h_dejavuserif-bold_best.png,"[-1.284821, 1.15928, -1.69, -1.32484, -2.736477, -0.127807, 1.167881, -1.681156, 0.365502, 1.065069, -1.630465, 0.118252, 1.724404, 0.316938, 0.379191, 0.7622, -1.714369, 1.74533]",-73.61,66.42,-96.83,-75.91,-156.79,-7.32,66.91,-96.32,20.94,61.02,-93.42,6.78,98.8,18.16,21.73,43.67,-98.23,100.0
letters_lower/a_dejavusansmono-bold,letters_lower,targets/letters_lower/a_dejavusansmono-bold.png,0.7811,0.734,0.0348,0.6692,10,5,3,0.2,113.9,0.2206,0.1892,0.7346,-28.16,28.16,0.1949,0.24488,letters_lower/a_dejavusansmono-bold/a_dejavusansmono-bold_best.png,"[1.883199, -1.408113, 1.515717, -1.65806, 2.526269, 0.358131, 0.916913, -0.704224, -0.039914, 0.953108, -1.484042, 1.217419, -0.643398, -0.182297, 0.475431, 1.450309, -0.237349, -0.174533]",107.9,-80.68,86.84,-95.0,144.74,20.52,52.54,-40.35,-2.29,54.61,-85.03,69.75,-36.86,-10.44,27.24,83.1,-13.6,-10.0
letters_lower/t_dejavuserif-bold,letters_lower,targets/letters_lower/t_dejavuserif-bold.png,0.7806,0.7292,0.0337,0.6505,10,0,3,0.2,113.0,0.4161,0.3911,0.8308,0.0,24.14,0.03836,0.03419,letters_lower/t_dejavuserif-bold/t_dejavuserif-bold_best.png,"[1.695447, 1.059409, -1.556307, -1.587064, -1.205294, 1.403128, -1.133014, -1.731298, -1.681215, -0.049835, -2.727026, 0.963842, -1.421973, -0.651469, -1.071884, -1.657103, -1.930589, -0.111082]",97.14,60.7,-89.17,-90.93,-69.06,80.39,-64.92,-99.2,-96.33,-2.86,-156.25,55.22,-81.47,-37.33,-61.41,-94.95,-110.61,-6.36
vehicles/chopper_mpeg7-03,vehicles,targets/vehicles/chopper_mpeg7-03.png,0.7798,0.7618,0.016,0.7345,10,2,3,0.2,115.4,0.2508,0.2169,1.1192,0.0,28.16,0.13932,0.31319,vehicles/chopper_mpeg7-03/chopper_mpeg7-03_best.png,"[1.267778, -1.292805, -0.963429, -1.499456, 0.410036, 1.26941, -1.264813, 0.136263, -0.354833, 1.474349, -0.784313, 1.471119, -1.283484, -0.592364, 0.329506, 1.647899, 1.513278, -0.109343]",72.64,-74.07,-55.2,-85.91,23.49,72.73,-72.47,7.81,-20.33,84.47,-44.94,84.29,-73.54,-33.94,18.88,94.42,86.7,-6.26
abstract/device3_mpeg7-05,abstract,targets/abstract/device3_mpeg7-05.png,0.7797,0.7517,0.0158,0.7331,10,1,3,0.2,114.5,0.2613,0.2493,0.7346,-24.14,28.16,0.22581,0.24784,abstract/device3_mpeg7-05/device3_mpeg7-05_best.png,"[1.91986, -0.669959, -1.69, -1.65806, -0.219858, 1.020768, -0.715893, -0.411921, 0.492375, 1.651092, 1.854978, -0.172489, 0.970807, -1.700006, 0.058448, 1.329479, 2.837965, -0.174533]",110.0,-38.39,-96.83,-95.0,-12.6,58.49,-41.02,-23.6,28.21,94.6,106.28,-9.88,55.62,-97.4,3.35,76.17,162.6,-10.0
animals/elephant_mpeg7-03,animals,targets/animals/elephant_mpeg7-03.png,0.7795,0.7496,0.0179,0.7238,10,1,3,0.2,113.7,0.2123,0.1963,0.9269,-24.14,28.16,0.07781,0.23852,animals/elephant_mpeg7-03/elephant_mpeg7-03_best.png,"[1.135613, -1.601607, -0.217111, 1.548898, 1.479755, 0.057352, -1.255452, 0.337515, -0.892974, 1.656945, 1.593047, 0.382851, 0.575367, -0.402152, -0.362564, 1.009013, 2.628475, 1.404253]",65.07,-91.77,-12.44,88.75,84.78,3.29,-71.93,19.34,-51.16,94.94,91.27,21.94,32.97,-23.04,-20.77,57.81,150.6,80.46
animals/frog_mpeg7-04,animals,targets/animals/frog_mpeg7-04.png,0.7792,0.7533,0.0247,0.7141,10,2,3,0.2,112.9,0.2347,0.223,0.8308,-8.05,28.16,0.0753,0.22967,animals/frog_mpeg7-04/frog_mpeg7-04_best.png,"[-1.158382, -1.063099, -1.69, -1.319409, -1.950558, -0.064432, -1.179325, -0.884636, 0.046107, 1.488479, -0.828247, -0.132309, -0.440051, -1.74533, 0.518562, 1.65806, 2.278439, 0.085578]",-66.37,-60.91,-96.83,-75.6,-111.76,-3.69,-67.57,-50.69,2.64,85.28,-47.46,-7.58,-25.21,-100.0,29.71,95.0,130.54,4.9
letters_upper/L_dejavuserif-bold,letters_upper,targets/letters_upper/L_dejavuserif-bold.png,0.779,0.7297,0.0346,0.6711,10,0,3,0.2,112.0,0.3123,0.2509,0.7346,4.02,24.14,0.22378,0.16789,letters_upper/L_dejavuserif-bold/L_dejavuserif-bold_best.png,"[1.118849, -1.74533, -0.991525, -1.366131, 1.841252, -0.097384, 1.375967, -1.420468, -0.143365, 1.284773, 1.632307, -0.022772, 1.868539, -0.09167, 1.485865, -0.864592, -1.214117, 1.111012]",64.11,-100.0,-56.81,-78.27,105.5,-5.58,78.84,-81.39,-8.21,73.61,93.52,-1.3,107.06,-5.25,85.13,-49.54,-69.56,63.66
letters_lower/d_dejavusansmono-bold,letters_lower,targets/letters_lower/d_dejavusansmono-bold.png,0.7787,0.7539,0.0208,0.7211,10,8,3,0.2,114.4,0.1953,0.1743,0.8308,-24.14,24.14,0.161,0.20174,letters_lower/d_dejavusansmono-bold/d_dejavusansmono-bold_best.png,"[-1.369706, -1.437351, 1.405762, -0.030736, 1.975844, 0.825678, 0.689874, -0.734217, 0.326847, 1.504254, -0.473646, 1.631005, -1.457117, -0.622374, -1.36361, -1.65806, 0.331787, 0.853762]",-78.48,-82.35,80.54,-1.76,113.21,47.31,39.53,-42.07,18.73,86.19,-27.14,93.45,-83.49,-35.66,-78.13,-95.0,19.01,48.92
letters_upper/N_dejavusans-bold,letters_upper,targets/letters_upper/N_dejavusans-bold.png,0.7785,0.7365,0.0257,0.6928,10,0,3,0.2,112.1,0.1521,0.1358,0.8308,-28.16,24.14,0.20062,0.23049,letters_upper/N_dejavusans-bold/N_dejavusans-bold_best.png,"[0.689876, -0.597565, 0.257253, 1.657958, -1.104869, 0.348763, 1.299868, -1.395866, -0.517339, 1.657105, 2.202522, -0.037676, 0.558375, 0.3113, -1.370037, 1.651638, 2.346912, 1.125017]",39.53,-34.24,14.74,94.99,-63.3,19.98,74.48,-79.98,-29.64,94.95,126.2,-2.16,31.99,17.84,-78.5,94.63,134.47,64.46
animals/cattle_mpeg7-05,animals,targets/animals/cattle_mpeg7-05.png,0.778,0.7415,0.0274,0.6978,10,0,3,0.2,116.7,0.1566,0.1316,1.1192,-8.05,28.16,0.01467,0.2835,animals/cattle_mpeg7-05/cattle_mpeg7-05_best.png,"[-0.770024, -0.862223, -0.005729, 1.65806, 1.496913, 1.453829, -1.085473, -1.539172, -1.162679, -1.374343, -1.606737, 0.956002, -1.908571, -1.195376, -1.486893, -1.388194, -2.059122, 1.146472]",-44.12,-49.4,-0.33,95.0,85.77,83.3,-62.19,-88.19,-66.62,-78.74,-92.06,54.77,-109.35,-68.49,-85.19,-79.54,-117.98,65.69
vehicles/car_mpeg7-04,vehicles,targets/vehicles/car_mpeg7-04.png,0.7777,0.7336,0.0278,0.686,10,9,3,0.2,113.5,0.1447,0.121,1.2154,-8.05,28.16,0.05587,0.34745,vehicles/car_mpeg7-04/car_mpeg7-04_best.png,"[-1.91986, -0.545748, 0.093371, 0.926196, 0.222189, -0.136503, -1.096564, -0.592745, 0.437983, 0.724827, -1.439082, 0.07002, -0.666435, -1.352979, -1.340448, -1.605489, 2.770189, 1.74533]",-110.0,-31.27,5.35,53.07,12.73,-7.82,-62.83,-33.96,25.09,41.53,-82.45,4.01,-38.18,-77.52,-76.8,-91.99,158.72,100.0
objects/brick_mpeg7-05,objects,targets/objects/brick_mpeg7-05.png,0.7776,0.7196,0.0346,0.6658,10,1,3,0.2,113.0,0.1518,0.1185,1.2154,8.05,28.16,0.03683,0.40884,objects/brick_mpeg7-05/brick_mpeg7-05_best.png,"[1.053964, -1.278322, -1.157728, -0.981974, -2.349912, 1.159075, -1.236623, -0.483044, 0.132125, 1.308568, 1.98485, 1.076347, 0.791863, -0.841218, -1.69, -1.186217, -0.192551, 1.266521]",60.39,-73.24,-66.33,-56.26,-134.64,66.41,-70.85,-27.68,7.57,74.98,113.72,61.67,45.37,-48.2,-96.83,-67.97,-11.03,72.57
objects/shoe_mpeg7-05,objects,targets/objects/shoe_mpeg7-05.png,0.7771,0.7403,0.0263,0.7054,10,0,3,0.2,113.5,0.0926,0.0768,0.8308,-24.14,28.16,0.11619,0.31773,objects/shoe_mpeg7-05/shoe_mpeg7-05_best.png,"[1.392821, -0.920968, -1.69, -0.781728, 2.837808, -0.121565, -0.301587, -0.624253, 0.720814, 0.357684, -1.874741, 1.208419, -0.734921, -0.292343, 1.045777, -1.265961, 1.763587, -0.10725]",79.8,-52.77,-96.83,-44.79,162.59,-6.97,-17.28,-35.77,41.3,20.49,-107.41,69.24,-42.11,-16.75,59.92,-72.53,101.05,-6.14
vehicles/personal-car_mpeg7-03,vehicles,targets/vehicles/personal-car_mpeg7-03.png,0.7769,0.725,0.0345,0.6463,10,9,3,0.2,92.4,0.1262,0.0874,1.3115,-4.02,28.16,0.01782,0.39043,vehicles/personal-car_mpeg7-03/personal-car_mpeg7-03_best.png,"[-1.884944, -0.341302, -0.007842, 0.862593, 1.83945, 1.219934, 0.777405, 0.021262, 0.665353, -1.576582, -1.133388, 1.740627, -0.299738, -1.138997, -1.261334, -1.575375, 2.233647, 0.131495]",-108.0,-19.56,-0.45,49.42,105.39,69.9,44.54,1.22,38.12,-90.33,-64.94,99.73,-17.17,-65.26,-72.27,-90.26,127.98,7.53
abstract/device8_mpeg7-05,abstract,targets/abstract/device8_mpeg7-05.png,0.7767,0.7534,0.0193,0.7136,10,5,3,0.2,114.2,0.2205,0.2133,0.8308,-4.02,28.16,0.14028,0.05871,abstract/device8_mpeg7-05/device8_mpeg7-05_best.png,"[-1.035411, -0.916617, -1.38783, -1.087065, -0.801502, -0.035692, -1.060526, -1.165953, 0.040002, 1.221218, -1.628448, 0.055291, -1.502351, -0.969946, 1.315086, 0.877243, -1.049257, 0.745278]",-59.32,-52.52,-79.52,-62.28,-45.92,-2.05,-60.76,-66.8,2.29,69.97,-93.3,3.17,-86.08,-55.57,75.35,50.26,-60.12,42.7
animals/bird_mpeg7-02,animals,targets/animals/bird_mpeg7-02.png,0.7766,0.7514,0.015,0.7258,10,4,3,0.2,112.4,0.224,0.1966,0.8308,0.0,28.16,0.09666,0.26123,animals/bird_mpeg7-02/bird_mpeg7-02_best.png,"[-1.888974, -0.917755, 0.540951, 0.80348, 1.866207, 0.833706, 1.124661, -0.856395, 0.341542, 0.280949, -2.74385, 1.688626, 1.206344, -0.035521, 0.519355, -1.209612, 1.691073, -0.031147]",-108.23,-52.58,30.99,46.04,106.93,47.77,64.44,-49.07,19.57,16.1,-157.21,96.75,69.12,-2.04,29.76,-69.31,96.89,-1.78
animals/bat_mpeg7-05,animals,targets/animals/bat_mpeg7-05.png,0.7764,0.7324,0.0235,0.6937,10,4,3,0.2,112.5,0.0519,0.0269,1.3115,-8.05,28.16,0.01426,0.23689,animals/bat_mpeg7-05/bat_mpeg7-05_best.png,"[1.202439, -1.102234, -1.664524, -0.145367, 1.606921, 1.674088, 1.081487, -0.486604, 0.054898, 0.919197, 1.171633, 1.383463, 0.737895, 0.464494, -1.435283, 1.227091, -2.214113, 1.714266]",68.89,-63.15,-95.37,-8.33,92.07,95.92,61.96,-27.88,3.15,52.67,67.13,79.27,42.28,26.61,-82.24,70.31,-126.86,98.22
vehicles/car_mpeg7-03,vehicles,targets/vehicles/car_mpeg7-03.png,0.7764,0.7135,0.035,0.6714,10,6,3,0.2,112.5,0.1142,0.0932,1.2154,-4.02,28.16,0.04421,0.34588,vehicles/car_mpeg7-03/car_mpeg7-03_best.png,"[-1.259251, -0.061705, 0.381581, -0.771301, 1.143374, 1.681588, 1.20881, -0.81466, -1.69, -1.539695, -0.987242, 1.186511, 0.810453, -1.083462, -1.455876, -1.351801, 1.408224, 0.315717]",-72.15,-3.54,21.86,-44.19,65.51,96.35,69.26,-46.68,-96.83,-88.22,-56.56,67.98,46.44,-62.08,-83.42,-77.45,80.69,18.09
vehicles/personal-car_mpeg7-05,vehicles,targets/vehicles/personal-car_mpeg7-05.png,0.7763,0.7249,0.0293,0.6808,10,9,3,0.2,99.2,0.1145,0.0899,1.3115,-4.02,28.16,0.03383,0.36354,vehicles/personal-car_mpeg7-05/personal-car_mpeg7-05_best.png,"[-1.91986, -0.49462, 0.136776, 0.78789, 1.734415, 0.550895, -1.0539, -0.81434, 0.625667, 0.686366, -1.24782, 0.000819, 0.499507, -1.352578, -0.878503, -1.65806, -0.438207, -0.174533]",-110.0,-28.34,7.84,45.14,99.37,31.56,-60.38,-46.66,35.85,39.33,-71.49,0.05,28.62,-77.5,-50.33,-95.0,-25.11,-10.0
animals/bat_mpeg7-04,animals,targets/animals/bat_mpeg7-04.png,0.7755,0.7536,0.0169,0.7243,10,9,3,0.2,115.8,0.2125,0.1793,1.0231,-20.11,28.16,0.16397,0.18852,animals/bat_mpeg7-04/bat_mpeg7-04_best.png,"[1.903178, 0.563199, -0.979051, 0.099802, -0.287076, -0.024673, -1.119152, -0.258288, 0.75849, -0.761629, 1.448705, 1.555787, 1.804914, 0.673108, -1.364215, 1.361537, 2.433373, 1.610793]",109.04,32.27,-56.1,5.72,-16.45,-1.41,-64.12,-14.8,43.46,-43.64,83.0,89.14,103.41,38.57,-78.16,78.01,139.42,92.29
letters_lower/b_dejavusans-bold,letters_lower,targets/letters_lower/b_dejavusans-bold.png,0.7754,0.7392,0.0254,0.7018,10,1,3,0.2,115.5,0.1769,0.1435,0.8308,-28.16,24.14,0.15932,0.20413,letters_lower/b_dejavusans-bold/b_dejavusans-bold_best.png,"[-1.274652, 1.073671, -1.69, -1.65806, 0.122441, 1.152667, -1.777611, -1.512725, 1.485741, -0.606235, -0.461639, 1.25273, 1.131455, -1.48221, 0.55298, 0.938858, -0.757777, 0.35268]",-73.03,61.52,-96.83,-95.0,7.02,66.04,-101.85,-86.67,85.13,-34.73,-26.45,71.78,64.83,-84.92,31.68,53.79,-43.42,20.21
animals/fish_mpeg7-02,animals,targets/animals/fish_mpeg7-02.png,0.7745,0.7276,0.0262,0.6845,10,3,3,0.2,113.1,0.0129,0.0055,1.3115,4.02,28.16,0.01831,0.43473,animals/fish_mpeg7-02/fish_mpeg7-02_best.png,"[0.998126, -0.953159, -1.69, -0.762335, 1.373993, 1.707256, 0.829478, 0.371247, -0.126957, 0.12427, -0.785187, 1.447716, 1.20661, -0.136195, 0.6292, -0.495956, 2.84121, 0.918413]",57.19,-54.61,-96.83,-43.68,78.72,97.82,47.53,21.27,-7.27,7.12,-44.99,82.95,69.13,-7.8,36.05,-28.42,162.79,52.62
digits/4_dejavusans-bold,digits,targets/digits/4_dejavusans-bold.png,0.7741,0.7385,0.0232,0.6947,10,6,3,0.2,111.7,0.1765,0.1545,0.7346,-20.11,28.16,0.13534,0.22094,digits/4_dejavusans-bold/4_dejavusans-bold_best.png,"[1.367931, -1.310762, -0.06913, 1.653359, 2.359977, 0.676042, -0.971544, -1.341657, 1.432279, -0.374782, 0.673901, 0.73795, -1.365508, -1.1418, 0.807061, 0.100734, 1.298336, 0.223581]",78.38,-75.1,-3.96,94.73,135.22,38.73,-55.67,-76.87,82.06,-21.47,38.61,42.28,-78.24,-65.42,46.24,5.77,74.39,12.81
letters_lower/d_dejavuserif-bold,letters_lower,targets/letters_lower/d_dejavuserif-bold.png,0.7741,0.7223,0.0274,0.6846,10,4,3,0.2,114.1,0.1658,0.1396,0.7346,-24.14,28.16,0.2274,0.22658,letters_lower/d_dejavuserif-bold/d_dejavuserif-bold_best.png,"[0.175112, 0.669996, -0.49474, 0.502031, -1.055304, 0.100402, 1.433391, -1.437646, -0.22382, 1.517445, -1.696227, 0.495627, 0.728117, -0.440521, 0.438611, 1.127891, -1.375793, 0.829749]",10.03,38.39,-28.35,28.76,-60.46,5.75,82.13,-82.37,-12.82,86.94,-97.19,28.4,41.72,-25.24,25.13,64.62,-78.83,47.54
letters_lower/e_dejavusans-bold,letters_lower,targets/letters_lower/e_dejavusans-bold.png,0.7741,0.7366,0.0236,0.6993,10,5,3,0.2,114.0,0.2301,0.197,0.8308,-28.16,28.16,0.13484,0.28075,letters_lower/e_dejavusans-bold/e_dejavusans-bold_best.png,"[1.236243, -1.275988, 0.123292, 1.233873, -2.025161, 1.666375, -1.207607, 1.194597, -1.606473, -0.597083, 0.995329, 1.106742, 0.424766, -0.727351, 1.003349, -1.45552, -1.126171, 0.974157]",70.83,-73.11,7.06,70.7,-116.03,95.48,-69.19,68.45,-92.04,-34.21,57.03,63.41,24.34,-41.67,57.49,-83.4,-64.52,55.82
letters_lower/k_dejavusans-bold,letters_lower,targets/letters_lower/k_dejavusans-bold.png,0.7739,0.7513,0.016,0.7119,10,6,3,0.2,111.9,0.2418,0.2266,0.7346,8.05,28.16,0.19364,0.10699,letters_lower/k_dejavusans-bold/k_dejavusans-bold_best.png,"[1.91986, 0.578107, -0.705398, -0.139578, -1.791858, -0.027401, 1.653589, -0.446696, -0.200914, 1.478943, -2.679246, 0.435961, 1.105277, -1.486007, -1.69, -0.544201, 1.657545, -0.155973]",110.0,33.12,-40.42,-8.0,-102.67,-1.57,94.74,-25.59,-11.51,84.74,-153.51,24.98,63.33,-85.14,-96.83,-31.18,94.97,-8.94
letters_lower/a_dejavuserif-bold,letters_lower,targets/letters_lower/a_dejavuserif-bold.png,0.7738,0.7248,0.0237,0.689,10,0,3,0.2,115.9,0.1613,0.1377,0.8308,-24.14,28.16,0.19026,0.17905,letters_lower/a_dejavuserif-bold/a_dejavuserif-bold_best.png,"[-0.795767, 0.828335, -1.306803, 0.358585, 0.270644, 0.062493, 1.197586, -1.425169, 0.136328, 1.227471, 1.394099, 1.113486, 0.601913, -0.780269, 0.810209, 0.555475, -2.37545, 1.123242]",-45.59,47.46,-74.87,20.55,15.51,3.58,68.62,-81.66,7.81,70.33,79.88,63.8,34.49,-44.71,46.42,31.83,-136.1,64.36
letters_lower/g_dejavusansmono-bold,letters_lower,targets/letters_lower/g_dejavusansmono-bold.png,0.7738,0.7246,0.0368,0.6774,10,2,3,0.2,115.7,0.1911,0.1706,0.8308,-24.14,24.14,0.0792,0.23134,letters_lower/g_dejavusansmono-bold/g_dejavusansmono-bold_best.png,"[-0.899733, -0.972286, -0.38314, 1.617427, 0.904758, 0.076137, -1.134144, 1.347297, -1.164338, 0.319342, -0.436383, 1.263078, 0.502274, -0.766528, 1.291816, -1.506322, -2.663426, -0.03505]",-51.55,-55.71,-21.95,92.67,51.84,4.36,-64.98,77.19,-66.71,18.3,-25.0,72.37,28.78,-43.92,74.02,-86.31,-152.6,-2.01
animals/ray_mpeg7-04,animals,targets/animals/ray_mpeg7-04.png,0.7734,0.7336,0.0171,0.712,10,1,3,0.2,111.1,0.3311,0.313,0.9269,-8.05,20.11,0.01208,0.11838,animals/ray_mpeg7-04/ray_mpeg7-04_best.png,"[1.32722, -0.906674, -1.69, -0.475463, -0.602505, -0.174533, -1.4481, -0.305284, -1.653353, -1.457205, -1.322712, 1.058544, 1.170193, 0.586858, -1.415561, 1.45133, 0.651938, -0.01929]",76.04,-51.95,-96.83,-27.24,-34.52,-10.0,-82.97,-17.49,-94.73,-83.49,-75.79,60.65,67.05,33.62,-81.11,83.16,37.35,-1.11
vehicles/chopper_mpeg7-01,vehicles,targets/vehicles/chopper_mpeg7-01.png,0.7729,0.7397,0.0222,0.7013,10,6,3,0.2,114.5,0.2154,0.1701,1.3115,4.02,28.16,0.14075,0.32296,vehicles/chopper_mpeg7-01/chopper_mpeg7-01_best.png,"[-1.291995, -0.092058, 0.504601, -1.147504, 1.006018, 1.48681, -0.284924, -1.125912, -1.686762, -0.129501, -1.447697, 0.81413, 1.91986, -0.267039, 0.004298, 1.618159, -0.547416, 0.201095]",-74.03,-5.27,28.91,-65.75,57.64,85.19,-16.32,-64.51,-96.64,-7.42,-82.95,46.65,110.0,-15.3,0.25,92.71,-31.36,11.52
letters_upper/C_dejavusansmono-bold,letters_upper,targets/letters_upper/C_dejavusansmono-bold.png,0.7723,0.7492,0.023,0.6983,10,5,3,0.2,112.5,0.2211,0.2029,0.9269,4.02,20.11,0.12201,0.16558,letters_upper/C_dejavusansmono-bold/C_dejavusansmono-bold_best.png,"[1.637121, -0.073809, -0.605132, 0.488554, 1.000298, 0.105974, -1.088043, -1.741882, -1.677693, 0.377542, -0.059754, 1.703174, 0.564441, -0.205201, -1.684098, -1.192776, 2.240789, -0.135231]",93.8,-4.23,-34.67,27.99,57.31,6.07,-62.34,-99.8,-96.12,21.63,-3.42,97.58,32.34,-11.76,-96.49,-68.34,128.39,-7.75
objects/spoon_mpeg7-02,objects,targets/objects/spoon_mpeg7-02.png,0.7721,0.6756,0.0712,0.4991,10,5,3,0.2,115.4,0.0393,0.0044,1.0231,20.11,16.09,0.42129,0.28186,objects/spoon_mpeg7-02/spoon_mpeg7-02_best.png,"[0.425035, -1.745194, -1.393481, -0.182822, 0.90914, 0.778527, 0.05348, -1.162964, -1.231443, 0.348002, 1.549749, 0.773656, -1.207817, -1.382523, -1.678021, -0.175488, -0.824281, 1.166703]",24.35,-99.99,-79.84,-10.47,52.09,44.61,3.06,-66.63,-70.56,19.94,88.79,44.33,-69.2,-79.21,-96.14,-10.05,-47.23,66.85
animals/bird_mpeg7-05,animals,targets/animals/bird_mpeg7-05.png,0.7718,0.7524,0.0154,0.7202,10,3,3,0.2,115.0,0.1917,0.1731,0.8308,4.02,28.16,0.15812,0.17206,animals/bird_mpeg7-05/bird_mpeg7-05_best.png,"[-1.033211, -1.105148, -1.658276, 0.271674, 0.957159, -0.157672, 1.91986, -0.557915, 0.141919, 0.555154, 2.642815, 1.435987, 1.228211, 0.000624, 0.185835, 0.634496, -1.501328, 1.728119]",-59.2,-63.32,-95.01,15.57,54.84,-9.03,110.0,-31.97,8.13,31.81,151.42,82.28,70.37,0.04,10.65,36.35,-86.02,99.01
letters_lower/z_dejavusans-bold,letters_lower,targets/letters_lower/z_dejavusans-bold.png,0.7714,0.7465,0.021,0.701,10,1,3,0.2,112.8,0.2602,0.2365,0.7346,-8.05,28.16,0.23828,0.17332,letters_lower/z_dejavusans-bold/z_dejavusans-bold_best.png,"[0.741727, -1.307387, -0.141075, 1.587626, -1.537942, 0.665593, -1.186834, -1.389903, -0.980118, -0.327068, -0.908902, 0.461814, -0.595332, -0.665141, 1.416088, 0.551588, 1.924079, 1.578757]",42.5,-74.91,-8.08,90.96,-88.12,38.14,-68.0,-79.64,-56.16,-18.74,-52.08,26.46,-34.11,-38.11,81.14,31.6,110.24,90.46
animals/lmfish_mpeg7-02,animals,targets/animals/lmfish_mpeg7-02.png,0.7711,0.7406,0.0211,0.6938,10,4,3,0.2,114.4,0.1385,0.1313,0.8308,0.0,28.16,0.27227,0.20799,animals/lmfish_mpeg7-02/lmfish_mpeg7-02_best.png,"[1.221697, -0.914382, -1.69, -0.415773, 0.774075, 1.366584, -1.014958, -0.445355, 1.318989, 0.096217, 0.487, 0.900892, 1.084923, -1.16296, -1.097762, -0.998549, 1.256567, 0.499234]",70.0,-52.39,-96.83,-23.82,44.35,78.3,-58.15,-25.52,75.57,5.51,27.9,51.62,62.16,-66.63,-62.9,-57.21,72.0,28.6
letters_lower/y_dejavusansmono-bold,letters_lower,targets/letters_lower/y_dejavusansmono-bold.png,0.7711,0.7334,0.0193,0.7138,10,8,3,0.2,113.7,0.4555,0.4309,0.9269,-4.02,16.09,0.12553,0.09593,letters_lower/y_dejavusansmono-bold/y_dejavusansmono-bold_best.png,"[-1.159417, -0.90666, -1.669698, 0.409601, 2.40975, 1.471503, -1.150891, -1.101121, 0.244079, 0.014549, -0.600203, -0.174533, 1.841594, 0.287205, -0.450004, -0.302844, 2.715538, 1.744558]",-66.43,-51.95,-95.67,23.47,138.07,84.31,-65.94,-63.09,13.98,0.83,-34.39,-10.0,105.52,16.46,-25.78,-17.35,155.59,99.96
vehicles/personal-car_mpeg7-04,vehicles,targets/vehicles/personal-car_mpeg7-04.png,0.7706,0.7255,0.0338,0.6708,10,1,3,0.2,112.2,0.0567,0.0415,1.1192,-8.05,28.16,0.01999,0.37714,vehicles/personal-car_mpeg7-04/personal-car_mpeg7-04_best.png,"[1.201605, -1.02475, -1.614732, -0.644805, -2.587307, -0.174533, -1.329201, 0.331457, -0.666239, 0.705238, 1.539962, -0.064335, 0.811852, -1.243454, 0.546733, 1.65806, -1.215359, -0.066711]",68.85,-58.71,-92.52,-36.94,-148.24,-10.0,-76.16,18.99,-38.17,40.41,88.23,-3.69,46.52,-71.24,31.33,95.0,-69.63,-3.82
animals/elephant_mpeg7-05,animals,targets/animals/elephant_mpeg7-05.png,0.7704,0.7417,0.0156,0.7124,10,1,3,0.2,111.3,0.3183,0.2833,1.0231,-4.02,28.16,0.08745,0.24656,animals/elephant_mpeg7-05/elephant_mpeg7-05_best.png,"[-1.886681, -1.014637, 0.028539, 1.396382, -1.463352, -0.019672, 1.010306, -1.74533, 0.047578, -1.65806, 2.581715, 1.504674, -1.085305, -0.1985, -0.097166, 1.65806, 0.829555, 0.536903]",-108.1,-58.13,1.64,80.01,-83.84,-1.13,57.89,-100.0,2.73,-95.0,147.92,86.21,-62.18,-11.37,-5.57,95.0,47.53,30.76
letters_upper/H_dejavusansmono-bold,letters_upper,targets/letters_upper/H_dejavusansmono-bold.png,0.7704,0.7154,0.0366,0.6324,10,9,3,0.2,114.8,0.1621,0.1411,0.9269,-28.16,16.09,0.19232,0.13299,letters_upper/H_dejavusansmono-bold/H_dejavusansmono-bold_best.png,"[1.455944, -1.74533, -0.412392, 1.073081, -0.083711, 1.543501, -0.872773, -0.440587, 0.103561, 1.65806, -2.704484, 0.329928, -0.699553, -0.105497, 0.005157, -1.651961, -0.353513, 0.036643]",83.42,-100.0,-23.63,61.48,-4.8,88.44,-50.01,-25.24,5.93,95.0,-154.96,18.9,-40.08,-6.04,0.3,-94.65,-20.25,2.1
letters_lower/x_dejavusansmono-bold,letters_lower,targets/letters_lower/x_dejavusansmono-bold.png,0.7701,0.742,0.0143,0.7253,10,0,3,0.2,111.2,0.2229,0.2133,0.9269,-24.14,20.11,0.19647,0.14704,letters_lower/x_dejavusansmono-bold/x_dejavusansmono-bold_best.png,"[-0.887602, -1.408944, 0.791864, -0.198641, 1.927191, 0.321873, -0.887058, -0.063074, 0.714549, 0.387073, 2.168704, 1.311795, 1.91986, -1.414175, 0.372156, 0.249708, -1.283074, 0.999789]",-50.86,-80.73,45.37,-11.38,110.42,18.44,-50.82,-3.61,40.94,22.18,124.26,75.16,110.0,-81.03,21.32,14.31,-73.51,57.28
animals/octopus_mpeg7-05,animals,targets/animals/octopus_mpeg7-05.png,0.7699,0.75,0.0128,0.7251,10,6,3,0.2,111.9,0.2745,0.2662,0.8308,-20.11,24.14,0.11318,0.2536,animals/octopus_mpeg7-05/octopus_mpeg7-05_best.png,"[1.037457, -0.9538, -0.249003, 1.65806, 2.734229, 0.223426, 0.829689, -0.25837, 0.395489, 1.648032, 0.212674, 0.158361, 0.626656, -1.249128, 0.700084, 1.65806, 0.28458, -0.097792]",59.44,-54.65,-14.27,95.0,156.66,12.8,47.54,-14.8,22.66,94.43,12.19,9.07,35.9,-71.57,40.11,95.0,16.31,-5.6
digits/6_dejavusans-bold,digits,targets/digits/6_dejavusans-bold.png,0.7699,0.7367,0.0198,0.7046,10,0,3,0.2,113.4,0.2512,0.209,0.8308,-28.16,24.14,0.14458,0.25643,digits/6_dejavusans-bold/6_dejavusans-bold_best.png,"[-0.650632, -0.696796, 0.094702, 1.649872, 1.609817, 0.970586, 0.581312, -0.56655, 0.669179, 1.65806, 1.717897, -0.115231, -0.585552, -0.684077, -0.738448, 1.657459, 1.754286, 1.576063]",-37.28,-39.92,5.43,94.53,92.24,55.61,33.31,-32.46,38.34,95.0,98.43,-6.6,-33.55,-39.19,-42.31,94.97,100.51,90.3
animals/butterfly_mpeg7-04,animals,targets/animals/butterfly_mpeg7-04.png,0.7696,0.7368,0.0193,0.7126,10,6,3,0.2,113.2,0.2144,0.1947,1.0231,4.02,28.16,0.10836,0.24132,animals/butterfly_mpeg7-04/butterfly_mpeg7-04_best.png,"[0.891464, -1.74533, 0.107445, -1.187823, 0.678985, 1.743339, -1.412784, -0.720657, 0.223464, 1.142423, -0.496965, 1.630924, -0.806395, -1.74533, -1.502667, 1.027982, -0.876785, 1.58018]",51.08,-100.0,6.16,-68.06,38.9,99.89,-80.95,-41.29,12.8,65.46,-28.47,93.45,-46.2,-100.0,-86.1,58.9,-50.24,90.54
animals/lmfish_mpeg7-03,animals,targets/animals/lmfish_mpeg7-03.png,0.7693,0.7364,0.0383,0.6402,10,5,3,0.2,111.6,0.5086,0.4756,1.2154,-4.02,8.05,0.0,0.04059,animals/lmfish_mpeg7-03/lmfish_mpeg7-03_best.png,"[-1.375206, -1.743973, 0.076056, -0.338083, -0.51854, 0.800243, 1.91986, -0.041441, -1.175663, 0.408575, 2.718227, 0.656684, 1.910671, 0.126669, -1.241601, -0.174539, 2.57158, 1.304439]",-78.79,-99.92,4.36,-19.37,-29.71,45.85,110.0,-2.37,-67.36,23.41,155.74,37.63,109.47,7.26,-71.14,-10.0,147.34,74.74
letters_lower/r_dejavusansmono-bold,letters_lower,targets/letters_lower/r_dejavusansmono-bold.png,0.7691,0.7025,0.0467,0.6308,10,9,3,0.2,113.0,0.2151,0.1817,0.7346,4.02,28.16,0.21866,0.00576,letters_lower/r_dejavusansmono-bold/r_dejavusansmono-bold_best.png,"[1.665953, -1.74533, 1.56411, 0.246206, -2.74385, 1.478458, -1.349934, -1.74533, 0.511198, -1.590949, 0.308932, 0.545142, -0.849119, -0.751224, -1.69, -0.756382, 0.739744, 0.415312]",95.45,-100.0,89.62,14.11,-157.21,84.71,-77.35,-100.0,29.29,-91.15,17.7,31.23,-48.65,-43.04,-96.83,-43.34,42.38,23.8
letters_lower/o_dejavuserif-bold,letters_lower,targets/letters_lower/o_dejavuserif-bold.png,0.7687,0.7094,0.0418,0.6417,10,8,3,0.2,114.7,0.1798,0.1399,0.8308,-28.16,28.16,0.13604,0.18845,letters_lower/o_dejavuserif-bold/o_dejavuserif-bold_best.png,"[-1.422783, -1.005295, -1.59657, -1.431047, 2.481532, 0.074435, -1.135669, 1.156339, -1.661585, -1.65806, 2.366612, 1.703437, -0.641487, -1.13882, 0.13506, 1.035671, -1.429389, -0.089253]",-81.52,-57.6,-91.48,-81.99,142.18,4.26,-65.07,66.25,-95.2,-95.0,135.6,97.6,-36.75,-65.25,7.74,59.34,-81.9,-5.11
digits/2_dejavusans-bold,digits,targets/digits/2_dejavusans-bold.png,0.7685,0.7211,0.0325,0.6622,10,2,3,0.2,114.6,0.2808,0.2581,0.8308,-16.09,20.11,0.16801,0.1878,digits/2_dejavusans-bold/2_dejavusans-bold_best.png,"[1.91986, -0.868563, 0.594125, -0.343793, -2.74385, 0.56989, 0.793729, -1.62482, 1.31265, 0.964374, 1.34451, -0.174533, -0.371617, -0.647322, -0.956039, 1.65806, -0.8792, -0.088238]",110.0,-49.76,34.04,-19.7,-157.21,32.65,45.48,-93.1,75.21,55.25,77.03,-10.0,-21.29,-37.09,-54.78,95.0,-50.37,-5.06
animals/ray_mpeg7-03,animals,targets/animals/ray_mpeg7-03.png,0.768,0.7425,0.0154,0.7151,10,5,3,0.2,111.5,0.301,0.2857,0.9269,-12.07,20.11,0.00665,0.15908,animals/ray_mpeg7-03/ray_mpeg7-03_best.png,"[1.478871, -1.740556, 0.923274, -1.372069, 2.590207, -0.105829, 1.247605, -0.649433, -1.69, -1.37835, 0.601133, 0.004123, -1.085916, -0.835289, 0.90079, -0.688805, 0.047535, 1.74533]",84.73,-99.73,52.9,-78.61,148.41,-6.06,71.48,-37.21,-96.83,-78.97,34.44,0.24,-62.22,-47.86,51.61,-39.47,2.72,100.0
letters_lower/l_dejavusansmono-bold,letters_lower,targets/letters_lower/l_dejavusansmono-bold.png,0.768,0.726,0.0209,0.6875,10,5,3,0.2,114.1,0.3751,0.3333,0.9269,-4.02,16.09,0.01618,0.03458,letters_lower/l_dejavusansmono-bold/l_dejavusansmono-bold_best.png,"[-1.410239, -1.736904, 0.297379, -0.77151, -2.711724, 0.06483, -1.227335, -1.74533, -1.525293, -0.187784, -0.713488, 1.733409, 1.91986, -0.215957, -1.663151, -1.006939, 1.99894, -0.137136]",-80.8,-99.52,17.04,-44.2,-155.37,3.71,-70.32,-100.0,-87.39,-10.76,-40.88,99.32,110.0,-12.37,-95.29,-57.69,114.53,-7.86
objects/guitar_mpeg7-05,objects,targets/objects/guitar_mpeg7-05.png,0.7666,0.7116,0.0528,0.5877,10,0,3,0.2,111.5,0.0177,0.0061,0.9269,20.11,28.16,0.27028,0.24438,objects/guitar_mpeg7-05/guitar_mpeg7-05_best.png,"[-1.586986, -0.567019, 1.425107, -1.232721, 0.316386, 1.034152, 0.129002, -0.989128, -1.565667, -0.30194, -2.177859, 0.968082, -1.200711, -1.500473, -1.012435, -1.278938, -1.463969, -0.140876]",-90.93,-32.49,81.65,-70.63,18.13,59.25,7.39,-56.67,-89.71,-17.3,-124.78,55.47,-68.8,-85.97,-58.01,-73.28,-83.88,-8.07
objects/guitar_mpeg7-01,objects,targets/objects/guitar_mpeg7-01.png,0.7664,0.744,0.0186,0.7129,10,7,3,0.2,115.0,0.3444,0.2931,1.0231,-8.05,12.07,0.0,0.10125,objects/guitar_mpeg7-01/guitar_mpeg7-01_best.png,"[-1.910861, 0.315212, 0.79043, 1.051342, 2.607856, 1.738641, 1.509713, -0.017539, -0.894993, 0.592736, 0.568274, 1.038465, -1.199907, -1.735305, 0.355006, 1.655938, 2.661874, 1.159085]",-109.48,18.06,45.29,60.24,149.42,99.62,86.5,-1.0,-51.28,33.96,32.56,59.5,-68.75,-99.43,20.34,94.88,152.51,66.41
objects/cellular-phone_mpeg7-04,objects,targets/objects/cellular-phone_mpeg7-04.png,0.7657,0.7154,0.0389,0.6406,10,4,3,0.2,115.3,0.0854,0.067,1.3115,-16.09,28.16,0.06554,0.36704,objects/cellular-phone_mpeg7-04/cellular-phone_mpeg7-04_best.png,"[1.20319, -1.22456, -1.663375, 0.278224, 2.031116, 1.74533, -1.176478, -0.064778, 0.464376, -0.901685, -0.171259, 0.259898, 0.570959, -1.012705, 0.537363, 0.849241, -2.248518, 1.549402]",68.94,-70.16,-95.3,15.94,116.37,100.0,-67.41,-3.71,26.61,-51.66,-9.81,14.89,32.71,-58.02,30.79,48.66,-128.83,88.77
objects/tree_mpeg7-01,objects,targets/objects/tree_mpeg7-01.png,0.7656,0.7474,0.0117,0.725,10,3,3,0.2,114.5,0.3024,0.2876,0.8308,-8.05,24.14,0.005,0.15183,objects/tree_mpeg7-01/tree_mpeg7-01_best.png,"[1.330883, -1.550509, -0.445908, 1.642057, 2.788834, -0.174533, 1.315733, -1.110919, 0.475257, 1.395205, -0.938271, -0.074303, -1.253007, -1.568936, -1.42274, -0.074195, -2.433093, 1.308351]",76.25,-88.84,-25.55,94.08,159.79,-10.0,75.39,-63.65,27.23,79.94,-53.76,-4.26,-71.79,-89.89,-81.52,-4.25,-139.41,74.96
animals/camel_mpeg7-05,animals,targets/animals/camel_mpeg7-05.png,0.7654,0.7208,0.0245,0.6798,10,3,3,0.2,115.0,0.2108,0.1921,0.7346,4.02,28.16,0.17144,0.1123,animals/camel_mpeg7-05/camel_mpeg7-05_best.png,"[-1.159147, -1.460488, -0.930668, -0.279961, 0.679892, 0.238219, 1.890607, 0.034353, -0.102195, 0.274588, 1.643496, 0.077563, 1.91986, -1.088326, 1.277128, 0.326051, 2.74735, -0.17366]",-66.41,-83.68,-53.32,-16.04,38.95,13.65,108.32,1.97,-5.86,15.73,94.17,4.44,110.0,-62.36,73.17,18.68,157.41,-9.95
letters_lower/p_dejavusansmono-bold,letters_lower,targets/letters_lower/p_dejavusansmono-bold.png,0.7637,0.6989,0.0345,0.6351,10,2,3,0.2,113.3,0.26,0.2015,0.8308,8.05,24.14,0.1489,0.0474,letters_lower/p_dejavusansmono-bold/p_dejavusansmono-bold_best.png,"[-1.171542, -1.028553, -0.501063, -1.633777, 1.486964, -0.162085, -0.944329, -1.38901, -1.641913, 1.143773, 0.027565, -0.011814, -0.687539, -0.660225, -1.130755, -1.603532, 2.077978, 0.057006]",-67.12,-58.93,-28.71,-93.61,85.2,-9.29,-54.11,-79.58,-94.07,65.53,1.58,-0.68,-39.39,-37.83,-64.79,-91.88,119.06,3.27
objects/tree_mpeg7-04,objects,targets/objects/tree_mpeg7-04.png,0.7631,0.7201,0.0241,0.6847,10,4,3,0.2,115.7,0.3162,0.2979,0.8308,-8.05,24.14,0.0682,0.17753,objects/tree_mpeg7-04/tree_mpeg7-04_best.png,"[-1.415325, -1.689392, 0.577713, -1.635007, -2.743721, 0.346425, 1.91986, -0.907415, 0.66761, 1.290314, -1.109023, 0.614213, -1.579133, -0.995321, -1.176669, -0.742792, -0.268873, 1.421136]",-81.09,-96.8,33.1,-93.68,-157.2,19.85,110.0,-51.99,38.25,73.93,-63.54,35.19,-90.48,-57.03,-67.42,-42.56,-15.41,81.43
letters_upper/P_dejavuserif-bold,letters_upper,targets/letters_upper/P_dejavuserif-bold.png,0.7628,0.718,0.0255,0.6848,10,6,3,0.2,112.9,0.2254,0.2157,0.7346,4.02,28.16,0.21818,0.11413,letters_upper/P_dejavuserif-bold/P_dejavuserif-bold_best.png,"[-1.346646, -1.449461, 0.023672, -1.583012, -1.083909, 0.29358, -0.75927, -1.169628, -1.69, 1.65806, 1.8998, 1.516089, -1.612824, -1.448189, -0.409024, 1.604943, -1.394076, 0.57573]",-77.16,-83.05,1.36,-90.7,-62.1,16.82,-43.5,-67.01,-96.83,95.0,108.85,86.87,-92.41,-82.98,-23.44,91.96,-79.87,32.99
objects/glas_mpeg7-02,objects,targets/objects/glas_mpeg7-02.png,0.7624,0.7402,0.0199,0.703,10,1,3,0.2,113.9,0.2185,0.1972,0.7346,-8.05,24.14,0.12375,0.06557,objects/glas_mpeg7-02/glas_mpeg7-02_best.png,"[1.167633, -1.74533, 0.442416, 0.634554, -1.295659, 1.59928, 0.929405, -1.74533, 0.747511, -1.50172, 1.816906, 1.49615, 0.911867, -0.918583, 0.490762, -0.059037, -2.661566, 0.493566]",66.9,-100.0,25.35,36.36,-74.24,91.63,53.25,-100.0,42.83,-86.04,104.1,85.72,52.25,-52.63,28.12,-3.38,-152.5,28.28
abstract/device5_mpeg7-02,abstract,targets/abstract/device5_mpeg7-02.png,0.7621,0.7283,0.0211,0.6897,10,1,3,0.2,111.5,0.42,0.3846,0.9269,0.0,16.09,0.05285,0.10625,abstract/device5_mpeg7-02/device5_mpeg7-02_best.png,"[1.131786, -1.079919, -1.091046, -1.43702, -1.575281, -0.153292, -1.219218, -1.416292, -0.458739, -0.343497, 0.500637, -0.174533, -1.050282, -0.897368, 0.270366, 0.803936, -2.388101, 1.572152]",64.85,-61.87,-62.51,-82.34,-90.26,-8.78,-69.86,-81.15,-26.28,-19.68,28.68,-10.0,-60.18,-51.42,15.49,46.06,-136.83,90.08
digits/9_dejavusansmono-bold,digits,targets/digits/9_dejavusansmono-bold.png,0.7621,0.6926,0.0329,0.6575,10,1,3,0.2,112.7,0.2055,0.1872,0.8308,-24.14,24.14,0.05097,0.2626,digits/9_dejavusansmono-bold/9_dejavusansmono-bold_best.png,"[1.91986, -1.538823, 1.344359, -1.21022, 2.769693, 0.367888, -0.975457, -0.676046, 0.804906, -1.251082, -0.455457, 1.468979, 0.342048, -0.646144, -0.701437, 1.548481, -1.415313, 1.158273]",110.0,-88.17,77.03,-69.34,158.69,21.08,-55.89,-38.73,46.12,-71.68,-26.1,84.17,19.6,-37.02,-40.19,88.72,-81.09,66.36
abstract/device0_mpeg7-05,abstract,targets/abstract/device0_mpeg7-05.png,0.762,0.7351,0.0181,0.6917,10,0,3,0.2,114.9,0.2655,0.23,0.7346,-12.07,28.16,0.07847,0.2121,abstract/device0_mpeg7-05/device0_mpeg7-05_best.png,"[1.864584, -0.560816, 0.078391, 1.65806, -1.660302, 1.047707, 1.11128, -0.30917, 0.794388, -0.300804, -1.181705, 0.18683, -1.91986, -1.482663, -1.053016, -0.097146, -1.668765, 0.211299]",106.83,-32.13,4.49,95.0,-95.13,60.03,63.67,-17.71,45.52,-17.23,-67.71,10.7,-110.0,-84.95,-60.33,-5.57,-95.61,12.11
animals/ray_mpeg7-05,animals,targets/animals/ray_mpeg7-05.png,0.762,0.7342,0.0166,0.7112,10,4,3,0.2,111.2,0.2544,0.2219,1.0231,-20.11,28.16,0.07808,0.17851,animals/ray_mpeg7-05/ray_mpeg7-05_best.png,"[-1.270696, -0.952647, -0.264499, 1.635215, -0.453471, 0.789553, -0.981044, -0.548535, 0.921112, -1.649272, 1.888737, 0.047486, -0.62404, -1.548876, 0.090417, 0.200399, -2.490461, 1.696301]",-72.81,-54.58,-15.15,93.69,-25.98,45.24,-56.21,-31.43,52.78,-94.5,108.22,2.72,-35.75,-88.74,5.18,11.48,-142.69,97.19
letters_upper/L_dejavusans-bold,letters_upper,targets/letters_upper/L_dejavusans-bold.png,0.762,0.6978,0.062,0.5712,10,1,3,0.2,114.6,0.2528,0.2221,0.6385,4.02,28.16,0.21884,0.04723,letters_upper/L_dejavusans-bold/L_dejavusans-bold_best.png,"[1.631961, 0.9748, -1.662761, 0.190215, -1.185063, -0.174533, -1.162876, -1.74533, -1.530652, 0.016016, 1.83671, -0.143501, 1.691202, 1.44132, -1.195695, 0.171701, -1.27558, 1.711223]",93.5,55.85,-95.27,10.9,-67.9,-10.0,-66.63,-100.0,-87.7,0.92,105.24,-8.22,96.9,82.58,-68.51,9.84,-73.09,98.05
digits/7_dejavusans-bold,digits,targets/digits/7_dejavusans-bold.png,0.7618,0.7362,0.0205,0.695,10,3,3,0.2,115.9,0.3498,0.3387,0.8308,-8.05,24.14,0.11702,0.09802,digits/7_dejavusans-bold/7_dejavusans-bold_best.png,"[1.358743, -1.508231, -0.685318, -0.387912, 1.732366, 1.215567, -1.032464, -0.872296, -0.585125, 1.65806, 1.644135, -0.173993, -0.914524, -0.655354, -1.116586, -1.604151, 0.289899, 0.375501]",77.85,-86.42,-39.27,-22.23,99.26,69.65,-59.16,-49.98,-33.53,95.0,94.2,-9.97,-52.4,-37.55,-63.98,-91.91,16.61,21.51
letters_upper/T_dejavusansmono-bold,letters_upper,targets/letters_upper/T_dejavusansmono-bold.png,0.7617,0.744,0.0162,0.7107,10,9,3,0.2,113.1,0.5016,0.4691,1.1192,-8.05,4.02,0.07011,0.10443,letters_upper/T_dejavusansmono-bold/T_dejavusansmono-bold_best.png,"[1.177556, -1.001658, -0.539397, -0.650215, -1.633248, 1.448264, -1.88994, -0.03989, -1.493159, -0.564477, -1.53564, 1.474224, -0.194591, -0.522635, -0.904489, 0.429443, -2.083873, 0.522837]",67.47,-57.39,-30.91,-37.25,-93.58,82.98,-108.29,-2.29,-85.55,-32.34,-87.99,84.47,-11.15,-29.94,-51.82,24.61,-119.4,29.96
letters_upper/L_dejavusansmono-bold,letters_upper,targets/letters_upper/L_dejavusansmono-bold.png,0.7605,0.6731,0.0566,0.5785,10,4,3,0.2,113.9,0.332,0.2746,0.7346,4.02,24.14,0.18692,0.04939,letters_upper/L_dejavusansmono-bold/L_dejavusansmono-bold_best.png,"[1.227165, -1.679318, -1.008244, -1.595873, -1.552318, 1.287186, 1.656008, -0.091751, -0.715845, 1.201547, 0.554465, 0.897212, 1.501369, -1.097065, 0.929778, 0.032379, 2.821642, -0.137904]",70.31,-96.22,-57.77,-91.44,-88.94,73.75,94.88,-5.26,-41.01,68.84,31.77,51.41,86.02,-62.86,53.27,1.86,161.67,-7.9
digits/4_dejavusansmono-bold,digits,targets/digits/4_dejavusansmono-bold.png,0.7604,0.728,0.0249,0.6924,10,1,3,0.2,111.8,0.2199,0.1953,0.8308,-20.11,24.14,0.08686,0.18954,digits/4_dejavusansmono-bold/4_dejavusansmono-bold_best.png,"[1.432431, -1.638175, -0.057862, 1.15001, -0.382315, -0.107696, -1.381031, -0.217583, -0.17277, 1.094534, 1.21793, 0.159724, 0.955547, -1.308804, 1.398137, 0.113595, 2.574963, 0.274687]",82.07,-93.86,-3.32,65.89,-21.91,-6.17,-79.13,-12.47,-9.9,62.71,69.78,9.15,54.75,-74.99,80.11,6.51,147.53,15.74
animals/elephant_mpeg7-01,animals,targets/animals/elephant_mpeg7-01.png,0.7603,0.7356,0.0182,0.6981,10,0,3,0.2,110.9,0.2685,0.2545,0.8308,-20.11,28.16,0.12869,0.27499,animals/elephant_mpeg7-01/elephant_mpeg7-01_best.png,"[-1.304873, -0.440291, 0.011758, 1.619757, 2.788296, 0.264925, 0.732335, -1.128868, -0.166424, 1.650513, 0.77986, -0.018886, 0.228362, -0.369831, 0.074899, 1.587287, 2.08468, 0.067603]",-74.76,-25.23,0.67,92.81,159.76,15.18,41.96,-64.68,-9.54,94.57,44.68,-1.08,13.08,-21.19,4.29,90.94,119.44,3.87
vehicles/classic_mpeg7-01,vehicles,targets/vehicles/classic_mpeg7-01.png,0.7599,0.7057,0.0384,0.6254,10,1,3,0.2,114.9,0.1399,0.1117,1.2154,8.05,28.16,0.03198,0.41417,vehicles/classic_mpeg7-01/classic_mpeg7-01_best.png,"[1.132496, -0.898189, -1.69, -1.038533, -1.582768, 0.66971, 1.010434, -0.156553, 0.926476, -1.65806, 2.838636, 1.717683, 0.682724, -1.221731, 0.382102, 1.183885, -2.045086, 0.576493]",64.89,-51.46,-96.83,-59.5,-90.69,38.37,57.89,-8.97,53.08,-95.0,162.64,98.42,39.12,-70.0,21.89,67.83,-117.17,33.03
letters_lower/i_dejavusans-bold,letters_lower,targets/letters_lower/i_dejavusans-bold.png,0.7598,0.7002,0.0327,0.6549,10,8,3,0.2,112.4,0.2979,0.2668,0.7346,-8.05,28.16,0.0,0.06302,letters_lower/i_dejavusans-bold/i_dejavusans-bold_best.png,"[0.353496, -1.74533, -1.623445, 0.156831, 1.985397, 0.382798, 1.401134, -1.74533, 0.199068, 1.595551, -0.646718, 0.831761, -1.52761, -1.052345, -0.825631, -1.636584, -0.549153, 0.193309]",20.25,-100.0,-93.02,8.99,113.75,21.93,80.28,-100.0,11.41,91.42,-37.05,47.66,-87.53,-60.29,-47.31,-93.77,-31.46,11.08
animals/dog_mpeg7-01,animals,targets/animals/dog_mpeg7-01.png,0.7593,0.7282,0.0189,0.6986,10,4,3,0.2,113.2,0.1215,0.1052,1.2154,8.05,28.16,0.03486,0.27093,animals/dog_mpeg7-01/dog_mpeg7-01_best.png,"[1.005018, -0.86667, -1.64928, -0.930657, 2.50675, 1.394243, 1.01294, -0.325211, -0.072644, 1.13955, -1.388355, 1.127447, -1.916916, -1.338247, 0.5866, 1.609249, -1.405269, 1.716038]",57.58,-49.66,-94.5,-53.32,143.63,79.88,58.04,-18.63,-4.16,65.29,-79.55,64.6,-109.83,-76.68,33.61,92.2,-80.52,98.32
letters_upper/F_dejavusansmono-bold,letters_upper,targets/letters_upper/F_dejavusansmono-bold.png,0.7588,0.7042,0.0386,0.6402,10,7,3,0.2,114.3,0.2698,0.2086,0.8308,8.05,24.14,0.19213,0.04513,letters_upper/F_dejavusansmono-bold/F_dejavusansmono-bold_best.png,"[-1.17719, -0.901542, -0.781317, -1.610513, -1.252072, 1.48604, 1.91986, 0.286773, -0.258324, -0.086821, -1.924116, 1.26659, 0.164429, -0.390435, -1.493682, -1.484058, -1.791598, 1.035148]",-67.45,-51.65,-44.77,-92.28,-71.74,85.14,110.0,16.43,-14.8,-4.97,-110.24,72.57,9.42,-22.37,-85.58,-85.03,-102.65,59.31
letters_lower/v_dejavuserif-bold,letters_lower,targets/letters_lower/v_dejavuserif-bold.png,0.7585,0.7332,0.0234,0.6898,10,9,3,0.2,113.8,0.3274,0.2819,0.9269,0.0,24.14,0.10767,0.0978,letters_lower/v_dejavuserif-bold/v_dejavuserif-bold_best.png,"[1.09891, -1.065562, 0.360867, 0.309501, -1.447003, 1.554065, -0.447443, -1.74533, -0.114174, -0.224661, -1.781369, 1.510614, 1.1864, -0.889154, 0.235655, 0.286382, -1.103893, 1.656966]",62.96,-61.05,20.68,17.73,-82.91,89.04,-25.64,-100.0,-6.54,-12.87,-102.06,86.55,67.98,-50.94,13.5,16.41,-63.25,94.94
letters_lower/u_dejavusansmono-bold,letters_lower,targets/letters_lower/u_dejavusansmono-bold.png,0.7583,0.7271,0.0268,0.6825,10,7,3,0.2,114.1,0.1437,0.1157,0.8308,-28.16,28.16,0.1925,0.19536,letters_lower/u_dejavusansmono-bold/u_dejavusansmono-bold_best.png,"[1.403208, -1.72531, -0.019918, -1.340323, 2.840425, -0.072934, -1.230617, 1.219148, -1.665604, -0.761395, 0.529874, 0.734351, -1.699535, -0.833786, -0.157184, 1.252921, 1.855733, -0.143644]",80.4,-98.85,-1.14,-76.79,162.74,-4.18,-70.51,69.85,-95.43,-43.62,30.36,42.08,-97.38,-47.77,-9.01,71.79,106.33,-8.23
letters_lower/q_dejavusans-bold,letters_lower,targets/letters_lower/q_dejavusans-bold.png,0.7579,0.7113,0.0279,0.67,10,4,3,0.2,111.3,0.1336,0.1132,0.7346,-24.14,28.16,0.11287,0.20507,letters_lower/q_dejavusans-bold/q_dejavusans-bold_best.png,"[-1.463926, -1.74533, 0.526688, -1.308463, -1.699711, 1.72521, 1.677154, -0.131732, 0.153168, 1.164701, 0.704048, 1.742513, 0.905725, 1.202264, -1.685831, -1.65806, 1.263525, 0.011678]",-83.88,-100.0,30.18,-74.97,-97.39,98.85,96.09,-7.55,8.78,66.73,40.34,99.84,51.89,68.88,-96.59,-95.0,72.39,0.67
hand_shadow/rabbit_hasper-01,hand_shadow,targets/hand_shadow/rabbit_hasper-01.png,0.7577,0.7296,0.0172,0.6985,10,8,3,0.2,115.3,0.0629,0.0529,0.9269,-28.16,16.09,0.16697,0.21704,hand_shadow/rabbit_hasper-01/rabbit_hasper-01_best.png,"[-0.874324, -1.294733, 0.895872, -0.463674, 2.84121, 1.145758, -0.758638, -1.008434, 1.01384, -1.384136, -0.61087, 0.060294, 0.112955, -1.523829, 1.041661, 1.144059, -1.378973, -0.059298]",-50.1,-74.18,51.33,-26.57,162.79,65.65,-43.47,-57.78,58.09,-79.31,-35.0,3.45,6.47,-87.31,59.68,65.55,-79.01,-3.4
letters_lower/i_dejavusansmono-bold,letters_lower,targets/letters_lower/i_dejavusansmono-bold.png,0.7576,0.698,0.0268,0.6597,10,9,3,0.2,113.9,0.2514,0.206,0.9269,-12.07,16.09,0.10611,0.15241,letters_lower/i_dejavusansmono-bold/i_dejavusansmono-bold_best.png,"[1.35301, -1.550274, 0.453708, 1.010348, -1.822976, 0.092326, 0.182336, -1.6661, 1.578756, 1.248844, 1.547851, 1.067601, 1.59024, -0.203942, -1.032861, -1.648714, 1.649645, -0.170818]",77.52,-88.82,26.0,57.89,-104.45,5.29,10.45,-95.46,90.46,71.55,88.69,61.17,91.11,-11.69,-59.18,-94.46,94.52,-9.79
animals/fish_mpeg7-04,animals,targets/animals/fish_mpeg7-04.png,0.7575,0.7206,0.0176,0.6985,10,0,3,0.2,111.2,0.0229,0.0127,1.2154,-4.02,28.16,0.01443,0.39328,animals/fish_mpeg7-04/fish_mpeg7-04_best.png,"[-1.91986, -0.903447, 0.626758, 0.500348, 1.598884, 1.34307, 0.926459, 0.148091, 0.27263, -0.567537, 0.715805, 1.557694, -0.626821, -1.041174, -1.651318, -0.986373, -0.265248, 1.094072]",-110.0,-51.76,35.91,28.67,91.61,76.95,53.08,8.48,15.62,-32.52,41.01,89.25,-35.91,-59.65,-94.61,-56.52,-15.2,62.69
letters_upper/J_dejavuserif-bold,letters_upper,targets/letters_upper/J_dejavuserif-bold.png,0.7568,0.7229,0.0388,0.6158,10,9,3,0.2,114.7,0.2317,0.2101,0.9269,-12.07,16.09,0.07342,0.08242,letters_upper/J_dejavuserif-bold/J_dejavuserif-bold_best.png,"[-1.370317, -1.221658, -0.451276, -1.00906, 0.108008, 0.150803, 1.720548, 0.351554, -1.449613, -1.65806, 1.842609, 0.218114, 1.50181, -0.106103, 1.326682, -0.466749, 1.456374, 1.706021]",-78.51,-70.0,-25.86,-57.81,6.19,8.64,98.58,20.14,-83.06,-95.0,105.57,12.5,86.05,-6.08,76.01,-26.74,83.44,97.75
letters_upper/N_dejavusansmono-bold,letters_upper,targets/letters_upper/N_dejavusansmono-bold.png,0.7567,0.7025,0.0383,0.637,10,3,3,0.2,112.5,0.212,0.1658,0.8308,-24.14,20.11,0.19645,0.1734,letters_upper/N_dejavusansmono-bold/N_dejavusansmono-bold_best.png,"[1.025238, -0.855514, 0.533523, -0.45808, -1.849881, 0.34888, 1.8013, -0.669431, 0.771467, -1.65806, -0.688477, 0.222127, -0.544538, -0.474329, 0.400069, 1.648221, 1.68535, 0.316671]",58.74,-49.02,30.57,-26.25,-105.99,19.99,103.21,-38.36,44.2,-95.0,-39.45,12.73,-31.2,-27.18,22.92,94.44,96.56,18.14
digits/8_dejavusans-bold,digits,targets/digits/8_dejavusans-bold.png,0.7564,0.7218,0.0173,0.6903,10,3,3,0.2,115.2,0.2104,0.1952,0.7346,-24.14,28.16,0.163,0.22484,digits/8_dejavusans-bold/8_dejavusans-bold_best.png,"[1.014602, -0.798958, 0.046333, 1.214894, 0.220764, -0.161428, -0.676278, -0.52689, 0.827225, 1.65806, -0.286935, 0.546168, 1.411907, -1.508596, -0.254086, 1.578311, 1.216648, 0.293039]",58.13,-45.78,2.65,69.61,12.65,-9.25,-38.75,-30.19,47.4,95.0,-16.44,31.29,80.9,-86.44,-14.56,90.43,69.71,16.79
vehicles/classic_mpeg7-03,vehicles,targets/vehicles/classic_mpeg7-03.png,0.7564,0.7105,0.0321,0.6672,10,3,3,0.2,115.3,0.0979,0.084,1.3115,4.02,28.16,0.01853,0.42159,vehicles/classic_mpeg7-03/classic_mpeg7-03_best.png,"[-1.918728, 0.172762, -0.514404, 0.730725, 1.646681, 1.335521, -1.212563, -0.142434, 0.662578, -1.282786, -1.941061, 1.642577, 0.700837, -1.243821, 0.461518, 1.095879, -2.439075, 1.036917]",-109.94,9.9,-29.47,41.87,94.35,76.52,-69.47,-8.16,37.96,-73.5,-111.21,94.11,40.16,-71.27,26.44,62.79,-139.75,59.41
letters_lower/s_dejavusans-bold,letters_lower,targets/letters_lower/s_dejavusans-bold.png,0.7562,0.7238,0.0237,0.6768,10,4,3,0.2,110.8,0.2454,0.2092,0.8308,-24.14,24.14,0.14301,0.2312,letters_lower/s_dejavusans-bold/s_dejavusans-bold_best.png,"[-0.665966, -1.008698, -0.415516, 1.644099, -1.298814, 0.221227, -1.091111, -0.514948, 1.454556, -1.285018, -1.375857, 1.631073, -1.159581, 0.477248, -0.694697, -0.366634, 1.849278, 0.683038]",-38.16,-57.79,-23.81,94.2,-74.42,12.68,-62.52,-29.5,83.34,-73.63,-78.83,93.45,-66.44,27.34,-39.8,-21.01,105.96,39.14
abstract/device6_mpeg7-03,abstract,targets/abstract/device6_mpeg7-03.png,0.7561,0.7362,0.0128,0.708,10,9,3,0.2,116.5,0.3096,0.288,0.7346,-16.09,28.16,0.11937,0.32395,abstract/device6_mpeg7-03/device6_mpeg7-03_best.png,"[-1.089975, -1.195352, 0.204405, 1.559275, 2.806528, 0.256704, -1.276702, -1.060183, -1.54996, -1.65806, 1.137956, -0.15604, -0.783758, 0.562608, 1.234954, -1.594276, 1.409319, 0.088659]",-62.45,-68.49,11.71,89.34,160.8,14.71,-73.15,-60.74,-88.81,-95.0,65.2,-8.94,-44.91,32.24,70.76,-91.35,80.75,5.08
animals/bat_mpeg7-01,animals,targets/animals/bat_mpeg7-01.png,0.7556,0.7087,0.0376,0.6489,10,3,3,0.2,115.3,0.2049,0.1864,0.8308,4.02,28.16,0.19961,0.28246,animals/bat_mpeg7-01/bat_mpeg7-01_best.png,"[-1.91986, 0.288297, -0.115529, 0.336604, -1.23719, 0.932356, 1.417919, -0.815197, -0.065511, 1.591616, -0.533306, -0.158977, 1.334946, 0.195448, 0.702513, -1.035408, 2.52273, 1.161282]",-110.0,16.52,-6.62,19.29,-70.89,53.42,81.24,-46.71,-3.75,91.19,-30.56,-9.11,76.49,11.2,40.25,-59.32,144.54,66.54
objects/key_mpeg7-01,objects,targets/objects/key_mpeg7-01.png,0.7555,0.7359,0.013,0.7088,10,7,3,0.2,113.8,0.0954,0.0848,1.0231,16.09,28.16,0.11099,0.40809,objects/key_mpeg7-01/key_mpeg7-01_best.png,"[1.865929, -1.243135, 0.474436, 1.406751, 1.655053, 0.988307, 1.279031, -0.013194, -0.277782, 1.168687, -2.607289, 0.520834, -0.60028, -1.207236, -1.69, -0.518309, 2.074383, 1.256134]",106.91,-71.23,27.18,80.6,94.83,56.63,73.28,-0.76,-15.92,66.96,-149.39,29.84,-34.39,-69.17,-96.83,-29.7,118.85,71.97
animals/horse_mpeg7-02,animals,targets/animals/horse_mpeg7-02.png,0.7554,0.7258,0.0253,0.6732,10,2,3,0.2,117.2,0.073,0.0664,1.0231,-24.14,20.11,0.03195,0.20343,animals/horse_mpeg7-02/horse_mpeg7-02_best.png,"[1.188567, -0.979393, 0.559631, -0.563805, 0.089547, -0.160833, 0.51467, -0.998155, 0.354875, 1.411654, -1.011456, 0.575606, 1.645008, 0.746881, 0.105164, -1.029806, -0.131497, 1.394404]",68.1,-56.12,32.06,-32.3,5.13,-9.22,29.49,-57.19,20.33,80.88,-57.95,32.98,94.25,42.79,6.03,-59.0,-7.53,79.89
letters_lower/u_dejavuserif-bold,letters_lower,targets/letters_lower/u_dejavuserif-bold.png,0.7549,0.6953,0.0339,0.6502,10,1,3,0.2,114.7,0.1174,0.0724,0.9269,-24.14,28.16,0.14329,0.15842,letters_lower/u_dejavuserif-bold/u_dejavuserif-bold_best.png,"[1.254163, -1.544739, -0.423655, 1.65806, 1.587098, -0.156913, 1.91986, -1.74533, -1.078925, 1.107253, 2.229143, 0.414444, 1.915843, -1.74533, -1.645267, 1.332727, 2.492561, 0.067971]",71.86,-88.51,-24.27,95.0,90.93,-8.99,110.0,-100.0,-61.82,63.44,127.72,23.75,109.77,-100.0,-94.27,76.36,142.81,3.89
objects/glas_mpeg7-01,objects,targets/objects/glas_mpeg7-01.png,0.7549,0.7071,0.0202,0.6726,10,4,3,0.2,112.5,0.1705,0.1396,0.7346,-12.07,24.14,0.11997,0.06869,objects/glas_mpeg7-01/glas_mpeg7-01_best.png,"[-1.91986, -1.649229, 1.50776, 0.408114, 2.593129, -0.093023, 1.071171, -0.560949, -0.2809, 1.35747, 0.413037, 1.436425, 1.179855, -0.5474, -1.669002, -1.22959, 2.84121, 0.130142]",-110.0,-94.49,86.39,23.38,148.58,-5.33,61.37,-32.14,-16.09,77.78,23.67,82.3,67.6,-31.36,-95.63,-70.45,162.79,7.46
letters_upper/Y_dejavusansmono-bold,letters_upper,targets/letters_upper/Y_dejavusansmono-bold.png,0.7544,0.721,0.0228,0.691,10,8,3,0.2,105.3,0.3044,0.2828,0.8308,-8.05,20.11,0.07129,0.03289,letters_upper/Y_dejavusansmono-bold/Y_dejavusansmono-bold_best.png,"[-1.269297, -1.74533, 0.682329, 0.372203, 2.493014, 1.298033, 1.91986, 0.050421, -0.582625, -0.043599, -1.423249, 0.022777, 1.735013, -0.156668, -0.004497, 0.407518, 2.431454, 1.115443]",-72.73,-100.0,39.09,21.33,142.84,74.37,110.0,2.89,-33.38,-2.5,-81.55,1.31,99.41,-8.98,-0.26,23.35,139.31,63.91
objects/cellular-phone_mpeg7-05,objects,targets/objects/cellular-phone_mpeg7-05.png,0.7535,0.7185,0.0231,0.688,10,9,3,0.2,111.5,0.0741,0.0519,1.3115,-16.09,28.16,0.05399,0.36276,objects/cellular-phone_mpeg7-05/cellular-phone_mpeg7-05_best.png,"[-1.913208, 0.14355, -0.458039, 0.627163, 1.367731, 0.871911, 0.847823, 0.18157, 0.48631, -1.538745, -2.563327, 1.613261, 0.590738, -1.052371, 0.613029, 0.798887, 0.831195, 1.181745]",-109.62,8.22,-26.24,35.93,78.37,49.96,48.58,10.4,27.86,-88.16,-146.87,92.43,33.85,-60.3,35.12,45.77,47.62,67.71
letters_lower/w_dejavusansmono-bold,letters_lower,targets/letters_lower/w_dejavusansmono-bold.png,0.7532,0.7106,0.0266,0.6688,10,7,3,0.2,116.3,0.1988,0.1777,0.8308,-24.14,24.14,0.24249,0.21639,letters_lower/w_dejavusansmono-bold/w_dejavusansmono-bold_best.png,"[-1.085454, -1.106961, 0.524306, 1.438892, 0.261196, 0.143076, -0.4518, -0.589077, 0.822293, -1.579744, 1.58397, 0.867835, -1.14915, -1.719666, -0.188567, -0.158381, -1.883693, -0.047947]",-62.19,-63.42,30.04,82.44,14.97,8.2,-25.89,-33.75,47.11,-90.51,90.75,49.72,-65.84,-98.53,-10.8,-9.07,-107.93,-2.75
letters_upper/P_dejavusans-bold,letters_upper,targets/letters_upper/P_dejavusans-bold.png,0.7529,0.7119,0.0242,0.6653,10,8,3,0.2,112.8,0.1763,0.1614,0.6385,8.05,28.16,0.19959,0.05065,letters_upper/P_dejavusans-bold/P_dejavusans-bold_best.png,"[-1.167482, -0.951123, -1.381381, -0.894028, 1.175415, 0.706731, -1.014427, -1.288627, -1.69, 0.371781, -2.74385, 0.047788, -1.563849, -1.198944, -0.794094, -1.656308, 2.537519, -0.024383]",-66.89,-54.5,-79.15,-51.22,67.35,40.49,-58.12,-73.83,-96.83,21.3,-157.21,2.74,-89.6,-68.69,-45.5,-94.9,145.39,-1.4
animals/fish_mpeg7-03,animals,targets/animals/fish_mpeg7-03.png,0.7514,0.7093,0.027,0.6666,10,1,3,0.2,110.7,0.0402,0.0293,1.3115,0.0,28.16,0.03176,0.45418,animals/fish_mpeg7-03/fish_mpeg7-03_best.png,"[1.156291, -0.959541, -1.69, -0.730223, -1.859012, 1.620469, -1.209687, 0.638676, -1.078725, 0.531026, 1.909723, 0.664525, -0.781484, -1.523705, 0.576117, 1.508148, -0.298661, 0.885645]",66.25,-54.98,-96.83,-41.84,-106.51,92.85,-69.31,36.59,-61.81,30.43,109.42,38.07,-44.78,-87.3,33.01,86.41,-17.11,50.74
animals/frog_mpeg7-05,animals,targets/animals/frog_mpeg7-05.png,0.7509,0.7202,0.0226,0.6813,10,1,3,0.2,117.0,0.4015,0.352,0.9269,-12.07,24.14,0.14905,0.25612,animals/frog_mpeg7-05/frog_mpeg7-05_best.png,"[1.377818, -1.553689, -0.483985, 1.657991, 1.697649, 0.043996, -1.302884, 0.104195, -0.369803, 1.298936, 1.217332, 0.629056, -1.918511, -0.002459, 0.17578, -0.66242, -0.316878, 1.741254]",78.94,-89.02,-27.73,95.0,97.27,2.52,-74.65,5.97,-21.19,74.42,69.75,36.04,-109.92,-0.14,10.07,-37.95,-18.16,99.77
objects/tree_mpeg7-02,objects,targets/objects/tree_mpeg7-02.png,0.7509,0.7334,0.008,0.7216,10,7,3,0.2,113.7,0.4198,0.3987,0.9269,-8.05,20.11,0.04158,0.13573,objects/tree_mpeg7-02/tree_mpeg7-02_best.png,"[1.310561, -0.685304, -1.548589, -1.646467, 2.355694, 0.043382, 1.563725, -1.221352, 0.031214, 1.337577, -0.210908, 1.719094, -1.819295, -1.727619, -1.198319, 1.602713, -2.603842, -0.017306]",75.09,-39.27,-88.73,-94.34,134.97,2.49,89.59,-69.98,1.79,76.64,-12.08,98.5,-104.24,-98.99,-68.66,91.83,-149.19,-0.99
objects/glas_mpeg7-03,objects,targets/objects/glas_mpeg7-03.png,0.7494,0.7148,0.0199,0.6813,10,4,3,0.2,112.4,0.1757,0.1472,0.7346,-12.07,24.14,0.1205,0.06992,objects/glas_mpeg7-03/glas_mpeg7-03_best.png,"[-1.91986, -1.672855, 1.505754, 0.398641, 2.118204, 1.23934, 1.06525, -0.554792, -0.284482, 1.112376, 0.947151, -0.04218, 1.226607, -0.526417, -1.69, -1.244053, 0.735737, 0.303219]",-110.0,-95.85,86.27,22.84,121.36,71.01,61.03,-31.79,-16.3,63.73,54.27,-2.42,70.28,-30.16,-96.83,-71.28,42.15,17.37
letters_upper/A_dejavuserif-bold,letters_upper,targets/letters_upper/A_dejavuserif-bold.png,0.7493,0.7211,0.0209,0.6863,10,9,3,0.2,111.3,0.115,0.0999,0.9269,-24.14,20.11,0.16395,0.14577,letters_upper/A_dejavuserif-bold/A_dejavuserif-bold_best.png,"[1.08451, -1.278674, 0.324737, 0.465314, 2.734195, 1.74533, -0.075225, -1.74533, 1.233409, 0.531952, 2.683039, 0.414067, -0.018852, -0.644402, 1.133845, 0.411787, 2.177312, 0.392153]",62.14,-73.26,18.61,26.66,156.66,100.0,-4.31,-100.0,70.67,30.48,153.73,23.72,-1.08,-36.92,64.96,23.59,124.75,22.47
vehicles/classic_mpeg7-05,vehicles,targets/vehicles/classic_mpeg7-05.png,0.7486,0.6782,0.0388,0.6059,10,9,3,0.2,114.1,0.1842,0.1502,1.2154,8.05,28.16,0.03805,0.40061,vehicles/classic_mpeg7-05/classic_mpeg7-05_best.png,"[-1.884492, -0.45387, 0.049307, 0.901737, 2.046107, 0.657555, 1.91986, -1.02065, -1.300111, -1.604853, 0.064487, 1.134167, 0.645789, -1.17508, -1.557205, -1.14753, -0.111957, 1.72995]",-107.97,-26.0,2.83,51.67,117.23,37.68,110.0,-58.48,-74.49,-91.95,3.69,64.98,37.0,-67.33,-89.22,-65.75,-6.41,99.12
letters_lower/b_dejavusansmono-bold,letters_lower,targets/letters_lower/b_dejavusansmono-bold.png,0.7479,0.7081,0.0231,0.6644,10,1,3,0.2,114.5,0.1863,0.1671,0.8308,-24.14,24.14,0.13266,0.2028,letters_lower/b_dejavusansmono-bold/b_dejavusansmono-bold_best.png,"[0.901493, -0.797985, 1.101652, -1.65806, 0.121561, 0.203512, 1.207397, 1.29209, -0.799972, -0.932323, -2.298311, 1.74297, 1.138192, -1.346428, 0.503911, 1.015314, -1.198791, -0.0723]",51.65,-45.72,63.12,-95.0,6.96,11.66,69.18,74.03,-45.84,-53.42,-131.68,99.86,65.21,-77.14,28.87,58.17,-68.69,-4.14
letters_upper/U_dejavusans-bold,letters_upper,targets/letters_upper/U_dejavusans-bold.png,0.7479,0.6981,0.033,0.6372,10,3,3,0.2,111.4,0.1319,0.0912,0.8308,-28.16,28.16,0.19001,0.18738,letters_upper/U_dejavusans-bold/U_dejavusans-bold_best.png,"[-1.42512, -1.478738, -0.893606, 1.65806, -2.74385, 0.845817, -1.107068, 1.169162, -1.69, -1.654653, 2.769425, 1.655305, -0.137222, -0.752889, 1.451459, -1.431952, 2.836398, 0.062679]",-81.65,-84.73,-51.2,95.0,-157.21,48.46,-63.43,66.99,-96.83,-94.8,158.68,94.84,-7.86,-43.14,83.16,-82.04,162.51,3.59
digits/0_dejavusansmono-bold,digits,targets/digits/0_dejavusansmono-bold.png,0.7475,0.7058,0.0307,0.6465,10,5,3,0.2,112.2,0.228,0.1944,0.8308,-24.14,24.14,0.08721,0.22593,digits/0_dejavusansmono-bold/0_dejavusansmono-bold_best.png,"[1.875248, -1.473843, 1.359031, -1.503709, 2.333209, 0.03966, 0.723826, -0.621906, -0.433573, 1.65806, -0.450886, 0.004594, 0.453323, -0.424374, 0.561156, 1.65806, 1.927952, 0.722098]",107.44,-84.44,77.87,-86.16,133.68,2.27,41.47,-35.63,-24.84,95.0,-25.83,0.26,25.97,-24.31,32.15,95.0,110.46,41.37
objects/crown_mpeg7-03,objects,targets/objects/crown_mpeg7-03.png,0.747,0.6924,0.0251,0.6649,10,4,3,0.2,116.1,0.2646,0.1983,1.1192,-12.07,28.16,0.10144,0.28079,objects/crown_mpeg7-03/crown_mpeg7-03_best.png,"[-1.91986, -0.151876, 0.661364, -1.512063, -1.426007, 0.346488, -1.230202, 0.053156, 0.658709, -1.620909, -0.805098, 0.413056, 0.74604, -1.006513, 0.079276, 1.266753, -0.733332, 0.602193]",-110.0,-8.7,37.89,-86.63,-81.7,19.85,-70.49,3.05,37.74,-92.87,-46.13,23.67,42.74,-57.67,4.54,72.58,-42.02,34.5
vehicles/classic_mpeg7-02,vehicles,targets/vehicles/classic_mpeg7-02.png,0.7469,0.6869,0.0264,0.6528,10,6,3,0.2,112.8,0.0964,0.0548,1.1192,-12.07,28.16,0.01812,0.32644,vehicles/classic_mpeg7-02/classic_mpeg7-02_best.png,"[1.206972, -0.911095, -1.69, -0.890009, 2.645959, 0.948979, -1.171842, 0.017364, 0.317307, -0.65896, 1.108722, 0.883432, -0.575695, -1.339692, 0.60191, 1.455727, -1.243945, 0.819889]",69.15,-52.2,-96.83,-50.99,151.6,54.37,-67.14,0.99,18.18,-37.76,63.53,50.62,-32.98,-76.76,34.49,83.41,-71.27,46.98
abstract/device7_mpeg7-05,abstract,targets/abstract/device7_mpeg7-05.png,0.7467,0.7167,0.0165,0.6857,10,5,3,0.2,110.8,0.3142,0.3009,0.8308,0.0,28.16,0.07747,0.17884,abstract/device7_mpeg7-05/device7_mpeg7-05_best.png,"[1.188079, -1.710924, -0.55378, 1.598105, -1.532024, 0.554524, 1.018093, -0.875818, -1.660028, -1.642175, 2.770224, 1.423069, -1.218354, -0.783764, 0.34042, 1.518294, -0.099496, 1.137387]",68.07,-98.03,-31.73,91.56,-87.78,31.77,58.33,-50.18,-95.11,-94.09,158.72,81.54,-69.81,-44.91,19.5,86.99,-5.7,65.17
animals/chicken_mpeg7-04,animals,targets/animals/chicken_mpeg7-04.png,0.7462,0.7151,0.02,0.6879,10,0,3,0.2,115.4,0.2152,0.1969,0.7346,4.02,28.16,0.11515,0.13933,animals/chicken_mpeg7-04/chicken_mpeg7-04_best.png,"[-1.232796, -1.014019, -1.69, -0.03919, 1.583537, 1.04557, -1.227221, -1.382248, -1.534308, 0.154806, -1.52591, 1.620705, 1.257294, -0.315795, 0.74543, -1.65806, -0.290821, 0.049524]",-70.63,-58.1,-96.83,-2.25,90.73,59.91,-70.31,-79.2,-87.91,8.87,-87.43,92.86,72.04,-18.09,42.71,-95.0,-16.66,2.84
letters_lower/n_dejavusans-bold,letters_lower,targets/letters_lower/n_dejavusans-bold.png,0.7462,0.7097,0.037,0.6286,10,1,3,0.2,112.3,0.1462,0.1089,0.8308,-28.16,28.16,0.17318,0.13569,letters_lower/n_dejavusans-bold/n_dejavusans-bold_best.png,"[-1.305413, 1.164219, -1.69, -0.629855, 1.331978, 1.589681, -0.759634, -1.038393, 0.198697, 1.152637, 2.532577, 0.037623, 1.715581, -0.173515, -0.219593, 1.65806, 2.615837, 0.536914]",-74.79,66.7,-96.83,-36.09,76.32,91.08,-43.52,-59.5,11.38,66.04,145.11,2.16,98.3,-9.94,-12.58,95.0,149.88,30.76
letters_upper/X_dejavusansmono-bold,letters_upper,targets/letters_upper/X_dejavusansmono-bold.png,0.746,0.7095,0.0234,0.6699,10,7,3,0.2,98.2,0.1921,0.1735,1.0231,-24.14,12.07,0.19129,0.13343,letters_upper/X_dejavusansmono-bold/X_dejavusansmono-bold_best.png,"[-0.884317, -1.258168, 0.559427, -0.177844, -0.67051, 1.229409, -0.83685, -0.953745, 0.804445, 1.040988, 1.263376, 0.71191, 1.91986, -0.823751, -0.409058, 0.486933, -1.362459, 0.694573]",-50.67,-72.09,32.05,-10.19,-38.42,70.44,-47.95,-54.65,46.09,59.64,72.39,40.79,110.0,-47.2,-23.44,27.9,-78.06,39.8
animals/octopus_mpeg7-04,animals,targets/animals/octopus_mpeg7-04.png,0.7459,0.7272,0.0113,0.7079,10,1,3,0.2,111.9,0.2634,0.2517,0.8308,-20.11,24.14,0.10486,0.24984,animals/octopus_mpeg7-04/octopus_mpeg7-04_best.png,"[1.275479, -1.74533, 0.388756, 0.744621, -1.781463, -0.052194, 0.439233, -1.012442, 0.430243, 1.65806, 2.782518, 0.410084, -0.503078, -1.129214, 1.012254, 1.609707, 1.639963, 0.773425]",73.08,-100.0,22.27,42.66,-102.07,-2.99,25.17,-58.01,24.65,95.0,159.43,23.5,-28.82,-64.7,58.0,92.23,93.96,44.31
digits/5_dejavusans-bold,digits,targets/digits/5_dejavusans-bold.png,0.7453,0.7219,0.0222,0.6764,10,4,3,0.2,110.9,0.1634,0.1534,0.8308,-24.14,24.14,0.11418,0.1857,digits/5_dejavusans-bold/5_dejavusans-bold_best.png,"[-0.846004, -0.880497, -0.301781, 1.512041, 0.867394, 0.673822, 0.631003, 1.555509, -1.134389, -1.060947, 1.230829, 0.721869, -0.967544, -0.883134, 0.661995, 0.121629, 0.526702, 1.166091]",-48.47,-50.45,-17.29,86.63,49.7,38.61,36.15,89.12,-65.0,-60.79,70.52,41.36,-55.44,-50.6,37.93,6.97,30.18,66.81
hand_shadow/crab_hasper-01,hand_shadow,targets/hand_shadow/crab_hasper-01.png,0.7451,0.7256,0.0094,0.7125,10,6,3,0.2,114.0,0.1695,0.1522,1.1192,-4.02,28.16,0.06411,0.29073,hand_shadow/crab_hasper-01/crab_hasper-01_best.png,"[-0.669799, -1.74533, 0.274651, 1.65806, -0.181865, 0.89168, 0.913921, -1.395568, 1.137493, -0.507062, 2.472043, 1.717197, 0.985222, -1.662452, -0.944737, 0.084425, 2.549919, -0.146927]",-38.38,-100.0,15.74,95.0,-10.42,51.09,52.36,-79.96,65.17,-29.05,141.64,98.39,56.45,-95.25,-54.13,4.84,146.1,-8.42
letters_upper/B_dejavuserif-bold,letters_upper,targets/letters_upper/B_dejavuserif-bold.png,0.7449,0.6956,0.0415,0.5861,10,1,3,0.2,111.6,0.1952,0.1504,0.9269,-28.16,24.14,0.17718,0.17381,letters_upper/B_dejavuserif-bold/B_dejavuserif-bold_best.png,"[-1.278169, 1.043974, -1.69, -0.706733, 0.925334, 1.621646, 0.624326, -1.083887, 0.703197, 0.771632, 1.738083, 0.88732, 1.151749, -1.74533, 0.382547, 0.310238, -2.036187, 1.74533]",-73.23,59.82,-96.83,-40.49,53.02,92.91,35.77,-62.1,40.29,44.21,99.58,50.84,65.99,-100.0,21.92,17.78,-116.66,100.0
objects/pocket_mpeg7-03,objects,targets/objects/pocket_mpeg7-03.png,0.7442,0.7196,0.0128,0.7048,10,4,3,0.2,113.7,0.2688,0.2511,0.9269,-24.14,20.11,0.10886,0.2431,objects/pocket_mpeg7-03/pocket_mpeg7-03_best.png,"[-0.995391, -0.889962, 0.073951, 1.65806, -0.289635, -0.174533, 1.121816, 1.547796, -1.633734, -1.640519, 2.357536, 1.74533, 0.691035, -0.969242, -0.208264, 0.763843, -0.801414, -0.174533]",-57.03,-50.99,4.24,95.0,-16.59,-10.0,64.28,88.68,-93.61,-93.99,135.08,100.0,39.59,-55.53,-11.93,43.76,-45.92,-10.0
hand_shadow/deer_hasper-01,hand_shadow,targets/hand_shadow/deer_hasper-01.png,0.7439,0.7243,0.0101,0.7074,10,6,3,0.2,113.4,0.1148,0.0952,1.0231,-20.11,24.14,0.12244,0.19713,hand_shadow/deer_hasper-01/deer_hasper-01_best.png,"[0.536711, -1.208614, 0.533496, 0.285391, -1.546704, 1.302818, 1.018117, -0.699081, 1.322278, -0.493076, 1.599242, 0.297086, -1.498523, -1.493455, -1.1202, -0.201761, 2.829711, 0.872905]",30.75,-69.25,30.57,16.35,-88.62,74.65,58.33,-40.05,75.76,-28.25,91.63,17.02,-85.86,-85.57,-64.18,-11.56,162.13,50.01
letters_lower/k_dejavusansmono-bold,letters_lower,targets/letters_lower/k_dejavusansmono-bold.png,0.7438,0.6983,0.0247,0.6629,10,7,3,0.2,112.9,0.2548,0.2279,0.7346,4.02,28.16,0.16223,0.05826,letters_lower/k_dejavusansmono-bold/k_dejavusansmono-bold_best.png,"[-1.919595, 0.341354, 0.056301, 0.732959, 2.633809, 1.717655, -1.260584, -1.472488, -1.244807, -0.200216, 2.056347, 0.651098, 1.554911, 0.129304, -0.56964, 0.168056, -2.707539, 1.475918]",-109.98,19.56,3.23,42.0,150.91,98.41,-72.23,-84.37,-71.32,-11.47,117.82,37.31,89.09,7.41,-32.64,9.63,-155.13,84.56
letters_lower/x_dejavuserif-bold,letters_lower,targets/letters_lower/x_dejavuserif-bold.png,0.7436,0.7241,0.0174,0.6852,10,1,3,0.2,112.2,0.2209,0.19,0.9269,-16.09,24.14,0.19016,0.1417,letters_lower/x_dejavuserif-bold/x_dejavuserif-bold_best.png,"[-1.039711, -1.255058, 0.673264, -0.197599, 1.27107, 1.74533, 0.062743, -1.529873, 1.188001, 1.289605, -1.976537, -0.147487, -1.91986, -0.748621, 0.289164, -0.050514, 1.253731, 1.717115]",-59.57,-71.91,38.58,-11.32,72.83,100.0,3.59,-87.66,68.07,73.89,-113.25,-8.45,-110.0,-42.89,16.57,-2.89,71.83,98.38
animals/camel_mpeg7-01,animals,targets/animals/camel_mpeg7-01.png,0.743,0.7205,0.0137,0.699,10,6,3,0.2,114.0,0.3765,0.3333,0.8308,-16.09,24.14,0.19823,0.22814,animals/camel_mpeg7-01/camel_mpeg7-01_best.png,"[1.91986, -0.407802, 0.441316, -1.098376, -2.638819, 0.395148, 0.84935, -0.388504, 0.366498, 1.65806, 1.842122, -0.113691, 0.836513, -0.877704, 0.088899, 1.65806, -1.944646, 0.119791]",110.0,-23.37,25.29,-62.93,-151.19,22.64,48.66,-22.26,21.0,95.0,105.55,-6.51,47.93,-50.29,5.09,95.0,-111.42,6.86
objects/brick_mpeg7-04,objects,targets/objects/brick_mpeg7-04.png,0.7415,0.6935,0.0343,0.6352,10,1,3,0.2,113.7,0.0795,0.0694,1.3115,4.02,28.16,0.03137,0.46261,objects/brick_mpeg7-04/brick_mpeg7-04_best.png,"[0.982667, -0.925533, -1.69, -0.923784, -2.149882, 1.74533, -1.314477, 0.219833, -0.638722, 1.088986, 1.717887, 1.246211, 1.863756, -1.349443, 0.811997, 1.612617, 0.110425, 0.404996]",56.3,-53.03,-96.83,-52.93,-123.18,100.0,-75.31,12.6,-36.6,62.39,98.43,71.4,106.79,-77.32,46.52,92.4,6.33,23.2
animals/cattle_mpeg7-04,animals,targets/animals/cattle_mpeg7-04.png,0.7405,0.7092,0.0175,0.6817,10,5,3,0.2,111.5,0.1905,0.164,0.9269,-16.09,28.16,0.10845,0.28059,animals/cattle_mpeg7-04/cattle_mpeg7-04_best.png,"[-1.181734, -1.070222, 0.440082, 0.971791, -0.602271, 0.845288, -1.000542, -0.908313, 1.065713, -0.214098, -0.48228, 1.442614, 1.170941, -1.496203, -0.377739, -1.610773, 0.566212, 0.57501]",-67.71,-61.32,25.21,55.68,-34.51,48.43,-57.33,-52.04,61.06,-12.27,-27.63,82.66,67.09,-85.73,-21.64,-92.29,32.44,32.95
letters_upper/H_dejavusans-bold,letters_upper,targets/letters_upper/H_dejavusans-bold.png,0.7404,0.7019,0.0255,0.6508,10,9,3,0.2,114.8,0.1271,0.0954,0.7346,-28.16,28.16,0.22631,0.25049,letters_upper/H_dejavusans-bold/H_dejavusans-bold_best.png,"[0.746883, -0.545458, 0.515294, 1.513709, -0.636471, 1.1719, -1.423356, -1.484742, -0.107644, -1.605985, 0.017977, 0.185809, -0.444947, -0.535775, 0.827271, -1.639853, -1.81542, -0.174533]",42.79,-31.25,29.52,86.73,-36.47,67.14,-81.55,-85.07,-6.17,-92.02,1.03,10.65,-25.49,-30.7,47.4,-93.96,-104.02,-10.0
vehicles/classic_mpeg7-04,vehicles,targets/vehicles/classic_mpeg7-04.png,0.7402,0.6996,0.0276,0.6535,10,1,3,0.2,113.3,0.1564,0.1199,1.1192,-12.07,28.16,0.1093,0.30301,vehicles/classic_mpeg7-04/classic_mpeg7-04_best.png,"[1.146993, -0.832651, -1.676362, -1.137271, -1.761933, -0.174533, -1.30644, 0.033845, 0.007105, 0.184507, 2.079922, -0.167556, -0.414219, -1.277471, 0.584977, 1.216404, -0.802516, 0.34117]",65.72,-47.71,-96.05,-65.16,-100.95,-10.0,-74.85,1.94,0.41,10.57,119.17,-9.6,-23.73,-73.19,33.52,69.69,-45.98,19.55
letters_lower/g_dejavusans-bold,letters_lower,targets/letters_lower/g_dejavusans-bold.png,0.7396,0.6978,0.0226,0.6725,10,2,3,0.2,114.0,0.2018,0.1781,0.7346,-24.14,28.16,0.12034,0.24539,letters_lower/g_dejavusans-bold/g_dejavusans-bold_best.png,"[-1.317035, -1.318486, -0.168784, 1.545554, 1.818809, 0.649806, 0.586095, -0.740881, 1.129915, -1.65806, 1.738313, -0.174533, -0.90929, -0.573801, 1.533339, -0.373042, 0.31554, 1.55999]",-75.46,-75.54,-9.67,88.55,104.21,37.23,33.58,-42.45,64.74,-95.0,99.6,-10.0,-52.1,-32.88,87.85,-21.37,18.08,89.38
letters_upper/E_dejavusans-bold,letters_upper,targets/letters_upper/E_dejavusans-bold.png,0.7393,0.69,0.0349,0.6238,10,7,3,0.2,111.3,0.2919,0.2652,0.7346,8.05,24.14,0.1898,0.09941,letters_upper/E_dejavusans-bold/E_dejavusans-bold_best.png,"[-1.875647, 0.249195, -1.025319, 1.164449, -0.046755, 0.730239, 1.047734, -1.464716, -1.660611, -0.871528, 2.583944, 0.667011, -1.614059, -0.650105, -1.448427, -1.641775, -0.143209, 0.32764]",-107.47,14.28,-58.75,66.72,-2.68,41.84,60.03,-83.92,-95.15,-49.93,148.05,38.22,-92.48,-37.25,-82.99,-94.07,-8.21,18.77
animals/dog_mpeg7-05,animals,targets/animals/dog_mpeg7-05.png,0.739,0.6781,0.0392,0.6027,10,0,3,0.2,115.2,0.1802,0.1519,1.0231,16.09,28.16,0.1061,0.29849,animals/dog_mpeg7-05/dog_mpeg7-05_best.png,"[-1.91986, 0.373644, -0.688008, 0.556945, 2.310285, 0.456416, 1.355213, -1.738663, 0.28732, -1.65806, 2.309429, 0.015624, -1.186179, -1.024391, 0.042839, 1.167652, 1.084566, 1.005125]",-110.0,21.41,-39.42,31.91,132.37,26.15,77.65,-99.62,16.46,-95.0,132.32,0.9,-67.96,-58.69,2.45,66.9,62.14,57.59
abstract/device0_mpeg7-02,abstract,targets/abstract/device0_mpeg7-02.png,0.7385,0.714,0.0139,0.6921,10,5,3,0.2,112.6,0.2604,0.2183,0.9269,-20.11,24.14,0.12015,0.30009,abstract/device0_mpeg7-02/device0_mpeg7-02_best.png,"[-1.11134, -0.938556, 0.114862, 1.624638, -1.28657, 1.727202, 1.893751, 0.385213, -0.659005, 0.45677, -2.002181, -0.150334, 1.016919, 0.587064, 0.601473, -1.170439, 2.727423, 0.867984]",-63.68,-53.78,6.58,93.08,-73.72,98.96,108.5,22.07,-37.76,26.17,-114.72,-8.61,58.27,33.64,34.46,-67.06,156.27,49.73
abstract/bone_mpeg7-02,abstract,targets/abstract/bone_mpeg7-02.png,0.7381,0.7007,0.0257,0.6693,10,3,3,0.2,108.7,0.1075,0.0923,1.2154,16.09,4.02,0.38349,0.4992,abstract/bone_mpeg7-02/bone_mpeg7-02_best.png,"[0.27702, -0.820793, -1.284839, -0.158018, -2.657352, 0.890781, 1.264976, -1.195133, 1.363217, 0.06608, -0.385545, 0.047256, 1.537937, 1.357659, -1.28305, -0.181325, 2.176201, 0.908869]",15.87,-47.03,-73.62,-9.05,-152.26,51.04,72.48,-68.48,78.11,3.79,-22.09,2.71,88.12,77.79,-73.51,-10.39,124.69,52.07
animals/rat_mpeg7-02,animals,targets/animals/rat_mpeg7-02.png,0.7379,0.7128,0.0171,0.6844,10,8,3,0.2,111.3,0.354,0.3201,0.8308,0.0,24.14,0.05681,0.08943,animals/rat_mpeg7-02/rat_mpeg7-02_best.png,"[1.238927, -1.028064, -0.81059, -1.581431, -1.652784, -0.173914, 1.353343, -1.379344, -0.221783, 1.328139, 1.155045, -0.134579, -1.409699, -1.589204, -1.02137, 1.483404, -0.764644, 0.580329]",70.99,-58.9,-46.44,-90.61,-94.7,-9.96,77.54,-79.03,-12.71,76.1,66.18,-7.71,-80.77,-91.05,-58.52,84.99,-43.81,33.25
animals/sea-snake_mpeg7-03,animals,targets/animals/sea-snake_mpeg7-03.png,0.7374,0.6912,0.0403,0.6174,10,7,3,0.2,111.6,0.3968,0.3782,1.0231,-8.05,16.09,0.27644,0.21204,animals/sea-snake_mpeg7-03/sea-snake_mpeg7-03_best.png,"[-0.924716, -0.786084, -1.657624, -0.006033, -1.245056, 0.362044, 0.961198, 1.518814, -1.69, -1.587754, 0.738931, 1.543168, -0.591559, -1.095765, -1.061122, -0.075543, -1.743443, 0.006619]",-52.98,-45.04,-94.97,-0.35,-71.34,20.74,55.07,87.02,-96.83,-90.97,42.34,88.42,-33.89,-62.78,-60.8,-4.33,-99.89,0.38
letters_upper/R_dejavusansmono-bold,letters_upper,targets/letters_upper/R_dejavusansmono-bold.png,0.7373,0.7032,0.0265,0.6573,10,6,3,0.2,114.7,0.2242,0.1873,0.8308,-24.14,24.14,0.17645,0.20522,letters_upper/R_dejavusansmono-bold/R_dejavusansmono-bold_best.png,"[1.204363, -1.191563, -0.155841, 1.250204, -1.720615, 0.884878, -0.867383, -0.558091, 0.681451, -1.657932, -0.43438, 0.911277, 0.63014, -0.163924, 0.709455, 0.980172, -1.261845, 0.605848]",69.0,-68.27,-8.93,71.63,-98.58,50.7,-49.7,-31.98,39.04,-94.99,-24.89,52.21,36.1,-9.39,40.65,56.16,-72.3,34.71
letters_lower/s_dejavusansmono-bold,letters_lower,targets/letters_lower/s_dejavusansmono-bold.png,0.7369,0.6936,0.0176,0.6673,10,9,3,0.2,112.1,0.2182,0.1827,1.0231,-28.16,16.09,0.11219,0.141,letters_lower/s_dejavusansmono-bold/s_dejavusansmono-bold_best.png,"[-0.892716, -0.932273, 0.436765, 0.045858, -2.463304, 0.392777, 0.416392, -0.75147, -0.835853, 1.2957, 2.141533, 0.319736, -1.09775, 1.401967, -1.69, 1.65806, -2.739243, -0.103438]",-51.15,-53.42,25.02,2.63,-141.14,22.5,23.86,-43.06,-47.89,74.24,122.7,18.32,-62.9,80.33,-96.83,95.0,-156.95,-5.93
letters_lower/n_dejavusansmono-bold,letters_lower,targets/letters_lower/n_dejavusansmono-bold.png,0.7364,0.7109,0.0225,0.6519,10,9,3,0.2,113.5,0.1834,0.1314,0.8308,-28.16,24.14,0.18894,0.12421,letters_lower/n_dejavusansmono-bold/n_dejavusansmono-bold_best.png,"[-0.935412, -0.990257, -0.210981, 1.524644, 2.723943, -0.033742, -0.543515, -0.533626, 0.535913, 1.65806, -2.34264, 0.474172, 0.216673, -0.470849, 0.786081, -1.65068, -1.362424, 0.272636]",-53.6,-56.74,-12.09,87.36,156.07,-1.93,-31.14,-30.57,30.71,95.0,-134.22,27.17,12.41,-26.98,45.04,-94.58,-78.06,15.62
objects/shoe_mpeg7-01,objects,targets/objects/shoe_mpeg7-01.png,0.7363,0.7211,0.0107,0.7022,10,8,3,0.2,113.5,0.0618,0.0542,0.8308,-24.14,28.16,0.08519,0.36577,objects/shoe_mpeg7-01/shoe_mpeg7-01_best.png,"[1.91986, -0.754176, 0.470907, 0.859678, -0.332761, -0.174533, -1.153466, 0.723113, -0.932771, -0.019488, -0.163673, -0.135705, -0.66215, -1.025123, 0.805587, 0.61977, -2.74385, -0.174533]",110.0,-43.21,26.98,49.26,-19.07,-10.0,-66.09,41.43,-53.44,-1.12,-9.38,-7.78,-37.94,-58.74,46.16,35.51,-157.21,-10.0
letters_upper/R_dejavusans-bold,letters_upper,targets/letters_upper/R_dejavusans-bold.png,0.7362,0.7053,0.0283,0.6335,10,4,3,0.2,112.7,0.2014,0.1856,0.7346,-24.14,28.16,0.19494,0.20428,letters_upper/R_dejavusans-bold/R_dejavusans-bold_best.png,"[-1.168734, -1.593608, 0.961208, -1.65806, -1.977527, 1.74533, 0.956394, -0.20046, 0.598877, -1.548335, -0.263369, 1.319345, 0.391678, -0.339297, 0.765153, 1.249838, -0.107325, -0.06685]",-66.96,-91.31,55.07,-95.0,-113.3,100.0,54.8,-11.49,34.31,-88.71,-15.09,75.59,22.44,-19.44,43.84,71.61,-6.15,-3.83
letters_lower/q_dejavusansmono-bold,letters_lower,targets/letters_lower/q_dejavusansmono-bold.png,0.7358,0.6641,0.0429,0.5959,10,9,3,0.2,113.2,0.125,0.111,0.7346,-24.14,28.16,0.05526,0.21952,letters_lower/q_dejavusansmono-bold/q_dejavusansmono-bold_best.png,"[-1.606796, -1.218345, 1.510815, 0.215819, 0.05842, -0.116989, -1.582382, -0.818144, -1.471681, -1.655799, 0.395453, 0.428163, 0.987865, 1.206943, -1.69, -1.626747, 1.405155, -0.125937]",-92.06,-69.81,86.56,12.37,3.35,-6.7,-90.66,-46.88,-84.32,-94.87,22.66,24.53,56.6,69.15,-96.83,-93.21,80.51,-7.22
animals/elephant_mpeg7-04,animals,targets/animals/elephant_mpeg7-04.png,0.7357,0.7079,0.022,0.66,10,1,3,0.2,111.9,0.2668,0.2304,1.2154,-4.02,28.16,0.02526,0.23391,animals/elephant_mpeg7-04/elephant_mpeg7-04_best.png,"[0.834673, -0.8682, -0.302537, 1.65806, 2.84121, 1.673215, 1.043208, -1.108417, -0.924453, -1.65806, 1.639538, -0.103095, -1.099459, 0.20427, 0.243705, -1.282011, 0.526924, 1.720571]",47.82,-49.74,-17.33,95.0,162.79,95.87,59.77,-63.51,-52.97,-95.0,93.94,-5.91,-62.99,11.7,13.96,-73.45,30.19,98.58
letters_upper/A_dejavusansmono-bold,letters_upper,targets/letters_upper/A_dejavusansmono-bold.png,0.7357,0.7178,0.0102,0.704,10,2,3,0.2,112.8,0.2079,0.1831,0.8308,-28.16,20.11,0.18244,0.21271,letters_upper/A_dejavusansmono-bold/A_dejavusansmono-bold_best.png,"[1.240987, -1.121963, 0.462458, 0.079479, -1.448077, -0.110674, 0.677149, -0.509854, 0.762159, 0.83224, 2.789313, -0.174533, 1.020968, 1.060354, -1.421761, -1.65806, -0.271992, 1.27019]",71.1,-64.28,26.5,4.55,-82.97,-6.34,38.8,-29.21,43.67,47.68,159.82,-10.0,58.5,60.75,-81.46,-95.0,-15.58,72.78
objects/key_mpeg7-03,objects,targets/objects/key_mpeg7-03.png,0.7338,0.6866,0.0375,0.615,10,0,3,0.2,111.8,0.0415,0.029,0.9269,20.11,28.16,0.08397,0.34687,objects/key_mpeg7-03/key_mpeg7-03_best.png,"[-1.68988, -0.465989, 0.196597, 0.602456, 1.695839, 1.58172, -1.573295, -1.539564, -1.057949, -0.485101, -1.723126, 1.703689, -0.574374, -1.242131, -1.63791, -0.518832, -0.920946, -0.174533]",-96.82,-26.7,11.26,34.52,97.16,90.63,-90.14,-88.21,-60.62,-27.79,-98.73,97.61,-32.91,-71.17,-93.85,-29.73,-52.77,-10.0
letters_upper/D_dejavusansmono-bold,letters_upper,targets/letters_upper/D_dejavusansmono-bold.png,0.7329,0.7039,0.0207,0.6707,10,7,3,0.2,110.3,0.219,0.1683,0.8308,-24.14,24.14,0.14325,0.16526,letters_upper/D_dejavusansmono-bold/D_dejavusansmono-bold_best.png,"[0.771327, -1.023661, -0.235195, 1.297735, 1.641144, 1.74533, -0.572322, -0.690825, 0.763141, 1.65806, 1.702988, 1.448849, -0.407055, -0.703122, 0.956442, -1.640304, -0.809387, 0.781962]",44.19,-58.65,-13.48,74.35,94.03,100.0,-32.79,-39.58,43.72,95.0,97.57,83.01,-23.32,-40.29,54.8,-93.98,-46.37,44.8
letters_lower/r_dejavuserif-bold,letters_lower,targets/letters_lower/r_dejavuserif-bold.png,0.7327,0.6936,0.0232,0.6517,10,2,3,0.2,113.4,0.2438,0.2095,0.6385,4.02,28.16,0.24879,0.04117,letters_lower/r_dejavuserif-bold/r_dejavuserif-bold_best.png,"[-1.050587, -0.802629, -1.683591, -0.691957, -1.63951, 0.021757, 1.244613, -1.588206, -1.582554, -0.33818, -0.685528, -0.173831, -1.515002, -1.515726, -0.063068, 1.579554, 1.787167, 1.167143]",-60.19,-45.99,-96.46,-39.65,-93.94,1.25,71.31,-91.0,-90.67,-19.38,-39.28,-9.96,-86.8,-86.84,-3.61,90.5,102.4,66.87
letters_upper/Q_dejavusansmono-bold,letters_upper,targets/letters_upper/Q_dejavusansmono-bold.png,0.7319,0.6865,0.0249,0.6497,10,9,3,0.2,115.3,0.1819,0.1579,0.9269,-24.14,24.14,0.03742,0.2014,letters_upper/Q_dejavusansmono-bold/Q_dejavusansmono-bold_best.png,"[-1.234911, -0.749478, 1.070826, -1.236872, -0.405153, 1.723621, -1.910788, -1.241828, 1.005199, -1.656331, -0.068133, 0.237462, 0.480826, 0.440362, -1.679011, -1.629047, -1.603991, 1.31818]",-70.76,-42.94,61.35,-70.87,-23.21,98.76,-109.48,-71.15,57.59,-94.9,-3.9,13.61,27.55,25.23,-96.2,-93.34,-91.9,75.53
letters_upper/S_dejavusansmono-bold,letters_upper,targets/letters_upper/S_dejavusansmono-bold.png,0.7319,0.6792,0.0365,0.5916,10,1,3,0.2,113.2,0.2104,0.154,0.9269,-24.14,16.09,0.10083,0.13338,letters_upper/S_dejavusansmono-bold/S_dejavusansmono-bold_best.png,"[0.43805, -0.635158, 0.063396, -1.654828, -0.862929, 1.211594, 0.682438, 1.42051, -0.686199, -1.07338, 0.204723, 0.959815, -1.153999, -1.700196, 0.729146, 0.956067, -1.084144, 1.418895]",25.1,-36.39,3.63,-94.81,-49.44,69.42,39.1,81.39,-39.32,-61.5,11.73,54.99,-66.12,-97.41,41.78,54.78,-62.12,81.3
letters_lower/t_dejavusansmono-bold,letters_lower,targets/letters_lower/t_dejavusansmono-bold.png,0.7312,0.6888,0.0261,0.6385,10,9,3,0.2,114.5,0.2418,0.2323,0.7346,-4.02,28.16,0.02413,0.04016,letters_lower/t_dejavusansmono-bold/t_dejavusansmono-bold_best.png,"[-1.389789, -1.74533, 0.171794, 1.534303, 1.739091, -0.142436, 1.889346, -0.064154, -0.189512, 0.439032, 0.792256, 0.389686, -1.539964, -0.805784, -1.373904, -1.434039, 0.522224, 0.042021]",-79.63,-100.0,9.84,87.91,99.64,-8.16,108.25,-3.68,-10.86,25.15,45.39,22.33,-88.23,-46.17,-78.72,-82.16,29.92,2.41
animals/rat_mpeg7-04,animals,targets/animals/rat_mpeg7-04.png,0.7311,0.7032,0.0258,0.6399,10,9,3,0.2,111.4,0.3037,0.2795,0.7346,0.0,28.16,0.07984,0.09069,animals/rat_mpeg7-04/rat_mpeg7-04_best.png,"[-1.209537, -1.274581, -0.496579, -1.610025, 1.034225, -0.05211, -1.483666, -1.536152, -0.441147, 1.657315, -1.77988, -0.140032, -1.660126, -1.741846, -0.647947, -1.65751, 0.774738, 1.571957]",-69.3,-73.03,-28.45,-92.25,59.26,-2.99,-85.01,-88.02,-25.28,94.96,-101.98,-8.02,-95.12,-99.8,-37.12,-94.97,44.39,90.07
objects/glas_mpeg7-05,objects,targets/objects/glas_mpeg7-05.png,0.731,0.7198,0.0097,0.7007,10,8,3,0.2,112.4,0.1858,0.1624,0.8308,-12.07,24.14,0.10699,0.04944,objects/glas_mpeg7-05/glas_mpeg7-05_best.png,"[1.132437, -0.738674, -0.299021, 1.36971, -0.34374, 0.817083, -1.89505, -0.668129, 0.263526, -0.011944, 1.639022, -0.140909, 0.959087, -0.228072, -0.137166, -0.366307, -1.684728, 1.403531]",64.88,-42.32,-17.13,78.48,-19.69,46.82,-108.58,-38.28,15.1,-0.68,93.91,-8.07,54.95,-13.07,-7.86,-20.99,-96.53,80.42
letters_upper/K_dejavusansmono-bold,letters_upper,targets/letters_upper/K_dejavusansmono-bold.png,0.7305,0.6829,0.0278,0.6397,10,0,3,0.2,115.4,0.2516,0.2071,0.7346,8.05,28.16,0.20961,0.08894,letters_upper/K_dejavusansmono-bold/K_dejavusansmono-bold_best.png,"[1.879424, 0.615156, -1.064118, 0.03494, -1.085805, 0.52908, 1.91986, 0.414175, -0.253678, 0.572824, 0.970717, 1.091377, -1.516004, -1.434783, 0.174002, -1.618773, 1.158389, 0.092839]",107.68,35.25,-60.97,2.0,-62.21,30.31,110.0,23.73,-14.53,32.82,55.62,62.53,-86.86,-82.21,9.97,-92.75,66.37,5.32
animals/fly_mpeg7-05,animals,targets/animals/fly_mpeg7-05.png,0.7303,0.7128,0.0088,0.7011,10,4,3,0.2,112.1,0.2207,0.2101,0.8308,-28.16,24.14,0.18299,0.29753,animals/fly_mpeg7-05/fly_mpeg7-05_best.png,"[1.404029, -1.74533, 0.769223, -1.658042, -1.88129, 0.42199, 0.855033, -0.349998, 0.838671, -0.709407, 2.543337, 1.204274, 0.966667, 0.164643, -0.640867, 1.653275, -1.514568, 0.073018]",80.44,-100.0,44.07,-95.0,-107.79,24.18,48.99,-20.05,48.05,-40.65,145.72,69.0,55.39,9.43,-36.72,94.73,-86.78,4.18
digits/5_dejavusansmono-bold,digits,targets/digits/5_dejavusansmono-bold.png,0.7303,0.6674,0.0333,0.5992,10,5,3,0.2,113.4,0.1934,0.1535,0.9269,-24.14,16.09,0.09295,0.10164,digits/5_dejavusansmono-bold/5_dejavusansmono-bold_best.png,"[-0.058862, -0.689504, -0.894373, 1.614385, 1.957655, 1.377397, 0.892941, 1.47839, -1.63031, 0.461024, -0.301279, 0.523083, -0.931339, -0.906242, 0.358831, 0.529772, -0.351591, 1.506203]",-3.37,-39.51,-51.24,92.5,112.17,78.92,51.16,84.71,-93.41,26.41,-17.26,29.97,-53.36,-51.92,20.56,30.35,-20.14,86.3
letters_upper/O_dejavusansmono-bold,letters_upper,targets/letters_upper/O_dejavusansmono-bold.png,0.7301,0.6861,0.0293,0.6218,10,1,3,0.2,112.4,0.2207,0.1725,0.8308,-24.14,24.14,0.10624,0.17635,letters_upper/O_dejavusansmono-bold/O_dejavusansmono-bold_best.png,"[0.834917, -0.700224, -0.254533, 1.658041, -0.449803, 0.965483, 0.195689, 0.60673, 1.405855, -1.642768, 1.528596, 1.135005, -1.156125, -1.302394, -0.001206, 1.002096, -1.473367, 0.297661]",47.84,-40.12,-14.58,95.0,-25.77,55.32,11.21,34.76,80.55,-94.12,87.58,65.03,-66.24,-74.62,-0.07,57.42,-84.42,17.05
letters_upper/Z_dejavusans-bold,letters_upper,targets/letters_upper/Z_dejavusans-bold.png,0.7292,0.6859,0.025,0.6442,10,5,3,0.2,113.1,0.2651,0.2477,0.7346,-4.02,24.14,0.25108,0.17811,letters_upper/Z_dejavusans-bold/Z_dejavusans-bold_best.png,"[1.91986, -1.139985, 0.897789, -0.543955, 0.88317, 1.685097, -1.154848, -1.671956, -1.69, 0.141894, -0.124964, 1.012398, -0.789369, -0.631234, -1.41134, -1.440046, -0.284675, 1.417661]",110.0,-65.32,51.44,-31.17,50.6,96.55,-66.17,-95.8,-96.83,8.13,-7.16,58.01,-45.23,-36.17,-80.86,-82.51,-16.31,81.23
objects/shoe_mpeg7-03,objects,targets/objects/shoe_mpeg7-03.png,0.729,0.7128,0.0132,0.6895,10,9,3,0.2,114.3,0.0855,0.0784,0.8308,-24.14,28.16,0.09065,0.34125,objects/shoe_mpeg7-03/shoe_mpeg7-03_best.png,"[-1.898367, -1.067778, 0.439935, 0.996631, -2.727042, -0.103722, -0.913121, -0.243351, 0.312514, 0.312235, -2.051044, 0.318325, 0.646573, -1.083886, 1.016653, 0.770758, 1.506697, 1.280353]",-108.77,-61.18,25.21,57.1,-156.25,-5.94,-52.32,-13.94,17.91,17.89,-117.52,18.24,37.05,-62.1,58.25,44.16,86.33,73.36
animals/lmfish_mpeg7-01,animals,targets/animals/lmfish_mpeg7-01.png,0.7283,0.7062,0.0148,0.6773,10,0,3,0.2,114.7,0.0315,0.0278,1.1192,-12.07,28.16,0.07044,0.28689,animals/lmfish_mpeg7-01/lmfish_mpeg7-01_best.png,"[-1.374742, -0.830547, 0.238142, 0.842912, 1.867809, 1.700938, 0.303285, -0.879885, 0.87588, -1.050493, 1.817026, 0.301626, -0.876543, -1.647017, -1.575365, -0.615702, -1.460945, 1.525799]",-78.77,-47.59,13.64,48.3,107.02,97.46,17.38,-50.41,50.18,-60.19,104.11,17.28,-50.22,-94.37,-90.26,-35.28,-83.71,87.42
animals/turtle_mpeg7-04,animals,targets/animals/turtle_mpeg7-04.png,0.7283,0.6692,0.0341,0.6222,10,7,3,0.2,114.2,0.2158,0.1882,1.2154,-8.05,28.16,0.08845,0.33906,animals/turtle_mpeg7-04/turtle_mpeg7-04_best.png,"[0.994236, -0.739702, -1.69, -1.536789, 1.608976, -0.174533, 0.300251, -1.142384, 0.349563, 1.578688, 1.194157, 0.686574, 0.894077, 0.510725, 0.275718, 1.278596, -1.140263, 1.516572]",56.97,-42.38,-96.83,-88.05,92.19,-10.0,17.2,-65.45,20.03,90.45,68.42,39.34,51.23,29.26,15.8,73.26,-65.33,86.89
letters_upper/K_dejavusans-bold,letters_upper,targets/letters_upper/K_dejavusans-bold.png,0.7282,0.6871,0.0339,0.6353,10,5,3,0.2,113.5,0.2138,0.1653,0.7346,12.07,28.16,0.21639,0.12287,letters_upper/K_dejavusans-bold/K_dejavusans-bold_best.png,"[-1.014749, -1.102431, -1.411615, -0.347684, -0.781924, 0.643308, 1.355448, -1.743716, 0.348992, 1.043752, 2.595117, 0.078481, -0.983073, -1.74533, -1.282402, -0.853902, 1.486488, 1.224596]",-58.14,-63.16,-80.88,-19.92,-44.8,36.86,77.66,-99.91,20.0,59.8,148.69,4.5,-56.33,-100.0,-73.48,-48.92,85.17,70.16
letters_upper/W_dejavusansmono-bold,letters_upper,targets/letters_upper/W_dejavusansmono-bold.png,0.7278,0.6951,0.0318,0.6328,10,5,3,0.2,115.1,0.2528,0.2127,0.9269,-24.14,16.09,0.21191,0.15409,letters_upper/W_dejavusansmono-bold/W_dejavusansmono-bold_best.png,"[-1.092198, -0.928067, 0.314597, 1.534483, -0.106457, -0.174533, -1.197097, -1.443444, -0.479062, -0.003537, -0.722824, 0.584918, -1.045767, 0.437002, -0.601046, -1.263361, -0.280246, 0.491469]",-62.58,-53.17,18.03,87.92,-6.1,-10.0,-68.59,-82.7,-27.45,-0.2,-41.41,33.51,-59.92,25.04,-34.44,-72.39,-16.06,28.16
letters_lower/e_dejavusansmono-bold,letters_lower,targets/letters_lower/e_dejavusansmono-bold.png,0.7277,0.6923,0.0227,0.6662,10,3,3,0.2,113.9,0.2422,0.2224,0.7346,-24.14,28.16,0.16363,0.29131,letters_lower/e_dejavusansmono-bold/e_dejavusansmono-bold_best.png,"[0.70931, -0.863211, 0.093806, 1.65806, -0.420815, 0.077105, 0.204222, -0.961868, 0.894703, 1.65806, 0.847174, 1.738445, -1.01115, -1.74533, 0.358306, 1.004976, -1.859211, 0.437769]",40.64,-49.46,5.37,95.0,-24.11,4.42,11.7,-55.11,51.26,95.0,48.54,99.61,-57.93,-100.0,20.53,57.58,-106.52,25.08
animals/camel_mpeg7-03,animals,targets/animals/camel_mpeg7-03.png,0.7273,0.6734,0.0282,0.6382,10,8,3,0.2,112.4,0.2957,0.2756,0.8308,-8.05,24.14,0.07351,0.15068,animals/camel_mpeg7-03/camel_mpeg7-03_best.png,"[1.199636, -0.582159, -1.669497, -1.65806, -0.531522, 0.111076, -0.970403, -0.937244, -0.205726, 1.452697, 0.436595, -0.164167, 1.005287, -0.580397, 0.33094, 1.651719, 2.510365, 0.575021]",68.73,-33.36,-95.66,-95.0,-30.45,6.36,-55.6,-53.7,-11.79,83.23,25.02,-9.41,57.6,-33.25,18.96,94.64,143.83,32.95
letters_upper/G_dejavusans-bold,letters_upper,targets/letters_upper/G_dejavusans-bold.png,0.727,0.6898,0.0257,0.6392,10,6,3,0.2,111.6,0.1914,0.1648,0.8308,-28.16,24.14,0.18646,0.20841,letters_upper/G_dejavusans-bold/G_dejavusans-bold_best.png,"[-0.67102, -0.883356, 1.259069, -1.379322, -0.23557, 0.952019, -0.030224, -0.992198, -0.36538, 1.562855, 1.37975, 0.725235, -1.889279, -0.822384, 1.006793, 1.587844, -1.729978, 1.356273]",-38.45,-50.61,72.14,-79.03,-13.5,54.55,-1.73,-56.85,-20.93,89.54,79.05,41.55,-108.25,-47.12,57.68,90.98,-99.12,77.71
letters_lower/h_dejavusans-bold,letters_lower,targets/letters_lower/h_dejavusans-bold.png,0.7268,0.6936,0.0222,0.6623,10,1,3,0.2,115.7,0.1402,0.1257,0.8308,-28.16,20.11,0.19312,0.14716,letters_lower/h_dejavusans-bold/h_dejavusans-bold_best.png,"[-1.251957, 1.051702, -1.69, -1.654656, 0.073068, 1.185187, 0.715229, -0.642931, 0.174865, 1.416115, -0.007151, 1.293217, 1.309853, -1.677316, 0.313494, 1.381719, 0.834072, 0.473749]",-71.73,60.26,-96.83,-94.8,4.19,67.91,40.98,-36.84,10.02,81.14,-0.41,74.1,75.05,-96.1,17.96,79.17,47.79,27.14
letters_lower/b_dejavuserif-bold,letters_lower,targets/letters_lower/b_dejavuserif-bold.png,0.7264,0.7107,0.0171,0.6777,10,6,3,0.2,112.7,0.1801,0.1356,0.8308,-28.16,24.14,0.16126,0.17268,letters_lower/b_dejavuserif-bold/b_dejavuserif-bold_best.png,"[0.700967, -0.783676, 0.244193, 1.65806, -0.609701, 1.041644, 1.090439, 1.726052, -1.454156, -1.599751, 1.461817, 1.725303, -0.593169, -0.898647, 0.339966, 0.191861, -2.723258, 1.74533]",40.16,-44.9,13.99,95.0,-34.93,59.68,62.48,98.9,-83.32,-91.66,83.76,98.85,-33.99,-51.49,19.48,10.99,-156.03,100.0
letters_lower/f_dejavusansmono-bold,letters_lower,targets/letters_lower/f_dejavusansmono-bold.png,0.7262,0.6998,0.0233,0.6597,10,4,3,0.2,114.4,0.3281,0.3022,0.8308,-8.05,20.11,0.04437,0.02961,letters_lower/f_dejavusansmono-bold/f_dejavusansmono-bold_best.png,"[-1.401805, -1.556823, 0.31949, -1.261494, 2.156761, 1.74533, 1.871279, -0.159901, -0.27704, 0.600486, -2.113745, -0.174533, 1.326171, 0.015944, -0.493258, 0.907659, -1.923622, 0.278168]",-80.32,-89.2,18.31,-72.28,123.57,100.0,107.22,-9.16,-15.87,34.41,-121.11,-10.0,75.98,0.91,-28.26,52.01,-110.22,15.94
letters_upper/T_dejavuserif-bold,letters_upper,targets/letters_upper/T_dejavuserif-bold.png,0.726,0.6925,0.0178,0.666,10,7,3,0.2,115.6,0.2668,0.2421,0.7346,-8.05,28.16,0.13446,0.08448,letters_upper/T_dejavuserif-bold/T_dejavuserif-bold_best.png,"[-1.4292, -1.74533, -0.326392, 1.41485, 1.140459, 1.74533, -1.432026, -1.271636, -0.357701, 1.655631, -1.372044, 1.493297, -1.564112, -1.732884, -0.014885, 1.574428, -1.190581, 0.066732]",-81.89,-100.0,-18.7,81.06,65.34,100.0,-82.05,-72.86,-20.49,94.86,-78.61,85.56,-89.62,-99.29,-0.85,90.21,-68.22,3.82
abstract/device0_mpeg7-01,abstract,targets/abstract/device0_mpeg7-01.png,0.7258,0.6947,0.0232,0.6594,10,8,3,0.2,111.9,0.2593,0.2237,0.8308,-12.07,28.16,0.06544,0.17651,abstract/device0_mpeg7-01/device0_mpeg7-01_best.png,"[1.881727, -0.599231, 0.107478, 1.65806, -1.375407, 1.126479, 1.082421, -0.147618, 0.592886, -0.146779, -1.379058, 1.093474, 0.955887, -0.917927, 0.711747, -0.440382, -1.913707, 1.594328]",107.82,-34.33,6.16,95.0,-78.81,64.54,62.02,-8.46,33.97,-8.41,-79.01,62.65,54.77,-52.59,40.78,-25.23,-109.65,91.35
animals/rat_mpeg7-05,animals,targets/animals/rat_mpeg7-05.png,0.7247,0.6996,0.0175,0.6732,10,8,3,0.2,111.4,0.2953,0.2849,0.7346,0.0,28.16,0.07127,0.08346,animals/rat_mpeg7-05/rat_mpeg7-05_best.png,"[1.872406, -0.000612, -0.507118, 0.65543, 0.275837, 0.138206, 1.608669, -0.609499, -0.094813, 1.086302, -2.581289, 0.52859, 1.672636, 1.42222, -1.162657, -1.441957, 1.116342, 0.728724]",107.28,-0.04,-29.06,37.55,15.8,7.92,92.17,-34.92,-5.43,62.24,-147.9,30.29,95.83,81.49,-66.62,-82.62,63.96,41.75
abstract/device8_mpeg7-04,abstract,targets/abstract/device8_mpeg7-04.png,0.7246,0.6909,0.0241,0.6466,10,7,3,0.2,113.2,0.1822,0.1721,0.9269,-4.02,24.14,0.14097,0.01804,abstract/device8_mpeg7-04/device8_mpeg7-04_best.png,"[1.191301, -0.986893, -1.313624, -0.815706, 1.282515, 0.001101, -0.904305, -0.977731, -0.151607, 1.173575, -1.45999, 1.74533, -1.307651, -1.393755, -0.262516, -1.278148, 0.606831, 0.348624]",68.26,-56.54,-75.27,-46.74,73.48,0.06,-51.81,-56.02,-8.69,67.24,-83.65,100.0,-74.92,-79.86,-15.04,-73.23,34.77,19.97
letters_upper/D_dejavusans-bold,letters_upper,targets/letters_upper/D_dejavusans-bold.png,0.7244,0.6924,0.0265,0.6472,10,6,3,0.2,111.8,0.1792,0.1451,0.7346,-28.16,28.16,0.15434,0.19807,letters_upper/D_dejavusans-bold/D_dejavusans-bold_best.png,"[-0.451672, 0.481832, 1.407667, -1.539639, 2.177193, 1.437471, 0.534368, -0.868055, -0.009898, 1.178241, -1.559153, 1.238998, 0.175341, -0.613726, -0.037103, 1.602813, -0.577091, -0.174533]",-25.88,27.61,80.65,-88.21,124.74,82.36,30.62,-49.74,-0.57,67.51,-89.33,70.99,10.05,-35.16,-2.13,91.83,-33.06,-10.0
letters_upper/C_dejavusans-bold,letters_upper,targets/letters_upper/C_dejavusans-bold.png,0.7238,0.6655,0.0354,0.6038,10,9,3,0.2,111.2,0.1409,0.1205,0.7346,8.05,28.16,0.23442,0.1853,letters_upper/C_dejavusans-bold/C_dejavusans-bold_best.png,"[1.563699, 0.710982, -0.768725, -0.651584, -0.851809, 1.598499, -1.030064, -1.74533, -1.649793, 0.239836, -0.065477, 0.492177, 1.91986, -0.879964, 0.280973, 0.379193, -1.423264, 1.188735]",89.59,40.74,-44.04,-37.33,-48.81,91.59,-59.02,-100.0,-94.53,13.74,-3.75,28.2,110.0,-50.42,16.1,21.73,-81.55,68.11
animals/beetle_mpeg7-02,animals,targets/animals/beetle_mpeg7-02.png,0.7234,0.7039,0.012,0.6826,10,2,3,0.2,114.0,0.3615,0.3361,0.9269,-8.05,24.14,0.10631,0.21368,animals/beetle_mpeg7-02/beetle_mpeg7-02_best.png,"[1.91986, -0.902254, 0.452011, 1.65806, -1.802493, 0.963574, -0.777788, -1.396678, -0.176122, 1.65806, -2.718703, -0.167374, 1.246544, -1.144036, 1.118625, -0.349236, 2.328681, 1.741622]",110.0,-51.7,25.9,95.0,-103.28,55.21,-44.56,-80.02,-10.09,95.0,-155.77,-9.59,71.42,-65.55,64.09,-20.01,133.42,99.79
abstract/device5_mpeg7-01,abstract,targets/abstract/device5_mpeg7-01.png,0.7233,0.6584,0.0432,0.5784,10,2,3,0.2,113.0,0.2488,0.1987,0.8308,-8.05,24.14,0.0129,0.23801,abstract/device5_mpeg7-01/device5_mpeg7-01_best.png,"[1.91986, 0.191189, -0.254685, 0.263515, 0.690918, 0.353546, -1.517533, -1.702664, 0.195844, -1.043635, 0.242782, 0.918828, 1.129696, 0.506285, -0.680679, 0.829758, -1.548078, 1.340145]",110.0,10.95,-14.59,15.1,39.59,20.26,-86.95,-97.56,11.22,-59.8,13.91,52.64,64.73,29.01,-39.0,47.54,-88.7,76.78
digits/2_dejavusansmono-bold,digits,targets/digits/2_dejavusansmono-bold.png,0.7233,0.6804,0.0332,0.6341,10,1,3,0.2,117.4,0.3486,0.3087,0.9269,-4.02,16.09,0.14178,0.15452,digits/2_dejavusansmono-bold/2_dejavusansmono-bold_best.png,"[-0.674552, -0.904594, -1.141132, 1.65806, 1.611348, -0.174533, -1.236043, -1.685739, -1.433934, -0.613314, -1.612662, 0.1534, -0.870704, -0.794482, 1.442635, 0.567523, 1.806628, 0.96492]",-38.65,-51.83,-65.38,95.0,92.32,-10.0,-70.82,-96.59,-82.16,-35.14,-92.4,8.79,-49.89,-45.52,82.66,32.52,103.51,55.29
animals/rat_mpeg7-01,animals,targets/animals/rat_mpeg7-01.png,0.7232,0.6982,0.0208,0.6441,10,8,3,0.2,111.5,0.3556,0.3206,0.8308,0.0,20.11,0.07297,0.11173,animals/rat_mpeg7-01/rat_mpeg7-01_best.png,"[1.284226, -0.710312, -1.532269, -1.044244, -1.711849, -0.174533, -1.451798, -1.39809, -0.172371, 1.184033, -2.454593, 0.175961, -1.337319, -1.703778, 0.869781, -1.384052, -2.738487, 1.358527]",73.58,-40.7,-87.79,-59.83,-98.08,-10.0,-83.18,-80.1,-9.88,67.84,-140.64,10.08,-76.62,-97.62,49.83,-79.3,-156.9,77.84
animals/cattle_mpeg7-01,animals,targets/animals/cattle_mpeg7-01.png,0.7224,0.6885,0.0162,0.6584,10,9,3,0.2,115.0,0.2135,0.1934,0.8308,-12.07,20.11,0.0119,0.13658,animals/cattle_mpeg7-01/cattle_mpeg7-01_best.png,"[-1.222711, -1.278497, 0.367168, 0.718001, 2.824048, -0.174533, -1.91986, -0.650234, -1.69, -1.65806, -0.734953, 0.241062, 1.91986, 0.253144, -0.203861, 0.576154, 2.534291, 0.982887]",-70.06,-73.25,21.04,41.14,161.81,-10.0,-110.0,-37.26,-96.83,-95.0,-42.11,13.81,110.0,14.5,-11.68,33.01,145.2,56.32
digits/6_dejavusansmono-bold,digits,targets/digits/6_dejavusansmono-bold.png,0.722,0.6941,0.0201,0.6619,10,4,3,0.2,115.1,0.2407,0.2052,0.9269,-28.16,20.11,0.10405,0.20831,digits/6_dejavusansmono-bold/6_dejavusansmono-bold_best.png,"[0.739183, -0.643237, -0.804239, 1.65806, 2.092844, -0.041238, -1.256698, 1.198775, -1.69, -0.52289, 0.840188, 0.647351, 0.446839, -0.546134, 0.277886, 1.536722, -1.381758, 1.041375]",42.35,-36.85,-46.08,95.0,119.91,-2.36,-72.0,68.68,-96.83,-29.96,48.14,37.09,25.6,-31.29,15.92,88.05,-79.17,59.67
letters_lower/l_dejavuserif-bold,letters_lower,targets/letters_lower/l_dejavuserif-bold.png,0.722,0.6973,0.0162,0.6735,10,8,3,0.2,114.5,0.2743,0.2561,0.7346,-8.05,24.14,0.01547,0.0364,letters_lower/l_dejavuserif-bold/l_dejavuserif-bold_best.png,"[-1.498158, -1.259112, -1.544435, 0.275692, 1.789528, -0.12492, -1.73823, -1.003795, 1.404765, 0.76766, 1.109711, 1.407046, -1.469629, -1.068161, -0.478311, -1.654902, 0.641913, 0.250907]",-85.84,-72.14,-88.49,15.8,102.53,-7.16,-99.59,-57.51,80.49,43.98,63.58,80.62,-84.2,-61.2,-27.41,-94.82,36.78,14.38
letters_lower/s_dejavuserif-bold,letters_lower,targets/letters_lower/s_dejavuserif-bold.png,0.7218,0.6851,0.0253,0.6336,10,5,3,0.2,110.9,0.2126,0.1598,0.8308,-24.14,24.14,0.16182,0.22672,letters_lower/s_dejavuserif-bold/s_dejavuserif-bold_best.png,"[0.817359, -0.960728, 0.681568, -0.445914, 2.831791, 1.02552, -0.125319, -0.487861, 0.658815, 1.630459, -1.168916, 1.391936, 0.110822, -0.995572, -0.548738, 1.45943, 1.813997, 0.889429]",46.83,-55.05,39.05,-25.55,162.25,58.76,-7.18,-27.95,37.75,93.42,-66.97,79.75,6.35,-57.04,-31.44,83.62,103.93,50.96
letters_lower/p_dejavuserif-bold,letters_lower,targets/letters_lower/p_dejavuserif-bold.png,0.7212,0.6888,0.0261,0.6394,10,5,3,0.2,114.9,0.219,0.1917,0.7346,8.05,28.16,0.18702,0.10862,letters_lower/p_dejavuserif-bold/p_dejavuserif-bold_best.png,"[1.632972, 0.663969, -1.096189, 1.164995, 0.405778, 1.666188, -0.766359, -1.586715, -1.114654, 1.42404, -1.352333, 0.55584, -1.548562, -1.375362, -1.070917, 1.65806, 1.677002, 1.300865]",93.56,38.04,-62.81,66.75,23.25,95.47,-43.91,-90.91,-63.86,81.59,-77.48,31.85,-88.73,-78.8,-61.36,95.0,96.09,74.53
letters_upper/W_dejavusans-bold,letters_upper,targets/letters_upper/W_dejavusans-bold.png,0.7206,0.6649,0.0346,0.5859,10,4,3,0.2,112.7,0.1752,0.1532,0.9269,-24.14,28.16,0.16613,0.19629,letters_upper/W_dejavusans-bold/W_dejavusans-bold_best.png,"[-0.554008, -0.844056, 1.217817, -1.649518, -0.954825, 1.090999, -1.245575, -1.74533, -0.68358, 0.151551, -0.660274, 0.627927, 1.195644, -0.049717, -0.420238, 1.654594, -1.313471, 1.014645]",-31.74,-48.36,69.78,-94.51,-54.71,62.51,-71.37,-100.0,-39.17,8.68,-37.83,35.98,68.51,-2.85,-24.08,94.8,-75.26,58.13
hand_shadow/elephant_hasper-02,hand_shadow,targets/hand_shadow/elephant_hasper-02.png,0.7191,0.6857,0.0263,0.6226,10,6,3,0.2,113.7,0.0411,0.0285,0.8308,24.14,28.16,0.07675,0.22345,hand_shadow/elephant_hasper-02/elephant_hasper-02_best.png,"[1.016365, -0.880672, -1.69, -0.812335, 1.861221, 1.247729, 1.10679, -1.039881, -1.69, -0.099795, -1.768245, -0.149393, -1.565341, -1.08555, -1.69, -0.502479, 1.483378, 0.261797]",58.23,-50.46,-96.83,-46.54,106.64,71.49,63.41,-59.58,-96.83,-5.72,-101.31,-8.56,-89.69,-62.2,-96.83,-28.79,84.99,15.0
letters_upper/D_dejavuserif-bold,letters_upper,targets/letters_upper/D_dejavuserif-bold.png,0.7191,0.6708,0.0332,0.6,10,1,3,0.2,112.5,0.1317,0.103,0.8308,-28.16,28.16,0.17031,0.15613,letters_upper/D_dejavuserif-bold/D_dejavuserif-bold_best.png,"[-1.310604, 1.12315, -1.69, -0.702206, 0.642159, 1.744602, -0.278506, 1.019892, 0.31339, -1.484732, 0.22398, -0.003319, 1.107885, -1.543342, 0.090564, 1.292287, -2.006123, 0.399119]",-75.09,64.35,-96.83,-40.23,36.79,99.96,-15.96,58.44,17.96,-85.07,12.83,-0.19,63.48,-88.43,5.19,74.04,-114.94,22.87
animals/fly_mpeg7-04,animals,targets/animals/fly_mpeg7-04.png,0.719,0.7034,0.0133,0.6732,10,5,3,0.2,111.6,0.2801,0.2341,0.8308,8.05,28.16,0.16221,0.19423,animals/fly_mpeg7-04/fly_mpeg7-04_best.png,"[1.121838, -1.533283, -0.341308, -1.643044, 2.215032, -0.004064, 1.429365, -1.548855, 0.713153, 0.379641, 1.273194, 0.983574, -1.90441, 0.083424, -0.180619, 1.108609, 1.266437, 1.136874]",64.28,-87.85,-19.56,-94.14,126.91,-0.23,81.9,-88.74,40.86,21.75,72.95,56.35,-109.11,4.78,-10.35,63.52,72.56,65.14
abstract/device2_mpeg7-03,abstract,targets/abstract/device2_mpeg7-03.png,0.7185,0.6761,0.0225,0.6293,10,1,3,0.2,114.1,0.3391,0.2939,0.8308,-12.07,28.16,0.13885,0.23116,abstract/device2_mpeg7-03/device2_mpeg7-03_best.png,"[1.065592, -1.715282, -0.098831, 1.385854, 0.741776, 0.031485, -1.378392, 0.280562, -0.857347, 1.65806, 2.804905, -0.061443, -1.91986, 0.493405, -1.276659, 1.602072, -1.085604, 1.160095]",61.05,-98.28,-5.66,79.4,42.5,1.8,-78.98,16.08,-49.12,95.0,160.71,-3.52,-110.0,28.27,-73.15,91.79,-62.2,66.47
letters_lower/q_dejavuserif-bold,letters_lower,targets/letters_lower/q_dejavuserif-bold.png,0.7181,0.6752,0.0247,0.64,10,4,3,0.2,112.1,0.134,0.1029,0.7346,-24.14,28.16,0.12925,0.20301,letters_lower/q_dejavuserif-bold/q_dejavuserif-bold_best.png,"[-1.795645, -1.040116, 1.349741, -1.633328, -2.538605, 0.15207, 0.500154, -0.749653, 1.220728, -1.65806, 0.543177, 1.451421, 0.187751, -0.79409, -0.22489, 1.482787, -0.994632, 0.280149]",-102.88,-59.59,77.33,-93.58,-145.45,8.71,28.66,-42.95,69.94,-95.0,31.12,83.16,10.76,-45.5,-12.89,84.96,-56.99,16.05
animals/cattle_mpeg7-03,animals,targets/animals/cattle_mpeg7-03.png,0.7179,0.6916,0.0172,0.6579,10,0,3,0.2,110.7,0.2056,0.1809,0.9269,-16.09,16.09,0.01838,0.15224,animals/cattle_mpeg7-03/cattle_mpeg7-03_best.png,"[-1.237786, -1.105717, 0.39523, 0.867544, -0.191121, 1.164946, 0.47146, -1.093002, 0.135963, 0.373435, 1.049654, 1.653362, -1.194418, -1.72547, -0.558957, -1.517913, -1.630189, -0.151898]",-70.92,-63.35,22.65,49.71,-10.95,66.75,27.01,-62.62,7.79,21.4,60.14,94.73,-68.44,-98.86,-32.03,-86.97,-93.4,-8.7
letters_lower/z_dejavusansmono-bold,letters_lower,targets/letters_lower/z_dejavusansmono-bold.png,0.7179,0.6967,0.018,0.656,10,3,3,0.2,113.0,0.2673,0.2429,0.8308,-4.02,24.14,0.20671,0.17163,letters_lower/z_dejavusansmono-bold/z_dejavusansmono-bold_best.png,"[1.251871, -1.74533, -0.017587, -0.781099, 1.737573, 1.488885, -0.918079, -0.74187, 1.417959, 0.920132, 1.170919, 0.974367, 1.91986, 0.523179, 0.313435, -0.335604, 2.045233, 1.713127]",71.73,-100.0,-1.01,-44.75,99.56,85.31,-52.6,-42.51,81.24,52.72,67.09,55.83,110.0,29.98,17.96,-19.23,117.18,98.15
animals/rat_mpeg7-03,animals,targets/animals/rat_mpeg7-03.png,0.7177,0.6912,0.0152,0.6633,10,2,3,0.2,112.5,0.2893,0.2776,0.7346,0.0,28.16,0.06169,0.0822,animals/rat_mpeg7-03/rat_mpeg7-03_best.png,"[1.212701, -1.711333, 0.472641, -1.65806, 0.895897, 0.047498, -1.547538, -1.323219, -0.218245, -1.643411, 0.992499, 0.423755, -1.618024, -1.680456, -0.21843, -0.740633, 1.478037, 0.315892]",69.48,-98.05,27.08,-95.0,51.33,2.72,-88.67,-75.81,-12.5,-94.16,56.87,24.28,-92.71,-96.28,-12.52,-42.44,84.69,18.1
letters_upper/V_dejavuserif-bold,letters_upper,targets/letters_upper/V_dejavuserif-bold.png,0.7172,0.6945,0.0113,0.6795,10,9,3,0.2,117.3,0.3481,0.322,0.9269,-4.02,20.11,0.1153,0.1129,letters_upper/V_dejavuserif-bold/V_dejavuserif-bold_best.png,"[1.1653, -1.124871, 0.42253, 0.052174, -1.904444, 0.204006, 0.03261, -1.24731, -0.67687, -0.058805, 1.631262, 1.4938, -1.88998, -1.072698, -1.677652, 1.569981, 0.542225, 0.77859]",66.77,-64.45,24.21,2.99,-109.12,11.69,1.87,-71.47,-38.78,-3.37,93.46,85.59,-108.29,-61.46,-96.12,89.95,31.07,44.61
abstract/bone_mpeg7-04,abstract,targets/abstract/bone_mpeg7-04.png,0.7169,0.6812,0.0295,0.604,10,9,3,0.2,112.5,0.082,0.0402,1.1192,20.11,8.05,0.40779,0.4415,abstract/bone_mpeg7-04/bone_mpeg7-04_best.png,"[0.126283, -0.882572, -1.269075, -0.168619, -2.237525, 1.553576, 0.054341, -0.881561, -1.366789, 0.271116, 1.502602, 1.069035, -1.753322, -1.74533, -1.379256, -0.969116, 0.151561, -0.076716]",7.24,-50.57,-72.71,-9.66,-128.2,89.01,3.11,-50.51,-78.31,15.53,86.09,61.25,-100.46,-100.0,-79.03,-55.53,8.68,-4.4
letters_lower/w_dejavusans-bold,letters_lower,targets/letters_lower/w_dejavusans-bold.png,0.7157,0.672,0.0278,0.6315,10,5,3,0.2,110.7,0.1695,0.139,0.9269,-24.14,28.16,0.12681,0.23539,letters_lower/w_dejavusans-bold/w_dejavusans-bold_best.png,"[0.540491, -0.834691, 1.247589, -1.610399, 1.350091, 0.349764, 1.30851, 0.138823, -0.570107, 1.65806, -1.283637, 0.752322, -1.026922, -1.522089, -0.327397, -1.31424, -0.967847, 0.931302]",30.97,-47.82,71.48,-92.27,77.35,20.04,74.97,7.95,-32.66,95.0,-73.55,43.1,-58.84,-87.21,-18.76,-75.3,-55.45,53.36
animals/fly_mpeg7-03,animals,targets/animals/fly_mpeg7-03.png,0.7152,0.6707,0.0261,0.6194,10,1,3,0.2,114.1,0.1684,0.1518,0.9269,-16.09,20.11,0.01376,0.20517,animals/fly_mpeg7-03/fly_mpeg7-03_best.png,"[1.349641, -1.74533, -0.176145, 1.658052, -2.707578, -0.173564, -1.571479, -1.029913, -0.794457, 1.65806, 0.983252, 0.276178, 0.80569, -1.015485, 1.265647, -0.53922, 1.71233, -0.13179]",77.33,-100.0,-10.09,95.0,-155.13,-9.94,-90.04,-59.01,-45.52,95.0,56.34,15.82,46.16,-58.18,72.52,-30.9,98.11,-7.55
objects/cellular-phone_mpeg7-03,objects,targets/objects/cellular-phone_mpeg7-03.png,0.715,0.6681,0.0319,0.6292,10,4,3,0.2,113.6,0.0186,0.0101,1.3115,-12.07,28.16,0.03843,0.4198,objects/cellular-phone_mpeg7-03/cellular-phone_mpeg7-03_best.png,"[1.146918, -1.176496, -1.22886, -1.106644, 1.866018, 1.684773, -1.14659, 0.120665, 0.028948, -0.829247, 1.55561, 1.397165, -0.885432, -1.422371, 0.588408, 1.015539, -1.944122, 1.624976]",65.71,-67.41,-70.41,-63.41,106.91,96.53,-65.69,6.91,1.66,-47.51,89.13,80.05,-50.73,-81.5,33.71,58.19,-111.39,93.1
abstract/device0_mpeg7-03,abstract,targets/abstract/device0_mpeg7-03.png,0.7146,0.6987,0.0112,0.6754,10,0,3,0.2,117.3,0.2665,0.2417,0.8308,-12.07,28.16,0.06595,0.17686,abstract/device0_mpeg7-03/device0_mpeg7-03_best.png,"[-1.42776, -0.947222, -1.566705, -0.400097, 2.230889, 1.738853, -1.153003, -1.159965, -1.69, -0.819803, -1.675286, 0.694318, -1.228564, -0.32404, 0.766681, -1.63745, 2.345854, 0.293772]",-81.8,-54.27,-89.77,-22.92,127.82,99.63,-66.06,-66.46,-96.83,-46.97,-95.99,39.78,-70.39,-18.57,43.93,-93.82,134.41,16.83
animals/beetle_mpeg7-04,animals,targets/animals/beetle_mpeg7-04.png,0.7142,0.7009,0.0067,0.693,10,8,3,0.2,115.0,0.2792,0.2478,1.0231,-12.07,28.16,0.04312,0.21819,animals/beetle_mpeg7-04/beetle_mpeg7-04_best.png,"[1.152816, -0.925389, -0.208292, 1.568938, -2.666035, 1.191025, 1.91986, -1.069954, 0.872561, -0.849175, 1.015599, 0.351946, 0.318974, -1.327537, 0.812565, 1.623952, 1.879721, 0.369294]",66.05,-53.02,-11.93,89.89,-152.75,68.24,110.0,-61.3,49.99,-48.65,58.19,20.17,18.28,-76.06,46.56,93.05,107.7,21.16
letters_upper/U_dejavusansmono-bold,letters_upper,targets/letters_upper/U_dejavusansmono-bold.png,0.7134,0.6578,0.0398,0.5924,10,6,3,0.2,113.4,0.2016,0.1233,0.7346,-24.14,28.16,0.16627,0.20506,letters_upper/U_dejavusansmono-bold/U_dejavusansmono-bold_best.png,"[-0.61866, 0.147058, 1.50956, -1.657032, 2.699132, 1.58572, 1.634345, 1.01975, -1.69, -0.280798, 2.539822, 0.67821, 1.031827, 0.900968, -1.102583, -1.553929, 0.970523, 0.724944]",-35.45,8.43,86.49,-94.94,154.65,90.86,93.64,58.43,-96.83,-16.09,145.52,38.86,59.12,51.62,-63.17,-89.03,55.61,41.54
letters_upper/Q_dejavusans-bold,letters_upper,targets/letters_upper/Q_dejavusans-bold.png,0.7133,0.6554,0.0341,0.6038,10,4,3,0.2,110.8,0.1694,0.1232,0.7346,-24.14,28.16,0.11084,0.21514,letters_upper/Q_dejavusans-bold/Q_dejavusans-bold_best.png,"[-1.905637, -1.184745, 1.047174, -1.65806, -2.707893, 1.614439, 0.41769, -0.779744, 1.393112, -1.65806, 0.813393, 1.017009, 0.208796, -0.739942, -0.248926, 1.653804, -0.781376, 0.006266]",-109.18,-67.88,60.0,-95.0,-155.15,92.5,23.93,-44.68,79.82,-95.0,46.6,58.27,11.96,-42.4,-14.26,94.76,-44.77,0.36
letters_upper/Y_dejavuserif-bold,letters_upper,targets/letters_upper/Y_dejavuserif-bold.png,0.7128,0.6737,0.0262,0.6243,10,0,3,0.2,109.4,0.2861,0.2424,0.7346,-8.05,24.14,0.1219,0.09508,letters_upper/Y_dejavuserif-bold/Y_dejavuserif-bold_best.png,"[-0.10079, 1.743302, -1.65514, -1.54895, -2.442584, 0.065717, 1.170393, -0.999402, 0.4353, 0.030422, -1.594704, 0.943971, 1.879836, 0.024233, 1.473808, -1.04688, -0.329119, 0.215321]",-5.77,99.88,-94.83,-88.75,-139.95,3.77,67.06,-57.26,24.94,1.74,-91.37,54.09,107.71,1.39,84.44,-59.98,-18.86,12.34
letters_lower/z_dejavuserif-bold,letters_lower,targets/letters_lower/z_dejavuserif-bold.png,0.7108,0.67,0.0253,0.6377,10,1,3,0.2,111.3,0.2471,0.1932,0.7346,-4.02,28.16,0.25221,0.18757,letters_lower/z_dejavuserif-bold/z_dejavuserif-bold_best.png,"[1.91986, 0.322896, -0.862896, 0.414069, -1.688214, -0.171681, -1.105521, -1.74533, -1.69, 0.323027, -2.741699, 0.466892, -0.764434, -0.748142, 1.516722, 0.535232, 1.872494, 1.230964]",110.0,18.5,-49.44,23.72,-96.73,-9.84,-63.34,-100.0,-96.83,18.51,-157.09,26.75,-43.8,-42.87,86.9,30.67,107.29,70.53
letters_lower/p_dejavusans-bold,letters_lower,targets/letters_lower/p_dejavusans-bold.png,0.7095,0.6588,0.0338,0.6262,10,2,3,0.2,114.6,0.1784,0.1596,0.6385,8.05,28.16,0.18073,0.02536,letters_lower/p_dejavusans-bold/p_dejavusans-bold_best.png,"[-0.978428, -0.757153, -1.69, -1.251898, 0.322793, 1.74533, -1.402781, -1.389397, -0.266588, -1.653044, 1.456571, 1.021518, -1.069707, -1.74533, -1.17472, -0.135069, -0.718444, 1.012691]",-56.06,-43.38,-96.83,-71.73,18.49,100.0,-80.37,-79.61,-15.27,-94.71,83.46,58.53,-61.29,-100.0,-67.31,-7.74,-41.16,58.02
letters_upper/R_dejavuserif-bold,letters_upper,targets/letters_upper/R_dejavuserif-bold.png,0.7088,0.6832,0.0244,0.6354,10,7,3,0.2,117.3,0.1798,0.1494,0.9269,-28.16,24.14,0.18401,0.19525,letters_upper/R_dejavuserif-bold/R_dejavuserif-bold_best.png,"[-1.276386, 1.177775, -1.69, -1.387752, -2.74385, 0.630823, 1.830365, -0.708835, -0.281922, 1.635751, -0.226632, -0.106404, 1.840004, -0.460155, 1.409677, -0.199434, -1.668304, 1.510538]",-73.13,67.48,-96.83,-79.51,-157.21,36.14,104.87,-40.61,-16.15,93.72,-12.99,-6.1,105.42,-26.36,80.77,-11.43,-95.59,86.55
objects/glas_mpeg7-04,objects,targets/objects/glas_mpeg7-04.png,0.7088,0.6864,0.0139,0.6663,10,7,3,0.2,113.8,0.1791,0.1495,0.7346,-12.07,24.14,0.12801,0.07433,objects/glas_mpeg7-04/glas_mpeg7-04_best.png,"[-1.91986, -1.675723, 1.463507, 0.74464, -1.460527, 1.457556, -1.886881, -0.64618, -0.106696, 0.969705, -2.270646, 1.521311, 1.033082, -0.302622, -0.173014, 0.408252, -0.072049, 1.413045]",-110.0,-96.01,83.85,42.66,-83.68,83.51,-108.11,-37.02,-6.11,55.56,-130.1,87.16,59.19,-17.34,-9.91,23.39,-4.13,80.96
letters_lower/c_dejavuserif-bold,letters_lower,targets/letters_lower/c_dejavuserif-bold.png,0.707,0.6555,0.0434,0.5537,10,6,3,0.2,116.0,0.1437,0.1206,0.8308,12.07,28.16,0.22771,0.2217,letters_lower/c_dejavuserif-bold/c_dejavuserif-bold_best.png,"[1.841886, -1.738041, 1.484072, -1.28233, 2.223137, -0.174533, -0.414696, -0.537858, -1.69, -1.29229, -1.770877, 0.842781, 1.089793, -1.74533, -1.624819, 0.786923, 1.024318, 0.253467]",105.53,-99.58,85.03,-73.47,127.38,-10.0,-23.76,-30.82,-96.83,-74.04,-101.46,48.29,62.44,-100.0,-93.1,45.09,58.69,14.52
abstract/device5_mpeg7-05,abstract,targets/abstract/device5_mpeg7-05.png,0.7066,0.6716,0.036,0.5999,10,5,3,0.2,110.0,0.4418,0.4037,1.1192,0.0,12.07,0.01105,0.10405,abstract/device5_mpeg7-05/device5_mpeg7-05_best.png,"[1.158839, -1.74533, 0.369727, -0.838348, 2.84121, -0.174533, 1.094516, -1.210914, -1.373096, -0.458761, 1.188957, 0.877602, -1.051024, -0.401732, -0.351079, 1.279556, 0.411926, 0.241705]",66.4,-100.0,21.18,-48.03,162.79,-10.0,62.71,-69.38,-78.67,-26.29,68.12,50.28,-60.22,-23.02,-20.12,73.31,23.6,13.85
digits/8_dejavuserif-bold,digits,targets/digits/8_dejavuserif-bold.png,0.7061,0.6915,0.0129,0.6572,10,0,3,0.2,112.5,0.1998,0.1778,0.7346,-24.14,28.16,0.18695,0.17309,digits/8_dejavuserif-bold/8_dejavuserif-bold_best.png,"[-1.123145, -0.898318, 0.085736, 1.491704, 0.287574, 1.306556, 1.13443, 1.725266, -1.689983, -1.65806, 0.463955, 1.727575, 1.642275, -0.26206, -0.377039, 1.336342, 0.944271, 1.611121]",-64.35,-51.47,4.91,85.47,16.48,74.86,65.0,98.85,-96.83,-95.0,26.58,98.98,94.1,-15.01,-21.6,76.57,54.1,92.31
abstract/bone_mpeg7-03,abstract,targets/abstract/bone_mpeg7-03.png,0.7041,0.6276,0.0656,0.4862,10,7,3,0.2,111.4,0.0559,0.0367,1.1192,20.11,8.05,0.3784,0.4441,abstract/bone_mpeg7-03/bone_mpeg7-03_best.png,"[0.020076, -0.910672, -1.192661, -0.205374, -2.33099, 1.74533, -1.476267, -1.45196, 1.386904, 1.174244, 1.742805, 0.504638, -1.465167, -1.739425, -1.648297, 0.458567, -2.58605, 0.237638]",1.15,-52.18,-68.33,-11.77,-133.56,100.0,-84.58,-83.19,79.46,67.28,99.86,28.91,-83.95,-99.66,-94.44,26.27,-148.17,13.62
abstract/device5_mpeg7-04,abstract,targets/abstract/device5_mpeg7-04.png,0.7033,0.6795,0.0172,0.6519,10,5,3,0.2,111.2,0.42,0.3851,0.9269,0.0,16.09,0.04379,0.10898,abstract/device5_mpeg7-04/device5_mpeg7-04_best.png,"[1.180163, -1.133273, -1.475677, 1.65806, 0.119262, -0.174533, 0.925225, -0.993439, 0.22907, 1.302046, -1.642062, 1.593678, -0.834231, -1.310183, -1.69, 0.42641, 1.583135, 1.74533]",67.62,-64.93,-84.55,95.0,6.83,-10.0,53.01,-56.92,13.12,74.6,-94.08,91.31,-47.8,-75.07,-96.83,24.43,90.71,100.0
animals/horse_mpeg7-01,animals,targets/animals/horse_mpeg7-01.png,0.7017,0.6519,0.0277,0.597,10,9,3,0.2,113.3,0.1443,0.1336,0.9269,0.0,28.16,0.10807,0.26259,animals/horse_mpeg7-01/horse_mpeg7-01_best.png,"[-1.91986, -0.277477, 0.077737, 0.419011, 2.247756, 0.088122, 1.071977, -0.704568, 0.077679, 0.481219, -1.067033, 0.279768, -0.443235, -1.078469, -1.69, -1.65806, -1.486414, 0.350131]",-110.0,-15.9,4.45,24.01,128.79,5.05,61.42,-40.37,4.45,27.57,-61.14,16.03,-25.4,-61.79,-96.83,-95.0,-85.17,20.06
animals/camel_mpeg7-02,animals,targets/animals/camel_mpeg7-02.png,0.7015,0.6686,0.0196,0.6445,10,8,3,0.2,115.5,0.2578,0.2463,0.8308,-12.07,28.16,0.15057,0.22664,animals/camel_mpeg7-02/camel_mpeg7-02_best.png,"[1.624402, -0.830055, -1.6156, -1.097625, -1.487938, 0.035601, 1.91986, 0.746771, -1.211604, -0.241967, -2.061867, 0.76137, 0.585333, -0.448785, 0.537966, 1.327514, -2.675701, 0.415267]",93.07,-47.56,-92.57,-62.89,-85.25,2.04,110.0,42.79,-69.42,-13.86,-118.14,43.62,33.54,-25.71,30.82,76.06,-153.31,23.79
animals/fly_mpeg7-02,animals,targets/animals/fly_mpeg7-02.png,0.7011,0.6698,0.0196,0.6337,10,8,3,0.2,115.7,0.347,0.3335,0.8308,0.0,24.14,0.08841,0.12355,animals/fly_mpeg7-02/fly_mpeg7-02_best.png,"[1.919322, -0.098022, 0.256599, -0.042109, -1.50101, 0.070314, -1.404042, -1.706773, -0.344817, 1.293902, -2.699196, -0.155272, 1.515581, 0.632673, -0.853974, 0.719219, 0.711399, 0.190907]",109.97,-5.62,14.7,-2.41,-86.0,4.03,-80.45,-97.79,-19.76,74.14,-154.65,-8.9,86.84,36.25,-48.93,41.21,40.76,10.94
abstract/device7_mpeg7-03,abstract,targets/abstract/device7_mpeg7-03.png,0.701,0.6813,0.0119,0.6649,10,3,3,0.2,113.2,0.3371,0.3096,1.0231,-16.09,24.14,0.07906,0.24994,abstract/device7_mpeg7-03/device7_mpeg7-03_best.png,"[-1.900138, -0.8092, 0.960709, -1.482173, 1.034334, 1.370973, -1.063172, -0.716872, -0.089389, 1.619753, 2.773704, 1.41093, 0.48114, -1.45791, 1.416889, -0.14757, 2.731927, 1.482556]",-108.87,-46.36,55.04,-84.92,59.26,78.55,-60.92,-41.07,-5.12,92.81,158.92,80.84,27.57,-83.53,81.18,-8.46,156.53,84.94
letters_lower/n_dejavuserif-bold,letters_lower,targets/letters_lower/n_dejavuserif-bold.png,0.7001,0.6802,0.0132,0.6566,10,8,3,0.2,112.1,0.1578,0.1161,0.8308,-28.16,28.16,0.16262,0.16643,letters_lower/n_dejavuserif-bold/n_dejavuserif-bold_best.png,"[0.769246, -0.635095, 0.143319, 1.649695, -0.080589, -0.111142, 0.562834, 1.328707, -1.232082, -0.949242, 0.728002, -0.08881, -1.176737, -1.744042, 0.485875, 0.917414, 1.769559, 0.221163]",44.07,-36.39,8.21,94.52,-4.62,-6.37,32.25,76.13,-70.59,-54.39,41.71,-5.09,-67.42,-99.93,27.84,52.56,101.39,12.67
animals/butterfly_mpeg7-02,animals,targets/animals/butterfly_mpeg7-02.png,0.6998,0.6636,0.0233,0.6302,10,5,3,0.2,113.1,0.1658,0.1565,1.1192,-24.14,12.07,0.07211,0.18623,animals/butterfly_mpeg7-02/butterfly_mpeg7-02_best.png,"[1.017853, -1.423404, 0.565802, -0.47709, 2.821191, -0.174533, -1.019657, -0.439916, 0.955977, -1.524897, 2.180979, 1.743807, 0.706614, 0.416458, -1.057406, -1.65806, 0.804871, 1.697258]",58.32,-81.56,32.42,-27.34,161.64,-10.0,-58.42,-25.21,54.77,-87.37,124.96,99.91,40.49,23.86,-60.58,-95.0,46.12,97.25
digits/9_dejavuserif-bold,digits,targets/digits/9_dejavuserif-bold.png,0.6997,0.6504,0.0293,0.6144,10,1,3,0.2,112.1,0.1712,0.1354,0.7346,-24.14,28.16,0.08364,0.22664,digits/9_dejavuserif-bold/9_dejavuserif-bold_best.png,"[-1.225596, 1.180166, -0.761471, -0.649473, 1.135402, 1.33334, -0.845486, -0.940061, -0.129592, 1.51882, 2.714435, -0.174533, 0.633667, -0.777027, 1.251943, -1.09956, 0.573369, 1.277085]",-70.22,67.62,-43.63,-37.21,65.05,76.39,-48.44,-53.86,-7.43,87.02,155.53,-10.0,36.31,-44.52,71.73,-63.0,32.85,73.17
digits/4_dejavuserif-bold,digits,targets/digits/4_dejavuserif-bold.png,0.6992,0.6626,0.0271,0.6145,10,1,3,0.2,110.9,0.1572,0.1362,0.7346,-16.09,24.14,0.09381,0.14774,digits/4_dejavuserif-bold/4_dejavuserif-bold_best.png,"[1.397972, -1.725871, 0.028534, 1.285193, 2.507686, -0.167921, 1.338425, -1.726329, 0.959862, -1.657559, 1.152048, 1.704901, 0.826724, -1.174436, 1.444764, -0.307095, 1.436672, -0.17333]",80.1,-98.89,1.63,73.64,143.68,-9.62,76.69,-98.91,55.0,-94.97,66.01,97.68,47.37,-67.29,82.78,-17.6,82.32,-9.93
abstract/bone_mpeg7-01,abstract,targets/abstract/bone_mpeg7-01.png,0.6977,0.6509,0.0523,0.5183,10,3,3,0.2,106.4,0.0589,0.0431,1.1192,20.11,8.05,0.39522,0.45921,abstract/bone_mpeg7-01/bone_mpeg7-01_best.png,"[0.004872, -0.890231, -1.217105, -0.126218, -2.289056, 0.783293, 1.739977, 1.267498, -1.526439, 0.472024, 0.405, 0.06559, 1.437517, 1.48934, -1.530684, 0.109145, -1.855581, -0.072449]",0.28,-51.01,-69.73,-7.23,-131.15,44.88,99.69,72.62,-87.46,27.04,23.2,3.76,82.36,85.33,-87.7,6.25,-106.32,-4.15
abstract/device7_mpeg7-04,abstract,targets/abstract/device7_mpeg7-04.png,0.6972,0.6819,0.0132,0.6621,10,5,3,0.2,111.4,0.2893,0.249,0.9269,-16.09,28.16,0.07837,0.2903,abstract/device7_mpeg7-04/device7_mpeg7-04_best.png,"[-1.238357, -0.634705, 0.263702, 1.65806, 1.397736, 0.230928, -1.692363, -1.686526, 1.230739, -0.851946, -1.005799, 0.772577, -1.165604, -1.268229, -1.250655, -1.612737, -0.35184, 0.889795]",-70.95,-36.37,15.11,95.0,80.08,13.23,-96.97,-96.63,70.52,-48.81,-57.63,44.27,-66.78,-72.66,-71.66,-92.4,-20.16,50.98
letters_lower/m_dejavusansmono-bold,letters_lower,targets/letters_lower/m_dejavusansmono-bold.png,0.6966,0.6468,0.03,0.5882,10,3,3,0.2,112.5,0.2897,0.2653,0.8308,-8.05,24.14,0.20327,0.12358,letters_lower/m_dejavusansmono-bold/m_dejavusansmono-bold_best.png,"[-1.91986, 0.029864, -0.703889, 1.65806, -0.697597, 1.487234, -0.980379, -0.680304, 0.496289, 1.65806, -2.699843, 0.846255, -0.634313, -0.742028, -0.43363, 1.65806, -2.632474, 0.522904]",-110.0,1.71,-40.33,95.0,-39.97,85.21,-56.17,-38.98,28.44,95.0,-154.69,48.49,-36.34,-42.52,-24.85,95.0,-150.83,29.96
abstract/bone_mpeg7-05,abstract,targets/abstract/bone_mpeg7-05.png,0.6959,0.6574,0.0358,0.6009,10,3,3,0.2,112.7,0.0707,0.0395,1.1192,20.11,8.05,0.39816,0.43615,abstract/bone_mpeg7-05/bone_mpeg7-05_best.png,"[0.115005, -0.893338, -1.257271, 0.077961, -0.887554, 1.356369, 1.50807, -1.234325, 1.407466, 1.136129, 1.791264, 1.175308, -1.382582, -1.544373, -1.680368, -0.107389, 1.518596, 0.122317]",6.59,-51.18,-72.04,4.47,-50.85,77.71,86.41,-70.72,80.64,65.1,102.63,67.34,-79.22,-88.49,-96.28,-6.15,87.01,7.01
animals/bird_mpeg7-04,animals,targets/animals/bird_mpeg7-04.png,0.6943,0.6591,0.0384,0.5904,10,9,3,0.2,114.5,0.1731,0.1598,1.3115,-4.02,28.16,0.10784,0.23599,animals/bird_mpeg7-04/bird_mpeg7-04_best.png,"[-1.880833, -0.151147, -0.462746, 1.141778, 1.464611, 1.74533, 1.91986, -0.75018, -1.621282, -1.635165, 2.22819, 1.210324, 0.193527, -1.042592, -0.845153, -1.42551, -0.818999, 0.01004]",-107.76,-8.66,-26.51,65.42,83.92,100.0,110.0,-42.98,-92.89,-93.69,127.67,69.35,11.09,-59.74,-48.42,-81.68,-46.93,0.58
letters_upper/M_dejavusans-bold,letters_upper,targets/letters_upper/M_dejavusans-bold.png,0.6941,0.6631,0.0207,0.6309,10,1,3,0.2,110.7,0.1681,0.1477,0.9269,20.11,28.16,0.17082,0.35388,letters_upper/M_dejavusans-bold/M_dejavusans-bold_best.png,"[0.546184, -0.990388, -1.69, -1.65806, -2.328365, 1.597949, 1.790972, -0.191222, -0.384318, 1.404232, 1.192278, 1.74533, 0.832006, -1.560514, -1.064316, 0.29506, -2.74385, -0.085087]",31.29,-56.75,-96.83,-95.0,-133.41,91.56,102.62,-10.96,-22.02,80.46,68.31,100.0,47.67,-89.41,-60.98,16.91,-157.21,-4.88
animals/horse_mpeg7-05,animals,targets/animals/horse_mpeg7-05.png,0.6931,0.6575,0.0244,0.6241,10,2,3,0.2,117.3,0.097,0.0819,0.8308,-20.11,28.16,0.09225,0.23618,animals/horse_mpeg7-05/horse_mpeg7-05_best.png,"[0.911431, -0.940266, 0.763899, -0.530473, 1.485149, 1.238199, -1.19644, -1.74533, -0.348892, -1.611338, 0.27383, 0.597486, 0.940793, -0.235395, 0.143452, 0.965809, 2.703696, 0.637188]",52.22,-53.87,43.77,-30.39,85.09,70.94,-68.55,-100.0,-19.99,-92.32,15.69,34.23,53.9,-13.49,8.22,55.34,154.91,36.51
letters_upper/Z_dejavusansmono-bold,letters_upper,targets/letters_upper/Z_dejavusansmono-bold.png,0.6931,0.654,0.0215,0.6155,10,9,3,0.2,112.7,0.2925,0.2672,0.7346,-4.02,24.14,0.21351,0.14686,letters_upper/Z_dejavusansmono-bold/Z_dejavusansmono-bold_best.png,"[1.117145, -1.317521, -0.472641, 1.65806, -1.601, 1.720372, -1.91986, -1.652337, 1.184332, 0.133133, 0.155013, 0.507724, 0.276239, -1.74533, 0.755939, -1.340261, 0.664884, -0.174533]",64.01,-75.49,-27.08,95.0,-91.73,98.57,-110.0,-94.67,67.86,7.63,8.88,29.09,15.83,-100.0,43.31,-76.79,38.1,-10.0
digits/3_dejavuserif-bold,digits,targets/digits/3_dejavuserif-bold.png,0.6927,0.6627,0.0201,0.6264,10,9,3,0.2,110.8,0.0954,0.0889,0.9269,-24.14,16.09,0.12882,0.06623,digits/3_dejavuserif-bold/3_dejavuserif-bold_best.png,"[0.787172, -0.794878, -0.834008, 1.472362, -1.673149, 0.044516, -0.957176, -1.319988, -0.032543, 1.65806, -2.354604, -0.174533, -1.09961, 1.435242, -1.69, -0.187895, -2.679377, 0.347714]",45.1,-45.54,-47.79,84.36,-95.86,2.55,-54.84,-75.63,-1.86,95.0,-134.91,-10.0,-63.0,82.23,-96.83,-10.77,-153.52,19.92
letters_upper/S_dejavuserif-bold,letters_upper,targets/letters_upper/S_dejavuserif-bold.png,0.6926,0.6399,0.0247,0.6157,10,0,3,0.2,111.0,0.1457,0.0954,0.9269,-28.16,16.09,0.14395,0.14766,letters_upper/S_dejavuserif-bold/S_dejavuserif-bold_best.png,"[-0.800471, -0.857184, 0.48188, -0.257559, 0.747092, 1.571886, -1.164861, 1.343857, -1.69, -0.277747, -1.020348, 0.333197, -0.636641, -1.187452, 0.496104, 0.796487, -1.043159, 0.230186]",-45.86,-49.11,27.61,-14.76,42.81,90.06,-66.74,77.0,-96.83,-15.91,-58.46,19.09,-36.48,-68.04,28.42,45.64,-59.77,13.19
letters_upper/M_dejavusansmono-bold,letters_upper,targets/letters_upper/M_dejavusansmono-bold.png,0.6921,0.6522,0.0289,0.5977,10,7,3,0.2,112.2,0.1465,0.1282,0.7346,-28.16,24.14,0.20118,0.1997,letters_upper/M_dejavusansmono-bold/M_dejavusansmono-bold_best.png,"[-1.299012, -0.688657, 0.565155, -0.179167, -0.179931, 1.699579, 1.627697, -0.810291, -0.14901, 1.65806, 0.032515, 1.446186, 0.334466, -0.339442, 0.767773, 1.062536, -1.005865, 1.484536]",-74.43,-39.46,32.38,-10.27,-10.31,97.38,93.26,-46.43,-8.54,95.0,1.86,82.86,19.16,-19.45,43.99,60.88,-57.63,85.06
letters_upper/X_dejavuserif-bold,letters_upper,targets/letters_upper/X_dejavuserif-bold.png,0.6916,0.657,0.0198,0.6291,10,9,3,0.2,111.8,0.1704,0.12,0.9269,-20.11,16.09,0.20234,0.10271,letters_upper/X_dejavuserif-bold/X_dejavuserif-bold_best.png,"[0.733283, -1.108969, 0.36838, -0.020809, -1.352691, 1.118498, -0.041363, -0.089165, 1.061416, -1.078462, -2.599815, 0.438465, 1.919784, -0.464369, -0.420043, 0.230625, 1.705022, 0.856982]",42.01,-63.54,21.11,-1.19,-77.5,64.09,-2.37,-5.11,60.81,-61.79,-148.96,25.12,110.0,-26.61,-24.07,13.21,97.69,49.1
letters_upper/H_dejavuserif-bold,letters_upper,targets/letters_upper/H_dejavuserif-bold.png,0.6914,0.6293,0.037,0.5857,10,9,3,0.2,112.8,0.141,0.0998,0.8308,-28.16,28.16,0.20132,0.18764,letters_upper/H_dejavuserif-bold/H_dejavuserif-bold_best.png,"[0.681078, -0.602714, 0.569135, 1.65806, -0.288719, 1.323972, -1.327715, -1.455114, -0.036714, -1.610715, -1.249001, 0.260549, 0.293605, -0.561233, 0.672696, -1.321568, -1.06766, 1.633896]",39.02,-34.53,32.61,95.0,-16.54,75.86,-76.07,-83.37,-2.1,-92.29,-71.56,14.93,16.82,-32.16,38.54,-75.72,-61.17,93.62
animals/camel_mpeg7-04,animals,targets/animals/camel_mpeg7-04.png,0.6909,0.6593,0.0158,0.6426,10,2,3,0.2,114.2,0.1822,0.1657,0.8308,-16.09,28.16,0.11931,0.19886,animals/camel_mpeg7-04/camel_mpeg7-04_best.png,"[0.813269, -1.47709, -0.024096, 1.544369, -2.74385, 0.725258, 0.939332, 0.358677, -1.312066, 1.540087, -2.647067, 1.473088, 1.91242, -0.194664, -0.479465, 1.187461, 2.84121, 0.618391]",46.6,-84.63,-1.38,88.49,-157.21,41.55,53.82,20.55,-75.18,88.24,-151.67,84.4,109.57,-11.15,-27.47,68.04,162.79,35.43
hand_shadow/elephant_hasper-01,hand_shadow,targets/hand_shadow/elephant_hasper-01.png,0.6902,0.6632,0.0201,0.6237,10,0,3,0.2,112.5,0.0186,0.0165,0.8308,24.14,28.16,0.08218,0.21878,hand_shadow/elephant_hasper-01/elephant_hasper-01_best.png,"[-1.919721, 0.184308, -0.537111, 0.379428, 1.866794, 1.729457, 1.771196, -0.11635, 0.447174, -0.775765, 1.754992, 0.744156, -1.286921, -1.182978, -1.681727, -0.478393, -1.816035, 0.844565]",-109.99,10.56,-30.77,21.74,106.96,99.09,101.48,-6.67,25.62,-44.45,100.55,42.64,-73.74,-67.78,-96.36,-27.41,-104.05,48.39
animals/dog_mpeg7-04,animals,targets/animals/dog_mpeg7-04.png,0.6892,0.6549,0.0305,0.5854,10,7,3,0.2,117.1,0.1582,0.1476,0.9269,12.07,28.16,0.12648,0.31277,animals/dog_mpeg7-04/dog_mpeg7-04_best.png,"[1.118415, -0.98146, -1.69, -0.833997, 2.84121, 0.744764, -1.16798, -1.319806, -1.640535, -0.393408, -1.371434, 1.441291, -1.322468, -1.041763, 0.117679, 1.075702, -2.049784, 0.624094]",64.08,-56.23,-96.83,-47.78,162.79,42.67,-66.92,-75.62,-94.0,-22.54,-78.58,82.58,-75.77,-59.69,6.74,61.63,-117.44,35.76
letters_upper/N_dejavuserif-bold,letters_upper,targets/letters_upper/N_dejavuserif-bold.png,0.6892,0.6506,0.0253,0.6111,10,2,3,0.2,112.9,0.1092,0.0864,1.0231,-20.11,20.11,0.16528,0.11633,letters_upper/N_dejavuserif-bold/N_dejavuserif-bold_best.png,"[0.755396, -1.191242, 0.54052, 0.045122, -1.551445, 0.063107, -1.115021, 1.405895, -1.680603, -1.461047, 1.114937, -0.033178, -0.012314, -1.66121, 0.101287, 0.027844, 2.342517, 0.96443]",43.28,-68.25,30.97,2.59,-88.89,3.62,-63.89,80.55,-96.29,-83.71,63.88,-1.9,-0.71,-95.18,5.8,1.6,134.22,55.26
animals/bat_mpeg7-02,animals,targets/animals/bat_mpeg7-02.png,0.689,0.6568,0.027,0.5885,10,3,3,0.2,115.0,0.0336,0.0258,1.2154,8.05,28.16,0.01362,0.29423,animals/bat_mpeg7-02/bat_mpeg7-02_best.png,"[1.130372, -0.952555, 0.436687, 0.559626, -1.881189, 0.569188, -0.141284, -1.20175, -1.69, -0.512464, 2.524228, 0.331765, 1.91986, 0.845612, -0.82502, 0.351063, 0.72874, -0.010664]",64.77,-54.58,25.02,32.06,-107.78,32.61,-8.09,-68.86,-96.83,-29.36,144.63,19.01,110.0,48.45,-47.27,20.11,41.75,-0.61
animals/fish_mpeg7-05,animals,targets/animals/fish_mpeg7-05.png,0.688,0.6606,0.0162,0.6352,10,1,3,0.2,115.8,0.0228,0.016,1.1192,-8.05,28.16,0.01199,0.38212,animals/fish_mpeg7-05/fish_mpeg7-05_best.png,"[1.282098, -0.977417, -1.673959, -0.658686, -1.782577, 0.273365, -0.829868, 0.259432, -0.250663, 0.630907, 2.39038, 0.120377, 1.915328, -0.535129, 0.785731, -0.527831, -0.256338, 0.280855]",73.46,-56.0,-95.91,-37.74,-102.13,15.66,-47.55,14.86,-14.36,36.15,136.96,6.9,109.74,-30.66,45.02,-30.24,-14.69,16.09
letters_upper/C_dejavuserif-bold,letters_upper,targets/letters_upper/C_dejavuserif-bold.png,0.6879,0.6334,0.0347,0.5792,10,4,3,0.2,111.2,0.1145,0.095,0.8308,12.07,24.14,0.29167,0.24706,letters_upper/C_dejavuserif-bold/C_dejavuserif-bold_best.png,"[1.072031, -1.51414, -1.551559, -0.735185, 0.92447, 0.12613, 1.22049, -1.683806, 1.23259, -1.644999, 2.778731, -0.170815, -0.115469, -0.380867, -1.685977, -1.191279, 1.333737, 0.934973]",61.42,-86.75,-88.9,-42.12,52.97,7.23,69.93,-96.47,70.62,-94.25,159.21,-9.79,-6.62,-21.82,-96.6,-68.26,76.42,53.57
abstract/device7_mpeg7-02,abstract,targets/abstract/device7_mpeg7-02.png,0.686,0.6698,0.0167,0.6296,10,1,3,0.2,115.2,0.3575,0.313,1.0231,-16.09,24.14,0.08089,0.24833,abstract/device7_mpeg7-02/device7_mpeg7-02_best.png,"[1.241572, -0.859044, -1.304616, -1.611131, 0.047563, 0.4115, -1.317877, 0.184618, -0.651464, 1.657993, 1.555923, 0.161493, 0.890865, -1.469556, 0.595196, 0.100657, -0.320586, -0.158489]",71.14,-49.22,-74.75,-92.31,2.73,23.58,-75.51,10.58,-37.33,95.0,89.15,9.25,51.04,-84.2,34.1,5.77,-18.37,-9.08
letters_upper/S_dejavusans-bold,letters_upper,targets/letters_upper/S_dejavusans-bold.png,0.6858,0.6702,0.0168,0.6355,10,8,3,0.2,114.4,0.2265,0.1911,0.9269,-24.14,16.09,0.1234,0.13654,letters_upper/S_dejavusans-bold/S_dejavusans-bold_best.png,"[0.52295, -0.808569, -0.742952, 1.49972, -1.017001, -0.075512, -0.889228, 1.109747, -1.685841, -0.945721, 1.027821, 1.413491, 0.454675, -0.872984, 0.72115, -0.663114, -2.720881, 1.740744]",29.96,-46.33,-42.57,85.93,-58.27,-4.33,-50.95,63.58,-96.59,-54.19,58.89,80.99,26.05,-50.02,41.32,-37.99,-155.89,99.74
letters_lower/m_dejavusans-bold,letters_lower,targets/letters_lower/m_dejavusans-bold.png,0.6856,0.6369,0.0196,0.6144,10,5,3,0.2,111.0,0.2061,0.1943,1.3115,-4.02,28.16,0.10953,0.26338,letters_lower/m_dejavusans-bold/m_dejavusans-bold_best.png,"[-0.797148, -1.086358, 0.162068, 1.255436, -2.74385, 1.152824, 0.751809, -1.74533, -1.259564, 1.626404, -1.648478, 0.334584, 0.821475, -0.976428, -1.208515, -1.23086, 2.601091, 0.235063]",-45.67,-62.24,9.29,71.93,-157.21,66.05,43.08,-100.0,-72.17,93.19,-94.45,19.17,47.07,-55.95,-69.24,-70.52,149.03,13.47
digits/0_dejavuserif-bold,digits,targets/digits/0_dejavuserif-bold.png,0.6853,0.6706,0.0076,0.6559,10,6,3,0.2,116.1,0.1992,0.1672,0.7346,-24.14,28.16,0.15098,0.17527,digits/0_dejavuserif-bold/0_dejavuserif-bold_best.png,"[0.883227, -0.753254, 0.000701, 1.655641, -1.219531, 0.227721, 0.429838, -0.672513, 0.901159, 1.658022, 1.854794, 0.027446, -1.439001, -1.598462, -0.339432, 1.657981, 2.635823, 1.738187]",50.61,-43.16,0.04,94.86,-69.87,13.05,24.63,-38.53,51.63,95.0,106.27,1.57,-82.45,-91.59,-19.45,95.0,151.02,99.59
letters_lower/h_dejavusansmono-bold,letters_lower,targets/letters_lower/h_dejavusansmono-bold.png,0.6847,0.6576,0.0268,0.6069,10,7,3,0.2,114.7,0.1586,0.1483,0.8308,-24.14,20.11,0.14421,0.11348,letters_lower/h_dejavusansmono-bold/h_dejavusansmono-bold_best.png,"[-1.385879, -1.371912, 0.330254, 1.388348, -0.318922, 0.914866, -0.907191, -0.647131, 0.561806, 1.644758, 0.818737, 0.435376, 1.027101, 0.876844, -1.413025, -1.077203, -2.103672, 0.35092]",-79.41,-78.6,18.92,79.55,-18.27,52.42,-51.98,-37.08,32.19,94.24,46.91,24.95,58.85,50.24,-80.96,-61.72,-120.53,20.11
animals/beetle_mpeg7-03,animals,targets/animals/beetle_mpeg7-03.png,0.6843,0.6728,0.01,0.6514,10,2,3,0.2,115.4,0.2835,0.257,0.8308,-8.05,28.16,0.08671,0.20878,animals/beetle_mpeg7-03/beetle_mpeg7-03_best.png,"[0.84392, -1.529983, 0.064733, 1.500784, -2.043909, -0.147072, 0.966452, -0.812618, 0.593129, 1.65806, -1.924173, 0.396798, -1.916104, -1.146242, -0.466985, 1.65806, 1.882784, 1.522911]",48.35,-87.66,3.71,85.99,-117.11,-8.43,55.37,-46.56,33.98,95.0,-110.25,22.73,-109.78,-65.67,-26.76,95.0,107.88,87.26
letters_lower/g_dejavuserif-bold,letters_lower,targets/letters_lower/g_dejavuserif-bold.png,0.6833,0.6411,0.022,0.6092,10,4,3,0.2,113.9,0.1752,0.1485,0.7346,-24.14,28.16,0.12217,0.21886,letters_lower/g_dejavuserif-bold/g_dejavuserif-bold_best.png,"[1.766306, -1.74533, 1.305945, -0.176688, 0.093148, 0.775039, 0.603077, -0.676328, 1.12239, -1.65806, 0.4023, 0.863046, -1.337009, -1.337863, -0.126592, 1.44477, 1.46845, 1.63673]",101.2,-100.0,74.83,-10.12,5.34,44.41,34.55,-38.75,64.31,-95.0,23.05,49.45,-76.6,-76.65,-7.25,82.78,84.14,93.78
letters_lower/k_dejavuserif-bold,letters_lower,targets/letters_lower/k_dejavuserif-bold.png,0.6819,0.6562,0.0107,0.6379,10,8,3,0.2,112.9,0.2648,0.2243,0.7346,8.05,24.14,0.20477,0.10524,letters_lower/k_dejavuserif-bold/k_dejavuserif-bold_best.png,"[1.91986, 0.60674, -0.548284, -0.542136, -1.996277, -0.174533, -1.055818, -1.565277, -1.544421, -0.727141, -1.534428, 0.860136, -1.474354, -0.921578, -0.903792, -1.65806, -0.09287, 1.435126]",110.0,34.76,-31.41,-31.06,-114.38,-10.0,-60.49,-89.68,-88.49,-41.66,-87.92,49.28,-84.47,-52.8,-51.78,-95.0,-5.32,82.23
letters_upper/Z_dejavuserif-bold,letters_upper,targets/letters_upper/Z_dejavuserif-bold.png,0.6817,0.621,0.037,0.5682,10,5,3,0.2,111.2,0.2679,0.1991,0.7346,0.0,24.14,0.28001,0.19243,letters_upper/Z_dejavuserif-bold/Z_dejavuserif-bold_best.png,"[-1.133715, -0.964762, -1.620626, -0.040753, 0.799112, -0.002129, 1.083897, -1.706147, -1.276282, -1.005645, 1.998526, 0.304962, -1.195563, -1.307123, 1.455347, 0.652991, -0.880931, 0.036967]",-64.96,-55.28,-92.86,-2.33,45.79,-0.12,62.1,-97.76,-73.13,-57.62,114.51,17.47,-68.5,-74.89,83.39,37.41,-50.47,2.12
letters_lower/w_dejavuserif-bold,letters_lower,targets/letters_lower/w_dejavuserif-bold.png,0.6815,0.6291,0.0367,0.5753,10,4,3,0.2,113.4,0.1998,0.1399,1.0231,-20.11,28.16,0.10823,0.20187,letters_lower/w_dejavuserif-bold/w_dejavuserif-bold_best.png,"[0.874051, 0.733159, -1.69, 1.152416, 2.829075, 0.88322, 1.245177, -1.142136, 0.307714, 1.65806, -1.934898, 0.953751, -0.980618, -1.74533, -0.493186, -0.211256, 1.44216, -0.117633]",50.08,42.01,-96.83,66.03,162.09,50.6,71.34,-65.44,17.63,95.0,-110.86,54.65,-56.19,-100.0,-28.26,-12.1,82.63,-6.74
letters_upper/K_dejavuserif-bold,letters_upper,targets/letters_upper/K_dejavuserif-bold.png,0.6813,0.6411,0.017,0.6192,10,9,3,0.2,112.7,0.2041,0.1675,0.8308,12.07,28.16,0.21177,0.17462,letters_upper/K_dejavuserif-bold/K_dejavuserif-bold_best.png,"[1.91986, 0.360883, -0.289311, -0.481506, -0.58388, 0.739018, -1.466911, -1.283937, -0.573557, -1.289146, -1.740832, 1.053234, -0.92714, -1.471255, -1.69, -0.798895, 1.525475, 1.039601]",110.0,20.68,-16.58,-27.59,-33.45,42.34,-84.05,-73.56,-32.86,-73.86,-99.74,60.35,-53.12,-84.3,-96.83,-45.77,87.4,59.56
objects/watch_mpeg7-03,objects,targets/objects/watch_mpeg7-03.png,0.6797,0.6466,0.0212,0.6132,10,3,3,0.2,112.9,0.005,0.0013,1.2154,4.02,28.16,0.02666,0.47226,objects/watch_mpeg7-03/watch_mpeg7-03_best.png,"[-1.79085, -0.440406, 0.253907, 0.45793, 1.511731, 1.743534, 0.843216, -1.050086, 0.948521, 0.255669, 1.401423, 0.931297, -0.405283, -1.361039, -1.627908, -0.156809, -2.060503, 1.59347]",-102.61,-25.23,14.55,26.24,86.62,99.9,48.31,-60.17,54.35,14.65,80.3,53.36,-23.22,-77.98,-93.27,-8.98,-118.06,91.3
abstract/device0_mpeg7-04,abstract,targets/abstract/device0_mpeg7-04.png,0.6777,0.648,0.0213,0.6157,10,6,3,0.2,114.5,0.2735,0.2265,0.8308,-12.07,24.14,0.07407,0.16354,abstract/device0_mpeg7-04/device0_mpeg7-04_best.png,"[-1.446538, -1.475686, 0.91978, -0.063544, 1.428225, 0.992423, 1.91986, 0.313723, -0.21159, 0.087895, 1.950427, -0.036947, 1.109893, 0.921363, -0.629865, -0.438393, -1.059693, 1.220677]",-82.88,-84.55,52.7,-3.64,81.83,56.86,110.0,17.98,-12.12,5.04,111.75,-2.12,63.59,52.79,-36.09,-25.12,-60.72,69.94
letters_upper/G_dejavuserif-bold,letters_upper,targets/letters_upper/G_dejavuserif-bold.png,0.6769,0.6111,0.0334,0.5712,10,9,3,0.2,114.2,0.1416,0.1052,0.9269,16.09,24.14,0.2386,0.39887,letters_upper/G_dejavuserif-bold/G_dejavuserif-bold_best.png,"[1.497931, -1.707565, 0.276736, 1.367557, -2.742296, 1.474945, -0.232287, -0.381705, -1.69, -1.208965, 1.242134, 0.981752, 0.832544, -1.74533, -1.69, 1.266219, 0.281138, -0.174533]",85.83,-97.84,15.86,78.36,-157.12,84.51,-13.31,-21.87,-96.83,-69.27,71.17,56.25,47.7,-100.0,-96.83,72.55,16.11,-10.0
letters_upper/F_dejavuserif-bold,letters_upper,targets/letters_upper/F_dejavuserif-bold.png,0.6764,0.6296,0.0251,0.5938,10,3,3,0.2,114.4,0.2796,0.2462,0.7346,4.02,24.14,0.22029,0.07764,letters_upper/F_dejavuserif-bold/F_dejavuserif-bold_best.png,"[-1.873882, 1.177657, -0.60238, -0.606452, 1.536735, 1.397503, 1.352416, -1.247151, -0.189304, -1.65806, -1.665328, 1.484902, -1.506479, -1.74533, -0.801049, -0.285957, 1.238492, 1.206111]",-107.37,67.47,-34.51,-34.75,88.05,80.07,77.49,-71.46,-10.85,-95.0,-95.42,85.08,-86.31,-100.0,-45.9,-16.38,70.96,69.11
animals/lmfish_mpeg7-04,animals,targets/animals/lmfish_mpeg7-04.png,0.6751,0.6165,0.0257,0.5698,10,9,3,0.2,111.1,0.0,0.0,1.3115,-4.02,28.16,0.04972,0.33487,animals/lmfish_mpeg7-04/lmfish_mpeg7-04_best.png,"[1.91986, -0.223847, 0.113905, 0.529843, -1.212222, 0.915308, 0.899359, 0.000483, 0.628867, -0.698851, -1.362846, 1.555972, -0.553976, -1.079733, -1.69, -0.423439, 0.692913, -0.174533]",110.0,-12.83,6.53,30.36,-69.46,52.44,51.53,0.03,36.03,-40.04,-78.09,89.15,-31.74,-61.86,-96.83,-24.26,39.7,-10.0
letters_upper/G_dejavusansmono-bold,letters_upper,targets/letters_upper/G_dejavusansmono-bold.png,0.6735,0.6501,0.0109,0.6377,10,1,3,0.2,113.3,0.2181,0.1962,0.8308,-28.16,24.14,0.1149,0.24073,letters_upper/G_dejavusansmono-bold/G_dejavusansmono-bold_best.png,"[0.908297, -0.604756, -0.269772, 1.656337, -2.74352, -0.173986, 0.257304, 0.674896, 1.396397, -1.634162, 1.440895, 1.221772, 1.919554, -1.179631, -0.766447, 1.655713, 1.273407, -0.116893]",52.04,-34.65,-15.46,94.9,-157.19,-9.97,14.74,38.67,80.01,-93.63,82.56,70.0,109.98,-67.59,-43.91,94.87,72.96,-6.7
letters_lower/e_dejavuserif-bold,letters_lower,targets/letters_lower/e_dejavuserif-bold.png,0.6731,0.6387,0.0242,0.5915,10,8,3,0.2,113.3,0.2261,0.1933,0.8308,12.07,28.16,0.14492,0.23167,letters_lower/e_dejavuserif-bold/e_dejavuserif-bold_best.png,"[0.505625, -1.728661, -0.66433, 1.647343, 1.028726, 0.780456, -1.861845, -0.841349, 0.206269, 1.65806, 0.990409, 1.175481, -1.485386, -1.709643, -1.36663, -0.86681, 1.202682, 1.020782]",28.97,-99.04,-38.06,94.39,58.94,44.72,-106.68,-48.21,11.82,95.0,56.75,67.35,-85.11,-97.96,-78.3,-49.66,68.91,58.49
digits/2_dejavuserif-bold,digits,targets/digits/2_dejavuserif-bold.png,0.6723,0.6354,0.0275,0.5884,10,6,3,0.2,112.3,0.2162,0.1917,0.7346,-20.11,24.14,0.18267,0.18907,digits/2_dejavuserif-bold/2_dejavuserif-bold_best.png,"[-1.463983, -1.216905, -1.321808, -0.156684, -2.390247, 0.841065, -1.055501, -1.586333, 1.265983, 0.783207, 1.190365, 0.62269, 0.033355, -0.678379, -0.573674, 1.65806, -1.173419, -0.174533]",-83.88,-69.72,-75.73,-8.98,-136.95,48.19,-60.48,-90.89,72.54,44.87,68.2,35.68,1.91,-38.87,-32.87,95.0,-67.23,-10.0
letters_lower/j_dejavusansmono-bold,letters_lower,targets/letters_lower/j_dejavusansmono-bold.png,0.6696,0.6358,0.0201,0.5999,10,7,3,0.2,114.6,0.1985,0.1699,1.0231,-12.07,12.07,0.04762,0.11617,letters_lower/j_dejavusansmono-bold/j_dejavusansmono-bold_best.png,"[1.811327, -1.429569, 1.5414, -1.65806, -0.144968, 0.17265, 1.647226, -0.090256, -1.304346, 0.880498, 2.84121, 1.742425, 1.276862, -0.742012, 0.120055, 0.364399, -2.55111, 1.643627]",103.78,-81.91,88.32,-95.0,-8.31,9.89,94.38,-5.17,-74.73,50.45,162.79,99.83,73.16,-42.51,6.88,20.88,-146.17,94.17
letters_upper/P_dejavusansmono-bold,letters_upper,targets/letters_upper/P_dejavusansmono-bold.png,0.6689,0.6208,0.0365,0.5532,10,9,3,0.2,115.8,0.2105,0.1768,0.6385,4.02,28.16,0.16625,0.0056,letters_upper/P_dejavusansmono-bold/P_dejavusansmono-bold_best.png,"[1.893359, 0.343809, -0.234949, -0.444099, -2.212902, -0.10078, -1.470741, -1.74533, 0.187276, -1.340625, 0.483627, -0.036758, -1.015065, -0.740262, -1.644034, -1.239138, -0.596095, 0.923096]",108.48,19.7,-13.46,-25.44,-126.79,-5.77,-84.27,-100.0,10.73,-76.81,27.71,-2.11,-58.16,-42.41,-94.2,-71.0,-34.15,52.89
letters_lower/y_dejavuserif-bold,letters_lower,targets/letters_lower/y_dejavuserif-bold.png,0.6683,0.6218,0.0185,0.6006,10,8,3,0.2,113.7,0.3581,0.3153,0.9269,-8.05,16.09,0.13558,0.07995,letters_lower/y_dejavuserif-bold/y_dejavuserif-bold_best.png,"[1.91986, -1.44932, 0.865429, -1.596032, 2.257371, 0.821405, 1.075286, -0.621777, -0.356422, 0.487075, -1.431193, 1.156898, -0.047222, -0.892067, -1.000975, -0.019562, 1.301816, 1.74533]",110.0,-83.04,49.59,-91.45,129.34,47.06,61.61,-35.63,-20.42,27.91,-82.0,66.29,-2.71,-51.11,-57.35,-1.12,74.59,100.0
vehicles/carriage_mpeg7-03,vehicles,targets/vehicles/carriage_mpeg7-03.png,0.6672,0.6212,0.0359,0.5605,10,1,3,0.2,113.9,0.0628,0.0315,1.1192,-12.07,28.16,0.06319,0.43821,vehicles/carriage_mpeg7-03/carriage_mpeg7-03_best.png,"[1.213085, -0.980437, -1.69, -0.709836, -2.684623, -0.165718, 0.607888, 0.425813, -0.780798, 1.125797, 2.467985, 1.744029, -1.827376, -1.322565, 1.405142, -0.949104, 1.369123, 1.641376]",69.5,-56.17,-96.83,-40.67,-153.82,-9.49,34.83,24.4,-44.74,64.5,141.41,99.93,-104.7,-75.78,80.51,-54.38,78.44,94.04
animals/lizzard_mpeg7-05,animals,targets/animals/lizzard_mpeg7-05.png,0.6668,0.6393,0.0181,0.6151,10,7,3,0.2,113.9,0.0371,0.0332,0.7346,-28.16,28.16,0.06357,0.27801,animals/lizzard_mpeg7-05/lizzard_mpeg7-05_best.png,"[-0.672087, -0.719192, 0.122114, 0.846334, 2.213497, 1.51489, -1.310598, -1.272759, 1.077508, -0.174818, 0.871596, 0.343414, 1.738348, -0.149535, 0.78893, -1.027371, 1.604197, 0.751452]",-38.51,-41.21,7.0,48.49,126.82,86.8,-75.09,-72.92,61.74,-10.02,49.94,19.68,99.6,-8.57,45.2,-58.86,91.91,43.06
objects/pencil_mpeg7-03,objects,targets/objects/pencil_mpeg7-03.png,0.6663,0.6282,0.0183,0.6056,10,9,3,0.2,112.3,0.0,0.0,1.2154,-8.05,28.16,0.00977,0.44653,objects/pencil_mpeg7-03/pencil_mpeg7-03_best.png,"[-0.015504, -0.635123, 0.730038, -0.097387, -0.312444, 1.050776, 0.058614, -0.442135, 0.480365, 0.718948, -1.713629, 0.23111, -0.932214, -1.155685, -1.685906, -0.838511, 1.953666, 1.300859]",-0.89,-36.39,41.83,-5.58,-17.9,60.21,3.36,-25.33,27.52,41.19,-98.18,13.24,-53.41,-66.22,-96.6,-48.04,111.94,74.53
vehicles/carriage_mpeg7-05,vehicles,targets/vehicles/carriage_mpeg7-05.png,0.6662,0.6038,0.0341,0.552,10,3,3,0.2,112.8,0.0529,0.0236,1.1192,-12.07,28.16,0.06441,0.39554,vehicles/carriage_mpeg7-05/carriage_mpeg7-05_best.png,"[-1.879498, 0.065236, -0.129462, 0.074479, -0.631621, 0.562129, -0.531048, -0.702073, 0.656009, 0.904486, 1.211068, 1.244866, -0.442448, 0.457581, -0.968306, 0.340124, -0.316219, 0.401427]",-107.69,3.74,-7.42,4.27,-36.19,32.21,-30.43,-40.23,37.59,51.82,69.39,71.33,-25.35,26.22,-55.48,19.49,-18.12,23.0
animals/bat_mpeg7-03,animals,targets/animals/bat_mpeg7-03.png,0.6654,0.6267,0.0289,0.5719,10,6,3,0.2,113.7,0.2696,0.2227,1.0231,4.02,24.14,0.06133,0.22135,animals/bat_mpeg7-03/bat_mpeg7-03_best.png,"[1.414232, -0.934514, -0.154457, 1.00216, -2.127597, -0.159297, -1.822532, -0.643901, -1.442985, -0.84744, 0.705537, 1.638134, 1.078718, -1.408459, -1.69, -0.527036, 2.47279, 0.537557]",81.03,-53.54,-8.85,57.42,-121.9,-9.13,-104.42,-36.89,-82.68,-48.55,40.42,93.86,61.81,-80.7,-96.83,-30.2,141.68,30.8
animals/butterfly_mpeg7-01,animals,targets/animals/butterfly_mpeg7-01.png,0.6616,0.6435,0.0136,0.6171,10,5,3,0.2,113.1,0.2332,0.2081,0.8308,0.0,28.16,0.13923,0.24936,animals/butterfly_mpeg7-01/butterfly_mpeg7-01_best.png,"[1.120064, -1.44062, 0.633568, 0.358693, -2.131577, 0.959175, 1.91986, 0.544138, -0.404688, 0.740432, -1.507107, 1.579752, -1.195019, -0.208127, -0.126447, 1.637862, 0.870309, 0.684575]",64.17,-82.54,36.3,20.55,-122.13,54.96,110.0,31.18,-23.19,42.42,-86.35,90.51,-68.47,-11.92,-7.24,93.84,49.87,39.22
digits/6_dejavuserif-bold,digits,targets/digits/6_dejavuserif-bold.png,0.6597,0.6367,0.0171,0.5998,10,6,3,0.2,115.0,0.2184,0.1683,0.7346,-24.14,28.16,0.17179,0.23311,digits/6_dejavuserif-bold/6_dejavuserif-bold_best.png,"[-0.262847, 0.236016, 1.50798, -1.331546, 1.767393, 1.611715, -0.966194, -1.149066, 0.850581, 0.137694, 0.548812, 1.740326, 1.252983, -0.90301, 0.820589, 0.337664, 1.50986, -0.051391]",-15.06,13.52,86.4,-76.29,101.26,92.34,-55.36,-65.84,48.73,7.89,31.44,99.71,71.79,-51.74,47.02,19.35,86.51,-2.94
letters_upper/O_dejavuserif-bold,letters_upper,targets/letters_upper/O_dejavuserif-bold.png,0.6589,0.6091,0.0251,0.5579,10,1,3,0.2,113.1,0.1491,0.1187,0.7346,-28.16,28.16,0.17997,0.19636,letters_upper/O_dejavuserif-bold/O_dejavuserif-bold_best.png,"[1.297465, -1.741665, 0.078895, 1.414804, 1.100591, 0.021273, 0.035493, -0.736816, -0.031291, 1.656117, 2.072932, 0.470847, 0.958994, 1.669976, -1.686144, -1.051622, -1.142166, 0.181293]",74.34,-99.79,4.52,81.06,63.06,1.22,2.03,-42.22,-1.79,94.89,118.77,26.98,54.95,95.68,-96.61,-60.25,-65.44,10.39
letters_lower/m_dejavuserif-bold,letters_lower,targets/letters_lower/m_dejavuserif-bold.png,0.6581,0.6258,0.0246,0.5727,10,3,3,0.2,116.3,0.2063,0.1755,1.2154,-8.05,28.16,0.1332,0.25605,letters_lower/m_dejavuserif-bold/m_dejavuserif-bold_best.png,"[-1.91986, 0.37325, -0.95322, 1.127148, -0.21921, 1.232211, -0.718412, -0.469643, 0.439459, 1.651837, -2.479693, 1.745298, -0.529782, -0.999278, 0.169281, 1.14559, -1.031081, 0.947011]",-110.0,21.39,-54.62,64.58,-12.56,70.6,-41.16,-26.91,25.18,94.64,-142.08,100.0,-30.35,-57.25,9.7,65.64,-59.08,54.26
animals/dog_mpeg7-02,animals,targets/animals/dog_mpeg7-02.png,0.6568,0.6225,0.0262,0.583,10,7,3,0.2,112.5,0.158,0.1276,1.0231,8.05,28.16,0.11729,0.31196,animals/dog_mpeg7-02/dog_mpeg7-02_best.png,"[0.89928, -0.913076, -1.69, -1.407787, 2.719226, 0.82378, 1.062329, -0.85695, 0.252013, 0.67659, -0.888224, 1.027813, -1.140899, -1.74533, 0.337797, 1.630658, 2.141648, 1.342412]",51.52,-52.32,-96.83,-80.66,155.8,47.2,60.87,-49.1,14.44,38.77,-50.89,58.89,-65.37,-100.0,19.35,93.43,122.71,76.91
objects/pencil_mpeg7-01,objects,targets/objects/pencil_mpeg7-01.png,0.6565,0.6058,0.0381,0.541,10,6,3,0.2,113.4,0.0,0.0,1.2154,8.05,28.16,0.02208,0.5115,objects/pencil_mpeg7-01/pencil_mpeg7-01_best.png,"[1.056303, -1.025415, -1.69, -0.46659, 1.693698, 0.609131, -1.209295, -1.008328, 0.762058, 0.427577, -1.415121, 1.700743, 1.919848, -0.603482, 0.726727, 0.194302, -1.242052, 0.467687]",60.52,-58.75,-96.83,-26.73,97.04,34.9,-69.29,-57.77,43.66,24.5,-81.08,97.45,110.0,-34.58,41.64,11.13,-71.16,26.8
vehicles/carriage_mpeg7-01,vehicles,targets/vehicles/carriage_mpeg7-01.png,0.652,0.6083,0.0298,0.5628,10,1,3,0.2,116.5,0.0681,0.0404,1.1192,-12.07,28.16,0.07419,0.43594,vehicles/carriage_mpeg7-01/carriage_mpeg7-01_best.png,"[1.194999, -0.94448, -1.671889, -0.857394, -2.733113, -0.169987, -0.954143, 0.326911, -0.398056, -0.108682, 2.602367, 1.011508, 0.460444, -0.481479, 0.612063, -0.438671, 1.40101, 0.930631]",68.47,-54.11,-95.79,-49.13,-156.6,-9.74,-54.67,18.73,-22.81,-6.23,149.1,57.96,26.38,-27.59,35.07,-25.13,80.27,53.32
animals/beetle_mpeg7-05,animals,targets/animals/beetle_mpeg7-05.png,0.6511,0.6313,0.014,0.6075,10,8,3,0.2,113.7,0.3315,0.2978,1.0231,-12.07,20.11,0.10115,0.19215,animals/beetle_mpeg7-05/beetle_mpeg7-05_best.png,"[0.777582, -1.74533, 0.345603, 0.872902, -0.913428, 0.242304, -0.947479, -0.175612, -1.69, -1.571737, -1.09206, 0.041001, -0.747864, -0.899093, 0.616527, 1.650803, -2.319231, 0.835831]",44.55,-100.0,19.8,50.01,-52.34,13.88,-54.29,-10.06,-96.83,-90.05,-62.57,2.35,-42.85,-51.51,35.32,94.58,-132.88,47.89
animals/horse_mpeg7-04,animals,targets/animals/horse_mpeg7-04.png,0.6504,0.613,0.0355,0.5454,10,4,3,0.2,115.9,0.0295,0.0209,1.0231,-16.09,28.16,0.00881,0.18441,animals/horse_mpeg7-04/horse_mpeg7-04_best.png,"[1.061332, -1.74533, 0.666013, 0.805851, 1.095195, 1.253314, -1.147218, -1.456301, -1.139855, -0.814716, 0.913715, 0.654787, 1.074142, 0.640386, -1.488426, 1.523462, -2.494037, 1.426509]",60.81,-100.0,38.16,46.17,62.75,71.81,-65.73,-83.44,-65.31,-46.68,52.35,37.52,61.54,36.69,-85.28,87.29,-142.9,81.73
vehicles/carriage_mpeg7-02,vehicles,targets/vehicles/carriage_mpeg7-02.png,0.65,0.6002,0.0453,0.4787,10,9,3,0.2,113.4,0.0835,0.0563,1.2154,-8.05,28.16,0.07285,0.47259,vehicles/carriage_mpeg7-02/carriage_mpeg7-02_best.png,"[-1.806405, -0.450484, 0.584281, -0.550423, 2.315006, 1.717754, 0.51887, 0.332182, -0.675606, -0.023886, -2.048099, -0.136577, -0.349669, -1.110842, -1.565353, -1.638095, -1.085696, -0.173585]",-103.5,-25.81,33.48,-31.54,132.64,98.42,29.73,19.03,-38.71,-1.37,-117.35,-7.83,-20.03,-63.65,-89.69,-93.86,-62.21,-9.95
abstract/stef_mpeg7-01,abstract,targets/abstract/stef_mpeg7-01.png,0.6493,0.6246,0.0181,0.6017,10,8,3,0.2,114.6,0.1963,0.1796,0.9269,-4.02,24.14,0.08639,0.12042,abstract/stef_mpeg7-01/stef_mpeg7-01_best.png,"[1.027315, -1.300842, -0.322163, 1.657351, 1.051589, 0.872255, 1.91986, -0.511527, 0.663736, -0.515394, 2.259623, 0.330981, -0.948655, -1.73788, -1.565636, -0.29967, 0.742126, -0.097648]",58.86,-74.53,-18.46,94.96,60.25,49.98,110.0,-29.31,38.03,-29.53,129.47,18.96,-54.35,-99.57,-89.7,-17.17,42.52,-5.59
objects/watch_mpeg7-04,objects,targets/objects/watch_mpeg7-04.png,0.6454,0.6121,0.0156,0.5871,10,1,3,0.2,114.9,0.01,0.001,1.2154,0.0,28.16,0.03219,0.50241,objects/watch_mpeg7-04/watch_mpeg7-04_best.png,"[-1.410374, -1.036372, -1.69, -0.965809, -1.661712, 1.130581, 0.772721, -1.135477, -1.69, -0.426207, -1.333887, 1.513861, 0.723941, -0.537245, 0.899354, -0.430745, -1.278961, 1.600946]",-80.81,-59.38,-96.83,-55.34,-95.21,64.78,44.27,-65.06,-96.83,-24.42,-76.43,86.74,41.48,-30.78,51.53,-24.68,-73.28,91.73
letters_upper/E_dejavusansmono-bold,letters_upper,targets/letters_upper/E_dejavusansmono-bold.png,0.6446,0.6002,0.0323,0.5493,10,2,3,0.2,112.9,0.248,0.2208,0.6385,4.02,28.16,0.17837,0.00959,letters_upper/E_dejavusansmono-bold/E_dejavusansmono-bold_best.png,"[1.91986, 0.117628, -0.054642, -1.155034, 1.422809, 1.624593, -1.202814, -1.74533, -1.529097, -0.144502, -2.66264, -0.018182, 1.601043, -1.052817, 0.746842, -0.141773, 1.662235, -0.126693]",110.0,6.74,-3.13,-66.18,81.52,93.08,-68.92,-100.0,-87.61,-8.28,-152.56,-1.04,91.73,-60.32,42.79,-8.12,95.24,-7.26
animals/cattle_mpeg7-02,animals,targets/animals/cattle_mpeg7-02.png,0.6436,0.618,0.0172,0.5786,10,1,3,0.2,115.3,0.1673,0.124,1.2154,4.02,28.16,0.10314,0.38606,animals/cattle_mpeg7-02/cattle_mpeg7-02_best.png,"[0.910308, -0.808776, -1.658521, -1.499783, 1.312159, 1.557497, -1.37825, -0.133204, 0.212901, -0.745015, 1.576122, 0.934702, -0.230203, -1.141384, -1.46802, -0.764112, 0.543255, 0.433298]",52.16,-46.34,-95.03,-85.93,75.18,89.24,-78.97,-7.63,12.2,-42.69,90.31,53.55,-13.19,-65.4,-84.11,-43.78,31.13,24.83
abstract/device1_mpeg7-01,abstract,targets/abstract/device1_mpeg7-01.png,0.6434,0.6017,0.0272,0.5676,10,4,3,0.2,115.9,0.1848,0.1604,0.9269,-20.11,28.16,0.06241,0.32156,abstract/device1_mpeg7-01/device1_mpeg7-01_best.png,"[-1.284574, -0.723538, 1.220036, -1.65806, -2.74385, -0.174533, -1.401534, -1.74533, 0.617814, -1.542162, -0.36189, 0.284021, 1.847177, 0.711539, -0.570693, -0.264757, -1.787866, 0.329506]",-73.6,-41.46,69.9,-95.0,-157.21,-10.0,-80.3,-100.0,35.4,-88.36,-20.73,16.27,105.84,40.77,-32.7,-15.17,-102.44,18.88
objects/horseshoe_mpeg7-04,objects,targets/objects/horseshoe_mpeg7-04.png,0.6418,0.5698,0.0376,0.5003,10,1,3,0.2,117.7,0.1545,0.1014,0.6385,-28.16,28.16,0.24365,0.15163,objects/horseshoe_mpeg7-04/horseshoe_mpeg7-04_best.png,"[-0.163463, 0.729863, -1.339764, -0.694903, 1.947315, 0.567093, -0.271687, -0.667478, 0.162189, 1.639905, 2.84121, 0.814987, -1.027047, -0.969516, 0.182876, 0.945287, -1.695472, 1.658733]",-9.37,41.82,-76.76,-39.82,111.57,32.49,-15.57,-38.24,9.29,93.96,162.79,46.7,-58.85,-55.55,10.48,54.16,-97.14,95.04
animals/sea-snake_mpeg7-04,animals,targets/animals/sea-snake_mpeg7-04.png,0.6417,0.5921,0.0374,0.5108,10,9,3,0.2,113.0,0.1436,0.121,1.3115,0.0,20.11,0.21307,0.21396,animals/sea-snake_mpeg7-04/sea-snake_mpeg7-04_best.png,"[-0.803172, -1.034653, -0.157794, 1.65806, 1.719265, -0.083504, 0.743363, -0.635599, -1.69, -0.755137, 1.146137, 1.74533, -1.032706, 1.350458, -1.69, -0.875269, -0.239161, 1.569885]",-46.02,-59.28,-9.04,95.0,98.51,-4.78,42.59,-36.42,-96.83,-43.27,65.67,100.0,-59.17,77.38,-96.83,-50.15,-13.7,89.95
abstract/spring_mpeg7-04,abstract,targets/abstract/spring_mpeg7-04.png,0.639,0.6202,0.0128,0.5968,10,4,3,0.2,113.0,0.3569,0.3379,1.1192,4.02,12.07,0.3068,0.26618,abstract/spring_mpeg7-04/spring_mpeg7-04_best.png,"[-0.245941, -0.587037, -1.207347, -1.614289, -2.196531, 0.032886, 1.073108, 1.038049, -0.220308, -0.556532, 1.891845, 1.744642, 0.390555, -0.440996, -1.376402, -0.675792, -1.140188, 0.03437]",-14.09,-33.63,-69.18,-92.49,-125.85,1.88,61.48,59.48,-12.62,-31.89,108.39,99.96,22.38,-25.27,-78.86,-38.72,-65.33,1.97
abstract/device5_mpeg7-03,abstract,targets/abstract/device5_mpeg7-03.png,0.636,0.5964,0.027,0.5452,10,1,3,0.2,110.7,0.2635,0.2455,0.9269,0.0,16.09,0.03081,0.08792,abstract/device5_mpeg7-03/device5_mpeg7-03_best.png,"[1.803055, 0.730574, -1.69, 0.149448, -1.976613, -0.174533, -0.9143, -1.122129, -1.69, -0.500225, 2.305379, 0.110694, 0.754419, -1.008471, 0.3527, 0.921247, -0.321721, -0.173153]",103.31,41.86,-96.83,8.56,-113.25,-10.0,-52.39,-64.29,-96.83,-28.66,132.09,6.34,43.23,-57.78,20.21,52.78,-18.43,-9.92
abstract/device1_mpeg7-05,abstract,targets/abstract/device1_mpeg7-05.png,0.6356,0.6123,0.0109,0.6008,10,4,3,0.2,115.9,0.3128,0.255,1.0231,-20.11,20.11,0.06832,0.24038,abstract/device1_mpeg7-05/device1_mpeg7-05_best.png,"[-0.924279, -1.037495, -0.148397, 1.65806, 0.147167, 1.359263, -0.833199, 0.016383, 1.02696, 0.732629, 2.136586, 1.631145, 1.912822, 0.736524, -1.198536, 0.867811, -1.522795, 1.121549]",-52.96,-59.44,-8.5,95.0,8.43,77.88,-47.74,0.94,58.84,41.98,122.42,93.46,109.6,42.2,-68.67,49.72,-87.25,64.26
objects/watch_mpeg7-05,objects,targets/objects/watch_mpeg7-05.png,0.6344,0.5957,0.026,0.5508,10,0,3,0.2,111.6,0.0,0.0,0.9269,-16.09,28.16,0.03279,0.39943,objects/watch_mpeg7-05/watch_mpeg7-05_best.png,"[-0.025503, -0.549313, 0.594158, -0.615703, 0.837921, 1.533854, -1.134532, -1.180615, -1.69, -0.542819, -1.286292, 1.131158, 0.051672, -0.494645, 0.80112, -0.32761, -1.966252, 0.616865]",-1.46,-31.47,34.04,-35.28,48.01,87.88,-65.0,-67.64,-96.83,-31.1,-73.7,64.81,2.96,-28.34,45.9,-18.77,-112.66,35.34
digits/5_dejavuserif-bold,digits,targets/digits/5_dejavuserif-bold.png,0.6339,0.6177,0.0152,0.5873,10,1,3,0.2,111.4,0.1052,0.0976,0.8308,-24.14,24.14,0.11837,0.10499,digits/5_dejavuserif-bold/5_dejavuserif-bold_best.png,"[-0.148432, 0.983338, -1.587497, -1.054865, 0.477037, 1.578399, -0.993601, -1.200915, 0.576439, -1.62392, 2.059214, -0.172929, 0.503065, -0.551715, -0.464121, 1.139509, 2.675011, 1.655255]",-8.5,56.34,-90.96,-60.44,27.33,90.44,-56.93,-68.81,33.03,-93.04,117.98,-9.91,28.82,-31.61,-26.59,65.29,153.27,94.84
animals/horse_mpeg7-03,animals,targets/animals/horse_mpeg7-03.png,0.6338,0.5963,0.023,0.5632,10,2,3,0.2,111.8,0.0764,0.0667,1.3115,-8.05,28.16,0.10467,0.29754,animals/horse_mpeg7-03/horse_mpeg7-03_best.png,"[0.758611, -1.74533, 0.413201, -1.632078, 0.720252, 1.363712, -1.312584, -0.603159, 0.508907, 0.454687, -1.330281, 1.335074, -1.018089, -1.733557, -1.628971, 1.353019, 0.543574, 1.70056]",43.47,-100.0,23.67,-93.51,41.27,78.13,-75.21,-34.56,29.16,26.05,-76.22,76.49,-58.33,-99.33,-93.33,77.52,31.14,97.43
vehicles/carriage_mpeg7-04,vehicles,targets/vehicles/carriage_mpeg7-04.png,0.6321,0.5906,0.0244,0.5452,10,9,3,0.2,113.7,0.0455,0.0145,1.1192,-12.07,28.16,0.04776,0.39686,vehicles/carriage_mpeg7-04/carriage_mpeg7-04_best.png,"[-1.905029, -0.097211, 0.11928, -0.139559, 2.533717, 0.058784, -0.222135, 0.229959, 0.263405, 1.249337, -2.728079, -0.158093, 0.057571, -0.496032, 0.583124, -0.615052, -1.114038, 1.250736]",-109.15,-5.57,6.83,-8.0,145.17,3.37,-12.73,13.18,15.09,71.58,-156.31,-9.06,3.3,-28.42,33.41,-35.24,-63.83,71.66
objects/pencil_mpeg7-05,objects,targets/objects/pencil_mpeg7-05.png,0.6319,0.5834,0.0315,0.5341,10,7,3,0.2,110.8,0.0,0.0,1.2154,4.02,28.16,0.02774,0.54424,objects/pencil_mpeg7-05/pencil_mpeg7-05_best.png,"[0.007271, -0.691512, 0.75692, 0.126217, 2.756984, 1.078023, -0.049933, -0.535159, 0.522252, -0.176812, -1.859861, 1.325788, 0.881576, -1.22781, -1.536748, -0.472186, 1.462137, 1.666215]",0.42,-39.62,43.37,7.23,157.96,61.77,-2.86,-30.66,29.92,-10.13,-106.56,75.96,50.51,-70.35,-88.05,-27.05,83.77,95.47
abstract/device2_mpeg7-05,abstract,targets/abstract/device2_mpeg7-05.png,0.6311,0.6042,0.015,0.5744,10,6,3,0.2,113.2,0.3608,0.3084,0.9269,-8.05,24.14,0.11191,0.2209,abstract/device2_mpeg7-05/device2_mpeg7-05_best.png,"[-1.91986, -0.765191, 0.902979, -1.650106, 1.354738, 1.117796, -1.91986, -0.336252, 0.204539, 0.784673, 2.795756, 1.7392, 1.024637, -0.368737, 0.0006, 1.646879, 1.664306, 1.47928]",-110.0,-43.84,51.74,-94.54,77.62,64.04,-110.0,-19.27,11.72,44.96,160.19,99.65,58.71,-21.13,0.03,94.36,95.36,84.76
objects/pocket_mpeg7-01,objects,targets/objects/pocket_mpeg7-01.png,0.6282,0.6149,0.015,0.583,10,3,3,0.2,114.5,0.2352,0.2188,0.8308,-24.14,24.14,0.12339,0.26285,objects/pocket_mpeg7-01/pocket_mpeg7-01_best.png,"[1.018068, -0.687161, 0.347554, 1.211071, -1.142599, 0.281154, 1.149148, -1.079107, 0.323616, 0.193408, 1.519865, -0.174197, -0.064057, -0.511084, 0.803919, 1.599101, 2.064124, 0.486812]",58.33,-39.37,19.91,69.39,-65.47,16.11,65.84,-61.83,18.54,11.08,87.08,-9.98,-3.67,-29.28,46.06,91.62,118.27,27.89
abstract/device2_mpeg7-04,abstract,targets/abstract/device2_mpeg7-04.png,0.6254,0.5951,0.0141,0.5793,10,2,3,0.2,112.7,0.2336,0.198,0.9269,-12.07,24.14,0.18636,0.19072,abstract/device2_mpeg7-04/device2_mpeg7-04_best.png,"[0.216996, -0.431649, 1.329837, 0.343619, 0.237266, 0.7498, -1.000755, -1.225432, 0.225691, 1.397924, -0.387076, 1.39883, 0.39135, -1.74533, 0.506082, -1.089056, -1.67078, 1.47305]",12.43,-24.73,76.19,19.69,13.59,42.96,-57.34,-70.21,12.93,80.1,-22.18,80.15,22.42,-100.0,29.0,-62.4,-95.73,84.4
animals/lizzard_mpeg7-03,animals,targets/animals/lizzard_mpeg7-03.png,0.624,0.5901,0.0323,0.5225,10,3,3,0.2,112.1,0.1378,0.1225,1.1192,0.0,28.16,0.0961,0.19728,animals/lizzard_mpeg7-03/lizzard_mpeg7-03_best.png,"[-1.91986, -0.11421, -0.356937, 0.593556, 2.529615, 0.976498, -0.93554, -0.866225, 0.103168, 1.41392, 1.592858, 1.338154, -0.767654, -1.304497, -1.20885, 0.387558, 0.245615, 0.207019]",-110.0,-6.54,-20.45,34.01,144.94,55.95,-53.6,-49.63,5.91,81.01,91.26,76.67,-43.98,-74.74,-69.26,22.21,14.07,11.86
objects/spoon_mpeg7-03,objects,targets/objects/spoon_mpeg7-03.png,0.6234,0.5813,0.0311,0.5228,10,6,3,0.2,116.4,0.0,0.0,0.9269,-24.14,16.09,0.18259,0.16692,objects/spoon_mpeg7-03/spoon_mpeg7-03_best.png,"[1.366364, -1.550408, -1.212211, -1.188707, 2.626746, 0.447766, -1.911127, -0.91223, 1.120916, 1.040805, 1.027982, 1.034432, -0.087649, 0.140373, -1.029473, -0.043926, -1.042775, -0.118343]",78.29,-88.83,-69.45,-68.11,150.5,25.66,-109.5,-52.27,64.22,59.63,58.9,59.27,-5.02,8.04,-58.98,-2.52,-59.75,-6.78
letters_upper/W_dejavuserif-bold,letters_upper,targets/letters_upper/W_dejavuserif-bold.png,0.6223,0.5883,0.0244,0.5507,10,9,3,0.2,18563.3,0.1696,0.1113,1.0231,-20.11,28.16,0.1267,0.1683,letters_upper/W_dejavuserif-bold/W_dejavuserif-bold_best.png,"[-0.583675, -1.068147, 1.347825, -1.593137, -1.106689, -0.151048, -0.897468, 0.684413, -1.69, 1.105618, -2.015629, -0.151841, 1.191523, -0.926278, 0.105808, 1.657294, -1.038624, 1.338917]",-33.44,-61.2,77.22,-91.28,-63.41,-8.65,-51.42,39.21,-96.83,63.35,-115.49,-8.7,68.27,-53.07,6.06,94.96,-59.51,76.71
animals/lizzard_mpeg7-02,animals,targets/animals/lizzard_mpeg7-02.png,0.6219,0.5822,0.0237,0.5371,10,4,3,0.2,113.0,0.096,0.0872,0.7346,-28.16,28.16,0.11825,0.14509,animals/lizzard_mpeg7-02/lizzard_mpeg7-02_best.png,"[-1.734358, -1.642639, 1.573884, 1.046146, 0.073628, 1.398101, 0.900834, -1.030993, 0.120692, 0.996061, -1.54038, 0.276892, -1.748743, -1.134203, 0.522771, 1.60821, -2.112275, 0.019747]",-99.37,-94.12,90.18,59.94,4.22,80.11,51.61,-59.07,6.92,57.07,-88.26,15.86,-100.2,-64.99,29.95,92.14,-121.02,1.13
letters_upper/U_dejavuserif-bold,letters_upper,targets/letters_upper/U_dejavuserif-bold.png,0.6218,0.5922,0.0175,0.5652,10,5,3,0.2,114.1,0.1771,0.146,0.9269,12.07,24.14,0.23077,0.25701,letters_upper/U_dejavuserif-bold/U_dejavuserif-bold_best.png,"[1.612427, 0.068209, -0.823886, 0.675936, 1.379972, 0.997624, -0.77291, -1.74533, -1.69, 1.448358, -0.929728, -0.103604, -1.497801, -1.27196, -0.740957, 1.605226, 1.233605, 1.370448]",92.39,3.91,-47.21,38.73,79.07,57.16,-44.28,-100.0,-96.83,82.98,-53.27,-5.94,-85.82,-72.88,-42.45,91.97,70.68,78.52
letters_upper/E_dejavuserif-bold,letters_upper,targets/letters_upper/E_dejavuserif-bold.png,0.6214,0.5849,0.0242,0.5498,10,9,3,0.2,113.0,0.2375,0.2244,0.7346,4.02,28.16,0.25029,0.16279,letters_upper/E_dejavuserif-bold/E_dejavuserif-bold_best.png,"[1.352279, -1.606111, -0.044547, 1.332445, -1.343958, 1.74533, -1.044335, -1.74533, -1.69, 0.232159, -0.524305, 0.233508, 1.675556, -0.602528, 0.082693, 0.355673, 1.731007, 1.422843]",77.48,-92.02,-2.55,76.34,-77.0,100.0,-59.84,-100.0,-96.83,13.3,-30.04,13.38,96.0,-34.52,4.74,20.38,99.18,81.52
animals/lmfish_mpeg7-05,animals,targets/animals/lmfish_mpeg7-05.png,0.6186,0.5955,0.0184,0.5579,10,5,3,0.2,117.8,0.0,0.0,1.2154,-8.05,28.16,0.05367,0.32765,animals/lmfish_mpeg7-05/lmfish_mpeg7-05_best.png,"[-0.911307, -1.018225, -1.69, -0.615112, 1.891404, 0.063745, -0.059389, -0.292398, 0.747215, -0.740247, 1.86345, 0.73701, 0.53675, -0.551884, 1.225163, -0.807196, 1.599215, 0.239589]",-52.21,-58.34,-96.83,-35.24,108.37,3.65,-3.4,-16.75,42.81,-42.41,106.77,42.23,30.75,-31.62,70.2,-46.25,91.63,13.73
abstract/device7_mpeg7-01,abstract,targets/abstract/device7_mpeg7-01.png,0.6133,0.5927,0.0145,0.5638,10,1,3,0.2,114.7,0.2569,0.2354,0.9269,-4.02,28.16,0.06503,0.21026,abstract/device7_mpeg7-01/device7_mpeg7-01_best.png,"[1.197553, -1.74533, 0.328855, 1.08911, 2.428016, 0.343572, -1.914564, -0.246536, -0.206952, 1.283296, 2.305239, 0.373637, -1.91986, -1.314367, -1.69, -1.089237, 2.506018, 0.927649]",68.61,-100.0,18.84,62.4,139.12,19.69,-109.7,-14.13,-11.86,73.53,132.08,21.41,-110.0,-75.31,-96.83,-62.41,143.58,53.15
objects/pocket_mpeg7-04,objects,targets/objects/pocket_mpeg7-04.png,0.6128,0.5835,0.0187,0.5498,10,8,3,0.2,111.6,0.2106,0.1885,0.9269,-28.16,20.11,0.13475,0.2369,objects/pocket_mpeg7-04/pocket_mpeg7-04_best.png,"[1.91986, -1.73538, -0.652818, 1.358814, -0.993757, 0.469424, 1.056786, 1.267043, -1.48067, 0.117029, -1.122259, 1.471666, -1.25371, -1.703814, 0.444285, 1.120744, 2.84121, 0.648071]",110.0,-99.43,-37.4,77.85,-56.94,26.9,60.55,72.6,-84.84,6.71,-64.3,84.32,-71.83,-97.62,25.46,64.21,162.79,37.13
animals/deer_mpeg7-04,animals,targets/animals/deer_mpeg7-04.png,0.611,0.5696,0.0289,0.515,10,3,3,0.2,114.8,0.0968,0.0698,1.1192,-4.02,28.16,0.04659,0.21933,animals/deer_mpeg7-04/deer_mpeg7-04_best.png,"[0.858161, -0.857282, 0.070055, 1.434823, -1.309114, 0.22956, -0.972452, -1.248349, -1.69, -0.369768, 2.825426, 1.672059, -1.394735, -1.340786, -1.158956, -1.195002, 0.814641, 1.724103]",49.17,-49.12,4.01,82.21,-75.01,13.15,-55.72,-71.53,-96.83,-21.19,161.88,95.8,-79.91,-76.82,-66.4,-68.47,46.68,98.78
objects/hammer_mpeg7-04,objects,targets/objects/hammer_mpeg7-04.png,0.6096,0.5608,0.0233,0.5259,10,8,3,0.2,112.1,0.1872,0.156,0.8308,-8.05,24.14,0.0,0.01577,objects/hammer_mpeg7-04/hammer_mpeg7-04_best.png,"[0.387122, -1.74533, -1.463899, 1.247197, 0.353934, -0.136851, -1.508974, -1.479986, 0.236787, 0.849508, 1.797805, 0.240161, 1.795309, -0.761932, -0.181372, 0.92436, 1.207602, 1.533362]",22.18,-100.0,-83.88,71.46,20.28,-7.84,-86.46,-84.8,13.57,48.67,103.01,13.76,102.86,-43.66,-10.39,52.96,69.19,87.86
animals/deer_mpeg7-03,animals,targets/animals/deer_mpeg7-03.png,0.6082,0.5858,0.0211,0.5433,10,3,3,0.2,112.7,0.1395,0.1208,0.8308,-8.05,28.16,0.08119,0.17441,animals/deer_mpeg7-03/deer_mpeg7-03_best.png,"[-1.392973, -1.316761, 0.029443, 1.24693, -1.239345, 0.464443, 0.602393, -1.725231, 0.866805, 1.431745, -1.262737, 1.250388, 1.371205, -1.138027, 1.472222, -1.386018, 1.47103, 0.061032]",-79.81,-75.44,1.69,71.44,-71.01,26.61,34.51,-98.85,49.66,82.03,-72.35,71.64,78.56,-65.2,84.35,-79.41,84.28,3.5
letters_upper/Q_dejavuserif-bold,letters_upper,targets/letters_upper/Q_dejavuserif-bold.png,0.6078,0.582,0.0155,0.5612,10,4,3,0.2,114.0,0.1323,0.0842,0.7346,-28.16,28.16,0.11486,0.2458,letters_upper/Q_dejavuserif-bold/Q_dejavuserif-bold_best.png,"[-1.846462, -1.345414, 1.000552, -1.65806, -2.74385, -0.174533, 0.4103, -0.620693, 1.273707, -1.656189, 2.010189, 1.317542, 0.792193, 1.220068, -1.69, -1.65806, 0.026806, -0.140195]",-105.79,-77.09,57.33,-95.0,-157.21,-10.0,23.51,-35.56,72.98,-94.89,115.18,75.49,45.39,69.9,-96.83,-95.0,1.54,-8.03
digits/7_dejavuserif-bold,digits,targets/digits/7_dejavuserif-bold.png,0.6075,0.5725,0.0187,0.542,10,4,3,0.2,111.2,0.2061,0.1947,0.8308,-8.05,24.14,0.09469,0.03107,digits/7_dejavuserif-bold/7_dejavuserif-bold_best.png,"[0.266921, -1.032649, -0.632591, 1.65806, 1.959914, 1.493198, -0.080144, -1.125073, -0.548509, 1.65806, 1.538053, 0.149603, 1.91986, 0.942461, -1.69, -0.075463, 1.879146, 0.786638]",15.29,-59.17,-36.24,95.0,112.29,85.55,-4.59,-64.46,-31.43,95.0,88.12,8.57,110.0,54.0,-96.83,-4.32,107.67,45.07
animals/sea-snake_mpeg7-02,animals,targets/animals/sea-snake_mpeg7-02.png,0.6069,0.5455,0.0379,0.4876,10,7,3,0.2,111.6,0.3439,0.3062,1.1192,-8.05,8.05,0.27926,0.2418,animals/sea-snake_mpeg7-02/sea-snake_mpeg7-02_best.png,"[0.121422, 0.829973, -1.00268, 1.007615, -1.804646, 0.471299, -0.146337, -0.709587, 0.136459, 1.419841, 0.318518, 0.682106, -0.295609, -1.068171, -0.962369, -0.077566, -1.510526, 0.554091]",6.96,47.55,-57.45,57.73,-103.4,27.0,-8.38,-40.66,7.82,81.35,18.25,39.08,-16.94,-61.2,-55.14,-4.44,-86.55,31.75
animals/fly_mpeg7-01,animals,targets/animals/fly_mpeg7-01.png,0.6052,0.5817,0.016,0.5579,10,2,3,0.2,113.0,0.1424,0.1188,1.1192,-16.09,28.16,0.11007,0.19769,animals/fly_mpeg7-01/fly_mpeg7-01_best.png,"[-1.91986, -0.784673, 0.413444, 1.546745, 1.720824, 0.954466, 0.850545, -1.037518, 0.921104, 1.220925, 2.407716, -0.088569, 0.951839, -1.30615, 0.835943, -0.332052, 0.311604, 1.055666]",-110.0,-44.96,23.69,88.62,98.6,54.69,48.73,-59.45,52.78,69.95,137.95,-5.07,54.54,-74.84,47.9,-19.03,17.85,60.49
abstract/spring_mpeg7-01,abstract,targets/abstract/spring_mpeg7-01.png,0.602,0.5741,0.0269,0.5222,10,2,3,0.2,112.8,0.0287,0.0166,0.8308,24.14,28.16,0.34906,0.3867,abstract/spring_mpeg7-01/spring_mpeg7-01_best.png,"[-0.79152, -1.121362, -1.69, 0.178351, -1.91836, -0.173864, -0.238286, -1.288643, -1.69, 0.561806, 0.072161, -0.04797, -1.544495, -1.466792, -1.678567, 0.000958, -0.704318, 0.980458]",-45.35,-64.25,-96.83,10.22,-109.91,-9.96,-13.65,-73.83,-96.83,32.19,4.13,-2.75,-88.49,-84.04,-96.17,0.05,-40.35,56.18
abstract/spring_mpeg7-05,abstract,targets/abstract/spring_mpeg7-05.png,0.602,0.5741,0.0269,0.5222,10,2,3,0.2,115.9,0.0287,0.0166,0.8308,24.14,28.16,0.34906,0.3867,abstract/spring_mpeg7-05/spring_mpeg7-05_best.png,"[-0.79152, -1.121362, -1.69, 0.178351, -1.91836, -0.173864, -0.238286, -1.288643, -1.69, 0.561806, 0.072161, -0.04797, -1.544495, -1.466792, -1.678567, 0.000958, -0.704318, 0.980458]",-45.35,-64.25,-96.83,10.22,-109.91,-9.96,-13.65,-73.83,-96.83,32.19,4.13,-2.75,-88.49,-84.04,-96.17,0.05,-40.35,56.18
objects/fork_mpeg7-01,objects,targets/objects/fork_mpeg7-01.png,0.6018,0.5696,0.0186,0.5405,10,5,3,0.2,115.0,0.3451,0.3165,1.3115,-4.02,4.02,0.0,0.04438,objects/fork_mpeg7-01/fork_mpeg7-01_best.png,"[-0.019095, -0.569836, -1.181136, 0.462618, 0.652791, 1.501999, -0.672431, -0.663009, -1.017676, -0.286346, -2.07766, 0.988677, -0.921283, -0.81395, -0.670493, 0.650511, -0.251582, 1.74533]",-1.09,-32.65,-67.67,26.51,37.4,86.06,-38.53,-37.99,-58.31,-16.41,-119.04,56.65,-52.79,-46.64,-38.42,37.27,-14.41,100.0
animals/beetle_mpeg7-01,animals,targets/animals/beetle_mpeg7-01.png,0.6014,0.5842,0.0104,0.5702,10,7,3,0.2,114.2,0.1823,0.1536,1.1192,8.05,20.11,0.2458,0.23186,animals/beetle_mpeg7-01/beetle_mpeg7-01_best.png,"[1.878914, -0.888982, 0.926616, -0.605787, 2.696982, -0.126888, -1.189486, -1.223299, -1.575981, -0.053301, 1.151441, 1.353998, -1.142601, -1.74533, -0.766353, 1.390686, -2.578783, 0.125878]",107.65,-50.93,53.09,-34.71,154.53,-7.27,-68.15,-70.09,-90.3,-3.05,65.97,77.58,-65.47,-100.0,-43.91,79.68,-147.75,7.21
objects/watch_mpeg7-01,objects,targets/objects/watch_mpeg7-01.png,0.5973,0.5627,0.023,0.5273,10,2,3,0.2,114.5,0.0,0.0,0.9269,-16.09,28.16,0.03203,0.43054,objects/watch_mpeg7-01/watch_mpeg7-01_best.png,"[1.91986, 0.116814, -0.045568, -0.028452, 1.650053, 0.288233, -0.052645, -0.340974, 0.549353, -1.156233, -1.696573, 1.072446, -0.4225, -0.722041, 0.97895, -0.490773, -1.452564, 0.269326]",110.0,6.69,-2.61,-1.63,94.54,16.51,-3.02,-19.54,31.48,-66.25,-97.21,61.45,-24.21,-41.37,56.09,-28.12,-83.23,15.43
objects/pocket_mpeg7-02,objects,targets/objects/pocket_mpeg7-02.png,0.5961,0.5638,0.0188,0.5337,10,7,3,0.2,114.0,0.182,0.1657,0.9269,-28.16,16.09,0.13995,0.24756,objects/pocket_mpeg7-02/pocket_mpeg7-02_best.png,"[1.220981, 0.742329, -1.68484, -1.653695, 2.836982, 0.007515, 1.019947, 1.492291, -1.668676, -0.700569, 0.385463, 1.627674, -0.581891, -1.069713, 0.208731, 1.217413, 2.251632, -0.166862]",69.96,42.53,-96.53,-94.75,162.55,0.43,58.44,85.5,-95.61,-40.14,22.09,93.26,-33.34,-61.29,11.96,69.75,129.01,-9.56
animals/deer_mpeg7-02,animals,targets/animals/deer_mpeg7-02.png,0.5946,0.5715,0.0182,0.5346,10,4,3,0.2,114.3,0.2336,0.1801,0.8308,-16.09,24.14,0.18114,0.3084,animals/deer_mpeg7-02/deer_mpeg7-02_best.png,"[1.381456, -1.74533, -0.24554, -0.902457, -2.18442, 0.069853, -1.260127, -0.512015, 0.729062, -0.508043, -2.126023, -0.174533, -0.55956, -0.033617, 0.72956, 1.140158, -0.745293, 0.750808]",79.15,-100.0,-14.07,-51.71,-125.16,4.0,-72.2,-29.34,41.77,-29.11,-121.81,-10.0,-32.06,-1.93,41.8,65.33,-42.7,43.02
objects/pencil_mpeg7-02,objects,targets/objects/pencil_mpeg7-02.png,0.5939,0.5212,0.0672,0.3757,10,2,3,0.2,111.9,0.0,0.0,1.3115,-4.02,28.16,0.05372,0.45592,objects/pencil_mpeg7-02/pencil_mpeg7-02_best.png,"[0.041784, -0.646838, 0.759317, 0.639167, 0.385367, -0.106983, 0.12942, -0.765843, 0.974952, -0.147547, 0.058766, -0.156496, -0.437924, -1.19809, -1.69, -0.248632, 1.704881, 1.536092]",2.39,-37.06,43.51,36.62,22.08,-6.13,7.42,-43.88,55.86,-8.45,3.37,-8.97,-25.09,-68.65,-96.83,-14.25,97.68,88.01
abstract/stef_mpeg7-04,abstract,targets/abstract/stef_mpeg7-04.png,0.5931,0.5618,0.0248,0.5053,10,5,3,0.2,111.8,0.0796,0.0717,1.0231,-4.02,20.11,0.08341,0.18759,abstract/stef_mpeg7-04/stef_mpeg7-04_best.png,"[0.609193, -1.195977, 0.274818, 0.307834, -1.947603, 1.388498, -0.972901, -1.74533, -0.999486, -0.512482, 1.685106, 0.299427, -0.081556, 0.203668, 1.163247, -0.69426, -1.237596, 0.519674]",34.9,-68.52,15.75,17.64,-111.59,79.56,-55.74,-100.0,-57.27,-29.36,96.55,17.16,-4.67,11.67,66.65,-39.78,-70.91,29.78
animals/lizzard_mpeg7-04,animals,targets/animals/lizzard_mpeg7-04.png,0.5927,0.5722,0.0107,0.5601,10,7,3,0.2,114.6,0.1854,0.1529,1.0231,-16.09,20.11,0.06081,0.11975,animals/lizzard_mpeg7-04/lizzard_mpeg7-04_best.png,"[-1.165435, -0.685627, -0.002812, 1.09348, 0.378571, 1.486391, -1.827125, -0.590288, -0.11494, 1.171035, 1.056017, 1.148382, -0.602985, -1.719403, -0.792275, 1.476001, -2.233259, -0.174533]",-66.77,-39.28,-0.16,62.65,21.69,85.16,-104.69,-33.82,-6.59,67.1,60.51,65.8,-34.55,-98.51,-45.39,84.57,-127.96,-10.0
letters_upper/M_dejavuserif-bold,letters_upper,targets/letters_upper/M_dejavuserif-bold.png,0.5919,0.5548,0.0282,0.4919,10,1,3,0.2,111.3,0.1091,0.0998,0.8308,-28.16,28.16,0.14208,0.26391,letters_upper/M_dejavuserif-bold/M_dejavuserif-bold_best.png,"[1.79242, -0.583029, 0.175735, 1.65806, -2.706487, -0.123467, 0.840175, 0.65507, -1.450072, 1.261623, 0.138645, 0.850206, 0.759896, 1.196003, -0.797406, -1.539441, -0.825949, 0.377171]",102.7,-33.41,10.07,95.0,-155.07,-7.07,48.14,37.53,-83.08,72.29,7.94,48.71,43.54,68.53,-45.69,-88.2,-47.32,21.61
abstract/stef_mpeg7-02,abstract,targets/abstract/stef_mpeg7-02.png,0.5868,0.5696,0.0152,0.5381,10,8,3,0.2,113.6,0.1338,0.1219,0.8308,4.02,28.16,0.19744,0.20495,abstract/stef_mpeg7-02/stef_mpeg7-02_best.png,"[0.983956, -1.716998, 0.395045, 0.899313, -2.218331, 0.185718, 1.469655, -1.019298, 1.280791, -0.42768, -0.913802, 0.784997, -0.959106, -1.569035, -1.69, -0.324793, 0.838754, 0.40783]",56.38,-98.38,22.63,51.53,-127.1,10.64,84.21,-58.4,73.38,-24.5,-52.36,44.98,-54.95,-89.9,-96.83,-18.61,48.06,23.37
objects/spoon_mpeg7-01,objects,targets/objects/spoon_mpeg7-01.png,0.5825,0.5543,0.0214,0.5157,10,7,3,0.2,111.2,0.0,0.0,0.8308,-24.14,28.16,0.20419,0.10577,objects/spoon_mpeg7-01/spoon_mpeg7-01_best.png,"[-1.891328, 0.888317, -0.502777, 0.223893, 2.006584, 1.500243, -1.653632, -1.703634, 1.231858, 1.140966, 2.214119, 0.636673, -0.038667, -0.141073, -0.458444, 0.444154, -1.935684, 0.510521]",-108.37,50.9,-28.81,12.83,114.97,85.96,-94.75,-97.61,70.58,65.37,126.86,36.48,-2.22,-8.08,-26.27,25.45,-110.91,29.25
animals/sea-snake_mpeg7-01,animals,targets/animals/sea-snake_mpeg7-01.png,0.5816,0.506,0.0452,0.4442,10,1,3,0.2,112.1,0.2345,0.1553,1.1192,-8.05,16.09,0.25833,0.20925,animals/sea-snake_mpeg7-01/sea-snake_mpeg7-01_best.png,"[-1.240378, 1.128883, -1.357543, -1.256425, 0.973001, 1.097085, -0.030815, -0.914472, -0.575802, -1.304202, -1.27714, 0.063997, -1.185589, -1.615048, -0.834539, -0.560157, -0.594944, 1.390436]",-71.07,64.68,-77.78,-71.99,55.75,62.86,-1.77,-52.4,-32.99,-74.73,-73.17,3.67,-67.93,-92.54,-47.82,-32.09,-34.09,79.67
animals/lizzard_mpeg7-01,animals,targets/animals/lizzard_mpeg7-01.png,0.5789,0.5552,0.0155,0.5253,10,9,3,0.2,116.2,0.2464,0.2075,1.1192,4.02,20.11,0.1387,0.19828,animals/lizzard_mpeg7-01/lizzard_mpeg7-01_best.png,"[-0.259962, -0.438343, -1.52639, -1.65806, -0.969588, -0.135452, 0.079908, -1.306399, 0.312793, 1.303112, 2.342092, 1.037309, -0.465014, -0.079165, -1.69, -1.345713, 0.682844, 1.136412]",-14.89,-25.12,-87.46,-95.0,-55.55,-7.76,4.58,-74.85,17.92,74.66,134.19,59.43,-26.64,-4.54,-96.83,-77.1,39.12,65.11
objects/watch_mpeg7-02,objects,targets/objects/watch_mpeg7-02.png,0.5697,0.5368,0.0218,0.4952,10,8,3,0.2,115.5,0.0208,0.0021,1.2154,0.0,28.16,0.0221,0.53479,objects/watch_mpeg7-02/watch_mpeg7-02_best.png,"[-1.807346, -1.728554, 0.830519, 1.013546, -2.609526, -0.052859, -0.278005, 0.121471, -0.006932, -1.188255, -0.735411, 1.59746, 0.897493, -1.176869, -1.689548, -0.351498, -1.501621, 1.195959]",-103.55,-99.04,47.59,58.07,-149.51,-3.03,-15.93,6.96,-0.4,-68.08,-42.14,91.53,51.42,-67.43,-96.8,-20.14,-86.04,68.52
animals/deer_mpeg7-05,animals,targets/animals/deer_mpeg7-05.png,0.5619,0.5296,0.0215,0.4937,10,8,3,0.2,116.8,0.1772,0.1445,0.7346,-16.09,28.16,0.20557,0.28155,animals/deer_mpeg7-05/deer_mpeg7-05_best.png,"[-1.342015, -1.74533, 0.993707, 0.706309, 1.820549, 0.81026, 1.901775, -0.035182, -0.587475, 1.369633, -2.74385, -0.157026, -0.471028, -0.646537, 0.804725, 1.305822, -1.929472, -0.144355]",-76.89,-100.0,56.94,40.47,104.31,46.42,108.96,-2.02,-33.66,78.47,-157.21,-9.0,-26.99,-37.04,46.11,74.82,-110.55,-8.27
objects/pencil_mpeg7-04,objects,targets/objects/pencil_mpeg7-04.png,0.5606,0.4911,0.0373,0.4308,10,0,3,0.2,114.0,0.0056,0.0006,1.1192,16.09,28.16,0.01689,0.49323,objects/pencil_mpeg7-04/pencil_mpeg7-04_best.png,"[-1.743515, -1.614352, 1.192227, 0.055641, -1.54979, 0.862498, 1.285739, 0.690016, -0.894632, 0.562078, -0.283934, 0.606609, 0.878886, -1.173555, -1.69, -0.246516, -1.423156, -0.02781]",-99.9,-92.5,68.31,3.19,-88.8,49.42,73.67,39.54,-51.26,32.2,-16.27,34.76,50.36,-67.24,-96.83,-14.12,-81.54,-1.59
abstract/stef_mpeg7-05,abstract,targets/abstract/stef_mpeg7-05.png,0.5593,0.5054,0.0312,0.4598,10,0,3,0.2,113.7,0.2003,0.1628,0.8308,4.02,24.14,0.13345,0.1097,abstract/stef_mpeg7-05/stef_mpeg7-05_best.png,"[-1.170811, -1.74533, 0.090221, 1.253881, -1.075006, 0.680262, 1.628865, 0.70564, -0.746187, 0.049799, -2.361926, 0.212005, -0.864245, -1.501154, -1.531969, -0.078226, -1.641024, 0.113556]",-67.08,-100.0,5.17,71.84,-61.59,38.98,93.33,40.43,-42.75,2.85,-135.33,12.15,-49.52,-86.01,-87.78,-4.48,-94.02,6.51
animals/deer_mpeg7-01,animals,targets/animals/deer_mpeg7-01.png,0.5582,0.5338,0.0151,0.5003,10,6,3,0.2,113.1,0.2206,0.1469,0.7346,-16.09,28.16,0.20077,0.27778,animals/deer_mpeg7-01/deer_mpeg7-01_best.png,"[1.854282, -0.296835, 0.497455, -0.648198, -2.740535, -0.174207, -0.485615, 0.332189, 1.150745, -1.268966, -0.694498, 1.490163, -1.723485, -1.687117, -1.247012, -0.612275, 2.827316, 1.47154]",106.24,-17.01,28.5,-37.14,-157.02,-9.98,-27.82,19.03,65.93,-72.71,-39.79,85.38,-98.75,-96.66,-71.45,-35.08,161.99,84.31
objects/horseshoe_mpeg7-01,objects,targets/objects/horseshoe_mpeg7-01.png,0.5485,0.5013,0.03,0.4453,10,4,3,0.2,113.6,0.0785,0.0591,0.6385,-28.16,28.16,0.26627,0.12809,objects/horseshoe_mpeg7-01/horseshoe_mpeg7-01_best.png,"[-0.823554, 1.661556, -1.625959, -1.274899, -0.13185, 0.735763, -0.933938, -0.996736, 0.20009, 1.036348, -1.911912, 1.669072, 0.035612, -0.283118, 0.372125, 1.656791, -1.200203, -0.065491]",-47.19,95.2,-93.16,-73.05,-7.55,42.16,-53.51,-57.11,11.46,59.38,-109.54,95.63,2.04,-16.22,21.32,94.93,-68.77,-3.75
objects/horseshoe_mpeg7-02,objects,targets/objects/horseshoe_mpeg7-02.png,0.5439,0.5144,0.0177,0.4827,10,4,3,0.2,112.6,0.092,0.0736,0.6385,-28.16,28.16,0.24514,0.13293,objects/horseshoe_mpeg7-02/horseshoe_mpeg7-02_best.png,"[-1.611045, -1.506375, 1.571299, 0.608145, -0.359248, 0.323108, 0.398045, -0.834674, -0.112967, 1.654909, 1.727271, 0.982742, 0.939134, 1.719498, -1.676231, -1.221583, 1.035301, 0.36212]",-92.31,-86.31,90.03,34.84,-20.58,18.51,22.81,-47.82,-6.47,94.82,98.97,56.31,53.81,98.52,-96.04,-69.99,59.32,20.75
abstract/stef_mpeg7-03,abstract,targets/abstract/stef_mpeg7-03.png,0.5426,0.506,0.0162,0.4812,10,8,3,0.2,112.6,0.078,0.0606,0.9269,-4.02,28.16,0.14162,0.21786,abstract/stef_mpeg7-03/stef_mpeg7-03_best.png,"[1.067748, -0.942683, 0.352984, 0.341433, -2.150106, 0.777845, 0.866088, -1.257081, 1.084219, 0.991494, -0.506126, 0.866693, -0.943171, -1.735784, -1.499823, -0.049128, -1.556668, 1.229949]",61.18,-54.01,20.22,19.56,-123.19,44.57,49.62,-72.03,62.12,56.81,-29.0,49.66,-54.04,-99.45,-85.93,-2.81,-89.19,70.47
objects/fork_mpeg7-03,objects,targets/objects/fork_mpeg7-03.png,0.5127,0.48,0.0225,0.4442,10,6,3,0.2,113.7,0.2956,0.2747,1.3115,8.05,0.0,0.08753,0.16773,objects/fork_mpeg7-03/fork_mpeg7-03_best.png,"[0.034312, -0.540717, -1.316437, 0.610905, -1.187665, 1.315738, 0.055612, -0.570047, -1.338382, -0.124988, -2.731764, 1.124353, -1.272522, -0.885783, -0.899113, 0.908619, 1.705036, 0.705438]",1.97,-30.98,-75.43,35.0,-68.05,75.39,3.19,-32.66,-76.68,-7.16,-156.52,64.42,-72.91,-50.75,-51.52,52.06,97.69,40.42
objects/horseshoe_mpeg7-05,objects,targets/objects/horseshoe_mpeg7-05.png,0.5091,0.4473,0.0376,0.4055,10,1,3,0.2,115.8,0.0941,0.0682,0.8308,-28.16,24.14,0.28201,0.10488,objects/horseshoe_mpeg7-05/horseshoe_mpeg7-05_best.png,"[-1.303265, 1.400583, -1.671439, -1.160308, -0.132054, 0.628434, -1.313338, -1.530709, -0.640326, -0.961798, 0.402348, -0.158768, -0.069753, -0.936044, 0.21364, 1.028948, -2.74385, 0.936779]",-74.67,80.25,-95.77,-66.48,-7.57,36.01,-75.25,-87.7,-36.69,-55.11,23.05,-9.1,-4.0,-53.63,12.24,58.95,-157.21,53.67
objects/fork_mpeg7-04,objects,targets/objects/fork_mpeg7-04.png,0.5057,0.455,0.0362,0.3711,10,4,3,0.2,113.8,0.02,0.0134,1.0231,16.09,28.16,0.02941,0.47939,objects/fork_mpeg7-04/fork_mpeg7-04_best.png,"[-1.604188, -1.664485, 0.679783, 1.005364, 1.829756, 1.615822, 1.313493, -0.081575, 0.00016, 0.748454, -0.715867, 1.130777, -0.439148, -1.450164, -1.511268, -0.54514, 2.214957, 1.379405]",-91.91,-95.37,38.95,57.6,104.84,92.58,75.26,-4.67,0.01,42.88,-41.02,64.79,-25.16,-83.09,-86.59,-31.23,126.91,79.03
objects/pocket_mpeg7-05,objects,targets/objects/pocket_mpeg7-05.png,0.4897,0.4636,0.0155,0.4358,15,11,3,0.2,169.6,0.1706,0.1468,0.8308,-28.16,24.14,0.13611,0.23335,objects/pocket_mpeg7-05/pocket_mpeg7-05_best.png,"[0.055781, 0.758455, -0.690154, 1.611377, -2.016277, 0.170684, 1.179389, -0.856078, 0.485852, -0.468493, 1.448855, -0.174533, 0.3018, -0.61736, 1.143513, -1.246923, -0.331569, 1.74533]",3.2,43.46,-39.54,92.33,-115.52,9.78,67.57,-49.05,27.84,-26.84,83.01,-10.0,17.29,-35.37,65.52,-71.44,-19.0,100.0
objects/horseshoe_mpeg7-03,objects,targets/objects/horseshoe_mpeg7-03.png,0.4883,0.4402,0.0244,0.4019,15,9,3,0.2,170.6,0.0893,0.0548,0.6385,-28.16,28.16,0.22902,0.13796,objects/horseshoe_mpeg7-03/horseshoe_mpeg7-03_best.png,"[-0.126295, 0.744096, -1.460632, -0.140424, 0.630503, 0.51801, 0.040157, -0.729616, 0.073621, 1.65806, -1.38412, 0.290062, -1.060306, -1.410373, 0.493882, 0.757801, -2.336888, -0.166824]",-7.24,42.63,-83.69,-8.05,36.13,29.68,2.3,-41.8,4.22,95.0,-79.3,16.62,-60.75,-80.81,28.3,43.42,-133.89,-9.56
objects/hammer_mpeg7-05,objects,targets/objects/hammer_mpeg7-05.png,0.4716,0.4118,0.029,0.3838,15,7,3,0.2,171.1,0.0,0.0,0.6385,-28.16,28.16,0.14102,0.45852,objects/hammer_mpeg7-05/hammer_mpeg7-05_best.png,"[1.210039, -1.74393, -1.287559, -1.567504, 2.6746, 0.112743, 0.027374, -0.600708, 0.686464, -0.105969, 1.777354, 1.745069, 1.618896, 1.208628, -1.360573, -0.50495, -0.901667, 0.53001]",69.33,-99.92,-73.77,-89.81,153.24,6.46,1.57,-34.42,39.33,-6.07,101.83,99.99,92.76,69.25,-77.96,-28.93,-51.66,30.37
animals/sea-snake_mpeg7-05,animals,targets/animals/sea-snake_mpeg7-05.png,0.4553,0.42,0.0273,0.3598,15,7,3,0.2,170.6,0.1661,0.1079,0.8308,-28.16,24.14,0.19866,0.18594,animals/sea-snake_mpeg7-05/sea-snake_mpeg7-05_best.png,"[0.045628, 0.872915, -1.403988, -1.576789, 1.084838, 0.814067, 0.421449, -0.875179, -0.462503, 1.657328, -1.200898, 0.059548, 0.308004, -0.883412, 1.149393, -0.445933, -0.277757, 1.743878]",2.61,50.01,-80.44,-90.34,62.16,46.64,24.15,-50.14,-26.5,94.96,-68.81,3.41,17.65,-50.62,65.86,-25.55,-15.91,99.92
objects/fork_mpeg7-02,objects,targets/objects/fork_mpeg7-02.png,0.4521,0.4336,0.0114,0.414,15,13,3,0.2,170.1,0.3318,0.3041,1.0231,-4.02,12.07,0.0,0.00247,objects/fork_mpeg7-02/fork_mpeg7-02_best.png,"[-1.517009, -1.74533, -0.328923, 0.340275, 1.008243, 0.935158, -1.509253, -1.362578, -0.347308, 0.878664, 2.050401, -0.150617, 1.046222, -0.378254, -1.428934, -0.969346, 0.626047, -0.164117]",-86.92,-100.0,-18.85,19.5,57.77,53.58,-86.47,-78.07,-19.9,50.34,117.48,-8.63,59.94,-21.67,-81.87,-55.54,35.87,-9.4
objects/hammer_mpeg7-02,objects,targets/objects/hammer_mpeg7-02.png,0.43,0.3729,0.0231,0.333,15,5,3,0.2,170.9,0.1229,0.0929,1.2154,-8.05,12.07,0.10435,0.22489,objects/hammer_mpeg7-02/hammer_mpeg7-02_best.png,"[0.0048, -1.605183, 0.270979, 1.339943, -1.47926, -0.031211, 0.262084, -1.379874, -1.295251, 1.562903, -1.655153, -0.127916, 0.067174, -1.72609, 0.204499, -1.65737, 0.274708, 1.462065]",0.28,-91.97,15.53,76.77,-84.76,-1.79,15.02,-79.06,-74.21,89.55,-94.83,-7.33,3.85,-98.9,11.72,-94.96,15.74,83.77
abstract/device6_mpeg7-02,abstract,targets/abstract/device6_mpeg7-02.png,0.4256,0.3905,0.0231,0.3516,15,7,3,0.2,169.1,0.1931,0.1582,0.9269,-12.07,16.09,0.19056,0.15639,abstract/device6_mpeg7-02/device6_mpeg7-02_best.png,"[0.535285, -1.196782, 1.491522, -1.464987, -1.936871, 1.372682, -0.027417, -1.525048, -0.347921, 1.185694, -1.113833, 0.176445, -1.141907, -0.364925, -0.066895, 0.284853, -1.801633, 1.059233]",30.67,-68.57,85.46,-83.94,-110.97,78.65,-1.57,-87.38,-19.93,67.94,-63.82,10.11,-65.43,-20.91,-3.83,16.32,-103.23,60.69
abstract/spring_mpeg7-02,abstract,targets/abstract/spring_mpeg7-02.png,0.4103,0.3716,0.0263,0.3151,15,3,3,0.2,168.8,0.0763,0.0323,0.8308,20.11,28.16,0.30525,0.47671,abstract/spring_mpeg7-02/spring_mpeg7-02_best.png,"[-1.747205, 0.379394, 0.560031, -0.537623, 1.318649, 0.91705, 0.529258, -1.259657, -1.689862, 0.570862, 2.422887, 1.745329, -0.014277, -1.484831, -1.531353, 1.649528, -1.682006, 1.081293]",-100.11,21.74,32.09,-30.8,75.55,52.54,30.32,-72.17,-96.82,32.71,138.82,100.0,-0.82,-85.07,-87.74,94.51,-96.37,61.95
animals/dog_mpeg7-03,animals,targets/animals/dog_mpeg7-03.png,0.4067,0.3839,0.0154,0.3499,15,6,3,0.2,169.6,0.1227,0.0902,1.0231,20.11,24.14,0.18855,0.26992,animals/dog_mpeg7-03/dog_mpeg7-03_best.png,"[1.191183, -1.396426, -0.138446, 1.321305, 2.440691, 0.173704, 0.058548, -0.821178, -1.69, -1.388226, -0.617299, 0.91746, -0.739383, -1.385591, -1.535439, -0.748008, -2.344193, 0.363368]",68.25,-80.01,-7.93,75.71,139.84,9.95,3.35,-47.05,-96.83,-79.54,-35.37,52.57,-42.36,-79.39,-87.97,-42.86,-134.31,20.82
objects/hammer_mpeg7-03,objects,targets/objects/hammer_mpeg7-03.png,0.406,0.3245,0.0317,0.2544,15,12,3,0.2,170.9,0.0,0.0,0.8308,24.14,28.16,0.03561,0.28711,objects/hammer_mpeg7-03/hammer_mpeg7-03_best.png,"[1.607431, -1.745155, -1.255333, -1.415872, 2.675983, 1.373215, -1.543674, -1.74533, -0.514012, -1.364025, 1.858821, 1.473474, 0.0829, -1.220313, -1.69, -0.376807, 1.629557, 0.356767]",92.1,-99.99,-71.93,-81.12,153.32,78.68,-88.45,-100.0,-29.45,-78.15,106.5,84.42,4.75,-69.92,-96.83,-21.59,93.37,20.44
objects/hammer_mpeg7-01,objects,targets/objects/hammer_mpeg7-01.png,0.3895,0.3494,0.0214,0.3036,15,10,3,0.2,167.1,0.0009,0.0001,0.8308,24.14,28.16,0.05218,0.31658,objects/hammer_mpeg7-01/hammer_mpeg7-01_best.png,"[0.470719, -1.74533, -1.655286, 0.075147, 2.021834, 1.175892, -1.631791, -1.670934, 0.678631, 1.656572, -2.74385, -0.122112, 0.927341, -1.237181, -1.69, -0.34706, 1.872173, 1.237197]",26.97,-100.0,-94.84,4.31,115.84,67.37,-93.49,-95.74,38.88,94.91,-157.21,-7.0,53.13,-70.89,-96.83,-19.89,107.27,70.89
objects/guitar_mpeg7-03,objects,targets/objects/guitar_mpeg7-03.png,0.3616,0.3407,0.0131,0.3087,15,12,3,0.2,169.7,0.1694,0.1429,1.0231,-8.05,12.07,0.01503,0.03868,objects/guitar_mpeg7-03/guitar_mpeg7-03_best.png,"[1.083179, -1.730072, 0.375227, 1.022912, 0.521659, 1.273122, 1.866375, 1.252301, -1.653518, 1.048163, 0.358341, 0.952004, 1.808655, 0.070097, 0.584815, -0.556556, -1.796783, 0.1039]",62.06,-99.13,21.5,58.61,29.89,72.94,106.94,71.75,-94.74,60.06,20.53,54.55,103.63,4.02,33.51,-31.89,-102.95,5.95
abstract/spring_mpeg7-03,abstract,targets/abstract/spring_mpeg7-03.png,0.3593,0.3376,0.0176,0.3036,15,9,3,0.2,172.8,0.006,0.0006,0.8308,24.14,28.16,0.27913,0.39644,abstract/spring_mpeg7-03/spring_mpeg7-03_best.png,"[1.608933, 0.861454, -0.930833, 0.136781, -0.999151, 0.002295, 0.142479, -1.190068, -1.191753, -0.858214, -1.52375, 0.401062, 0.088833, -1.420403, -0.779031, -1.562403, -1.116227, -0.107179]",92.19,49.36,-53.33,7.84,-57.25,0.13,8.16,-68.19,-68.28,-49.17,-87.3,22.98,5.09,-81.38,-44.64,-89.52,-63.96,-6.14
objects/fork_mpeg7-05,objects,targets/objects/fork_mpeg7-05.png,0.3424,0.3249,0.0103,0.3015,15,6,3,0.2,170.8,0.2272,0.2055,1.2154,-4.02,8.05,0.01693,0.03486,objects/fork_mpeg7-05/fork_mpeg7-05_best.png,"[1.048821, -0.586736, -1.280721, 1.629439, 0.471543, 0.604693, 1.455702, -1.362646, -0.262253, 0.244058, -1.986045, 0.581896, -0.614209, -0.416865, -1.657935, -0.27647, 2.280891, 1.210867]",60.09,-33.62,-73.38,93.36,27.02,34.65,83.41,-78.07,-15.03,13.98,-113.79,33.34,-35.19,-23.88,-94.99,-15.84,130.69,69.38
