sequence_id,source,ref,n_frames,loop,size,row,frame_idx,shadow,iou_reported,iou,dice,boundary_iou,nsd,chamfer,hd95,cldice,hu_distance,fourier_distance,d_betti0,d_betti1,betti_error,pw_h0,pw_h1,n_limbs_target,n_limbs_shadow,limb_offset_rel,limbs_unmatched,tc_iou,tc_aspect_target,tc_aspect_shadow,tc_aspect_error,step_to,dq_max_deg,dq_l2_deg,dq_infeasible,shadow_step_iou,target_step_iou,motion_excess,n_transitions,iou_reported_mean,iou_reported_min,iou_reported_max,iou_reported_std,iou_mean,iou_min,iou_max,iou_std,dice_mean,dice_min,dice_max,dice_std,boundary_iou_mean,boundary_iou_min,boundary_iou_max,boundary_iou_std,nsd_mean,nsd_min,nsd_max,nsd_std,chamfer_mean,chamfer_min,chamfer_max,chamfer_std,hd95_mean,hd95_min,hd95_max,hd95_std,cldice_mean,cldice_min,cldice_max,cldice_std,hu_distance_mean,hu_distance_min,hu_distance_max,hu_distance_std,fourier_distance_mean,fourier_distance_min,fourier_distance_max,fourier_distance_std,d_betti0_mean,d_betti0_min,d_betti0_max,d_betti0_std,d_betti1_mean,d_betti1_min,d_betti1_max,d_betti1_std,betti_error_mean,betti_error_min,betti_error_max,betti_error_std,pw_h0_mean,pw_h0_min,pw_h0_max,pw_h0_std,pw_h1_mean,pw_h1_min,pw_h1_max,pw_h1_std,n_limbs_target_mean,n_limbs_target_min,n_limbs_target_max,n_limbs_target_std,n_limbs_shadow_mean,n_limbs_shadow_min,n_limbs_shadow_max,n_limbs_shadow_std,limb_offset_rel_mean,limb_offset_rel_min,limb_offset_rel_max,limb_offset_rel_std,limbs_unmatched_mean,limbs_unmatched_min,limbs_unmatched_max,limbs_unmatched_std,tc_iou_mean,tc_iou_min,tc_iou_max,tc_iou_std,tc_aspect_target_mean,tc_aspect_target_min,tc_aspect_target_max,tc_aspect_target_std,tc_aspect_shadow_mean,tc_aspect_shadow_min,tc_aspect_shadow_max,tc_aspect_shadow_std,tc_aspect_error_mean,tc_aspect_error_min,tc_aspect_error_max,tc_aspect_error_std,dq_max_deg_mean,dq_max_deg_min,dq_max_deg_max,dq_max_deg_std,dq_l2_deg_mean,dq_l2_deg_min,dq_l2_deg_max,dq_l2_deg_std,shadow_step_iou_mean,shadow_step_iou_min,shadow_step_iou_max,shadow_step_iou_std,target_step_iou_mean,target_step_iou_min,target_step_iou_max,target_step_iou_std,motion_excess_mean,motion_excess_min,motion_excess_max,motion_excess_std,dq_infeasible_frac,dq_infeasible_thr_deg,assignment_stability,n_arm_swaps,total_path_length_deg,loop_closure_dq_max_deg,loop_closure_shadow_step_iou,loop_closure_target_step_iou,dq_max_deg_by_transition
bird,optimizer_static,original,8,1,128,frame,0,C:/Users/hexia/Documents/GitHub/umbra-bench/optimized/sequences-static/bird/f00/f00_best.png,0.4347,0.4347,0.606,0.191,0.3709,0.0269,0.09378,0.6811,5.2955,2.1319,0,0,0,0.03198,0.04221,4,4,0.0875,0,0.452,1.1429,0.9189,0.1959,0->1,205.09,409.1,1,0.6033,0.5769,-0.0264,,,,,,,,,,,,,,,,,,,,,,,,,,,,,,,,,,,,,,,,,,,,,,,,,,,,,,,,,,,,,,,,,,,,,,,,,,,,,,,,,,,,,,,,,,,,,,,,,,,,,,,,,,,,,,,,,,,,,,,,,,
bird,optimizer_static,original,8,1,128,frame,1,C:/Users/hexia/Documents/GitHub/umbra-bench/optimized/sequences-static/bird/f01/f01_best.png,0.4807,0.4807,0.6493,0.187,0.3315,0.02292,0.08908,0.8039,3.0589,1.7498,0,0,0,0.02959,0.0032,4,4,0.0644,0,0.5877,1.4286,0.8889,0.3778,1->2,203.83,406.42,1,0.6229,0.4428,-0.1801,,,,,,,,,,,,,,,,,,,,,,,,,,,,,,,,,,,,,,,,,,,,,,,,,,,,,,,,,,,,,,,,,,,,,,,,,,,,,,,,,,,,,,,,,,,,,,,,,,,,,,,,,,,,,,,,,,,,,,,,,,
bird,optimizer_static,original,8,1,128,frame,2,C:/Users/hexia/Documents/GitHub/umbra-bench/optimized/sequences-static/bird/f02/f02_best.png,0.46,0.46,0.6302,0.1738,0.3015,0.02671,0.0926,0.7236,1.3968,0.4189,0,0,0,0.03507,0.00781,4,3,0.0963,1,0.5175,1.8413,1.0256,0.443,2->3,181.67,307.79,1,0.4332,0.4655,0.0323,,,,,,,,,,,,,,,,,,,,,,,,,,,,,,,,,,,,,,,,,,,,,,,,,,,,,,,,,,,,,,,,,,,,,,,,,,,,,,,,,,,,,,,,,,,,,,,,,,,,,,,,,,,,,,,,,,,,,,,,,,
bird,optimizer_static,original,8,1,128,frame,3,C:/Users/hexia/Documents/GitHub/umbra-bench/optimized/sequences-static/bird/f03/f03_best.png,0.5092,0.5092,0.6748,0.2035,0.3394,0.01976,0.09391,0.7985,2.8686,3.1668,0,0,0,0.06502,0.00234,4,3,0.0669,1,0.4036,1.5135,1.1771,0.2223,3->4,215.64,337.21,1,0.5753,0.586,0.0107,,,,,,,,,,,,,,,,,,,,,,,,,,,,,,,,,,,,,,,,,,,,,,,,,,,,,,,,,,,,,,,,,,,,,,,,,,,,,,,,,,,,,,,,,,,,,,,,,,,,,,,,,,,,,,,,,,,,,,,,,,
bird,optimizer_static,original,8,1,128,frame,4,C:/Users/hexia/Documents/GitHub/umbra-bench/optimized/sequences-static/bird/f04/f04_best.png,0.5147,0.5147,0.6796,0.2295,0.4286,0.01878,0.08798,0.7978,2.0984,8.3945,0,0,0,0.06195,0.04844,3,4,0.0587,1,0.4292,1.1765,0.9596,0.1843,4->5,215.64,337.21,1,0.5753,0.586,0.0107,,,,,,,,,,,,,,,,,,,,,,,,,,,,,,,,,,,,,,,,,,,,,,,,,,,,,,,,,,,,,,,,,,,,,,,,,,,,,,,,,,,,,,,,,,,,,,,,,,,,,,,,,,,,,,,,,,,,,,,,,,
bird,optimizer_static,original,8,1,128,frame,5,C:/Users/hexia/Documents/GitHub/umbra-bench/optimized/sequences-static/bird/f05/f05_best.png,0.5092,0.5092,0.6748,0.2035,0.3394,0.01976,0.09391,0.7985,2.8686,3.1668,0,0,0,0.06502,0.00234,4,3,0.0669,1,0.4036,1.5135,1.1771,0.2223,5->6,181.67,307.79,1,0.4332,0.4655,0.0323,,,,,,,,,,,,,,,,,,,,,,,,,,,,,,,,,,,,,,,,,,,,,,,,,,,,,,,,,,,,,,,,,,,,,,,,,,,,,,,,,,,,,,,,,,,,,,,,,,,,,,,,,,,,,,,,,,,,,,,,,,
bird,optimizer_static,original,8,1,128,frame,6,C:/Users/hexia/Documents/GitHub/umbra-bench/optimized/sequences-static/bird/f06/f06_best.png,0.46,0.46,0.6302,0.1738,0.3015,0.02671,0.0926,0.7236,1.3968,0.4189,0,0,0,0.03507,0.00781,4,3,0.0963,1,0.5175,1.8413,1.0256,0.443,6->7,203.83,406.42,1,0.6229,0.4428,-0.1801,,,,,,,,,,,,,,,,,,,,,,,,,,,,,,,,,,,,,,,,,,,,,,,,,,,,,,,,,,,,,,,,,,,,,,,,,,,,,,,,,,,,,,,,,,,,,,,,,,,,,,,,,,,,,,,,,,,,,,,,,,
bird,optimizer_static,original,8,1,128,frame,7,C:/Users/hexia/Documents/GitHub/umbra-bench/optimized/sequences-static/bird/f07/f07_best.png,0.4807,0.4807,0.6493,0.187,0.3315,0.02292,0.08908,0.8039,3.0589,1.7498,0,0,0,0.02959,0.0032,4,4,0.0644,0,0.5877,1.4286,0.8889,0.3778,wrap,205.09,409.1,1,0.6033,0.5769,-0.0264,,,,,,,,,,,,,,,,,,,,,,,,,,,,,,,,,,,,,,,,,,,,,,,,,,,,,,,,,,,,,,,,,,,,,,,,,,,,,,,,,,,,,,,,,,,,,,,,,,,,,,,,,,,,,,,,,,,,,,,,,,
bird,optimizer_static,original,8,1,128,aggregate,,,,,,,,,,,,,,,,,,,,,,,,,,,,,,,,,8,0.4812,0.4347,0.5147,0.0268,0.4812,0.4347,0.5147,0.0268,0.6493,0.606,0.6796,0.0246,0.1936,0.1738,0.2295,0.0172,0.343,0.3015,0.4286,0.0385,0.0231,0.0188,0.0269,0.0032,0.0916,0.088,0.0939,0.0023,0.7664,0.6811,0.8039,0.0458,2.7553,1.3968,5.2955,1.1611,2.6497,0.4189,8.3945,2.3817,0.0,0.0,0.0,0.0,0.0,0.0,0.0,0.0,0.0,0.0,0.0,0.0,0.0442,0.0296,0.065,0.0155,0.0147,0.0023,0.0484,0.0179,3.875,3.0,4.0,0.3307,3.5,3.0,4.0,0.5,0.0752,0.0587,0.0963,0.0145,0.625,0.0,1.0,0.4841,0.4874,0.4036,0.5877,0.0713,1.4858,1.1429,1.8413,0.2434,1.0077,0.8889,1.1771,0.1098,0.3083,0.1843,0.443,0.1053,201.5575,181.67,215.64,12.364,365.13,307.79,409.1,43.8909,0.5587,0.4332,0.6229,0.0744,0.5178,0.4428,0.586,0.0642,-0.0409,-0.1801,0.0323,0.0831,1.0,68.75,0.0,8,2921.04,205.09,0.6033,0.5769,"[205.09, 203.83, 181.67, 215.64, 215.64, 181.67, 203.83]"
cheer_n5,optimizer_static,original,8,1,128,frame,0,C:/Users/hexia/Documents/GitHub/umbra-bench/optimized/sequences-static/cheer_n5/f00/f00_best.png,0.8103,0.8103,0.8952,0.2892,0.4838,0.01526,0.06327,0.8791,0.1191,0.3601,0,0,0,0.07827,0.08126,4,5,0.0568,1,0.7756,0.5088,0.4959,0.0254,0->1,170.14,394.81,1,0.7039,0.7049,0.001,,,,,,,,,,,,,,,,,,,,,,,,,,,,,,,,,,,,,,,,,,,,,,,,,,,,,,,,,,,,,,,,,,,,,,,,,,,,,,,,,,,,,,,,,,,,,,,,,,,,,,,,,,,,,,,,,,,,,,,,,,
cheer_n5,optimizer_static,original,8,1,128,frame,1,C:/Users/hexia/Documents/GitHub/umbra-bench/optimized/sequences-static/cheer_n5/f01/f01_best.png,0.7768,0.7768,0.8744,0.3253,0.5397,0.01439,0.05961,0.8907,2.9936,1.1272,0,0,0,0.05757,0.00781,4,5,0.0566,1,0.5364,0.8596,0.6484,0.2457,1->2,275.27,428.46,1,0.7188,0.6965,-0.0223,,,,,,,,,,,,,,,,,,,,,,,,,,,,,,,,,,,,,,,,,,,,,,,,,,,,,,,,,,,,,,,,,,,,,,,,,,,,,,,,,,,,,,,,,,,,,,,,,,,,,,,,,,,,,,,,,,,,,,,,,,
cheer_n5,optimizer_static,original,8,1,128,frame,2,C:/Users/hexia/Documents/GitHub/umbra-bench/optimized/sequences-static/cheer_n5/f02/f02_best.png,0.7547,0.7547,0.8602,0.2826,0.4688,0.01597,0.07164,0.864,1.1006,4.5622,0,0,0,0.04001,0.0,4,6,0.0578,2,0.6867,0.9825,0.7179,0.2692,2->3,209.27,456.38,1,0.6829,0.6885,0.0056,,,,,,,,,,,,,,,,,,,,,,,,,,,,,,,,,,,,,,,,,,,,,,,,,,,,,,,,,,,,,,,,,,,,,,,,,,,,,,,,,,,,,,,,,,,,,,,,,,,,,,,,,,,,,,,,,,,,,,,,,,
cheer_n5,optimizer_static,original,8,1,128,frame,3,C:/Users/hexia/Documents/GitHub/umbra-bench/optimized/sequences-static/cheer_n5/f03/f03_best.png,0.8021,0.8021,0.8902,0.386,0.6112,0.01111,0.05039,0.9049,0.8241,1.4719,0,0,0,0.09334,0.01489,4,6,0.0514,2,0.6172,0.9649,0.7953,0.1758,3->4,263.22,503.68,1,0.6827,0.6891,0.0064,,,,,,,,,,,,,,,,,,,,,,,,,,,,,,,,,,,,,,,,,,,,,,,,,,,,,,,,,,,,,,,,,,,,,,,,,,,,,,,,,,,,,,,,,,,,,,,,,,,,,,,,,,,,,,,,,,,,,,,,,,
cheer_n5,optimizer_static,original,8,1,128,frame,4,C:/Users/hexia/Documents/GitHub/umbra-bench/optimized/sequences-static/cheer_n5/f04/f04_best.png,0.8184,0.8184,0.9001,0.3599,0.5611,0.01314,0.04972,0.9151,0.7017,0.3752,0,0,0,0.03827,0.02895,3,6,0.0474,3,0.768,0.6724,0.6098,0.0932,4->5,263.22,503.68,1,0.6827,0.6891,0.0064,,,,,,,,,,,,,,,,,,,,,,,,,,,,,,,,,,,,,,,,,,,,,,,,,,,,,,,,,,,,,,,,,,,,,,,,,,,,,,,,,,,,,,,,,,,,,,,,,,,,,,,,,,,,,,,,,,,,,,,,,,
cheer_n5,optimizer_static,original,8,1,128,frame,5,C:/Users/hexia/Documents/GitHub/umbra-bench/optimized/sequences-static/cheer_n5/f05/f05_best.png,0.8021,0.8021,0.8902,0.386,0.6112,0.01111,0.05039,0.9049,0.8241,1.4719,0,0,0,0.09334,0.01489,4,6,0.0514,2,0.6172,0.9649,0.7953,0.1758,5->6,209.27,456.38,1,0.6829,0.6885,0.0056,,,,,,,,,,,,,,,,,,,,,,,,,,,,,,,,,,,,,,,,,,,,,,,,,,,,,,,,,,,,,,,,,,,,,,,,,,,,,,,,,,,,,,,,,,,,,,,,,,,,,,,,,,,,,,,,,,,,,,,,,,
cheer_n5,optimizer_static,original,8,1,128,frame,6,C:/Users/hexia/Documents/GitHub/umbra-bench/optimized/sequences-static/cheer_n5/f06/f06_best.png,0.7547,0.7547,0.8602,0.2826,0.4688,0.01597,0.07164,0.864,1.1006,4.5622,0,0,0,0.04001,0.0,4,6,0.0578,2,0.6867,0.9825,0.7179,0.2692,6->7,275.27,428.46,1,0.7188,0.6965,-0.0223,,,,,,,,,,,,,,,,,,,,,,,,,,,,,,,,,,,,,,,,,,,,,,,,,,,,,,,,,,,,,,,,,,,,,,,,,,,,,,,,,,,,,,,,,,,,,,,,,,,,,,,,,,,,,,,,,,,,,,,,,,
cheer_n5,optimizer_static,original,8,1,128,frame,7,C:/Users/hexia/Documents/GitHub/umbra-bench/optimized/sequences-static/cheer_n5/f07/f07_best.png,0.7768,0.7768,0.8744,0.3253,0.5397,0.01439,0.05961,0.8907,2.9936,1.1272,0,0,0,0.05757,0.00781,4,5,0.0566,1,0.5364,0.8596,0.6484,0.2457,wrap,170.14,394.81,1,0.7039,0.7049,0.001,,,,,,,,,,,,,,,,,,,,,,,,,,,,,,,,,,,,,,,,,,,,,,,,,,,,,,,,,,,,,,,,,,,,,,,,,,,,,,,,,,,,,,,,,,,,,,,,,,,,,,,,,,,,,,,,,,,,,,,,,,
cheer_n5,optimizer_static,original,8,1,128,aggregate,,,,,,,,,,,,,,,,,,,,,,,,,,,,,,,,,8,0.787,0.7547,0.8184,0.0231,0.787,0.7547,0.8184,0.0231,0.8806,0.8602,0.9001,0.0145,0.3296,0.2826,0.386,0.0409,0.5355,0.4688,0.6112,0.0545,0.0139,0.0111,0.016,0.0018,0.0595,0.0497,0.0716,0.0084,0.8892,0.864,0.9151,0.0178,1.3322,0.1191,2.9936,1.0008,1.8822,0.3601,4.5622,1.598,0.0,0.0,0.0,0.0,0.0,0.0,0.0,0.0,0.0,0.0,0.0,0.0,0.0623,0.0383,0.0933,0.0218,0.0195,0.0,0.0813,0.0249,3.875,3.0,4.0,0.3307,5.625,5.0,6.0,0.4841,0.0545,0.0474,0.0578,0.0036,1.75,1.0,3.0,0.6614,0.653,0.5364,0.7756,0.0868,0.8494,0.5088,0.9825,0.1619,0.6786,0.4959,0.7953,0.0937,0.1875,0.0254,0.2692,0.0833,229.475,170.14,275.27,42.3225,445.8325,394.81,503.68,39.8832,0.6971,0.6827,0.7188,0.0152,0.6947,0.6885,0.7049,0.0067,-0.0023,-0.0223,0.0064,0.0117,1.0,68.75,0.0,8,3566.66,170.14,0.7039,0.7049,"[170.14, 275.27, 209.27, 263.22, 263.22, 209.27, 275.27]"
demo_01_scene_01_I,optimizer_static,original,10,0,128,frame,0,C:/Users/hexia/Documents/GitHub/umbra-bench/optimized/sequences-static/demo_01_scene_01_I/f00/f00_best.png,0.605,0.605,0.7539,0.2193,0.3358,0.01822,0.04972,0.8529,0.5024,0.1293,0,0,0,0.03284,0.02421,2,3,0.0664,1,0.6776,0.4722,0.6279,0.3297,0->1,162.68,316.8,1,0.7505,0.9987,0.2482,,,,,,,,,,,,,,,,,,,,,,,,,,,,,,,,,,,,,,,,,,,,,,,,,,,,,,,,,,,,,,,,,,,,,,,,,,,,,,,,,,,,,,,,,,,,,,,,,,,,,,,,,,,,,,,,,,,,,,,,,,
demo_01_scene_01_I,optimizer_static,original,10,0,128,frame,1,C:/Users/hexia/Documents/GitHub/umbra-bench/optimized/sequences-static/demo_01_scene_01_I/f01/f01_best.png,0.6422,0.6422,0.7821,0.247,0.4016,0.0154,0.05549,0.8177,1.5022,0.1527,1,0,1,0.04142,0.03672,2,3,0.047,1,0.622,0.4722,0.5376,0.1385,1->2,196.16,367.44,1,0.6475,0.7863,0.1388,,,,,,,,,,,,,,,,,,,,,,,,,,,,,,,,,,,,,,,,,,,,,,,,,,,,,,,,,,,,,,,,,,,,,,,,,,,,,,,,,,,,,,,,,,,,,,,,,,,,,,,,,,,,,,,,,,,,,,,,,,
demo_01_scene_01_I,optimizer_static,original,10,0,128,frame,2,C:/Users/hexia/Documents/GitHub/umbra-bench/optimized/sequences-static/demo_01_scene_01_I/f02/f02_best.png,0.6356,0.6356,0.7772,0.2302,0.3916,0.01601,0.06326,0.8147,3.8543,0.1417,0,0,0,0.03146,0.04216,2,4,0.0516,2,0.5223,0.4675,0.4,0.1444,2->3,109.02,186.97,1,0.7573,0.812,0.0547,,,,,,,,,,,,,,,,,,,,,,,,,,,,,,,,,,,,,,,,,,,,,,,,,,,,,,,,,,,,,,,,,,,,,,,,,,,,,,,,,,,,,,,,,,,,,,,,,,,,,,,,,,,,,,,,,,,,,,,,,,
demo_01_scene_01_I,optimizer_static,original,10,0,128,frame,3,C:/Users/hexia/Documents/GitHub/umbra-bench/optimized/sequences-static/demo_01_scene_01_I/f03/f03_best.png,0.6295,0.6295,0.7726,0.2285,0.3777,0.01797,0.0785,0.8063,2.0257,0.1397,0,0,0,0.02727,0.0,2,4,0.055,2,0.5356,0.4524,0.3739,0.1735,3->4,188.16,377.53,1,0.6723,0.7674,0.0951,,,,,,,,,,,,,,,,,,,,,,,,,,,,,,,,,,,,,,,,,,,,,,,,,,,,,,,,,,,,,,,,,,,,,,,,,,,,,,,,,,,,,,,,,,,,,,,,,,,,,,,,,,,,,,,,,,,,,,,,,,
demo_01_scene_01_I,optimizer_static,original,10,0,128,frame,4,C:/Users/hexia/Documents/GitHub/umbra-bench/optimized/sequences-static/demo_01_scene_01_I/f04/f04_best.png,0.6234,0.6234,0.768,0.2149,0.3602,0.01717,0.06077,0.8205,1.1463,0.1665,0,0,0,0.03991,0.03516,3,4,0.0672,1,0.5946,0.4396,0.4828,0.0983,4->5,85.63,188.15,1,0.6648,0.8263,0.1615,,,,,,,,,,,,,,,,,,,,,,,,,,,,,,,,,,,,,,,,,,,,,,,,,,,,,,,,,,,,,,,,,,,,,,,,,,,,,,,,,,,,,,,,,,,,,,,,,,,,,,,,,,,,,,,,,,,,,,,,,,
demo_01_scene_01_I,optimizer_static,original,10,0,128,frame,5,C:/Users/hexia/Documents/GitHub/umbra-bench/optimized/sequences-static/demo_01_scene_01_I/f05/f05_best.png,0.6063,0.6063,0.7549,0.1853,0.299,0.01989,0.08212,0.8123,1.2884,0.2053,0,0,0,0.03136,0.01014,3,4,0.0622,1,0.6362,0.4479,0.4173,0.0683,5->6,161.9,297.81,1,0.7503,0.7864,0.0361,,,,,,,,,,,,,,,,,,,,,,,,,,,,,,,,,,,,,,,,,,,,,,,,,,,,,,,,,,,,,,,,,,,,,,,,,,,,,,,,,,,,,,,,,,,,,,,,,,,,,,,,,,,,,,,,,,,,,,,,,,
demo_01_scene_01_I,optimizer_static,original,10,0,128,frame,6,C:/Users/hexia/Documents/GitHub/umbra-bench/optimized/sequences-static/demo_01_scene_01_I/f06/f06_best.png,0.6315,0.6315,0.7742,0.2507,0.4041,0.01779,0.07167,0.7921,0.1766,0.1232,0,0,0,0.0412,0.01953,3,3,0.0764,0,0.6019,0.4563,0.3594,0.2124,6->7,159.69,283.29,1,0.6933,0.8608,0.1675,,,,,,,,,,,,,,,,,,,,,,,,,,,,,,,,,,,,,,,,,,,,,,,,,,,,,,,,,,,,,,,,,,,,,,,,,,,,,,,,,,,,,,,,,,,,,,,,,,,,,,,,,,,,,,,,,,,,,,,,,,
demo_01_scene_01_I,optimizer_static,original,10,0,128,frame,7,C:/Users/hexia/Documents/GitHub/umbra-bench/optimized/sequences-static/demo_01_scene_01_I/f07/f07_best.png,0.6847,0.6847,0.8128,0.3266,0.5348,0.01308,0.05524,0.8692,2.7856,0.1252,0,0,0,0.03413,0.01562,3,3,0.0528,0,0.6549,0.4486,0.3906,0.1292,7->8,64.25,130.44,0,0.7926,0.8565,0.0639,,,,,,,,,,,,,,,,,,,,,,,,,,,,,,,,,,,,,,,,,,,,,,,,,,,,,,,,,,,,,,,,,,,,,,,,,,,,,,,,,,,,,,,,,,,,,,,,,,,,,,,,,,,,,,,,,,,,,,,,,,
demo_01_scene_01_I,optimizer_static,original,10,0,128,frame,8,C:/Users/hexia/Documents/GitHub/umbra-bench/optimized/sequences-static/demo_01_scene_01_I/f08/f08_best.png,0.6909,0.6909,0.8172,0.315,0.4838,0.0136,0.04972,0.8542,2.6513,0.1112,0,0,0,0.02796,0.0,3,4,0.0444,1,0.5862,0.4727,0.3672,0.2233,8->9,3.07,5.31,0,0.9661,0.9992,0.0331,,,,,,,,,,,,,,,,,,,,,,,,,,,,,,,,,,,,,,,,,,,,,,,,,,,,,,,,,,,,,,,,,,,,,,,,,,,,,,,,,,,,,,,,,,,,,,,,,,,,,,,,,,,,,,,,,,,,,,,,,,
demo_01_scene_01_I,optimizer_static,original,10,0,128,frame,9,C:/Users/hexia/Documents/GitHub/umbra-bench/optimized/sequences-static/demo_01_scene_01_I/f09/f09_best.png,0.6947,0.6947,0.8198,0.312,0.4783,0.01345,0.04972,0.8604,2.699,0.1119,0,0,0,0.0309,0.00781,3,4,0.0401,1,0.5901,0.4727,0.3672,0.2233,,,,,,,,,,,,,,,,,,,,,,,,,,,,,,,,,,,,,,,,,,,,,,,,,,,,,,,,,,,,,,,,,,,,,,,,,,,,,,,,,,,,,,,,,,,,,,,,,,,,,,,,,,,,,,,,,,,,,,,,,,,,,,,,,
demo_01_scene_01_I,optimizer_static,original,10,0,128,aggregate,,,,,,,,,,,,,,,,,,,,,,,,,,,,,,,,,9,0.6444,0.605,0.6947,0.032,0.6444,0.605,0.6947,0.032,0.7833,0.7539,0.8198,0.0234,0.2529,0.1853,0.3266,0.0459,0.4067,0.299,0.5348,0.0688,0.0163,0.0131,0.0199,0.0022,0.0616,0.0497,0.0821,0.0115,0.83,0.7921,0.8692,0.0252,1.8632,0.1766,3.8543,1.0878,0.1407,0.1112,0.2053,0.0271,0.1,0.0,1.0,0.3,0.0,0.0,0.0,0.0,0.1,0.0,1.0,0.3,0.0338,0.0273,0.0414,0.005,0.0191,0.0,0.0422,0.0144,2.6,2.0,3.0,0.4899,3.6,3.0,4.0,0.4899,0.0563,0.0401,0.0764,0.0109,1.0,0.0,2.0,0.6325,0.6021,0.5223,0.6776,0.0461,0.4602,0.4396,0.4727,0.012,0.4324,0.3594,0.6279,0.0849,0.1741,0.0683,0.3297,0.0719,125.6178,3.07,196.16,60.9163,239.3044,5.31,377.53,114.9148,0.7439,0.6475,0.9661,0.0914,0.8548,0.7674,0.9992,0.0825,0.111,0.0331,0.2482,0.0688,0.7778,68.75,0.5556,4,2153.74,,,,"[162.68, 196.16, 109.02, 188.16, 85.63, 161.9, 159.69, 64.25, 3.07]"
demo_01_scene_02_F,optimizer_static,original,21,0,128,frame,0,C:/Users/hexia/Documents/GitHub/umbra-bench/optimized/sequences-static/demo_01_scene_02_F/f00/f00_best.png,0.6478,0.6478,0.7863,0.2305,0.3954,0.01888,0.07622,0.8144,0.4325,0.268,0,0,0,0.05297,0.04215,3,5,0.0813,2,0.6317,0.5545,0.5078,0.0843,0->1,201.82,404.6,1,0.7571,0.8863,0.1292,,,,,,,,,,,,,,,,,,,,,,,,,,,,,,,,,,,,,,,,,,,,,,,,,,,,,,,,,,,,,,,,,,,,,,,,,,,,,,,,,,,,,,,,,,,,,,,,,,,,,,,,,,,,,,,,,,,,,,,,,,
demo_01_scene_02_F,optimizer_static,original,21,0,128,frame,1,C:/Users/hexia/Documents/GitHub/umbra-bench/optimized/sequences-static/demo_01_scene_02_F/f01/f01_best.png,0.6541,0.6541,0.7909,0.2252,0.3893,0.02153,0.06631,0.9069,0.6324,0.3298,0,0,0,0.04674,0.07504,3,4,0.1016,1,0.6925,0.578,0.4622,0.2003,1->2,254.62,438.69,1,0.7123,0.7967,0.0844,,,,,,,,,,,,,,,,,,,,,,,,,,,,,,,,,,,,,,,,,,,,,,,,,,,,,,,,,,,,,,,,,,,,,,,,,,,,,,,,,,,,,,,,,,,,,,,,,,,,,,,,,,,,,,,,,,,,,,,,,,
demo_01_scene_02_F,optimizer_static,original,21,0,128,frame,2,C:/Users/hexia/Documents/GitHub/umbra-bench/optimized/sequences-static/demo_01_scene_02_F/f02/f02_best.png,0.6444,0.6444,0.7838,0.1776,0.3077,0.02117,0.05524,0.8817,0.7728,0.3432,0,1,1,0.04066,0.08907,3,4,0.1069,1,0.4439,0.6476,0.4844,0.2521,2->3,242.06,454.37,1,0.7443,0.854,0.1097,,,,,,,,,,,,,,,,,,,,,,,,,,,,,,,,,,,,,,,,,,,,,,,,,,,,,,,,,,,,,,,,,,,,,,,,,,,,,,,,,,,,,,,,,,,,,,,,,,,,,,,,,,,,,,,,,,,,,,,,,,
demo_01_scene_02_F,optimizer_static,original,21,0,128,frame,3,C:/Users/hexia/Documents/GitHub/umbra-bench/optimized/sequences-static/demo_01_scene_02_F/f03/f03_best.png,0.6381,0.6381,0.7791,0.1944,0.3431,0.02012,0.07963,0.8759,0.5576,0.2522,0,0,0,0.0654,0.08837,3,6,0.0588,3,0.6045,0.6636,0.595,0.1032,3->4,146.52,245.02,1,0.79,0.8976,0.1076,,,,,,,,,,,,,,,,,,,,,,,,,,,,,,,,,,,,,,,,,,,,,,,,,,,,,,,,,,,,,,,,,,,,,,,,,,,,,,,,,,,,,,,,,,,,,,,,,,,,,,,,,,,,,,,,,,,,,,,,,,
demo_01_scene_02_F,optimizer_static,original,21,0,128,frame,4,C:/Users/hexia/Documents/GitHub/umbra-bench/optimized/sequences-static/demo_01_scene_02_F/f04/f04_best.png,0.6074,0.6074,0.7558,0.1996,0.3409,0.02239,0.08647,0.8607,1.0667,0.2602,0,0,0,0.05038,0.05862,3,6,0.0647,3,0.442,0.6887,0.5938,0.1378,4->5,220.34,394.33,1,0.6719,0.7963,0.1244,,,,,,,,,,,,,,,,,,,,,,,,,,,,,,,,,,,,,,,,,,,,,,,,,,,,,,,,,,,,,,,,,,,,,,,,,,,,,,,,,,,,,,,,,,,,,,,,,,,,,,,,,,,,,,,,,,,,,,,,,,
demo_01_scene_02_F,optimizer_static,original,21,0,128,frame,5,C:/Users/hexia/Documents/GitHub/umbra-bench/optimized/sequences-static/demo_01_scene_02_F/f05/f05_best.png,0.6173,0.6173,0.7633,0.2188,0.3685,0.02101,0.06652,0.7657,0.2634,0.3168,0,2,2,0.05783,0.10237,3,3,0.1835,0,0.5354,0.7019,0.7063,0.0063,5->6,172.22,200.24,1,0.7411,0.8877,0.1466,,,,,,,,,,,,,,,,,,,,,,,,,,,,,,,,,,,,,,,,,,,,,,,,,,,,,,,,,,,,,,,,,,,,,,,,,,,,,,,,,,,,,,,,,,,,,,,,,,,,,,,,,,,,,,,,,,,,,,,,,,
demo_01_scene_02_F,optimizer_static,original,21,0,128,frame,6,C:/Users/hexia/Documents/GitHub/umbra-bench/optimized/sequences-static/demo_01_scene_02_F/f06/f06_best.png,0.5982,0.5982,0.7486,0.2357,0.3922,0.01942,0.0625,0.776,0.5271,0.3225,0,1,1,0.05784,0.1007,3,4,0.1239,1,0.5509,0.7426,0.7131,0.0397,6->7,226.77,374.75,1,0.7001,0.9276,0.2275,,,,,,,,,,,,,,,,,,,,,,,,,,,,,,,,,,,,,,,,,,,,,,,,,,,,,,,,,,,,,,,,,,,,,,,,,,,,,,,,,,,,,,,,,,,,,,,,,,,,,,,,,,,,,,,,,,,,,,,,,,
demo_01_scene_02_F,optimizer_static,original,21,0,128,frame,7,C:/Users/hexia/Documents/GitHub/umbra-bench/optimized/sequences-static/demo_01_scene_02_F/f07/f07_best.png,0.5777,0.5777,0.7323,0.2362,0.4064,0.02285,0.08357,0.7336,0.9037,0.3517,0,1,1,0.05143,0.11956,3,4,0.1427,1,0.3779,0.7426,0.6328,0.1478,7->8,261.36,343.89,1,0.6946,0.8628,0.1682,,,,,,,,,,,,,,,,,,,,,,,,,,,,,,,,,,,,,,,,,,,,,,,,,,,,,,,,,,,,,,,,,,,,,,,,,,,,,,,,,,,,,,,,,,,,,,,,,,,,,,,,,,,,,,,,,,,,,,,,,,
demo_01_scene_02_F,optimizer_static,original,21,0,128,frame,8,C:/Users/hexia/Documents/GitHub/umbra-bench/optimized/sequences-static/demo_01_scene_02_F/f08/f08_best.png,0.5724,0.5724,0.7281,0.195,0.3322,0.02287,0.07832,0.7687,0.6453,0.4505,0,1,1,0.04628,0.0694,3,5,0.1115,2,0.3741,0.7576,0.6452,0.1484,8->9,211.39,310.04,1,0.6569,0.8895,0.2326,,,,,,,,,,,,,,,,,,,,,,,,,,,,,,,,,,,,,,,,,,,,,,,,,,,,,,,,,,,,,,,,,,,,,,,,,,,,,,,,,,,,,,,,,,,,,,,,,,,,,,,,,,,,,,,,,,,,,,,,,,
demo_01_scene_02_F,optimizer_static,original,21,0,128,frame,9,C:/Users/hexia/Documents/GitHub/umbra-bench/optimized/sequences-static/demo_01_scene_02_F/f09/f09_best.png,0.5968,0.5968,0.7475,0.1985,0.3592,0.01835,0.0668,0.7939,0.9329,0.3941,0,1,1,0.06253,0.09841,3,6,0.1112,3,0.5947,0.74,0.7304,0.0129,9->10,195.3,343.26,1,0.709,0.995,0.286,,,,,,,,,,,,,,,,,,,,,,,,,,,,,,,,,,,,,,,,,,,,,,,,,,,,,,,,,,,,,,,,,,,,,,,,,,,,,,,,,,,,,,,,,,,,,,,,,,,,,,,,,,,,,,,,,,,,,,,,,,
demo_01_scene_02_F,optimizer_static,original,21,0,128,frame,10,C:/Users/hexia/Documents/GitHub/umbra-bench/optimized/sequences-static/demo_01_scene_02_F/f10/f10_best.png,0.6004,0.6004,0.7503,0.1844,0.3019,0.02356,0.08145,0.7845,0.6543,0.4359,0,1,1,0.06376,0.10154,3,5,0.1132,2,0.4932,0.74,0.7131,0.0363,10->11,79.04,139.27,1,0.8155,0.9962,0.1807,,,,,,,,,,,,,,,,,,,,,,,,,,,,,,,,,,,,,,,,,,,,,,,,,,,,,,,,,,,,,,,,,,,,,,,,,,,,,,,,,,,,,,,,,,,,,,,,,,,,,,,,,,,,,,,,,,,,,,,,,,
demo_01_scene_02_F,optimizer_static,original,21,0,128,frame,11,C:/Users/hexia/Documents/GitHub/umbra-bench/optimized/sequences-static/demo_01_scene_02_F/f11/f11_best.png,0.5932,0.5932,0.7447,0.173,0.2817,0.02284,0.07276,0.7692,0.6182,0.3059,0,2,2,0.05121,0.08516,3,4,0.1132,1,0.4672,0.74,0.6829,0.0771,11->12,282.14,412.51,1,0.74,0.9168,0.1768,,,,,,,,,,,,,,,,,,,,,,,,,,,,,,,,,,,,,,,,,,,,,,,,,,,,,,,,,,,,,,,,,,,,,,,,,,,,,,,,,,,,,,,,,,,,,,,,,,,,,,,,,,,,,,,,,,,,,,,,,,
demo_01_scene_02_F,optimizer_static,original,21,0,128,frame,12,C:/Users/hexia/Documents/GitHub/umbra-bench/optimized/sequences-static/demo_01_scene_02_F/f12/f12_best.png,0.621,0.621,0.7662,0.1889,0.3157,0.02239,0.06077,0.7825,0.2128,0.2887,0,1,1,0.05863,0.08746,3,6,0.0608,3,0.593,0.7273,0.6957,0.0435,12->13,208.66,259.02,1,0.7965,0.9516,0.1551,,,,,,,,,,,,,,,,,,,,,,,,,,,,,,,,,,,,,,,,,,,,,,,,,,,,,,,,,,,,,,,,,,,,,,,,,,,,,,,,,,,,,,,,,,,,,,,,,,,,,,,,,,,,,,,,,,,,,,,,,,
demo_01_scene_02_F,optimizer_static,original,21,0,128,frame,13,C:/Users/hexia/Documents/GitHub/umbra-bench/optimized/sequences-static/demo_01_scene_02_F/f13/f13_best.png,0.6351,0.6351,0.7768,0.2541,0.4403,0.02038,0.06714,0.8441,0.6499,0.2376,0,1,1,0.06138,0.13661,3,2,0.0803,1,0.6391,0.7129,0.7043,0.012,13->14,229.02,366.59,1,0.7203,0.8816,0.1613,,,,,,,,,,,,,,,,,,,,,,,,,,,,,,,,,,,,,,,,,,,,,,,,,,,,,,,,,,,,,,,,,,,,,,,,,,,,,,,,,,,,,,,,,,,,,,,,,,,,,,,,,,,,,,,,,,,,,,,,,,
demo_01_scene_02_F,optimizer_static,original,21,0,128,frame,14,C:/Users/hexia/Documents/GitHub/umbra-bench/optimized/sequences-static/demo_01_scene_02_F/f14/f14_best.png,0.6673,0.6673,0.8005,0.214,0.4038,0.02001,0.05524,0.8501,0.2803,0.2181,0,0,0,0.03914,0.04689,2,5,0.0968,3,0.552,0.6832,0.6475,0.0522,14->15,163.4,270.6,1,0.7379,0.8836,0.1457,,,,,,,,,,,,,,,,,,,,,,,,,,,,,,,,,,,,,,,,,,,,,,,,,,,,,,,,,,,,,,,,,,,,,,,,,,,,,,,,,,,,,,,,,,,,,,,,,,,,,,,,,,,,,,,,,,,,,,,,,,
demo_01_scene_02_F,optimizer_static,original,21,0,128,frame,15,C:/Users/hexia/Documents/GitHub/umbra-bench/optimized/sequences-static/demo_01_scene_02_F/f15/f15_best.png,0.6296,0.6296,0.7727,0.1835,0.2827,0.02067,0.06446,0.798,0.1836,0.1496,0,1,1,0.06591,0.10463,2,4,0.0633,2,0.6612,0.6373,0.6875,0.0788,15->16,49.8,110.05,0,0.7595,0.8835,0.124,,,,,,,,,,,,,,,,,,,,,,,,,,,,,,,,,,,,,,,,,,,,,,,,,,,,,,,,,,,,,,,,,,,,,,,,,,,,,,,,,,,,,,,,,,,,,,,,,,,,,,,,,,,,,,,,,,,,,,,,,,
demo_01_scene_02_F,optimizer_static,original,21,0,128,frame,16,C:/Users/hexia/Documents/GitHub/umbra-bench/optimized/sequences-static/demo_01_scene_02_F/f16/f16_best.png,0.6593,0.6593,0.7946,0.1918,0.3343,0.02235,0.06176,0.8243,0.2049,0.1687,0,0,0,0.0482,0.12804,2,6,0.0673,4,0.6488,0.6569,0.6723,0.0235,16->17,260.85,379.5,1,0.792,0.895,0.103,,,,,,,,,,,,,,,,,,,,,,,,,,,,,,,,,,,,,,,,,,,,,,,,,,,,,,,,,,,,,,,,,,,,,,,,,,,,,,,,,,,,,,,,,,,,,,,,,,,,,,,,,,,,,,,,,,,,,,,,,,
demo_01_scene_02_F,optimizer_static,original,21,0,128,frame,17,C:/Users/hexia/Documents/GitHub/umbra-bench/optimized/sequences-static/demo_01_scene_02_F/f17/f17_best.png,0.6996,0.6996,0.8233,0.2216,0.4154,0.02007,0.06466,0.827,0.9239,0.1676,0,0,0,0.06216,0.08673,2,5,0.073,3,0.6762,0.6832,0.6864,0.0048,17->18,293.66,355.01,1,0.7213,0.7592,0.0379,,,,,,,,,,,,,,,,,,,,,,,,,,,,,,,,,,,,,,,,,,,,,,,,,,,,,,,,,,,,,,,,,,,,,,,,,,,,,,,,,,,,,,,,,,,,,,,,,,,,,,,,,,,,,,,,,,,,,,,,,,
demo_01_scene_02_F,optimizer_static,original,21,0,128,frame,18,C:/Users/hexia/Documents/GitHub/umbra-bench/optimized/sequences-static/demo_01_scene_02_F/f18/f18_best.png,0.6032,0.6032,0.7525,0.1935,0.306,0.01913,0.06637,0.7985,0.8765,0.7944,0,2,2,0.09068,0.17696,3,3,0.1719,0,0.5368,0.703,0.8174,0.1628,18->19,238.74,359.84,1,0.6306,0.8203,0.1897,,,,,,,,,,,,,,,,,,,,,,,,,,,,,,,,,,,,,,,,,,,,,,,,,,,,,,,,,,,,,,,,,,,,,,,,,,,,,,,,,,,,,,,,,,,,,,,,,,,,,,,,,,,,,,,,,,,,,,,,,,
demo_01_scene_02_F,optimizer_static,original,21,0,128,frame,19,C:/Users/hexia/Documents/GitHub/umbra-bench/optimized/sequences-static/demo_01_scene_02_F/f19/f19_best.png,0.5785,0.5785,0.733,0.2171,0.3477,0.01784,0.06299,0.7877,1.8972,1.1829,0,3,3,0.08381,0.19124,3,2,0.2343,1,0.5431,0.7228,0.7521,0.0405,19->20,267.78,396.19,1,0.5186,0.997,0.4784,,,,,,,,,,,,,,,,,,,,,,,,,,,,,,,,,,,,,,,,,,,,,,,,,,,,,,,,,,,,,,,,,,,,,,,,,,,,,,,,,,,,,,,,,,,,,,,,,,,,,,,,,,,,,,,,,,,,,,,,,,
demo_01_scene_02_F,optimizer_static,original,21,0,128,frame,20,C:/Users/hexia/Documents/GitHub/umbra-bench/optimized/sequences-static/demo_01_scene_02_F/f20/f20_best.png,0.5522,0.5522,0.7115,0.1487,0.2733,0.02944,0.08859,0.6675,0.5851,1.1154,0,1,1,0.06635,0.10538,3,3,0.1037,0,0.5553,0.7228,0.7217,0.0014,,,,,,,,,,,,,,,,,,,,,,,,,,,,,,,,,,,,,,,,,,,,,,,,,,,,,,,,,,,,,,,,,,,,,,,,,,,,,,,,,,,,,,,,,,,,,,,,,,,,,,,,,,,,,,,,,,,,,,,,,,,,,,,,,
demo_01_scene_02_F,optimizer_static,original,21,0,128,aggregate,,,,,,,,,,,,,,,,,,,,,,,,,,,,,,,,,20,0.6187,0.5522,0.6996,0.0353,0.6187,0.5522,0.6996,0.0353,0.7639,0.7115,0.8233,0.0269,0.2039,0.1487,0.2541,0.0246,0.3494,0.2733,0.4403,0.0475,0.0213,0.0178,0.0294,0.0024,0.0699,0.0552,0.0886,0.0096,0.8053,0.6675,0.9069,0.0532,0.6581,0.1836,1.8972,0.3769,0.3978,0.1496,1.1829,0.2775,0.0,0.0,0.0,0.0,0.9048,0.0,3.0,0.8109,0.9048,0.0,3.0,0.8109,0.0583,0.0391,0.0907,0.0123,0.0997,0.0421,0.1912,0.0359,2.8095,2.0,3.0,0.3927,4.381,2.0,6.0,1.2527,0.1078,0.0588,0.2343,0.0438,1.7619,0.0,4.0,1.1508,0.553,0.3741,0.6925,0.0909,0.6927,0.5545,0.7576,0.0531,0.6596,0.4622,0.8174,0.0867,0.0793,0.0014,0.2521,0.0693,210.2745,49.8,293.66,61.68,327.8885,110.05,454.37,93.1507,0.7205,0.5186,0.8155,0.0655,0.8889,0.7592,0.997,0.0638,0.1684,0.0379,0.4784,0.0896,0.95,68.75,0.15,17,6557.77,,,,"[201.82, 254.62, 242.06, 146.52, 220.34, 172.22, 226.77, 261.36, 211.39, 195.3, 79.04, 282.14, 208.66, 229.02, 163.4, 49.8, 260.85, 293.66, 238.74, 267.78]"
demo_01_scene_03_F,optimizer_static,original,24,0,128,frame,0,C:/Users/hexia/Documents/GitHub/umbra-bench/optimized/sequences-static/demo_01_scene_03_F/f00/f00_best.png,0.5719,0.5719,0.7276,0.2542,0.4243,0.01959,0.08895,0.8324,0.882,1.127,0,1,1,0.06453,0.10997,4,2,0.2412,2,0.5161,0.875,0.5984,0.3162,0->1,237.53,389.72,1,0.6252,0.8484,0.2232,,,,,,,,,,,,,,,,,,,,,,,,,,,,,,,,,,,,,,,,,,,,,,,,,,,,,,,,,,,,,,,,,,,,,,,,,,,,,,,,,,,,,,,,,,,,,,,,,,,,,,,,,,,,,,,,,,,,,,,,,,
demo_01_scene_03_F,optimizer_static,original,24,0,128,frame,1,C:/Users/hexia/Documents/GitHub/umbra-bench/optimized/sequences-static/demo_01_scene_03_F/f01/f01_best.png,0.5857,0.5857,0.7387,0.2225,0.3667,0.01943,0.05093,0.7702,0.3518,1.0588,0,1,1,0.0708,0.16948,4,2,0.2489,2,0.51,0.901,0.678,0.2475,1->2,276.93,332.09,1,0.6732,0.8711,0.1979,,,,,,,,,,,,,,,,,,,,,,,,,,,,,,,,,,,,,,,,,,,,,,,,,,,,,,,,,,,,,,,,,,,,,,,,,,,,,,,,,,,,,,,,,,,,,,,,,,,,,,,,,,,,,,,,,,,,,,,,,,
demo_01_scene_03_F,optimizer_static,original,24,0,128,frame,2,C:/Users/hexia/Documents/GitHub/umbra-bench/optimized/sequences-static/demo_01_scene_03_F/f02/f02_best.png,0.5795,0.5795,0.7338,0.1969,0.3308,0.02023,0.05524,0.7643,1.9316,0.9737,0,4,4,0.09556,0.25618,4,3,0.1408,1,0.5624,0.8911,0.7018,0.2125,2->3,289.44,380.5,1,0.6372,0.7547,0.1175,,,,,,,,,,,,,,,,,,,,,,,,,,,,,,,,,,,,,,,,,,,,,,,,,,,,,,,,,,,,,,,,,,,,,,,,,,,,,,,,,,,,,,,,,,,,,,,,,,,,,,,,,,,,,,,,,,,,,,,,,,
demo_01_scene_03_F,optimizer_static,original,24,0,128,frame,3,C:/Users/hexia/Documents/GitHub/umbra-bench/optimized/sequences-static/demo_01_scene_03_F/f03/f03_best.png,0.5694,0.5694,0.7256,0.1732,0.3094,0.01925,0.04992,0.6817,0.2018,0.9499,0,3,3,0.07223,0.19773,4,2,0.0425,2,0.4595,0.8654,0.6484,0.2507,3->4,84.83,177.68,1,0.5706,0.7996,0.229,,,,,,,,,,,,,,,,,,,,,,,,,,,,,,,,,,,,,,,,,,,,,,,,,,,,,,,,,,,,,,,,,,,,,,,,,,,,,,,,,,,,,,,,,,,,,,,,,,,,,,,,,,,,,,,,,,,,,,,,,,
demo_01_scene_03_F,optimizer_static,original,24,0,128,frame,4,C:/Users/hexia/Documents/GitHub/umbra-bench/optimized/sequences-static/demo_01_scene_03_F/f04/f04_best.png,0.5676,0.5676,0.7242,0.1726,0.3025,0.02858,0.11811,0.6954,0.9621,0.9076,0,1,1,0.06291,0.17972,4,5,0.1401,1,0.5067,0.8585,0.6797,0.2083,4->5,78.22,132.73,1,0.7034,0.8958,0.1924,,,,,,,,,,,,,,,,,,,,,,,,,,,,,,,,,,,,,,,,,,,,,,,,,,,,,,,,,,,,,,,,,,,,,,,,,,,,,,,,,,,,,,,,,,,,,,,,,,,,,,,,,,,,,,,,,,,,,,,,,,
demo_01_scene_03_F,optimizer_static,original,24,0,128,frame,5,C:/Users/hexia/Documents/GitHub/umbra-bench/optimized/sequences-static/demo_01_scene_03_F/f05/f05_best.png,0.5787,0.5787,0.7331,0.1627,0.3032,0.02787,0.11107,0.7023,0.5944,0.956,0,2,2,0.05797,0.15779,4,5,0.1486,1,0.5075,0.8411,0.6562,0.2198,5->6,289.12,424.97,1,0.718,0.7782,0.0602,,,,,,,,,,,,,,,,,,,,,,,,,,,,,,,,,,,,,,,,,,,,,,,,,,,,,,,,,,,,,,,,,,,,,,,,,,,,,,,,,,,,,,,,,,,,,,,,,,,,,,,,,,,,,,,,,,,,,,,,,,
demo_01_scene_03_F,optimizer_static,original,24,0,128,frame,6,C:/Users/hexia/Documents/GitHub/umbra-bench/optimized/sequences-static/demo_01_scene_03_F/f06/f06_best.png,0.5844,0.5844,0.7377,0.1856,0.2951,0.02887,0.13284,0.6935,1.2183,1.0138,0,1,1,0.07392,0.14531,4,4,0.2507,0,0.476,0.8654,0.7109,0.1785,6->7,206.91,381.46,1,0.688,0.8425,0.1545,,,,,,,,,,,,,,,,,,,,,,,,,,,,,,,,,,,,,,,,,,,,,,,,,,,,,,,,,,,,,,,,,,,,,,,,,,,,,,,,,,,,,,,,,,,,,,,,,,,,,,,,,,,,,,,,,,,,,,,,,,
demo_01_scene_03_F,optimizer_static,original,24,0,128,frame,7,C:/Users/hexia/Documents/GitHub/umbra-bench/optimized/sequences-static/demo_01_scene_03_F/f07/f07_best.png,0.5781,0.5781,0.7327,0.1588,0.2935,0.02703,0.10612,0.7481,0.4377,0.9786,0,1,1,0.04959,0.16712,4,4,0.2245,0,0.491,0.89,0.6641,0.2539,7->8,106.48,244.0,1,0.6886,0.8631,0.1745,,,,,,,,,,,,,,,,,,,,,,,,,,,,,,,,,,,,,,,,,,,,,,,,,,,,,,,,,,,,,,,,,,,,,,,,,,,,,,,,,,,,,,,,,,,,,,,,,,,,,,,,,,,,,,,,,,,,,,,,,,
demo_01_scene_03_F,optimizer_static,original,24,0,128,frame,8,C:/Users/hexia/Documents/GitHub/umbra-bench/optimized/sequences-static/demo_01_scene_03_F/f08/f08_best.png,0.5853,0.5853,0.7384,0.19,0.3425,0.02668,0.12204,0.7384,1.0581,0.6368,0,0,0,0.08213,0.14135,4,5,0.2278,1,0.4985,0.9091,0.7652,0.1583,8->9,88.25,201.86,1,0.6828,0.7598,0.077,,,,,,,,,,,,,,,,,,,,,,,,,,,,,,,,,,,,,,,,,,,,,,,,,,,,,,,,,,,,,,,,,,,,,,,,,,,,,,,,,,,,,,,,,,,,,,,,,,,,,,,,,,,,,,,,,,,,,,,,,,
demo_01_scene_03_F,optimizer_static,original,24,0,128,frame,9,C:/Users/hexia/Documents/GitHub/umbra-bench/optimized/sequences-static/demo_01_scene_03_F/f09/f09_best.png,0.5964,0.5964,0.7472,0.1913,0.3265,0.02603,0.11601,0.7343,0.6186,0.7946,0,1,1,0.07818,0.1735,4,4,0.256,0,0.5262,0.8824,0.7851,0.1102,9->10,203.57,236.69,1,0.7354,0.7981,0.0627,,,,,,,,,,,,,,,,,,,,,,,,,,,,,,,,,,,,,,,,,,,,,,,,,,,,,,,,,,,,,,,,,,,,,,,,,,,,,,,,,,,,,,,,,,,,,,,,,,,,,,,,,,,,,,,,,,,,,,,,,,
demo_01_scene_03_F,optimizer_static,original,24,0,128,frame,10,C:/Users/hexia/Documents/GitHub/umbra-bench/optimized/sequences-static/demo_01_scene_03_F/f10/f10_best.png,0.6048,0.6048,0.7537,0.2326,0.3975,0.02074,0.0926,0.7584,0.8396,0.8934,0,2,2,0.05215,0.14289,4,5,0.1394,1,0.5337,0.8491,0.712,0.1614,10->11,264.65,384.01,1,0.6456,0.8973,0.2517,,,,,,,,,,,,,,,,,,,,,,,,,,,,,,,,,,,,,,,,,,,,,,,,,,,,,,,,,,,,,,,,,,,,,,,,,,,,,,,,,,,,,,,,,,,,,,,,,,,,,,,,,,,,,,,,,,,,,,,,,,
demo_01_scene_03_F,optimizer_static,original,24,0,128,frame,11,C:/Users/hexia/Documents/GitHub/umbra-bench/optimized/sequences-static/demo_01_scene_03_F/f11/f11_best.png,0.6146,0.6146,0.7613,0.2403,0.4102,0.02597,0.13368,0.7552,1.1692,0.9372,0,0,0,0.04834,0.1063,4,6,0.1532,2,0.5563,0.8224,0.6423,0.2191,11->12,236.83,272.53,1,0.6281,0.9088,0.2807,,,,,,,,,,,,,,,,,,,,,,,,,,,,,,,,,,,,,,,,,,,,,,,,,,,,,,,,,,,,,,,,,,,,,,,,,,,,,,,,,,,,,,,,,,,,,,,,,,,,,,,,,,,,,,,,,,,,,,,,,,
demo_01_scene_03_F,optimizer_static,original,24,0,128,frame,12,C:/Users/hexia/Documents/GitHub/umbra-bench/optimized/sequences-static/demo_01_scene_03_F/f12/f12_best.png,0.6003,0.6003,0.7502,0.2231,0.3824,0.02175,0.10828,0.7298,0.7061,0.765,0,1,1,0.06841,0.11799,4,5,0.2183,1,0.5559,0.8224,0.7049,0.1429,12->13,131.05,173.17,1,0.6486,0.8736,0.225,,,,,,,,,,,,,,,,,,,,,,,,,,,,,,,,,,,,,,,,,,,,,,,,,,,,,,,,,,,,,,,,,,,,,,,,,,,,,,,,,,,,,,,,,,,,,,,,,,,,,,,,,,,,,,,,,,,,,,,,,,
demo_01_scene_03_F,optimizer_static,original,24,0,128,frame,13,C:/Users/hexia/Documents/GitHub/umbra-bench/optimized/sequences-static/demo_01_scene_03_F/f13/f13_best.png,0.6142,0.6142,0.761,0.2439,0.4173,0.02459,0.14326,0.7429,0.7799,0.9759,0,0,0,0.05832,0.07817,4,5,0.1865,1,0.5569,0.8224,0.664,0.1926,13->14,147.48,335.12,1,0.5745,0.5033,-0.0712,,,,,,,,,,,,,,,,,,,,,,,,,,,,,,,,,,,,,,,,,,,,,,,,,,,,,,,,,,,,,,,,,,,,,,,,,,,,,,,,,,,,,,,,,,,,,,,,,,,,,,,,,,,,,,,,,,,,,,,,,,
demo_01_scene_03_F,optimizer_static,original,24,0,128,frame,14,C:/Users/hexia/Documents/GitHub/umbra-bench/optimized/sequences-static/demo_01_scene_03_F/f14/f14_best.png,0.5554,0.5554,0.7141,0.2117,0.3549,0.02463,0.11594,0.7284,0.9935,1.2815,0,0,0,0.07238,0.16743,4,7,0.0945,3,0.3948,0.8416,0.641,0.2383,14->15,100.18,220.65,1,0.5867,0.4951,-0.0916,,,,,,,,,,,,,,,,,,,,,,,,,,,,,,,,,,,,,,,,,,,,,,,,,,,,,,,,,,,,,,,,,,,,,,,,,,,,,,,,,,,,,,,,,,,,,,,,,,,,,,,,,,,,,,,,,,,,,,,,,,
demo_01_scene_03_F,optimizer_static,original,24,0,128,frame,15,C:/Users/hexia/Documents/GitHub/umbra-bench/optimized/sequences-static/demo_01_scene_03_F/f15/f15_best.png,0.5975,0.5975,0.748,0.1705,0.285,0.02303,0.06299,0.727,1.0892,1.0664,0,1,1,0.07236,0.21507,4,5,0.1652,1,0.5704,0.8866,0.8545,0.0362,15->16,268.63,391.54,1,0.4765,0.3963,-0.0802,,,,,,,,,,,,,,,,,,,,,,,,,,,,,,,,,,,,,,,,,,,,,,,,,,,,,,,,,,,,,,,,,,,,,,,,,,,,,,,,,,,,,,,,,,,,,,,,,,,,,,,,,,,,,,,,,,,,,,,,,,
demo_01_scene_03_F,optimizer_static,original,24,0,128,frame,16,C:/Users/hexia/Documents/GitHub/umbra-bench/optimized/sequences-static/demo_01_scene_03_F/f16/f16_best.png,0.6516,0.6516,0.789,0.2552,0.4619,0.01452,0.0472,0.7964,0.9546,1.2358,0,1,1,0.09124,0.21452,4,2,0.049,2,0.6127,0.7979,0.783,0.0186,16->17,287.04,410.21,1,0.6602,0.7824,0.1222,,,,,,,,,,,,,,,,,,,,,,,,,,,,,,,,,,,,,,,,,,,,,,,,,,,,,,,,,,,,,,,,,,,,,,,,,,,,,,,,,,,,,,,,,,,,,,,,,,,,,,,,,,,,,,,,,,,,,,,,,,
demo_01_scene_03_F,optimizer_static,original,24,0,128,frame,17,C:/Users/hexia/Documents/GitHub/umbra-bench/optimized/sequences-static/demo_01_scene_03_F/f17/f17_best.png,0.6528,0.6528,0.7899,0.2067,0.3209,0.01994,0.06299,0.783,1.3755,0.9141,0,3,3,0.08529,0.27204,4,2,0.0579,2,0.5526,0.828,0.6216,0.2492,17->18,182.14,297.27,1,0.6865,0.818,0.1315,,,,,,,,,,,,,,,,,,,,,,,,,,,,,,,,,,,,,,,,,,,,,,,,,,,,,,,,,,,,,,,,,,,,,,,,,,,,,,,,,,,,,,,,,,,,,,,,,,,,,,,,,,,,,,,,,,,,,,,,,,
demo_01_scene_03_F,optimizer_static,original,24,0,128,frame,18,C:/Users/hexia/Documents/GitHub/umbra-bench/optimized/sequences-static/demo_01_scene_03_F/f18/f18_best.png,0.7255,0.7255,0.8409,0.2214,0.3933,0.01984,0.08735,0.9059,1.151,0.6102,0,1,1,0.0841,0.22747,3,4,0.0348,1,0.5386,0.8043,0.6356,0.2098,18->19,296.05,404.62,1,0.787,0.9039,0.1169,,,,,,,,,,,,,,,,,,,,,,,,,,,,,,,,,,,,,,,,,,,,,,,,,,,,,,,,,,,,,,,,,,,,,,,,,,,,,,,,,,,,,,,,,,,,,,,,,,,,,,,,,,,,,,,,,,,,,,,,,,
demo_01_scene_03_F,optimizer_static,original,24,0,128,frame,19,C:/Users/hexia/Documents/GitHub/umbra-bench/optimized/sequences-static/demo_01_scene_03_F/f19/f19_best.png,0.725,0.725,0.8406,0.2188,0.3762,0.02102,0.0784,0.8529,0.6386,0.4035,0,1,1,0.09914,0.26002,3,6,0.0444,3,0.7101,0.7766,0.8462,0.0896,19->20,231.93,434.45,1,0.7037,0.9054,0.2017,,,,,,,,,,,,,,,,,,,,,,,,,,,,,,,,,,,,,,,,,,,,,,,,,,,,,,,,,,,,,,,,,,,,,,,,,,,,,,,,,,,,,,,,,,,,,,,,,,,,,,,,,,,,,,,,,,,,,,,,,,
demo_01_scene_03_F,optimizer_static,original,24,0,128,frame,20,C:/Users/hexia/Documents/GitHub/umbra-bench/optimized/sequences-static/demo_01_scene_03_F/f20/f20_best.png,0.7158,0.7158,0.8343,0.2541,0.4817,0.02098,0.08442,0.8855,1.0298,0.4347,0,1,1,0.06039,0.14523,3,5,0.0574,2,0.5751,0.7849,0.76,0.0318,20->21,159.75,333.99,1,0.6846,0.9971,0.3125,,,,,,,,,,,,,,,,,,,,,,,,,,,,,,,,,,,,,,,,,,,,,,,,,,,,,,,,,,,,,,,,,,,,,,,,,,,,,,,,,,,,,,,,,,,,,,,,,,,,,,,,,,,,,,,,,,,,,,,,,,
demo_01_scene_03_F,optimizer_static,original,24,0,128,frame,21,C:/Users/hexia/Documents/GitHub/umbra-bench/optimized/sequences-static/demo_01_scene_03_F/f21/f21_best.png,0.7207,0.7207,0.8377,0.2013,0.3655,0.01997,0.07694,0.8715,0.862,0.508,0,3,3,0.08781,0.21142,3,3,0.0385,0,0.6715,0.7849,0.7404,0.0568,21->22,177.47,248.19,1,0.732,0.9955,0.2635,,,,,,,,,,,,,,,,,,,,,,,,,,,,,,,,,,,,,,,,,,,,,,,,,,,,,,,,,,,,,,,,,,,,,,,,,,,,,,,,,,,,,,,,,,,,,,,,,,,,,,,,,,,,,,,,,,,,,,,,,,
demo_01_scene_03_F,optimizer_static,original,24,0,128,frame,22,C:/Users/hexia/Documents/GitHub/umbra-bench/optimized/sequences-static/demo_01_scene_03_F/f22/f22_best.png,0.718,0.718,0.8358,0.187,0.3627,0.01998,0.07626,0.8869,1.579,0.5977,0,1,1,0.09248,0.2347,3,2,0.033,1,0.6634,0.7849,0.6857,0.1264,22->23,52.28,92.48,0,0.7993,0.9966,0.1973,,,,,,,,,,,,,,,,,,,,,,,,,,,,,,,,,,,,,,,,,,,,,,,,,,,,,,,,,,,,,,,,,,,,,,,,,,,,,,,,,,,,,,,,,,,,,,,,,,,,,,,,,,,,,,,,,,,,,,,,,,
demo_01_scene_03_F,optimizer_static,original,24,0,128,frame,23,C:/Users/hexia/Documents/GitHub/umbra-bench/optimized/sequences-static/demo_01_scene_03_F/f23/f23_best.png,0.7162,0.7162,0.8347,0.2279,0.3847,0.0197,0.08156,0.8788,1.1077,0.5496,0,2,2,0.08542,0.20454,3,2,0.0448,1,0.6559,0.7849,0.7212,0.0813,,,,,,,,,,,,,,,,,,,,,,,,,,,,,,,,,,,,,,,,,,,,,,,,,,,,,,,,,,,,,,,,,,,,,,,,,,,,,,,,,,,,,,,,,,,,,,,,,,,,,,,,,,,,,,,,,,,,,,,,,,,,,,,,,
demo_01_scene_03_F,optimizer_static,original,24,0,128,aggregate,,,,,,,,,,,,,,,,,,,,,,,,,,,,,,,,,23,0.6254,0.5554,0.7255,0.0592,0.6254,0.5554,0.7255,0.0592,0.7679,0.7141,0.8409,0.0437,0.2084,0.1588,0.2552,0.0293,0.362,0.285,0.4817,0.0525,0.0225,0.0145,0.0289,0.0036,0.0918,0.0472,0.1433,0.0281,0.7776,0.6817,0.9059,0.0679,0.9388,0.2018,1.9316,0.3757,0.8571,0.4035,1.2815,0.2389,0.0,0.0,0.0,0.0,1.3333,0.0,4.0,1.0274,1.3333,0.0,4.0,1.0274,0.0736,0.0483,0.0991,0.0145,0.179,0.0782,0.272,0.0504,3.75,3.0,4.0,0.433,3.9583,2.0,7.0,1.5133,0.1349,0.033,0.256,0.0805,1.2917,0.0,3.0,0.8406,0.5501,0.3948,0.7101,0.071,0.8404,0.7766,0.9091,0.0412,0.7042,0.5984,0.8545,0.0661,0.1671,0.0186,0.3162,0.0805,191.1635,52.28,296.05,78.2063,299.997,92.48,434.45,98.9988,0.6668,0.4765,0.7993,0.0703,0.8124,0.3963,0.9971,0.1521,0.1456,-0.0916,0.3125,0.1099,0.9565,68.75,0.3913,14,6899.93,,,,"[237.53, 276.93, 289.44, 84.83, 78.22, 289.12, 206.91, 106.48, 88.25, 203.57, 264.65, 236.83, 131.05, 147.48, 100.18, 268.63, 287.04, 182.14, 296.05, 231.93, 159.75, 177.47, 52.28]"
demo_01_scene_03_I,optimizer_static,original,15,0,128,frame,0,C:/Users/hexia/Documents/GitHub/umbra-bench/optimized/sequences-static/demo_01_scene_03_I/f00/f00_best.png,0.6582,0.6582,0.7938,0.2143,0.3708,0.01587,0.04972,0.8337,6.3216,0.094,0,0,0,0.03177,0.04841,3,1,0.0555,2,0.5178,0.4623,0.375,0.1888,0->1,169.42,313.36,1,0.7861,0.8128,0.0267,,,,,,,,,,,,,,,,,,,,,,,,,,,,,,,,,,,,,,,,,,,,,,,,,,,,,,,,,,,,,,,,,,,,,,,,,,,,,,,,,,,,,,,,,,,,,,,,,,,,,,,,,,,,,,,,,,,,,,,,,,
demo_01_scene_03_I,optimizer_static,original,15,0,128,frame,1,C:/Users/hexia/Documents/GitHub/umbra-bench/optimized/sequences-static/demo_01_scene_03_I/f01/f01_best.png,0.6286,0.6286,0.772,0.2208,0.3813,0.01792,0.04972,0.8536,4.1879,0.1636,0,0,0,0.03688,0.0,3,5,0.0346,2,0.6044,0.4623,0.4688,0.014,1->2,191.01,273.62,1,0.6082,0.813,0.2048,,,,,,,,,,,,,,,,,,,,,,,,,,,,,,,,,,,,,,,,,,,,,,,,,,,,,,,,,,,,,,,,,,,,,,,,,,,,,,,,,,,,,,,,,,,,,,,,,,,,,,,,,,,,,,,,,,,,,,,,,,
demo_01_scene_03_I,optimizer_static,original,15,0,128,frame,2,C:/Users/hexia/Documents/GitHub/umbra-bench/optimized/sequences-static/demo_01_scene_03_I/f02/f02_best.png,0.6535,0.6535,0.7904,0.274,0.4327,0.016,0.05025,0.857,2.4094,0.0643,0,0,0,0.02877,0.0,3,4,0.0509,1,0.4455,0.4623,0.4297,0.0705,2->3,115.07,152.36,1,0.7669,0.8167,0.0498,,,,,,,,,,,,,,,,,,,,,,,,,,,,,,,,,,,,,,,,,,,,,,,,,,,,,,,,,,,,,,,,,,,,,,,,,,,,,,,,,,,,,,,,,,,,,,,,,,,,,,,,,,,,,,,,,,,,,,,,,,
demo_01_scene_03_I,optimizer_static,original,15,0,128,frame,3,C:/Users/hexia/Documents/GitHub/umbra-bench/optimized/sequences-static/demo_01_scene_03_I/f03/f03_best.png,0.6635,0.6635,0.7977,0.2592,0.4178,0.01589,0.05786,0.8441,2.5476,0.0915,0,0,0,0.03672,0.02266,3,4,0.0621,1,0.4155,0.4623,0.4219,0.0874,3->4,139.47,208.92,1,0.7886,0.8134,0.0248,,,,,,,,,,,,,,,,,,,,,,,,,,,,,,,,,,,,,,,,,,,,,,,,,,,,,,,,,,,,,,,,,,,,,,,,,,,,,,,,,,,,,,,,,,,,,,,,,,,,,,,,,,,,,,,,,,,,,,,,,,
demo_01_scene_03_I,optimizer_static,original,15,0,128,frame,4,C:/Users/hexia/Documents/GitHub/umbra-bench/optimized/sequences-static/demo_01_scene_03_I/f04/f04_best.png,0.6623,0.6623,0.7968,0.2938,0.4673,0.01549,0.06077,0.8192,2.4239,0.1381,0,0,0,0.03214,0.00156,3,3,0.1861,0,0.618,0.4717,0.3672,0.2216,4->5,266.7,374.68,1,0.7644,0.9614,0.197,,,,,,,,,,,,,,,,,,,,,,,,,,,,,,,,,,,,,,,,,,,,,,,,,,,,,,,,,,,,,,,,,,,,,,,,,,,,,,,,,,,,,,,,,,,,,,,,,,,,,,,,,,,,,,,,,,,,,,,,,,
demo_01_scene_03_I,optimizer_static,original,15,0,128,frame,5,C:/Users/hexia/Documents/GitHub/umbra-bench/optimized/sequences-static/demo_01_scene_03_I/f05/f05_best.png,0.6714,0.6714,0.8034,0.2493,0.3794,0.01567,0.0622,0.8313,4.0673,0.1737,0,0,0,0.02178,0.0,3,4,0.0498,1,0.3809,0.4623,0.5156,0.1154,5->6,212.03,369.66,1,0.749,0.9965,0.2475,,,,,,,,,,,,,,,,,,,,,,,,,,,,,,,,,,,,,,,,,,,,,,,,,,,,,,,,,,,,,,,,,,,,,,,,,,,,,,,,,,,,,,,,,,,,,,,,,,,,,,,,,,,,,,,,,,,,,,,,,,
demo_01_scene_03_I,optimizer_static,original,15,0,128,frame,6,C:/Users/hexia/Documents/GitHub/umbra-bench/optimized/sequences-static/demo_01_scene_03_I/f06/f06_best.png,0.641,0.641,0.7813,0.2336,0.3645,0.01724,0.05452,0.7791,4.6461,0.0931,0,0,0,0.02863,0.00937,3,4,0.0548,1,0.6543,0.4623,0.3906,0.155,6->7,264.97,413.08,1,0.7151,0.9531,0.238,,,,,,,,,,,,,,,,,,,,,,,,,,,,,,,,,,,,,,,,,,,,,,,,,,,,,,,,,,,,,,,,,,,,,,,,,,,,,,,,,,,,,,,,,,,,,,,,,,,,,,,,,,,,,,,,,,,,,,,,,,
demo_01_scene_03_I,optimizer_static,original,15,0,128,frame,7,C:/Users/hexia/Documents/GitHub/umbra-bench/optimized/sequences-static/demo_01_scene_03_I/f07/f07_best.png,0.6249,0.6249,0.7691,0.1984,0.3432,0.01724,0.06077,0.8655,3.9696,0.1174,0,0,0,0.03771,0.01953,3,4,0.0474,1,0.6295,0.4623,0.375,0.1888,7->8,243.84,354.77,1,0.7626,0.9789,0.2163,,,,,,,,,,,,,,,,,,,,,,,,,,,,,,,,,,,,,,,,,,,,,,,,,,,,,,,,,,,,,,,,,,,,,,,,,,,,,,,,,,,,,,,,,,,,,,,,,,,,,,,,,,,,,,,,,,,,,,,,,,
demo_01_scene_03_I,optimizer_static,original,15,0,128,frame,8,C:/Users/hexia/Documents/GitHub/umbra-bench/optimized/sequences-static/demo_01_scene_03_I/f08/f08_best.png,0.6346,0.6346,0.7765,0.2245,0.3738,0.01772,0.06629,0.8084,4.8927,0.1158,0,0,0,0.03806,0.0,3,5,0.061,2,0.4562,0.4623,0.5391,0.1661,8->9,207.9,293.78,1,0.7684,0.962,0.1936,,,,,,,,,,,,,,,,,,,,,,,,,,,,,,,,,,,,,,,,,,,,,,,,,,,,,,,,,,,,,,,,,,,,,,,,,,,,,,,,,,,,,,,,,,,,,,,,,,,,,,,,,,,,,,,,,,,,,,,,,,
demo_01_scene_03_I,optimizer_static,original,15,0,128,frame,9,C:/Users/hexia/Documents/GitHub/umbra-bench/optimized/sequences-static/demo_01_scene_03_I/f09/f09_best.png,0.5993,0.5993,0.7495,0.2338,0.3499,0.02011,0.08449,0.7705,5.2403,0.1678,0,0,0,0.03337,0.01719,3,3,0.0851,0,0.5856,0.4623,0.5547,0.1999,9->10,194.16,358.34,1,0.7474,0.9918,0.2444,,,,,,,,,,,,,,,,,,,,,,,,,,,,,,,,,,,,,,,,,,,,,,,,,,,,,,,,,,,,,,,,,,,,,,,,,,,,,,,,,,,,,,,,,,,,,,,,,,,,,,,,,,,,,,,,,,,,,,,,,,
demo_01_scene_03_I,optimizer_static,original,15,0,128,frame,10,C:/Users/hexia/Documents/GitHub/umbra-bench/optimized/sequences-static/demo_01_scene_03_I/f10/f10_best.png,0.6058,0.6058,0.7545,0.2434,0.3985,0.01704,0.06001,0.8127,2.0804,0.0881,0,0,0,0.04209,0.00156,3,6,0.0343,3,0.5624,0.4623,0.3672,0.2057,10->11,219.58,325.25,1,0.7615,0.9884,0.2269,,,,,,,,,,,,,,,,,,,,,,,,,,,,,,,,,,,,,,,,,,,,,,,,,,,,,,,,,,,,,,,,,,,,,,,,,,,,,,,,,,,,,,,,,,,,,,,,,,,,,,,,,,,,,,,,,,,,,,,,,,
demo_01_scene_03_I,optimizer_static,original,15,0,128,frame,11,C:/Users/hexia/Documents/GitHub/umbra-bench/optimized/sequences-static/demo_01_scene_03_I/f11/f11_best.png,0.616,0.616,0.7624,0.2688,0.4421,0.01785,0.06659,0.7834,2.7865,0.1347,0,0,0,0.03512,0.0,3,5,0.0444,2,0.488,0.4623,0.3906,0.155,11->12,114.88,180.22,1,0.62,0.7683,0.1483,,,,,,,,,,,,,,,,,,,,,,,,,,,,,,,,,,,,,,,,,,,,,,,,,,,,,,,,,,,,,,,,,,,,,,,,,,,,,,,,,,,,,,,,,,,,,,,,,,,,,,,,,,,,,,,,,,,,,,,,,,
demo_01_scene_03_I,optimizer_static,original,15,0,128,frame,12,C:/Users/hexia/Documents/GitHub/umbra-bench/optimized/sequences-static/demo_01_scene_03_I/f12/f12_best.png,0.6058,0.6058,0.7545,0.2648,0.4547,0.01812,0.06629,0.8055,3.4188,0.0993,0,0,0,0.02831,0.02109,3,3,0.0768,0,0.5239,0.463,0.4375,0.055,12->13,228.95,321.52,1,0.6794,0.799,0.1196,,,,,,,,,,,,,,,,,,,,,,,,,,,,,,,,,,,,,,,,,,,,,,,,,,,,,,,,,,,,,,,,,,,,,,,,,,,,,,,,,,,,,,,,,,,,,,,,,,,,,,,,,,,,,,,,,,,,,,,,,,
demo_01_scene_03_I,optimizer_static,original,15,0,128,frame,13,C:/Users/hexia/Documents/GitHub/umbra-bench/optimized/sequences-static/demo_01_scene_03_I/f13/f13_best.png,0.6493,0.6493,0.7874,0.2861,0.4521,0.01622,0.07112,0.7741,1.4259,0.0995,0,1,1,0.03956,0.02186,3,0,,3,0.5226,0.4636,0.4922,0.0616,13->14,55.63,100.31,0,0.8394,0.9743,0.1349,,,,,,,,,,,,,,,,,,,,,,,,,,,,,,,,,,,,,,,,,,,,,,,,,,,,,,,,,,,,,,,,,,,,,,,,,,,,,,,,,,,,,,,,,,,,,,,,,,,,,,,,,,,,,,,,,,,,,,,,,,
demo_01_scene_03_I,optimizer_static,original,15,0,128,frame,14,C:/Users/hexia/Documents/GitHub/umbra-bench/optimized/sequences-static/demo_01_scene_03_I/f14/f14_best.png,0.6493,0.6493,0.7873,0.2418,0.3773,0.0165,0.06006,0.8512,1.2561,0.0836,0,0,0,0.04497,0.05154,3,3,0.0603,0,0.62,0.4455,0.5156,0.1575,,,,,,,,,,,,,,,,,,,,,,,,,,,,,,,,,,,,,,,,,,,,,,,,,,,,,,,,,,,,,,,,,,,,,,,,,,,,,,,,,,,,,,,,,,,,,,,,,,,,,,,,,,,,,,,,,,,,,,,,,,,,,,,,,
demo_01_scene_03_I,optimizer_static,original,15,0,128,aggregate,,,,,,,,,,,,,,,,,,,,,,,,,,,,,,,,,14,0.6376,0.5993,0.6714,0.0225,0.6376,0.5993,0.6714,0.0225,0.7784,0.7495,0.8034,0.0168,0.2471,0.1984,0.2938,0.0263,0.4004,0.3432,0.4673,0.0393,0.017,0.0155,0.0201,0.0012,0.0614,0.0497,0.0845,0.0088,0.8193,0.7705,0.8655,0.031,3.4449,1.2561,6.3216,1.4221,0.115,0.0643,0.1737,0.0324,0.0,0.0,0.0,0.0,0.0667,0.0,1.0,0.2494,0.0667,0.0,1.0,0.2494,0.0344,0.0218,0.045,0.0058,0.0143,0.0,0.0515,0.0166,3.0,3.0,3.0,0.0,3.6,0.0,6.0,1.4967,0.0645,0.0343,0.1861,0.0363,1.2667,0.0,3.0,0.9978,0.535,0.3809,0.6543,0.0818,0.4619,0.4455,0.4717,0.005,0.4427,0.3672,0.5547,0.0644,0.1362,0.014,0.2216,0.0622,187.4007,55.63,266.7,59.6498,288.5621,100.31,413.08,90.2847,0.7398,0.6082,0.8394,0.0619,0.9021,0.7683,0.9965,0.0865,0.1623,0.0248,0.2475,0.0772,0.9286,68.75,0.4286,8,4039.87,,,,"[169.42, 191.01, 115.07, 139.47, 266.7, 212.03, 264.97, 243.84, 207.9, 194.16, 219.58, 114.88, 228.95, 55.63]"
demo_01_scene_04_M,optimizer_static,original,14,0,128,frame,0,C:/Users/hexia/Documents/GitHub/umbra-bench/optimized/sequences-static/demo_01_scene_04_M/f00/f00_best.png,0.5293,0.5293,0.6922,0.1433,0.2722,0.02948,0.09391,0.7584,3.5181,2.3029,0,3,3,0.15973,0.26536,4,3,0.1395,1,0.4516,0.8636,0.7561,0.1245,0->1,232.34,352.36,1,0.6453,0.9963,0.351,,,,,,,,,,,,,,,,,,,,,,,,,,,,,,,,,,,,,,,,,,,,,,,,,,,,,,,,,,,,,,,,,,,,,,,,,,,,,,,,,,,,,,,,,,,,,,,,,,,,,,,,,,,,,,,,,,,,,,,,,,
demo_01_scene_04_M,optimizer_static,original,14,0,128,frame,1,C:/Users/hexia/Documents/GitHub/umbra-bench/optimized/sequences-static/demo_01_scene_04_M/f01/f01_best.png,0.5139,0.5139,0.6789,0.1688,0.286,0.02699,0.08908,0.6617,3.7936,31.3098,0,1,1,0.15758,0.27874,4,6,0.1303,2,0.488,0.8636,0.812,0.0598,1->2,215.93,322.11,1,0.5529,0.9359,0.383,,,,,,,,,,,,,,,,,,,,,,,,,,,,,,,,,,,,,,,,,,,,,,,,,,,,,,,,,,,,,,,,,,,,,,,,,,,,,,,,,,,,,,,,,,,,,,,,,,,,,,,,,,,,,,,,,,,,,,,,,,
demo_01_scene_04_M,optimizer_static,original,14,0,128,frame,2,C:/Users/hexia/Documents/GitHub/umbra-bench/optimized/sequences-static/demo_01_scene_04_M/f02/f02_best.png,0.5528,0.5528,0.712,0.1991,0.3513,0.02865,0.1027,0.7887,2.2995,1.7745,0,2,2,0.11391,0.20652,4,4,0.1733,0,0.4317,0.8889,0.8099,0.0888,2->3,312.24,389.8,1,0.4701,0.9185,0.4484,,,,,,,,,,,,,,,,,,,,,,,,,,,,,,,,,,,,,,,,,,,,,,,,,,,,,,,,,,,,,,,,,,,,,,,,,,,,,,,,,,,,,,,,,,,,,,,,,,,,,,,,,,,,,,,,,,,,,,,,,,
demo_01_scene_04_M,optimizer_static,original,14,0,128,frame,3,C:/Users/hexia/Documents/GitHub/umbra-bench/optimized/sequences-static/demo_01_scene_04_M/f03/f03_best.png,0.5173,0.5173,0.6818,0.1435,0.2552,0.03314,0.12198,0.7363,2.2854,0.7335,0,2,2,0.13846,0.16963,4,5,0.1258,1,0.4841,0.9065,0.9217,0.0168,3->4,164.12,282.28,1,0.4882,0.9467,0.4585,,,,,,,,,,,,,,,,,,,,,,,,,,,,,,,,,,,,,,,,,,,,,,,,,,,,,,,,,,,,,,,,,,,,,,,,,,,,,,,,,,,,,,,,,,,,,,,,,,,,,,,,,,,,,,,,,,,,,,,,,,
demo_01_scene_04_M,optimizer_static,original,14,0,128,frame,4,C:/Users/hexia/Documents/GitHub/umbra-bench/optimized/sequences-static/demo_01_scene_04_M/f04/f04_best.png,0.5293,0.5293,0.6922,0.1551,0.2622,0.02792,0.09406,0.7752,2.5618,1.536,0,2,2,0.17347,0.21397,4,4,0.2122,0,0.5076,0.934,0.8661,0.0727,4->5,158.1,318.55,1,0.5033,0.9461,0.4428,,,,,,,,,,,,,,,,,,,,,,,,,,,,,,,,,,,,,,,,,,,,,,,,,,,,,,,,,,,,,,,,,,,,,,,,,,,,,,,,,,,,,,,,,,,,,,,,,,,,,,,,,,,,,,,,,,,,,,,,,,
demo_01_scene_04_M,optimizer_static,original,14,0,128,frame,5,C:/Users/hexia/Documents/GitHub/umbra-bench/optimized/sequences-static/demo_01_scene_04_M/f05/f05_best.png,0.5154,0.5154,0.6802,0.1703,0.3263,0.04366,0.18061,0.6889,2.6542,1.6345,0,0,0,0.05913,0.10302,4,5,0.1626,1,0.356,0.934,0.712,0.2377,5->6,226.95,354.16,1,0.7757,0.888,0.1123,,,,,,,,,,,,,,,,,,,,,,,,,,,,,,,,,,,,,,,,,,,,,,,,,,,,,,,,,,,,,,,,,,,,,,,,,,,,,,,,,,,,,,,,,,,,,,,,,,,,,,,,,,,,,,,,,,,,,,,,,,
demo_01_scene_04_M,optimizer_static,original,14,0,128,frame,6,C:/Users/hexia/Documents/GitHub/umbra-bench/optimized/sequences-static/demo_01_scene_04_M/f06/f06_best.png,0.5592,0.5592,0.7173,0.1541,0.2776,0.03324,0.13628,0.7319,2.0458,1.2461,0,1,1,0.09685,0.14287,2,6,0.1962,4,0.5025,0.9806,0.8393,0.1441,6->7,161.0,304.33,1,0.627,0.8977,0.2707,,,,,,,,,,,,,,,,,,,,,,,,,,,,,,,,,,,,,,,,,,,,,,,,,,,,,,,,,,,,,,,,,,,,,,,,,,,,,,,,,,,,,,,,,,,,,,,,,,,,,,,,,,,,,,,,,,,,,,,,,,
demo_01_scene_04_M,optimizer_static,original,14,0,128,frame,7,C:/Users/hexia/Documents/GitHub/umbra-bench/optimized/sequences-static/demo_01_scene_04_M/f07/f07_best.png,0.5403,0.5403,0.7016,0.1725,0.2929,0.03,0.08869,0.747,1.3727,3.3528,0,2,2,0.08491,0.16536,3,4,0.098,1,0.4267,0.9901,0.8729,0.1184,7->8,236.24,362.98,1,0.64,0.9076,0.2676,,,,,,,,,,,,,,,,,,,,,,,,,,,,,,,,,,,,,,,,,,,,,,,,,,,,,,,,,,,,,,,,,,,,,,,,,,,,,,,,,,,,,,,,,,,,,,,,,,,,,,,,,,,,,,,,,,,,,,,,,,
demo_01_scene_04_M,optimizer_static,original,14,0,128,frame,8,C:/Users/hexia/Documents/GitHub/umbra-bench/optimized/sequences-static/demo_01_scene_04_M/f08/f08_best.png,0.5524,0.5524,0.7117,0.1792,0.3118,0.02748,0.08955,0.7608,1.4403,0.9253,0,2,2,0.08593,0.17411,2,4,0.2491,2,0.4617,1.0,0.8182,0.1818,8->9,196.86,306.89,1,0.6467,0.9028,0.2561,,,,,,,,,,,,,,,,,,,,,,,,,,,,,,,,,,,,,,,,,,,,,,,,,,,,,,,,,,,,,,,,,,,,,,,,,,,,,,,,,,,,,,,,,,,,,,,,,,,,,,,,,,,,,,,,,,,,,,,,,,
demo_01_scene_04_M,optimizer_static,original,14,0,128,frame,9,C:/Users/hexia/Documents/GitHub/umbra-bench/optimized/sequences-static/demo_01_scene_04_M/f09/f09_best.png,0.5659,0.5659,0.7228,0.1779,0.3155,0.03109,0.13061,0.7163,1.4334,0.7337,0,0,0,0.09264,0.19978,2,7,0.1249,5,0.5343,0.9792,0.9706,0.0088,9->10,268.9,308.84,1,0.7898,0.9071,0.1173,,,,,,,,,,,,,,,,,,,,,,,,,,,,,,,,,,,,,,,,,,,,,,,,,,,,,,,,,,,,,,,,,,,,,,,,,,,,,,,,,,,,,,,,,,,,,,,,,,,,,,,,,,,,,,,,,,,,,,,,,,
demo_01_scene_04_M,optimizer_static,original,14,0,128,frame,10,C:/Users/hexia/Documents/GitHub/umbra-bench/optimized/sequences-static/demo_01_scene_04_M/f10/f10_best.png,0.5685,0.5685,0.7249,0.1696,0.3112,0.02855,0.11389,0.758,1.5802,0.6995,0,1,1,0.09387,0.14928,2,5,0.1154,3,0.5192,1.0,0.9223,0.0777,10->11,197.3,259.61,1,0.8148,0.8982,0.0834,,,,,,,,,,,,,,,,,,,,,,,,,,,,,,,,,,,,,,,,,,,,,,,,,,,,,,,,,,,,,,,,,,,,,,,,,,,,,,,,,,,,,,,,,,,,,,,,,,,,,,,,,,,,,,,,,,,,,,,,,,
demo_01_scene_04_M,optimizer_static,original,14,0,128,frame,11,C:/Users/hexia/Documents/GitHub/umbra-bench/optimized/sequences-static/demo_01_scene_04_M/f11/f11_best.png,0.5838,0.5838,0.7372,0.1852,0.3222,0.02953,0.12191,0.7401,1.4747,0.7743,0,1,1,0.08241,0.15515,3,3,0.1628,0,0.5381,0.9889,1.0,0.0112,11->12,195.45,352.58,1,0.5969,0.976,0.3791,,,,,,,,,,,,,,,,,,,,,,,,,,,,,,,,,,,,,,,,,,,,,,,,,,,,,,,,,,,,,,,,,,,,,,,,,,,,,,,,,,,,,,,,,,,,,,,,,,,,,,,,,,,,,,,,,,,,,,,,,,
demo_01_scene_04_M,optimizer_static,original,14,0,128,frame,12,C:/Users/hexia/Documents/GitHub/umbra-bench/optimized/sequences-static/demo_01_scene_04_M/f12/f12_best.png,0.5967,0.5967,0.7474,0.1946,0.3395,0.02257,0.08588,0.8365,1.1703,6.2234,0,0,0,0.09498,0.15301,3,3,0.1523,0,0.4262,0.9888,0.8148,0.1759,12->13,178.69,307.85,1,0.5925,0.9978,0.4053,,,,,,,,,,,,,,,,,,,,,,,,,,,,,,,,,,,,,,,,,,,,,,,,,,,,,,,,,,,,,,,,,,,,,,,,,,,,,,,,,,,,,,,,,,,,,,,,,,,,,,,,,,,,,,,,,,,,,,,,,,
demo_01_scene_04_M,optimizer_static,original,14,0,128,frame,13,C:/Users/hexia/Documents/GitHub/umbra-bench/optimized/sequences-static/demo_01_scene_04_M/f13/f13_best.png,0.5558,0.5558,0.7145,0.1332,0.2396,0.03071,0.10312,0.7359,1.3158,1.1298,0,2,2,0.0962,0.1858,3,4,0.1505,1,0.5297,0.9888,1.0412,0.0531,,,,,,,,,,,,,,,,,,,,,,,,,,,,,,,,,,,,,,,,,,,,,,,,,,,,,,,,,,,,,,,,,,,,,,,,,,,,,,,,,,,,,,,,,,,,,,,,,,,,,,,,,,,,,,,,,,,,,,,,,,,,,,,,,
demo_01_scene_04_M,optimizer_static,original,14,0,128,aggregate,,,,,,,,,,,,,,,,,,,,,,,,,,,,,,,,,13,0.5486,0.5139,0.5967,0.0247,0.5486,0.5139,0.5967,0.0247,0.7082,0.6789,0.7474,0.0206,0.1676,0.1332,0.1991,0.0189,0.2974,0.2396,0.3513,0.0321,0.0302,0.0226,0.0437,0.0045,0.1109,0.0859,0.1806,0.0252,0.7454,0.6617,0.8365,0.0406,2.0676,1.1703,3.7936,0.8023,3.884,0.6995,31.3098,7.7386,0.0,0.0,0.0,0.0,1.3571,0.0,3.0,0.895,1.3571,0.0,3.0,0.895,0.1093,0.0591,0.1735,0.033,0.183,0.103,0.2787,0.0456,3.1429,2.0,4.0,0.833,4.5,3.0,7.0,1.1802,0.1566,0.098,0.2491,0.0394,1.5,0.0,5.0,1.5,0.4755,0.356,0.5381,0.0507,0.9505,0.8636,1.0,0.0493,0.8684,0.712,1.0412,0.09,0.0979,0.0088,0.2377,0.0668,211.0862,158.1,312.24,43.0943,324.7954,259.61,389.8,34.4872,0.6264,0.4701,0.8148,0.108,0.9322,0.888,0.9978,0.0365,0.3058,0.0834,0.4585,0.1281,1.0,68.75,0.3846,8,4222.34,,,,"[232.34, 215.93, 312.24, 164.12, 158.1, 226.95, 161.0, 236.24, 196.86, 268.9, 197.3, 195.45, 178.69]"
demo_01_scene_05_I,optimizer_static,original,13,0,128,frame,0,C:/Users/hexia/Documents/GitHub/umbra-bench/optimized/sequences-static/demo_01_scene_05_I/f00/f00_best.png,0.652,0.652,0.7894,0.2604,0.3849,0.0176,0.06315,0.8263,3.6116,0.0832,0,0,0,0.02757,0.01249,3,5,0.0494,2,0.4368,0.4636,0.5312,0.1458,0->1,149.76,275.95,1,0.7557,0.9912,0.2355,,,,,,,,,,,,,,,,,,,,,,,,,,,,,,,,,,,,,,,,,,,,,,,,,,,,,,,,,,,,,,,,,,,,,,,,,,,,,,,,,,,,,,,,,,,,,,,,,,,,,,,,,,,,,,,,,,,,,,,,,,
demo_01_scene_05_I,optimizer_static,original,13,0,128,frame,1,C:/Users/hexia/Documents/GitHub/umbra-bench/optimized/sequences-static/demo_01_scene_05_I/f01/f01_best.png,0.6406,0.6406,0.7809,0.2054,0.3431,0.01771,0.05406,0.825,1.618,0.126,0,0,0,0.02611,0.01558,3,3,0.2035,0,0.5953,0.4636,0.3672,0.208,1->2,115.78,259.63,1,0.7773,0.9954,0.2181,,,,,,,,,,,,,,,,,,,,,,,,,,,,,,,,,,,,,,,,,,,,,,,,,,,,,,,,,,,,,,,,,,,,,,,,,,,,,,,,,,,,,,,,,,,,,,,,,,,,,,,,,,,,,,,,,,,,,,,,,,
demo_01_scene_05_I,optimizer_static,original,13,0,128,frame,2,C:/Users/hexia/Documents/GitHub/umbra-bench/optimized/sequences-static/demo_01_scene_05_I/f02/f02_best.png,0.6787,0.6787,0.8086,0.2654,0.4051,0.01422,0.04972,0.8884,2.5523,0.129,0,1,1,0.04137,0.01641,3,2,0.0437,1,0.6565,0.4636,0.4531,0.0227,2->3,135.49,247.46,1,0.78,0.9954,0.2154,,,,,,,,,,,,,,,,,,,,,,,,,,,,,,,,,,,,,,,,,,,,,,,,,,,,,,,,,,,,,,,,,,,,,,,,,,,,,,,,,,,,,,,,,,,,,,,,,,,,,,,,,,,,,,,,,,,,,,,,,,
demo_01_scene_05_I,optimizer_static,original,13,0,128,frame,3,C:/Users/hexia/Documents/GitHub/umbra-bench/optimized/sequences-static/demo_01_scene_05_I/f03/f03_best.png,0.6513,0.6513,0.7888,0.2373,0.3727,0.01586,0.05002,0.8302,3.19,0.1454,0,0,0,0.03919,0.00939,3,2,0.0649,1,0.6941,0.4636,0.4375,0.0564,3->4,28.41,68.04,0,0.8279,0.9937,0.1658,,,,,,,,,,,,,,,,,,,,,,,,,,,,,,,,,,,,,,,,,,,,,,,,,,,,,,,,,,,,,,,,,,,,,,,,,,,,,,,,,,,,,,,,,,,,,,,,,,,,,,,,,,,,,,,,,,,,,,,,,,
demo_01_scene_05_I,optimizer_static,original,13,0,128,frame,4,C:/Users/hexia/Documents/GitHub/umbra-bench/optimized/sequences-static/demo_01_scene_05_I/f04/f04_best.png,0.6668,0.6668,0.8001,0.3086,0.4746,0.01569,0.06176,0.8211,2.5082,0.1417,0,0,0,0.02951,0.0,3,4,0.0566,1,0.6598,0.4636,0.4766,0.0279,4->5,146.14,224.26,1,0.8392,0.9983,0.1591,,,,,,,,,,,,,,,,,,,,,,,,,,,,,,,,,,,,,,,,,,,,,,,,,,,,,,,,,,,,,,,,,,,,,,,,,,,,,,,,,,,,,,,,,,,,,,,,,,,,,,,,,,,,,,,,,,,,,,,,,,
demo_01_scene_05_I,optimizer_static,original,13,0,128,frame,5,C:/Users/hexia/Documents/GitHub/umbra-bench/optimized/sequences-static/demo_01_scene_05_I/f05/f05_best.png,0.6699,0.6699,0.8023,0.2724,0.431,0.01547,0.05899,0.7819,2.8527,0.085,0,0,0,0.04405,0.00781,3,2,0.0948,1,0.6237,0.4636,0.5,0.0784,5->6,154.71,273.19,1,0.8252,0.9949,0.1697,,,,,,,,,,,,,,,,,,,,,,,,,,,,,,,,,,,,,,,,,,,,,,,,,,,,,,,,,,,,,,,,,,,,,,,,,,,,,,,,,,,,,,,,,,,,,,,,,,,,,,,,,,,,,,,,,,,,,,,,,,
demo_01_scene_05_I,optimizer_static,original,13,0,128,frame,6,C:/Users/hexia/Documents/GitHub/umbra-bench/optimized/sequences-static/demo_01_scene_05_I/f06/f06_best.png,0.6844,0.6844,0.8126,0.2943,0.4642,0.01367,0.04972,0.8282,2.0695,0.1047,0,0,0,0.03261,0.01953,3,5,0.0414,2,0.5719,0.4636,0.3828,0.1743,6->7,170.53,292.21,1,0.8074,0.9941,0.1867,,,,,,,,,,,,,,,,,,,,,,,,,,,,,,,,,,,,,,,,,,,,,,,,,,,,,,,,,,,,,,,,,,,,,,,,,,,,,,,,,,,,,,,,,,,,,,,,,,,,,,,,,,,,,,,,,,,,,,,,,,
demo_01_scene_05_I,optimizer_static,original,13,0,128,frame,7,C:/Users/hexia/Documents/GitHub/umbra-bench/optimized/sequences-static/demo_01_scene_05_I/f07/f07_best.png,0.6674,0.6674,0.8005,0.2607,0.3943,0.01538,0.04972,0.8307,2.0238,0.1363,0,0,0,0.03611,0.0,3,3,0.0532,0,0.6646,0.4636,0.3594,0.2249,7->8,262.35,283.47,1,0.8231,0.9916,0.1685,,,,,,,,,,,,,,,,,,,,,,,,,,,,,,,,,,,,,,,,,,,,,,,,,,,,,,,,,,,,,,,,,,,,,,,,,,,,,,,,,,,,,,,,,,,,,,,,,,,,,,,,,,,,,,,,,,,,,,,,,,
demo_01_scene_05_I,optimizer_static,original,13,0,128,frame,8,C:/Users/hexia/Documents/GitHub/umbra-bench/optimized/sequences-static/demo_01_scene_05_I/f08/f08_best.png,0.6832,0.6832,0.8118,0.3102,0.4958,0.01309,0.04972,0.8543,3.1538,0.1178,0,0,0,0.02996,0.00234,3,4,0.0545,1,0.63,0.4636,0.3906,0.1575,8->9,182.12,214.86,1,0.7712,0.9903,0.2191,,,,,,,,,,,,,,,,,,,,,,,,,,,,,,,,,,,,,,,,,,,,,,,,,,,,,,,,,,,,,,,,,,,,,,,,,,,,,,,,,,,,,,,,,,,,,,,,,,,,,,,,,,,,,,,,,,,,,,,,,,
demo_01_scene_05_I,optimizer_static,original,13,0,128,frame,9,C:/Users/hexia/Documents/GitHub/umbra-bench/optimized/sequences-static/demo_01_scene_05_I/f09/f09_best.png,0.6394,0.6394,0.78,0.1982,0.3461,0.01649,0.04972,0.8585,4.1244,0.1138,0,0,0,0.03748,0.0,3,4,0.0298,1,0.6569,0.4636,0.4219,0.0901,9->10,117.47,213.32,1,0.711,0.9966,0.2856,,,,,,,,,,,,,,,,,,,,,,,,,,,,,,,,,,,,,,,,,,,,,,,,,,,,,,,,,,,,,,,,,,,,,,,,,,,,,,,,,,,,,,,,,,,,,,,,,,,,,,,,,,,,,,,,,,,,,,,,,,
demo_01_scene_05_I,optimizer_static,original,13,0,128,frame,10,C:/Users/hexia/Documents/GitHub/umbra-bench/optimized/sequences-static/demo_01_scene_05_I/f10/f10_best.png,0.6776,0.6776,0.8078,0.2961,0.4578,0.01298,0.04972,0.8371,2.3535,0.1043,0,0,0,0.02743,0.00154,3,4,0.0278,1,0.6164,0.4636,0.375,0.1912,10->11,196.06,248.71,1,0.7336,0.9936,0.26,,,,,,,,,,,,,,,,,,,,,,,,,,,,,,,,,,,,,,,,,,,,,,,,,,,,,,,,,,,,,,,,,,,,,,,,,,,,,,,,,,,,,,,,,,,,,,,,,,,,,,,,,,,,,,,,,,,,,,,,,,
demo_01_scene_05_I,optimizer_static,original,13,0,128,frame,11,C:/Users/hexia/Documents/GitHub/umbra-bench/optimized/sequences-static/demo_01_scene_05_I/f11/f11_best.png,0.6395,0.6395,0.7801,0.2491,0.365,0.01615,0.06431,0.8258,2.3929,0.1125,0,0,0,0.02789,0.03906,3,5,0.0381,2,0.6326,0.4545,0.5547,0.2203,11->12,221.35,432.82,1,0.7157,0.9907,0.275,,,,,,,,,,,,,,,,,,,,,,,,,,,,,,,,,,,,,,,,,,,,,,,,,,,,,,,,,,,,,,,,,,,,,,,,,,,,,,,,,,,,,,,,,,,,,,,,,,,,,,,,,,,,,,,,,,,,,,,,,,
demo_01_scene_05_I,optimizer_static,original,13,0,128,frame,12,C:/Users/hexia/Documents/GitHub/umbra-bench/optimized/sequences-static/demo_01_scene_05_I/f12/f12_best.png,0.6646,0.6646,0.7985,0.2623,0.4447,0.0149,0.04972,0.8525,1.5912,0.1216,0,0,0,0.03545,0.00234,3,4,0.0644,1,0.6325,0.4636,0.4531,0.0227,,,,,,,,,,,,,,,,,,,,,,,,,,,,,,,,,,,,,,,,,,,,,,,,,,,,,,,,,,,,,,,,,,,,,,,,,,,,,,,,,,,,,,,,,,,,,,,,,,,,,,,,,,,,,,,,,,,,,,,,,,,,,,,,,
demo_01_scene_05_I,optimizer_static,original,13,0,128,aggregate,,,,,,,,,,,,,,,,,,,,,,,,,,,,,,,,,12,0.6627,0.6394,0.6844,0.0159,0.6627,0.6394,0.6844,0.0159,0.797,0.78,0.8126,0.0115,0.2631,0.1982,0.3102,0.0338,0.4138,0.3431,0.4958,0.0489,0.0153,0.013,0.0177,0.0015,0.0539,0.0497,0.0643,0.0057,0.8354,0.7819,0.8884,0.0239,2.6186,1.5912,4.1244,0.7217,0.117,0.0832,0.1454,0.0187,0.0,0.0,0.0,0.0,0.0769,0.0,1.0,0.2665,0.0769,0.0,1.0,0.2665,0.0334,0.0261,0.044,0.0057,0.0097,0.0,0.0391,0.0108,3.0,3.0,3.0,0.0,3.6154,2.0,5.0,1.0769,0.0632,0.0278,0.2035,0.0438,1.0769,0.0,2.0,0.6154,0.6209,0.4368,0.6941,0.0612,0.4629,0.4545,0.4636,0.0024,0.4387,0.3594,0.5547,0.0613,0.1246,0.0227,0.2249,0.0748,156.6808,28.41,262.35,56.2831,252.8267,68.04,432.82,78.4716,0.7806,0.711,0.8392,0.043,0.9938,0.9903,0.9983,0.0024,0.2132,0.1591,0.2856,0.0424,0.9167,68.75,0.5833,5,3033.92,,,,"[149.76, 115.78, 135.49, 28.41, 146.14, 154.71, 170.53, 262.35, 182.12, 117.47, 196.06, 221.35]"
demo_01_scene_05_M,optimizer_static,original,13,0,128,frame,0,C:/Users/hexia/Documents/GitHub/umbra-bench/optimized/sequences-static/demo_01_scene_05_M/f00/f00_best.png,0.5045,0.5045,0.6706,0.1328,0.2495,0.04146,0.15738,0.7548,2.1122,0.9703,0,2,2,0.08496,0.17946,2,5,0.1477,3,0.414,1.0476,0.768,0.2669,0->1,166.78,239.97,1,0.5697,0.9546,0.3849,,,,,,,,,,,,,,,,,,,,,,,,,,,,,,,,,,,,,,,,,,,,,,,,,,,,,,,,,,,,,,,,,,,,,,,,,,,,,,,,,,,,,,,,,,,,,,,,,,,,,,,,,,,,,,,,,,,,,,,,,,
demo_01_scene_05_M,optimizer_static,original,13,0,128,frame,1,C:/Users/hexia/Documents/GitHub/umbra-bench/optimized/sequences-static/demo_01_scene_05_M/f01/f01_best.png,0.5238,0.5238,0.6875,0.1508,0.2654,0.02824,0.09391,0.8312,2.0092,1.7048,0,2,2,0.14085,0.20922,2,4,0.1887,2,0.4023,1.0577,0.7705,0.2715,1->2,232.07,360.37,1,0.6591,0.9371,0.278,,,,,,,,,,,,,,,,,,,,,,,,,,,,,,,,,,,,,,,,,,,,,,,,,,,,,,,,,,,,,,,,,,,,,,,,,,,,,,,,,,,,,,,,,,,,,,,,,,,,,,,,,,,,,,,,,,,,,,,,,,
demo_01_scene_05_M,optimizer_static,original,13,0,128,frame,2,C:/Users/hexia/Documents/GitHub/umbra-bench/optimized/sequences-static/demo_01_scene_05_M/f02/f02_best.png,0.5318,0.5318,0.6944,0.1471,0.2838,0.02572,0.08212,0.7731,0.9458,2.4319,0,0,0,0.10665,0.15349,2,5,0.2033,3,0.4652,1.0476,0.8151,0.2219,2->3,204.78,367.51,1,0.5741,0.9366,0.3625,,,,,,,,,,,,,,,,,,,,,,,,,,,,,,,,,,,,,,,,,,,,,,,,,,,,,,,,,,,,,,,,,,,,,,,,,,,,,,,,,,,,,,,,,,,,,,,,,,,,,,,,,,,,,,,,,,,,,,,,,,
demo_01_scene_05_M,optimizer_static,original,13,0,128,frame,3,C:/Users/hexia/Documents/GitHub/umbra-bench/optimized/sequences-static/demo_01_scene_05_M/f03/f03_best.png,0.5191,0.5191,0.6835,0.1837,0.3149,0.0263,0.08908,0.7149,0.7485,1.3428,0,1,1,0.10397,0.24274,2,5,0.1536,3,0.3272,1.0577,0.8672,0.1801,3->4,280.81,393.96,1,0.5594,0.9649,0.4055,,,,,,,,,,,,,,,,,,,,,,,,,,,,,,,,,,,,,,,,,,,,,,,,,,,,,,,,,,,,,,,,,,,,,,,,,,,,,,,,,,,,,,,,,,,,,,,,,,,,,,,,,,,,,,,,,,,,,,,,,,
demo_01_scene_05_M,optimizer_static,original,13,0,128,frame,4,C:/Users/hexia/Documents/GitHub/umbra-bench/optimized/sequences-static/demo_01_scene_05_M/f04/f04_best.png,0.5255,0.5255,0.689,0.1257,0.2277,0.03829,0.11906,0.7443,1.5848,0.812,0,1,1,0.10029,0.13258,2,7,0.1321,5,0.4994,1.0476,0.9643,0.0795,4->5,282.03,384.91,1,0.5905,0.9584,0.3679,,,,,,,,,,,,,,,,,,,,,,,,,,,,,,,,,,,,,,,,,,,,,,,,,,,,,,,,,,,,,,,,,,,,,,,,,,,,,,,,,,,,,,,,,,,,,,,,,,,,,,,,,,,,,,,,,,,,,,,,,,
demo_01_scene_05_M,optimizer_static,original,13,0,128,frame,5,C:/Users/hexia/Documents/GitHub/umbra-bench/optimized/sequences-static/demo_01_scene_05_M/f05/f05_best.png,0.5087,0.5087,0.6744,0.1223,0.2007,0.02908,0.08576,0.7897,1.2973,1.5149,0,2,2,0.09911,0.24895,2,5,0.1587,3,0.39,1.0577,0.8361,0.2095,5->6,315.29,398.02,1,0.6275,0.9367,0.3092,,,,,,,,,,,,,,,,,,,,,,,,,,,,,,,,,,,,,,,,,,,,,,,,,,,,,,,,,,,,,,,,,,,,,,,,,,,,,,,,,,,,,,,,,,,,,,,,,,,,,,,,,,,,,,,,,,,,,,,,,,
demo_01_scene_05_M,optimizer_static,original,13,0,128,frame,6,C:/Users/hexia/Documents/GitHub/umbra-bench/optimized/sequences-static/demo_01_scene_05_M/f06/f06_best.png,0.535,0.535,0.697,0.1366,0.2581,0.02717,0.08286,0.8028,1.3276,1.5255,0,3,3,0.12861,0.24761,3,2,0.2071,1,0.496,1.0476,0.7949,0.2413,6->7,256.81,382.97,1,0.5535,0.9349,0.3814,,,,,,,,,,,,,,,,,,,,,,,,,,,,,,,,,,,,,,,,,,,,,,,,,,,,,,,,,,,,,,,,,,,,,,,,,,,,,,,,,,,,,,,,,,,,,,,,,,,,,,,,,,,,,,,,,,,,,,,,,,
demo_01_scene_05_M,optimizer_static,original,13,0,128,frame,7,C:/Users/hexia/Documents/GitHub/umbra-bench/optimized/sequences-static/demo_01_scene_05_M/f07/f07_best.png,0.5239,0.5239,0.6875,0.127,0.2268,0.03304,0.12153,0.746,1.9377,0.9439,0,3,3,0.09652,0.23508,3,3,0.1501,0,0.4507,1.0577,0.85,0.1964,7->8,131.48,198.75,1,0.5941,0.9372,0.3431,,,,,,,,,,,,,,,,,,,,,,,,,,,,,,,,,,,,,,,,,,,,,,,,,,,,,,,,,,,,,,,,,,,,,,,,,,,,,,,,,,,,,,,,,,,,,,,,,,,,,,,,,,,,,,,,,,,,,,,,,,
demo_01_scene_05_M,optimizer_static,original,13,0,128,frame,8,C:/Users/hexia/Documents/GitHub/umbra-bench/optimized/sequences-static/demo_01_scene_05_M/f08/f08_best.png,0.5262,0.5262,0.6896,0.1784,0.2918,0.02833,0.12297,0.7519,1.0126,0.4685,0,2,2,0.08383,0.18564,3,3,0.2202,0,0.3798,1.0476,0.816,0.2211,8->9,231.38,311.53,1,0.6415,0.9378,0.2963,,,,,,,,,,,,,,,,,,,,,,,,,,,,,,,,,,,,,,,,,,,,,,,,,,,,,,,,,,,,,,,,,,,,,,,,,,,,,,,,,,,,,,,,,,,,,,,,,,,,,,,,,,,,,,,,,,,,,,,,,,
demo_01_scene_05_M,optimizer_static,original,13,0,128,frame,9,C:/Users/hexia/Documents/GitHub/umbra-bench/optimized/sequences-static/demo_01_scene_05_M/f09/f09_best.png,0.5048,0.5048,0.6709,0.1836,0.3448,0.02633,0.08735,0.7322,1.4687,5.0181,0,1,1,0.09804,0.16306,2,6,0.215,4,0.4143,1.0577,0.7881,0.2549,9->10,283.86,370.67,1,0.5741,0.9661,0.392,,,,,,,,,,,,,,,,,,,,,,,,,,,,,,,,,,,,,,,,,,,,,,,,,,,,,,,,,,,,,,,,,,,,,,,,,,,,,,,,,,,,,,,,,,,,,,,,,,,,,,,,,,,,,,,,,,,,,,,,,,
demo_01_scene_05_M,optimizer_static,original,13,0,128,frame,10,C:/Users/hexia/Documents/GitHub/umbra-bench/optimized/sequences-static/demo_01_scene_05_M/f10/f10_best.png,0.5082,0.5082,0.674,0.1549,0.2743,0.0384,0.14283,0.7413,1.7393,0.7704,0,2,2,0.06877,0.15678,2,3,0.1832,1,0.3684,1.0476,0.8281,0.2095,10->11,281.68,483.7,1,0.5488,0.9602,0.4114,,,,,,,,,,,,,,,,,,,,,,,,,,,,,,,,,,,,,,,,,,,,,,,,,,,,,,,,,,,,,,,,,,,,,,,,,,,,,,,,,,,,,,,,,,,,,,,,,,,,,,,,,,,,,,,,,,,,,,,,,,
demo_01_scene_05_M,optimizer_static,original,13,0,128,frame,11,C:/Users/hexia/Documents/GitHub/umbra-bench/optimized/sequences-static/demo_01_scene_05_M/f11/f11_best.png,0.5224,0.5224,0.6863,0.1929,0.3468,0.02487,0.08839,0.7519,1.3343,4.96,0,2,2,0.13895,0.25053,2,6,0.2256,4,0.3276,1.0577,0.7422,0.2983,11->12,177.62,273.9,1,0.6257,0.9379,0.3122,,,,,,,,,,,,,,,,,,,,,,,,,,,,,,,,,,,,,,,,,,,,,,,,,,,,,,,,,,,,,,,,,,,,,,,,,,,,,,,,,,,,,,,,,,,,,,,,,,,,,,,,,,,,,,,,,,,,,,,,,,
demo_01_scene_05_M,optimizer_static,original,13,0,128,frame,12,C:/Users/hexia/Documents/GitHub/umbra-bench/optimized/sequences-static/demo_01_scene_05_M/f12/f12_best.png,0.5158,0.5158,0.6805,0.1367,0.2455,0.02739,0.07734,0.7766,1.3814,4.8656,0,1,1,0.11965,0.2108,3,5,0.1322,2,0.4357,1.0476,0.8182,0.219,,,,,,,,,,,,,,,,,,,,,,,,,,,,,,,,,,,,,,,,,,,,,,,,,,,,,,,,,,,,,,,,,,,,,,,,,,,,,,,,,,,,,,,,,,,,,,,,,,,,,,,,,,,,,,,,,,,,,,,,,,,,,,,,,
demo_01_scene_05_M,optimizer_static,original,13,0,128,aggregate,,,,,,,,,,,,,,,,,,,,,,,,,,,,,,,,,12,0.5192,0.5045,0.535,0.0097,0.5192,0.5045,0.535,0.0097,0.6835,0.6706,0.697,0.0084,0.1517,0.1223,0.1929,0.0239,0.2715,0.2007,0.3468,0.0428,0.0304,0.0249,0.0415,0.0053,0.1039,0.0773,0.1574,0.0249,0.7624,0.7149,0.8312,0.0303,1.4538,0.7485,2.1122,0.4005,2.1022,0.4685,5.0181,1.6304,0.0,0.0,0.0,0.0,1.6923,0.0,3.0,0.8213,1.6923,0.0,3.0,0.8213,0.1054,0.0688,0.1409,0.0207,0.2012,0.1326,0.2505,0.0402,2.3077,2.0,3.0,0.4615,4.5385,2.0,7.0,1.3931,0.1783,0.1321,0.2256,0.0327,2.3846,0.0,5.0,1.4956,0.4131,0.3272,0.4994,0.0536,1.0523,1.0476,1.0577,0.005,0.8199,0.7422,0.9643,0.0535,0.2208,0.0795,0.2983,0.0517,237.0492,131.48,315.29,54.2726,347.1883,198.75,483.7,74.9559,0.5932,0.5488,0.6591,0.0352,0.9469,0.9349,0.9661,0.0121,0.3537,0.278,0.4114,0.0431,1.0,68.75,0.1667,10,4166.26,,,,"[166.78, 232.07, 204.78, 280.81, 282.03, 315.29, 256.81, 131.48, 231.38, 283.86, 281.68, 177.62]"
demo_01_scene_06_A,optimizer_static,original,10,0,128,frame,0,C:/Users/hexia/Documents/GitHub/umbra-bench/optimized/sequences-static/demo_01_scene_06_A/f00/f00_best.png,0.5692,0.5692,0.7254,0.136,0.263,0.03003,0.11389,0.8356,1.6782,2.7396,0,2,2,0.1452,0.16571,3,3,0.1685,0,0.5292,0.8349,0.8,0.0418,0->1,147.54,264.03,1,0.5779,0.9841,0.4062,,,,,,,,,,,,,,,,,,,,,,,,,,,,,,,,,,,,,,,,,,,,,,,,,,,,,,,,,,,,,,,,,,,,,,,,,,,,,,,,,,,,,,,,,,,,,,,,,,,,,,,,,,,,,,,,,,,,,,,,,,
demo_01_scene_06_A,optimizer_static,original,10,0,128,frame,1,C:/Users/hexia/Documents/GitHub/umbra-bench/optimized/sequences-static/demo_01_scene_06_A/f01/f01_best.png,0.5865,0.5865,0.7394,0.1406,0.2516,0.03072,0.1032,0.7684,2.2511,9.2427,0,3,3,0.14619,0.25779,3,4,0.2466,1,0.4531,0.8519,0.625,0.2663,1->2,103.68,183.42,1,0.7039,0.8452,0.1413,,,,,,,,,,,,,,,,,,,,,,,,,,,,,,,,,,,,,,,,,,,,,,,,,,,,,,,,,,,,,,,,,,,,,,,,,,,,,,,,,,,,,,,,,,,,,,,,,,,,,,,,,,,,,,,,,,,,,,,,,,
demo_01_scene_06_A,optimizer_static,original,10,0,128,frame,2,C:/Users/hexia/Documents/GitHub/umbra-bench/optimized/sequences-static/demo_01_scene_06_A/f02/f02_best.png,0.6054,0.6054,0.7542,0.1095,0.221,0.03645,0.12621,0.7748,3.2705,6.1341,0,4,4,0.17035,0.29601,3,1,0.1474,2,0.554,0.8818,0.6281,0.2877,2->3,124.48,202.81,1,0.7604,0.8586,0.0982,,,,,,,,,,,,,,,,,,,,,,,,,,,,,,,,,,,,,,,,,,,,,,,,,,,,,,,,,,,,,,,,,,,,,,,,,,,,,,,,,,,,,,,,,,,,,,,,,,,,,,,,,,,,,,,,,,,,,,,,,,
demo_01_scene_06_A,optimizer_static,original,10,0,128,frame,3,C:/Users/hexia/Documents/GitHub/umbra-bench/optimized/sequences-static/demo_01_scene_06_A/f03/f03_best.png,0.5618,0.5618,0.7194,0.1385,0.282,0.03272,0.10807,0.7744,3.5243,9.5943,0,2,2,0.10949,0.1632,3,3,0.1934,0,0.5319,0.8611,0.6975,0.19,3->4,140.75,237.83,1,0.7266,0.9453,0.2187,,,,,,,,,,,,,,,,,,,,,,,,,,,,,,,,,,,,,,,,,,,,,,,,,,,,,,,,,,,,,,,,,,,,,,,,,,,,,,,,,,,,,,,,,,,,,,,,,,,,,,,,,,,,,,,,,,,,,,,,,,
demo_01_scene_06_A,optimizer_static,original,10,0,128,frame,4,C:/Users/hexia/Documents/GitHub/umbra-bench/optimized/sequences-static/demo_01_scene_06_A/f04/f04_best.png,0.5915,0.5915,0.7433,0.1095,0.1939,0.03364,0.11892,0.761,3.1544,13.8626,0,4,4,0.16286,0.26395,3,2,0.2978,1,0.5132,0.8624,0.6475,0.2491,4->5,74.58,135.49,1,0.7582,0.9694,0.2112,,,,,,,,,,,,,,,,,,,,,,,,,,,,,,,,,,,,,,,,,,,,,,,,,,,,,,,,,,,,,,,,,,,,,,,,,,,,,,,,,,,,,,,,,,,,,,,,,,,,,,,,,,,,,,,,,,,,,,,,,,
demo_01_scene_06_A,optimizer_static,original,10,0,128,frame,5,C:/Users/hexia/Documents/GitHub/umbra-bench/optimized/sequences-static/demo_01_scene_06_A/f05/f05_best.png,0.6075,0.6075,0.7558,0.1161,0.2302,0.0344,0.11706,0.787,2.4688,11.426,0,2,2,0.1427,0.19139,3,4,0.156,1,0.5251,0.8716,0.6179,0.2911,5->6,94.58,170.82,1,0.8024,0.995,0.1926,,,,,,,,,,,,,,,,,,,,,,,,,,,,,,,,,,,,,,,,,,,,,,,,,,,,,,,,,,,,,,,,,,,,,,,,,,,,,,,,,,,,,,,,,,,,,,,,,,,,,,,,,,,,,,,,,,,,,,,,,,
demo_01_scene_06_A,optimizer_static,original,10,0,128,frame,6,C:/Users/hexia/Documents/GitHub/umbra-bench/optimized/sequences-static/demo_01_scene_06_A/f06/f06_best.png,0.6027,0.6027,0.7521,0.1093,0.2237,0.03297,0.10496,0.7782,2.8965,12.3857,0,4,4,0.16136,0.27572,3,2,0.2831,1,0.5067,0.8716,0.616,0.2932,6->7,52.91,64.94,0,0.8568,0.9863,0.1295,,,,,,,,,,,,,,,,,,,,,,,,,,,,,,,,,,,,,,,,,,,,,,,,,,,,,,,,,,,,,,,,,,,,,,,,,,,,,,,,,,,,,,,,,,,,,,,,,,,,,,,,,,,,,,,,,,,,,,,,,,
demo_01_scene_06_A,optimizer_static,original,10,0,128,frame,7,C:/Users/hexia/Documents/GitHub/umbra-bench/optimized/sequences-static/demo_01_scene_06_A/f07/f07_best.png,0.5937,0.5937,0.745,0.1179,0.2308,0.03376,0.10888,0.7602,3.2383,14.2603,0,3,3,0.16412,0.28745,3,2,0.2449,1,0.5149,0.8624,0.623,0.2776,7->8,70.89,118.07,1,0.7482,0.9953,0.2471,,,,,,,,,,,,,,,,,,,,,,,,,,,,,,,,,,,,,,,,,,,,,,,,,,,,,,,,,,,,,,,,,,,,,,,,,,,,,,,,,,,,,,,,,,,,,,,,,,,,,,,,,,,,,,,,,,,,,,,,,,
demo_01_scene_06_A,optimizer_static,original,10,0,128,frame,8,C:/Users/hexia/Documents/GitHub/umbra-bench/optimized/sequences-static/demo_01_scene_06_A/f08/f08_best.png,0.6043,0.6043,0.7533,0.1412,0.2488,0.03119,0.11049,0.7541,3.7755,16.1703,0,2,2,0.1768,0.27492,3,3,0.2895,0,0.5103,0.8624,0.6371,0.2612,8->9,131.14,210.51,1,0.6717,0.9419,0.2702,,,,,,,,,,,,,,,,,,,,,,,,,,,,,,,,,,,,,,,,,,,,,,,,,,,,,,,,,,,,,,,,,,,,,,,,,,,,,,,,,,,,,,,,,,,,,,,,,,,,,,,,,,,,,,,,,,,,,,,,,,
demo_01_scene_06_A,optimizer_static,original,10,0,128,frame,9,C:/Users/hexia/Documents/GitHub/umbra-bench/optimized/sequences-static/demo_01_scene_06_A/f09/f09_best.png,0.6029,0.6029,0.7523,0.126,0.2387,0.03158,0.11745,0.7708,2.0014,2.6805,0,1,1,0.11814,0.20923,3,4,0.1482,1,0.5195,0.8519,0.6446,0.2433,,,,,,,,,,,,,,,,,,,,,,,,,,,,,,,,,,,,,,,,,,,,,,,,,,,,,,,,,,,,,,,,,,,,,,,,,,,,,,,,,,,,,,,,,,,,,,,,,,,,,,,,,,,,,,,,,,,,,,,,,,,,,,,,,
demo_01_scene_06_A,optimizer_static,original,10,0,128,aggregate,,,,,,,,,,,,,,,,,,,,,,,,,,,,,,,,,9,0.5926,0.5618,0.6075,0.0151,0.5926,0.5618,0.6075,0.0151,0.744,0.7194,0.7558,0.012,0.1245,0.1093,0.1412,0.0129,0.2384,0.1939,0.282,0.0233,0.0327,0.03,0.0365,0.0018,0.1129,0.1032,0.1262,0.0067,0.7765,0.7541,0.8356,0.0217,2.8259,1.6782,3.7755,0.6577,9.8496,2.6805,16.1703,4.479,0.0,0.0,0.0,0.0,2.7,1.0,4.0,1.005,2.7,1.0,4.0,1.005,0.1497,0.1095,0.1768,0.0209,0.2385,0.1632,0.296,0.0485,3.0,3.0,3.0,0.0,2.8,1.0,4.0,0.9798,0.2175,0.1474,0.2978,0.0583,0.8,0.0,2.0,0.6,0.5158,0.4531,0.554,0.0246,0.8612,0.8349,0.8818,0.0123,0.6537,0.616,0.8,0.0537,0.2401,0.0418,0.2932,0.0722,104.5056,52.91,147.54,31.7295,176.4356,64.94,264.03,58.5884,0.734,0.5779,0.8568,0.0749,0.9468,0.8452,0.9953,0.054,0.2128,0.0982,0.4062,0.0866,0.8889,68.75,1.0,0,1587.92,,,,"[147.54, 103.68, 124.48, 140.75, 74.58, 94.58, 52.91, 70.89, 131.14]"
demo_01_scene_06_F,optimizer_static,original,10,0,128,frame,0,C:/Users/hexia/Documents/GitHub/umbra-bench/optimized/sequences-static/demo_01_scene_06_F/f00/f00_best.png,0.6932,0.6932,0.8188,0.2082,0.3492,0.0184,0.06124,0.9052,0.5519,0.2963,0,0,0,0.05381,0.07266,3,4,0.1036,1,0.5615,0.6346,0.4762,0.2496,0->1,230.33,370.26,1,0.6972,0.8661,0.1689,,,,,,,,,,,,,,,,,,,,,,,,,,,,,,,,,,,,,,,,,,,,,,,,,,,,,,,,,,,,,,,,,,,,,,,,,,,,,,,,,,,,,,,,,,,,,,,,,,,,,,,,,,,,,,,,,,,,,,,,,,
demo_01_scene_06_F,optimizer_static,original,10,0,128,frame,1,C:/Users/hexia/Documents/GitHub/umbra-bench/optimized/sequences-static/demo_01_scene_06_F/f01/f01_best.png,0.711,0.711,0.8311,0.2218,0.3643,0.01792,0.05888,0.8651,0.342,0.203,0,0,0,0.05611,0.10387,3,6,0.0595,3,0.6515,0.7115,0.5952,0.1634,1->2,249.86,457.78,1,0.7326,0.9914,0.2588,,,,,,,,,,,,,,,,,,,,,,,,,,,,,,,,,,,,,,,,,,,,,,,,,,,,,,,,,,,,,,,,,,,,,,,,,,,,,,,,,,,,,,,,,,,,,,,,,,,,,,,,,,,,,,,,,,,,,,,,,,
demo_01_scene_06_F,optimizer_static,original,10,0,128,frame,2,C:/Users/hexia/Documents/GitHub/umbra-bench/optimized/sequences-static/demo_01_scene_06_F/f02/f02_best.png,0.7063,0.7063,0.8279,0.241,0.418,0.01794,0.06629,0.8203,0.7657,0.2318,0,3,3,0.06408,0.10076,3,2,0.1531,1,0.4865,0.7115,0.5625,0.2095,2->3,262.13,370.73,1,0.7323,0.9294,0.1971,,,,,,,,,,,,,,,,,,,,,,,,,,,,,,,,,,,,,,,,,,,,,,,,,,,,,,,,,,,,,,,,,,,,,,,,,,,,,,,,,,,,,,,,,,,,,,,,,,,,,,,,,,,,,,,,,,,,,,,,,,
demo_01_scene_06_F,optimizer_static,original,10,0,128,frame,3,C:/Users/hexia/Documents/GitHub/umbra-bench/optimized/sequences-static/demo_01_scene_06_F/f03/f03_best.png,0.7634,0.7634,0.8658,0.2667,0.4418,0.01584,0.05524,0.8614,0.5132,0.1013,0,1,1,0.03139,0.09053,4,3,0.084,1,0.7254,0.6792,0.5528,0.1861,3->4,208.58,388.25,1,0.8212,0.8659,0.0447,,,,,,,,,,,,,,,,,,,,,,,,,,,,,,,,,,,,,,,,,,,,,,,,,,,,,,,,,,,,,,,,,,,,,,,,,,,,,,,,,,,,,,,,,,,,,,,,,,,,,,,,,,,,,,,,,,,,,,,,,,
demo_01_scene_06_F,optimizer_static,original,10,0,128,frame,4,C:/Users/hexia/Documents/GitHub/umbra-bench/optimized/sequences-static/demo_01_scene_06_F/f04/f04_best.png,0.7419,0.7419,0.8519,0.2268,0.3742,0.01922,0.0737,0.8679,0.5399,0.1831,0,0,0,0.05321,0.09139,4,4,0.1004,0,0.6112,0.6091,0.4922,0.1919,4->5,84.98,139.63,1,0.7983,0.844,0.0457,,,,,,,,,,,,,,,,,,,,,,,,,,,,,,,,,,,,,,,,,,,,,,,,,,,,,,,,,,,,,,,,,,,,,,,,,,,,,,,,,,,,,,,,,,,,,,,,,,,,,,,,,,,,,,,,,,,,,,,,,,
demo_01_scene_06_F,optimizer_static,original,10,0,128,frame,5,C:/Users/hexia/Documents/GitHub/umbra-bench/optimized/sequences-static/demo_01_scene_06_F/f05/f05_best.png,0.7151,0.7151,0.8339,0.2545,0.4247,0.01713,0.06642,0.8439,0.4298,0.2661,0,0,0,0.04957,0.07806,4,5,0.0628,1,0.5759,0.5688,0.5081,0.1068,5->6,70.01,116.13,1,0.784,0.8573,0.0733,,,,,,,,,,,,,,,,,,,,,,,,,,,,,,,,,,,,,,,,,,,,,,,,,,,,,,,,,,,,,,,,,,,,,,,,,,,,,,,,,,,,,,,,,,,,,,,,,,,,,,,,,,,,,,,,,,,,,,,,,,
demo_01_scene_06_F,optimizer_static,original,10,0,128,frame,6,C:/Users/hexia/Documents/GitHub/umbra-bench/optimized/sequences-static/demo_01_scene_06_F/f06/f06_best.png,0.7271,0.7271,0.842,0.232,0.3864,0.01701,0.05946,0.8769,0.244,0.2859,0,0,0,0.05964,0.07263,3,4,0.088,1,0.7429,0.5596,0.4797,0.1429,6->7,47.86,71.18,0,0.902,0.9926,0.0906,,,,,,,,,,,,,,,,,,,,,,,,,,,,,,,,,,,,,,,,,,,,,,,,,,,,,,,,,,,,,,,,,,,,,,,,,,,,,,,,,,,,,,,,,,,,,,,,,,,,,,,,,,,,,,,,,,,,,,,,,,
demo_01_scene_06_F,optimizer_static,original,10,0,128,frame,7,C:/Users/hexia/Documents/GitHub/umbra-bench/optimized/sequences-static/demo_01_scene_06_F/f07/f07_best.png,0.7273,0.7273,0.8421,0.2672,0.4295,0.01698,0.06675,0.8842,0.3084,0.2431,0,0,0,0.0541,0.05779,3,5,0.0733,2,0.6199,0.5596,0.496,0.1137,7->8,245.08,457.33,1,0.7563,0.9949,0.2386,,,,,,,,,,,,,,,,,,,,,,,,,,,,,,,,,,,,,,,,,,,,,,,,,,,,,,,,,,,,,,,,,,,,,,,,,,,,,,,,,,,,,,,,,,,,,,,,,,,,,,,,,,,,,,,,,,,,,,,,,,
demo_01_scene_06_F,optimizer_static,original,10,0,128,frame,8,C:/Users/hexia/Documents/GitHub/umbra-bench/optimized/sequences-static/demo_01_scene_06_F/f08/f08_best.png,0.7343,0.7343,0.8468,0.298,0.4844,0.01396,0.0516,0.8886,0.197,0.2109,0,1,1,0.05164,0.11949,3,4,0.1392,1,0.6307,0.5596,0.5156,0.0786,8->9,246.18,456.98,1,0.7349,0.9914,0.2565,,,,,,,,,,,,,,,,,,,,,,,,,,,,,,,,,,,,,,,,,,,,,,,,,,,,,,,,,,,,,,,,,,,,,,,,,,,,,,,,,,,,,,,,,,,,,,,,,,,,,,,,,,,,,,,,,,,,,,,,,,
demo_01_scene_06_F,optimizer_static,original,10,0,128,frame,9,C:/Users/hexia/Documents/GitHub/umbra-bench/optimized/sequences-static/demo_01_scene_06_F/f09/f09_best.png,0.7173,0.7173,0.8354,0.2534,0.418,0.01683,0.06176,0.844,0.1573,0.2549,0,0,0,0.03974,0.03512,3,4,0.0898,1,0.7296,0.5596,0.5323,0.0489,,,,,,,,,,,,,,,,,,,,,,,,,,,,,,,,,,,,,,,,,,,,,,,,,,,,,,,,,,,,,,,,,,,,,,,,,,,,,,,,,,,,,,,,,,,,,,,,,,,,,,,,,,,,,,,,,,,,,,,,,,,,,,,,,
demo_01_scene_06_F,optimizer_static,original,10,0,128,aggregate,,,,,,,,,,,,,,,,,,,,,,,,,,,,,,,,,9,0.7237,0.6932,0.7634,0.0189,0.7237,0.6932,0.7634,0.0189,0.8396,0.8188,0.8658,0.0126,0.247,0.2082,0.298,0.0251,0.4091,0.3492,0.4844,0.0386,0.0171,0.014,0.0192,0.0014,0.0621,0.0516,0.0737,0.0061,0.8658,0.8203,0.9052,0.0236,0.4049,0.1573,0.7657,0.1806,0.2276,0.1013,0.2963,0.0542,0.0,0.0,0.0,0.0,0.5,0.0,3.0,0.922,0.5,0.0,3.0,0.922,0.0513,0.0314,0.0641,0.009,0.0822,0.0351,0.1195,0.0232,3.3,3.0,4.0,0.4583,4.1,2.0,6.0,1.044,0.0954,0.0595,0.1531,0.029,1.2,0.0,3.0,0.7483,0.6335,0.4865,0.7429,0.078,0.6153,0.5596,0.7115,0.0613,0.5211,0.4762,0.5952,0.0371,0.1491,0.0489,0.2496,0.0594,182.7789,47.86,262.13,83.0722,314.2522,71.18,457.78,149.8423,0.7732,0.6972,0.902,0.0582,0.9259,0.844,0.9949,0.0636,0.1527,0.0447,0.2588,0.0849,0.8889,68.75,0.4444,5,2828.27,,,,"[230.33, 249.86, 262.13, 208.58, 84.98, 70.01, 47.86, 245.08, 246.18]"
demo_01_scene_06_I,optimizer_static,original,10,0,128,frame,0,C:/Users/hexia/Documents/GitHub/umbra-bench/optimized/sequences-static/demo_01_scene_06_I/f00/f00_best.png,0.1999,0.1999,0.3332,0.0895,0.1663,0.04988,0.27459,0.4273,3.6903,0.3656,1,0,1,0.04994,0.0031,2,3,0.1009,1,0.2227,0.4444,0.7579,0.7053,0->1,231.53,311.54,1,0.6865,0.7762,0.0897,,,,,,,,,,,,,,,,,,,,,,,,,,,,,,,,,,,,,,,,,,,,,,,,,,,,,,,,,,,,,,,,,,,,,,,,,,,,,,,,,,,,,,,,,,,,,,,,,,,,,,,,,,,,,,,,,,,,,,,,,,
demo_01_scene_06_I,optimizer_static,original,10,0,128,frame,1,C:/Users/hexia/Documents/GitHub/umbra-bench/optimized/sequences-static/demo_01_scene_06_I/f01/f01_best.png,0.2368,0.2368,0.3829,0.1327,0.2064,0.04478,0.26281,0.4802,3.3372,0.334,1,0,1,0.03783,0.01719,2,3,0.0823,1,0.3062,0.5278,0.7742,0.4669,1->2,249.76,304.91,1,0.7351,0.8049,0.0698,,,,,,,,,,,,,,,,,,,,,,,,,,,,,,,,,,,,,,,,,,,,,,,,,,,,,,,,,,,,,,,,,,,,,,,,,,,,,,,,,,,,,,,,,,,,,,,,,,,,,,,,,,,,,,,,,,,,,,,,,,
demo_01_scene_06_I,optimizer_static,original,10,0,128,frame,2,C:/Users/hexia/Documents/GitHub/umbra-bench/optimized/sequences-static/demo_01_scene_06_I/f02/f02_best.png,0.2229,0.2229,0.3646,0.1344,0.2009,0.04621,0.26816,0.4384,1.4803,0.2518,1,0,1,0.04632,0.01018,2,3,0.0752,1,0.2419,0.4722,0.8372,0.7729,2->3,177.86,238.24,1,0.4584,0.261,-0.1974,,,,,,,,,,,,,,,,,,,,,,,,,,,,,,,,,,,,,,,,,,,,,,,,,,,,,,,,,,,,,,,,,,,,,,,,,,,,,,,,,,,,,,,,,,,,,,,,,,,,,,,,,,,,,,,,,,,,,,,,,,
demo_01_scene_06_I,optimizer_static,original,10,0,128,frame,3,C:/Users/hexia/Documents/GitHub/umbra-bench/optimized/sequences-static/demo_01_scene_06_I/f03/f03_best.png,0.2122,0.2122,0.3501,0.1193,0.2106,0.04699,0.24779,0.4286,1.1505,0.6238,1,0,1,0.05899,0.04532,2,4,0.0543,2,0.2351,0.8837,0.7423,0.1601,3->4,184.24,356.88,1,0.3032,0.2075,-0.0957,,,,,,,,,,,,,,,,,,,,,,,,,,,,,,,,,,,,,,,,,,,,,,,,,,,,,,,,,,,,,,,,,,,,,,,,,,,,,,,,,,,,,,,,,,,,,,,,,,,,,,,,,,,,,,,,,,,,,,,,,,
demo_01_scene_06_I,optimizer_static,original,10,0,128,frame,4,C:/Users/hexia/Documents/GitHub/umbra-bench/optimized/sequences-static/demo_01_scene_06_I/f04/f04_best.png,0.2288,0.2288,0.3723,0.0957,0.1788,0.04947,0.23615,0.439,4.2811,2.4212,0,2,2,0.0644,0.05309,2,4,0.0354,2,0.1777,1.5102,0.9765,0.3534,4->5,181.97,212.68,1,0.4027,0.2043,-0.1984,,,,,,,,,,,,,,,,,,,,,,,,,,,,,,,,,,,,,,,,,,,,,,,,,,,,,,,,,,,,,,,,,,,,,,,,,,,,,,,,,,,,,,,,,,,,,,,,,,,,,,,,,,,,,,,,,,,,,,,,,,
demo_01_scene_06_I,optimizer_static,original,10,0,128,frame,5,C:/Users/hexia/Documents/GitHub/umbra-bench/optimized/sequences-static/demo_01_scene_06_I/f05/f05_best.png,0.2787,0.2787,0.4359,0.2179,0.356,0.04434,0.22792,0.4905,4.2077,0.9517,0,2,2,0.09521,0.14612,2,2,0.0517,0,0.2292,3.0,1.45,0.5167,5->6,106.56,208.36,1,0.5073,0.5881,0.0808,,,,,,,,,,,,,,,,,,,,,,,,,,,,,,,,,,,,,,,,,,,,,,,,,,,,,,,,,,,,,,,,,,,,,,,,,,,,,,,,,,,,,,,,,,,,,,,,,,,,,,,,,,,,,,,,,,,,,,,,,,
demo_01_scene_06_I,optimizer_static,original,10,0,128,frame,6,C:/Users/hexia/Documents/GitHub/umbra-bench/optimized/sequences-static/demo_01_scene_06_I/f06/f06_best.png,0.2249,0.2249,0.3672,0.122,0.2317,0.04985,0.26354,0.4835,6.1003,3.3519,0,1,1,0.05612,0.06091,2,3,0.0415,1,0.185,2.1951,1.2561,0.4278,6->7,229.81,389.31,1,0.5333,0.397,-0.1363,,,,,,,,,,,,,,,,,,,,,,,,,,,,,,,,,,,,,,,,,,,,,,,,,,,,,,,,,,,,,,,,,,,,,,,,,,,,,,,,,,,,,,,,,,,,,,,,,,,,,,,,,,,,,,,,,,,,,,,,,,
demo_01_scene_06_I,optimizer_static,original,10,0,128,frame,7,C:/Users/hexia/Documents/GitHub/umbra-bench/optimized/sequences-static/demo_01_scene_06_I/f07/f07_best.png,0.2066,0.2066,0.3425,0.1626,0.2731,0.04484,0.26547,0.3868,2.3807,1.1724,0,0,0,0.04209,0.01874,2,4,0.0384,2,0.1572,1.1538,0.6923,0.4,7->8,266.14,422.55,1,0.2579,0.3535,0.0956,,,,,,,,,,,,,,,,,,,,,,,,,,,,,,,,,,,,,,,,,,,,,,,,,,,,,,,,,,,,,,,,,,,,,,,,,,,,,,,,,,,,,,,,,,,,,,,,,,,,,,,,,,,,,,,,,,,,,,,,,,
demo_01_scene_06_I,optimizer_static,original,10,0,128,frame,8,C:/Users/hexia/Documents/GitHub/umbra-bench/optimized/sequences-static/demo_01_scene_06_I/f08/f08_best.png,0.1973,0.1973,0.3296,0.0935,0.1575,0.05542,0.26614,0.4474,2.4865,0.3551,1,0,1,0.04266,0.0,2,3,0.1063,1,0.2583,0.7895,0.7273,0.0788,8->9,255.62,384.67,1,0.5298,0.4125,-0.1173,,,,,,,,,,,,,,,,,,,,,,,,,,,,,,,,,,,,,,,,,,,,,,,,,,,,,,,,,,,,,,,,,,,,,,,,,,,,,,,,,,,,,,,,,,,,,,,,,,,,,,,,,,,,,,,,,,,,,,,,,,
demo_01_scene_06_I,optimizer_static,original,10,0,128,frame,9,C:/Users/hexia/Documents/GitHub/umbra-bench/optimized/sequences-static/demo_01_scene_06_I/f09/f09_best.png,0.2228,0.2228,0.3644,0.1156,0.1902,0.04943,0.27037,0.4949,1.1491,0.2536,1,0,1,0.04165,0.0,2,3,0.0632,1,0.2578,0.5,0.8276,0.6552,,,,,,,,,,,,,,,,,,,,,,,,,,,,,,,,,,,,,,,,,,,,,,,,,,,,,,,,,,,,,,,,,,,,,,,,,,,,,,,,,,,,,,,,,,,,,,,,,,,,,,,,,,,,,,,,,,,,,,,,,,,,,,,,,
demo_01_scene_06_I,optimizer_static,original,10,0,128,aggregate,,,,,,,,,,,,,,,,,,,,,,,,,,,,,,,,,9,0.2231,0.1973,0.2787,0.0222,0.2231,0.1973,0.2787,0.0222,0.3643,0.3296,0.4359,0.029,0.1283,0.0895,0.2179,0.0365,0.2172,0.1575,0.356,0.056,0.0481,0.0443,0.0554,0.0032,0.2583,0.2279,0.2746,0.0148,0.4517,0.3868,0.4949,0.033,3.0264,1.1491,6.1003,1.5198,1.0081,0.2518,3.3519,1.0051,0.6,0.0,1.0,0.4899,0.5,0.0,2.0,0.8062,1.1,0.0,2.0,0.5385,0.0535,0.0378,0.0952,0.0161,0.0355,0.0,0.1461,0.0426,2.0,2.0,2.0,0.0,3.2,2.0,4.0,0.6,0.0649,0.0354,0.1063,0.0241,1.2,0.0,2.0,0.6,0.2271,0.1572,0.3062,0.0419,1.1477,0.4444,3.0,0.8132,0.9041,0.6923,1.45,0.2404,0.4537,0.0788,0.7729,0.2122,209.2767,106.56,266.14,48.1284,314.3489,208.36,422.55,75.675,0.4905,0.2579,0.7351,0.149,0.445,0.2043,0.8049,0.2159,-0.0455,-0.1984,0.0956,0.1201,1.0,68.75,0.0,9,2829.14,,,,"[231.53, 249.76, 177.86, 184.24, 181.97, 106.56, 229.81, 266.14, 255.62]"
demo_01_scene_06_L,optimizer_static,original,4,0,128,frame,0,C:/Users/hexia/Documents/GitHub/umbra-bench/optimized/sequences-static/demo_01_scene_06_L/f00/f00_best.png,0.3206,0.3206,0.4855,0.1945,0.337,0.05811,0.32727,0.5794,2.6871,0.3299,1,0,1,0.04829,0.01172,2,3,0.0867,1,0.1208,0.6739,0.8304,0.2321,0->1,138.16,334.87,1,0.1036,0.0,-0.1036,,,,,,,,,,,,,,,,,,,,,,,,,,,,,,,,,,,,,,,,,,,,,,,,,,,,,,,,,,,,,,,,,,,,,,,,,,,,,,,,,,,,,,,,,,,,,,,,,,,,,,,,,,,,,,,,,,,,,,,,,,
demo_01_scene_06_L,optimizer_static,original,4,0,128,frame,1,C:/Users/hexia/Documents/GitHub/umbra-bench/optimized/sequences-static/demo_01_scene_06_L/f01/f01_best.png,0.3769,0.3769,0.5474,0.2386,0.4381,0.04103,0.22838,0.6037,1.4224,0.6029,0,0,0,0.02741,0.00781,2,3,0.144,1,0.4086,0.7083,0.5253,0.2585,1->2,152.49,359.32,1,0.3413,0.2115,-0.1298,,,,,,,,,,,,,,,,,,,,,,,,,,,,,,,,,,,,,,,,,,,,,,,,,,,,,,,,,,,,,,,,,,,,,,,,,,,,,,,,,,,,,,,,,,,,,,,,,,,,,,,,,,,,,,,,,,,,,,,,,,
demo_01_scene_06_L,optimizer_static,original,4,0,128,frame,2,C:/Users/hexia/Documents/GitHub/umbra-bench/optimized/sequences-static/demo_01_scene_06_L/f02/f02_best.png,0.3886,0.3886,0.5597,0.1411,0.2074,0.04012,0.22671,0.5678,1.7166,0.664,1,0,1,0.04473,0.03906,2,2,0.1377,0,0.3583,0.7021,0.8471,0.2064,2->3,142.82,234.52,1,0.5636,0.9631,0.3995,,,,,,,,,,,,,,,,,,,,,,,,,,,,,,,,,,,,,,,,,,,,,,,,,,,,,,,,,,,,,,,,,,,,,,,,,,,,,,,,,,,,,,,,,,,,,,,,,,,,,,,,,,,,,,,,,,,,,,,,,,
demo_01_scene_06_L,optimizer_static,original,4,0,128,frame,3,C:/Users/hexia/Documents/GitHub/umbra-bench/optimized/sequences-static/demo_01_scene_06_L/f03/f03_best.png,0.3673,0.3673,0.5373,0.1616,0.2843,0.03938,0.22589,0.5999,1.0732,0.4324,1,0,1,0.03927,0.0,2,3,0.0959,1,0.4028,0.6809,0.7742,0.1371,,,,,,,,,,,,,,,,,,,,,,,,,,,,,,,,,,,,,,,,,,,,,,,,,,,,,,,,,,,,,,,,,,,,,,,,,,,,,,,,,,,,,,,,,,,,,,,,,,,,,,,,,,,,,,,,,,,,,,,,,,,,,,,,,
demo_01_scene_06_L,optimizer_static,original,4,0,128,aggregate,,,,,,,,,,,,,,,,,,,,,,,,,,,,,,,,,3,0.3634,0.3206,0.3886,0.0258,0.3634,0.3206,0.3886,0.0258,0.5325,0.4855,0.5597,0.0283,0.184,0.1411,0.2386,0.0369,0.3167,0.2074,0.4381,0.0839,0.0447,0.0394,0.0581,0.0078,0.2521,0.2259,0.3273,0.0434,0.5877,0.5678,0.6037,0.0147,1.7248,1.0732,2.6871,0.6004,0.5073,0.3299,0.664,0.133,0.75,0.0,1.0,0.433,0.0,0.0,0.0,0.0,0.75,0.0,1.0,0.433,0.0399,0.0274,0.0483,0.0079,0.0146,0.0,0.0391,0.0147,2.0,2.0,2.0,0.0,2.75,2.0,3.0,0.433,0.1161,0.0867,0.144,0.0251,0.75,0.0,1.0,0.433,0.3226,0.1208,0.4086,0.1181,0.6913,0.6739,0.7083,0.0143,0.7442,0.5253,0.8471,0.1293,0.2085,0.1371,0.2585,0.0452,144.49,138.16,152.49,5.9682,309.57,234.52,359.32,53.9989,0.3362,0.1036,0.5636,0.1878,0.3915,0.0,0.9631,0.4133,0.0554,-0.1298,0.3995,0.2436,1.0,68.75,0.3333,2,928.71,,,,"[138.16, 152.49, 142.82]"
demo_01_scene_06_M,optimizer_static,original,10,0,128,frame,0,C:/Users/hexia/Documents/GitHub/umbra-bench/optimized/sequences-static/demo_01_scene_06_M/f00/f00_best.png,0.5646,0.5646,0.7217,0.1411,0.25,0.02939,0.09504,0.8206,2.3323,1.8342,0,2,2,0.16419,0.20621,3,4,0.2532,1,0.4772,0.9528,0.8559,0.1017,0->1,243.31,391.28,1,0.5142,0.7752,0.261,,,,,,,,,,,,,,,,,,,,,,,,,,,,,,,,,,,,,,,,,,,,,,,,,,,,,,,,,,,,,,,,,,,,,,,,,,,,,,,,,,,,,,,,,,,,,,,,,,,,,,,,,,,,,,,,,,,,,,,,,,
demo_01_scene_06_M,optimizer_static,original,10,0,128,frame,1,C:/Users/hexia/Documents/GitHub/umbra-bench/optimized/sequences-static/demo_01_scene_06_M/f01/f01_best.png,0.5751,0.5751,0.7302,0.1243,0.2383,0.03102,0.10183,0.767,2.5958,1.7898,0,2,2,0.15297,0.24761,4,5,0.1313,1,0.4967,0.9519,0.8435,0.1139,1->2,161.64,339.33,1,0.5599,0.9927,0.4328,,,,,,,,,,,,,,,,,,,,,,,,,,,,,,,,,,,,,,,,,,,,,,,,,,,,,,,,,,,,,,,,,,,,,,,,,,,,,,,,,,,,,,,,,,,,,,,,,,,,,,,,,,,,,,,,,,,,,,,,,,
demo_01_scene_06_M,optimizer_static,original,10,0,128,frame,2,C:/Users/hexia/Documents/GitHub/umbra-bench/optimized/sequences-static/demo_01_scene_06_M/f02/f02_best.png,0.5308,0.5308,0.6935,0.1253,0.2193,0.03622,0.10186,0.8295,2.8667,1.4902,0,3,3,0.13957,0.21012,4,3,0.1144,1,0.5183,0.9519,0.9151,0.0387,2->3,197.1,320.55,1,0.4159,0.7122,0.2963,,,,,,,,,,,,,,,,,,,,,,,,,,,,,,,,,,,,,,,,,,,,,,,,,,,,,,,,,,,,,,,,,,,,,,,,,,,,,,,,,,,,,,,,,,,,,,,,,,,,,,,,,,,,,,,,,,,,,,,,,,
demo_01_scene_06_M,optimizer_static,original,10,0,128,frame,3,C:/Users/hexia/Documents/GitHub/umbra-bench/optimized/sequences-static/demo_01_scene_06_M/f03/f03_best.png,0.5613,0.5613,0.719,0.1612,0.2917,0.03312,0.129,0.789,2.3822,0.8475,0,1,1,0.11451,0.16839,2,5,0.1295,3,0.4771,1.0745,0.963,0.1038,3->4,149.52,297.06,1,0.572,0.704,0.132,,,,,,,,,,,,,,,,,,,,,,,,,,,,,,,,,,,,,,,,,,,,,,,,,,,,,,,,,,,,,,,,,,,,,,,,,,,,,,,,,,,,,,,,,,,,,,,,,,,,,,,,,,,,,,,,,,,,,,,,,,
demo_01_scene_06_M,optimizer_static,original,10,0,128,frame,4,C:/Users/hexia/Documents/GitHub/umbra-bench/optimized/sequences-static/demo_01_scene_06_M/f04/f04_best.png,0.5772,0.5772,0.7319,0.1418,0.2656,0.02907,0.10626,0.7614,2.3573,2.7822,0,1,1,0.13875,0.24296,4,6,0.1528,2,0.4728,0.9519,0.8264,0.1318,4->5,163.14,241.32,1,0.6563,0.7892,0.1329,,,,,,,,,,,,,,,,,,,,,,,,,,,,,,,,,,,,,,,,,,,,,,,,,,,,,,,,,,,,,,,,,,,,,,,,,,,,,,,,,,,,,,,,,,,,,,,,,,,,,,,,,,,,,,,,,,,,,,,,,,
demo_01_scene_06_M,optimizer_static,original,10,0,128,frame,5,C:/Users/hexia/Documents/GitHub/umbra-bench/optimized/sequences-static/demo_01_scene_06_M/f05/f05_best.png,0.5744,0.5744,0.7296,0.1864,0.3622,0.02391,0.09306,0.7039,2.9038,4.9889,0,2,2,0.13588,0.22343,2,5,0.1841,3,0.4607,1.1489,0.9633,0.1616,5->6,84.28,172.74,1,0.6097,0.7889,0.1792,,,,,,,,,,,,,,,,,,,,,,,,,,,,,,,,,,,,,,,,,,,,,,,,,,,,,,,,,,,,,,,,,,,,,,,,,,,,,,,,,,,,,,,,,,,,,,,,,,,,,,,,,,,,,,,,,,,,,,,,,,
demo_01_scene_06_M,optimizer_static,original,10,0,128,frame,6,C:/Users/hexia/Documents/GitHub/umbra-bench/optimized/sequences-static/demo_01_scene_06_M/f06/f06_best.png,0.5571,0.5571,0.7155,0.1452,0.2864,0.03042,0.10364,0.7229,1.8123,2.0515,0,0,0,0.13979,0.13734,4,7,0.1521,3,0.4703,0.9519,0.8739,0.0819,6->7,260.19,301.93,1,0.6109,0.7883,0.1774,,,,,,,,,,,,,,,,,,,,,,,,,,,,,,,,,,,,,,,,,,,,,,,,,,,,,,,,,,,,,,,,,,,,,,,,,,,,,,,,,,,,,,,,,,,,,,,,,,,,,,,,,,,,,,,,,,,,,,,,,,
demo_01_scene_06_M,optimizer_static,original,10,0,128,frame,7,C:/Users/hexia/Documents/GitHub/umbra-bench/optimized/sequences-static/demo_01_scene_06_M/f07/f07_best.png,0.5667,0.5667,0.7234,0.1416,0.2604,0.02851,0.08925,0.7439,2.2678,0.6607,0,2,2,0.14608,0.19904,2,5,0.2159,3,0.4744,1.1383,1.0093,0.1133,7->8,167.38,272.61,1,0.6475,0.7882,0.1407,,,,,,,,,,,,,,,,,,,,,,,,,,,,,,,,,,,,,,,,,,,,,,,,,,,,,,,,,,,,,,,,,,,,,,,,,,,,,,,,,,,,,,,,,,,,,,,,,,,,,,,,,,,,,,,,,,,,,,,,,,
demo_01_scene_06_M,optimizer_static,original,10,0,128,frame,8,C:/Users/hexia/Documents/GitHub/umbra-bench/optimized/sequences-static/demo_01_scene_06_M/f08/f08_best.png,0.5681,0.5681,0.7245,0.1325,0.2489,0.03123,0.0946,0.7753,2.007,1.6453,0,2,2,0.11537,0.1905,4,5,0.153,1,0.5107,0.9519,0.8435,0.1139,8->9,224.72,354.88,1,0.6324,0.7865,0.1541,,,,,,,,,,,,,,,,,,,,,,,,,,,,,,,,,,,,,,,,,,,,,,,,,,,,,,,,,,,,,,,,,,,,,,,,,,,,,,,,,,,,,,,,,,,,,,,,,,,,,,,,,,,,,,,,,,,,,,,,,,
demo_01_scene_06_M,optimizer_static,original,10,0,128,frame,9,C:/Users/hexia/Documents/GitHub/umbra-bench/optimized/sequences-static/demo_01_scene_06_M/f09/f09_best.png,0.5597,0.5597,0.7177,0.1667,0.306,0.02648,0.08925,0.7468,2.8712,1.3985,0,1,1,0.14646,0.18655,2,6,0.2173,4,0.449,1.1383,0.9727,0.1455,,,,,,,,,,,,,,,,,,,,,,,,,,,,,,,,,,,,,,,,,,,,,,,,,,,,,,,,,,,,,,,,,,,,,,,,,,,,,,,,,,,,,,,,,,,,,,,,,,,,,,,,,,,,,,,,,,,,,,,,,,,,,,,,,
demo_01_scene_06_M,optimizer_static,original,10,0,128,aggregate,,,,,,,,,,,,,,,,,,,,,,,,,,,,,,,,,9,0.5635,0.5308,0.5772,0.0127,0.5635,0.5308,0.5772,0.0127,0.7207,0.6935,0.7319,0.0105,0.1466,0.1243,0.1864,0.0185,0.2729,0.2193,0.3622,0.0387,0.0299,0.0239,0.0362,0.0032,0.1004,0.0892,0.129,0.0111,0.766,0.7039,0.8295,0.0377,2.4396,1.8123,2.9038,0.3522,1.9489,0.6607,4.9889,1.1603,0.0,0.0,0.0,0.0,1.6,0.0,3.0,0.8,1.6,0.0,3.0,0.8,0.1394,0.1145,0.1642,0.0145,0.2012,0.1373,0.2476,0.0316,3.1,2.0,4.0,0.9434,5.1,3.0,7.0,1.044,0.1704,0.1144,0.2532,0.0431,2.2,1.0,4.0,1.077,0.4807,0.449,0.5183,0.0205,1.0212,0.9519,1.1489,0.0868,0.9067,0.8264,1.0093,0.0628,0.1106,0.0387,0.1616,0.0323,183.4756,84.28,260.19,51.0926,299.0778,172.74,391.28,61.1977,0.5799,0.4159,0.6563,0.072,0.7917,0.704,0.9927,0.078,0.2118,0.132,0.4328,0.0952,1.0,68.75,0.3333,6,2691.7,,,,"[243.31, 161.64, 197.1, 149.52, 163.14, 84.28, 260.19, 167.38, 224.72]"
demo_01_scene_06_Y,optimizer_static,original,3,0,128,frame,0,C:/Users/hexia/Documents/GitHub/umbra-bench/optimized/sequences-static/demo_01_scene_06_Y/f00/f00_best.png,0.6011,0.6011,0.7509,0.2086,0.3686,0.02681,0.16117,0.7937,1.3299,0.4016,0,0,0,0.05673,0.07653,3,6,0.0993,3,0.5744,0.701,0.5691,0.1882,0->1,237.61,406.77,1,0.2238,0.1463,-0.0775,,,,,,,,,,,,,,,,,,,,,,,,,,,,,,,,,,,,,,,,,,,,,,,,,,,,,,,,,,,,,,,,,,,,,,,,,,,,,,,,,,,,,,,,,,,,,,,,,,,,,,,,,,,,,,,,,,,,,,,,,,
demo_01_scene_06_Y,optimizer_static,original,3,0,128,frame,1,C:/Users/hexia/Documents/GitHub/umbra-bench/optimized/sequences-static/demo_01_scene_06_Y/f01/f01_best.png,0.7591,0.7591,0.863,0.2589,0.4363,0.01502,0.04752,0.9124,0.579,0.1833,0,0,0,0.01525,0.01094,3,5,0.0812,2,0.7514,0.7778,0.6306,0.1892,1->2,268.7,459.92,1,0.7805,0.9525,0.172,,,,,,,,,,,,,,,,,,,,,,,,,,,,,,,,,,,,,,,,,,,,,,,,,,,,,,,,,,,,,,,,,,,,,,,,,,,,,,,,,,,,,,,,,,,,,,,,,,,,,,,,,,,,,,,,,,,,,,,,,,
demo_01_scene_06_Y,optimizer_static,original,3,0,128,frame,2,C:/Users/hexia/Documents/GitHub/umbra-bench/optimized/sequences-static/demo_01_scene_06_Y/f02/f02_best.png,0.7713,0.7713,0.8709,0.3094,0.5088,0.01298,0.0445,0.8884,0.5809,0.1067,0,0,0,0.02533,0.00858,3,5,0.0802,2,0.6818,0.7677,0.6429,0.1626,,,,,,,,,,,,,,,,,,,,,,,,,,,,,,,,,,,,,,,,,,,,,,,,,,,,,,,,,,,,,,,,,,,,,,,,,,,,,,,,,,,,,,,,,,,,,,,,,,,,,,,,,,,,,,,,,,,,,,,,,,,,,,,,,
demo_01_scene_06_Y,optimizer_static,original,3,0,128,aggregate,,,,,,,,,,,,,,,,,,,,,,,,,,,,,,,,,2,0.7105,0.6011,0.7713,0.0775,0.7105,0.6011,0.7713,0.0775,0.8283,0.7509,0.8709,0.0548,0.259,0.2086,0.3094,0.0412,0.4379,0.3686,0.5088,0.0572,0.0183,0.013,0.0268,0.0061,0.0844,0.0445,0.1612,0.0543,0.8648,0.7937,0.9124,0.0512,0.8299,0.579,1.3299,0.3535,0.2305,0.1067,0.4016,0.1249,0.0,0.0,0.0,0.0,0.0,0.0,0.0,0.0,0.0,0.0,0.0,0.0,0.0324,0.0152,0.0567,0.0177,0.032,0.0086,0.0765,0.0315,3.0,3.0,3.0,0.0,5.3333,5.0,6.0,0.4714,0.0869,0.0802,0.0993,0.0088,2.3333,2.0,3.0,0.4714,0.6692,0.5744,0.7514,0.0728,0.7488,0.701,0.7778,0.0341,0.6142,0.5691,0.6429,0.0323,0.18,0.1626,0.1892,0.0123,253.155,237.61,268.7,15.545,433.345,406.77,459.92,26.575,0.5021,0.2238,0.7805,0.2783,0.5494,0.1463,0.9525,0.4031,0.0472,-0.0775,0.172,0.1247,1.0,68.75,0.5,1,866.69,,,,"[237.61, 268.7]"
flower,optimizer_static,original,8,1,128,frame,0,C:/Users/hexia/Documents/GitHub/umbra-bench/optimized/sequences-static/flower/f00/f00_best.png,0.6122,0.6122,0.7595,0.2069,0.3839,0.02001,0.08446,0.874,1.1591,0.1739,0,0,0,0.03991,0.01562,2,3,0.0464,1,0.3705,0.177,0.3739,1.1126,0->1,105.02,262.39,1,0.6607,0.6689,0.0082,,,,,,,,,,,,,,,,,,,,,,,,,,,,,,,,,,,,,,,,,,,,,,,,,,,,,,,,,,,,,,,,,,,,,,,,,,,,,,,,,,,,,,,,,,,,,,,,,,,,,,,,,,,,,,,,,,,,,,,,,,
flower,optimizer_static,original,8,1,128,frame,1,C:/Users/hexia/Documents/GitHub/umbra-bench/optimized/sequences-static/flower/f01/f01_best.png,0.6776,0.6776,0.8078,0.3116,0.5164,0.01681,0.06176,0.9216,4.3101,0.1354,0,0,0,0.04838,0.02031,3,4,0.0348,1,0.6282,0.3243,0.3839,0.1838,1->2,243.42,378.04,1,0.5688,0.5931,0.0243,,,,,,,,,,,,,,,,,,,,,,,,,,,,,,,,,,,,,,,,,,,,,,,,,,,,,,,,,,,,,,,,,,,,,,,,,,,,,,,,,,,,,,,,,,,,,,,,,,,,,,,,,,,,,,,,,,,,,,,,,,
flower,optimizer_static,original,8,1,128,frame,2,C:/Users/hexia/Documents/GitHub/umbra-bench/optimized/sequences-static/flower/f02/f02_best.png,0.6722,0.6722,0.8039,0.2875,0.5062,0.01553,0.08839,0.9162,3.1466,0.3843,0,0,0,0.0426,0.00781,3,3,0.0333,0,0.6677,0.5524,0.5619,0.0172,2->3,276.24,465.32,1,0.6182,0.5688,-0.0494,,,,,,,,,,,,,,,,,,,,,,,,,,,,,,,,,,,,,,,,,,,,,,,,,,,,,,,,,,,,,,,,,,,,,,,,,,,,,,,,,,,,,,,,,,,,,,,,,,,,,,,,,,,,,,,,,,,,,,,,,,
flower,optimizer_static,original,8,1,128,frame,3,C:/Users/hexia/Documents/GitHub/umbra-bench/optimized/sequences-static/flower/f03/f03_best.png,0.6434,0.6434,0.783,0.2683,0.4609,0.01749,0.07734,0.9083,3.4132,0.4052,0,0,0,0.03244,0.04218,3,3,0.0487,0,0.6281,0.8125,0.87,0.0708,3->4,187.29,256.73,1,0.5595,0.5681,0.0086,,,,,,,,,,,,,,,,,,,,,,,,,,,,,,,,,,,,,,,,,,,,,,,,,,,,,,,,,,,,,,,,,,,,,,,,,,,,,,,,,,,,,,,,,,,,,,,,,,,,,,,,,,,,,,,,,,,,,,,,,,
flower,optimizer_static,original,8,1,128,frame,4,C:/Users/hexia/Documents/GitHub/umbra-bench/optimized/sequences-static/flower/f04/f04_best.png,0.647,0.647,0.7857,0.2997,0.5011,0.01702,0.07872,0.8901,3.8882,0.8188,0,0,0,0.06231,0.025,3,4,0.0449,1,0.6208,1.1059,1.3256,0.1987,4->5,187.29,256.73,1,0.5595,0.5681,0.0086,,,,,,,,,,,,,,,,,,,,,,,,,,,,,,,,,,,,,,,,,,,,,,,,,,,,,,,,,,,,,,,,,,,,,,,,,,,,,,,,,,,,,,,,,,,,,,,,,,,,,,,,,,,,,,,,,,,,,,,,,,
flower,optimizer_static,original,8,1,128,frame,5,C:/Users/hexia/Documents/GitHub/umbra-bench/optimized/sequences-static/flower/f05/f05_best.png,0.6434,0.6434,0.783,0.2683,0.4609,0.01749,0.07734,0.9083,3.4132,0.4052,0,0,0,0.03244,0.04218,3,3,0.0487,0,0.6281,0.8125,0.87,0.0708,5->6,276.24,465.32,1,0.6182,0.5688,-0.0494,,,,,,,,,,,,,,,,,,,,,,,,,,,,,,,,,,,,,,,,,,,,,,,,,,,,,,,,,,,,,,,,,,,,,,,,,,,,,,,,,,,,,,,,,,,,,,,,,,,,,,,,,,,,,,,,,,,,,,,,,,
flower,optimizer_static,original,8,1,128,frame,6,C:/Users/hexia/Documents/GitHub/umbra-bench/optimized/sequences-static/flower/f06/f06_best.png,0.6722,0.6722,0.8039,0.2875,0.5062,0.01553,0.08839,0.9162,3.1466,0.3843,0,0,0,0.0426,0.00781,3,3,0.0333,0,0.6677,0.5524,0.5619,0.0172,6->7,243.42,378.04,1,0.5688,0.5931,0.0243,,,,,,,,,,,,,,,,,,,,,,,,,,,,,,,,,,,,,,,,,,,,,,,,,,,,,,,,,,,,,,,,,,,,,,,,,,,,,,,,,,,,,,,,,,,,,,,,,,,,,,,,,,,,,,,,,,,,,,,,,,
flower,optimizer_static,original,8,1,128,frame,7,C:/Users/hexia/Documents/GitHub/umbra-bench/optimized/sequences-static/flower/f07/f07_best.png,0.6776,0.6776,0.8078,0.3116,0.5164,0.01681,0.06176,0.9216,4.3101,0.1354,0,0,0,0.04838,0.02031,3,4,0.0348,1,0.6282,0.3243,0.3839,0.1838,wrap,105.02,262.39,1,0.6607,0.6689,0.0082,,,,,,,,,,,,,,,,,,,,,,,,,,,,,,,,,,,,,,,,,,,,,,,,,,,,,,,,,,,,,,,,,,,,,,,,,,,,,,,,,,,,,,,,,,,,,,,,,,,,,,,,,,,,,,,,,,,,,,,,,,
flower,optimizer_static,original,8,1,128,aggregate,,,,,,,,,,,,,,,,,,,,,,,,,,,,,,,,,8,0.6557,0.6122,0.6776,0.0217,0.6557,0.6122,0.6776,0.0217,0.7918,0.7595,0.8078,0.016,0.2802,0.2069,0.3116,0.0318,0.4815,0.3839,0.5164,0.0424,0.0171,0.0155,0.02,0.0013,0.0773,0.0618,0.0884,0.0099,0.907,0.874,0.9216,0.0157,3.3484,1.1591,4.3101,0.937,0.3553,0.1354,0.8188,0.2095,0.0,0.0,0.0,0.0,0.0,0.0,0.0,0.0,0.0,0.0,0.0,0.0,0.0436,0.0324,0.0623,0.0091,0.0227,0.0078,0.0422,0.0126,2.875,2.0,3.0,0.3307,3.375,3.0,4.0,0.4841,0.0406,0.0333,0.0487,0.0067,0.5,0.0,1.0,0.5,0.6049,0.3705,0.6677,0.0903,0.5827,0.177,1.1059,0.2914,0.6664,0.3739,1.3256,0.3131,0.2319,0.0172,1.1126,0.3401,202.9925,105.02,276.24,64.8937,340.62,256.73,465.32,86.758,0.6018,0.5595,0.6607,0.0407,0.5997,0.5681,0.6689,0.0412,-0.0021,-0.0494,0.0243,0.0281,1.0,68.75,0.5,4,2724.96,105.02,0.6607,0.6689,"[105.02, 243.42, 276.24, 187.29, 187.29, 276.24, 243.42]"
plant,optimizer_static,original,20,0,128,frame,0,C:/Users/hexia/Documents/GitHub/umbra-bench/optimized/sequences-static/plant/f00/f00_best.png,0.7322,0.7322,0.8454,0.3036,0.4719,0.01411,0.05527,0.8627,1.003,0.4441,0,0,0,0.07847,0.11165,6,6,0.0699,0,0.727,0.8257,0.7949,0.0373,0->1,102.73,225.28,1,0.8036,0.9641,0.1605,,,,,,,,,,,,,,,,,,,,,,,,,,,,,,,,,,,,,,,,,,,,,,,,,,,,,,,,,,,,,,,,,,,,,,,,,,,,,,,,,,,,,,,,,,,,,,,,,,,,,,,,,,,,,,,,,,,,,,,,,,
plant,optimizer_static,original,20,0,128,frame,1,C:/Users/hexia/Documents/GitHub/umbra-bench/optimized/sequences-static/plant/f01/f01_best.png,0.7401,0.7401,0.8506,0.3058,0.4709,0.0137,0.04972,0.9091,2.7014,0.2933,0,1,1,0.04842,0.07812,5,3,0.0404,2,0.6795,0.8257,0.7759,0.0603,1->2,159.88,236.56,1,0.7452,0.9376,0.1924,,,,,,,,,,,,,,,,,,,,,,,,,,,,,,,,,,,,,,,,,,,,,,,,,,,,,,,,,,,,,,,,,,,,,,,,,,,,,,,,,,,,,,,,,,,,,,,,,,,,,,,,,,,,,,,,,,,,,,,,,,
plant,optimizer_static,original,20,0,128,frame,2,C:/Users/hexia/Documents/GitHub/umbra-bench/optimized/sequences-static/plant/f02/f02_best.png,0.7074,0.7074,0.8286,0.2782,0.4129,0.01648,0.06652,0.8558,1.24,0.673,0,0,0,0.05488,0.06951,5,8,0.0449,3,0.6039,0.8257,0.7983,0.0331,2->3,179.88,232.01,1,0.7608,0.911,0.1502,,,,,,,,,,,,,,,,,,,,,,,,,,,,,,,,,,,,,,,,,,,,,,,,,,,,,,,,,,,,,,,,,,,,,,,,,,,,,,,,,,,,,,,,,,,,,,,,,,,,,,,,,,,,,,,,,,,,,,,,,,
plant,optimizer_static,original,20,0,128,frame,3,C:/Users/hexia/Documents/GitHub/umbra-bench/optimized/sequences-static/plant/f03/f03_best.png,0.7493,0.7493,0.8567,0.309,0.4827,0.01353,0.06077,0.9125,1.1973,0.2952,0,0,0,0.07236,0.11332,5,5,0.0418,0,0.6984,0.8165,0.7913,0.0309,3->4,148.82,184.99,1,0.7893,0.8902,0.1009,,,,,,,,,,,,,,,,,,,,,,,,,,,,,,,,,,,,,,,,,,,,,,,,,,,,,,,,,,,,,,,,,,,,,,,,,,,,,,,,,,,,,,,,,,,,,,,,,,,,,,,,,,,,,,,,,,,,,,,,,,
plant,optimizer_static,original,20,0,128,frame,4,C:/Users/hexia/Documents/GitHub/umbra-bench/optimized/sequences-static/plant/f04/f04_best.png,0.7402,0.7402,0.8507,0.3267,0.5124,0.01383,0.05872,0.8678,0.4158,0.8653,0,0,0,0.06933,0.08048,5,6,0.0572,1,0.7166,0.8165,0.8522,0.0437,4->5,34.84,64.69,0,0.833,0.8758,0.0428,,,,,,,,,,,,,,,,,,,,,,,,,,,,,,,,,,,,,,,,,,,,,,,,,,,,,,,,,,,,,,,,,,,,,,,,,,,,,,,,,,,,,,,,,,,,,,,,,,,,,,,,,,,,,,,,,,,,,,,,,,
plant,optimizer_static,original,20,0,128,frame,5,C:/Users/hexia/Documents/GitHub/umbra-bench/optimized/sequences-static/plant/f05/f05_best.png,0.7262,0.7262,0.8414,0.2797,0.4741,0.01491,0.05524,0.8687,0.9619,0.4055,0,1,1,0.0822,0.09451,5,4,0.0386,1,0.6919,0.8165,0.7719,0.0546,5->6,139.45,270.67,1,0.7362,0.8772,0.141,,,,,,,,,,,,,,,,,,,,,,,,,,,,,,,,,,,,,,,,,,,,,,,,,,,,,,,,,,,,,,,,,,,,,,,,,,,,,,,,,,,,,,,,,,,,,,,,,,,,,,,,,,,,,,,,,,,,,,,,,,
plant,optimizer_static,original,20,0,128,frame,6,C:/Users/hexia/Documents/GitHub/umbra-bench/optimized/sequences-static/plant/f06/f06_best.png,0.7272,0.7272,0.842,0.3013,0.5013,0.01391,0.05524,0.8366,1.6834,0.3465,0,2,2,0.06351,0.08761,5,3,0.0557,2,0.6943,0.8165,0.7759,0.0498,6->7,140.67,255.96,1,0.7151,0.8753,0.1602,,,,,,,,,,,,,,,,,,,,,,,,,,,,,,,,,,,,,,,,,,,,,,,,,,,,,,,,,,,,,,,,,,,,,,,,,,,,,,,,,,,,,,,,,,,,,,,,,,,,,,,,,,,,,,,,,,,,,,,,,,
plant,optimizer_static,original,20,0,128,frame,7,C:/Users/hexia/Documents/GitHub/umbra-bench/optimized/sequences-static/plant/f07/f07_best.png,0.6906,0.6906,0.817,0.2585,0.4024,0.01772,0.06629,0.849,2.1053,0.5071,0,1,1,0.07943,0.1243,6,6,0.0772,0,0.5775,0.7982,0.6098,0.2361,7->8,169.48,281.75,1,0.7023,0.8793,0.177,,,,,,,,,,,,,,,,,,,,,,,,,,,,,,,,,,,,,,,,,,,,,,,,,,,,,,,,,,,,,,,,,,,,,,,,,,,,,,,,,,,,,,,,,,,,,,,,,,,,,,,,,,,,,,,,,,,,,,,,,,
plant,optimizer_static,original,20,0,128,frame,8,C:/Users/hexia/Documents/GitHub/umbra-bench/optimized/sequences-static/plant/f08/f08_best.png,0.713,0.713,0.8324,0.2535,0.4092,0.01703,0.05744,0.8581,2.272,0.3984,0,0,0,0.06433,0.1186,6,4,0.0433,2,0.616,0.7982,0.5854,0.2666,8->9,206.67,383.11,1,0.7236,0.8959,0.1723,,,,,,,,,,,,,,,,,,,,,,,,,,,,,,,,,,,,,,,,,,,,,,,,,,,,,,,,,,,,,,,,,,,,,,,,,,,,,,,,,,,,,,,,,,,,,,,,,,,,,,,,,,,,,,,,,,,,,,,,,,
plant,optimizer_static,original,20,0,128,frame,9,C:/Users/hexia/Documents/GitHub/umbra-bench/optimized/sequences-static/plant/f09/f09_best.png,0.6971,0.6971,0.8215,0.2222,0.3616,0.01782,0.05524,0.8671,2.2238,0.4562,0,1,1,0.06344,0.12433,5,5,0.0466,0,0.5576,0.789,0.7304,0.0742,9->10,259.6,430.62,1,0.7048,0.9167,0.2119,,,,,,,,,,,,,,,,,,,,,,,,,,,,,,,,,,,,,,,,,,,,,,,,,,,,,,,,,,,,,,,,,,,,,,,,,,,,,,,,,,,,,,,,,,,,,,,,,,,,,,,,,,,,,,,,,,,,,,,,,,
plant,optimizer_static,original,20,0,128,frame,10,C:/Users/hexia/Documents/GitHub/umbra-bench/optimized/sequences-static/plant/f10/f10_best.png,0.7185,0.7185,0.8362,0.2734,0.4206,0.01561,0.06299,0.8948,1.1819,0.5824,0,3,3,0.08592,0.18584,5,5,0.1184,0,0.6858,0.7798,0.8302,0.0646,10->11,246.06,252.3,1,0.8146,0.9415,0.1269,,,,,,,,,,,,,,,,,,,,,,,,,,,,,,,,,,,,,,,,,,,,,,,,,,,,,,,,,,,,,,,,,,,,,,,,,,,,,,,,,,,,,,,,,,,,,,,,,,,,,,,,,,,,,,,,,,,,,,,,,,
plant,optimizer_static,original,20,0,128,frame,11,C:/Users/hexia/Documents/GitHub/umbra-bench/optimized/sequences-static/plant/f11/f11_best.png,0.7177,0.7177,0.8357,0.2828,0.4207,0.01466,0.05944,0.8914,1.8577,0.9602,0,2,2,0.0805,0.1253,6,5,0.0692,1,0.6925,0.7798,0.7905,0.0137,11->12,266.04,441.98,1,0.7554,0.9699,0.2145,,,,,,,,,,,,,,,,,,,,,,,,,,,,,,,,,,,,,,,,,,,,,,,,,,,,,,,,,,,,,,,,,,,,,,,,,,,,,,,,,,,,,,,,,,,,,,,,,,,,,,,,,,,,,,,,,,,,,,,,,,
plant,optimizer_static,original,20,0,128,frame,12,C:/Users/hexia/Documents/GitHub/umbra-bench/optimized/sequences-static/plant/f12/f12_best.png,0.7177,0.7177,0.8356,0.2695,0.4098,0.01605,0.05872,0.8878,1.637,0.8163,0,1,1,0.0765,0.13053,6,7,0.0557,1,0.7105,0.7706,0.7091,0.0799,12->13,166.17,260.63,1,0.7989,0.9723,0.1734,,,,,,,,,,,,,,,,,,,,,,,,,,,,,,,,,,,,,,,,,,,,,,,,,,,,,,,,,,,,,,,,,,,,,,,,,,,,,,,,,,,,,,,,,,,,,,,,,,,,,,,,,,,,,,,,,,,,,,,,,,
plant,optimizer_static,original,20,0,128,frame,13,C:/Users/hexia/Documents/GitHub/umbra-bench/optimized/sequences-static/plant/f13/f13_best.png,0.7407,0.7407,0.8511,0.3113,0.526,0.01413,0.06077,0.8896,0.9468,0.5833,0,1,1,0.08054,0.15283,5,5,0.0453,0,0.7263,0.7798,0.823,0.0554,13->14,108.23,190.16,1,0.799,0.9549,0.1559,,,,,,,,,,,,,,,,,,,,,,,,,,,,,,,,,,,,,,,,,,,,,,,,,,,,,,,,,,,,,,,,,,,,,,,,,,,,,,,,,,,,,,,,,,,,,,,,,,,,,,,,,,,,,,,,,,,,,,,,,,
plant,optimizer_static,original,20,0,128,frame,14,C:/Users/hexia/Documents/GitHub/umbra-bench/optimized/sequences-static/plant/f14/f14_best.png,0.7302,0.7302,0.8441,0.2796,0.4468,0.01625,0.06176,0.8837,1.7707,0.7265,0,2,2,0.05486,0.13356,6,5,0.113,1,0.683,0.7706,0.7982,0.0357,14->15,215.82,365.18,1,0.7345,0.9188,0.1843,,,,,,,,,,,,,,,,,,,,,,,,,,,,,,,,,,,,,,,,,,,,,,,,,,,,,,,,,,,,,,,,,,,,,,,,,,,,,,,,,,,,,,,,,,,,,,,,,,,,,,,,,,,,,,,,,,,,,,,,,,
plant,optimizer_static,original,20,0,128,frame,15,C:/Users/hexia/Documents/GitHub/umbra-bench/optimized/sequences-static/plant/f15/f15_best.png,0.7222,0.7222,0.8387,0.2649,0.4314,0.01593,0.05872,0.8478,0.8781,1.1427,0,1,1,0.07011,0.10939,5,4,0.0675,1,0.5631,0.7798,0.7458,0.0437,15->16,114.85,292.01,1,0.7216,0.9001,0.1785,,,,,,,,,,,,,,,,,,,,,,,,,,,,,,,,,,,,,,,,,,,,,,,,,,,,,,,,,,,,,,,,,,,,,,,,,,,,,,,,,,,,,,,,,,,,,,,,,,,,,,,,,,,,,,,,,,,,,,,,,,
plant,optimizer_static,original,20,0,128,frame,16,C:/Users/hexia/Documents/GitHub/umbra-bench/optimized/sequences-static/plant/f16/f16_best.png,0.7178,0.7178,0.8357,0.2766,0.4375,0.01624,0.0702,0.8584,1.3792,0.3187,0,1,1,0.0608,0.129,5,5,0.1081,0,0.6497,0.7798,0.7692,0.0136,16->17,202.37,343.18,1,0.6924,0.8739,0.1815,,,,,,,,,,,,,,,,,,,,,,,,,,,,,,,,,,,,,,,,,,,,,,,,,,,,,,,,,,,,,,,,,,,,,,,,,,,,,,,,,,,,,,,,,,,,,,,,,,,,,,,,,,,,,,,,,,,,,,,,,,
plant,optimizer_static,original,20,0,128,frame,17,C:/Users/hexia/Documents/GitHub/umbra-bench/optimized/sequences-static/plant/f17/f17_best.png,0.7116,0.7116,0.8315,0.2696,0.4678,0.01754,0.06629,0.8506,1.9009,0.5781,0,0,0,0.07261,0.10244,5,5,0.1302,0,0.4793,0.7798,0.626,0.1972,17->18,271.72,421.23,1,0.7209,0.8555,0.1346,,,,,,,,,,,,,,,,,,,,,,,,,,,,,,,,,,,,,,,,,,,,,,,,,,,,,,,,,,,,,,,,,,,,,,,,,,,,,,,,,,,,,,,,,,,,,,,,,,,,,,,,,,,,,,,,,,,,,,,,,,
plant,optimizer_static,original,20,0,128,frame,18,C:/Users/hexia/Documents/GitHub/umbra-bench/optimized/sequences-static/plant/f18/f18_best.png,0.7154,0.7154,0.8341,0.2824,0.4445,0.01528,0.05441,0.8469,0.3524,0.4666,0,0,0,0.08285,0.10695,6,8,0.0661,2,0.6934,0.789,0.7373,0.0655,18->19,214.95,321.05,1,0.6553,0.8474,0.1921,,,,,,,,,,,,,,,,,,,,,,,,,,,,,,,,,,,,,,,,,,,,,,,,,,,,,,,,,,,,,,,,,,,,,,,,,,,,,,,,,,,,,,,,,,,,,,,,,,,,,,,,,,,,,,,,,,,,,,,,,,
plant,optimizer_static,original,20,0,128,frame,19,C:/Users/hexia/Documents/GitHub/umbra-bench/optimized/sequences-static/plant/f19/f19_best.png,0.6886,0.6886,0.8156,0.2601,0.4366,0.02152,0.11906,0.8635,1.7784,0.9588,0,0,0,0.04494,0.0734,5,6,0.0764,1,0.43,0.789,0.6549,0.17,,,,,,,,,,,,,,,,,,,,,,,,,,,,,,,,,,,,,,,,,,,,,,,,,,,,,,,,,,,,,,,,,,,,,,,,,,,,,,,,,,,,,,,,,,,,,,,,,,,,,,,,,,,,,,,,,,,,,,,,,,,,,,,,,
plant,optimizer_static,original,20,0,128,aggregate,,,,,,,,,,,,,,,,,,,,,,,,,,,,,,,,,19,0.7202,0.6886,0.7493,0.016,0.7202,0.6886,0.7493,0.016,0.8372,0.8156,0.8567,0.0109,0.2804,0.2222,0.3267,0.0236,0.4471,0.3616,0.526,0.0401,0.0158,0.0135,0.0215,0.0019,0.0626,0.0497,0.1191,0.0138,0.8701,0.8366,0.9125,0.021,1.4744,0.3524,2.7014,0.6085,0.5909,0.2933,1.1427,0.242,0.0,0.0,0.0,0.0,0.85,0.0,3.0,0.8529,0.85,0.0,3.0,0.8529,0.0693,0.0449,0.0859,0.0117,0.1126,0.0695,0.1858,0.0276,5.35,5.0,6.0,0.477,5.25,3.0,8.0,1.337,0.0683,0.0386,0.1302,0.0274,0.9,0.0,3.0,0.8888,0.6438,0.43,0.727,0.0819,0.7963,0.7706,0.8257,0.0192,0.7485,0.5854,0.8522,0.0734,0.0813,0.0136,0.2666,0.0721,176.2226,34.84,271.72,61.2451,287.0189,64.69,441.98,92.9328,0.7477,0.6553,0.833,0.0464,0.9083,0.8474,0.9723,0.038,0.1606,0.0428,0.2145,0.0392,0.9474,68.75,0.4211,11,5453.36,,,,"[102.73, 159.88, 179.88, 148.82, 34.84, 139.45, 140.67, 169.48, 206.67, 259.6, 246.06, 266.04, 166.17, 108.23, 215.82, 114.85, 202.37, 271.72, 214.95]"
reeds_n3,optimizer_static,original,8,1,128,frame,0,C:/Users/hexia/Documents/GitHub/umbra-bench/optimized/sequences-static/reeds_n3/f00/f00_best.png,0.3498,0.3498,0.5183,0.1948,0.3236,0.02698,0.09446,0.5511,3.9798,1.6098,-1,1,2,0.22765,0.09418,4,6,0.065,2,0.2417,1.1923,1.1848,0.0063,0->1,238.38,342.83,1,0.6939,0.3952,-0.2987,,,,,,,,,,,,,,,,,,,,,,,,,,,,,,,,,,,,,,,,,,,,,,,,,,,,,,,,,,,,,,,,,,,,,,,,,,,,,,,,,,,,,,,,,,,,,,,,,,,,,,,,,,,,,,,,,,,,,,,,,,
reeds_n3,optimizer_static,original,8,1,128,frame,1,C:/Users/hexia/Documents/GitHub/umbra-bench/optimized/sequences-static/reeds_n3/f01/f01_best.png,0.3739,0.3739,0.5442,0.2132,0.3497,0.02178,0.07698,0.6029,4.2762,1.6275,-2,0,2,0.19349,0.07349,6,5,0.0873,1,0.2808,1.1923,1.3038,0.0935,1->2,252.85,426.8,1,0.3933,0.3366,-0.0567,,,,,,,,,,,,,,,,,,,,,,,,,,,,,,,,,,,,,,,,,,,,,,,,,,,,,,,,,,,,,,,,,,,,,,,,,,,,,,,,,,,,,,,,,,,,,,,,,,,,,,,,,,,,,,,,,,,,,,,,,,
reeds_n3,optimizer_static,original,8,1,128,frame,2,C:/Users/hexia/Documents/GitHub/umbra-bench/optimized/sequences-static/reeds_n3/f02/f02_best.png,0.3847,0.3847,0.5556,0.2121,0.345,0.02285,0.07514,0.654,2.9812,0.9337,-2,1,3,0.21259,0.0947,6,3,0.0655,3,0.3696,1.2078,1.2308,0.019,2->3,239.39,394.19,1,0.6256,0.3593,-0.2663,,,,,,,,,,,,,,,,,,,,,,,,,,,,,,,,,,,,,,,,,,,,,,,,,,,,,,,,,,,,,,,,,,,,,,,,,,,,,,,,,,,,,,,,,,,,,,,,,,,,,,,,,,,,,,,,,,,,,,,,,,
reeds_n3,optimizer_static,original,8,1,128,frame,3,C:/Users/hexia/Documents/GitHub/umbra-bench/optimized/sequences-static/reeds_n3/f03/f03_best.png,0.3737,0.3737,0.5441,0.1941,0.307,0.02326,0.0737,0.5646,2.9842,0.9897,-2,0,2,0.21709,0.04254,6,3,0.0247,3,0.2951,1.2727,1.1744,0.0772,3->4,306.73,376.97,1,0.485,0.3722,-0.1128,,,,,,,,,,,,,,,,,,,,,,,,,,,,,,,,,,,,,,,,,,,,,,,,,,,,,,,,,,,,,,,,,,,,,,,,,,,,,,,,,,,,,,,,,,,,,,,,,,,,,,,,,,,,,,,,,,,,,,,,,,
reeds_n3,optimizer_static,original,8,1,128,frame,4,C:/Users/hexia/Documents/GitHub/umbra-bench/optimized/sequences-static/reeds_n3/f04/f04_best.png,0.3451,0.3451,0.5131,0.1653,0.2861,0.0271,0.08679,0.6101,3.781,1.0058,-2,1,3,0.23578,0.0954,6,4,0.068,2,0.0942,1.4416,1.5385,0.0672,4->5,195.63,349.77,1,0.4342,0.3831,-0.0511,,,,,,,,,,,,,,,,,,,,,,,,,,,,,,,,,,,,,,,,,,,,,,,,,,,,,,,,,,,,,,,,,,,,,,,,,,,,,,,,,,,,,,,,,,,,,,,,,,,,,,,,,,,,,,,,,,,,,,,,,,
reeds_n3,optimizer_static,original,8,1,128,frame,5,C:/Users/hexia/Documents/GitHub/umbra-bench/optimized/sequences-static/reeds_n3/f05/f05_best.png,0.3475,0.3475,0.5158,0.229,0.3783,0.0234,0.08286,0.601,2.3695,0.6353,-2,0,2,0.29538,0.08211,6,4,0.0419,2,0.2784,1.6154,1.5185,0.06,5->6,143.7,254.26,1,0.3369,0.3445,0.0076,,,,,,,,,,,,,,,,,,,,,,,,,,,,,,,,,,,,,,,,,,,,,,,,,,,,,,,,,,,,,,,,,,,,,,,,,,,,,,,,,,,,,,,,,,,,,,,,,,,,,,,,,,,,,,,,,,,,,,,,,,
reeds_n3,optimizer_static,original,8,1,128,frame,6,C:/Users/hexia/Documents/GitHub/umbra-bench/optimized/sequences-static/reeds_n3/f06/f06_best.png,0.3343,0.3343,0.5011,0.2397,0.3456,0.02271,0.0791,0.5993,2.5915,0.6228,-2,0,2,0.28455,0.06486,6,4,0.0739,2,0.2896,1.5385,1.561,0.0146,6->7,224.88,379.73,1,0.487,0.3452,-0.1418,,,,,,,,,,,,,,,,,,,,,,,,,,,,,,,,,,,,,,,,,,,,,,,,,,,,,,,,,,,,,,,,,,,,,,,,,,,,,,,,,,,,,,,,,,,,,,,,,,,,,,,,,,,,,,,,,,,,,,,,,,
reeds_n3,optimizer_static,original,8,1,128,frame,7,C:/Users/hexia/Documents/GitHub/umbra-bench/optimized/sequences-static/reeds_n3/f07/f07_best.png,0.3145,0.3145,0.4785,0.1481,0.2581,0.02674,0.09111,0.6283,4.3204,0.5622,-2,0,2,0.24313,0.09574,6,5,0.0843,1,0.2042,1.3846,1.5238,0.1005,wrap,180.98,430.63,1,0.4468,0.364,-0.0828,,,,,,,,,,,,,,,,,,,,,,,,,,,,,,,,,,,,,,,,,,,,,,,,,,,,,,,,,,,,,,,,,,,,,,,,,,,,,,,,,,,,,,,,,,,,,,,,,,,,,,,,,,,,,,,,,,,,,,,,,,
reeds_n3,optimizer_static,original,8,1,128,aggregate,,,,,,,,,,,,,,,,,,,,,,,,,,,,,,,,,8,0.3529,0.3145,0.3847,0.0218,0.3529,0.3145,0.3847,0.0218,0.5213,0.4785,0.5556,0.0239,0.1995,0.1481,0.2397,0.0289,0.3242,0.2581,0.3783,0.0364,0.0244,0.0218,0.0271,0.0021,0.0825,0.0737,0.0945,0.0072,0.6014,0.5511,0.654,0.0305,3.4105,2.3695,4.3204,0.721,0.9984,0.5622,1.6275,0.3932,-1.875,-2.0,-1.0,0.3307,0.375,0.0,1.0,0.4841,2.25,2.0,3.0,0.433,0.2387,0.1935,0.2954,0.0329,0.0804,0.0425,0.0957,0.018,5.75,4.0,6.0,0.6614,4.25,3.0,6.0,0.9682,0.0638,0.0247,0.0873,0.0197,2.0,1.0,3.0,0.7071,0.2567,0.0942,0.3696,0.0756,1.3557,1.1923,1.6154,0.1546,1.3794,1.1744,1.561,0.1605,0.0548,0.0063,0.1005,0.0345,222.8175,143.7,306.73,46.3862,369.3975,254.26,430.63,52.6438,0.4878,0.3369,0.6939,0.1105,0.3625,0.3366,0.3952,0.019,-0.1253,-0.2987,0.0076,0.1,1.0,68.75,0.25,6,2955.18,180.98,0.4468,0.364,"[238.38, 252.85, 239.39, 306.73, 195.63, 143.7, 224.88]"
reeds_n5,optimizer_static,original,8,1,128,frame,0,C:/Users/hexia/Documents/GitHub/umbra-bench/optimized/sequences-static/reeds_n5/f00/f00_best.png,0.4112,0.4112,0.5828,0.2435,0.3641,0.01923,0.07328,0.672,3.5453,83.3493,-3,1,4,0.29643,0.14394,8,5,0.0726,3,0.2944,1.4231,1.4096,0.0094,0->1,188.13,471.14,1,0.4985,0.4063,-0.0922,,,,,,,,,,,,,,,,,,,,,,,,,,,,,,,,,,,,,,,,,,,,,,,,,,,,,,,,,,,,,,,,,,,,,,,,,,,,,,,,,,,,,,,,,,,,,,,,,,,,,,,,,,,,,,,,,,,,,,,,,,
reeds_n5,optimizer_static,original,8,1,128,frame,1,C:/Users/hexia/Documents/GitHub/umbra-bench/optimized/sequences-static/reeds_n5/f01/f01_best.png,0.4309,0.4309,0.6023,0.22,0.3692,0.02189,0.11049,0.5874,2.6265,1.9771,-3,1,4,0.28424,0.24835,7,5,0.1179,2,0.2673,1.4231,1.1778,0.1724,1->2,162.44,394.82,1,0.4437,0.3945,-0.0492,,,,,,,,,,,,,,,,,,,,,,,,,,,,,,,,,,,,,,,,,,,,,,,,,,,,,,,,,,,,,,,,,,,,,,,,,,,,,,,,,,,,,,,,,,,,,,,,,,,,,,,,,,,,,,,,,,,,,,,,,,
reeds_n5,optimizer_static,original,8,1,128,frame,2,C:/Users/hexia/Documents/GitHub/umbra-bench/optimized/sequences-static/reeds_n5/f02/f02_best.png,0.4462,0.4462,0.617,0.2244,0.3533,0.02139,0.08451,0.6938,1.5408,26.1215,-3,1,4,0.26383,0.15419,8,3,0.0511,5,0.399,1.5195,1.6076,0.058,2->3,240.15,425.09,1,0.655,0.4156,-0.2394,,,,,,,,,,,,,,,,,,,,,,,,,,,,,,,,,,,,,,,,,,,,,,,,,,,,,,,,,,,,,,,,,,,,,,,,,,,,,,,,,,,,,,,,,,,,,,,,,,,,,,,,,,,,,,,,,,,,,,,,,,
reeds_n5,optimizer_static,original,8,1,128,frame,3,C:/Users/hexia/Documents/GitHub/umbra-bench/optimized/sequences-static/reeds_n5/f03/f03_best.png,0.4361,0.4361,0.6074,0.2162,0.3514,0.02028,0.06629,0.6174,2.7245,41.544,-3,0,3,0.25532,0.09802,8,7,0.1004,1,0.3091,1.5385,1.4222,0.0756,3->4,274.57,409.01,1,0.5742,0.3959,-0.1783,,,,,,,,,,,,,,,,,,,,,,,,,,,,,,,,,,,,,,,,,,,,,,,,,,,,,,,,,,,,,,,,,,,,,,,,,,,,,,,,,,,,,,,,,,,,,,,,,,,,,,,,,,,,,,,,,,,,,,,,,,
reeds_n5,optimizer_static,original,8,1,128,frame,4,C:/Users/hexia/Documents/GitHub/umbra-bench/optimized/sequences-static/reeds_n5/f04/f04_best.png,0.3926,0.3926,0.5639,0.2565,0.4334,0.01857,0.06652,0.5725,2.724,4.834,-3,0,3,0.29751,0.12533,8,7,0.0956,1,0.3069,1.5385,1.5422,0.0024,4->5,187.24,466.42,1,0.5467,0.3921,-0.1546,,,,,,,,,,,,,,,,,,,,,,,,,,,,,,,,,,,,,,,,,,,,,,,,,,,,,,,,,,,,,,,,,,,,,,,,,,,,,,,,,,,,,,,,,,,,,,,,,,,,,,,,,,,,,,,,,,,,,,,,,,
reeds_n5,optimizer_static,original,8,1,128,frame,5,C:/Users/hexia/Documents/GitHub/umbra-bench/optimized/sequences-static/reeds_n5/f05/f05_best.png,0.3989,0.3989,0.5703,0.2001,0.3416,0.02123,0.06955,0.5842,2.4098,0.6741,-4,0,4,0.35162,0.16243,10,6,0.0313,4,0.3325,1.6623,1.5238,0.0833,5->6,172.76,404.13,1,0.5283,0.385,-0.1433,,,,,,,,,,,,,,,,,,,,,,,,,,,,,,,,,,,,,,,,,,,,,,,,,,,,,,,,,,,,,,,,,,,,,,,,,,,,,,,,,,,,,,,,,,,,,,,,,,,,,,,,,,,,,,,,,,,,,,,,,,
reeds_n5,optimizer_static,original,8,1,128,frame,6,C:/Users/hexia/Documents/GitHub/umbra-bench/optimized/sequences-static/reeds_n5/f06/f06_best.png,0.4324,0.4324,0.6038,0.2384,0.3765,0.01948,0.05524,0.662,4.0447,27.6768,-3,2,5,0.33082,0.1541,8,6,0.0995,2,0.2947,1.5455,1.4222,0.0797,6->7,317.91,543.04,1,0.5119,0.4035,-0.1084,,,,,,,,,,,,,,,,,,,,,,,,,,,,,,,,,,,,,,,,,,,,,,,,,,,,,,,,,,,,,,,,,,,,,,,,,,,,,,,,,,,,,,,,,,,,,,,,,,,,,,,,,,,,,,,,,,,,,,,,,,
reeds_n5,optimizer_static,original,8,1,128,frame,7,C:/Users/hexia/Documents/GitHub/umbra-bench/optimized/sequences-static/reeds_n5/f07/f07_best.png,0.4078,0.4078,0.5794,0.2142,0.3292,0.02084,0.06605,0.638,3.161,1.9973,-2,1,3,0.23164,0.12028,7,6,0.0974,1,0.3035,1.5256,1.7534,0.1493,wrap,186.96,420.65,1,0.4946,0.428,-0.0666,,,,,,,,,,,,,,,,,,,,,,,,,,,,,,,,,,,,,,,,,,,,,,,,,,,,,,,,,,,,,,,,,,,,,,,,,,,,,,,,,,,,,,,,,,,,,,,,,,,,,,,,,,,,,,,,,,,,,,,,,,
reeds_n5,optimizer_static,original,8,1,128,aggregate,,,,,,,,,,,,,,,,,,,,,,,,,,,,,,,,,8,0.4195,0.3926,0.4462,0.0182,0.4195,0.3926,0.4462,0.0182,0.5909,0.5639,0.617,0.018,0.2267,0.2001,0.2565,0.0171,0.3648,0.3292,0.4334,0.0295,0.0204,0.0186,0.0219,0.0011,0.074,0.0552,0.1105,0.0158,0.6284,0.5725,0.6938,0.0422,2.8471,1.5408,4.0447,0.7068,23.5218,0.6741,83.3493,26.7556,-3.0,-4.0,-2.0,0.5,0.75,0.0,2.0,0.6614,3.75,3.0,5.0,0.6614,0.2889,0.2316,0.3516,0.0369,0.1508,0.098,0.2483,0.042,8.0,7.0,10.0,0.866,5.625,3.0,7.0,1.2183,0.0832,0.0313,0.1179,0.0273,2.375,1.0,5.0,1.4087,0.3134,0.2673,0.399,0.0365,1.522,1.4231,1.6623,0.071,1.4823,1.1778,1.7534,0.158,0.0788,0.0024,0.1724,0.0557,216.27,162.44,317.91,51.9426,441.7875,394.82,543.04,46.2931,0.5316,0.4437,0.655,0.059,0.4026,0.385,0.428,0.013,-0.129,-0.2394,-0.0492,0.0587,1.0,68.75,0.0,8,3534.3,186.96,0.4946,0.428,"[188.13, 162.44, 240.15, 274.57, 187.24, 172.76, 317.91]"
star_spin,optimizer_static,original,5,1,128,frame,0,C:/Users/hexia/Documents/GitHub/umbra-bench/optimized/sequences-static/star_spin/f00/f00_best.png,0.6241,0.6241,0.7686,0.2056,0.3676,0.02714,0.11049,0.7973,9.8334,106.9039,0,1,1,0.05933,0.16873,5,4,0.1139,1,0.5252,1.0612,0.6613,0.3769,0->1,230.25,485.56,1,0.6969,0.5651,-0.1318,,,,,,,,,,,,,,,,,,,,,,,,,,,,,,,,,,,,,,,,,,,,,,,,,,,,,,,,,,,,,,,,,,,,,,,,,,,,,,,,,,,,,,,,,,,,,,,,,,,,,,,,,,,,,,,,,,,,,,,,,,
star_spin,optimizer_static,original,5,1,128,frame,1,C:/Users/hexia/Documents/GitHub/umbra-bench/optimized/sequences-static/star_spin/f01/f01_best.png,0.6039,0.6039,0.753,0.2318,0.3971,0.02303,0.11096,0.7428,8.6767,22.2002,0,0,0,0.0609,0.15155,5,6,0.1134,1,0.4349,0.9709,0.8829,0.0906,1->2,307.64,418.8,1,0.719,0.5582,-0.1608,,,,,,,,,,,,,,,,,,,,,,,,,,,,,,,,,,,,,,,,,,,,,,,,,,,,,,,,,,,,,,,,,,,,,,,,,,,,,,,,,,,,,,,,,,,,,,,,,,,,,,,,,,,,,,,,,,,,,,,,,,
star_spin,optimizer_static,original,5,1,128,frame,2,C:/Users/hexia/Documents/GitHub/umbra-bench/optimized/sequences-static/star_spin/f02/f02_best.png,0.6281,0.6281,0.7716,0.2334,0.3847,0.02289,0.07839,0.7533,5.6216,21.952,0,1,1,0.05072,0.11721,5,5,0.1144,0,0.5234,1.0,0.6557,0.3443,2->3,300.11,464.04,1,0.6544,0.5728,-0.0816,,,,,,,,,,,,,,,,,,,,,,,,,,,,,,,,,,,,,,,,,,,,,,,,,,,,,,,,,,,,,,,,,,,,,,,,,,,,,,,,,,,,,,,,,,,,,,,,,,,,,,,,,,,,,,,,,,,,,,,,,,
star_spin,optimizer_static,original,5,1,128,frame,3,C:/Users/hexia/Documents/GitHub/umbra-bench/optimized/sequences-static/star_spin/f03/f03_best.png,0.658,0.658,0.7937,0.1754,0.3183,0.02308,0.0805,0.7818,7.5719,22.9331,0,0,0,0.05079,0.10233,5,7,0.0622,2,0.5244,1.0,0.8476,0.1524,3->4,299.84,425.9,1,0.7148,0.5582,-0.1566,,,,,,,,,,,,,,,,,,,,,,,,,,,,,,,,,,,,,,,,,,,,,,,,,,,,,,,,,,,,,,,,,,,,,,,,,,,,,,,,,,,,,,,,,,,,,,,,,,,,,,,,,,,,,,,,,,,,,,,,,,
star_spin,optimizer_static,original,5,1,128,frame,4,C:/Users/hexia/Documents/GitHub/umbra-bench/optimized/sequences-static/star_spin/f04/f04_best.png,0.6544,0.6544,0.7911,0.2079,0.3677,0.02479,0.09203,0.7749,8.7105,22.1536,0,0,0,0.04597,0.11328,5,5,0.0908,0,0.5672,0.9709,0.8857,0.0877,wrap,188.45,319.92,1,0.662,0.5648,-0.0972,,,,,,,,,,,,,,,,,,,,,,,,,,,,,,,,,,,,,,,,,,,,,,,,,,,,,,,,,,,,,,,,,,,,,,,,,,,,,,,,,,,,,,,,,,,,,,,,,,,,,,,,,,,,,,,,,,,,,,,,,,
star_spin,optimizer_static,original,5,1,128,aggregate,,,,,,,,,,,,,,,,,,,,,,,,,,,,,,,,,5,0.6337,0.6039,0.658,0.0202,0.6337,0.6039,0.658,0.0202,0.7756,0.753,0.7937,0.0151,0.2108,0.1754,0.2334,0.0212,0.3671,0.3183,0.3971,0.0268,0.0242,0.0229,0.0271,0.0016,0.0945,0.0784,0.111,0.0141,0.77,0.7428,0.7973,0.0196,8.0828,5.6216,9.8334,1.4234,39.2286,21.952,106.9039,33.8393,0.0,0.0,0.0,0.0,0.4,0.0,1.0,0.4899,0.4,0.0,1.0,0.4899,0.0535,0.046,0.0609,0.0057,0.1306,0.1023,0.1687,0.0252,5.0,5.0,5.0,0.0,5.4,4.0,7.0,1.0198,0.0989,0.0622,0.1144,0.0204,0.8,0.0,2.0,0.7483,0.515,0.4349,0.5672,0.0434,1.0006,0.9709,1.0612,0.033,0.7866,0.6557,0.8857,0.1055,0.2104,0.0877,0.3769,0.1252,265.258,188.45,307.64,47.6064,422.844,319.92,485.56,57.0078,0.6894,0.6544,0.719,0.0267,0.5638,0.5582,0.5728,0.0054,-0.1256,-0.1608,-0.0816,0.0316,1.0,68.75,0.0,5,2114.22,188.45,0.662,0.5648,"[230.25, 307.64, 300.11, 299.84]"
stick_wave,optimizer_static,original,8,1,128,frame,0,C:/Users/hexia/Documents/GitHub/umbra-bench/optimized/sequences-static/stick_wave/f00/f00_best.png,0.7657,0.7657,0.8673,0.2978,0.5072,0.01503,0.06077,0.9602,0.447,1.1366,0,0,0,0.06084,0.01601,4,6,0.0443,2,0.7033,0.8596,0.8448,0.0172,0->1,151.25,236.19,1,0.6616,0.8531,0.1915,,,,,,,,,,,,,,,,,,,,,,,,,,,,,,,,,,,,,,,,,,,,,,,,,,,,,,,,,,,,,,,,,,,,,,,,,,,,,,,,,,,,,,,,,,,,,,,,,,,,,,,,,,,,,,,,,,,,,,,,,,
stick_wave,optimizer_static,original,8,1,128,frame,1,C:/Users/hexia/Documents/GitHub/umbra-bench/optimized/sequences-static/stick_wave/f01/f01_best.png,0.7199,0.7199,0.8371,0.2887,0.461,0.02132,0.1164,0.8182,1.7324,0.8856,0,0,0,0.07672,0.03309,4,3,0.0867,1,0.5541,0.8684,0.6406,0.2623,1->2,214.12,399.09,1,0.6358,0.8486,0.2128,,,,,,,,,,,,,,,,,,,,,,,,,,,,,,,,,,,,,,,,,,,,,,,,,,,,,,,,,,,,,,,,,,,,,,,,,,,,,,,,,,,,,,,,,,,,,,,,,,,,,,,,,,,,,,,,,,,,,,,,,,
stick_wave,optimizer_static,original,8,1,128,frame,2,C:/Users/hexia/Documents/GitHub/umbra-bench/optimized/sequences-static/stick_wave/f02/f02_best.png,0.7303,0.7303,0.8441,0.2747,0.4365,0.01706,0.06077,0.8579,0.8235,0.3997,0,0,0,0.0708,0.03212,4,7,0.0536,3,0.6216,0.807,0.68,0.1574,2->3,107.05,209.14,1,0.7261,0.8578,0.1317,,,,,,,,,,,,,,,,,,,,,,,,,,,,,,,,,,,,,,,,,,,,,,,,,,,,,,,,,,,,,,,,,,,,,,,,,,,,,,,,,,,,,,,,,,,,,,,,,,,,,,,,,,,,,,,,,,,,,,,,,,
stick_wave,optimizer_static,original,8,1,128,frame,3,C:/Users/hexia/Documents/GitHub/umbra-bench/optimized/sequences-static/stick_wave/f03/f03_best.png,0.7607,0.7607,0.8641,0.3097,0.5264,0.01702,0.07739,0.8626,2.0745,0.6571,0,0,0,0.06758,0.06875,4,6,0.0754,2,0.5759,0.687,0.4688,0.3176,3->4,109.93,245.9,1,0.7625,0.8559,0.0934,,,,,,,,,,,,,,,,,,,,,,,,,,,,,,,,,,,,,,,,,,,,,,,,,,,,,,,,,,,,,,,,,,,,,,,,,,,,,,,,,,,,,,,,,,,,,,,,,,,,,,,,,,,,,,,,,,,,,,,,,,
stick_wave,optimizer_static,original,8,1,128,frame,4,C:/Users/hexia/Documents/GitHub/umbra-bench/optimized/sequences-static/stick_wave/f04/f04_best.png,0.7756,0.7756,0.8736,0.3143,0.5274,0.01946,0.12153,0.8248,4.0562,0.4814,0,0,0,0.06675,0.09403,4,5,0.0827,1,0.5891,0.5667,0.425,0.25,4->5,109.93,245.9,1,0.7625,0.8559,0.0934,,,,,,,,,,,,,,,,,,,,,,,,,,,,,,,,,,,,,,,,,,,,,,,,,,,,,,,,,,,,,,,,,,,,,,,,,,,,,,,,,,,,,,,,,,,,,,,,,,,,,,,,,,,,,,,,,,,,,,,,,,
stick_wave,optimizer_static,original,8,1,128,frame,5,C:/Users/hexia/Documents/GitHub/umbra-bench/optimized/sequences-static/stick_wave/f05/f05_best.png,0.7607,0.7607,0.8641,0.3097,0.5264,0.01702,0.07739,0.8626,2.0745,0.6571,0,0,0,0.06758,0.06875,4,6,0.0754,2,0.5759,0.687,0.4688,0.3176,5->6,107.05,209.14,1,0.7261,0.8578,0.1317,,,,,,,,,,,,,,,,,,,,,,,,,,,,,,,,,,,,,,,,,,,,,,,,,,,,,,,,,,,,,,,,,,,,,,,,,,,,,,,,,,,,,,,,,,,,,,,,,,,,,,,,,,,,,,,,,,,,,,,,,,
stick_wave,optimizer_static,original,8,1,128,frame,6,C:/Users/hexia/Documents/GitHub/umbra-bench/optimized/sequences-static/stick_wave/f06/f06_best.png,0.7303,0.7303,0.8441,0.2747,0.4365,0.01706,0.06077,0.8579,0.8235,0.3997,0,0,0,0.0708,0.03212,4,7,0.0536,3,0.6216,0.807,0.68,0.1574,6->7,214.12,399.09,1,0.6358,0.8486,0.2128,,,,,,,,,,,,,,,,,,,,,,,,,,,,,,,,,,,,,,,,,,,,,,,,,,,,,,,,,,,,,,,,,,,,,,,,,,,,,,,,,,,,,,,,,,,,,,,,,,,,,,,,,,,,,,,,,,,,,,,,,,
stick_wave,optimizer_static,original,8,1,128,frame,7,C:/Users/hexia/Documents/GitHub/umbra-bench/optimized/sequences-static/stick_wave/f07/f07_best.png,0.7199,0.7199,0.8371,0.2887,0.461,0.02132,0.1164,0.8182,1.7324,0.8856,0,0,0,0.07672,0.03309,4,3,0.0867,1,0.5541,0.8684,0.6406,0.2623,wrap,151.25,236.19,1,0.6616,0.8531,0.1915,,,,,,,,,,,,,,,,,,,,,,,,,,,,,,,,,,,,,,,,,,,,,,,,,,,,,,,,,,,,,,,,,,,,,,,,,,,,,,,,,,,,,,,,,,,,,,,,,,,,,,,,,,,,,,,,,,,,,,,,,,
stick_wave,optimizer_static,original,8,1,128,aggregate,,,,,,,,,,,,,,,,,,,,,,,,,,,,,,,,,8,0.7454,0.7199,0.7756,0.0211,0.7454,0.7199,0.7756,0.0211,0.8539,0.8371,0.8736,0.0138,0.2948,0.2747,0.3143,0.0146,0.4853,0.4365,0.5274,0.038,0.0182,0.015,0.0213,0.0021,0.0864,0.0608,0.1215,0.0254,0.8578,0.8182,0.9602,0.0429,1.7205,0.447,4.0562,1.057,0.6879,0.3997,1.1366,0.2475,0.0,0.0,0.0,0.0,0.0,0.0,0.0,0.0,0.0,0.0,0.0,0.0,0.0697,0.0608,0.0767,0.005,0.0472,0.016,0.094,0.0249,4.0,4.0,4.0,0.0,5.375,3.0,7.0,1.4948,0.0698,0.0443,0.0867,0.0157,1.875,1.0,3.0,0.7806,0.5995,0.5541,0.7033,0.0462,0.7689,0.5667,0.8684,0.1032,0.6061,0.425,0.8448,0.1327,0.2177,0.0172,0.3176,0.0952,145.5875,107.05,214.12,43.259,272.58,209.14,399.09,74.2722,0.6965,0.6358,0.7625,0.0503,0.8538,0.8486,0.8578,0.0035,0.1573,0.0934,0.2128,0.0474,1.0,68.75,0.5,4,2180.64,151.25,0.6616,0.8531,"[151.25, 214.12, 107.05, 109.93, 109.93, 107.05, 214.12]"
triangle,optimizer_static,original,10,0,128,frame,0,C:/Users/hexia/Documents/GitHub/umbra-bench/optimized/sequences-static/triangle/f00/f00_best.png,0.4758,0.4758,0.6448,0.2253,0.3727,0.03484,0.24859,0.6891,7.2784,30.6643,0,0,0,0.02339,0.05154,3,4,0.0892,1,0.4196,1.1373,0.6238,0.4515,0->1,190.42,338.05,1,0.6822,0.5773,-0.1049,,,,,,,,,,,,,,,,,,,,,,,,,,,,,,,,,,,,,,,,,,,,,,,,,,,,,,,,,,,,,,,,,,,,,,,,,,,,,,,,,,,,,,,,,,,,,,,,,,,,,,,,,,,,,,,,,,,,,,,,,,
triangle,optimizer_static,original,10,0,128,frame,1,C:/Users/hexia/Documents/GitHub/umbra-bench/optimized/sequences-static/triangle/f01/f01_best.png,0.5408,0.5408,0.702,0.2789,0.4941,0.02775,0.20441,0.7518,9.2011,13.477,0,1,1,0.04847,0.08123,3,2,0.1364,1,0.3044,0.9483,0.7045,0.257,1->2,227.84,421.89,1,0.736,0.5898,-0.1462,,,,,,,,,,,,,,,,,,,,,,,,,,,,,,,,,,,,,,,,,,,,,,,,,,,,,,,,,,,,,,,,,,,,,,,,,,,,,,,,,,,,,,,,,,,,,,,,,,,,,,,,,,,,,,,,,,,,,,,,,,
triangle,optimizer_static,original,10,0,128,frame,2,C:/Users/hexia/Documents/GitHub/umbra-bench/optimized/sequences-static/triangle/f02/f02_best.png,0.5333,0.5333,0.6956,0.2635,0.426,0.02883,0.18001,0.6049,8.692,17.2553,0,0,0,0.01169,0.01562,3,3,0.0885,0,0.4225,0.9483,0.6,0.3673,2->3,251.56,468.83,1,0.6633,0.5863,-0.077,,,,,,,,,,,,,,,,,,,,,,,,,,,,,,,,,,,,,,,,,,,,,,,,,,,,,,,,,,,,,,,,,,,,,,,,,,,,,,,,,,,,,,,,,,,,,,,,,,,,,,,,,,,,,,,,,,,,,,,,,,
triangle,optimizer_static,original,10,0,128,frame,3,C:/Users/hexia/Documents/GitHub/umbra-bench/optimized/sequences-static/triangle/f03/f03_best.png,0.5563,0.5563,0.7149,0.3011,0.5009,0.02492,0.16158,0.75,11.832,20.5795,0,0,0,0.01089,0.00781,3,4,0.0544,1,0.4836,1.1569,0.6705,0.4205,3->4,209.51,442.25,1,0.6892,0.5863,-0.1029,,,,,,,,,,,,,,,,,,,,,,,,,,,,,,,,,,,,,,,,,,,,,,,,,,,,,,,,,,,,,,,,,,,,,,,,,,,,,,,,,,,,,,,,,,,,,,,,,,,,,,,,,,,,,,,,,,,,,,,,,,
triangle,optimizer_static,original,10,0,128,frame,4,C:/Users/hexia/Documents/GitHub/umbra-bench/optimized/sequences-static/triangle/f04/f04_best.png,0.5324,0.5324,0.6949,0.2738,0.4542,0.02594,0.16651,0.715,8.7395,17.2387,0,0,0,0.01564,0.00778,3,5,0.0319,2,0.4759,0.9483,0.5914,0.3763,4->5,184.64,375.09,1,0.6689,0.5898,-0.0791,,,,,,,,,,,,,,,,,,,,,,,,,,,,,,,,,,,,,,,,,,,,,,,,,,,,,,,,,,,,,,,,,,,,,,,,,,,,,,,,,,,,,,,,,,,,,,,,,,,,,,,,,,,,,,,,,,,,,,,,,,
triangle,optimizer_static,original,10,0,128,frame,5,C:/Users/hexia/Documents/GitHub/umbra-bench/optimized/sequences-static/triangle/f05/f05_best.png,0.5324,0.5324,0.6948,0.3421,0.5539,0.02929,0.20845,0.6654,8.796,13.6321,0,0,0,0.02113,0.00312,3,5,0.0453,2,0.3557,0.9483,0.6701,0.2933,5->6,123.45,233.43,1,0.655,0.5747,-0.0803,,,,,,,,,,,,,,,,,,,,,,,,,,,,,,,,,,,,,,,,,,,,,,,,,,,,,,,,,,,,,,,,,,,,,,,,,,,,,,,,,,,,,,,,,,,,,,,,,,,,,,,,,,,,,,,,,,,,,,,,,,
triangle,optimizer_static,original,10,0,128,frame,6,C:/Users/hexia/Documents/GitHub/umbra-bench/optimized/sequences-static/triangle/f06/f06_best.png,0.4821,0.4821,0.6505,0.2816,0.4874,0.03204,0.23626,0.6798,11.6452,14.7901,0,0,0,0.02192,0.02422,3,4,0.1005,1,0.446,1.1569,0.68,0.4122,6->7,198.92,352.17,1,0.5709,0.5805,0.0096,,,,,,,,,,,,,,,,,,,,,,,,,,,,,,,,,,,,,,,,,,,,,,,,,,,,,,,,,,,,,,,,,,,,,,,,,,,,,,,,,,,,,,,,,,,,,,,,,,,,,,,,,,,,,,,,,,,,,,,,,,
triangle,optimizer_static,original,10,0,128,frame,7,C:/Users/hexia/Documents/GitHub/umbra-bench/optimized/sequences-static/triangle/f07/f07_best.png,0.4059,0.4059,0.5774,0.1683,0.2679,0.04486,0.25543,0.6973,7.7201,13.893,0,0,0,0.02968,0.07107,3,5,0.0392,2,0.4297,0.9655,0.7423,0.2312,7->8,179.23,301.42,1,0.5798,0.5864,0.0066,,,,,,,,,,,,,,,,,,,,,,,,,,,,,,,,,,,,,,,,,,,,,,,,,,,,,,,,,,,,,,,,,,,,,,,,,,,,,,,,,,,,,,,,,,,,,,,,,,,,,,,,,,,,,,,,,,,,,,,,,,
triangle,optimizer_static,original,10,0,128,frame,8,C:/Users/hexia/Documents/GitHub/umbra-bench/optimized/sequences-static/triangle/f08/f08_best.png,0.4134,0.4134,0.5849,0.1958,0.347,0.04566,0.26565,0.5247,8.8789,17.1856,0,2,2,0.04531,0.08129,3,4,0.0547,1,0.441,0.9483,0.9022,0.0486,8->9,184.2,271.95,1,0.544,0.5932,0.0492,,,,,,,,,,,,,,,,,,,,,,,,,,,,,,,,,,,,,,,,,,,,,,,,,,,,,,,,,,,,,,,,,,,,,,,,,,,,,,,,,,,,,,,,,,,,,,,,,,,,,,,,,,,,,,,,,,,,,,,,,,
triangle,optimizer_static,original,10,0,128,frame,9,C:/Users/hexia/Documents/GitHub/umbra-bench/optimized/sequences-static/triangle/f09/f09_best.png,0.4598,0.4598,0.63,0.2677,0.4522,0.03813,0.29516,0.648,7.7242,76.041,0,0,0,0.05156,0.04061,3,4,0.0752,1,0.3826,1.1373,0.9043,0.2049,,,,,,,,,,,,,,,,,,,,,,,,,,,,,,,,,,,,,,,,,,,,,,,,,,,,,,,,,,,,,,,,,,,,,,,,,,,,,,,,,,,,,,,,,,,,,,,,,,,,,,,,,,,,,,,,,,,,,,,,,,,,,,,,,
triangle,optimizer_static,original,10,0,128,aggregate,,,,,,,,,,,,,,,,,,,,,,,,,,,,,,,,,9,0.4932,0.4059,0.5563,0.0514,0.4932,0.4059,0.5563,0.0514,0.659,0.5774,0.7149,0.0471,0.2598,0.1683,0.3421,0.0482,0.4356,0.2679,0.5539,0.0806,0.0332,0.0249,0.0457,0.0071,0.2222,0.1616,0.2952,0.0427,0.6726,0.5247,0.7518,0.0649,9.0507,7.2784,11.832,1.4656,23.4757,13.477,76.041,18.1782,0.0,0.0,0.0,0.0,0.3,0.0,2.0,0.6403,0.3,0.0,2.0,0.6403,0.028,0.0109,0.0516,0.0145,0.0384,0.0031,0.0813,0.0296,3.0,3.0,3.0,0.0,4.0,2.0,5.0,0.8944,0.0715,0.0319,0.1364,0.0309,1.2,0.0,2.0,0.6,0.4161,0.3044,0.4836,0.0521,1.0295,0.9483,1.1569,0.0963,0.7089,0.5914,0.9043,0.1065,0.3063,0.0486,0.4515,0.1179,194.4189,123.45,251.56,33.5218,356.12,233.43,468.83,74.7434,0.6433,0.544,0.736,0.0601,0.5849,0.5747,0.5932,0.0058,-0.0583,-0.1462,0.0492,0.061,1.0,68.75,0.3333,6,3205.08,,,,"[190.42, 227.84, 251.56, 209.51, 184.64, 123.45, 198.92, 179.23, 184.2]"
two_arm_wave_n5,optimizer_static,original,8,1,128,frame,0,C:/Users/hexia/Documents/GitHub/umbra-bench/optimized/sequences-static/two_arm_wave_n5/f00/f00_best.png,0.7552,0.7552,0.8606,0.2691,0.4571,0.01706,0.0558,0.8896,2.4741,1.1856,0,0,0,0.06851,0.03631,4,7,0.0267,3,0.7068,0.8596,0.8103,0.0574,0->1,176.67,405.02,1,0.7478,0.7726,0.0248,,,,,,,,,,,,,,,,,,,,,,,,,,,,,,,,,,,,,,,,,,,,,,,,,,,,,,,,,,,,,,,,,,,,,,,,,,,,,,,,,,,,,,,,,,,,,,,,,,,,,,,,,,,,,,,,,,,,,,,,,,
two_arm_wave_n5,optimizer_static,original,8,1,128,frame,1,C:/Users/hexia/Documents/GitHub/umbra-bench/optimized/sequences-static/two_arm_wave_n5/f01/f01_best.png,0.7607,0.7607,0.8641,0.3167,0.503,0.01325,0.04419,0.8707,0.899,1.9289,0,0,0,0.05699,0.03285,4,6,0.0669,2,0.5015,0.9123,0.8293,0.091,1->2,209.42,455.13,1,0.6825,0.7564,0.0739,,,,,,,,,,,,,,,,,,,,,,,,,,,,,,,,,,,,,,,,,,,,,,,,,,,,,,,,,,,,,,,,,,,,,,,,,,,,,,,,,,,,,,,,,,,,,,,,,,,,,,,,,,,,,,,,,,,,,,,,,,
two_arm_wave_n5,optimizer_static,original,8,1,128,frame,2,C:/Users/hexia/Documents/GitHub/umbra-bench/optimized/sequences-static/two_arm_wave_n5/f02/f02_best.png,0.7537,0.7537,0.8595,0.3129,0.5116,0.01442,0.05441,0.9229,0.5592,1.7028,0,0,0,0.05904,0.04919,4,5,0.0511,1,0.5848,0.9474,0.8594,0.0929,2->3,209.03,414.9,1,0.707,0.7686,0.0616,,,,,,,,,,,,,,,,,,,,,,,,,,,,,,,,,,,,,,,,,,,,,,,,,,,,,,,,,,,,,,,,,,,,,,,,,,,,,,,,,,,,,,,,,,,,,,,,,,,,,,,,,,,,,,,,,,,,,,,,,,
two_arm_wave_n5,optimizer_static,original,8,1,128,frame,3,C:/Users/hexia/Documents/GitHub/umbra-bench/optimized/sequences-static/two_arm_wave_n5/f03/f03_best.png,0.7606,0.7606,0.864,0.2685,0.4194,0.01569,0.05524,0.937,0.7681,1.1859,0,0,0,0.08808,0.02733,4,5,0.0534,1,0.6013,0.9298,0.7642,0.1781,3->4,131.46,346.96,1,0.7781,0.7537,-0.0244,,,,,,,,,,,,,,,,,,,,,,,,,,,,,,,,,,,,,,,,,,,,,,,,,,,,,,,,,,,,,,,,,,,,,,,,,,,,,,,,,,,,,,,,,,,,,,,,,,,,,,,,,,,,,,,,,,,,,,,,,,
two_arm_wave_n5,optimizer_static,original,8,1,128,frame,4,C:/Users/hexia/Documents/GitHub/umbra-bench/optimized/sequences-static/two_arm_wave_n5/f04/f04_best.png,0.7633,0.7633,0.8658,0.26,0.4084,0.01352,0.03714,0.9291,0.9791,0.5551,0,0,0,0.0821,0.03596,4,5,0.0524,1,0.5847,0.8421,0.7273,0.1364,4->5,131.46,346.96,1,0.7781,0.7537,-0.0244,,,,,,,,,,,,,,,,,,,,,,,,,,,,,,,,,,,,,,,,,,,,,,,,,,,,,,,,,,,,,,,,,,,,,,,,,,,,,,,,,,,,,,,,,,,,,,,,,,,,,,,,,,,,,,,,,,,,,,,,,,
two_arm_wave_n5,optimizer_static,original,8,1,128,frame,5,C:/Users/hexia/Documents/GitHub/umbra-bench/optimized/sequences-static/two_arm_wave_n5/f05/f05_best.png,0.7606,0.7606,0.864,0.2685,0.4194,0.01569,0.05524,0.937,0.7681,1.1859,0,0,0,0.08808,0.02733,4,5,0.0534,1,0.6013,0.9298,0.7642,0.1781,5->6,209.03,414.9,1,0.707,0.7686,0.0616,,,,,,,,,,,,,,,,,,,,,,,,,,,,,,,,,,,,,,,,,,,,,,,,,,,,,,,,,,,,,,,,,,,,,,,,,,,,,,,,,,,,,,,,,,,,,,,,,,,,,,,,,,,,,,,,,,,,,,,,,,
two_arm_wave_n5,optimizer_static,original,8,1,128,frame,6,C:/Users/hexia/Documents/GitHub/umbra-bench/optimized/sequences-static/two_arm_wave_n5/f06/f06_best.png,0.7537,0.7537,0.8595,0.3129,0.5116,0.01442,0.05441,0.9229,0.5592,1.7028,0,0,0,0.05904,0.04919,4,5,0.0511,1,0.5848,0.9474,0.8594,0.0929,6->7,223.78,392.78,1,0.7051,0.7564,0.0513,,,,,,,,,,,,,,,,,,,,,,,,,,,,,,,,,,,,,,,,,,,,,,,,,,,,,,,,,,,,,,,,,,,,,,,,,,,,,,,,,,,,,,,,,,,,,,,,,,,,,,,,,,,,,,,,,,,,,,,,,,
two_arm_wave_n5,optimizer_static,original,8,1,128,frame,7,C:/Users/hexia/Documents/GitHub/umbra-bench/optimized/sequences-static/two_arm_wave_n5/f07/f07_best.png,0.7951,0.7951,0.8858,0.3628,0.5664,0.01161,0.04112,0.9265,0.4341,1.9977,0,0,0,0.06703,0.02656,4,7,0.0504,3,0.6024,0.9123,0.8264,0.0941,wrap,278.64,436.24,1,0.7159,0.7726,0.0567,,,,,,,,,,,,,,,,,,,,,,,,,,,,,,,,,,,,,,,,,,,,,,,,,,,,,,,,,,,,,,,,,,,,,,,,,,,,,,,,,,,,,,,,,,,,,,,,,,,,,,,,,,,,,,,,,,,,,,,,,,
two_arm_wave_n5,optimizer_static,original,8,1,128,aggregate,,,,,,,,,,,,,,,,,,,,,,,,,,,,,,,,,8,0.7629,0.7537,0.7951,0.0127,0.7629,0.7537,0.7951,0.0127,0.8654,0.8595,0.8858,0.008,0.2964,0.26,0.3628,0.0335,0.4746,0.4084,0.5664,0.0533,0.0145,0.0116,0.0171,0.0016,0.0497,0.0371,0.0558,0.0071,0.917,0.8707,0.937,0.0224,0.9301,0.4341,2.4741,0.6084,1.4306,0.5551,1.9977,0.4561,0.0,0.0,0.0,0.0,0.0,0.0,0.0,0.0,0.0,0.0,0.0,0.0,0.0711,0.057,0.0881,0.0123,0.0356,0.0266,0.0492,0.0086,4.0,4.0,4.0,0.0,5.625,5.0,7.0,0.857,0.0507,0.0267,0.0669,0.0103,1.625,1.0,3.0,0.857,0.5959,0.5015,0.7068,0.0521,0.9101,0.8421,0.9474,0.0366,0.8051,0.7273,0.8594,0.0452,0.1151,0.0574,0.1781,0.0414,196.1862,131.46,278.64,45.8598,401.6112,346.96,455.13,36.1934,0.7277,0.6825,0.7781,0.0336,0.7628,0.7537,0.7726,0.008,0.0351,-0.0244,0.0739,0.0368,1.0,68.75,0.0,8,3212.89,278.64,0.7159,0.7726,"[176.67, 209.42, 209.03, 131.46, 131.46, 209.03, 223.78]"
windmill_n3,optimizer_static,original,8,1,128,frame,0,C:/Users/hexia/Documents/GitHub/umbra-bench/optimized/sequences-static/windmill_n3/f00/f00_best.png,0.3483,0.3483,0.5167,0.153,0.2788,0.0305,0.15416,0.6213,4.8373,12.4338,0,0,0,0.04066,0.02109,3,4,0.1068,1,0.2022,0.8519,0.6387,0.2503,0->1,169.46,354.31,1,0.5319,0.2389,-0.293,,,,,,,,,,,,,,,,,,,,,,,,,,,,,,,,,,,,,,,,,,,,,,,,,,,,,,,,,,,,,,,,,,,,,,,,,,,,,,,,,,,,,,,,,,,,,,,,,,,,,,,,,,,,,,,,,,,,,,,,,,
windmill_n3,optimizer_static,original,8,1,128,frame,1,C:/Users/hexia/Documents/GitHub/umbra-bench/optimized/sequences-static/windmill_n3/f01/f01_best.png,0.3492,0.3492,0.5176,0.2455,0.3662,0.02524,0.11993,0.6007,4.9543,2.2078,0,0,0,0.08389,0.01171,3,5,0.125,2,0.4151,1.0,0.8235,0.1765,1->2,176.24,302.05,1,0.3888,0.2236,-0.1652,,,,,,,,,,,,,,,,,,,,,,,,,,,,,,,,,,,,,,,,,,,,,,,,,,,,,,,,,,,,,,,,,,,,,,,,,,,,,,,,,,,,,,,,,,,,,,,,,,,,,,,,,,,,,,,,,,,,,,,,,,
windmill_n3,optimizer_static,original,8,1,128,frame,2,C:/Users/hexia/Documents/GitHub/umbra-bench/optimized/sequences-static/windmill_n3/f02/f02_best.png,0.3577,0.3577,0.527,0.1333,0.1922,0.02977,0.14363,0.629,3.8572,6.5611,0,0,0,0.13729,0.0,3,4,0.1143,1,0.3809,1.1429,1.04,0.09,2->3,157.89,333.96,1,0.539,0.2168,-0.3222,,,,,,,,,,,,,,,,,,,,,,,,,,,,,,,,,,,,,,,,,,,,,,,,,,,,,,,,,,,,,,,,,,,,,,,,,,,,,,,,,,,,,,,,,,,,,,,,,,,,,,,,,,,,,,,,,,,,,,,,,,
windmill_n3,optimizer_static,original,8,1,128,frame,3,C:/Users/hexia/Documents/GitHub/umbra-bench/optimized/sequences-static/windmill_n3/f03/f03_best.png,0.3546,0.3546,0.5235,0.1769,0.3221,0.03139,0.15805,0.6101,4.7887,3.694,0,0,0,0.08201,0.01875,3,4,0.1288,1,0.2957,1.0,0.8696,0.1304,3->4,163.08,378.72,1,0.3835,0.2562,-0.1273,,,,,,,,,,,,,,,,,,,,,,,,,,,,,,,,,,,,,,,,,,,,,,,,,,,,,,,,,,,,,,,,,,,,,,,,,,,,,,,,,,,,,,,,,,,,,,,,,,,,,,,,,,,,,,,,,,,,,,,,,,
windmill_n3,optimizer_static,original,8,1,128,frame,4,C:/Users/hexia/Documents/GitHub/umbra-bench/optimized/sequences-static/windmill_n3/f04/f04_best.png,0.3507,0.3507,0.5193,0.1687,0.2912,0.04126,0.22855,0.6174,6.2452,13.4332,0,0,0,0.05805,0.05938,3,5,0.096,2,0.1937,0.8642,0.6636,0.2322,4->5,173.45,376.77,1,0.3932,0.2562,-0.137,,,,,,,,,,,,,,,,,,,,,,,,,,,,,,,,,,,,,,,,,,,,,,,,,,,,,,,,,,,,,,,,,,,,,,,,,,,,,,,,,,,,,,,,,,,,,,,,,,,,,,,,,,,,,,,,,,,,,,,,,,
windmill_n3,optimizer_static,original,8,1,128,frame,5,C:/Users/hexia/Documents/GitHub/umbra-bench/optimized/sequences-static/windmill_n3/f05/f05_best.png,0.2983,0.2983,0.4596,0.1688,0.3008,0.04121,0.24793,0.5341,6.0575,4.6452,0,0,0,0.07955,0.0203,3,5,0.0611,2,0.2603,1.0,0.6693,0.3307,5->6,164.19,278.28,1,0.4329,0.2259,-0.207,,,,,,,,,,,,,,,,,,,,,,,,,,,,,,,,,,,,,,,,,,,,,,,,,,,,,,,,,,,,,,,,,,,,,,,,,,,,,,,,,,,,,,,,,,,,,,,,,,,,,,,,,,,,,,,,,,,,,,,,,,
windmill_n3,optimizer_static,original,8,1,128,frame,6,C:/Users/hexia/Documents/GitHub/umbra-bench/optimized/sequences-static/windmill_n3/f06/f06_best.png,0.2791,0.2791,0.4364,0.1898,0.3541,0.04436,0.24273,0.5299,4.3047,10.664,0,2,2,0.10558,0.10391,3,4,0.1215,1,0.2546,1.1594,0.6639,0.4274,6->7,186.37,312.09,1,0.5318,0.2165,-0.3153,,,,,,,,,,,,,,,,,,,,,,,,,,,,,,,,,,,,,,,,,,,,,,,,,,,,,,,,,,,,,,,,,,,,,,,,,,,,,,,,,,,,,,,,,,,,,,,,,,,,,,,,,,,,,,,,,,,,,,,,,,
windmill_n3,optimizer_static,original,8,1,128,frame,7,C:/Users/hexia/Documents/GitHub/umbra-bench/optimized/sequences-static/windmill_n3/f07/f07_best.png,0.3154,0.3154,0.4795,0.2055,0.3887,0.03886,0.2047,0.6009,5.0278,4.5934,0,0,0,0.05292,0.00781,3,4,0.0716,1,0.2406,1.0,0.6379,0.3621,wrap,197.32,323.55,1,0.611,0.2389,-0.3721,,,,,,,,,,,,,,,,,,,,,,,,,,,,,,,,,,,,,,,,,,,,,,,,,,,,,,,,,,,,,,,,,,,,,,,,,,,,,,,,,,,,,,,,,,,,,,,,,,,,,,,,,,,,,,,,,,,,,,,,,,
windmill_n3,optimizer_static,original,8,1,128,aggregate,,,,,,,,,,,,,,,,,,,,,,,,,,,,,,,,,8,0.3317,0.2791,0.3577,0.028,0.3317,0.2791,0.3577,0.028,0.4975,0.4364,0.527,0.0322,0.1802,0.1333,0.2455,0.032,0.3118,0.1922,0.3887,0.0578,0.0353,0.0252,0.0444,0.0065,0.1875,0.1199,0.2479,0.0463,0.5929,0.5299,0.629,0.0363,5.0091,3.8572,6.2452,0.7526,7.2791,2.2078,13.4332,4.0177,0.0,0.0,0.0,0.0,0.25,0.0,2.0,0.6614,0.25,0.0,2.0,0.6614,0.08,0.0407,0.1373,0.029,0.0304,0.0,0.1039,0.0323,3.0,3.0,3.0,0.0,4.375,4.0,5.0,0.4841,0.1031,0.0611,0.1288,0.0235,1.375,1.0,2.0,0.4841,0.2804,0.1937,0.4151,0.0748,1.0023,0.8519,1.1594,0.1038,0.7508,0.6379,1.04,0.137,0.2499,0.09,0.4274,0.1096,173.5,157.89,197.32,12.2259,332.4663,278.28,378.72,33.4245,0.4765,0.3835,0.611,0.0816,0.2341,0.2165,0.2562,0.015,-0.2424,-0.3721,-0.1273,0.0885,1.0,68.75,0.0,8,2659.73,197.32,0.611,0.2389,"[169.46, 176.24, 157.89, 163.08, 173.45, 164.19, 186.37]"
windmill_n5,optimizer_static,original,8,1,128,frame,0,C:/Users/hexia/Documents/GitHub/umbra-bench/optimized/sequences-static/windmill_n5/f00/f00_best.png,0.3779,0.3779,0.5486,0.2259,0.3957,0.02499,0.1485,0.6829,5.4012,73.2429,0,0,0,0.10293,0.00233,5,6,0.0619,1,0.3005,0.9647,0.7652,0.2068,0->1,178.58,377.8,1,0.6575,0.4321,-0.2254,,,,,,,,,,,,,,,,,,,,,,,,,,,,,,,,,,,,,,,,,,,,,,,,,,,,,,,,,,,,,,,,,,,,,,,,,,,,,,,,,,,,,,,,,,,,,,,,,,,,,,,,,,,,,,,,,,,,,,,,,,
windmill_n5,optimizer_static,original,8,1,128,frame,1,C:/Users/hexia/Documents/GitHub/umbra-bench/optimized/sequences-static/windmill_n5/f01/f01_best.png,0.3861,0.3861,0.5571,0.2188,0.3879,0.02755,0.13063,0.7132,5.8185,15.5776,0,0,0,0.05719,0.0016,5,7,0.0319,2,0.2835,0.9884,0.7523,0.2389,1->2,238.57,537.07,1,0.5424,0.4313,-0.1111,,,,,,,,,,,,,,,,,,,,,,,,,,,,,,,,,,,,,,,,,,,,,,,,,,,,,,,,,,,,,,,,,,,,,,,,,,,,,,,,,,,,,,,,,,,,,,,,,,,,,,,,,,,,,,,,,,,,,,,,,,
windmill_n5,optimizer_static,original,8,1,128,frame,2,C:/Users/hexia/Documents/GitHub/umbra-bench/optimized/sequences-static/windmill_n5/f02/f02_best.png,0.3421,0.3421,0.5098,0.2032,0.347,0.02955,0.16397,0.6185,5.4964,21.5524,0,2,2,0.10098,0.10552,5,6,0.1002,1,0.2496,1.0617,0.75,0.2936,2->3,181.79,422.81,1,0.4787,0.4173,-0.0614,,,,,,,,,,,,,,,,,,,,,,,,,,,,,,,,,,,,,,,,,,,,,,,,,,,,,,,,,,,,,,,,,,,,,,,,,,,,,,,,,,,,,,,,,,,,,,,,,,,,,,,,,,,,,,,,,,,,,,,,,,
windmill_n5,optimizer_static,original,8,1,128,frame,3,C:/Users/hexia/Documents/GitHub/umbra-bench/optimized/sequences-static/windmill_n5/f03/f03_best.png,0.3973,0.3973,0.5687,0.163,0.2866,0.03041,0.12382,0.7791,4.8553,16.6444,0,0,0,0.09119,0.05329,5,5,0.0805,0,0.4407,0.9884,0.7188,0.2728,3->4,293.8,632.39,1,0.6408,0.4328,-0.208,,,,,,,,,,,,,,,,,,,,,,,,,,,,,,,,,,,,,,,,,,,,,,,,,,,,,,,,,,,,,,,,,,,,,,,,,,,,,,,,,,,,,,,,,,,,,,,,,,,,,,,,,,,,,,,,,,,,,,,,,,
windmill_n5,optimizer_static,original,8,1,128,frame,4,C:/Users/hexia/Documents/GitHub/umbra-bench/optimized/sequences-static/windmill_n5/f04/f04_best.png,0.3699,0.3699,0.5401,0.1245,0.2317,0.0364,0.14154,0.6657,7.3104,92.5281,0,0,0,0.11906,0.04691,5,5,0.1126,0,0.3496,0.9647,0.7368,0.2362,4->5,296.58,592.58,1,0.5947,0.4143,-0.1804,,,,,,,,,,,,,,,,,,,,,,,,,,,,,,,,,,,,,,,,,,,,,,,,,,,,,,,,,,,,,,,,,,,,,,,,,,,,,,,,,,,,,,,,,,,,,,,,,,,,,,,,,,,,,,,,,,,,,,,,,,
windmill_n5,optimizer_static,original,8,1,128,frame,5,C:/Users/hexia/Documents/GitHub/umbra-bench/optimized/sequences-static/windmill_n5/f05/f05_best.png,0.4133,0.4133,0.5849,0.2112,0.3743,0.02702,0.12597,0.7602,4.7463,16.2255,0,0,0,0.10118,0.02266,5,8,0.0171,3,0.336,0.9884,0.7589,0.2321,5->6,193.06,472.02,1,0.5956,0.4275,-0.1681,,,,,,,,,,,,,,,,,,,,,,,,,,,,,,,,,,,,,,,,,,,,,,,,,,,,,,,,,,,,,,,,,,,,,,,,,,,,,,,,,,,,,,,,,,,,,,,,,,,,,,,,,,,,,,,,,,,,,,,,,,
windmill_n5,optimizer_static,original,8,1,128,frame,6,C:/Users/hexia/Documents/GitHub/umbra-bench/optimized/sequences-static/windmill_n5/f06/f06_best.png,0.4113,0.4113,0.5829,0.227,0.3695,0.02212,0.10626,0.7212,8.0422,38.0431,0,0,0,0.04413,0.01641,5,5,0.0508,0,0.3207,1.0488,0.8889,0.1525,6->7,154.45,351.86,1,0.6498,0.4178,-0.232,,,,,,,,,,,,,,,,,,,,,,,,,,,,,,,,,,,,,,,,,,,,,,,,,,,,,,,,,,,,,,,,,,,,,,,,,,,,,,,,,,,,,,,,,,,,,,,,,,,,,,,,,,,,,,,,,,,,,,,,,,
windmill_n5,optimizer_static,original,8,1,128,frame,7,C:/Users/hexia/Documents/GitHub/umbra-bench/optimized/sequences-static/windmill_n5/f07/f07_best.png,0.3893,0.3893,0.5604,0.1947,0.3521,0.03093,0.15043,0.6069,6.3839,14.4682,0,1,1,0.09385,0.06014,5,5,0.0786,0,0.3249,0.9884,0.7545,0.2366,wrap,203.84,467.9,1,0.6953,0.4119,-0.2834,,,,,,,,,,,,,,,,,,,,,,,,,,,,,,,,,,,,,,,,,,,,,,,,,,,,,,,,,,,,,,,,,,,,,,,,,,,,,,,,,,,,,,,,,,,,,,,,,,,,,,,,,,,,,,,,,,,,,,,,,,
windmill_n5,optimizer_static,original,8,1,128,aggregate,,,,,,,,,,,,,,,,,,,,,,,,,,,,,,,,,8,0.3859,0.3421,0.4133,0.0217,0.3859,0.3421,0.4133,0.0217,0.5566,0.5098,0.5849,0.0229,0.196,0.1245,0.227,0.0333,0.3431,0.2317,0.3957,0.0526,0.0286,0.0221,0.0364,0.004,0.1364,0.1063,0.164,0.0171,0.6935,0.6069,0.7791,0.058,6.0068,4.7463,8.0422,1.0933,36.0353,14.4682,92.5281,28.3763,0.0,0.0,0.0,0.0,0.375,0.0,2.0,0.696,0.375,0.0,2.0,0.696,0.0888,0.0441,0.1191,0.0236,0.0386,0.0016,0.1055,0.0329,5.0,5.0,5.0,0.0,5.875,5.0,8.0,1.0533,0.0667,0.0171,0.1126,0.0306,0.875,0.0,3.0,1.0533,0.3257,0.2496,0.4407,0.0526,0.9992,0.9647,1.0617,0.0339,0.7657,0.7188,0.8889,0.0485,0.2337,0.1525,0.2936,0.0395,217.5838,154.45,296.58,50.0854,481.8038,351.86,632.39,93.1889,0.6069,0.4787,0.6953,0.0654,0.4231,0.4119,0.4328,0.0081,-0.1837,-0.2834,-0.0614,0.0662,1.0,68.75,0.0,8,3854.43,203.84,0.6953,0.4119,"[178.58, 238.57, 181.79, 293.8, 296.58, 193.06, 154.45]"
wiper,optimizer_static,original,12,1,128,frame,0,C:/Users/hexia/Documents/GitHub/umbra-bench/optimized/sequences-static/wiper/f00/f00_best.png,0.5214,0.5214,0.6854,0.3759,0.6169,0.01537,0.08308,0.6799,1.3394,0.3105,0,0,0,0.0205,0.02344,2,3,0.0699,1,0.4387,0.8929,0.9873,0.1058,0->1,166.57,345.13,1,0.4186,0.2211,-0.1975,,,,,,,,,,,,,,,,,,,,,,,,,,,,,,,,,,,,,,,,,,,,,,,,,,,,,,,,,,,,,,,,,,,,,,,,,,,,,,,,,,,,,,,,,,,,,,,,,,,,,,,,,,,,,,,,,,,,,,,,,,
wiper,optimizer_static,original,12,1,128,frame,1,C:/Users/hexia/Documents/GitHub/umbra-bench/optimized/sequences-static/wiper/f01/f01_best.png,0.4147,0.4147,0.5863,0.1925,0.3032,0.02628,0.1012,0.6006,1.3662,0.2312,0,0,0,0.04307,0.00781,2,4,0.096,2,0.4652,0.6535,0.708,0.0834,1->2,227.28,418.89,1,0.224,0.2093,-0.0147,,,,,,,,,,,,,,,,,,,,,,,,,,,,,,,,,,,,,,,,,,,,,,,,,,,,,,,,,,,,,,,,,,,,,,,,,,,,,,,,,,,,,,,,,,,,,,,,,,,,,,,,,,,,,,,,,,,,,,,,,,
wiper,optimizer_static,original,12,1,128,frame,2,C:/Users/hexia/Documents/GitHub/umbra-bench/optimized/sequences-static/wiper/f02/f02_best.png,0.5216,0.5216,0.6856,0.3941,0.5922,0.01408,0.07182,0.6731,3.2062,0.2809,0,1,1,0.04557,0.02655,2,2,0.1151,0,0.2375,0.3945,0.4677,0.1857,2->3,206.81,332.99,1,0.3189,0.2014,-0.1175,,,,,,,,,,,,,,,,,,,,,,,,,,,,,,,,,,,,,,,,,,,,,,,,,,,,,,,,,,,,,,,,,,,,,,,,,,,,,,,,,,,,,,,,,,,,,,,,,,,,,,,,,,,,,,,,,,,,,,,,,,
wiper,optimizer_static,original,12,1,128,frame,3,C:/Users/hexia/Documents/GitHub/umbra-bench/optimized/sequences-static/wiper/f03/f03_best.png,0.4562,0.4562,0.6266,0.2183,0.3349,0.02323,0.07435,0.79,1.6425,0.1516,0,1,1,0.0396,0.02186,2,1,0.0946,1,0.4747,0.1892,0.3281,0.7344,3->4,86.56,187.56,1,0.296,0.2037,-0.0923,,,,,,,,,,,,,,,,,,,,,,,,,,,,,,,,,,,,,,,,,,,,,,,,,,,,,,,,,,,,,,,,,,,,,,,,,,,,,,,,,,,,,,,,,,,,,,,,,,,,,,,,,,,,,,,,,,,,,,,,,,
wiper,optimizer_static,original,12,1,128,frame,4,C:/Users/hexia/Documents/GitHub/umbra-bench/optimized/sequences-static/wiper/f04/f04_best.png,0.463,0.463,0.6329,0.1498,0.253,0.02343,0.06077,0.8128,1.7437,0.1553,0,0,0,0.05847,0.02343,2,2,0.0708,0,0.3647,0.3761,0.5175,0.3759,4->5,231.82,358.45,1,0.2951,0.2102,-0.0849,,,,,,,,,,,,,,,,,,,,,,,,,,,,,,,,,,,,,,,,,,,,,,,,,,,,,,,,,,,,,,,,,,,,,,,,,,,,,,,,,,,,,,,,,,,,,,,,,,,,,,,,,,,,,,,,,,,,,,,,,,
wiper,optimizer_static,original,12,1,128,frame,5,C:/Users/hexia/Documents/GitHub/umbra-bench/optimized/sequences-static/wiper/f05/f05_best.png,0.4671,0.4671,0.6367,0.135,0.2398,0.02347,0.06652,0.8441,2.4279,0.1675,0,0,0,0.03346,0.0,2,2,0.0824,0,0.2381,0.64,0.7549,0.1795,5->6,286.36,474.41,1,0.3433,0.2205,-0.1228,,,,,,,,,,,,,,,,,,,,,,,,,,,,,,,,,,,,,,,,,,,,,,,,,,,,,,,,,,,,,,,,,,,,,,,,,,,,,,,,,,,,,,,,,,,,,,,,,,,,,,,,,,,,,,,,,,,,,,,,,,
wiper,optimizer_static,original,12,1,128,frame,6,C:/Users/hexia/Documents/GitHub/umbra-bench/optimized/sequences-static/wiper/f06/f06_best.png,0.5013,0.5013,0.6678,0.2568,0.4024,0.01812,0.05863,0.7915,1.303,0.135,0,1,1,0.03087,0.01562,2,3,0.0365,1,0.3475,0.8916,1.0706,0.2008,6->7,286.36,474.41,1,0.3433,0.2205,-0.1228,,,,,,,,,,,,,,,,,,,,,,,,,,,,,,,,,,,,,,,,,,,,,,,,,,,,,,,,,,,,,,,,,,,,,,,,,,,,,,,,,,,,,,,,,,,,,,,,,,,,,,,,,,,,,,,,,,,,,,,,,,
wiper,optimizer_static,original,12,1,128,frame,7,C:/Users/hexia/Documents/GitHub/umbra-bench/optimized/sequences-static/wiper/f07/f07_best.png,0.4671,0.4671,0.6367,0.135,0.2398,0.02347,0.06652,0.8441,2.4279,0.1675,0,0,0,0.03346,0.0,2,2,0.0824,0,0.2381,0.64,0.7549,0.1795,7->8,231.82,358.45,1,0.2951,0.2102,-0.0849,,,,,,,,,,,,,,,,,,,,,,,,,,,,,,,,,,,,,,,,,,,,,,,,,,,,,,,,,,,,,,,,,,,,,,,,,,,,,,,,,,,,,,,,,,,,,,,,,,,,,,,,,,,,,,,,,,,,,,,,,,
wiper,optimizer_static,original,12,1,128,frame,8,C:/Users/hexia/Documents/GitHub/umbra-bench/optimized/sequences-static/wiper/f08/f08_best.png,0.463,0.463,0.6329,0.1498,0.253,0.02343,0.06077,0.8128,1.7437,0.1553,0,0,0,0.05847,0.02343,2,2,0.0708,0,0.3647,0.3761,0.5175,0.3759,8->9,86.56,187.56,1,0.296,0.2037,-0.0923,,,,,,,,,,,,,,,,,,,,,,,,,,,,,,,,,,,,,,,,,,,,,,,,,,,,,,,,,,,,,,,,,,,,,,,,,,,,,,,,,,,,,,,,,,,,,,,,,,,,,,,,,,,,,,,,,,,,,,,,,,
wiper,optimizer_static,original,12,1,128,frame,9,C:/Users/hexia/Documents/GitHub/umbra-bench/optimized/sequences-static/wiper/f09/f09_best.png,0.4562,0.4562,0.6266,0.2183,0.3349,0.02323,0.07435,0.79,1.6425,0.1516,0,1,1,0.0396,0.02186,2,1,0.0946,1,0.4747,0.1892,0.3281,0.7344,9->10,206.81,332.99,1,0.3189,0.2014,-0.1175,,,,,,,,,,,,,,,,,,,,,,,,,,,,,,,,,,,,,,,,,,,,,,,,,,,,,,,,,,,,,,,,,,,,,,,,,,,,,,,,,,,,,,,,,,,,,,,,,,,,,,,,,,,,,,,,,,,,,,,,,,
wiper,optimizer_static,original,12,1,128,frame,10,C:/Users/hexia/Documents/GitHub/umbra-bench/optimized/sequences-static/wiper/f10/f10_best.png,0.5216,0.5216,0.6856,0.3941,0.5922,0.01408,0.07182,0.6731,3.2062,0.2809,0,1,1,0.04557,0.02655,2,2,0.1151,0,0.2375,0.3945,0.4677,0.1857,10->11,227.28,418.89,1,0.224,0.2093,-0.0147,,,,,,,,,,,,,,,,,,,,,,,,,,,,,,,,,,,,,,,,,,,,,,,,,,,,,,,,,,,,,,,,,,,,,,,,,,,,,,,,,,,,,,,,,,,,,,,,,,,,,,,,,,,,,,,,,,,,,,,,,,
wiper,optimizer_static,original,12,1,128,frame,11,C:/Users/hexia/Documents/GitHub/umbra-bench/optimized/sequences-static/wiper/f11/f11_best.png,0.4147,0.4147,0.5863,0.1925,0.3032,0.02628,0.1012,0.6006,1.3662,0.2312,0,0,0,0.04307,0.00781,2,4,0.096,2,0.4652,0.6535,0.708,0.0834,wrap,166.57,345.13,1,0.4186,0.2211,-0.1975,,,,,,,,,,,,,,,,,,,,,,,,,,,,,,,,,,,,,,,,,,,,,,,,,,,,,,,,,,,,,,,,,,,,,,,,,,,,,,,,,,,,,,,,,,,,,,,,,,,,,,,,,,,,,,,,,,,,,,,,,,
wiper,optimizer_static,original,12,1,128,aggregate,,,,,,,,,,,,,,,,,,,,,,,,,,,,,,,,,12,0.4723,0.4147,0.5216,0.0359,0.4723,0.4147,0.5216,0.0359,0.6408,0.5863,0.6856,0.0332,0.2343,0.135,0.3941,0.0956,0.3721,0.2398,0.6169,0.1395,0.0212,0.0141,0.0263,0.0043,0.0743,0.0586,0.1012,0.0138,0.7427,0.6006,0.8441,0.0872,1.9513,1.303,3.2062,0.6683,0.2015,0.135,0.3105,0.0593,0.0,0.0,0.0,0.0,0.4167,0.0,1.0,0.493,0.4167,0.0,1.0,0.493,0.041,0.0205,0.0585,0.0104,0.0165,0.0,0.0266,0.0096,2.0,2.0,2.0,0.0,2.3333,1.0,4.0,0.9428,0.0853,0.0365,0.1151,0.0209,0.6667,0.0,2.0,0.7454,0.3622,0.2375,0.4747,0.0977,0.5243,0.1892,0.8929,0.2297,0.6342,0.3281,1.0706,0.2283,0.2854,0.0834,0.7344,0.2204,200.9,86.56,286.36,62.2394,352.905,187.56,474.41,88.4536,0.316,0.224,0.4186,0.0586,0.211,0.2014,0.2211,0.0075,-0.1049,-0.1975,-0.0147,0.0544,1.0,68.75,0.0,12,4234.86,166.57,0.4186,0.2211,"[166.57, 227.28, 206.81, 86.56, 231.82, 286.36, 286.36, 231.82, 86.56, 206.81, 227.28]"
