shadow_name,subset,target,best_iou,mean_iou,std_iou,min_iou,n_runs,best_run,n_robots,arm_gap_m,seconds,best_shadow_png,q_rad_json,a_rot_deg,a_pitch_deg,a_elbow_deg,a_wristpitch_deg,a_wristroll_deg,a_grip_deg,b_rot_deg,b_pitch_deg,b_elbow_deg,b_wristpitch_deg,b_wristroll_deg,b_grip_deg,c_rot_deg,c_pitch_deg,c_elbow_deg,c_wristpitch_deg,c_wristroll_deg,c_grip_deg
abstract/hcircle_mpeg7-03,abstract,targets/abstract/hcircle_mpeg7-03.png,0.8321,0.7999,0.0177,0.7709,10,2,3,0.2,122.7,abstract/hcircle_mpeg7-03/hcircle_mpeg7-03_best.png,"[-1.900768, -0.157466, -0.717794, -1.657997, 1.496242, 0.010854, -1.913461, 0.541602, -0.96566, -1.65806, 1.643111, 0.123884, 1.039642, -0.234881, -1.055062, -0.850871, 1.316554, 0.647046]",-108.91,-9.02,-41.13,-95.0,85.73,0.62,-109.63,31.03,-55.33,-95.0,94.14,7.1,59.57,-13.46,-60.45,-48.75,75.43,37.07
abstract/hcircle_mpeg7-05,abstract,targets/abstract/hcircle_mpeg7-05.png,0.8222,0.7724,0.0249,0.7406,10,9,3,0.2,123.2,abstract/hcircle_mpeg7-05/hcircle_mpeg7-05_best.png,"[-1.873736, 0.772363, -1.3765, -1.65806, -2.328972, 0.387768, -1.474718, 0.5096, -1.645751, -1.031012, -0.715387, -0.105551, 1.179228, -0.605459, -1.38073, -1.076478, 2.674273, 1.742314]",-107.36,44.25,-78.87,-95.0,-133.44,22.22,-84.5,29.2,-94.29,-59.07,-40.99,-6.05,67.56,-34.69,-79.11,-61.68,153.22,99.83
abstract/hcircle_mpeg7-01,abstract,targets/abstract/hcircle_mpeg7-01.png,0.8168,0.7847,0.0175,0.7534,10,1,3,0.2,121.7,abstract/hcircle_mpeg7-01/hcircle_mpeg7-01_best.png,"[1.122872, -0.807908, -1.639775, 1.39808, 1.135726, 1.223329, -1.424421, 0.196016, -1.343745, -1.041006, 0.981253, 0.473706, -1.91986, 0.745971, -1.114744, -0.954663, 0.761949, 0.750674]",64.34,-46.29,-93.95,80.1,65.07,70.09,-81.61,11.23,-76.99,-59.65,56.22,27.14,-110.0,42.74,-63.87,-54.7,43.66,43.01
objects/jar_mpeg7-05,objects,targets/objects/jar_mpeg7-05.png,0.8148,0.7704,0.023,0.7366,10,2,3,0.2,85.8,objects/jar_mpeg7-05/jar_mpeg7-05_best.png,"[-1.818533, 0.10436, -1.087276, -1.465515, 1.436864, 0.501198, -1.91986, 0.842869, -1.573966, -0.715695, 0.781698, 0.621438, -1.111499, -0.331656, -0.472548, -1.240934, -0.489035, -0.173164]",-104.19,5.98,-62.3,-83.97,82.33,28.72,-110.0,48.29,-90.18,-41.01,44.79,35.61,-63.68,-19.0,-27.08,-71.1,-28.02,-9.92
abstract/hcircle_mpeg7-04,abstract,targets/abstract/hcircle_mpeg7-04.png,0.8114,0.789,0.0164,0.7609,10,2,3,0.2,123.5,abstract/hcircle_mpeg7-04/hcircle_mpeg7-04_best.png,"[-1.881957, -0.011643, -0.770194, -1.458975, 1.573103, 1.345116, -1.845582, -0.998806, -1.065147, 0.916163, -0.158294, 0.968053, 1.045315, -1.177502, -1.153445, 0.440707, 2.84121, 1.623337]",-107.83,-0.67,-44.13,-83.59,90.13,77.07,-105.74,-57.23,-61.03,52.49,-9.07,55.47,59.89,-67.47,-66.09,25.25,162.79,93.01
objects/jar_mpeg7-04,objects,targets/objects/jar_mpeg7-04.png,0.8069,0.7713,0.0208,0.742,10,2,3,0.2,85.1,objects/jar_mpeg7-04/jar_mpeg7-04_best.png,"[-1.811571, 0.251678, -1.05847, -1.469176, 1.251938, 0.393866, -1.91986, 0.778944, -1.397148, -0.855322, 0.414973, 1.743845, 1.86558, -0.899225, -1.344145, 0.948811, -0.954302, -0.083545]",-103.8,14.42,-60.65,-84.18,71.73,22.57,-110.0,44.63,-80.05,-49.01,23.78,99.91,106.89,-51.52,-77.01,54.36,-54.68,-4.79
objects/jar_mpeg7-01,objects,targets/objects/jar_mpeg7-01.png,0.8027,0.7684,0.0171,0.7461,10,3,3,0.2,85.2,objects/jar_mpeg7-01/jar_mpeg7-01_best.png,"[-1.919509, 0.248019, -1.142573, -1.372613, 1.330474, 1.446933, 1.656722, -0.987071, -1.497736, 1.648211, -0.884333, 0.095176, 0.785945, -1.386774, -0.890494, 0.797649, 1.271581, 0.722341]",-109.98,14.21,-65.46,-78.64,76.23,82.9,94.92,-56.56,-85.81,94.44,-50.67,5.45,45.03,-79.46,-51.02,45.7,72.86,41.39
figures/face_mpeg7-01,figures,targets/figures/face_mpeg7-01.png,0.7997,0.7619,0.0192,0.7242,10,3,3,0.2,86.2,figures/face_mpeg7-01/face_mpeg7-01_best.png,"[-1.91986, 0.546113, -1.293915, -1.506914, -0.174686, 1.491789, 1.91986, -0.344918, -1.69, 1.209796, -0.964111, 0.270068, 1.270034, -1.655667, 0.303082, 0.287781, 0.453576, 1.259947]",-110.0,31.29,-74.14,-86.34,-10.01,85.47,110.0,-19.76,-96.83,69.32,-55.24,15.47,72.77,-94.86,17.37,16.49,25.99,72.19
abstract/hcircle_mpeg7-02,abstract,targets/abstract/hcircle_mpeg7-02.png,0.796,0.7517,0.0251,0.7162,10,3,3,0.2,122.9,abstract/hcircle_mpeg7-02/hcircle_mpeg7-02_best.png,"[-1.91986, 0.335626, -0.758281, -1.588581, 0.686492, 1.107685, -1.423736, 0.419646, -1.216533, -1.33313, 2.657195, 0.058472, 1.126929, -0.816704, -0.909126, 0.731039, 1.351003, 1.198849]",-110.0,19.23,-43.45,-91.02,39.33,63.47,-81.57,24.04,-69.7,-76.38,152.25,3.35,64.57,-46.79,-52.09,41.89,77.41,68.69
letters_lower/r_dejavusans-bold,letters_lower,targets/letters_lower/r_dejavusans-bold.png,0.7905,0.7552,0.0193,0.7234,10,7,3,0.2,86.8,letters_lower/r_dejavusans-bold/r_dejavusans-bold_best.png,"[0.795176, -0.451441, -1.460926, -0.89396, 1.928961, -0.042748, 1.91986, -0.997716, -0.781046, 0.709365, -2.507813, 0.263776, 1.91986, -0.059015, -1.486353, -0.579503, -2.208747, 1.039691]",45.56,-25.87,-83.7,-51.22,110.52,-2.45,110.0,-57.16,-44.75,40.64,-143.69,15.11,110.0,-3.38,-85.16,-33.2,-126.55,59.57
abstract/comma_mpeg7-04,abstract,targets/abstract/comma_mpeg7-04.png,0.7898,0.7326,0.0289,0.6797,10,5,3,0.2,121.9,abstract/comma_mpeg7-04/comma_mpeg7-04_best.png,"[-1.919161, 0.361543, -0.671997, -0.951557, -2.32317, 0.034704, 1.265131, -1.283723, -0.778326, 0.601722, -1.90823, -0.115149, -0.337477, -0.571298, -1.242993, -0.065633, -2.366048, 0.580315]",-109.96,20.71,-38.5,-54.52,-133.11,1.99,72.49,-73.55,-44.59,34.48,-109.33,-6.6,-19.34,-32.73,-71.22,-3.76,-135.56,33.25
figures/face_mpeg7-02,figures,targets/figures/face_mpeg7-02.png,0.7891,0.7595,0.0162,0.7261,10,3,3,0.2,85.3,figures/face_mpeg7-02/face_mpeg7-02_best.png,"[-1.917548, 0.467862, -1.087072, -1.55067, 0.965838, 1.19877, 1.756585, -0.569849, -1.48777, 1.22577, -0.916053, -0.143195, 0.91968, -0.455053, -1.608013, -0.306603, -0.50239, -0.149683]",-109.87,26.81,-62.28,-88.85,55.34,68.68,100.64,-32.65,-85.24,70.23,-52.49,-8.2,52.69,-26.07,-92.13,-17.57,-28.78,-8.58
figures/face_mpeg7-03,figures,targets/figures/face_mpeg7-03.png,0.789,0.7609,0.0182,0.7355,10,2,3,0.2,85.1,figures/face_mpeg7-03/face_mpeg7-03_best.png,"[1.222333, -1.343997, -0.535523, 0.774309, -0.117498, 0.983954, -1.91986, 0.797646, -1.510862, -0.820352, 0.732586, 0.93624, 1.80065, -0.714085, -1.662224, 1.322419, -1.033634, 0.500686]",70.03,-77.01,-30.68,44.36,-6.73,56.38,-110.0,45.7,-86.57,-47.0,41.97,53.64,103.17,-40.91,-95.24,75.77,-59.22,28.69
figures/face_mpeg7-04,figures,targets/figures/face_mpeg7-04.png,0.7771,0.7531,0.0149,0.7268,10,3,3,0.2,84.5,figures/face_mpeg7-04/face_mpeg7-04_best.png,"[-1.784171, 0.45921, -1.183641, -0.48935, 0.894806, 1.74533, 1.767962, -0.487506, -1.69, 1.345083, -0.947403, -0.052395, -0.50084, -1.440751, -0.614088, 0.777527, 1.030227, 0.474773]",-102.23,26.31,-67.82,-28.04,51.27,100.0,101.3,-27.93,-96.83,77.07,-54.28,-3.0,-28.7,-82.55,-35.18,44.55,59.03,27.2
abstract/comma_mpeg7-02,abstract,targets/abstract/comma_mpeg7-02.png,0.774,0.7318,0.0251,0.6876,10,8,3,0.2,122.2,abstract/comma_mpeg7-02/comma_mpeg7-02_best.png,"[-0.912593, -0.882838, -1.378883, 0.219606, 2.460605, 1.348065, -0.953448, -1.365162, -1.327681, 1.201647, -2.156221, 0.101738, -0.723969, -0.701215, -1.010644, -0.561824, 2.031503, 1.107317]",-52.29,-50.58,-79.0,12.58,140.98,77.24,-54.63,-78.22,-76.07,68.85,-123.54,5.83,-41.48,-40.18,-57.91,-32.19,116.4,63.44
abstract/comma_mpeg7-01,abstract,targets/abstract/comma_mpeg7-01.png,0.7728,0.7215,0.0225,0.6874,10,4,3,0.2,123.1,abstract/comma_mpeg7-01/comma_mpeg7-01_best.png,"[1.253981, -1.166521, -1.438446, 0.515457, 2.799304, 1.190785, 0.41829, -0.806892, -0.696557, -1.008031, -0.98266, -0.128722, -0.937654, -1.74533, -0.792555, 0.737634, -1.410456, 0.672828]",71.85,-66.84,-82.42,29.53,160.39,68.23,23.97,-46.23,-39.91,-57.76,-56.3,-7.38,-53.72,-100.0,-45.41,42.26,-80.81,38.55
letters_upper/L_dejavusans-bold,letters_upper,targets/letters_upper/L_dejavusans-bold.png,0.7706,0.7293,0.0261,0.6859,10,1,3,0.2,124.2,letters_upper/L_dejavusans-bold/L_dejavusans-bold_best.png,"[1.653193, -1.111017, -0.162104, 0.396631, -1.141946, -0.146812, -1.014337, -1.35331, -1.648561, -0.667241, -1.607752, -0.078414, -1.090309, 0.241755, -1.69, -0.311476, 1.986224, 0.950178]",94.72,-63.66,-9.29,22.73,-65.43,-8.41,-58.12,-77.54,-94.46,-38.23,-92.12,-4.49,-62.47,13.85,-96.83,-17.85,113.8,54.44
hand_shadow/chicken_hasper-01,hand_shadow,targets/hand_shadow/chicken_hasper-01.png,0.7699,0.7252,0.0194,0.7053,10,1,3,0.2,85.0,hand_shadow/chicken_hasper-01/chicken_hasper-01_best.png,"[-1.660565, 0.21135, -1.183779, 0.609309, -1.856068, 1.356743, -1.291968, 0.529029, -1.603792, -1.253069, 0.36443, 0.103185, -1.91986, -0.133557, -0.26585, -0.456487, 1.623841, 0.955961]",-95.14,12.11,-67.83,34.91,-106.34,77.74,-74.02,30.31,-91.89,-71.8,20.88,5.91,-110.0,-7.65,-15.23,-26.15,93.04,54.77
figures/face_mpeg7-05,figures,targets/figures/face_mpeg7-05.png,0.7627,0.7339,0.0176,0.6925,10,7,3,0.2,83.8,figures/face_mpeg7-05/face_mpeg7-05_best.png,"[1.28974, -1.598175, -0.398664, -0.14191, 2.821016, 0.096762, 0.916528, -0.414891, -0.87939, -1.17361, -1.268808, 1.275809, -0.392168, -1.291504, -0.846229, 0.980312, 1.593197, 1.082917]",73.9,-91.57,-22.84,-8.13,161.63,5.54,52.51,-23.77,-50.39,-67.24,-72.7,73.1,-22.47,-74.0,-48.49,56.17,91.28,62.05
objects/bell_mpeg7-04,objects,targets/objects/bell_mpeg7-04.png,0.7581,0.7204,0.0256,0.6611,10,7,3,0.2,88.0,objects/bell_mpeg7-04/bell_mpeg7-04_best.png,"[1.223921, -1.54151, -0.622617, 0.938314, 2.535776, -0.174533, -1.164354, -0.019043, -1.618793, -0.869535, -0.269903, 1.524327, 0.83046, -1.683268, -0.960297, 1.62, 1.35338, 1.095685]",70.13,-88.32,-35.67,53.76,145.29,-10.0,-66.71,-1.09,-92.75,-49.82,-15.46,87.34,47.58,-96.44,-55.02,92.82,77.54,62.78
letters_upper/I_dejavusans-bold,letters_upper,targets/letters_upper/I_dejavusans-bold.png,0.7578,0.7383,0.0156,0.7053,10,4,3,0.2,124.4,letters_upper/I_dejavusans-bold/I_dejavusans-bold_best.png,"[-1.052706, -1.115261, -0.518254, 0.291798, -0.452913, 0.600245, -0.549261, -1.137722, -0.46199, 0.242867, -0.07254, 0.709217, 1.162272, -1.538845, 0.011212, -0.115015, 2.823821, 0.182549]",-60.32,-63.9,-29.69,16.72,-25.95,34.39,-31.47,-65.19,-26.47,13.92,-4.16,40.64,66.59,-88.17,0.64,-6.59,161.79,10.46
objects/bottle_mpeg7-02,objects,targets/objects/bottle_mpeg7-02.png,0.754,0.7167,0.0295,0.6568,10,0,3,0.2,84.7,objects/bottle_mpeg7-02/bottle_mpeg7-02_best.png,"[-1.098407, -1.341436, -0.137503, -0.783416, 2.837891, 1.382217, -1.071974, -1.728708, -0.200857, 0.667907, -0.411168, 1.350208, 1.861737, -0.000692, 0.084268, 0.364567, 0.085772, 0.764267]",-62.93,-76.86,-7.88,-44.89,162.6,79.2,-61.42,-99.05,-11.51,38.27,-23.56,77.36,106.67,-0.04,4.83,20.89,4.91,43.79
objects/bell_mpeg7-02,objects,targets/objects/bell_mpeg7-02.png,0.7461,0.6946,0.0354,0.6302,10,7,3,0.2,87.9,objects/bell_mpeg7-02/bell_mpeg7-02_best.png,"[1.303961, -1.249956, -1.336853, 0.537621, 2.800987, -0.001067, 1.91986, -1.038058, -0.50365, 0.843979, -1.032058, 0.504054, 0.881668, -1.620993, -1.168085, 1.457065, 1.535151, 0.747625]",74.71,-71.62,-76.6,30.8,160.48,-0.06,110.0,-59.48,-28.86,48.36,-59.13,28.88,50.52,-92.88,-66.93,83.48,87.96,42.84
objects/bell_mpeg7-03,objects,targets/objects/bell_mpeg7-03.png,0.7448,0.7168,0.0229,0.6766,10,4,3,0.2,87.7,objects/bell_mpeg7-03/bell_mpeg7-03_best.png,"[1.052566, -0.857493, -1.658704, 1.614648, 2.716053, 1.74533, 1.91986, -1.066192, -0.390663, 0.577603, 2.251847, 0.377803, -1.004448, -1.542452, -1.402346, 0.319524, 0.33007, 1.5248]",60.31,-49.13,-95.04,92.51,155.62,100.0,110.0,-61.09,-22.38,33.09,129.02,21.65,-57.55,-88.38,-80.35,18.31,18.91,87.36
abstract/comma_mpeg7-05,abstract,targets/abstract/comma_mpeg7-05.png,0.7443,0.7267,0.0244,0.6588,10,6,3,0.2,122.9,abstract/comma_mpeg7-05/comma_mpeg7-05_best.png,"[-0.471995, -0.746994, -1.562108, 1.65806, 0.685548, 1.729837, -0.81135, -0.741279, -1.103793, -0.748686, -1.473358, 1.510667, -0.783055, -1.517388, -0.949102, 1.314428, 0.57799, 0.241036]",-27.04,-42.8,-89.5,95.0,39.28,99.11,-46.49,-42.47,-63.24,-42.9,-84.42,86.55,-44.87,-86.94,-54.38,75.31,33.12,13.81
letters_lower/l_dejavuserif-bold,letters_lower,targets/letters_lower/l_dejavuserif-bold.png,0.7423,0.7076,0.0187,0.6668,10,6,3,0.2,85.7,letters_lower/l_dejavuserif-bold/l_dejavuserif-bold_best.png,"[-0.5375, -0.982701, -0.42708, -0.35233, -1.867802, 1.531616, 1.91986, 0.58618, -1.634655, -1.338489, -1.786709, 0.663825, -1.342558, -1.460551, -1.69, 0.489501, -2.581576, 1.173509]",-30.8,-56.3,-24.47,-20.19,-107.02,87.76,110.0,33.59,-93.66,-76.69,-102.37,38.03,-76.92,-83.68,-96.83,28.05,-147.91,67.24
objects/spoon_mpeg7-04,objects,targets/objects/spoon_mpeg7-04.png,0.7406,0.6683,0.0472,0.5844,10,7,3,0.2,88.8,objects/spoon_mpeg7-04/spoon_mpeg7-04_best.png,"[-1.657952, -1.466646, 0.561315, 0.937133, -1.981105, 0.560663, -0.328983, -0.489108, -1.680085, -0.076828, 2.004521, 1.200178, 1.138312, -0.161361, 0.334333, 1.030648, -1.190185, 1.256893]",-94.99,-84.03,32.16,53.69,-113.51,32.12,-18.85,-28.02,-96.26,-4.4,114.85,68.77,65.22,-9.25,19.16,59.05,-68.19,72.01
letters_lower/r_dejavusansmono-bold,letters_lower,targets/letters_lower/r_dejavusansmono-bold.png,0.7405,0.7197,0.0176,0.6833,10,4,3,0.2,85.5,letters_lower/r_dejavusansmono-bold/r_dejavusansmono-bold_best.png,"[1.528991, -0.537008, -1.594208, 1.586322, -0.256721, -0.174533, 0.589062, -0.292183, -1.618622, -0.693822, -1.396064, 0.762344, 1.349935, -0.245696, 0.519677, 1.64124, -1.767686, 0.361447]",87.6,-30.77,-91.34,90.89,-14.71,-10.0,33.75,-16.74,-92.74,-39.75,-79.99,43.68,77.35,-14.08,29.78,94.04,-101.28,20.71
letters_lower/l_dejavusans-bold,letters_lower,targets/letters_lower/l_dejavusans-bold.png,0.7401,0.7211,0.0108,0.702,10,5,3,0.2,86.9,letters_lower/l_dejavusans-bold/l_dejavusans-bold_best.png,"[1.846471, 0.629304, -1.637996, -1.200281, 2.510178, 0.401859, 1.91986, 0.359125, -1.53564, -0.023151, -2.74385, -0.140426, -0.47921, -1.316321, 0.282075, -1.150713, -1.411601, 0.581465]",105.79,36.06,-93.85,-68.77,143.82,23.02,110.0,20.58,-87.99,-1.33,-157.21,-8.05,-27.46,-75.42,16.16,-65.93,-80.88,33.32
letters_upper/Y_dejavusans-bold,letters_upper,targets/letters_upper/Y_dejavusans-bold.png,0.7377,0.7056,0.0191,0.6809,10,6,3,0.2,122.4,letters_upper/Y_dejavusans-bold/Y_dejavusans-bold_best.png,"[0.615291, -0.949011, -0.366242, 0.576096, -1.534854, 0.56811, 0.280566, -0.605595, -1.353717, -0.47925, -2.072044, 1.702542, 0.252937, -1.081406, -0.723152, -0.076485, 0.771525, 1.388292]",35.25,-54.37,-20.98,33.01,-87.94,32.55,16.08,-34.7,-77.56,-27.46,-118.72,97.55,14.49,-61.96,-41.43,-4.38,44.21,79.54
abstract/device4_mpeg7-03,abstract,targets/abstract/device4_mpeg7-03.png,0.7355,0.6649,0.0338,0.6166,10,8,3,0.2,121.0,abstract/device4_mpeg7-03/device4_mpeg7-03_best.png,"[1.334392, -0.900318, -1.298785, -0.515834, -0.510866, 1.676822, 1.025062, -1.012498, -1.533493, -1.65806, -1.98464, 1.316995, -1.299122, 0.988764, -1.69, -1.576139, -0.790122, 0.108976]",76.46,-51.58,-74.41,-29.56,-29.27,96.07,58.73,-58.01,-87.86,-95.0,-113.71,75.46,-74.43,56.65,-96.83,-90.31,-45.27,6.24
abstract/device4_mpeg7-02,abstract,targets/abstract/device4_mpeg7-02.png,0.7351,0.7024,0.0215,0.6639,10,9,3,0.2,123.0,abstract/device4_mpeg7-02/device4_mpeg7-02_best.png,"[1.057365, -1.686218, -0.284492, 1.291411, -0.376087, 0.618281, 1.687678, -0.813727, -1.666849, -1.546941, 1.412208, 0.709388, -0.882386, -1.323296, -1.54296, -1.097798, 2.057825, 0.608196]",60.58,-96.61,-16.3,73.99,-21.55,35.42,96.7,-46.62,-95.5,-88.63,80.91,40.64,-50.56,-75.82,-88.41,-62.9,117.9,34.85
objects/bell_mpeg7-01,objects,targets/objects/bell_mpeg7-01.png,0.7351,0.7165,0.0162,0.6849,10,1,3,0.2,87.0,objects/bell_mpeg7-01/bell_mpeg7-01_best.png,"[0.924403, -0.397259, -1.69, -1.65806, -0.192752, 0.228254, -1.223259, 0.088452, -0.899791, -1.286336, 1.333033, 1.183881, -0.527601, -1.006694, -0.765541, 0.867568, -1.743741, 0.879003]",52.96,-22.76,-96.83,-95.0,-11.04,13.08,-70.09,5.07,-51.55,-73.7,76.38,67.83,-30.23,-57.68,-43.86,49.71,-99.91,50.36
letters_upper/L_dejavusansmono-bold,letters_upper,targets/letters_upper/L_dejavusansmono-bold.png,0.7327,0.7157,0.0165,0.6838,10,1,3,0.2,122.7,letters_upper/L_dejavusansmono-bold/L_dejavusansmono-bold_best.png,"[-1.708627, -0.523361, -1.579741, 1.130417, -2.74385, 1.07418, -1.05612, -1.338344, -1.69, -0.767859, -1.803933, 0.933477, -1.912386, -1.670824, -0.100952, 0.874415, -0.07201, 1.58863]",-97.9,-29.99,-90.51,64.77,-157.21,61.55,-60.51,-76.68,-96.83,-44.0,-103.36,53.48,-109.57,-95.73,-5.78,50.1,-4.13,91.02
letters_upper/V_dejavusansmono-bold,letters_upper,targets/letters_upper/V_dejavusansmono-bold.png,0.7318,0.7021,0.0189,0.6796,10,5,3,0.2,125.4,letters_upper/V_dejavusansmono-bold/V_dejavusansmono-bold_best.png,"[0.632133, -0.665097, -0.629363, 0.173428, 1.057711, 0.142489, 0.972033, -1.202467, -1.099938, 0.561357, -1.965024, -0.063184, 0.056913, -1.335913, -0.498516, -0.037232, -1.707564, 0.809198]",36.22,-38.11,-36.06,9.94,60.6,8.16,55.69,-68.9,-63.02,32.16,-112.59,-3.62,3.26,-76.54,-28.56,-2.13,-97.84,46.36
objects/bottle_mpeg7-04,objects,targets/objects/bottle_mpeg7-04.png,0.7317,0.6778,0.0256,0.6382,10,4,3,0.2,85.2,objects/bottle_mpeg7-04/bottle_mpeg7-04_best.png,"[-1.325696, -1.474993, -0.322447, 0.53718, 0.091005, -0.053756, 1.759504, 0.921718, -1.69, 0.758491, 0.316266, 0.705573, -1.290257, -1.663792, -1.594081, 0.853525, 0.021092, 0.741777]",-75.96,-84.51,-18.47,30.78,5.21,-3.08,100.81,52.81,-96.83,43.46,18.12,40.43,-73.93,-95.33,-91.33,48.9,1.21,42.5
objects/bell_mpeg7-05,objects,targets/objects/bell_mpeg7-05.png,0.7293,0.6907,0.0226,0.6475,10,3,3,0.2,88.8,objects/bell_mpeg7-05/bell_mpeg7-05_best.png,"[-1.910137, 0.348886, -1.00328, -1.46149, 0.925705, 1.588703, 1.91986, -0.943409, -0.289272, 0.251139, 2.80614, 1.685003, -0.885757, -1.67961, -0.976657, -0.857808, 0.171585, -0.020328]",-109.44,19.99,-57.48,-83.74,53.04,91.03,110.0,-54.05,-16.57,14.39,160.78,96.54,-50.75,-96.23,-55.96,-49.15,9.83,-1.16
letters_upper/D_dejavusansmono-bold,letters_upper,targets/letters_upper/D_dejavusansmono-bold.png,0.7277,0.6804,0.0265,0.647,10,8,3,0.2,123.9,letters_upper/D_dejavusansmono-bold/D_dejavusansmono-bold_best.png,"[1.070937, -0.175081, -1.284247, -1.217654, -1.423464, 1.638558, -0.324384, -1.250571, -0.867792, 0.910502, -2.159328, -0.152414, -0.88152, -1.382094, -1.69, 1.527637, 0.781097, -0.174533]",61.36,-10.03,-73.58,-69.77,-81.56,93.88,-18.59,-71.65,-49.72,52.17,-123.72,-8.73,-50.51,-79.19,-96.83,87.53,44.75,-10.0
abstract/comma_mpeg7-03,abstract,targets/abstract/comma_mpeg7-03.png,0.7276,0.6776,0.025,0.6431,10,4,3,0.2,122.8,abstract/comma_mpeg7-03/comma_mpeg7-03_best.png,"[1.070997, -1.23014, -0.927012, 0.482999, 2.812564, 1.284471, -1.889131, 0.637263, -0.988012, -1.038281, -1.990712, 0.050083, -0.884105, -1.183579, -0.353832, 0.232439, 1.887084, 1.414274]",61.36,-70.48,-53.11,27.67,161.15,73.59,-108.24,36.51,-56.61,-59.49,-114.06,2.87,-50.66,-67.81,-20.27,13.32,108.12,81.03
objects/cup_mpeg7-02,objects,targets/objects/cup_mpeg7-02.png,0.7271,0.6894,0.0284,0.6518,10,9,3,0.2,87.7,objects/cup_mpeg7-02/cup_mpeg7-02_best.png,"[0.667655, -0.585608, -0.747404, -1.454613, -0.953496, 0.911846, -1.177033, 0.562964, -1.689156, -0.962988, -1.326075, -0.055076, 1.039997, -1.482808, -0.392622, 0.801473, 1.903505, 0.507285]",38.25,-33.55,-42.82,-83.34,-54.63,52.24,-67.44,32.26,-96.78,-55.18,-75.98,-3.16,59.59,-84.96,-22.5,45.92,109.06,29.07
letters_upper/I_dejavuserif-bold,letters_upper,targets/letters_upper/I_dejavuserif-bold.png,0.7269,0.7062,0.0163,0.6789,10,6,3,0.2,123.0,letters_upper/I_dejavuserif-bold/I_dejavuserif-bold_best.png,"[1.201972, -1.657932, -0.114459, 0.416118, 2.84121, 0.016232, 0.836584, -0.807171, -1.132218, 0.654193, 2.564378, 0.854868, 0.678613, -1.421532, -0.118646, 0.380211, 0.063134, 0.72554]",68.87,-94.99,-6.56,23.84,162.79,0.93,47.93,-46.25,-64.87,37.48,146.93,48.98,38.88,-81.45,-6.8,21.78,3.62,41.57
objects/bottle_mpeg7-01,objects,targets/objects/bottle_mpeg7-01.png,0.7259,0.6817,0.0307,0.6315,10,9,3,0.2,85.3,objects/bottle_mpeg7-01/bottle_mpeg7-01_best.png,"[1.215975, -1.74533, -0.047531, -0.015862, -2.713521, 1.728273, 1.894048, 0.018882, -0.445461, -0.938786, 0.028069, 1.117887, 1.673829, 0.899591, -1.383562, -1.312628, 0.023813, 0.568267]",69.67,-100.0,-2.72,-0.91,-155.47,99.02,108.52,1.08,-25.52,-53.79,1.61,64.05,95.9,51.54,-79.27,-75.21,1.36,32.56
abstract/device5_mpeg7-02,abstract,targets/abstract/device5_mpeg7-02.png,0.7241,0.6533,0.0334,0.5998,10,8,3,0.2,121.5,abstract/device5_mpeg7-02/device5_mpeg7-02_best.png,"[1.023115, -0.754728, -1.448381, -1.381904, -1.810449, 0.107104, -0.870082, -0.890921, -0.266356, 1.289146, -2.198942, -0.156948, -1.898287, 0.189681, -1.251465, 0.02125, -0.17668, 1.034609]",58.62,-43.24,-82.99,-79.18,-103.73,6.14,-49.85,-51.05,-15.26,73.86,-125.99,-8.99,-108.76,10.87,-71.7,1.22,-10.12,59.28
abstract/device8_mpeg7-03,abstract,targets/abstract/device8_mpeg7-03.png,0.7239,0.6749,0.0249,0.6465,10,7,3,0.2,123.6,abstract/device8_mpeg7-03/device8_mpeg7-03_best.png,"[1.013716, -0.820381, -1.383571, -0.515379, 2.164848, -0.173109, -0.995, -0.786745, -0.841672, -0.505292, -1.821723, 1.520917, -0.631833, -0.390187, -1.219957, 0.99965, -2.339994, 0.82473]",58.08,-47.0,-79.27,-29.53,124.04,-9.92,-57.01,-45.08,-48.22,-28.95,-104.38,87.14,-36.2,-22.36,-69.9,57.28,-134.07,47.25
digits/0_dejavusans-bold,digits,targets/digits/0_dejavusans-bold.png,0.7235,0.6846,0.0392,0.573,10,3,3,0.2,122.9,digits/0_dejavusans-bold/0_dejavusans-bold_best.png,"[-1.91986, 0.619879, -1.001514, -0.995665, 0.770308, 1.735319, 0.392129, -0.20836, -1.364089, -0.976558, 1.692623, 0.646736, 0.461978, 0.279607, -1.69, -0.77245, 0.75966, 0.563238]",-110.0,35.52,-57.38,-57.05,44.14,99.43,22.47,-11.94,-78.16,-55.95,96.98,37.06,26.47,16.02,-96.83,-44.26,43.53,32.27
letters_lower/o_dejavusansmono-bold,letters_lower,targets/letters_lower/o_dejavusansmono-bold.png,0.7232,0.6627,0.0295,0.6238,10,8,3,0.2,85.4,letters_lower/o_dejavusansmono-bold/o_dejavusansmono-bold_best.png,"[0.616799, -0.238826, -1.139573, -1.472643, -1.182383, 0.831787, 0.810036, -1.098927, -1.64852, 1.276048, 1.68416, 0.065058, 0.77539, -0.936386, 1.161347, -1.271855, -1.931251, 1.145976]",35.34,-13.68,-65.29,-84.38,-67.75,47.66,46.41,-62.96,-94.45,73.11,96.5,3.73,44.43,-53.65,66.54,-72.87,-110.65,65.66
letters_upper/V_dejavusans-bold,letters_upper,targets/letters_upper/V_dejavusans-bold.png,0.7227,0.6964,0.0215,0.6616,10,1,3,0.2,124.7,letters_upper/V_dejavusans-bold/V_dejavusans-bold_best.png,"[-0.971048, -0.76236, -0.215569, -0.021182, -1.798226, 1.543035, 0.750566, -0.87069, -1.446983, 0.214251, -2.594536, 0.981957, -0.405552, -1.332509, -0.758846, 0.064977, -1.535842, 0.182633]",-55.64,-43.68,-12.35,-1.21,-103.03,88.41,43.0,-49.89,-82.91,12.28,-148.66,56.26,-23.24,-76.35,-43.48,3.72,-88.0,10.46
letters_upper/J_dejavusans-bold,letters_upper,targets/letters_upper/J_dejavusans-bold.png,0.7212,0.6589,0.0484,0.559,10,7,3,0.2,123.5,letters_upper/J_dejavusans-bold/J_dejavusans-bold_best.png,"[1.873131, 0.550074, -1.498709, -0.800082, 2.539695, 0.671026, -1.23131, -1.342719, -0.64006, 0.283614, 2.799637, 1.106464, 1.408439, -1.599897, 1.478982, 0.527338, -1.209145, 0.506517]",107.32,31.52,-85.87,-45.84,145.51,38.45,-70.55,-76.93,-36.67,16.25,160.41,63.4,80.7,-91.67,84.74,30.21,-69.28,29.02
letters_upper/L_dejavuserif-bold,letters_upper,targets/letters_upper/L_dejavuserif-bold.png,0.7201,0.6727,0.0286,0.6316,10,7,3,0.2,122.6,letters_upper/L_dejavuserif-bold/L_dejavuserif-bold_best.png,"[1.609461, -0.457845, -0.95499, -1.33146, 1.730867, 0.650467, 1.813186, -1.327059, -0.310011, 0.497889, -1.008813, 0.930387, -0.736983, -1.629937, -1.687544, 0.755582, 1.062489, 1.491171]",92.22,-26.23,-54.72,-76.29,99.17,37.27,103.89,-76.03,-17.76,28.53,-57.8,53.31,-42.23,-93.39,-96.69,43.29,60.88,85.44
letters_upper/Y_dejavusansmono-bold,letters_upper,targets/letters_upper/Y_dejavusansmono-bold.png,0.7189,0.6904,0.0232,0.6526,10,8,3,0.2,122.8,letters_upper/Y_dejavusansmono-bold/Y_dejavusansmono-bold_best.png,"[-0.770533, -0.81225, -1.189488, -0.144899, 1.874257, 1.515316, 0.615794, -0.766707, -0.616186, 0.455813, -1.754566, 1.642128, -0.894286, -1.530719, 0.002576, -0.897462, 2.321747, 0.896077]",-44.15,-46.54,-68.15,-8.3,107.39,86.82,35.28,-43.93,-35.3,26.12,-100.53,94.09,-51.24,-87.7,0.15,-51.42,133.03,51.34
letters_lower/f_dejavusans-bold,letters_lower,targets/letters_lower/f_dejavusans-bold.png,0.7186,0.7026,0.0134,0.6753,10,7,3,0.2,85.4,letters_lower/f_dejavusans-bold/f_dejavusans-bold_best.png,"[0.941392, -0.922097, -0.675856, -0.666052, 2.613337, 0.377986, 0.934492, -1.124627, -0.425185, 1.206846, -0.809546, 0.641925, -0.469649, -0.752441, -0.767041, -1.583885, -0.573123, -0.109772]",53.94,-52.83,-38.72,-38.16,149.73,21.66,53.54,-64.44,-24.36,69.15,-46.38,36.78,-26.91,-43.11,-43.95,-90.75,-32.84,-6.29
letters_lower/v_dejavusansmono-bold,letters_lower,targets/letters_lower/v_dejavusansmono-bold.png,0.7182,0.6983,0.0161,0.6629,10,8,3,0.2,86.1,letters_lower/v_dejavusansmono-bold/v_dejavusansmono-bold_best.png,"[1.076007, -1.01925, 0.094342, -0.000781, -2.037152, 0.974815, 0.960298, -0.975028, -1.318677, -0.003804, -1.42274, -0.174533, -0.72291, -1.547321, -0.596083, 0.359785, -0.577575, 0.404204]",61.65,-58.4,5.41,-0.04,-116.72,55.85,55.02,-55.86,-75.55,-0.22,-81.52,-10.0,-41.42,-88.65,-34.15,20.61,-33.09,23.16
animals/butterfly_mpeg7-05,animals,targets/animals/butterfly_mpeg7-05.png,0.7175,0.6789,0.0257,0.6223,10,0,3,0.2,125.0,animals/butterfly_mpeg7-05/butterfly_mpeg7-05_best.png,"[-0.873702, -0.74087, 0.238185, -1.634789, 2.158971, 1.170662, 1.039431, -1.057916, -1.275616, -1.424819, -2.697777, 1.157443, 1.641876, -0.946527, -0.131445, -1.245037, 2.523063, 0.898402]",-50.06,-42.45,13.65,-93.67,123.7,67.07,59.56,-60.61,-73.09,-81.64,-154.57,66.32,94.07,-54.23,-7.53,-71.34,144.56,51.47
letters_lower/b_dejavusans-bold,letters_lower,targets/letters_lower/b_dejavusans-bold.png,0.7171,0.6635,0.0299,0.6169,10,0,3,0.2,86.8,letters_lower/b_dejavusans-bold/b_dejavusans-bold_best.png,"[1.744357, -1.401524, -0.449086, 0.761401, 0.197665, 0.815632, 0.896921, -1.247336, -1.57759, 1.419728, 1.455937, 1.206099, -0.357352, -0.206431, -1.552488, -1.418272, 1.167311, 0.535019]",99.94,-80.3,-25.73,43.63,11.33,46.73,51.39,-71.47,-90.39,81.34,83.42,69.1,-20.47,-11.83,-88.95,-81.26,66.88,30.65
letters_lower/u_dejavusansmono-bold,letters_lower,targets/letters_lower/u_dejavusansmono-bold.png,0.7161,0.6468,0.0386,0.5694,10,3,3,0.2,86.1,letters_lower/u_dejavusansmono-bold/u_dejavusansmono-bold_best.png,"[-1.91986, 0.316713, -0.389479, -1.280788, 0.928034, 0.28067, -1.312895, -0.058098, -0.58636, -1.317977, -0.98984, -0.174533, 0.873858, -1.136494, 1.302992, -1.04644, 2.693807, 0.318223]",-110.0,18.15,-22.32,-73.38,53.17,16.08,-75.22,-3.33,-33.6,-75.51,-56.71,-10.0,50.07,-65.12,74.66,-59.96,154.34,18.23
objects/cup_mpeg7-03,objects,targets/objects/cup_mpeg7-03.png,0.7159,0.6915,0.0166,0.6593,10,5,3,0.2,86.5,objects/cup_mpeg7-03/cup_mpeg7-03_best.png,"[-1.91986, 0.524296, -1.43619, -1.330385, -1.771331, 0.371727, 1.612767, -1.307331, -0.743335, -0.230303, 2.496456, 0.151864, 0.81385, 0.525267, -1.644274, -0.622571, -1.069843, 0.376795]",-110.0,30.04,-82.29,-76.23,-101.49,21.3,92.4,-74.9,-42.59,-13.2,143.04,8.7,46.63,30.1,-94.21,-35.67,-61.3,21.59
objects/bottle_mpeg7-05,objects,targets/objects/bottle_mpeg7-05.png,0.7156,0.6614,0.0359,0.61,10,3,3,0.2,86.4,objects/bottle_mpeg7-05/bottle_mpeg7-05_best.png,"[-1.153145, -1.505251, -0.280727, 0.110721, -0.145835, 0.324649, -1.27213, -1.223621, -0.651092, -0.513406, 0.388533, -0.098279, -1.316942, -1.706634, -0.993246, 0.489905, -0.701048, 0.970071]",-66.07,-86.24,-16.08,6.34,-8.36,18.6,-72.89,-70.11,-37.3,-29.42,22.26,-5.63,-75.46,-97.78,-56.91,28.07,-40.17,55.58
letters_upper/O_dejavusansmono-bold,letters_upper,targets/letters_upper/O_dejavusansmono-bold.png,0.7139,0.6753,0.0226,0.6355,10,6,3,0.2,122.4,letters_upper/O_dejavusansmono-bold/O_dejavusansmono-bold_best.png,"[0.586568, -1.274432, -0.800231, 0.97755, -1.510839, 0.18259, 0.789332, -0.030135, -1.489138, -0.916868, 2.823518, -0.174533, -0.085914, -1.434356, 1.275535, -1.65806, 1.76051, 0.821298]",33.61,-73.02,-45.85,56.01,-86.56,10.46,45.23,-1.73,-85.32,-52.53,161.78,-10.0,-4.92,-82.18,73.08,-95.0,100.87,47.06
letters_lower/d_dejavusans-bold,letters_lower,targets/letters_lower/d_dejavusans-bold.png,0.7137,0.6565,0.0248,0.6194,10,6,3,0.2,85.3,letters_lower/d_dejavusans-bold/d_dejavusans-bold_best.png,"[0.650542, -1.74533, -0.110353, 0.345501, -1.306242, 0.075565, 0.72698, 0.020141, -1.670718, -1.65806, 1.599377, 0.765376, 0.504191, -1.308098, 1.541319, -1.423991, 1.401379, -0.050163]",37.27,-100.0,-6.32,19.8,-74.84,4.33,41.65,1.15,-95.73,-95.0,91.64,43.85,28.89,-74.95,88.31,-81.59,80.29,-2.87
letters_lower/v_dejavusans-bold,letters_lower,targets/letters_lower/v_dejavusans-bold.png,0.7126,0.6901,0.0151,0.6624,10,9,3,0.2,86.3,letters_lower/v_dejavusans-bold/v_dejavusans-bold_best.png,"[-0.952622, -0.792624, -0.223436, 0.151103, 2.368752, 0.747554, 0.628128, -0.926015, -1.129812, -0.23406, 1.504729, 1.205188, -0.434856, -1.551844, -0.427243, 0.224508, -0.790231, -0.149798]",-54.58,-45.41,-12.8,8.66,135.72,42.83,35.99,-53.06,-64.73,-13.41,86.21,69.05,-24.92,-88.91,-24.48,12.86,-45.28,-8.58
objects/apple_mpeg7-01,objects,targets/objects/apple_mpeg7-01.png,0.71,0.6849,0.0172,0.652,10,7,3,0.2,90.6,objects/apple_mpeg7-01/apple_mpeg7-01_best.png,"[1.299437, -1.291547, -1.128852, 0.024595, 2.682835, 0.385137, 1.91986, -0.955129, -1.362803, 1.59183, -1.365498, 1.522883, 0.868377, -1.665657, -0.996014, 0.913335, 2.01912, 1.558035]",74.45,-74.0,-64.68,1.41,153.72,22.07,110.0,-54.72,-78.08,91.21,-78.24,87.25,49.75,-95.44,-57.07,52.33,115.69,89.27
figures/children_mpeg7-01,figures,targets/figures/children_mpeg7-01.png,0.7065,0.6744,0.0243,0.6256,10,0,3,0.2,86.7,figures/children_mpeg7-01/children_mpeg7-01_best.png,"[-0.715217, -1.020805, -0.338924, -0.401864, 0.661989, 0.054444, -1.253463, -1.574983, -0.69981, 0.426995, -0.309906, 1.666536, 1.732612, 1.672609, -1.676554, -1.648056, 0.702894, 0.188662]",-40.98,-58.49,-19.42,-23.03,37.93,3.12,-71.82,-90.24,-40.1,24.47,-17.76,95.49,99.27,95.83,-96.06,-94.43,40.27,10.81
abstract/misk_mpeg7-03,abstract,targets/abstract/misk_mpeg7-03.png,0.706,0.6833,0.0188,0.6559,10,3,3,0.2,123.4,abstract/misk_mpeg7-03/misk_mpeg7-03_best.png,"[-1.875109, 0.235987, -1.096008, 0.558526, -0.824444, 1.413795, 1.74759, -0.667562, -1.580523, 1.049406, 1.850716, 1.74533, -0.612018, -1.603285, -0.573572, 0.622708, 0.337612, 0.14624]",-107.44,13.52,-62.8,32.0,-47.24,81.0,100.13,-38.25,-90.56,60.13,106.04,100.0,-35.07,-91.86,-32.86,35.68,19.34,8.38
abstract/misk_mpeg7-02,abstract,targets/abstract/misk_mpeg7-02.png,0.7058,0.6696,0.02,0.6439,10,3,3,0.2,122.8,abstract/misk_mpeg7-02/misk_mpeg7-02_best.png,"[-1.882708, -0.003057, -0.718143, -1.46955, 0.949152, 1.656668, -0.557904, -1.270977, -0.725767, 0.180883, 2.84121, 1.217911, 1.835987, -1.410036, -0.675894, 1.173333, 2.221586, 0.65269]",-107.87,-0.18,-41.15,-84.2,54.38,94.92,-31.97,-72.82,-41.58,10.36,162.79,69.78,105.19,-80.79,-38.73,67.23,127.29,37.4
figures/children_mpeg7-05,figures,targets/figures/children_mpeg7-05.png,0.7048,0.6753,0.0203,0.6358,10,7,3,0.2,85.0,figures/children_mpeg7-05/children_mpeg7-05_best.png,"[0.115991, -0.965798, -0.658617, 0.307341, 1.749536, 1.554057, 0.846479, -1.156952, -0.102928, -0.560737, 0.202149, 1.396791, -0.911894, -1.378071, -0.589071, 1.121424, -2.728112, 0.078684]",6.65,-55.34,-37.74,17.61,100.24,89.04,48.5,-66.29,-5.9,-32.13,11.58,80.03,-52.25,-78.96,-33.75,64.25,-156.31,4.51
letters_lower/c_dejavusans-bold,letters_lower,targets/letters_lower/c_dejavusans-bold.png,0.704,0.6533,0.035,0.5941,10,4,3,0.2,85.7,letters_lower/c_dejavusans-bold/c_dejavusans-bold_best.png,"[0.355649, -0.527643, -0.908507, -1.346208, 1.696911, 0.084665, -0.934953, 0.163622, -1.389594, -1.402403, -0.554454, -0.073611, -0.916208, -1.56845, -1.69, 0.745321, -0.939801, 0.283501]",20.38,-30.23,-52.05,-77.13,97.23,4.85,-53.57,9.37,-79.62,-80.35,-31.77,-4.22,-52.49,-89.87,-96.83,42.7,-53.85,16.24
letters_lower/d_dejavusansmono-bold,letters_lower,targets/letters_lower/d_dejavusansmono-bold.png,0.704,0.6628,0.0372,0.5761,10,3,3,0.2,84.6,letters_lower/d_dejavusansmono-bold/d_dejavusansmono-bold_best.png,"[0.496952, -1.721817, -0.006112, 0.418387, 2.208316, 1.386638, 1.783921, -1.213117, -1.065972, 1.65806, -1.05767, 0.177195, -0.063296, -1.205401, -0.837967, 0.698509, -0.499258, 0.486799]",28.47,-98.65,-0.35,23.97,126.53,79.45,102.21,-69.51,-61.08,95.0,-60.6,10.15,-3.63,-69.06,-48.01,40.02,-28.61,27.89
letters_lower/y_dejavusans-bold,letters_lower,targets/letters_lower/y_dejavusans-bold.png,0.7035,0.6749,0.018,0.6345,10,0,3,0.2,88.0,letters_lower/y_dejavusans-bold/y_dejavusans-bold_best.png,"[-0.797207, -0.611724, -1.582705, -0.00027, 1.958986, 1.74533, -1.346701, -0.496544, -0.73647, 0.661957, -0.913847, 1.324114, 0.696829, -0.907128, -1.308861, 0.316214, -1.827204, 0.423188]",-45.68,-35.05,-90.68,-0.02,112.24,100.0,-77.16,-28.45,-42.2,37.93,-52.36,75.87,39.93,-51.97,-74.99,18.12,-104.69,24.25
letters_lower/b_dejavusansmono-bold,letters_lower,targets/letters_lower/b_dejavusansmono-bold.png,0.7034,0.6719,0.0164,0.6421,10,8,3,0.2,84.1,letters_lower/b_dejavusansmono-bold/b_dejavusansmono-bold_best.png,"[0.879343, -0.215195, -1.629537, -1.623805, -2.070168, 0.083489, -0.997529, -1.541747, -1.3156, 1.050166, -2.74385, -0.16832, -1.420013, 0.507915, -1.446301, -0.813082, -0.763332, 0.186712]",50.38,-12.33,-93.37,-93.04,-118.61,4.78,-57.15,-88.34,-75.38,60.17,-157.21,-9.64,-81.36,29.1,-82.87,-46.59,-43.74,10.7
objects/apple_mpeg7-05,objects,targets/objects/apple_mpeg7-05.png,0.7034,0.6662,0.0241,0.6177,10,7,3,0.2,87.9,objects/apple_mpeg7-05/apple_mpeg7-05_best.png,"[1.352582, -1.176642, -1.419742, 0.262336, 2.39798, 0.594537, -1.315663, 0.647227, -1.69, -1.544486, 1.550699, 1.07315, 0.555263, -1.44156, -1.150674, 1.291227, 0.911692, 0.786598]",77.5,-67.42,-81.35,15.03,137.39,34.06,-75.38,37.08,-96.83,-88.49,88.85,61.49,31.81,-82.6,-65.93,73.98,52.24,45.07
figures/children_mpeg7-03,figures,targets/figures/children_mpeg7-03.png,0.7032,0.6832,0.0182,0.6369,10,1,3,0.2,86.4,figures/children_mpeg7-03/children_mpeg7-03_best.png,"[1.231399, -1.693141, -0.064884, 0.332546, -2.509824, 0.260711, -0.938195, -0.932726, -0.388969, -0.724584, -1.688216, 0.539848, -1.168277, -1.490384, -0.839438, 1.106613, -1.784564, 0.907843]",70.55,-97.01,-3.72,19.05,-143.8,14.94,-53.75,-53.44,-22.29,-41.52,-96.73,30.93,-66.94,-85.39,-48.1,63.4,-102.25,52.02
abstract/device4_mpeg7-01,abstract,targets/abstract/device4_mpeg7-01.png,0.7027,0.6781,0.0229,0.6287,10,2,3,0.2,123.1,abstract/device4_mpeg7-01/device4_mpeg7-01_best.png,"[1.352494, -1.472181, -0.275785, -0.587152, 0.126808, 0.337592, -1.886772, 0.653512, -0.695571, -1.210153, 1.048309, 1.45303, 1.907762, -1.6018, -1.018276, 1.65806, 0.051898, 0.224132]",77.49,-84.35,-15.8,-33.64,7.27,19.34,-108.1,37.44,-39.85,-69.34,60.06,83.25,109.31,-91.78,-58.34,95.0,2.97,12.84
abstract/misk_mpeg7-01,abstract,targets/abstract/misk_mpeg7-01.png,0.7018,0.6802,0.0133,0.6599,10,3,3,0.2,121.7,abstract/misk_mpeg7-01/misk_mpeg7-01_best.png,"[-1.91986, 0.445894, -1.68954, 0.997913, -1.075365, 1.494601, 1.691858, -0.748449, -1.682582, 1.227326, -1.085341, 0.023587, -0.334851, -1.508928, -0.901129, 1.536956, -1.729343, 1.42676]",-110.0,25.55,-96.8,57.18,-61.61,85.63,96.94,-42.88,-96.4,70.32,-62.19,1.35,-19.19,-86.46,-51.63,88.06,-99.08,81.75
figures/children_mpeg7-02,figures,targets/figures/children_mpeg7-02.png,0.7008,0.6741,0.0231,0.6374,10,8,3,0.2,86.8,figures/children_mpeg7-02/children_mpeg7-02_best.png,"[-0.459996, -0.989618, -0.348967, -0.420512, -0.870783, 1.725686, -0.989192, -1.291933, -0.686993, 1.140225, -2.397819, 1.74533, 0.499866, -1.371042, 0.373238, -0.553573, -2.011399, 1.704609]",-26.36,-56.7,-19.99,-24.09,-49.89,98.87,-56.68,-74.02,-39.36,65.33,-137.38,100.0,28.64,-78.55,21.38,-31.72,-115.24,97.67
letters_upper/Y_dejavuserif-bold,letters_upper,targets/letters_upper/Y_dejavuserif-bold.png,0.7006,0.6517,0.0187,0.628,10,6,3,0.2,123.3,letters_upper/Y_dejavuserif-bold/Y_dejavuserif-bold_best.png,"[0.420491, -0.73613, -0.897366, 1.095538, -1.953221, 0.159294, 0.099167, -0.569705, -1.69, 0.207191, 1.754622, 1.036443, 0.456699, -1.440022, -0.055178, 1.08868, 0.898708, 0.517929]",24.09,-42.18,-51.42,62.77,-111.91,9.13,5.68,-32.64,-96.83,11.87,100.53,59.38,26.17,-82.51,-3.16,62.38,51.49,29.68
objects/tree_mpeg7-05,objects,targets/objects/tree_mpeg7-05.png,0.7005,0.6782,0.0195,0.6328,10,4,3,0.2,87.4,objects/tree_mpeg7-05/tree_mpeg7-05_best.png,"[-1.25972, -1.20557, -0.492876, -0.125396, 2.826789, 1.3902, 1.91986, -0.186497, -0.633113, 1.550336, 1.907926, 0.984544, 1.907009, 0.378017, -0.577845, 1.022791, -1.818937, 0.135902]",-72.18,-69.07,-28.24,-7.18,161.96,79.65,110.0,-10.69,-36.27,88.83,109.32,56.41,109.26,21.66,-33.11,58.6,-104.22,7.79
figures/children_mpeg7-04,figures,targets/figures/children_mpeg7-04.png,0.7001,0.6814,0.0154,0.6465,10,9,3,0.2,85.6,figures/children_mpeg7-04/children_mpeg7-04_best.png,"[1.15375, -1.68997, 0.023465, 0.534326, -0.111332, 0.404422, 0.566683, -1.052783, -0.593939, 0.40717, -1.543435, 0.828113, 1.825391, 0.911699, -1.093933, -0.730134, 2.368676, 0.076923]",66.11,-96.83,1.34,30.61,-6.38,23.17,32.47,-60.32,-34.03,23.33,-88.43,47.45,104.59,52.24,-62.68,-41.83,135.72,4.41
abstract/device1_mpeg7-02,abstract,targets/abstract/device1_mpeg7-02.png,0.7,0.6624,0.0208,0.6322,10,1,3,0.2,125.4,abstract/device1_mpeg7-02/device1_mpeg7-02_best.png,"[0.820636, -0.582536, -1.427342, -1.592465, -0.022818, 1.155851, -1.356015, 0.330379, -1.26264, -1.591662, 1.761245, 0.965092, 0.713148, -1.1455, -0.944711, 0.619917, 2.775046, 0.960683]",47.02,-33.38,-81.78,-91.24,-1.31,66.23,-77.69,18.93,-72.34,-91.2,100.91,55.3,40.86,-65.63,-54.13,35.52,159.0,55.04
letters_lower/t_dejavuserif-bold,letters_lower,targets/letters_lower/t_dejavuserif-bold.png,0.6999,0.6765,0.0158,0.6556,10,5,3,0.2,85.7,letters_lower/t_dejavuserif-bold/t_dejavuserif-bold_best.png,"[1.323154, -1.669153, 0.016445, 0.217656, 1.053484, -0.063148, -1.123632, -1.533992, -1.656913, 0.270458, -0.863295, 1.338915, -0.739919, -0.469825, -1.508846, -0.706617, -2.207942, 1.271897]",75.81,-95.64,0.94,12.47,60.36,-3.62,-64.38,-87.89,-94.93,15.5,-49.46,76.71,-42.39,-26.92,-86.45,-40.49,-126.51,72.87
digits/1_dejavuserif-bold,digits,targets/digits/1_dejavuserif-bold.png,0.6997,0.6718,0.0156,0.6432,10,0,3,0.2,125.2,digits/1_dejavuserif-bold/1_dejavuserif-bold_best.png,"[0.289597, -1.442455, 0.14363, -0.361187, -2.271849, 0.806991, -0.465687, -0.758233, -0.866882, 0.561611, -2.602784, 1.413386, 0.329476, -1.294626, -0.331939, 0.215995, -1.426443, 1.189164]",16.59,-82.65,8.23,-20.69,-130.17,46.24,-26.68,-43.44,-49.67,32.18,-149.13,80.98,18.88,-74.18,-19.02,12.38,-81.73,68.13
letters_lower/y_dejavusansmono-bold,letters_lower,targets/letters_lower/y_dejavusansmono-bold.png,0.6996,0.6542,0.028,0.6204,10,5,3,0.2,88.3,letters_lower/y_dejavusansmono-bold/y_dejavusansmono-bold_best.png,"[-0.824454, -0.893997, -1.102558, -0.130935, -0.443609, 0.51538, -0.818124, -0.842321, -0.398489, 0.135672, -1.140758, 0.682656, 1.216842, -0.796237, 1.533426, -0.544906, 0.31108, 0.631743]",-47.24,-51.22,-63.17,-7.5,-25.42,29.53,-46.88,-48.26,-22.83,7.77,-65.36,39.11,69.72,-45.62,87.86,-31.22,17.82,36.2
abstract/device2_mpeg7-01,abstract,targets/abstract/device2_mpeg7-01.png,0.6994,0.6692,0.0235,0.6297,10,8,3,0.2,118.6,abstract/device2_mpeg7-01/device2_mpeg7-01_best.png,"[1.309943, -1.23276, -0.748367, -0.209681, -0.361181, 1.333023, 1.050061, -1.250965, -1.403522, 0.79176, 1.355616, 0.744039, -1.205364, 0.352637, -1.208917, -1.244114, -1.647531, 0.525942]",75.05,-70.63,-42.88,-12.01,-20.69,76.38,60.16,-71.68,-80.42,45.36,77.67,42.63,-69.06,20.2,-69.27,-71.28,-94.4,30.13
abstract/device4_mpeg7-04,abstract,targets/abstract/device4_mpeg7-04.png,0.6984,0.6665,0.0282,0.5977,10,8,3,0.2,122.7,abstract/device4_mpeg7-04/device4_mpeg7-04_best.png,"[1.155703, -0.679159, -1.656949, -1.520709, -1.520261, 0.189985, -0.607576, -0.156004, -1.607851, -1.334302, 0.338184, 0.384559, 0.234687, -1.227217, 0.696799, 1.47179, -2.010869, 0.909419]",66.22,-38.91,-94.94,-87.13,-87.1,10.89,-34.81,-8.94,-92.12,-76.45,19.38,22.03,13.45,-70.31,39.92,84.33,-115.21,52.11
letters_lower/h_dejavusans-bold,letters_lower,targets/letters_lower/h_dejavusans-bold.png,0.6979,0.6492,0.0297,0.603,10,7,3,0.2,87.2,letters_lower/h_dejavusans-bold/h_dejavusans-bold_best.png,"[1.278658, 0.561925, -1.69, -1.140002, 2.70257, -0.129344, 0.875987, -1.74533, -0.680155, 1.173367, 0.045134, 0.362853, -0.222298, -0.166037, -1.643563, -1.504271, -0.193849, 0.248779]",73.26,32.2,-96.83,-65.32,154.85,-7.41,50.19,-100.0,-38.97,67.23,2.59,20.79,-12.74,-9.51,-94.17,-86.19,-11.11,14.25
objects/hat_mpeg7-03,objects,targets/objects/hat_mpeg7-03.png,0.6976,0.655,0.0228,0.6068,10,2,3,0.2,86.8,objects/hat_mpeg7-03/hat_mpeg7-03_best.png,"[-1.872628, 0.043474, -0.964794, -1.479064, 1.774529, 1.612718, -1.91986, 0.951083, -1.496639, -0.821305, 0.922201, 0.466655, 1.861579, -0.923526, -1.452881, 0.975934, -1.414548, 0.249016]",-107.29,2.49,-55.28,-84.74,101.67,92.4,-110.0,54.49,-85.75,-47.06,52.84,26.74,106.66,-52.91,-83.24,55.92,-81.05,14.27
objects/glas_mpeg7-02,objects,targets/objects/glas_mpeg7-02.png,0.6969,0.6327,0.025,0.6063,10,2,3,0.2,84.5,objects/glas_mpeg7-02/glas_mpeg7-02_best.png,"[-1.91986, 0.315403, -1.573366, -1.231261, 1.890846, 1.473531, 0.241589, -1.074031, -0.498891, -0.658255, 2.451149, -0.095293, -0.326567, -0.816252, -0.525321, 0.729061, 1.03724, -0.040147]",-110.0,18.07,-90.15,-70.55,108.34,84.43,13.84,-61.54,-28.58,-37.72,140.44,-5.46,-18.71,-46.77,-30.1,41.77,59.43,-2.3
letters_lower/o_dejavusans-bold,letters_lower,targets/letters_lower/o_dejavusans-bold.png,0.6965,0.6477,0.0307,0.6012,10,3,3,0.2,85.5,letters_lower/o_dejavusans-bold/o_dejavusans-bold_best.png,"[-1.91986, 0.388292, -0.593853, -0.759817, 0.208668, 1.370128, -0.645366, -0.649002, 0.193, -1.65806, -1.543544, 0.147266, 0.503218, 0.036681, -1.682143, -0.88919, -1.313518, -0.073005]",-110.0,22.25,-34.03,-43.53,11.96,78.5,-36.98,-37.19,11.06,-95.0,-88.44,8.44,28.83,2.1,-96.38,-50.95,-75.26,-4.18
objects/bottle_mpeg7-03,objects,targets/objects/bottle_mpeg7-03.png,0.6962,0.6675,0.0235,0.6132,10,5,3,0.2,85.6,objects/bottle_mpeg7-03/bottle_mpeg7-03_best.png,"[1.836876, 0.443763, -1.471238, -1.362674, 1.995297, -0.116325, -1.433064, -1.532824, -0.602739, 1.555641, 0.053802, 0.672597, 1.840778, 0.821649, -0.299757, -1.513275, -0.037993, 0.668375]",105.25,25.43,-84.3,-78.08,114.32,-6.66,-82.11,-87.82,-34.53,89.13,3.08,38.54,105.47,47.08,-17.17,-86.7,-2.18,38.3
objects/cup_mpeg7-05,objects,targets/objects/cup_mpeg7-05.png,0.6957,0.665,0.0248,0.6149,10,0,3,0.2,86.5,objects/cup_mpeg7-05/cup_mpeg7-05_best.png,"[-1.625695, 0.662656, -1.641293, 0.069406, 2.271826, 1.272634, -1.144965, 0.578085, -1.645543, -1.194065, 0.570012, 1.453176, -0.6944, -1.238317, -0.535878, -0.248213, -1.715943, 0.338695]",-93.15,37.97,-94.04,3.98,130.17,72.92,-65.6,33.12,-94.28,-68.41,32.66,83.26,-39.79,-70.95,-30.7,-14.22,-98.32,19.41
abstract/device8_mpeg7-01,abstract,targets/abstract/device8_mpeg7-01.png,0.6945,0.6538,0.0207,0.6271,10,3,3,0.2,121.5,abstract/device8_mpeg7-01/device8_mpeg7-01_best.png,"[-1.91986, 0.398492, -1.339929, -1.476979, 1.827125, 1.588781, -0.199562, -0.55398, -1.033646, 1.180224, 2.568717, 0.834776, 0.608184, -0.691422, -1.69, 0.22022, -1.420511, 0.998877]",-110.0,22.83,-76.77,-84.62,104.69,91.03,-11.43,-31.74,-59.22,67.62,147.18,47.83,34.85,-39.62,-96.83,12.62,-81.39,57.23
letters_lower/t_dejavusans-bold,letters_lower,targets/letters_lower/t_dejavusans-bold.png,0.6934,0.6744,0.0112,0.6583,10,8,3,0.2,85.8,letters_lower/t_dejavusans-bold/t_dejavusans-bold_best.png,"[1.018224, -1.095545, -0.294616, -1.5454, -1.405614, 0.471358, 1.368245, -0.85754, -0.397714, -1.106442, -2.364526, 1.469487, -1.095685, -1.569167, -1.560208, -0.259043, 0.088677, 0.077982]",58.34,-62.77,-16.88,-88.54,-80.54,27.01,78.39,-49.13,-22.79,-63.39,-135.48,84.2,-62.78,-89.91,-89.39,-14.84,5.08,4.47
abstract/device1_mpeg7-03,abstract,targets/abstract/device1_mpeg7-03.png,0.6927,0.6581,0.0235,0.619,10,9,3,0.2,125.2,abstract/device1_mpeg7-03/device1_mpeg7-03_best.png,"[0.938061, -0.751447, -1.223519, -1.639455, 0.164057, 0.928668, -1.477213, 0.580107, -1.473102, -1.404398, -1.333856, -0.174533, -0.435999, -1.235477, -0.510508, -0.097476, -0.252652, -0.14245]",53.75,-43.05,-70.1,-93.93,9.4,53.21,-84.64,33.24,-84.4,-80.47,-76.42,-10.0,-24.98,-70.79,-29.25,-5.58,-14.48,-8.16
letters_upper/U_dejavusansmono-bold,letters_upper,targets/letters_upper/U_dejavusansmono-bold.png,0.6924,0.6575,0.0283,0.6158,10,3,3,0.2,124.7,letters_upper/U_dejavusansmono-bold/U_dejavusansmono-bold_best.png,"[-1.91986, 0.644946, -1.059234, -1.259752, 0.024186, 1.702079, 1.768973, -1.181604, -1.045722, 1.182706, 0.191224, 0.595249, 0.842858, 0.251212, -1.69, -0.305709, -1.409608, 0.296243]",-110.0,36.95,-60.69,-72.18,1.39,97.52,101.35,-67.7,-59.92,67.76,10.96,34.11,48.29,14.39,-96.83,-17.52,-80.76,16.97
digits/0_dejavuserif-bold,digits,targets/digits/0_dejavuserif-bold.png,0.6903,0.6453,0.0435,0.5497,10,2,3,0.2,124.5,digits/0_dejavuserif-bold/0_dejavuserif-bold_best.png,"[-1.408736, 0.260821, -1.247458, -1.603989, 1.861019, 0.444721, 0.682324, -1.648876, -0.494416, 0.6148, -0.762548, -0.139172, 0.504058, -1.414268, -0.52296, 0.3309, 1.884408, 0.501916]",-80.71,14.94,-71.47,-91.9,106.63,25.48,39.09,-94.47,-28.33,35.23,-43.69,-7.97,28.88,-81.03,-29.96,18.96,107.97,28.76
animals/frog_mpeg7-01,animals,targets/animals/frog_mpeg7-01.png,0.6892,0.67,0.0254,0.6018,10,1,3,0.2,123.1,animals/frog_mpeg7-01/frog_mpeg7-01_best.png,"[1.145607, -1.584464, -0.384465, 0.821997, -2.551477, 0.900947, -1.45756, 0.5232, -1.668117, -1.019748, 0.825015, -0.053173, 0.797186, -1.429703, -1.467706, 1.65806, -2.238974, 0.376295]",65.64,-90.78,-22.03,47.1,-146.19,51.62,-83.51,29.98,-95.58,-58.43,47.27,-3.05,45.68,-81.92,-84.09,95.0,-128.28,21.56
abstract/device8_mpeg7-02,abstract,targets/abstract/device8_mpeg7-02.png,0.6888,0.662,0.0182,0.6296,10,8,3,0.2,123.1,abstract/device8_mpeg7-02/device8_mpeg7-02_best.png,"[0.906937, -0.830403, -1.08697, -0.944101, -1.07413, -0.162591, 1.342444, -0.953312, -0.484509, -0.836343, -1.470462, 1.345966, -0.856365, -0.746967, -0.463911, 0.460245, -0.46751, -0.085753]",51.96,-47.58,-62.28,-54.09,-61.54,-9.32,76.92,-54.62,-27.76,-47.92,-84.25,77.12,-49.07,-42.8,-26.58,26.37,-26.79,-4.91
letters_upper/C_dejavusans-bold,letters_upper,targets/letters_upper/C_dejavusans-bold.png,0.6887,0.61,0.0366,0.55,10,9,3,0.2,124.3,letters_upper/C_dejavusans-bold/C_dejavusans-bold_best.png,"[0.741984, -0.218425, -1.2824, -1.291901, -1.651141, 1.084003, 0.691903, -1.158673, 0.972796, -1.126741, -2.009895, 1.471589, -0.983455, -1.695653, -1.249508, -0.421645, 2.82044, 0.911848]",42.51,-12.51,-73.48,-74.02,-94.6,62.11,39.64,-66.39,55.74,-64.56,-115.16,84.32,-56.35,-97.15,-71.59,-24.16,161.6,52.25
letters_lower/i_dejavusans-bold,letters_lower,targets/letters_lower/i_dejavusans-bold.png,0.6885,0.65,0.0289,0.5743,10,7,3,0.2,87.6,letters_lower/i_dejavusans-bold/i_dejavusans-bold_best.png,"[1.832207, 0.589712, -1.69, -1.053142, 2.742216, 0.450814, -1.083367, -1.003854, -0.691385, -0.169463, 2.401094, 1.337749, -0.760936, -1.542886, 0.046072, 0.065596, -2.708175, -0.058823]",104.98,33.79,-96.83,-60.34,157.12,25.83,-62.07,-57.52,-39.61,-9.71,137.57,76.65,-43.6,-88.4,2.64,3.76,-155.17,-3.37
objects/apple_mpeg7-04,objects,targets/objects/apple_mpeg7-04.png,0.6884,0.6522,0.0214,0.6169,10,3,3,0.2,92.5,objects/apple_mpeg7-04/apple_mpeg7-04_best.png,"[-1.722014, 0.447346, -0.766094, -0.53008, 1.280346, 1.74533, 1.908127, -1.046293, -1.550453, 1.582113, -1.018912, 0.273518, 0.769912, -1.646428, -1.016505, 1.069419, 1.6471, 1.27904]",-98.66,25.63,-43.89,-30.37,73.36,100.0,109.33,-59.95,-88.83,90.65,-58.38,15.67,44.11,-94.33,-58.24,61.27,94.37,73.28
objects/apple_mpeg7-03,objects,targets/objects/apple_mpeg7-03.png,0.6882,0.6669,0.0233,0.6167,10,5,3,0.2,91.7,objects/apple_mpeg7-03/apple_mpeg7-03_best.png,"[-1.739043, 0.037925, -0.012022, -1.175026, -2.14112, -0.028398, 0.839045, -1.442606, -1.156557, 1.288979, -1.664901, 0.059348, -1.284221, 0.882285, -1.534277, -1.497657, -1.862783, 0.835112]",-99.64,2.17,-0.69,-67.32,-122.68,-1.63,48.07,-82.66,-66.27,73.85,-95.39,3.4,-73.58,50.55,-87.91,-85.81,-106.73,47.85
letters_lower/l_dejavusansmono-bold,letters_lower,targets/letters_lower/l_dejavusansmono-bold.png,0.6881,0.6386,0.0334,0.582,10,6,3,0.2,86.0,letters_lower/l_dejavusansmono-bold/l_dejavusansmono-bold_best.png,"[-0.868557, -0.983766, -0.446956, 0.10672, -2.156465, 1.095463, 1.91986, 0.789417, -0.363339, -0.485384, 2.517649, 0.008644, 1.91986, 0.009673, -1.295329, -1.334506, -0.603966, 0.818464]",-49.76,-56.37,-25.61,6.11,-123.56,62.77,110.0,45.23,-20.82,-27.81,144.25,0.5,110.0,0.55,-74.22,-76.46,-34.6,46.89
objects/tree_mpeg7-01,objects,targets/objects/tree_mpeg7-01.png,0.688,0.6603,0.0135,0.6427,10,4,3,0.2,88.4,objects/tree_mpeg7-01/tree_mpeg7-01_best.png,"[1.00116, -0.836702, -1.425806, 1.485996, 2.802655, 1.370144, 1.112034, -1.122935, 0.186682, -1.184736, 2.84121, -0.047111, 0.77788, -0.997349, -1.563645, 1.435236, -1.976698, 0.759776]",57.36,-47.94,-81.69,85.14,160.58,78.5,63.71,-64.34,10.7,-67.88,162.79,-2.7,44.57,-57.14,-89.59,82.23,-113.26,43.53
letters_lower/h_dejavuserif-bold,letters_lower,targets/letters_lower/h_dejavuserif-bold.png,0.6872,0.6237,0.0318,0.5681,10,5,3,0.2,87.1,letters_lower/h_dejavuserif-bold/h_dejavuserif-bold_best.png,"[1.91986, -0.817918, -0.936611, 0.893981, 1.267751, 1.67463, 0.997718, -1.38735, -1.583436, 1.622083, 0.868871, 1.321488, 0.225133, -0.256975, -1.540506, -1.60729, -1.869891, 1.268504]",110.0,-46.86,-53.66,51.22,72.64,95.95,57.17,-79.49,-90.72,92.94,49.78,75.72,12.9,-14.72,-88.26,-92.09,-107.14,72.68
letters_lower/f_dejavuserif-bold,letters_lower,targets/letters_lower/f_dejavuserif-bold.png,0.6868,0.6577,0.0161,0.6291,10,0,3,0.2,87.7,letters_lower/f_dejavuserif-bold/f_dejavuserif-bold_best.png,"[-1.091055, -0.976321, -0.444542, -0.512592, 1.368592, 1.223122, 1.860884, 0.212703, -1.543327, -1.314375, -0.401055, 0.363279, 1.803575, -1.714626, 1.240266, 1.469148, -1.561139, 1.577807]",-62.51,-55.94,-25.47,-29.37,78.41,70.08,106.62,12.19,-88.43,-75.31,-22.98,20.81,103.34,-98.24,71.06,84.18,-89.45,90.4
digits/1_dejavusans-bold,digits,targets/digits/1_dejavusans-bold.png,0.6866,0.6483,0.0235,0.6158,10,3,3,0.2,124.7,digits/1_dejavusans-bold/1_dejavusans-bold_best.png,"[-1.909355, 0.033849, -0.843782, -1.334675, -1.109062, 1.712315, -0.48249, -1.272852, -0.342729, 0.241327, 2.360467, 0.912722, -1.00996, -1.61545, -1.333656, -0.748421, 2.145607, 0.270827]",-109.4,1.94,-48.35,-76.47,-63.54,98.11,-27.64,-72.93,-19.64,13.83,135.24,52.3,-57.87,-92.56,-76.41,-42.88,122.93,15.52
digits/7_dejavusans-bold,digits,targets/digits/7_dejavusans-bold.png,0.6861,0.6496,0.0296,0.6066,10,8,3,0.2,122.7,digits/7_dejavusans-bold/7_dejavusans-bold_best.png,"[-0.202928, -0.534896, -1.561729, 1.129901, 2.524755, 0.990433, 0.433283, -0.845243, -1.289966, 0.613518, -1.175347, 0.407502, 0.397863, -0.853128, -1.180619, -0.047965, 1.580126, 0.090379]",-11.63,-30.65,-89.48,64.74,144.66,56.75,24.83,-48.43,-73.91,35.15,-67.34,23.35,22.8,-48.88,-67.64,-2.75,90.53,5.18
letters_upper/U_dejavusans-bold,letters_upper,targets/letters_upper/U_dejavusans-bold.png,0.6857,0.6411,0.0273,0.5928,10,6,3,0.2,124.0,letters_upper/U_dejavusans-bold/U_dejavusans-bold_best.png,"[0.932671, -1.457033, -0.788068, 0.65909, 0.504516, 0.990287, -1.2585, -1.220098, 0.902498, -0.301953, 0.265171, 1.415802, 1.91986, -1.318452, -0.712519, 0.200124, 0.56502, -0.169004]",53.44,-83.48,-45.15,37.76,28.91,56.74,-72.11,-69.91,51.71,-17.3,15.19,81.12,110.0,-75.54,-40.82,11.47,32.37,-9.68
objects/cup_mpeg7-01,objects,targets/objects/cup_mpeg7-01.png,0.6857,0.6668,0.0142,0.6353,10,6,3,0.2,86.7,objects/cup_mpeg7-01/cup_mpeg7-01_best.png,"[1.165781, -1.402878, -0.765067, 1.175119, -1.049353, 0.709377, -1.199443, 0.490636, -1.411394, -1.205175, -2.214434, 1.74533, 0.58378, -0.299321, -1.123868, -0.879228, -1.028444, 0.738251]",66.79,-80.38,-43.84,67.33,-60.12,40.64,-68.72,28.11,-80.87,-69.05,-126.88,100.0,33.45,-17.15,-64.39,-50.38,-58.93,42.3
abstract/device1_mpeg7-04,abstract,targets/abstract/device1_mpeg7-04.png,0.6844,0.649,0.0185,0.6154,10,3,3,0.2,124.2,abstract/device1_mpeg7-04/device1_mpeg7-04_best.png,"[-1.854931, 0.151941, -0.210904, -0.98482, 1.285761, 1.74533, 1.885961, -0.790743, -1.69, 1.5821, -0.435179, -0.078362, 1.480618, -0.886182, -1.219277, 1.322701, 1.078785, 0.866296]",-106.28,8.71,-12.08,-56.43,73.67,100.0,108.06,-45.31,-96.83,90.65,-24.93,-4.49,84.83,-50.77,-69.86,75.79,61.81,49.64
animals/chicken_mpeg7-04,animals,targets/animals/chicken_mpeg7-04.png,0.6835,0.6399,0.0258,0.6037,10,3,3,0.2,122.6,animals/chicken_mpeg7-04/chicken_mpeg7-04_best.png,"[-1.91986, -0.532148, 0.048317, -0.18289, 1.481722, 0.723123, 0.976294, -0.126127, -1.138008, 0.582012, 0.455796, 0.931364, 0.93913, 0.110626, -0.56373, -1.012861, -1.075423, 1.664725]",-110.0,-30.49,2.77,-10.48,84.9,41.43,55.94,-7.23,-65.2,33.35,26.12,53.36,53.81,6.34,-32.3,-58.03,-61.62,95.38
letters_lower/h_dejavusansmono-bold,letters_lower,targets/letters_lower/h_dejavusansmono-bold.png,0.6833,0.6437,0.0284,0.5825,10,5,3,0.2,86.9,letters_lower/h_dejavusansmono-bold/h_dejavusansmono-bold_best.png,"[1.34321, -0.077892, -1.631135, 1.119857, 0.02932, -0.068386, 0.671891, -0.294021, -1.544301, -1.65806, 2.508449, 0.445644, 0.989559, -1.710795, -1.134012, 1.549499, -1.106887, -0.154868]",76.96,-4.46,-93.46,64.16,1.68,-3.92,38.5,-16.85,-88.48,-95.0,143.72,25.53,56.7,-98.02,-64.97,88.78,-63.42,-8.87
objects/cup_mpeg7-04,objects,targets/objects/cup_mpeg7-04.png,0.6821,0.6304,0.0273,0.5951,10,3,3,0.2,87.2,objects/cup_mpeg7-04/cup_mpeg7-04_best.png,"[-1.904357, 0.334588, -0.609435, -0.859664, 1.097114, 1.015718, 1.351216, -0.907633, -1.440376, 1.082467, 2.660867, 0.988531, 0.632135, -1.374404, -1.547356, 1.195401, 1.168998, 1.344023]",-109.11,19.17,-34.92,-49.26,62.86,58.2,77.42,-52.0,-82.53,62.02,152.46,56.64,36.22,-78.75,-88.66,68.49,66.98,77.01
animals/frog_mpeg7-03,animals,targets/animals/frog_mpeg7-03.png,0.6806,0.6391,0.031,0.582,10,6,3,0.2,123.7,animals/frog_mpeg7-03/frog_mpeg7-03_best.png,"[1.025445, -0.598959, -1.499773, -1.65806, 0.716096, 0.627358, 0.463189, -0.158632, -1.69, -0.991504, 2.702375, -0.174533, 1.053022, 0.983122, -1.666483, -1.55326, -1.690376, 0.64423]",58.75,-34.32,-85.93,-95.0,41.03,35.94,26.54,-9.09,-96.83,-56.81,154.83,-10.0,60.33,56.33,-95.48,-89.0,-96.85,36.91
animals/camel_mpeg7-05,animals,targets/animals/camel_mpeg7-05.png,0.6802,0.6492,0.0175,0.6249,10,9,3,0.2,124.9,animals/camel_mpeg7-05/camel_mpeg7-05_best.png,"[1.695215, -1.092582, 0.56216, -0.133771, -2.730374, 1.74533, -0.714641, -0.900673, -1.174104, 0.147263, 1.541692, 1.607308, 1.21419, 0.815259, -1.383661, -1.615529, -2.281484, 1.399898]",97.13,-62.6,32.21,-7.66,-156.44,100.0,-40.95,-51.6,-67.27,8.44,88.33,92.09,69.57,46.71,-79.28,-92.56,-130.72,80.21
objects/horseshoe_mpeg7-04,objects,targets/objects/horseshoe_mpeg7-04.png,0.6783,0.6119,0.0445,0.5133,10,6,3,0.2,86.7,objects/horseshoe_mpeg7-04/horseshoe_mpeg7-04_best.png,"[0.343201, -1.357581, -0.82571, 1.044967, -1.382747, 0.498753, 0.359284, 0.076553, -1.629679, -0.94029, 1.973056, 0.051859, -0.719654, 0.439148, -1.616192, -1.01427, 1.911748, 0.905489]",19.66,-77.78,-47.31,59.87,-79.23,28.58,20.59,4.39,-93.37,-53.87,113.05,2.97,-41.23,25.16,-92.6,-58.11,109.54,51.88
objects/jar_mpeg7-02,objects,targets/objects/jar_mpeg7-02.png,0.6772,0.6211,0.0239,0.5955,10,2,3,0.2,85.4,objects/jar_mpeg7-02/jar_mpeg7-02_best.png,"[1.38096, -1.504221, -0.33383, -0.539196, -1.362992, 1.683764, -1.91986, 0.198735, -0.300213, -0.792433, 1.669652, 1.516599, -1.191105, -0.012319, -0.950481, 1.557994, -0.096548, 0.906219]",79.12,-86.19,-19.13,-30.89,-78.09,96.47,-110.0,11.39,-17.2,-45.4,95.66,86.89,-68.25,-0.71,-54.46,89.27,-5.53,51.92
letters_upper/T_dejavusans-bold,letters_upper,targets/letters_upper/T_dejavusans-bold.png,0.6762,0.6413,0.0218,0.6099,10,6,3,0.2,124.3,letters_upper/T_dejavusans-bold/T_dejavusans-bold_best.png,"[-0.844925, -0.855592, -0.852752, 0.880172, -1.666437, 1.076276, 0.812015, -0.863167, -0.963356, -0.366112, -1.410766, 1.036579, 0.487724, -1.381142, -0.15353, 0.548978, -0.304172, 0.696997]",-48.41,-49.02,-48.86,50.43,-95.48,61.67,46.53,-49.46,-55.2,-20.98,-80.83,59.39,27.94,-79.13,-8.8,31.45,-17.43,39.93
digits/7_dejavusansmono-bold,digits,targets/digits/7_dejavusansmono-bold.png,0.676,0.6227,0.0329,0.5666,10,6,3,0.2,122.5,digits/7_dejavusansmono-bold/7_dejavusansmono-bold_best.png,"[-0.581672, -0.719999, -1.348847, 0.310231, -2.668261, 1.655157, 0.254791, -0.676518, -1.224906, 1.056398, -1.124188, 0.146886, -0.96622, -0.909234, -1.260743, 0.705092, 2.739321, 1.248969]",-33.33,-41.25,-77.28,17.77,-152.88,94.83,14.6,-38.76,-70.18,60.53,-64.41,8.42,-55.36,-52.1,-72.24,40.4,156.95,71.56
objects/apple_mpeg7-02,objects,targets/objects/apple_mpeg7-02.png,0.6755,0.6328,0.0208,0.598,10,5,3,0.2,91.7,objects/apple_mpeg7-02/apple_mpeg7-02_best.png,"[-1.73208, 0.155868, -0.269356, -1.136448, -2.209266, 0.270894, 0.833088, -1.355101, -1.208436, 1.121342, -1.843789, 0.271122, -1.159409, 0.777785, -1.69, -1.301709, -1.51626, 1.494603]",-99.24,8.93,-15.43,-65.11,-126.58,15.52,47.73,-77.64,-69.24,64.25,-105.64,15.53,-66.43,44.56,-96.83,-74.58,-86.88,85.63
abstract/device9_mpeg7-03,abstract,targets/abstract/device9_mpeg7-03.png,0.6752,0.645,0.0254,0.6024,10,1,3,0.2,122.4,abstract/device9_mpeg7-03/device9_mpeg7-03_best.png,"[1.332567, -1.228854, -1.34636, 0.625942, 1.07162, -0.080384, -1.268591, 0.433785, -1.452929, -1.326341, 1.814132, 1.003581, 0.785756, -1.722837, -0.606755, 0.40325, 2.807089, 0.651981]",76.35,-70.41,-77.14,35.86,61.4,-4.61,-72.68,24.85,-83.25,-75.99,103.94,57.5,45.02,-98.71,-34.76,23.1,160.83,37.36
letters_lower/o_dejavuserif-bold,letters_lower,targets/letters_lower/o_dejavuserif-bold.png,0.6751,0.618,0.0328,0.5813,10,3,3,0.2,85.6,letters_lower/o_dejavuserif-bold/o_dejavuserif-bold_best.png,"[-1.91986, 0.380758, -0.593675, -0.679133, 0.065068, 1.410346, 1.807033, -0.931287, -1.49103, 1.452619, -0.759477, 0.337298, 0.450168, 0.32921, -1.62693, -1.150212, -1.184781, 0.531103]",-110.0,21.82,-34.02,-38.91,3.73,80.81,103.54,-53.36,-85.43,83.23,-43.51,19.33,25.79,18.86,-93.22,-65.9,-67.88,30.43
letters_lower/b_dejavuserif-bold,letters_lower,targets/letters_lower/b_dejavuserif-bold.png,0.675,0.6354,0.0285,0.5858,10,5,3,0.2,85.5,letters_lower/b_dejavuserif-bold/b_dejavuserif-bold_best.png,"[1.779182, -0.792375, -1.139927, 1.06629, 1.499856, 1.254014, 0.779163, -1.68782, -0.672091, 1.190509, -1.369683, -0.068041, -0.096385, -1.326758, -1.03863, 1.538951, -2.07322, 0.237462]",101.94,-45.4,-65.31,61.09,85.94,71.85,44.64,-96.7,-38.51,68.21,-78.48,-3.9,-5.52,-76.02,-59.51,88.18,-118.79,13.61
letters_lower/n_dejavusansmono-bold,letters_lower,targets/letters_lower/n_dejavusansmono-bold.png,0.6748,0.6163,0.0307,0.5658,10,8,3,0.2,84.8,letters_lower/n_dejavusansmono-bold/n_dejavusansmono-bold_best.png,"[0.792997, -0.126405, -1.669064, -1.149155, -0.975709, 0.386349, 0.912105, -1.662333, -0.847562, 1.083891, 1.285789, 0.432451, -0.733288, 0.206202, -1.677011, -0.442689, -1.714029, 1.224119]",45.44,-7.24,-95.63,-65.84,-55.9,22.14,52.26,-95.24,-48.56,62.1,73.67,24.78,-42.01,11.81,-96.09,-25.36,-98.21,70.14
letters_upper/B_dejavusans-bold,letters_upper,targets/letters_upper/B_dejavusans-bold.png,0.6746,0.6094,0.0293,0.5541,10,2,3,0.2,123.8,letters_upper/B_dejavusans-bold/B_dejavusans-bold_best.png,"[-1.464715, 0.411108, -1.2496, -1.403425, 1.72151, 1.301684, -1.91986, 0.846299, -1.136946, -0.836906, 0.41097, 1.321593, 0.558071, -1.146657, -0.697304, -0.109543, 1.577862, 0.26307]",-83.92,23.55,-71.6,-80.41,98.64,74.58,-110.0,48.49,-65.14,-47.95,23.55,75.72,31.98,-65.7,-39.95,-6.28,90.4,15.07
animals/rat_mpeg7-04,animals,targets/animals/rat_mpeg7-04.png,0.6742,0.6452,0.0165,0.622,10,7,3,0.2,124.4,animals/rat_mpeg7-04/rat_mpeg7-04_best.png,"[1.108921, -0.487437, -1.447941, -1.019524, 2.72281, -0.174533, 0.94652, -0.853893, -0.682315, 0.665006, 0.108782, 0.962381, 0.774508, -0.007432, -1.57518, -1.543882, -1.484313, 0.345311]",63.54,-27.93,-82.96,-58.41,156.01,-10.0,54.23,-48.92,-39.09,38.1,6.23,55.14,44.38,-0.43,-90.25,-88.46,-85.04,19.78
letters_lower/d_dejavuserif-bold,letters_lower,targets/letters_lower/d_dejavuserif-bold.png,0.6737,0.6043,0.0329,0.5577,10,3,3,0.2,85.4,letters_lower/d_dejavuserif-bold/d_dejavuserif-bold_best.png,"[-1.878076, 0.502707, -0.64505, -1.17681, -0.003105, 0.224655, 1.91986, -1.177449, -0.839, 1.65806, -1.42974, 0.919357, 1.890573, -1.71252, -0.692521, 1.579785, 1.41485, -0.01187]",-107.61,28.8,-36.96,-67.43,-0.18,12.87,110.0,-67.46,-48.07,95.0,-81.92,52.68,108.32,-98.12,-39.68,90.52,81.06,-0.68
animals/butterfly_mpeg7-03,animals,targets/animals/butterfly_mpeg7-03.png,0.6735,0.6456,0.0153,0.6213,10,1,3,0.2,122.6,animals/butterfly_mpeg7-03/butterfly_mpeg7-03_best.png,"[0.960391, -0.814601, -1.675398, 0.980392, 0.691913, 0.332768, -0.551337, -1.09499, -1.642415, 1.44418, -1.734295, -0.043189, -1.373029, -0.168088, -0.172162, 1.191982, -0.504681, 1.258941]",55.03,-46.67,-95.99,56.17,39.64,19.07,-31.59,-62.74,-94.1,82.75,-99.37,-2.47,-78.67,-9.63,-9.86,68.3,-28.92,72.13
letters_lower/r_dejavuserif-bold,letters_lower,targets/letters_lower/r_dejavuserif-bold.png,0.6735,0.6463,0.0163,0.622,10,3,3,0.2,86.0,letters_lower/r_dejavuserif-bold/r_dejavuserif-bold_best.png,"[-1.527932, -0.155663, -0.705059, -1.581131, -1.468918, 1.06929, 0.930566, -1.203312, 0.893323, 1.349078, 0.559557, 0.235428, 0.673395, -0.561967, -1.195591, -0.670126, -1.37813, 0.044271]",-87.54,-8.92,-40.4,-90.59,-84.16,61.27,53.32,-68.94,51.18,77.3,32.06,13.49,38.58,-32.2,-68.5,-38.4,-78.96,2.54
abstract/misk_mpeg7-05,abstract,targets/abstract/misk_mpeg7-05.png,0.6734,0.6461,0.0161,0.6204,10,3,3,0.2,122.4,abstract/misk_mpeg7-05/misk_mpeg7-05_best.png,"[-1.91986, -0.141342, -0.383437, -1.475124, 1.361974, 1.649372, 0.709905, -1.167034, -1.188143, 1.03226, 2.783432, 1.599944, 0.982697, -0.275401, -1.445584, 0.863071, 1.626429, 1.74533]",-110.0,-8.1,-21.97,-84.52,78.04,94.5,40.67,-66.87,-68.08,59.14,159.48,91.67,56.3,-15.78,-82.83,49.45,93.19,100.0
digits/6_dejavusansmono-bold,digits,targets/digits/6_dejavusansmono-bold.png,0.6733,0.6214,0.0296,0.5585,10,0,3,0.2,122.4,digits/6_dejavusansmono-bold/6_dejavusansmono-bold_best.png,"[0.802701, -0.375646, -1.016795, -1.444888, -2.157847, 0.12205, 0.861137, -0.408117, -1.652127, -1.541331, -0.941254, 0.822323, -1.009229, -1.659335, -1.29463, 0.70081, -2.662161, 1.059731]",45.99,-21.52,-58.26,-82.79,-123.64,6.99,49.34,-23.38,-94.66,-88.31,-53.93,47.12,-57.82,-95.07,-74.18,40.15,-152.53,60.72
letters_lower/c_dejavusansmono-bold,letters_lower,targets/letters_lower/c_dejavusansmono-bold.png,0.6732,0.6523,0.0162,0.6316,10,2,3,0.2,85.9,letters_lower/c_dejavusansmono-bold/c_dejavusansmono-bold_best.png,"[-1.025548, -0.58688, -0.418511, -1.579624, 1.487521, 0.447821, -0.564148, -0.067041, -1.69, -0.874542, -1.94628, 0.712137, 1.15669, -1.296558, -1.69, -0.018102, 1.145791, 1.603997]",-58.76,-33.63,-23.98,-90.51,85.23,25.66,-32.32,-3.84,-96.83,-50.11,-111.51,40.8,66.27,-74.29,-96.83,-1.04,65.65,91.9
letters_lower/u_dejavusans-bold,letters_lower,targets/letters_lower/u_dejavusans-bold.png,0.6722,0.62,0.0225,0.593,10,5,3,0.2,85.9,letters_lower/u_dejavusans-bold/u_dejavusans-bold_best.png,"[1.71703, -0.945466, -1.568177, 1.652211, 0.630999, 0.907975, 0.655265, -0.916654, -1.640561, 1.152031, -1.540348, 0.362757, 0.801516, -1.249773, -1.663071, 1.64962, -1.27936, -0.020521]",98.38,-54.17,-89.85,94.66,36.15,52.02,37.54,-52.52,-94.0,66.01,-88.26,20.78,45.92,-71.61,-95.29,94.52,-73.3,-1.18
abstract/device8_mpeg7-05,abstract,targets/abstract/device8_mpeg7-05.png,0.6716,0.6483,0.0198,0.601,10,1,3,0.2,121.9,abstract/device8_mpeg7-05/device8_mpeg7-05_best.png,"[0.745721, -0.661141, -1.256583, -1.023125, -0.931739, -0.061574, -0.948877, -0.510314, -1.253297, 1.318568, 1.760071, -0.174533, -0.595171, -0.661132, -1.011873, -0.243695, -2.68137, 1.74533]",42.73,-37.88,-72.0,-58.62,-53.38,-3.53,-54.37,-29.24,-71.81,75.55,100.84,-10.0,-34.1,-37.88,-57.98,-13.96,-153.63,100.0
letters_lower/p_dejavusans-bold,letters_lower,targets/letters_lower/p_dejavusans-bold.png,0.6716,0.6231,0.0255,0.5713,10,2,3,0.2,85.6,letters_lower/p_dejavusans-bold/p_dejavusans-bold_best.png,"[-1.416113, 0.318572, -1.454718, -1.309405, 1.633813, 1.235532, -0.34344, -0.912299, -1.204666, 0.545591, -2.190142, 0.972131, 0.491025, -1.002765, -1.603649, 1.066149, -0.896558, -0.139436]",-81.14,18.25,-83.35,-75.02,93.61,70.79,-19.68,-52.27,-69.02,31.26,-125.49,55.7,28.13,-57.45,-91.88,61.09,-51.37,-7.99
letters_upper/O_dejavusans-bold,letters_upper,targets/letters_upper/O_dejavusans-bold.png,0.6695,0.6367,0.0221,0.6028,10,7,3,0.2,123.0,letters_upper/O_dejavusans-bold/O_dejavusans-bold_best.png,"[0.602018, -0.108315, -1.337458, -1.477145, 2.16178, -0.0871, -0.067504, -1.066625, -1.378784, 1.240596, -1.870686, 0.509376, -0.746559, -1.353068, -1.680374, 1.022101, -1.68513, -0.116391]",34.49,-6.21,-76.63,-84.63,123.86,-4.99,-3.87,-61.11,-79.0,71.08,-107.18,29.19,-42.77,-77.53,-96.28,58.56,-96.55,-6.67
hand_shadow/snail_hasper-01,hand_shadow,targets/hand_shadow/snail_hasper-01.png,0.6683,0.6435,0.0221,0.5871,10,0,3,0.2,87.0,hand_shadow/snail_hasper-01/snail_hasper-01_best.png,"[-1.91986, 0.603928, -1.669704, 1.111947, 2.546269, 1.56694, -1.528707, -0.158834, -0.716442, 0.907331, -1.404735, 1.147772, -0.625371, -1.353556, -1.6303, 1.632419, -1.81958, 0.375707]",-110.0,34.6,-95.67,63.71,145.89,89.78,-87.59,-9.1,-41.05,51.99,-80.49,65.76,-35.83,-77.55,-93.41,93.53,-104.25,21.53
objects/tree_mpeg7-03,objects,targets/objects/tree_mpeg7-03.png,0.6681,0.6454,0.0191,0.6119,10,3,3,0.2,86.4,objects/tree_mpeg7-03/tree_mpeg7-03_best.png,"[-1.823261, -0.221079, 0.081906, -1.047438, 0.94113, 1.42171, 1.906805, -0.324447, -1.64737, 1.139719, -0.331783, -0.174533, 1.91986, 0.925537, -1.222891, -1.353062, -1.607028, 0.73646]",-104.47,-12.67,4.69,-60.01,53.92,81.46,109.25,-18.59,-94.39,65.3,-19.01,-10.0,110.0,53.03,-70.07,-77.52,-92.08,42.2
objects/fountain_mpeg7-03,objects,targets/objects/fountain_mpeg7-03.png,0.668,0.6212,0.0254,0.5923,10,8,3,0.2,87.4,objects/fountain_mpeg7-03/fountain_mpeg7-03_best.png,"[1.058631, -0.890961, -1.452286, -1.51207, -1.579701, 1.054264, 1.733209, -0.976969, -1.374092, -1.390071, -1.920548, -0.062702, -0.875365, -1.28971, 0.111645, -0.887404, 0.100172, 0.236299]",60.66,-51.05,-83.21,-86.64,-90.51,60.4,99.31,-55.98,-78.73,-79.65,-110.04,-3.59,-50.15,-73.89,6.4,-50.84,5.74,13.54
animals/bird_mpeg7-03,animals,targets/animals/bird_mpeg7-03.png,0.6679,0.6231,0.0261,0.5711,10,3,3,0.2,122.4,animals/bird_mpeg7-03/bird_mpeg7-03_best.png,"[-1.91986, -0.322827, 0.006087, -0.496984, 0.922157, 0.401488, 1.50642, -1.643473, -0.228963, 1.014975, 2.781931, 1.311301, 1.138903, -0.710255, 0.325292, 1.466496, -1.304884, 1.027625]",-110.0,-18.5,0.35,-28.48,52.84,23.0,86.31,-94.16,-13.12,58.15,159.39,75.13,65.25,-40.69,18.64,84.02,-74.76,58.88
objects/fountain_mpeg7-05,objects,targets/objects/fountain_mpeg7-05.png,0.6677,0.6247,0.0245,0.5895,10,1,3,0.2,86.9,objects/fountain_mpeg7-05/fountain_mpeg7-05_best.png,"[1.109997, -0.774622, -1.69, -1.132757, 1.251355, 0.682859, 1.759268, -0.792869, -1.682115, -1.574854, 1.891543, 1.727287, -1.801852, -0.40574, 0.067071, -1.269861, -0.007172, 1.690719]",63.6,-44.38,-96.83,-64.9,71.7,39.12,100.8,-45.43,-96.38,-90.23,108.38,98.97,-103.24,-23.25,3.84,-72.76,-0.41,96.87
animals/bird_mpeg7-02,animals,targets/animals/bird_mpeg7-02.png,0.6674,0.637,0.0302,0.5712,10,7,3,0.2,123.3,animals/bird_mpeg7-02/bird_mpeg7-02_best.png,"[1.753345, -0.748753, -1.413293, -0.565512, 2.694685, -0.116895, 0.95586, -0.757144, -1.530703, -1.602158, -1.737926, 0.345471, -0.995271, -0.437618, -1.225527, -1.65233, 0.623532, 0.496361]",100.46,-42.9,-80.98,-32.4,154.39,-6.7,54.77,-43.38,-87.7,-91.8,-99.58,19.79,-57.02,-25.07,-70.22,-94.67,35.73,28.44
letters_upper/T_dejavusansmono-bold,letters_upper,targets/letters_upper/T_dejavusansmono-bold.png,0.6671,0.6304,0.0185,0.5999,10,3,3,0.2,122.3,letters_upper/T_dejavusansmono-bold/T_dejavusansmono-bold_best.png,"[-0.48382, -0.770926, -0.958791, -0.510002, -2.072704, 1.734313, 0.608332, -0.776915, -0.898758, 0.628841, 2.00825, 1.108134, -0.723015, -1.246658, -0.351956, 0.052212, -0.373047, 0.166637]",-27.72,-44.17,-54.93,-29.22,-118.76,99.37,34.85,-44.51,-51.5,36.03,115.06,63.49,-41.43,-71.43,-20.17,2.99,-21.37,9.55
abstract/device9_mpeg7-04,abstract,targets/abstract/device9_mpeg7-04.png,0.6662,0.641,0.0147,0.6224,10,0,3,0.2,123.5,abstract/device9_mpeg7-04/device9_mpeg7-04_best.png,"[-1.872271, 0.753424, -1.297715, -0.585933, 2.647033, 1.423714, -1.82825, -0.501145, -0.727886, 0.571513, -1.573686, 1.63621, -1.156634, 0.358484, -0.787171, -1.621875, 1.692372, 0.618449]",-107.27,43.17,-74.35,-33.57,151.66,81.57,-104.75,-28.71,-41.7,32.75,-90.17,93.75,-66.27,20.54,-45.1,-92.93,96.97,35.43
animals/flatfish_mpeg7-01,animals,targets/animals/flatfish_mpeg7-01.png,0.6656,0.628,0.0234,0.5981,10,3,3,0.2,122.8,animals/flatfish_mpeg7-01/flatfish_mpeg7-01_best.png,"[-1.748275, 0.231277, -0.536271, -0.406493, 1.803008, 1.553791, -1.141611, -0.72784, -0.034344, 1.414533, 2.705466, 1.582794, 0.350954, -0.784934, -1.100625, -1.233303, -0.908061, 0.149824]",-100.17,13.25,-30.73,-23.29,103.3,89.03,-65.41,-41.7,-1.97,81.05,155.01,90.69,20.11,-44.97,-63.06,-70.66,-52.03,8.58
objects/fountain_mpeg7-02,objects,targets/objects/fountain_mpeg7-02.png,0.6654,0.5952,0.0294,0.5596,10,8,3,0.2,85.5,objects/fountain_mpeg7-02/fountain_mpeg7-02_best.png,"[1.086884, -1.233504, -0.739757, -1.65806, -1.745419, 0.096463, 1.834458, -0.786128, -1.661892, -1.493976, -1.201614, 1.024347, -1.917224, -0.360514, -0.358335, -1.420922, -0.047626, 0.6238]",62.27,-70.67,-42.38,-95.0,-100.01,5.53,105.11,-45.04,-95.22,-85.6,-68.85,58.69,-109.85,-20.66,-20.53,-81.41,-2.73,35.74
digits/0_dejavusansmono-bold,digits,targets/digits/0_dejavusansmono-bold.png,0.6644,0.639,0.0174,0.6074,10,6,3,0.2,123.2,digits/0_dejavusansmono-bold/0_dejavusansmono-bold_best.png,"[0.921839, -1.251283, -1.097658, 1.171801, -1.821477, -0.044759, 1.149669, 0.19736, -1.69, -1.048914, 2.757245, -0.07682, -0.505951, -0.076502, -1.674522, -0.332955, 2.285665, 1.365053]",52.82,-71.69,-62.89,67.14,-104.36,-2.56,65.87,11.31,-96.83,-60.1,157.98,-4.4,-28.99,-4.38,-95.94,-19.08,130.96,78.21
animals/ray_mpeg7-04,animals,targets/animals/ray_mpeg7-04.png,0.6639,0.6418,0.0218,0.5915,10,9,3,0.2,122.4,animals/ray_mpeg7-04/ray_mpeg7-04_best.png,"[-0.873738, -0.813617, -0.529333, -1.540044, 0.64069, 0.413679, 1.067569, -0.698343, -1.69, -0.719314, 0.816194, 1.6284, 0.278956, -0.637062, -0.235738, -1.517579, 0.713326, 1.037526]",-50.06,-46.62,-30.33,-88.24,36.71,23.7,61.17,-40.01,-96.83,-41.21,46.76,93.3,15.98,-36.5,-13.51,-86.95,40.87,59.45
letters_lower/k_dejavusansmono-bold,letters_lower,targets/letters_lower/k_dejavusansmono-bold.png,0.6633,0.622,0.0246,0.5876,10,5,3,0.2,87.4,letters_lower/k_dejavusansmono-bold/k_dejavusansmono-bold_best.png,"[1.612973, -1.414799, 0.369726, -1.02339, 2.76591, 0.304793, 1.215502, -0.887131, -1.57645, -1.488269, 2.562641, 0.025634, -0.718849, -0.701024, -1.273164, -0.904913, -1.384168, 1.638535]",92.42,-81.06,21.18,-58.64,158.47,17.46,69.64,-50.83,-90.32,-85.27,146.83,1.47,-41.19,-40.17,-72.95,-51.85,-79.31,93.88
abstract/device2_mpeg7-02,abstract,targets/abstract/device2_mpeg7-02.png,0.6632,0.6469,0.0092,0.6328,10,7,3,0.2,122.0,abstract/device2_mpeg7-02/device2_mpeg7-02_best.png,"[1.275077, -0.724547, -1.69, -0.38158, 2.582334, 0.727917, 0.908655, -0.731237, 0.048754, -1.62607, 1.635332, 1.081462, 0.965658, -1.213925, -1.476586, 0.853646, 1.116585, 1.349161]",73.06,-41.51,-96.83,-21.86,147.96,41.71,52.06,-41.9,2.79,-93.17,93.7,61.96,55.33,-69.55,-84.6,48.91,63.98,77.3
animals/frog_mpeg7-02,animals,targets/animals/frog_mpeg7-02.png,0.6632,0.636,0.0183,0.6103,10,9,3,0.2,123.6,animals/frog_mpeg7-02/frog_mpeg7-02_best.png,"[0.875186, -0.623947, -1.454857, -1.65806, -1.422848, 0.034264, -1.486824, 0.299176, -1.087309, -1.470742, -0.841941, -0.112924, -0.856748, -1.211043, -1.292896, -1.475285, -0.243693, 1.025916]",50.14,-35.75,-83.36,-95.0,-81.52,1.96,-85.19,17.14,-62.3,-84.27,-48.24,-6.47,-49.09,-69.39,-74.08,-84.53,-13.96,58.78
abstract/heart_mpeg7-01,abstract,targets/abstract/heart_mpeg7-01.png,0.6631,0.6166,0.0251,0.578,10,0,3,0.2,123.1,abstract/heart_mpeg7-01/heart_mpeg7-01_best.png,"[-1.917352, 0.269596, -0.623974, -0.428142, 1.983064, 1.286586, -1.190612, -0.464142, -0.008171, -0.632706, 0.68033, 1.388273, -1.65185, 0.095273, -0.626876, -1.65806, 1.448289, 1.099654]",-109.86,15.45,-35.75,-24.53,113.62,73.72,-68.22,-26.59,-0.47,-36.25,38.98,79.54,-94.64,5.46,-35.92,-95.0,82.98,63.01
objects/pocket_mpeg7-03,objects,targets/objects/pocket_mpeg7-03.png,0.6629,0.6268,0.0351,0.5334,10,5,3,0.2,87.5,objects/pocket_mpeg7-03/pocket_mpeg7-03_best.png,"[1.340323, -1.481021, -0.127563, -0.799852, 2.27504, 0.408791, -1.874138, 0.753445, -0.903221, -1.096566, -0.303522, -0.174533, -1.180355, -0.72222, 1.029231, -1.431224, -0.034313, 1.142606]",76.79,-84.86,-7.31,-45.83,130.35,23.42,-107.38,43.17,-51.75,-62.83,-17.39,-10.0,-67.63,-41.38,58.97,-82.0,-1.97,65.47
abstract/device6_mpeg7-01,abstract,targets/abstract/device6_mpeg7-01.png,0.6624,0.614,0.0251,0.5724,10,3,3,0.2,123.3,abstract/device6_mpeg7-01/device6_mpeg7-01_best.png,"[-1.898417, 0.570316, -0.882886, -1.395249, 1.167245, 1.686999, 1.587273, -0.653583, 0.061827, -1.519446, 1.151905, -0.174533, 0.711252, 0.529435, -1.69, -1.355254, -1.495334, 1.088508]",-108.77,32.68,-50.59,-79.94,66.88,96.66,90.94,-37.45,3.54,-87.06,66.0,-10.0,40.75,30.33,-96.83,-77.65,-85.68,62.37
letters_lower/i_dejavuserif-bold,letters_lower,targets/letters_lower/i_dejavuserif-bold.png,0.6624,0.6389,0.0123,0.6227,10,6,3,0.2,88.1,letters_lower/i_dejavuserif-bold/i_dejavuserif-bold_best.png,"[0.000128, -1.60144, 0.291193, 0.079598, -1.983341, 1.511873, 0.710589, -1.181207, -0.330656, -0.100778, 1.269466, 0.560418, 1.168129, -1.115388, -0.650364, 0.315659, 0.694916, 0.596468]",0.01,-91.76,16.68,4.56,-113.64,86.62,40.71,-67.68,-18.95,-5.77,72.74,32.11,66.93,-63.91,-37.26,18.09,39.82,34.18
animals/chicken_mpeg7-03,animals,targets/animals/chicken_mpeg7-03.png,0.6616,0.6146,0.0256,0.5739,10,8,3,0.2,122.5,animals/chicken_mpeg7-03/chicken_mpeg7-03_best.png,"[1.038133, -0.804381, -1.599628, -1.311043, -1.862223, 0.548184, 1.816096, -1.046099, -0.283563, 0.282398, -2.64015, 0.861752, -1.149712, 0.48555, -1.330983, -1.401307, -0.883697, 0.840997]",59.48,-46.09,-91.65,-75.12,-106.7,31.41,104.05,-59.94,-16.25,16.18,-151.27,49.37,-65.87,27.82,-76.26,-80.29,-50.63,48.19
letters_upper/F_dejavusans-bold,letters_upper,targets/letters_upper/F_dejavusans-bold.png,0.6613,0.6289,0.0216,0.5931,10,3,3,0.2,123.5,letters_upper/F_dejavusans-bold/F_dejavusans-bold_best.png,"[1.913864, -0.922029, -0.740868, 0.764671, 2.686445, 0.369955, 0.718403, -0.250848, -1.58571, -0.631942, 1.806119, 1.190484, -0.708826, -0.490642, -1.69, -1.244874, -1.0145, 0.474222]",109.66,-52.83,-42.45,43.81,153.92,21.2,41.16,-14.37,-90.85,-36.21,103.48,68.21,-40.61,-28.11,-96.83,-71.33,-58.13,27.17
objects/jar_mpeg7-03,objects,targets/objects/jar_mpeg7-03.png,0.6612,0.6271,0.0242,0.5852,10,6,3,0.2,85.5,objects/jar_mpeg7-03/jar_mpeg7-03_best.png,"[0.98494, -0.676356, -1.511511, -1.368735, 0.947091, 1.207941, 0.369923, -0.056888, -1.549898, -1.524864, 2.37335, -0.149462, 0.623767, -0.562155, -0.594487, 1.427057, -0.409038, -0.174533]",56.43,-38.75,-86.6,-78.42,54.26,69.21,21.2,-3.26,-88.8,-87.37,135.98,-8.56,35.74,-32.21,-34.06,81.76,-23.44,-10.0
objects/tree_mpeg7-02,objects,targets/objects/tree_mpeg7-02.png,0.6605,0.6358,0.0137,0.617,10,4,3,0.2,86.2,objects/tree_mpeg7-02/tree_mpeg7-02_best.png,"[1.004411, -0.850121, -1.627657, 1.582886, 2.779936, 1.652097, 1.109453, -1.209961, 0.169283, -1.370921, 2.75078, -0.002058, -0.919738, -1.164492, -0.382946, -1.096779, -2.722556, 1.195076]",57.55,-48.71,-93.26,90.69,159.28,94.66,63.57,-69.33,9.7,-78.55,157.61,-0.12,-52.7,-66.72,-21.94,-62.84,-155.99,68.47
animals/turtle_mpeg7-03,animals,targets/animals/turtle_mpeg7-03.png,0.6602,0.6334,0.0176,0.6076,10,4,3,0.2,123.0,animals/turtle_mpeg7-03/turtle_mpeg7-03_best.png,"[-0.772682, -0.842927, -1.350739, 1.557999, 0.37653, 0.017033, -0.220239, -1.188365, -0.716713, 1.644084, -1.199718, 1.637485, 1.032419, -1.017855, -0.516178, 0.430246, 2.831647, -0.011816]",-44.27,-48.3,-77.39,89.27,21.57,0.98,-12.62,-68.09,-41.06,94.2,-68.74,93.82,59.15,-58.32,-29.57,24.65,162.24,-0.68
objects/hat_mpeg7-04,objects,targets/objects/hat_mpeg7-04.png,0.6599,0.6203,0.0284,0.5665,10,5,3,0.2,86.4,objects/hat_mpeg7-04/hat_mpeg7-04_best.png,"[-1.735587, 0.046212, -0.489935, -0.258366, -2.048591, -0.154471, 0.933586, -1.194152, -1.37271, 0.957969, -1.929274, 0.275897, -1.275836, 0.589206, -1.673822, -1.001584, -2.74385, 0.905011]",-99.44,2.65,-28.07,-14.8,-117.38,-8.85,53.49,-68.42,-78.65,54.89,-110.54,15.81,-73.1,33.76,-95.9,-57.39,-157.21,51.85
animals/octopus_mpeg7-03,animals,targets/animals/octopus_mpeg7-03.png,0.6598,0.6273,0.0258,0.586,10,3,3,0.2,123.7,animals/octopus_mpeg7-03/octopus_mpeg7-03_best.png,"[-1.895144, 0.590226, -1.031479, -0.675622, 1.184177, 1.453674, 1.91986, -0.982011, -1.616913, 1.350175, -1.256664, 0.20215, 1.107745, -0.444722, -1.656083, -0.081918, 2.243973, 1.402939]",-108.58,33.82,-59.1,-38.71,67.85,83.29,110.0,-56.27,-92.64,77.36,-72.0,11.58,63.47,-25.48,-94.89,-4.69,128.57,80.38
abstract/device6_mpeg7-04,abstract,targets/abstract/device6_mpeg7-04.png,0.6593,0.6242,0.0179,0.5949,10,2,3,0.2,123.2,abstract/device6_mpeg7-04/device6_mpeg7-04_best.png,"[-1.873761, 0.15664, -1.068485, -1.65806, 1.88785, 0.988414, -1.91986, 0.791332, -1.069135, -0.768945, 0.053691, 0.875736, -0.942444, 0.523919, -1.69, -1.586142, 2.84121, 0.484651]",-107.36,8.97,-61.22,-95.0,108.17,56.63,-110.0,45.34,-61.26,-44.06,3.08,50.18,-54.0,30.02,-96.83,-90.88,162.79,27.77
letters_upper/C_dejavusansmono-bold,letters_upper,targets/letters_upper/C_dejavusansmono-bold.png,0.6589,0.6235,0.0233,0.5795,10,7,3,0.2,123.6,letters_upper/C_dejavusansmono-bold/C_dejavusansmono-bold_best.png,"[0.856886, -0.279319, -1.369222, -1.199968, 2.386369, -0.157033, -1.136258, -1.543576, -1.657742, 0.318291, -2.385856, -0.174533, -1.054813, -1.370864, 1.092562, -1.169366, -0.260959, 1.353444]",49.1,-16.0,-78.45,-68.75,136.73,-9.0,-65.1,-88.44,-94.98,18.24,-136.7,-10.0,-60.44,-78.54,62.6,-67.0,-14.95,77.55
abstract/misk_mpeg7-04,abstract,targets/abstract/misk_mpeg7-04.png,0.6586,0.6355,0.016,0.6093,10,3,3,0.2,122.5,abstract/misk_mpeg7-04/misk_mpeg7-04_best.png,"[-1.91986, 0.475709, -1.648888, 0.693227, -1.372673, 1.591463, 1.651748, -0.917977, -1.66418, 0.708246, -0.939615, -0.136205, -0.347582, -1.492662, -0.388337, 0.009665, 0.703683, 0.68724]",-110.0,27.26,-94.47,39.72,-78.65,91.18,94.64,-52.6,-95.35,40.58,-53.84,-7.8,-19.91,-85.52,-22.25,0.55,40.32,39.38
objects/teddy_mpeg7-03,objects,targets/objects/teddy_mpeg7-03.png,0.6585,0.6201,0.023,0.5834,10,1,3,0.2,87.8,objects/teddy_mpeg7-03/teddy_mpeg7-03_best.png,"[-1.749615, 0.687832, -1.422745, -0.545105, -0.533533, 1.066936, -1.393854, 0.826492, -1.652789, -1.557863, 1.750934, 0.658782, -1.91986, 0.711559, -0.673287, -1.083089, 0.912762, 0.624058]",-100.25,39.41,-81.52,-31.23,-30.57,61.13,-79.86,47.35,-94.7,-89.26,100.32,37.75,-110.0,40.77,-38.58,-62.06,52.3,35.76
vehicles/chopper_mpeg7-05,vehicles,targets/vehicles/chopper_mpeg7-05.png,0.6584,0.6088,0.0245,0.5798,10,9,3,0.2,87.1,vehicles/chopper_mpeg7-05/chopper_mpeg7-05_best.png,"[1.092564, -0.455844, -1.69, -1.644282, -1.818269, 1.74533, 1.91986, -0.611359, -1.416435, -1.603905, 0.676036, 1.435212, 0.996914, -0.444054, 0.212868, 1.639452, 2.479366, 1.708284]",62.6,-26.12,-96.83,-94.21,-104.18,100.0,110.0,-35.03,-81.16,-91.9,38.73,82.23,57.12,-25.44,12.2,93.93,142.06,97.88
objects/fountain_mpeg7-01,objects,targets/objects/fountain_mpeg7-01.png,0.658,0.624,0.0214,0.5859,10,1,3,0.2,85.9,objects/fountain_mpeg7-01/fountain_mpeg7-01_best.png,"[-1.810935, 0.419604, -1.293236, 1.286559, 1.814638, 0.459141, 1.735024, -1.045396, -1.322458, -1.326409, 1.921025, 1.199503, -1.91986, 0.801984, -1.200673, 0.686704, 0.577739, 1.035109]",-103.76,24.04,-74.1,73.71,103.97,26.31,99.41,-59.9,-75.77,-76.0,110.07,68.73,-110.0,45.95,-68.79,39.35,33.1,59.31
abstract/device9_mpeg7-01,abstract,targets/abstract/device9_mpeg7-01.png,0.6574,0.6341,0.0146,0.6129,10,6,3,0.2,122.8,abstract/device9_mpeg7-01/device9_mpeg7-01_best.png,"[0.973046, -1.071731, -1.69, 1.248053, -1.596637, 0.132554, -1.187979, 0.448732, -1.589021, -1.223242, 1.9091, 1.156915, -0.937989, -0.505111, -1.485266, -0.047755, 1.567808, 1.69414]",55.75,-61.41,-96.83,71.51,-91.48,7.59,-68.07,25.71,-91.04,-70.09,109.38,66.29,-53.74,-28.94,-85.1,-2.74,89.83,97.07
objects/glas_mpeg7-04,objects,targets/objects/glas_mpeg7-04.png,0.6571,0.6186,0.0269,0.5721,10,6,3,0.2,85.8,objects/glas_mpeg7-04/glas_mpeg7-04_best.png,"[0.321327, -0.817573, -0.925083, 1.266582, -2.398031, -0.026934, -0.249883, -1.137196, -0.424693, -0.571431, -2.164113, 1.663385, -0.172091, -0.903928, -0.551652, 1.059952, -0.794538, 0.25005]",18.41,-46.84,-53.0,72.57,-137.4,-1.54,-14.32,-65.16,-24.33,-32.74,-123.99,95.3,-9.86,-51.79,-31.61,60.73,-45.52,14.33
objects/hat_mpeg7-02,objects,targets/objects/hat_mpeg7-02.png,0.6569,0.5996,0.0375,0.5253,10,1,3,0.2,85.8,objects/hat_mpeg7-02/hat_mpeg7-02_best.png,"[0.898812, -0.383925, -1.544829, -1.65806, 0.028478, 0.601121, -0.677746, -0.810836, -1.633717, -1.430364, -1.254357, 0.860975, 0.843083, -0.377717, -0.168161, 1.610232, -1.624922, 0.21774]",51.5,-22.0,-88.51,-95.0,1.63,34.44,-38.83,-46.46,-93.61,-81.95,-71.87,49.33,48.31,-21.64,-9.63,92.26,-93.1,12.48
animals/ray_mpeg7-01,animals,targets/animals/ray_mpeg7-01.png,0.6559,0.6342,0.0161,0.6045,10,2,3,0.2,124.1,animals/ray_mpeg7-01/ray_mpeg7-01_best.png,"[1.290709, -1.085937, -0.674294, -0.896599, -0.749115, 1.115392, -1.91986, 0.196136, -0.521939, -0.689738, 0.780301, 1.623203, 1.91986, -0.785275, -1.510084, 1.087722, 2.026731, 1.617775]",73.95,-62.22,-38.63,-51.37,-42.92,63.91,-110.0,11.24,-29.9,-39.52,44.71,93.0,110.0,-44.99,-86.52,62.32,116.12,92.69
digits/6_dejavusans-bold,digits,targets/digits/6_dejavusans-bold.png,0.6558,0.6253,0.0221,0.5843,10,4,3,0.2,122.9,digits/6_dejavusans-bold/6_dejavusans-bold_best.png,"[1.703104, -0.834228, -1.69, 1.63109, -0.75441, 0.503269, 0.91389, -1.265642, -1.608624, 1.65806, 0.049771, -0.174533, 0.071874, -1.377993, -0.618133, 1.598693, -0.27889, -0.111413]",97.58,-47.8,-96.83,93.45,-43.22,28.84,52.36,-72.52,-92.17,95.0,2.85,-10.0,4.12,-78.95,-35.42,91.6,-15.98,-6.38
letters_upper/G_dejavusansmono-bold,letters_upper,targets/letters_upper/G_dejavusansmono-bold.png,0.6558,0.6185,0.0252,0.5813,10,4,3,0.2,124.3,letters_upper/G_dejavusansmono-bold/G_dejavusansmono-bold_best.png,"[0.779841, -0.46277, -0.891443, -1.419838, 1.674454, 0.082629, 1.059573, -1.335642, -1.621399, 1.422618, 1.432461, 0.772741, 0.96217, 0.286789, -1.69, -1.24971, 1.987973, 0.609237]",44.68,-26.51,-51.08,-81.35,95.94,4.73,60.71,-76.53,-92.9,81.51,82.07,44.27,55.13,16.43,-96.83,-71.6,113.9,34.91
animals/bird_mpeg7-05,animals,targets/animals/bird_mpeg7-05.png,0.6557,0.6309,0.0195,0.6021,10,8,3,0.2,123.0,animals/bird_mpeg7-05/bird_mpeg7-05_best.png,"[1.025937, -0.745858, -1.394387, -0.649971, -0.579248, -0.141702, -1.072872, -0.580747, -0.432055, 1.657131, -1.776515, -0.06846, 0.852686, 0.061363, -1.69, -1.219049, 0.806639, 1.136306]",58.78,-42.73,-79.89,-37.24,-33.19,-8.12,-61.47,-33.27,-24.75,94.95,-101.79,-3.92,48.86,3.52,-96.83,-69.85,46.22,65.11
letters_upper/D_dejavusans-bold,letters_upper,targets/letters_upper/D_dejavusans-bold.png,0.6557,0.6325,0.0153,0.5972,10,0,3,0.2,124.0,letters_upper/D_dejavusans-bold/D_dejavusans-bold_best.png,"[-1.181488, 0.157796, -1.69, -1.197317, 1.439276, 1.081427, 0.67147, -1.109356, -1.498565, 1.230002, -2.537312, 1.22396, 0.128785, 0.060059, -1.636481, -0.874342, -2.371051, 1.610056]",-67.69,9.04,-96.83,-68.6,82.46,61.96,38.47,-63.56,-85.86,70.47,-145.38,70.13,7.38,3.44,-93.76,-50.1,-135.85,92.25
letters_lower/f_dejavusansmono-bold,letters_lower,targets/letters_lower/f_dejavusansmono-bold.png,0.6554,0.6296,0.0215,0.5845,10,8,3,0.2,86.3,letters_lower/f_dejavusansmono-bold/f_dejavusansmono-bold_best.png,"[1.91986, 0.246507, -1.6314, 0.508486, -1.752269, 0.668793, 0.509073, -1.132789, -0.200068, 0.934825, -1.662961, -0.174533, -0.597858, -0.840116, -0.751235, -1.39094, -2.485278, -0.174533]",110.0,14.12,-93.47,29.13,-100.4,38.32,29.17,-64.9,-11.46,53.56,-95.28,-10.0,-34.25,-48.14,-43.04,-79.69,-142.4,-10.0
letters_lower/p_dejavusansmono-bold,letters_lower,targets/letters_lower/p_dejavusansmono-bold.png,0.6554,0.6319,0.0149,0.6099,10,5,3,0.2,85.6,letters_lower/p_dejavusansmono-bold/p_dejavusansmono-bold_best.png,"[1.862739, -0.599981, -1.158723, 1.19478, 1.649559, 0.788209, -0.434453, -0.959828, -1.30031, 0.871221, -1.774978, -0.03431, 0.478794, -0.315424, -1.150432, -0.894045, 2.298089, -0.174533]",106.73,-34.38,-66.39,68.46,94.51,45.16,-24.89,-54.99,-74.5,49.92,-101.7,-1.97,27.43,-18.07,-65.91,-51.23,131.67,-10.0
letters_upper/P_dejavusansmono-bold,letters_upper,targets/letters_upper/P_dejavusansmono-bold.png,0.6554,0.6121,0.028,0.555,10,6,3,0.2,123.9,letters_upper/P_dejavusansmono-bold/P_dejavusansmono-bold_best.png,"[1.719513, -0.712214, -1.299247, 1.203215, -1.472168, 1.327989, -0.529476, -0.505115, -1.69, 0.101007, -2.172421, 1.74533, -0.648831, -0.739681, -1.647511, -0.05457, 2.661385, 0.527814]",98.52,-40.81,-74.44,68.94,-84.35,76.09,-30.34,-28.94,-96.83,5.79,-124.47,100.0,-37.18,-42.38,-94.4,-3.13,152.49,30.24
objects/teddy_mpeg7-02,objects,targets/objects/teddy_mpeg7-02.png,0.6554,0.6331,0.015,0.6097,10,8,3,0.2,86.6,objects/teddy_mpeg7-02/teddy_mpeg7-02_best.png,"[1.045189, -0.536201, -1.69, -1.65806, -1.324873, 0.27714, 0.73255, 0.122643, -1.672104, -1.148477, -1.047987, 0.258707, 0.625388, -1.188666, -0.801286, 0.63832, -1.338157, 0.182055]",59.88,-30.72,-96.83,-95.0,-75.91,15.88,41.97,7.03,-95.8,-65.8,-60.05,14.82,35.83,-68.11,-45.91,36.57,-76.67,10.43
letters_lower/t_dejavusansmono-bold,letters_lower,targets/letters_lower/t_dejavusansmono-bold.png,0.6552,0.6318,0.0182,0.5882,10,4,3,0.2,86.4,letters_lower/t_dejavusansmono-bold/t_dejavusansmono-bold_best.png,"[0.986472, -0.824293, -0.953099, 1.602991, -1.000177, 1.010032, -0.60753, -1.260195, 0.01748, -0.273027, -0.086534, 0.125599, 0.113239, -0.669849, -0.719979, -1.503111, -1.21196, 0.346226]",56.52,-47.23,-54.61,91.84,-57.31,57.87,-34.81,-72.2,1.0,-15.64,-4.96,7.2,6.49,-38.38,-41.25,-86.12,-69.44,19.84
animals/camel_mpeg7-01,animals,targets/animals/camel_mpeg7-01.png,0.6551,0.6106,0.0227,0.5823,10,3,3,0.2,124.6,animals/camel_mpeg7-01/camel_mpeg7-01_best.png,"[-1.722946, 0.025551, -0.351467, -0.30973, 0.789311, 1.64958, 1.862413, -1.383686, -0.979376, 1.59713, -0.766923, 0.057501, 0.427095, -1.304668, -0.612491, 0.004114, 0.880552, 0.094736]",-98.72,1.46,-20.14,-17.75,45.22,94.51,106.71,-79.28,-56.11,91.51,-43.94,3.29,24.47,-74.75,-35.09,0.24,50.45,5.43
animals/butterfly_mpeg7-04,animals,targets/animals/butterfly_mpeg7-04.png,0.6549,0.6018,0.0307,0.5534,10,3,3,0.2,125.1,animals/butterfly_mpeg7-04/butterfly_mpeg7-04_best.png,"[-1.91986, 0.078381, -0.280778, -0.673496, 0.999801, 1.040647, 1.361988, -1.347888, -0.634615, 1.305587, 1.82895, 1.567577, 0.933989, -0.069192, -0.892493, 0.399529, 1.43058, 0.792759]",-110.0,4.49,-16.09,-38.59,57.28,59.62,78.04,-77.23,-36.36,74.8,104.79,89.82,53.51,-3.96,-51.14,22.89,81.97,45.42
animals/elephant_mpeg7-02,animals,targets/animals/elephant_mpeg7-02.png,0.6549,0.616,0.0215,0.5803,10,1,3,0.2,123.1,animals/elephant_mpeg7-02/elephant_mpeg7-02_best.png,"[0.714863, -0.162675, -1.467466, -1.566685, -0.320748, 1.344929, 0.810313, -0.363737, -1.69, -1.080773, -2.566131, 1.742989, 0.840281, 0.733188, -1.597404, -1.459935, -1.540475, -0.153627]",40.96,-9.32,-84.08,-89.76,-18.38,77.06,46.43,-20.84,-96.83,-61.92,-147.03,99.87,48.14,42.01,-91.52,-83.65,-88.26,-8.8
digits/1_dejavusansmono-bold,digits,targets/digits/1_dejavusansmono-bold.png,0.6549,0.6271,0.0181,0.5962,10,5,3,0.2,124.9,digits/1_dejavusansmono-bold/1_dejavusansmono-bold_best.png,"[-1.91986, -0.77939, 0.724636, -1.423525, -2.545284, 0.250679, -0.460342, -0.735768, -1.189771, 0.872905, -2.37259, 0.652588, -1.016954, -1.495749, -1.610005, -0.589427, -1.359234, 1.382531]",-110.0,-44.66,41.52,-81.56,-145.83,14.36,-26.38,-42.16,-68.17,50.01,-135.94,37.39,-58.27,-85.7,-92.25,-33.77,-77.88,79.21
letters_lower/g_dejavusansmono-bold,letters_lower,targets/letters_lower/g_dejavusansmono-bold.png,0.6534,0.6309,0.015,0.6075,10,1,3,0.2,87.2,letters_lower/g_dejavusansmono-bold/g_dejavusansmono-bold_best.png,"[1.038935, -1.621401, -0.487202, 0.446483, -2.741537, -0.123903, -0.995687, -0.467276, -0.542656, -1.238587, 1.456719, 0.823942, -0.181077, -0.797222, -1.117256, -0.036131, -2.7156, 1.549659]",59.53,-92.9,-27.91,25.58,-157.08,-7.1,-57.05,-26.77,-31.09,-70.97,83.46,47.21,-10.37,-45.68,-64.01,-2.07,-155.59,88.79
animals/rat_mpeg7-05,animals,targets/animals/rat_mpeg7-05.png,0.6532,0.6362,0.0079,0.6205,10,3,3,0.2,123.6,animals/rat_mpeg7-05/rat_mpeg7-05_best.png,"[-1.364719, -1.142562, 0.260708, -1.252239, 1.945724, 0.973961, 1.527952, -0.424522, -1.643401, 1.065033, -1.136368, -0.174533, -0.563999, -0.740423, -1.008654, -0.567557, -0.303079, -0.008767]",-78.19,-65.46,14.94,-71.75,111.48,55.8,87.55,-24.32,-94.16,61.02,-65.11,-10.0,-32.31,-42.42,-57.79,-32.52,-17.37,-0.5
animals/fly_mpeg7-02,animals,targets/animals/fly_mpeg7-02.png,0.6528,0.6055,0.0239,0.5631,10,5,3,0.2,124.9,animals/fly_mpeg7-02/fly_mpeg7-02_best.png,"[1.435014, -1.493117, -0.136885, 1.453555, -1.970905, 1.74533, -1.850119, -0.013598, -1.162448, -1.257804, 0.210559, 1.653534, -0.877018, -0.797406, -1.528154, -1.287953, -1.358176, 0.159109]",82.22,-85.55,-7.84,83.28,-112.92,100.0,-106.0,-0.78,-66.6,-72.07,12.06,94.74,-50.25,-45.69,-87.56,-73.79,-77.82,9.12
letters_upper/Q_dejavusans-bold,letters_upper,targets/letters_upper/Q_dejavusans-bold.png,0.6522,0.5939,0.0272,0.5588,10,8,3,0.2,122.7,letters_upper/Q_dejavusans-bold/Q_dejavusans-bold_best.png,"[0.487045, -0.473421, -0.568482, -1.518973, -1.37483, 0.657798, -0.258026, -1.068144, -1.087891, 0.692, 1.040396, -0.174533, -0.476484, -1.367101, -1.083141, 0.662053, -0.671768, -0.166078]",27.91,-27.13,-32.57,-87.03,-78.77,37.69,-14.78,-61.2,-62.33,39.65,59.61,-10.0,-27.3,-78.33,-62.06,37.93,-38.49,-9.52
abstract/heart_mpeg7-04,abstract,targets/abstract/heart_mpeg7-04.png,0.652,0.6182,0.017,0.588,10,3,3,0.2,123.8,abstract/heart_mpeg7-04/heart_mpeg7-04_best.png,"[-0.98414, -0.676688, -0.792037, 1.407468, -2.719613, 1.74533, 0.83572, -1.001011, -1.69, 0.816456, 2.84121, 1.044231, -1.91986, 0.172916, -0.57717, -1.576593, -2.018564, 0.960228]",-56.39,-38.77,-45.38,80.64,-155.82,100.0,47.88,-57.35,-96.83,46.78,162.79,59.83,-110.0,9.91,-33.07,-90.33,-115.66,55.02
objects/teddy_mpeg7-04,objects,targets/objects/teddy_mpeg7-04.png,0.652,0.6296,0.0169,0.5944,10,7,3,0.2,88.2,objects/teddy_mpeg7-04/teddy_mpeg7-04_best.png,"[1.333524, -1.016229, -1.52997, 0.452588, 2.309408, -0.174533, 1.86911, -1.21975, -0.9234, 1.212163, -0.851431, 0.343322, 0.799802, -1.316168, -1.69, 1.65806, 1.442463, 0.968599]",76.41,-58.23,-87.66,25.93,132.32,-10.0,107.09,-69.89,-52.91,69.45,-48.78,19.67,45.83,-75.41,-96.83,95.0,82.65,55.5
animals/octopus_mpeg7-01,animals,targets/animals/octopus_mpeg7-01.png,0.6518,0.6181,0.022,0.5876,10,2,3,0.2,123.7,animals/octopus_mpeg7-01/octopus_mpeg7-01_best.png,"[-1.467833, 0.154474, -0.902221, -1.64777, 1.958917, 0.38309, -1.91986, 0.796156, -1.516986, -0.40872, 0.96528, 1.473805, 1.081698, -0.918086, -1.091536, 0.361276, 1.240044, 0.319692]",-84.1,8.85,-51.69,-94.41,112.24,21.95,-110.0,45.62,-86.92,-23.42,55.31,84.44,61.98,-52.6,-62.54,20.7,71.05,18.32
animals/rat_mpeg7-02,animals,targets/animals/rat_mpeg7-02.png,0.6517,0.6312,0.0138,0.5988,10,7,3,0.2,123.3,animals/rat_mpeg7-02/rat_mpeg7-02_best.png,"[1.086675, -0.655103, -1.155564, -1.131871, 2.781289, -0.174533, 1.249136, -0.302908, -0.983043, -0.864604, -0.80443, 1.723901, 0.639525, -0.945942, -0.546138, -0.724337, -1.915824, 1.001277]",62.26,-37.53,-66.21,-64.85,159.36,-10.0,71.57,-17.36,-56.32,-49.54,-46.09,98.77,36.64,-54.2,-31.29,-41.5,-109.77,57.37
animals/ray_mpeg7-03,animals,targets/animals/ray_mpeg7-03.png,0.6516,0.6191,0.0171,0.5927,10,4,3,0.2,122.5,animals/ray_mpeg7-03/ray_mpeg7-03_best.png,"[0.894114, -0.659915, -1.67635, 1.626102, 2.205704, 1.745191, 1.120498, -1.004658, -0.375806, 1.634332, 1.759021, 1.305844, -0.736701, -0.835137, -1.682792, 0.127008, -2.700862, 1.498769]",51.23,-37.81,-96.05,93.17,126.38,99.99,64.2,-57.56,-21.53,93.64,100.78,74.82,-42.21,-47.85,-96.42,7.28,-154.75,85.87
objects/teddy_mpeg7-01,objects,targets/objects/teddy_mpeg7-01.png,0.651,0.6205,0.0246,0.5852,10,7,3,0.2,87.3,objects/teddy_mpeg7-01/teddy_mpeg7-01_best.png,"[1.224774, -1.02225, -1.549076, 1.059722, 2.710179, -0.174533, 1.698118, -1.361115, -0.782576, 0.984543, -0.965021, 0.101278, 0.795032, -1.524576, -1.360345, 1.615631, 1.856342, 1.160187]",70.17,-58.57,-88.76,60.72,155.28,-10.0,97.29,-77.99,-44.84,56.41,-55.29,5.8,45.55,-87.35,-77.94,92.57,106.36,66.47
letters_lower/j_dejavusans-bold,letters_lower,targets/letters_lower/j_dejavusans-bold.png,0.6503,0.6138,0.0327,0.5535,10,6,3,0.2,87.3,letters_lower/j_dejavusans-bold/j_dejavusans-bold_best.png,"[1.809632, 0.693105, -1.636124, -0.425727, -1.646562, -0.112907, -1.171765, 1.74533, -1.537736, -0.787017, 2.789668, 1.725966, 0.241288, -1.081961, -0.487415, 0.233859, 1.069431, 0.931934]",103.68,39.71,-93.74,-24.39,-94.34,-6.47,-67.14,100.0,-88.11,-45.09,159.84,98.89,13.82,-61.99,-27.93,13.4,61.27,53.4
abstract/device5_mpeg7-04,abstract,targets/abstract/device5_mpeg7-04.png,0.6502,0.6147,0.0162,0.5918,10,6,3,0.2,121.5,abstract/device5_mpeg7-04/device5_mpeg7-04_best.png,"[-0.984461, -0.892522, -0.452551, 1.65806, -1.302052, -0.116138, 1.005275, -0.852175, -1.557319, 1.094396, 2.84121, 0.382741, 0.342895, -0.766611, -1.427729, -1.393107, -0.712301, 0.743961]",-56.41,-51.14,-25.93,95.0,-74.6,-6.65,57.6,-48.83,-89.23,62.7,162.79,21.93,19.65,-43.92,-81.8,-79.82,-40.81,42.63
hand_shadow/dog_hasper-01,hand_shadow,targets/hand_shadow/dog_hasper-01.png,0.6496,0.6067,0.0283,0.5625,10,7,3,0.2,87.1,hand_shadow/dog_hasper-01/dog_hasper-01_best.png,"[0.816591, -0.366576, -1.678409, -1.490109, 2.808132, 0.055045, -1.084597, 0.067549, -1.666621, -0.896146, 1.265134, 0.960061, 1.09076, 0.817365, -0.465045, -0.857072, -1.444007, 0.044328]",46.79,-21.0,-96.17,-85.38,160.89,3.15,-62.14,3.87,-95.49,-51.35,72.49,55.01,62.5,46.83,-26.65,-49.11,-82.74,2.54
letters_upper/I_dejavusansmono-bold,letters_upper,targets/letters_upper/I_dejavusansmono-bold.png,0.6495,0.6313,0.0122,0.6139,10,6,3,0.2,122.6,letters_upper/I_dejavusansmono-bold/I_dejavusansmono-bold_best.png,"[-0.607568, -0.990343, -0.500599, -0.49231, -2.171927, 1.737129, -0.397024, -0.96451, -0.660319, 0.615312, -2.229418, 0.441223, 1.301729, -0.93435, 1.168812, 0.630593, 0.894184, 0.725754]",-34.81,-56.74,-28.68,-28.21,-124.44,99.53,-22.75,-55.26,-37.83,35.25,-127.74,25.28,74.58,-53.53,66.97,36.13,51.23,41.58
letters_upper/J_dejavuserif-bold,letters_upper,targets/letters_upper/J_dejavuserif-bold.png,0.6494,0.6088,0.021,0.5744,10,6,3,0.2,122.2,letters_upper/J_dejavuserif-bold/J_dejavuserif-bold_best.png,"[-0.423562, -0.998308, -0.563217, -0.209202, -2.289487, 1.545979, -1.136295, -1.142858, -1.15832, 1.309858, 2.812074, 0.627193, -0.455793, -1.430311, -0.183256, 0.344223, -0.722286, 1.711981]",-24.27,-57.2,-32.27,-11.99,-131.18,88.58,-65.1,-65.48,-66.37,75.05,161.12,35.94,-26.12,-81.95,-10.5,19.72,-41.38,98.09
letters_upper/D_dejavuserif-bold,letters_upper,targets/letters_upper/D_dejavuserif-bold.png,0.6493,0.5968,0.026,0.568,10,5,3,0.2,123.6,letters_upper/D_dejavuserif-bold/D_dejavuserif-bold_best.png,"[1.882779, -0.88198, -0.938215, 1.196866, 1.596227, 1.261526, 0.718838, -1.3133, -1.206768, 1.092603, -1.381728, -0.174533, -0.932889, -1.524167, 1.264556, -0.739561, -0.663073, 1.386614]",107.88,-50.53,-53.76,68.58,91.46,72.28,41.19,-75.25,-69.14,62.6,-79.17,-10.0,-53.45,-87.33,72.45,-42.37,-37.99,79.45
abstract/heart_mpeg7-03,abstract,targets/abstract/heart_mpeg7-03.png,0.6489,0.6104,0.0331,0.534,10,0,3,0.2,123.3,abstract/heart_mpeg7-03/heart_mpeg7-03_best.png,"[-1.91986, 0.299817, -0.677543, -0.45375, 2.335053, 1.079562, -1.22118, -0.522034, 0.082991, -1.098126, 0.620164, 1.497411, -1.860644, -0.467279, -0.086237, -1.650121, 1.403895, 1.116908]",-110.0,17.18,-38.82,-26.0,133.79,61.85,-69.97,-29.91,4.76,-62.92,35.53,85.8,-106.61,-26.77,-4.94,-94.54,80.44,63.99
abstract/device5_mpeg7-01,abstract,targets/abstract/device5_mpeg7-01.png,0.6486,0.5913,0.0216,0.5626,10,6,3,0.2,122.4,abstract/device5_mpeg7-01/device5_mpeg7-01_best.png,"[-0.874833, -1.213319, -0.055102, 1.403401, 2.064804, 0.151081, -0.559358, -0.792041, -1.430068, -1.271525, -2.673053, 1.569157, 0.908508, -1.186251, -0.508375, 0.414879, 1.450227, 0.275539]",-50.12,-69.52,-3.16,80.41,118.3,8.66,-32.05,-45.38,-81.94,-72.85,-153.15,89.91,52.05,-67.97,-29.13,23.77,83.09,15.79
animals/rat_mpeg7-03,animals,targets/animals/rat_mpeg7-03.png,0.6477,0.6351,0.0091,0.6149,10,4,3,0.2,122.7,animals/rat_mpeg7-03/rat_mpeg7-03_best.png,"[-1.91986, -0.210352, -0.877377, 0.97906, 0.036903, 0.068488, -1.80524, -0.454933, -1.091402, -0.705071, -0.554443, 1.314447, -0.395686, -0.970959, 0.413649, -1.48833, -1.092457, 1.153193]",-110.0,-12.05,-50.27,56.1,2.11,3.92,-103.43,-26.07,-62.53,-40.4,-31.77,75.31,-22.67,-55.63,23.7,-85.28,-62.59,66.07
letters_lower/p_dejavuserif-bold,letters_lower,targets/letters_lower/p_dejavuserif-bold.png,0.6474,0.6097,0.0204,0.5814,10,5,3,0.2,86.9,letters_lower/p_dejavuserif-bold/p_dejavuserif-bold_best.png,"[1.835374, -0.880337, -0.978616, 1.089534, 1.742636, 0.835836, 0.464459, -0.872223, -1.689134, 1.147839, -1.072454, -0.144617, -0.925049, -0.995008, -1.641076, 0.088739, -2.462835, 1.216469]",105.16,-50.44,-56.07,62.43,99.85,47.89,26.61,-49.97,-96.78,65.77,-61.45,-8.29,-53.0,-57.01,-94.03,5.08,-141.11,69.7
letters_upper/B_dejavusansmono-bold,letters_upper,targets/letters_upper/B_dejavusansmono-bold.png,0.6474,0.6118,0.0231,0.5583,10,2,3,0.2,122.9,letters_upper/B_dejavusansmono-bold/B_dejavusansmono-bold_best.png,"[-1.423656, -0.052655, -1.002295, -1.45772, 1.599049, 1.171248, -1.91506, 0.658478, -0.67745, -1.260448, 0.993832, 1.470987, 0.68407, -0.559951, -1.665185, 0.014642, 2.306386, 0.090619]",-81.57,-3.02,-57.43,-83.52,91.62,67.11,-109.72,37.73,-38.82,-72.22,56.94,84.28,39.19,-32.08,-95.41,0.84,132.15,5.19
objects/fountain_mpeg7-04,objects,targets/objects/fountain_mpeg7-04.png,0.6473,0.6141,0.0247,0.5572,10,8,3,0.2,85.9,objects/fountain_mpeg7-04/fountain_mpeg7-04_best.png,"[1.151735, -0.832647, -1.64721, -0.988848, -2.597363, -0.142007, 1.258376, -0.386926, -1.661067, -1.007883, -2.696708, -0.142594, -0.44009, -0.995, 0.193522, 1.65806, -2.181298, 0.07536]",65.99,-47.71,-94.38,-56.66,-148.82,-8.14,72.1,-22.17,-95.17,-57.75,-154.51,-8.17,-25.22,-57.01,11.09,95.0,-124.98,4.32
animals/ray_mpeg7-02,animals,targets/animals/ray_mpeg7-02.png,0.6472,0.6198,0.0166,0.5985,10,8,3,0.2,122.4,animals/ray_mpeg7-02/ray_mpeg7-02_best.png,"[0.911025, -0.66844, -1.068473, -1.537077, -0.524831, 0.905888, -0.513586, -1.117776, -1.565222, 1.05437, 1.844587, -0.174533, 0.95995, -0.955164, -1.412437, -1.16939, 1.523405, 1.220631]",52.2,-38.3,-61.22,-88.07,-30.07,51.9,-29.43,-64.04,-89.68,60.41,105.69,-10.0,55.0,-54.73,-80.93,-67.0,87.28,69.94
letters_upper/E_dejavusans-bold,letters_upper,targets/letters_upper/E_dejavusans-bold.png,0.647,0.5938,0.0186,0.5798,10,6,3,0.2,123.8,letters_upper/E_dejavusans-bold/E_dejavusans-bold_best.png,"[1.905415, -0.773137, -1.030109, 1.053082, -1.825001, 1.125464, 1.113639, -0.644183, -1.671237, -0.950137, 2.84121, -0.087189, -0.855511, -1.58147, -1.437702, -0.483063, -1.200117, 1.464241]",109.17,-44.3,-59.02,60.34,-104.56,64.48,63.81,-36.91,-95.75,-54.44,162.79,-5.0,-49.02,-90.61,-82.37,-27.68,-68.76,83.89
abstract/device9_mpeg7-05,abstract,targets/abstract/device9_mpeg7-05.png,0.6462,0.6176,0.0159,0.5973,10,1,3,0.2,120.7,abstract/device9_mpeg7-05/device9_mpeg7-05_best.png,"[1.141061, -1.519873, -0.807233, 0.52796, -1.568759, -0.132243, -1.579363, 0.560121, -1.339072, -0.071967, 1.213986, 1.033095, 0.815117, 0.62312, -1.600148, -1.046664, -2.02528, 0.227542]",65.38,-87.08,-46.25,30.25,-89.88,-7.58,-90.49,32.09,-76.72,-4.12,69.56,59.19,46.7,35.7,-91.68,-59.97,-116.04,13.04
objects/guitar_mpeg7-01,objects,targets/objects/guitar_mpeg7-01.png,0.646,0.6045,0.032,0.5397,10,7,3,0.2,87.8,objects/guitar_mpeg7-01/guitar_mpeg7-01_best.png,"[1.70551, 0.930288, -1.505573, -1.515661, 2.828738, 0.588822, -1.357633, -1.563694, -0.965259, -0.052306, -0.355285, 1.213867, -1.226502, -1.676421, -1.554447, 0.859763, -2.74385, 1.683791]",97.72,53.3,-86.26,-86.84,162.07,33.74,-77.79,-89.59,-55.31,-3.0,-20.36,69.55,-70.27,-96.05,-89.06,49.26,-157.21,96.47
objects/crown_mpeg7-01,objects,targets/objects/crown_mpeg7-01.png,0.6446,0.6024,0.0213,0.5785,10,3,3,0.2,87.0,objects/crown_mpeg7-01/crown_mpeg7-01_best.png,"[-1.753474, 0.377721, -0.821025, -0.482166, 1.375798, 1.31871, 0.524199, -1.156114, -1.308405, 1.05484, 2.760419, 1.537883, 1.183134, -0.01966, -0.76774, 1.615709, 1.693944, 1.334952]",-100.47,21.64,-47.04,-27.63,78.83,75.56,30.03,-66.24,-74.97,60.44,158.16,88.11,67.79,-1.13,-43.99,92.57,97.06,76.49
abstract/heart_mpeg7-02,abstract,targets/abstract/heart_mpeg7-02.png,0.6443,0.6008,0.0243,0.5642,10,3,3,0.2,123.0,abstract/heart_mpeg7-02/heart_mpeg7-02_best.png,"[-1.660613, 0.250252, -0.488857, -0.516557, 1.458215, 1.027898, 0.921574, -1.01797, -1.69, 0.616739, 2.84121, 1.530401, 0.543902, -0.15029, -0.461594, -1.539567, -0.986407, 1.244636]",-95.15,14.34,-28.01,-29.6,83.55,58.89,52.8,-58.33,-96.83,35.34,162.79,87.69,31.16,-8.61,-26.45,-88.21,-56.52,71.31
hand_shadow/moose_hasper-01,hand_shadow,targets/hand_shadow/moose_hasper-01.png,0.6443,0.602,0.0327,0.543,10,5,3,0.2,87.1,hand_shadow/moose_hasper-01/moose_hasper-01_best.png,"[-1.91986, -0.944868, 0.561775, -0.580821, -2.277683, 0.34428, 1.0361, 0.089758, -0.507118, 1.65806, -1.698927, -0.061976, -0.337789, -0.609018, -1.526546, -1.535437, -1.141149, 1.467493]",-110.0,-54.14,32.19,-33.28,-130.5,19.73,59.36,5.14,-29.06,95.0,-97.34,-3.55,-19.35,-34.89,-87.46,-87.97,-65.38,84.08
letters_lower/k_dejavusans-bold,letters_lower,targets/letters_lower/k_dejavusans-bold.png,0.6438,0.6119,0.0178,0.5794,10,5,3,0.2,87.8,letters_lower/k_dejavusans-bold/k_dejavusans-bold_best.png,"[1.682859, -1.015151, -1.10509, 1.247073, 0.475634, 1.31321, 1.91986, 1.120067, -1.650012, 1.11184, -2.652468, 0.466444, -0.669041, -0.575713, -1.665644, -0.460906, -1.621927, 1.154573]",96.42,-58.16,-63.32,71.45,27.25,75.24,110.0,64.18,-94.54,63.7,-151.98,26.73,-38.33,-32.99,-95.43,-26.41,-92.93,66.15
abstract/device7_mpeg7-05,abstract,targets/abstract/device7_mpeg7-05.png,0.6437,0.6168,0.02,0.5818,10,2,3,0.2,123.5,abstract/device7_mpeg7-05/device7_mpeg7-05_best.png,"[-1.746061, 0.545761, -1.21442, -1.627408, 1.195846, 0.743017, -1.91986, 0.722508, -1.172105, -0.699015, -0.084692, 0.650331, 1.836543, -1.002049, -1.682717, 1.281618, -1.074697, -0.174533]",-100.04,31.27,-69.58,-93.24,68.52,42.57,-110.0,41.4,-67.16,-40.05,-4.85,37.26,105.23,-57.41,-96.41,73.43,-61.58,-10.0
letters_upper/Q_dejavusansmono-bold,letters_upper,targets/letters_upper/Q_dejavusansmono-bold.png,0.643,0.6082,0.0187,0.586,10,0,3,0.2,124.0,letters_upper/Q_dejavusansmono-bold/Q_dejavusansmono-bold_best.png,"[-0.775899, -0.741941, -0.330189, -1.310007, 1.374536, 0.743275, -0.138711, -1.161814, -0.629529, 0.45619, -0.961707, 1.742282, 0.548196, -1.436371, -0.61791, 0.63241, -2.500733, 0.795341]",-44.46,-42.51,-18.92,-75.06,78.76,42.59,-7.95,-66.57,-36.07,26.14,-55.1,99.83,31.41,-82.3,-35.4,36.23,-143.28,45.57
abstract/device6_mpeg7-05,abstract,targets/abstract/device6_mpeg7-05.png,0.6424,0.6162,0.0167,0.5784,10,1,3,0.2,122.9,abstract/device6_mpeg7-05/device6_mpeg7-05_best.png,"[0.800094, -0.465037, -1.493543, -1.5811, -0.321841, -0.13171, -0.786803, 0.190212, -1.585467, -1.312684, 1.175915, 0.78742, -1.91986, 0.523437, -1.005621, 1.523306, -1.304639, 1.70199]",45.84,-26.64,-85.57,-90.59,-18.44,-7.55,-45.08,10.9,-90.84,-75.21,67.37,45.12,-110.0,29.99,-57.62,87.28,-74.75,97.52
animals/rat_mpeg7-01,animals,targets/animals/rat_mpeg7-01.png,0.6422,0.6187,0.012,0.5994,10,0,3,0.2,122.7,animals/rat_mpeg7-01/rat_mpeg7-01_best.png,"[-1.646287, -0.383438, -0.565508, -1.477832, 1.562133, 1.255433, 0.784476, -0.791011, -0.680092, -1.355524, 0.22583, 0.072977, 0.422898, -0.213055, -1.648119, -0.604982, -1.877546, 1.532828]",-94.33,-21.97,-32.4,-84.67,89.5,71.93,44.95,-45.32,-38.97,-77.67,12.94,4.18,24.23,-12.21,-94.43,-34.66,-107.58,87.82
objects/tree_mpeg7-04,objects,targets/objects/tree_mpeg7-04.png,0.6418,0.6186,0.0137,0.5906,10,1,3,0.2,86.9,objects/tree_mpeg7-04/tree_mpeg7-04_best.png,"[1.222733, -1.738103, 0.106016, -0.077959, -2.308878, -0.006108, 1.10555, -1.74533, 0.209359, -1.491638, 2.84121, 1.392285, -0.986938, -1.262382, 0.798118, -1.499508, -0.484049, 1.662306]",70.06,-99.59,6.07,-4.47,-132.29,-0.35,63.34,-100.0,12.0,-85.46,162.79,79.77,-56.55,-72.33,45.73,-85.92,-27.73,95.24
letters_upper/N_dejavusansmono-bold,letters_upper,targets/letters_upper/N_dejavusansmono-bold.png,0.6411,0.601,0.0278,0.5566,10,6,3,0.2,125.6,letters_upper/N_dejavusansmono-bold/N_dejavusansmono-bold_best.png,"[-0.515992, -1.493027, -0.436592, 0.485569, -0.64159, 0.341758, 1.085954, 0.261472, -1.69, -0.65614, 2.40951, 0.433485, 0.425723, -1.388413, -0.051838, 0.712253, 0.185395, 0.815811]",-29.56,-85.54,-25.01,27.82,-36.76,19.58,62.22,14.98,-96.83,-37.59,138.05,24.84,24.39,-79.55,-2.97,40.81,10.62,46.74
letters_upper/W_dejavusansmono-bold,letters_upper,targets/letters_upper/W_dejavusansmono-bold.png,0.6409,0.6005,0.0203,0.5681,10,7,3,0.2,124.4,letters_upper/W_dejavusansmono-bold/W_dejavusansmono-bold_best.png,"[-0.300653, -1.619174, -0.136055, 0.068279, 1.58872, 0.2099, 1.915115, -1.046833, -1.118282, 0.399475, -0.754047, -0.114606, 1.911013, -0.78812, 0.214494, -0.097171, 0.376548, 1.519431]",-17.23,-92.77,-7.8,3.91,91.03,12.03,109.73,-59.98,-64.07,22.89,-43.2,-6.57,109.49,-45.16,12.29,-5.57,21.57,87.06
abstract/device4_mpeg7-05,abstract,targets/abstract/device4_mpeg7-05.png,0.6408,0.6009,0.0261,0.5514,10,8,3,0.2,122.2,abstract/device4_mpeg7-05/device4_mpeg7-05_best.png,"[1.180516, -0.890476, -1.349856, -1.580685, -1.316926, 0.31176, -1.097095, -0.79311, -0.663486, -1.423494, 0.61644, -0.093986, -0.698002, -1.170003, 0.524689, 1.493314, -2.395255, 0.318521]",67.64,-51.02,-77.34,-90.57,-75.45,17.86,-62.86,-45.44,-38.01,-81.56,35.32,-5.39,-39.99,-67.04,30.06,85.56,-137.24,18.25
objects/glas_mpeg7-03,objects,targets/objects/glas_mpeg7-03.png,0.6406,0.6148,0.0148,0.5918,10,4,3,0.2,84.4,objects/glas_mpeg7-03/glas_mpeg7-03_best.png,"[0.962516, -0.823161, -0.735632, -1.015219, 1.719681, 1.642781, 0.599673, -1.156195, -0.417266, -0.780616, 0.076016, -0.174533, -0.508463, -0.592084, -0.966957, 0.971088, -1.843376, 0.06467]",55.15,-47.16,-42.15,-58.17,98.53,94.12,34.36,-66.25,-23.91,-44.73,4.36,-10.0,-29.13,-33.92,-55.4,55.64,-105.62,3.71
abstract/device8_mpeg7-04,abstract,targets/abstract/device8_mpeg7-04.png,0.6404,0.5949,0.028,0.5527,10,6,3,0.2,122.0,abstract/device8_mpeg7-04/device8_mpeg7-04_best.png,"[-0.488695, -0.576995, -1.349474, 1.563626, -1.691912, 0.166706, 0.216242, -0.554671, -1.678195, -0.181553, -2.114602, 0.486988, -0.524978, -0.519152, -1.607019, 0.246923, 1.093591, 1.179669]",-28.0,-33.06,-77.32,89.59,-96.94,9.55,12.39,-31.78,-96.15,-10.4,-121.16,27.9,-30.08,-29.75,-92.08,14.15,62.66,67.59
letters_upper/H_dejavusansmono-bold,letters_upper,targets/letters_upper/H_dejavusansmono-bold.png,0.6401,0.5998,0.0255,0.5474,10,0,3,0.2,123.0,letters_upper/H_dejavusansmono-bold/H_dejavusansmono-bold_best.png,"[0.886423, -1.633875, -0.407762, 0.563406, 0.222375, -0.093575, -1.91986, -1.262297, -0.552269, 0.312029, -0.310838, 1.700962, 0.652066, 0.128667, -1.665314, -0.121854, -2.492709, 1.155176]",50.79,-93.61,-23.36,32.28,12.74,-5.36,-110.0,-72.32,-31.64,17.88,-17.81,97.46,37.36,7.37,-95.42,-6.98,-142.82,66.19
digits/9_dejavusans-bold,digits,targets/digits/9_dejavusans-bold.png,0.6394,0.6036,0.0209,0.5691,10,1,3,0.2,124.4,digits/9_dejavusans-bold/9_dejavusans-bold_best.png,"[0.858685, -1.382755, -0.805443, 0.947518, -1.726276, 0.004573, -1.149987, -0.375423, -0.471021, -1.279403, 1.613936, 0.829369, -1.865739, 0.076398, -0.708899, 0.910826, -0.508118, 0.626514]",49.2,-79.23,-46.15,54.29,-98.91,0.26,-65.89,-21.51,-26.99,-73.3,92.47,47.52,-106.9,4.38,-40.62,52.19,-29.11,35.9
animals/chicken_mpeg7-02,animals,targets/animals/chicken_mpeg7-02.png,0.6388,0.6175,0.0134,0.5976,10,3,3,0.2,122.4,animals/chicken_mpeg7-02/chicken_mpeg7-02_best.png,"[-1.873637, -0.257033, -0.108623, -0.30596, 1.51321, 0.849349, 1.863709, -0.868666, -1.40396, -0.117367, 1.866203, 0.290297, 1.669826, -1.501218, -0.340728, -0.849481, 1.024878, 1.546299]",-107.35,-14.73,-6.22,-17.53,86.7,48.66,106.78,-49.77,-80.44,-6.72,106.93,16.63,95.67,-86.01,-19.52,-48.67,58.72,88.6
digits/8_dejavusans-bold,digits,targets/digits/8_dejavusans-bold.png,0.6388,0.5982,0.0284,0.5558,10,2,3,0.2,124.4,digits/8_dejavusans-bold/8_dejavusans-bold_best.png,"[-1.441222, 0.082048, -1.083525, -1.498463, 1.786678, 1.740311, -1.91986, 0.927251, -1.320683, -0.935459, 0.086371, 0.838893, 0.480604, -1.447089, -0.488702, 1.630679, 0.292749, 0.012955]",-82.58,4.7,-62.08,-85.86,102.37,99.71,-110.0,53.13,-75.67,-53.6,4.95,48.07,27.54,-82.91,-28.0,93.43,16.77,0.74
digits/9_dejavusansmono-bold,digits,targets/digits/9_dejavusansmono-bold.png,0.6385,0.6106,0.0181,0.5776,10,3,3,0.2,123.8,digits/9_dejavusansmono-bold/9_dejavusansmono-bold_best.png,"[-1.91986, 0.555433, -1.121735, -1.234595, 0.738266, 1.655932, 1.91986, -0.696719, -1.32528, 1.053706, -0.634702, -0.1133, -1.91986, -0.611836, 0.206368, 0.261639, -2.718865, -0.018548]",-110.0,31.82,-64.27,-70.74,42.3,94.88,110.0,-39.92,-75.93,60.37,-36.37,-6.49,-110.0,-35.06,11.82,14.99,-155.78,-1.06
objects/teddy_mpeg7-05,objects,targets/objects/teddy_mpeg7-05.png,0.6385,0.6088,0.0215,0.5702,10,5,3,0.2,87.7,objects/teddy_mpeg7-05/teddy_mpeg7-05_best.png,"[-1.733577, 0.164368, -0.586315, -0.305621, -2.15681, 0.067138, 0.952509, -0.988332, -1.296673, -1.65806, 0.121762, 0.545059, -0.988222, 0.323586, -1.640456, -1.137386, -2.586656, 0.940675]",-99.33,9.42,-33.59,-17.51,-123.58,3.85,54.57,-56.63,-74.29,-95.0,6.98,31.23,-56.62,18.54,-93.99,-65.17,-148.2,53.9
letters_lower/v_dejavuserif-bold,letters_lower,targets/letters_lower/v_dejavuserif-bold.png,0.638,0.6116,0.0192,0.5776,10,1,3,0.2,85.5,letters_lower/v_dejavuserif-bold/v_dejavuserif-bold_best.png,"[0.694123, -0.792337, -0.636791, 0.990952, 1.671057, 0.008065, -1.083596, -0.578635, -0.35857, -1.268233, 0.908949, -0.073696, -0.148102, -1.147643, -0.907245, 0.245599, 0.658994, -0.021914]",39.77,-45.4,-36.49,56.78,95.74,0.46,-62.09,-33.15,-20.54,-72.66,52.08,-4.22,-8.49,-65.76,-51.98,14.07,37.76,-1.26
abstract/device0_mpeg7-05,abstract,targets/abstract/device0_mpeg7-05.png,0.6378,0.6044,0.0223,0.5588,10,7,3,0.2,123.8,abstract/device0_mpeg7-05/device0_mpeg7-05_best.png,"[1.363636, -1.094002, -1.380781, 0.224274, 2.35188, 1.549848, -0.600917, -1.231067, -0.702469, -1.397567, 1.440514, 1.181084, -1.374984, 0.408781, -0.913659, -0.659512, 2.428844, 0.171496]",78.13,-62.68,-79.11,12.85,134.75,88.8,-34.43,-70.53,-40.25,-80.07,82.54,67.67,-78.78,23.42,-52.35,-37.79,139.16,9.83
abstract/device6_mpeg7-03,abstract,targets/abstract/device6_mpeg7-03.png,0.6378,0.6088,0.0176,0.5853,10,1,3,0.2,122.8,abstract/device6_mpeg7-03/device6_mpeg7-03_best.png,"[1.018605, -0.511815, -1.682529, -1.591646, 0.233648, 0.580965, -1.390937, 0.395267, -1.231784, -1.582281, 1.920994, 0.542542, 0.599496, -1.13976, -0.864399, 0.712193, 2.113823, 0.299682]",58.36,-29.32,-96.4,-91.19,13.39,33.29,-79.69,22.65,-70.58,-90.66,110.06,31.09,34.35,-65.3,-49.53,40.81,121.11,17.17
letters_upper/F_dejavusansmono-bold,letters_upper,targets/letters_upper/F_dejavusansmono-bold.png,0.6378,0.6059,0.0292,0.5357,10,1,3,0.2,124.1,letters_upper/F_dejavusansmono-bold/F_dejavusansmono-bold_best.png,"[-1.891999, -0.898514, -0.662825, 0.679549, 1.539409, 1.592076, -0.760202, -0.38513, -1.668612, -1.632155, -1.021066, 0.566513, -0.799284, -0.020061, -1.529271, -0.818732, 2.097433, 1.217177]",-108.4,-51.48,-37.98,38.94,88.2,91.22,-43.56,-22.07,-95.6,-93.52,-58.5,32.46,-45.8,-1.15,-87.62,-46.91,120.17,69.74
abstract/device3_mpeg7-01,abstract,targets/abstract/device3_mpeg7-01.png,0.6375,0.5879,0.0255,0.5502,10,0,3,0.2,123.7,abstract/device3_mpeg7-01/device3_mpeg7-01_best.png,"[-1.916138, 0.650773, -1.273762, -0.412986, 1.190651, 0.678157, -1.222846, 0.601402, -1.481078, -1.089395, 1.439608, 1.627477, -1.809777, -0.040387, -0.810207, -0.928563, 1.623599, 0.968239]",-109.79,37.29,-72.98,-23.66,68.22,38.86,-70.06,34.46,-84.86,-62.42,82.48,93.25,-103.69,-2.31,-46.42,-53.2,93.03,55.48
animals/bat_mpeg7-01,animals,targets/animals/bat_mpeg7-01.png,0.6373,0.5755,0.0351,0.5336,10,2,3,0.2,124.0,animals/bat_mpeg7-01/bat_mpeg7-01_best.png,"[-1.463273, -0.240733, -0.22955, -1.65806, 0.441733, 1.415707, 1.085462, -1.696593, -0.318, -1.500213, -1.518398, 0.167396, -0.665558, -1.104279, 0.164635, 1.578846, 0.860753, 0.018503]",-83.84,-13.79,-13.15,-95.0,25.31,81.11,62.19,-97.21,-18.22,-85.96,-87.0,9.59,-38.13,-63.27,9.43,90.46,49.32,1.06
letters_lower/g_dejavusans-bold,letters_lower,targets/letters_lower/g_dejavusans-bold.png,0.6367,0.6113,0.0159,0.5834,10,8,3,0.2,86.2,letters_lower/g_dejavusans-bold/g_dejavusans-bold_best.png,"[0.914366, -0.229822, -1.072288, -1.238676, -0.991514, 1.015537, 0.972008, -1.1684, -1.661643, 1.229088, 1.315594, 0.607098, 0.569006, -0.875157, -1.289287, 0.334963, 1.475878, 1.7324]",52.39,-13.17,-61.44,-70.97,-56.81,58.19,55.69,-66.94,-95.21,70.42,75.38,34.78,32.6,-50.14,-73.87,19.19,84.56,99.26
animals/sea-snake_mpeg7-03,animals,targets/animals/sea-snake_mpeg7-03.png,0.6361,0.5808,0.0297,0.5521,10,2,3,0.2,121.6,animals/sea-snake_mpeg7-03/sea-snake_mpeg7-03_best.png,"[0.986047, -0.832157, -1.489248, -0.151122, -2.178637, 1.315861, 0.956497, -0.908978, 1.248606, -0.5537, 1.47784, -0.1027, 1.044724, 1.21637, -1.516535, -0.745758, 2.824454, 0.294752]",56.5,-47.68,-85.33,-8.66,-124.83,75.39,54.8,-52.08,71.54,-31.72,84.67,-5.88,59.86,69.69,-86.89,-42.73,161.83,16.89
objects/glas_mpeg7-05,objects,targets/objects/glas_mpeg7-05.png,0.6361,0.5961,0.0175,0.5733,10,2,3,0.2,85.8,objects/glas_mpeg7-05/glas_mpeg7-05_best.png,"[-1.877669, 0.241923, -1.217324, -1.500714, 1.952056, 1.370316, -0.25314, -0.880085, -0.462733, 0.643087, -2.022094, 0.758244, 0.482443, -0.840049, -1.067845, -0.363596, -1.272911, -0.028176]",-107.58,13.86,-69.75,-85.98,111.84,78.51,-14.5,-50.43,-26.51,36.85,-115.86,43.44,27.64,-48.13,-61.18,-20.83,-72.93,-1.61
letters_upper/K_dejavusansmono-bold,letters_upper,targets/letters_upper/K_dejavusansmono-bold.png,0.6355,0.5922,0.0245,0.5575,10,5,3,0.2,123.9,letters_upper/K_dejavusansmono-bold/K_dejavusansmono-bold_best.png,"[1.720141, -1.52068, 0.335523, -0.959279, 2.580367, 0.262315, 1.148538, -0.851433, -1.647438, -1.446025, 2.171642, 1.107781, 0.682502, -0.38083, -1.658653, -0.272783, 2.201572, -0.143089]",98.56,-87.13,19.22,-54.96,147.84,15.03,65.81,-48.78,-94.39,-82.85,124.43,63.47,39.1,-21.82,-95.03,-15.63,126.14,-8.2
letters_upper/G_dejavusans-bold,letters_upper,targets/letters_upper/G_dejavusans-bold.png,0.6347,0.5764,0.031,0.5323,10,7,3,0.2,123.3,letters_upper/G_dejavusans-bold/G_dejavusans-bold_best.png,"[0.625726, -0.208158, -1.206702, -1.465763, 2.590252, -0.174533, 0.744443, -0.928444, 0.896977, -1.467944, 1.348336, 0.413698, 0.656065, -1.496653, -1.239529, 1.625871, 2.053634, 0.80802]",35.85,-11.93,-69.14,-83.98,148.41,-10.0,42.65,-53.2,51.39,-84.11,77.25,23.7,37.59,-85.75,-71.02,93.16,117.66,46.3
objects/hat_mpeg7-01,objects,targets/objects/hat_mpeg7-01.png,0.6344,0.6011,0.0176,0.5841,10,2,3,0.2,86.0,objects/hat_mpeg7-01/hat_mpeg7-01_best.png,"[-1.720241, 0.441312, -1.30485, -1.622611, 1.584084, 0.854116, -1.902837, 0.41817, -0.672844, -0.866578, 0.813729, 1.099384, 0.97769, 0.327172, -1.69, -0.877684, -1.426345, 1.734938]",-98.56,25.29,-74.76,-92.97,90.76,48.94,-109.02,23.96,-38.55,-49.65,46.62,62.99,56.02,18.75,-96.83,-50.29,-81.72,99.4
vehicles/chopper_mpeg7-04,vehicles,targets/vehicles/chopper_mpeg7-04.png,0.634,0.6156,0.0152,0.5795,10,8,3,0.2,87.4,vehicles/chopper_mpeg7-04/chopper_mpeg7-04_best.png,"[1.13436, -0.499401, -1.618259, -1.641696, -1.59084, -0.117506, 1.786196, -1.625649, -0.271404, -0.667988, -2.347165, 1.257891, 0.942027, 0.003472, -0.465638, 1.433653, -1.576389, 1.233356]",64.99,-28.61,-92.72,-94.06,-91.15,-6.73,102.34,-93.14,-15.55,-38.27,-134.48,72.07,53.97,0.2,-26.68,82.14,-90.32,70.67
animals/frog_mpeg7-05,animals,targets/animals/frog_mpeg7-05.png,0.6336,0.5999,0.0165,0.5747,10,3,3,0.2,123.6,animals/frog_mpeg7-05/frog_mpeg7-05_best.png,"[-1.723468, -0.34983, 0.116132, -0.619356, 0.869657, 1.077338, -1.193357, -0.504384, -0.254874, 1.651217, 0.268279, 0.157292, -0.35514, -1.099656, -0.955855, 0.395674, -0.247667, 0.32067]",-98.75,-20.04,6.65,-35.49,49.83,61.73,-68.37,-28.9,-14.6,94.61,15.37,9.01,-20.35,-63.01,-54.77,22.67,-14.19,18.37
objects/glas_mpeg7-01,objects,targets/objects/glas_mpeg7-01.png,0.6332,0.6095,0.0173,0.5693,10,8,3,0.2,85.8,objects/glas_mpeg7-01/glas_mpeg7-01_best.png,"[0.398127, -0.933715, -0.543801, 0.770861, -0.617022, 0.184891, 0.90981, -1.196468, -0.432629, -0.034282, -1.815725, 0.856546, 0.427169, -0.819163, -1.041393, -0.459255, -0.819253, -0.167937]",22.81,-53.5,-31.16,44.17,-35.35,10.59,52.13,-68.55,-24.79,-1.96,-104.03,49.08,24.47,-46.93,-59.67,-26.31,-46.94,-9.62
objects/crown_mpeg7-02,objects,targets/objects/crown_mpeg7-02.png,0.6325,0.5856,0.0297,0.5341,10,1,3,0.2,87.1,objects/crown_mpeg7-02/crown_mpeg7-02_best.png,"[1.168634, -0.700718, -1.687341, -1.032475, -2.57009, 0.524589, -0.882793, -0.353701, -1.437163, -1.553354, 0.939788, 0.976142, 1.055139, -0.64374, 0.649045, -1.011143, -0.455069, 0.613522]",66.96,-40.15,-96.68,-59.16,-147.26,30.06,-50.58,-20.27,-82.34,-89.0,53.85,55.93,60.46,-36.88,37.19,-57.93,-26.07,35.15
vehicles/chopper_mpeg7-02,vehicles,targets/vehicles/chopper_mpeg7-02.png,0.6319,0.6036,0.022,0.5678,10,9,3,0.2,86.6,vehicles/chopper_mpeg7-02/chopper_mpeg7-02_best.png,"[1.198479, -0.486217, -1.662726, -1.593082, -1.683987, 0.074609, 1.900947, -0.866942, -1.234673, -1.65806, 0.512872, 0.366799, 1.02735, -0.91098, -1.628602, -0.32119, 1.628801, 0.684396]",68.67,-27.86,-95.27,-91.28,-96.49,4.27,108.92,-49.67,-70.74,-95.0,29.39,21.02,58.86,-52.2,-93.31,-18.4,93.32,39.21
letters_lower/n_dejavusans-bold,letters_lower,targets/letters_lower/n_dejavusans-bold.png,0.6316,0.5996,0.0222,0.5656,10,8,3,0.2,85.4,letters_lower/n_dejavusans-bold/n_dejavusans-bold_best.png,"[-0.333986, -1.74533, -0.14833, 0.515482, 2.31412, 0.491188, 0.716581, 0.189479, -1.674434, -1.147489, -1.428864, 0.678215, 0.064245, -0.173642, -1.493399, -1.08284, -0.379876, -0.171309]",-19.14,-100.0,-8.5,29.53,132.59,28.14,41.06,10.86,-95.94,-65.75,-81.87,38.86,3.68,-9.95,-85.57,-62.04,-21.77,-9.82
digits/6_dejavuserif-bold,digits,targets/digits/6_dejavuserif-bold.png,0.6314,0.608,0.016,0.5805,10,8,3,0.2,123.0,digits/6_dejavuserif-bold/6_dejavuserif-bold_best.png,"[1.600401, -1.536785, -0.776422, 0.090728, -2.530301, 0.152822, 0.591513, -1.287545, -1.100759, 1.65806, 1.612777, 1.242111, -0.888328, -1.693142, -1.358757, 1.34946, 0.551129, 0.502717]",91.7,-88.05,-44.49,5.2,-144.98,8.76,33.89,-73.77,-63.07,95.0,92.41,71.17,-50.9,-97.01,-77.85,77.32,31.58,28.8
animals/flatfish_mpeg7-03,animals,targets/animals/flatfish_mpeg7-03.png,0.6311,0.5808,0.0248,0.5452,10,7,3,0.2,122.8,animals/flatfish_mpeg7-03/flatfish_mpeg7-03_best.png,"[0.637175, -0.354611, -1.605376, -1.596507, 2.690661, -0.16638, -0.90408, -0.662483, -1.69, -1.65806, -0.256481, 1.74533, -0.898894, -0.750697, -0.022209, 0.817458, -2.256185, 0.38545]",36.51,-20.32,-91.98,-91.47,154.16,-9.53,-51.8,-37.96,-96.83,-95.0,-14.7,100.0,-51.5,-43.01,-1.27,46.84,-129.27,22.08
letters_upper/Z_dejavusansmono-bold,letters_upper,targets/letters_upper/Z_dejavusansmono-bold.png,0.6311,0.5699,0.0294,0.5203,10,1,3,0.2,122.8,letters_upper/Z_dejavusansmono-bold/Z_dejavusansmono-bold_best.png,"[-0.748889, -0.546646, -1.654677, 0.125147, -1.936417, 1.443384, -1.059415, -1.560549, -1.355369, -0.567024, -1.710915, 0.328332, -1.152847, -1.276163, 0.838823, 1.367385, 2.767774, 0.63466]",-42.91,-31.32,-94.81,7.17,-110.95,82.7,-60.7,-89.41,-77.66,-32.49,-98.03,18.81,-66.05,-73.12,48.06,78.35,158.58,36.36
animals/octopus_mpeg7-02,animals,targets/animals/octopus_mpeg7-02.png,0.6307,0.6085,0.0154,0.5852,10,3,3,0.2,123.7,animals/octopus_mpeg7-02/octopus_mpeg7-02_best.png,"[-1.860238, -0.063296, -0.734559, 0.335948, -1.495098, 1.325338, 1.91986, -0.923887, -1.585564, 1.302128, -1.082865, 0.760917, 0.877579, -1.481803, -0.691655, -0.14147, 2.825348, 0.467282]",-106.58,-3.63,-42.09,19.25,-85.66,75.94,110.0,-52.93,-90.85,74.61,-62.04,43.6,50.28,-84.9,-39.63,-8.11,161.88,26.77
animals/elephant_mpeg7-01,animals,targets/animals/elephant_mpeg7-01.png,0.6304,0.5939,0.0174,0.5666,10,9,3,0.2,123.6,animals/elephant_mpeg7-01/elephant_mpeg7-01_best.png,"[0.647768, -0.155436, -1.54892, -1.2847, -0.699825, 1.021562, -0.955202, -0.419048, -1.678057, -1.65806, 0.262132, 1.095473, 0.782594, 0.554367, -1.343148, -1.584507, -2.643189, 0.390627]",37.11,-8.91,-88.75,-73.61,-40.1,58.53,-54.73,-24.01,-96.15,-95.0,15.02,62.77,44.84,31.76,-76.96,-90.79,-151.44,22.38
objects/hat_mpeg7-05,objects,targets/objects/hat_mpeg7-05.png,0.6301,0.5867,0.026,0.5459,10,9,3,0.2,85.2,objects/hat_mpeg7-05/hat_mpeg7-05_best.png,"[0.998392, -0.61606, -1.645377, -1.596402, -1.565937, 0.36279, -0.950016, 0.117169, -1.688231, -1.333889, -0.670526, 0.399206, 0.741675, -0.343769, -1.482152, -1.03498, -1.237758, 1.578171]",57.2,-35.3,-94.27,-91.47,-89.72,20.79,-54.43,6.71,-96.73,-76.43,-38.42,22.87,42.49,-19.7,-84.92,-59.3,-70.92,90.42
objects/crown_mpeg7-04,objects,targets/objects/crown_mpeg7-04.png,0.6297,0.5955,0.0274,0.5466,10,8,3,0.2,86.5,objects/crown_mpeg7-04/crown_mpeg7-04_best.png,"[1.085307, -0.672176, -1.474766, -1.65806, -2.187596, 1.394552, -1.400603, -0.306496, -0.245997, 0.393914, -2.365, 0.403288, 0.269816, -0.451488, -1.546683, -1.302509, 1.237218, 0.583875]",62.18,-38.51,-84.5,-95.0,-125.34,79.9,-80.25,-17.56,-14.09,22.57,-135.5,23.11,15.46,-25.87,-88.62,-74.63,70.89,33.45
letters_upper/O_dejavuserif-bold,letters_upper,targets/letters_upper/O_dejavuserif-bold.png,0.6295,0.5815,0.0323,0.526,10,1,3,0.2,123.4,letters_upper/O_dejavuserif-bold/O_dejavuserif-bold_best.png,"[0.781192, -1.130029, -1.427927, 1.260807, -2.50744, 0.591157, -1.233918, 0.485691, -1.477766, -1.444148, 1.963953, 0.369009, 1.105034, 0.73106, -1.626404, -0.485972, -2.312837, 1.271287]",44.76,-64.75,-81.81,72.24,-143.67,33.87,-70.7,27.83,-84.67,-82.74,112.53,21.14,63.31,41.89,-93.19,-27.84,-132.52,72.84
letters_upper/X_dejavusansmono-bold,letters_upper,targets/letters_upper/X_dejavusansmono-bold.png,0.6288,0.5599,0.0284,0.5319,10,8,3,0.2,122.8,letters_upper/X_dejavusansmono-bold/X_dejavusansmono-bold_best.png,"[-0.820239, -0.510747, -1.69, -0.034262, 2.167083, 1.317541, -0.835635, -0.369428, -1.455808, 1.105576, -2.725379, -0.04151, 1.040109, -0.908095, -1.69, -1.591869, -0.297672, 0.84886]",-47.0,-29.26,-96.83,-1.96,124.16,75.49,-47.88,-21.17,-83.41,63.34,-156.15,-2.38,59.59,-52.03,-96.83,-91.21,-17.06,48.64
animals/elephant_mpeg7-05,animals,targets/animals/elephant_mpeg7-05.png,0.6276,0.5934,0.0218,0.5694,10,9,3,0.2,123.0,animals/elephant_mpeg7-05/elephant_mpeg7-05_best.png,"[-0.542676, -0.442162, -1.032698, -1.65806, 1.065525, 0.112088, 0.970643, -0.675079, -1.279233, -1.607555, 0.702187, 1.690002, 0.887656, 0.46866, -1.568913, -1.334603, -2.621928, 0.908113]",-31.09,-25.33,-59.17,-95.0,61.05,6.42,55.61,-38.68,-73.29,-92.11,40.23,96.83,50.86,26.85,-89.89,-76.47,-150.23,52.03
letters_upper/T_dejavuserif-bold,letters_upper,targets/letters_upper/T_dejavuserif-bold.png,0.6271,0.6086,0.014,0.5795,10,6,3,0.2,122.4,letters_upper/T_dejavuserif-bold/T_dejavuserif-bold_best.png,"[-0.890213, -0.965779, -0.582226, -0.143061, -1.902807, 1.694369, -0.618312, -1.28726, -0.230317, 0.189906, -0.278752, 1.485113, -0.707506, -0.866088, -0.680685, 0.024623, 0.565007, 1.031847]",-51.01,-55.34,-33.36,-8.2,-109.02,97.08,-35.43,-73.75,-13.2,10.88,-15.97,85.09,-40.54,-49.62,-39.0,1.41,32.37,59.12
letters_upper/E_dejavusansmono-bold,letters_upper,targets/letters_upper/E_dejavusansmono-bold.png,0.6268,0.5829,0.0312,0.5382,10,8,3,0.2,122.7,letters_upper/E_dejavusansmono-bold/E_dejavusansmono-bold_best.png,"[-0.884233, -0.338208, -1.13887, -1.111202, -1.749933, 1.571543, 1.223942, -0.426679, -1.69, -1.431397, -1.459208, 0.972057, -1.042569, -1.645198, -1.69, 0.690772, 0.395024, -0.172902]",-50.66,-19.38,-65.25,-63.67,-100.26,90.04,70.13,-24.45,-96.83,-82.01,-83.61,55.69,-59.73,-94.26,-96.83,39.58,22.63,-9.91
animals/octopus_mpeg7-04,animals,targets/animals/octopus_mpeg7-04.png,0.6265,0.6021,0.0134,0.5819,10,5,3,0.2,123.5,animals/octopus_mpeg7-04/octopus_mpeg7-04_best.png,"[-1.777581, -0.588529, 0.220338, -0.58338, -2.024806, -0.071058, -1.91986, 0.644319, -0.917591, -1.310304, 0.291882, 0.137542, -1.34253, -0.576157, 0.819062, -1.153409, 0.645643, 1.52194]",-101.85,-33.72,12.62,-33.43,-116.01,-4.07,-110.0,36.92,-52.57,-75.07,16.72,7.88,-76.92,-33.01,46.93,-66.09,36.99,87.2
animals/octopus_mpeg7-05,animals,targets/animals/octopus_mpeg7-05.png,0.6257,0.6021,0.0207,0.5494,10,8,3,0.2,124.0,animals/octopus_mpeg7-05/octopus_mpeg7-05_best.png,"[1.102188, -0.304509, -1.622472, -0.920528, -0.715035, -0.063653, 0.885667, -1.185215, -1.590946, 1.651225, 1.781227, 1.666481, -1.833524, 0.411038, -0.945518, -0.63149, -0.987753, 0.346413]",63.15,-17.45,-92.96,-52.74,-40.97,-3.65,50.74,-67.91,-91.15,94.61,102.06,95.48,-105.05,23.55,-54.17,-36.18,-56.59,19.85
letters_lower/g_dejavuserif-bold,letters_lower,targets/letters_lower/g_dejavuserif-bold.png,0.625,0.5873,0.0238,0.5549,10,5,3,0.2,86.4,letters_lower/g_dejavuserif-bold/g_dejavuserif-bold_best.png,"[1.88026, -0.753992, -1.394174, 1.298115, 2.096866, 0.668189, 0.95752, -1.704694, -0.587771, 0.603603, -0.480085, -0.069727, 0.028733, -1.208424, -0.490359, -0.131935, -0.666958, 0.094653]",107.73,-43.2,-79.88,74.38,120.14,38.28,54.86,-97.67,-33.68,34.58,-27.51,-4.0,1.65,-69.24,-28.1,-7.56,-38.21,5.42
animals/fly_mpeg7-04,animals,targets/animals/fly_mpeg7-04.png,0.6246,0.5959,0.0241,0.5536,10,4,3,0.2,124.1,animals/fly_mpeg7-04/fly_mpeg7-04_best.png,"[1.415917, -0.982817, -1.230085, -0.634439, 1.82934, 0.667373, 1.088231, 0.353524, -1.503656, -0.058285, -1.483694, 1.623333, 0.792018, -0.965654, -1.239726, -1.628103, 1.284317, -0.113303]",81.13,-56.31,-70.48,-36.35,104.81,38.24,62.35,20.26,-86.15,-3.34,-85.01,93.01,45.38,-55.33,-71.03,-93.28,73.59,-6.49
abstract/device3_mpeg7-04,abstract,targets/abstract/device3_mpeg7-04.png,0.6239,0.5816,0.0177,0.5551,10,3,3,0.2,122.6,abstract/device3_mpeg7-04/device3_mpeg7-04_best.png,"[-1.777573, 0.121775, -0.625997, -0.20988, 1.454897, 0.954909, 1.853368, -1.199649, -1.252803, 0.69588, -0.924227, 0.47357, 0.825809, -1.321225, -1.532798, 1.290981, 1.855693, 0.13207]",-101.85,6.98,-35.87,-12.03,83.36,54.71,106.19,-68.73,-71.78,39.87,-52.95,27.13,47.32,-75.7,-87.82,73.97,106.32,7.57
vehicles/personal-car_mpeg7-02,vehicles,targets/vehicles/personal-car_mpeg7-02.png,0.6225,0.5752,0.0267,0.5291,10,8,3,0.2,85.9,vehicles/personal-car_mpeg7-02/personal-car_mpeg7-02_best.png,"[0.656029, -0.517877, -1.399287, -1.627127, -2.327666, -0.084425, 1.051367, -0.649383, -1.675518, -1.257392, -2.121149, 1.012402, 0.710144, -0.606112, -0.309613, 1.62046, 0.026321, 0.377739]",37.59,-29.67,-80.17,-93.23,-133.37,-4.84,60.24,-37.21,-96.0,-72.04,-121.53,58.01,40.69,-34.73,-17.74,92.85,1.51,21.64
animals/ray_mpeg7-05,animals,targets/animals/ray_mpeg7-05.png,0.6221,0.5861,0.0246,0.5451,10,1,3,0.2,124.6,animals/ray_mpeg7-05/ray_mpeg7-05_best.png,"[-1.869252, -0.040582, -0.424698, -0.617805, -1.006378, 1.74533, -1.466273, 0.058066, -0.912136, -1.530451, 1.518044, 0.768562, 0.45391, -0.916221, -1.658239, 1.440673, 2.040606, 0.578098]",-107.1,-2.33,-24.33,-35.4,-57.66,100.0,-84.01,3.33,-52.26,-87.69,86.98,44.04,26.01,-52.5,-95.01,82.54,116.92,33.12
abstract/device3_mpeg7-02,abstract,targets/abstract/device3_mpeg7-02.png,0.6218,0.5851,0.019,0.5627,10,6,3,0.2,122.2,abstract/device3_mpeg7-02/device3_mpeg7-02_best.png,"[1.030732, -1.121951, -1.658739, 0.94393, -1.528448, 0.064608, -1.45207, 0.701658, -1.69, 0.119111, -0.797607, 0.914212, -1.900489, 0.393869, -1.400185, -0.15095, 1.660217, 0.927273]",59.06,-64.28,-95.04,54.08,-87.57,3.7,-83.2,40.2,-96.83,6.82,-45.7,52.38,-108.89,22.57,-80.22,-8.65,95.12,53.13
letters_upper/P_dejavusans-bold,letters_upper,targets/letters_upper/P_dejavusans-bold.png,0.6217,0.5834,0.0307,0.5079,10,1,3,0.2,123.9,letters_upper/P_dejavusans-bold/P_dejavusans-bold_best.png,"[-1.300094, 0.252048, -1.69, -1.058288, 1.376192, 0.984408, 1.052102, -0.857975, -1.580173, -0.478661, -2.74385, 1.393944, -1.001681, -0.308278, -1.052725, 0.660053, -0.203013, 1.12323]",-74.49,14.44,-96.83,-60.64,78.85,56.4,60.28,-49.16,-90.54,-27.43,-157.21,79.87,-57.39,-17.66,-60.32,37.82,-11.63,64.36
letters_upper/X_dejavusans-bold,letters_upper,targets/letters_upper/X_dejavusans-bold.png,0.6214,0.5329,0.0385,0.4898,10,5,3,0.2,122.7,letters_upper/X_dejavusans-bold/X_dejavusans-bold_best.png,"[1.91986, -0.991917, 0.292806, -1.60902, 2.052308, 0.281668, 0.784352, -0.938794, -0.921917, -0.541535, 1.488602, 0.985006, 1.014095, -1.000272, -1.669874, -1.232292, 1.860775, 0.507383]",110.0,-56.83,16.78,-92.19,117.59,16.14,44.94,-53.79,-52.82,-31.03,85.29,56.44,58.1,-57.31,-95.68,-70.61,106.61,29.07
vehicles/truck_mpeg7-05,vehicles,targets/vehicles/truck_mpeg7-05.png,0.6208,0.562,0.0411,0.4864,10,1,3,0.2,51.7,vehicles/truck_mpeg7-05/truck_mpeg7-05_best.png,"[-1.863573, 0.253747, -1.326111, 1.65806, 1.197695, 1.041305, 1.121374, -0.983071, -1.69, -0.495574, -1.951774, 1.565642, -1.214653, 0.029576, -0.905121, 1.607836, -0.135645, 0.540666]",-106.77,14.54,-75.98,95.0,68.62,59.66,64.25,-56.33,-96.83,-28.39,-111.83,89.7,-69.59,1.69,-51.86,92.12,-7.77,30.98
letters_upper/J_dejavusansmono-bold,letters_upper,targets/letters_upper/J_dejavusansmono-bold.png,0.6206,0.5804,0.0351,0.5168,10,6,3,0.2,123.2,letters_upper/J_dejavusansmono-bold/J_dejavusansmono-bold_best.png,"[0.568385, -0.926607, -1.134925, 0.947809, -1.170803, 0.080854, 1.91986, 1.135722, -1.309589, -0.427541, -2.484526, 0.935705, -1.177387, -1.5799, 1.50753, -0.16746, 1.655699, 0.677545]",32.57,-53.09,-65.03,54.31,-67.08,4.63,110.0,65.07,-75.03,-24.5,-142.35,53.61,-67.46,-90.52,86.38,-9.59,94.86,38.82
vehicles/truck_mpeg7-04,vehicles,targets/vehicles/truck_mpeg7-04.png,0.6199,0.5752,0.0334,0.5027,10,6,3,0.2,59.8,vehicles/truck_mpeg7-04/truck_mpeg7-04_best.png,"[1.081795, -0.627676, -0.158578, 1.629527, -1.380107, 0.93592, 0.897198, -0.855537, -1.370941, -1.352478, 2.671364, 0.298692, 0.806165, -0.417262, -1.594301, -1.048772, -0.51915, 0.32462]",61.98,-35.96,-9.09,93.37,-79.07,53.62,51.41,-49.02,-78.55,-77.49,153.06,17.11,46.19,-23.91,-91.35,-60.09,-29.75,18.6
abstract/device9_mpeg7-02,abstract,targets/abstract/device9_mpeg7-02.png,0.6198,0.5889,0.0164,0.5662,10,5,3,0.2,123.0,abstract/device9_mpeg7-02/device9_mpeg7-02_best.png,"[-1.91986, -0.033686, -0.364681, -1.65806, -1.693197, -0.084324, 0.644408, -1.154908, -1.443416, 1.137133, -1.235065, -0.141162, -1.242291, 0.800929, -1.638211, -1.142579, -2.364999, 1.558419]",-110.0,-1.93,-20.89,-95.0,-97.01,-4.83,36.92,-66.17,-82.7,65.15,-70.76,-8.09,-71.18,45.89,-93.86,-65.46,-135.5,89.29
letters_upper/F_dejavuserif-bold,letters_upper,targets/letters_upper/F_dejavuserif-bold.png,0.6197,0.6007,0.0097,0.5846,10,5,3,0.2,124.0,letters_upper/F_dejavuserif-bold/F_dejavuserif-bold_best.png,"[1.73916, -0.751158, -1.037267, 1.011715, 1.724825, 1.054539, -1.476115, -0.647942, -0.639421, -0.281163, -2.193599, 1.489089, -0.371951, -0.450308, -1.668583, -1.596513, -2.288318, 1.134274]",99.65,-43.04,-59.43,57.97,98.83,60.42,-84.58,-37.12,-36.64,-16.11,-125.68,85.32,-21.31,-25.8,-95.6,-91.47,-131.11,64.99
digits/8_dejavuserif-bold,digits,targets/digits/8_dejavuserif-bold.png,0.6189,0.5869,0.0173,0.5528,10,8,3,0.2,124.3,digits/8_dejavuserif-bold/8_dejavuserif-bold_best.png,"[-1.144891, 0.034069, -1.69, -0.891739, -1.229595, 1.25306, 0.770522, -1.745165, -0.544305, 1.307202, 1.711775, 1.120004, -0.004938, -1.367254, -0.570108, 0.3852, 0.408877, -0.16473]",-65.6,1.95,-96.83,-51.09,-70.45,71.8,44.15,-99.99,-31.19,74.9,98.08,64.17,-0.28,-78.34,-32.66,22.07,23.43,-9.44
digits/4_dejavuserif-bold,digits,targets/digits/4_dejavuserif-bold.png,0.6183,0.5774,0.0223,0.5381,10,2,3,0.2,121.7,digits/4_dejavuserif-bold/4_dejavuserif-bold_best.png,"[0.998896, -1.684042, -0.30074, 0.850546, 0.163466, 0.287341, 0.060518, -0.931171, -1.098609, 0.723319, 2.436713, 0.507876, 0.032275, -0.942691, 0.523138, -1.650595, 2.42559, -0.172788]",57.23,-96.49,-17.23,48.73,9.37,16.46,3.47,-53.35,-62.95,41.44,139.61,29.1,1.85,-54.01,29.97,-94.57,138.98,-9.9
animals/chicken_mpeg7-01,animals,targets/animals/chicken_mpeg7-01.png,0.6179,0.5901,0.0184,0.5566,10,4,3,0.2,123.2,animals/chicken_mpeg7-01/chicken_mpeg7-01_best.png,"[1.109854, -1.299694, -1.1074, 0.720904, 2.776213, 1.738352, -0.735718, -1.167918, 0.025402, -0.909027, 0.844645, 0.682099, -0.816878, -1.74533, -0.999808, -0.731845, -1.003632, 1.125278]",63.59,-74.47,-63.45,41.3,159.07,99.6,-42.15,-66.92,1.46,-52.08,48.39,39.08,-46.8,-100.0,-57.28,-41.93,-57.5,64.47
vehicles/truck_mpeg7-03,vehicles,targets/vehicles/truck_mpeg7-03.png,0.6179,0.5568,0.0299,0.5064,10,7,3,0.2,64.6,vehicles/truck_mpeg7-03/truck_mpeg7-03_best.png,"[0.806336, -0.479042, -1.613137, -1.65806, 2.84121, -0.125663, 1.028234, -0.338952, -0.428537, 1.65806, -0.759584, 0.034611, -0.831428, -0.793953, -1.622239, 0.535221, -2.725142, 0.321102]",46.2,-27.45,-92.43,-95.0,162.79,-7.2,58.91,-19.42,-24.55,95.0,-43.52,1.98,-47.64,-45.49,-92.95,30.67,-156.14,18.4
letters_lower/j_dejavusansmono-bold,letters_lower,targets/letters_lower/j_dejavusansmono-bold.png,0.6172,0.518,0.0449,0.4633,10,1,3,0.2,87.5,letters_lower/j_dejavusansmono-bold/j_dejavusansmono-bold_best.png,"[1.502714, -1.668601, -1.379668, -1.35869, -2.228153, 0.388209, -0.197362, -0.966945, -0.582643, -0.087157, -1.319273, 0.715492, -0.91767, -1.344222, -0.482422, 0.881662, -1.726141, 0.589886]",86.1,-95.6,-79.05,-77.85,-127.66,22.24,-11.31,-55.4,-33.38,-4.99,-75.59,40.99,-52.58,-77.02,-27.64,50.52,-98.9,33.8
animals/fish_mpeg7-01,animals,targets/animals/fish_mpeg7-01.png,0.6166,0.5871,0.0234,0.5363,10,7,3,0.2,123.6,animals/fish_mpeg7-01/fish_mpeg7-01_best.png,"[0.957719, -0.501348, -1.69, -0.930716, 2.770274, -0.124956, -0.501017, -0.736075, -1.49156, -0.312458, -0.423554, 1.063254, -1.305471, -0.265719, -0.113488, 0.906051, -2.205691, 0.969389]",54.87,-28.73,-96.83,-53.33,158.73,-7.16,-28.71,-42.17,-85.46,-17.9,-24.27,60.92,-74.8,-15.22,-6.5,51.91,-126.38,55.54
animals/beetle_mpeg7-02,animals,targets/animals/beetle_mpeg7-02.png,0.6164,0.5877,0.0162,0.5713,10,4,3,0.2,124.4,animals/beetle_mpeg7-02/beetle_mpeg7-02_best.png,"[1.186554, -1.547906, -0.228793, 0.931582, 2.70935, 1.74533, 1.144476, -1.080015, 0.43404, -1.44345, 2.72225, 1.283224, 0.806455, -1.420822, -0.732795, 0.848489, -0.50871, 0.581205]",67.98,-88.69,-13.11,53.38,155.23,100.0,65.57,-61.88,24.87,-82.7,155.97,73.52,46.21,-81.41,-41.99,48.61,-29.15,33.3
animals/chicken_mpeg7-05,animals,targets/animals/chicken_mpeg7-05.png,0.6161,0.5936,0.0154,0.5635,10,5,3,0.2,123.1,animals/chicken_mpeg7-05/chicken_mpeg7-05_best.png,"[1.326538, -1.724301, 0.620467, -0.693245, 2.761423, -0.130649, 0.97971, -0.838487, -1.439162, -1.29576, 1.057919, 1.056853, -0.710199, 0.193792, -1.651771, -1.457, -2.258625, 0.994734]",76.01,-98.8,35.55,-39.72,158.22,-7.49,56.13,-48.04,-82.46,-74.24,60.61,60.55,-40.69,11.1,-94.64,-83.48,-129.41,56.99
animals/frog_mpeg7-04,animals,targets/animals/frog_mpeg7-04.png,0.616,0.5881,0.0223,0.5513,10,8,3,0.2,123.8,animals/frog_mpeg7-04/frog_mpeg7-04_best.png,"[1.090444, -0.83241, -1.122975, -1.553619, 0.168431, 0.971187, 1.167873, -0.600951, -0.217482, -1.592722, -1.111451, 1.390528, -0.687206, -1.34938, -1.617382, 1.210247, 0.226121, -0.174533]",62.48,-47.69,-64.34,-89.02,9.65,55.64,66.91,-34.43,-12.46,-91.26,-63.68,79.67,-39.37,-77.31,-92.67,69.34,12.96,-10.0
abstract/device3_mpeg7-03,abstract,targets/abstract/device3_mpeg7-03.png,0.6158,0.5809,0.0186,0.5519,10,1,3,0.2,123.5,abstract/device3_mpeg7-03/device3_mpeg7-03_best.png,"[1.088904, -1.321644, -1.089717, 0.221323, -2.74385, 0.78801, -1.331197, 0.488697, -1.210306, -1.236481, 0.734638, -0.143502, -1.91986, -0.001875, -1.078171, 0.357511, -0.874258, 1.74533]",62.39,-75.72,-62.44,12.68,-157.21,45.15,-76.27,28.0,-69.35,-70.85,42.09,-8.22,-110.0,-0.11,-61.77,20.48,-50.09,100.0
letters_upper/V_dejavuserif-bold,letters_upper,targets/letters_upper/V_dejavuserif-bold.png,0.6153,0.5924,0.0154,0.5603,10,8,3,0.2,124.8,letters_upper/V_dejavuserif-bold/V_dejavuserif-bold_best.png,"[-0.702134, -0.889307, -0.230799, 0.028126, -0.929746, 0.710627, -0.154877, -1.251097, -0.579924, -0.173338, -0.709128, -0.05894, 0.085873, -1.118132, -0.194967, 0.627316, -0.580027, 0.316444]",-40.23,-50.95,-13.22,1.61,-53.27,40.72,-8.87,-71.68,-33.23,-9.93,-40.63,-3.38,4.92,-64.06,-11.17,35.94,-33.23,18.13
abstract/device0_mpeg7-02,abstract,targets/abstract/device0_mpeg7-02.png,0.615,0.5767,0.022,0.5429,10,3,3,0.2,122.8,abstract/device0_mpeg7-02/device0_mpeg7-02_best.png,"[-1.91986, -0.806086, 0.336644, -0.721994, 0.352599, 1.289658, 1.059018, -1.705908, -0.566622, 0.336116, 2.577302, 1.208157, 1.004686, -0.023861, -0.944922, 1.13487, 0.059674, 0.047244]",-110.0,-46.19,19.29,-41.37,20.2,73.89,60.68,-97.74,-32.47,19.26,147.67,69.22,57.56,-1.37,-54.14,65.02,3.42,2.71
animals/dog_mpeg7-01,animals,targets/animals/dog_mpeg7-01.png,0.6149,0.562,0.0423,0.491,10,1,3,0.2,124.4,animals/dog_mpeg7-01/dog_mpeg7-01_best.png,"[1.025879, -0.427849, -1.69, -1.235117, -0.133546, 0.065598, 0.745721, -0.34665, -1.657121, -1.563713, -1.960746, 0.512711, 0.749946, 0.033489, -1.560118, 1.65806, 2.562733, 0.242595]",58.78,-24.51,-96.83,-70.77,-7.65,3.76,42.73,-19.86,-94.95,-89.59,-112.34,29.38,42.97,1.92,-89.39,95.0,146.83,13.9
letters_lower/c_dejavuserif-bold,letters_lower,targets/letters_lower/c_dejavuserif-bold.png,0.6148,0.5926,0.0167,0.5689,10,5,3,0.2,85.9,letters_lower/c_dejavuserif-bold/c_dejavuserif-bold_best.png,"[1.820833, -0.731576, -1.288096, 1.518307, 1.947437, 0.884469, -0.508454, 0.160016, -1.69, -1.056722, -1.32599, 1.287509, -0.903712, -1.529615, -1.673224, 0.835205, 1.546341, 0.160183]",104.33,-41.92,-73.8,86.99,111.58,50.68,-29.13,9.17,-96.83,-60.55,-75.97,73.77,-51.78,-87.64,-95.87,47.85,88.6,9.18
vehicles/chopper_mpeg7-03,vehicles,targets/vehicles/chopper_mpeg7-03.png,0.614,0.5893,0.0165,0.5636,10,8,3,0.2,86.4,vehicles/chopper_mpeg7-03/chopper_mpeg7-03_best.png,"[1.097325, -0.496102, -1.69, -1.584939, -1.698936, -0.174533, -1.150688, -0.579491, -0.225651, 1.638403, -1.65465, -0.114159, -1.730653, -1.505341, -0.264227, 0.633723, -2.232984, -0.130648]",62.87,-28.42,-96.83,-90.81,-97.34,-10.0,-65.93,-33.2,-12.93,93.87,-94.8,-6.54,-99.16,-86.25,-15.14,36.31,-127.94,-7.49
digits/4_dejavusansmono-bold,digits,targets/digits/4_dejavusansmono-bold.png,0.6134,0.5845,0.0191,0.5505,10,3,3,0.2,123.6,digits/4_dejavusansmono-bold/4_dejavusansmono-bold_best.png,"[0.802356, -1.577172, -0.33313, 0.731071, 2.821426, 1.31567, 0.418952, -0.772178, -0.449275, -1.24062, 1.729064, 0.655736, -0.6708, -1.060802, 0.904218, -1.638803, -2.359728, 0.206894]",45.97,-90.37,-19.09,41.89,161.66,75.38,24.0,-44.24,-25.74,-71.08,99.07,37.57,-38.43,-60.78,51.81,-93.9,-135.2,11.85
digits/9_dejavuserif-bold,digits,targets/digits/9_dejavuserif-bold.png,0.613,0.5759,0.0245,0.5334,10,5,3,0.2,123.2,digits/9_dejavuserif-bold/9_dejavuserif-bold_best.png,"[1.835504, -0.699524, -1.393037, 1.295652, 2.128531, 0.924216, 0.939564, -1.497923, -0.949415, 1.083411, -0.127993, 0.32585, -0.262531, -1.280211, -1.103561, 1.15163, 2.229136, 0.493748]",105.17,-40.08,-79.82,74.24,121.96,52.95,53.83,-85.82,-54.4,62.07,-7.33,18.67,-15.04,-73.35,-63.23,65.98,127.72,28.29
animals/cattle_mpeg7-01,animals,targets/animals/cattle_mpeg7-01.png,0.6121,0.5759,0.0226,0.5308,10,4,3,0.2,123.5,animals/cattle_mpeg7-01/cattle_mpeg7-01_best.png,"[0.722475, -1.237989, -0.493737, 1.318874, 2.767345, 1.74533, 0.181923, -1.075974, 0.03208, -0.103171, 0.78184, 0.68877, -0.077862, -1.488934, -0.756216, 1.641089, -2.322736, 1.551242]",41.39,-70.93,-28.29,75.57,158.56,100.0,10.42,-61.65,1.84,-5.91,44.8,39.46,-4.46,-85.31,-43.33,94.03,-133.08,88.88
vehicles/classic_mpeg7-05,vehicles,targets/vehicles/classic_mpeg7-05.png,0.612,0.5447,0.045,0.4676,10,1,3,0.2,86.4,vehicles/classic_mpeg7-05/classic_mpeg7-05_best.png,"[0.849981, -0.466531, -1.69, -1.557545, -0.018913, -0.174533, -1.090442, -0.406629, -0.834244, 1.610712, 2.84121, 1.480225, 0.947738, 0.127386, -0.257986, -1.169968, -2.027987, 0.880545]",48.7,-26.73,-96.83,-89.24,-1.08,-10.0,-62.48,-23.3,-47.8,92.29,162.79,84.81,54.3,7.3,-14.78,-67.03,-116.2,50.45
abstract/device7_mpeg7-03,abstract,targets/abstract/device7_mpeg7-03.png,0.6118,0.5762,0.0166,0.5506,10,2,3,0.2,120.8,abstract/device7_mpeg7-03/device7_mpeg7-03_best.png,"[1.429962, -1.476098, -0.8049, 0.012403, -0.991126, 1.528207, -1.91986, 0.367787, -0.67661, -1.065661, 1.357876, 1.146565, 0.399998, 0.065529, -1.647397, -0.863331, -0.631553, 1.657947]",81.93,-84.57,-46.12,0.71,-56.79,87.56,-110.0,21.07,-38.77,-61.06,77.8,65.69,22.92,3.75,-94.39,-49.47,-36.19,94.99
vehicles/car_mpeg7-01,vehicles,targets/vehicles/car_mpeg7-01.png,0.6117,0.5654,0.0254,0.5326,10,8,3,0.2,86.5,vehicles/car_mpeg7-01/car_mpeg7-01_best.png,"[0.917858, -0.475352, -1.613195, -1.435421, -0.603226, 1.56481, -1.20085, -0.674629, -0.035543, 0.959909, -1.966395, 0.178276, 0.8175, -0.771603, -1.661416, -0.69165, 0.628355, 0.854528]",52.59,-27.24,-92.43,-82.24,-34.56,89.66,-68.8,-38.65,-2.04,55.0,-112.67,10.21,46.84,-44.21,-95.19,-39.63,36.0,48.96
digits/4_dejavusans-bold,digits,targets/digits/4_dejavusans-bold.png,0.6104,0.5954,0.0161,0.5657,10,4,3,0.2,123.7,digits/4_dejavusans-bold/4_dejavusans-bold_best.png,"[0.771085, -1.478829, -0.379958, 0.520492, 2.84121, 1.521606, 0.243639, -0.216026, -1.51845, -0.652125, -0.956566, 1.632941, 0.962993, -0.395694, -0.048077, 1.509644, -1.496315, 0.842281]",44.18,-84.73,-21.77,29.82,162.79,87.18,13.96,-12.38,-87.0,-37.36,-54.81,93.56,55.18,-22.67,-2.75,86.5,-85.73,48.26
letters_lower/k_dejavuserif-bold,letters_lower,targets/letters_lower/k_dejavuserif-bold.png,0.6096,0.5761,0.0172,0.5451,10,4,3,0.2,87.5,letters_lower/k_dejavuserif-bold/k_dejavuserif-bold_best.png,"[1.791775, -0.91399, -0.876186, 1.018023, 0.025721, -0.142214, -0.713481, -1.263629, -0.478838, -0.706205, 0.404313, 0.758049, -0.963223, -1.518532, -1.114782, -1.65806, 2.782243, 0.377269]",102.66,-52.37,-50.2,58.33,1.47,-8.15,-40.88,-72.4,-27.44,-40.46,23.17,43.43,-55.19,-87.01,-63.87,-95.0,159.41,21.62
abstract/device5_mpeg7-05,abstract,targets/abstract/device5_mpeg7-05.png,0.6091,0.5814,0.0279,0.5072,10,8,3,0.2,122.2,abstract/device5_mpeg7-05/device5_mpeg7-05_best.png,"[1.131128, -0.760398, -1.623617, -1.013796, -1.515832, -0.02711, -0.546624, -1.098326, -0.025472, -1.231738, -0.19622, -0.075001, 0.466497, -0.590741, -0.570225, 1.65806, -0.440409, 1.275624]",64.81,-43.57,-93.03,-58.09,-86.85,-1.55,-31.32,-62.93,-1.46,-70.57,-11.24,-4.3,26.73,-33.85,-32.67,95.0,-25.23,73.09
abstract/heart_mpeg7-05,abstract,targets/abstract/heart_mpeg7-05.png,0.6088,0.5846,0.0164,0.5562,10,0,3,0.2,123.5,abstract/heart_mpeg7-05/heart_mpeg7-05_best.png,"[-1.891833, 0.546829, -1.478925, 0.786433, 2.51749, 0.669769, -1.433397, -0.105097, -0.519422, 0.207669, -2.014606, 1.422928, -0.431058, -1.189773, -1.548187, 0.870735, -1.733822, 0.07277]",-108.39,31.33,-84.74,45.06,144.24,38.37,-82.13,-6.02,-29.76,11.9,-115.43,81.53,-24.7,-68.17,-88.7,49.89,-99.34,4.17
letters_lower/u_dejavuserif-bold,letters_lower,targets/letters_lower/u_dejavuserif-bold.png,0.6078,0.5754,0.0196,0.5472,10,4,3,0.2,85.8,letters_lower/u_dejavuserif-bold/u_dejavuserif-bold_best.png,"[0.795724, -0.977204, -1.446751, 1.130272, 2.456058, 0.576882, 1.858642, -0.979732, -1.172922, 1.085922, 1.38894, 1.473516, 1.040026, -1.527985, -0.690494, -1.16242, 2.811865, 0.551835]",45.59,-55.99,-82.89,64.76,140.72,33.05,106.49,-56.13,-67.2,62.22,79.58,84.43,59.59,-87.55,-39.56,-66.6,161.11,31.62
letters_lower/q_dejavuserif-bold,letters_lower,targets/letters_lower/q_dejavuserif-bold.png,0.6076,0.564,0.0253,0.525,10,1,3,0.2,86.2,letters_lower/q_dejavuserif-bold/q_dejavuserif-bold_best.png,"[0.902726, -1.74533, -0.282961, 0.410197, -1.478891, -0.161404, -0.72299, -0.44958, -0.715619, -0.689936, 1.117234, 1.598764, 0.841034, -0.005506, -0.640717, -1.19987, -2.197262, 0.350349]",51.72,-100.0,-16.21,23.5,-84.73,-9.25,-41.42,-25.76,-41.0,-39.53,64.01,91.6,48.19,-0.32,-36.71,-68.75,-125.89,20.07
animals/elephant_mpeg7-03,animals,targets/animals/elephant_mpeg7-03.png,0.6065,0.5841,0.0146,0.5658,10,0,3,0.2,122.1,animals/elephant_mpeg7-03/elephant_mpeg7-03_best.png,"[-0.593072, -0.414496, -1.442492, -1.387946, 2.263717, 1.74533, -1.254196, 0.362277, -1.462629, -1.342855, 1.556567, 1.387343, 0.665244, -0.694442, -1.407401, -1.611177, -2.720192, 0.513216]",-33.98,-23.75,-82.65,-79.52,129.7,100.0,-71.86,20.76,-83.8,-76.94,89.18,79.49,38.12,-39.79,-80.64,-92.31,-155.86,29.41
letters_upper/A_dejavusansmono-bold,letters_upper,targets/letters_upper/A_dejavusansmono-bold.png,0.6054,0.5842,0.0162,0.5538,10,2,3,0.2,125.2,letters_upper/A_dejavusansmono-bold/A_dejavusansmono-bold_best.png,"[1.841894, -1.292841, 0.151995, 0.190536, -0.86827, 0.671946, 1.043885, -0.85914, -1.69, -1.447544, -0.786209, -0.167309, -0.730543, -1.104996, -1.065224, 1.005999, 2.600785, 1.640875]",105.53,-74.07,8.71,10.92,-49.75,38.5,59.81,-49.23,-96.83,-82.94,-45.05,-9.59,-41.86,-63.31,-61.03,57.64,149.01,94.02
letters_upper/P_dejavuserif-bold,letters_upper,targets/letters_upper/P_dejavuserif-bold.png,0.6053,0.5856,0.0135,0.5649,10,5,3,0.2,123.5,letters_upper/P_dejavuserif-bold/P_dejavuserif-bold_best.png,"[1.783125, -0.926662, -0.400657, 0.435975, 1.410504, 1.280152, -0.310123, -0.688822, -1.69, 0.645405, -0.435075, 0.149517, -1.174846, 0.260696, -1.504111, -0.87393, -2.285376, 1.547735]",102.17,-53.09,-22.96,24.98,80.82,73.35,-17.77,-39.47,-96.83,36.98,-24.93,8.57,-67.31,14.94,-86.18,-50.07,-130.94,88.68
letters_upper/K_dejavusans-bold,letters_upper,targets/letters_upper/K_dejavusans-bold.png,0.605,0.5646,0.03,0.5127,10,3,3,0.2,123.9,letters_upper/K_dejavusans-bold/K_dejavusans-bold_best.png,"[1.634337, -1.612881, -0.404237, -0.25152, 2.677892, 0.280625, 1.214764, -1.022988, -1.497947, -1.179829, -1.020978, 1.141829, -1.853813, -0.248183, -0.420342, 0.076582, -1.585134, -0.127692]",93.64,-92.41,-23.16,-14.41,153.43,16.08,69.6,-58.61,-85.83,-67.6,-58.5,65.42,-106.22,-14.22,-24.08,4.39,-90.82,-7.32
vehicles/car_mpeg7-04,vehicles,targets/vehicles/car_mpeg7-04.png,0.6046,0.5493,0.0297,0.4969,10,1,3,0.2,86.8,vehicles/car_mpeg7-04/car_mpeg7-04_best.png,"[0.710982, -0.438112, -1.502796, -1.648996, -0.507857, -0.11728, -0.924199, -0.615322, -1.672822, -1.65806, 2.084154, 1.15957, -1.225026, -0.260429, -0.14598, 0.486182, -2.698504, 0.709181]",40.74,-25.1,-86.1,-94.48,-29.1,-6.72,-52.95,-35.26,-95.85,-95.0,119.41,66.44,-70.19,-14.92,-8.36,27.86,-154.61,40.63
objects/shoe_mpeg7-05,objects,targets/objects/shoe_mpeg7-05.png,0.6043,0.554,0.0329,0.5046,10,6,3,0.2,86.2,objects/shoe_mpeg7-05/shoe_mpeg7-05_best.png,"[1.093279, -0.731535, -1.584977, -1.192785, 0.45101, -0.138572, 0.49627, -0.40746, -1.549391, -1.355292, -2.172508, 0.081152, 0.942817, -0.072473, -0.62669, 1.494068, 0.007625, 0.076151]",62.64,-41.91,-90.81,-68.34,25.84,-7.94,28.43,-23.35,-88.77,-77.65,-124.48,4.65,54.02,-4.15,-35.91,85.6,0.44,4.36
animals/flatfish_mpeg7-04,animals,targets/animals/flatfish_mpeg7-04.png,0.6042,0.5535,0.0301,0.5105,10,7,3,0.2,123.2,animals/flatfish_mpeg7-04/flatfish_mpeg7-04_best.png,"[0.829138, -0.641891, -1.320234, -1.641579, 2.84121, 0.224, -0.80737, -0.81861, -1.642777, -0.808105, -1.195913, 0.182354, -1.337524, -0.630853, -0.273308, 1.388243, -1.380415, 1.055894]",47.51,-36.78,-75.64,-94.06,162.79,12.83,-46.26,-46.9,-94.12,-46.3,-68.52,10.45,-76.63,-36.15,-15.66,79.54,-79.09,60.5
digits/8_dejavusansmono-bold,digits,targets/digits/8_dejavusansmono-bold.png,0.6027,0.5812,0.0228,0.5209,10,8,3,0.2,124.5,digits/8_dejavusansmono-bold/8_dejavusansmono-bold_best.png,"[1.005978, -0.495769, -0.848779, -1.464924, -1.071056, -0.117976, 1.132818, -1.238876, -1.225508, 0.684114, -1.972336, 0.001741, -1.004497, -1.66738, -1.436111, 0.997867, 0.043741, -0.102879]",57.64,-28.41,-48.63,-83.93,-61.37,-6.76,64.91,-70.98,-70.22,39.2,-113.01,0.1,-57.55,-95.53,-82.28,57.17,2.51,-5.89
animals/turtle_mpeg7-02,animals,targets/animals/turtle_mpeg7-02.png,0.6025,0.5321,0.0286,0.4992,10,4,3,0.2,124.5,animals/turtle_mpeg7-02/turtle_mpeg7-02_best.png,"[-0.672307, -0.943283, -1.072078, 1.632857, 2.749791, 1.2693, 0.42037, -1.063231, -0.235835, 0.758136, 2.372732, 0.145958, -0.607799, -1.509776, -0.60982, -1.507132, -1.768066, 1.72225]",-38.52,-54.05,-61.43,93.56,157.55,72.73,24.09,-60.92,-13.51,43.44,135.95,8.36,-34.82,-86.5,-34.94,-86.35,-101.3,98.68
digits/2_dejavusansmono-bold,digits,targets/digits/2_dejavusansmono-bold.png,0.6018,0.5524,0.0274,0.5065,10,5,3,0.2,123.1,digits/2_dejavusansmono-bold/2_dejavusansmono-bold_best.png,"[-0.546691, -0.710055, -1.414812, 0.736918, -2.090227, 1.447688, -1.208682, -1.636508, -1.570193, 0.482879, 0.430521, 1.125786, 1.239333, 0.100657, 0.796855, -0.812962, -0.084254, 0.740839]",-31.32,-40.68,-81.06,42.22,-119.76,82.95,-69.25,-93.77,-89.97,27.67,24.67,64.5,71.01,5.77,45.66,-46.58,-4.83,42.45
animals/flatfish_mpeg7-02,animals,targets/animals/flatfish_mpeg7-02.png,0.6011,0.5219,0.036,0.478,10,8,3,0.2,123.9,animals/flatfish_mpeg7-02/flatfish_mpeg7-02_best.png,"[1.026777, -0.570032, -1.490204, -1.450155, -2.070115, -0.029442, -0.816709, -0.892433, -1.577041, -0.468999, -2.377885, -0.174533, 0.678067, -0.793869, -0.046706, 1.006087, -1.569047, 1.183401]",58.83,-32.66,-85.38,-83.09,-118.61,-1.69,-46.79,-51.13,-90.36,-26.87,-136.24,-10.0,38.85,-45.49,-2.68,57.64,-89.9,67.8
animals/flatfish_mpeg7-05,animals,targets/animals/flatfish_mpeg7-05.png,0.601,0.5444,0.0285,0.5049,10,8,3,0.2,122.5,animals/flatfish_mpeg7-05/flatfish_mpeg7-05_best.png,"[0.949369, -0.555656, -1.537411, -1.412746, -2.068252, 0.01854, -0.983392, -0.721986, -0.231972, 1.36304, -2.395551, 1.62392, 0.87092, -0.845933, -1.60509, -0.862035, 1.167875, 1.721774]",54.39,-31.84,-88.09,-80.94,-118.5,1.06,-56.34,-41.37,-13.29,78.1,-137.25,93.04,49.9,-48.47,-91.96,-49.39,66.91,98.65
animals/elephant_mpeg7-04,animals,targets/animals/elephant_mpeg7-04.png,0.6006,0.5525,0.0252,0.5077,10,9,3,0.2,123.6,animals/elephant_mpeg7-04/elephant_mpeg7-04_best.png,"[0.896414, -0.456872, -1.384141, -1.556266, -1.115038, 1.340163, -0.909177, -0.537545, 0.001235, -1.65806, -0.870751, 0.137609, -0.799003, -0.719833, -1.395557, 1.404043, -1.794822, 0.964949]",51.36,-26.18,-79.31,-89.17,-63.89,76.79,-52.09,-30.8,0.07,-95.0,-49.89,7.88,-45.78,-41.24,-79.96,80.45,-102.84,55.29
letters_upper/R_dejavusansmono-bold,letters_upper,targets/letters_upper/R_dejavusansmono-bold.png,0.6005,0.5615,0.0221,0.5224,10,2,3,0.2,124.1,letters_upper/R_dejavusansmono-bold/R_dejavusansmono-bold_best.png,"[-1.450877, 0.157029, -1.460892, -1.210586, 1.339312, 1.170118, -0.547777, -1.352774, -0.389571, -0.127101, -1.509289, 0.300601, -0.278173, -1.6581, -0.24232, 1.633698, -0.465729, 0.309355]",-83.13,9.0,-83.7,-69.36,76.74,67.04,-31.39,-77.51,-22.32,-7.28,-86.48,17.22,-15.94,-95.0,-13.88,93.6,-26.68,17.72
letters_lower/q_dejavusansmono-bold,letters_lower,targets/letters_lower/q_dejavusansmono-bold.png,0.6,0.5782,0.0121,0.5527,10,1,3,0.2,86.7,letters_lower/q_dejavusansmono-bold/q_dejavusansmono-bold_best.png,"[0.524324, -1.57528, -0.255754, 0.523405, -1.365983, -0.032314, -1.104736, -0.429644, -0.447839, -1.363072, 1.643396, 0.527388, -1.903614, -0.142284, 0.070655, -0.462018, 0.955904, 1.736986]",30.04,-90.26,-14.65,29.99,-78.27,-1.85,-63.3,-24.62,-25.66,-78.1,94.16,30.22,-109.07,-8.15,4.05,-26.47,54.77,99.52
letters_lower/n_dejavuserif-bold,letters_lower,targets/letters_lower/n_dejavuserif-bold.png,0.5996,0.5735,0.0158,0.5464,10,2,3,0.2,86.0,letters_lower/n_dejavuserif-bold/n_dejavuserif-bold_best.png,"[-1.483955, 0.322492, -0.933909, -1.65806, 1.350949, 0.98281, -0.071745, -1.390387, -0.377595, 0.320012, -0.820901, 0.265281, 0.436188, -1.646095, -0.542193, 0.703944, 1.891166, 1.475785]",-85.02,18.48,-53.51,-95.0,77.4,56.31,-4.11,-79.66,-21.63,18.34,-47.03,15.2,24.99,-94.31,-31.07,40.33,108.36,84.56
letters_lower/x_dejavusansmono-bold,letters_lower,targets/letters_lower/x_dejavusansmono-bold.png,0.5996,0.5511,0.026,0.5164,10,5,3,0.2,88.0,letters_lower/x_dejavusansmono-bold/x_dejavusansmono-bold_best.png,"[-1.91986, -0.572877, 0.296204, -0.616543, -1.895713, -0.174533, -1.91986, -0.5689, -1.275884, -0.411536, -1.481079, -0.130332, 0.973051, -0.944112, -1.671411, -1.616942, -1.416973, 1.031723]",-110.0,-32.82,16.97,-35.33,-108.62,-10.0,-110.0,-32.6,-73.1,-23.58,-84.86,-7.47,55.75,-54.09,-95.76,-92.64,-81.19,59.11
vehicles/truck_mpeg7-02,vehicles,targets/vehicles/truck_mpeg7-02.png,0.599,0.5507,0.034,0.5012,10,5,3,0.2,85.2,vehicles/truck_mpeg7-02/truck_mpeg7-02_best.png,"[0.90855, -1.263459, 0.120706, -1.65806, 1.92899, -0.14607, 0.860938, -0.721782, -1.557565, -1.358761, 1.242178, 1.451337, -0.989399, -0.805308, 0.675928, -1.013985, 0.166153, 1.553086]",52.06,-72.39,6.92,-95.0,110.52,-8.37,49.33,-41.36,-89.24,-77.85,71.17,83.16,-56.69,-46.14,38.73,-58.1,9.52,88.99
letters_upper/N_dejavusans-bold,letters_upper,targets/letters_upper/N_dejavusans-bold.png,0.5987,0.5668,0.019,0.533,10,3,3,0.2,123.7,letters_upper/N_dejavusans-bold/N_dejavusans-bold_best.png,"[-1.91986, 0.326803, -0.437878, -1.075927, 0.739205, 0.70171, 1.851995, -1.111119, -1.238729, 1.039984, -0.993643, 0.636353, -1.91986, -0.786708, 0.360551, -1.59782, -2.449598, 0.534154]",-110.0,18.72,-25.09,-61.65,42.35,40.21,106.11,-63.66,-70.97,59.59,-56.93,36.46,-110.0,-45.08,20.66,-91.55,-140.35,30.6
objects/shoe_mpeg7-01,objects,targets/objects/shoe_mpeg7-01.png,0.5987,0.5358,0.0402,0.4743,10,6,3,0.2,86.4,objects/shoe_mpeg7-01/shoe_mpeg7-01_best.png,"[1.056339, -0.626763, -1.582108, -1.399786, 1.373921, -0.136949, -0.173925, -0.543125, -1.443757, -1.247155, -1.906043, 1.229918, 0.853189, -0.430656, -0.422757, 1.635617, -1.535414, 0.004068]",60.52,-35.91,-90.65,-80.2,78.72,-7.85,-9.97,-31.12,-82.72,-71.46,-109.21,70.47,48.88,-24.67,-24.22,93.71,-87.97,0.23
objects/shoe_mpeg7-04,objects,targets/objects/shoe_mpeg7-04.png,0.5977,0.5485,0.0362,0.498,10,8,3,0.2,86.0,objects/shoe_mpeg7-04/shoe_mpeg7-04_best.png,"[0.988271, -0.511631, -1.69, -1.429039, -1.704643, 0.181369, 0.603891, -0.685589, -1.188096, -1.547842, -1.776019, 0.363852, 1.91986, -0.802154, -1.376683, -1.482329, 1.441466, 1.681108]",56.62,-29.31,-96.83,-81.88,-97.67,10.39,34.6,-39.28,-68.07,-88.68,-101.76,20.85,110.0,-45.96,-78.88,-84.93,82.59,96.32
animals/lmfish_mpeg7-02,animals,targets/animals/lmfish_mpeg7-02.png,0.5976,0.5611,0.0265,0.5111,10,0,3,0.2,122.2,animals/lmfish_mpeg7-02/lmfish_mpeg7-02_best.png,"[-0.551906, -0.449926, -1.430161, -1.541836, 2.225007, 1.694681, 0.03625, -0.575176, -1.492465, -0.448218, -0.954891, 0.799404, -1.352774, 0.316456, -0.773475, 1.339434, 1.629524, 0.486679]",-31.62,-25.78,-81.94,-88.34,127.48,97.1,2.08,-32.96,-85.51,-25.68,-54.71,45.8,-77.51,18.13,-44.32,76.74,93.36,27.88
abstract/device7_mpeg7-02,abstract,targets/abstract/device7_mpeg7-02.png,0.5965,0.5712,0.0192,0.5349,10,2,3,0.2,122.3,abstract/device7_mpeg7-02/device7_mpeg7-02_best.png,"[1.314313, -1.730587, 0.133017, -0.432919, -0.96523, 0.177086, -1.919458, 0.761646, -1.326008, -0.856753, 1.124388, 1.211096, 1.91986, -0.928698, -1.69, 1.509977, 0.396635, 0.098137]",75.3,-99.16,7.62,-24.8,-55.3,10.15,-109.98,43.64,-75.97,-49.09,64.42,69.39,110.0,-53.21,-96.83,86.52,22.73,5.62
letters_lower/j_dejavuserif-bold,letters_lower,targets/letters_lower/j_dejavuserif-bold.png,0.5964,0.567,0.0242,0.5187,10,7,3,0.2,87.6,letters_lower/j_dejavuserif-bold/j_dejavuserif-bold_best.png,"[1.871436, 0.382168, -1.204985, -0.967107, 2.749917, -0.091764, -0.702374, -1.084295, -0.514501, 0.063751, -0.408728, 0.892713, -1.260584, -1.714077, -1.194767, 1.450839, -2.741845, 0.283929]",107.23,21.9,-69.04,-55.41,157.56,-5.26,-40.24,-62.13,-29.48,3.65,-23.42,51.15,-72.23,-98.21,-68.46,83.13,-157.1,16.27
hand_shadow/bird_hasper-01,hand_shadow,targets/hand_shadow/bird_hasper-01.png,0.5955,0.5459,0.0248,0.4988,10,6,3,0.2,85.5,hand_shadow/bird_hasper-01/bird_hasper-01_best.png,"[1.037154, -0.857815, -1.457395, -1.406127, 1.641191, 0.125829, -0.489419, -0.626294, -1.419484, -0.96524, -2.406579, 0.746288, -1.120985, -1.22715, 1.057892, -0.041185, 1.085692, 1.210416]",59.42,-49.15,-83.5,-80.57,94.03,7.21,-28.04,-35.88,-81.33,-55.3,-137.89,42.76,-64.23,-70.31,60.61,-2.36,62.21,69.35
letters_upper/A_dejavusans-bold,letters_upper,targets/letters_upper/A_dejavusans-bold.png,0.5945,0.56,0.0225,0.5239,10,9,3,0.2,124.1,letters_upper/A_dejavusans-bold/A_dejavusans-bold_best.png,"[0.672342, -0.482629, -1.015229, -1.619159, -0.201256, 0.719713, 0.924712, -1.059319, -1.2948, -1.652489, 2.018933, 0.649516, -1.406218, 0.845977, -1.407341, 1.039476, -1.793227, 0.163452]",38.52,-27.65,-58.17,-92.77,-11.53,41.24,52.98,-60.69,-74.19,-94.68,115.68,37.21,-80.57,48.47,-80.63,59.56,-102.74,9.37
letters_lower/w_dejavusansmono-bold,letters_lower,targets/letters_lower/w_dejavusansmono-bold.png,0.5938,0.5563,0.0249,0.5207,10,4,3,0.2,85.4,letters_lower/w_dejavusansmono-bold/w_dejavusansmono-bold_best.png,"[1.107854, -1.425394, -1.141885, 0.812144, 2.613189, 1.681283, 1.007814, 0.329064, -1.297176, -1.023386, -0.347475, 0.815609, 1.91986, -1.161778, 0.395655, 0.02232, -2.568557, 0.220683]",63.48,-81.67,-65.43,46.53,149.72,96.33,57.74,18.85,-74.32,-58.64,-19.91,46.73,110.0,-66.56,22.67,1.28,-147.17,12.64
objects/brick_mpeg7-03,objects,targets/objects/brick_mpeg7-03.png,0.5938,0.5625,0.0275,0.5081,10,1,3,0.2,86.2,objects/brick_mpeg7-03/brick_mpeg7-03_best.png,"[0.999187, -0.598074, -1.69, -1.156034, -0.12485, 0.446012, -1.833687, -0.530909, -1.53417, -1.610365, 1.55467, 0.318729, 0.594614, -0.39951, 0.071033, -1.647872, -1.606456, 0.827627]",57.25,-34.27,-96.83,-66.24,-7.15,25.55,-105.06,-30.42,-87.9,-92.27,89.08,18.26,34.07,-22.89,4.07,-94.42,-92.04,47.42
objects/brick_mpeg7-05,objects,targets/objects/brick_mpeg7-05.png,0.5937,0.5521,0.0256,0.5063,10,8,3,0.2,87.2,objects/brick_mpeg7-05/brick_mpeg7-05_best.png,"[0.697705, -0.446354, -1.675628, -1.583921, -2.389171, 0.628116, -1.311959, -0.309077, -0.497186, 1.127621, -2.104356, 0.086019, -0.971617, -0.625996, -1.514346, -1.656177, -0.449517, 0.69588]",39.98,-25.57,-96.01,-90.75,-136.89,35.99,-75.17,-17.71,-28.49,64.61,-120.57,4.93,-55.67,-35.87,-86.77,-94.89,-25.76,39.87
vehicles/car_mpeg7-05,vehicles,targets/vehicles/car_mpeg7-05.png,0.5925,0.5447,0.0308,0.5012,10,5,3,0.2,87.6,vehicles/car_mpeg7-05/car_mpeg7-05_best.png,"[-0.649302, -0.852939, -1.026932, -1.65806, 0.760741, 1.74533, -0.88611, -0.916696, -0.166421, 1.618473, -1.002245, -0.057427, 0.752066, -0.970045, -1.39394, 1.532909, -1.221803, 1.71895]",-37.2,-48.87,-58.84,-95.0,43.59,100.0,-50.77,-52.52,-9.54,92.73,-57.42,-3.29,43.09,-55.58,-79.87,87.83,-70.0,98.49
letters_lower/i_dejavusansmono-bold,letters_lower,targets/letters_lower/i_dejavusansmono-bold.png,0.5924,0.5601,0.0191,0.5334,10,7,3,0.2,87.1,letters_lower/i_dejavusansmono-bold/i_dejavusansmono-bold_best.png,"[0.638103, -1.723317, -1.689155, 0.68442, -1.218896, 0.311001, 0.731493, -1.165584, -0.425855, 1.438334, -0.118459, 0.171667, -0.582833, -0.858701, -0.798711, 0.013691, 2.61964, 0.816906]",36.56,-98.74,-96.78,39.21,-69.84,17.82,41.91,-66.78,-24.4,82.41,-6.79,9.84,-33.39,-49.2,-45.76,0.78,150.09,46.81
objects/shoe_mpeg7-03,objects,targets/objects/shoe_mpeg7-03.png,0.5924,0.5282,0.0429,0.4566,10,7,3,0.2,86.7,objects/shoe_mpeg7-03/shoe_mpeg7-03_best.png,"[-0.270072, -0.478074, -1.438312, -1.372578, -2.059542, 1.638221, -0.484931, -0.581443, -1.69, -1.553843, 2.553513, 1.637952, -1.017087, -0.419908, -0.504251, 1.65806, -1.492976, 0.668846]",-15.47,-27.39,-82.41,-78.64,-118.0,93.86,-27.78,-33.31,-96.83,-89.03,146.31,93.85,-58.27,-24.06,-28.89,95.0,-85.54,38.32
letters_lower/z_dejavusansmono-bold,letters_lower,targets/letters_lower/z_dejavusansmono-bold.png,0.5923,0.5551,0.0194,0.5256,10,1,3,0.2,91.3,letters_lower/z_dejavusansmono-bold/z_dejavusansmono-bold_best.png,"[1.118251, -0.63138, -1.69, -0.352271, 0.214361, 0.020207, -1.91986, -0.159592, -0.947558, -1.287456, 1.714988, 1.079851, 0.846507, -1.160269, 0.698474, 1.489393, -2.610709, 0.517755]",64.07,-36.18,-96.83,-20.18,12.28,1.16,-110.0,-9.14,-54.29,-73.77,98.26,61.87,48.5,-66.48,40.02,85.34,-149.58,29.67
letters_lower/e_dejavusansmono-bold,letters_lower,targets/letters_lower/e_dejavusansmono-bold.png,0.592,0.5544,0.0161,0.5258,10,7,3,0.2,85.2,letters_lower/e_dejavusansmono-bold/e_dejavusansmono-bold_best.png,"[0.613724, -0.077492, -1.41796, -1.354905, 2.153671, -0.174533, -0.441877, -0.710859, -1.667716, 0.522397, 2.789662, 1.280762, 0.60132, -1.257916, -0.291885, 1.625702, 0.656272, 1.570093]",35.16,-4.44,-81.24,-77.63,123.4,-10.0,-25.32,-40.73,-95.55,29.93,159.84,73.38,34.45,-72.07,-16.72,93.15,37.6,89.96
letters_lower/a_dejavusansmono-bold,letters_lower,targets/letters_lower/a_dejavusansmono-bold.png,0.5919,0.5619,0.0183,0.5386,10,0,3,0.2,85.0,letters_lower/a_dejavusansmono-bold/a_dejavusansmono-bold_best.png,"[-1.91986, 0.665847, -0.952171, -1.214639, 0.897588, 0.891129, 0.538935, 0.113035, -1.69, -0.893279, -0.319401, 0.416338, -1.182247, -0.205669, -1.69, -1.615126, -2.467837, 0.438503]",-110.0,38.15,-54.56,-69.59,51.43,51.06,30.88,6.48,-96.83,-51.18,-18.3,23.85,-67.74,-11.78,-96.83,-92.54,-141.4,25.12
digits/3_dejavusans-bold,digits,targets/digits/3_dejavusans-bold.png,0.5917,0.5465,0.0281,0.4987,10,0,3,0.2,123.9,digits/3_dejavusans-bold/3_dejavusans-bold_best.png,"[1.050204, -1.626843, -0.632192, 0.605976, -1.912905, -0.122732, -1.862401, 0.16127, -1.143861, -0.309322, -1.222956, 1.724582, 1.270432, 1.087018, -0.656251, -1.149267, -1.988079, 1.447804]",60.17,-93.21,-36.22,34.72,-109.6,-7.03,-106.71,9.24,-65.54,-17.72,-70.07,98.81,72.79,62.28,-37.6,-65.85,-113.91,82.95
letters_upper/H_dejavusans-bold,letters_upper,targets/letters_upper/H_dejavusans-bold.png,0.5908,0.5392,0.0279,0.4853,10,7,3,0.2,123.7,letters_upper/H_dejavusans-bold/H_dejavusans-bold_best.png,"[0.641146, -1.648781, -0.321257, 0.528145, -1.73679, 0.568487, 1.854114, -1.406592, -0.526749, 0.250356, 0.337184, 0.441386, 1.91986, -1.486165, 0.507473, 0.326939, -2.144542, 1.481819]",36.73,-94.47,-18.41,30.26,-99.51,32.57,106.23,-80.59,-30.18,14.34,19.32,25.29,110.0,-85.15,29.08,18.73,-122.87,84.9
abstract/device0_mpeg7-01,abstract,targets/abstract/device0_mpeg7-01.png,0.5905,0.5632,0.0147,0.5357,10,6,3,0.2,122.9,abstract/device0_mpeg7-01/device0_mpeg7-01_best.png,"[0.986518, -1.544047, -0.062959, -0.316124, -2.032919, 0.789669, 1.898, -0.779351, -0.685436, -1.293188, -0.441277, 0.158961, 0.601419, -0.783585, -1.420167, -1.311086, -1.764108, 0.121372]",56.52,-88.47,-3.61,-18.11,-116.48,45.24,108.75,-44.65,-39.27,-74.09,-25.28,9.11,34.46,-44.9,-81.37,-75.12,-101.08,6.95
vehicles/personal-car_mpeg7-04,vehicles,targets/vehicles/personal-car_mpeg7-04.png,0.5905,0.5281,0.0312,0.4704,10,8,3,0.2,85.3,vehicles/personal-car_mpeg7-04/personal-car_mpeg7-04_best.png,"[1.200117, -0.639554, -1.639981, -1.183262, -1.565542, 0.144311, -1.121105, -0.64784, -0.356411, 1.475041, -1.389839, 0.815558, -0.132152, -0.777498, -1.186822, -1.584543, -0.580042, 0.045433]",68.76,-36.64,-93.96,-67.8,-89.7,8.27,-64.23,-37.12,-20.42,84.51,-79.63,46.73,-7.57,-44.55,-68.0,-90.79,-33.23,2.6
abstract/device0_mpeg7-04,abstract,targets/abstract/device0_mpeg7-04.png,0.5901,0.554,0.0224,0.5015,10,0,3,0.2,123.8,abstract/device0_mpeg7-04/device0_mpeg7-04_best.png,"[-0.760035, -0.782058, -1.075807, -0.262146, 2.143831, 1.424882, -1.177297, -0.919302, -0.190172, 0.568109, -1.005458, 1.74533, 0.614343, -1.394705, -0.245297, -1.65806, 2.162724, 1.743781]",-43.55,-44.81,-61.64,-15.02,122.83,81.64,-67.45,-52.67,-10.9,32.55,-57.61,100.0,35.2,-79.91,-14.05,-95.0,123.91,99.91
letters_lower/q_dejavusans-bold,letters_lower,targets/letters_lower/q_dejavusans-bold.png,0.5897,0.5555,0.029,0.4974,10,8,3,0.2,85.1,letters_lower/q_dejavusans-bold/q_dejavusans-bold_best.png,"[0.665582, -0.613297, -0.339798, -1.392565, -1.336616, 1.242747, 0.989952, -1.74533, -0.817067, 0.98365, 1.068572, 0.687067, 0.395905, -0.799099, -1.433528, 0.59147, 0.762689, 1.571779]",38.14,-35.14,-19.47,-79.79,-76.58,71.2,56.72,-100.0,-46.81,56.36,61.22,39.37,22.68,-45.79,-82.14,33.89,43.7,90.06
letters_upper/Z_dejavusans-bold,letters_upper,targets/letters_upper/Z_dejavusans-bold.png,0.5894,0.5502,0.0171,0.5306,10,4,3,0.2,123.4,letters_upper/Z_dejavusans-bold/Z_dejavusans-bold_best.png,"[0.967325, -0.767436, -1.398622, -0.105899, 1.933967, 1.74533, 0.767582, -0.410293, -1.593554, 1.002353, 1.819427, 1.180749, -0.920028, -1.566754, -1.649454, 0.162837, 1.067373, 1.44024]",55.42,-43.97,-80.14,-6.07,110.81,100.0,43.98,-23.51,-91.3,57.43,104.25,67.65,-52.71,-89.77,-94.51,9.33,61.16,82.52
objects/key_mpeg7-02,objects,targets/objects/key_mpeg7-02.png,0.5892,0.5541,0.0186,0.531,10,7,3,0.2,85.3,objects/key_mpeg7-02/key_mpeg7-02_best.png,"[1.897467, -0.41067, -1.650524, -1.65806, 2.814553, -0.174533, -0.860766, -0.61617, -1.637027, -1.335811, 1.945916, 1.578464, -1.733821, -1.116127, -0.933319, 1.65806, -2.395827, 0.914448]",108.72,-23.53,-94.57,-95.0,161.26,-10.0,-49.32,-35.3,-93.79,-76.54,111.49,90.44,-99.34,-63.95,-53.48,95.0,-137.27,52.39
animals/cattle_mpeg7-05,animals,targets/animals/cattle_mpeg7-05.png,0.5888,0.5572,0.0155,0.5308,10,4,3,0.2,123.4,animals/cattle_mpeg7-05/cattle_mpeg7-05_best.png,"[0.706113, -0.831182, -0.872191, 1.555635, -0.708534, -0.174533, 0.975316, -0.809975, -0.436429, 1.650946, 1.527779, 1.690866, 0.905654, -0.868525, -1.349772, -1.649681, 0.209294, -0.174533]",40.46,-47.62,-49.97,89.13,-40.6,-10.0,55.88,-46.41,-25.01,94.59,87.54,96.88,51.89,-49.76,-77.34,-94.52,11.99,-10.0
animals/camel_mpeg7-03,animals,targets/animals/camel_mpeg7-03.png,0.5887,0.5705,0.0101,0.5508,10,2,3,0.2,123.5,animals/camel_mpeg7-03/camel_mpeg7-03_best.png,"[1.244122, -1.320564, -0.796942, -0.373034, -0.197171, 1.74533, 0.881924, -0.442097, -0.352117, -1.098824, -1.480307, 0.729043, 0.974772, -0.89685, -0.432812, -0.750189, 1.525029, 0.171981]",71.28,-75.66,-45.66,-21.37,-11.3,100.0,50.53,-25.33,-20.17,-62.96,-84.82,41.77,55.85,-51.39,-24.8,-42.98,87.38,9.85
digits/5_dejavusans-bold,digits,targets/digits/5_dejavusans-bold.png,0.5887,0.557,0.0189,0.5188,10,8,3,0.2,124.0,digits/5_dejavusans-bold/5_dejavusans-bold_best.png,"[0.968839, -0.331789, -1.048374, -1.180988, -1.11193, 0.943373, -0.488384, -1.286008, -0.786746, 1.65806, -2.574263, 0.019044, -0.935347, -1.711389, -1.311493, 0.841387, 0.063769, -0.038215]",55.51,-19.01,-60.07,-67.67,-63.71,54.05,-27.98,-73.68,-45.08,95.0,-147.49,1.09,-53.59,-98.06,-75.14,48.21,3.65,-2.19
letters_upper/C_dejavuserif-bold,letters_upper,targets/letters_upper/C_dejavuserif-bold.png,0.5885,0.5615,0.0251,0.5062,10,9,3,0.2,123.6,letters_upper/C_dejavuserif-bold/C_dejavuserif-bold_best.png,"[1.224795, 0.095665, -1.004775, -1.651489, -1.980546, 0.939209, -0.988547, -1.435902, -1.689893, 0.28505, -0.320907, -0.174533, 0.687029, 0.512647, -1.637278, -1.546091, 0.613345, -0.174533]",70.18,5.48,-57.57,-94.62,-113.48,53.81,-56.64,-82.27,-96.82,16.33,-18.39,-10.0,39.36,29.37,-93.81,-88.58,35.14,-10.0
objects/guitar_mpeg7-04,objects,targets/objects/guitar_mpeg7-04.png,0.5882,0.5615,0.0292,0.5029,10,8,3,0.2,85.8,objects/guitar_mpeg7-04/guitar_mpeg7-04_best.png,"[0.955604, -0.544685, -1.620826, -0.971667, -1.906106, -0.019891, 1.319933, -0.742136, 0.591845, -0.920827, 2.074962, 1.11148, 0.828459, -0.295249, 0.530866, -1.549338, -1.803869, 1.246305]",54.75,-31.21,-92.87,-55.67,-109.21,-1.14,75.63,-42.52,33.91,-52.76,118.89,63.68,47.47,-16.92,30.42,-88.77,-103.35,71.41
objects/brick_mpeg7-02,objects,targets/objects/brick_mpeg7-02.png,0.5881,0.5318,0.0357,0.467,10,7,3,0.2,85.3,objects/brick_mpeg7-02/brick_mpeg7-02_best.png,"[0.912564, -0.558519, -1.628158, -1.430099, 2.799078, 0.303438, 0.876298, -0.426348, -0.685855, 1.619079, -0.233121, -0.044677, -1.66461, -1.57792, -0.172035, -0.780528, 1.80883, -0.174533]",52.29,-32.0,-93.29,-81.94,160.38,17.39,50.21,-24.43,-39.3,92.77,-13.36,-2.56,-95.38,-90.41,-9.86,-44.72,103.64,-10.0
vehicles/car_mpeg7-03,vehicles,targets/vehicles/car_mpeg7-03.png,0.5878,0.548,0.0262,0.4914,10,8,3,0.2,87.5,vehicles/car_mpeg7-03/car_mpeg7-03_best.png,"[0.755158, -0.498467, -1.563846, -1.623297, -2.046133, 0.075338, -1.170908, -0.697419, -0.036674, 1.147506, -1.379522, 1.239522, -0.146052, -0.710163, -1.496029, -1.65806, 2.023135, 1.215936]",43.27,-28.56,-89.6,-93.01,-117.23,4.32,-67.09,-39.96,-2.1,65.75,-79.04,71.02,-8.37,-40.69,-85.72,-95.0,115.92,69.67
vehicles/truck_mpeg7-01,vehicles,targets/vehicles/truck_mpeg7-01.png,0.5876,0.5505,0.022,0.5115,10,7,3,0.2,84.5,vehicles/truck_mpeg7-01/truck_mpeg7-01_best.png,"[0.998236, -0.922134, -1.134141, -1.555807, 2.633666, 0.68233, 0.930826, -0.370676, -0.497949, 1.623337, -1.62505, -0.067061, -0.443036, -0.344542, -1.367116, -1.331385, 0.761551, 0.15086]",57.19,-52.83,-64.98,-89.14,150.9,39.09,53.33,-21.24,-28.53,93.01,-93.11,-3.84,-25.38,-19.74,-78.33,-76.28,43.63,8.64
animals/lmfish_mpeg7-03,animals,targets/animals/lmfish_mpeg7-03.png,0.5875,0.5313,0.0314,0.4717,10,6,3,0.2,123.6,animals/lmfish_mpeg7-03/lmfish_mpeg7-03_best.png,"[1.658239, -1.74533, 1.554505, 0.366212, 2.682831, 0.826374, 1.88814, 0.250395, -1.317877, 0.053407, 2.83006, 0.545676, 1.791254, -0.068576, -0.630825, 0.047134, -0.141817, -0.170409]",95.01,-100.0,89.07,20.98,153.71,47.35,108.18,14.35,-75.51,3.06,162.15,31.26,102.63,-3.93,-36.14,2.7,-8.13,-9.76
abstract/device0_mpeg7-03,abstract,targets/abstract/device0_mpeg7-03.png,0.5872,0.5723,0.02,0.5251,10,6,3,0.2,122.2,abstract/device0_mpeg7-03/device0_mpeg7-03_best.png,"[0.880193, -1.478367, -0.076232, -0.367332, -1.998515, 0.812626, 1.894961, -0.351214, -1.308535, -1.455873, 2.84121, 0.522023, 0.537567, -0.479514, -1.69, -1.448168, -2.113159, 0.271826]",50.43,-84.7,-4.37,-21.05,-114.51,46.56,108.57,-20.12,-74.97,-83.42,162.79,29.91,30.8,-27.47,-96.83,-82.97,-121.08,15.57
animals/bird_mpeg7-01,animals,targets/animals/bird_mpeg7-01.png,0.5872,0.5548,0.0202,0.5296,10,4,3,0.2,123.4,animals/bird_mpeg7-01/bird_mpeg7-01_best.png,"[0.607201, -0.853319, -0.7304, 1.562491, -2.33362, 0.192663, -0.771352, -1.01882, -0.96932, -0.910012, -0.386123, -0.164372, 0.928198, -1.41502, 0.558216, 0.397129, 2.255384, 0.300808]",34.79,-48.89,-41.85,89.52,-133.71,11.04,-44.2,-58.37,-55.54,-52.14,-22.12,-9.42,53.18,-81.07,31.98,22.75,129.22,17.24
digits/2_dejavusans-bold,digits,targets/digits/2_dejavusans-bold.png,0.5868,0.565,0.0149,0.5452,10,6,3,0.2,123.5,digits/2_dejavusans-bold/2_dejavusans-bold_best.png,"[0.683136, -0.67702, -1.631927, 1.180489, -1.182306, 0.228921, -1.055344, 0.104062, 1.28842, -0.783516, 0.57221, 1.734506, 1.183053, -1.618236, -1.130489, -0.455792, 1.733119, 0.135563]",39.14,-38.79,-93.5,67.64,-67.74,13.12,-60.47,5.96,73.82,-44.89,32.79,99.38,67.78,-92.72,-64.77,-26.11,99.3,7.77
letters_upper/Q_dejavuserif-bold,letters_upper,targets/letters_upper/Q_dejavuserif-bold.png,0.5868,0.5578,0.0183,0.5339,10,3,3,0.2,123.0,letters_upper/Q_dejavuserif-bold/Q_dejavuserif-bold_best.png,"[0.507889, -1.600656, -0.276475, 0.37863, 1.585846, 0.559185, 1.91986, -0.834372, -1.660335, 1.276429, -1.207526, 0.178531, -0.644734, -1.204412, -1.497122, 0.710661, -0.623748, 0.666036]",29.1,-91.71,-15.84,21.69,90.86,32.04,110.0,-47.81,-95.13,73.13,-69.19,10.23,-36.94,-69.01,-85.78,40.72,-35.74,38.16
letters_lower/z_dejavusans-bold,letters_lower,targets/letters_lower/z_dejavusans-bold.png,0.5865,0.5686,0.0127,0.5453,10,1,3,0.2,87.0,letters_lower/z_dejavusans-bold/z_dejavusans-bold_best.png,"[1.107298, -1.091039, -0.967163, -0.442168, 1.749552, -0.174533, -1.871132, -0.16716, -0.85411, -1.308901, -1.507239, 1.283114, -0.914342, -0.843108, 0.595377, 1.598922, -1.941684, 1.74533]",63.44,-62.51,-55.41,-25.33,100.24,-10.0,-107.21,-9.58,-48.94,-74.99,-86.36,73.52,-52.39,-48.31,34.11,91.61,-111.25,100.0
letters_upper/E_dejavuserif-bold,letters_upper,targets/letters_upper/E_dejavuserif-bold.png,0.5865,0.5451,0.0254,0.502,10,8,3,0.2,122.9,letters_upper/E_dejavuserif-bold/E_dejavuserif-bold_best.png,"[-1.821741, -0.929605, -0.476376, 1.65806, 1.726292, 1.084671, 1.074268, 0.093181, -1.496249, -0.879045, -1.738127, 1.365115, -0.877799, -1.643818, -1.589396, 0.217531, -0.405868, -0.158233]",-104.38,-53.26,-27.29,95.0,98.91,62.15,61.55,5.34,-85.73,-50.37,-99.59,78.22,-50.29,-94.18,-91.07,12.46,-23.25,-9.07
objects/crown_mpeg7-05,objects,targets/objects/crown_mpeg7-05.png,0.5865,0.5496,0.0335,0.4925,10,7,3,0.2,87.2,objects/crown_mpeg7-05/crown_mpeg7-05_best.png,"[0.99214, -0.433768, -1.69, -1.646062, 2.84121, -0.144662, 0.820001, -0.557787, -1.643506, -1.163976, -1.624432, -0.144493, -1.361542, 0.330331, -1.009317, 0.497552, -1.642386, 0.482011]",56.85,-24.85,-96.83,-94.31,162.79,-8.29,46.98,-31.96,-94.17,-66.69,-93.07,-8.28,-78.01,18.93,-57.83,28.51,-94.1,27.62
objects/cellular-phone_mpeg7-02,objects,targets/objects/cellular-phone_mpeg7-02.png,0.5848,0.5255,0.0418,0.4604,10,8,3,0.2,86.5,objects/cellular-phone_mpeg7-02/cellular-phone_mpeg7-02_best.png,"[0.98555, -0.611537, -1.62498, -1.215149, -1.968249, -0.113644, -1.218207, -0.625689, -0.289074, 1.622077, -1.501453, 1.258383, -0.212843, -0.749915, -1.348955, -0.9668, 1.284547, 1.402784]",56.47,-35.04,-93.1,-69.62,-112.77,-6.51,-69.8,-35.85,-16.56,92.94,-86.03,72.1,-12.2,-42.97,-77.29,-55.39,73.6,80.37
letters_lower/m_dejavusansmono-bold,letters_lower,targets/letters_lower/m_dejavusansmono-bold.png,0.5847,0.5493,0.0308,0.4771,10,1,3,0.2,85.4,letters_lower/m_dejavusansmono-bold/m_dejavusansmono-bold_best.png,"[0.665094, 0.059663, -1.600775, -1.357491, -0.680566, -0.06696, 0.689195, -0.756465, -1.078701, -0.768915, -2.602527, 1.147425, -0.393656, -1.273743, -1.481598, 1.254752, 2.763046, 0.509623]",38.11,3.42,-91.72,-77.78,-38.99,-3.84,39.49,-43.34,-61.81,-44.06,-149.11,65.74,-22.55,-72.98,-84.89,71.89,158.31,29.2
vehicles/personal-car_mpeg7-05,vehicles,targets/vehicles/personal-car_mpeg7-05.png,0.5845,0.5387,0.0405,0.4747,10,8,3,0.2,86.8,vehicles/personal-car_mpeg7-05/personal-car_mpeg7-05_best.png,"[0.967476, -0.553237, -1.63355, -1.362118, -1.697625, 0.71987, -1.203108, -0.774276, -0.014817, 1.134442, -1.835607, 0.756536, -1.0315, -0.882418, -1.451529, -1.110301, 2.84121, 1.202021]",55.43,-31.7,-93.6,-78.04,-97.27,41.25,-68.93,-44.36,-0.85,65.0,-105.17,43.35,-59.1,-50.56,-83.17,-63.62,162.79,68.87
abstract/device7_mpeg7-04,abstract,targets/abstract/device7_mpeg7-04.png,0.5843,0.5642,0.0167,0.5243,10,4,3,0.2,122.6,abstract/device7_mpeg7-04/device7_mpeg7-04_best.png,"[1.345479, -1.24558, -1.341259, 0.563631, 2.693301, 1.74533, 1.614045, -0.993984, -1.605157, 1.321483, 1.685925, 0.828394, -0.567094, -1.336721, -0.969743, 0.579815, -1.306241, -0.174533]",77.09,-71.37,-76.85,32.29,154.31,100.0,92.48,-56.95,-91.97,75.72,96.6,47.46,-32.49,-76.59,-55.56,33.22,-74.84,-10.0
letters_upper/S_dejavusans-bold,letters_upper,targets/letters_upper/S_dejavusans-bold.png,0.5831,0.5508,0.0202,0.513,10,1,3,0.2,123.4,letters_upper/S_dejavusans-bold/S_dejavusans-bold_best.png,"[0.588492, -1.546522, -0.38139, 1.551274, 0.826442, 0.003407, -1.107995, -0.159265, -0.927056, -1.245624, 1.646835, 1.210469, 0.952115, -1.327994, 1.432471, -0.264017, 2.087744, -0.143361]",33.72,-88.61,-21.85,88.88,47.35,0.2,-63.48,-9.13,-53.12,-71.37,94.36,69.35,54.55,-76.09,82.07,-15.13,119.62,-8.21
animals/butterfly_mpeg7-01,animals,targets/animals/butterfly_mpeg7-01.png,0.583,0.5387,0.0356,0.4923,10,5,3,0.2,122.7,animals/butterfly_mpeg7-01/butterfly_mpeg7-01_best.png,"[0.669576, -0.629679, -0.945, 1.296225, 0.985339, 1.014069, 1.028609, -1.001825, -1.321595, -1.269902, 1.29851, 0.060064, -1.0475, 0.519298, -1.278215, -1.585136, -2.01143, 1.059346]",38.36,-36.08,-54.14,74.27,56.46,58.1,58.93,-57.4,-75.72,-72.76,74.4,3.44,-60.02,29.75,-73.24,-90.82,-115.25,60.7
letters_upper/Z_dejavuserif-bold,letters_upper,targets/letters_upper/Z_dejavuserif-bold.png,0.5828,0.5564,0.021,0.5063,10,9,3,0.2,123.3,letters_upper/Z_dejavuserif-bold/Z_dejavuserif-bold_best.png,"[1.061699, -0.611706, -1.69, -0.176355, -1.575927, 0.45148, -1.023932, -1.308476, 0.652268, 1.467296, 2.100939, -0.174533, 0.180433, -1.581701, -1.590456, 0.202819, 1.14625, -0.042214]",60.83,-35.05,-96.83,-10.1,-90.29,25.87,-58.67,-74.97,37.37,84.07,120.37,-10.0,10.34,-90.62,-91.13,11.62,65.68,-2.42
letters_lower/e_dejavusans-bold,letters_lower,targets/letters_lower/e_dejavusans-bold.png,0.5825,0.5604,0.0193,0.5132,10,0,3,0.2,84.9,letters_lower/e_dejavusans-bold/e_dejavusans-bold_best.png,"[-1.859567, 0.449771, -1.134453, 0.069454, 2.827021, 1.461162, 0.451597, 0.117209, -1.530895, -1.321806, -0.9774, 0.828953, -0.956844, -0.291083, -0.848478, -1.50041, 2.021501, 1.039824]",-106.55,25.77,-65.0,3.98,161.98,83.72,25.87,6.72,-87.71,-75.73,-56.0,47.5,-54.82,-16.68,-48.61,-85.97,115.82,59.58
animals/beetle_mpeg7-03,animals,targets/animals/beetle_mpeg7-03.png,0.5824,0.5607,0.0126,0.5459,10,2,3,0.2,123.2,animals/beetle_mpeg7-03/beetle_mpeg7-03_best.png,"[-1.732754, 0.309267, -1.157192, -1.619024, 2.242395, -0.056596, -1.91986, 0.331533, -0.814377, -1.1251, 1.192706, 0.622085, 1.02251, 0.085165, -1.314432, 0.068667, -1.899923, 0.902562]",-99.28,17.72,-66.3,-92.76,128.48,-3.24,-110.0,19.0,-46.66,-64.46,68.34,35.64,58.59,4.88,-75.31,3.93,-108.86,51.71
digits/5_dejavusansmono-bold,digits,targets/digits/5_dejavusansmono-bold.png,0.5821,0.5583,0.017,0.528,10,2,3,0.2,123.7,digits/5_dejavusansmono-bold/5_dejavusansmono-bold_best.png,"[1.474567, -1.174014, -0.436, -0.366382, -1.179624, 1.696846, -1.893356, 0.371798, -0.207807, -1.295111, 0.288932, 1.252159, -0.182541, -1.307145, -0.816659, 1.65806, -0.499665, -0.003092]",84.49,-67.27,-24.98,-20.99,-67.59,97.22,-108.48,21.3,-11.91,-74.2,16.55,71.74,-10.46,-74.89,-46.79,95.0,-28.63,-0.18
objects/cellular-phone_mpeg7-01,objects,targets/objects/cellular-phone_mpeg7-01.png,0.5815,0.5287,0.0374,0.4812,10,9,3,0.2,86.6,objects/cellular-phone_mpeg7-01/cellular-phone_mpeg7-01_best.png,"[1.040614, -0.651263, -1.582376, -1.309102, -1.512642, 0.304276, 1.760916, -0.392789, -1.69, -1.65806, 1.026018, 1.293203, 0.204917, -0.61975, -1.230055, -1.405513, -1.161469, 0.18881]",59.62,-37.31,-90.66,-75.01,-86.67,17.43,100.89,-22.51,-96.83,-95.0,58.79,74.1,11.74,-35.51,-70.48,-80.53,-66.55,10.82
animals/turtle_mpeg7-04,animals,targets/animals/turtle_mpeg7-04.png,0.5814,0.5391,0.0343,0.4842,10,8,3,0.2,122.5,animals/turtle_mpeg7-04/turtle_mpeg7-04_best.png,"[0.936368, -0.425716, -1.621229, -1.291847, -0.63953, 1.384426, -1.323146, -0.403394, -0.342801, 0.98293, -1.24502, 0.977878, -0.514754, -0.748653, -1.554838, -1.026077, 0.436947, 0.941531]",53.65,-24.39,-92.89,-74.02,-36.64,79.32,-75.81,-23.11,-19.64,56.32,-71.33,56.03,-29.49,-42.89,-89.09,-58.79,25.04,53.95
vehicles/personal-car_mpeg7-01,vehicles,targets/vehicles/personal-car_mpeg7-01.png,0.5811,0.5354,0.0287,0.4865,10,8,3,0.2,86.7,vehicles/personal-car_mpeg7-01/personal-car_mpeg7-01_best.png,"[0.784963, -0.45667, -1.69, -1.451961, -1.865758, 0.248963, 1.170794, -0.470733, -1.675703, -1.65806, -1.830688, 0.936624, 0.840021, -0.385908, -0.494099, 1.575884, -1.745839, 1.258642]",44.98,-26.17,-96.83,-83.19,-106.9,14.26,67.08,-26.97,-96.01,-95.0,-104.89,53.66,48.13,-22.11,-28.31,90.29,-100.03,72.11
letters_lower/s_dejavusansmono-bold,letters_lower,targets/letters_lower/s_dejavusansmono-bold.png,0.5809,0.5508,0.0191,0.5113,10,0,3,0.2,85.8,letters_lower/s_dejavusansmono-bold/s_dejavusansmono-bold_best.png,"[-0.553413, -1.51207, -0.480045, 1.65806, -0.831113, 0.210991, 0.869061, -0.312979, -0.877801, -1.252867, -1.286458, 0.70687, 1.035283, -1.178812, 1.125915, 0.499851, -0.24807, 0.937774]",-31.71,-86.64,-27.5,95.0,-47.62,12.09,49.79,-17.93,-50.29,-71.78,-73.71,40.5,59.32,-67.54,64.51,28.64,-14.21,53.73
animals/turtle_mpeg7-01,animals,targets/animals/turtle_mpeg7-01.png,0.5807,0.5464,0.0223,0.5004,10,8,3,0.2,124.6,animals/turtle_mpeg7-01/turtle_mpeg7-01_best.png,"[0.884096, -0.500504, -1.649465, -1.646929, -1.818765, 0.238792, 0.862249, -0.340816, -1.011814, -1.65806, -1.43539, 0.655313, 0.553797, -0.657912, -1.335744, -1.241592, 2.090112, 1.466122]",50.65,-28.68,-94.51,-94.36,-104.21,13.68,49.4,-19.53,-57.97,-95.0,-82.24,37.55,31.73,-37.7,-76.53,-71.14,119.75,84.0
vehicles/chopper_mpeg7-01,vehicles,targets/vehicles/chopper_mpeg7-01.png,0.5796,0.5474,0.0244,0.4863,10,8,3,0.2,87.0,vehicles/chopper_mpeg7-01/chopper_mpeg7-01_best.png,"[1.747732, -0.71365, -1.554629, -1.406265, -1.758369, 0.432476, 1.623259, -1.295155, 0.318386, 0.235304, -2.731283, 1.744941, 0.844153, -0.531743, -1.62313, -1.408615, 0.744338, 1.74533]",100.14,-40.89,-89.07,-80.57,-100.75,24.78,93.01,-74.21,18.24,13.48,-156.49,99.98,48.37,-30.47,-93.0,-80.71,42.65,100.0
letters_lower/z_dejavuserif-bold,letters_lower,targets/letters_lower/z_dejavuserif-bold.png,0.5793,0.5558,0.0182,0.5191,10,4,3,0.2,91.3,letters_lower/z_dejavuserif-bold/z_dejavuserif-bold_best.png,"[0.999208, -0.752608, -1.638225, 0.405253, 2.571085, 1.736658, -1.325624, -0.503868, 1.067108, -1.289342, 0.741795, 0.633473, -0.454838, -0.327085, -1.621619, -0.826916, 2.555761, 1.145873]",57.25,-43.12,-93.86,23.22,147.31,99.5,-75.95,-28.87,61.14,-73.87,42.5,36.3,-26.06,-18.74,-92.91,-47.38,146.43,65.65
digits/2_dejavuserif-bold,digits,targets/digits/2_dejavuserif-bold.png,0.5791,0.5391,0.0306,0.478,10,4,3,0.2,122.5,digits/2_dejavuserif-bold/2_dejavuserif-bold_best.png,"[0.607495, -0.776747, -1.351473, 0.54819, 2.769299, 1.578701, -1.216903, -0.568142, 0.881836, 1.516352, 2.194398, 0.413434, -0.939086, -1.67627, -1.197765, -0.831399, -2.74385, 1.591746]",34.81,-44.5,-77.43,31.41,158.67,90.45,-69.72,-32.55,50.53,86.88,125.73,23.69,-53.81,-96.04,-68.63,-47.64,-157.21,91.2
objects/horseshoe_mpeg7-02,objects,targets/objects/horseshoe_mpeg7-02.png,0.579,0.5389,0.0279,0.4841,10,4,3,0.2,86.5,objects/horseshoe_mpeg7-02/horseshoe_mpeg7-02_best.png,"[0.415851, -1.456991, -0.721415, 1.048575, 1.012877, 0.449753, 0.563911, 0.276044, -1.69, -1.043323, 1.538304, 0.655982, -0.398795, 0.529422, 1.400162, -1.600098, 1.755242, 1.733517]",23.83,-83.48,-41.33,60.08,58.03,25.77,32.31,15.82,-96.83,-59.78,88.14,37.59,-22.85,30.33,80.22,-91.68,100.57,99.32
vehicles/personal-car_mpeg7-03,vehicles,targets/vehicles/personal-car_mpeg7-03.png,0.5787,0.5331,0.0367,0.4788,10,6,3,0.2,85.9,vehicles/personal-car_mpeg7-03/personal-car_mpeg7-03_best.png,"[0.969087, -0.609738, -1.689813, -1.13944, 1.498299, 1.697929, 0.443166, -0.471674, -1.322245, -1.65806, -1.639275, 1.537468, 0.796137, -0.419302, -0.433629, 1.506409, -1.157305, 0.397201]",55.52,-34.94,-96.82,-65.29,85.85,97.28,25.39,-27.02,-75.76,-95.0,-93.92,88.09,45.62,-24.02,-24.85,86.31,-66.31,22.76
objects/crown_mpeg7-03,objects,targets/objects/crown_mpeg7-03.png,0.578,0.5268,0.0227,0.4969,10,9,3,0.2,86.1,objects/crown_mpeg7-03/crown_mpeg7-03_best.png,"[1.225331, -0.840837, -1.52823, -1.064253, -2.497997, 0.753194, -1.195021, -0.722972, 0.327836, -0.126276, -0.976944, -0.174533, 1.248962, -1.064476, -1.042572, -0.38335, 1.812038, 1.459131]",70.21,-48.18,-87.56,-60.98,-143.12,43.15,-68.47,-41.42,18.78,-7.24,-55.97,-10.0,71.56,-60.99,-59.73,-21.96,103.82,83.6
letters_lower/x_dejavusans-bold,letters_lower,targets/letters_lower/x_dejavusans-bold.png,0.5779,0.5477,0.0223,0.5096,10,0,3,0.2,86.4,letters_lower/x_dejavusans-bold/x_dejavusans-bold_best.png,"[1.088306, -1.524538, -0.854777, 1.460228, -0.357719, 1.108652, -1.333594, -0.140865, -1.463422, 1.27801, -1.144696, 1.74533, 0.373593, -0.358415, -1.69, -0.505012, -2.411748, 1.071552]",62.36,-87.35,-48.98,83.66,-20.5,63.52,-76.41,-8.07,-83.85,73.22,-65.59,100.0,21.41,-20.54,-96.83,-28.94,-138.18,61.4
objects/brick_mpeg7-01,objects,targets/objects/brick_mpeg7-01.png,0.5778,0.5345,0.0316,0.486,10,6,3,0.2,85.6,objects/brick_mpeg7-01/brick_mpeg7-01_best.png,"[0.902997, -0.454564, -1.686665, -1.538252, 1.374799, 0.020892, -0.377331, -0.616969, -1.506329, -1.648381, -2.622578, 1.056548, 0.76378, -0.441293, -0.59831, 1.575228, -0.046925, -0.174533]",51.74,-26.04,-96.64,-88.14,78.77,1.2,-21.62,-35.35,-86.31,-94.45,-150.26,60.54,43.76,-25.28,-34.28,90.25,-2.69,-10.0
objects/brick_mpeg7-04,objects,targets/objects/brick_mpeg7-04.png,0.5774,0.5152,0.0315,0.477,10,8,3,0.2,86.3,objects/brick_mpeg7-04/brick_mpeg7-04_best.png,"[0.900517, -0.492963, -1.69, -1.436834, -1.995519, -0.174533, -1.075524, -0.487374, -0.5657, 1.600996, -2.053177, 1.74533, -0.449515, -0.66462, -1.566021, -0.999973, -1.095201, -0.137468]",51.6,-28.24,-96.83,-82.32,-114.33,-10.0,-61.62,-27.92,-32.41,91.73,-117.64,100.0,-25.76,-38.08,-89.73,-57.29,-62.75,-7.88
vehicles/classic_mpeg7-02,vehicles,targets/vehicles/classic_mpeg7-02.png,0.5774,0.5239,0.0397,0.4352,10,8,3,0.2,85.9,vehicles/classic_mpeg7-02/classic_mpeg7-02_best.png,"[0.947161, -0.494389, -1.659166, -1.468067, -1.735725, 0.526985, -1.290225, -0.505979, -0.148692, 0.972709, -1.699237, 0.084765, 0.795999, -0.635847, -1.457005, -1.082215, 1.253314, 1.400025]",54.27,-28.33,-95.06,-84.11,-99.45,30.19,-73.92,-28.99,-8.52,55.73,-97.36,4.86,45.61,-36.43,-83.48,-62.01,71.81,80.22
objects/cellular-phone_mpeg7-05,objects,targets/objects/cellular-phone_mpeg7-05.png,0.5764,0.5162,0.0287,0.4827,10,7,3,0.2,87.7,objects/cellular-phone_mpeg7-05/cellular-phone_mpeg7-05_best.png,"[0.993737, -0.609847, -1.67566, -1.109013, 1.23256, -0.047059, 1.152019, -0.75981, -0.129674, 1.333563, -0.835123, 0.410942, 1.032712, -0.834859, -0.404021, 1.388373, -2.091628, 0.978318]",56.94,-34.94,-96.01,-63.54,70.62,-2.7,66.01,-43.53,-7.43,76.41,-47.85,23.55,59.17,-47.83,-23.15,79.55,-119.84,56.05
letters_lower/y_dejavuserif-bold,letters_lower,targets/letters_lower/y_dejavuserif-bold.png,0.5752,0.5506,0.0182,0.5198,10,3,3,0.2,88.8,letters_lower/y_dejavuserif-bold/y_dejavuserif-bold_best.png,"[-0.316598, -0.690319, -0.814935, 0.558937, -1.516262, 1.466401, 0.937776, -0.808217, -0.862688, 1.241386, -1.826472, -0.174514, -0.372111, -1.039172, -0.801797, -0.243687, -1.13413, 0.672614]",-18.14,-39.55,-46.69,32.02,-86.88,84.02,53.73,-46.31,-49.43,71.13,-104.65,-10.0,-21.32,-59.54,-45.94,-13.96,-64.98,38.54
objects/horseshoe_mpeg7-01,objects,targets/objects/horseshoe_mpeg7-01.png,0.5746,0.5425,0.0183,0.51,10,6,3,0.2,85.2,objects/horseshoe_mpeg7-01/horseshoe_mpeg7-01_best.png,"[0.15158, -1.448304, -0.741841, 1.076722, -1.124894, 0.256538, -0.670697, 0.252789, -1.550885, -1.140123, -1.39325, 1.355791, -0.088425, 0.20037, -1.69, -0.82003, -1.77321, 1.563764]",8.68,-82.98,-42.5,61.69,-64.45,14.7,-38.43,14.48,-88.86,-65.32,-79.83,77.68,-5.07,11.48,-96.83,-46.98,-101.6,89.6
objects/shoe_mpeg7-02,objects,targets/objects/shoe_mpeg7-02.png,0.5746,0.5359,0.0251,0.4972,10,1,3,0.2,86.0,objects/shoe_mpeg7-02/shoe_mpeg7-02_best.png,"[0.806112, -0.526167, -1.54155, -1.655825, 1.008578, -0.174533, -1.91986, -0.669567, -1.603568, -1.568086, 1.61809, 0.198124, -1.91986, 0.063377, -0.378178, -0.33398, 1.399677, 1.559905]",46.19,-30.15,-88.32,-94.87,57.79,-10.0,-110.0,-38.36,-91.88,-89.84,92.71,11.35,-110.0,3.63,-21.67,-19.14,80.2,89.38
letters_upper/B_dejavuserif-bold,letters_upper,targets/letters_upper/B_dejavuserif-bold.png,0.5741,0.5518,0.011,0.5365,10,6,3,0.2,123.6,letters_upper/B_dejavuserif-bold/B_dejavuserif-bold_best.png,"[0.672084, -1.569657, -0.514148, 0.87753, -1.162606, 0.202006, 1.0762, 0.219542, -1.543558, -0.9661, 2.707837, -0.127544, -0.020244, -1.201139, -0.417472, 1.651232, 0.182974, 0.61591]",38.51,-89.93,-29.46,50.28,-66.61,11.57,61.66,12.58,-88.44,-55.35,155.15,-7.31,-1.16,-68.82,-23.92,94.61,10.48,35.29
vehicles/classic_mpeg7-04,vehicles,targets/vehicles/classic_mpeg7-04.png,0.5739,0.5216,0.0402,0.4644,10,7,3,0.2,87.0,vehicles/classic_mpeg7-04/classic_mpeg7-04_best.png,"[0.856595, -0.662754, -1.347045, -1.65806, -1.974661, 0.236014, 0.916703, -0.476527, -0.260918, 1.487664, -0.99808, 0.11367, 0.362151, -0.535781, -0.983351, -1.65806, 1.047524, -0.014161]",49.08,-37.97,-77.18,-95.0,-113.14,13.52,52.52,-27.3,-14.95,85.24,-57.19,6.51,20.75,-30.7,-56.34,-95.0,60.02,-0.81
letters_upper/M_dejavusansmono-bold,letters_upper,targets/letters_upper/M_dejavusansmono-bold.png,0.5726,0.5299,0.0311,0.4816,10,6,3,0.2,124.7,letters_upper/M_dejavusansmono-bold/M_dejavusansmono-bold_best.png,"[0.28191, -1.74533, -0.071081, 0.427964, -0.939038, 0.146271, 0.970758, 0.244205, -1.69, -0.667214, 2.84121, -0.174533, -0.419227, -0.492431, -1.536046, -0.143174, 2.630055, 0.914837]",16.15,-100.0,-4.07,24.52,-53.8,8.38,55.62,13.99,-96.83,-38.23,162.79,-10.0,-24.02,-28.21,-88.01,-8.2,150.69,52.42
abstract/device2_mpeg7-03,abstract,targets/abstract/device2_mpeg7-03.png,0.5725,0.5448,0.0192,0.5178,10,3,3,0.2,121.7,abstract/device2_mpeg7-03/device2_mpeg7-03_best.png,"[-1.897281, 0.426653, -0.762636, -1.607848, 2.553135, 0.957725, 1.008685, -0.901992, -0.28402, 0.500063, 1.552678, 0.795047, 0.985213, 0.324728, -1.300424, 1.301895, 0.307524, 0.010841]",-108.71,24.45,-43.7,-92.12,146.28,54.87,57.79,-51.68,-16.27,28.65,88.96,45.55,56.45,18.61,-74.51,74.59,17.62,0.62
letters_upper/S_dejavusansmono-bold,letters_upper,targets/letters_upper/S_dejavusansmono-bold.png,0.5717,0.5459,0.022,0.4939,10,0,3,0.2,122.2,letters_upper/S_dejavusansmono-bold/S_dejavusansmono-bold_best.png,"[-0.730981, -1.621623, -0.457319, 1.555657, -1.589531, 0.682861, 0.983252, -0.28131, -1.037754, -0.989789, 0.032166, 0.55889, 1.062496, -1.338159, 1.259153, 0.377381, -0.299174, 0.407243]",-41.88,-92.91,-26.2,89.13,-91.07,39.13,56.34,-16.12,-59.46,-56.71,1.84,32.02,60.88,-76.67,72.14,21.62,-17.14,23.33
letters_upper/R_dejavusans-bold,letters_upper,targets/letters_upper/R_dejavusans-bold.png,0.5701,0.5559,0.0113,0.5409,10,0,3,0.2,123.7,letters_upper/R_dejavusans-bold/R_dejavusans-bold_best.png,"[-1.474074, 0.599055, -1.69, 0.248446, 2.373667, 0.909946, 0.989864, -0.723688, -1.660048, -1.601954, -0.498878, 0.989973, 0.742057, -0.848254, -1.494094, 0.557506, -2.679177, 1.007736]",-84.46,34.32,-96.83,14.23,136.0,52.14,56.72,-41.46,-95.11,-91.79,-28.58,56.72,42.52,-48.6,-85.61,31.94,-153.51,57.74
hand_shadow/crab_hasper-01,hand_shadow,targets/hand_shadow/crab_hasper-01.png,0.5695,0.5439,0.0132,0.5163,10,1,3,0.2,86.5,hand_shadow/crab_hasper-01/crab_hasper-01_best.png,"[1.186695, -0.804673, -1.52978, -1.165234, -2.708612, 0.824745, -1.343369, -0.406114, -0.702146, 1.511555, 2.271821, 0.881336, 0.791242, -0.617389, -1.292216, -1.578307, -2.486736, 0.951771]",67.99,-46.1,-87.65,-66.76,-155.19,47.25,-76.97,-23.27,-40.23,86.61,130.17,50.5,45.33,-35.37,-74.04,-90.43,-142.48,54.53
letters_lower/a_dejavusans-bold,letters_lower,targets/letters_lower/a_dejavusans-bold.png,0.5692,0.5458,0.0129,0.523,10,4,3,0.2,87.2,letters_lower/a_dejavusans-bold/a_dejavusans-bold_best.png,"[0.877371, -1.056343, -1.564042, 1.51402, 2.76709, 1.660011, 1.722802, -1.17697, -1.685228, 0.811399, 0.85892, 0.842406, -1.91986, 0.473729, -1.548744, -0.715436, -0.778932, 1.147288]",50.27,-60.52,-89.61,86.75,158.54,95.11,98.71,-67.44,-96.56,46.49,49.21,48.27,-110.0,27.14,-88.74,-40.99,-44.63,65.73
animals/beetle_mpeg7-04,animals,targets/animals/beetle_mpeg7-04.png,0.5688,0.5557,0.0093,0.5365,10,4,3,0.2,122.4,animals/beetle_mpeg7-04/beetle_mpeg7-04_best.png,"[-0.979406, -0.713624, -1.482585, 1.65806, 0.968031, 1.059133, 1.461381, -1.560218, 0.954533, -1.052476, 2.835424, -0.157757, -1.068154, -1.232623, -1.251161, -0.668642, -2.583375, 1.586084]",-56.12,-40.89,-84.95,95.0,55.46,60.68,83.73,-89.39,54.69,-60.3,162.46,-9.04,-61.2,-70.62,-71.69,-38.31,-148.02,90.88
letters_lower/e_dejavuserif-bold,letters_lower,targets/letters_lower/e_dejavuserif-bold.png,0.5687,0.545,0.019,0.5132,10,3,3,0.2,86.0,letters_lower/e_dejavuserif-bold/e_dejavuserif-bold_best.png,"[-1.287591, -0.811, 0.578271, -1.635017, -0.67883, 1.74433, 0.465096, -1.224016, -1.310072, 1.5831, 2.538181, 1.274914, 0.138871, 0.283025, -1.627317, -1.073762, -1.401422, 0.341487]",-73.77,-46.47,33.13,-93.68,-38.89,99.94,26.65,-70.13,-75.06,90.7,145.43,73.05,7.96,16.22,-93.24,-61.52,-80.3,19.57
hand_shadow/rabbit_hasper-01,hand_shadow,targets/hand_shadow/rabbit_hasper-01.png,0.5677,0.5494,0.0193,0.5129,10,8,3,0.2,85.7,hand_shadow/rabbit_hasper-01/rabbit_hasper-01_best.png,"[1.134516, -0.868089, -1.69, -1.060369, -2.135716, 0.828457, 1.447407, -0.898167, -0.668952, 0.974882, -2.489681, 1.5494, 0.769441, -0.623784, -0.600715, 1.600867, -1.271436, 1.209176]",65.0,-49.74,-96.83,-60.75,-122.37,47.47,82.93,-51.46,-38.33,55.86,-142.65,88.77,44.09,-35.74,-34.42,91.72,-72.85,69.28
vehicles/car_mpeg7-02,vehicles,targets/vehicles/car_mpeg7-02.png,0.5672,0.5408,0.025,0.4828,10,1,3,0.2,87.5,vehicles/car_mpeg7-02/car_mpeg7-02_best.png,"[0.746556, -0.553438, -1.528176, -1.65806, -0.030708, -0.174533, -1.837145, -0.532845, -1.69, -1.36426, 1.476776, 1.095379, 0.960302, -0.12168, -0.004334, -0.490653, -1.822436, 0.545169]",42.77,-31.71,-87.56,-95.0,-1.76,-10.0,-105.26,-30.53,-96.83,-78.17,84.61,62.76,55.02,-6.97,-0.25,-28.11,-104.42,31.24
vehicles/classic_mpeg7-01,vehicles,targets/vehicles/classic_mpeg7-01.png,0.5657,0.5317,0.0216,0.493,10,3,3,0.2,86.0,vehicles/classic_mpeg7-01/classic_mpeg7-01_best.png,"[-1.849896, -0.30731, -0.501249, 1.284394, -1.603333, 1.205834, -1.173453, -0.269368, -0.739487, 1.65806, 0.438878, 0.946115, 0.9107, -0.895014, -1.46381, -1.062989, -1.869148, 0.203541]",-105.99,-17.61,-28.72,73.59,-91.86,69.09,-67.23,-15.43,-42.37,95.0,25.15,54.21,52.18,-51.28,-83.87,-60.9,-107.09,11.66
letters_lower/s_dejavusans-bold,letters_lower,targets/letters_lower/s_dejavusans-bold.png,0.5652,0.5467,0.0117,0.5254,10,8,3,0.2,87.1,letters_lower/s_dejavusans-bold/s_dejavusans-bold_best.png,"[0.761891, -0.133099, -1.365069, -1.277727, -1.34191, 0.848487, 0.963519, -0.554438, -1.650162, -1.515134, -1.831563, -0.082155, -0.82286, -1.416665, -1.66911, 0.803974, 0.11304, -0.163166]",43.65,-7.63,-78.21,-73.21,-76.89,48.61,55.21,-31.77,-94.55,-86.81,-104.94,-4.71,-47.15,-81.17,-95.63,46.06,6.48,-9.35
objects/key_mpeg7-04,objects,targets/objects/key_mpeg7-04.png,0.5644,0.533,0.0198,0.5094,10,8,3,0.2,86.1,objects/key_mpeg7-04/key_mpeg7-04_best.png,"[1.784909, -0.613649, -1.518639, -1.442242, -0.691521, -0.037787, 1.133709, -0.588836, -1.69, -1.100723, -1.679226, 0.785171, 1.448723, -0.042422, -1.51468, -1.65806, 1.404915, 1.364357]",102.27,-35.16,-87.01,-82.63,-39.62,-2.17,64.96,-33.74,-96.83,-63.07,-96.21,44.99,83.01,-2.43,-86.78,-95.0,80.5,78.17
letters_upper/G_dejavuserif-bold,letters_upper,targets/letters_upper/G_dejavuserif-bold.png,0.5641,0.52,0.0292,0.4837,10,7,3,0.2,123.8,letters_upper/G_dejavuserif-bold/G_dejavuserif-bold_best.png,"[0.908009, 0.094209, -1.570792, -1.30351, 1.781443, 0.663674, 0.549787, -1.294564, 1.186162, -1.241495, 1.653986, 0.541623, 0.777986, -1.677149, -0.974334, 1.191225, 1.80973, 1.437517]",52.03,5.4,-90.0,-74.69,102.07,38.03,31.5,-74.17,67.96,-71.13,94.77,31.03,44.58,-96.09,-55.83,68.25,103.69,82.36
animals/camel_mpeg7-04,animals,targets/animals/camel_mpeg7-04.png,0.5639,0.5308,0.0176,0.5083,10,7,3,0.2,122.3,animals/camel_mpeg7-04/camel_mpeg7-04_best.png,"[0.924655, -0.719407, -1.218524, -1.569199, 2.839623, 1.095731, 0.609145, -0.821562, -0.168532, 0.164827, 0.10926, 0.544721, 1.168769, -0.605424, -1.04756, -0.878896, -1.475859, 1.240672]",52.98,-41.22,-69.82,-89.91,162.7,62.78,34.9,-47.07,-9.66,9.44,6.26,31.21,66.97,-34.69,-60.02,-50.36,-84.56,71.09
letters_lower/a_dejavuserif-bold,letters_lower,targets/letters_lower/a_dejavuserif-bold.png,0.5618,0.5325,0.0192,0.4992,10,4,3,0.2,86.3,letters_lower/a_dejavuserif-bold/a_dejavuserif-bold_best.png,"[0.857372, -1.557142, -0.576509, 1.037782, 2.775887, 1.533204, 1.753671, -1.213878, -1.69, 1.65806, 2.368277, 0.630933, -1.91986, 0.599227, -1.085541, -0.287913, -0.637255, 0.769029]",49.12,-89.22,-33.03,59.46,159.05,87.85,100.48,-69.55,-96.83,95.0,135.69,36.15,-110.0,34.33,-62.2,-16.5,-36.51,44.06
animals/cattle_mpeg7-04,animals,targets/animals/cattle_mpeg7-04.png,0.5616,0.53,0.0177,0.5039,10,3,3,0.2,124.6,animals/cattle_mpeg7-04/cattle_mpeg7-04_best.png,"[-1.833816, 0.058033, -0.177315, -0.791197, 1.464775, 0.98962, 0.36404, -0.670396, -0.671224, 1.497934, 2.800979, 1.160131, 1.079742, 0.255838, -1.126396, 1.65806, -0.509762, 0.509271]",-105.07,3.33,-10.16,-45.33,83.93,56.7,20.86,-38.41,-38.46,85.83,160.48,66.47,61.86,14.66,-64.54,95.0,-29.21,29.18
abstract/device5_mpeg7-03,abstract,targets/abstract/device5_mpeg7-03.png,0.5613,0.5233,0.0343,0.4631,10,9,3,0.2,123.6,abstract/device5_mpeg7-03/device5_mpeg7-03_best.png,"[-1.074532, -1.031933, -0.654233, -0.421968, 2.40527, 0.614258, 0.598385, -0.786835, -0.570676, 1.619301, -1.555812, 1.126001, 0.933303, -1.081085, -1.201569, -1.08311, -1.664105, 1.289929]",-61.57,-59.13,-37.48,-24.18,137.81,35.19,34.28,-45.08,-32.7,92.78,-89.14,64.52,53.47,-61.94,-68.84,-62.06,-95.35,73.91
letters_lower/w_dejavusans-bold,letters_lower,targets/letters_lower/w_dejavusans-bold.png,0.5607,0.5224,0.0236,0.4767,10,3,3,0.2,86.6,letters_lower/w_dejavusans-bold/w_dejavusans-bold_best.png,"[-1.878799, 0.169157, -0.306761, -0.645593, 0.835885, 1.265146, 1.248139, -0.807832, -1.013004, -1.26475, 1.833944, 0.330692, -1.259486, -0.168962, 0.135367, -1.111923, -2.713127, -0.021539]",-107.65,9.69,-17.58,-36.99,47.89,72.49,71.51,-46.29,-58.04,-72.46,105.08,18.95,-72.16,-9.68,7.76,-63.71,-155.45,-1.23
animals/cattle_mpeg7-03,animals,targets/animals/cattle_mpeg7-03.png,0.5604,0.5272,0.0145,0.5084,10,9,3,0.2,124.0,animals/cattle_mpeg7-03/cattle_mpeg7-03_best.png,"[0.875759, -1.74533, 0.134676, 0.604917, 1.332191, 0.125836, -0.34626, -1.208429, 0.321084, -0.379006, -0.463852, 0.053733, -0.800316, -1.74533, -0.189532, -1.65806, -0.603838, 1.006433]",50.18,-100.0,7.72,34.66,76.33,7.21,-19.84,-69.24,18.4,-21.72,-26.58,3.08,-45.85,-100.0,-10.86,-95.0,-34.6,57.66
animals/horse_mpeg7-01,animals,targets/animals/horse_mpeg7-01.png,0.5601,0.5342,0.0195,0.5051,10,4,3,0.2,123.1,animals/horse_mpeg7-01/horse_mpeg7-01_best.png,"[0.864061, -0.743613, -0.501074, 0.660531, -0.29572, 0.15796, 0.66249, -0.434604, -1.626464, -1.373615, -1.740753, 1.012511, 0.446464, -0.62546, -1.69, -1.569265, 0.98268, 0.701925]",49.51,-42.61,-28.71,37.85,-16.94,9.05,37.96,-24.9,-93.19,-78.7,-99.74,58.01,25.58,-35.84,-96.83,-89.91,56.3,40.22
objects/cellular-phone_mpeg7-04,objects,targets/objects/cellular-phone_mpeg7-04.png,0.5595,0.51,0.0409,0.4493,10,7,3,0.2,86.2,objects/cellular-phone_mpeg7-04/cellular-phone_mpeg7-04_best.png,"[0.824999, -0.674801, -1.455839, -1.42565, 2.800976, -0.174533, 0.880517, -0.922886, -0.434218, 1.65616, 0.518202, 0.537703, 1.049188, -1.09957, 0.767226, -0.429245, -0.790203, 1.717161]",47.27,-38.66,-83.41,-81.68,160.48,-10.0,50.45,-52.88,-24.88,94.89,29.69,30.81,60.11,-63.0,43.96,-24.59,-45.28,98.39
letters_upper/R_dejavuserif-bold,letters_upper,targets/letters_upper/R_dejavuserif-bold.png,0.5591,0.5372,0.0167,0.4975,10,5,3,0.2,122.2,letters_upper/R_dejavuserif-bold/R_dejavuserif-bold_best.png,"[1.853673, -0.799066, -0.996158, 1.099407, 1.594095, 1.498274, -0.31426, -1.073091, -0.672088, -0.357547, -2.732984, 1.502907, 0.873773, -1.465255, -1.514552, 1.621719, -1.570921, -0.08171]",106.21,-45.78,-57.08,62.99,91.33,85.84,-18.01,-61.48,-38.51,-20.49,-156.59,86.11,50.06,-83.95,-86.78,92.92,-90.01,-4.68
objects/key_mpeg7-01,objects,targets/objects/key_mpeg7-01.png,0.5568,0.5187,0.0267,0.479,10,5,3,0.2,86.2,objects/key_mpeg7-01/key_mpeg7-01_best.png,"[1.063594, -0.57006, -0.494017, 1.65806, 1.101724, 0.665987, 0.876599, -0.555938, -1.674042, -1.189793, 1.29537, -0.071444, -0.639604, -0.429753, 0.410951, -1.639917, -0.572172, 0.021853]",60.94,-32.66,-28.31,95.0,63.12,38.16,50.23,-31.85,-95.92,-68.17,74.22,-4.09,-36.65,-24.62,23.55,-93.96,-32.78,1.25
animals/bird_mpeg7-04,animals,targets/animals/bird_mpeg7-04.png,0.5566,0.4998,0.0295,0.4553,10,7,3,0.2,122.4,animals/bird_mpeg7-04/bird_mpeg7-04_best.png,"[0.852241, -0.28654, -1.583978, -1.559493, 2.755254, -0.174533, -0.294051, -0.434433, -1.69, -0.720177, 1.513243, 1.346057, 0.531906, 0.075223, -1.567169, -1.335889, -1.659263, 1.435089]",48.83,-16.42,-90.76,-89.35,157.86,-10.0,-16.85,-24.89,-96.83,-41.26,86.7,77.12,30.48,4.31,-89.79,-76.54,-95.07,82.22
animals/butterfly_mpeg7-02,animals,targets/animals/butterfly_mpeg7-02.png,0.556,0.5304,0.0155,0.5063,10,2,3,0.2,122.5,animals/butterfly_mpeg7-02/butterfly_mpeg7-02_best.png,"[1.357654, -1.471377, -0.305712, -0.547614, 0.899486, 1.407621, -1.879073, 0.647482, -0.62257, -1.654385, 0.879089, 1.530795, 0.224341, -0.009806, -1.674638, -0.78213, 1.992173, 0.703251]",77.79,-84.3,-17.52,-31.38,51.54,80.65,-107.66,37.1,-35.67,-94.79,50.37,87.71,12.85,-0.56,-95.95,-44.81,114.14,40.29
letters_upper/H_dejavuserif-bold,letters_upper,targets/letters_upper/H_dejavuserif-bold.png,0.5553,0.5219,0.0177,0.4868,10,1,3,0.2,123.6,letters_upper/H_dejavuserif-bold/H_dejavuserif-bold_best.png,"[-0.188818, -1.74533, -0.00484, 0.227155, 1.361112, 0.342935, -1.325453, 0.441322, -1.535349, -1.186122, 1.245029, 0.648858, -0.689334, -1.74533, -0.399271, 0.750003, -2.011991, 1.563807]",-10.82,-100.0,-0.28,13.02,77.99,19.65,-75.94,25.29,-87.97,-67.96,71.33,37.18,-39.5,-100.0,-22.88,42.97,-115.28,89.6
hand_shadow/elephant_hasper-02,hand_shadow,targets/hand_shadow/elephant_hasper-02.png,0.5551,0.4644,0.0398,0.4026,10,1,3,0.2,86.4,hand_shadow/elephant_hasper-02/elephant_hasper-02_best.png,"[0.708547, -0.358856, -1.489529, -1.65806, -0.455086, -0.024015, -1.021431, -0.305181, -0.766817, 1.460712, 2.717811, 1.048126, 0.878957, 0.089511, -0.605468, 1.57167, 2.69776, 1.277914]",40.6,-20.56,-85.34,-95.0,-26.07,-1.38,-58.52,-17.49,-43.94,83.69,155.72,60.05,50.36,5.13,-34.69,90.05,154.57,73.22
letters_upper/K_dejavuserif-bold,letters_upper,targets/letters_upper/K_dejavuserif-bold.png,0.5548,0.5167,0.0219,0.4817,10,5,3,0.2,123.0,letters_upper/K_dejavuserif-bold/K_dejavuserif-bold_best.png,"[1.760352, -1.025993, -0.892678, 1.121496, 1.839797, 0.86926, 1.134713, -0.834252, -1.682325, -1.213928, 2.514316, -0.113511, 0.253369, -0.34037, -1.69, -0.478107, 2.747549, -0.13957]",100.86,-58.79,-51.15,64.26,105.41,49.8,65.01,-47.8,-96.39,-69.55,144.06,-6.5,14.52,-19.5,-96.83,-27.39,157.42,-8.0
animals/bat_mpeg7-04,animals,targets/animals/bat_mpeg7-04.png,0.5543,0.5156,0.0247,0.4759,10,1,3,0.2,123.5,animals/bat_mpeg7-04/bat_mpeg7-04_best.png,"[1.225254, -0.828594, -1.69, -0.577741, -2.577027, 1.020728, -0.755679, -1.018487, -0.88929, -0.608747, -1.458048, 0.906282, 0.776934, -0.866942, 0.348612, 1.079156, -1.45474, 0.02436]",70.2,-47.47,-96.83,-33.1,-147.65,58.48,-43.3,-58.36,-50.95,-34.88,-83.54,51.93,44.52,-49.67,19.97,61.83,-83.35,1.4
animals/camel_mpeg7-02,animals,targets/animals/camel_mpeg7-02.png,0.5543,0.5225,0.0193,0.4967,10,3,3,0.2,123.0,animals/camel_mpeg7-02/camel_mpeg7-02_best.png,"[-1.728961, 0.071465, -0.353321, -0.466588, 1.326211, 1.251227, 1.778649, -1.147112, -1.438146, 1.324335, -0.985237, -0.134631, 0.566093, -1.081885, -1.148241, 0.180362, -0.837008, 1.442669]",-99.06,4.09,-20.24,-26.73,75.99,71.69,101.91,-65.72,-82.4,75.88,-56.45,-7.71,32.43,-61.99,-65.79,10.33,-47.96,82.66
animals/fly_mpeg7-03,animals,targets/animals/fly_mpeg7-03.png,0.554,0.5283,0.0128,0.5115,10,7,3,0.2,123.9,animals/fly_mpeg7-03/fly_mpeg7-03_best.png,"[-0.718205, -1.392242, -0.167738, 0.003657, -1.151227, 0.645401, -0.26722, -1.673309, -0.110002, 0.84292, -0.713965, 1.236066, -0.601434, -1.731869, 0.583604, 0.906881, -1.525816, 1.674638]",-41.15,-79.77,-9.61,0.21,-65.96,36.98,-15.31,-95.87,-6.3,48.3,-40.91,70.82,-34.46,-99.23,33.44,51.96,-87.42,95.95
abstract/device1_mpeg7-05,abstract,targets/abstract/device1_mpeg7-05.png,0.5535,0.5329,0.0133,0.5043,10,9,3,0.2,124.0,abstract/device1_mpeg7-05/device1_mpeg7-05_best.png,"[1.101518, -0.540499, -1.578445, -1.65806, -2.04307, 1.054032, -1.434805, 0.294379, -1.305337, -1.558474, 0.387919, -0.015691, 0.78318, -0.434798, -1.152895, -1.552695, -2.317689, 1.361189]",63.11,-30.97,-90.44,-95.0,-117.06,60.39,-82.21,16.87,-74.79,-89.29,22.23,-0.9,44.87,-24.91,-66.06,-88.96,-132.79,77.99
animals/beetle_mpeg7-05,animals,targets/animals/beetle_mpeg7-05.png,0.5511,0.5357,0.0072,0.5263,10,0,3,0.2,124.2,animals/beetle_mpeg7-05/beetle_mpeg7-05_best.png,"[1.555794, -1.367708, 0.056068, -1.626768, -2.632641, 1.408173, 0.969711, -0.760857, -1.391413, -1.65806, -0.228409, 0.932556, 0.931282, -1.083632, -0.806954, -0.009055, -1.700559, 1.704521]",89.14,-78.36,3.21,-93.21,-150.84,80.68,55.56,-43.59,-79.72,-95.0,-13.09,53.43,53.36,-62.09,-46.24,-0.52,-97.43,97.66
letters_upper/M_dejavusans-bold,letters_upper,targets/letters_upper/M_dejavusans-bold.png,0.5503,0.5178,0.0206,0.4858,10,2,3,0.2,124.3,letters_upper/M_dejavusans-bold/M_dejavusans-bold_best.png,"[-1.427815, 0.498347, -1.31204, -1.65806, 1.560119, -0.067483, -1.875842, 0.175674, -0.819869, 0.152073, 1.057535, 1.636491, 0.673839, -1.216643, -1.69, 1.374498, -0.096358, -0.143544]",-81.81,28.55,-75.17,-95.0,89.39,-3.87,-107.48,10.07,-46.98,8.71,60.59,93.76,38.61,-69.71,-96.83,78.75,-5.52,-8.22
letters_upper/U_dejavuserif-bold,letters_upper,targets/letters_upper/U_dejavuserif-bold.png,0.5488,0.5173,0.0199,0.4769,10,5,3,0.2,125.0,letters_upper/U_dejavuserif-bold/U_dejavuserif-bold_best.png,"[1.764327, -0.782484, -1.379878, 1.358138, 1.652785, 1.127315, 0.474345, -1.354619, -1.004066, 0.939342, -1.801565, 0.587113, -0.971251, -1.369941, 1.215859, -0.901193, -0.378196, 1.739068]",101.09,-44.83,-79.06,77.82,94.7,64.59,27.18,-77.61,-57.53,53.82,-103.22,33.64,-55.65,-78.49,69.66,-51.63,-21.67,99.64
vehicles/classic_mpeg7-03,vehicles,targets/vehicles/classic_mpeg7-03.png,0.5482,0.5127,0.0343,0.4439,10,4,3,0.2,87.7,vehicles/classic_mpeg7-03/classic_mpeg7-03_best.png,"[1.307841, -0.913697, -0.979275, -1.649124, 1.992175, 1.430688, 1.051409, -0.060334, -0.903536, 1.650637, 0.367133, -0.009072, 0.356632, -0.471809, -1.631347, -1.591052, 0.943609, -0.140748]",74.93,-52.35,-56.11,-94.49,114.14,81.97,60.24,-3.46,-51.77,94.57,21.04,-0.52,20.43,-27.03,-93.47,-91.16,54.06,-8.06
objects/guitar_mpeg7-02,objects,targets/objects/guitar_mpeg7-02.png,0.5477,0.516,0.0187,0.4908,10,6,3,0.2,86.9,objects/guitar_mpeg7-02/guitar_mpeg7-02_best.png,"[-1.588333, -1.008597, -0.054714, 1.204886, -1.982485, 0.946561, -0.260916, -0.533547, -1.461848, -0.873611, -1.383973, 0.687483, 0.935206, -0.077187, 0.338079, -1.353436, 1.890493, 0.910628]",-91.0,-57.79,-3.13,69.03,-113.59,54.23,-14.95,-30.57,-83.76,-50.05,-79.3,39.39,53.58,-4.42,19.37,-77.55,108.32,52.18
animals/dog_mpeg7-04,animals,targets/animals/dog_mpeg7-04.png,0.5465,0.5034,0.0208,0.4784,10,2,3,0.2,124.2,animals/dog_mpeg7-04/dog_mpeg7-04_best.png,"[1.54936, -1.74533, -0.147441, -0.556853, -1.007728, 1.46522, 0.773152, -0.540206, -1.69, -1.657817, -0.157224, -0.136167, -0.382559, -0.497523, -1.073075, 1.313351, -0.581978, 0.298504]",88.77,-100.0,-8.45,-31.91,-57.74,83.95,44.3,-30.95,-96.83,-94.99,-9.01,-7.8,-21.92,-28.51,-61.48,75.25,-33.34,17.1
animals/turtle_mpeg7-05,animals,targets/animals/turtle_mpeg7-05.png,0.542,0.5297,0.0119,0.5058,10,2,3,0.2,125.0,animals/turtle_mpeg7-05/turtle_mpeg7-05_best.png,"[0.839472, -1.700747, -0.153423, 0.695685, -0.469695, 1.633869, -0.544291, -1.149459, -0.056079, 0.501635, -2.462472, 1.745326, 0.39912, -1.638848, -0.888121, 1.195939, 0.562408, 0.401986]",48.1,-97.45,-8.79,39.86,-26.91,93.61,-31.19,-65.86,-3.21,28.74,-141.09,100.0,22.87,-93.9,-50.89,68.52,32.22,23.03
objects/pocket_mpeg7-01,objects,targets/objects/pocket_mpeg7-01.png,0.5417,0.5256,0.016,0.4865,10,6,3,0.2,86.7,objects/pocket_mpeg7-01/pocket_mpeg7-01_best.png,"[0.672634, -1.3224, -0.833371, 1.566664, -0.752234, -0.030332, 0.879276, -0.1592, -1.689682, -0.683604, 2.704665, -0.174533, 0.687581, -1.25168, 1.296633, -1.446172, 1.528256, 0.223126]",38.54,-75.77,-47.75,89.76,-43.1,-1.74,50.38,-9.12,-96.81,-39.17,154.97,-10.0,39.4,-71.72,74.29,-82.86,87.56,12.78
objects/pocket_mpeg7-04,objects,targets/objects/pocket_mpeg7-04.png,0.5412,0.5054,0.0243,0.4583,10,3,3,0.2,85.8,objects/pocket_mpeg7-04/pocket_mpeg7-04_best.png,"[-1.91986, 0.55715, -0.915335, -1.65806, 0.893323, 1.74533, 1.252402, -0.787737, -0.613453, -1.337744, 2.03452, 0.229332, 0.484744, -1.216051, 1.25917, -1.610475, -1.003939, -0.105841]",-110.0,31.92,-52.44,-95.0,51.18,100.0,71.76,-45.13,-35.15,-76.65,116.57,13.14,27.77,-69.67,72.15,-92.27,-57.52,-6.06
hand_shadow/deer_hasper-01,hand_shadow,targets/hand_shadow/deer_hasper-01.png,0.5407,0.52,0.0129,0.4971,10,0,3,0.2,86.7,hand_shadow/deer_hasper-01/deer_hasper-01_best.png,"[-1.075806, -1.001916, -1.663059, 1.479181, 1.717846, 0.715871, 0.586212, -0.864234, -0.553857, 1.157992, 0.910711, 0.116284, -0.908716, -1.519338, -1.137133, -0.930996, -1.234051, 0.360441]",-61.64,-57.41,-95.29,84.75,98.43,41.02,33.59,-49.52,-31.73,66.35,52.18,6.66,-52.07,-87.05,-65.15,-53.34,-70.71,20.65
objects/spoon_mpeg7-02,objects,targets/objects/spoon_mpeg7-02.png,0.5405,0.4718,0.0295,0.4347,10,5,3,0.2,88.3,objects/spoon_mpeg7-02/spoon_mpeg7-02_best.png,"[1.222733, -1.744964, -1.25604, -0.476204, 1.426096, -0.122259, -0.166485, -0.57394, -1.69, 0.12653, 1.942792, 1.017512, 1.072271, -0.076704, 0.476707, 0.41246, 1.998614, -0.174533]",70.06,-99.98,-71.97,-27.28,81.71,-7.0,-9.54,-32.88,-96.83,7.25,111.31,58.3,61.44,-4.39,27.31,23.63,114.51,-10.0
digits/3_dejavusansmono-bold,digits,targets/digits/3_dejavusansmono-bold.png,0.5404,0.5161,0.0134,0.4891,10,9,3,0.2,123.1,digits/3_dejavusansmono-bold/3_dejavusansmono-bold_best.png,"[0.798485, -1.617627, -0.266107, 0.599048, 0.252163, -0.056947, 1.91986, -0.984975, 1.173655, 0.191161, -2.39992, 0.788254, 1.789681, -0.069446, -1.199299, -0.671673, 2.011744, 1.210697]",45.75,-92.68,-15.25,34.32,14.45,-3.26,110.0,-56.43,67.25,10.95,-137.51,45.16,102.54,-3.98,-68.71,-38.48,115.26,69.37
abstract/device3_mpeg7-05,abstract,targets/abstract/device3_mpeg7-05.png,0.5393,0.5186,0.013,0.4918,10,6,3,0.2,123.0,abstract/device3_mpeg7-05/device3_mpeg7-05_best.png,"[1.122011, -0.979643, -1.66939, 0.539869, -1.304156, 0.30122, -1.212692, 0.628483, -1.63564, -0.892828, -2.549928, 0.245925, -1.670199, 0.063393, -1.137053, 0.298701, 1.499935, 0.648146]",64.29,-56.13,-95.65,30.93,-74.72,17.26,-69.48,36.01,-93.72,-51.16,-146.1,14.09,-95.7,3.63,-65.15,17.11,85.94,37.14
animals/fly_mpeg7-05,animals,targets/animals/fly_mpeg7-05.png,0.5382,0.5178,0.0132,0.4915,10,2,3,0.2,123.9,animals/fly_mpeg7-05/fly_mpeg7-05_best.png,"[1.13737, -1.338529, -0.967223, 0.191178, -1.699078, 0.345802, 1.42812, -1.49611, -0.494743, -0.052797, 0.113117, 0.861462, 0.856587, -0.543345, -0.143387, 1.61809, 2.002861, 0.717548]",65.17,-76.69,-55.42,10.95,-97.35,19.81,81.83,-85.72,-28.35,-3.03,6.48,49.36,49.08,-31.13,-8.22,92.71,114.76,41.11
abstract/spring_mpeg7-04,abstract,targets/abstract/spring_mpeg7-04.png,0.538,0.4894,0.0265,0.4452,10,1,3,0.2,122.5,abstract/spring_mpeg7-04/spring_mpeg7-04_best.png,"[-0.209079, -0.434044, -1.322573, -1.293555, -0.475607, 0.061832, -0.473345, -0.545133, -0.994188, -0.987766, 0.86694, 0.855261, 1.18874, 0.85022, -1.086459, 1.410653, -2.69303, 0.84232]",-11.98,-24.87,-75.78,-74.12,-27.25,3.54,-27.12,-31.23,-56.96,-56.59,49.67,49.0,68.11,48.71,-62.25,80.82,-154.3,48.26
animals/dog_mpeg7-05,animals,targets/animals/dog_mpeg7-05.png,0.5367,0.4926,0.0226,0.4646,10,1,3,0.2,123.5,animals/dog_mpeg7-05/dog_mpeg7-05_best.png,"[0.857158, -0.531643, -1.665158, -1.65806, -0.964224, 1.059304, 1.910006, -0.898719, -0.869383, -1.045015, 0.38178, 0.039, -1.72271, -1.069364, -0.786459, 1.618094, -0.875376, 1.733673]",49.11,-30.46,-95.41,-95.0,-55.25,60.69,109.44,-51.49,-49.81,-59.87,21.87,2.23,-98.7,-61.27,-45.06,92.71,-50.16,99.33
digits/3_dejavuserif-bold,digits,targets/digits/3_dejavuserif-bold.png,0.5367,0.5061,0.0204,0.4714,10,2,3,0.2,123.4,digits/3_dejavuserif-bold/3_dejavuserif-bold_best.png,"[0.646174, -1.74533, 0.051325, 0.041064, -2.611077, 0.388973, -0.022742, -0.863276, -0.756994, -0.423276, -2.7257, 1.678571, -0.715294, -1.422304, -1.674763, 1.65806, -1.24147, 1.715097]",37.02,-100.0,2.94,2.35,-149.6,22.29,-1.3,-49.46,-43.37,-24.25,-156.17,96.18,-40.98,-81.49,-95.96,95.0,-71.13,98.27
abstract/stef_mpeg7-01,abstract,targets/abstract/stef_mpeg7-01.png,0.5363,0.4941,0.0241,0.4526,10,4,3,0.2,121.8,abstract/stef_mpeg7-01/stef_mpeg7-01_best.png,"[0.22117, -0.484406, -1.529324, 1.512175, -0.979183, -0.089304, -0.412503, -0.271848, -1.637652, -1.575072, 0.218377, 1.709934, -0.606863, -0.483524, -1.09153, -1.1012, -2.12915, 1.370501]",12.67,-27.75,-87.62,86.64,-56.1,-5.12,-23.63,-15.58,-93.83,-90.24,12.51,97.97,-34.77,-27.7,-62.54,-63.09,-121.99,78.52
letters_lower/s_dejavuserif-bold,letters_lower,targets/letters_lower/s_dejavuserif-bold.png,0.5357,0.4927,0.0273,0.4356,10,7,3,0.2,86.3,letters_lower/s_dejavuserif-bold/s_dejavuserif-bold_best.png,"[1.91986, -0.997652, -0.790986, 0.92916, 2.04285, 1.159994, 0.909806, -1.30236, -1.591718, 1.488002, 0.462075, 0.356259, -0.343018, -1.389155, -0.443246, 1.602978, 2.601942, 0.411548]",110.0,-57.16,-45.32,53.24,117.05,66.46,52.13,-74.62,-91.2,85.26,26.47,20.41,-19.65,-79.59,-25.4,91.84,149.08,23.58
animals/lmfish_mpeg7-01,animals,targets/animals/lmfish_mpeg7-01.png,0.5356,0.5019,0.027,0.4349,10,4,3,0.2,123.6,animals/lmfish_mpeg7-01/lmfish_mpeg7-01_best.png,"[0.683782, -1.298071, -0.396415, 1.354673, 2.79465, 0.976873, -0.257429, -1.011209, -0.322441, 1.011662, 1.227542, 0.109108, -0.580066, -1.099502, -1.263063, -1.635068, 1.513324, 0.187077]",39.18,-74.37,-22.71,77.62,160.12,55.97,-14.75,-57.94,-18.47,57.96,70.33,6.25,-33.24,-63.0,-72.37,-93.68,86.71,10.72
abstract/device2_mpeg7-05,abstract,targets/abstract/device2_mpeg7-05.png,0.533,0.5129,0.0133,0.4842,10,2,3,0.2,123.4,abstract/device2_mpeg7-05/device2_mpeg7-05_best.png,"[1.371971, -1.645281, -0.353016, -0.248925, -0.679326, 1.342657, -1.895125, 0.659873, -1.197712, -1.321677, 2.597367, 1.281298, 0.93893, 0.336643, -1.439021, -1.198603, -1.015924, 1.31224]",78.61,-94.27,-20.23,-14.26,-38.92,76.93,-108.58,37.81,-68.62,-75.73,148.82,73.41,53.8,19.29,-82.45,-68.67,-58.21,75.19
letters_lower/x_dejavuserif-bold,letters_lower,targets/letters_lower/x_dejavuserif-bold.png,0.5321,0.4989,0.0334,0.4386,10,6,3,0.2,88.9,letters_lower/x_dejavuserif-bold/x_dejavuserif-bold_best.png,"[1.002197, -1.74533, -0.280519, 1.21891, -1.242079, -0.158858, -1.576159, 0.117031, -1.103297, -1.343775, -1.636915, 1.521298, 1.05132, 0.545036, 0.035478, -0.638821, -2.450622, 0.266271]",57.42,-100.0,-16.07,69.84,-71.17,-9.1,-90.31,6.71,-63.21,-76.99,-93.79,87.16,60.24,31.23,2.03,-36.6,-140.41,15.26
animals/lizzard_mpeg7-03,animals,targets/animals/lizzard_mpeg7-03.png,0.5314,0.4851,0.0254,0.436,10,0,3,0.2,124.4,animals/lizzard_mpeg7-03/lizzard_mpeg7-03_best.png,"[-0.346065, -0.466151, -1.22759, -1.512164, 0.355817, 0.812565, 0.102077, -0.682545, 0.359025, -1.65806, 0.971888, 0.689737, 0.853093, -0.587167, -1.579768, -0.886028, -2.628847, 1.449943]",-19.83,-26.71,-70.34,-86.64,20.39,46.56,5.85,-39.11,20.57,-95.0,55.69,39.52,48.88,-33.64,-90.51,-50.77,-150.62,83.08
letters_lower/m_dejavusans-bold,letters_lower,targets/letters_lower/m_dejavusans-bold.png,0.5309,0.4828,0.021,0.4547,10,2,3,0.2,86.7,letters_lower/m_dejavusans-bold/m_dejavusans-bold_best.png,"[-0.914986, -1.289294, -0.218135, -1.230398, 0.656499, -0.174533, -0.638903, 0.160572, -1.69, -1.65806, -0.956677, 0.061154, 0.609941, -1.303518, -1.458971, 1.363303, 0.593241, 0.672138]",-52.42,-73.87,-12.5,-70.5,37.61,-10.0,-36.61,9.2,-96.83,-95.0,-54.81,3.5,34.95,-74.69,-83.59,78.11,33.99,38.51
objects/pocket_mpeg7-02,objects,targets/objects/pocket_mpeg7-02.png,0.5304,0.4925,0.0309,0.4378,10,8,3,0.2,86.3,objects/pocket_mpeg7-02/pocket_mpeg7-02_best.png,"[0.823444, -0.145005, -1.69, -1.610568, -0.843892, 0.438647, 1.214256, -1.132548, -0.427836, -0.554562, -2.367675, 1.258708, -0.847844, -1.74533, -1.066227, 0.965735, -0.182972, 0.081582]",47.18,-8.31,-96.83,-92.28,-48.35,25.13,69.57,-64.89,-24.51,-31.77,-135.66,72.12,-48.58,-100.0,-61.09,55.33,-10.48,4.67
letters_upper/W_dejavusans-bold,letters_upper,targets/letters_upper/W_dejavusans-bold.png,0.53,0.5125,0.0123,0.4937,10,1,3,0.2,123.6,letters_upper/W_dejavusans-bold/W_dejavusans-bold_best.png,"[0.955241, -0.368745, -1.69, -1.65806, -0.394717, 0.603693, -0.595012, -0.027366, -1.31722, -1.570483, 1.42873, 0.51205, 0.465565, -1.284115, -1.143193, 0.851551, 2.005646, 0.903306]",54.73,-21.13,-96.83,-95.0,-22.62,34.59,-34.09,-1.57,-75.47,-89.98,81.86,29.34,26.67,-73.57,-65.5,48.79,114.92,51.76
animals/fish_mpeg7-03,animals,targets/animals/fish_mpeg7-03.png,0.5291,0.4804,0.0275,0.43,10,7,3,0.2,121.7,animals/fish_mpeg7-03/fish_mpeg7-03_best.png,"[-0.603583, -0.608107, -1.465369, -1.608439, -1.17718, 1.743643, -1.198287, -0.952759, -0.288205, 1.60791, 0.237021, 0.106048, -1.079052, -0.579911, -0.109798, 0.778507, -1.890622, 1.446419]",-34.58,-34.84,-83.96,-92.16,-67.45,99.9,-68.66,-54.59,-16.51,92.13,13.58,6.08,-61.83,-33.23,-6.29,44.61,-108.32,82.87
objects/spoon_mpeg7-05,objects,targets/objects/spoon_mpeg7-05.png,0.5291,0.4992,0.0236,0.456,10,0,3,0.2,88.1,objects/spoon_mpeg7-05/spoon_mpeg7-05_best.png,"[-1.890311, -0.109557, -0.2327, 0.842087, 1.847645, -0.111232, -0.877375, -0.880693, -0.461516, 0.726819, -0.710634, 1.502825, -1.077766, -1.23886, -1.227356, -1.569258, -2.626574, 0.709345]",-108.31,-6.28,-13.33,48.25,105.86,-6.37,-50.27,-50.46,-26.44,41.64,-40.72,86.11,-61.75,-70.98,-70.32,-89.91,-150.49,40.64
animals/horse_mpeg7-02,animals,targets/animals/horse_mpeg7-02.png,0.5273,0.4986,0.017,0.4777,10,4,3,0.2,123.7,animals/horse_mpeg7-02/horse_mpeg7-02_best.png,"[0.560115, -1.518005, -0.125025, 0.940707, 2.84121, 1.74533, 0.684367, -1.74324, -0.205685, 1.336077, 1.205074, 0.953089, -0.489175, -1.694586, -0.595492, 1.601279, -2.67679, 0.636481]",32.09,-86.98,-7.16,53.9,162.79,100.0,39.21,-99.88,-11.78,76.55,69.05,54.61,-28.03,-97.09,-34.12,91.75,-153.37,36.47
animals/dog_mpeg7-02,animals,targets/animals/dog_mpeg7-02.png,0.5271,0.5007,0.0275,0.441,10,6,3,0.2,124.5,animals/dog_mpeg7-02/dog_mpeg7-02_best.png,"[0.733886, -0.476108, -1.69, -1.579564, 1.367404, 0.058106, 1.91986, -0.446917, -1.536715, -0.983992, 1.217715, 0.644587, 0.445187, -0.341254, -1.69, -1.226017, -1.40504, 0.38616]",42.05,-27.28,-96.83,-90.5,78.35,3.33,110.0,-25.61,-88.05,-56.38,69.77,36.93,25.51,-19.55,-96.83,-70.25,-80.5,22.13
abstract/bone_mpeg7-04,abstract,targets/abstract/bone_mpeg7-04.png,0.5256,0.4466,0.0378,0.3811,10,5,3,0.2,122.8,abstract/bone_mpeg7-04/bone_mpeg7-04_best.png,"[-1.257003, 0.280367, 1.355134, -1.643393, 2.09755, 1.328897, 0.045036, -0.4326, -1.69, -0.072938, -2.704165, 0.876859, 0.230092, -0.418914, -1.69, -0.159531, -2.018808, 0.813095]",-72.02,16.06,77.64,-94.16,120.18,76.14,2.58,-24.79,-96.83,-4.18,-154.94,50.24,13.18,-24.0,-96.83,-9.14,-115.67,46.59
objects/key_mpeg7-03,objects,targets/objects/key_mpeg7-03.png,0.5254,0.4988,0.0178,0.4682,10,9,3,0.2,85.3,objects/key_mpeg7-03/key_mpeg7-03_best.png,"[-1.299095, -0.677079, -0.260678, 1.15759, 2.699984, 1.230907, 0.625208, -0.602196, -1.387052, -1.586589, 1.401655, 1.555019, 0.981922, 0.423157, -0.627438, -0.860804, -2.74385, 1.614431]",-74.43,-38.79,-14.94,66.33,154.7,70.53,35.82,-34.5,-79.47,-90.9,80.31,89.1,56.26,24.25,-35.95,-49.32,-157.21,92.5
hand_shadow/elephant_hasper-01,hand_shadow,targets/hand_shadow/elephant_hasper-01.png,0.5241,0.4755,0.0351,0.4086,10,8,3,0.2,86.2,hand_shadow/elephant_hasper-01/elephant_hasper-01_best.png,"[0.384158, -0.151522, -1.69, -1.606703, -2.274045, -0.102514, 0.535909, 0.178243, -1.011405, 0.93124, -0.87139, 1.326129, -0.592035, 0.332905, -1.69, -1.621635, -2.048699, 0.368114]",22.01,-8.68,-96.83,-92.06,-130.29,-5.87,30.71,10.21,-57.95,53.36,-49.93,75.98,-33.92,19.07,-96.83,-92.91,-117.38,21.09
abstract/device7_mpeg7-01,abstract,targets/abstract/device7_mpeg7-01.png,0.5233,0.4983,0.0122,0.4829,10,7,3,0.2,124.5,abstract/device7_mpeg7-01/device7_mpeg7-01_best.png,"[1.355597, -0.927592, -1.588673, -0.201372, 1.829404, 1.203497, -0.213577, -1.027816, -1.06578, 1.436088, -0.01438, 1.317525, -1.474396, -0.325479, -0.112326, 0.616122, -2.371497, 0.820866]",77.67,-53.15,-91.02,-11.54,104.82,68.96,-12.24,-58.89,-61.06,82.28,-0.82,75.49,-84.48,-18.65,-6.44,35.3,-135.88,47.03
animals/bat_mpeg7-03,animals,targets/animals/bat_mpeg7-03.png,0.523,0.4965,0.0138,0.4744,10,0,3,0.2,123.3,animals/bat_mpeg7-03/bat_mpeg7-03_best.png,"[1.19807, -0.891983, -0.16585, 0.104318, -2.580734, 0.569713, -1.063699, -1.135689, -1.66307, -0.887205, -1.952727, 0.991649, 1.704467, -0.131537, -0.217622, 0.941717, 1.181749, 1.720982]",68.64,-51.11,-9.5,5.98,-147.87,32.64,-60.95,-65.07,-95.29,-50.83,-111.88,56.82,97.66,-7.54,-12.47,53.96,67.71,98.61
animals/cattle_mpeg7-02,animals,targets/animals/cattle_mpeg7-02.png,0.5205,0.4948,0.0149,0.4737,10,8,3,0.2,123.4,animals/cattle_mpeg7-02/cattle_mpeg7-02_best.png,"[0.808252, -0.423043, -1.639814, -1.581974, -1.943231, 0.750194, 0.735117, -0.337006, -1.077015, 1.589879, 0.988639, 0.66588, -0.15695, -0.61783, -1.615705, -1.655643, 0.229303, -0.174533]",46.31,-24.24,-93.95,-90.64,-111.34,42.98,42.12,-19.31,-61.71,91.09,56.64,38.15,-8.99,-35.4,-92.57,-94.86,13.14,-10.0
objects/key_mpeg7-05,objects,targets/objects/key_mpeg7-05.png,0.5184,0.4869,0.0191,0.4557,10,9,3,0.2,85.6,objects/key_mpeg7-05/key_mpeg7-05_best.png,"[-1.635032, -0.955782, 0.6146, -0.289216, 1.870822, 1.306847, 1.91986, -0.791804, -1.323558, -1.188287, 0.454647, 1.715338, 1.071172, 0.348187, -0.598229, -1.656037, -2.413972, 1.223454]",-93.68,-54.76,35.21,-16.57,107.19,74.88,110.0,-45.37,-75.83,-68.08,26.05,98.28,61.37,19.95,-34.28,-94.88,-138.31,70.1
objects/guitar_mpeg7-05,objects,targets/objects/guitar_mpeg7-05.png,0.5182,0.4873,0.0204,0.4419,10,5,3,0.2,85.4,objects/guitar_mpeg7-05/guitar_mpeg7-05_best.png,"[1.637135, -0.940326, -0.042348, 1.110271, 1.264975, 0.35471, 0.903304, -0.458957, -0.143334, 1.65806, -2.512864, 0.78191, 0.056993, -0.540649, -1.473577, -0.730464, -2.171788, 1.549139]",93.8,-53.88,-2.43,63.61,72.48,20.32,51.76,-26.3,-8.21,95.0,-143.98,44.8,3.27,-30.98,-84.43,-41.85,-124.43,88.76
letters_upper/S_dejavuserif-bold,letters_upper,targets/letters_upper/S_dejavuserif-bold.png,0.5174,0.4943,0.023,0.4487,10,0,3,0.2,122.5,letters_upper/S_dejavuserif-bold/S_dejavuserif-bold_best.png,"[0.733487, -1.542861, -0.608892, 1.648691, -1.159603, -0.128889, 1.079495, 0.356848, -1.466017, -1.079228, -0.850857, -0.133171, -1.900965, -1.054871, -0.584496, -1.086476, 1.506023, 1.490835]",42.03,-88.4,-34.89,94.46,-66.44,-7.38,61.85,20.45,-84.0,-61.84,-48.75,-7.63,-108.92,-60.44,-33.49,-62.25,86.29,85.42
abstract/stef_mpeg7-05,abstract,targets/abstract/stef_mpeg7-05.png,0.5165,0.4719,0.0215,0.4424,10,0,3,0.2,122.9,abstract/stef_mpeg7-05/stef_mpeg7-05_best.png,"[-0.804727, -0.747965, -0.989774, 1.475821, 2.073383, 1.529777, -1.076159, -0.395105, -0.956143, 0.890548, -0.992868, 1.740495, -0.613677, -0.973115, -1.69, -0.468301, -1.546414, 0.54916]",-46.11,-42.86,-56.71,84.56,118.8,87.65,-61.66,-22.64,-54.78,51.02,-56.89,99.72,-35.16,-55.76,-96.83,-26.83,-88.6,31.46
animals/bat_mpeg7-05,animals,targets/animals/bat_mpeg7-05.png,0.5157,0.4807,0.0195,0.4503,10,5,3,0.2,124.1,animals/bat_mpeg7-05/bat_mpeg7-05_best.png,"[-0.89531, -0.823015, -1.431927, -0.965784, -0.385773, 0.96161, 0.627562, -0.8459, -0.447907, 1.055679, -1.600287, 0.631074, -1.321035, -1.74533, 0.225881, 0.374993, -1.730039, 1.666675]",-51.3,-47.16,-82.04,-55.34,-22.1,55.1,35.96,-48.47,-25.66,60.49,-91.69,36.16,-75.69,-100.0,12.94,21.49,-99.12,95.49
animals/fish_mpeg7-04,animals,targets/animals/fish_mpeg7-04.png,0.5148,0.4727,0.0291,0.4115,10,8,3,0.2,121.9,animals/fish_mpeg7-04/fish_mpeg7-04_best.png,"[1.097647, -0.585793, -1.67894, -1.16939, -1.90015, -0.023034, -1.177737, -0.793405, 0.102768, 0.801323, -1.614585, 0.726579, 0.346487, -0.860008, -1.216105, -1.275244, 1.77274, 1.408986]",62.89,-33.56,-96.2,-67.0,-108.87,-1.32,-67.48,-45.46,5.89,45.91,-92.51,41.63,19.85,-49.27,-69.68,-73.07,101.57,80.73
animals/deer_mpeg7-02,animals,targets/animals/deer_mpeg7-02.png,0.5137,0.4853,0.0173,0.4589,10,1,3,0.2,123.0,animals/deer_mpeg7-02/deer_mpeg7-02_best.png,"[1.202947, -1.396756, -0.895368, -0.12375, -2.034447, 0.487078, -0.893182, -1.0766, -0.062641, 1.420532, 2.824866, 0.786317, 0.444245, -0.833357, 0.330396, 1.65806, -1.997548, 0.36129]",68.92,-80.03,-51.3,-7.09,-116.57,27.91,-51.18,-61.68,-3.59,81.39,161.85,45.05,25.45,-47.75,18.93,95.0,-114.45,20.7
abstract/bone_mpeg7-02,abstract,targets/abstract/bone_mpeg7-02.png,0.5133,0.4764,0.0216,0.4453,10,1,3,0.2,122.5,abstract/bone_mpeg7-02/bone_mpeg7-02_best.png,"[1.267219, 0.209956, -0.139841, 0.07363, -1.492503, 0.258042, 0.197572, -0.434449, -1.69, -0.128651, -2.347104, 1.239481, 1.0419, -0.344996, 0.641548, 0.328853, -2.602788, 1.736261]",72.61,12.03,-8.01,4.22,-85.51,14.78,11.32,-24.89,-96.83,-7.37,-134.48,71.02,59.7,-19.77,36.76,18.84,-149.13,99.48
digits/7_dejavuserif-bold,digits,targets/digits/7_dejavuserif-bold.png,0.5122,0.4801,0.024,0.4342,10,2,3,0.2,123.3,digits/7_dejavuserif-bold/7_dejavuserif-bold_best.png,"[-0.047069, -0.578202, -1.653138, 0.993102, -2.74385, 1.520298, 0.170007, -0.784348, -1.366065, 0.488383, -2.665303, 1.431475, -0.093428, -0.915315, -1.166007, 0.458306, -2.729558, 0.872151]",-2.7,-33.13,-94.72,56.9,-157.21,87.11,9.74,-44.94,-78.27,27.98,-152.71,82.02,-5.35,-52.44,-66.81,26.26,-156.39,49.97
objects/horseshoe_mpeg7-03,objects,targets/objects/horseshoe_mpeg7-03.png,0.5118,0.4688,0.037,0.4013,10,1,3,0.2,85.8,objects/horseshoe_mpeg7-03/horseshoe_mpeg7-03_best.png,"[-0.003509, 0.05836, -1.67585, -1.137502, -0.564113, -0.054423, 0.4724, -1.74533, -0.564234, 0.860787, -1.643725, 0.734893, 0.012471, 0.363775, -1.673784, -0.973986, -2.099432, 1.06259]",-0.2,3.34,-96.02,-65.17,-32.32,-3.12,27.07,-100.0,-32.33,49.32,-94.18,42.11,0.71,20.84,-95.9,-55.81,-120.29,60.88
letters_upper/A_dejavuserif-bold,letters_upper,targets/letters_upper/A_dejavuserif-bold.png,0.5104,0.4882,0.0181,0.462,10,7,3,0.2,123.7,letters_upper/A_dejavuserif-bold/A_dejavuserif-bold_best.png,"[0.757304, -1.628071, -0.081738, 0.460765, 2.672617, 0.268144, -0.0509, -0.128125, -1.603457, -0.816262, -0.561757, 1.600297, 0.779841, -1.74533, -1.031342, 1.65806, 1.620355, 1.13128]",43.39,-93.28,-4.68,26.4,153.13,15.36,-2.92,-7.34,-91.87,-46.77,-32.19,91.69,44.68,-100.0,-59.09,95.0,92.84,64.82
animals/deer_mpeg7-05,animals,targets/animals/deer_mpeg7-05.png,0.5088,0.463,0.021,0.4378,10,5,3,0.2,125.6,animals/deer_mpeg7-05/deer_mpeg7-05_best.png,"[-0.780318, -1.063861, -1.038445, -0.436786, -0.821718, 0.068605, -0.665875, -1.153021, -0.242177, 1.603474, -1.436556, 0.824643, -0.58428, -1.163653, 0.215917, 1.644498, -1.110174, 0.028164]",-44.71,-60.95,-59.5,-25.03,-47.08,3.93,-38.15,-66.06,-13.88,91.87,-82.31,47.25,-33.48,-66.67,12.37,94.22,-63.61,1.61
abstract/device1_mpeg7-01,abstract,targets/abstract/device1_mpeg7-01.png,0.5084,0.4896,0.0168,0.4621,10,6,3,0.2,123.5,abstract/device1_mpeg7-01/device1_mpeg7-01_best.png,"[1.180826, -0.738482, -1.617969, -1.093712, 0.905366, 0.405491, -1.870529, -1.022472, -0.107688, -1.188215, 0.707939, 1.065305, -0.623052, -0.491536, -1.630425, -0.004263, 2.163948, 0.790378]",67.66,-42.31,-92.7,-62.67,51.87,23.23,-107.17,-58.58,-6.17,-68.08,40.56,61.04,-35.7,-28.16,-93.42,-0.24,123.99,45.29
abstract/device2_mpeg7-04,abstract,targets/abstract/device2_mpeg7-04.png,0.5084,0.4718,0.0225,0.4176,10,7,3,0.2,124.7,abstract/device2_mpeg7-04/device2_mpeg7-04_best.png,"[0.992432, -0.543038, -1.69, -1.65806, 2.564342, 0.114926, 0.937529, -0.677408, -0.442072, 0.393346, 1.220894, 0.460442, 0.812275, -0.659746, 0.929875, 0.314185, -0.727353, 1.202409]",56.86,-31.11,-96.83,-95.0,146.93,6.58,53.72,-38.81,-25.33,22.54,69.95,26.38,46.54,-37.8,53.28,18.0,-41.67,68.89
animals/fish_mpeg7-02,animals,targets/animals/fish_mpeg7-02.png,0.5072,0.4645,0.0199,0.4416,10,8,3,0.2,122.7,animals/fish_mpeg7-02/fish_mpeg7-02_best.png,"[1.132191, -0.74037, -1.538432, -1.052329, -1.667486, 0.171973, -1.088687, -0.922702, 0.209621, 0.776948, -1.299655, 1.024461, -1.778249, -1.059519, -0.678392, -1.613131, 0.250302, 0.984383]",64.87,-42.42,-88.15,-60.29,-95.54,9.85,-62.38,-52.87,12.01,44.52,-74.46,58.7,-101.89,-60.71,-38.87,-92.43,14.34,56.4
objects/hammer_mpeg7-04,objects,targets/objects/hammer_mpeg7-04.png,0.507,0.4819,0.0158,0.4458,10,7,3,0.2,85.1,objects/hammer_mpeg7-04/hammer_mpeg7-04_best.png,"[1.757527, 0.356155, -1.69, -1.198611, 2.043166, 0.061114, -1.389526, -1.113932, -0.675317, 0.729509, 2.014876, 0.526934, 1.91986, -0.165702, -1.247118, 0.414397, -1.610607, 1.636239]",100.7,20.41,-96.83,-68.68,117.06,3.5,-79.61,-63.82,-38.69,41.8,115.44,30.19,110.0,-9.49,-71.45,23.74,-92.28,93.75
animals/horse_mpeg7-05,animals,targets/animals/horse_mpeg7-05.png,0.5055,0.4866,0.0117,0.4628,10,5,3,0.2,123.3,animals/horse_mpeg7-05/horse_mpeg7-05_best.png,"[1.733879, -1.043029, -0.983795, 1.36231, 1.371061, 1.423146, 0.9461, -0.53438, -1.518669, -1.488812, 2.733691, 0.428272, 0.916822, -1.200212, -1.684103, 0.673422, -1.424052, -0.157537]",99.34,-59.76,-56.37,78.05,78.56,81.54,54.21,-30.62,-87.01,-85.3,156.63,24.54,52.53,-68.77,-96.49,38.58,-81.59,-9.03
letters_lower/m_dejavuserif-bold,letters_lower,targets/letters_lower/m_dejavuserif-bold.png,0.5054,0.461,0.0285,0.4249,10,7,3,0.2,85.3,letters_lower/m_dejavuserif-bold/m_dejavuserif-bold_best.png,"[0.808312, -0.571234, -1.660214, -1.487671, 2.755232, 0.851877, 0.754344, 0.222247, -1.659408, -1.642218, -1.44565, 0.676348, 0.227632, -0.690882, -1.010511, -1.391667, -0.875125, 0.327438]",46.31,-32.73,-95.12,-85.24,157.86,48.81,43.22,12.73,-95.08,-94.09,-82.83,38.75,13.04,-39.58,-57.9,-79.74,-50.14,18.76
animals/sea-snake_mpeg7-05,animals,targets/animals/sea-snake_mpeg7-05.png,0.5033,0.4281,0.0531,0.3565,10,7,3,0.2,122.4,animals/sea-snake_mpeg7-05/sea-snake_mpeg7-05_best.png,"[-0.055203, -0.081783, -1.614287, -1.021545, 2.40535, -0.174533, -0.892276, -1.55127, -1.001261, 0.865642, -2.578452, 0.853335, 1.288514, 1.359636, -1.677099, 0.130583, 0.036801, 1.322934]",-3.16,-4.69,-92.49,-58.53,137.82,-10.0,-51.12,-88.88,-57.37,49.6,-147.73,48.89,73.83,77.9,-96.09,7.48,2.11,75.8
animals/sea-snake_mpeg7-04,animals,targets/animals/sea-snake_mpeg7-04.png,0.5023,0.4482,0.0279,0.3945,10,1,3,0.2,121.8,animals/sea-snake_mpeg7-04/sea-snake_mpeg7-04_best.png,"[-0.087535, -0.194126, -1.69, -1.261405, 0.630534, -0.174533, -0.25161, 0.022716, -1.674378, -1.569947, -2.522515, 0.677257, 0.29281, -0.475877, 0.458986, -1.65806, 2.279188, 1.387005]",-5.02,-11.12,-96.83,-72.27,36.13,-10.0,-14.42,1.3,-95.93,-89.95,-144.53,38.8,16.78,-27.27,26.3,-95.0,130.59,79.47
objects/cellular-phone_mpeg7-03,objects,targets/objects/cellular-phone_mpeg7-03.png,0.502,0.461,0.0349,0.3987,10,7,3,0.2,85.6,objects/cellular-phone_mpeg7-03/cellular-phone_mpeg7-03_best.png,"[-0.488356, -0.582654, -1.508487, -1.641796, -1.398799, 1.1929, 0.992106, -0.845402, -0.435029, 1.627696, 0.353216, 0.502242, 0.582524, -0.621769, -0.522047, 1.468793, 0.144112, 0.894037]",-27.98,-33.38,-86.43,-94.07,-80.15,68.35,56.84,-48.44,-24.93,93.26,20.24,28.78,33.38,-35.62,-29.91,84.16,8.26,51.22
vehicles/carriage_mpeg7-03,vehicles,targets/vehicles/carriage_mpeg7-03.png,0.5001,0.4583,0.0331,0.3911,10,0,3,0.2,87.5,vehicles/carriage_mpeg7-03/carriage_mpeg7-03_best.png,"[0.281945, -0.653624, -1.626973, -1.198145, 1.665316, 1.415302, 0.740755, -0.775576, -1.253516, -1.65806, -0.40583, -0.094198, -1.187868, -0.748519, 0.020592, 0.669738, -1.196579, 0.662812]",16.15,-37.45,-93.22,-68.65,95.42,81.09,42.44,-44.44,-71.82,-95.0,-23.25,-5.4,-68.06,-42.89,1.18,38.37,-68.56,37.98
letters_upper/X_dejavuserif-bold,letters_upper,targets/letters_upper/X_dejavuserif-bold.png,0.499,0.4823,0.0097,0.4706,10,5,3,0.2,123.1,letters_upper/X_dejavuserif-bold/X_dejavuserif-bold_best.png,"[0.759326, -1.74533, 0.055983, 0.857098, 1.734518, 0.541572, 1.809727, -0.862894, -0.973897, 0.491466, 1.059151, 1.692271, 1.111262, 0.038061, 0.798318, -0.740778, 1.558039, 0.870884]",43.51,-100.0,3.21,49.11,99.38,31.03,103.69,-49.44,-55.8,28.16,60.68,96.96,63.67,2.18,45.74,-42.44,89.27,49.9
animals/lizzard_mpeg7-05,animals,targets/animals/lizzard_mpeg7-05.png,0.4972,0.4595,0.016,0.4434,10,8,3,0.2,123.8,animals/lizzard_mpeg7-05/lizzard_mpeg7-05_best.png,"[0.892889, -0.653585, -1.349376, -1.65806, -2.117769, 0.697232, 1.660922, -0.014011, -1.599905, -0.947547, -0.953161, 1.669581, -0.251123, -0.001277, -0.918788, -1.216435, -0.538368, -0.014626]",51.16,-37.45,-77.31,-95.0,-121.34,39.95,95.16,-0.8,-91.67,-54.29,-54.61,95.66,-14.39,-0.07,-52.64,-69.7,-30.85,-0.84
vehicles/carriage_mpeg7-02,vehicles,targets/vehicles/carriage_mpeg7-02.png,0.4962,0.4348,0.0296,0.3965,10,7,3,0.2,87.7,vehicles/carriage_mpeg7-02/carriage_mpeg7-02_best.png,"[0.700278, -0.447356, -1.69, -1.548946, 2.614078, 0.536734, -0.522023, -0.613838, -1.69, -1.271075, -1.213916, 0.012926, -0.932004, -0.704025, -0.25219, 1.103705, -0.66582, 0.061068]",40.12,-25.63,-96.83,-88.75,149.78,30.75,-29.91,-35.17,-96.83,-72.83,-69.55,0.74,-53.4,-40.34,-14.45,63.24,-38.15,3.5
animals/lizzard_mpeg7-01,animals,targets/animals/lizzard_mpeg7-01.png,0.4947,0.4694,0.0209,0.4336,10,8,3,0.2,124.0,animals/lizzard_mpeg7-01/lizzard_mpeg7-01_best.png,"[0.805856, -0.291656, -1.491788, -1.335423, -1.034825, 0.760132, 0.738865, -0.603182, 0.732415, -1.65806, -1.11265, 0.204538, 0.505314, 0.466522, -1.69, -1.613488, 2.041795, 0.695951]",46.17,-16.71,-85.47,-76.51,-59.29,43.55,42.33,-34.56,41.96,-95.0,-63.75,11.72,28.95,26.73,-96.83,-92.45,116.99,39.88
abstract/stef_mpeg7-02,abstract,targets/abstract/stef_mpeg7-02.png,0.4933,0.4563,0.0181,0.431,10,2,3,0.2,122.5,abstract/stef_mpeg7-02/stef_mpeg7-02_best.png,"[-1.91986, -0.096415, -1.619807, -1.427211, 0.743013, 1.160063, -1.91986, -0.868355, 0.89813, -0.720785, 2.349443, 1.503065, 0.394771, 0.047874, -1.651264, 0.609489, 2.228304, -0.174533]",-110.0,-5.52,-92.81,-81.77,42.57,66.47,-110.0,-49.75,51.46,-41.3,134.61,86.12,22.62,2.74,-94.61,34.92,127.67,-10.0
vehicles/carriage_mpeg7-05,vehicles,targets/vehicles/carriage_mpeg7-05.png,0.49,0.4214,0.0432,0.3685,10,7,3,0.2,85.9,vehicles/carriage_mpeg7-05/carriage_mpeg7-05_best.png,"[0.99489, -0.658239, -1.69, -1.084109, 2.45732, 0.074783, 1.027043, -0.747403, -0.03547, 1.260492, -0.618889, 0.680246, -0.096079, -0.632589, -1.533931, -1.515369, -0.327637, 0.217567]",57.0,-37.71,-96.83,-62.11,140.79,4.28,58.85,-42.82,-2.03,72.22,-35.46,38.98,-5.5,-36.24,-87.89,-86.82,-18.77,12.47
animals/lizzard_mpeg7-02,animals,targets/animals/lizzard_mpeg7-02.png,0.4878,0.4474,0.0317,0.3938,10,2,3,0.2,123.4,animals/lizzard_mpeg7-02/lizzard_mpeg7-02_best.png,"[-1.91986, 0.478339, -0.597285, -1.215169, 1.261129, -0.174533, -0.008259, -0.9613, -0.94414, 0.833366, 2.383207, 0.66155, -0.199383, -1.451512, -1.206634, 1.183519, 1.82209, 0.486978]",-110.0,27.41,-34.22,-69.62,72.26,-10.0,-0.47,-55.08,-54.1,47.75,136.55,37.9,-11.42,-83.17,-69.14,67.81,104.4,27.9
animals/deer_mpeg7-01,animals,targets/animals/deer_mpeg7-01.png,0.4873,0.4664,0.0123,0.4502,10,9,3,0.2,122.8,animals/deer_mpeg7-01/deer_mpeg7-01_best.png,"[-0.543422, -1.227812, -0.213601, 1.635379, 2.08473, 0.023988, 0.354236, -0.969154, -1.172606, 0.097929, 2.171614, 1.123752, 0.281022, -1.191593, 0.38018, 1.57758, -0.275044, 1.74533]",-31.14,-70.35,-12.24,93.7,119.45,1.37,20.3,-55.53,-67.19,5.61,124.42,64.39,16.1,-68.27,21.78,90.39,-15.76,100.0
animals/sea-snake_mpeg7-02,animals,targets/animals/sea-snake_mpeg7-02.png,0.4862,0.4308,0.0276,0.3909,10,9,3,0.2,122.1,animals/sea-snake_mpeg7-02/sea-snake_mpeg7-02_best.png,"[1.742607, -1.289662, -1.37442, 1.398642, -1.912891, 0.86701, 0.211333, -0.918037, -1.188922, 0.009402, 1.299005, 1.695501, -1.416938, -1.581209, -1.412202, -0.265783, 0.750195, 0.293231]",99.84,-73.89,-78.75,80.14,-109.6,49.68,12.11,-52.6,-68.12,0.54,74.43,97.15,-81.18,-90.6,-80.91,-15.23,42.98,16.8
letters_lower/w_dejavuserif-bold,letters_lower,targets/letters_lower/w_dejavuserif-bold.png,0.486,0.468,0.0132,0.4436,10,5,3,0.2,85.5,letters_lower/w_dejavuserif-bold/w_dejavuserif-bold_best.png,"[0.781528, -0.430099, -0.676055, 0.949704, 1.66277, 1.689195, 1.019112, -0.604566, -1.69, -1.511911, 0.152094, -0.078442, -0.936574, -0.455425, -1.455, -0.96129, -1.965414, 0.830417]",44.78,-24.64,-38.74,54.41,95.27,96.78,58.39,-34.64,-96.83,-86.63,8.71,-4.49,-53.66,-26.09,-83.37,-55.08,-112.61,47.58
animals/deer_mpeg7-03,animals,targets/animals/deer_mpeg7-03.png,0.4854,0.472,0.0099,0.4558,10,6,3,0.2,122.7,animals/deer_mpeg7-03/deer_mpeg7-03_best.png,"[1.268944, -1.72493, -0.111513, 0.55826, 2.745089, -0.13536, -0.817318, -0.937101, -0.590301, 0.543277, 1.33144, 0.949811, -1.039396, -1.721631, -0.874642, -0.787127, 0.898496, 0.50026]",72.71,-98.83,-6.39,31.99,157.28,-7.76,-46.83,-53.69,-33.82,31.13,76.29,54.42,-59.55,-98.64,-50.11,-45.1,51.48,28.66
animals/fish_mpeg7-05,animals,targets/animals/fish_mpeg7-05.png,0.4838,0.4447,0.0295,0.4076,10,7,3,0.2,123.1,animals/fish_mpeg7-05/fish_mpeg7-05_best.png,"[0.973739, -0.548783, -1.69, -1.096558, 2.133168, -0.145127, 0.897557, -0.426078, -1.69, -1.601223, -1.618514, 0.049233, -1.141418, -0.465269, -0.264316, 0.903302, -1.917008, 0.580607]",55.79,-31.44,-96.83,-62.83,122.22,-8.32,51.43,-24.41,-96.83,-91.74,-92.73,2.82,-65.4,-26.66,-15.14,51.76,-109.84,33.27
digits/5_dejavuserif-bold,digits,targets/digits/5_dejavuserif-bold.png,0.4831,0.4488,0.0289,0.3865,10,7,3,0.2,122.6,digits/5_dejavuserif-bold/5_dejavuserif-bold_best.png,"[0.787893, 0.003259, -1.649387, -1.012151, 2.84121, -0.127823, -0.635337, -1.706673, -0.567502, 1.285919, 0.341134, 0.22211, -0.255795, -1.295996, -0.754036, 1.476673, 1.603213, 1.104304]",45.14,0.19,-94.5,-57.99,162.79,-7.32,-36.4,-97.79,-32.52,73.68,19.55,12.73,-14.66,-74.26,-43.2,84.61,91.86,63.27
vehicles/carriage_mpeg7-01,vehicles,targets/vehicles/carriage_mpeg7-01.png,0.4817,0.4463,0.0235,0.3961,10,7,3,0.2,88.3,vehicles/carriage_mpeg7-01/carriage_mpeg7-01_best.png,"[0.789667, -0.575557, -1.654264, -1.40929, 2.773867, -0.174533, -0.806629, 1.74533, -1.681904, 0.373834, -1.282263, 0.597516, -1.062721, -0.883092, 0.099983, 0.549759, -1.823727, -0.052056]",45.24,-32.98,-94.78,-80.75,158.93,-10.0,-46.22,100.0,-96.37,21.42,-73.47,34.24,-60.89,-50.6,5.73,31.5,-104.49,-2.98
animals/lizzard_mpeg7-04,animals,targets/animals/lizzard_mpeg7-04.png,0.4785,0.4511,0.018,0.4094,10,4,3,0.2,124.2,animals/lizzard_mpeg7-04/lizzard_mpeg7-04_best.png,"[0.611561, -0.732624, -0.953545, 1.60993, 2.517122, 1.7018, 0.898818, -0.754863, -1.332435, -0.904857, -0.851251, 1.227816, 0.753965, -1.011177, -0.148153, 0.278267, -1.294051, 0.110732]",35.04,-41.98,-54.63,92.24,144.22,97.51,51.5,-43.25,-76.34,-51.84,-48.77,70.35,43.2,-57.94,-8.49,15.94,-74.14,6.34
abstract/bone_mpeg7-05,abstract,targets/abstract/bone_mpeg7-05.png,0.4782,0.4283,0.0252,0.3972,10,8,3,0.2,122.0,abstract/bone_mpeg7-05/bone_mpeg7-05_best.png,"[0.022285, -0.429579, -1.69, 0.069457, 1.601343, 0.657079, -1.528287, -1.482581, 0.955589, 1.231129, 2.199021, -0.102344, 1.21008, 0.735928, -0.092408, -1.226389, -0.243591, 0.324932]",1.28,-24.61,-96.83,3.98,91.75,37.65,-87.56,-84.95,54.75,70.54,125.99,-5.86,69.33,42.17,-5.29,-70.27,-13.96,18.62
letters_upper/W_dejavuserif-bold,letters_upper,targets/letters_upper/W_dejavuserif-bold.png,0.4774,0.4589,0.0102,0.4415,10,1,3,0.2,123.7,letters_upper/W_dejavuserif-bold/W_dejavuserif-bold_best.png,"[0.355537, -1.604637, -0.057209, 0.700573, -2.39805, 1.668682, 1.802036, -1.31422, 0.105426, 0.884909, -1.395025, 1.38181, 0.936526, 0.095472, -0.948589, -0.99583, 1.387135, 1.549656]",20.37,-91.94,-3.28,40.14,-137.4,95.61,103.25,-75.3,6.04,50.7,-79.93,79.17,53.66,5.47,-54.35,-57.06,79.48,88.79
letters_upper/N_dejavuserif-bold,letters_upper,targets/letters_upper/N_dejavuserif-bold.png,0.4721,0.4352,0.0218,0.3971,10,3,3,0.2,123.4,letters_upper/N_dejavuserif-bold/N_dejavuserif-bold_best.png,"[-0.197276, -1.440889, -0.061392, 0.841212, -2.089647, -0.065578, 0.81055, -1.74533, -0.569308, 0.963705, 2.796268, 1.476261, 0.080615, 0.151157, -1.679994, 0.040628, -0.67641, 0.098972]",-11.3,-82.56,-3.52,48.2,-119.73,-3.76,46.44,-100.0,-32.62,55.22,160.21,84.58,4.62,8.66,-96.26,2.33,-38.76,5.67
animals/fly_mpeg7-01,animals,targets/animals/fly_mpeg7-01.png,0.4716,0.4357,0.0157,0.416,10,7,3,0.2,124.6,animals/fly_mpeg7-01/fly_mpeg7-01_best.png,"[1.049176, -0.758649, -1.388267, -1.571169, 2.60697, -0.174533, -1.336808, -1.097489, -0.066459, -0.969404, 0.005532, 1.618671, -1.894639, -1.675272, -0.071982, 1.467679, -1.277956, 0.537062]",60.11,-43.47,-79.54,-90.02,149.37,-10.0,-76.59,-62.88,-3.81,-55.54,0.32,92.74,-108.55,-95.99,-4.12,84.09,-73.22,30.77
animals/horse_mpeg7-04,animals,targets/animals/horse_mpeg7-04.png,0.4629,0.4435,0.0169,0.3977,10,6,3,0.2,122.7,animals/horse_mpeg7-04/horse_mpeg7-04_best.png,"[-0.886739, -1.124503, -0.662812, 1.605143, -0.502324, 0.436384, -0.403321, -1.018329, -1.000451, -1.521014, -1.932824, 1.495961, 0.826863, -1.530524, 0.212526, 0.72213, 0.447896, -0.05569]",-50.81,-64.43,-37.98,91.97,-28.78,25.0,-23.11,-58.35,-57.32,-87.15,-110.74,85.71,47.38,-87.69,12.18,41.38,25.66,-3.19
abstract/bone_mpeg7-01,abstract,targets/abstract/bone_mpeg7-01.png,0.4621,0.4338,0.0255,0.3947,10,7,3,0.2,122.2,abstract/bone_mpeg7-01/bone_mpeg7-01_best.png,"[-0.427433, -0.440672, -1.658352, -0.276786, -2.239961, 0.728333, 1.179261, -0.440083, 0.564, 1.117138, 0.090087, 1.026875, 1.219961, -0.494647, 1.333991, 0.457512, 0.174026, 1.408233]",-24.49,-25.25,-95.02,-15.86,-128.34,41.73,67.57,-25.21,32.31,64.01,5.16,58.84,69.9,-28.34,76.43,26.21,9.97,80.69
abstract/bone_mpeg7-03,abstract,targets/abstract/bone_mpeg7-03.png,0.4606,0.4285,0.023,0.3978,10,8,3,0.2,122.0,abstract/bone_mpeg7-03/bone_mpeg7-03_best.png,"[0.042574, -0.431821, -1.69, 0.131559, -1.649402, 0.731478, -0.40683, 0.390619, -0.821167, 1.237572, -0.413222, 0.343978, -0.024473, -0.41292, -1.661783, -0.134438, 0.882283, 0.914255]",2.44,-24.74,-96.83,7.54,-94.5,41.91,-23.31,22.38,-47.05,70.91,-23.68,19.71,-1.4,-23.66,-95.21,-7.7,50.55,52.38
objects/pencil_mpeg7-01,objects,targets/objects/pencil_mpeg7-01.png,0.4598,0.38,0.0415,0.3193,10,3,3,0.2,85.8,objects/pencil_mpeg7-01/pencil_mpeg7-01_best.png,"[0.050233, -1.480774, 0.14513, 1.22615, -1.331853, 0.521913, -0.206685, -1.295192, -0.256345, 1.506011, 1.893808, 1.224355, -0.012449, -1.658624, 0.258593, -1.412666, 2.190715, 0.168533]",2.88,-84.84,8.32,70.25,-76.31,29.9,-11.84,-74.21,-14.69,86.29,108.51,70.15,-0.71,-95.03,14.82,-80.94,125.52,9.66
vehicles/carriage_mpeg7-04,vehicles,targets/vehicles/carriage_mpeg7-04.png,0.4598,0.404,0.0313,0.346,10,7,3,0.2,87.5,vehicles/carriage_mpeg7-04/carriage_mpeg7-04_best.png,"[0.914337, -0.595684, -1.5806, -1.373242, 2.71079, 0.080919, -0.498685, -0.681767, -1.539203, -1.497075, -1.347602, 0.380022, -1.23211, -0.751375, 0.080791, 0.476505, -1.514459, 0.708002]",52.39,-34.13,-90.56,-78.68,155.32,4.64,-28.57,-39.06,-88.19,-85.78,-77.21,21.77,-70.59,-43.05,4.63,27.3,-86.77,40.57
objects/watch_mpeg7-03,objects,targets/objects/watch_mpeg7-03.png,0.4593,0.4191,0.0259,0.3728,10,2,3,0.2,86.1,objects/watch_mpeg7-03/watch_mpeg7-03_best.png,"[-1.342044, -0.88507, -1.204275, -1.300675, 1.423659, 0.221672, 0.82106, -0.907411, 0.055969, 0.982973, -1.321014, 0.331844, 0.695719, -1.128887, -0.629572, -1.600774, -1.937886, 0.557763]",-76.89,-50.71,-69.0,-74.52,81.57,12.7,47.04,-51.99,3.21,56.32,-75.69,19.01,39.86,-64.68,-36.07,-91.72,-111.03,31.96
animals/beetle_mpeg7-01,animals,targets/animals/beetle_mpeg7-01.png,0.4577,0.4391,0.0098,0.428,10,4,3,0.2,121.9,animals/beetle_mpeg7-01/beetle_mpeg7-01_best.png,"[1.91986, -0.250577, -0.534939, 1.050345, 1.991894, 0.241147, 1.481222, 0.63984, -1.582375, 1.080305, 1.505434, 0.170238, -1.895691, -1.319189, -1.69, 0.315544, -0.908418, 1.739636]",110.0,-14.36,-30.65,60.18,114.13,13.82,84.87,36.66,-90.66,61.9,86.26,9.75,-108.62,-75.58,-96.83,18.08,-52.05,99.67
objects/watch_mpeg7-05,objects,targets/objects/watch_mpeg7-05.png,0.4541,0.4171,0.0215,0.3796,10,7,3,0.2,87.8,objects/watch_mpeg7-05/watch_mpeg7-05_best.png,"[-0.64512, -1.165979, -0.52634, -1.65806, -1.154, 1.544827, -0.138545, -1.192863, -0.149685, 1.479089, -0.746681, 0.024848, 0.216606, -1.492595, 0.262789, 1.005915, -0.65342, 1.716751]",-36.96,-66.81,-30.16,-95.0,-66.12,88.51,-7.94,-68.35,-8.58,84.75,-42.78,1.42,12.41,-85.52,15.06,57.63,-37.44,98.36
letters_upper/M_dejavuserif-bold,letters_upper,targets/letters_upper/M_dejavuserif-bold.png,0.4519,0.4315,0.0174,0.4026,10,5,3,0.2,123.3,letters_upper/M_dejavuserif-bold/M_dejavuserif-bold_best.png,"[0.881749, -0.907138, -0.371667, 1.033267, 1.170977, 0.732559, 0.709737, -1.297951, -1.217976, 1.276095, -1.127271, 0.346239, 0.398855, -0.583934, -1.577008, -0.345511, -2.112036, 1.580839]",50.52,-51.98,-21.29,59.2,67.09,41.97,40.66,-74.37,-69.78,73.11,-64.59,19.84,22.85,-33.46,-90.36,-19.8,-121.01,90.58
animals/horse_mpeg7-03,animals,targets/animals/horse_mpeg7-03.png,0.4513,0.4103,0.0211,0.3701,10,6,3,0.2,122.0,animals/horse_mpeg7-03/horse_mpeg7-03_best.png,"[0.055946, -1.504264, -0.15228, 1.61746, -2.172309, 0.178037, -0.060941, -0.456544, -1.689864, -0.822823, -1.960274, 1.60734, -0.057146, -0.600495, -1.516009, -1.65806, -1.438252, -0.133011]",3.21,-86.19,-8.73,92.67,-124.46,10.2,-3.49,-26.16,-96.82,-47.14,-112.32,92.09,-3.27,-34.41,-86.86,-95.0,-82.41,-7.62
objects/horseshoe_mpeg7-05,objects,targets/objects/horseshoe_mpeg7-05.png,0.4492,0.4266,0.0142,0.3963,10,6,3,0.2,86.1,objects/horseshoe_mpeg7-05/horseshoe_mpeg7-05_best.png,"[0.838174, -1.441883, -0.968589, 1.094532, -0.41124, -0.10189, 0.809704, 0.44654, -1.675516, -1.36444, 2.81315, 0.384679, -0.160713, 0.035465, -1.69, -1.15233, -1.058224, 1.140269]",48.02,-82.61,-55.5,62.71,-23.56,-5.84,46.39,25.58,-96.0,-78.18,161.18,22.04,-9.21,2.03,-96.83,-66.02,-60.63,65.33
animals/deer_mpeg7-04,animals,targets/animals/deer_mpeg7-04.png,0.4481,0.4171,0.0197,0.3792,10,8,3,0.2,120.9,animals/deer_mpeg7-04/deer_mpeg7-04_best.png,"[1.356614, -0.638285, -1.572698, -1.294312, -1.659725, 0.715901, 1.894444, -0.35946, -1.327249, -1.607768, -1.93725, 0.441996, -0.403396, -0.628177, -1.613412, -0.976083, 2.796728, 1.448516]",77.73,-36.57,-90.11,-74.16,-95.1,41.02,108.54,-20.6,-76.05,-92.12,-111.0,25.32,-23.11,-35.99,-92.44,-55.93,160.24,82.99
objects/pocket_mpeg7-05,objects,targets/objects/pocket_mpeg7-05.png,0.4353,0.4167,0.0163,0.377,10,3,3,0.2,85.7,objects/pocket_mpeg7-05/pocket_mpeg7-05_best.png,"[1.220372, -1.513798, 0.25676, -0.858676, 1.733195, -0.098903, -0.573015, -1.708453, -0.467938, 1.0843, 1.94905, 0.513622, 1.24717, 0.778934, -1.432543, 1.072821, -0.074247, 1.690741]",69.92,-86.73,14.71,-49.2,99.3,-5.67,-32.83,-97.89,-26.81,62.13,111.67,29.43,71.46,44.63,-82.08,61.47,-4.25,96.87
animals/bat_mpeg7-02,animals,targets/animals/bat_mpeg7-02.png,0.4272,0.3943,0.0232,0.3344,10,5,3,0.2,121.4,animals/bat_mpeg7-02/bat_mpeg7-02_best.png,"[1.154336, -0.829902, -0.197815, 1.039067, 1.022857, 0.894467, 1.06164, -0.741338, -1.69, -0.798791, 1.271013, -0.148754, 1.173824, -0.553867, -0.050746, 0.196703, -2.44215, 0.550869]",66.14,-47.55,-11.33,59.53,58.61,51.25,60.83,-42.48,-96.83,-45.77,72.82,-8.52,67.26,-31.73,-2.91,11.27,-139.92,31.56
abstract/spring_mpeg7-01,abstract,targets/abstract/spring_mpeg7-01.png,0.4193,0.3828,0.0216,0.3488,10,9,3,0.2,121.7,abstract/spring_mpeg7-01/spring_mpeg7-01_best.png,"[-0.887839, -0.799631, -1.521385, -0.013008, -2.135699, 0.288707, 1.876055, -0.896259, -1.514049, -1.397586, -0.010351, 1.70307, 0.119789, -0.914103, -1.644499, 0.310172, -0.192099, 1.698168]",-50.87,-45.82,-87.17,-0.75,-122.37,16.54,107.49,-51.35,-86.75,-80.08,-0.59,97.58,6.86,-52.37,-94.22,17.77,-11.01,97.3
abstract/spring_mpeg7-05,abstract,targets/abstract/spring_mpeg7-05.png,0.4193,0.3828,0.0216,0.3488,10,9,3,0.2,119.7,abstract/spring_mpeg7-05/spring_mpeg7-05_best.png,"[-0.887839, -0.799631, -1.521385, -0.013008, -2.135699, 0.288707, 1.876055, -0.896259, -1.514049, -1.397586, -0.010351, 1.70307, 0.119789, -0.914103, -1.644499, 0.310172, -0.192099, 1.698168]",-50.87,-45.82,-87.17,-0.75,-122.37,16.54,107.49,-51.35,-86.75,-80.08,-0.59,97.58,6.86,-52.37,-94.22,17.77,-11.01,97.3
objects/watch_mpeg7-01,objects,targets/objects/watch_mpeg7-01.png,0.4165,0.379,0.0272,0.3317,10,4,3,0.2,87.0,objects/watch_mpeg7-01/watch_mpeg7-01_best.png,"[-0.010157, -1.391869, 0.031849, 1.362965, 2.048675, 1.465127, -0.100504, -1.146448, -0.391977, -1.65806, 1.120959, 0.592678, -0.02243, -1.623284, 0.265235, -1.322576, -1.681787, 0.946691]",-0.58,-79.75,1.82,78.09,117.38,83.95,-5.76,-65.69,-22.46,-95.0,64.23,33.96,-1.29,-93.01,15.2,-75.78,-96.36,54.24
objects/fork_mpeg7-01,objects,targets/objects/fork_mpeg7-01.png,0.4134,0.3888,0.0211,0.3614,10,0,3,0.2,85.7,objects/fork_mpeg7-01/fork_mpeg7-01_best.png,"[-1.244042, -0.874795, -1.203763, -0.022137, 2.362656, 1.687213, -1.353259, -1.139313, -0.875254, 0.795348, -1.315407, 0.153334, -1.366789, -1.528236, 0.225906, -1.287222, 0.33002, 1.091389]",-71.28,-50.12,-68.97,-1.27,135.37,96.67,-77.54,-65.28,-50.15,45.57,-75.37,8.79,-78.31,-87.56,12.94,-73.75,18.91,62.53
animals/lmfish_mpeg7-05,animals,targets/animals/lmfish_mpeg7-05.png,0.4093,0.3764,0.0221,0.3441,10,0,3,0.2,123.0,animals/lmfish_mpeg7-05/lmfish_mpeg7-05_best.png,"[-0.926859, -0.605033, -1.69, -1.083195, 1.982798, 1.4202, -1.353168, -0.989626, -0.073721, 1.630003, -1.126784, 0.919605, -1.591165, -1.44626, -1.368211, 0.966517, 2.322941, 0.972825]",-53.11,-34.67,-96.83,-62.06,113.61,81.37,-77.53,-56.7,-4.22,93.39,-64.56,52.69,-91.17,-82.86,-78.39,55.38,133.09,55.74
abstract/stef_mpeg7-04,abstract,targets/abstract/stef_mpeg7-04.png,0.4087,0.3684,0.0189,0.3408,10,1,3,0.2,120.5,abstract/stef_mpeg7-04/stef_mpeg7-04_best.png,"[-0.047911, -0.799792, -0.429652, 0.300416, 0.109898, 1.103871, -0.838325, -1.190919, -1.312944, -0.887634, -1.302706, 1.162091, 0.687226, -0.966795, -0.441927, 0.891189, 2.050761, 0.104965]",-2.75,-45.82,-24.62,17.21,6.3,63.25,-48.03,-68.23,-75.23,-50.86,-74.64,66.58,39.38,-55.39,-25.32,51.06,117.5,6.01
objects/pencil_mpeg7-03,objects,targets/objects/pencil_mpeg7-03.png,0.4077,0.369,0.0252,0.3189,10,8,3,0.2,85.6,objects/pencil_mpeg7-03/pencil_mpeg7-03_best.png,"[1.307175, -0.693138, -1.69, -0.882649, -1.492992, 0.283485, -1.298144, -0.459191, -0.156158, 0.792144, -1.776843, 0.007642, 0.811414, -0.761923, -1.403458, -1.188664, 1.212411, 1.287472]",74.9,-39.71,-96.83,-50.57,-85.54,16.24,-74.38,-26.31,-8.95,45.39,-101.81,0.44,46.49,-43.65,-80.41,-68.11,69.47,73.77
animals/lmfish_mpeg7-04,animals,targets/animals/lmfish_mpeg7-04.png,0.4017,0.3747,0.0244,0.3331,10,9,3,0.2,120.7,animals/lmfish_mpeg7-04/lmfish_mpeg7-04_best.png,"[-1.387152, -1.239694, 0.173289, 1.185645, -1.658046, 0.7525, -0.705414, -0.530301, -1.592975, -1.296217, 0.289706, -0.144249, -0.321475, -0.61771, -1.547835, -0.942113, 1.281918, 0.68172]",-79.48,-71.03,9.93,67.93,-95.0,43.12,-40.42,-30.38,-91.27,-74.27,16.6,-8.26,-18.42,-35.39,-88.68,-53.98,73.45,39.06
objects/watch_mpeg7-04,objects,targets/objects/watch_mpeg7-04.png,0.4004,0.3692,0.0264,0.3297,10,3,3,0.2,86.3,objects/watch_mpeg7-04/watch_mpeg7-04_best.png,"[-0.119229, -1.268545, -0.295851, 1.640976, -1.155001, 0.026643, -0.663637, -1.446532, -0.391965, 1.65806, -0.377282, 0.23086, -0.316064, -1.537443, -0.050627, -1.381381, 1.430414, 1.62496]",-6.83,-72.68,-16.95,94.02,-66.18,1.53,-38.02,-82.88,-22.46,95.0,-21.62,13.23,-18.11,-88.09,-2.9,-79.15,81.96,93.1
objects/spoon_mpeg7-03,objects,targets/objects/spoon_mpeg7-03.png,0.3978,0.3625,0.0223,0.3299,10,0,3,0.2,86.2,objects/spoon_mpeg7-03/spoon_mpeg7-03_best.png,"[0.858972, -1.74533, -0.230403, 1.65806, 0.522355, -0.108669, 0.298176, -1.075837, -0.010297, 0.217916, 0.883155, 0.145279, -0.85244, -1.684851, -1.69, 0.651666, -1.581539, 0.365257]",49.22,-100.0,-13.2,95.0,29.93,-6.23,17.08,-61.64,-0.59,12.49,50.6,8.32,-48.84,-96.53,-96.83,37.34,-90.62,20.93
objects/fork_mpeg7-03,objects,targets/objects/fork_mpeg7-03.png,0.3944,0.3515,0.0169,0.3327,10,4,3,0.2,87.0,objects/fork_mpeg7-03/fork_mpeg7-03_best.png,"[1.774857, -1.74326, -1.662054, -0.112429, 2.50061, 0.686331, 1.308352, -0.643888, -1.688437, 1.418726, 1.322407, 0.188525, -0.838203, -0.510047, -1.592284, -0.029687, 2.805199, 1.638057]",101.69,-99.88,-95.23,-6.44,143.27,39.32,74.96,-36.89,-96.74,81.29,75.77,10.8,-48.03,-29.22,-91.23,-1.7,160.73,93.85
objects/hammer_mpeg7-05,objects,targets/objects/hammer_mpeg7-05.png,0.386,0.34,0.0338,0.2808,10,5,3,0.2,85.4,objects/hammer_mpeg7-05/hammer_mpeg7-05_best.png,"[-0.669254, -1.132147, -1.412261, 0.566392, -0.48263, 0.231266, -0.105426, -1.301456, -0.352181, 1.617757, -1.926523, 0.195539, -0.216238, -1.473043, -0.922339, 1.203408, -2.353122, 0.652912]",-38.35,-64.87,-80.92,32.45,-27.65,13.25,-6.04,-74.57,-20.18,92.69,-110.38,11.2,-12.39,-84.4,-52.85,68.95,-134.82,37.41
objects/fork_mpeg7-02,objects,targets/objects/fork_mpeg7-02.png,0.3856,0.3702,0.0085,0.3547,10,8,3,0.2,86.1,objects/fork_mpeg7-02/fork_mpeg7-02_best.png,"[1.683411, 0.123341, -0.855154, -0.840768, -1.861148, 1.561483, -1.01011, -0.604792, -1.213212, -0.555894, -0.029143, -0.116667, -1.441004, -0.520528, -1.641003, 0.651362, -0.351554, 0.42833]",96.45,7.07,-49.0,-48.17,-106.64,89.47,-57.88,-34.65,-69.51,-31.85,-1.67,-6.68,-82.56,-29.82,-94.02,37.32,-20.14,24.54
objects/pencil_mpeg7-05,objects,targets/objects/pencil_mpeg7-05.png,0.3849,0.3668,0.0149,0.3413,10,4,3,0.2,87.6,objects/pencil_mpeg7-05/pencil_mpeg7-05_best.png,"[0.201957, -1.294571, -0.075385, 1.437141, 2.134253, 1.388645, -0.334752, -1.418192, -0.021526, -1.578566, 1.435704, 0.557674, 0.13496, -1.152006, 0.050138, 1.23604, -1.100399, 0.992213]",11.57,-74.17,-4.32,82.34,122.28,79.56,-19.18,-81.26,-1.23,-90.45,82.26,31.95,7.73,-66.01,2.87,70.82,-63.05,56.85
animals/sea-snake_mpeg7-01,animals,targets/animals/sea-snake_mpeg7-01.png,0.3847,0.3625,0.0182,0.3259,10,7,3,0.2,122.1,animals/sea-snake_mpeg7-01/sea-snake_mpeg7-01_best.png,"[-0.047555, -0.30275, -1.60124, -0.923328, -1.826255, 0.415219, 0.739807, -0.713597, 1.157354, -1.616232, 2.13912, -0.143753, -1.36472, -0.269502, -0.292103, 0.397707, -2.443884, 0.947681]",-2.72,-17.35,-91.74,-52.9,-104.64,23.79,42.39,-40.89,66.31,-92.6,122.56,-8.24,-78.19,-15.44,-16.74,22.79,-140.02,54.3
objects/spoon_mpeg7-01,objects,targets/objects/spoon_mpeg7-01.png,0.384,0.3416,0.027,0.2874,10,3,3,0.2,85.8,objects/spoon_mpeg7-01/spoon_mpeg7-01_best.png,"[-0.774544, -1.74533, -0.775813, 1.65806, -0.990939, 0.969621, 0.020531, -1.71953, -0.19114, 1.314904, 1.142399, 0.207146, -0.04242, -0.525937, -1.164937, 1.148763, 1.440232, 0.061644]",-44.38,-100.0,-44.45,95.0,-56.78,55.56,1.18,-98.52,-10.95,75.34,65.45,11.87,-2.43,-30.13,-66.75,65.82,82.52,3.53
abstract/stef_mpeg7-03,abstract,targets/abstract/stef_mpeg7-03.png,0.3753,0.3561,0.0176,0.3249,10,0,3,0.2,94.5,abstract/stef_mpeg7-03/stef_mpeg7-03_best.png,"[-1.561142, 0.172695, -0.845709, 0.369808, 2.498475, 1.642188, 1.211368, 0.597258, -1.169025, 1.657987, 0.201557, 0.126935, -0.695992, -1.095766, -1.69, -0.651575, -1.646256, 0.551908]",-89.45,9.89,-48.46,21.19,143.15,94.09,69.41,34.22,-66.98,95.0,11.55,7.27,-39.88,-62.78,-96.83,-37.33,-94.32,31.62
abstract/device6_mpeg7-02,abstract,targets/abstract/device6_mpeg7-02.png,0.3697,0.3528,0.0127,0.3217,10,6,3,0.2,122.4,abstract/device6_mpeg7-02/device6_mpeg7-02_best.png,"[-1.140163, -1.228166, -0.232273, -0.063724, -2.637868, 1.649904, -0.965594, 0.455056, -1.655898, -1.601007, -2.48549, 0.1448, -0.375689, -1.650244, -0.839529, 0.998993, -2.004083, 1.686992]",-65.33,-70.37,-13.31,-3.65,-151.14,94.53,-55.32,26.07,-94.88,-91.73,-142.41,8.3,-21.53,-94.55,-48.1,57.24,-114.83,96.66
objects/pencil_mpeg7-04,objects,targets/objects/pencil_mpeg7-04.png,0.3477,0.3076,0.028,0.2465,10,5,3,0.2,86.7,objects/pencil_mpeg7-04/pencil_mpeg7-04_best.png,"[-0.048997, -1.482381, 0.162003, 1.126814, 0.467026, 0.649242, -0.144221, -1.245655, -0.16792, 1.451578, -1.830975, 0.293727, -0.057596, -1.351535, -0.102569, -1.65806, -1.182345, 0.070215]",-2.81,-84.93,9.28,64.56,26.76,37.2,-8.26,-71.37,-9.62,83.17,-104.91,16.83,-3.3,-77.44,-5.88,-95.0,-67.74,4.02
objects/watch_mpeg7-02,objects,targets/objects/watch_mpeg7-02.png,0.3362,0.3113,0.0232,0.2585,10,4,3,0.2,86.5,objects/watch_mpeg7-02/watch_mpeg7-02_best.png,"[-1.452131, -1.426248, 0.008451, -1.582072, -2.072899, -0.118998, -0.743087, -1.037869, -0.88519, -1.594002, 1.681061, 1.503726, -0.108716, -1.076964, -0.045461, 1.27706, -1.289787, 0.818075]",-83.2,-81.72,0.48,-90.65,-118.77,-6.82,-42.58,-59.47,-50.72,-91.33,96.32,86.16,-6.23,-61.71,-2.6,73.17,-73.9,46.87
objects/fork_mpeg7-04,objects,targets/objects/fork_mpeg7-04.png,0.3308,0.3135,0.0155,0.2845,10,5,3,0.2,86.4,objects/fork_mpeg7-04/fork_mpeg7-04_best.png,"[1.650671, -1.32982, 0.41386, 0.711545, -1.647755, 1.670807, 0.981528, -0.134482, -0.826975, 1.631855, -1.108302, 0.231824, -0.136023, -1.69786, 0.197022, -1.617788, -1.040027, 0.124002]",94.58,-76.19,23.71,40.77,-94.41,95.73,56.24,-7.71,-47.38,93.5,-63.5,13.28,-7.79,-97.28,11.29,-92.69,-59.59,7.1
abstract/spring_mpeg7-02,abstract,targets/abstract/spring_mpeg7-02.png,0.3173,0.29,0.0159,0.2652,10,5,3,0.2,121.5,abstract/spring_mpeg7-02/spring_mpeg7-02_best.png,"[0.90834, -0.685445, 0.079997, 1.657717, -1.420623, 1.537022, -0.298482, -0.907151, -1.641234, 1.142035, -2.066862, 0.169525, -0.357594, -1.01809, -1.680519, 0.549842, -1.949893, 0.159112]",52.04,-39.27,4.58,94.98,-81.4,88.06,-17.1,-51.98,-94.04,65.43,-118.42,9.71,-20.49,-58.33,-96.29,31.5,-111.72,9.12
objects/hammer_mpeg7-01,objects,targets/objects/hammer_mpeg7-01.png,0.3143,0.2683,0.0282,0.2122,10,4,3,0.2,84.5,objects/hammer_mpeg7-01/hammer_mpeg7-01_best.png,"[0.115052, -1.425232, 0.357544, 0.762053, 0.628136, 0.417262, -0.671756, -1.593524, -0.04169, -1.616984, 1.373972, 1.097969, -0.071199, -1.559724, 0.339005, 0.997424, 1.62534, 1.072884]",6.59,-81.66,20.49,43.66,35.99,23.91,-38.49,-91.3,-2.39,-92.65,78.72,62.91,-4.08,-89.37,19.42,57.15,93.13,61.47
objects/guitar_mpeg7-03,objects,targets/objects/guitar_mpeg7-03.png,0.3005,0.2719,0.0172,0.2508,10,9,3,0.2,85.1,objects/guitar_mpeg7-03/guitar_mpeg7-03_best.png,"[1.747309, -1.662445, -1.557274, 0.041471, -1.854391, 1.304403, -0.286042, -1.131126, -0.039167, -0.013798, -1.061564, -0.103232, -1.195196, -1.654115, -0.823226, 0.580801, 1.111052, 0.138773]",100.11,-95.25,-89.23,2.38,-106.25,74.74,-16.39,-64.81,-2.24,-0.79,-60.82,-5.91,-68.48,-94.77,-47.17,33.28,63.66,7.95
objects/hammer_mpeg7-02,objects,targets/objects/hammer_mpeg7-02.png,0.2911,0.2545,0.0266,0.211,10,3,3,0.2,85.4,objects/hammer_mpeg7-02/hammer_mpeg7-02_best.png,"[0.042956, -1.472501, 0.099104, -1.650093, -2.269645, 1.07494, -0.890167, 1.659897, -1.659207, -0.850464, 1.979029, 0.566608, 0.153416, -1.292311, -0.134192, 1.48846, 1.293411, 0.02714]",2.46,-84.37,5.68,-94.54,-130.04,61.59,-51.0,95.11,-95.07,-48.73,113.39,32.46,8.79,-74.04,-7.69,85.28,74.11,1.56
abstract/spring_mpeg7-03,abstract,targets/abstract/spring_mpeg7-03.png,0.2848,0.2482,0.0362,0.1975,10,1,3,0.2,122.2,abstract/spring_mpeg7-03/spring_mpeg7-03_best.png,"[-0.008264, -0.461851, -1.42817, -1.539154, 0.60161, -0.030713, -0.302896, 0.081771, -0.507375, -0.190262, -2.645035, 1.212983, 0.877981, 0.094681, -0.614326, 1.155445, 2.055474, 0.534633]",-0.47,-26.46,-81.83,-88.19,34.47,-1.76,-17.35,4.69,-29.07,-10.9,-151.55,69.5,50.3,5.42,-35.2,66.2,117.77,30.63
animals/dog_mpeg7-03,animals,targets/animals/dog_mpeg7-03.png,0.2806,0.2689,0.0062,0.2594,10,0,3,0.2,122.7,animals/dog_mpeg7-03/dog_mpeg7-03_best.png,"[0.036438, -1.63255, -0.025142, 1.287345, -0.546198, 0.309079, -0.195772, -1.74533, -0.274336, 0.790564, -1.124531, 1.365587, -1.164868, 0.406463, -1.69, 0.696141, 1.919324, 1.223202]",2.09,-93.54,-1.44,73.76,-31.29,17.71,-11.22,-100.0,-15.72,45.3,-64.43,78.24,-66.74,23.29,-96.83,39.89,109.97,70.08
objects/hammer_mpeg7-03,objects,targets/objects/hammer_mpeg7-03.png,0.2756,0.2458,0.0216,0.2152,10,6,3,0.2,85.1,objects/hammer_mpeg7-03/hammer_mpeg7-03_best.png,"[-0.02386, -1.19366, -0.0468, 1.384417, -2.268551, 0.403984, 0.104667, -1.443811, 0.346964, -1.546251, -0.50259, 0.819907, 0.075586, -0.93964, -0.160655, 1.657119, -0.739675, 0.468779]",-1.37,-68.39,-2.68,79.32,-129.98,23.15,6.0,-82.72,19.88,-88.59,-28.8,46.98,4.33,-53.84,-9.2,94.95,-42.38,26.86
objects/pencil_mpeg7-02,objects,targets/objects/pencil_mpeg7-02.png,0.2732,0.2414,0.0219,0.1919,10,6,3,0.2,84.8,objects/pencil_mpeg7-02/pencil_mpeg7-02_best.png,"[0.037117, -1.399065, -0.097738, 1.526377, -1.984356, 0.047844, -0.4213, -1.294122, -0.476315, -1.241167, -1.585474, 1.567558, -1.143805, 1.695247, -1.636709, -0.161333, 2.630632, 1.62229]",2.13,-80.16,-5.6,87.45,-113.7,2.74,-24.14,-74.15,-27.29,-71.11,-90.84,89.81,-65.54,97.13,-93.78,-9.24,150.72,92.95
objects/fork_mpeg7-05,objects,targets/objects/fork_mpeg7-05.png,0.2713,0.2513,0.0091,0.2368,10,5,3,0.2,85.6,objects/fork_mpeg7-05/fork_mpeg7-05_best.png,"[1.71898, 0.256038, -1.483974, -1.42673, 1.746742, 0.027942, -0.845901, -0.567492, -1.380803, -0.317975, -2.575036, 1.74533, 1.91986, -0.321254, -0.919098, 0.367405, 1.941207, 0.097151]",98.49,14.67,-85.03,-81.75,100.08,1.6,-48.47,-32.51,-79.11,-18.22,-147.54,100.0,110.0,-18.41,-52.66,21.05,111.22,5.57
